ISO-10303-21;
HEADER;
FILE_DESCRIPTION (( 'STEP AP203' ),
    '1' );
FILE_NAME ('Panel.STEP',
    '2026-01-08T17:51:37',
    ( '' ),
    ( '' ),
    'SwSTEP 2.0',
    'SolidWorks 2025',
    '' );
FILE_SCHEMA (( 'CONFIG_CONTROL_DESIGN' ));
ENDSEC;

DATA;
#1 = CARTESIAN_POINT ( 'NONE',  ( 55.64772075699200116, 1.051700811000000124, 12.13747185964599851 ) ) ;
#2 = DIRECTION ( 'NONE',  ( -1.000000000000000000, 0.000000000000000000, 0.000000000000000000 ) ) ;
#3 = ORIENTED_EDGE ( 'NONE', *, *, #2406, .F. ) ;
#4 = AXIS2_PLACEMENT_3D ( 'NONE', #1523, #3397, #269 ) ;
#5 = ORIENTED_EDGE ( 'NONE', *, *, #4302, .F. ) ;
#6 = ADVANCED_FACE ( 'NONE', ( #1585 ), #2075, .T. ) ;
#7 = PRODUCT_DEFINITION_FORMATION_WITH_SPECIFIED_SOURCE ( 'ANY', '', #731, .NOT_KNOWN. ) ;
#8 = CARTESIAN_POINT ( 'NONE',  ( 56.16989077012694764, -0.9057913926397949123, 12.14619904407593509 ) ) ;
#9 = EDGE_CURVE ( 'NONE', #1051, #2454, #4908, .T. ) ;
#10 = LINE ( 'NONE', #865, #3636 ) ;
#11 = DIRECTION ( 'NONE',  ( -1.000000000000000000, 0.000000000000000000, 0.000000000000000000 ) ) ;
#12 = VERTEX_POINT ( 'NONE', #3031 ) ;
#13 = CARTESIAN_POINT ( 'NONE',  ( 52.54892256734404299, 11.01470708081300387, 1.000000000000000000 ) ) ;
#14 = ORIENTED_EDGE ( 'NONE', *, *, #3798, .F. ) ;
#15 = LINE ( 'NONE', #1903, #3314 ) ;
#16 = CARTESIAN_POINT ( 'NONE',  ( 56.08000133801100162, -0.3745696551789999829, 12.20000000000000107 ) ) ;
#17 = DIRECTION ( 'NONE',  ( 0.000000000000000000, -1.000000000000000000, 0.000000000000000000 ) ) ;
#18 = ORIENTED_EDGE ( 'NONE', *, *, #4753, .F. ) ;
#19 = VERTEX_POINT ( 'NONE', #1594 ) ;
#20 = EDGE_CURVE ( 'NONE', #5831, #1525, #2398, .T. ) ;
#21 = ADVANCED_FACE ( 'NONE', ( #5375 ), #1507, .T. ) ;
#22 = CARTESIAN_POINT ( 'NONE',  ( 56.10844552630700122, -0.8986599595789999118, 12.15692708838600034 ) ) ;
#23 = FACE_OUTER_BOUND ( 'NONE', #3166, .T. ) ;
#24 = DIRECTION ( 'NONE',  ( 0.000000000000000000, 0.000000000000000000, -1.000000000000000000 ) ) ;
#25 = CARTESIAN_POINT ( 'NONE',  ( 56.23492070665783871, -0.9604370027366245788, 12.20201336776982615 ) ) ;
#26 = VERTEX_POINT ( 'NONE', #657 ) ;
#27 = VERTEX_POINT ( 'NONE', #3380 ) ;
#28 = CARTESIAN_POINT ( 'NONE',  ( 56.65202486653899427, 4.008163275343000542, 12.20000000000000107 ) ) ;
#29 = FACE_OUTER_BOUND ( 'NONE', #1398, .T. ) ;
#30 = CARTESIAN_POINT ( 'NONE',  ( 57.17000000000000171, 1.539999999999999813, 8.200000000000001066 ) ) ;
#31 = CARTESIAN_POINT ( 'NONE',  ( 56.21999999999999886, 5.940000000000000391, 12.20000000000000107 ) ) ;
#32 = VECTOR ( 'NONE', #2234, 1000.000000000000000 ) ;
#33 = CYLINDRICAL_SURFACE ( 'NONE', #4173, 0.04999999999999996114 ) ;
#34 = VECTOR ( 'NONE', #1605, 1000.000000000000000 ) ;
#35 = EDGE_CURVE ( 'NONE', #886, #3301, #5314, .T. ) ;
#36 = ORIENTED_EDGE ( 'NONE', *, *, #249, .T. ) ;
#37 = EDGE_LOOP ( 'NONE', ( #603, #1963, #5918, #4158 ) ) ;
#38 = CIRCLE ( 'NONE', #5438, 0.04999999999999969746 ) ;
#39 = DIRECTION ( 'NONE',  ( 0.5144957554276738954, -0.8574929257124557225, 0.000000000000000000 ) ) ;
#40 = CARTESIAN_POINT ( 'NONE',  ( 56.10128579758900003, 5.622299755511000363, 12.13747185964599851 ) ) ;
#41 = CARTESIAN_POINT ( 'NONE',  ( 55.75940000179400613, 4.346364595230999939, 12.13747185964599851 ) ) ;
#42 = ORIENTED_EDGE ( 'NONE', *, *, #5519, .T. ) ;
#43 = DIRECTION ( 'NONE',  ( 0.000000000000000000, 0.000000000000000000, 1.000000000000000000 ) ) ;
#44 = EDGE_CURVE ( 'NONE', #1864, #802, #530, .T. ) ;
#45 = VERTEX_POINT ( 'NONE', #142 ) ;
#46 = LINE ( 'NONE', #1470, #4306 ) ;
#47 = CARTESIAN_POINT ( 'NONE',  ( 56.21999999999999886, -6.910000000000000142, 10.69999999999999929 ) ) ;
#48 = CARTESIAN_POINT ( 'NONE',  ( -32.92999999999999972, 4.639999999999999680, 0.9000000000000000222 ) ) ;
#49 = ORIENTED_EDGE ( 'NONE', *, *, #131, .T. ) ;
#50 = CIRCLE ( 'NONE', #3490, 0.04999999999999969746 ) ;
#51 = ORIENTED_EDGE ( 'NONE', *, *, #6082, .T. ) ;
#52 = CARTESIAN_POINT ( 'NONE',  ( 56.07000000000000028, 11.03999999999999915, 0.000000000000000000 ) ) ;
#53 = VECTOR ( 'NONE', #1129, 1000.000000000000000 ) ;
#54 = CARTESIAN_POINT ( 'NONE',  ( 55.71966024229400460, 0.9718516525779999915, 12.20000000000000107 ) ) ;
#55 = AXIS2_PLACEMENT_3D ( 'NONE', #5282, #5742, #1063 ) ;
#56 = CARTESIAN_POINT ( 'NONE',  ( 55.88975882290900188, 0.9933486456980000767, 11.54368646173200119 ) ) ;
#57 = CARTESIAN_POINT ( 'NONE',  ( -53.91333333332999445, 4.989999999999999325, 1.000000000000000000 ) ) ;
#58 = EDGE_LOOP ( 'NONE', ( #4331, #2030, #3371, #4426 ) ) ;
#59 = EDGE_CURVE ( 'NONE', #362, #5380, #720, .T. ) ;
#60 = ORIENTED_EDGE ( 'NONE', *, *, #5371, .T. ) ;
#61 = EDGE_CURVE ( 'NONE', #4623, #4803, #1037, .T. ) ;
#62 = VECTOR ( 'NONE', #5534, 1000.000000000000000 ) ;
#63 = DIRECTION ( 'NONE',  ( 0.000000000000000000, 0.000000000000000000, -1.000000000000000000 ) ) ;
#64 = CARTESIAN_POINT ( 'NONE',  ( 51.53464466128700394, -6.924644660593999745, 0.9499999999999999556 ) ) ;
#65 = PLANE ( 'NONE',  #671 ) ;
#66 = DIRECTION ( 'NONE',  ( 0.000000000000000000, -1.000000000000000000, 0.000000000000000000 ) ) ;
#67 = FACE_OUTER_BOUND ( 'NONE', #1318, .T. ) ;
#68 = AXIS2_PLACEMENT_3D ( 'NONE', #1663, #757, #3918 ) ;
#69 = VERTEX_POINT ( 'NONE', #2967 ) ;
#70 = PLANE ( 'NONE',  #6090 ) ;
#71 = TOROIDAL_SURFACE ( 'NONE', #844, 1.675000000000000044, 0.05000000000000000278 ) ;
#72 = EDGE_CURVE ( 'NONE', #1894, #661, #2108, .T. ) ;
#73 = DIRECTION ( 'NONE',  ( 0.000000000000000000, 0.1736481776670334987, 0.9848077530121900347 ) ) ;
#74 = CARTESIAN_POINT ( 'NONE',  ( 55.68510195824099895, 4.069080521789999239, 12.13747185964599851 ) ) ;
#75 = EDGE_CURVE ( 'NONE', #200, #1402, #2938, .T. ) ;
#76 = AXIS2_PLACEMENT_3D ( 'NONE', #1596, #5345, #205 ) ;
#77 = CARTESIAN_POINT ( 'NONE',  ( 50.07000000000000028, 8.040000000000000924, 0.9499999999999999556 ) ) ;
#78 = VERTEX_POINT ( 'NONE', #4859 ) ;
#79 = DIRECTION ( 'NONE',  ( 0.000000000000000000, 0.000000000000000000, -1.000000000000000000 ) ) ;
#80 = ORIENTED_EDGE ( 'NONE', *, *, #1152, .T. ) ;
#81 = CARTESIAN_POINT ( 'NONE',  ( 56.15403092165504972, 5.881675378745003790, 12.19999999999999751 ) ) ;
#82 = CARTESIAN_POINT ( 'NONE',  ( 56.16547278697900225, -0.6935534452480000001, 12.20000000000499973 ) ) ;
#83 = CARTESIAN_POINT ( 'NONE',  ( -59.22999999999999687, 5.040000000000000036, 0.9499999999999999556 ) ) ;
#84 = ORIENTED_EDGE ( 'NONE', *, *, #1669, .T. ) ;
#85 = ORIENTED_EDGE ( 'NONE', *, *, #2583, .F. ) ;
#86 = DIRECTION ( 'NONE',  ( 0.000000000000000000, -1.000000000000000000, 0.000000000000000000 ) ) ;
#87 = CARTESIAN_POINT ( 'NONE',  ( 1.520000000000000018, 0.04000000000000000083, 0.9499999999999999556 ) ) ;
#88 = EDGE_CURVE ( 'NONE', #1885, #4876, #2447, .T. ) ;
#89 = LINE ( 'NONE', #2814, #227 ) ;
#90 = DIRECTION ( 'NONE',  ( 1.000000000000000000, 0.000000000000000000, 0.000000000000000000 ) ) ;
#91 = ORIENTED_EDGE ( 'NONE', *, *, #3696, .T. ) ;
#92 = EDGE_LOOP ( 'NONE', ( #3744, #4404, #3730, #3263 ) ) ;
#93 = AXIS2_PLACEMENT_3D ( 'NONE', #2017, #2924, #1958 ) ;
#94 = DIRECTION ( 'NONE',  ( 0.000000000000000000, -0.1736481776670334987, -0.9848077530121900347 ) ) ;
#95 = CARTESIAN_POINT ( 'NONE',  ( 56.20833586527700021, 5.950462298779999770, 12.20009541678200016 ) ) ;
#96 = CARTESIAN_POINT ( 'NONE',  ( 56.18299878849052931, -0.8939886574264721553, 12.18650208502746857 ) ) ;
#97 = AXIS2_PLACEMENT_3D ( 'NONE', #2010, #4282, #3826 ) ;
#98 = DIRECTION ( 'NONE',  ( 0.000000000000000000, 1.000000000000000000, 0.000000000000000000 ) ) ;
#99 = CARTESIAN_POINT ( 'NONE',  ( 48.57000000000000028, -8.469999970576999715, 0.000000000000000000 ) ) ;
#100 = EDGE_LOOP ( 'NONE', ( #2174, #6019, #42, #1867 ) ) ;
#101 = CIRCLE ( 'NONE', #5795, 0.04999999999999999584 ) ;
#102 = CARTESIAN_POINT ( 'NONE',  ( 48.57000000000000028, -8.759493741312001092, -1.165923710546999947 ) ) ;
#103 = CARTESIAN_POINT ( 'NONE',  ( 56.21999999999999886, 7.929999999999999716, 7.750000000000000000 ) ) ;
#105 = CARTESIAN_POINT ( 'NONE',  ( -1.354516715513000014, -0.09124738451920999527, 0.000000000000000000 ) ) ;
#104 = VECTOR ( 'NONE', #1335, 1000.000000000000000 ) ;
#106 = ORIENTED_EDGE ( 'NONE', *, *, #5667, .F. ) ;
#107 = CARTESIAN_POINT ( 'NONE',  ( 56.25809110086299825, 5.940014927922000254, 12.20000000000000107 ) ) ;
#108 = ORIENTED_EDGE ( 'NONE', *, *, #2574, .T. ) ;
#109 = APPROVAL_PERSON_ORGANIZATION ( #3250, #5738, #1477 ) ;
#110 = CARTESIAN_POINT ( 'NONE',  ( 56.11385287436300473, 5.482178099127001047, 12.20000000000699991 ) ) ;
#111 = CARTESIAN_POINT ( 'NONE',  ( 56.11988801414499761, -0.5234287572149999290, 12.19999999999099849 ) ) ;
#112 = CARTESIAN_POINT ( 'NONE',  ( 52.59341874729899757, 10.99000000000000021, 1.000000000000000000 ) ) ;
#113 = ORIENTED_EDGE ( 'NONE', *, *, #3429, .T. ) ;
#114 = ORIENTED_EDGE ( 'NONE', *, *, #4706, .F. ) ;
#115 = CARTESIAN_POINT ( 'NONE',  ( 20.57000000000000028, -2.259999999999999787, 0.9499999999999999556 ) ) ;
#116 = CARTESIAN_POINT ( 'NONE',  ( 56.18575195466516448, -0.9633616581553302582, 12.20314621691342793 ) ) ;
#117 = VERTEX_POINT ( 'NONE', #203 ) ;
#118 = ORIENTED_EDGE ( 'NONE', *, *, #921, .T. ) ;
#119 = EDGE_CURVE ( 'NONE', #6005, #2468, #5541, .T. ) ;
#120 = DIRECTION ( 'NONE',  ( -1.000000000000000000, 0.000000000000000000, 0.000000000000000000 ) ) ;
#121 = CARTESIAN_POINT ( 'NONE',  ( 56.18936184114999577, 5.934365894582000145, 12.19671079762800048 ) ) ;
#122 = FACE_OUTER_BOUND ( 'NONE', #4590, .T. ) ;
#123 = DIRECTION ( 'NONE',  ( 0.000000000000000000, 0.000000000000000000, 1.000000000000000000 ) ) ;
#124 = CARTESIAN_POINT ( 'NONE',  ( 56.16966841716769210, 5.877485655282840504, 12.13747310525134004 ) ) ;
#125 = B_SPLINE_CURVE_WITH_KNOTS ( 'NONE', 3,
 ( #1319, #2686, #414, #4583 ),
 .UNSPECIFIED., .F., .F.,
 ( 4, 4 ),
 ( 0.06504685032198964656, 1.997434383056455598 ),
 .UNSPECIFIED. ) ;
#126 = VERTEX_POINT ( 'NONE', #3121 ) ;
#127 = AXIS2_PLACEMENT_3D ( 'NONE', #3187, #5440, #326 ) ;
#128 = CARTESIAN_POINT ( 'NONE',  ( 56.21999999999999886, 1.039999999999999813, 10.20000000000000107 ) ) ;
#129 = CYLINDRICAL_SURFACE ( 'NONE', #4774, 0.7500008362599994705 ) ;
#130 = ORIENTED_EDGE ( 'NONE', *, *, #3638, .F. ) ;
#131 = EDGE_CURVE ( 'NONE', #4935, #1940, #4485, .T. ) ;
#132 = AXIS2_PLACEMENT_3D ( 'NONE', #2163, #770, #4010 ) ;
#133 = ADVANCED_FACE ( 'NONE', ( #715 ), #4517, .F. ) ;
#134 = ORIENTED_EDGE ( 'NONE', *, *, #5802, .F. ) ;
#135 = CARTESIAN_POINT ( 'NONE',  ( 56.20986017615100394, -1.005984154148999998, 12.22767842843600050 ) ) ;
#136 = CARTESIAN_POINT ( 'NONE',  ( 55.68892768443300412, 3.896335701008000196, 12.20000000000000107 ) ) ;
#137 = CARTESIAN_POINT ( 'NONE',  ( 56.13157557852102286, -0.8165981068050000014, 12.20000000000000107 ) ) ;
#138 = DIRECTION ( 'NONE',  ( 1.000000000000000000, 0.000000000000000000, 0.000000000000000000 ) ) ;
#139 = EDGE_LOOP ( 'NONE', ( #2413, #1331, #1504, #274 ) ) ;
#140 = ORIENTED_EDGE ( 'NONE', *, *, #5349, .T. ) ;
#141 = EDGE_CURVE ( 'NONE', #3240, #5831, #2716, .T. ) ;
#142 = CARTESIAN_POINT ( 'NONE',  ( -60.87999999999999545, 3.340000000000000302, 1.000000000000000000 ) ) ;
#143 = CARTESIAN_POINT ( 'NONE',  ( -19.92999999999999972, -2.259999999999999787, 0.000000000000000000 ) ) ;
#144 = CARTESIAN_POINT ( 'NONE',  ( -43.38000000000000256, -8.469999970576999715, 1.000000000000000000 ) ) ;
#145 = VERTEX_POINT ( 'NONE', #747 ) ;
#146 = VECTOR ( 'NONE', #1856, 1000.000000000000000 ) ;
#147 = ORIENTED_EDGE ( 'NONE', *, *, #1729, .T. ) ;
#148 = B_SPLINE_CURVE_WITH_KNOTS ( 'NONE', 7,
 ( #3257, #1046, #517, #1951, #5175, #920, #4685, #4812, #2300, #1392, #2855, #1853, #5725, #3825, #4716, #2392, #2336, #1983, #952, #5693 ),
 .UNSPECIFIED., .F., .F.,
 ( 8, 6, 6, 8 ),
 ( 0.000000000000000000, 0.3412201465060000216, 0.8651678075539999124, 1.000000000000000000 ),
 .UNSPECIFIED. ) ;
#149 = AXIS2_PLACEMENT_3D ( 'NONE', #502, #1440, #1030 ) ;
#150 = VECTOR ( 'NONE', #3870, 1000.000000000000000 ) ;
#151 = CARTESIAN_POINT ( 'NONE',  ( 57.17000000000000171, 1.539999999999999813, 8.200000000000001066 ) ) ;
#152 = CARTESIAN_POINT ( 'NONE',  ( 56.17020829696100037, 5.845132052139000223, 12.19177587698499821 ) ) ;
#153 = CARTESIAN_POINT ( 'NONE',  ( 57.17000000000000171, 5.940000000000000391, 3.700000000000000178 ) ) ;
#154 = CARTESIAN_POINT ( 'NONE',  ( -49.92999999999999972, 8.040000000000000924, 0.9499999999999999556 ) ) ;
#155 = FACE_OUTER_BOUND ( 'NONE', #3238, .T. ) ;
#156 = EDGE_LOOP ( 'NONE', ( #91, #4355, #1243, #216 ) ) ;
#157 = AXIS2_PLACEMENT_3D ( 'NONE', #4532, #2666, #3631 ) ;
#158 = CARTESIAN_POINT ( 'NONE',  ( -29.80500000000000327, 0.03999999999999980654, 0.9499999999999999556 ) ) ;
#159 = CARTESIAN_POINT ( 'NONE',  ( 55.97592767245600243, 5.154456863409000000, 12.13747185964399833 ) ) ;
#160 = CARTESIAN_POINT ( 'NONE',  ( 20.57000000000000028, -2.259999999999999787, 0.000000000000000000 ) ) ;
#161 = EDGE_CURVE ( 'NONE', #12, #1659, #2984, .T. ) ;
#162 = VERTEX_POINT ( 'NONE', #3181 ) ;
#163 = AXIS2_PLACEMENT_3D ( 'NONE', #4273, #1414, #6085 ) ;
#164 = VERTEX_POINT ( 'NONE', #2654 ) ;
#165 = AXIS2_PLACEMENT_3D ( 'NONE', #5046, #4680, #1785 ) ;
#166 = CARTESIAN_POINT ( 'NONE',  ( 56.26350166033500244, -0.9620198429780000282, 12.20677742982500114 ) ) ;
#167 = CARTESIAN_POINT ( 'NONE',  ( 56.16513574372299900, 5.673568373168999202, 12.20000000000499973 ) ) ;
#168 = CARTESIAN_POINT ( 'NONE',  ( 56.05180222617402563, -0.5188799027399997321, 12.19999999999999751 ) ) ;
#169 = CARTESIAN_POINT ( 'NONE',  ( 11.52000000000000135, 0.04000000000000000083, 0.9499999999999999556 ) ) ;
#170 = ORIENTED_EDGE ( 'NONE', *, *, #5063, .T. ) ;
#171 = VECTOR ( 'NONE', #1253, 1000.000000000000000 ) ;
#172 = ORIENTED_EDGE ( 'NONE', *, *, #2707, .T. ) ;
#173 = CARTESIAN_POINT ( 'NONE',  ( 57.17000000000000171, 11.03999999999999915, 12.20000000000000107 ) ) ;
#174 = CARTESIAN_POINT ( 'NONE',  ( 56.05603806807600620, -0.4721601395519999800, 12.13747185964700037 ) ) ;
#175 = ORIENTED_EDGE ( 'NONE', *, *, #1290, .T. ) ;
#176 = ORIENTED_EDGE ( 'NONE', *, *, #807, .T. ) ;
#177 =( BOUNDED_CURVE ( )  B_SPLINE_CURVE ( 3, ( #128, #3831, #2045, #3922 ),
 .UNSPECIFIED., .F., .F. ) 
 B_SPLINE_CURVE_WITH_KNOTS ( ( 4, 4 ),
 ( 3.141592653589793116, 4.712388980384689674 ),
 .UNSPECIFIED. ) 
 CURVE ( )  GEOMETRIC_REPRESENTATION_ITEM ( )  RATIONAL_B_SPLINE_CURVE ( ( 1.000000000000000000, 0.8047378541243649375, 0.8047378541243649375, 1.000000000000000000 ) ) 
 REPRESENTATION_ITEM ( '' )  );
#178 = EDGE_CURVE ( 'NONE', #1020, #221, #4609, .T. ) ;
#179 = FACE_OUTER_BOUND ( 'NONE', #2436, .T. ) ;
#180 = LINE ( 'NONE', #5808, #2315 ) ;
#181 = CARTESIAN_POINT ( 'NONE',  ( 56.16445345766800301, 5.917881635995999368, 12.20052350519499917 ) ) ;
#182 = DIRECTION ( 'NONE',  ( 0.000000000000000000, -1.000000000000000000, 0.000000000000000000 ) ) ;
#183 = DIRECTION ( 'NONE',  ( 0.000000000000000000, 1.000000000000000000, 0.000000000000000000 ) ) ;
#184 = LINE ( 'NONE', #4903, #3112 ) ;
#185 = CARTESIAN_POINT ( 'NONE',  ( 19.76999999999999957, 3.140000000000000124, 0.000000000000000000 ) ) ;
#186 = ORIENTED_EDGE ( 'NONE', *, *, #1065, .F. ) ;
#187 = AXIS2_PLACEMENT_3D ( 'NONE', #5732, #39, #3800 ) ;
#188 = DIRECTION ( 'NONE',  ( 1.000000000000000000, 0.000000000000000000, 0.000000000000000000 ) ) ;
#189 = CARTESIAN_POINT ( 'NONE',  ( 56.18792813025400079, 5.758630717177999792, 12.20000000003600071 ) ) ;
#190 = ORIENTED_EDGE ( 'NONE', *, *, #141, .T. ) ;
#191 = AXIS2_PLACEMENT_3D ( 'NONE', #2553, #5366, #4449 ) ;
#192 = EDGE_CURVE ( 'NONE', #5269, #5153, #1365, .T. ) ;
#193 = VERTEX_POINT ( 'NONE', #778 ) ;
#194 = EDGE_CURVE ( 'NONE', #3746, #4226, #1218, .T. ) ;
#195 = AXIS2_PLACEMENT_3D ( 'NONE', #2957, #4849, #3951 ) ;
#196 = CARTESIAN_POINT ( 'NONE',  ( 56.20510385238600293, -0.9169027552330000219, 12.18562115709699967 ) ) ;
#197 = CARTESIAN_POINT ( 'NONE',  ( 56.07966429475499837, 5.354584583101000383, 12.20000000000000107 ) ) ;
#198 = CARTESIAN_POINT ( 'NONE',  ( 55.71271731301800401, 0.9961529868990000036, 12.20000000000000107 ) ) ;
#199 = PLANE ( 'NONE',  #3496 ) ;
#200 = VERTEX_POINT ( 'NONE', #1655 ) ;
#201 = CIRCLE ( 'NONE', #2945, 0.7500008362599994705 ) ;
#202 = ORIENTED_EDGE ( 'NONE', *, *, #5028, .T. ) ;
#203 = CARTESIAN_POINT ( 'NONE',  ( 57.17000000000000171, 10.99000000000000021, 7.700000000000000178 ) ) ;
#204 = LINE ( 'NONE', #2998, #3294 ) ;
#205 = DIRECTION ( 'NONE',  ( -1.000000000000000000, 2.710505431213777355E-16, 0.000000000000000000 ) ) ;
#206 = ORIENTED_EDGE ( 'NONE', *, *, #1744, .F. ) ;
#207 = ORIENTED_EDGE ( 'NONE', *, *, #4783, .F. ) ;
#208 = ADVANCED_FACE ( 'NONE', ( #5980 ), #1747, .T. ) ;
#209 = EDGE_CURVE ( 'NONE', #4088, #3746, #3645, .T. ) ;
#210 = DIRECTION ( 'NONE',  ( 0.000000000000000000, -1.000000000000000000, 0.000000000000000000 ) ) ;
#211 = CARTESIAN_POINT ( 'NONE',  ( 56.22374727319800058, 5.889101285847999634, 12.20657410655899966 ) ) ;
#212 = CARTESIAN_POINT ( 'NONE',  ( 56.16999999999999460, 10.99000000000000021, 7.750000000000000000 ) ) ;
#213 = CARTESIAN_POINT ( 'NONE',  ( 48.52000000000000313, -9.735619085440999854, -0.9430351452290000047 ) ) ;
#214 = DIRECTION ( 'NONE',  ( 1.000000000000000000, 0.000000000000000000, 0.000000000000000000 ) ) ;
#215 = DIRECTION ( 'NONE',  ( 0.000000000000000000, 0.000000000000000000, 1.000000000000000000 ) ) ;
#216 = ORIENTED_EDGE ( 'NONE', *, *, #6071, .F. ) ;
#217 = CARTESIAN_POINT ( 'NONE',  ( 20.57000000000000028, -2.259999999999999787, 0.9499999999999999556 ) ) ;
#218 = EDGE_CURVE ( 'NONE', #1333, #4312, #1255, .T. ) ;
#219 = CARTESIAN_POINT ( 'NONE',  ( 56.06319153444799497, 3.964705327524999934, 10.87320795331799950 ) ) ;
#220 = ORIENTED_EDGE ( 'NONE', *, *, #3715, .F. ) ;
#221 = VERTEX_POINT ( 'NONE', #2680 ) ;
#222 = CARTESIAN_POINT ( 'NONE',  ( 56.19240711850199688, -0.9118269063089999849, 12.11385645855700055 ) ) ;
#223 = DIRECTION ( 'NONE',  ( 0.000000000000000000, -1.000000000000000000, 4.251773225433350654E-16 ) ) ;
#224 = CARTESIAN_POINT ( 'NONE',  ( 56.15826676351699831, 5.834955615560001085, 12.13747185963799957 ) ) ;
#225 = CARTESIAN_POINT ( 'NONE',  ( 55.85207747414700208, 0.4760537850069999632, 12.20000000000000107 ) ) ;
#226 = FACE_OUTER_BOUND ( 'NONE', #2445, .T. ) ;
#227 = VECTOR ( 'NONE', #1977, 1000.000000000000000 ) ;
#228 = EDGE_CURVE ( 'NONE', #809, #1020, #4575, .T. ) ;
#229 = EDGE_LOOP ( 'NONE', ( #4418, #4850, #2739 ) ) ;
#230 = DIRECTION ( 'NONE',  ( 0.000000000000000000, 0.7071067811865474617, 0.7071067811865474617 ) ) ;
#231 = DIRECTION ( 'NONE',  ( 0.000000000000000000, 1.000000000000000000, 0.000000000000000000 ) ) ;
#232 = CARTESIAN_POINT ( 'NONE',  ( 55.83424929584291618, 0.3555668269499160372, 12.13747185964599851 ) ) ;
#233 = VERTEX_POINT ( 'NONE', #1776 ) ;
#234 = ORIENTED_EDGE ( 'NONE', *, *, #4504, .T. ) ;
#235 = LINE ( 'NONE', #3006, #5273 ) ;
#236 = LINE ( 'NONE', #2118, #1907 ) ;
#237 = FACE_OUTER_BOUND ( 'NONE', #2860, .T. ) ;
#238 = PLANE ( 'NONE',  #1859 ) ;
#239 = DIRECTION ( 'NONE',  ( -0.000000000000000000, 1.000000000000000000, 0.000000000000000000 ) ) ;
#240 = DIRECTION ( 'NONE',  ( 0.5999999999999999778, -0.8000000000000000444, 0.000000000000000000 ) ) ;
#241 = EDGE_CURVE ( 'NONE', #1161, #233, #5126, .T. ) ;
#242 = ORIENTED_EDGE ( 'NONE', *, *, #5710, .F. ) ;
#243 = AXIS2_PLACEMENT_3D ( 'NONE', #5646, #1408, #5223 ) ;
#244 = CARTESIAN_POINT ( 'NONE',  ( 48.57000000000000028, -8.459999970576999928, 0.9499999999999999556 ) ) ;
#245 = CARTESIAN_POINT ( 'NONE',  ( 55.68714051884899874, 4.012230510072999579, 12.32417463232000010 ) ) ;
#246 = CIRCLE ( 'NONE', #5556, 0.04999999999999969746 ) ;
#247 = ORIENTED_EDGE ( 'NONE', *, *, #4890, .T. ) ;
#248 = ORIENTED_EDGE ( 'NONE', *, *, #1449, .F. ) ;
#249 = EDGE_CURVE ( 'NONE', #3126, #1207, #2489, .T. ) ;
#250 = AXIS2_PLACEMENT_3D ( 'NONE', #5155, #3768, #5707 ) ;
#251 = ADVANCED_FACE ( 'NONE', ( #3708 ), #750, .T. ) ;
#252 = CARTESIAN_POINT ( 'NONE',  ( -60.87999999999999545, -3.259999999999999787, 0.9499999999999999556 ) ) ;
#253 = FACE_OUTER_BOUND ( 'NONE', #3513, .T. ) ;
#254 = CARTESIAN_POINT ( 'NONE',  ( 55.63435752146103397, 3.942227845878001347, 12.19999999999999751 ) ) ;
#255 = CARTESIAN_POINT ( 'NONE',  ( 56.15436796491101035, -0.9016604508240005922, 12.19999999999999751 ) ) ;
#256 = CYLINDRICAL_SURFACE ( 'NONE', #6038, 1.499999999999999556 ) ;
#257 = AXIS2_PLACEMENT_3D ( 'NONE', #5777, #2059, #5434 ) ;
#258 = VERTEX_POINT ( 'NONE', #3342 ) ;
#259 = VECTOR ( 'NONE', #4554, 1000.000000000000000 ) ;
#260 = CARTESIAN_POINT ( 'NONE',  ( 55.70706296974899630, 0.9706859081030000391, 12.19890117059900092 ) ) ;
#261 = DIRECTION ( 'NONE',  ( 0.000000000000000000, 0.000000000000000000, 1.000000000000000000 ) ) ;
#262 = CIRCLE ( 'NONE', #4502, 0.05000000000000143219 ) ;
#263 = DIRECTION ( 'NONE',  ( 0.000000000000000000, -1.000000000000000000, -6.000000000000000121E-17 ) ) ;
#264 = ORIENTED_EDGE ( 'NONE', *, *, #2784, .F. ) ;
#265 = VERTEX_POINT ( 'NONE', #6008 ) ;
#266 = EDGE_CURVE ( 'NONE', #1690, #511, #46, .T. ) ;
#267 = PLANE ( 'NONE',  #2605 ) ;
#268 = FACE_OUTER_BOUND ( 'NONE', #1058, .T. ) ;
#269 = DIRECTION ( 'NONE',  ( 0.000000000000000000, 0.000000000000000000, -1.000000000000000000 ) ) ;
#270 = FACE_OUTER_BOUND ( 'NONE', #316, .T. ) ;
#271 = LINE ( 'NONE', #4292, #5284 ) ;
#272 = CARTESIAN_POINT ( 'NONE',  ( -49.92999999999666727, 8.039999999999999147, 0.9792893218813453204 ) ) ;
#273 = CARTESIAN_POINT ( 'NONE',  ( -50.92999999999999972, 5.040000000000000036, 1.000000000000000000 ) ) ;
#274 = ORIENTED_EDGE ( 'NONE', *, *, #4810, .F. ) ;
#275 = CARTESIAN_POINT ( 'NONE',  ( 20.57000000000000028, 2.339999999999999858, 1.000000000000000000 ) ) ;
#276 = CARTESIAN_POINT ( 'NONE',  ( 55.63357770112102685, 4.010494621005999072, 12.27117710425600272 ) ) ;
#277 = ORIENTED_EDGE ( 'NONE', *, *, #5715, .F. ) ;
#278 = CC_DESIGN_PERSON_AND_ORGANIZATION_ASSIGNMENT ( #4768, #4212, ( #731 ) ) ;
#279 = EDGE_CURVE ( 'NONE', #2468, #3873, #4732, .T. ) ;
#280 = EDGE_LOOP ( 'NONE', ( #896, #5586, #1728, #6037 ) ) ;
#281 = VECTOR ( 'NONE', #2127, 1000.000000000000000 ) ;
#282 = DIRECTION ( 'NONE',  ( -1.000000000000000000, 0.000000000000000000, 0.000000000000000000 ) ) ;
#283 = LINE ( 'NONE', #771, #3241 ) ;
#284 = CARTESIAN_POINT ( 'NONE',  ( 56.07425756930398819, 5.583957174680000080, 12.19999999999999751 ) ) ;
#285 = CARTESIAN_POINT ( 'NONE',  ( 55.64251209316000057, 1.008611668705000408, 12.19999999999999751 ) ) ;
#286 = AXIS2_PLACEMENT_3D ( 'NONE', #2668, #4562, #368 ) ;
#287 = FACE_OUTER_BOUND ( 'NONE', #4080, .T. ) ;
#288 = ORIENTED_EDGE ( 'NONE', *, *, #4631, .T. ) ;
#289 = VECTOR ( 'NONE', #3479, 1000.000000000000000 ) ;
#290 = DIRECTION ( 'NONE',  ( 0.000000000000000000, 0.000000000000000000, -1.000000000000000000 ) ) ;
#291 = DIRECTION ( 'NONE',  ( 0.000000000000000000, -1.000000000000000000, 4.358601698434187676E-16 ) ) ;
#292 = CARTESIAN_POINT ( 'NONE',  ( 56.21999999999999886, 3.439999999999999947, 8.149999999999998579 ) ) ;
#293 = CIRCLE ( 'NONE', #5117, 1.499999999999999556 ) ;
#294 = ORIENTED_EDGE ( 'NONE', *, *, #3059, .F. ) ;
#295 = DIRECTION ( 'NONE',  ( 1.000000000000000000, 0.000000000000000000, 0.000000000000000000 ) ) ;
#296 = DIRECTION ( 'NONE',  ( 1.000000000000000000, 0.000000000000000000, 0.000000000000000000 ) ) ;
#297 = CARTESIAN_POINT ( 'NONE',  ( 56.16999999999999460, 7.929999999999999716, 5.689999999999999503 ) ) ;
#298 = LINE ( 'NONE', #3565, #4885 ) ;
#299 = LINE ( 'NONE', #5560, #3378 ) ;
#300 = CARTESIAN_POINT ( 'NONE',  ( 19.76999999999999957, 3.140000000000000124, 0.000000000000000000 ) ) ;
#301 = CARTESIAN_POINT ( 'NONE',  ( -6.729999999999999538, -2.259999999999999787, 0.000000000000000000 ) ) ;
#302 = ORIENTED_EDGE ( 'NONE', *, *, #1305, .F. ) ;
#303 = ADVANCED_FACE ( 'NONE', ( #873 ), #470, .T. ) ;
#304 = DIRECTION ( 'NONE',  ( 0.000000000000000000, 0.000000000000000000, -1.000000000000000000 ) ) ;
#305 = CARTESIAN_POINT ( 'NONE',  ( 56.10849182097599908, -0.4808975852039999999, 12.19999999999600071 ) ) ;
#306 = CARTESIAN_POINT ( 'NONE',  ( -19.13000000000000256, 2.339999999999999858, 0.9499999999999999556 ) ) ;
#307 = FACE_OUTER_BOUND ( 'NONE', #3136, .T. ) ;
#308 = VERTEX_POINT ( 'NONE', #3740 ) ;
#309 = PLANE ( 'NONE',  #5147 ) ;
#310 = DIRECTION ( 'NONE',  ( -1.000000000000000000, 0.000000000000000000, 0.000000000000000000 ) ) ;
#311 = CARTESIAN_POINT ( 'NONE',  ( 56.08419150776200013, 5.558502997499999765, 12.13747185963799957 ) ) ;
#312 = CARTESIAN_POINT ( 'NONE',  ( 56.13011332393499941, -0.7486127576049999011, 12.13747185966899877 ) ) ;
#313 = EDGE_CURVE ( 'NONE', #2239, #3609, #5643, .T. ) ;
#314 = DIRECTION ( 'NONE',  ( 0.000000000000000000, -0.7071067811870476172, -0.7071067811860475283 ) ) ;
#315 = EDGE_CURVE ( 'NONE', #2304, #4975, #1001, .T. ) ;
#316 = EDGE_LOOP ( 'NONE', ( #4045, #3964, #2062, #3320 ) ) ;
#317 = AXIS2_PLACEMENT_3D ( 'NONE', #1701, #3107, #4063 ) ;
#318 = CARTESIAN_POINT ( 'NONE',  ( -28.17999999999999972, 0.04000000000000000083, 0.9499999999999999556 ) ) ;
#319 = CARTESIAN_POINT ( 'NONE',  ( 52.55820352897600856, 11.02584423477100373, 0.9910825836130001676 ) ) ;
#320 = DIRECTION ( 'NONE',  ( 0.000000000000000000, 0.000000000000000000, -1.000000000000000000 ) ) ;
#321 = ORIENTED_EDGE ( 'NONE', *, *, #3948, .T. ) ;
#322 = VECTOR ( 'NONE', #282, 1000.000000000000000 ) ;
#323 = EDGE_CURVE ( 'NONE', #5840, #2492, #5678, .T. ) ;
#324 = FACE_OUTER_BOUND ( 'NONE', #3896, .T. ) ;
#325 = EDGE_CURVE ( 'NONE', #2780, #959, #5581, .T. ) ;
#326 = DIRECTION ( 'NONE',  ( 0.000000000000000000, 1.000000000000000000, 0.000000000000000000 ) ) ;
#327 = DIRECTION ( 'NONE',  ( 0.000000000000000000, 0.000000000000000000, 1.000000000000000000 ) ) ;
#328 = DIRECTION ( 'NONE',  ( 0.000000000000000000, 0.000000000000000000, -1.000000000000000000 ) ) ;
#329 = CARTESIAN_POINT ( 'NONE',  ( 57.17000000000000171, 11.03999999999999915, 1.100000000000000089 ) ) ;
#330 = PLANE ( 'NONE',  #847 ) ;
#331 = VERTEX_POINT ( 'NONE', #3671 ) ;
#332 = AXIS2_PLACEMENT_3D ( 'NONE', #318, #290, #5891 ) ;
#333 = CARTESIAN_POINT ( 'NONE',  ( 56.07000000000000028, 11.03999999999999915, 0.9499999999999999556 ) ) ;
#334 = CARTESIAN_POINT ( 'NONE',  ( 55.98883179246699626, -0.03432027910433999712, 12.20000000000000107 ) ) ;
#335 = CARTESIAN_POINT ( 'NONE',  ( 56.07000000000000028, -6.959999999999999964, 0.9499999999999999556 ) ) ;
#336 = DIRECTION ( 'NONE',  ( 0.000000000000000000, -1.000000000000000000, 0.000000000000000000 ) ) ;
#337 = ORIENTED_EDGE ( 'NONE', *, *, #395, .F. ) ;
#338 = AXIS2_PLACEMENT_3D ( 'NONE', #105, #5242, #3427 ) ;
#339 = ORIENTED_EDGE ( 'NONE', *, *, #840, .T. ) ;
#340 = B_SPLINE_SURFACE_WITH_KNOTS ( 'NONE', 1, 1, ( 
 ( #1660, #5382 ),
 ( #2975, #2539 ) ),
 .UNSPECIFIED., .F., .F., .F.,
 ( 2, 2 ),
 ( 2, 2 ),
 ( 0.000000000000000000, 1.000000000000000000 ),
 ( 0.000000000000000000, 1.000000000000000000 ),
 .UNSPECIFIED. ) ;
#341 = CARTESIAN_POINT ( 'NONE',  ( -7.530000000000000249, -2.259999999999999787, 0.9499999999999999556 ) ) ;
#342 = EDGE_CURVE ( 'NONE', #1928, #2313, #2520, .T. ) ;
#344 = CIRCLE ( 'NONE', #2702, 0.7999999999999999334 ) ;
#343 = CARTESIAN_POINT ( 'NONE',  ( 48.57000000000000028, -8.459999970576999928, 0.000000000000000000 ) ) ;
#345 = CARTESIAN_POINT ( 'NONE',  ( 56.06709721803600388, 5.494706239481000232, 12.13747185965199904 ) ) ;
#346 = CARTESIAN_POINT ( 'NONE',  ( 52.54001191017200512, 11.00401429220699967, 0.9558263725510000031 ) ) ;
#347 = VECTOR ( 'NONE', #4715, 1000.000000000000114 ) ;
#348 = ORIENTED_EDGE ( 'NONE', *, *, #3982, .T. ) ;
#349 = CARTESIAN_POINT ( 'NONE',  ( 19.76999999999999957, -3.059999999999999609, 0.000000000000000000 ) ) ;
#350 = CARTESIAN_POINT ( 'NONE',  ( 52.59244901925300297, 11.01694490355300005, 0.9945315575719999579 ) ) ;
#351 = CIRCLE ( 'NONE', #3807, 1.700000000000000178 ) ;
#352 = CARTESIAN_POINT ( 'NONE',  ( 56.07000000000000028, 11.03999999999999915, 1.100000000000000089 ) ) ;
#353 = ORIENTED_EDGE ( 'NONE', *, *, #3123, .F. ) ;
#354 = CIRCLE ( 'NONE', #1052, 1.624999999999999778 ) ;
#355 = LINE ( 'NONE', #5524, #4074 ) ;
#356 = VECTOR ( 'NONE', #5435, 1000.000000000000000 ) ;
#357 = CARTESIAN_POINT ( 'NONE',  ( 56.07000000000000028, -6.910000000000000142, 1.100000000000000089 ) ) ;
#358 = CARTESIAN_POINT ( 'NONE',  ( 56.22823804985831941, 5.920024681183166493, 12.20000000000000462 ) ) ;
#359 = DIRECTION ( 'NONE',  ( 0.000000000000000000, 0.000000000000000000, -1.000000000000000000 ) ) ;
#360 = CARTESIAN_POINT ( 'NONE',  ( -43.38000000000000256, -9.553288498889999758, 0.09101299543362000033 ) ) ;
#361 = DIRECTION ( 'NONE',  ( 2.400000000000000048E-16, 1.000000000000000000, 0.000000000000000000 ) ) ;
#362 = VERTEX_POINT ( 'NONE', #3773 ) ;
#363 = VERTEX_POINT ( 'NONE', #5549 ) ;
#364 = ADVANCED_FACE ( 'NONE', ( #5615 ), #3305, .F. ) ;
#365 = VECTOR ( 'NONE', #2799, 1000.000000000000114 ) ;
#366 = CYLINDRICAL_SURFACE ( 'NONE', #1827, 0.04999999999999991257 ) ;
#367 = CARTESIAN_POINT ( 'NONE',  ( 55.76412712947325900, 0.8042889398823239722, 12.19999999999999929 ) ) ;
#368 = DIRECTION ( 'NONE',  ( -1.000000000000000000, 0.000000000000000000, 0.000000000000000000 ) ) ;
#369 = CARTESIAN_POINT ( 'NONE',  ( -44.93000083627999430, -8.458879989360001517, 0.9499999999999999556 ) ) ;
#370 = ORIENTED_EDGE ( 'NONE', *, *, #3979, .F. ) ;
#371 =( BOUNDED_SURFACE ( )  B_SPLINE_SURFACE ( 2, 11, ( 
 ( #2380, #5248, #4268, #533, #3373, #4703, #4670, #5158, #1002, #82, #471, #2904, #441, #1935, #5680, #2410, #111, #936, #2350, #4237, #1471, #16, #3343, #4300, #1967, #5712, #1502, #3461, #3025, #3404, #710, #5281, #1062, #5397, #5308, #225, #2136, #3930, #2106, #1188, #2931, #198, #4395, #3901, #1589, #4481, #4828, #595, #5769, #4364, #1532, #2581 ),
 ( #255, #3955, #5368, #2499, #137, #2027, #5741, #2471, #1562, #2080, #3433, #3056, #1158, #2053, #5822, #1093, #4941, #168, #4914, #2963, #4853, #1620, #622, #5798, #4883, #5337, #1121, #5854, #2990, #650, #2527, #4422, #2555, #683, #3492, #4451, #3987, #1650, #3524, #2274, #426, #3727, #773, #2620, #285, #488, #4013, #3086, #4657, #3554, #1424, #5602 ),
 ( #2302, #4971, #4541, #3290, #4512, #4188, #5885, #312, #4687, #2823, #4154, #893, #3230, #742, #4041, #1247, #6024, #5631, #1820, #2166, #1681, #5003, #3692, #5916, #3118, #4719, #2762, #6060, #3582, #5569, #5459, #2650, #1362, #1712, #5429, #5114, #1855, #5177, #1214, #1394, #2338, #3259, #1892, #2793, #5143, #923, #457, #4222, #1, #3759, #954, #4318 ) ),
 .UNSPECIFIED., .F., .F., .F. ) 
 B_SPLINE_SURFACE_WITH_KNOTS ( ( 3, 3 ),
 ( 12, 10, 10, 10, 10, 12 ),
 ( 0.000000000000000000, 1.937386409473000004 ),
 ( 0.06039754563803999970, 0.3025708468220000280, 0.5447441480060000174, 1.029090750373999885, 1.997783955111000154, 2.108534193546999891 ),
 .UNSPECIFIED. ) 
 GEOMETRIC_REPRESENTATION_ITEM ( )  RATIONAL_B_SPLINE_SURFACE ( (
 ( 1.000000000000000000, 1.000000000000000000, 1.000000000000000000, 1.000000000000000000, 1.000000000000000000, 1.000000000000000000, 1.000000000000000000, 1.000000000000000000, 1.000000000000000000, 1.000000000000000000, 1.000000000000000000, 1.000000000000000000, 1.000000000000000000, 1.000000000000000000, 1.000000000000000000, 1.000000000000000000, 1.000000000000000000, 1.000000000000000000, 1.000000000000000000, 1.000000000000000000, 1.000000000000000000, 1.000000000000000000, 1.000000000000000000, 1.000000000000000000, 1.000000000000000000, 1.000000000000000000, 1.000000000000000000, 1.000000000000000000, 1.000000000000000000, 1.000000000000000000, 1.000000000000000000, 1.000000000000000000, 1.000000000000000000, 1.000000000000000000, 1.000000000000000000, 1.000000000000000000, 1.000000000000000000, 1.000000000000000000, 1.000000000000000000, 1.000000000000000000, 1.000000000000000000, 1.000000000000000000, 1.000000000000000000, 1.000000000000000000, 1.000000000000000000, 1.000000000000000000, 1.000000000000000000, 1.000000000000000000, 1.000000000000000000, 1.000000000000000000, 1.000000000000000000, 1.000000000000000000),
 ( 0.6121426275450000398, 0.6121426275450000398, 0.6121426275439999509, 0.6121426275460000177, 0.6121426275429999730, 0.6121426275469999956, 0.6121426275429999730, 0.6121426275460000177, 0.6121426275439999509, 0.6121426275450000398, 0.6121426275450000398, 0.6121426275450000398, 0.6121426275439999509, 0.6121426275450000398, 0.6121426275439999509, 0.6121426275450000398, 0.6121426275439999509, 0.6121426275450000398, 0.6121426275439999509, 0.6121426275450000398, 0.6121426275450000398, 0.6121426275450000398, 0.6121426275450000398, 0.6121426275450000398, 0.6121426275450000398, 0.6121426275450000398, 0.6121426275450000398, 0.6121426275439999509, 0.6121426275450000398, 0.6121426275450000398, 0.6121426275450000398, 0.6121426275450000398, 0.6121426275450000398, 0.6121426275439999509, 0.6121426275450000398, 0.6121426275439999509, 0.6121426275450000398, 0.6121426275439999509, 0.6121426275450000398, 0.6121426275450000398, 0.6121426275450000398, 0.6121426275450000398, 0.6121426275450000398, 0.6121426275450000398, 0.6121426275450000398, 0.6121426275450000398, 0.6121426275450000398, 0.6121426275450000398, 0.6121426275450000398, 0.6121426275450000398, 0.6121426275450000398, 0.6121426275450000398),
 ( 1.000000000000000000, 1.000000000000000000, 1.000000000000000000, 1.000000000000000000, 1.000000000000000000, 1.000000000000000000, 1.000000000000000000, 1.000000000000000000, 1.000000000000000000, 1.000000000000000000, 1.000000000000000000, 1.000000000000000000, 1.000000000000000000, 1.000000000000000000, 1.000000000000000000, 1.000000000000000000, 1.000000000000000000, 1.000000000000000000, 1.000000000000000000, 1.000000000000000000, 1.000000000000000000, 1.000000000000000000, 1.000000000000000000, 1.000000000000000000, 1.000000000000000000, 1.000000000000000000, 1.000000000000000000, 1.000000000000000000, 1.000000000000000000, 1.000000000000000000, 1.000000000000000000, 1.000000000000000000, 1.000000000000000000, 1.000000000000000000, 1.000000000000000000, 1.000000000000000000, 1.000000000000000000, 1.000000000000000000, 1.000000000000000000, 1.000000000000000000, 1.000000000000000000, 1.000000000000000000, 1.000000000000000000, 1.000000000000000000, 1.000000000000000000, 1.000000000000000000, 1.000000000000000000, 1.000000000000000000, 1.000000000000000000, 1.000000000000000000, 1.000000000000000000, 1.000000000000000000) ) ) 
 REPRESENTATION_ITEM ( '' )  SURFACE ( )  );
#372 = DIRECTION ( 'NONE',  ( 1.000000000000000000, 0.000000000000000000, 0.000000000000000000 ) ) ;
#373 = LINE ( 'NONE', #3765, #985 ) ;
#374 = DIRECTION ( 'NONE',  ( 0.000000000000000000, 0.000000000000000000, -1.000000000000000000 ) ) ;
#375 = ORIENTED_EDGE ( 'NONE', *, *, #2948, .T. ) ;
#376 = CARTESIAN_POINT ( 'NONE',  ( -44.95071067811863230, -9.939289321881343398, 1.000000000000000000 ) ) ;
#377 = VECTOR ( 'NONE', #3732, 1000.000000000000000 ) ;
#378 = EDGE_CURVE ( 'NONE', #26, #1564, #1375, .T. ) ;
#379 = ORIENTED_EDGE ( 'NONE', *, *, #1111, .T. ) ;
#380 = CARTESIAN_POINT ( 'NONE',  ( 55.68466361119200059, 0.9123560664089999106, 12.13894417416500104 ) ) ;
#381 = CARTESIAN_POINT ( 'NONE',  ( 56.19181739128200803, 3.960825516732999763, 10.22081058881100013 ) ) ;
#382 = CARTESIAN_POINT ( 'NONE',  ( -6.680000000000000604, 2.339999999999999858, 1.000000000000000000 ) ) ;
#383 = ORIENTED_EDGE ( 'NONE', *, *, #3747, .F. ) ;
#384 = AXIS2_PLACEMENT_3D ( 'NONE', #4468, #240, #4004 ) ;
#385 = DIRECTION ( 'NONE',  ( 0.000000000000000000, -1.000000000000000000, -5.000000000000000389E-16 ) ) ;
#386 = CARTESIAN_POINT ( 'NONE',  ( 32.16999999999999460, -2.259999999999999787, 0.000000000000000000 ) ) ;
#387 = AXIS2_PLACEMENT_3D ( 'NONE', #5500, #5526, #327 ) ;
#388 = CARTESIAN_POINT ( 'NONE',  ( -49.92999999999999972, 7.990000000000000213, 1.000000000000000000 ) ) ;
#389 = CARTESIAN_POINT ( 'NONE',  ( 56.21999999999999886, 5.940000000000000391, 12.20000000000000107 ) ) ;
#390 = CARTESIAN_POINT ( 'NONE',  ( -59.22999999999999687, -4.959999999999999964, 0.000000000000000000 ) ) ;
#391 = CARTESIAN_POINT ( 'NONE',  ( 56.06441525917337287, 3.964550673665408809, 10.86848629660880228 ) ) ;
#392 = ORIENTED_EDGE ( 'NONE', *, *, #6065, .T. ) ;
#393 = ADVANCED_FACE ( 'NONE', ( #1342 ), #5157, .F. ) ;
#394 = ORIENTED_EDGE ( 'NONE', *, *, #1165, .T. ) ;
#395 = EDGE_CURVE ( 'NONE', #1402, #3301, #2837, .T. ) ;
#396 = CARTESIAN_POINT ( 'NONE',  ( 56.16966295674399845, 5.943856563584001051, 12.20384163566200009 ) ) ;
#397 = CARTESIAN_POINT ( 'NONE',  ( 57.17000000000000171, 11.03999999999999915, 12.20000000000000107 ) ) ;
#398 = DIRECTION ( 'NONE',  ( 0.000000000000000000, 0.000000000000000000, -1.000000000000000000 ) ) ;
#399 = FACE_OUTER_BOUND ( 'NONE', #4707, .T. ) ;
#400 = ORIENTED_EDGE ( 'NONE', *, *, #4316, .T. ) ;
#401 = VERTEX_POINT ( 'NONE', #2379 ) ;
#402 = EDGE_CURVE ( 'NONE', #5318, #1133, #15, .T. ) ;
#403 = CARTESIAN_POINT ( 'NONE',  ( 48.57000000000000028, -8.459999970576999928, 0.9499999999999999556 ) ) ;
#404 = CARTESIAN_POINT ( 'NONE',  ( -6.729999999999999538, -2.259999999999999787, 0.9499999999999999556 ) ) ;
#405 = CARTESIAN_POINT ( 'NONE',  ( 57.17000000000000171, 11.03999999999999915, 3.649999999999999911 ) ) ;
#406 = ORIENTED_EDGE ( 'NONE', *, *, #5677, .F. ) ;
#407 = ORIENTED_EDGE ( 'NONE', *, *, #3454, .F. ) ;
#408 = DIRECTION ( 'NONE',  ( 0.000000000000000000, 0.000000000000000000, 1.000000000000000000 ) ) ;
#409 = DIRECTION ( 'NONE',  ( 0.000000000000000000, 1.000000000000000000, 0.000000000000000000 ) ) ;
#410 = ADVANCED_FACE ( 'NONE', ( #4827 ), #2524, .T. ) ;
#411 = CARTESIAN_POINT ( 'NONE',  ( 56.22283491365099195, 1.035491528823999863, 10.20450847117600013 ) ) ;
#412 = VERTEX_POINT ( 'NONE', #831 ) ;
#413 = AXIS2_PLACEMENT_3D ( 'NONE', #3102, #758, #4114 ) ;
#414 = CARTESIAN_POINT ( 'NONE',  ( 55.84695933433157222, 0.9313472835998308774, 11.51425689358457660 ) ) ;
#415 = CARTESIAN_POINT ( 'NONE',  ( 56.21999999999999886, 10.99000000000000021, 3.649999999999999911 ) ) ;
#416 = CARTESIAN_POINT ( 'NONE',  ( 52.55500728575099600, 11.02200874290100074, 0.9500882610780000403 ) ) ;
#417 = EDGE_CURVE ( 'NONE', #4172, #2217, #5381, .T. ) ;
#418 = PLANE ( 'NONE',  #5144 ) ;
#419 = CARTESIAN_POINT ( 'NONE',  ( -49.92999999999999972, 8.040000000000000924, 0.000000000000000000 ) ) ;
#420 = VERTEX_POINT ( 'NONE', #3205 ) ;
#421 = ORIENTED_EDGE ( 'NONE', *, *, #3362, .F. ) ;
#422 = VECTOR ( 'NONE', #5031, 1000.000000000000000 ) ;
#423 = LINE ( 'NONE', #5995, #6043 ) ;
#424 = CARTESIAN_POINT ( 'NONE',  ( 55.97743559927199897, 0.008210892904862000449, 12.20000000000000107 ) ) ;
#425 = CARTESIAN_POINT ( 'NONE',  ( -19.98000000000000043, -2.259999999999999787, 1.000000000000000000 ) ) ;
#426 = CARTESIAN_POINT ( 'NONE',  ( 55.67572785080302111, 0.8846487735690009568, 12.19999999999999751 ) ) ;
#427 = DIRECTION ( 'NONE',  ( -1.000000000000000000, 0.000000000000000000, 0.000000000000000000 ) ) ;
#428 = EDGE_LOOP ( 'NONE', ( #2770, #49, #302, #5200 ) ) ;
#429 = ORIENTED_EDGE ( 'NONE', *, *, #4249, .T. ) ;
#430 = DIRECTION ( 'NONE',  ( 1.000000000000000000, 0.000000000000000000, 0.000000000000000000 ) ) ;
#431 = CARTESIAN_POINT ( 'NONE',  ( -7.530000000000000249, -2.259999999999999787, 0.9499999999999999556 ) ) ;
#432 = CARTESIAN_POINT ( 'NONE',  ( 20.57000000000000028, -3.059999999999999609, 0.9499999999999999556 ) ) ;
#433 = EDGE_CURVE ( 'NONE', #917, #1304, #3706, .T. ) ;
#434 = VERTEX_POINT ( 'NONE', #432 ) ;
#435 = LINE ( 'NONE', #3337, #5364 ) ;
#436 = VERTEX_POINT ( 'NONE', #4605 ) ;
#437 = EDGE_CURVE ( 'NONE', #3867, #200, #655, .T. ) ;
#438 = AXIS2_PLACEMENT_3D ( 'NONE', #2712, #5004, #4101 ) ;
#439 = B_SPLINE_CURVE_WITH_KNOTS ( 'NONE', 3,
 ( #1203, #3072, #4957, #107 ),
 .UNSPECIFIED., .F., .F.,
 ( 4, 4 ),
 ( 0.000000000000000000, 1.000000000000000000 ),
 .UNSPECIFIED. ) ;
#440 = CARTESIAN_POINT ( 'NONE',  ( -28.17999999999999972, 0.04000000000000000083, 0.000000000000000000 ) ) ;
#441 = CARTESIAN_POINT ( 'NONE',  ( 56.14268040056199993, -0.6084911012310000311, 12.19999999999800089 ) ) ;
#442 = CARTESIAN_POINT ( 'NONE',  ( -59.22999999999999687, -4.959999999999999964, 0.000000000000000000 ) ) ;
#443 = ORIENTED_EDGE ( 'NONE', *, *, #1152, .F. ) ;
#444 = VECTOR ( 'NONE', #3221, 1000.000000000000000 ) ;
#445 = CARTESIAN_POINT ( 'NONE',  ( 56.28042323139099778, -0.9471798677349999585, 12.18746830775800127 ) ) ;
#446 = DIRECTION ( 'NONE',  ( 0.000000000000000000, 1.000000000000000000, 0.000000000000000000 ) ) ;
#447 = DIRECTION ( 'NONE',  ( 0.000000000000000000, 1.000000000000000000, 0.000000000000000000 ) ) ;
#448 = DIRECTION ( 'NONE',  ( 0.000000000000000000, -0.9848077530121899237, 0.1736481776670335264 ) ) ;
#449 = VERTEX_POINT ( 'NONE', #405 ) ;
#450 = ORIENTED_EDGE ( 'NONE', *, *, #1994, .F. ) ;
#451 = VECTOR ( 'NONE', #2752, 1000.000000000000000 ) ;
#452 = ADVANCED_FACE ( 'NONE', ( #2737 ), #2280, .F. ) ;
#453 = CIRCLE ( 'NONE', #165, 1.499999999999999556 ) ;
#454 = FACE_OUTER_BOUND ( 'NONE', #5422, .T. ) ;
#455 = CARTESIAN_POINT ( 'NONE',  ( -50.92999999999999972, 4.639999999999999680, 0.9000000000000000222 ) ) ;
#456 = DIRECTION ( 'NONE',  ( 0.000000000000000000, 0.000000000000000000, -1.000000000000000000 ) ) ;
#457 = CARTESIAN_POINT ( 'NONE',  ( 55.65293244261999916, 1.032250535441999961, 12.13747185964599851 ) ) ;
#458 = CARTESIAN_POINT ( 'NONE',  ( 55.64038486252199789, 4.074731851127999960, 12.31000966217499837 ) ) ;
#459 = AXIS2_PLACEMENT_3D ( 'NONE', #6074, #2285, #1870 ) ;
#460 = ORIENTED_EDGE ( 'NONE', *, *, #5447, .F. ) ;
#461 = ORIENTED_EDGE ( 'NONE', *, *, #228, .T. ) ;
#462 = CARTESIAN_POINT ( 'NONE',  ( 50.10841106398000022, 8.007990780016999821, 1.000000000000000000 ) ) ;
#463 = DIRECTION ( 'NONE',  ( 0.000000000000000000, 0.000000000000000000, -1.000000000000000000 ) ) ;
#464 = CARTESIAN_POINT ( 'NONE',  ( 55.97592767245600243, 5.154456863409000000, 12.13747185964399833 ) ) ;
#465 = ORIENTED_EDGE ( 'NONE', *, *, #6028, .T. ) ;
#466 = CARTESIAN_POINT ( 'NONE',  ( 52.59233559826099480, 11.02703307156099832, 0.9877144598179998791 ) ) ;
#467 = EDGE_CURVE ( 'NONE', #2454, #3015, #1828, .T. ) ;
#468 = VERTEX_POINT ( 'NONE', #3735 ) ;
#469 = B_SPLINE_CURVE_WITH_KNOTS ( 'NONE', 3,
 ( #5753, #2040, #5630, #4717, #96, #953, #2949, #1047 ),
 .UNSPECIFIED., .F., .F.,
 ( 4, 2, 2, 4 ),
 ( 0.000000000000000000, 0.2499999999999540368, 0.4999999999999080735, 1.000000000000000000 ),
 .UNSPECIFIED. ) ;
#470 = CYLINDRICAL_SURFACE ( 'NONE', #1653, 0.05000000000000143219 ) ;
#471 = CARTESIAN_POINT ( 'NONE',  ( 56.15977469035699698, -0.6722878592449998969, 12.19999999999899920 ) ) ;
#472 = CARTESIAN_POINT ( 'NONE',  ( 33.02000000000000313, 2.339999999999999858, 0.9499999999999999556 ) ) ;
#473 = ORIENTED_EDGE ( 'NONE', *, *, #1802, .T. ) ;
#474 = VERTEX_POINT ( 'NONE', #5183 ) ;
#475 = TOROIDAL_SURFACE ( 'NONE', #5587, 1.675000000000000044, 0.05000000000000000278 ) ;
#476 = CARTESIAN_POINT ( 'NONE',  ( 56.25033557278499785, -0.9513468128869999596, 12.20309766931200102 ) ) ;
#477 = CARTESIAN_POINT ( 'NONE',  ( 56.21999999999999886, 11.03999999999999915, 1.100000000000000089 ) ) ;
#478 = DIRECTION ( 'NONE',  ( 0.000000000000000000, -0.9848077530121898127, 0.1736481776670335264 ) ) ;
#479 = CARTESIAN_POINT ( 'NONE',  ( 19.72000000000000242, 2.339999999999999858, 1.000000000000000000 ) ) ;
#480 = CARTESIAN_POINT ( 'NONE',  ( 55.68747756210500199, 0.9677844178479999560, 12.32417463232000010 ) ) ;
#481 = CARTESIAN_POINT ( 'NONE',  ( 56.16999999999999460, -0.9634810557540000042, 12.20348105575399877 ) ) ;
#482 = EDGE_LOOP ( 'NONE', ( #3880, #2129, #4442, #4066 ) ) ;
#483 = ORIENTED_EDGE ( 'NONE', *, *, #5201, .F. ) ;
#484 = VECTOR ( 'NONE', #2076, 1000.000000000000000 ) ;
#485 = CARTESIAN_POINT ( 'NONE',  ( 57.17000000000000171, 7.929999999999999716, 5.689999999999999503 ) ) ;
#486 = CARTESIAN_POINT ( 'NONE',  ( 56.27148960316500848, 5.935742624737000206, 12.18974833332699959 ) ) ;
#487 = FACE_OUTER_BOUND ( 'NONE', #602, .T. ) ;
#488 = CARTESIAN_POINT ( 'NONE',  ( 55.63990625034605131, 1.018336806483999935, 12.19999999999999751 ) ) ;
#489 = DIRECTION ( 'NONE',  ( 0.000000000000000000, 0.000000000000000000, -1.000000000000000000 ) ) ;
#490 = EDGE_CURVE ( 'NONE', #5056, #535, #3266, .T. ) ;
#491 = ORIENTED_EDGE ( 'NONE', *, *, #5389, .T. ) ;
#492 = CIRCLE ( 'NONE', #1981, 1.674999999999999822 ) ;
#493 = EDGE_LOOP ( 'NONE', ( #1738, #5737, #3003, #4800 ) ) ;
#494 = CARTESIAN_POINT ( 'NONE',  ( -53.92999999999999972, 5.040000000000000036, 0.9499999999999999556 ) ) ;
#495 = FACE_BOUND ( 'NONE', #2474, .T. ) ;
#496 = CARTESIAN_POINT ( 'NONE',  ( 56.21999999999999886, 10.99000000000000021, 3.649999999999999911 ) ) ;
#497 = ORIENTED_EDGE ( 'NONE', *, *, #5606, .F. ) ;
#498 = CARTESIAN_POINT ( 'NONE',  ( 52.55500768331899764, 11.02200921998300487, 1.000000000000000000 ) ) ;
#499 = ORIENTED_EDGE ( 'NONE', *, *, #5730, .T. ) ;
#500 = EDGE_CURVE ( 'NONE', #1885, #4270, #4098, .T. ) ;
#501 = DIRECTION ( 'NONE',  ( 0.000000000000000000, 0.000000000000000000, 1.000000000000000000 ) ) ;
#502 = CARTESIAN_POINT ( 'NONE',  ( 56.21999999999999886, 10.99000000000000021, 7.750000000000000000 ) ) ;
#503 = ADVANCED_FACE ( 'NONE', ( #963 ), #2828, .T. ) ;
#504 = CARTESIAN_POINT ( 'NONE',  ( 52.56674439731300197, 10.95799078001699911, 1.000000000000000000 ) ) ;
#505 = ORIENTED_EDGE ( 'NONE', *, *, #1274, .F. ) ;
#506 = VERTEX_POINT ( 'NONE', #3970 ) ;
#507 = DIRECTION ( 'NONE',  ( 0.5144957554276738954, -0.8574929257124557225, 0.000000000000000000 ) ) ;
#508 = DIRECTION ( 'NONE',  ( 0.000000000000000000, 0.000000000000000000, 1.000000000000000000 ) ) ;
#509 = CARTESIAN_POINT ( 'NONE',  ( 56.20955034684499907, 0.9771713961419998817, 10.11522469997600027 ) ) ;
#510 = CARTESIAN_POINT ( 'NONE',  ( 57.17000000000000171, 1.037270555095999969, 10.20272944490400135 ) ) ;
#511 = VERTEX_POINT ( 'NONE', #4027 ) ;
#512 = ADVANCED_FACE ( 'NONE', ( #4789 ), #3477, .F. ) ;
#513 = ORIENTED_EDGE ( 'NONE', *, *, #1729, .F. ) ;
#514 = EDGE_CURVE ( 'NONE', #4623, #4917, #5703, .T. ) ;
#515 = EDGE_CURVE ( 'NONE', #2313, #3903, #4929, .T. ) ;
#516 = FACE_OUTER_BOUND ( 'NONE', #948, .T. ) ;
#517 = CARTESIAN_POINT ( 'NONE',  ( 55.71082794031300267, 4.008567791947999837, 12.19965189133499983 ) ) ;
#518 = PLANE ( 'NONE',  #2734 ) ;
#519 = B_SPLINE_CURVE_WITH_KNOTS ( 'NONE', 1,
 ( #522, #2395 ),
 .UNSPECIFIED., .F., .F.,
 ( 2, 2 ),
 ( 0.000000000000000000, 1.000000000000000000 ),
 .UNSPECIFIED. ) ;
#520 = DIRECTION ( 'NONE',  ( 6.000000000000000121E-17, 1.000000000000000000, 0.000000000000000000 ) ) ;
#521 = AXIS2_PLACEMENT_3D ( 'NONE', #5075, #4985, #2629 ) ;
#522 = CARTESIAN_POINT ( 'NONE',  ( 57.17000000000000171, 1.037270555095999969, 10.20272944490400135 ) ) ;
#523 = ORIENTED_EDGE ( 'NONE', *, *, #5683, .F. ) ;
#524 = CARTESIAN_POINT ( 'NONE',  ( 57.17000000000000171, 11.03999999999999915, 12.20000000000000107 ) ) ;
#525 = CARTESIAN_POINT ( 'NONE',  ( 56.01011625204699840, 5.282050379435999865, 12.13747185964700037 ) ) ;
#526 = DIRECTION ( 'NONE',  ( 0.000000000000000000, 0.000000000000000000, 1.000000000000000000 ) ) ;
#527 = ORIENTED_EDGE ( 'NONE', *, *, #4546, .T. ) ;
#528 = CARTESIAN_POINT ( 'NONE',  ( 52.57680926769199914, 10.97006862447100062, 1.000000000000000000 ) ) ;
#529 = EDGE_LOOP ( 'NONE', ( #3096, #643, #5452, #4638 ) ) ;
#530 = CIRCLE ( 'NONE', #4770, 1.675000000000002931 ) ;
#531 = ADVANCED_FACE ( 'NONE', ( #696 ), #5212, .T. ) ;
#532 = CARTESIAN_POINT ( 'NONE',  ( -7.530000000000000249, 2.339999999999999858, 0.9499999999999999556 ) ) ;
#533 = CARTESIAN_POINT ( 'NONE',  ( 56.19966136661900435, -0.8211469612719999311, 12.20000000001800089 ) ) ;
#534 = CARTESIAN_POINT ( 'NONE',  ( 52.55236172452700316, 11.01883406943199972, 0.9576860857939999416 ) ) ;
#535 = VERTEX_POINT ( 'NONE', #2863 ) ;
#536 = AXIS2_PLACEMENT_3D ( 'NONE', #5557, #4110, #4647 ) ;
#537 = ORIENTED_EDGE ( 'NONE', *, *, #895, .F. ) ;
#538 = FACE_OUTER_BOUND ( 'NONE', #4163, .T. ) ;
#539 = APPROVAL_ROLE ( '' ) ;
#540 = CARTESIAN_POINT ( 'NONE',  ( -33.32999999999999829, 4.639999999999999680, 0.9000000000000000222 ) ) ;
#541 = AXIS2_PLACEMENT_3D ( 'NONE', #4424, #1215, #2472 ) ;
#542 = CARTESIAN_POINT ( 'NONE',  ( 56.01677292137699737, 0.9528082593419999746, 10.85904298317300132 ) ) ;
#543 = CARTESIAN_POINT ( 'NONE',  ( 55.65236190979499753, 0.9718516525779999915, 12.20000000000000107 ) ) ;
#544 = ORIENTED_EDGE ( 'NONE', *, *, #673, .F. ) ;
#545 = ORIENTED_EDGE ( 'NONE', *, *, #20, .T. ) ;
#546 = CIRCLE ( 'NONE', #157, 0.8000008362599990708 ) ;
#547 = DIRECTION ( 'NONE',  ( 0.000000000000000000, 0.000000000000000000, 1.000000000000000000 ) ) ;
#548 = CARTESIAN_POINT ( 'NONE',  ( 56.23991461261300628, 5.922726432086999893, 12.21216504064899944 ) ) ;
#549 = DIRECTION ( 'NONE',  ( 0.000000000000000000, 0.000000000000000000, -1.000000000000000000 ) ) ;
#550 = CARTESIAN_POINT ( 'NONE',  ( -43.43000000000000682, -8.469999970576999715, -0.1000000000000000056 ) ) ;
#551 = CARTESIAN_POINT ( 'NONE',  ( 32.16999999999999460, -2.259999999999999787, 1.000000000000000000 ) ) ;
#552 = AXIS2_PLACEMENT_3D ( 'NONE', #2690, #328, #4113 ) ;
#553 = EDGE_CURVE ( 'NONE', #3321, #4360, #1956, .T. ) ;
#554 = ORIENTED_EDGE ( 'NONE', *, *, #1682, .T. ) ;
#555 = CARTESIAN_POINT ( 'NONE',  ( -44.18000000001999439, -8.458879989360001517, 0.9499999999999999556 ) ) ;
#556 = CARTESIAN_POINT ( 'NONE',  ( 57.17000000000000171, 11.03999999999999915, 1.100000000000000089 ) ) ;
#557 = AXIS2_PLACEMENT_3D ( 'NONE', #2142, #4019, #2534 ) ;
#558 = CARTESIAN_POINT ( 'NONE',  ( 57.17000000000000171, 2.040000000000000036, 6.649999999999999467 ) ) ;
#559 = CARTESIAN_POINT ( 'NONE',  ( 56.14804145391499901, 5.609771615156999403, 12.20000000000099938 ) ) ;
#560 = ORIENTED_EDGE ( 'NONE', *, *, #2886, .F. ) ;
#561 = VERTEX_POINT ( 'NONE', #2401 ) ;
#562 = CARTESIAN_POINT ( 'NONE',  ( 56.03407952198899977, 5.184459895063000090, 12.20000000000200124 ) ) ;
#563 = DIRECTION ( 'NONE',  ( 0.000000000000000000, 0.000000000000000000, 1.000000000000000000 ) ) ;
#564 = CARTESIAN_POINT ( 'NONE',  ( -19.92999999999999972, 2.339999999999999858, 0.9499999999999999556 ) ) ;
#565 = EDGE_CURVE ( 'NONE', #4536, #1405, #271, .T. ) ;
#566 = ORIENTED_EDGE ( 'NONE', *, *, #2069, .F. ) ;
#567 = ORIENTED_EDGE ( 'NONE', *, *, #1484, .T. ) ;
#568 = CARTESIAN_POINT ( 'NONE',  ( 56.21999999999999886, 9.539999999999999147, 10.69999999999999929 ) ) ;
#569 = DIRECTION ( 'NONE',  ( -1.000000000000000000, 0.000000000000000000, 0.000000000000000000 ) ) ;
#570 = CARTESIAN_POINT ( 'NONE',  ( 55.63391474437700879, 0.9695203069160007736, 12.27117710425600272 ) ) ;
#571 = CARTESIAN_POINT ( 'NONE',  ( 56.15860380677299446, -0.8549406876389999965, 12.13747185963799957 ) ) ;
#572 = VERTEX_POINT ( 'NONE', #77 ) ;
#573 = VERTEX_POINT ( 'NONE', #727 ) ;
#574 = VECTOR ( 'NONE', #3604, 1000.000000000000000 ) ;
#575 = FACE_OUTER_BOUND ( 'NONE', #1625, .T. ) ;
#576 = CARTESIAN_POINT ( 'NONE',  ( 56.19597902009600432, 5.846641564044000816, 12.20162864376700007 ) ) ;
#577 = EDGE_CURVE ( 'NONE', #3082, #4172, #3114, .T. ) ;
#578 = FACE_OUTER_BOUND ( 'NONE', #3532, .T. ) ;
#579 = VECTOR ( 'NONE', #549, 1000.000000000000000 ) ;
#580 = FACE_OUTER_BOUND ( 'NONE', #3354, .T. ) ;
#581 = CARTESIAN_POINT ( 'NONE',  ( 56.16887254891006620, 5.919776678123894520, 12.18083246352459881 ) ) ;
#582 = EDGE_CURVE ( 'NONE', #2594, #4660, #2150, .T. ) ;
#583 = ORIENTED_EDGE ( 'NONE', *, *, #4802, .T. ) ;
#584 = VECTOR ( 'NONE', #4931, 1000.000000000000000 ) ;
#585 = DIRECTION ( 'NONE',  ( 0.000000000000000000, 0.000000000000000000, -1.000000000000000000 ) ) ;
#586 = CYLINDRICAL_SURFACE ( 'NONE', #5213, 0.04999999999999969746 ) ;
#588 = DIRECTION ( 'NONE',  ( -0.000000000000000000, 0.1736481776670334987, 0.9848077530121899237 ) ) ;
#587 = VECTOR ( 'NONE', #1754, 1000.000000000000000 ) ;
#589 = VERTEX_POINT ( 'NONE', #3366 ) ;
#590 = EDGE_LOOP ( 'NONE', ( #6063, #60, #817, #718 ) ) ;
#591 = EDGE_CURVE ( 'NONE', #4346, #221, #1024, .T. ) ;
#592 = LOCAL_TIME ( 23, 21, 37.00000000000000000, #1975 ) ;
#593 = CARTESIAN_POINT ( 'NONE',  ( 56.22723480257199924, -0.9251446785890000690, 12.21247954907099853 ) ) ;
#594 = CARTESIAN_POINT ( 'NONE',  ( 55.78336327173399667, 4.248774110858000164, 12.20000000000000107 ) ) ;
#595 = CARTESIAN_POINT ( 'NONE',  ( 55.69708225613199915, 1.054503813575000004, 12.20000000000000107 ) ) ;
#596 = CARTESIAN_POINT ( 'NONE',  ( -43.40928932188132450, -9.740705122810561889, -0.9718794964987869101 ) ) ;
#597 = VERTEX_POINT ( 'NONE', #5811 ) ;
#598 = ORIENTED_EDGE ( 'NONE', *, *, #2306, .T. ) ;
#599 = EDGE_CURVE ( 'NONE', #1304, #362, #3944, .T. ) ;
#600 = CARTESIAN_POINT ( 'NONE',  ( 56.16999999999999460, 7.929999999999999716, 7.750000000000000000 ) ) ;
#601 = FACE_OUTER_BOUND ( 'NONE', #2139, .T. ) ;
#602 = EDGE_LOOP ( 'NONE', ( #1719, #3584, #277, #704 ) ) ;
#603 = ORIENTED_EDGE ( 'NONE', *, *, #1798, .T. ) ;
#604 =( BOUNDED_CURVE ( )  B_SPLINE_CURVE ( 2, ( #416, #5501, #6049 ),
 .UNSPECIFIED., .F., .F. ) 
 B_SPLINE_CURVE_WITH_KNOTS ( ( 3, 3 ),
 ( 0.000000000000000000, 0.05560063857761000233 ),
 .UNSPECIFIED. ) 
 CURVE ( )  GEOMETRIC_REPRESENTATION_ITEM ( )  RATIONAL_B_SPLINE_CURVE ( ( 1.000000000000000000, 0.9055862027729999486, 1.000000000000000000 ) ) 
 REPRESENTATION_ITEM ( '' )  );
#605 = EDGE_CURVE ( 'NONE', #737, #233, #2287, .T. ) ;
#606 = CARTESIAN_POINT ( 'NONE',  ( 1.520000000000000018, 0.04000000000000000083, 0.9499999999999999556 ) ) ;
#607 = CARTESIAN_POINT ( 'NONE',  ( 56.24005578582799814, 5.880973781330999905, 12.20211567196899871 ) ) ;
#608 = DIRECTION ( 'NONE',  ( 0.000000000000000000, 0.000000000000000000, 1.000000000000000000 ) ) ;
#609 = DIRECTION ( 'NONE',  ( 0.000000000000000000, 0.000000000000000000, 1.000000000000000000 ) ) ;
#610 = CARTESIAN_POINT ( 'NONE',  ( 56.16886881417841693, 5.916278000059008946, 12.17743645659428253 ) ) ;
#611 = VERTEX_POINT ( 'NONE', #667 ) ;
#612 = AXIS2_PLACEMENT_3D ( 'NONE', #1320, #1693, #5927 ) ;
#613 = FACE_OUTER_BOUND ( 'NONE', #2900, .T. ) ;
#614 = CARTESIAN_POINT ( 'NONE',  ( 56.02151244523100360, 5.324581551445999317, 12.13747185964500019 ) ) ;
#615 = FACE_BOUND ( 'NONE', #3401, .T. ) ;
#616 = ORIENTED_EDGE ( 'NONE', *, *, #2934, .F. ) ;
#617 = LINE ( 'NONE', #4329, #2738 ) ;
#618 = AXIS2_PLACEMENT_3D ( 'NONE', #3129, #4023, #296 ) ;
#619 = ORIENTED_EDGE ( 'NONE', *, *, #2219, .F. ) ;
#620 = CARTESIAN_POINT ( 'NONE',  ( 56.15546736134899675, -0.9537319014269999284, 12.21145651294799883 ) ) ;
#621 = CARTESIAN_POINT ( 'NONE',  ( 55.69413937006199689, 3.915785976567000670, 12.20000000000000107 ) ) ;
#622 = CARTESIAN_POINT ( 'NONE',  ( 56.00621745340202295, -0.3487552147020001048, 12.19999999999999751 ) ) ;
#623 = EDGE_CURVE ( 'NONE', #4730, #2037, #2543, .T. ) ;
#624 = VERTEX_POINT ( 'NONE', #213 ) ;
#625 = ORIENTED_EDGE ( 'NONE', *, *, #5580, .T. ) ;
#626 = DIRECTION ( 'NONE',  ( 0.000000000000000000, 0.000000000000000000, 1.000000000000000000 ) ) ;
#627 = CARTESIAN_POINT ( 'NONE',  ( 56.10162284084500328, -0.6422848275889999625, 12.13747185964599851 ) ) ;
#628 = VERTEX_POINT ( 'NONE', #2093 ) ;
#629 = VECTOR ( 'NONE', #3650, 1000.000000000000000 ) ;
#630 = ORIENTED_EDGE ( 'NONE', *, *, #960, .F. ) ;
#631 = CIRCLE ( 'NONE', #2572, 0.05000000000000103667 ) ;
#632 = CIRCLE ( 'NONE', #4579, 0.05000000000000002359 ) ;
#633 = CARTESIAN_POINT ( 'NONE',  ( -59.22999999999999687, 3.340000000000000302, 0.000000000000000000 ) ) ;
#634 = CARTESIAN_POINT ( 'NONE',  ( 56.20476680912999967, 5.896917683154999423, 12.18562115709699967 ) ) ;
#635 = CYLINDRICAL_SURFACE ( 'NONE', #1551, 0.05000000000000143219 ) ;
#636 = CYLINDRICAL_SURFACE ( 'NONE', #2226, 0.05000000000000002359 ) ;
#637 = CARTESIAN_POINT ( 'NONE',  ( -44.92999999999999972, -9.960000000000000853, 0.000000000000000000 ) ) ;
#638 = EDGE_CURVE ( 'NONE', #886, #2594, #4264, .T. ) ;
#639 = ORIENTED_EDGE ( 'NONE', *, *, #4044, .F. ) ;
#640 = ADVANCED_FACE ( 'NONE', ( #1173 ), #238, .F. ) ;
#641 = AXIS2_PLACEMENT_3D ( 'NONE', #3195, #857, #1359 ) ;
#642 = DIRECTION ( 'NONE',  ( 0.7071067881220475249, 0.7071067742510473986, 0.000000000000000000 ) ) ;
#643 = ORIENTED_EDGE ( 'NONE', *, *, #61, .T. ) ;
#644 = CARTESIAN_POINT ( 'NONE',  ( 57.17000000000000171, 1.539999999999999813, 8.699999999999999289 ) ) ;
#645 = CIRCLE ( 'NONE', #5764, 1.674999999999999378 ) ;
#646 = EDGE_LOOP ( 'NONE', ( #1685, #172, #264, #3284 ) ) ;
#647 = VECTOR ( 'NONE', #2331, 1000.000000000000000 ) ;
#648 = CARTESIAN_POINT ( 'NONE',  ( 56.20867290853300346, -0.9704473708579999247, 12.20009541678200016 ) ) ;
#649 = CARTESIAN_POINT ( 'NONE',  ( 55.94290997643799557, 4.844210518988999681, 12.20000000000000107 ) ) ;
#650 = CARTESIAN_POINT ( 'NONE',  ( 55.92644410104996666, -0.05103701063681000821, 12.19999999999999751 ) ) ;
#651 = EDGE_CURVE ( 'NONE', #4936, #5735, #3540, .T. ) ;
#652 = DIRECTION ( 'NONE',  ( 0.000000000000000000, 1.000000000000000000, 0.000000000000000000 ) ) ;
#653 = EDGE_CURVE ( 'NONE', #1930, #3637, #3330, .T. ) ;
#654 = EDGE_LOOP ( 'NONE', ( #4240, #4399, #1443 ) ) ;
#655 = CIRCLE ( 'NONE', #3816, 0.7999999999999999334 ) ;
#656 = VERTEX_POINT ( 'NONE', #2661 ) ;
#657 = CARTESIAN_POINT ( 'NONE',  ( -53.92999999999999972, 5.040000000000000036, 0.000000000000000000 ) ) ;
#658 = COORDINATED_UNIVERSAL_TIME_OFFSET ( 5, 30, .AHEAD. ) ;
#659 = CARTESIAN_POINT ( 'NONE',  ( 56.07000000000000028, 11.03999999999999915, 1.100000000000000089 ) ) ;
#660 = FACE_OUTER_BOUND ( 'NONE', #2109, .T. ) ;
#661 = VERTEX_POINT ( 'NONE', #1784 ) ;
#662 = ORIENTED_EDGE ( 'NONE', *, *, #6012, .F. ) ;
#663 = EDGE_CURVE ( 'NONE', #1940, #4998, #5962, .T. ) ;
#664 = DIRECTION ( 'NONE',  ( 0.000000000000000000, 0.000000000000000000, -1.000000000000000000 ) ) ;
#665 = CARTESIAN_POINT ( 'NONE',  ( 56.19506609561500454, 5.913135472592998987, 12.22229965472999957 ) ) ;
#666 = CYLINDRICAL_SURFACE ( 'NONE', #4794, 0.05000000000000143219 ) ;
#667 = CARTESIAN_POINT ( 'NONE',  ( 57.17000000000000171, -0.9600000000000000755, 12.20000000000000107 ) ) ;
#668 = LINE ( 'NONE', #2544, #1150 ) ;
#669 = CYLINDRICAL_SURFACE ( 'NONE', #5499, 0.04999999999999969746 ) ;
#670 = VERTEX_POINT ( 'NONE', #1697 ) ;
#671 = AXIS2_PLACEMENT_3D ( 'NONE', #5176, #2483, #608 ) ;
#672 = LINE ( 'NONE', #1237, #574 ) ;
#673 = EDGE_CURVE ( 'NONE', #5803, #401, #631, .T. ) ;
#674 = CARTESIAN_POINT ( 'NONE',  ( 56.26547279525200196, 3.939141099675000035, 10.09271978273000059 ) ) ;
#675 = ORIENTED_EDGE ( 'NONE', *, *, #1608, .T. ) ;
#676 = DIRECTION ( 'NONE',  ( 1.000000000000000000, 0.000000000000000000, 0.000000000000000000 ) ) ;
#677 = CIRCLE ( 'NONE', #4024, 0.04999999999999969746 ) ;
#678 = EDGE_LOOP ( 'NONE', ( #5005, #5251, #3661, #5999, #862, #1496, #2020, #5717 ) ) ;
#679 = AXIS2_PLACEMENT_3D ( 'NONE', #1959, #3832, #1493 ) ;
#680 = CARTESIAN_POINT ( 'NONE',  ( -43.43000000000000682, -8.469999970576999715, 0.9499999999999999556 ) ) ;
#681 = CARTESIAN_POINT ( 'NONE',  ( 56.16999999999999460, 7.929999999999999716, 5.709999999999999964 ) ) ;
#682 = CARTESIAN_POINT ( 'NONE',  ( 55.72097558031899212, 4.265490842389999315, 12.19999999999999751 ) ) ;
#683 = CARTESIAN_POINT ( 'NONE',  ( 55.83527455550602525, 0.2892123654380002740, 12.20000000000000284 ) ) ;
#684 = PLANE ( 'NONE',  #4785 ) ;
#685 = VERTEX_POINT ( 'NONE', #360 ) ;
#686 = EDGE_CURVE ( 'NONE', #1466, #4730, #2294, .T. ) ;
#687 = EDGE_CURVE ( 'NONE', #5873, #3082, #5443, .T. ) ;
#688 = DIRECTION ( 'NONE',  ( 0.000000000000000000, -1.000000000000000000, 0.000000000000000000 ) ) ;
#689 = LINE ( 'NONE', #4432, #1056 ) ;
#690 = ORIENTED_EDGE ( 'NONE', *, *, #5786, .F. ) ;
#691 = ORIENTED_EDGE ( 'NONE', *, *, #1778, .F. ) ;
#692 = DIRECTION ( 'NONE',  ( 0.000000000000000000, 0.000000000000000000, -1.000000000000000000 ) ) ;
#693 = CARTESIAN_POINT ( 'NONE',  ( -19.13000000000000256, 2.339999999999999858, 0.9499999999999999556 ) ) ;
#694 = DIRECTION ( 'NONE',  ( 0.7071067881220475249, 0.7071067742510473986, 0.000000000000000000 ) ) ;
#695 = EDGE_CURVE ( 'NONE', #4312, #4803, #299, .T. ) ;
#696 = FACE_OUTER_BOUND ( 'NONE', #5347, .T. ) ;
#697 = FACE_OUTER_BOUND ( 'NONE', #1297, .T. ) ;
#698 = PLANE ( 'NONE',  #384 ) ;
#699 = ADVANCED_FACE ( 'NONE', ( #1231 ), #4179, .T. ) ;
#700 = VERTEX_POINT ( 'NONE', #2178 ) ;
#701 = EDGE_CURVE ( 'NONE', #1410, #126, #5991, .T. ) ;
#702 = DIRECTION ( 'NONE',  ( 0.000000000000000000, 0.7071067811865474617, -0.7071067811865474617 ) ) ;
#703 = CARTESIAN_POINT ( 'NONE',  ( 55.70614818952100222, 4.009828327972999595, 12.25083485753700074 ) ) ;
#704 = ORIENTED_EDGE ( 'NONE', *, *, #1022, .F. ) ;
#705 = EDGE_LOOP ( 'NONE', ( #3737, #1706, #4119 ) ) ;
#706 = TOROIDAL_SURFACE ( 'NONE', #5920, 1.675000000000000044, 0.05000000000000000278 ) ;
#707 = DIRECTION ( 'NONE',  ( 1.000000000000000000, -2.514091994169284236E-16, 0.000000000000000000 ) ) ;
#708 = DIRECTION ( 'NONE',  ( 0.000000000000000000, 0.000000000000000000, -1.000000000000000000 ) ) ;
#709 = CARTESIAN_POINT ( 'NONE',  ( 56.11838008739700001, 5.686096513524000251, 12.13747185964999886 ) ) ;
#710 = CARTESIAN_POINT ( 'NONE',  ( 55.97743559927199897, 0.008210892904862000449, 12.20000000000000107 ) ) ;
#711 = DIRECTION ( 'NONE',  ( -1.000000000000000000, 0.000000000000000000, 0.000000000000000000 ) ) ;
#712 = VECTOR ( 'NONE', #5502, 1000.000000000000000 ) ;
#713 = ADVANCED_FACE ( 'NONE', ( #1726 ), #418, .T. ) ;
#714 = VERTEX_POINT ( 'NONE', #3653 ) ;
#715 = FACE_OUTER_BOUND ( 'NONE', #3408, .T. ) ;
#716 = DIRECTION ( 'NONE',  ( 0.000000000000000000, -0.7071067811865475727, 0.7071067811865475727 ) ) ;
#717 = CARTESIAN_POINT ( 'NONE',  ( 56.07313235781899863, -0.5359568975699999793, 12.13747185963699948 ) ) ;
#718 = ORIENTED_EDGE ( 'NONE', *, *, #3940, .F. ) ;
#719 = ORIENTED_EDGE ( 'NONE', *, *, #3329, .F. ) ;
#720 = CIRCLE ( 'NONE', #928, 0.7999999999999999334 ) ;
#721 = LINE ( 'NONE', #5411, #1044 ) ;
#722 = CYLINDRICAL_SURFACE ( 'NONE', #127, 0.4000000000000001887 ) ;
#723 = CARTESIAN_POINT ( 'NONE',  ( 55.72761918519679369, 4.227756972984416883, 12.13747185964599673 ) ) ;
#724 = CARTESIAN_POINT ( 'NONE',  ( 56.16999999999999460, 3.439999999999999947, 8.149999999999998579 ) ) ;
#725 = EDGE_CURVE ( 'NONE', #145, #5040, #4553, .T. ) ;
#726 = VECTOR ( 'NONE', #5329, 1000.000000000000114 ) ;
#727 = CARTESIAN_POINT ( 'NONE',  ( 56.21999999999999886, -0.9600000000000000755, 12.20000000000000107 ) ) ;
#728 = LINE ( 'NONE', #300, #3204 ) ;
#729 = CARTESIAN_POINT ( 'NONE',  ( -19.13000000000000256, -2.259999999999999787, 0.9499999999999999556 ) ) ;
#730 = ORIENTED_EDGE ( 'NONE', *, *, #4602, .T. ) ;
#731 = PRODUCT ( 'Panel', 'Panel', '', ( #2878 ) ) ;
#732 = TOROIDAL_SURFACE ( 'NONE', #2796, 2.040000000000000036, 0.05000000000000000278 ) ;
#733 = LINE ( 'NONE', #1702, #769 ) ;
#734 = CARTESIAN_POINT ( 'NONE',  ( 56.00012488138400357, 3.964170529507000218, 10.85688031264599474 ) ) ;
#735 = VECTOR ( 'NONE', #2771, 1000.000000000000000 ) ;
#736 = ORIENTED_EDGE ( 'NONE', *, *, #5389, .F. ) ;
#737 = VERTEX_POINT ( 'NONE', #390 ) ;
#738 = AXIS2_PLACEMENT_3D ( 'NONE', #3506, #2064, #1197 ) ;
#739 = DIRECTION ( 'NONE',  ( 0.000000000000000000, 0.000000000000000000, 1.000000000000000000 ) ) ;
#740 = DIRECTION ( 'NONE',  ( 0.000000000000000000, 0.000000000000000000, -1.000000000000000000 ) ) ;
#741 = CARTESIAN_POINT ( 'NONE',  ( 55.96029563737298673, 5.158645454585999879, 12.19999999999999751 ) ) ;
#742 = CARTESIAN_POINT ( 'NONE',  ( 56.09022664767000066, -0.5997536555789999557, 12.13747185964999886 ) ) ;
#743 = CARTESIAN_POINT ( 'NONE',  ( 52.55500768331899764, 11.02200921998299954, 0.000000000000000000 ) ) ;
#744 = CIRCLE ( 'NONE', #552, 0.8000000000000020428 ) ;
#745 = ORIENTED_EDGE ( 'NONE', *, *, #687, .T. ) ;
#746 = CIRCLE ( 'NONE', #1643, 0.05000000000000143219 ) ;
#747 = CARTESIAN_POINT ( 'NONE',  ( 39.59499999999999886, 0.03999999999999980654, 0.9499999999999999556 ) ) ;
#748 = CARTESIAN_POINT ( 'NONE',  ( 52.54349258267499323, 11.00819109921000027, 0.9586766464889999728 ) ) ;
#749 = EDGE_CURVE ( 'NONE', #2324, #258, #4987, .T. ) ;
#750 = TOROIDAL_SURFACE ( 'NONE', #4701, 0.8499999999999999778, 0.05000000000000000278 ) ;
#751 = AXIS2_PLACEMENT_3D ( 'NONE', #1451, #5229, #2035 ) ;
#752 = CARTESIAN_POINT ( 'NONE',  ( 55.93067994294500522, -0.004317247449433000116, 12.13747185964599851 ) ) ;
#753 = ORIENTED_EDGE ( 'NONE', *, *, #3137, .F. ) ;
#754 = LINE ( 'NONE', #2263, #1927 ) ;
#755 = LINE ( 'NONE', #2597, #32 ) ;
#756 = LINE ( 'NONE', #5960, #587 ) ;
#757 = DIRECTION ( 'NONE',  ( 1.000000000000000000, 0.000000000000000000, 0.000000000000000000 ) ) ;
#758 = DIRECTION ( 'NONE',  ( 0.000000000000000000, -1.000000000000000000, 0.000000000000000000 ) ) ;
#759 = DIRECTION ( 'NONE',  ( 0.000000000000000000, 0.000000000000000000, -1.000000000000000000 ) ) ;
#760 = FACE_OUTER_BOUND ( 'NONE', #6035, .T. ) ;
#761 = ORIENTED_EDGE ( 'NONE', *, *, #4406, .F. ) ;
#762 = ADVANCED_FACE ( 'NONE', ( #5474 ), #1263, .F. ) ;
#763 = DIRECTION ( 'NONE',  ( 1.000000000000000000, 0.000000000000000000, 0.000000000000000000 ) ) ;
#764 = ADVANCED_FACE ( 'NONE', ( #5018 ), #4086, .F. ) ;
#765 = FACE_OUTER_BOUND ( 'NONE', #3463, .T. ) ;
#766 = CARTESIAN_POINT ( 'NONE',  ( 55.76379008621725575, 4.175725988039657999, 12.20000000000000107 ) ) ;
#767 = EDGE_LOOP ( 'NONE', ( #1070, #3113, #4294, #5392 ) ) ;
#768 = ORIENTED_EDGE ( 'NONE', *, *, #4443, .F. ) ;
#769 = VECTOR ( 'NONE', #642, 1000.000000000000114 ) ;
#770 = DIRECTION ( 'NONE',  ( 0.000000000000000000, 0.000000000000000000, -1.000000000000000000 ) ) ;
#771 = CARTESIAN_POINT ( 'NONE',  ( 50.07000000000000028, 8.040000000000000924, 0.000000000000000000 ) ) ;
#772 = CARTESIAN_POINT ( 'NONE',  ( 55.98308802375898807, 5.243707798605003134, 12.19999999999999751 ) ) ;
#773 = CARTESIAN_POINT ( 'NONE',  ( 55.64772377878903598, 0.9891613931459997122, 12.19999999999999751 ) ) ;
#774 = DIRECTION ( 'NONE',  ( 1.000000000000000000, 0.000000000000000000, 0.000000000000000000 ) ) ;
#775 = EDGE_CURVE ( 'NONE', #3980, #420, #3626, .T. ) ;
#776 = ORIENTED_EDGE ( 'NONE', *, *, #4948, .T. ) ;
#777 = ADVANCED_FACE ( 'NONE', ( #1295 ), #706, .T. ) ;
#778 = CARTESIAN_POINT ( 'NONE',  ( 20.57000000000000028, -3.109999999999999876, 1.000000000000000000 ) ) ;
#779 = CARTESIAN_POINT ( 'NONE',  ( -19.13000000000000256, 3.189999999999999947, 1.000000000000000000 ) ) ;
#780 = FACE_OUTER_BOUND ( 'NONE', #3846, .T. ) ;
#781 = AXIS2_PLACEMENT_3D ( 'NONE', #2148, #1694, #4025 ) ;
#782 = B_SPLINE_SURFACE_WITH_KNOTS ( 'NONE', 1, 1, ( 
 ( #1773, #5034 ),
 ( #2676, #6006 ) ),
 .UNSPECIFIED., .F., .F., .F.,
 ( 2, 2 ),
 ( 2, 2 ),
 ( 0.000000000000000000, 2.830000000000000071 ),
 ( 0.000000000000000000, 1.000000000000000000 ),
 .UNSPECIFIED. ) ;
#783 = VERTEX_POINT ( 'NONE', #884 ) ;
#784 = DIRECTION ( 'NONE',  ( 0.000000000000000000, 0.000000000000000000, 1.000000000000000000 ) ) ;
#785 = FACE_OUTER_BOUND ( 'NONE', #825, .T. ) ;
#786 = PLANE ( 'NONE',  #781 ) ;
#787 = CARTESIAN_POINT ( 'NONE',  ( -53.92999999999847205, -4.959999999999982201, 0.9792893218813453204 ) ) ;
#788 = CARTESIAN_POINT ( 'NONE',  ( -43.38000005574000539, -8.460074635907998797, 0.9499999999999999556 ) ) ;
#789 = FACE_OUTER_BOUND ( 'NONE', #6077, .T. ) ;
#790 = ORIENTED_EDGE ( 'NONE', *, *, #1999, .F. ) ;
#791 = ADVANCED_FACE ( 'NONE', ( #5045 ), #5021, .T. ) ;
#792 = DIRECTION ( 'NONE',  ( -9.490000000000000773E-15, 0.000000000000000000, 1.000000000000000000 ) ) ;
#793 = CARTESIAN_POINT ( 'NONE',  ( 56.03441656524500303, -0.2044449671410000224, 12.20000000000200124 ) ) ;
#794 = FACE_OUTER_BOUND ( 'NONE', #6026, .T. ) ;
#795 = DIRECTION ( 'NONE',  ( 0.000000000000000000, 0.000000000000000000, 1.000000000000000000 ) ) ;
#796 = ORIENTED_EDGE ( 'NONE', *, *, #3527, .F. ) ;
#797 = VERTEX_POINT ( 'NONE', #5592 ) ;
#798 = CARTESIAN_POINT ( 'NONE',  ( -28.17999999999999972, 0.04000000000000000083, 0.9499999999999999556 ) ) ;
#799 = DIRECTION ( 'NONE',  ( 0.000000000000000000, -6.000000000000000121E-17, -1.000000000000000000 ) ) ;
#800 = CARTESIAN_POINT ( 'NONE',  ( 56.12977628067900326, 5.728627685525999880, 12.13747185966899877 ) ) ;
#801 = CARTESIAN_POINT ( 'NONE',  ( 52.53695193543699560, 11.00034232252500033, 0.9533206021189999380 ) ) ;
#802 = VERTEX_POINT ( 'NONE', #1040 ) ;
#803 = TOROIDAL_SURFACE ( 'NONE', #3075, 1.675000000000000044, 0.05000000000000000278 ) ;
#804 = DIRECTION ( 'NONE',  ( 1.000000000000000000, 0.000000000000000000, 0.000000000000000000 ) ) ;
#805 = CARTESIAN_POINT ( 'NONE',  ( 52.56213885949298259, 11.03056663139099314, 0.9850378711440003210 ) ) ;
#806 = AXIS2_PLACEMENT_3D ( 'NONE', #3010, #2568, #4902 ) ;
#807 = EDGE_CURVE ( 'NONE', #4020, #2817, #980, .T. ) ;
#808 = CARTESIAN_POINT ( 'NONE',  ( 56.21037456009300115, 1.031057645179000115, 10.20894235482099965 ) ) ;
#809 = VERTEX_POINT ( 'NONE', #2880 ) ;
#810 = CARTESIAN_POINT ( 'NONE',  ( 56.41118095489699868, 0.005925826289066999861, 12.20000000000000107 ) ) ;
#811 = DIRECTION ( 'NONE',  ( 0.000000000000000000, 0.000000000000000000, -1.000000000000000000 ) ) ;
#812 = CARTESIAN_POINT ( 'NONE',  ( -43.43000000000000682, -8.568480745878000349, -0.08263518223330999779 ) ) ;
#813 = DIRECTION ( 'NONE',  ( -1.000000000000000000, 0.000000000000000000, 0.000000000000000000 ) ) ;
#814 = CARTESIAN_POINT ( 'NONE',  ( -28.17999999999999972, 0.04000000000000000083, 0.9499999999999999556 ) ) ;
#815 = DIRECTION ( 'NONE',  ( 1.000000000000000000, -2.396243931942601480E-16, 0.000000000000000000 ) ) ;
#816 = ORIENTED_EDGE ( 'NONE', *, *, #4316, .F. ) ;
#817 = ORIENTED_EDGE ( 'NONE', *, *, #4631, .F. ) ;
#818 = VECTOR ( 'NONE', #230, 1000.000000000000114 ) ;
#819 = CARTESIAN_POINT ( 'NONE',  ( 56.16966295475619830, 5.943680761930720813, 12.20365685039255865 ) ) ;
#820 = CARTESIAN_POINT ( 'NONE',  ( 56.17686898026100550, -0.7360846172510000507, 12.20000000002400142 ) ) ;
#821 = ADVANCED_FACE ( 'NONE', ( #2450 ), #803, .T. ) ;
#822 = CARTESIAN_POINT ( 'NONE',  ( -50.92999999999999972, -4.559999999999999609, 1.000000000000000000 ) ) ;
#823 = LINE ( 'NONE', #4599, #1816 ) ;
#824 = ADVANCED_FACE ( 'NONE', ( #6086 ), #5339, .T. ) ;
#825 = EDGE_LOOP ( 'NONE', ( #3695, #499, #3328, #2747 ) ) ;
#826 = TOROIDAL_SURFACE ( 'NONE', #4279, 1.649999999999999911, 0.05000000000000000278 ) ;
#827 = ORIENTED_EDGE ( 'NONE', *, *, #3069, .F. ) ;
#828 = CARTESIAN_POINT ( 'NONE',  ( 56.16991192774801789, -0.8992380881149921734, 12.13956677823380303 ) ) ;
#830 = AXIS2_PLACEMENT_3D ( 'NONE', #169, #2107, #1189 ) ;
#829 = LINE ( 'NONE', #5609, #104 ) ;
#831 = CARTESIAN_POINT ( 'NONE',  ( -29.85500000000000043, 0.04000000000000022288, 1.000000000000000000 ) ) ;
#832 = EDGE_LOOP ( 'NONE', ( #1957, #4181 ) ) ;
#833 = LINE ( 'NONE', #4639, #1235 ) ;
#834 = B_SPLINE_CURVE_WITH_KNOTS ( 'NONE', 3,
 ( #481, #3414, #116, #2361, #25, #3851 ),
 .UNSPECIFIED., .F., .F.,
 ( 4, 2, 4 ),
 ( 0.000000000000000000, 0.5000000000000000000, 1.000000000000000000 ),
 .UNSPECIFIED. ) ;
#835 = AXIS2_PLACEMENT_3D ( 'NONE', #3657, #1267, #2212 ) ;
#836 = ORIENTED_EDGE ( 'NONE', *, *, #5261, .T. ) ;
#837 = EDGE_CURVE ( 'NONE', #3480, #2562, #1944, .T. ) ;
#838 = CARTESIAN_POINT ( 'NONE',  ( 55.68543900149800407, 0.9109344061319999408, 12.13747185964599851 ) ) ;
#839 = CARTESIAN_POINT ( 'NONE',  ( 56.20378736734700453, 3.952075637160000099, 10.21206070923799913 ) ) ;
#840 = EDGE_CURVE ( 'NONE', #4803, #4491, #4310, .T. ) ;
#841 = AXIS2_PLACEMENT_3D ( 'NONE', #1783, #3652, #5527 ) ;
#842 = CARTESIAN_POINT ( 'NONE',  ( 56.16999999999999460, 0.9721730385369999894, 10.26782696146300111 ) ) ;
#843 = ORIENTED_EDGE ( 'NONE', *, *, #3591, .T. ) ;
#844 = AXIS2_PLACEMENT_3D ( 'NONE', #1415, #6087, #815 ) ;
#845 = CC_DESIGN_DATE_AND_TIME_ASSIGNMENT ( #3032, #5376, ( #4342 ) ) ;
#846 = CARTESIAN_POINT ( 'NONE',  ( 50.09341874729899757, 7.990000000000000213, 1.000000000000000000 ) ) ;
#847 = AXIS2_PLACEMENT_3D ( 'NONE', #419, #1883, #1848 ) ;
#848 = CARTESIAN_POINT ( 'NONE',  ( 11.52000000000000135, 0.04000000000000000083, 0.000000000000000000 ) ) ;
#849 = DIRECTION ( 'NONE',  ( -1.000000000000000000, 0.000000000000000000, 0.000000000000000000 ) ) ;
#850 = FACE_OUTER_BOUND ( 'NONE', #678, .T. ) ;
#851 = DIRECTION ( 'NONE',  ( -0.000000000000000000, 1.000000000000000000, 0.000000000000000000 ) ) ;
#852 = DIRECTION ( 'NONE',  ( -1.000000000000000000, 0.000000000000000000, -8.673617379883787770E-15 ) ) ;
#853 = ORIENTED_EDGE ( 'NONE', *, *, #1431, .T. ) ;
#854 = EDGE_LOOP ( 'NONE', ( #870, #4382, #4743, #1780 ) ) ;
#855 = EDGE_CURVE ( 'NONE', #1947, #2114, #89, .T. ) ;
#856 = VECTOR ( 'NONE', #900, 1000.000000000000000 ) ;
#857 = DIRECTION ( 'NONE',  ( 0.000000000000000000, 0.000000000000000000, 1.000000000000000000 ) ) ;
#858 = CARTESIAN_POINT ( 'NONE',  ( 56.05720895163000250, -0.2895073111600000026, 12.20000000000099938 ) ) ;
#859 = LINE ( 'NONE', #2731, #3837 ) ;
#860 = CARTESIAN_POINT ( 'NONE',  ( 56.07000000000000028, -6.959999999999999964, 0.000000000000000000 ) ) ;
#861 = ORIENTED_EDGE ( 'NONE', *, *, #3379, .T. ) ;
#862 = ORIENTED_EDGE ( 'NONE', *, *, #1709, .F. ) ;
#863 = EDGE_CURVE ( 'NONE', #5277, #2817, #1018, .T. ) ;
#864 = CARTESIAN_POINT ( 'NONE',  ( -53.92999999999999972, -4.959999999999999964, 0.000000000000000000 ) ) ;
#865 = CARTESIAN_POINT ( 'NONE',  ( -44.92999999999999972, -9.960000000000000853, 0.9499999999999999556 ) ) ;
#866 = DIRECTION ( 'NONE',  ( 0.000000000000000000, 1.000000000000000000, 0.000000000000000000 ) ) ;
#867 = ORIENTED_EDGE ( 'NONE', *, *, #3662, .F. ) ;
#868 = PLANE ( 'NONE',  #2994 ) ;
#869 = CIRCLE ( 'NONE', #4910, 0.4000000000000001887 ) ;
#870 = ORIENTED_EDGE ( 'NONE', *, *, #663, .T. ) ;
#871 = EDGE_CURVE ( 'NONE', #1940, #4832, #1005, .T. ) ;
#872 = VECTOR ( 'NONE', #2301, 1000.000000000000000 ) ;
#873 = FACE_OUTER_BOUND ( 'NONE', #876, .T. ) ;
#874 = CARTESIAN_POINT ( 'NONE',  ( 56.19762854107199956, 3.956048758840999824, 10.21603383091899886 ) ) ;
#875 = CARTESIAN_POINT ( 'NONE',  ( -44.18000000001999439, -8.458879989360001517, 0.9499999999999999556 ) ) ;
#876 = EDGE_LOOP ( 'NONE', ( #2349, #4589, #4104, #1266 ) ) ;
#877 = EDGE_LOOP ( 'NONE', ( #2835, #1948 ) ) ;
#878 = EDGE_CURVE ( 'NONE', #3994, #783, #4462, .T. ) ;
#879 = DIRECTION ( 'NONE',  ( 0.000000000000000000, 0.000000000000000000, -1.000000000000000000 ) ) ;
#880 = CYLINDRICAL_SURFACE ( 'NONE', #2194, 0.04999999999999969746 ) ;
#881 = VECTOR ( 'NONE', #2722, 1000.000000000000114 ) ;
#882 = APPROVAL_STATUS ( 'not_yet_approved' ) ;
#883 = CARTESIAN_POINT ( 'NONE',  ( 56.07000000000000028, 11.03999999999999915, 1.000000000000000000 ) ) ;
#884 = CARTESIAN_POINT ( 'NONE',  ( 57.16966295674399845, 3.942744372825999655, 10.20272944490400135 ) ) ;
#885 = CARTESIAN_POINT ( 'NONE',  ( -59.22999999999999687, -4.910000000000000142, 1.000000000000000000 ) ) ;
#886 = VERTEX_POINT ( 'NONE', #2974 ) ;
#887 = ORIENTED_EDGE ( 'NONE', *, *, #3696, .F. ) ;
#888 = CARTESIAN_POINT ( 'NONE',  ( 55.65202486653899427, 4.008163275343000542, 12.20000000000000107 ) ) ;
#889 = ADVANCED_FACE ( 'NONE', ( #179 ), #2538, .T. ) ;
#890 = FACE_OUTER_BOUND ( 'NONE', #2609, .T. ) ;
#891 = CARTESIAN_POINT ( 'NONE',  ( 56.16999999999999460, 9.539999999999999147, 12.14999999999999858 ) ) ;
#892 = ADVANCED_FACE ( 'NONE', ( #4032 ), #2667, .F. ) ;
#893 = CARTESIAN_POINT ( 'NONE',  ( 56.10162284084500328, -0.6422848275889999625, 12.13747185964599851 ) ) ;
#894 = CARTESIAN_POINT ( 'NONE',  ( 50.07000000000000028, 8.040000000000000924, 0.9499999999999999556 ) ) ;
#895 = EDGE_CURVE ( 'NONE', #145, #1864, #2479, .T. ) ;
#896 = ORIENTED_EDGE ( 'NONE', *, *, #4613, .T. ) ;
#897 = ORIENTED_EDGE ( 'NONE', *, *, #4250, .T. ) ;
#898 = CARTESIAN_POINT ( 'NONE',  ( 56.16974282164580501, -0.9142830377229919092, 12.15524284040788139 ) ) ;
#899 = CARTESIAN_POINT ( 'NONE',  ( -53.92999999999999972, 4.989999999999999325, 1.000000000000000000 ) ) ;
#900 = DIRECTION ( 'NONE',  ( -1.000000000000000000, 0.000000000000000000, 0.000000000000000000 ) ) ;
#901 = ORIENTED_EDGE ( 'NONE', *, *, #5788, .T. ) ;
#902 = DIRECTION ( 'NONE',  ( 0.000000000000000000, 0.000000000000000000, 1.000000000000000000 ) ) ;
#903 = ORIENTED_EDGE ( 'NONE', *, *, #4302, .T. ) ;
#904 = DIRECTION ( 'NONE',  ( -1.000000000000000000, 0.000000000000000000, 0.000000000000000000 ) ) ;
#905 = CYLINDRICAL_SURFACE ( 'NONE', #5374, 0.7999999999999999334 ) ;
#906 = CARTESIAN_POINT ( 'NONE',  ( 56.17405614704100714, 0.9931273066790000659, 10.24687269332100037 ) ) ;
#907 = EDGE_CURVE ( 'NONE', #1426, #2765, #3375, .T. ) ;
#908 = VERTEX_POINT ( 'NONE', #5535 ) ;
#909 = VERTEX_POINT ( 'NONE', #4596 ) ;
#910 = AXIS2_PLACEMENT_3D ( 'NONE', #386, #2147, #5498 ) ;
#911 = CARTESIAN_POINT ( 'NONE',  ( 56.18750670383400347, -0.9701490445900000648, 12.20193943855699992 ) ) ;
#912 = CARTESIAN_POINT ( 'NONE',  ( 20.57000000000000028, -2.259999999999999787, 0.000000000000000000 ) ) ;
#913 = PERSON_AND_ORGANIZATION_ROLE ( 'design_supplier' ) ;
#914 = CARTESIAN_POINT ( 'NONE',  ( -41.92999999999999972, 0.04000000000000000083, 0.9000000000000000222 ) ) ;
#915 = CARTESIAN_POINT ( 'NONE',  ( 56.21999999999999886, 10.99000000000000021, 3.649999999999999911 ) ) ;
#916 = ORIENTED_EDGE ( 'NONE', *, *, #5426, .F. ) ;
#917 = VERTEX_POINT ( 'NONE', #3690 ) ;
#918 = VECTOR ( 'NONE', #2706, 1000.000000000000000 ) ;
#919 = CYLINDRICAL_SURFACE ( 'NONE', #4880, 0.5000000000000004441 ) ;
#920 = CARTESIAN_POINT ( 'NONE',  ( 55.69877758413399249, 4.012207176870999703, 12.19599974182900048 ) ) ;
#921 = EDGE_CURVE ( 'NONE', #3933, #5269, #2348, .T. ) ;
#922 = FACE_OUTER_BOUND ( 'NONE', #3254, .T. ) ;
#923 = CARTESIAN_POINT ( 'NONE',  ( 55.65553828543399817, 1.022525397661999902, 12.13747185964599851 ) ) ;
#924 = CARTESIAN_POINT ( 'NONE',  ( 56.19970946825299762, 4.004044622830000399, 10.15189458736699812 ) ) ;
#925 = ORIENTED_EDGE ( 'NONE', *, *, #3059, .T. ) ;
#926 = ORIENTED_EDGE ( 'NONE', *, *, #2741, .F. ) ;
#927 = CARTESIAN_POINT ( 'NONE',  ( 48.52000000000000313, -9.553288498889999758, 0.09101299543362000033 ) ) ;
#928 = AXIS2_PLACEMENT_3D ( 'NONE', #4341, #1567, #4919 ) ;
#929 = DIRECTION ( 'NONE',  ( 0.000000000000000000, -1.000000000000000000, 0.000000000000000000 ) ) ;
#930 = CARTESIAN_POINT ( 'NONE',  ( 56.16999999999999460, -0.9638416356619998737, 12.20384163566200009 ) ) ;
#931 = ORIENTED_EDGE ( 'NONE', *, *, #4250, .F. ) ;
#932 = CARTESIAN_POINT ( 'NONE',  ( 57.17000000000000171, -0.9600000000000000755, 12.20000000000000107 ) ) ;
#933 = AXIS2_PLACEMENT_3D ( 'NONE', #969, #4733, #2776 ) ;
#934 = CIRCLE ( 'NONE', #4288, 0.4000000000000001887 ) ;
#935 = CARTESIAN_POINT ( 'NONE',  ( 56.21999999999999886, 3.439999999999999947, 8.200000000000001066 ) ) ;
#936 = CARTESIAN_POINT ( 'NONE',  ( 56.11418991761899377, -0.5021631712049999807, 12.20000000000699991 ) ) ;
#937 = DIRECTION ( 'NONE',  ( 0.000000000000000000, 1.000000000000000000, 0.000000000000000000 ) ) ;
#938 = CIRCLE ( 'NONE', #1736, 0.05000000000000012768 ) ;
#939 = ORIENTED_EDGE ( 'NONE', *, *, #878, .F. ) ;
#940 = ORIENTED_EDGE ( 'NONE', *, *, #209, .T. ) ;
#941 = ADVANCED_FACE ( 'NONE', ( #890 ), #3658, .T. ) ;
#942 = CARTESIAN_POINT ( 'NONE',  ( 56.17340217878300024, -0.9338119794939999663, 12.17069223992099936 ) ) ;
#943 = CARTESIAN_POINT ( 'NONE',  ( 56.21999999999999886, 3.439999999999999947, 8.149999999999998579 ) ) ;
#944 = DIRECTION ( 'NONE',  ( 0.000000000000000000, 0.000000000000000000, -1.000000000000000000 ) ) ;
#945 = CARTESIAN_POINT ( 'NONE',  ( 55.64341857971300698, 0.9707213979659999881, 12.23450721686500486 ) ) ;
#946 = CARTESIAN_POINT ( 'NONE',  ( 32.96999999999999886, 3.140000000000000124, 0.000000000000000000 ) ) ;
#947 = ORIENTED_EDGE ( 'NONE', *, *, #4574, .T. ) ;
#948 = EDGE_LOOP ( 'NONE', ( #2297, #3262, #4742, #3860, #776 ) ) ;
#949 = AXIS2_PLACEMENT_3D ( 'NONE', #4465, #5783, #5352 ) ;
#950 = CIRCLE ( 'NONE', #3507, 0.04999999999999969746 ) ;
#951 = CYLINDRICAL_SURFACE ( 'NONE', #2216, 0.05000000000000143219 ) ;
#952 = CARTESIAN_POINT ( 'NONE',  ( 55.68432656793599733, 4.067658861513000268, 12.13894417416500104 ) ) ;
#953 = CARTESIAN_POINT ( 'NONE',  ( 56.16973036623097926, -0.8975446047660697868, 12.16879198843150434 ) ) ;
#954 = CARTESIAN_POINT ( 'NONE',  ( 55.64250907136300128, 1.071151086558999932, 12.13747185964599851 ) ) ;
#955 = LINE ( 'NONE', #860, #5259 ) ;
#956 = AXIS2_PLACEMENT_3D ( 'NONE', #4198, #5094, #866 ) ;
#957 = ORIENTED_EDGE ( 'NONE', *, *, #4042, .T. ) ;
#958 = EDGE_CURVE ( 'NONE', #5341, #4328, #148, .T. ) ;
#959 = VERTEX_POINT ( 'NONE', #3856 ) ;
#960 = EDGE_CURVE ( 'NONE', #420, #3293, #4155, .T. ) ;
#961 = FACE_OUTER_BOUND ( 'NONE', #4515, .T. ) ;
#962 = CARTESIAN_POINT ( 'NONE',  ( 1.520000000000000018, 0.04000000000000000083, 0.9499999999999999556 ) ) ;
#963 = FACE_OUTER_BOUND ( 'NONE', #1737, .T. ) ;
#964 = ORIENTED_EDGE ( 'NONE', *, *, #378, .F. ) ;
#965 = CARTESIAN_POINT ( 'NONE',  ( 52.54356808847602167, 11.00828170617199930, 1.000000000000000000 ) ) ;
#966 = ORIENTED_EDGE ( 'NONE', *, *, #1857, .T. ) ;
#967 = ADVANCED_FACE ( 'NONE', ( #29 ), #4658, .T. ) ;
#968 = CARTESIAN_POINT ( 'NONE',  ( 56.16999999999999460, 1.037270555095999969, 10.20272944490400135 ) ) ;
#969 = CARTESIAN_POINT ( 'NONE',  ( -44.18000000001999439, -8.458879989360001517, 0.000000000000000000 ) ) ;
#970 = EDGE_CURVE ( 'NONE', #4975, #4216, #2889, .T. ) ;
#971 = DIRECTION ( 'NONE',  ( 0.000000000000000000, 0.000000000000000000, 1.000000000000000000 ) ) ;
#972 = EDGE_CURVE ( 'NONE', #1813, #436, #2007, .T. ) ;
#973 = ORIENTED_EDGE ( 'NONE', *, *, #3028, .T. ) ;
#974 = ORIENTED_EDGE ( 'NONE', *, *, #5774, .F. ) ;
#975 = AXIS2_PLACEMENT_3D ( 'NONE', #5328, #73, #5758 ) ;
#976 = CARTESIAN_POINT ( 'NONE',  ( 56.16825983213900031, -0.9472743526000000358, 12.20936459368600069 ) ) ;
#977 = CARTESIAN_POINT ( 'NONE',  ( 20.57000000000000028, 3.140000000000000124, 0.9499999999999999556 ) ) ;
#978 = DATE_AND_TIME ( #1008, #1289 ) ;
#979 = CARTESIAN_POINT ( 'NONE',  ( 1.520000000000000018, 0.04000000000000000083, 0.000000000000000000 ) ) ;
#980 = LINE ( 'NONE', #2911, #4461 ) ;
#981 = CARTESIAN_POINT ( 'NONE',  ( 20.57000000000000028, 3.189999999999999947, 0.9499999999999999556 ) ) ;
#982 = VERTEX_POINT ( 'NONE', #455 ) ;
#983 = VECTOR ( 'NONE', #3522, 1000.000000000000000 ) ;
#984 = ORIENTED_EDGE ( 'NONE', *, *, #5225, .T. ) ;
#985 = VECTOR ( 'NONE', #2736, 1000.000000000000000 ) ;
#986 = CARTESIAN_POINT ( 'NONE',  ( 9.895000000000001350, 0.03999999999999980654, 0.9499999999999999556 ) ) ;
#987 = CARTESIAN_POINT ( 'NONE',  ( 56.20901012017299792, 5.939021021297000047, 12.19857895463599995 ) ) ;
#988 = DIRECTION ( 'NONE',  ( 0.000000000000000000, 0.7071067811870476172, -0.7071067811860475283 ) ) ;
#989 = DIRECTION ( 'NONE',  ( 1.000000000000000000, 0.000000000000000000, 0.000000000000000000 ) ) ;
#990 = CARTESIAN_POINT ( 'NONE',  ( 56.16999999999999460, 3.989999999999999769, 10.25000000000000000 ) ) ;
#991 = ORIENTED_EDGE ( 'NONE', *, *, #5597, .T. ) ;
#992 = VECTOR ( 'NONE', #1826, 1000.000000000000114 ) ;
#993 = ADVANCED_FACE ( 'NONE', ( #5600 ), #1286, .T. ) ;
#994 = AXIS2_PLACEMENT_3D ( 'NONE', #2751, #1385, #5227 ) ;
#995 = DIRECTION ( 'NONE',  ( -0.9999988849584567907, -0.001493345855160278617, 0.000000000000000000 ) ) ;
#996 = CARTESIAN_POINT ( 'NONE',  ( 55.74887779867426474, 4.307095198582070239, 12.13747185964598430 ) ) ;
#997 = DIRECTION ( 'NONE',  ( 1.000000000000000000, 0.000000000000000000, 0.000000000000000000 ) ) ;
#998 = VERTEX_POINT ( 'NONE', #3040 ) ;
#999 = CYLINDRICAL_SURFACE ( 'NONE', #1240, 0.7999999999999999334 ) ;
#1000 = VERTEX_POINT ( 'NONE', #4900 ) ;
#1001 = LINE ( 'NONE', #968, #2326 ) ;
#1002 = CARTESIAN_POINT ( 'NONE',  ( 56.17117088349600351, -0.7148190312579999484, 12.19999999998699991 ) ) ;
#1003 = CARTESIAN_POINT ( 'NONE',  ( 52.58733363132400029, 10.98269786082999921, 1.000000000000000000 ) ) ;
#1004 = ORIENTED_EDGE ( 'NONE', *, *, #3893, .F. ) ;
#1005 =( BOUNDED_CURVE ( )  B_SPLINE_CURVE ( 3, ( #1600, #5291, #3915, #5319 ),
 .UNSPECIFIED., .F., .F. ) 
 B_SPLINE_CURVE_WITH_KNOTS ( ( 4, 4 ),
 ( 0.000000000000000000, 1.570796326794896558 ),
 .UNSPECIFIED. ) 
 CURVE ( )  GEOMETRIC_REPRESENTATION_ITEM ( )  RATIONAL_B_SPLINE_CURVE ( ( 1.000000000000000000, 0.8047378541243649375, 0.8047378541243649375, 1.000000000000000000 ) ) 
 REPRESENTATION_ITEM ( '' )  );
#1006 = ADVANCED_FACE ( 'NONE', ( #2540 ), #1112, .T. ) ;
#1007 = CARTESIAN_POINT ( 'NONE',  ( -6.729999999999999538, 2.339999999999999858, 0.9499999999999999556 ) ) ;
#1008 = CALENDAR_DATE ( 2026, 8, 1 ) ;
#1009 = CARTESIAN_POINT ( 'NONE',  ( 55.65202486653899427, 4.008163275343000542, 12.20000000000000107 ) ) ;
#1010 = CARTESIAN_POINT ( 'NONE',  ( 55.70648523277700548, 0.9701865999490000281, 12.25083485753700074 ) ) ;
#1011 = LINE ( 'NONE', #3353, #1949 ) ;
#1012 = ORIENTED_EDGE ( 'NONE', *, *, #1760, .F. ) ;
#1013 = ORIENTED_EDGE ( 'NONE', *, *, #4961, .F. ) ;
#1014 = FACE_OUTER_BOUND ( 'NONE', #5787, .T. ) ;
#1015 = CARTESIAN_POINT ( 'NONE',  ( 56.18099738223200035, 5.962665016069999879, 12.21957129811499954 ) ) ;
#1016 = CARTESIAN_POINT ( 'NONE',  ( 1.520000000000000018, 0.04000000000000000083, 0.000000000000000000 ) ) ;
#1017 = CARTESIAN_POINT ( 'NONE',  ( -44.18000000001999439, -8.458879989360001517, 0.000000000000000000 ) ) ;
#1018 = CIRCLE ( 'NONE', #3871, 0.1000000000000000056 ) ;
#1019 = CARTESIAN_POINT ( 'NONE',  ( 56.16999999999999460, 3.960710678118656070, 10.22071067811865674 ) ) ;
#1020 = VERTEX_POINT ( 'NONE', #4927 ) ;
#1021 = LINE ( 'NONE', #2894, #5206 ) ;
#1022 = EDGE_CURVE ( 'NONE', #5231, #4998, #236, .T. ) ;
#1023 = CARTESIAN_POINT ( 'NONE',  ( 56.16396486015599976, 5.856221201561999656, 12.13747185964799868 ) ) ;
#1024 = LINE ( 'NONE', #2896, #5532 ) ;
#1025 = VERTEX_POINT ( 'NONE', #5525 ) ;
#1026 = CARTESIAN_POINT ( 'NONE',  ( 56.25842814411900150, -0.9600000000000000755, 12.20000000000000107 ) ) ;
#1027 = EDGE_LOOP ( 'NONE', ( #4147, #3277, #5467, #4097 ) ) ;
#1028 = AXIS2_PLACEMENT_3D ( 'NONE', #2402, #2019, #4387 ) ;
#1029 = CARTESIAN_POINT ( 'NONE',  ( 55.71238026976200075, 3.983861941021999975, 12.20000000000000107 ) ) ;
#1030 = DIRECTION ( 'NONE',  ( 0.000000000000000000, 1.000000000000000000, 0.000000000000000000 ) ) ;
#1031 = LINE ( 'NONE', #2905, #150 ) ;
#1032 = VERTEX_POINT ( 'NONE', #3595 ) ;
#1033 = VECTOR ( 'NONE', #4452, 1000.000000000000000 ) ;
#1034 = ORIENTED_EDGE ( 'NONE', *, *, #228, .F. ) ;
#1035 = ADVANCED_FACE ( 'NONE', ( #4952 ), #722, .F. ) ;
#1036 = ADVANCED_FACE ( 'NONE', ( #268 ), #1753, .F. ) ;
#1037 = LINE ( 'NONE', #1127, #5833 ) ;
#1038 = LINE ( 'NONE', #1881, #2220 ) ;
#1039 = VECTOR ( 'NONE', #5084, 1000.000000000000000 ) ;
#1040 = CARTESIAN_POINT ( 'NONE',  ( 42.89500000000000313, 0.03999999999999960532, 1.000000000000000000 ) ) ;
#1041 = DIRECTION ( 'NONE',  ( 1.000000000000000000, 0.000000000000000000, 0.000000000000000000 ) ) ;
#1042 = ORIENTED_EDGE ( 'NONE', *, *, #5683, .T. ) ;
#1043 = ORIENTED_EDGE ( 'NONE', *, *, #5647, .T. ) ;
#1044 = VECTOR ( 'NONE', #2596, 1000.000000000000000 ) ;
#1045 = DIRECTION ( 'NONE',  ( 0.000000000000000000, 0.000000000000000000, -1.000000000000000000 ) ) ;
#1046 = CARTESIAN_POINT ( 'NONE',  ( 55.71490292967499869, 4.008197252816999345, 12.20000000000000107 ) ) ;
#1047 = CARTESIAN_POINT ( 'NONE',  ( 56.16999999999999460, -0.8974718596459999587, 12.13747185964599851 ) ) ;
#1048 = LINE ( 'NONE', #1953, #5766 ) ;
#1049 = CARTESIAN_POINT ( 'NONE',  ( 56.21999999999999886, 5.890000000000000568, 5.689999999999999503 ) ) ;
#1050 = EDGE_CURVE ( 'NONE', #233, #6005, #2659, .T. ) ;
#1051 = VERTEX_POINT ( 'NONE', #2202 ) ;
#1052 = AXIS2_PLACEMENT_3D ( 'NONE', #3827, #609, #3359 ) ;
#1053 = DIRECTION ( 'NONE',  ( 1.000000000000000000, 0.000000000000000000, 0.000000000000000000 ) ) ;
#1054 = CARTESIAN_POINT ( 'NONE',  ( 55.94173909288499402, 5.026863347379999958, 12.13747185964599851 ) ) ;
#1055 = AXIS2_PLACEMENT_3D ( 'NONE', #2312, #4726, #11 ) ;
#1056 = VECTOR ( 'NONE', #4458, 1000.000000000000000 ) ;
#1057 = CARTESIAN_POINT ( 'NONE',  ( 56.21999999999999886, 1.539999999999999813, 8.149999999999998579 ) ) ;
#1058 = EDGE_LOOP ( 'NONE', ( #3276, #2742, #5611, #85 ) ) ;
#1059 = ADVANCED_FACE ( 'NONE', ( #5558 ), #2283, .T. ) ;
#1060 = ORIENTED_EDGE ( 'NONE', *, *, #1802, .F. ) ;
#1061 = CARTESIAN_POINT ( 'NONE',  ( 55.98849474921100722, 5.014335207025999885, 12.20000000000000107 ) ) ;
#1062 = CARTESIAN_POINT ( 'NONE',  ( 55.92045463330700272, 0.2208667529520000339, 12.20000000000000107 ) ) ;
#1063 = DIRECTION ( 'NONE',  ( 1.000000000000000000, 0.000000000000000000, 0.000000000000000000 ) ) ;
#1064 = ORIENTED_EDGE ( 'NONE', *, *, #4626, .T. ) ;
#1065 = EDGE_CURVE ( 'NONE', #5080, #258, #3099, .T. ) ;
#1066 = ORIENTED_EDGE ( 'NONE', *, *, #5954, .F. ) ;
#1067 = CARTESIAN_POINT ( 'NONE',  ( -19.13000000000000256, -3.059999999999999609, 0.000000000000000000 ) ) ;
#1068 = CARTESIAN_POINT ( 'NONE',  ( -0.1049999999999998435, 0.03999999999999980654, 0.000000000000000000 ) ) ;
#1069 = CARTESIAN_POINT ( 'NONE',  ( -50.92999999999999972, -4.959999999999999964, 0.9000000000000000222 ) ) ;
#1070 = ORIENTED_EDGE ( 'NONE', *, *, #514, .T. ) ;
#1071 = ORIENTED_EDGE ( 'NONE', *, *, #1123, .F. ) ;
#1072 = AXIS2_PLACEMENT_3D ( 'NONE', #3515, #1671, #3108 ) ;
#1073 = CARTESIAN_POINT ( 'NONE',  ( 41.21999999999999886, 0.04000000000000000083, 0.9499999999999999556 ) ) ;
#1074 = CARTESIAN_POINT ( 'NONE',  ( 56.17610911388200634, 5.894708971507999884, 12.14725664064499888 ) ) ;
#1075 = CARTESIAN_POINT ( 'NONE',  ( -33.32999999999999829, 4.639999999999999680, 1.000000000000000000 ) ) ;
#1076 = VECTOR ( 'NONE', #1548, 1000.000000000000000 ) ;
#1077 = LINE ( 'NONE', #4254, #4894 ) ;
#1078 = CARTESIAN_POINT ( 'NONE',  ( 56.16999999999999460, 5.890000000000000568, 5.689999999999999503 ) ) ;
#1079 = ORIENTED_EDGE ( 'NONE', *, *, #5012, .F. ) ;
#1080 = DIRECTION ( 'NONE',  ( 0.000000000000000000, 0.000000000000000000, -1.000000000000000000 ) ) ;
#1081 = AXIS2_PLACEMENT_3D ( 'NONE', #3173, #5848, #1644 ) ;
#1082 = FACE_OUTER_BOUND ( 'NONE', #5511, .T. ) ;
#1083 = CARTESIAN_POINT ( 'NONE',  ( 56.08988960441299554, 5.579768583499999934, 12.13747185964999886 ) ) ;
#1084 = EDGE_CURVE ( 'NONE', #1405, #2985, #1313, .T. ) ;
#1086 = DIRECTION ( 'NONE',  ( 0.000000000000000000, -1.000000000000000000, 0.000000000000000000 ) ) ;
#1085 = AXIS2_PLACEMENT_3D ( 'NONE', #431, #463, #1862 ) ;
#1087 = ORIENTED_EDGE ( 'NONE', *, *, #2495, .F. ) ;
#1088 = PLANE ( 'NONE',  #195 ) ;
#1089 = ORIENTED_EDGE ( 'NONE', *, *, #2308, .T. ) ;
#1090 = LOCAL_TIME ( 23, 21, 37.00000000000000000, #3960 ) ;
#1091 = CARTESIAN_POINT ( 'NONE',  ( 56.19393858291899591, -0.9761228011489999634, 12.20887916556499952 ) ) ;
#1092 = CARTESIAN_POINT ( 'NONE',  ( 56.01128713559999994, 5.099397551043999499, 12.20000000000099938 ) ) ;
#1093 = CARTESIAN_POINT ( 'NONE',  ( 56.06319841936698367, -0.5614110747490004272, 12.19999999999999751 ) ) ;
#1094 = CARTESIAN_POINT ( 'NONE',  ( 48.54928932188132507, -9.740705122810561889, -0.9718794964987869101 ) ) ;
#1095 = ORIENTED_EDGE ( 'NONE', *, *, #241, .T. ) ;
#1096 = EDGE_LOOP ( 'NONE', ( #2032, #2340, #1961, #5747, #18, #939 ) ) ;
#1097 = ADVANCED_FACE ( 'NONE', ( #1292 ), #3175, .T. ) ;
#1098 = DIRECTION ( 'NONE',  ( 0.000000000000000000, 0.000000000000000000, 1.000000000000000000 ) ) ;
#1099 = DIRECTION ( 'NONE',  ( 0.000000000000000000, 0.000000000000000000, 1.000000000000000000 ) ) ;
#1100 = EDGE_CURVE ( 'NONE', #2332, #4059, #3651, .T. ) ;
#1101 = CARTESIAN_POINT ( 'NONE',  ( 55.95347232932800097, -0.08937959146842000546, 12.13747185964500019 ) ) ;
#1102 = EDGE_LOOP ( 'NONE', ( #4469, #379, #3543, #5108 ) ) ;
#1103 = ORIENTED_EDGE ( 'NONE', *, *, #4224, .T. ) ;
#1104 = CARTESIAN_POINT ( 'NONE',  ( 56.16966295674399845, 3.942744372825999655, 10.20272944490400135 ) ) ;
#1105 = DIRECTION ( 'NONE',  ( 1.400000000000000069E-16, -1.000000000000000000, 0.000000000000000000 ) ) ;
#1106 = CARTESIAN_POINT ( 'NONE',  ( 56.18716966057800732, 5.950163972511000487, 12.20193943855699992 ) ) ;
#1107 = PLANE ( 'NONE',  #6055 ) ;
#1108 = LINE ( 'NONE', #3858, #2937 ) ;
#1109 = LINE ( 'NONE', #5666, #4624 ) ;
#1110 = ORIENTED_EDGE ( 'NONE', *, *, #325, .T. ) ;
#1111 = EDGE_CURVE ( 'NONE', #2867, #5771, #1721, .T. ) ;
#1112 = TOROIDAL_SURFACE ( 'NONE', #5432, 0.8499999999999999778, 0.05000000000000000278 ) ;
#1113 = EDGE_CURVE ( 'NONE', #1930, #1833, #755, .T. ) ;
#1114 = CARTESIAN_POINT ( 'NONE',  ( 56.07000000000000028, -6.959999999999999964, 1.100000000000000089 ) ) ;
#1115 = PLANE ( 'NONE',  #5453 ) ;
#1116 = EDGE_LOOP ( 'NONE', ( #1043, #5806, #2695, #1715 ) ) ;
#1117 = CIRCLE ( 'NONE', #3077, 0.05000000000000143219 ) ;
#1118 = ORIENTED_EDGE ( 'NONE', *, *, #1684, .T. ) ;
#1119 = CARTESIAN_POINT ( 'NONE',  ( 56.23902057909500485, -0.9308035761930000263, 12.19022760694700125 ) ) ;
#1120 = CARTESIAN_POINT ( 'NONE',  ( 55.70456274131900187, 3.954686527684000641, 12.20000000000000107 ) ) ;
#1121 = CARTESIAN_POINT ( 'NONE',  ( 55.96063268062999896, -0.1786305266649999002, 12.19999999999999751 ) ) ;
#1122 = CARTESIAN_POINT ( 'NONE',  ( 56.21675565632700255, -0.8849437192909999084, 12.20000000000000107 ) ) ;
#1123 = EDGE_CURVE ( 'NONE', #4689, #1390, #4263, .T. ) ;
#1124 = ORIENTED_EDGE ( 'NONE', *, *, #6027, .F. ) ;
#1125 = VECTOR ( 'NONE', #5433, 1000.000000000000000 ) ;
#1126 = ORIENTED_EDGE ( 'NONE', *, *, #2583, .T. ) ;
#1127 = CARTESIAN_POINT ( 'NONE',  ( -43.43000000000000682, -8.759493741312001092, -1.165923710546999947 ) ) ;
#1128 = CALENDAR_DATE ( 2026, 8, 1 ) ;
#1129 = DIRECTION ( 'NONE',  ( 0.000000000000000000, 1.000000000000000000, 0.000000000000000000 ) ) ;
#1130 = CARTESIAN_POINT ( 'NONE',  ( 56.05033997147200608, -0.4508945535480000100, 12.13747185964500019 ) ) ;
#1131 = ORIENTED_EDGE ( 'NONE', *, *, #4888, .T. ) ;
#1132 = CIRCLE ( 'NONE', #1530, 1.699999999999999956 ) ;
#1133 = VERTEX_POINT ( 'NONE', #1260 ) ;
#1134 = EDGE_CURVE ( 'NONE', #3303, #1025, #3965, .T. ) ;
#1135 = AXIS2_PLACEMENT_3D ( 'NONE', #3273, #5127, #5221 ) ;
#1136 = VECTOR ( 'NONE', #1503, 1000.000000000000000 ) ;
#1137 = CARTESIAN_POINT ( 'NONE',  ( 57.16966295674399845, 3.942744372825999655, 10.20272944490400135 ) ) ;
#1138 = CARTESIAN_POINT ( 'NONE',  ( 56.18558540873600293, 5.909713664955000390, 12.10358229878499969 ) ) ;
#1139 = CARTESIAN_POINT ( 'NONE',  ( 32.16999999999999460, 3.140000000000000124, 0.000000000000000000 ) ) ;
#1140 = DIRECTION ( 'NONE',  ( 0.000000000000000000, 0.000000000000000000, -1.000000000000000000 ) ) ;
#1141 = DIRECTION ( 'NONE',  ( 0.000000000000000000, -1.000000000000000000, 0.000000000000000000 ) ) ;
#1142 = DIRECTION ( 'NONE',  ( 0.000000000000000000, 0.000000000000000000, 1.000000000000000000 ) ) ;
#1143 = ORIENTED_EDGE ( 'NONE', *, *, #2886, .T. ) ;
#1144 = FACE_OUTER_BOUND ( 'NONE', #2893, .T. ) ;
#1145 = AXIS2_PLACEMENT_3D ( 'NONE', #3322, #1982, #120 ) ;
#1146 = FACE_OUTER_BOUND ( 'NONE', #2788, .T. ) ;
#1147 = CIRCLE ( 'NONE', #4296, 0.5000000000000000000 ) ;
#1148 = CARTESIAN_POINT ( 'NONE',  ( 56.25596895991499480, 3.940342190725000471, 10.12938967012100200 ) ) ;
#1149 = ORIENTED_EDGE ( 'NONE', *, *, #500, .T. ) ;
#1150 = VECTOR ( 'NONE', #214, 1000.000000000000000 ) ;
#1151 = EDGE_CURVE ( 'NONE', #4020, #1552, #5925, .T. ) ;
#1152 = EDGE_CURVE ( 'NONE', #78, #1306, #2176, .T. ) ;
#1153 = EDGE_LOOP ( 'NONE', ( #4507, #4434, #5327, #2390, #554, #5594 ) ) ;
#1154 = AXIS2_PLACEMENT_3D ( 'NONE', #3531, #2969, #4979 ) ;
#1155 = FACE_OUTER_BOUND ( 'NONE', #100, .T. ) ;
#1156 = DIRECTION ( 'NONE',  ( 0.000000000000000000, 0.1736481776670334987, 0.9848077530121900347 ) ) ;
#1157 = CARTESIAN_POINT ( 'NONE',  ( 56.11414424548502211, 5.732816276711999670, 12.20000000000000107 ) ) ;
#1158 = CARTESIAN_POINT ( 'NONE',  ( 56.08029270915700693, -0.6252078327629999599, 12.20000000000000284 ) ) ;
#1159 = DIRECTION ( 'NONE',  ( 0.000000000000000000, 0.000000000000000000, 1.000000000000000000 ) ) ;
#1160 = VECTOR ( 'NONE', #2434, 1000.000000000000000 ) ;
#1161 = VERTEX_POINT ( 'NONE', #3161 ) ;
#1162 = ADVANCED_FACE ( 'NONE', ( #785 ), #5042, .T. ) ;
#1163 = APPROVAL_DATE_TIME ( #2558, #2652 ) ;
#1164 = LINE ( 'NONE', #5861, #5941 ) ;
#1165 = EDGE_CURVE ( 'NONE', #4537, #1025, #4584, .T. ) ;
#1166 = CARTESIAN_POINT ( 'NONE',  ( 56.06743426129300190, -0.5146913115590000531, 12.13747185965199904 ) ) ;
#1167 = ORIENTED_EDGE ( 'NONE', *, *, #1350, .T. ) ;
#1168 = ORIENTED_EDGE ( 'NONE', *, *, #161, .T. ) ;
#1169 = DIRECTION ( 'NONE',  ( 1.000000000000000000, 0.000000000000000000, 0.000000000000000000 ) ) ;
#1170 = CARTESIAN_POINT ( 'NONE',  ( 11.52000000000000135, 0.04000000000000000083, 0.000000000000000000 ) ) ;
#1171 = CARTESIAN_POINT ( 'NONE',  ( 56.15334224228799798, 5.863490241701999395, 12.14229011674100001 ) ) ;
#1172 = CARTESIAN_POINT ( 'NONE',  ( 50.07000000000000028, -8.459999970576999928, 0.9499999999999999556 ) ) ;
#1173 = FACE_OUTER_BOUND ( 'NONE', #5895, .T. ) ;
#1174 = CARTESIAN_POINT ( 'NONE',  ( -60.92999999999999972, 3.340000000000000302, 0.000000000000000000 ) ) ;
#1175 = CIRCLE ( 'NONE', #3229, 1.100000000000000089 ) ;
#1176 = ORIENTED_EDGE ( 'NONE', *, *, #2592, .T. ) ;
#1177 = CIRCLE ( 'NONE', #4118, 0.05000000000000002359 ) ;
#1178 = DIRECTION ( 'NONE',  ( 1.000000000000000000, 0.000000000000000000, 0.000000000000000000 ) ) ;
#1179 = CARTESIAN_POINT ( 'NONE',  ( -19.92999999999999972, -2.259999999999999787, 0.9499999999999999556 ) ) ;
#1180 = ADVANCED_FACE ( 'NONE', ( #1383 ), #3749, .F. ) ;
#1181 = EDGE_LOOP ( 'NONE', ( #3456, #3771, #5160, #616 ) ) ;
#1182 = VECTOR ( 'NONE', #4968, 1000.000000000000000 ) ;
#1183 = ORIENTED_EDGE ( 'NONE', *, *, #1165, .F. ) ;
#1184 = CIRCLE ( 'NONE', #5022, 1.625000000000000222 ) ;
#1185 = CARTESIAN_POINT ( 'NONE',  ( 56.15367928554400123, -0.8834753137799999934, 12.14229011674100001 ) ) ;
#1186 = CYLINDRICAL_SURFACE ( 'NONE', #2846, 0.04999999999999911460 ) ;
#1187 = CARTESIAN_POINT ( 'NONE',  ( 55.63956920709001253, 3.961678121437000044, 12.19999999999999751 ) ) ;
#1188 = CARTESIAN_POINT ( 'NONE',  ( 55.76090792860499334, 0.8163031610830000506, 12.20000000000000107 ) ) ;
#1189 = DIRECTION ( 'NONE',  ( 1.000000000000000000, -2.418604846313817773E-16, 0.000000000000000000 ) ) ;
#1190 = CC_DESIGN_APPROVAL ( #5738, ( #3745 ) ) ;
#1191 = VERTEX_POINT ( 'NONE', #1007 ) ;
#1192 = DIRECTION ( 'NONE',  ( 0.000000000000000000, 0.000000000000000000, -1.000000000000000000 ) ) ;
#1193 = CARTESIAN_POINT ( 'NONE',  ( -60.92999999999999972, 5.040000000000000036, 0.000000000000000000 ) ) ;
#1194 = CARTESIAN_POINT ( 'NONE',  ( 55.99905710209700516, -0.2595042795060000240, 12.13747185964399833 ) ) ;
#1195 = ORIENTED_EDGE ( 'NONE', *, *, #5647, .F. ) ;
#1196 = ORIENTED_EDGE ( 'NONE', *, *, #1703, .F. ) ;
#1197 = DIRECTION ( 'NONE',  ( 0.000000000000000000, 0.000000000000000000, 1.000000000000000000 ) ) ;
#1198 = CARTESIAN_POINT ( 'NONE',  ( 56.15430843224400093, 5.916178713896999675, 12.16506251572099906 ) ) ;
#1199 = CARTESIAN_POINT ( 'NONE',  ( 55.81265363910682709, 4.545109875374313546, 12.13747185964529329 ) ) ;
#1200 = CYLINDRICAL_SURFACE ( 'NONE', #949, 0.05000000000000002359 ) ;
#1201 = DIRECTION ( 'NONE',  ( 1.000000000000000000, 0.000000000000000000, 0.000000000000000000 ) ) ;
#1202 = CARTESIAN_POINT ( 'NONE',  ( -19.98000000000000043, -2.259999999999999787, 0.9499999999999999556 ) ) ;
#1203 = CARTESIAN_POINT ( 'NONE',  ( 56.16966295475619830, 5.943680761930720813, 12.20365685039255865 ) ) ;
#1204 = ORIENTED_EDGE ( 'NONE', *, *, #4766, .T. ) ;
#1205 = DIRECTION ( 'NONE',  ( 0.7071067742510362963, -0.7071067881220586271, 0.000000000000000000 ) ) ;
#1206 = CARTESIAN_POINT ( 'NONE',  ( 55.82635512658901433, 3.986131484205997833, 11.52735882106000354 ) ) ;
#1207 = VERTEX_POINT ( 'NONE', #3218 ) ;
#1208 = ORIENTED_EDGE ( 'NONE', *, *, #3242, .T. ) ;
#1209 = AXIS2_PLACEMENT_3D ( 'NONE', #5907, #4151, #1236 ) ;
#1210 = EDGE_CURVE ( 'NONE', #265, #1947, #5342, .T. ) ;
#1211 = CARTESIAN_POINT ( 'NONE',  ( -19.98000000000000043, 2.339999999999999858, 1.000000000000000000 ) ) ;
#1212 = CARTESIAN_POINT ( 'NONE',  ( 57.17000000000000171, -5.459999999999999964, 10.69999999999999929 ) ) ;
#1213 = CARTESIAN_POINT ( 'NONE',  ( 55.94889944418002869, 5.116114282576998740, 12.20000000000000284 ) ) ;
#1214 = CARTESIAN_POINT ( 'NONE',  ( 55.73694465866299907, 0.7187126767090000756, 12.13747185964599851 ) ) ;
#1215 = DIRECTION ( 'NONE',  ( 0.000000000000000000, 0.000000000000000000, -1.000000000000000000 ) ) ;
#1216 = VECTOR ( 'NONE', #5194, 1000.000000000000000 ) ;
#1217 = ORIENTED_EDGE ( 'NONE', *, *, #4348, .T. ) ;
#1218 = LINE ( 'NONE', #3558, #1125 ) ;
#1219 = DIRECTION ( 'NONE',  ( 1.000000000000000000, 0.000000000000000000, 0.000000000000000000 ) ) ;
#1220 = CARTESIAN_POINT ( 'NONE',  ( 55.81299068236283745, 0.4349050525469379536, 12.13747185964529685 ) ) ;
#1221 = ORIENTED_EDGE ( 'NONE', *, *, #4783, .T. ) ;
#1222 = ORIENTED_EDGE ( 'NONE', *, *, #2952, .F. ) ;
#1223 = ADVANCED_FACE ( 'NONE', ( #5103 ), #1878, .T. ) ;
#1224 = ADVANCED_FACE ( 'NONE', ( #6047 ), #5621, .F. ) ;
#1225 = AXIS2_PLACEMENT_3D ( 'NONE', #2033, #3906, #2996 ) ;
#1226 = DIRECTION ( 'NONE',  ( 0.000000000000000000, 0.7071067811865474617, 0.7071067811865474617 ) ) ;
#1227 = DIRECTION ( 'NONE',  ( 0.000000000000000000, 0.000000000000000000, 1.000000000000000000 ) ) ;
#1228 = DIRECTION ( 'NONE',  ( 0.000000000000000000, 1.000000000000000000, 0.000000000000000000 ) ) ;
#1229 = CARTESIAN_POINT ( 'NONE',  ( 55.65236190979499753, 0.9718516525779999915, 12.20000000000000107 ) ) ;
#1230 = AXIS2_PLACEMENT_3D ( 'NONE', #4125, #2732, #3197 ) ;
#1231 = FACE_OUTER_BOUND ( 'NONE', #4809, .T. ) ;
#1232 = DIRECTION ( 'NONE',  ( 0.000000000000000000, 0.000000000000000000, 1.000000000000000000 ) ) ;
#1233 = PLANE ( 'NONE',  #2943 ) ;
#1234 = ORIENTED_EDGE ( 'NONE', *, *, #1800, .T. ) ;
#1235 = VECTOR ( 'NONE', #5460, 1000.000000000000000 ) ;
#1236 = DIRECTION ( 'NONE',  ( 1.000000000000000000, -1.355252715606841839E-16, 0.000000000000000000 ) ) ;
#1237 = CARTESIAN_POINT ( 'NONE',  ( 56.21999999999999886, 11.03999999999999915, 3.700000000000000178 ) ) ;
#1238 = ADVANCED_FACE ( 'NONE', ( #23 ), #880, .T. ) ;
#1239 = CARTESIAN_POINT ( 'NONE',  ( 55.89839827062107958, 4.678090571351220639, 12.20000000000000107 ) ) ;
#1240 = AXIS2_PLACEMENT_3D ( 'NONE', #2866, #43, #4757 ) ;
#1241 = ORIENTED_EDGE ( 'NONE', *, *, #3292, .T. ) ;
#1242 = CARTESIAN_POINT ( 'NONE',  ( 56.21999999999999886, 9.539999999999999147, 10.69999999999999929 ) ) ;
#1243 = ORIENTED_EDGE ( 'NONE', *, *, #192, .F. ) ;
#1244 = DIRECTION ( 'NONE',  ( 0.000000000000000000, 0.000000000000000000, -1.000000000000000000 ) ) ;
#1245 = DIRECTION ( 'NONE',  ( 0.000000000000000000, -1.000000000000000000, 0.000000000000000000 ) ) ;
#1246 = CARTESIAN_POINT ( 'NONE',  ( 55.74376796670499346, 4.350553186408996353, 12.20000000000000284 ) ) ;
#1247 = CARTESIAN_POINT ( 'NONE',  ( 56.07883045449700177, -0.5572224835669999932, 12.13747185965500108 ) ) ;
#1248 = CARTESIAN_POINT ( 'NONE',  ( -44.97999999999999687, -9.910000000000000142, 1.000000000000000000 ) ) ;
#1249 = EDGE_CURVE ( 'NONE', #5436, #3933, #4782, .T. ) ;
#1250 = VECTOR ( 'NONE', #5591, 1000.000000000000000 ) ;
#1251 = VERTEX_POINT ( 'NONE', #5684 ) ;
#1252 = VECTOR ( 'NONE', #3511, 1000.000000000000000 ) ;
#1253 = DIRECTION ( 'NONE',  ( 0.000000000000000000, 0.000000000000000000, -1.000000000000000000 ) ) ;
#1254 = CARTESIAN_POINT ( 'NONE',  ( 56.21999999999999886, 7.929999999999999716, 5.709999999999999964 ) ) ;
#1255 = CIRCLE ( 'NONE', #4407, 1.050000000000000044 ) ;
#1256 = LINE ( 'NONE', #382, #1351 ) ;
#1257 = EDGE_CURVE ( 'NONE', #3480, #4936, #1117, .T. ) ;
#1258 = VERTEX_POINT ( 'NONE', #5132 ) ;
#1259 = DIRECTION ( 'NONE',  ( -0.8000000000000000444, -0.5999999999999999778, 0.000000000000000000 ) ) ;
#1260 = CARTESIAN_POINT ( 'NONE',  ( -19.13000000000000256, -3.109999999999999876, 1.000000000000000000 ) ) ;
#1261 = DIRECTION ( 'NONE',  ( 0.000000000000000000, -1.000000000000000000, 0.000000000000000000 ) ) ;
#1262 = CARTESIAN_POINT ( 'NONE',  ( -53.90169048105000371, -4.910000000000000142, 1.000000000000000000 ) ) ;
#1263 = CYLINDRICAL_SURFACE ( 'NONE', #6020, 0.7999999999999999334 ) ;
#1264 = DIRECTION ( 'NONE',  ( 0.000000000000000000, 1.000000000000000000, 0.000000000000000000 ) ) ;
#1265 = LINE ( 'NONE', #1607, #289 ) ;
#1266 = ORIENTED_EDGE ( 'NONE', *, *, #4802, .F. ) ;
#1267 = DIRECTION ( 'NONE',  ( 0.000000000000000000, 1.000000000000000000, 0.000000000000000000 ) ) ;
#1268 = CARTESIAN_POINT ( 'NONE',  ( 56.09709562779799796, -0.4383664131930000152, 12.20000000000000107 ) ) ;
#1269 = CARTESIAN_POINT ( 'NONE',  ( -60.87999999999999545, 3.340000000000000302, 1.000000000000000000 ) ) ;
#1270 = CARTESIAN_POINT ( 'NONE',  ( 57.17000000000000171, 1.037270555095999969, 10.20272944490400135 ) ) ;
#1271 = ORIENTED_EDGE ( 'NONE', *, *, #878, .T. ) ;
#1272 = VERTEX_POINT ( 'NONE', #5652 ) ;
#1273 = CIRCLE ( 'NONE', #1667, 0.8500000000000000888 ) ;
#1274 = EDGE_CURVE ( 'NONE', #1930, #4021, #2357, .T. ) ;
#1275 = CARTESIAN_POINT ( 'NONE',  ( 51.56142136584406899, -6.939289344785850133, 0.9999999749462069598 ) ) ;
#1276 = CARTESIAN_POINT ( 'NONE',  ( 56.16966841716769210, 5.877485655282840504, 12.13747310525134004 ) ) ;
#1277 = CARTESIAN_POINT ( 'NONE',  ( 55.64999257834703172, 4.000578672554998327, 12.19999999999999751 ) ) ;
#1278 = CARTESIAN_POINT ( 'NONE',  ( 52.53245520803199753, 10.99494624963899980, 0.9505389418540001190 ) ) ;
#1279 =( BOUNDED_CURVE ( )  B_SPLINE_CURVE ( 3, ( #3843, #1905, #596, #4762 ),
 .UNSPECIFIED., .F., .F. ) 
 B_SPLINE_CURVE_WITH_KNOTS ( ( 4, 4 ),
 ( -4.750866366975969868E-12, 1.570796326800633302 ),
 .UNSPECIFIED. ) 
 CURVE ( )  GEOMETRIC_REPRESENTATION_ITEM ( )  RATIONAL_B_SPLINE_CURVE ( ( 1.000000000000000000, 0.8047378541218931369, 0.8047378541218931369, 1.000000000000000000 ) ) 
 REPRESENTATION_ITEM ( '' )  );
#1280 = VERTEX_POINT ( 'NONE', #2328 ) ;
#1281 = AXIS2_PLACEMENT_3D ( 'NONE', #1618, #708, #4011 ) ;
#1282 = CARTESIAN_POINT ( 'NONE',  ( 55.67809132233099945, 0.9345608297360000760, 12.16189416893300113 ) ) ;
#1283 = CARTESIAN_POINT ( 'NONE',  ( 52.55410345147300433, 11.02092414176700075, 0.9554493938629999850 ) ) ;
#1284 = DIRECTION ( 'NONE',  ( 0.000000000000000000, -1.000000000000000000, 0.000000000000000000 ) ) ;
#1285 = VECTOR ( 'NONE', #4308, 1000.000000000000000 ) ;
#1286 = B_SPLINE_SURFACE_WITH_KNOTS ( 'NONE', 8, 8, ( 
 ( #1457, #4219, #6092, #5265, #1917, #2365, #486, #1890, #1487 ),
 ( #4252, #4745, #5233, #3757, #5629, #1422, #1514, #3791, #5662 ),
 ( #1015, #3323, #95, #987, #4778, #548, #2425, #3388, #4315 ),
 ( #3066, #1106, #121, #3536, #1661, #2009, #5809, #1547, #607 ),
 ( #3008, #1576, #2976, #181, #1602, #3475, #4000, #5412, #5321 ),
 ( #2091, #5782, #5868, #5752, #665, #3967, #634, #4866, #2947 ),
 ( #5293, #1198, #2512, #3419, #211, #4840, #3448, #2039, #576 ),
 ( #2458, #5383, #4351, #1074, #4409, #2482, #5351, #152, #3882 ),
 ( #5835, #1138, #4378, #3917, #1632, #1171, #2065, #3942, #3508 ) ),
 .UNSPECIFIED., .F., .F., .F.,
 ( 9, 9 ),
 ( 9, 9 ),
 ( -0.06924687687610998899, 0.06676668691607000328 ),
 ( -0.04809379355271000550, 0.05031787348527999582 ),
 .UNSPECIFIED. ) ;
#1287 = ORIENTED_EDGE ( 'NONE', *, *, #4961, .T. ) ;
#1288 = EDGE_CURVE ( 'NONE', #1473, #506, #4710, .T. ) ;
#1289 = LOCAL_TIME ( 23, 21, 37.00000000000000000, #2847 ) ;
#1290 = EDGE_CURVE ( 'NONE', #3911, #1885, #1909, .T. ) ;
#1291 = CARTESIAN_POINT ( 'NONE',  ( -43.43000000000000682, -8.459999970576999928, 0.9499999999999999556 ) ) ;
#1292 = FACE_OUTER_BOUND ( 'NONE', #2478, .T. ) ;
#1293 = CARTESIAN_POINT ( 'NONE',  ( 20.57000000000000028, -2.259999999999999787, 1.000000000000000000 ) ) ;
#1294 = CARTESIAN_POINT ( 'NONE',  ( -33.32999999999999829, -4.959999999999999964, 1.000000000000000000 ) ) ;
#1295 = FACE_OUTER_BOUND ( 'NONE', #2561, .T. ) ;
#1296 = CARTESIAN_POINT ( 'NONE',  ( 57.17000000000000171, 9.539999999999999147, 12.20000000000000107 ) ) ;
#1297 = EDGE_LOOP ( 'NONE', ( #3656, #4763, #5346, #796 ) ) ;
#1298 = ORIENTED_EDGE ( 'NONE', *, *, #1316, .F. ) ;
#1299 = B_SPLINE_CURVE_WITH_KNOTS ( 'NONE', 7,
 ( #3710, #5039, #3620, #5495, #5552, #411, #6042, #808, #2682, #1345, #1779, #5584, #1377, #3245, #906, #3647, #5522, #5068, #1317, #842 ),
 .UNSPECIFIED., .F., .F.,
 ( 8, 6, 6, 8 ),
 ( 0.000000000000000000, 0.2276763127269999798, 0.6678610373329999517, 1.000000000000000000 ),
 .UNSPECIFIED. ) ;
#1300 = CARTESIAN_POINT ( 'NONE',  ( 52.57000000000000028, 11.03999999999999915, 0.000000000000000000 ) ) ;
#1301 = CARTESIAN_POINT ( 'NONE',  ( 55.78656182687311826, 0.7205615093300717922, 12.19999999999999929 ) ) ;
#1302 = CARTESIAN_POINT ( 'NONE',  ( 41.21999999999999886, 0.04000000000000000083, 0.000000000000000000 ) ) ;
#1303 = CARTESIAN_POINT ( 'NONE',  ( 50.07000000000000028, 8.040000000000000924, 0.000000000000000000 ) ) ;
#1304 = VERTEX_POINT ( 'NONE', #977 ) ;
#1305 = EDGE_CURVE ( 'NONE', #3873, #1940, #1942, .T. ) ;
#1306 = VERTEX_POINT ( 'NONE', #1476 ) ;
#1307 = EDGE_CURVE ( 'NONE', #221, #1304, #4559, .T. ) ;
#1308 = CARTESIAN_POINT ( 'NONE',  ( -32.92999999999999972, -4.559999999999999609, 1.000000000000000000 ) ) ;
#1309 = DIRECTION ( 'NONE',  ( 0.000000000000000000, -1.000000000000000000, 0.000000000000000000 ) ) ;
#1310 = CARTESIAN_POINT ( 'NONE',  ( 55.78935273947797668, 4.520677874446002775, 12.20000000000000284 ) ) ;
#1311 = CARTESIAN_POINT ( 'NONE',  ( 32.16999999999999460, 3.189999999999999947, 1.000000000000000000 ) ) ;
#1312 = ORIENTED_EDGE ( 'NONE', *, *, #4980, .T. ) ;
#1313 = CIRCLE ( 'NONE', #910, 0.7999999999999999334 ) ;
#1314 = DIRECTION ( 'NONE',  ( -1.000000000000000000, 0.000000000000000000, 0.000000000000000000 ) ) ;
#1315 = CYLINDRICAL_SURFACE ( 'NONE', #2209, 0.3999999999999975797 ) ;
#1316 = EDGE_CURVE ( 'NONE', #4689, #2277, #4767, .T. ) ;
#1317 = CARTESIAN_POINT ( 'NONE',  ( 56.17000000030699169, 0.9759360292330000464, 10.26406397076699939 ) ) ;
#1318 = EDGE_LOOP ( 'NONE', ( #4862, #5897, #3246, #3805 ) ) ;
#1319 = CARTESIAN_POINT ( 'NONE',  ( 56.16999999999999460, 0.9721730385369999894, 10.26782696146300111 ) ) ;
#1320 = CARTESIAN_POINT ( 'NONE',  ( 32.16999999999999460, 2.339999999999999858, 0.9499999999999999556 ) ) ;
#1321 = CARTESIAN_POINT ( 'NONE',  ( 56.25009830722246562, 5.939876826115376041, 12.20000000000000284 ) ) ;
#1322 = CARTESIAN_POINT ( 'NONE',  ( 57.17000000000000171, 11.03999999999999915, 1.100000000000000089 ) ) ;
#1323 = DIRECTION ( 'NONE',  ( 0.000000000000000000, -1.000000000000000000, 0.000000000000000000 ) ) ;
#1324 = ORIENTED_EDGE ( 'NONE', *, *, #3329, .T. ) ;
#1325 = VERTEX_POINT ( 'NONE', #2877 ) ;
#1326 = ADVANCED_FACE ( 'NONE', ( #538 ), #2888, .F. ) ;
#1327 = DIRECTION ( 'NONE',  ( 0.000000000000000000, 1.000000000000000000, 0.000000000000000000 ) ) ;
#1328 = CARTESIAN_POINT ( 'NONE',  ( 55.87630061647744384, 0.3856517871220342952, 12.19999999999999929 ) ) ;
#1329 = DIRECTION ( 'NONE',  ( -1.000000000000000000, 6.000000000000000121E-17, 0.000000000000000000 ) ) ;
#1330 = CARTESIAN_POINT ( 'NONE',  ( -44.18000000001999439, -8.458879989360001517, 0.000000000000000000 ) ) ;
#1331 = ORIENTED_EDGE ( 'NONE', *, *, #119, .T. ) ;
#1332 = AXIS2_PLACEMENT_3D ( 'NONE', #810, #879, #4141 ) ;
#1333 = VERTEX_POINT ( 'NONE', #680 ) ;
#1334 = CARTESIAN_POINT ( 'NONE',  ( 56.21999999999999886, 11.03999999999999915, 1.100000000000000089 ) ) ;
#1336 = AXIS2_PLACEMENT_3D ( 'NONE', #2351, #5617, #4239 ) ;
#1335 = DIRECTION ( 'NONE',  ( 0.000000000000000000, 0.000000000000000000, 1.000000000000000000 ) ) ;
#1337 = CARTESIAN_POINT ( 'NONE',  ( 55.82777716095399967, 4.601551627286999846, 12.13747185964599851 ) ) ;
#1338 = ORIENTED_EDGE ( 'NONE', *, *, #3606, .T. ) ;
#1339 = FACE_OUTER_BOUND ( 'NONE', #6045, .T. ) ;
#1340 = ADVANCED_FACE ( 'NONE', ( #1155 ), #4062, .T. ) ;
#1341 = VERTEX_POINT ( 'NONE', #5000 ) ;
#1342 = FACE_OUTER_BOUND ( 'NONE', #37, .T. ) ;
#1343 = CARTESIAN_POINT ( 'NONE',  ( 52.54989570228600115, 11.01587484274300088, 0.9592061711969999127 ) ) ;
#1344 = CIRCLE ( 'NONE', #1454, 1.625000000000000222 ) ;
#1345 = CARTESIAN_POINT ( 'NONE',  ( 56.19796558432800282, 1.023966169081000244, 10.21603383091899886 ) ) ;
#1346 = ORIENTED_EDGE ( 'NONE', *, *, #749, .F. ) ;
#1347 = TOROIDAL_SURFACE ( 'NONE', #4096, 1.050000000000000044, 0.05000000000000000278 ) ;
#1348 = EDGE_CURVE ( 'NONE', #5972, #5831, #38, .T. ) ;
#1349 = CARTESIAN_POINT ( 'NONE',  ( 56.21999999999999886, 10.99000000000000021, 7.700000000000000178 ) ) ;
#1350 = EDGE_CURVE ( 'NONE', #2727, #5504, #2774, .T. ) ;
#1351 = VECTOR ( 'NONE', #5099, 1000.000000000000000 ) ;
#1352 = DIRECTION ( 'NONE',  ( -1.000000000000000000, 0.000000000000000000, 0.000000000000000000 ) ) ;
#1353 = CARTESIAN_POINT ( 'NONE',  ( 56.25809110086299825, 5.940014927922000254, 12.20000000000000107 ) ) ;
#1354 = CARTESIAN_POINT ( 'NONE',  ( 57.17000000000000171, 5.940000000000000391, 7.700000000000000178 ) ) ;
#1355 = DIRECTION ( 'NONE',  ( 1.000000000000000000, -2.514091994169284236E-16, 0.000000000000000000 ) ) ;
#1356 = DIRECTION ( 'NONE',  ( 0.000000000000000000, -1.000000000000000000, 0.000000000000000000 ) ) ;
#1357 = ORIENTED_EDGE ( 'NONE', *, *, #2564, .T. ) ;
#1358 = ORIENTED_EDGE ( 'NONE', *, *, #279, .T. ) ;
#1359 = DIRECTION ( 'NONE',  ( 1.000000000000000000, 0.000000000000000000, 0.000000000000000000 ) ) ;
#1360 = CARTESIAN_POINT ( 'NONE',  ( 55.83143122167598449, 0.5531066482264622719, 12.19999999999999929 ) ) ;
#1361 = DIRECTION ( 'NONE',  ( 1.000000000000000000, 0.000000000000000000, 0.000000000000000000 ) ) ;
#1362 = CARTESIAN_POINT ( 'NONE',  ( 55.87369897697999477, 0.2083386125969999836, 12.13747185964599851 ) ) ;
#1363 = CARTESIAN_POINT ( 'NONE',  ( 57.17000000000000171, 5.940000000000000391, 5.709999999999999964 ) ) ;
#1364 = ORIENTED_EDGE ( 'NONE', *, *, #4817, .F. ) ;
#1365 = B_SPLINE_CURVE_WITH_KNOTS ( 'NONE', 7,
 ( #4075, #5492, #4046, #260, #2140, #2258, #5860, #4943, #2197, #5403, #5066, #1282, #1716, #5951, #1686, #5520, #5464, #5036, #380, #838 ),
 .UNSPECIFIED., .F., .F.,
 ( 8, 6, 6, 8 ),
 ( 0.000000000000000000, 0.3412201465060000216, 0.8651678075539999124, 1.000000000000000000 ),
 .UNSPECIFIED. ) ;
#1366 = VERTEX_POINT ( 'NONE', #1647 ) ;
#1367 = CARTESIAN_POINT ( 'NONE',  ( 56.16990849577940281, -0.9014387457038589568, 12.14178024410446000 ) ) ;
#1368 = EDGE_CURVE ( 'NONE', #5380, #1272, #2672, .T. ) ;
#1369 = LINE ( 'NONE', #2279, #2455 ) ;
#1370 = CARTESIAN_POINT ( 'NONE',  ( 55.73660761540700292, 4.261302251211999348, 12.13747185964599851 ) ) ;
#1371 = VERTEX_POINT ( 'NONE', #2647 ) ;
#1372 = AXIS2_PLACEMENT_3D ( 'NONE', #3078, #4960, #3483 ) ;
#1373 = ORIENTED_EDGE ( 'NONE', *, *, #3312, .F. ) ;
#1374 = MANIFOLD_SOLID_BREP ( 'Panel[3]', #4274 ) ;
#1375 = LINE ( 'NONE', #4761, #3612 ) ;
#1376 = FACE_OUTER_BOUND ( 'NONE', #5192, .T. ) ;
#1377 = CARTESIAN_POINT ( 'NONE',  ( 56.18255054531799431, 1.008032332811999998, 10.23196766718799999 ) ) ;
#1378 = ORIENTED_EDGE ( 'NONE', *, *, #1994, .T. ) ;
#1379 = AXIS2_PLACEMENT_3D ( 'NONE', #3116, #3984, #310 ) ;
#1380 = ORIENTED_EDGE ( 'NONE', *, *, #4285, .T. ) ;
#1381 = EDGE_CURVE ( 'NONE', #1813, #3903, #3124, .T. ) ;
#1382 = CARTESIAN_POINT ( 'NONE',  ( 56.24025165586899533, -0.9427115041649999361, 12.21216504064899944 ) ) ;
#1383 = FACE_OUTER_BOUND ( 'NONE', #2005, .T. ) ;
#1384 = VECTOR ( 'NONE', #2862, 1000.000000000000000 ) ;
#1385 = DIRECTION ( 'NONE',  ( 0.000000000000000000, 0.000000000000000000, 1.000000000000000000 ) ) ;
#1386 = DIRECTION ( 'NONE',  ( -1.000000000000000000, 0.000000000000000000, 0.000000000000000000 ) ) ;
#1387 = DIRECTION ( 'NONE',  ( 1.000000000000000000, -2.396243931942601480E-16, 0.000000000000000000 ) ) ;
#1388 = LINE ( 'NONE', #3720, #4006 ) ;
#1389 = ORIENTED_EDGE ( 'NONE', *, *, #5137, .T. ) ;
#1390 = VERTEX_POINT ( 'NONE', #4538 ) ;
#1391 = DIRECTION ( 'NONE',  ( 1.000000000000000000, -2.418604846313815801E-16, 0.000000000000000000 ) ) ;
#1392 = CARTESIAN_POINT ( 'NONE',  ( 55.67955080619000086, 4.031989356540000458, 12.17576262931500075 ) ) ;
#1393 = DIRECTION ( 'NONE',  ( 0.000000000000000000, -1.000000000000000000, 0.000000000000000000 ) ) ;
#1394 = CARTESIAN_POINT ( 'NONE',  ( 55.71415227227799960, 0.8037750207280000003, 12.13747185964599851 ) ) ;
#1395 = DIRECTION ( 'NONE',  ( 0.000000000000000000, 0.000000000000000000, -1.000000000000000000 ) ) ;
#1396 = ORIENTED_EDGE ( 'NONE', *, *, #2758, .F. ) ;
#1397 = DIRECTION ( 'NONE',  ( -1.000000000000000000, 0.000000000000000000, 0.000000000000000000 ) ) ;
#1398 = EDGE_LOOP ( 'NONE', ( #537, #2089, #5706, #3036 ) ) ;
#1399 = FACE_OUTER_BOUND ( 'NONE', #5288, .T. ) ;
#1400 = DIRECTION ( 'NONE',  ( 0.000000000000000000, 0.000000000000000000, -1.000000000000000000 ) ) ;
#1401 = CARTESIAN_POINT ( 'NONE',  ( 55.65520124217799491, 3.957489530259000521, 12.13747185964599851 ) ) ;
#1402 = VERTEX_POINT ( 'NONE', #5820 ) ;
#1403 = CARTESIAN_POINT ( 'NONE',  ( 52.59341868238099238, 11.03999901155100183, 0.9503143945610000864 ) ) ;
#1404 = EDGE_CURVE ( 'NONE', #6053, #670, #2578, .T. ) ;
#1405 = VERTEX_POINT ( 'NONE', #1708 ) ;
#1406 = CARTESIAN_POINT ( 'NONE',  ( 48.57000000000000028, -8.469999970576999715, -0.1000000000000000056 ) ) ;
#1407 = DIRECTION ( 'NONE',  ( 0.000000000000000000, -1.000000000000000000, 0.000000000000000000 ) ) ;
#1408 = DIRECTION ( 'NONE',  ( 0.000000000000000000, 0.000000000000000000, 1.000000000000000000 ) ) ;
#1409 = ORIENTED_EDGE ( 'NONE', *, *, #1381, .T. ) ;
#1410 = VERTEX_POINT ( 'NONE', #4477 ) ;
#1411 = VECTOR ( 'NONE', #4526, 1000.000000000000000 ) ;
#1412 = CARTESIAN_POINT ( 'NONE',  ( 56.14789556110900293, -0.9510631229579999957, 12.18737326256700015 ) ) ;
#1413 = CARTESIAN_POINT ( 'NONE',  ( 56.24248778405429050, -0.9563335791759438598, 12.19980780519158259 ) ) ;
#1414 = DIRECTION ( 'NONE',  ( 0.000000000000000000, 0.000000000000000000, -1.000000000000000000 ) ) ;
#1415 = CARTESIAN_POINT ( 'NONE',  ( 11.52000000000000135, 0.04000000000000000083, 0.9499999999999999556 ) ) ;
#1416 = ORIENTED_EDGE ( 'NONE', *, *, #5667, .T. ) ;
#1417 = EDGE_CURVE ( 'NONE', #6005, #1366, #3772, .T. ) ;
#1418 = EDGE_LOOP ( 'NONE', ( #4108, #1991, #5888, #4634 ) ) ;
#1419 = FACE_OUTER_BOUND ( 'NONE', #2369, .T. ) ;
#1420 = EDGE_CURVE ( 'NONE', #2817, #4360, #5365, .T. ) ;
#1421 = CARTESIAN_POINT ( 'NONE',  ( 57.17000000000000171, 3.439999999999999947, 8.699999999999999289 ) ) ;
#1422 = CARTESIAN_POINT ( 'NONE',  ( 56.24999852952900170, 5.931361740808000604, 12.20309766931200102 ) ) ;
#1423 = DIRECTION ( 'NONE',  ( 1.000000000000000000, 0.000000000000000000, 0.000000000000000000 ) ) ;
#1424 = CARTESIAN_POINT ( 'NONE',  ( 55.62687703627400992, 1.066962495380999743, 12.19999999999999751 ) ) ;
#1425 = CARTESIAN_POINT ( 'NONE',  ( 55.84266612332599777, 4.049167623278000505, 11.52952149158599937 ) ) ;
#1426 = VERTEX_POINT ( 'NONE', #1211 ) ;
#1427 = ORIENTED_EDGE ( 'NONE', *, *, #4165, .F. ) ;
#1428 = ADVANCED_FACE ( 'NONE', ( #5425 ), #309, .T. ) ;
#1429 = CARTESIAN_POINT ( 'NONE',  ( -32.92999999999999972, 5.040000000000000036, 1.000000000000000000 ) ) ;
#1430 = DIRECTION ( 'NONE',  ( 1.000000000000000000, 0.000000000000000000, 0.000000000000000000 ) ) ;
#1431 = EDGE_CURVE ( 'NONE', #4784, #5095, #3613, .T. ) ;
#1432 = DIRECTION ( 'NONE',  ( -1.000000000000000000, 0.000000000000000000, 0.000000000000000000 ) ) ;
#1433 = AXIS2_PLACEMENT_3D ( 'NONE', #160, #4358, #1086 ) ;
#1434 = ORIENTED_EDGE ( 'NONE', *, *, #1381, .F. ) ;
#1435 = DIRECTION ( 'NONE',  ( -1.000000000000000000, 0.000000000000000000, 0.000000000000000000 ) ) ;
#1436 = ORIENTED_EDGE ( 'NONE', *, *, #2449, .T. ) ;
#1437 = VECTOR ( 'NONE', #4137, 1000.000000000000000 ) ;
#1438 = AXIS2_PLACEMENT_3D ( 'NONE', #3184, #2746, #3157 ) ;
#1439 = CARTESIAN_POINT ( 'NONE',  ( 50.07000000000040529, -8.459999970576991046, 0.9792893218813453204 ) ) ;
#1440 = DIRECTION ( 'NONE',  ( -1.000000000000000000, 0.000000000000000000, 0.000000000000000000 ) ) ;
#1441 = CARTESIAN_POINT ( 'NONE',  ( 52.54349258267499323, 11.00819109921000027, 0.9586766464889999728 ) ) ;
#1442 = AXIS2_PLACEMENT_3D ( 'NONE', #3138, #304, #1391 ) ;
#1443 = ORIENTED_EDGE ( 'NONE', *, *, #5879, .F. ) ;
#1444 = EDGE_LOOP ( 'NONE', ( #2088, #5939, #4897, #3347, #1089, #5994 ) ) ;
#1445 = CARTESIAN_POINT ( 'NONE',  ( 56.19514030840200292, -0.9947893389109999651, 12.22364490003400128 ) ) ;
#1446 = CARTESIAN_POINT ( 'NONE',  ( 57.17000000000000171, 7.929999999999999716, 7.700000000000000178 ) ) ;
#1447 =( NAMED_UNIT ( * ) SI_UNIT ( $, .STERADIAN. ) SOLID_ANGLE_UNIT ( ) );
#1448 = CARTESIAN_POINT ( 'NONE',  ( 48.57000000000000028, -8.469999970576999715, -0.1000000000000000056 ) ) ;
#1449 = EDGE_CURVE ( 'NONE', #4088, #1481, #5540, .T. ) ;
#1450 = CARTESIAN_POINT ( 'NONE',  ( 56.20274318544401382, 1.041408626264000548, 10.07639214205799583 ) ) ;
#1451 = CARTESIAN_POINT ( 'NONE',  ( -7.530000000000000249, -3.109999999999999876, 0.9499999999999999556 ) ) ;
#1452 = ORIENTED_EDGE ( 'NONE', *, *, #5857, .F. ) ;
#1453 = ORIENTED_EDGE ( 'NONE', *, *, #161, .F. ) ;
#1454 = AXIS2_PLACEMENT_3D ( 'NONE', #979, #2387, #5686 ) ;
#1455 = AXIS2_PLACEMENT_3D ( 'NONE', #1985, #66, #2460 ) ;
#1456 = LINE ( 'NONE', #1889, #3199 ) ;
#1457 = CARTESIAN_POINT ( 'NONE',  ( 56.20952313289500069, 5.985999082070000199, 12.22767842843600050 ) ) ;
#1458 = DIRECTION ( 'NONE',  ( 0.000000000000000000, 0.7071067811865474617, -0.7071067811865474617 ) ) ;
#1459 = CARTESIAN_POINT ( 'NONE',  ( 56.21999999999999886, 0.9899999999999999911, 8.699999999999999289 ) ) ;
#1460 = CARTESIAN_POINT ( 'NONE',  ( 56.19071067811864850, 3.940000000000002611, 10.20000000000000817 ) ) ;
#1461 = AXIS2_PLACEMENT_3D ( 'NONE', #4697, #1898, #3300 ) ;
#1462 = ORIENTED_EDGE ( 'NONE', *, *, #3530, .T. ) ;
#1463 = CARTESIAN_POINT ( 'NONE',  ( 52.57000000000000028, 10.99000000000000021, 1.000000000000000000 ) ) ;
#1464 = CARTESIAN_POINT ( 'NONE',  ( 55.85517086606305526, 4.703786326568812015, 12.13747185964599851 ) ) ;
#1465 = CARTESIAN_POINT ( 'NONE',  ( 55.65259539936400301, 3.947764392479999440, 12.13747185964599851 ) ) ;
#1466 = VERTEX_POINT ( 'NONE', #4195 ) ;
#1467 = LINE ( 'NONE', #5244, #3097 ) ;
#1468 = ORIENTED_EDGE ( 'NONE', *, *, #4877, .F. ) ;
#1469 = EDGE_CURVE ( 'NONE', #1051, #5873, #3235, .T. ) ;
#1470 = CARTESIAN_POINT ( 'NONE',  ( 57.16966295674399845, 5.940014927922000254, 12.20000000000000107 ) ) ;
#1471 = CARTESIAN_POINT ( 'NONE',  ( 56.09709562779799796, -0.4383664131930000152, 12.20000000000000107 ) ) ;
#1472 = CIRCLE ( 'NONE', #1574, 0.05000000000000012768 ) ;
#1473 = VERTEX_POINT ( 'NONE', #1334 ) ;
#1474 = ORIENTED_EDGE ( 'NONE', *, *, #3076, .T. ) ;
#1475 = AXIS2_PLACEMENT_3D ( 'NONE', #5536, #1329, #1393 ) ;
#1476 = CARTESIAN_POINT ( 'NONE',  ( -7.530000000000000249, 3.140000000000000124, 0.9499999999999999556 ) ) ;
#1477 = APPROVAL_ROLE ( '' ) ;
#1478 = PLANE ( 'NONE',  #5083 ) ;
#1479 = CARTESIAN_POINT ( 'NONE',  ( 56.26580983850799811, 1.040873828246000166, 10.09271978273000059 ) ) ;
#1480 = DIRECTION ( 'NONE',  ( 1.000000000000000000, 0.000000000000000000, 0.000000000000000000 ) ) ;
#1481 = VERTEX_POINT ( 'NONE', #1308 ) ;
#1482 = TOROIDAL_SURFACE ( 'NONE', #3443, 0.8499999999999999778, 0.05000000000000000278 ) ;
#1483 = ORIENTED_EDGE ( 'NONE', *, *, #75, .F. ) ;
#1484 = EDGE_CURVE ( 'NONE', #4216, #597, #4635, .T. ) ;
#1485 = AXIS2_PLACEMENT_3D ( 'NONE', #4725, #1430, #1309 ) ;
#1486 = LINE ( 'NONE', #5232, #4392 ) ;
#1487 = CARTESIAN_POINT ( 'NONE',  ( 56.28850566058099503, 5.918831845367000355, 12.18598320508900024 ) ) ;
#1488 = CYLINDRICAL_SURFACE ( 'NONE', #4022, 1.625000000000000222 ) ;
#1489 = CARTESIAN_POINT ( 'NONE',  ( 57.17000000000000171, 1.539999999999999813, 8.699999999999999289 ) ) ;
#1490 = CARTESIAN_POINT ( 'NONE',  ( 57.17000000000000171, 7.929999999999999716, 3.700000000000000178 ) ) ;
#1491 = ORIENTED_EDGE ( 'NONE', *, *, #3105, .T. ) ;
#1492 = DIRECTION ( 'NONE',  ( 0.000000000000000000, -1.000000000000000000, 0.000000000000000000 ) ) ;
#1493 = DIRECTION ( 'NONE',  ( 0.000000000000000000, 0.000000000000000000, -1.000000000000000000 ) ) ;
#1494 = CARTESIAN_POINT ( 'NONE',  ( 56.21999999999999886, 3.989999999999999769, 8.699999999999999289 ) ) ;
#1495 = CARTESIAN_POINT ( 'NONE',  ( 56.21999999999999886, 10.99000000000000021, 3.700000000000000178 ) ) ;
#1496 = ORIENTED_EDGE ( 'NONE', *, *, #194, .F. ) ;
#1497 = DIRECTION ( 'NONE',  ( 0.000000000000000000, 1.000000000000000000, 0.000000000000000000 ) ) ;
#1498 = ADVANCED_FACE ( 'NONE', ( #2342 ), #5181, .F. ) ;
#1499 = EDGE_CURVE ( 'NONE', #2867, #5803, #4109, .T. ) ;
#1500 = ORIENTED_EDGE ( 'NONE', *, *, #1210, .F. ) ;
#1501 = CARTESIAN_POINT ( 'NONE',  ( 56.02268332878299617, 5.141928723053999839, 12.19999999999899920 ) ) ;
#1502 = CARTESIAN_POINT ( 'NONE',  ( 56.02302037203899943, -0.1619137951329999991, 12.19999999999899920 ) ) ;
#1503 = DIRECTION ( 'NONE',  ( 1.000000000000000000, 0.000000000000000000, 0.000000000000000000 ) ) ;
#1504 = ORIENTED_EDGE ( 'NONE', *, *, #2028, .T. ) ;
#1505 = ORIENTED_EDGE ( 'NONE', *, *, #5038, .T. ) ;
#1506 = ADVANCED_FACE ( 'NONE', ( #961 ), #475, .T. ) ;
#1507 = CYLINDRICAL_SURFACE ( 'NONE', #1225, 0.04999999999999969746 ) ;
#1508 = CARTESIAN_POINT ( 'NONE',  ( -59.22999999999999687, -4.959999999999999964, 0.9499999999999999556 ) ) ;
#1509 = DIRECTION ( 'NONE',  ( 1.000000000000000000, 0.000000000000000000, 0.000000000000000000 ) ) ;
#1510 = EDGE_LOOP ( 'NONE', ( #2585, #5483, #5130, #3808 ) ) ;
#1511 = ORIENTED_EDGE ( 'NONE', *, *, #5011, .F. ) ;
#1512 = AXIS2_PLACEMENT_3D ( 'NONE', #2791, #4281, #4186 ) ;
#1513 = CARTESIAN_POINT ( 'NONE',  ( 52.59341868238099238, 11.03999901155100183, 0.9503143945610000864 ) ) ;
#1514 = CARTESIAN_POINT ( 'NONE',  ( 56.25664032675700099, 5.924706736250999306, 12.18580351663400130 ) ) ;
#1515 = DIRECTION ( 'NONE',  ( 0.000000000000000000, 0.000000000000000000, -1.000000000000000000 ) ) ;
#1516 = CARTESIAN_POINT ( 'NONE',  ( -6.680000000000000604, 2.339999999999999858, 0.9499999999999999556 ) ) ;
#1517 = AXIS2_PLACEMENT_3D ( 'NONE', #912, #4175, #1974 ) ;
#1518 = CARTESIAN_POINT ( 'NONE',  ( 56.16966295674399845, 4.007841889384999412, 10.26782696146300111 ) ) ;
#1519 = ADVANCED_FACE ( 'NONE', ( #6066 ), #4130, .T. ) ;
#1520 = ORIENTED_EDGE ( 'NONE', *, *, #4396, .T. ) ;
#1521 = CARTESIAN_POINT ( 'NONE',  ( 57.17000000000000171, 1.039999999999999813, 10.20000000000000107 ) ) ;
#1522 = CYLINDRICAL_SURFACE ( 'NONE', #187, 0.04999999999999829581 ) ;
#1523 = CARTESIAN_POINT ( 'NONE',  ( 57.17000000000000171, 3.439999999999999947, 8.699999999999999289 ) ) ;
#1524 = ADVANCED_FACE ( 'NONE', ( #1399 ), #2833, .T. ) ;
#1525 = VERTEX_POINT ( 'NONE', #5149 ) ;
#1526 = LINE ( 'NONE', #5763, #484 ) ;
#1527 = ORIENTED_EDGE ( 'NONE', *, *, #4340, .F. ) ;
#1528 = AXIS2_PLACEMENT_3D ( 'NONE', #2522, #3950, #3485 ) ;
#1530 = AXIS2_PLACEMENT_3D ( 'NONE', #633, #664, #1631 ) ;
#1529 = FACE_OUTER_BOUND ( 'NONE', #5224, .T. ) ;
#1531 = DIRECTION ( 'NONE',  ( -1.000000000000000000, 0.000000000000000000, 0.000000000000000000 ) ) ;
#1532 = CARTESIAN_POINT ( 'NONE',  ( 55.68926472769000213, 1.083679226913999871, 12.20000000000000107 ) ) ;
#1533 = EDGE_CURVE ( 'NONE', #1280, #4935, #5091, .T. ) ;
#1534 = CARTESIAN_POINT ( 'NONE',  ( 56.16999999999999460, 10.99000000000000021, 7.750000000000000000 ) ) ;
#1535 = ORIENTED_EDGE ( 'NONE', *, *, #2687, .T. ) ;
#1536 = VECTOR ( 'NONE', #711, 1000.000000000000000 ) ;
#1537 = ORIENTED_EDGE ( 'NONE', *, *, #4753, .T. ) ;
#1538 = FACE_OUTER_BOUND ( 'NONE', #280, .T. ) ;
#1539 = VECTOR ( 'NONE', #1852, 1000.000000000000000 ) ;
#1540 = CARTESIAN_POINT ( 'NONE',  ( 56.14150951718499982, -0.7911439296100000185, 12.13747185968199993 ) ) ;
#1541 = ORIENTED_EDGE ( 'NONE', *, *, #565, .T. ) ;
#1542 = EDGE_CURVE ( 'NONE', #69, #27, #3364, .T. ) ;
#1543 = EDGE_LOOP ( 'NONE', ( #897, #4606, #5634, #450 ) ) ;
#1544 = VECTOR ( 'NONE', #5899, 1000.000000000000000 ) ;
#1545 = ADVANCED_FACE ( 'NONE', ( #5119 ), #2767, .F. ) ;
#1546 = DIRECTION ( 'NONE',  ( -1.000000000000000000, 0.000000000000000000, 0.000000000000000000 ) ) ;
#1547 = CARTESIAN_POINT ( 'NONE',  ( 56.23055930593600493, 5.889681597566999827, 12.20717444927299944 ) ) ;
#1548 = DIRECTION ( 'NONE',  ( 0.000000000000000000, 0.000000000000000000, 1.000000000000000000 ) ) ;
#1549 = LINE ( 'NONE', #5754, #4388 ) ;
#1550 = CARTESIAN_POINT ( 'NONE',  ( -43.43000000000000682, -8.459999970576999928, 0.000000000000000000 ) ) ;
#1551 = AXIS2_PLACEMENT_3D ( 'NONE', #2599, #2513, #5810 ) ;
#1552 = VERTEX_POINT ( 'NONE', #927 ) ;
#1553 = AXIS2_PLACEMENT_3D ( 'NONE', #1489, #5784, #1578 ) ;
#1554 = CARTESIAN_POINT ( 'NONE',  ( 32.16999999999999460, -3.109999999999999876, 1.000000000000000000 ) ) ;
#1555 = CARTESIAN_POINT ( 'NONE',  ( 56.08419150776200013, 5.558502997499999765, 12.13747185963799957 ) ) ;
#1556 = AXIS2_PLACEMENT_3D ( 'NONE', #4741, #3910, #2850 ) ;
#1557 = ORIENTED_EDGE ( 'NONE', *, *, #1691, .T. ) ;
#1558 = EDGE_LOOP ( 'NONE', ( #2084, #2056, #2966, #5304 ) ) ;
#1559 = EDGE_CURVE ( 'NONE', #5056, #597, #5607, .T. ) ;
#1560 = CARTESIAN_POINT ( 'NONE',  ( 56.21699526066799990, -0.8896341614030000011, 12.20242662296299940 ) ) ;
#1561 = CARTESIAN_POINT ( 'NONE',  ( 56.12554043868003362, 5.775347448722002675, 12.19999999999999929 ) ) ;
#1562 = CARTESIAN_POINT ( 'NONE',  ( 56.10878319213698262, -0.7315357627860002987, 12.20000000000000284 ) ) ;
#1563 = DIRECTION ( 'NONE',  ( 0.000000000000000000, 1.000000000000000000, 0.000000000000000000 ) ) ;
#1564 = VERTEX_POINT ( 'NONE', #494 ) ;
#1565 = ORIENTED_EDGE ( 'NONE', *, *, #5775, .F. ) ;
#1566 = VECTOR ( 'NONE', #1201, 1000.000000000000000 ) ;
#1567 = DIRECTION ( 'NONE',  ( 0.000000000000000000, 0.000000000000000000, -1.000000000000000000 ) ) ;
#1568 = DIRECTION ( 'NONE',  ( 0.000000000000000000, 0.000000000000000000, 1.000000000000000000 ) ) ;
#1569 = CARTESIAN_POINT ( 'NONE',  ( -44.92999999999999972, -9.960000000000000853, 0.000000000000000000 ) ) ;
#1570 = ORIENTED_EDGE ( 'NONE', *, *, #1368, .F. ) ;
#1571 = EDGE_CURVE ( 'NONE', #5214, #5431, #1924, .T. ) ;
#1572 = VERTEX_POINT ( 'NONE', #2861 ) ;
#1573 = EDGE_CURVE ( 'NONE', #5318, #1402, #1472, .T. ) ;
#1574 = AXIS2_PLACEMENT_3D ( 'NONE', #5271, #3363, #1492 ) ;
#1575 = DIRECTION ( 'NONE',  ( 1.000000000000000000, -2.396243931942603945E-16, 0.000000000000000000 ) ) ;
#1576 = CARTESIAN_POINT ( 'NONE',  ( 56.16792278888299705, 5.927289280521000236, 12.20936459368600069 ) ) ;
#1577 = CARTESIAN_POINT ( 'NONE',  ( -28.17999999999999972, 0.04000000000000000083, 1.000000000000000000 ) ) ;
#1578 = DIRECTION ( 'NONE',  ( 0.000000000000000000, -1.000000000000000000, 0.000000000000000000 ) ) ;
#1579 = LINE ( 'NONE', #1550, #1979 ) ;
#1580 = ORIENTED_EDGE ( 'NONE', *, *, #3494, .F. ) ;
#1581 = AXIS2_PLACEMENT_3D ( 'NONE', #4376, #3416, #2869 ) ;
#1582 = CARTESIAN_POINT ( 'NONE',  ( 52.57000000000000028, 11.03999999999999915, 0.000000000000000000 ) ) ;
#1584 = DIRECTION ( 'NONE',  ( 0.000000000000000000, 0.000000000000000000, -1.000000000000000000 ) ) ;
#1583 = AXIS2_PLACEMENT_3D ( 'NONE', #297, #849, #4143 ) ;
#1585 = FACE_OUTER_BOUND ( 'NONE', #2444, .T. ) ;
#1586 = ORIENTED_EDGE ( 'NONE', *, *, #3213, .F. ) ;
#1587 = CARTESIAN_POINT ( 'NONE',  ( 56.22408431645399673, -0.9090863579260001215, 12.20657410655899966 ) ) ;
#1588 = CARTESIAN_POINT ( 'NONE',  ( 55.85174043089099882, 4.503961142914000071, 12.20000000000000107 ) ) ;
#1589 = CARTESIAN_POINT ( 'NONE',  ( 55.70489978457499802, 1.025328400237000004, 12.20000000000000107 ) ) ;
#1590 = FACE_OUTER_BOUND ( 'NONE', #1543, .T. ) ;
#1591 = EDGE_CURVE ( 'NONE', #4832, #2748, #5210, .T. ) ;
#1592 = ORIENTED_EDGE ( 'NONE', *, *, #3151, .F. ) ;
#1593 = ORIENTED_EDGE ( 'NONE', *, *, #958, .T. ) ;
#1594 = CARTESIAN_POINT ( 'NONE',  ( 13.14499999999999957, 0.03999999999999961225, 0.9499999999999999556 ) ) ;
#1595 = CARTESIAN_POINT ( 'NONE',  ( -19.13000000000000256, 3.140000000000000124, 0.9499999999999999556 ) ) ;
#1596 = CARTESIAN_POINT ( 'NONE',  ( 13.19500000000000028, 0.03999999999999960532, 0.9499999999999999556 ) ) ;
#1597 = ORIENTED_EDGE ( 'NONE', *, *, #1629, .F. ) ;
#1598 = ORIENTED_EDGE ( 'NONE', *, *, #2959, .F. ) ;
#1599 = B_SPLINE_CURVE_WITH_KNOTS ( 'NONE', 11,
 ( #5274, #2983, #3367, #4417, #5817, #189, #3892, #3949, #3484, #2897, #4790, #559, #2435, #4995, #2215, #4094, #3976, #2185, #4506, #4445, #1704, #2669, #1672, #1641, #5845, #4472, #4934, #3517, #2640, #3574, #2128, #4035, #4065, #1239, #5481, #5450, #3079, #5936, #3110, #766, #5360, #5391 ),
 .UNSPECIFIED., .F., .F.,
 ( 12, 10, 10, 10, 12 ),
 ( 0.06039754563803999970, 0.3025708468220000280, 0.5447441480060000174, 1.029090750373999885, 1.982581909845769985 ),
 .UNSPECIFIED. ) ;
#1600 = CARTESIAN_POINT ( 'NONE',  ( -50.92999999999999972, -9.960000000000000853, 0.9499999999999999556 ) ) ;
#1601 = FACE_OUTER_BOUND ( 'NONE', #1970, .T. ) ;
#1602 = CARTESIAN_POINT ( 'NONE',  ( 56.17667716146900148, 5.881631841553000228, 12.16911497128799979 ) ) ;
#1603 = ADVANCED_FACE ( 'NONE', ( #613 ), #1522, .T. ) ;
#1604 = CARTESIAN_POINT ( 'NONE',  ( 56.21999999999999886, -6.959999999999999964, 1.100000000000000089 ) ) ;
#1605 = DIRECTION ( 'NONE',  ( 1.000000000000000000, 0.000000000000000000, 0.000000000000000000 ) ) ;
#1606 = DIRECTION ( 'NONE',  ( -0.8000000000000000444, -0.5999999999999999778, 0.000000000000000000 ) ) ;
#1607 = CARTESIAN_POINT ( 'NONE',  ( 32.96999999999999886, -3.059999999999999609, 0.000000000000000000 ) ) ;
#1608 = EDGE_CURVE ( 'NONE', #2277, #3309, #1175, .T. ) ;
#1609 = ORIENTED_EDGE ( 'NONE', *, *, #1652, .T. ) ;
#1610 = LINE ( 'NONE', #244, #281 ) ;
#1611 = CARTESIAN_POINT ( 'NONE',  ( 48.57000000000000028, -8.759493741312001092, -1.165923710546999947 ) ) ;
#1612 = ORIENTED_EDGE ( 'NONE', *, *, #2685, .F. ) ;
#1613 = LINE ( 'NONE', #3457, #4427 ) ;
#1614 = EDGE_LOOP ( 'NONE', ( #4135, #2188, #6018, #5490 ) ) ;
#1615 = EDGE_CURVE ( 'NONE', #4312, #685, #2932, .T. ) ;
#1616 = EDGE_CURVE ( 'NONE', #5363, #3020, #4258, .T. ) ;
#1617 = CARTESIAN_POINT ( 'NONE',  ( 56.16098017427899691, -0.9397399382880000651, 12.14421980387399991 ) ) ;
#1618 = CARTESIAN_POINT ( 'NONE',  ( 11.52000000000000135, 0.04000000000000000083, 0.000000000000000000 ) ) ;
#1619 = CARTESIAN_POINT ( 'NONE',  ( 55.69935105569100386, 3.935236252124999723, 12.20000000000000107 ) ) ;
#1620 = CARTESIAN_POINT ( 'NONE',  ( 56.01761364659498810, -0.3912863867119997230, 12.19999999999999751 ) ) ;
#1621 = DIRECTION ( 'NONE',  ( 0.000000000000000000, 1.000000000000000000, 0.000000000000000000 ) ) ;
#1622 = EDGE_LOOP ( 'NONE', ( #3670, #2852, #4844, #2958 ) ) ;
#1623 = CARTESIAN_POINT ( 'NONE',  ( 56.22558577454199735, 3.943780034173999471, 10.20376510625199984 ) ) ;
#1624 = DIRECTION ( 'NONE',  ( 0.000000000000000000, 0.000000000000000000, -1.000000000000000000 ) ) ;
#1625 = EDGE_LOOP ( 'NONE', ( #4166, #4231, #5138, #2764 ) ) ;
#1626 = CIRCLE ( 'NONE', #5544, 0.7999999999999999334 ) ;
#1627 = ORIENTED_EDGE ( 'NONE', *, *, #3331, .T. ) ;
#1628 = VECTOR ( 'NONE', #2838, 1000.000000000000000 ) ;
#1629 = EDGE_CURVE ( 'NONE', #4917, #4491, #3453, .T. ) ;
#1630 = CIRCLE ( 'NONE', #2116, 0.05000000000000012768 ) ;
#1631 = DIRECTION ( 'NONE',  ( 0.000000000000000000, -1.000000000000000000, 0.000000000000000000 ) ) ;
#1632 = CARTESIAN_POINT ( 'NONE',  ( 56.16427751062300189, 5.861564267645000825, 12.12966711949400000 ) ) ;
#1633 = FACE_OUTER_BOUND ( 'NONE', #5953, .T. ) ;
#1634 = DIRECTION ( 'NONE',  ( 0.000000000000000000, -1.000000000000000000, 0.000000000000000000 ) ) ;
#1635 = DIRECTION ( 'NONE',  ( -1.000000000000000000, 0.000000000000000000, 0.000000000000000000 ) ) ;
#1636 = DIRECTION ( 'NONE',  ( 0.000000000000000000, 1.000000000000000000, 0.000000000000000000 ) ) ;
#1637 = ORIENTED_EDGE ( 'NONE', *, *, #5677, .T. ) ;
#1638 = CIRCLE ( 'NONE', #641, 1.625000000000001332 ) ;
#1639 = DIRECTION ( 'NONE',  ( 0.000000000000000000, -1.000000000000000000, 0.000000000000000000 ) ) ;
#1640 =( BOUNDED_CURVE ( )  B_SPLINE_CURVE ( 3, ( #4930, #272, #2151, #3567 ),
 .UNSPECIFIED., .F., .F. ) 
 B_SPLINE_CURVE_WITH_KNOTS ( ( 4, 4 ),
 ( 3.141592653589793116, 4.712388980384689674 ),
 .UNSPECIFIED. ) 
 CURVE ( )  GEOMETRIC_REPRESENTATION_ITEM ( )  RATIONAL_B_SPLINE_CURVE ( ( 1.000000000000000000, 0.8047378541243649375, 0.8047378541243649375, 1.000000000000000000 ) ) 
 REPRESENTATION_ITEM ( '' )  );
#1641 = CARTESIAN_POINT ( 'NONE',  ( 56.05687190837399925, 5.269522239082000681, 12.20000000000099938 ) ) ;
#1642 = ORIENTED_EDGE ( 'NONE', *, *, #1533, .F. ) ;
#1643 = AXIS2_PLACEMENT_3D ( 'NONE', #2920, #520, #2891 ) ;
#1644 = DIRECTION ( 'NONE',  ( 1.000000000000000000, 0.000000000000000000, 0.000000000000000000 ) ) ;
#1645 = ORIENTED_EDGE ( 'NONE', *, *, #3234, .F. ) ;
#1646 = VECTOR ( 'NONE', #90, 1000.000000000000000 ) ;
#1647 = CARTESIAN_POINT ( 'NONE',  ( -60.87999999999999545, -3.259999999999999787, 1.000000000000000000 ) ) ;
#1648 = CARTESIAN_POINT ( 'NONE',  ( -0.1049999999999998435, 0.03999999999999980654, 0.000000000000000000 ) ) ;
#1649 = CARTESIAN_POINT ( 'NONE',  ( 55.83493751224999357, 4.690802562484002181, 12.20000000000000284 ) ) ;
#1650 = CARTESIAN_POINT ( 'NONE',  ( 55.74410500996103934, 0.6294617415130001614, 12.20000000000000284 ) ) ;
#1651 = CARTESIAN_POINT ( 'NONE',  ( 57.17000000000000171, 11.03999999999999915, 1.100000000000000089 ) ) ;
#1652 = EDGE_CURVE ( 'NONE', #5070, #2867, #1968, .T. ) ;
#1653 = AXIS2_PLACEMENT_3D ( 'NONE', #5679, #1804, #1933 ) ;
#1654 = ORIENTED_EDGE ( 'NONE', *, *, #3038, .F. ) ;
#1655 = CARTESIAN_POINT ( 'NONE',  ( -7.530000000000000249, -3.059999999999999609, 0.000000000000000000 ) ) ;
#1656 = DIRECTION ( 'NONE',  ( 1.000000000000000000, 0.000000000000000000, 0.000000000000000000 ) ) ;
#1657 = CARTESIAN_POINT ( 'NONE',  ( 55.68543900149800407, 0.9109344061319999408, 12.13747185964599851 ) ) ;
#1658 = ORIENTED_EDGE ( 'NONE', *, *, #2948, .F. ) ;
#1659 = VERTEX_POINT ( 'NONE', #158 ) ;
#1660 = CARTESIAN_POINT ( 'NONE',  ( 56.16966295674399845, 3.942744372825999655, 10.20272944490400135 ) ) ;
#1661 = CARTESIAN_POINT ( 'NONE',  ( 56.24993655809399939, 5.932980818939999956, 12.23064520208399841 ) ) ;
#1662 = CARTESIAN_POINT ( 'NONE',  ( 56.21999999999999886, 3.939999999999999947, 10.20000000000000107 ) ) ;
#1663 = CARTESIAN_POINT ( 'NONE',  ( -43.38000000000000256, -8.469999970576999715, -0.1000000000000000056 ) ) ;
#1664 = DIRECTION ( 'NONE',  ( 0.000000000000000000, 0.000000000000000000, -1.000000000000000000 ) ) ;
#1665 = FACE_OUTER_BOUND ( 'NONE', #493, .T. ) ;
#1666 = CARTESIAN_POINT ( 'NONE',  ( 56.07000000000000028, -6.910000000000000142, 0.9499999999999999556 ) ) ;
#1667 = AXIS2_PLACEMENT_3D ( 'NONE', #275, #3545, #4872 ) ;
#1668 = VERTEX_POINT ( 'NONE', #4752 ) ;
#1669 = EDGE_CURVE ( 'NONE', #2082, #193, #4786, .T. ) ;
#1670 = AXIS2_PLACEMENT_3D ( 'NONE', #2459, #988, #2856 ) ;
#1671 = DIRECTION ( 'NONE',  ( 0.000000000000000000, -1.000000000000000000, 0.000000000000000000 ) ) ;
#1672 = CARTESIAN_POINT ( 'NONE',  ( 56.06826810155699548, 5.312053411091999244, 12.19999999999899920 ) ) ;
#1673 = ORIENTED_EDGE ( 'NONE', *, *, #4031, .F. ) ;
#1674 = AXIS2_PLACEMENT_3D ( 'NONE', #185, #4904, #3104 ) ;
#1675 = ORIENTED_EDGE ( 'NONE', *, *, #402, .T. ) ;
#1676 =( BOUNDED_SURFACE ( )  B_SPLINE_SURFACE ( 2, 5, ( 
 ( #3616, #5489, #1278, #4571, #801, #346 ),
 ( #5976, #2314, #5641, #965, #13, #498 ),
 ( #2377, #4262, #528, #2801, #1929, #3370 ) ),
 .UNSPECIFIED., .F., .F., .F. ) 
 B_SPLINE_SURFACE_WITH_KNOTS ( ( 3, 3 ),
 ( 6, 6 ),
 ( 0.000000000000000000, 0.03491454785029000224 ),
 ( 3.840039423987000156, 3.874953971837999944 ),
 .UNSPECIFIED. ) 
 GEOMETRIC_REPRESENTATION_ITEM ( )  RATIONAL_B_SPLINE_SURFACE ( (
 ( 1.000000000000000000, 1.000000000000000000, 1.000000000000000000, 1.000000000000000000, 1.000000000000000000, 1.000000000000000000),
 ( 0.7071067811869999886, 0.7071067811869999886, 0.7071067811869999886, 0.7071067811869999886, 0.7071067811869999886, 0.7071067811869999886),
 ( 1.000000000000000000, 1.000000000000000000, 1.000000000000000000, 1.000000000000000000, 1.000000000000000000, 1.000000000000000000) ) ) 
 REPRESENTATION_ITEM ( '' )  SURFACE ( )  );
#1677 = CIRCLE ( 'NONE', #2358, 0.8500000000000000888 ) ;
#1678 = DIRECTION ( 'NONE',  ( -1.000000000000000000, 0.000000000000000000, 0.000000000000000000 ) ) ;
#1679 = FACE_OUTER_BOUND ( 'NONE', #5613, .T. ) ;
#1680 = CARTESIAN_POINT ( 'NONE',  ( 56.08565376249704570, 5.626488346689003883, 12.19999999999999751 ) ) ;
#1681 = CARTESIAN_POINT ( 'NONE',  ( 56.05033997147200608, -0.4508945535480000100, 12.13747185964500019 ) ) ;
#1682 = EDGE_CURVE ( 'NONE', #2535, #2114, #177, .T. ) ;
#1683 = CARTESIAN_POINT ( 'NONE',  ( -50.53000000000000114, 4.639999999999999680, 1.000000000000000000 ) ) ;
#1684 = EDGE_CURVE ( 'NONE', #3293, #2454, #3861, .T. ) ;
#1685 = ORIENTED_EDGE ( 'NONE', *, *, #653, .T. ) ;
#1686 = CARTESIAN_POINT ( 'NONE',  ( 55.68197725976300205, 0.9184067703110000425, 12.14520542762199895 ) ) ;
#1687 = PLANE ( 'NONE',  #4874 ) ;
#1688 = LINE ( 'NONE', #4861, #356 ) ;
#1689 = ORIENTED_EDGE ( 'NONE', *, *, #5216, .F. ) ;
#1690 = VERTEX_POINT ( 'NONE', #4289 ) ;
#1691 = EDGE_CURVE ( 'NONE', #1133, #1913, #4221, .T. ) ;
#1692 = FACE_OUTER_BOUND ( 'NONE', #3963, .T. ) ;
#1693 = DIRECTION ( 'NONE',  ( 0.000000000000000000, 0.000000000000000000, 1.000000000000000000 ) ) ;
#1694 = DIRECTION ( 'NONE',  ( 1.000000000000000000, 0.000000000000000000, 0.000000000000000000 ) ) ;
#1695 = CARTESIAN_POINT ( 'NONE',  ( 51.53464466128700394, -6.924644660593999745, 1.000000000000000000 ) ) ;
#1696 = B_SPLINE_CURVE_WITH_KNOTS ( 'NONE', 3,
 ( #5622, #5685, #3848, #54 ),
 .UNSPECIFIED., .F., .F.,
 ( 4, 4 ),
 ( -0.01687557315726830043, 2.047420552762840185 ),
 .UNSPECIFIED. ) ;
#1697 = CARTESIAN_POINT ( 'NONE',  ( -50.53000000000000114, -4.959999999999999964, 0.9000000000000000222 ) ) ;
#1698 = DIRECTION ( 'NONE',  ( 2.500000000000000194E-16, 1.000000000000000000, 0.000000000000000000 ) ) ;
#1699 = CARTESIAN_POINT ( 'NONE',  ( 52.53245520803199753, 10.99494624963899980, 0.9505389418540001190 ) ) ;
#1700 = ORIENTED_EDGE ( 'NONE', *, *, #402, .F. ) ;
#1701 = CARTESIAN_POINT ( 'NONE',  ( -19.13000000000000256, 2.339999999999999858, 1.000000000000000000 ) ) ;
#1702 = CARTESIAN_POINT ( 'NONE',  ( 50.03464466128700394, -8.424644631171000597, 1.000000000000000000 ) ) ;
#1703 = EDGE_CURVE ( 'NONE', #2262, #1272, #5979, .T. ) ;
#1704 = CARTESIAN_POINT ( 'NONE',  ( 56.09675858454200181, 5.418381341114999472, 12.20000000000000107 ) ) ;
#1705 = ORIENTED_EDGE ( 'NONE', *, *, #4704, .T. ) ;
#1706 = ORIENTED_EDGE ( 'NONE', *, *, #5038, .F. ) ;
#1707 = VECTOR ( 'NONE', #2205, 1000.000000000000000 ) ;
#1708 = CARTESIAN_POINT ( 'NONE',  ( 32.96999999999999886, -2.259999999999999787, 0.000000000000000000 ) ) ;
#1709 = EDGE_CURVE ( 'NONE', #4226, #6053, #869, .T. ) ;
#1710 = DIRECTION ( 'NONE',  ( 1.000000000000000000, 0.000000000000000000, 0.000000000000000000 ) ) ;
#1711 = CARTESIAN_POINT ( 'NONE',  ( 56.06855947270700824, 5.562691588674997689, 12.20000000000000284 ) ) ;
#1712 = CARTESIAN_POINT ( 'NONE',  ( 55.85090659059399343, 0.2934009566159999638, 12.13747185964599851 ) ) ;
#1713 = DIRECTION ( 'NONE',  ( 0.000000000000000000, 1.000000000000000000, 0.000000000000000000 ) ) ;
#1714 = VECTOR ( 'NONE', #3953, 1000.000000000000000 ) ;
#1715 = ORIENTED_EDGE ( 'NONE', *, *, #5893, .F. ) ;
#1716 = CARTESIAN_POINT ( 'NONE',  ( 55.67906599639299259, 0.9278988398750001032, 12.15501690307199922 ) ) ;
#1717 = CARTESIAN_POINT ( 'NONE',  ( 52.59341874729899757, 10.99000000000000021, 1.000000000000000000 ) ) ;
#1718 = DIRECTION ( 'NONE',  ( -1.000000000000000000, 0.000000000000000000, 0.000000000000000000 ) ) ;
#1719 = ORIENTED_EDGE ( 'NONE', *, *, #3557, .T. ) ;
#1720 = DIRECTION ( 'NONE',  ( 0.000000000000000000, 0.000000000000000000, 1.000000000000000000 ) ) ;
#1721 = LINE ( 'NONE', #5959, #4758 ) ;
#1722 = DIRECTION ( 'NONE',  ( 0.000000000000000000, 0.000000000000000000, -1.000000000000000000 ) ) ;
#1723 = CARTESIAN_POINT ( 'NONE',  ( -53.92999999999999972, 5.040000000000000036, 0.9499999999999999556 ) ) ;
#1724 = AXIS2_PLACEMENT_3D ( 'NONE', #551, #2486, #4869 ) ;
#1725 = EDGE_CURVE ( 'NONE', #4021, #982, #1021, .T. ) ;
#1726 = FACE_OUTER_BOUND ( 'NONE', #5800, .T. ) ;
#1727 = CARTESIAN_POINT ( 'NONE',  ( -50.92999999999999972, -9.910000000000000142, 0.9499999999999999556 ) ) ;
#1728 = ORIENTED_EDGE ( 'NONE', *, *, #2308, .F. ) ;
#1729 = EDGE_CURVE ( 'NONE', #5269, #1325, #3890, .T. ) ;
#1730 = CIRCLE ( 'NONE', #3495, 1.990000000000000435 ) ;
#1731 = AXIS2_PLACEMENT_3D ( 'NONE', #4072, #4134, #3239 ) ;
#1732 = CARTESIAN_POINT ( 'NONE',  ( 9.845000000000000639, 0.04000000000000020206, 0.9499999999999999556 ) ) ;
#1733 = CARTESIAN_POINT ( 'NONE',  ( 56.06860514481300584, -0.3320384831700000094, 12.19999999999899920 ) ) ;
#1734 = LINE ( 'NONE', #4933, #4323 ) ;
#1735 = LINE ( 'NONE', #1179, #4871 ) ;
#1736 = AXIS2_PLACEMENT_3D ( 'NONE', #3418, #2038, #2511 ) ;
#1737 = EDGE_LOOP ( 'NONE', ( #1505, #2802, #2487, #383 ) ) ;
#1738 = ORIENTED_EDGE ( 'NONE', *, *, #5700, .F. ) ;
#1739 = DIRECTION ( 'NONE',  ( 0.000000000000000000, -0.7071067811865475727, 0.7071067811865475727 ) ) ;
#1740 = CARTESIAN_POINT ( 'NONE',  ( -44.18000000001999439, -8.458879989360001517, 0.000000000000000000 ) ) ;
#1741 = CARTESIAN_POINT ( 'NONE',  ( 55.62653999301796404, 3.913052432540001124, 12.19999999999999751 ) ) ;
#1742 = ADVANCED_FACE ( 'NONE', ( #1082 ), #2954, .T. ) ;
#1743 = AXIS2_PLACEMENT_3D ( 'NONE', #2940, #5228, #4769 ) ;
#1744 = EDGE_CURVE ( 'NONE', #624, #1552, #1734, .T. ) ;
#1745 = ORIENTED_EDGE ( 'NONE', *, *, #3820, .T. ) ;
#1746 = CIRCLE ( 'NONE', #2418, 0.04999999999999969746 ) ;
#1747 = SPHERICAL_SURFACE ( 'NONE', #4568, 0.05000000000000000278 ) ;
#1748 = CARTESIAN_POINT ( 'NONE',  ( 52.56999963878502058, 11.03999956654200609, 0.9502261328260004358 ) ) ;
#1749 = AXIS2_PLACEMENT_3D ( 'NONE', #440, #2870, #2804 ) ;
#1750 = CARTESIAN_POINT ( 'NONE',  ( 56.16966841716769210, 5.877485655282840504, 12.13747310525134004 ) ) ;
#1751 = ORIENTED_EDGE ( 'NONE', *, *, #1573, .T. ) ;
#1752 = LINE ( 'NONE', #4983, #2691 ) ;
#1753 = CYLINDRICAL_SURFACE ( 'NONE', #2876, 1.625000000000000222 ) ;
#1754 = DIRECTION ( 'NONE',  ( 0.000000000000000000, -1.000000000000000000, 0.000000000000000000 ) ) ;
#1755 = CARTESIAN_POINT ( 'NONE',  ( -59.22999999999999687, 4.989999999999999325, 0.9499999999999999556 ) ) ;
#1756 = CARTESIAN_POINT ( 'NONE',  ( -60.92999999999999972, -4.959999999999999964, 0.000000000000000000 ) ) ;
#1757 = FACE_OUTER_BOUND ( 'NONE', #5020, .T. ) ;
#1758 = ADVANCED_FACE ( 'NONE', ( #2184 ), #5815, .F. ) ;
#1759 = ORIENTED_EDGE ( 'NONE', *, *, #1725, .T. ) ;
#1760 = EDGE_CURVE ( 'NONE', #611, #3829, #3047, .T. ) ;
#1761 = CARTESIAN_POINT ( 'NONE',  ( 57.17000000000000171, 3.439999999999999947, 8.200000000000001066 ) ) ;
#1762 = CARTESIAN_POINT ( 'NONE',  ( 55.89873531387713257, 0.3019243565698209175, 12.19999999999999929 ) ) ;
#1763 = DIRECTION ( 'NONE',  ( 0.000000000000000000, 1.000000000000000000, 0.000000000000000000 ) ) ;
#1764 = CARTESIAN_POINT ( 'NONE',  ( 56.65202486653899427, 4.008163275343000542, 12.20000000000000107 ) ) ;
#1765 = ORIENTED_EDGE ( 'NONE', *, *, #266, .F. ) ;
#1766 = ORIENTED_EDGE ( 'NONE', *, *, #4238, .F. ) ;
#1767 = AXIS2_PLACEMENT_3D ( 'NONE', #555, #3333, #995 ) ;
#1768 = EDGE_CURVE ( 'NONE', #2467, #917, #1273, .T. ) ;
#1769 = CARTESIAN_POINT ( 'NONE',  ( 56.16991294325309525, -0.9003466401914773654, 12.14067154039428331 ) ) ;
#1770 = DIRECTION ( 'NONE',  ( -1.000000000000000000, 0.000000000000000000, 0.000000000000000000 ) ) ;
#1771 = CARTESIAN_POINT ( 'NONE',  ( 55.88052228502200336, 4.860927250521004161, 12.19999999999999751 ) ) ;
#1772 = AXIS2_PLACEMENT_3D ( 'NONE', #2164, #1156, #5032 ) ;
#1773 = CARTESIAN_POINT ( 'NONE',  ( 57.17000000000000171, 1.037270555095999969, 10.20272944490400135 ) ) ;
#1774 = ORIENTED_EDGE ( 'NONE', *, *, #4810, .T. ) ;
#1775 = CIRCLE ( 'NONE', #4530, 1.625000000000001332 ) ;
#1776 = CARTESIAN_POINT ( 'NONE',  ( -60.92999999999999972, -3.259999999999999787, 0.000000000000000000 ) ) ;
#1777 = CARTESIAN_POINT ( 'NONE',  ( 52.59341473665399747, 11.03993893318799913, 0.9598688179200000059 ) ) ;
#1778 = EDGE_CURVE ( 'NONE', #1207, #436, #733, .T. ) ;
#1779 = CARTESIAN_POINT ( 'NONE',  ( 56.19215443453799708, 1.019189411189000083, 10.22081058881100013 ) ) ;
#1780 = ORIENTED_EDGE ( 'NONE', *, *, #871, .F. ) ;
#1781 = FACE_OUTER_BOUND ( 'NONE', #229, .T. ) ;
#1782 = DIRECTION ( 'NONE',  ( 0.000000000000000000, 0.000000000000000000, -1.000000000000000000 ) ) ;
#1783 = CARTESIAN_POINT ( 'NONE',  ( -7.530000000000000249, 2.339999999999999858, 1.000000000000000000 ) ) ;
#1784 = CARTESIAN_POINT ( 'NONE',  ( 56.21999999999999886, 9.539999999999999147, 12.20000000000000107 ) ) ;
#1785 = DIRECTION ( 'NONE',  ( 0.000000000000000000, 0.000000000000000000, 1.000000000000000000 ) ) ;
#1786 = ORIENTED_EDGE ( 'NONE', *, *, #3105, .F. ) ;
#1787 = ORIENTED_EDGE ( 'NONE', *, *, #4593, .T. ) ;
#1788 = EDGE_CURVE ( 'NONE', #3852, #2230, #3338, .T. ) ;
#1789 = DIRECTION ( 'NONE',  ( 0.000000000000000000, 0.000000000000000000, -1.000000000000000000 ) ) ;
#1790 = CARTESIAN_POINT ( 'NONE',  ( 56.04581275842300414, -0.2469761391519999794, 12.19999999999800089 ) ) ;
#1791 = ADVANCED_FACE ( 'NONE', ( #4064 ), #3975, .T. ) ;
#1792 = LINE ( 'NONE', #1269, #5491 ) ;
#1793 = CARTESIAN_POINT ( 'NONE',  ( 56.21871713892500821, 4.001642440729999528, 10.07855481258400054 ) ) ;
#1794 = ORIENTED_EDGE ( 'NONE', *, *, #855, .T. ) ;
#1795 = ORIENTED_EDGE ( 'NONE', *, *, #1290, .F. ) ;
#1796 = PLANE ( 'NONE',  #3146 ) ;
#1797 = CARTESIAN_POINT ( 'NONE',  ( 55.64477787092100414, 3.918588979141999662, 12.13747185964599851 ) ) ;
#1798 = EDGE_CURVE ( 'NONE', #2594, #2333, #5480, .T. ) ;
#1799 = ORIENTED_EDGE ( 'NONE', *, *, #2422, .F. ) ;
#1800 = EDGE_CURVE ( 'NONE', #4474, #4088, #5881, .T. ) ;
#1801 = ORIENTED_EDGE ( 'NONE', *, *, #6054, .T. ) ;
#1802 = EDGE_CURVE ( 'NONE', #4936, #1341, #672, .T. ) ;
#1803 = VECTOR ( 'NONE', #3281, 1000.000000000000000 ) ;
#1804 = DIRECTION ( 'NONE',  ( 0.000000000000000000, 1.000000000000000000, 0.000000000000000000 ) ) ;
#1805 = CARTESIAN_POINT ( 'NONE',  ( 56.16966295705100265, 4.004078898688000265, 10.26406397076699939 ) ) ;
#1806 = B_SPLINE_CURVE_WITH_KNOTS ( 'NONE', 3,
 ( #4619, #391, #3164, #4588 ),
 .UNSPECIFIED., .F., .F.,
 ( 4, 4 ),
 ( -0.01687557316098280136, 2.047420552763050239 ),
 .UNSPECIFIED. ) ;
#1807 = EDGE_LOOP ( 'NONE', ( #3990, #3575, #4735, #2908 ) ) ;
#1808 = CYLINDRICAL_SURFACE ( 'NONE', #3789, 0.04999999999999969746 ) ;
#1809 = DIRECTION ( 'NONE',  ( 1.000000000000000000, 0.000000000000000000, 0.000000000000000000 ) ) ;
#1810 = PLANE ( 'NONE',  #5370 ) ;
#1811 = DIRECTION ( 'NONE',  ( 0.000000000000000000, 0.000000000000000000, -1.000000000000000000 ) ) ;
#1812 = DIRECTION ( 'NONE',  ( -1.000000000000000000, 2.710505431213683678E-16, 0.000000000000000000 ) ) ;
#1813 = VERTEX_POINT ( 'NONE', #5935 ) ;
#1814 = ORIENTED_EDGE ( 'NONE', *, *, #2373, .F. ) ;
#1815 = ADVANCED_FACE ( 'NONE', ( #2982 ), #4906, .T. ) ;
#1816 = VECTOR ( 'NONE', #4156, 1000.000000000000000 ) ;
#1817 = CARTESIAN_POINT ( 'NONE',  ( -43.43000000000000682, -8.568480745878000349, -0.08263518223330999779 ) ) ;
#1818 = CARTESIAN_POINT ( 'NONE',  ( 56.18826517351100591, -0.7786157892559999461, 12.20000000003600071 ) ) ;
#1819 = PLANE ( 'NONE',  #5886 ) ;
#1820 = CARTESIAN_POINT ( 'NONE',  ( 56.06173616464900533, -0.4934257255580000168, 12.13747185964199993 ) ) ;
#1821 = DIRECTION ( 'NONE',  ( 0.6401843996643816759, 0.7682212795974576736, 0.000000000000000000 ) ) ;
#1822 = ORIENTED_EDGE ( 'NONE', *, *, #3183, .F. ) ;
#1823 = CIRCLE ( 'NONE', #2305, 0.05000000000000002359 ) ;
#1824 = ORIENTED_EDGE ( 'NONE', *, *, #3167, .T. ) ;
#1825 = CARTESIAN_POINT ( 'NONE',  ( 48.52000000000000313, -8.409999970577000994, 1.000000000000000000 ) ) ;
#1827 = AXIS2_PLACEMENT_3D ( 'NONE', #3168, #5933, #1327 ) ;
#1826 = DIRECTION ( 'NONE',  ( 0.000000000000000000, 0.7071067811865474617, -0.7071067811865474617 ) ) ;
#1828 = LINE ( 'NONE', #6068, #856 ) ;
#1829 = ORIENTED_EDGE ( 'NONE', *, *, #4907, .F. ) ;
#1830 = DIRECTION ( 'NONE',  ( 0.000000000000000000, -1.000000000000000000, 0.000000000000000000 ) ) ;
#1831 = AXIS2_PLACEMENT_3D ( 'NONE', #5078, #2237, #3566 ) ;
#1832 = CIRCLE ( 'NONE', #4488, 1.625000000000000222 ) ;
#1833 = VERTEX_POINT ( 'NONE', #4444 ) ;
#1834 = DIRECTION ( 'NONE',  ( 0.000000000000000000, 0.000000000000000000, 1.000000000000000000 ) ) ;
#1835 = CARTESIAN_POINT ( 'NONE',  ( 52.55236172452700316, 11.01883406943199972, 0.9576860857939999416 ) ) ;
#1836 = VECTOR ( 'NONE', #261, 1000.000000000000000 ) ;
#1837 = CARTESIAN_POINT ( 'NONE',  ( -44.97999999999999687, -8.460000000000000853, 0.9499999999999999556 ) ) ;
#1838 = ORIENTED_EDGE ( 'NONE', *, *, #1484, .F. ) ;
#1839 = AXIS2_PLACEMENT_3D ( 'NONE', #5444, #239, #2121 ) ;
#1840 = ORIENTED_EDGE ( 'NONE', *, *, #3154, .T. ) ;
#1841 = DIRECTION ( 'NONE',  ( 1.000000000000000000, 0.000000000000000000, 0.000000000000000000 ) ) ;
#1842 = AXIS2_PLACEMENT_3D ( 'NONE', #4497, #997, #526 ) ;
#1843 = TOROIDAL_SURFACE ( 'NONE', #2211, 0.8000008362599999590, 0.05000000000000000278 ) ;
#1844 = CARTESIAN_POINT ( 'NONE',  ( 56.25842814411900150, -0.9600000000000000755, 12.20000000000000107 ) ) ;
#1845 = PERSON_AND_ORGANIZATION ( #3002, #3546 ) ;
#1846 = CARTESIAN_POINT ( 'NONE',  ( 56.16999999999999460, 5.919289321881343824, 12.17928932188133828 ) ) ;
#1847 = DIRECTION ( 'NONE',  ( 0.000000000000000000, 1.000000000000000000, 2.891205793294677044E-15 ) ) ;
#1848 = DIRECTION ( 'NONE',  ( 1.000000000000000000, 0.000000000000000000, 0.000000000000000000 ) ) ;
#1849 = ORIENTED_EDGE ( 'NONE', *, *, #2241, .F. ) ;
#1850 = B_SPLINE_CURVE_WITH_KNOTS ( 'NONE', 3,
 ( #1518, #3391, #2858, #2515 ),
 .UNSPECIFIED., .F., .F.,
 ( 4, 4 ),
 ( 0.06504685032202039974, 1.997434383068640074 ),
 .UNSPECIFIED. ) ;
#1851 = VERTEX_POINT ( 'NONE', #5876 ) ;
#1852 = DIRECTION ( 'NONE',  ( 1.000000000000000000, 0.000000000000000000, 0.000000000000000000 ) ) ;
#1853 = CARTESIAN_POINT ( 'NONE',  ( 55.67775427907499619, 4.045454098185000902, 12.16189416893300113 ) ) ;
#1854 = DIRECTION ( 'NONE',  ( 1.000000000000000000, 0.000000000000000000, 0.000000000000000000 ) ) ;
#1855 = CARTESIAN_POINT ( 'NONE',  ( 55.78252943143699838, 0.5485879886719999821, 12.13747185964599851 ) ) ;
#1856 = DIRECTION ( 'NONE',  ( 0.000000000000000000, 0.000000000000000000, 1.000000000000000000 ) ) ;
#1857 = EDGE_CURVE ( 'NONE', #69, #3126, #1610, .T. ) ;
#1858 = VERTEX_POINT ( 'NONE', #5359 ) ;
#1859 = AXIS2_PLACEMENT_3D ( 'NONE', #2120, #5870, #1664 ) ;
#1860 = ORIENTED_EDGE ( 'NONE', *, *, #2563, .T. ) ;
#1861 = DIRECTION ( 'NONE',  ( 0.000000000000000000, 1.000000000000000000, 0.000000000000000000 ) ) ;
#1862 = DIRECTION ( 'NONE',  ( 1.000000000000000000, 0.000000000000000000, 0.000000000000000000 ) ) ;
#1863 = CARTESIAN_POINT ( 'NONE',  ( 56.03290863842900649, 5.367112723455000456, 12.13747185964599851 ) ) ;
#1864 = VERTEX_POINT ( 'NONE', #2639 ) ;
#1865 = CARTESIAN_POINT ( 'NONE',  ( 52.59323187237500008, 11.03779255533299875, 0.9694587649689999642 ) ) ;
#1866 = AXIS2_PLACEMENT_3D ( 'NONE', #5086, #5054, #3258 ) ;
#1867 = ORIENTED_EDGE ( 'NONE', *, *, #2196, .F. ) ;
#1868 = ADVANCED_FACE ( 'NONE', ( #1146 ), #3726, .T. ) ;
#1869 = CIRCLE ( 'NONE', #1972, 1.989999999999999991 ) ;
#1870 = DIRECTION ( 'NONE',  ( 0.000000000000000000, 0.000000000000000000, -1.000000000000000000 ) ) ;
#1871 = DIRECTION ( 'NONE',  ( 1.000000000000000000, 0.000000000000000000, 0.000000000000000000 ) ) ;
#1872 = ADVANCED_FACE ( 'NONE', ( #2157 ), #5449, .T. ) ;
#1873 = DIRECTION ( 'NONE',  ( 0.000000000000000000, 0.000000000000000000, 1.000000000000000000 ) ) ;
#1874 = ORIENTED_EDGE ( 'NONE', *, *, #4722, .T. ) ;
#1875 = TOROIDAL_SURFACE ( 'NONE', #4230, 1.449999999999999956, 0.05000000000000000278 ) ;
#1876 = ORIENTED_EDGE ( 'NONE', *, *, #2261, .F. ) ;
#1877 = CARTESIAN_POINT ( 'NONE',  ( 56.27182664642199938, -0.9557276968160000052, 12.18974833332699959 ) ) ;
#1878 = PLANE ( 'NONE',  #2677 ) ;
#1879 = AXIS2_PLACEMENT_3D ( 'NONE', #556, #4325, #3862 ) ;
#1880 = DIRECTION ( 'NONE',  ( -1.000000000000000000, 0.000000000000000000, 0.000000000000000000 ) ) ;
#1881 = CARTESIAN_POINT ( 'NONE',  ( 19.72000000000000242, -2.259999999999999787, 1.000000000000000000 ) ) ;
#1882 = CARTESIAN_POINT ( 'NONE',  ( 56.16999999999999460, 11.03999999999999915, 3.649999999999999911 ) ) ;
#1883 = DIRECTION ( 'NONE',  ( -0.000000000000000000, 1.000000000000000000, 0.000000000000000000 ) ) ;
#1884 = ORIENTED_EDGE ( 'NONE', *, *, #1449, .T. ) ;
#1885 = VERTEX_POINT ( 'NONE', #4994 ) ;
#1886 = ADVANCED_FACE ( 'NONE', ( #765 ), #5390, .T. ) ;
#1887 = LOCAL_TIME ( 23, 21, 37.00000000000000000, #658 ) ;
#1888 = ADVANCED_FACE ( 'NONE', ( #2214 ), #4516, .T. ) ;
#1889 = CARTESIAN_POINT ( 'NONE',  ( 56.16999999999999460, 11.03999999999999915, 1.100000000000000089 ) ) ;
#1890 = CARTESIAN_POINT ( 'NONE',  ( 56.28008618813500163, 5.927194795656999915, 12.18746830775800127 ) ) ;
#1891 = LINE ( 'NONE', #4092, #872 ) ;
#1892 = CARTESIAN_POINT ( 'NONE',  ( 55.66335581387699705, 0.9933499843239997906, 12.13747185964599851 ) ) ;
#1893 = CARTESIAN_POINT ( 'NONE',  ( -28.17999999999999972, 0.04000000000000000083, 1.000000000000000000 ) ) ;
#1894 = VERTEX_POINT ( 'NONE', #3141 ) ;
#1895 = EDGE_LOOP ( 'NONE', ( #1241, #4369, #2590, #130 ) ) ;
#1896 = DIRECTION ( 'NONE',  ( -1.000000000000000000, 0.000000000000000000, 0.000000000000000000 ) ) ;
#1897 = CARTESIAN_POINT ( 'NONE',  ( -43.38000000000000256, -8.469999970576999715, 0.9499999999999999556 ) ) ;
#1898 = DIRECTION ( 'NONE',  ( 0.000000000000000000, 1.000000000000000000, 6.000000000000000121E-17 ) ) ;
#1899 = ORIENTED_EDGE ( 'NONE', *, *, #3638, .T. ) ;
#1900 = CARTESIAN_POINT ( 'NONE',  ( 52.59341874729899757, 10.99000000000000021, 1.000000000000000000 ) ) ;
#1901 = ORIENTED_EDGE ( 'NONE', *, *, #3733, .T. ) ;
#1902 = EDGE_CURVE ( 'NONE', #1306, #1191, #3434, .T. ) ;
#1903 = CARTESIAN_POINT ( 'NONE',  ( -7.530000000000000249, -3.109999999999999876, 1.000000000000000000 ) ) ;
#1904 = CARTESIAN_POINT ( 'NONE',  ( 57.17000000000000171, 11.03999999999999915, 3.700000000000000178 ) ) ;
#1905 = CARTESIAN_POINT ( 'NONE',  ( -43.43000000000015604, -9.723905457942594310, -0.9958719043939294746 ) ) ;
#1906 = ORIENTED_EDGE ( 'NONE', *, *, #3577, .F. ) ;
#1907 = VECTOR ( 'NONE', #5900, 1000.000000000000000 ) ;
#1908 = CARTESIAN_POINT ( 'NONE',  ( 56.25691642851600704, -0.9146557693000000322, 12.18870802201699810 ) ) ;
#1909 = LINE ( 'NONE', #1446, #1216 ) ;
#1910 =( NAMED_UNIT ( * ) PLANE_ANGLE_UNIT ( ) SI_UNIT ( $, .RADIAN. ) );
#1911 = CARTESIAN_POINT ( 'NONE',  ( -26.55499999999999972, 0.04000000000000000083, 0.000000000000000000 ) ) ;
#1912 = DIRECTION ( 'NONE',  ( 0.000000000000000000, 0.000000000000000000, -1.000000000000000000 ) ) ;
#1913 = VERTEX_POINT ( 'NONE', #425 ) ;
#1914 = ORIENTED_EDGE ( 'NONE', *, *, #2406, .T. ) ;
#1915 =( BOUNDED_CURVE ( )  B_SPLINE_CURVE ( 3, ( #3703, #2621, #376, #1248 ),
 .UNSPECIFIED., .F., .F. ) 
 B_SPLINE_CURVE_WITH_KNOTS ( ( 4, 4 ),
 ( 0.000000000000000000, 1.570796326794896558 ),
 .UNSPECIFIED. ) 
 CURVE ( )  GEOMETRIC_REPRESENTATION_ITEM ( )  RATIONAL_B_SPLINE_CURVE ( ( 1.000000000000000000, 0.8047378541243649375, 0.8047378541243649375, 1.000000000000000000 ) ) 
 REPRESENTATION_ITEM ( '' )  );
#1916 = DIRECTION ( 'NONE',  ( 0.000000000000000000, 0.000000000000000000, -1.000000000000000000 ) ) ;
#1917 = CARTESIAN_POINT ( 'NONE',  ( 56.25312155482699694, 5.949609746052000325, 12.21469634723399977 ) ) ;
#1918 = DIRECTION ( 'NONE',  ( 0.000000000000000000, -1.000000000000000000, 0.000000000000000000 ) ) ;
#1919 = CARTESIAN_POINT ( 'NONE',  ( 56.07000000000000028, 10.99000000000000021, 1.000000000000000000 ) ) ;
#1920 = DIRECTION ( 'NONE',  ( -0.8000000000000000444, -0.5999999999999999778, 0.000000000000000000 ) ) ;
#1921 = EDGE_CURVE ( 'NONE', #45, #1366, #1792, .T. ) ;
#1922 = ORIENTED_EDGE ( 'NONE', *, *, #663, .F. ) ;
#1923 = ORIENTED_EDGE ( 'NONE', *, *, #2728, .T. ) ;
#1924 = LINE ( 'NONE', #2372, #3528 ) ;
#1925 = CARTESIAN_POINT ( 'NONE',  ( 56.07279531456299537, 5.515971825490999514, 12.13747185963699948 ) ) ;
#1926 = CARTESIAN_POINT ( 'NONE',  ( 55.64738371373499604, 3.928314116921000299, 12.13747185964599851 ) ) ;
#1927 = VECTOR ( 'NONE', #784, 1000.000000000000000 ) ;
#1928 = VERTEX_POINT ( 'NONE', #335 ) ;
#1929 = CARTESIAN_POINT ( 'NONE',  ( 52.58733363132400029, 10.98269786082999921, 1.000000000000000000 ) ) ;
#1930 = VERTEX_POINT ( 'NONE', #822 ) ;
#1931 = AXIS2_PLACEMENT_3D ( 'NONE', #6009, #3212, #409 ) ;
#1932 = VECTOR ( 'NONE', #971, 1000.000000000000000 ) ;
#1933 = DIRECTION ( 'NONE',  ( 1.000000000000000000, 0.000000000000000000, 0.000000000000000000 ) ) ;
#1934 = EDGE_CURVE ( 'NONE', #4856, #3533, #1891, .T. ) ;
#1935 = CARTESIAN_POINT ( 'NONE',  ( 56.13698230399599964, -0.5872255152240000164, 12.20000000000499973 ) ) ;
#1936 = CYLINDRICAL_SURFACE ( 'NONE', #243, 0.04999999999999969746 ) ;
#1937 = EDGE_CURVE ( 'NONE', #2517, #1306, #1177, .T. ) ;
#1938 = CIRCLE ( 'NONE', #4081, 0.05000000000000012768 ) ;
#1939 = ORIENTED_EDGE ( 'NONE', *, *, #2684, .T. ) ;
#1940 = VERTEX_POINT ( 'NONE', #5509 ) ;
#1941 = CIRCLE ( 'NONE', #68, 1.100000000000000089 ) ;
#1942 = LINE ( 'NONE', #4738, #2284 ) ;
#1943 = LINE ( 'NONE', #4244, #2516 ) ;
#1944 = LINE ( 'NONE', #1882, #3473 ) ;
#1945 = VECTOR ( 'NONE', #3011, 1000.000000000000000 ) ;
#1946 = CARTESIAN_POINT ( 'NONE',  ( 56.16999999999999460, 1.037270555095999969, 10.20272944490400135 ) ) ;
#1947 = VERTEX_POINT ( 'NONE', #5025 ) ;
#1948 = ORIENTED_EDGE ( 'NONE', *, *, #2196, .T. ) ;
#1949 = VECTOR ( 'NONE', #1480, 1000.000000000000000 ) ;
#1950 = DIRECTION ( 'NONE',  ( 0.000000000000000000, -1.000000000000000000, 0.000000000000000000 ) ) ;
#1951 = CARTESIAN_POINT ( 'NONE',  ( 55.70672592649300015, 4.009329019818999917, 12.19890117059900092 ) ) ;
#1952 = ADVANCED_FACE ( 'NONE', ( #922 ), #1819, .T. ) ;
#1953 = CARTESIAN_POINT ( 'NONE',  ( -19.92999999999999972, 3.140000000000000124, 0.000000000000000000 ) ) ;
#1954 = CYLINDRICAL_SURFACE ( 'NONE', #4826, 0.7999999999999999334 ) ;
#1955 = ADVANCED_FACE ( 'NONE', ( #794 ), #4330, .T. ) ;
#1956 = CIRCLE ( 'NONE', #1842, 0.1000000000000000056 ) ;
#1957 = ORIENTED_EDGE ( 'NONE', *, *, #4416, .T. ) ;
#1958 = DIRECTION ( 'NONE',  ( 0.000000000000000000, -1.000000000000000000, 0.000000000000000000 ) ) ;
#1959 = CARTESIAN_POINT ( 'NONE',  ( 56.07000000000000028, 10.99000000000000021, 1.100000000000000089 ) ) ;
#1960 = DIRECTION ( 'NONE',  ( 0.000000000000000000, -1.000000000000000000, 0.000000000000000000 ) ) ;
#1961 = ORIENTED_EDGE ( 'NONE', *, *, #5137, .F. ) ;
#1962 = CARTESIAN_POINT ( 'NONE',  ( 52.59244901925300297, 11.01694490355300005, 0.9945315575719999579 ) ) ;
#1963 = ORIENTED_EDGE ( 'NONE', *, *, #5333, .T. ) ;
#1964 = ADVANCED_FACE ( 'NONE', ( #5968 ), #2700, .F. ) ;
#1965 = CARTESIAN_POINT ( 'NONE',  ( -26.50500000000000256, 0.03999999999999958450, 0.9499999999999999556 ) ) ;
#1966 = CARTESIAN_POINT ( 'NONE',  ( 56.18792813025400079, 5.758630717177999792, 12.20000000003600071 ) ) ;
#1967 = CARTESIAN_POINT ( 'NONE',  ( 56.04581275842300414, -0.2469761391519999794, 12.19999999999800089 ) ) ;
#1968 = CIRCLE ( 'NONE', #1767, 0.7500008362599971390 ) ;
#1969 = DIRECTION ( 'NONE',  ( 0.000000000000000000, 0.000000000000000000, -1.000000000000000000 ) ) ;
#1970 = EDGE_LOOP ( 'NONE', ( #5129, #1042, #4116, #1208 ) ) ;
#1971 = B_SPLINE_SURFACE_WITH_KNOTS ( 'NONE', 1, 1, ( 
 ( #1946, #543 ),
 ( #510, #4345 ) ),
 .UNSPECIFIED., .F., .F., .F.,
 ( 2, 2 ),
 ( 2, 2 ),
 ( 0.000000000000000000, 1.000000000000000000 ),
 ( 0.000000000000000000, 1.000000000000000000 ),
 .UNSPECIFIED. ) ;
#1972 = AXIS2_PLACEMENT_3D ( 'NONE', #2337, #4597, #398 ) ;
#1973 = EDGE_CURVE ( 'NONE', #1032, #1572, #1869, .T. ) ;
#1974 = DIRECTION ( 'NONE',  ( 0.000000000000000000, -1.000000000000000000, 0.000000000000000000 ) ) ;
#1975 = COORDINATED_UNIVERSAL_TIME_OFFSET ( 5, 30, .AHEAD. ) ;
#1976 = CARTESIAN_POINT ( 'NONE',  ( -53.92999999999999972, -4.959999999999999964, 0.000000000000000000 ) ) ;
#1977 = DIRECTION ( 'NONE',  ( 0.000000000000000000, 0.000000000000000000, 1.000000000000000000 ) ) ;
#1978 = ORIENTED_EDGE ( 'NONE', *, *, #3608, .T. ) ;
#1979 = VECTOR ( 'NONE', #2980, 1000.000000000000000 ) ;
#1980 = EDGE_LOOP ( 'NONE', ( #1906, #3913, #2281, #2352 ) ) ;
#1981 = AXIS2_PLACEMENT_3D ( 'NONE', #5638, #6003, #3666 ) ;
#1982 = DIRECTION ( 'NONE',  ( 0.000000000000000000, 0.7071067811865475727, -0.7071067811865475727 ) ) ;
#1983 = CARTESIAN_POINT ( 'NONE',  ( 55.68358803681000069, 4.066198972279999602, 12.14045561060399869 ) ) ;
#1984 = CARTESIAN_POINT ( 'NONE',  ( -19.13000000000000256, -2.259999999999999787, 0.000000000000000000 ) ) ;
#1985 = CARTESIAN_POINT ( 'NONE',  ( 56.07000000000000028, -6.959999999999999964, 1.100000000000000089 ) ) ;
#1986 = CARTESIAN_POINT ( 'NONE',  ( 41.21999999999999886, 0.04000000000000000083, 0.000000000000000000 ) ) ;
#1987 = EDGE_LOOP ( 'NONE', ( #545, #1195, #6069, #3458 ) ) ;
#1988 = EDGE_CURVE ( 'NONE', #628, #126, #3758, .T. ) ;
#1989 = CARTESIAN_POINT ( 'NONE',  ( 55.65236190979499753, 0.9718516525779999915, 12.20000000000000107 ) ) ;
#1990 = CARTESIAN_POINT ( 'NONE',  ( 56.12977628067900326, 5.728627685525999880, 12.13747185966899877 ) ) ;
#1991 = ORIENTED_EDGE ( 'NONE', *, *, #4561, .T. ) ;
#1992 = DIRECTION ( 'NONE',  ( 1.000000000000000000, 0.000000000000000000, 0.000000000000000000 ) ) ;
#1993 = ORIENTED_EDGE ( 'NONE', *, *, #623, .T. ) ;
#1994 = EDGE_CURVE ( 'NONE', #3609, #3126, #4124, .T. ) ;
#1995 = CARTESIAN_POINT ( 'NONE',  ( 55.70977442694800175, 3.974136803242999338, 12.20000000000000107 ) ) ;
#1996 = DIRECTION ( 'NONE',  ( -1.000000000000000000, 0.000000000000000000, 0.000000000000000000 ) ) ;
#1997 = EDGE_CURVE ( 'NONE', #2995, #572, #4686, .T. ) ;
#1998 = CARTESIAN_POINT ( 'NONE',  ( -44.97999999999999687, -9.960000000000000853, 1.000000000000000000 ) ) ;
#1999 = EDGE_CURVE ( 'NONE', #1851, #434, #859, .T. ) ;
#2000 = EDGE_LOOP ( 'NONE', ( #461, #3503, #4182, #3655 ) ) ;
#2001 = ORIENTED_EDGE ( 'NONE', *, *, #5398, .T. ) ;
#2002 = DIRECTION ( 'NONE',  ( 1.000000000000000000, -2.386862991665844920E-16, 0.000000000000000000 ) ) ;
#2003 = DIRECTION ( 'NONE',  ( 0.000000000000000000, 1.000000000000000000, 3.469446951953614189E-15 ) ) ;
#2004 = CARTESIAN_POINT ( 'NONE',  ( 56.16999999999999460, 10.99000000000000021, 3.649999999999999911 ) ) ;
#2005 = EDGE_LOOP ( 'NONE', ( #207, #2382, #730, #2180 ) ) ;
#2006 = ORIENTED_EDGE ( 'NONE', *, *, #3939, .T. ) ;
#2007 = CIRCLE ( 'NONE', #4556, 0.04999999999999946154 ) ;
#2008 = PLANE ( 'NONE',  #5757 ) ;
#2009 = CARTESIAN_POINT ( 'NONE',  ( 56.19714498860300012, 5.894324312545999867, 12.19320345548099915 ) ) ;
#2010 = CARTESIAN_POINT ( 'NONE',  ( 56.21999999999999886, 1.539999999999999813, 8.699999999999999289 ) ) ;
#2011 = DIRECTION ( 'NONE',  ( -1.000000000000000000, 0.000000000000000000, 0.000000000000000000 ) ) ;
#2012 = VECTOR ( 'NONE', #4550, 1000.000000000000000 ) ;
#2013 = CARTESIAN_POINT ( 'NONE',  ( -33.32999999999999829, -4.959999999999999964, 1.000000000000000000 ) ) ;
#2014 = EDGE_LOOP ( 'NONE', ( #460, #5125, #2928, #3921 ) ) ;
#2015 = DIRECTION ( 'NONE',  ( 1.000000000000000000, -1.355252715606880543E-16, 0.000000000000000000 ) ) ;
#2016 = EDGE_CURVE ( 'NONE', #909, #797, #2273, .T. ) ;
#2017 = CARTESIAN_POINT ( 'NONE',  ( -19.13000000000000256, -2.259999999999999787, 1.000000000000000000 ) ) ;
#2018 = CARTESIAN_POINT ( 'NONE',  ( 56.14687057022200634, 5.792424443559000657, 12.13747185961599939 ) ) ;
#2019 = DIRECTION ( 'NONE',  ( 0.000000000000000000, 0.000000000000000000, -1.000000000000000000 ) ) ;
#2020 = ORIENTED_EDGE ( 'NONE', *, *, #2463, .F. ) ;
#2021 = ORIENTED_EDGE ( 'NONE', *, *, #4069, .F. ) ;
#2022 = AXIS2_PLACEMENT_3D ( 'NONE', #5921, #5007, #3586 ) ;
#2023 = CARTESIAN_POINT ( 'NONE',  ( 56.15448235186499915, -0.9446541938970000052, 12.18087045115299993 ) ) ;
#2025 = VECTOR ( 'NONE', #2, 1000.000000000000000 ) ;
#2024 = DIRECTION ( 'NONE',  ( 1.000000000000000000, 0.000000000000000000, 0.000000000000000000 ) ) ;
#2026 = CARTESIAN_POINT ( 'NONE',  ( 56.14833282505901479, 5.860409792740999713, 12.19999999999999751 ) ) ;
#2027 = CARTESIAN_POINT ( 'NONE',  ( 56.12587748193599424, -0.7953325207999999424, 12.19999999999999929 ) ) ;
#2028 = EDGE_CURVE ( 'NONE', #2468, #700, #4915, .T. ) ;
#2029 = FACE_OUTER_BOUND ( 'NONE', #5496, .T. ) ;
#2030 = ORIENTED_EDGE ( 'NONE', *, *, #5217, .F. ) ;
#2031 = CIRCLE ( 'NONE', #1438, 0.05000000000000143219 ) ;
#2032 = ORIENTED_EDGE ( 'NONE', *, *, #2741, .T. ) ;
#2033 = CARTESIAN_POINT ( 'NONE',  ( 56.21999999999999886, -0.9600000000000000755, 12.14999999999999858 ) ) ;
#2034 = FACE_OUTER_BOUND ( 'NONE', #5035, .T. ) ;
#2035 = DIRECTION ( 'NONE',  ( 0.000000000000000000, 0.000000000000000000, 1.000000000000000000 ) ) ;
#2036 = ORIENTED_EDGE ( 'NONE', *, *, #5843, .F. ) ;
#2037 = VERTEX_POINT ( 'NONE', #4153 ) ;
#2038 = DIRECTION ( 'NONE',  ( -1.000000000000000000, 0.000000000000000000, 0.000000000000000000 ) ) ;
#2039 = CARTESIAN_POINT ( 'NONE',  ( 56.18529335136800285, 5.855714900585999416, 12.20268198507999990 ) ) ;
#2040 = CARTESIAN_POINT ( 'NONE',  ( 56.20987601576977966, -0.8867863750344828766, 12.20005473132161455 ) ) ;
#2041 = DIRECTION ( 'NONE',  ( -1.000000000000000000, 0.000000000000000000, 0.000000000000000000 ) ) ;
#2042 = CARTESIAN_POINT ( 'NONE',  ( 56.16949132479435036, 5.887154720989991041, 12.14706505126779845 ) ) ;
#2043 = CIRCLE ( 'NONE', #5468, 1.050000000000000711 ) ;
#2044 = ORIENTED_EDGE ( 'NONE', *, *, #6027, .T. ) ;
#2045 = CARTESIAN_POINT ( 'NONE',  ( 56.16999999999999460, 1.019289321881343247, 10.22071067811865674 ) ) ;
#2046 = EDGE_CURVE ( 'NONE', #1659, #5840, #6023, .T. ) ;
#2047 = CARTESIAN_POINT ( 'NONE',  ( 55.95313528607199061, 5.069394519390000298, 12.13747185964500019 ) ) ;
#2048 = VECTOR ( 'NONE', #4641, 1000.000000000000000 ) ;
#2049 = CARTESIAN_POINT ( 'NONE',  ( -44.18000000001999439, -8.458879989360001517, 0.000000000000000000 ) ) ;
#2050 = ORIENTED_EDGE ( 'NONE', *, *, #749, .T. ) ;
#2051 = VERTEX_POINT ( 'NONE', #3289 ) ;
#2052 = CARTESIAN_POINT ( 'NONE',  ( 56.14733661711199630, -0.9288593984869999431, 12.17815763003900109 ) ) ;
#2053 = CARTESIAN_POINT ( 'NONE',  ( 56.07459461256002697, -0.6039422467580001230, 12.19999999999999751 ) ) ;
#2054 = LINE ( 'NONE', #3956, #5656 ) ;
#2055 = ORIENTED_EDGE ( 'NONE', *, *, #5970, .F. ) ;
#2056 = ORIENTED_EDGE ( 'NONE', *, *, #5597, .F. ) ;
#2057 = ADVANCED_FACE ( 'NONE', ( #487 ), #65, .F. ) ;
#2058 = EDGE_CURVE ( 'NONE', #3933, #5056, #469, .T. ) ;
#2059 = DIRECTION ( 'NONE',  ( 0.000000000000000000, 0.000000000000000000, 1.000000000000000000 ) ) ;
#2060 = LINE ( 'NONE', #3936, #2917 ) ;
#2061 = ORIENTED_EDGE ( 'NONE', *, *, #2371, .F. ) ;
#2062 = ORIENTED_EDGE ( 'NONE', *, *, #3548, .T. ) ;
#2063 = AXIS2_PLACEMENT_3D ( 'NONE', #3170, #3633, #2761 ) ;
#2064 = DIRECTION ( 'NONE',  ( 0.000000000000000000, -1.000000000000000000, 6.000000000000000121E-17 ) ) ;
#2065 = CARTESIAN_POINT ( 'NONE',  ( 56.16306654583199531, 5.846494723055000620, 12.16016246085900043 ) ) ;
#2066 = LINE ( 'NONE', #3041, #4592 ) ;
#2067 = CARTESIAN_POINT ( 'NONE',  ( 20.57000000000000028, 3.140000000000000124, 0.9499999999999999556 ) ) ;
#2068 = DIRECTION ( 'NONE',  ( 1.000000000000000000, 0.000000000000000000, 0.000000000000000000 ) ) ;
#2069 = EDGE_CURVE ( 'NONE', #4691, #959, #2366, .T. ) ;
#2070 = EDGE_LOOP ( 'NONE', ( #3428, #1427, #630, #2970 ) ) ;
#2071 = ADVANCED_FACE ( 'NONE', ( #578 ), #518, .T. ) ;
#2072 = CIRCLE ( 'NONE', #2160, 0.04999999999999969746 ) ;
#2073 = DIRECTION ( 'NONE',  ( 0.000000000000000000, 0.1736481776670334987, 0.9848077530121899237 ) ) ;
#2074 = VECTOR ( 'NONE', #508, 1000.000000000000000 ) ;
#2075 = CYLINDRICAL_SURFACE ( 'NONE', #1528, 1.700000000000000178 ) ;
#2076 = DIRECTION ( 'NONE',  ( -1.000000000000000000, 0.000000000000000000, 0.000000000000000000 ) ) ;
#2077 = ORIENTED_EDGE ( 'NONE', *, *, #1616, .F. ) ;
#2078 = CARTESIAN_POINT ( 'NONE',  ( 56.18563039462399900, -0.8756999726649999927, 12.20268198507999990 ) ) ;
#2079 = CARTESIAN_POINT ( 'NONE',  ( 55.87453281727999865, 4.589023486932000573, 12.20000000000000107 ) ) ;
#2080 = CARTESIAN_POINT ( 'NONE',  ( 56.10308509554303669, -0.7102701767819996626, 12.19999999999999751 ) ) ;
#2081 = CARTESIAN_POINT ( 'NONE',  ( 19.72000000000000242, 2.339999999999999858, 0.9499999999999999556 ) ) ;
#2082 = VERTEX_POINT ( 'NONE', #2822 ) ;
#2083 = ADVANCED_FACE ( 'NONE', ( #5294 ), #4253, .F. ) ;
#2084 = ORIENTED_EDGE ( 'NONE', *, *, #2371, .T. ) ;
#2085 = CARTESIAN_POINT ( 'NONE',  ( -59.22999999999999687, -3.259999999999999787, 0.9499999999999999556 ) ) ;
#2086 = CARTESIAN_POINT ( 'NONE',  ( 56.22859220306299477, 3.943245417235999639, 10.20323048931400045 ) ) ;
#2087 = LINE ( 'NONE', #4643, #2616 ) ;
#2088 = ORIENTED_EDGE ( 'NONE', *, *, #5148, .F. ) ;
#2089 = ORIENTED_EDGE ( 'NONE', *, *, #4817, .T. ) ;
#2090 = DIRECTION ( 'NONE',  ( 0.000000000000000000, 0.000000000000000000, -1.000000000000000000 ) ) ;
#2091 = CARTESIAN_POINT ( 'NONE',  ( 56.14755851785199781, 5.931078050880000063, 12.18737326256700015 ) ) ;
#2092 = CARTESIAN_POINT ( 'NONE',  ( 56.07000000000000028, -6.959999999999999964, 0.000000000000000000 ) ) ;
#2093 = CARTESIAN_POINT ( 'NONE',  ( 56.16999999999999460, 9.539999999999999147, 12.14999999999999858 ) ) ;
#2094 = CARTESIAN_POINT ( 'NONE',  ( 51.57000000000000028, -6.959999999999999964, 0.000000000000000000 ) ) ;
#2095 = CARTESIAN_POINT ( 'NONE',  ( -7.530000000000000249, -3.109999999999999876, 1.000000000000000000 ) ) ;
#2096 = EDGE_LOOP ( 'NONE', ( #2123, #1167 ) ) ;
#2097 = AXIS2_PLACEMENT_3D ( 'NONE', #848, #4495, #4616 ) ;
#2098 = DIRECTION ( 'NONE',  ( 0.000000000000000000, 0.000000000000000000, -1.000000000000000000 ) ) ;
#2099 = EDGE_CURVE ( 'NONE', #1410, #4172, #4779, .T. ) ;
#2100 = CARTESIAN_POINT ( 'NONE',  ( 55.88942177965299862, 3.986666282223999325, 11.54368646173200119 ) ) ;
#2101 = ORIENTED_EDGE ( 'NONE', *, *, #35, .T. ) ;
#2102 = ORIENTED_EDGE ( 'NONE', *, *, #1997, .T. ) ;
#2103 = CARTESIAN_POINT ( 'NONE',  ( 51.54928923662999551, -6.910000085539000025, 1.000000000000000000 ) ) ;
#2104 = DIRECTION ( 'NONE',  ( -1.000000000000000000, -6.000000000000000121E-17, 0.000000000000000000 ) ) ;
#2105 = CARTESIAN_POINT ( 'NONE',  ( 56.05570102482000294, 5.452175067472999181, 12.13747185964700037 ) ) ;
#2106 = CARTESIAN_POINT ( 'NONE',  ( 55.78370031499000703, 0.7312408170640000149, 12.20000000000000107 ) ) ;
#2107 = DIRECTION ( 'NONE',  ( 0.000000000000000000, 0.000000000000000000, -1.000000000000000000 ) ) ;
#2108 = CIRCLE ( 'NONE', #4171, 1.499999999999999556 ) ;
#2109 = EDGE_LOOP ( 'NONE', ( #1358, #2733, #3269, #4990 ) ) ;
#2110 = VECTOR ( 'NONE', #3019, 1000.000000000000000 ) ;
#2111 = FACE_OUTER_BOUND ( 'NONE', #1510, .T. ) ;
#2112 = ADVANCED_FACE ( 'NONE', ( #122 ), #3857, .T. ) ;
#2113 = CARTESIAN_POINT ( 'NONE',  ( 56.01045329530399641, -0.3020354515140000196, 12.13747185964700037 ) ) ;
#2114 = VERTEX_POINT ( 'NONE', #5726 ) ;
#2115 = ORIENTED_EDGE ( 'NONE', *, *, #3973, .T. ) ;
#2116 = AXIS2_PLACEMENT_3D ( 'NONE', #5400, #2224, #1713 ) ;
#2117 = DIRECTION ( 'NONE',  ( -1.000000000000000000, 0.000000000000000000, 0.000000000000000000 ) ) ;
#2118 = CARTESIAN_POINT ( 'NONE',  ( -44.92999999999999972, -9.960000000000000853, 0.000000000000000000 ) ) ;
#2119 = DIRECTION ( 'NONE',  ( 0.000000000000000000, 1.000000000000000000, 0.000000000000000000 ) ) ;
#2120 = CARTESIAN_POINT ( 'NONE',  ( -6.729999999999999538, -3.059999999999999609, 0.000000000000000000 ) ) ;
#2121 = DIRECTION ( 'NONE',  ( 1.000000000000000000, 0.000000000000000000, 0.000000000000000000 ) ) ;
#2122 = DIRECTION ( 'NONE',  ( 1.000000000000000000, 0.000000000000000000, 0.000000000000000000 ) ) ;
#2123 = ORIENTED_EDGE ( 'NONE', *, *, #4031, .T. ) ;
#2124 = AXIS2_PLACEMENT_3D ( 'NONE', #2424, #4314, #3881 ) ;
#2125 = EDGE_CURVE ( 'NONE', #3240, #2114, #5664, .T. ) ;
#2126 = ADVANCED_FACE ( 'NONE', ( #3325 ), #5205, .F. ) ;
#2127 = DIRECTION ( 'NONE',  ( 1.000000000000000000, 0.000000000000000000, 0.000000000000000000 ) ) ;
#2128 = CARTESIAN_POINT ( 'NONE',  ( 55.97709855601600282, 4.971804035016999634, 12.20000000000000107 ) ) ;
#2129 = ORIENTED_EDGE ( 'NONE', *, *, #3854, .T. ) ;
#2130 = AXIS2_PLACEMENT_3D ( 'NONE', #3253, #4146, #2786 ) ;
#2131 = ORIENTED_EDGE ( 'NONE', *, *, #3137, .T. ) ;
#2132 = CIRCLE ( 'NONE', #5089, 1.625000000000001332 ) ;
#2133 = CARTESIAN_POINT ( 'NONE',  ( 56.21999999999999886, -5.459999999999999964, 12.14999999999999858 ) ) ;
#2134 = CARTESIAN_POINT ( 'NONE',  ( 56.21999999999999886, 10.99000000000000021, 7.750000000000000000 ) ) ;
#2135 = CARTESIAN_POINT ( 'NONE',  ( 56.11268199077399998, 5.664830927520999815, 12.13747185964500019 ) ) ;
#2136 = CARTESIAN_POINT ( 'NONE',  ( 55.82928508776399923, 0.5611161290270000324, 12.20000000000000107 ) ) ;
#2137 = CARTESIAN_POINT ( 'NONE',  ( -6.729999999999999538, -2.259999999999999787, 0.000000000000000000 ) ) ;
#2138 = EDGE_CURVE ( 'NONE', #1280, #3873, #3358, .T. ) ;
#2139 = EDGE_LOOP ( 'NONE', ( #1364, #4682, #1452, #4946 ) ) ;
#2140 = CARTESIAN_POINT ( 'NONE',  ( 55.70301296779300060, 0.9694836697199999964, 12.19769529273499842 ) ) ;
#2141 = CYLINDRICAL_SURFACE ( 'NONE', #3796, 0.04999999999999969746 ) ;
#2142 = CARTESIAN_POINT ( 'NONE',  ( 56.07000000000000028, 10.99000000000000021, 0.9499999999999999556 ) ) ;
#2143 = ORIENTED_EDGE ( 'NONE', *, *, #553, .T. ) ;
#2144 = ORIENTED_EDGE ( 'NONE', *, *, #3914, .T. ) ;
#2145 = ADVANCED_FACE ( 'NONE', ( #4746 ), #2637, .T. ) ;
#2146 = LINE ( 'NONE', #3447, #2789 ) ;
#2147 = DIRECTION ( 'NONE',  ( 0.000000000000000000, 0.000000000000000000, -1.000000000000000000 ) ) ;
#2148 = CARTESIAN_POINT ( 'NONE',  ( -50.92999999999999972, -4.959999999999999964, 1.000000000000000000 ) ) ;
#2149 = DIRECTION ( 'NONE',  ( -1.000000000000000000, 0.000000000000000000, 0.000000000000000000 ) ) ;
#2150 = LINE ( 'NONE', #5241, #4557 ) ;
#2151 = CARTESIAN_POINT ( 'NONE',  ( -49.92309644062378027, 8.019289321881343469, 1.000000000000000000 ) ) ;
#2152 = DIRECTION ( 'NONE',  ( 0.000000000000000000, -1.000000000000000000, 0.000000000000000000 ) ) ;
#2153 = AXIS2_PLACEMENT_3D ( 'NONE', #3425, #5790, #5701 ) ;
#2154 = ORIENTED_EDGE ( 'NONE', *, *, #577, .T. ) ;
#2155 = ADVANCED_FACE ( 'NONE', ( #5694 ), #1488, .F. ) ;
#2156 = VECTOR ( 'NONE', #3659, 1000.000000000000000 ) ;
#2157 = FACE_OUTER_BOUND ( 'NONE', #4257, .T. ) ;
#2158 = CARTESIAN_POINT ( 'NONE',  ( 55.62407386578500024, 4.011695712056004837, 12.30784699164799889 ) ) ;
#2159 = ORIENTED_EDGE ( 'NONE', *, *, #119, .F. ) ;
#2160 = AXIS2_PLACEMENT_3D ( 'NONE', #1049, #2921, #4815 ) ;
#2161 = ORIENTED_EDGE ( 'NONE', *, *, #2261, .T. ) ;
#2162 = PRODUCT_DEFINITION_SHAPE ( 'NONE', 'NONE',  #3745 ) ;
#2163 = CARTESIAN_POINT ( 'NONE',  ( 11.52000000000000135, 0.04000000000000000083, 1.000000000000000000 ) ) ;
#2164 = CARTESIAN_POINT ( 'NONE',  ( 48.52000000000000313, -9.695061106673000140, -1.000957941762999903 ) ) ;
#2165 = CARTESIAN_POINT ( 'NONE',  ( 55.64217504990394758, 3.971403259216001125, 12.19999999999999751 ) ) ;
#2166 = CARTESIAN_POINT ( 'NONE',  ( 56.05603806807600620, -0.4721601395519999800, 12.13747185964700037 ) ) ;
#2167 = CARTESIAN_POINT ( 'NONE',  ( 48.57000000000000028, -9.504048111239999486, 0.08233058655027998551 ) ) ;
#2168 = ORIENTED_EDGE ( 'NONE', *, *, #3997, .F. ) ;
#2169 = EDGE_CURVE ( 'NONE', #506, #3480, #3534, .T. ) ;
#2170 = CARTESIAN_POINT ( 'NONE',  ( 19.76999999999999957, 2.339999999999999858, 0.000000000000000000 ) ) ;
#2171 = CARTESIAN_POINT ( 'NONE',  ( 52.56914452132199500, 11.03897342558600059, 0.9640522781970003452 ) ) ;
#2172 = ADVANCED_FACE ( 'NONE', ( #3389 ), #3420, .F. ) ;
#2173 = CARTESIAN_POINT ( 'NONE',  ( 57.17000000000000171, -6.959999999999999964, 10.69999999999999929 ) ) ;
#2174 = ORIENTED_EDGE ( 'NONE', *, *, #3820, .F. ) ;
#2175 = DIRECTION ( 'NONE',  ( 0.000000000000000000, 1.000000000000000000, 0.000000000000000000 ) ) ;
#2176 = LINE ( 'NONE', #5014, #2012 ) ;
#2177 = CARTESIAN_POINT ( 'NONE',  ( 56.16999999999999460, 10.99000000000000021, 1.100000000000000089 ) ) ;
#2178 = CARTESIAN_POINT ( 'NONE',  ( -59.22999999999999687, -4.910000000000000142, 1.000000000000000000 ) ) ;
#2179 = CARTESIAN_POINT ( 'NONE',  ( 57.17000000000000171, 5.940000000000000391, 3.700000000000000178 ) ) ;
#2180 = ORIENTED_EDGE ( 'NONE', *, *, #2521, .F. ) ;
#2181 = CARTESIAN_POINT ( 'NONE',  ( 50.07000000000000028, -8.459999970576999928, 0.000000000000000000 ) ) ;
#2182 = CARTESIAN_POINT ( 'NONE',  ( -19.92999999999999972, 3.140000000000000124, 0.000000000000000000 ) ) ;
#2183 = EDGE_CURVE ( 'NONE', #3526, #4612, #298, .T. ) ;
#2184 = FACE_OUTER_BOUND ( 'NONE', #4425, .T. ) ;
#2185 = CARTESIAN_POINT ( 'NONE',  ( 56.11385287436300473, 5.482178099127001047, 12.20000000000699991 ) ) ;
#2186 = ADVANCED_FACE ( 'NONE', ( #237 ), #1200, .T. ) ;
#2187 = ORIENTED_EDGE ( 'NONE', *, *, #4751, .T. ) ;
#2188 = ORIENTED_EDGE ( 'NONE', *, *, #4613, .F. ) ;
#2189 = VECTOR ( 'NONE', #2724, 1000.000000000000000 ) ;
#2190 = CARTESIAN_POINT ( 'NONE',  ( 56.16445077207800551, -0.9321166398560000177, 12.13787186847499910 ) ) ;
#2191 = FACE_OUTER_BOUND ( 'NONE', #2714, .T. ) ;
#2192 = CARTESIAN_POINT ( 'NONE',  ( 56.03437089312801334, 5.435098072646999512, 12.19999999999999751 ) ) ;
#2193 = DIRECTION ( 'NONE',  ( 0.000000000000000000, 0.000000000000000000, -1.000000000000000000 ) ) ;
#2194 = AXIS2_PLACEMENT_3D ( 'NONE', #943, #3279, #4211 ) ;
#2195 = EDGE_LOOP ( 'NONE', ( #5547, #6044 ) ) ;
#2196 = EDGE_CURVE ( 'NONE', #412, #1258, #645, .T. ) ;
#2197 = CARTESIAN_POINT ( 'NONE',  ( 55.68293409014900419, 0.9540151744450000582, 12.18191309858999993 ) ) ;
#2198 = CARTESIAN_POINT ( 'NONE',  ( 56.16966295674399845, 5.943856563584001051, 12.20384163566200009 ) ) ;
#2199 = EDGE_CURVE ( 'NONE', #3029, #1020, #5956, .T. ) ;
#2200 = EDGE_LOOP ( 'NONE', ( #2477, #3853, #2757, #175 ) ) ;
#2201 = PLANE ( 'NONE',  #2988 ) ;
#2202 = CARTESIAN_POINT ( 'NONE',  ( 57.17000000000000171, 3.939999999999999947, 10.20000000000000107 ) ) ;
#2203 = CARTESIAN_POINT ( 'NONE',  ( 56.19071067811864850, 5.939999999999997726, 12.19999999999999574 ) ) ;
#2204 = AXIS2_PLACEMENT_3D ( 'NONE', #5115, #5570, #5998 ) ;
#2205 = DIRECTION ( 'NONE',  ( 0.000000000000000000, 0.000000000000000000, 1.000000000000000000 ) ) ;
#2206 = DIRECTION ( 'NONE',  ( 8.673617379883787770E-15, 0.000000000000000000, -1.000000000000000000 ) ) ;
#2207 = ORIENTED_EDGE ( 'NONE', *, *, #2872, .T. ) ;
#2208 = ADVANCED_FACE ( 'NONE', ( #3068 ), #2210, .F. ) ;
#2209 = AXIS2_PLACEMENT_3D ( 'NONE', #5582, #3619, #3672 ) ;
#2210 = B_SPLINE_SURFACE_WITH_KNOTS ( 'NONE', 1, 1, ( 
 ( #4954, #4496, #5869 ),
 ( #4410, #5384, #1229 ) ),
 .UNSPECIFIED., .F., .F., .F.,
 ( 2, 2 ),
 ( 2, 1, 2 ),
 ( 0.000000000000000000, 2.830000000000000071 ),
 ( -0.03100017330633455040, 0.000000000000000000, 1.000000000000000000 ),
 .UNSPECIFIED. ) ;
#2211 = AXIS2_PLACEMENT_3D ( 'NONE', #875, #4170, #6010 ) ;
#2212 = DIRECTION ( 'NONE',  ( 1.000000000000000000, 0.000000000000000000, 0.000000000000000000 ) ) ;
#2213 = CARTESIAN_POINT ( 'NONE',  ( 55.92117001127778053, 0.2181969260185165072, 12.19999999999999929 ) ) ;
#2214 = FACE_OUTER_BOUND ( 'NONE', #58, .T. ) ;
#2215 = CARTESIAN_POINT ( 'NONE',  ( 56.13094716408900098, 5.545974857144999604, 12.19999999999299867 ) ) ;
#2216 = AXIS2_PLACEMENT_3D ( 'NONE', #2790, #94, #2918 ) ;
#2217 = VERTEX_POINT ( 'NONE', #724 ) ;
#2218 = ORIENTED_EDGE ( 'NONE', *, *, #178, .F. ) ;
#2219 = EDGE_CURVE ( 'NONE', #611, #5708, #2066, .T. ) ;
#2220 = VECTOR ( 'NONE', #4740, 1000.000000000000000 ) ;
#2221 = DIRECTION ( 'NONE',  ( 0.5144957554276738954, -0.8574929257124557225, 0.000000000000000000 ) ) ;
#2222 = CARTESIAN_POINT ( 'NONE',  ( 32.16999999999999460, -3.109999999999999876, 0.9499999999999999556 ) ) ;
#2223 = CARTESIAN_POINT ( 'NONE',  ( 56.06139912139299497, 5.473440653480000861, 12.13747185964199993 ) ) ;
#2224 = DIRECTION ( 'NONE',  ( 1.000000000000000000, 6.000000000000000121E-17, 0.000000000000000000 ) ) ;
#2225 = ORIENTED_EDGE ( 'NONE', *, *, #249, .F. ) ;
#2226 = AXIS2_PLACEMENT_3D ( 'NONE', #1202, #1264, #1232 ) ;
#2227 = CARTESIAN_POINT ( 'NONE',  ( -50.92999999999999972, -9.960000000000000853, 0.000000000000000000 ) ) ;
#2228 = CARTESIAN_POINT ( 'NONE',  ( 56.17371910378400202, 3.986887621242999558, 10.24687269332100037 ) ) ;
#2229 = CARTESIAN_POINT ( 'NONE',  ( -50.53000000000000114, -4.959999999999999964, 1.000000000000000000 ) ) ;
#2230 = VERTEX_POINT ( 'NONE', #4928 ) ;
#2231 = ADVANCED_FACE ( 'NONE', ( #270 ), #1107, .T. ) ;
#2232 = ADVANCED_FACE ( 'NONE', ( #3943 ), #666, .T. ) ;
#2233 = CARTESIAN_POINT ( 'NONE',  ( -59.22999999999999687, 4.989999999999999325, 1.000000000000000000 ) ) ;
#2234 = DIRECTION ( 'NONE',  ( 0.000000000000000000, 0.000000000000000000, -1.000000000000000000 ) ) ;
#2235 = CARTESIAN_POINT ( 'NONE',  ( 56.21885796049946293, 5.874062415754945476, 12.20000000000000107 ) ) ;
#2236 = DIRECTION ( 'NONE',  ( 0.000000000000000000, 1.000000000000000000, 0.000000000000000000 ) ) ;
#2237 = DIRECTION ( 'NONE',  ( 0.000000000000000000, 0.000000000000000000, 1.000000000000000000 ) ) ;
#2238 = VERTEX_POINT ( 'NONE', #1139 ) ;
#2239 = VERTEX_POINT ( 'NONE', #2567 ) ;
#2240 = DIRECTION ( 'NONE',  ( 0.7071067881220475249, 0.7071067742510473986, 0.000000000000000000 ) ) ;
#2241 = EDGE_CURVE ( 'NONE', #3386, #685, #1941, .T. ) ;
#2242 = CARTESIAN_POINT ( 'NONE',  ( 55.74169243207187918, 0.8880163704337288300, 12.19999999999999929 ) ) ;
#2243 = DIRECTION ( 'NONE',  ( 0.000000000000000000, -1.000000000000000000, 0.000000000000000000 ) ) ;
#2244 = ADVANCED_FACE ( 'NONE', ( #4867 ), #635, .T. ) ;
#2245 = DIRECTION ( 'NONE',  ( 1.000000000000000000, -2.508228906496317118E-16, 0.000000000000000000 ) ) ;
#2246 = ADVANCED_FACE ( 'NONE', ( #1633 ), #2591, .T. ) ;
#2247 = VERTEX_POINT ( 'NONE', #5902 ) ;
#2248 = ORIENTED_EDGE ( 'NONE', *, *, #4117, .F. ) ;
#2249 = VECTOR ( 'NONE', #5997, 1000.000000000000000 ) ;
#2250 = CARTESIAN_POINT ( 'NONE',  ( -43.43000000000000682, -8.568480745878000349, -0.08263518223330999779 ) ) ;
#2251 = CARTESIAN_POINT ( 'NONE',  ( -29.80500000000000327, 0.03999999999999980654, 0.000000000000000000 ) ) ;
#2252 = DIRECTION ( 'NONE',  ( 0.000000000000000000, -1.000000000000000000, 0.000000000000000000 ) ) ;
#2253 = CIRCLE ( 'NONE', #191, 0.05000000000000012768 ) ;
#2254 = ORIENTED_EDGE ( 'NONE', *, *, #2464, .T. ) ;
#2255 = DIRECTION ( 'NONE',  ( 0.000000000000000000, 0.000000000000000000, 1.000000000000000000 ) ) ;
#2256 = VERTEX_POINT ( 'NONE', #1604 ) ;
#2257 = CIRCLE ( 'NONE', #5988, 0.05000000000000143219 ) ;
#2258 = CARTESIAN_POINT ( 'NONE',  ( 55.69911462739000285, 0.9678077510500000535, 12.19599974182900048 ) ) ;
#2259 = CARTESIAN_POINT ( 'NONE',  ( 56.18662687500800246, 3.966219054877999639, 10.22620412695699876 ) ) ;
#2260 = LINE ( 'NONE', #442, #5862 ) ;
#2261 = EDGE_CURVE ( 'NONE', #436, #3903, #4901, .T. ) ;
#2262 = VERTEX_POINT ( 'NONE', #4436 ) ;
#2263 = CARTESIAN_POINT ( 'NONE',  ( 20.57000000000000028, -3.059999999999999609, 0.000000000000000000 ) ) ;
#2264 = CARTESIAN_POINT ( 'NONE',  ( 1.520000000000000018, 0.04000000000000000083, 0.000000000000000000 ) ) ;
#2265 = DIRECTION ( 'NONE',  ( 0.000000000000000000, 0.000000000000000000, -1.000000000000000000 ) ) ;
#2266 = CARTESIAN_POINT ( 'NONE',  ( 56.21999999999999886, 5.940000000000000391, 5.689999999999999503 ) ) ;
#2267 = LINE ( 'NONE', #6051, #259 ) ;
#2268 = ORIENTED_EDGE ( 'NONE', *, *, #5012, .T. ) ;
#2269 = ORIENTED_EDGE ( 'NONE', *, *, #3875, .F. ) ;
#2270 = CC_DESIGN_PERSON_AND_ORGANIZATION_ASSIGNMENT ( #3750, #5195, ( #3745 ) ) ;
#2271 = CARTESIAN_POINT ( 'NONE',  ( 56.16999999999999460, 7.929999999999999716, 7.750000000000000000 ) ) ;
#2272 = DIRECTION ( 'NONE',  ( 0.000000000000000000, 0.000000000000000000, 1.000000000000000000 ) ) ;
#2273 = LINE ( 'NONE', #5142, #2156 ) ;
#2274 = CARTESIAN_POINT ( 'NONE',  ( 55.69852023718902956, 0.7995864295499998109, 12.19999999999999751 ) ) ;
#2275 = PLANE ( 'NONE',  #3585 ) ;
#2276 = VERTEX_POINT ( 'NONE', #212 ) ;
#2277 = VERTEX_POINT ( 'NONE', #2092 ) ;
#2278 = DIRECTION ( 'NONE',  ( 1.000000000000000000, 0.000000000000000000, 0.000000000000000000 ) ) ;
#2279 = CARTESIAN_POINT ( 'NONE',  ( 52.59341874729899757, 11.03999999999999915, 0.9499999999999999556 ) ) ;
#2280 = PLANE ( 'NONE',  #1055 ) ;
#2281 = ORIENTED_EDGE ( 'NONE', *, *, #2069, .T. ) ;
#2282 = DIRECTION ( 'NONE',  ( 1.000000000000000000, -2.386862991665850344E-16, 0.000000000000000000 ) ) ;
#2283 = TOROIDAL_SURFACE ( 'NONE', #612, 0.8499999999999999778, 0.05000000000000000278 ) ;
#2284 = VECTOR ( 'NONE', #507, 1000.000000000000000 ) ;
#2285 = DIRECTION ( 'NONE',  ( -1.000000000000000000, 0.000000000000000000, -6.000000000000000121E-17 ) ) ;
#2286 = CARTESIAN_POINT ( 'NONE',  ( 56.16999999999999460, -6.910000000000000142, 1.100000000000000089 ) ) ;
#2287 = CIRCLE ( 'NONE', #806, 1.700000000000000178 ) ;
#2288 = ORIENTED_EDGE ( 'NONE', *, *, #3914, .F. ) ;
#2289 = EDGE_CURVE ( 'NONE', #3126, #1813, #5836, .T. ) ;
#2290 = FACE_BOUND ( 'NONE', #4359, .T. ) ;
#2291 = CARTESIAN_POINT ( 'NONE',  ( 56.16999999999999460, 1.539999999999999813, 8.699999999999999289 ) ) ;
#2292 = DATE_AND_TIME ( #5165, #592 ) ;
#2293 = CARTESIAN_POINT ( 'NONE',  ( 56.21999999999999886, 5.940000000000000391, 5.689999999999999503 ) ) ;
#2294 = LINE ( 'NONE', #2632, #2189 ) ;
#2295 = CARTESIAN_POINT ( 'NONE',  ( 56.07000000000000028, 11.03999999999999915, 1.100000000000000089 ) ) ;
#2296 = EDGE_LOOP ( 'NONE', ( #5402, #2143, #4520, #5408 ) ) ;
#2297 = ORIENTED_EDGE ( 'NONE', *, *, #2480, .T. ) ;
#2298 = AXIS2_PLACEMENT_3D ( 'NONE', #2701, #6061, #5055 ) ;
#2299 = DIRECTION ( 'NONE',  ( 0.000000000000000000, 0.000000000000000000, 1.000000000000000000 ) ) ;
#2300 = CARTESIAN_POINT ( 'NONE',  ( 55.68259704689300094, 4.025999753476000365, 12.18191309858999993 ) ) ;
#2301 = DIRECTION ( 'NONE',  ( 0.000000000000000000, 0.000000000000000000, -1.000000000000000000 ) ) ;
#2302 = CARTESIAN_POINT ( 'NONE',  ( 56.16999999999999460, -0.8974718596459999587, 12.13747185964599851 ) ) ;
#2303 = DIRECTION ( 'NONE',  ( 0.000000000000000000, 0.000000000000000000, 1.000000000000000000 ) ) ;
#2304 = VERTEX_POINT ( 'NONE', #5134 ) ;
#2305 = AXIS2_PLACEMENT_3D ( 'NONE', #4482, #652, #3932 ) ;
#2306 = EDGE_CURVE ( 'NONE', #4555, #4286, #2723, .T. ) ;
#2307 = EDGE_LOOP ( 'NONE', ( #5749, #4321, #4816, #3106 ) ) ;
#2308 = EDGE_CURVE ( 'NONE', #3015, #126, #5482, .T. ) ;
#2309 = B_SPLINE_CURVE_WITH_KNOTS ( 'NONE', 7,
 ( #3345, #1441, #3308, #5191, #534, #3405, #4207, #2839 ),
 .UNSPECIFIED., .F., .F.,
 ( 8, 8 ),
 ( 3.874953971837999944, 3.930554610415000205 ),
 .UNSPECIFIED. ) ;
#2310 = CARTESIAN_POINT ( 'NONE',  ( 56.16966892270455958, -0.9466364839146843568, 12.18787208120343735 ) ) ;
#2311 = FACE_BOUND ( 'NONE', #877, .T. ) ;
#2312 = CARTESIAN_POINT ( 'NONE',  ( 2.569999999999999840, -8.663987243594998944, -0.6242794463899999924 ) ) ;
#2313 = VERTEX_POINT ( 'NONE', #4617 ) ;
#2314 = CARTESIAN_POINT ( 'NONE',  ( 52.53336798442300193, 10.99604158130800080, 1.000000000000000000 ) ) ;
#2315 = VECTOR ( 'NONE', #5867, 1000.000000000000000 ) ;
#2316 = ORIENTED_EDGE ( 'NONE', *, *, #2615, .F. ) ;
#2317 = CARTESIAN_POINT ( 'NONE',  ( -59.22999999999999687, -4.959999999999999964, 0.9499999999999999556 ) ) ;
#2318 = DIRECTION ( 'NONE',  ( 0.000000000000000000, -0.7071067811865474617, -0.7071067811865474617 ) ) ;
#2319 = AXIS2_PLACEMENT_3D ( 'NONE', #2977, #4001, #5414 ) ;
#2320 = ADVANCED_FACE ( 'NONE', ( #3718 ), #1810, .T. ) ;
#2321 = DIRECTION ( 'NONE',  ( 1.000000000000000000, 0.000000000000000000, 0.000000000000000000 ) ) ;
#2322 = VERTEX_POINT ( 'NONE', #5017 ) ;
#2323 = VECTOR ( 'NONE', #3945, 1000.000000000000000 ) ;
#2324 = VERTEX_POINT ( 'NONE', #2293 ) ;
#2325 = CARTESIAN_POINT ( 'NONE',  ( 56.19540313887099359, -0.9331205446719998964, 12.22229965472999957 ) ) ;
#2326 = VECTOR ( 'NONE', #3243, 1000.000000000000000 ) ;
#2327 = CIRCLE ( 'NONE', #557, 0.04999999999999969746 ) ;
#2328 = CARTESIAN_POINT ( 'NONE',  ( -53.92999999999999972, -4.959999999999999964, 0.000000000000000000 ) ) ;
#2329 = DIRECTION ( 'NONE',  ( 0.000000000000000000, 0.000000000000000000, -1.000000000000000000 ) ) ;
#2330 = CARTESIAN_POINT ( 'NONE',  ( 56.21999999999999886, 1.039999999999999813, 10.20000000000000107 ) ) ;
#2331 = DIRECTION ( 'NONE',  ( 0.000000000000000000, 0.000000000000000000, -1.000000000000000000 ) ) ;
#2332 = VERTEX_POINT ( 'NONE', #3680 ) ;
#2333 = VERTEX_POINT ( 'NONE', #4144 ) ;
#2334 = EDGE_CURVE ( 'NONE', #117, #4876, #5472, .T. ) ;
#2335 = DIRECTION ( 'NONE',  ( 1.400000000000000069E-16, -1.000000000000000000, 0.000000000000000000 ) ) ;
#2336 = CARTESIAN_POINT ( 'NONE',  ( 55.68289102859099415, 4.064702406438000182, 12.14200453228199983 ) ) ;
#2337 = CARTESIAN_POINT ( 'NONE',  ( 57.17000000000000171, 7.929999999999999716, 5.689999999999999503 ) ) ;
#2338 = CARTESIAN_POINT ( 'NONE',  ( 55.69135988589199826, 0.8888373647470000360, 12.13747185964599851 ) ) ;
#2339 = DIRECTION ( 'NONE',  ( 1.000000000000000000, 0.000000000000000000, 0.000000000000000000 ) ) ;
#2340 = ORIENTED_EDGE ( 'NONE', *, *, #2818, .F. ) ;
#2341 = EDGE_CURVE ( 'NONE', #3873, #4447, #6072, .T. ) ;
#2342 = FACE_OUTER_BOUND ( 'NONE', #529, .T. ) ;
#2343 = CARTESIAN_POINT ( 'NONE',  ( -43.43000000000000682, -8.459999970576999928, 0.9499999999999999556 ) ) ;
#2344 = CARTESIAN_POINT ( 'NONE',  ( 55.98732386566199892, 5.196988035417000162, 12.13747185964700037 ) ) ;
#2345 = ORIENTED_EDGE ( 'NONE', *, *, #2383, .T. ) ;
#2346 = LINE ( 'NONE', #4232, #3500 ) ;
#2347 = AXIS2_PLACEMENT_3D ( 'NONE', #5637, #5608, #2735 ) ;
#2348 = B_SPLINE_CURVE_WITH_KNOTS ( 'NONE', 11,
 ( #3572, #3139, #3632, #3603, #5479, #1818, #4656, #820, #6022, #5448, #4627, #4993, #5024, #2638, #4091, #4123, #4533, #5934, #305, #5085, #1268, #5567, #1733, #858, #1790, #793, #2699, #5053, #4560, #334, #424, #5112, #2213, #1762, #1328, #5507, #1360, #3227, #1301, #367, #2242, #5996 ),
 .UNSPECIFIED., .F., .F.,
 ( 12, 10, 10, 10, 12 ),
 ( 0.06039754563803999970, 0.3025708468220000280, 0.5447441480060000174, 1.029090750373999663, 1.982581909845755108 ),
 .UNSPECIFIED. ) ;
#2349 = ORIENTED_EDGE ( 'NONE', *, *, #3664, .T. ) ;
#2350 = CARTESIAN_POINT ( 'NONE',  ( 56.10849182097599908, -0.4808975852039999999, 12.19999999999600071 ) ) ;
#2351 = CARTESIAN_POINT ( 'NONE',  ( 56.21999999999999886, 1.539999999999999813, 8.699999999999999289 ) ) ;
#2352 = ORIENTED_EDGE ( 'NONE', *, *, #3788, .T. ) ;
#2353 = CIRCLE ( 'NONE', #5699, 0.05000000000000012768 ) ;
#2354 = ORIENTED_EDGE ( 'NONE', *, *, #3341, .T. ) ;
#2355 = CARTESIAN_POINT ( 'NONE',  ( 56.25027360135000265, -0.9529658910179999998, 12.23064520208399841 ) ) ;
#2356 = EDGE_CURVE ( 'NONE', #3020, #2313, #6015, .T. ) ;
#2357 = LINE ( 'NONE', #2782, #4662 ) ;
#2358 = AXIS2_PLACEMENT_3D ( 'NONE', #1293, #1722, #1261 ) ;
#2359 = CARTESIAN_POINT ( 'NONE',  ( 56.21999999999999886, 1.039999999999999813, 8.699999999999999289 ) ) ;
#2360 = DIRECTION ( 'NONE',  ( -6.000000000000000121E-17, 1.000000000000000000, 0.000000000000000000 ) ) ;
#2361 = CARTESIAN_POINT ( 'NONE',  ( 56.21485957141791800, -0.9618901678676424760, 12.20162713430407919 ) ) ;
#2362 = VERTEX_POINT ( 'NONE', #2177 ) ;
#2363 = ORIENTED_EDGE ( 'NONE', *, *, #2449, .F. ) ;
#2364 = CARTESIAN_POINT ( 'NONE',  ( 48.57000000000000028, -8.469999970576999715, 0.000000000000000000 ) ) ;
#2365 = CARTESIAN_POINT ( 'NONE',  ( 56.26316461707899919, 5.942034770898999341, 12.20677742982500114 ) ) ;
#2366 = LINE ( 'NONE', #30, #5695 ) ;
#2367 = CARTESIAN_POINT ( 'NONE',  ( 32.16999999999999460, -3.059999999999999609, 0.000000000000000000 ) ) ;
#2368 = FACE_OUTER_BOUND ( 'NONE', #5463, .T. ) ;
#2369 = EDGE_LOOP ( 'NONE', ( #5716, #5418, #5243, #2536 ) ) ;
#2370 = ORIENTED_EDGE ( 'NONE', *, *, #565, .F. ) ;
#2371 = EDGE_CURVE ( 'NONE', #1272, #1851, #744, .T. ) ;
#2372 = CARTESIAN_POINT ( 'NONE',  ( 56.16999999999999460, 5.890000000000000568, 5.689999999999999503 ) ) ;
#2373 = EDGE_CURVE ( 'NONE', #2332, #4555, #604, .T. ) ;
#2374 = CARTESIAN_POINT ( 'NONE',  ( -1.354516715513000014, -0.09124738451920999527, 1.000000000000000000 ) ) ;
#2375 = CARTESIAN_POINT ( 'NONE',  ( 56.02151244523100360, 5.324581551445999317, 12.13747185964500019 ) ) ;
#2376 = EDGE_LOOP ( 'NONE', ( #5626, #1066, #4030, #1389 ) ) ;
#2377 = CARTESIAN_POINT ( 'NONE',  ( 52.56674439731300197, 10.95799078001699911, 1.000000000000000000 ) ) ;
#2378 = EDGE_LOOP ( 'NONE', ( #1409, #1876, #5562 ) ) ;
#2379 = CARTESIAN_POINT ( 'NONE',  ( -43.38000005574000539, -8.460074635907998797, 1.000000000000000000 ) ) ;
#2380 = CARTESIAN_POINT ( 'NONE',  ( 56.21675565632700255, -0.8849437192909999084, 12.20000000000000107 ) ) ;
#2381 = CARTESIAN_POINT ( 'NONE',  ( 52.57177904840299476, 10.96403236132499970, 1.000000000000000000 ) ) ;
#2382 = ORIENTED_EDGE ( 'NONE', *, *, #4907, .T. ) ;
#2383 = EDGE_CURVE ( 'NONE', #1572, #2324, #3131, .T. ) ;
#2384 = VECTOR ( 'NONE', #1811, 1000.000000000000000 ) ;
#2385 = ADVANCED_FACE ( 'NONE', ( #850 ), #3251, .F. ) ;
#2386 = CARTESIAN_POINT ( 'NONE',  ( 20.57000000000000028, 2.339999999999999858, 0.9499999999999999556 ) ) ;
#2387 = DIRECTION ( 'NONE',  ( 0.000000000000000000, 0.000000000000000000, 1.000000000000000000 ) ) ;
#2388 = CARTESIAN_POINT ( 'NONE',  ( -53.92999999999999972, 5.040000000000000036, 0.9499999999999999556 ) ) ;
#2389 = ORIENTED_EDGE ( 'NONE', *, *, #3210, .F. ) ;
#2390 = ORIENTED_EDGE ( 'NONE', *, *, #4238, .T. ) ;
#2391 = LINE ( 'NONE', #5692, #4683 ) ;
#2392 = CARTESIAN_POINT ( 'NONE',  ( 55.68224020467700086, 4.063171256800999664, 12.14358872522899802 ) ) ;
#2393 = CARTESIAN_POINT ( 'NONE',  ( 56.16999999999999460, 1.177499999999999991, 10.06250000000000000 ) ) ;
#2394 = DIRECTION ( 'NONE',  ( 0.000000000000000000, -1.000000000000000000, 0.000000000000000000 ) ) ;
#2395 = CARTESIAN_POINT ( 'NONE',  ( 56.65236190979500464, 0.9718516525779999915, 12.20000000000000107 ) ) ;
#2396 = EDGE_CURVE ( 'NONE', #1564, #3755, #4085, .T. ) ;
#2397 = ORIENTED_EDGE ( 'NONE', *, *, #3346, .F. ) ;
#2398 = CIRCLE ( 'NONE', #3977, 1.449999999999999956 ) ;
#2399 = DIRECTION ( 'NONE',  ( 0.000000000000000000, -1.000000000000000000, 0.000000000000000000 ) ) ;
#2400 = CARTESIAN_POINT ( 'NONE',  ( 56.06139912139299497, 5.473440653480000861, 12.13747185964199993 ) ) ;
#2401 = CARTESIAN_POINT ( 'NONE',  ( 56.21999999999999886, 11.03999999999999915, 7.750000000000000000 ) ) ;
#2402 = CARTESIAN_POINT ( 'NONE',  ( 41.21999999999999886, 0.04000000000000000083, 1.000000000000000000 ) ) ;
#2403 = AXIS2_PLACEMENT_3D ( 'NONE', #4051, #385, #4615 ) ;
#2404 = ORIENTED_EDGE ( 'NONE', *, *, #5461, .F. ) ;
#2405 = CARTESIAN_POINT ( 'NONE',  ( 56.16999999999999460, 3.989999999999999769, 8.699999999999999289 ) ) ;
#2406 = EDGE_CURVE ( 'NONE', #78, #164, #3697, .T. ) ;
#2407 = ORIENTED_EDGE ( 'NONE', *, *, #437, .T. ) ;
#2408 = AXIS2_PLACEMENT_3D ( 'NONE', #6036, #774, #2255 ) ;
#2409 = CARTESIAN_POINT ( 'NONE',  ( 56.20502241984300440, 5.822427475205999237, 12.19999999999299867 ) ) ;
#2410 = CARTESIAN_POINT ( 'NONE',  ( 56.12558611082400262, -0.5446943432140000096, 12.20000000000900009 ) ) ;
#2411 = CARTESIAN_POINT ( 'NONE',  ( 56.21999999999999886, 11.03999999999999915, 3.649999999999999911 ) ) ;
#2412 = ORIENTED_EDGE ( 'NONE', *, *, #4052, .F. ) ;
#2413 = ORIENTED_EDGE ( 'NONE', *, *, #1417, .F. ) ;
#2414 = CIRCLE ( 'NONE', #2705, 0.04999999999999969746 ) ;
#2415 = CARTESIAN_POINT ( 'NONE',  ( 56.25024921074854944, -0.9598769511441647140, 12.20027077364229129 ) ) ;
#2416 = CALENDAR_DATE ( 2026, 8, 1 ) ;
#2417 = DIRECTION ( 'NONE',  ( 0.000000000000000000, 0.000000000000000000, -1.000000000000000000 ) ) ;
#2418 = AXIS2_PLACEMENT_3D ( 'NONE', #1516, #3793, #5665 ) ;
#2419 = DIRECTION ( 'NONE',  ( 1.000000000000000000, 0.000000000000000000, 0.000000000000000000 ) ) ;
#2420 = ORIENTED_EDGE ( 'NONE', *, *, #2433, .F. ) ;
#2421 = ORIENTED_EDGE ( 'NONE', *, *, #35, .F. ) ;
#2422 = EDGE_CURVE ( 'NONE', #3755, #4863, #2414, .T. ) ;
#2423 = CIRCLE ( 'NONE', #76, 0.04999999999999969746 ) ;
#2424 = CARTESIAN_POINT ( 'NONE',  ( 32.16999999999999460, -2.259999999999999787, 0.000000000000000000 ) ) ;
#2425 = CARTESIAN_POINT ( 'NONE',  ( 56.23868353583799973, 5.910818504114999428, 12.19022760694700125 ) ) ;
#2426 = DIRECTION ( 'NONE',  ( 0.000000000000000000, 0.000000000000000000, 1.000000000000000000 ) ) ;
#2427 = DIRECTION ( 'NONE',  ( 1.000000000000000000, 0.000000000000000000, 0.000000000000000000 ) ) ;
#2428 = DIRECTION ( 'NONE',  ( 0.000000000000000000, 0.000000000000000000, 1.000000000000000000 ) ) ;
#2429 = VERTEX_POINT ( 'NONE', #1294 ) ;
#2430 = EDGE_CURVE ( 'NONE', #4059, #5906, #3505, .T. ) ;
#2431 = DIRECTION ( 'NONE',  ( -1.000000000000000000, 0.000000000000000000, 0.000000000000000000 ) ) ;
#2432 = CARTESIAN_POINT ( 'NONE',  ( 52.59341874729899757, 11.03999999999999915, 0.000000000000000000 ) ) ;
#2433 = EDGE_CURVE ( 'NONE', #2517, #363, #4889, .T. ) ;
#2434 = DIRECTION ( 'NONE',  ( 1.000000000000000000, 0.000000000000000000, 0.000000000000000000 ) ) ;
#2435 = CARTESIAN_POINT ( 'NONE',  ( 56.14234335730600378, 5.588506029153000654, 12.19999999999800089 ) ) ;
#2436 = EDGE_LOOP ( 'NONE', ( #4600, #619, #202, #4049 ) ) ;
#2437 = DIRECTION ( 'NONE',  ( 0.000000000000000000, 0.000000000000000000, -1.000000000000000000 ) ) ;
#2438 = ORIENTED_EDGE ( 'NONE', *, *, #4644, .T. ) ;
#2439 = DIRECTION ( 'NONE',  ( 2.500000000000000194E-16, 1.000000000000000000, 0.000000000000000000 ) ) ;
#2440 = CARTESIAN_POINT ( 'NONE',  ( 55.92011759004999760, 4.759148174969999978, 12.20000000000000107 ) ) ;
#2441 = CYLINDRICAL_SURFACE ( 'NONE', #3014, 0.04999999999999969746 ) ;
#2442 = AXIS2_PLACEMENT_3D ( 'NONE', #5419, #4470, #1205 ) ;
#2443 = CARTESIAN_POINT ( 'NONE',  ( 52.57680926769199914, 10.97006862447100062, 1.000000000000000000 ) ) ;
#2444 = EDGE_LOOP ( 'NONE', ( #2159, #4368, #2907, #1338 ) ) ;
#2445 = EDGE_LOOP ( 'NONE', ( #5179, #3767, #5538, #4233 ) ) ;
#2446 = AXIS2_PLACEMENT_3D ( 'NONE', #1984, #4841, #1918 ) ;
#2447 = LINE ( 'NONE', #2531, #3888 ) ;
#2448 = CARTESIAN_POINT ( 'NONE',  ( 56.21999999999999886, -0.9600000000000000755, 12.20000000000000107 ) ) ;
#2449 = EDGE_CURVE ( 'NONE', #572, #4784, #3159, .T. ) ;
#2450 = FACE_OUTER_BOUND ( 'NONE', #92, .T. ) ;
#2451 = FACE_OUTER_BOUND ( 'NONE', #5579, .T. ) ;
#2452 = ORIENTED_EDGE ( 'NONE', *, *, #2058, .F. ) ;
#2453 = AXIS2_PLACEMENT_3D ( 'NONE', #2469, #4362, #2024 ) ;
#2454 = VERTEX_POINT ( 'NONE', #3189 ) ;
#2455 = VECTOR ( 'NONE', #2827, 1000.000000000000000 ) ;
#2456 = CARTESIAN_POINT ( 'NONE',  ( 48.57000000000000028, -8.469999970576999715, -0.1000000000000000056 ) ) ;
#2457 = CARTESIAN_POINT ( 'NONE',  ( 56.41084391164100253, 4.974089101631999910, 12.20000000000000107 ) ) ;
#2458 = CARTESIAN_POINT ( 'NONE',  ( 56.16064313102299366, 5.919754866209000710, 12.14421980387399991 ) ) ;
#2459 = CARTESIAN_POINT ( 'NONE',  ( 57.16966295674399845, 5.940014927922000254, 12.20000000000000107 ) ) ;
#2460 = DIRECTION ( 'NONE',  ( 0.000000000000000000, 0.000000000000000000, -1.000000000000000000 ) ) ;
#2461 = DIRECTION ( 'NONE',  ( 0.000000000000000000, 0.000000000000000000, -1.000000000000000000 ) ) ;
#2462 = ORIENTED_EDGE ( 'NONE', *, *, #4367, .F. ) ;
#2463 = EDGE_CURVE ( 'NONE', #2037, #3746, #4982, .T. ) ;
#2464 = EDGE_CURVE ( 'NONE', #3082, #2780, #1147, .T. ) ;
#2465 = DIRECTION ( 'NONE',  ( 1.000000000000000000, 0.000000000000000000, 0.000000000000000000 ) ) ;
#2466 = CARTESIAN_POINT ( 'NONE',  ( 56.16966841716769210, 5.877485655282840504, 12.13747310525134004 ) ) ;
#2467 = VERTEX_POINT ( 'NONE', #479 ) ;
#2468 = VERTEX_POINT ( 'NONE', #1508 ) ;
#2469 = CARTESIAN_POINT ( 'NONE',  ( -28.17999999999999972, 0.04000000000000000083, 0.000000000000000000 ) ) ;
#2470 = CARTESIAN_POINT ( 'NONE',  ( 55.70195689850500287, 3.944961389905000004, 12.20000000000000107 ) ) ;
#2471 = CARTESIAN_POINT ( 'NONE',  ( 56.11448128874097563, -0.7528013487910009127, 12.20000000000000107 ) ) ;
#2472 = DIRECTION ( 'NONE',  ( 0.000000000000000000, -1.000000000000000000, 0.000000000000000000 ) ) ;
#2473 = ORIENTED_EDGE ( 'NONE', *, *, #582, .T. ) ;
#2474 = EDGE_LOOP ( 'NONE', ( #2956, #5356, #5650, #4764, #2641, #5061, #84, #465 ) ) ;
#2475 = LINE ( 'NONE', #3935, #1836 ) ;
#2476 = CARTESIAN_POINT ( 'NONE',  ( 41.21999999999999886, 0.04000000000000000083, 0.000000000000000000 ) ) ;
#2477 = ORIENTED_EDGE ( 'NONE', *, *, #88, .T. ) ;
#2478 = EDGE_LOOP ( 'NONE', ( #5640, #5577, #407, #1103 ) ) ;
#2479 = CIRCLE ( 'NONE', #1209, 0.05000000000000143219 ) ;
#2480 = EDGE_CURVE ( 'NONE', #5341, #4996, #2813, .T. ) ;
#2481 = DIRECTION ( 'NONE',  ( -1.000000000000000000, 0.000000000000000000, 0.000000000000000000 ) ) ;
#2482 = CARTESIAN_POINT ( 'NONE',  ( 56.15821243049600042, 5.873444647392000562, 12.17048848837900010 ) ) ;
#2483 = DIRECTION ( 'NONE',  ( -1.000000000000000000, 0.000000000000000000, 0.000000000000000000 ) ) ;
#2484 = FACE_OUTER_BOUND ( 'NONE', #3895, .T. ) ;
#2485 = AXIS2_PLACEMENT_3D ( 'NONE', #2386, #4271, #3350 ) ;
#2486 = DIRECTION ( 'NONE',  ( 0.000000000000000000, 0.000000000000000000, -1.000000000000000000 ) ) ;
#2487 = ORIENTED_EDGE ( 'NONE', *, *, #4249, .F. ) ;
#2488 = DIRECTION ( 'NONE',  ( 0.000000000000000000, 0.000000000000000000, 1.000000000000000000 ) ) ;
#2489 =( BOUNDED_CURVE ( )  B_SPLINE_CURVE ( 3, ( #3810, #1439, #4267, #3211 ),
 .UNSPECIFIED., .F., .F. ) 
 B_SPLINE_CURVE_WITH_KNOTS ( ( 4, 4 ),
 ( 0.000000000000000000, 1.570796326794896558 ),
 .UNSPECIFIED. ) 
 CURVE ( )  GEOMETRIC_REPRESENTATION_ITEM ( )  RATIONAL_B_SPLINE_CURVE ( ( 1.000000000000000000, 0.8047378541243649375, 0.8047378541243649375, 1.000000000000000000 ) ) 
 REPRESENTATION_ITEM ( '' )  );
#2490 = CARTESIAN_POINT ( 'NONE',  ( 56.09558770097899583, 5.601034169506999838, 12.13747185964399833 ) ) ;
#2491 = FACE_OUTER_BOUND ( 'NONE', #4572, .T. ) ;
#2492 = VERTEX_POINT ( 'NONE', #1911 ) ;
#2493 = FACE_OUTER_BOUND ( 'NONE', #1558, .T. ) ;
#2494 = EDGE_CURVE ( 'NONE', #4020, #4067, #2043, .T. ) ;
#2495 = EDGE_CURVE ( 'NONE', #4708, #2467, #1038, .T. ) ;
#2496 = EDGE_LOOP ( 'NONE', ( #4413, #2218, #5563, #3255 ) ) ;
#2497 = CARTESIAN_POINT ( 'NONE',  ( 56.19463023696300041, -0.9543277354640000709, 12.21120804039200003 ) ) ;
#2498 = CARTESIAN_POINT ( 'NONE',  ( 56.21641861307000454, 5.864958647213000198, 12.20000000000000107 ) ) ;
#2499 = CARTESIAN_POINT ( 'NONE',  ( 56.13727367512400690, -0.8378636928100000603, 12.20000000000000107 ) ) ;
#2500 = CARTESIAN_POINT ( 'NONE',  ( 52.54001191017200512, 11.00401429220699967, 0.9558263725510000031 ) ) ;
#2501 = ORIENTED_EDGE ( 'NONE', *, *, #5519, .F. ) ;
#2502 = AXIS2_PLACEMENT_3D ( 'NONE', #4834, #1656, #3061 ) ;
#2503 = ORIENTED_EDGE ( 'NONE', *, *, #3331, .F. ) ;
#2504 = ADVANCED_FACE ( 'NONE', ( #5623 ), #3877, .F. ) ;
#2505 = CARTESIAN_POINT ( 'NONE',  ( 56.23429098644199797, 3.942744373030000027, 10.20272944510800173 ) ) ;
#2506 = AXIS2_PLACEMENT_3D ( 'NONE', #1073, #692, #1575 ) ;
#2507 = ADVANCED_FACE ( 'NONE', ( #5745 ), #2806, .T. ) ;
#2508 = CARTESIAN_POINT ( 'NONE',  ( 55.79173206888626879, 0.5142432781444291612, 12.13747185964571251 ) ) ;
#2509 = ORIENTED_EDGE ( 'NONE', *, *, #1307, .T. ) ;
#2510 = VERTEX_POINT ( 'NONE', #1068 ) ;
#2511 = DIRECTION ( 'NONE',  ( 0.000000000000000000, -1.000000000000000000, 0.000000000000000000 ) ) ;
#2512 = CARTESIAN_POINT ( 'NONE',  ( 56.17306513552699698, 5.913826907415000278, 12.17069223992099936 ) ) ;
#2513 = DIRECTION ( 'NONE',  ( 0.000000000000000000, -1.000000000000000000, 0.000000000000000000 ) ) ;
#2514 = CARTESIAN_POINT ( 'NONE',  ( 56.21999999999999886, 10.99000000000000021, 7.750000000000000000 ) ) ;
#2515 = CARTESIAN_POINT ( 'NONE',  ( 55.68510195824099895, 4.069080521789999239, 12.13747185964599851 ) ) ;
#2516 = VECTOR ( 'NONE', #5655, 1000.000000000000000 ) ;
#2517 = VERTEX_POINT ( 'NONE', #3317 ) ;
#2518 = VECTOR ( 'NONE', #1606, 1000.000000000000000 ) ;
#2519 = CARTESIAN_POINT ( 'NONE',  ( 32.16999999999999460, -3.109999999999999876, 0.9499999999999999556 ) ) ;
#2520 = CIRCLE ( 'NONE', #459, 0.05000000000000002359 ) ;
#2521 = EDGE_CURVE ( 'NONE', #434, #4346, #3004, .T. ) ;
#2522 = CARTESIAN_POINT ( 'NONE',  ( -59.22999999999999687, -3.259999999999999787, 0.000000000000000000 ) ) ;
#2523 = ORIENTED_EDGE ( 'NONE', *, *, #686, .F. ) ;
#2524 =( BOUNDED_SURFACE ( )  B_SPLINE_SURFACE ( 2, 11, ( 
 ( #2498, #2903, #2409, #5797, #2930, #1966, #2526, #4334, #3460, #167, #3868, #5307, #3432, #3841, #5711, #4913, #3491, #110, #4797, #3929, #3403, #197, #5821, #5280, #4363, #562, #1501, #1092, #2962, #1061, #4299, #649, #2440, #3900, #2079, #1588, #4421, #3372, #594, #5247, #3954, #1029, #1995, #5336, #1120, #2470, #1619, #4852, #621, #5740, #136, #5367 ),
 ( #81, #2026, #5768, #2989, #4882, #1561, #4394, #1157, #3024, #4012, #3117, #1680, #3085, #284, #1711, #3581, #4100, #5515, #5428, #4071, #2192, #5884, #5975, #5853, #772, #5946, #741, #1213, #3055, #4511, #5396, #1771, #4970, #1649, #3553, #1310, #5487, #1246, #682, #5002, #3178, #1277, #3642, #3523, #2165, #1187, #5458, #254, #2554, #4940, #1741, #2649 ),
 ( #3615, #3149, #224, #2580, #5033, #4480, #5915, #800, #4540, #709, #2135, #4450, #4040, #2619, #311, #2674, #4570, #345, #2223, #2105, #3986, #1863, #2375, #3804, #3701, #2344, #464, #4162, #4260, #4132, #5152, #4229, #5121, #5576, #1337, #2769, #3667, #41, #1370, #6004, #6033, #5674, #3766, #5610, #5059, #1401, #1465, #5639, #1926, #1797, #4665, #5543 ) ),
 .UNSPECIFIED., .F., .F., .F. ) 
 B_SPLINE_SURFACE_WITH_KNOTS ( ( 3, 3 ),
 ( 12, 10, 10, 10, 10, 12 ),
 ( 0.000000000000000000, 1.937386409473000004 ),
 ( 0.06039754563803999970, 0.3025708468220000280, 0.5447441480060000174, 1.029090750373999885, 1.997783955111000154, 2.108534193546999891 ),
 .UNSPECIFIED. ) 
 GEOMETRIC_REPRESENTATION_ITEM ( )  RATIONAL_B_SPLINE_SURFACE ( (
 ( 1.000000000000000000, 1.000000000000000000, 1.000000000000000000, 1.000000000000000000, 1.000000000000000000, 1.000000000000000000, 1.000000000000000000, 1.000000000000000000, 1.000000000000000000, 1.000000000000000000, 1.000000000000000000, 1.000000000000000000, 1.000000000000000000, 1.000000000000000000, 1.000000000000000000, 1.000000000000000000, 1.000000000000000000, 1.000000000000000000, 1.000000000000000000, 1.000000000000000000, 1.000000000000000000, 1.000000000000000000, 1.000000000000000000, 1.000000000000000000, 1.000000000000000000, 1.000000000000000000, 1.000000000000000000, 1.000000000000000000, 1.000000000000000000, 1.000000000000000000, 1.000000000000000000, 1.000000000000000000, 1.000000000000000000, 1.000000000000000000, 1.000000000000000000, 1.000000000000000000, 1.000000000000000000, 1.000000000000000000, 1.000000000000000000, 1.000000000000000000, 1.000000000000000000, 1.000000000000000000, 1.000000000000000000, 1.000000000000000000, 1.000000000000000000, 1.000000000000000000, 1.000000000000000000, 1.000000000000000000, 1.000000000000000000, 1.000000000000000000, 1.000000000000000000, 1.000000000000000000),
 ( 0.6121426275450000398, 0.6121426275450000398, 0.6121426275439999509, 0.6121426275460000177, 0.6121426275429999730, 0.6121426275469999956, 0.6121426275429999730, 0.6121426275460000177, 0.6121426275439999509, 0.6121426275450000398, 0.6121426275450000398, 0.6121426275450000398, 0.6121426275439999509, 0.6121426275450000398, 0.6121426275439999509, 0.6121426275450000398, 0.6121426275439999509, 0.6121426275450000398, 0.6121426275439999509, 0.6121426275450000398, 0.6121426275450000398, 0.6121426275450000398, 0.6121426275450000398, 0.6121426275450000398, 0.6121426275450000398, 0.6121426275450000398, 0.6121426275450000398, 0.6121426275439999509, 0.6121426275450000398, 0.6121426275450000398, 0.6121426275450000398, 0.6121426275450000398, 0.6121426275450000398, 0.6121426275439999509, 0.6121426275450000398, 0.6121426275439999509, 0.6121426275450000398, 0.6121426275439999509, 0.6121426275450000398, 0.6121426275450000398, 0.6121426275450000398, 0.6121426275450000398, 0.6121426275450000398, 0.6121426275450000398, 0.6121426275450000398, 0.6121426275450000398, 0.6121426275450000398, 0.6121426275450000398, 0.6121426275450000398, 0.6121426275450000398, 0.6121426275450000398, 0.6121426275450000398),
 ( 1.000000000000000000, 1.000000000000000000, 1.000000000000000000, 1.000000000000000000, 1.000000000000000000, 1.000000000000000000, 1.000000000000000000, 1.000000000000000000, 1.000000000000000000, 1.000000000000000000, 1.000000000000000000, 1.000000000000000000, 1.000000000000000000, 1.000000000000000000, 1.000000000000000000, 1.000000000000000000, 1.000000000000000000, 1.000000000000000000, 1.000000000000000000, 1.000000000000000000, 1.000000000000000000, 1.000000000000000000, 1.000000000000000000, 1.000000000000000000, 1.000000000000000000, 1.000000000000000000, 1.000000000000000000, 1.000000000000000000, 1.000000000000000000, 1.000000000000000000, 1.000000000000000000, 1.000000000000000000, 1.000000000000000000, 1.000000000000000000, 1.000000000000000000, 1.000000000000000000, 1.000000000000000000, 1.000000000000000000, 1.000000000000000000, 1.000000000000000000, 1.000000000000000000, 1.000000000000000000, 1.000000000000000000, 1.000000000000000000, 1.000000000000000000, 1.000000000000000000, 1.000000000000000000, 1.000000000000000000, 1.000000000000000000, 1.000000000000000000, 1.000000000000000000, 1.000000000000000000) ) ) 
 REPRESENTATION_ITEM ( '' )  SURFACE ( )  );
#2525 = CARTESIAN_POINT ( 'NONE',  ( 56.22758267134599919, -0.9722050803059999469, 12.18656128460599852 ) ) ;
#2526 = CARTESIAN_POINT ( 'NONE',  ( 56.18223003333599763, 5.737365131195999446, 12.19999999996699991 ) ) ;
#2527 = CARTESIAN_POINT ( 'NONE',  ( 55.91504790785700152, -0.008505838627425007722, 12.19999999999999751 ) ) ;
#2528 = CARTESIAN_POINT ( 'NONE',  ( 51.54928923662999551, -6.910000085539000025, 1.000000000000000000 ) ) ;
#2529 = ORIENTED_EDGE ( 'NONE', *, *, #5802, .T. ) ;
#2530 = EDGE_LOOP ( 'NONE', ( #3668, #4932, #583, #3051 ) ) ;
#2531 = CARTESIAN_POINT ( 'NONE',  ( 56.21999999999999886, 7.929999999999999716, 7.700000000000000178 ) ) ;
#2532 = SHAPE_DEFINITION_REPRESENTATION ( #2162, #4414 ) ;
#2533 = CARTESIAN_POINT ( 'NONE',  ( 56.21999999999999886, 10.99000000000000021, 1.100000000000000089 ) ) ;
#2534 = DIRECTION ( 'NONE',  ( 0.000000000000000000, 1.000000000000000000, 0.000000000000000000 ) ) ;
#2535 = VERTEX_POINT ( 'NONE', #2330 ) ;
#2536 = ORIENTED_EDGE ( 'NONE', *, *, #3481, .F. ) ;
#2537 = ADVANCED_FACE ( 'NONE', ( #1538 ), #3781, .T. ) ;
#2538 = PLANE ( 'NONE',  #2972 ) ;
#2539 = CARTESIAN_POINT ( 'NONE',  ( 56.65202486653899427, 4.008163275343000542, 12.20000000000000107 ) ) ;
#2540 = FACE_OUTER_BOUND ( 'NONE', #2986, .T. ) ;
#2541 = CIRCLE ( 'NONE', #5985, 0.04999999999999969746 ) ;
#2542 = DIRECTION ( 'NONE',  ( 0.7071067881220475249, 0.7071067742510473986, 0.000000000000000000 ) ) ;
#2543 = LINE ( 'NONE', #4002, #5050 ) ;
#2544 = CARTESIAN_POINT ( 'NONE',  ( -60.92999999999999972, -4.959999999999999964, 0.000000000000000000 ) ) ;
#2545 = CARTESIAN_POINT ( 'NONE',  ( 52.54001191017200512, 11.00401429220699967, 0.9558263725510000031 ) ) ;
#2546 = ORIENTED_EDGE ( 'NONE', *, *, #837, .T. ) ;
#2547 = VECTOR ( 'NONE', #5240, 1000.000000000000000 ) ;
#2548 = DIRECTION ( 'NONE',  ( 1.000000000000000000, 0.000000000000000000, 0.000000000000000000 ) ) ;
#2549 = CARTESIAN_POINT ( 'NONE',  ( 56.24646512457899661, 3.941543281775000462, 10.16605955751300172 ) ) ;
#2550 = CARTESIAN_POINT ( 'NONE',  ( 57.17000000000000171, 3.939999999999999947, 10.20000000000000107 ) ) ;
#2551 = ORIENTED_EDGE ( 'NONE', *, *, #2685, .T. ) ;
#2552 = ADVANCED_FACE ( 'NONE', ( #3382 ), #1478, .F. ) ;
#2553 = CARTESIAN_POINT ( 'NONE',  ( 56.21999999999999886, 7.929999999999999716, 3.649999999999999911 ) ) ;
#2554 = CARTESIAN_POINT ( 'NONE',  ( 55.63175167864701365, 3.932502708098999822, 12.19999999999999751 ) ) ;
#2555 = CARTESIAN_POINT ( 'NONE',  ( 55.85806694189204080, 0.2041500214189998497, 12.19999999999999751 ) ) ;
#2556 = CARTESIAN_POINT ( 'NONE',  ( 48.57000000000000028, -9.695061106673000140, -1.000957941762999903 ) ) ;
#2557 = ORIENTED_EDGE ( 'NONE', *, *, #3379, .F. ) ;
#2558 = DATE_AND_TIME ( #5253, #1887 ) ;
#2559 = FACE_OUTER_BOUND ( 'NONE', #3063, .T. ) ;
#2560 = CARTESIAN_POINT ( 'NONE',  ( 55.74921484193026089, 0.6729197293392582546, 12.13747185964598607 ) ) ;
#2561 = EDGE_LOOP ( 'NONE', ( #1168, #1745, #5604, #2501 ) ) ;
#2562 = VERTEX_POINT ( 'NONE', #3413 ) ;
#2563 = EDGE_CURVE ( 'NONE', #573, #3240, #4591, .T. ) ;
#2564 = EDGE_CURVE ( 'NONE', #4708, #4346, #5856, .T. ) ;
#2565 = DIRECTION ( 'NONE',  ( 1.000000000000000000, -2.502005013428086587E-16, 0.000000000000000000 ) ) ;
#2566 = DIRECTION ( 'NONE',  ( 0.000000000000000000, 0.000000000000000000, 1.000000000000000000 ) ) ;
#2567 = CARTESIAN_POINT ( 'NONE',  ( 48.57000000000000028, -8.459999970576999928, 0.000000000000000000 ) ) ;
#2568 = DIRECTION ( 'NONE',  ( 0.000000000000000000, 0.000000000000000000, -1.000000000000000000 ) ) ;
#2569 = DIRECTION ( 'NONE',  ( 0.000000000000000000, 1.000000000000000000, 0.000000000000000000 ) ) ;
#2570 = LINE ( 'NONE', #1174, #584 ) ;
#2571 = ORIENTED_EDGE ( 'NONE', *, *, #1652, .F. ) ;
#2572 = AXIS2_PLACEMENT_3D ( 'NONE', #788, #4145, #5930 ) ;
#2573 = DIRECTION ( 'NONE',  ( -1.000000000000000000, 0.000000000000000000, 0.000000000000000000 ) ) ;
#2574 = EDGE_CURVE ( 'NONE', #3321, #5277, #1943, .T. ) ;
#2575 = CARTESIAN_POINT ( 'NONE',  ( 55.69664435418499693, 4.011029419023000919, 12.28750474492800038 ) ) ;
#2576 = ORIENTED_EDGE ( 'NONE', *, *, #3854, .F. ) ;
#2577 = ORIENTED_EDGE ( 'NONE', *, *, #1542, .F. ) ;
#2578 = LINE ( 'NONE', #4509, #322 ) ;
#2579 = CARTESIAN_POINT ( 'NONE',  ( -7.530000000000000249, -2.259999999999999787, 0.000000000000000000 ) ) ;
#2580 = CARTESIAN_POINT ( 'NONE',  ( 56.15256866703600025, 5.813690029546999760, 12.13747185966300002 ) ) ;
#2581 = CARTESIAN_POINT ( 'NONE',  ( 55.68665888487500126, 1.093404364692999842, 12.20000000000000107 ) ) ;
#2582 = CARTESIAN_POINT ( 'NONE',  ( 57.17000000000000171, 11.03999999999999915, 7.750000000000000000 ) ) ;
#2583 = EDGE_CURVE ( 'NONE', #2510, #4963, #1344, .T. ) ;
#2584 = VECTOR ( 'NONE', #4017, 1000.000000000000000 ) ;
#2585 = ORIENTED_EDGE ( 'NONE', *, *, #3770, .F. ) ;
#2586 = VECTOR ( 'NONE', #1226, 1000.000000000000114 ) ;
#2587 = CARTESIAN_POINT ( 'NONE',  ( 56.16999999999999460, -0.9600000000000000755, 12.14999999999999858 ) ) ;
#2588 = PLANE ( 'NONE',  #4492 ) ;
#2589 = CARTESIAN_POINT ( 'NONE',  ( 55.85550790931905851, 0.2762286013521992878, 12.13747185964599851 ) ) ;
#2590 = ORIENTED_EDGE ( 'NONE', *, *, #5151, .F. ) ;
#2591 = B_SPLINE_SURFACE_WITH_KNOTS ( 'NONE', 1, 1, ( 
 ( #3509, #3969 ),
 ( #3009, #4026 ) ),
 .UNSPECIFIED., .F., .F., .F.,
 ( 2, 2 ),
 ( 2, 2 ),
 ( 0.000000000000000000, 2.830000000000000071 ),
 ( 0.000000000000000000, 1.000000000000000000 ),
 .UNSPECIFIED. ) ;
#2592 = EDGE_CURVE ( 'NONE', #3755, #1858, #351, .T. ) ;
#2593 = CIRCLE ( 'NONE', #2697, 0.05000000000000143219 ) ;
#2594 = VERTEX_POINT ( 'NONE', #143 ) ;
#2595 = VECTOR ( 'NONE', #4185, 1000.000000000000000 ) ;
#2596 = DIRECTION ( 'NONE',  ( 0.000000000000000000, -1.000000000000000000, 0.000000000000000000 ) ) ;
#2597 = CARTESIAN_POINT ( 'NONE',  ( -50.92999999999999972, -4.559999999999999609, 1.000000000000000000 ) ) ;
#2598 = CARTESIAN_POINT ( 'NONE',  ( 56.22515273616787113, 5.912597407240330227, 12.20000000000000639 ) ) ;
#2599 = CARTESIAN_POINT ( 'NONE',  ( -43.38000000000000256, -8.459999970576999928, 0.9499999999999999556 ) ) ;
#2600 = CARTESIAN_POINT ( 'NONE',  ( 56.07000000000000028, -6.910000000000000142, 1.000000000000000000 ) ) ;
#2601 = DIRECTION ( 'NONE',  ( 0.000000000000000000, 1.000000000000000000, 0.000000000000000000 ) ) ;
#2602 = DIRECTION ( 'NONE',  ( 0.000000000000000000, 0.000000000000000000, 1.000000000000000000 ) ) ;
#2603 = ADVANCED_FACE ( 'NONE', ( #2034 ), #4892, .T. ) ;
#2604 = ORIENTED_EDGE ( 'NONE', *, *, #1571, .T. ) ;
#2605 = AXIS2_PLACEMENT_3D ( 'NONE', #3535, #2481, #4377 ) ;
#2606 = DIRECTION ( 'NONE',  ( 0.000000000000000000, 1.000000000000000000, 0.000000000000000000 ) ) ;
#2607 = AXIS2_PLACEMENT_3D ( 'NONE', #3163, #359, #2236 ) ;
#2608 = CARTESIAN_POINT ( 'NONE',  ( 55.64308153645703214, 4.009293529955001212, 12.23450721686500486 ) ) ;
#2609 = EDGE_LOOP ( 'NONE', ( #1357, #3200, #2288, #1087 ) ) ;
#2610 = CIRCLE ( 'NONE', #4494, 0.05000000000000002359 ) ;
#2611 = FACE_OUTER_BOUND ( 'NONE', #1614, .T. ) ;
#2612 = ADVANCED_FACE ( 'NONE', ( #5377 ), #2588, .F. ) ;
#2613 = ORIENTED_EDGE ( 'NONE', *, *, #3527, .T. ) ;
#2614 = ADVANCED_FACE ( 'NONE', ( #2559 ), #3529, .T. ) ;
#2615 = EDGE_CURVE ( 'NONE', #4536, #5380, #2475, .T. ) ;
#2616 = VECTOR ( 'NONE', #3674, 1000.000000000000000 ) ;
#2617 = CARTESIAN_POINT ( 'NONE',  ( 51.57000000000000028, -6.959999999999999964, 0.9499999999999999556 ) ) ;
#2618 = DIRECTION ( 'NONE',  ( -1.000000000000000000, 0.000000000000000000, 0.000000000000000000 ) ) ;
#2619 = CARTESIAN_POINT ( 'NONE',  ( 56.08988960441299554, 5.579768583499999934, 12.13747185964999886 ) ) ;
#2620 = CARTESIAN_POINT ( 'NONE',  ( 55.64511793597402090, 0.9988865309259992165, 12.19999999999999751 ) ) ;
#2621 = CARTESIAN_POINT ( 'NONE',  ( -44.93000000000000682, -9.959999999999993747, 0.9792893218813453204 ) ) ;
#2622 = ORIENTED_EDGE ( 'NONE', *, *, #3465, .T. ) ;
#2623 = DIRECTION ( 'NONE',  ( 0.000000000000000000, -1.000000000000000000, 0.000000000000000000 ) ) ;
#2624 = CARTESIAN_POINT ( 'NONE',  ( 52.56997767935099830, 11.03997321522099462, 0.9570998061890004793 ) ) ;
#2625 = LINE ( 'NONE', #1569, #4601 ) ;
#2626 = ORIENTED_EDGE ( 'NONE', *, *, #3304, .F. ) ;
#2627 = ADVANCED_FACE ( 'NONE', ( #3908 ), #2141, .T. ) ;
#2628 = CARTESIAN_POINT ( 'NONE',  ( 57.17000000000000171, 10.99000000000000021, 7.750000000000000000 ) ) ;
#2629 = DIRECTION ( 'NONE',  ( 0.000000000000000000, 0.000000000000000000, -1.000000000000000000 ) ) ;
#2630 = CARTESIAN_POINT ( 'NONE',  ( -60.92999999999999972, -3.259999999999999787, 0.9499999999999999556 ) ) ;
#2631 = DIRECTION ( 'NONE',  ( 0.000000000000000000, 0.000000000000000000, -1.000000000000000000 ) ) ;
#2632 = CARTESIAN_POINT ( 'NONE',  ( -50.53000000000000114, 5.040000000000000036, 1.000000000000000000 ) ) ;
#2633 = CARTESIAN_POINT ( 'NONE',  ( -49.92999999999999972, 8.040000000000000924, 0.000000000000000000 ) ) ;
#2634 = CARTESIAN_POINT ( 'NONE',  ( 52.52833333333300203, 10.99000000000000021, 0.9499999999999999556 ) ) ;
#2635 = AXIS2_PLACEMENT_3D ( 'NONE', #3017, #1178, #3691 ) ;
#2636 = ORIENTED_EDGE ( 'NONE', *, *, #1420, .T. ) ;
#2637 = TOROIDAL_SURFACE ( 'NONE', #97, 0.5500000000000000444, 0.05000000000000000278 ) ;
#2638 = CARTESIAN_POINT ( 'NONE',  ( 56.13698230399599964, -0.5872255152240000164, 12.20000000000499973 ) ) ;
#2639 = CARTESIAN_POINT ( 'NONE',  ( 39.54499999999999460, 0.04000000000000020206, 1.000000000000000000 ) ) ;
#2640 = CARTESIAN_POINT ( 'NONE',  ( 55.99989094239900567, 5.056866379036000225, 12.19999999999899920 ) ) ;
#2641 = ORIENTED_EDGE ( 'NONE', *, *, #4690, .T. ) ;
#2642 = TOROIDAL_SURFACE ( 'NONE', #1081, 0.8499999999999999778, 0.05000000000000000278 ) ;
#2643 = CC_DESIGN_DATE_AND_TIME_ASSIGNMENT ( #978, #4739, ( #3745 ) ) ;
#2644 = EDGE_CURVE ( 'NONE', #908, #4963, #1164, .T. ) ;
#2645 = ORIENTED_EDGE ( 'NONE', *, *, #3183, .T. ) ;
#2646 = CIRCLE ( 'NONE', #4, 0.5000000000000004441 ) ;
#2647 = CARTESIAN_POINT ( 'NONE',  ( -0.1549999999999999711, 0.04000000000000022288, 1.000000000000000000 ) ) ;
#2648 = DIRECTION ( 'NONE',  ( 0.6401843996643816759, 0.7682212795974576736, 0.000000000000000000 ) ) ;
#2649 = CARTESIAN_POINT ( 'NONE',  ( 55.62393415020402188, 3.903327294760999155, 12.19999999999999751 ) ) ;
#2650 = CARTESIAN_POINT ( 'NONE',  ( 55.89649136336699797, 0.1232762685790000090, 12.13747185964599851 ) ) ;
#2651 = CARTESIAN_POINT ( 'NONE',  ( 48.57000000000000028, -8.469999970576999715, 0.9499999999999999556 ) ) ;
#2652 = APPROVAL ( #5827, 'UNSPECIFIED' ) ;
#2653 = ORIENTED_EDGE ( 'NONE', *, *, #2834, .T. ) ;
#2654 = CARTESIAN_POINT ( 'NONE',  ( -6.729999999999999538, 2.339999999999999858, 0.000000000000000000 ) ) ;
#2655 = LINE ( 'NONE', #3092, #4078 ) ;
#2656 = CARTESIAN_POINT ( 'NONE',  ( 48.57000000000000028, -8.469999970576999715, 0.9499999999999999556 ) ) ;
#2657 = EDGE_LOOP ( 'NONE', ( #3520, #394, #5978, #4749 ) ) ;
#2658 = PLANE ( 'NONE',  #1332 ) ;
#2659 = LINE ( 'NONE', #4142, #2772 ) ;
#2660 = CARTESIAN_POINT ( 'NONE',  ( -7.530000000000000249, 2.339999999999999858, 0.000000000000000000 ) ) ;
#2661 = CARTESIAN_POINT ( 'NONE',  ( 3.194999999999999840, 0.03999999999999958450, 1.000000000000000000 ) ) ;
#2662 = CARTESIAN_POINT ( 'NONE',  ( -19.13000000000000256, -3.059999999999999609, 0.9499999999999999556 ) ) ;
#2663 = PLANE ( 'NONE',  #1674 ) ;
#2664 = ORIENTED_EDGE ( 'NONE', *, *, #1902, .T. ) ;
#2665 = ADVANCED_FACE ( 'NONE', ( #5804 ), #1687, .F. ) ;
#2666 = DIRECTION ( 'NONE',  ( 0.000000000000000000, 0.000000000000000000, -1.000000000000000000 ) ) ;
#2667 = PLANE ( 'NONE',  #5245 ) ;
#2668 = CARTESIAN_POINT ( 'NONE',  ( 20.57000000000000028, 2.339999999999999858, 0.9499999999999999556 ) ) ;
#2669 = CARTESIAN_POINT ( 'NONE',  ( 56.07966429475499837, 5.354584583101000383, 12.20000000000000107 ) ) ;
#2670 = ORIENTED_EDGE ( 'NONE', *, *, #5866, .F. ) ;
#2671 = VECTOR ( 'NONE', #1169, 1000.000000000000000 ) ;
#2672 = LINE ( 'NONE', #4911, #1714 ) ;
#2673 = FACE_OUTER_BOUND ( 'NONE', #4838, .T. ) ;
#2674 = CARTESIAN_POINT ( 'NONE',  ( 56.07849341124099851, 5.537237411488999506, 12.13747185965500108 ) ) ;
#2675 = ADVANCED_FACE ( 'NONE', ( #2111 ), #4920, .F. ) ;
#2676 = CARTESIAN_POINT ( 'NONE',  ( 57.17000000000000171, -0.9638416356619998737, 12.20384163566200009 ) ) ;
#2677 = AXIS2_PLACEMENT_3D ( 'NONE', #3249, #5163, #5718 ) ;
#2678 = EDGE_CURVE ( 'NONE', #4005, #362, #4598, .T. ) ;
#2679 = ORIENTED_EDGE ( 'NONE', *, *, #514, .F. ) ;
#2680 = CARTESIAN_POINT ( 'NONE',  ( 19.76999999999999957, 2.339999999999999858, 0.9499999999999999556 ) ) ;
#2681 = CARTESIAN_POINT ( 'NONE',  ( 52.56763689992995126, 11.03716427991600035, 0.9711662103869996843 ) ) ;
#2682 = CARTESIAN_POINT ( 'NONE',  ( 56.20412441060300068, 1.027939290761999969, 10.21206070923799913 ) ) ;
#2683 = ORIENTED_EDGE ( 'NONE', *, *, #1973, .T. ) ;
#2684 = EDGE_CURVE ( 'NONE', #2230, #1306, #4944, .T. ) ;
#2685 = EDGE_CURVE ( 'NONE', #2239, #69, #4431, .T. ) ;
#2686 = CARTESIAN_POINT ( 'NONE',  ( 56.00847966716550275, 0.9517601610681530877, 10.89104192752428624 ) ) ;
#2687 = EDGE_CURVE ( 'NONE', #4270, #2276, #5892, .T. ) ;
#2688 = DIRECTION ( 'NONE',  ( -0.7682212795974555641, 0.6401843996643843404, 0.000000000000000000 ) ) ;
#2689 = CARTESIAN_POINT ( 'NONE',  ( -33.32999999999999829, -4.959999999999999964, 0.9000000000000000222 ) ) ;
#2690 = CARTESIAN_POINT ( 'NONE',  ( 32.16999999999999460, -2.259999999999999787, 0.9499999999999999556 ) ) ;
#2691 = VECTOR ( 'NONE', #1259, 1000.000000000000000 ) ;
#2692 = DIRECTION ( 'NONE',  ( -0.000000000000000000, 1.000000000000000000, 0.000000000000000000 ) ) ;
#2693 = CARTESIAN_POINT ( 'NONE',  ( 57.17000000000000171, 7.929999999999999716, 5.709999999999999964 ) ) ;
#2694 = ORIENTED_EDGE ( 'NONE', *, *, #3578, .F. ) ;
#2695 = ORIENTED_EDGE ( 'NONE', *, *, #4224, .F. ) ;
#2696 = VECTOR ( 'NONE', #4018, 1000.000000000000000 ) ;
#2697 = AXIS2_PLACEMENT_3D ( 'NONE', #5250, #5714, #3812 ) ;
#2698 = CARTESIAN_POINT ( 'NONE',  ( 56.21999999999999886, 9.539999999999999147, 12.20000000000000107 ) ) ;
#2699 = CARTESIAN_POINT ( 'NONE',  ( 56.02302037203899943, -0.1619137951329999991, 12.19999999999899920 ) ) ;
#2700 = CYLINDRICAL_SURFACE ( 'NONE', #3731, 1.625000000000001332 ) ;
#2701 = CARTESIAN_POINT ( 'NONE',  ( 56.21999999999999886, 10.99000000000000021, 3.649999999999999911 ) ) ;
#2702 = AXIS2_PLACEMENT_3D ( 'NONE', #4164, #2193, #1830 ) ;
#2703 = ORIENTED_EDGE ( 'NONE', *, *, #2678, .T. ) ;
#2704 = ORIENTED_EDGE ( 'NONE', *, *, #5715, .T. ) ;
#2705 = AXIS2_PLACEMENT_3D ( 'NONE', #1755, #3625, #5077 ) ;
#2706 = DIRECTION ( 'NONE',  ( 0.6401843996643816759, 0.7682212795974576736, 0.000000000000000000 ) ) ;
#2707 = EDGE_CURVE ( 'NONE', #3637, #670, #204, .T. ) ;
#2708 = FACE_BOUND ( 'NONE', #5097, .T. ) ;
#2709 = AXIS2_PLACEMENT_3D ( 'NONE', #1017, #4780, #2427 ) ;
#2710 = DIRECTION ( 'NONE',  ( 0.000000000000000000, 1.000000000000000000, 3.154042683594196402E-15 ) ) ;
#2711 = ORIENTED_EDGE ( 'NONE', *, *, #1210, .T. ) ;
#2712 = CARTESIAN_POINT ( 'NONE',  ( -19.13000000000000256, -2.259999999999999787, 0.9499999999999999556 ) ) ;
#2713 = CIRCLE ( 'NONE', #149, 0.04999999999999969746 ) ;
#2714 = EDGE_LOOP ( 'NONE', ( #1183, #3283, #392, #3143 ) ) ;
#2715 = VECTOR ( 'NONE', #5019, 1000.000000000000000 ) ;
#2716 = LINE ( 'NONE', #2587, #6031 ) ;
#2717 = CARTESIAN_POINT ( 'NONE',  ( 56.21935206831400222, 3.945485123832999541, 10.20547019591199955 ) ) ;
#2718 = VECTOR ( 'NONE', #6039, 1000.000000000000000 ) ;
#2719 = FACE_OUTER_BOUND ( 'NONE', #2971, .T. ) ;
#2720 = ORIENTED_EDGE ( 'NONE', *, *, #3968, .F. ) ;
#2721 = CARTESIAN_POINT ( 'NONE',  ( 55.65236190979499753, 0.9718516525779999915, 12.20000000000000107 ) ) ;
#2722 = DIRECTION ( 'NONE',  ( 0.000000000000000000, -0.1736481776670334987, -0.9848077530121899237 ) ) ;
#2723 = LINE ( 'NONE', #3597, #1250 ) ;
#2724 = DIRECTION ( 'NONE',  ( 0.000000000000000000, 0.000000000000000000, -1.000000000000000000 ) ) ;
#2725 = FACE_OUTER_BOUND ( 'NONE', #4008, .T. ) ;
#2726 = ORIENTED_EDGE ( 'NONE', *, *, #4406, .T. ) ;
#2727 = VERTEX_POINT ( 'NONE', #5315 ) ;
#2728 = EDGE_CURVE ( 'NONE', #468, #5865, #632, .T. ) ;
#2729 = FACE_OUTER_BOUND ( 'NONE', #654, .T. ) ;
#2730 = DIRECTION ( 'NONE',  ( 0.000000000000000000, 1.000000000000000000, 0.000000000000000000 ) ) ;
#2731 = CARTESIAN_POINT ( 'NONE',  ( 32.16999999999999460, -3.059999999999999609, 0.9499999999999999556 ) ) ;
#2732 = DIRECTION ( 'NONE',  ( 1.000000000000000000, 0.000000000000000000, 0.000000000000000000 ) ) ;
#2733 = ORIENTED_EDGE ( 'NONE', *, *, #2341, .T. ) ;
#2734 = AXIS2_PLACEMENT_3D ( 'NONE', #153, #5266, #1423 ) ;
#2735 = DIRECTION ( 'NONE',  ( -0.9999988849584567907, -0.001493345855160278617, 0.000000000000000000 ) ) ;
#2736 = DIRECTION ( 'NONE',  ( 1.000000000000000000, 0.000000000000000000, 0.000000000000000000 ) ) ;
#2737 = FACE_OUTER_BOUND ( 'NONE', #4095, .T. ) ;
#2738 = VECTOR ( 'NONE', #4792, 1000.000000000000000 ) ;
#2739 = ORIENTED_EDGE ( 'NONE', *, *, #490, .F. ) ;
#2740 = DIRECTION ( 'NONE',  ( 0.000000000000000000, 0.7071067811860474173, -0.7071067811870475062 ) ) ;
#2741 = EDGE_CURVE ( 'NONE', #3994, #4824, #5154, .T. ) ;
#2742 = ORIENTED_EDGE ( 'NONE', *, *, #4593, .F. ) ;
#2743 = CIRCLE ( 'NONE', #1085, 0.8000000000000003775 ) ;
#2744 = DIRECTION ( 'NONE',  ( 1.927470528863119344E-15, 1.000000000000000000, 0.000000000000000000 ) ) ;
#2745 = CARTESIAN_POINT ( 'NONE',  ( -44.97999999999999687, -9.910000000000000142, 1.000000000000000000 ) ) ;
#2746 = DIRECTION ( 'NONE',  ( 6.000000000000000121E-17, -1.000000000000000000, 0.000000000000000000 ) ) ;
#2747 = ORIENTED_EDGE ( 'NONE', *, *, #1100, .F. ) ;
#2748 = VERTEX_POINT ( 'NONE', #2745 ) ;
#2749 = CARTESIAN_POINT ( 'NONE',  ( 56.16966295674399845, 4.007841889384999412, 10.26782696146300111 ) ) ;
#2750 = CARTESIAN_POINT ( 'NONE',  ( -53.92999999999999972, 5.040000000000000036, 0.000000000000000000 ) ) ;
#2751 = CARTESIAN_POINT ( 'NONE',  ( 0.000000000000000000, 0.000000000000000000, 0.000000000000000000 ) ) ;
#2752 = DIRECTION ( 'NONE',  ( 0.000000000000000000, -1.000000000000000000, 0.000000000000000000 ) ) ;
#2753 = CARTESIAN_POINT ( 'NONE',  ( -50.92999999999999972, -9.960000000000000853, 0.9499999999999999556 ) ) ;
#2754 = CARTESIAN_POINT ( 'NONE',  ( 42.89500000000000313, 0.03999999999999960532, 0.9499999999999999556 ) ) ;
#2755 = ORIENTED_EDGE ( 'NONE', *, *, #4890, .F. ) ;
#2756 = ADVANCED_FACE ( 'NONE', ( #5465 ), #1315, .F. ) ;
#2757 = ORIENTED_EDGE ( 'NONE', *, *, #5225, .F. ) ;
#2758 = EDGE_CURVE ( 'NONE', #26, #3045, #2655, .T. ) ;
#2759 = LINE ( 'NONE', #4655, #1539 ) ;
#2760 = DIRECTION ( 'NONE',  ( 1.000000000000000000, 0.000000000000000000, 0.000000000000000000 ) ) ;
#2761 = DIRECTION ( 'NONE',  ( 2.168404344971008868E-15, 1.000000000000000000, 0.000000000000000000 ) ) ;
#2762 = CARTESIAN_POINT ( 'NONE',  ( 55.97626471571199858, -0.1744419354869999883, 12.13747185964399833 ) ) ;
#2763 = CARTESIAN_POINT ( 'NONE',  ( 19.76999999999999957, -3.059999999999999609, 0.000000000000000000 ) ) ;
#2764 = ORIENTED_EDGE ( 'NONE', *, *, #5201, .T. ) ;
#2765 = VERTEX_POINT ( 'NONE', #779 ) ;
#2766 = EDGE_CURVE ( 'NONE', #4474, #2037, #3709, .T. ) ;
#2767 = CYLINDRICAL_SURFACE ( 'NONE', #5298, 0.7500008362599994705 ) ;
#2768 = CYLINDRICAL_SURFACE ( 'NONE', #1485, 0.04999999999999969746 ) ;
#2769 = CARTESIAN_POINT ( 'NONE',  ( 55.80498477456399797, 4.516489283267999255, 12.13747185964500019 ) ) ;
#2770 = ORIENTED_EDGE ( 'NONE', *, *, #1533, .T. ) ;
#2771 = DIRECTION ( 'NONE',  ( 0.000000000000000000, 0.000000000000000000, 1.000000000000000000 ) ) ;
#2772 = VECTOR ( 'NONE', #1227, 1000.000000000000000 ) ;
#2773 = ORIENTED_EDGE ( 'NONE', *, *, #2885, .F. ) ;
#2774 = CIRCLE ( 'NONE', #132, 1.674999999999999378 ) ;
#2775 = CARTESIAN_POINT ( 'NONE',  ( -60.92999999999999972, 5.040000000000000036, 0.000000000000000000 ) ) ;
#2776 = DIRECTION ( 'NONE',  ( 1.000000000000000000, 0.000000000000000000, 0.000000000000000000 ) ) ;
#2777 = ADVANCED_FACE ( 'NONE', ( #5550 ), #5218, .T. ) ;
#2778 = CARTESIAN_POINT ( 'NONE',  ( 56.21999999999999886, 7.929999999999999716, 5.709999999999999964 ) ) ;
#2779 = ORIENTED_EDGE ( 'NONE', *, *, #2430, .T. ) ;
#2780 = VERTEX_POINT ( 'NONE', #4610 ) ;
#2781 = CARTESIAN_POINT ( 'NONE',  ( 56.14964006341400449, -0.9435855129060000124, 12.16889673085099943 ) ) ;
#2782 = CARTESIAN_POINT ( 'NONE',  ( -50.92999999999999972, -4.959999999999999964, 1.000000000000000000 ) ) ;
#2783 = DIRECTION ( 'NONE',  ( 0.000000000000000000, -1.000000000000000000, 0.000000000000000000 ) ) ;
#2784 = EDGE_CURVE ( 'NONE', #1833, #670, #5653, .T. ) ;
#2785 = CARTESIAN_POINT ( 'NONE',  ( 55.82669216984501048, 0.9938834437149998147, 11.52735882106000354 ) ) ;
#2786 = DIRECTION ( 'NONE',  ( 0.000000000000000000, 0.000000000000000000, 1.000000000000000000 ) ) ;
#2787 = ORIENTED_EDGE ( 'NONE', *, *, #75, .T. ) ;
#2788 = EDGE_LOOP ( 'NONE', ( #2953, #4879, #3995, #947 ) ) ;
#2789 = VECTOR ( 'NONE', #4951, 1000.000000000000000 ) ;
#2790 = CARTESIAN_POINT ( 'NONE',  ( -43.38000000000000256, -9.504048111239999486, 0.08233058655027998551 ) ) ;
#2791 = CARTESIAN_POINT ( 'NONE',  ( 57.17000000000000171, 9.539999999999999147, 10.69999999999999929 ) ) ;
#2792 = CARTESIAN_POINT ( 'NONE',  ( -29.80500000000000327, 0.03999999999999980654, 0.000000000000000000 ) ) ;
#2793 = CARTESIAN_POINT ( 'NONE',  ( 55.66074997106300515, 1.003075122103999739, 12.13747185964599851 ) ) ;
#2794 = DIRECTION ( 'NONE',  ( 0.000000000000000000, -0.1736481776670394106, -0.9848077530121888135 ) ) ;
#2795 = EDGE_LOOP ( 'NONE', ( #1287, #3415, #5393, #5047 ) ) ;
#2796 = AXIS2_PLACEMENT_3D ( 'NONE', #2778, #4671, #3274 ) ;
#2797 = CARTESIAN_POINT ( 'NONE',  ( 48.54928932188134638, -8.439289292458342473, 1.000000000000000000 ) ) ;
#2798 = LINE ( 'NONE', #3299, #5896 ) ;
#2799 = DIRECTION ( 'NONE',  ( 0.000000000000000000, 0.7071067811865474617, -0.7071067811865474617 ) ) ;
#2800 = EDGE_LOOP ( 'NONE', ( #966, #36, #5518, #2577 ) ) ;
#2801 = CARTESIAN_POINT ( 'NONE',  ( 52.58197915245600029, 10.97627248618799989, 1.000000000000000000 ) ) ;
#2802 = ORIENTED_EDGE ( 'NONE', *, *, #651, .T. ) ;
#2803 = EDGE_CURVE ( 'NONE', #258, #1885, #1730, .T. ) ;
#2804 = DIRECTION ( 'NONE',  ( 1.000000000000000000, 0.000000000000000000, 0.000000000000000000 ) ) ;
#2805 = FACE_OUTER_BOUND ( 'NONE', #1116, .T. ) ;
#2806 = TOROIDAL_SURFACE ( 'NONE', #3605, 1.675000000000000044, 0.05000000000000000278 ) ;
#2807 = DIRECTION ( 'NONE',  ( 0.000000000000000000, 1.000000000000000000, 0.000000000000000000 ) ) ;
#2808 = ORIENTED_EDGE ( 'NONE', *, *, #5060, .T. ) ;
#2809 = CIRCLE ( 'NONE', #4594, 0.05000000000000143219 ) ;
#2810 = ORIENTED_EDGE ( 'NONE', *, *, #3893, .T. ) ;
#2811 = CARTESIAN_POINT ( 'NONE',  ( 56.25345859808300020, -0.9695948181310000136, 12.21469634723399977 ) ) ;
#2812 = DIRECTION ( 'NONE',  ( 0.000000000000000000, 1.000000000000000000, 0.000000000000000000 ) ) ;
#2813 = LINE ( 'NONE', #1009, #4093 ) ;
#2814 = CARTESIAN_POINT ( 'NONE',  ( 56.16999999999999460, 0.9899999999999999911, 8.699999999999999289 ) ) ;
#2815 = DIRECTION ( 'NONE',  ( 0.000000000000000000, 0.000000000000000000, -1.000000000000000000 ) ) ;
#2816 = VERTEX_POINT ( 'NONE', #2286 ) ;
#2817 = VERTEX_POINT ( 'NONE', #5098 ) ;
#2818 = EDGE_CURVE ( 'NONE', #5618, #4824, #4169, .T. ) ;
#2819 = EDGE_CURVE ( 'NONE', #561, #1894, #3811, .T. ) ;
#2820 = DIRECTION ( 'NONE',  ( 0.2588190451029850347, 0.9659258262889438562, 0.000000000000000000 ) ) ;
#2821 = DIRECTION ( 'NONE',  ( 0.000000000000000000, 0.000000000000000000, -1.000000000000000000 ) ) ;
#2822 = CARTESIAN_POINT ( 'NONE',  ( 32.16999999999999460, -3.109999999999999876, 1.000000000000000000 ) ) ;
#2823 = CARTESIAN_POINT ( 'NONE',  ( 56.11871713065300327, -0.7060815856020000725, 12.13747185964999886 ) ) ;
#2824 = CARTESIAN_POINT ( 'NONE',  ( 55.65939253319500324, 4.072329669027999977, 12.23666988739200079 ) ) ;
#2825 = ORIENTED_EDGE ( 'NONE', *, *, #1669, .F. ) ;
#2826 = CARTESIAN_POINT ( 'NONE',  ( 1.520000000000000018, 0.04000000000000000083, 0.9499999999999999556 ) ) ;
#2827 = DIRECTION ( 'NONE',  ( 0.000000000000000000, 0.000000000000000000, -1.000000000000000000 ) ) ;
#2828 = CYLINDRICAL_SURFACE ( 'NONE', #4203, 0.04999999999999969746 ) ;
#2829 = ADVANCED_FACE ( 'NONE', ( #1376 ), #3741, .F. ) ;
#2830 = VERTEX_POINT ( 'NONE', #4206 ) ;
#2831 = CARTESIAN_POINT ( 'NONE',  ( -44.18000000001999439, -8.458879989360001517, 0.9499999999999999556 ) ) ;
#2832 = ADVANCED_FACE ( 'NONE', ( #5190 ), #6075, .T. ) ;
#2833 = TOROIDAL_SURFACE ( 'NONE', #4614, 0.8499999999999999778, 0.05000000000000000278 ) ;
#2834 = EDGE_CURVE ( 'NONE', #331, #3082, #5616, .T. ) ;
#2835 = ORIENTED_EDGE ( 'NONE', *, *, #5071, .T. ) ;
#2836 = AXIS2_PLACEMENT_3D ( 'NONE', #1965, #2439, #5739 ) ;
#2837 = LINE ( 'NONE', #4702, #3018 ) ;
#2838 = DIRECTION ( 'NONE',  ( 0.000000000000000000, 0.000000000000000000, 1.000000000000000000 ) ) ;
#2839 = CARTESIAN_POINT ( 'NONE',  ( 52.55500728575099600, 11.02200874290100074, 0.9500882610780000403 ) ) ;
#2840 = ORIENTED_EDGE ( 'NONE', *, *, #1682, .F. ) ;
#2841 = VECTOR ( 'NONE', #1142, 1000.000000000000000 ) ;
#2842 = ORIENTED_EDGE ( 'NONE', *, *, #1768, .F. ) ;
#2843 = CARTESIAN_POINT ( 'NONE',  ( 56.19643274776099418, -0.9535797913700000406, 12.20920890855300023 ) ) ;
#2844 = ADVANCED_FACE ( 'NONE', ( #2805 ), #2441, .T. ) ;
#2845 = CARTESIAN_POINT ( 'NONE',  ( 56.23206937771070102, -0.9458755533957642347, 12.19990614157269349 ) ) ;
#2846 = AXIS2_PLACEMENT_3D ( 'NONE', #3580, #4939, #5944 ) ;
#2847 = COORDINATED_UNIVERSAL_TIME_OFFSET ( 5, 30, .AHEAD. ) ;
#2848 = CARTESIAN_POINT ( 'NONE',  ( 56.21999999999999886, 3.439999999999999947, 8.699999999999999289 ) ) ;
#2849 = DIRECTION ( 'NONE',  ( 0.000000000000000000, 0.9848077530121899237, -0.1736481776670334987 ) ) ;
#2850 = DIRECTION ( 'NONE',  ( 1.000000000000000000, 0.000000000000000000, 0.000000000000000000 ) ) ;
#2851 = ORIENTED_EDGE ( 'NONE', *, *, #5060, .F. ) ;
#2852 = ORIENTED_EDGE ( 'NONE', *, *, #5816, .T. ) ;
#2853 =( GEOMETRIC_REPRESENTATION_CONTEXT ( 3 ) GLOBAL_UNCERTAINTY_ASSIGNED_CONTEXT ( ( #4621 ) ) GLOBAL_UNIT_ASSIGNED_CONTEXT ( ( #5654, #1910, #1447 ) ) REPRESENTATION_CONTEXT ( 'NONE', 'WORKASPACE' ) );
#2854 = CYLINDRICAL_SURFACE ( 'NONE', #4788, 1.989999999999999991 ) ;
#2855 = CARTESIAN_POINT ( 'NONE',  ( 55.67794846822999943, 4.038634235092000146, 12.16892447825300039 ) ) ;
#2856 = DIRECTION ( 'NONE',  ( -1.000000000000000000, 0.000000000000000000, 0.000000000000000000 ) ) ;
#2857 = CARTESIAN_POINT ( 'NONE',  ( -59.22999999999999687, 3.340000000000000302, 0.000000000000000000 ) ) ;
#2858 = CARTESIAN_POINT ( 'NONE',  ( 55.84662229107352260, 4.048667644321461978, 11.51425689359244764 ) ) ;
#2859 = ADVANCED_FACE ( 'NONE', ( #3869 ), #905, .F. ) ;
#2860 = EDGE_LOOP ( 'NONE', ( #5545, #288, #3089, #5756 ) ) ;
#2861 = CARTESIAN_POINT ( 'NONE',  ( 57.17000000000000171, 5.940000000000000391, 5.689999999999999503 ) ) ;
#2862 = DIRECTION ( 'NONE',  ( 0.000000000000000000, 0.000000000000000000, 1.000000000000000000 ) ) ;
#2863 = CARTESIAN_POINT ( 'NONE',  ( 56.16999999999999460, 0.9721730385369999894, 10.26782696146300111 ) ) ;
#2864 = FACE_BOUND ( 'NONE', #5627, .T. ) ;
#2865 = ORIENTED_EDGE ( 'NONE', *, *, #4888, .F. ) ;
#2866 = CARTESIAN_POINT ( 'NONE',  ( -7.530000000000000249, 2.339999999999999858, 0.000000000000000000 ) ) ;
#2867 = VERTEX_POINT ( 'NONE', #3244 ) ;
#2868 = EDGE_CURVE ( 'NONE', #561, #4876, #2713, .T. ) ;
#2869 = DIRECTION ( 'NONE',  ( 0.000000000000000000, 1.000000000000000000, 0.000000000000000000 ) ) ;
#2870 = DIRECTION ( 'NONE',  ( 0.000000000000000000, 0.000000000000000000, 1.000000000000000000 ) ) ;
#2871 = DIRECTION ( 'NONE',  ( 0.000000000000000000, 0.000000000000000000, 1.000000000000000000 ) ) ;
#2872 = EDGE_CURVE ( 'NONE', #998, #5771, #3589, .T. ) ;
#2873 = PLANE ( 'NONE',  #55 ) ;
#2874 = ORIENTED_EDGE ( 'NONE', *, *, #1559, .F. ) ;
#2875 = ORIENTED_EDGE ( 'NONE', *, *, #3788, .F. ) ;
#2876 = AXIS2_PLACEMENT_3D ( 'NONE', #2264, #3678, #5471 ) ;
#2877 = CARTESIAN_POINT ( 'NONE',  ( 56.65236190979500464, 0.9718516525779999915, 12.20000000000000107 ) ) ;
#2878 = MECHANICAL_CONTEXT ( 'NONE', #2923, 'mechanical' ) ;
#2879 = DIRECTION ( 'NONE',  ( 1.000000000000000000, -2.514091994169285716E-16, 0.000000000000000000 ) ) ;
#2880 = CARTESIAN_POINT ( 'NONE',  ( 19.76999999999999957, -2.259999999999999787, 0.000000000000000000 ) ) ;
#2881 = LINE ( 'NONE', #1069, #4801 ) ;
#2882 = ORIENTED_EDGE ( 'NONE', *, *, #5371, .F. ) ;
#2883 = ADVANCED_FACE ( 'NONE', ( #3306 ), #371, .F. ) ;
#2884 = ORIENTED_EDGE ( 'NONE', *, *, #3076, .F. ) ;
#2885 = EDGE_CURVE ( 'NONE', #1405, #1272, #1549, .T. ) ;
#2886 = EDGE_CURVE ( 'NONE', #200, #886, #1108, .T. ) ;
#2887 = CYLINDRICAL_SURFACE ( 'NONE', #2124, 0.8000000000000020428 ) ;
#2888 = B_SPLINE_SURFACE_WITH_KNOTS ( 'NONE', 8, 8, ( 
 ( #135, #3459, #3714, #5588, #2811, #166, #1877, #445, #4210 ),
 ( #1445, #5335, #5651, #2525, #2961, #476, #3928, #4361, #4709 ),
 ( #5306, #1091, #648, #5767, #6081, #1382, #1119, #4676, #1908 ),
 ( #3748, #911, #3313, #5796, #2355, #4851, #593, #3248, #4242 ),
 ( #620, #976, #2843, #4420, #5162, #2497, #4393, #5131, #5620 ),
 ( #1412, #2023, #2052, #3898, #2325, #3278, #196, #1560, #3778 ),
 ( #2781, #3431, #942, #22, #1587, #2987, #4881, #2078, #5455 ),
 ( #1617, #2190, #3983, #3115, #5913, #3521, #4967, #3083, #3488 ),
 ( #4567, #3147, #5851, #222, #3579, #1185, #5943, #5485, #3053 ) ),
 .UNSPECIFIED., .F., .F., .F.,
 ( 9, 9 ),
 ( 9, 9 ),
 ( -0.06924687687610998899, 0.06676668691607000328 ),
 ( -0.04809379355271000550, 0.05031787348527999582 ),
 .UNSPECIFIED. ) ;
#2889 = LINE ( 'NONE', #3724, #5824 ) ;
#2890 = CARTESIAN_POINT ( 'NONE',  ( 56.21999999999999886, 10.99000000000000021, 3.649999999999999911 ) ) ;
#2891 = DIRECTION ( 'NONE',  ( -1.000000000000000000, 0.000000000000000000, 0.000000000000000000 ) ) ;
#2892 = DIRECTION ( 'NONE',  ( -0.6000000000000277334, 0.7999999999999791722, 0.000000000000000000 ) ) ;
#2893 = EDGE_LOOP ( 'NONE', ( #51, #1766, #2726, #6052 ) ) ;
#2894 = CARTESIAN_POINT ( 'NONE',  ( -50.92999999999999972, 4.639999999999999680, 1.000000000000000000 ) ) ;
#2895 = FACE_OUTER_BOUND ( 'NONE', #2014, .T. ) ;
#2896 = CARTESIAN_POINT ( 'NONE',  ( 19.76999999999999957, -2.259999999999999787, 0.9499999999999999556 ) ) ;
#2897 = CARTESIAN_POINT ( 'NONE',  ( 56.16513574372299900, 5.673568373168999202, 12.20000000000499973 ) ) ;
#2898 = VECTOR ( 'NONE', #3057, 1000.000000000000000 ) ;
#2899 = ORIENTED_EDGE ( 'NONE', *, *, #3798, .T. ) ;
#2900 = EDGE_LOOP ( 'NONE', ( #4887, #5880, #719, #5252 ) ) ;
#2901 = ADVANCED_FACE ( 'NONE', ( #580 ), #3884, .T. ) ;
#2902 = TOROIDAL_SURFACE ( 'NONE', #3194, 0.1499999999999999944, 0.05000000000000000278 ) ;
#2903 = CARTESIAN_POINT ( 'NONE',  ( 56.21072051648199874, 5.843693061208000472, 12.20000000000200124 ) ) ;
#2904 = CARTESIAN_POINT ( 'NONE',  ( 56.14837849717099516, -0.6297566872350000011, 12.20000000000099938 ) ) ;
#2905 = CARTESIAN_POINT ( 'NONE',  ( 57.17000000000000171, 11.03999999999999915, 7.750000000000000000 ) ) ;
#2906 = VECTOR ( 'NONE', #4625, 1000.000000000000000 ) ;
#2907 = ORIENTED_EDGE ( 'NONE', *, *, #605, .F. ) ;
#2908 = ORIENTED_EDGE ( 'NONE', *, *, #4948, .F. ) ;
#2909 = AXIS2_PLACEMENT_3D ( 'NONE', #2660, #4552, #5961 ) ;
#2910 = DIRECTION ( 'NONE',  ( 0.000000000000000000, -1.000000000000000000, 0.000000000000000000 ) ) ;
#2911 = CARTESIAN_POINT ( 'NONE',  ( 48.57000000000000028, -9.553288498889999758, 0.09101299543362000033 ) ) ;
#2912 = AXIS2_PLACEMENT_3D ( 'NONE', #5593, #5107, #1356 ) ;
#2913 = CARTESIAN_POINT ( 'NONE',  ( 56.16430190341199591, -0.8762062736400000329, 12.13747185964799868 ) ) ;
#2914 = ORIENTED_EDGE ( 'NONE', *, *, #4138, .F. ) ;
#2915 = ADVANCED_FACE ( 'NONE', ( #5295 ), #5207, .T. ) ;
#2916 = ORIENTED_EDGE ( 'NONE', *, *, #4722, .F. ) ;
#2917 = VECTOR ( 'NONE', #5805, 1000.000000000000000 ) ;
#2918 = DIRECTION ( 'NONE',  ( -1.000000000000000000, 0.000000000000000000, 0.000000000000000000 ) ) ;
#2919 = DIRECTION ( 'NONE',  ( -1.000000000000000000, 0.000000000000000000, 0.000000000000000000 ) ) ;
#2920 = CARTESIAN_POINT ( 'NONE',  ( -60.87999999999999545, 3.340000000000000302, 0.9499999999999999556 ) ) ;
#2921 = DIRECTION ( 'NONE',  ( 0.000000000000000000, -6.000000000000000121E-17, 1.000000000000000000 ) ) ;
#2922 = ORIENTED_EDGE ( 'NONE', *, *, #553, .F. ) ;
#2923 = APPLICATION_CONTEXT ( 'configuration controlled 3d designs of mechanical parts and assemblies' ) ;
#2924 = DIRECTION ( 'NONE',  ( 0.000000000000000000, 0.000000000000000000, -1.000000000000000000 ) ) ;
#2925 =( BOUNDED_CURVE ( )  B_SPLINE_CURVE ( 3, ( #2388, #5721, #3784, #57 ),
 .UNSPECIFIED., .F., .F. ) 
 B_SPLINE_CURVE_WITH_KNOTS ( ( 4, 4 ),
 ( 3.141592653589793116, 4.712388980384689674 ),
 .UNSPECIFIED. ) 
 CURVE ( )  GEOMETRIC_REPRESENTATION_ITEM ( )  RATIONAL_B_SPLINE_CURVE ( ( 1.000000000000000000, 0.8047378541243649375, 0.8047378541243649375, 1.000000000000000000 ) ) 
 REPRESENTATION_ITEM ( '' )  );
#2926 = CARTESIAN_POINT ( 'NONE',  ( 56.15826676351699831, 5.834955615560001085, 12.13747185963799957 ) ) ;
#2927 = EDGE_LOOP ( 'NONE', ( #118, #4565, #1580, #2452 ) ) ;
#2928 = ORIENTED_EDGE ( 'NONE', *, *, #3839, .T. ) ;
#2929 = CYLINDRICAL_SURFACE ( 'NONE', #2453, 1.625000000000001332 ) ;
#2930 = CARTESIAN_POINT ( 'NONE',  ( 56.19362622654900008, 5.779896303204000496, 12.19999999997100026 ) ) ;
#2931 = CARTESIAN_POINT ( 'NONE',  ( 55.73811554221799724, 0.9013655051010001085, 12.20000000000000107 ) ) ;
#2932 = CIRCLE ( 'NONE', #975, 0.05000000000000076605 ) ;
#2933 = FACE_OUTER_BOUND ( 'NONE', #5765, .T. ) ;
#2934 = EDGE_CURVE ( 'NONE', #917, #4005, #1077, .T. ) ;
#2935 = ORIENTED_EDGE ( 'NONE', *, *, #3982, .F. ) ;
#2936 = ORIENTED_EDGE ( 'NONE', *, *, #467, .F. ) ;
#2937 = VECTOR ( 'NONE', #2011, 1000.000000000000000 ) ;
#2938 = LINE ( 'NONE', #3439, #5451 ) ;
#2939 = SECURITY_CLASSIFICATION_LEVEL ( 'unclassified' ) ;
#2940 = CARTESIAN_POINT ( 'NONE',  ( 56.21999999999999886, 9.539999999999999147, 12.14999999999999858 ) ) ;
#2941 = DIRECTION ( 'NONE',  ( 0.000000000000000000, 0.000000000000000000, -1.000000000000000000 ) ) ;
#2942 = EDGE_LOOP ( 'NONE', ( #375, #80, #5230, #2720 ) ) ;
#2943 = AXIS2_PLACEMENT_3D ( 'NONE', #273, #2152, #5813 ) ;
#2944 = ORIENTED_EDGE ( 'NONE', *, *, #3312, .T. ) ;
#2945 = AXIS2_PLACEMENT_3D ( 'NONE', #1740, #5427, #5456 ) ;
#2946 = CARTESIAN_POINT ( 'NONE',  ( 20.57000000000000028, -3.059999999999999609, 0.000000000000000000 ) ) ;
#2947 = CARTESIAN_POINT ( 'NONE',  ( 56.22282451994499297, 5.858885334424000391, 12.20411685184400064 ) ) ;
#2948 = EDGE_CURVE ( 'NONE', #3339, #78, #1048, .T. ) ;
#2949 = CARTESIAN_POINT ( 'NONE',  ( 56.16679045890473532, -0.8983618469414480501, 12.15240312905051212 ) ) ;
#2950 = DIRECTION ( 'NONE',  ( 0.000000000000000000, 1.000000000000000000, 0.000000000000000000 ) ) ;
#2951 = CARTESIAN_POINT ( 'NONE',  ( 56.21999999999999886, 3.939999999999999947, 10.20000000000000107 ) ) ;
#2952 = EDGE_CURVE ( 'NONE', #1894, #2247, #950, .T. ) ;
#2953 = ORIENTED_EDGE ( 'NONE', *, *, #2521, .T. ) ;
#2954 = PLANE ( 'NONE',  #5977 ) ;
#2955 = CARTESIAN_POINT ( 'NONE',  ( 56.15256866703600025, 5.813690029546999760, 12.13747185966300002 ) ) ;
#2956 = ORIENTED_EDGE ( 'NONE', *, *, #2495, .T. ) ;
#2957 = CARTESIAN_POINT ( 'NONE',  ( -6.729999999999999538, 3.140000000000000124, 0.000000000000000000 ) ) ;
#2958 = ORIENTED_EDGE ( 'NONE', *, *, #5420, .F. ) ;
#2959 = EDGE_CURVE ( 'NONE', #4730, #982, #3909, .T. ) ;
#2960 = ADVANCED_FACE ( 'NONE', ( #5267 ), #3390, .F. ) ;
#2961 = CARTESIAN_POINT ( 'NONE',  ( 56.24241280891799732, -0.9599592597909999414, 12.20405790638799992 ) ) ;
#2962 = CARTESIAN_POINT ( 'NONE',  ( 55.99989094239900567, 5.056866379036000225, 12.19999999999899920 ) ) ;
#2963 = CARTESIAN_POINT ( 'NONE',  ( 56.04040603298098944, -0.4763487307300001694, 12.19999999999999751 ) ) ;
#2964 = DIRECTION ( 'NONE',  ( 0.000000000000000000, 0.000000000000000000, 1.000000000000000000 ) ) ;
#2965 = ORIENTED_EDGE ( 'NONE', *, *, #1123, .T. ) ;
#2966 = ORIENTED_EDGE ( 'NONE', *, *, #5139, .F. ) ;
#2967 = CARTESIAN_POINT ( 'NONE',  ( 48.57000000000000028, -8.459999970576999928, 0.9499999999999999556 ) ) ;
#2968 = DIRECTION ( 'NONE',  ( 1.400000000000000069E-16, -1.000000000000000000, 0.000000000000000000 ) ) ;
#2969 = DIRECTION ( 'NONE',  ( 1.000000000000000000, 0.000000000000000000, 0.000000000000000000 ) ) ;
#2970 = ORIENTED_EDGE ( 'NONE', *, *, #5447, .T. ) ;
#2971 = EDGE_LOOP ( 'NONE', ( #4795, #3617, #3887, #140 ) ) ;
#2972 = AXIS2_PLACEMENT_3D ( 'NONE', #397, #3169, #763 ) ;
#2973 = EDGE_CURVE ( 'NONE', #1025, #3303, #354, .T. ) ;
#2974 = CARTESIAN_POINT ( 'NONE',  ( -19.13000000000000256, -3.059999999999999609, 0.000000000000000000 ) ) ;
#2975 = CARTESIAN_POINT ( 'NONE',  ( 57.16966295674399845, 3.942744372825999655, 10.20272944490400135 ) ) ;
#2976 = CARTESIAN_POINT ( 'NONE',  ( 56.19609570450399616, 5.933594719291000352, 12.20920890855300023 ) ) ;
#2977 = CARTESIAN_POINT ( 'NONE',  ( 20.57000000000000028, 2.339999999999999858, 0.000000000000000000 ) ) ;
#2978 = CARTESIAN_POINT ( 'NONE',  ( 56.21999999999999886, 10.99000000000000021, 10.69999999999999929 ) ) ;
#2979 = AXIS2_PLACEMENT_3D ( 'NONE', #798, #1244, #707 ) ;
#2980 = DIRECTION ( 'NONE',  ( 0.000000000000000000, 0.000000000000000000, 1.000000000000000000 ) ) ;
#2981 = ORIENTED_EDGE ( 'NONE', *, *, #5167, .F. ) ;
#2982 = FACE_OUTER_BOUND ( 'NONE', #5406, .T. ) ;
#2983 = CARTESIAN_POINT ( 'NONE',  ( 56.21072051648199874, 5.843693061208000472, 12.20000000000200124 ) ) ;
#2984 = CIRCLE ( 'NONE', #332, 1.625000000000001332 ) ;
#2985 = VERTEX_POINT ( 'NONE', #2367 ) ;
#2986 = EDGE_LOOP ( 'NONE', ( #3648, #5984, #3400, #4909 ) ) ;
#2987 = CARTESIAN_POINT ( 'NONE',  ( 56.16256984356400039, -0.9089535484069999338, 12.18419596683899897 ) ) ;
#2988 = AXIS2_PLACEMENT_3D ( 'NONE', #3160, #4082, #1841 ) ;
#2989 = CARTESIAN_POINT ( 'NONE',  ( 56.13693663186696625, 5.817878620731002925, 12.20000000000000107 ) ) ;
#2990 = CARTESIAN_POINT ( 'NONE',  ( 55.93784029424302418, -0.09356818264604996327, 12.19999999999999751 ) ) ;
#2991 = ADVANCED_FACE ( 'NONE', ( #2484 ), #4380, .T. ) ;
#2992 = ORIENTED_EDGE ( 'NONE', *, *, #6079, .T. ) ;
#2993 = VECTOR ( 'NONE', #2318, 1000.000000000000114 ) ;
#2994 = AXIS2_PLACEMENT_3D ( 'NONE', #4542, #314, #2740 ) ;
#2995 = VERTEX_POINT ( 'NONE', #154 ) ;
#2996 = DIRECTION ( 'NONE',  ( 0.000000000000000000, 0.000000000000000000, 1.000000000000000000 ) ) ;
#2997 = APPROVAL_ROLE ( '' ) ;
#2998 = CARTESIAN_POINT ( 'NONE',  ( -50.53000000000000114, -4.959999999999999964, 1.000000000000000000 ) ) ;
#2999 = AXIS2_PLACEMENT_3D ( 'NONE', #4295, #79, #5123 ) ;
#3000 = CARTESIAN_POINT ( 'NONE',  ( 56.08452855101800338, -0.5784880695780000304, 12.13747185963799957 ) ) ;
#3001 = ORIENTED_EDGE ( 'NONE', *, *, #1997, .F. ) ;
#3002 = PERSON ( 'UNSPECIFIED', 'UNSPECIFIED', 'UNSPECIFIED', ('UNSPECIFIED'), ('UNSPECIFIED'), ('UNSPECIFIED') ) ;
#3003 = ORIENTED_EDGE ( 'NONE', *, *, #1404, .T. ) ;
#3004 = CIRCLE ( 'NONE', #4400, 0.7999999999999999334 ) ;
#3005 = DIRECTION ( 'NONE',  ( 0.000000000000000000, 0.000000000000000000, 1.000000000000000000 ) ) ;
#3006 = CARTESIAN_POINT ( 'NONE',  ( 57.16966295674399845, 5.943856563584001051, 12.20384163566200009 ) ) ;
#3007 = AXIS2_PLACEMENT_3D ( 'NONE', #3326, #4747, #4283 ) ;
#3008 = CARTESIAN_POINT ( 'NONE',  ( 56.15513031809300060, 5.933746829348000240, 12.21145651294799883 ) ) ;
#3009 = CARTESIAN_POINT ( 'NONE',  ( 57.16966295674399845, 5.943856563584001051, 12.20384163566200009 ) ) ;
#3010 = CARTESIAN_POINT ( 'NONE',  ( -59.22999999999999687, -3.259999999999999787, 0.000000000000000000 ) ) ;
#3011 = DIRECTION ( 'NONE',  ( 0.000000000000000000, 0.000000000000000000, 1.000000000000000000 ) ) ;
#3012 = CARTESIAN_POINT ( 'NONE',  ( 52.53039671492800267, 10.99247605791300053, 0.9499999999999999556 ) ) ;
#3013 = ADVANCED_FACE ( 'NONE', ( #5324 ), #3919, .F. ) ;
#3014 = AXIS2_PLACEMENT_3D ( 'NONE', #47, #4798, #1407 ) ;
#3015 = VERTEX_POINT ( 'NONE', #31 ) ;
#3016 = EDGE_CURVE ( 'NONE', #1858, #45, #746, .T. ) ;
#3017 = CARTESIAN_POINT ( 'NONE',  ( 48.57000000000000028, -8.459999970576999928, 0.000000000000000000 ) ) ;
#3018 = VECTOR ( 'NONE', #4236, 1000.000000000000000 ) ;
#3019 = DIRECTION ( 'NONE',  ( 0.000000000000000000, -1.000000000000000000, 0.000000000000000000 ) ) ;
#3020 = VERTEX_POINT ( 'NONE', #1919 ) ;
#3021 = ORIENTED_EDGE ( 'NONE', *, *, #2241, .T. ) ;
#3022 = DIRECTION ( 'NONE',  ( 0.000000000000000000, -1.000000000000000000, 0.000000000000000000 ) ) ;
#3023 = LINE ( 'NONE', #1648, #983 ) ;
#3024 = CARTESIAN_POINT ( 'NONE',  ( 56.10844614888102200, 5.711550690708004474, 12.20000000000000284 ) ) ;
#3025 = CARTESIAN_POINT ( 'NONE',  ( 56.00022798565499471, -0.07685145111402000295, 12.19999999999899920 ) ) ;
#3026 = EDGE_CURVE ( 'NONE', #363, #1191, #1746, .T. ) ;
#3027 = DIRECTION ( 'NONE',  ( 0.000000000000000000, 1.000000000000000000, 0.000000000000000000 ) ) ;
#3028 = EDGE_CURVE ( 'NONE', #308, #1947, #2610, .T. ) ;
#3029 = VERTEX_POINT ( 'NONE', #5235 ) ;
#3030 = AXIS2_PLACEMENT_3D ( 'NONE', #2519, #4505, #3947 ) ;
#3031 = CARTESIAN_POINT ( 'NONE',  ( -26.55499999999999972, 0.03999999999999959838, 0.9499999999999999556 ) ) ;
#3032 = DATE_AND_TIME ( #1128, #1090 ) ;
#3033 = DIRECTION ( 'NONE',  ( 0.000000000000000000, 1.000000000000000000, 0.000000000000000000 ) ) ;
#3034 = CARTESIAN_POINT ( 'NONE',  ( 56.06173616464900533, -0.4934257255580000168, 12.13747185964199993 ) ) ;
#3035 = ORIENTED_EDGE ( 'NONE', *, *, #5700, .T. ) ;
#3036 = ORIENTED_EDGE ( 'NONE', *, *, #44, .F. ) ;
#3037 = VECTOR ( 'NONE', #5601, 1000.000000000000000 ) ;
#3038 = EDGE_CURVE ( 'NONE', #5771, #5572, #5958, .T. ) ;
#3039 = CARTESIAN_POINT ( 'NONE',  ( 56.07000000000000028, 11.03999999999999915, 0.000000000000000000 ) ) ;
#3040 = CARTESIAN_POINT ( 'NONE',  ( -43.43000000000000682, -8.459999970576999928, 0.000000000000000000 ) ) ;
#3041 = CARTESIAN_POINT ( 'NONE',  ( 57.17000000000000171, 11.03999999999999915, 12.20000000000000107 ) ) ;
#3042 = DIRECTION ( 'NONE',  ( 0.000000000000000000, 1.000000000000000000, 0.000000000000000000 ) ) ;
#3043 = DIRECTION ( 'NONE',  ( 0.000000000000000000, 0.000000000000000000, -1.000000000000000000 ) ) ;
#3044 = CARTESIAN_POINT ( 'NONE',  ( 52.53695193543699560, 11.00034232252500033, 0.9533206021189999380 ) ) ;
#3045 = VERTEX_POINT ( 'NONE', #4467 ) ;
#3046 = TOROIDAL_SURFACE ( 'NONE', #387, 1.449999999999999956, 0.05000000000000000278 ) ;
#3047 = LINE ( 'NONE', #5908, #3135 ) ;
#3048 = ADVANCED_FACE ( 'NONE', ( #1665 ), #5475, .T. ) ;
#3050 = CARTESIAN_POINT ( 'NONE',  ( 3.145000000000000018, 0.04000000000000000083, 0.000000000000000000 ) ) ;
#3049 = CC_DESIGN_APPROVAL ( #2652, ( #4342 ) ) ;
#3051 = ORIENTED_EDGE ( 'NONE', *, *, #6079, .F. ) ;
#3052 = ORIENTED_EDGE ( 'NONE', *, *, #3028, .F. ) ;
#3053 = CARTESIAN_POINT ( 'NONE',  ( 56.17470764041900111, -0.8459417380699999489, 12.17612259091299975 ) ) ;
#3054 = CYLINDRICAL_SURFACE ( 'NONE', #1772, 0.05000000000000143219 ) ;
#3055 = CARTESIAN_POINT ( 'NONE',  ( 55.93750325098697829, 5.073583110568000265, 12.19999999999999751 ) ) ;
#3056 = CARTESIAN_POINT ( 'NONE',  ( 56.08599080575299212, -0.6464734187679996857, 12.19999999999999751 ) ) ;
#3057 = DIRECTION ( 'NONE',  ( 0.000000000000000000, 0.000000000000000000, 1.000000000000000000 ) ) ;
#3058 = ORIENTED_EDGE ( 'NONE', *, *, #4152, .F. ) ;
#3059 = EDGE_CURVE ( 'NONE', #3980, #117, #4197, .T. ) ;
#3060 = DIRECTION ( 'NONE',  ( 0.000000000000000000, 0.000000000000000000, 1.000000000000000000 ) ) ;
#3061 = DIRECTION ( 'NONE',  ( 0.000000000000000000, 0.000000000000000000, 1.000000000000000000 ) ) ;
#3062 = CARTESIAN_POINT ( 'NONE',  ( 55.98766090891799507, -0.2169731074950000116, 12.13747185964700037 ) ) ;
#3063 = EDGE_LOOP ( 'NONE', ( #5779, #1520, #2936, #3974 ) ) ;
#3064 = EDGE_LOOP ( 'NONE', ( #2944, #1593, #5658, #926 ) ) ;
#3065 = LINE ( 'NONE', #4408, #4191 ) ;
#3066 = CARTESIAN_POINT ( 'NONE',  ( 56.17444882368099712, 5.955745354385999946, 12.21166143807099935 ) ) ;
#3067 = CARTESIAN_POINT ( 'NONE',  ( 55.93034289968899486, 4.984332175370999707, 12.13747185964599851 ) ) ;
#3068 = FACE_OUTER_BOUND ( 'NONE', #4128, .T. ) ;
#3069 = EDGE_CURVE ( 'NONE', #1000, #4691, #5354, .T. ) ;
#3070 = DIRECTION ( 'NONE',  ( 0.000000000000000000, 1.000000000000000000, 0.000000000000000000 ) ) ;
#3071 = CARTESIAN_POINT ( 'NONE',  ( 57.17000000000000171, 10.99000000000000021, 7.750000000000000000 ) ) ;
#3072 = CARTESIAN_POINT ( 'NONE',  ( 56.19913900478366031, 5.942335631757611480, 12.20232070383561584 ) ) ;
#3073 = ADVANCED_FACE ( 'NONE', ( #697 ), #4527, .T. ) ;
#3074 = EDGE_LOOP ( 'NONE', ( #4760, #1110, #566, #827 ) ) ;
#3075 = AXIS2_PLACEMENT_3D ( 'NONE', #4214, #3719, #1387 ) ;
#3076 = EDGE_CURVE ( 'NONE', #12, #2492, #5904, .T. ) ;
#3077 = AXIS2_PLACEMENT_3D ( 'NONE', #415, #2812, #3817 ) ;
#3078 = CARTESIAN_POINT ( 'NONE',  ( -33.32999999999999829, 4.639999999999999680, 1.000000000000000000 ) ) ;
#3079 = CARTESIAN_POINT ( 'NONE',  ( 55.83109417841909305, 4.426908279695440207, 12.20000000000000107 ) ) ;
#3080 = ORIENTED_EDGE ( 'NONE', *, *, #686, .T. ) ;
#3081 = B_SPLINE_CURVE_WITH_KNOTS ( 'NONE', 11,
 ( #2466, #1023, #2926, #2955, #2018, #4386, #4357, #1990, #4847, #3891, #5760, #40, #2490, #1083, #1555, #4821, #1925, #3334, #2400, #4754, #3801, #3426, #614, #525, #5733, #3923, #159, #5413, #2047, #1054, #3067, #5791, #5672, #1464, #3538, #1199, #4953, #5211, #996, #723, #4290, #74 ),
 .UNSPECIFIED., .F., .F.,
 ( 12, 10, 10, 10, 12 ),
 ( 0.06039754563803999970, 0.3025708468220000280, 0.5447441480060000174, 1.029090750373999885, 1.932597477101924976 ),
 .UNSPECIFIED. ) ;
#3082 = VERTEX_POINT ( 'NONE', #3971 ) ;
#3083 = CARTESIAN_POINT ( 'NONE',  ( 56.17054534021799839, -0.8651171242180000220, 12.19177587698499821 ) ) ;
#3084 = DIRECTION ( 'NONE',  ( -1.000000000000000000, 0.000000000000000000, 0.000000000000000000 ) ) ;
#3085 = CARTESIAN_POINT ( 'NONE',  ( 56.07995566589998759, 5.605222760683997940, 12.20000000000000284 ) ) ;
#3086 = CARTESIAN_POINT ( 'NONE',  ( 55.63469456471700880, 1.037787082043000852, 12.19999999999999751 ) ) ;
#3087 = DIRECTION ( 'NONE',  ( 0.000000000000000000, 0.000000000000000000, -1.000000000000000000 ) ) ;
#3088 = ADVANCED_FACE ( 'NONE', ( #4003 ), #636, .T. ) ;
#3089 = ORIENTED_EDGE ( 'NONE', *, *, #2728, .F. ) ;
#3090 = CIRCLE ( 'NONE', #2403, 0.05000000000000002359 ) ;
#3091 = DIRECTION ( 'NONE',  ( 1.000000000000000000, 0.000000000000000000, 0.000000000000000000 ) ) ;
#3092 = CARTESIAN_POINT ( 'NONE',  ( -53.92999999999999972, 5.040000000000000036, 0.000000000000000000 ) ) ;
#3093 = DIRECTION ( 'NONE',  ( 0.000000000000000000, 1.000000000000000000, 0.000000000000000000 ) ) ;
#3094 = ORIENTED_EDGE ( 'NONE', *, *, #2687, .F. ) ;
#3095 = VECTOR ( 'NONE', #1718, 1000.000000000000000 ) ;
#3096 = ORIENTED_EDGE ( 'NONE', *, *, #6041, .T. ) ;
#3097 = VECTOR ( 'NONE', #902, 1000.000000000000000 ) ;
#3098 = LINE ( 'NONE', #5439, #2586 ) ;
#3099 = LINE ( 'NONE', #6014, #4060 ) ;
#3100 = FACE_OUTER_BOUND ( 'NONE', #1987, .T. ) ;
#3101 = CARTESIAN_POINT ( 'NONE',  ( 2.569999999999999840, -9.648794996607000130, -0.4506312687230000225 ) ) ;
#3102 = CARTESIAN_POINT ( 'NONE',  ( 56.21999999999999886, 11.03999999999999915, 3.649999999999999911 ) ) ;
#3103 = FACE_OUTER_BOUND ( 'NONE', #854, .T. ) ;
#3104 = DIRECTION ( 'NONE',  ( 1.000000000000000000, 0.000000000000000000, 0.000000000000000000 ) ) ;
#3105 = EDGE_CURVE ( 'NONE', #2830, #26, #4956, .T. ) ;
#3106 = ORIENTED_EDGE ( 'NONE', *, *, #1800, .F. ) ;
#3107 = DIRECTION ( 'NONE',  ( 0.000000000000000000, 0.000000000000000000, -1.000000000000000000 ) ) ;
#3108 = DIRECTION ( 'NONE',  ( 0.000000000000000000, 0.000000000000000000, -1.000000000000000000 ) ) ;
#3109 = VECTOR ( 'NONE', #1386, 1000.000000000000000 ) ;
#3110 = CARTESIAN_POINT ( 'NONE',  ( 55.78622478361710790, 4.259453418591804486, 12.20000000000000107 ) ) ;
#3111 = ORIENTED_EDGE ( 'NONE', *, *, #3786, .T. ) ;
#3112 = VECTOR ( 'NONE', #3478, 1000.000000000000000 ) ;
#3113 = ORIENTED_EDGE ( 'NONE', *, *, #1629, .T. ) ;
#3114 = CIRCLE ( 'NONE', #3665, 0.04999999999999969746 ) ;
#3115 = CARTESIAN_POINT ( 'NONE',  ( 56.17644615713800249, -0.9146940435870000163, 12.14725664064499888 ) ) ;
#3116 = CARTESIAN_POINT ( 'NONE',  ( -19.98000000000000043, -2.259999999999999787, 0.9499999999999999556 ) ) ;
#3117 = CARTESIAN_POINT ( 'NONE',  ( 56.09704995569000374, 5.669019518698996229, 12.19999999999999751 ) ) ;
#3118 = CARTESIAN_POINT ( 'NONE',  ( 55.99905710209700516, -0.2595042795060000240, 12.13747185964399833 ) ) ;
#3119 = FACE_OUTER_BOUND ( 'NONE', #5729, .T. ) ;
#3120 = ORIENTED_EDGE ( 'NONE', *, *, #3016, .T. ) ;
#3121 = CARTESIAN_POINT ( 'NONE',  ( 56.16999999999999460, 5.890000000000000568, 12.14999999999999858 ) ) ;
#3122 = CARTESIAN_POINT ( 'NONE',  ( 52.55500768331899764, 11.02200921998300487, 1.000000000000000000 ) ) ;
#3123 = EDGE_CURVE ( 'NONE', #2830, #2995, #5386, .T. ) ;
#3124 =( BOUNDED_CURVE ( )  B_SPLINE_CURVE ( 3, ( #2617, #4938, #1275, #2103 ),
 .UNSPECIFIED., .F., .F. ) 
 B_SPLINE_CURVE_WITH_KNOTS ( ( 4, 4 ),
 ( 3.141592653589793116, 4.712388124994731697 ),
 .UNSPECIFIED. ) 
 CURVE ( )  GEOMETRIC_REPRESENTATION_ITEM ( )  RATIONAL_B_SPLINE_CURVE ( ( 1.000000000000000000, 0.8047380557416685676, 0.8047380557416685676, 1.000000000000000000 ) ) 
 REPRESENTATION_ITEM ( '' )  );
#3125 = DIRECTION ( 'NONE',  ( 0.000000000000000000, 0.000000000000000000, -1.000000000000000000 ) ) ;
#3126 = VERTEX_POINT ( 'NONE', #5871 ) ;
#3127 = B_SPLINE_CURVE_WITH_KNOTS ( 'NONE', 1,
 ( #1137, #3941 ),
 .UNSPECIFIED., .F., .F.,
 ( 2, 2 ),
 ( 0.000000000000000000, 1.000000000000000000 ),
 .UNSPECIFIED. ) ;
#3128 = CARTESIAN_POINT ( 'NONE',  ( 41.21999999999999886, 0.04000000000000000083, 0.9499999999999999556 ) ) ;
#3129 = CARTESIAN_POINT ( 'NONE',  ( 48.52000000000000313, -9.504048111239999486, 0.08233058655027998551 ) ) ;
#3130 = DIRECTION ( 'NONE',  ( -0.7682212795974576736, 0.6401843996643817869, 0.000000000000000000 ) ) ;
#3131 = LINE ( 'NONE', #4586, #3109 ) ;
#3132 = DIRECTION ( 'NONE',  ( 0.000000000000000000, 1.000000000000000000, 0.000000000000000000 ) ) ;
#3133 = CARTESIAN_POINT ( 'NONE',  ( -49.92999999999999972, 8.040000000000000924, 0.000000000000000000 ) ) ;
#3134 = DIRECTION ( 'NONE',  ( 0.000000000000000000, -1.000000000000000000, 0.000000000000000000 ) ) ;
#3135 = VECTOR ( 'NONE', #702, 1000.000000000000114 ) ;
#3136 = EDGE_LOOP ( 'NONE', ( #1799, #1176, #3120, #4698 ) ) ;
#3137 = EDGE_CURVE ( 'NONE', #3438, #2277, #3541, .T. ) ;
#3138 = CARTESIAN_POINT ( 'NONE',  ( 41.21999999999999886, 0.04000000000000000083, 0.9499999999999999556 ) ) ;
#3139 = CARTESIAN_POINT ( 'NONE',  ( 56.21105755973800200, -0.8636781332859999605, 12.20000000000200124 ) ) ;
#3140 = EDGE_CURVE ( 'NONE', #3029, #2238, #728, .T. ) ;
#3141 = CARTESIAN_POINT ( 'NONE',  ( 56.21999999999999886, 11.03999999999999915, 10.69999999999999929 ) ) ;
#3142 = CARTESIAN_POINT ( 'NONE',  ( -19.13000000000000256, 2.339999999999999858, 0.000000000000000000 ) ) ;
#3143 = ORIENTED_EDGE ( 'NONE', *, *, #2973, .F. ) ;
#3144 = CIRCLE ( 'NONE', #1379, 0.05000000000000143219 ) ;
#3145 = ORIENTED_EDGE ( 'NONE', *, *, #5326, .F. ) ;
#3146 = AXIS2_PLACEMENT_3D ( 'NONE', #2374, #5150, #929 ) ;
#3147 = CARTESIAN_POINT ( 'NONE',  ( 56.18592245199199908, -0.9296987370329999889, 12.10358229878499969 ) ) ;
#3148 = FACE_OUTER_BOUND ( 'NONE', #2800, .T. ) ;
#3149 = CARTESIAN_POINT ( 'NONE',  ( 56.16396486015599976, 5.856221201561999656, 12.13747185964799868 ) ) ;
#3150 = CARTESIAN_POINT ( 'NONE',  ( 11.52000000000000135, 0.04000000000000000083, 1.000000000000000000 ) ) ;
#3151 = EDGE_CURVE ( 'NONE', #4876, #2276, #3310, .T. ) ;
#3152 = APPROVAL_PERSON_ORGANIZATION ( #4343, #2652, #2997 ) ;
#3153 = ORIENTED_EDGE ( 'NONE', *, *, #577, .F. ) ;
#3154 = EDGE_CURVE ( 'NONE', #908, #656, #3999, .T. ) ;
#3155 = DIRECTION ( 'NONE',  ( 0.000000000000000000, 0.000000000000000000, 1.000000000000000000 ) ) ;
#3156 = CARTESIAN_POINT ( 'NONE',  ( 56.17594013959300270, 3.982347935686000540, 10.24233300776499966 ) ) ;
#3157 = DIRECTION ( 'NONE',  ( 1.000000000000000000, 0.000000000000000000, 0.000000000000000000 ) ) ;
#3158 = ORIENTED_EDGE ( 'NONE', *, *, #4521, .T. ) ;
#3159 =( BOUNDED_CURVE ( )  B_SPLINE_CURVE ( 3, ( #3849, #5196, #3819, #5720 ),
 .UNSPECIFIED., .F., .F. ) 
 B_SPLINE_CURVE_WITH_KNOTS ( ( 4, 4 ),
 ( 0.000000000000000000, 1.570796326794896558 ),
 .UNSPECIFIED. ) 
 CURVE ( )  GEOMETRIC_REPRESENTATION_ITEM ( )  RATIONAL_B_SPLINE_CURVE ( ( 1.000000000000000000, 0.8047378541243649375, 0.8047378541243649375, 1.000000000000000000 ) ) 
 REPRESENTATION_ITEM ( '' )  );
#3160 = CARTESIAN_POINT ( 'NONE',  ( 51.57000000000000028, -6.959999999999999964, 0.000000000000000000 ) ) ;
#3161 = CARTESIAN_POINT ( 'NONE',  ( -60.92999999999999972, 3.340000000000000302, 0.000000000000000000 ) ) ;
#3162 = CARTESIAN_POINT ( 'NONE',  ( 56.22135306347542638, 5.901146116453229062, 12.20000000000000284 ) ) ;
#3163 = CARTESIAN_POINT ( 'NONE',  ( 52.59341874729899757, 10.99000000000000021, 0.000000000000000000 ) ) ;
#3164 = CARTESIAN_POINT ( 'NONE',  ( 55.89186922910496236, 3.986356974504677186, 11.53424314830895625 ) ) ;
#3165 = ORIENTED_EDGE ( 'NONE', *, *, #1288, .T. ) ;
#3166 = EDGE_LOOP ( 'NONE', ( #3938, #400, #2755, #5950 ) ) ;
#3167 = EDGE_CURVE ( 'NONE', #1572, #5080, #5812, .T. ) ;
#3168 = CARTESIAN_POINT ( 'NONE',  ( 56.21999999999999886, 0.9899999999999999911, 8.699999999999999289 ) ) ;
#3169 = DIRECTION ( 'NONE',  ( 0.000000000000000000, 0.000000000000000000, 1.000000000000000000 ) ) ;
#3170 = CARTESIAN_POINT ( 'NONE',  ( -7.530000000000000249, 2.339999999999999858, 0.9499999999999999556 ) ) ;
#3171 = LINE ( 'NONE', #6025, #2025 ) ;
#3172 = ORIENTED_EDGE ( 'NONE', *, *, #1937, .F. ) ;
#3173 = CARTESIAN_POINT ( 'NONE',  ( 32.16999999999999460, -2.259999999999999787, 0.9499999999999999556 ) ) ;
#3174 = EDGE_LOOP ( 'NONE', ( #242, #2268, #5029, #5260, #5531, #4459 ) ) ;
#3175 = TOROIDAL_SURFACE ( 'NONE', #3769, 0.1499999999999999944, 0.05000000000000000278 ) ;
#3176 = DIRECTION ( 'NONE',  ( 0.000000000000000000, 0.000000000000000000, -1.000000000000000000 ) ) ;
#3177 = DIRECTION ( 'NONE',  ( 0.000000000000000000, 0.000000000000000000, -1.000000000000000000 ) ) ;
#3178 = CARTESIAN_POINT ( 'NONE',  ( 55.67539080754697522, 4.095366154353004440, 12.19999999999999751 ) ) ;
#3179 = LINE ( 'NONE', #3207, #3681 ) ;
#3180 = EDGE_LOOP ( 'NONE', ( #443, #1914, #5744, #5296 ) ) ;
#3181 = CARTESIAN_POINT ( 'NONE',  ( 50.07000000000000028, 8.040000000000000924, 0.000000000000000000 ) ) ;
#3182 = CARTESIAN_POINT ( 'NONE',  ( 52.54001191017200512, 11.00401429220699967, 0.9558263725510000031 ) ) ;
#3183 = EDGE_CURVE ( 'NONE', #2995, #714, #1640, .T. ) ;
#3184 = CARTESIAN_POINT ( 'NONE',  ( 33.02000000000000313, 2.339999999999999858, 0.9499999999999999556 ) ) ;
#3185 = ORIENTED_EDGE ( 'NONE', *, *, #1084, .T. ) ;
#3186 = DIRECTION ( 'NONE',  ( 0.000000000000000000, 0.000000000000000000, -1.000000000000000000 ) ) ;
#3187 = CARTESIAN_POINT ( 'NONE',  ( -50.53000000000000114, 4.639999999999999680, 1.000000000000000000 ) ) ;
#3188 = PLANE ( 'NONE',  #3544 ) ;
#3189 = CARTESIAN_POINT ( 'NONE',  ( 57.17000000000000171, 5.940000000000000391, 12.20000000000000107 ) ) ;
#3190 = CIRCLE ( 'NONE', #6034, 1.649999999999998579 ) ;
#3191 = CARTESIAN_POINT ( 'NONE',  ( 56.21999999999999886, 3.939999999999999947, 10.20000000000000107 ) ) ;
#3192 = ORIENTED_EDGE ( 'NONE', *, *, #687, .F. ) ;
#3193 = ORIENTED_EDGE ( 'NONE', *, *, #2016, .F. ) ;
#3194 = AXIS2_PLACEMENT_3D ( 'NONE', #4884, #5430, #3087 ) ;
#3195 = CARTESIAN_POINT ( 'NONE',  ( -28.17999999999999972, 0.04000000000000000083, 0.000000000000000000 ) ) ;
#3196 = CARTESIAN_POINT ( 'NONE',  ( 19.72000000000000242, -2.259999999999999787, 0.9499999999999999556 ) ) ;
#3197 = DIRECTION ( 'NONE',  ( 0.000000000000000000, 1.000000000000000000, 0.000000000000000000 ) ) ;
#3198 = ADVANCED_FACE ( 'NONE', ( #3103 ), #4988, .T. ) ;
#3199 = VECTOR ( 'NONE', #1950, 1000.000000000000000 ) ;
#3200 = ORIENTED_EDGE ( 'NONE', *, *, #591, .T. ) ;
#3201 = VECTOR ( 'NONE', #813, 1000.000000000000000 ) ;
#3202 = DIRECTION ( 'NONE',  ( 0.000000000000000000, 0.000000000000000000, 1.000000000000000000 ) ) ;
#3203 = CARTESIAN_POINT ( 'NONE',  ( 56.16999999999999460, -0.9638416356619998737, 12.20384163566200009 ) ) ;
#3204 = VECTOR ( 'NONE', #2068, 1000.000000000000000 ) ;
#3205 = CARTESIAN_POINT ( 'NONE',  ( 57.17000000000000171, 11.03999999999999915, 10.69999999999999929 ) ) ;
#3206 = ORIENTED_EDGE ( 'NONE', *, *, #4766, .F. ) ;
#3207 = CARTESIAN_POINT ( 'NONE',  ( 57.17000000000000171, -6.959999999999999964, 1.100000000000000089 ) ) ;
#3208 = EDGE_LOOP ( 'NONE', ( #4208, #901, #1840, #421 ) ) ;
#3209 = CIRCLE ( 'NONE', #3814, 1.674999999999999822 ) ;
#3210 = EDGE_CURVE ( 'NONE', #1466, #4474, #184, .T. ) ;
#3211 = CARTESIAN_POINT ( 'NONE',  ( 50.04928932216900250, -8.409999970577000994, 1.000000000000000000 ) ) ;
#3212 = DIRECTION ( 'NONE',  ( 0.000000000000000000, 0.000000000000000000, 1.000000000000000000 ) ) ;
#3213 = EDGE_CURVE ( 'NONE', #737, #1280, #668, .T. ) ;
#3214 = CARTESIAN_POINT ( 'NONE',  ( 50.07000000000000028, -8.459999970576999928, 0.000000000000000000 ) ) ;
#3215 = EDGE_LOOP ( 'NONE', ( #974, #3058, #3193, #406 ) ) ;
#3216 = ORIENTED_EDGE ( 'NONE', *, *, #5866, .T. ) ;
#3217 = FACE_BOUND ( 'NONE', #832, .T. ) ;
#3218 = CARTESIAN_POINT ( 'NONE',  ( 50.04928932216900250, -8.409999970577000994, 1.000000000000000000 ) ) ;
#3219 = LINE ( 'NONE', #3596, #4127 ) ;
#3220 = CARTESIAN_POINT ( 'NONE',  ( 57.17000000000000171, 10.99000000000000021, 7.700000000000000178 ) ) ;
#3221 = DIRECTION ( 'NONE',  ( 1.000000000000000000, 0.000000000000000000, 0.000000000000000000 ) ) ;
#3222 = CARTESIAN_POINT ( 'NONE',  ( 56.16999999999999460, -0.9100000000000000311, 12.14999999999999858 ) ) ;
#3223 = ORIENTED_EDGE ( 'NONE', *, *, #2885, .T. ) ;
#3224 = ORIENTED_EDGE ( 'NONE', *, *, #2834, .F. ) ;
#3225 = ADVANCED_FACE ( 'NONE', ( #4651 ), #3627, .T. ) ;
#3226 = CARTESIAN_POINT ( 'NONE',  ( 56.16966295674399845, 5.943856563584001051, 12.20384163566200009 ) ) ;
#3227 = CARTESIAN_POINT ( 'NONE',  ( 55.80899652427473967, 0.6368340787779076528, 12.19999999999999929 ) ) ;
#3228 = DIRECTION ( 'NONE',  ( 1.000000000000000000, 0.000000000000000000, 0.000000000000000000 ) ) ;
#3229 = AXIS2_PLACEMENT_3D ( 'NONE', #1114, #4724, #5671 ) ;
#3230 = CARTESIAN_POINT ( 'NONE',  ( 56.09592474423600095, -0.6210192415859999704, 12.13747185964399833 ) ) ;
#3231 = LINE ( 'NONE', #894, #3889 ) ;
#3232 = ORIENTED_EDGE ( 'NONE', *, *, #2480, .F. ) ;
#3233 = ORIENTED_EDGE ( 'NONE', *, *, #490, .T. ) ;
#3234 = EDGE_CURVE ( 'NONE', #4856, #802, #2809, .T. ) ;
#3235 = LINE ( 'NONE', #3764, #377 ) ;
#3236 = CARTESIAN_POINT ( 'NONE',  ( 32.16999999999999460, -3.059999999999999609, 0.000000000000000000 ) ) ;
#3237 = CARTESIAN_POINT ( 'NONE',  ( -7.530000000000000249, -2.259999999999999787, 0.000000000000000000 ) ) ;
#3238 = EDGE_LOOP ( 'NONE', ( #1204, #5698, #5993, #1822 ) ) ;
#3239 = DIRECTION ( 'NONE',  ( -0.7682212795974555641, 0.6401843996643843404, 0.000000000000000000 ) ) ;
#3240 = VERTEX_POINT ( 'NONE', #3222 ) ;
#3241 = VECTOR ( 'NONE', #2648, 1000.000000000000000 ) ;
#3242 = EDGE_CURVE ( 'NONE', #5972, #4612, #453, .T. ) ;
#3243 = DIRECTION ( 'NONE',  ( 1.000000000000000000, 0.000000000000000000, 0.000000000000000000 ) ) ;
#3244 = CARTESIAN_POINT ( 'NONE',  ( -43.42999916375999447, -8.458879989360001517, 0.9499999999999999556 ) ) ;
#3245 = CARTESIAN_POINT ( 'NONE',  ( 56.17627718284899885, 0.9976669922349999942, 10.24233300776499966 ) ) ;
#3246 = ORIENTED_EDGE ( 'NONE', *, *, #2615, .T. ) ;
#3247 = ORIENTED_EDGE ( 'NONE', *, *, #5092, .F. ) ;
#3248 = CARTESIAN_POINT ( 'NONE',  ( 56.23089634919199398, -0.9096666696459999590, 12.20717444927299944 ) ) ;
#3249 = CARTESIAN_POINT ( 'NONE',  ( 56.66966295674399845, 4.943300468204999909, 11.20328554028299983 ) ) ;
#3250 = PERSON_AND_ORGANIZATION ( #3002, #3546 ) ;
#3251 = PLANE ( 'NONE',  #5564 ) ;
#3252 = CARTESIAN_POINT ( 'NONE',  ( 55.84300316658199392, 0.9308473046430000286, 11.52952149158599937 ) ) ;
#3253 = CARTESIAN_POINT ( 'NONE',  ( 48.57000000000000028, -8.759493741312001092, -1.165923710546999947 ) ) ;
#3254 = EDGE_LOOP ( 'NONE', ( #234, #4632, #176, #4756 ) ) ;
#3255 = ORIENTED_EDGE ( 'NONE', *, *, #5420, .T. ) ;
#3256 = DIRECTION ( 'NONE',  ( 0.000000000000000000, -1.000000000000000000, 0.000000000000000000 ) ) ;
#3257 = CARTESIAN_POINT ( 'NONE',  ( 55.71932319903800135, 4.008163275343000542, 12.20000000000000107 ) ) ;
#3258 = DIRECTION ( 'NONE',  ( 0.000000000000000000, 0.000000000000000000, -1.000000000000000000 ) ) ;
#3259 = CARTESIAN_POINT ( 'NONE',  ( 55.66596165669100316, 0.9836248465450001532, 12.13747185964599851 ) ) ;
#3260 = CYLINDRICAL_SURFACE ( 'NONE', #2204, 1.625000000000001332 ) ;
#3261 = ADVANCED_FACE ( 'NONE', ( #1757 ), #71, .T. ) ;
#3262 = ORIENTED_EDGE ( 'NONE', *, *, #4487, .T. ) ;
#3263 = ORIENTED_EDGE ( 'NONE', *, *, #1350, .F. ) ;
#3264 = DIRECTION ( 'NONE',  ( 0.000000000000000000, 0.000000000000000000, 1.000000000000000000 ) ) ;
#3265 = CARTESIAN_POINT ( 'NONE',  ( 32.16999999999999460, 2.339999999999999858, 1.000000000000000000 ) ) ;
#3266 = LINE ( 'NONE', #930, #365 ) ;
#3267 = ORIENTED_EDGE ( 'NONE', *, *, #1084, .F. ) ;
#3268 = CARTESIAN_POINT ( 'NONE',  ( -59.22999999999999687, 3.340000000000000302, 1.000000000000000000 ) ) ;
#3269 = ORIENTED_EDGE ( 'NONE', *, *, #3341, .F. ) ;
#3270 = VECTOR ( 'NONE', #1782, 1000.000000000000000 ) ;
#3271 = DIRECTION ( 'NONE',  ( -1.000000000000000000, 0.000000000000000000, 0.000000000000000000 ) ) ;
#3272 = ADVANCED_FACE ( 'NONE', ( #4087 ), #1347, .T. ) ;
#3273 = CARTESIAN_POINT ( 'NONE',  ( 57.17000000000000171, 7.929999999999999716, 5.709999999999999964 ) ) ;
#3274 = DIRECTION ( 'NONE',  ( 0.000000000000000000, -1.000000000000000000, 4.150056162623940533E-16 ) ) ;
#3275 = EDGE_CURVE ( 'NONE', #4286, #1473, #4796, .T. ) ;
#3276 = ORIENTED_EDGE ( 'NONE', *, *, #5644, .F. ) ;
#3277 = ORIENTED_EDGE ( 'NONE', *, *, #2138, .T. ) ;
#3278 = CARTESIAN_POINT ( 'NONE',  ( 56.22898872225100320, -0.8712226115150000227, 12.18920068204499962 ) ) ;
#3279 = DIRECTION ( 'NONE',  ( 0.000000000000000000, -1.000000000000000000, 0.000000000000000000 ) ) ;
#3280 = DIRECTION ( 'NONE',  ( -1.000000000000000000, 0.000000000000000000, 0.000000000000000000 ) ) ;
#3281 = DIRECTION ( 'NONE',  ( 1.000000000000000000, 0.000000000000000000, 0.000000000000000000 ) ) ;
#3282 = DIRECTION ( 'NONE',  ( 0.000000000000000000, 0.000000000000000000, 1.000000000000000000 ) ) ;
#3283 = ORIENTED_EDGE ( 'NONE', *, *, #3925, .F. ) ;
#3284 = ORIENTED_EDGE ( 'NONE', *, *, #1113, .F. ) ;
#3285 = AXIS2_PLACEMENT_3D ( 'NONE', #1986, #5325, #5728 ) ;
#3286 = CARTESIAN_POINT ( 'NONE',  ( -53.90169048105000371, -4.910000000000000142, 1.000000000000000000 ) ) ;
#3287 = DIRECTION ( 'NONE',  ( 0.000000000000000000, -0.7071067811865474617, 0.7071067811865474617 ) ) ;
#3288 = ADVANCED_FACE ( 'NONE', ( #2725 ), #5503, .F. ) ;
#3289 = CARTESIAN_POINT ( 'NONE',  ( -53.91333333332999445, 4.989999999999999325, 1.000000000000000000 ) ) ;
#3290 = CARTESIAN_POINT ( 'NONE',  ( 56.15290571029200350, -0.8336751016260000036, 12.13747185966300002 ) ) ;
#3291 = CARTESIAN_POINT ( 'NONE',  ( -44.92999999999999972, -9.960000000000000853, 0.9499999999999999556 ) ) ;
#3292 = EDGE_CURVE ( 'NONE', #1481, #4226, #3654, .T. ) ;
#3293 = VERTEX_POINT ( 'NONE', #1296 ) ;
#3294 = VECTOR ( 'NONE', #3440, 1000.000000000000000 ) ;
#3295 = TOROIDAL_SURFACE ( 'NONE', #4079, 1.649999999999999911, 0.05000000000000000278 ) ;
#3296 = ORIENTED_EDGE ( 'NONE', *, *, #315, .F. ) ;
#3297 = PRODUCT_RELATED_PRODUCT_CATEGORY ( 'detail', '', ( #731 ) ) ;
#3298 = CARTESIAN_POINT ( 'NONE',  ( 57.17000000000000171, -0.9638416356619998737, 12.20384163566200009 ) ) ;
#3299 = CARTESIAN_POINT ( 'NONE',  ( -44.93000083627999430, -8.458879989360001517, 0.000000000000000000 ) ) ;
#3300 = DIRECTION ( 'NONE',  ( 0.000000000000000000, 0.000000000000000000, 1.000000000000000000 ) ) ;
#3301 = VERTEX_POINT ( 'NONE', #2662 ) ;
#3302 = CARTESIAN_POINT ( 'NONE',  ( 57.17000000000000171, 10.99000000000000021, 3.649999999999999911 ) ) ;
#3303 = VERTEX_POINT ( 'NONE', #3683 ) ;
#3304 = EDGE_CURVE ( 'NONE', #1133, #3301, #3610, .T. ) ;
#3305 = CYLINDRICAL_SURFACE ( 'NONE', #3516, 0.1000000000000000056 ) ;
#3306 = FACE_OUTER_BOUND ( 'NONE', #2927, .T. ) ;
#3307 = VECTOR ( 'NONE', #2542, 1000.000000000000114 ) ;
#3308 = CARTESIAN_POINT ( 'NONE',  ( 52.54686285108800092, 11.01223542130500022, 0.9595073366870000564 ) ) ;
#3309 = VERTEX_POINT ( 'NONE', #5963 ) ;
#3310 = CIRCLE ( 'NONE', #5565, 0.04999999999999969746 ) ;
#3311 = ORIENTED_EDGE ( 'NONE', *, *, #3548, .F. ) ;
#3312 = EDGE_CURVE ( 'NONE', #3994, #5341, #1806, .T. ) ;
#3313 = CARTESIAN_POINT ( 'NONE',  ( 56.18969888440600613, -0.9543509666600000774, 12.19671079762800048 ) ) ;
#3314 = VECTOR ( 'NONE', #1531, 1000.000000000000000 ) ;
#3315 = DIRECTION ( 'NONE',  ( -1.000000000000000000, 0.000000000000000000, 0.000000000000000000 ) ) ;
#3316 = APPROVAL_STATUS ( 'not_yet_approved' ) ;
#3317 = CARTESIAN_POINT ( 'NONE',  ( -7.530000000000000249, 3.189999999999999947, 1.000000000000000000 ) ) ;
#3318 = CARTESIAN_POINT ( 'NONE',  ( 55.65972957645099939, 0.9076852588940000910, 12.23666988739200079 ) ) ;
#3319 = DIRECTION ( 'NONE',  ( 0.000000000000000000, 1.000000000000000000, 0.000000000000000000 ) ) ;
#3320 = ORIENTED_EDGE ( 'NONE', *, *, #1744, .T. ) ;
#3321 = VERTEX_POINT ( 'NONE', #5625 ) ;
#3322 = CARTESIAN_POINT ( 'NONE',  ( 57.17000000000000171, 3.939999999999999947, 10.20000000000000107 ) ) ;
#3323 = CARTESIAN_POINT ( 'NONE',  ( 56.19360153966300686, 5.956137729071000031, 12.20887916556499952 ) ) ;
#3324 = APPLICATION_CONTEXT ( 'configuration controlled 3d designs of mechanical parts and assemblies' ) ;
#3325 = FACE_OUTER_BOUND ( 'NONE', #5819, .T. ) ;
#3326 = CARTESIAN_POINT ( 'NONE',  ( -19.13000000000000256, 3.189999999999999947, 0.9499999999999999556 ) ) ;
#3327 = DIRECTION ( 'NONE',  ( 0.7071067881220476359, 0.7071067742510475096, 0.000000000000000000 ) ) ;
#3328 = ORIENTED_EDGE ( 'NONE', *, *, #2430, .F. ) ;
#3329 = EDGE_CURVE ( 'NONE', #4447, #4832, #2267, .T. ) ;
#3330 = CIRCLE ( 'NONE', #1831, 0.4000000000000001887 ) ;
#3331 = EDGE_CURVE ( 'NONE', #5080, #3911, #3700, .T. ) ;
#3332 = AXIS2_PLACEMENT_3D ( 'NONE', #4534, #4415, #188 ) ;
#3333 = DIRECTION ( 'NONE',  ( 0.000000000000000000, 0.000000000000000000, -1.000000000000000000 ) ) ;
#3334 = CARTESIAN_POINT ( 'NONE',  ( 56.06709721803600388, 5.494706239481000232, 12.13747185965199904 ) ) ;
#3335 = DIRECTION ( 'NONE',  ( 1.000000000000000000, 0.000000000000000000, 0.000000000000000000 ) ) ;
#3336 = ORIENTED_EDGE ( 'NONE', *, *, #3154, .F. ) ;
#3337 = CARTESIAN_POINT ( 'NONE',  ( 57.17000000000000171, 9.539999999999999147, 12.20000000000000107 ) ) ;
#3338 = CIRCLE ( 'NONE', #5101, 0.7999999999999986011 ) ;
#3339 = VERTEX_POINT ( 'NONE', #5529 ) ;
#3340 = VECTOR ( 'NONE', #2122, 1000.000000000000000 ) ;
#3341 = EDGE_CURVE ( 'NONE', #700, #4447, #5561, .T. ) ;
#3342 = CARTESIAN_POINT ( 'NONE',  ( 56.21999999999999886, 5.940000000000000391, 5.709999999999999964 ) ) ;
#3343 = CARTESIAN_POINT ( 'NONE',  ( 56.06860514481300584, -0.3320384831700000094, 12.19999999999899920 ) ) ;
#3344 = ADVANCED_FACE ( 'NONE', ( #789 ), #330, .T. ) ;
#3345 = CARTESIAN_POINT ( 'NONE',  ( 52.54001191017200512, 11.00401429220699967, 0.9558263725510000031 ) ) ;
#3346 = EDGE_CURVE ( 'NONE', #1325, #4216, #1388, .T. ) ;
#3347 = ORIENTED_EDGE ( 'NONE', *, *, #467, .T. ) ;
#3348 = MANIFOLD_SOLID_BREP ( 'Panel[1]', #5348 ) ;
#3349 = ORIENTED_EDGE ( 'NONE', *, *, #3592, .T. ) ;
#3350 = DIRECTION ( 'NONE',  ( -1.000000000000000000, 0.000000000000000000, 0.000000000000000000 ) ) ;
#3351 = COORDINATED_UNIVERSAL_TIME_OFFSET ( 5, 30, .AHEAD. ) ;
#3352 = CARTESIAN_POINT ( 'NONE',  ( -59.22999999999999687, 3.340000000000000302, 0.9499999999999999556 ) ) ;
#3353 = CARTESIAN_POINT ( 'NONE',  ( 56.16999999999999460, -6.959999999999999964, 1.100000000000000089 ) ) ;
#3354 = EDGE_LOOP ( 'NONE', ( #5064, #1939, #3172, #916 ) ) ;
#3355 = EDGE_LOOP ( 'NONE', ( #2571, #6007, #1654, #5924 ) ) ;
#3356 = DIRECTION ( 'NONE',  ( 1.000000000000000000, 0.000000000000000000, 0.000000000000000000 ) ) ;
#3357 = DIRECTION ( 'NONE',  ( 0.7071067742510449561, -0.7071067881220499673, 0.000000000000000000 ) ) ;
#3358 = LINE ( 'NONE', #4352, #1076 ) ;
#3359 = DIRECTION ( 'NONE',  ( 1.000000000000000000, 0.000000000000000000, 0.000000000000000000 ) ) ;
#3360 = DIRECTION ( 'NONE',  ( 0.000000000000000000, 1.000000000000000000, 0.000000000000000000 ) ) ;
#3361 = ORIENTED_EDGE ( 'NONE', *, *, #3292, .F. ) ;
#3362 = EDGE_CURVE ( 'NONE', #1371, #656, #3209, .T. ) ;
#3363 = DIRECTION ( 'NONE',  ( -1.000000000000000000, 1.600000000000000114E-16, 0.000000000000000000 ) ) ;
#3364 =( BOUNDED_CURVE ( )  B_SPLINE_CURVE ( 3, ( #403, #6030, #2797, #1825 ),
 .UNSPECIFIED., .F., .F. ) 
 B_SPLINE_CURVE_WITH_KNOTS ( ( 4, 4 ),
 ( 3.141592653589793116, 4.712388980384689674 ),
 .UNSPECIFIED. ) 
 CURVE ( )  GEOMETRIC_REPRESENTATION_ITEM ( )  RATIONAL_B_SPLINE_CURVE ( ( 1.000000000000000000, 0.8047378541243649375, 0.8047378541243649375, 1.000000000000000000 ) ) 
 REPRESENTATION_ITEM ( '' )  );
#3365 = CARTESIAN_POINT ( 'NONE',  ( 56.21999999999999886, -6.959999999999999964, 10.69999999999999929 ) ) ;
#3366 = CARTESIAN_POINT ( 'NONE',  ( -0.1049999999999998435, 0.03999999999999980654, 0.9499999999999999556 ) ) ;
#3367 = CARTESIAN_POINT ( 'NONE',  ( 56.20502241984300440, 5.822427475205999237, 12.19999999999299867 ) ) ;
#3368 = ORIENTED_EDGE ( 'NONE', *, *, #6001, .F. ) ;
#3369 = CARTESIAN_POINT ( 'NONE',  ( 20.57000000000000028, 3.140000000000000124, 0.000000000000000000 ) ) ;
#3370 = CARTESIAN_POINT ( 'NONE',  ( 52.59341874729899757, 10.99000000000000021, 1.000000000000000000 ) ) ;
#3371 = ORIENTED_EDGE ( 'NONE', *, *, #4573, .F. ) ;
#3372 = CARTESIAN_POINT ( 'NONE',  ( 55.80615565812099987, 4.333836454875999777, 12.20000000000000107 ) ) ;
#3373 = CARTESIAN_POINT ( 'NONE',  ( 56.19396326980500334, -0.7998813752819999845, 12.19999999997100026 ) ) ;
#3374 = LINE ( 'NONE', #1534, #1932 ) ;
#3375 = CIRCLE ( 'NONE', #317, 0.8500000000000000888 ) ;
#3376 = ORIENTED_EDGE ( 'NONE', *, *, #1151, .T. ) ;
#3377 = ORIENTED_EDGE ( 'NONE', *, *, #2046, .T. ) ;
#3378 = VECTOR ( 'NONE', #4650, 1000.000000000000114 ) ;
#3379 = EDGE_CURVE ( 'NONE', #2256, #3309, #1011, .T. ) ;
#3380 = CARTESIAN_POINT ( 'NONE',  ( 48.52000000000000313, -8.409999970577000994, 1.000000000000000000 ) ) ;
#3381 = APPROVAL_DATE_TIME ( #2292, #5738 ) ;
#3382 = FACE_OUTER_BOUND ( 'NONE', #428, .T. ) ;
#3383 = CARTESIAN_POINT ( 'NONE',  ( 56.24680216783499986, 1.038471646145999960, 10.16605955751300172 ) ) ;
#3384 = DIRECTION ( 'NONE',  ( 1.000000000000000000, -2.502005013428085107E-16, 0.000000000000000000 ) ) ;
#3385 = ORIENTED_EDGE ( 'NONE', *, *, #313, .F. ) ;
#3386 = VERTEX_POINT ( 'NONE', #144 ) ;
#3387 = DIRECTION ( 'NONE',  ( 0.000000000000000000, 0.000000000000000000, 1.000000000000000000 ) ) ;
#3388 = CARTESIAN_POINT ( 'NONE',  ( 56.24833925936199819, 5.903273920587000845, 12.18966321738099978 ) ) ;
#3389 = FACE_OUTER_BOUND ( 'NONE', #2307, .T. ) ;
#3390 = PLANE ( 'NONE',  #5373 ) ;
#3391 = CARTESIAN_POINT ( 'NONE',  ( 56.00814262390849052, 4.028254766852978008, 10.89104192752823330 ) ) ;
#3392 = EDGE_LOOP ( 'NONE', ( #5317, #3436, #4297, #4959 ) ) ;
#3393 = CLOSED_SHELL ( 'NONE', ( #1326, #2883, #4822, #4103, #4765, #2208, #4089, #791, #3396, #1428 ) ) ;
#3394 = CIRCLE ( 'NONE', #1028, 1.675000000000002931 ) ;
#3395 = CARTESIAN_POINT ( 'NONE',  ( -33.32999999999999829, -4.559999999999999609, 0.9000000000000000222 ) ) ;
#3396 = ADVANCED_FACE ( 'NONE', ( #2451 ), #1971, .F. ) ;
#3397 = DIRECTION ( 'NONE',  ( 1.000000000000000000, 0.000000000000000000, 0.000000000000000000 ) ) ;
#3398 = CARTESIAN_POINT ( 'NONE',  ( 48.57000000000000028, -8.759493741312001092, -1.165923710546999947 ) ) ;
#3399 = CIRCLE ( 'NONE', #5750, 1.674999999999999378 ) ;
#3400 = ORIENTED_EDGE ( 'NONE', *, *, #907, .F. ) ;
#3401 = EDGE_LOOP ( 'NONE', ( #4460, #3785 ) ) ;
#3402 = VECTOR ( 'NONE', #2335, 1000.000000000000000 ) ;
#3403 = CARTESIAN_POINT ( 'NONE',  ( 56.09675858454200181, 5.418381341114999472, 12.20000000000000107 ) ) ;
#3404 = CARTESIAN_POINT ( 'NONE',  ( 55.98883179246699626, -0.03432027910433999712, 12.20000000000000107 ) ) ;
#3405 = CARTESIAN_POINT ( 'NONE',  ( 52.55410345147300433, 11.02092414176700075, 0.9554493938629999850 ) ) ;
#3406 = CIRCLE ( 'NONE', #738, 0.04999999999999969746 ) ;
#3407 = ORIENTED_EDGE ( 'NONE', *, *, #141, .F. ) ;
#3408 = EDGE_LOOP ( 'NONE', ( #4037, #1221, #790, #2670 ) ) ;
#3409 = ADVANCED_FACE ( 'NONE', ( #601 ), #3821, .F. ) ;
#3410 = ADVANCED_FACE ( 'NONE', ( #4246 ), #5198, .F. ) ;
#3411 = VECTOR ( 'NONE', #5990, 1000.000000000000000 ) ;
#3412 = DIRECTION ( 'NONE',  ( 0.000000000000000000, 0.000000000000000000, 1.000000000000000000 ) ) ;
#3413 = CARTESIAN_POINT ( 'NONE',  ( 56.16999999999999460, 7.929999999999999716, 3.649999999999999911 ) ) ;
#3414 = CARTESIAN_POINT ( 'NONE',  ( 56.17580230194850799, -0.9632315637055769431, 12.20327539509762715 ) ) ;
#3415 = ORIENTED_EDGE ( 'NONE', *, *, #1417, .T. ) ;
#3416 = DIRECTION ( 'NONE',  ( -1.000000000000000000, 0.000000000000000000, 0.000000000000000000 ) ) ;
#3417 = VECTOR ( 'NONE', #4669, 1000.000000000000000 ) ;
#3418 = CARTESIAN_POINT ( 'NONE',  ( 20.57000000000000028, -3.109999999999999876, 0.9499999999999999556 ) ) ;
#3419 = CARTESIAN_POINT ( 'NONE',  ( 56.10810848305099796, 5.878674887500999979, 12.15692708838600034 ) ) ;
#3420 = CYLINDRICAL_SURFACE ( 'NONE', #4194, 0.4000000000000001887 ) ;
#3421 = DIRECTION ( 'NONE',  ( 0.000000000000000000, 0.000000000000000000, 1.000000000000000000 ) ) ;
#3422 = DIRECTION ( 'NONE',  ( 0.000000000000000000, 1.000000000000000000, 0.000000000000000000 ) ) ;
#3423 = ADVANCED_FACE ( 'NONE', ( #5778 ), #5688, .T. ) ;
#3424 = EDGE_LOOP ( 'NONE', ( #2704, #1978, #5635, #639 ) ) ;
#3425 = CARTESIAN_POINT ( 'NONE',  ( 33.02000000000000313, -2.259999999999999787, 0.9499999999999999556 ) ) ;
#3426 = CARTESIAN_POINT ( 'NONE',  ( 56.03290863842900649, 5.367112723455000456, 12.13747185964599851 ) ) ;
#3427 = DIRECTION ( 'NONE',  ( 0.000000000000000000, -1.000000000000000000, 0.000000000000000000 ) ) ;
#3428 = ORIENTED_EDGE ( 'NONE', *, *, #72, .T. ) ;
#3429 = EDGE_CURVE ( 'NONE', #1833, #982, #2881, .T. ) ;
#3430 = ORIENTED_EDGE ( 'NONE', *, *, #4042, .F. ) ;
#3431 = CARTESIAN_POINT ( 'NONE',  ( 56.15464547550100605, -0.9361637859749999402, 12.16506251572099906 ) ) ;
#3432 = CARTESIAN_POINT ( 'NONE',  ( 56.14234335730600378, 5.588506029153000654, 12.19999999999800089 ) ) ;
#3433 = CARTESIAN_POINT ( 'NONE',  ( 56.09738699894603542, -0.6890045907770003808, 12.19999999999999751 ) ) ;
#3434 = CIRCLE ( 'NONE', #2063, 0.7999999999999999334 ) ;
#3435 = CARTESIAN_POINT ( 'NONE',  ( 52.55500768331899764, 11.02200921998300664, 1.000000000000000000 ) ) ;
#3436 = ORIENTED_EDGE ( 'NONE', *, *, #5333, .F. ) ;
#3437 = ADVANCED_FACE ( 'NONE', ( #4276 ), #4772, .T. ) ;
#3438 = VERTEX_POINT ( 'NONE', #5287 ) ;
#3439 = CARTESIAN_POINT ( 'NONE',  ( -7.530000000000000249, -3.059999999999999609, 0.000000000000000000 ) ) ;
#3440 = DIRECTION ( 'NONE',  ( 0.000000000000000000, 0.000000000000000000, -1.000000000000000000 ) ) ;
#3441 = CARTESIAN_POINT ( 'NONE',  ( 56.11301903403099800, -0.6848159995989999693, 12.13747185964500019 ) ) ;
#3442 = EDGE_LOOP ( 'NONE', ( #1468, #5964, #3407, #5193, #5932, #1500, #816, #4305, #4484, #3777, #5136, #4981, #5424, #3094, #5971, #5878, #662, #4728, #4247, #3158 ) ) ;
#3443 = AXIS2_PLACEMENT_3D ( 'NONE', #729, #2602, #3134 ) ;
#3444 = ORIENTED_EDGE ( 'NONE', *, *, #1249, .T. ) ;
#3445 = MANIFOLD_SOLID_BREP ( 'Panel[2]', #3393 ) ;
#3446 = CIRCLE ( 'NONE', #3739, 0.8500000000000000888 ) ;
#3447 = CARTESIAN_POINT ( 'NONE',  ( 56.07000000000000028, 11.03999999999999915, 0.000000000000000000 ) ) ;
#3448 = CARTESIAN_POINT ( 'NONE',  ( 56.17905283250599524, 5.859623483554000423, 12.20083650929800001 ) ) ;
#3449 = DIRECTION ( 'NONE',  ( -1.000000000000000000, 0.000000000000000000, 0.000000000000000000 ) ) ;
#3450 = DIRECTION ( 'NONE',  ( 0.000000000000000000, 0.000000000000000000, 1.000000000000000000 ) ) ;
#3451 = CARTESIAN_POINT ( 'NONE',  ( 55.68543900149800407, 0.9109344061319999408, 12.13747185964599851 ) ) ;
#3452 = ORIENTED_EDGE ( 'NONE', *, *, #651, .F. ) ;
#3453 = LINE ( 'NONE', #102, #3628 ) ;
#3454 = EDGE_CURVE ( 'NONE', #2256, #1928, #6064, .T. ) ;
#3455 = LINE ( 'NONE', #3398, #726 ) ;
#3456 = ORIENTED_EDGE ( 'NONE', *, *, #433, .T. ) ;
#3457 = CARTESIAN_POINT ( 'NONE',  ( -19.13000000000000256, 3.189999999999999947, 1.000000000000000000 ) ) ;
#3458 = ORIENTED_EDGE ( 'NONE', *, *, #1348, .T. ) ;
#3459 = CARTESIAN_POINT ( 'NONE',  ( 56.22157221949900219, -0.9988781717110001290, 12.21874102888999936 ) ) ;
#3460 = CARTESIAN_POINT ( 'NONE',  ( 56.17083384024000026, 5.694833959180000349, 12.19999999998699991 ) ) ;
#3461 = CARTESIAN_POINT ( 'NONE',  ( 56.01162417885599609, -0.1193826231229999923, 12.20000000000099938 ) ) ;
#3462 = CARTESIAN_POINT ( 'NONE',  ( 57.17000000000000171, 9.539999999999999147, 10.69999999999999929 ) ) ;
#3463 = EDGE_LOOP ( 'NONE', ( #2551, #5184, #5289, #4640 ) ) ;
#3464 = EDGE_LOOP ( 'NONE', ( #5100, #4608, #567, #2529, #3233, #887 ) ) ;
#3465 = EDGE_CURVE ( 'NONE', #3386, #1668, #4712, .T. ) ;
#3466 = CARTESIAN_POINT ( 'NONE',  ( 41.21999999999999886, 0.04000000000000000083, 1.000000000000000000 ) ) ;
#3467 = PERSON_AND_ORGANIZATION ( #3002, #3546 ) ;
#3468 = CARTESIAN_POINT ( 'NONE',  ( 48.57000000000000028, -8.459999970576999928, 0.000000000000000000 ) ) ;
#3469 = EDGE_CURVE ( 'NONE', #597, #5436, #834, .T. ) ;
#3470 = CARTESIAN_POINT ( 'NONE',  ( 56.13011332393499941, -0.7486127576049999011, 12.13747185966899877 ) ) ;
#3471 = ORIENTED_EDGE ( 'NONE', *, *, #2099, .T. ) ;
#3472 = ORIENTED_EDGE ( 'NONE', *, *, #2058, .T. ) ;
#3473 = VECTOR ( 'NONE', #5624, 1000.000000000000000 ) ;
#3474 = CYLINDRICAL_SURFACE ( 'NONE', #4673, 1.499999999999999556 ) ;
#3475 = CARTESIAN_POINT ( 'NONE',  ( 56.19429319370700426, 5.934342663386000361, 12.21120804039200003 ) ) ;
#3476 = DIRECTION ( 'NONE',  ( 0.000000000000000000, -0.9848077530121899237, 0.1736481776670334987 ) ) ;
#3477 = PLANE ( 'NONE',  #4501 ) ;
#3478 = DIRECTION ( 'NONE',  ( 1.000000000000000000, 0.000000000000000000, 0.000000000000000000 ) ) ;
#3479 = DIRECTION ( 'NONE',  ( -1.000000000000000000, 0.000000000000000000, 0.000000000000000000 ) ) ;
#3480 = VERTEX_POINT ( 'NONE', #2004 ) ;
#3481 = EDGE_CURVE ( 'NONE', #1564, #2051, #2925, .T. ) ;
#3482 = EDGE_CURVE ( 'NONE', #1659, #12, #2132, .T. ) ;
#3483 = DIRECTION ( 'NONE',  ( 0.000000000000000000, 1.000000000000000000, 0.000000000000000000 ) ) ;
#3484 = CARTESIAN_POINT ( 'NONE',  ( 56.17083384024000026, 5.694833959180000349, 12.19999999998699991 ) ) ;
#3485 = DIRECTION ( 'NONE',  ( 0.000000000000000000, -1.000000000000000000, 0.000000000000000000 ) ) ;
#3486 = DIRECTION ( 'NONE',  ( 0.000000000000000000, 0.000000000000000000, 1.000000000000000000 ) ) ;
#3487 = ORIENTED_EDGE ( 'NONE', *, *, #3839, .F. ) ;
#3488 = CARTESIAN_POINT ( 'NONE',  ( 56.18162728607899936, -0.8555701585239999796, 12.19277498038299790 ) ) ;
#3490 = AXIS2_PLACEMENT_3D ( 'NONE', #1057, #3863, #4293 ) ;
#3489 = DIRECTION ( 'NONE',  ( 0.000000000000000000, -1.000000000000000000, 0.000000000000000000 ) ) ;
#3491 = CARTESIAN_POINT ( 'NONE',  ( 56.11955097088900857, 5.503443685136000241, 12.19999999999099849 ) ) ;
#3492 = CARTESIAN_POINT ( 'NONE',  ( 55.81248216912003102, 0.3742747094570000876, 12.19999999999999751 ) ) ;
#3493 = LINE ( 'NONE', #5369, #2898 ) ;
#3494 = EDGE_CURVE ( 'NONE', #5056, #5153, #4448, .T. ) ;
#3495 = AXIS2_PLACEMENT_3D ( 'NONE', #1254, #4545, #291 ) ;
#3496 = AXIS2_PLACEMENT_3D ( 'NONE', #5855, #138, #3555 ) ;
#3497 = ORIENTED_EDGE ( 'NONE', *, *, #3557, .F. ) ;
#3498 = DIRECTION ( 'NONE',  ( 0.000000000000000000, 0.000000000000000000, 1.000000000000000000 ) ) ;
#3499 = CARTESIAN_POINT ( 'NONE',  ( 56.22249787039500291, 3.944523399098000649, 10.20450847117600013 ) ) ;
#3500 = VECTOR ( 'NONE', #1435, 1000.000000000000000 ) ;
#3501 = CARTESIAN_POINT ( 'NONE',  ( 56.03324568168500264, -0.3870977955330000553, 12.13747185964599851 ) ) ;
#3502 = ORIENTED_EDGE ( 'NONE', *, *, #1050, .T. ) ;
#3503 = ORIENTED_EDGE ( 'NONE', *, *, #178, .T. ) ;
#3504 = EDGE_CURVE ( 'NONE', #2780, #2217, #3514, .T. ) ;
#3505 = CIRCLE ( 'NONE', #2607, 0.04999999999999969746 ) ;
#3506 = CARTESIAN_POINT ( 'NONE',  ( 56.21999999999999886, 9.539999999999999147, 12.14999999999999858 ) ) ;
#3507 = AXIS2_PLACEMENT_3D ( 'NONE', #2978, #123, #2950 ) ;
#3508 = CARTESIAN_POINT ( 'NONE',  ( 56.17437059716299785, 5.825956665991000705, 12.17612259091299975 ) ) ;
#3509 = CARTESIAN_POINT ( 'NONE',  ( 57.16966295674399845, 3.942744372825999655, 10.20272944490400135 ) ) ;
#3510 = DIRECTION ( 'NONE',  ( 0.000000000000000000, 0.000000000000000000, -1.000000000000000000 ) ) ;
#3511 = DIRECTION ( 'NONE',  ( 0.000000000000000000, 0.000000000000000000, -1.000000000000000000 ) ) ;
#3512 = LINE ( 'NONE', #3542, #3340 ) ;
#3513 = EDGE_LOOP ( 'NONE', ( #4700, #4736, #861, #5 ) ) ;
#3514 = CIRCLE ( 'NONE', #4992, 0.04999999999999969746 ) ;
#3515 = CARTESIAN_POINT ( 'NONE',  ( 57.17000000000000171, 3.939999999999999947, 10.20000000000000107 ) ) ;
#3516 = AXIS2_PLACEMENT_3D ( 'NONE', #1406, #3271, #408 ) ;
#3517 = CARTESIAN_POINT ( 'NONE',  ( 56.01128713559999994, 5.099397551043999499, 12.20000000000099938 ) ) ;
#3518 = EDGE_LOOP ( 'NONE', ( #4446, #3376, #206, #1004 ) ) ;
#3519 = ADVANCED_FACE ( 'NONE', ( #660 ), #4403, .T. ) ;
#3520 = ORIENTED_EDGE ( 'NONE', *, *, #4183, .F. ) ;
#3521 = CARTESIAN_POINT ( 'NONE',  ( 56.15854947375199657, -0.8934297194710000278, 12.17048848837900010 ) ) ;
#3522 = DIRECTION ( 'NONE',  ( 0.000000000000000000, 0.000000000000000000, -1.000000000000000000 ) ) ;
#3523 = CARTESIAN_POINT ( 'NONE',  ( 55.64478089271798922, 3.981128396996000074, 12.19999999999999751 ) ) ;
#3524 = CARTESIAN_POINT ( 'NONE',  ( 55.72131262357503090, 0.7145240855320003082, 12.19999999999999751 ) ) ;
#3525 = DIRECTION ( 'NONE',  ( -1.000000000000000000, 0.000000000000000000, 0.000000000000000000 ) ) ;
#3526 = VERTEX_POINT ( 'NONE', #2173 ) ;
#3527 = EDGE_CURVE ( 'NONE', #4286, #3020, #2327, .T. ) ;
#3528 = VECTOR ( 'NONE', #2488, 1000.000000000000000 ) ;
#3529 = PLANE ( 'NONE',  #5276 ) ;
#3530 = EDGE_CURVE ( 'NONE', #1668, #27, #689, .T. ) ;
#3531 = CARTESIAN_POINT ( 'NONE',  ( -59.22999999999999687, -4.910000000000000142, 0.9499999999999999556 ) ) ;
#3532 = EDGE_LOOP ( 'NONE', ( #2345, #2050, #186, #3761 ) ) ;
#3533 = VERTEX_POINT ( 'NONE', #5894 ) ;
#3534 = CIRCLE ( 'NONE', #5595, 0.04999999999999969746 ) ;
#3535 = CARTESIAN_POINT ( 'NONE',  ( -32.92999999999999972, 5.040000000000000036, 1.000000000000000000 ) ) ;
#3536 = CARTESIAN_POINT ( 'NONE',  ( 56.19379152795399790, 5.922192219673999780, 12.19323790849400169 ) ) ;
#3537 = AXIS2_PLACEMENT_3D ( 'NONE', #5236, #3327, #5208 ) ;
#3538 = CARTESIAN_POINT ( 'NONE',  ( 55.83391225258690582, 4.624448100971839892, 12.13747185964599851 ) ) ;
#3539 = CARTESIAN_POINT ( 'NONE',  ( -60.87999999999999545, 3.340000000000000302, 0.9499999999999999556 ) ) ;
#3540 = LINE ( 'NONE', #5415, #1566 ) ;
#3541 = LINE ( 'NONE', #2094, #4696 ) ;
#3542 = CARTESIAN_POINT ( 'NONE',  ( -49.92999999999999972, 8.040000000000000924, 0.000000000000000000 ) ) ;
#3543 = ORIENTED_EDGE ( 'NONE', *, *, #2872, .F. ) ;
#3544 = AXIS2_PLACEMENT_3D ( 'NONE', #3679, #3130, #5559 ) ;
#3545 = DIRECTION ( 'NONE',  ( 0.000000000000000000, 0.000000000000000000, -1.000000000000000000 ) ) ;
#3547 = CARTESIAN_POINT ( 'NONE',  ( 56.19290230685201948, 3.939807392708001732, 10.11306202944900967 ) ) ;
#3546 = ORGANIZATION ( 'UNSPECIFIED', 'UNSPECIFIED', '' ) ;
#3548 = EDGE_CURVE ( 'NONE', #474, #624, #1688, .T. ) ;
#3549 = ORIENTED_EDGE ( 'NONE', *, *, #1937, .T. ) ;
#3550 = ORIENTED_EDGE ( 'NONE', *, *, #2644, .F. ) ;
#3551 = CARTESIAN_POINT ( 'NONE',  ( 48.57000000000000028, -8.568480745878000349, -0.08263518223330999779 ) ) ;
#3552 = DIRECTION ( 'NONE',  ( -1.000000000000000000, 0.000000000000000000, 0.000000000000000000 ) ) ;
#3553 = CARTESIAN_POINT ( 'NONE',  ( 55.81214512586398513, 4.605740218465003366, 12.19999999999999751 ) ) ;
#3554 = CARTESIAN_POINT ( 'NONE',  ( 55.62948287908902500, 1.057237357601999772, 12.19999999999999751 ) ) ;
#3555 = DIRECTION ( 'NONE',  ( 0.000000000000000000, 1.000000000000000000, 0.000000000000000000 ) ) ;
#3556 = ORIENTED_EDGE ( 'NONE', *, *, #3210, .T. ) ;
#3557 = EDGE_CURVE ( 'NONE', #5231, #909, #2625, .T. ) ;
#3558 = CARTESIAN_POINT ( 'NONE',  ( -32.92999999999999972, 5.040000000000000036, 0.9000000000000000222 ) ) ;
#3559 = DIRECTION ( 'NONE',  ( 1.000000000000000000, 0.000000000000000000, 0.000000000000000000 ) ) ;
#3560 = CARTESIAN_POINT ( 'NONE',  ( 56.09592474423600095, -0.6210192415859999704, 12.13747185964399833 ) ) ;
#3561 = ORIENTED_EDGE ( 'NONE', *, *, #1559, .T. ) ;
#3562 = ORIENTED_EDGE ( 'NONE', *, *, #960, .T. ) ;
#3563 = DIRECTION ( 'NONE',  ( 0.000000000000000000, 0.000000000000000000, -1.000000000000000000 ) ) ;
#3564 = DIRECTION ( 'NONE',  ( 0.000000000000000000, 0.000000000000000000, -1.000000000000000000 ) ) ;
#3565 = CARTESIAN_POINT ( 'NONE',  ( 57.17000000000000171, -6.959999999999999964, 10.69999999999999929 ) ) ;
#3566 = DIRECTION ( 'NONE',  ( 0.000000000000000000, 1.000000000000000000, 0.000000000000000000 ) ) ;
#3567 = CARTESIAN_POINT ( 'NONE',  ( -49.91333333333000155, 7.990000000000000213, 1.000000000000000000 ) ) ;
#3568 = DIRECTION ( 'NONE',  ( 0.000000000000000000, -1.000000000000000000, 0.000000000000000000 ) ) ;
#3569 = ORIENTED_EDGE ( 'NONE', *, *, #970, .F. ) ;
#3570 = AXIS2_PLACEMENT_3D ( 'NONE', #5204, #2821, #6058 ) ;
#3571 = AXIS2_PLACEMENT_3D ( 'NONE', #252, #5882, #1678 ) ;
#3572 = CARTESIAN_POINT ( 'NONE',  ( 56.21675565632700255, -0.8849437192909999084, 12.20000000000000107 ) ) ;
#3573 = CARTESIAN_POINT ( 'NONE',  ( -19.92999999999999972, -3.059999999999999609, 0.000000000000000000 ) ) ;
#3574 = CARTESIAN_POINT ( 'NONE',  ( 55.98849474921100722, 5.014335207025999885, 12.20000000000000107 ) ) ;
#3575 = ORIENTED_EDGE ( 'NONE', *, *, #5879, .T. ) ;
#3576 = ORIENTED_EDGE ( 'NONE', *, *, #342, .T. ) ;
#3578 = EDGE_CURVE ( 'NONE', #19, #5504, #2423, .T. ) ;
#3577 = EDGE_CURVE ( 'NONE', #5858, #308, #2060, .T. ) ;
#3579 = CARTESIAN_POINT ( 'NONE',  ( 56.16461455387899804, -0.8815493397239999585, 12.12966711949400000 ) ) ;
#3580 = CARTESIAN_POINT ( 'NONE',  ( 50.10841106398000022, 8.007990780016999821, 0.9499999999999999556 ) ) ;
#3581 = CARTESIAN_POINT ( 'NONE',  ( 56.06286137611102305, 5.541426002670996276, 12.19999999999999751 ) ) ;
#3582 = CARTESIAN_POINT ( 'NONE',  ( 55.95347232932800097, -0.08937959146842000546, 12.13747185964500019 ) ) ;
#3583 = DIRECTION ( 'NONE',  ( 0.000000000000000000, 0.000000000000000000, -1.000000000000000000 ) ) ;
#3584 = ORIENTED_EDGE ( 'NONE', *, *, #2016, .T. ) ;
#3585 = AXIS2_PLACEMENT_3D ( 'NONE', #2763, #427, #2303 ) ;
#3586 = DIRECTION ( 'NONE',  ( 0.000000000000000000, 0.000000000000000000, -1.000000000000000000 ) ) ;
#3587 = CARTESIAN_POINT ( 'NONE',  ( 52.59323187237500008, 11.03779255533299875, 0.9694587649689999642 ) ) ;
#3588 = LINE ( 'NONE', #2656, #5362 ) ;
#3589 = CIRCLE ( 'NONE', #933, 0.7500008362599994705 ) ;
#3590 = ORIENTED_EDGE ( 'NONE', *, *, #1921, .T. ) ;
#3591 = EDGE_CURVE ( 'NONE', #1051, #331, #2087, .T. ) ;
#3592 = EDGE_CURVE ( 'NONE', #363, #468, #1256, .T. ) ;
#3593 = AXIS2_PLACEMENT_3D ( 'NONE', #5264, #1546, #1045 ) ;
#3594 = DIRECTION ( 'NONE',  ( -1.000000000000000000, 0.000000000000000000, 0.000000000000000000 ) ) ;
#3595 = CARTESIAN_POINT ( 'NONE',  ( 57.17000000000000171, 7.929999999999999716, 3.700000000000000178 ) ) ;
#3596 = CARTESIAN_POINT ( 'NONE',  ( -43.43000000000000682, -8.568480745878000349, -0.08263518223330999779 ) ) ;
#3597 = CARTESIAN_POINT ( 'NONE',  ( 52.57000000000000028, 11.03999999999999915, 0.9499999999999999556 ) ) ;
#3598 = CARTESIAN_POINT ( 'NONE',  ( 39.59499999999999886, 0.03999999999999980654, 0.000000000000000000 ) ) ;
#3599 = CARTESIAN_POINT ( 'NONE',  ( 3.194999999999999840, 0.03999999999999958450, 0.9499999999999999556 ) ) ;
#3600 = DIRECTION ( 'NONE',  ( -1.000000000000000000, 0.000000000000000000, 0.000000000000000000 ) ) ;
#3601 = ORIENTED_EDGE ( 'NONE', *, *, #5890, .T. ) ;
#3602 = DIRECTION ( 'NONE',  ( -1.175353200852646841E-16, -1.000000000000000000, -0.000000000000000000 ) ) ;
#3603 = CARTESIAN_POINT ( 'NONE',  ( 56.19966136661900435, -0.8211469612719999311, 12.20000000001800089 ) ) ;
#3604 = DIRECTION ( 'NONE',  ( 0.000000000000000000, -1.000000000000000000, 0.000000000000000000 ) ) ;
#3605 = AXIS2_PLACEMENT_3D ( 'NONE', #87, #5254, #2879 ) ;
#3606 = EDGE_CURVE ( 'NONE', #737, #2468, #2260, .T. ) ;
#3607 = DIRECTION ( 'NONE',  ( 0.000000000000000000, 1.000000000000000000, 0.000000000000000000 ) ) ;
#3608 = EDGE_CURVE ( 'NONE', #797, #3822, #262, .T. ) ;
#3609 = VERTEX_POINT ( 'NONE', #3214 ) ;
#3610 = CIRCLE ( 'NONE', #2912, 0.05000000000000012768 ) ;
#3611 = EDGE_LOOP ( 'NONE', ( #4830, #5180, #1124, #3550 ) ) ;
#3612 = VECTOR ( 'NONE', #501, 1000.000000000000000 ) ;
#3613 = LINE ( 'NONE', #462, #918 ) ;
#3614 = LINE ( 'NONE', #5001, #5801 ) ;
#3615 = CARTESIAN_POINT ( 'NONE',  ( 56.16966295674399845, 5.877486787566999382, 12.13747185964599851 ) ) ;
#3616 = CARTESIAN_POINT ( 'NONE',  ( 52.52833333333300203, 10.99000000000000021, 0.9499999999999999556 ) ) ;
#3617 = ORIENTED_EDGE ( 'NONE', *, *, #500, .F. ) ;
#3618 = CARTESIAN_POINT ( 'NONE',  ( 56.21999999999999886, 10.99000000000000021, 7.750000000000000000 ) ) ;
#3619 = DIRECTION ( 'NONE',  ( 0.000000000000000000, 0.000000000000000000, -1.000000000000000000 ) ) ;
#3620 = CARTESIAN_POINT ( 'NONE',  ( 56.23183552502899829, 1.037109263374000223, 10.20289073662600110 ) ) ;
#3621 = ADVANCED_FACE ( 'NONE', ( #5466 ), #1843, .T. ) ;
#3622 = ORIENTED_EDGE ( 'NONE', *, *, #9, .F. ) ;
#3623 = DIRECTION ( 'NONE',  ( 1.000000000000000000, -2.418604846313815801E-16, 0.000000000000000000 ) ) ;
#3624 = LINE ( 'NONE', #812, #881 ) ;
#3625 = DIRECTION ( 'NONE',  ( 1.000000000000000000, 0.000000000000000000, 0.000000000000000000 ) ) ;
#3626 = LINE ( 'NONE', #1322, #712 ) ;
#3627 = SPHERICAL_SURFACE ( 'NONE', #5470, 0.05000000000000000278 ) ;
#3628 = VECTOR ( 'NONE', #4356, 1000.000000000000114 ) ;
#3629 = ORIENTED_EDGE ( 'NONE', *, *, #3504, .F. ) ;
#3630 = CIRCLE ( 'NONE', #4121, 2.040000000000000036 ) ;
#3631 = DIRECTION ( 'NONE',  ( -0.9999988849584569017, -0.001493345855158660120, 0.000000000000000000 ) ) ;
#3632 = CARTESIAN_POINT ( 'NONE',  ( 56.20535946309900055, -0.8424125472850000351, 12.19999999999299867 ) ) ;
#3633 = DIRECTION ( 'NONE',  ( 0.000000000000000000, 0.000000000000000000, -1.000000000000000000 ) ) ;
#3634 = CARTESIAN_POINT ( 'NONE',  ( 56.20921330358899581, 4.002843531779999964, 10.11522469997600027 ) ) ;
#3635 = ORIENTED_EDGE ( 'NONE', *, *, #4937, .F. ) ;
#3636 = VECTOR ( 'NONE', #5182, 1000.000000000000000 ) ;
#3637 = VERTEX_POINT ( 'NONE', #2229 ) ;
#3638 = EDGE_CURVE ( 'NONE', #1481, #2429, #5846, .T. ) ;
#3639 = CIRCLE ( 'NONE', #5407, 1.625000000000000222 ) ;
#3640 = CARTESIAN_POINT ( 'NONE',  ( 56.16982623228575022, -0.9100559775228763693, 12.15070448746156551 ) ) ;
#3641 = DIRECTION ( 'NONE',  ( 0.000000000000000000, 0.000000000000000000, 1.000000000000000000 ) ) ;
#3642 = CARTESIAN_POINT ( 'NONE',  ( 55.64738673553201664, 3.990853534774999822, 12.19999999999999751 ) ) ;
#3643 = CARTESIAN_POINT ( 'NONE',  ( 48.57000000000000028, -9.695061106673000140, -1.000957941762999903 ) ) ;
#3644 = ORIENTED_EDGE ( 'NONE', *, *, #5829, .F. ) ;
#3645 = LINE ( 'NONE', #4976, #171 ) ;
#3646 = CARTESIAN_POINT ( 'NONE',  ( 52.59233559826099480, 11.02703307156099832, 0.9877144598179998791 ) ) ;
#3647 = CARTESIAN_POINT ( 'NONE',  ( 56.17233845629399980, 0.9886031422360000986, 10.25139685776400000 ) ) ;
#3648 = ORIENTED_EDGE ( 'NONE', *, *, #1788, .T. ) ;
#3649 = EDGE_CURVE ( 'NONE', #5708, #5972, #4107, .T. ) ;
#3650 = DIRECTION ( 'NONE',  ( 0.000000000000000000, -1.000000000000000000, 0.000000000000000000 ) ) ;
#3651 = LINE ( 'NONE', #4083, #4366 ) ;
#3652 = DIRECTION ( 'NONE',  ( 0.000000000000000000, 0.000000000000000000, -1.000000000000000000 ) ) ;
#3653 = CARTESIAN_POINT ( 'NONE',  ( -49.91333333333000155, 7.990000000000000213, 1.000000000000000000 ) ) ;
#3654 = LINE ( 'NONE', #4180, #647 ) ;
#3655 = ORIENTED_EDGE ( 'NONE', *, *, #4602, .F. ) ;
#3656 = ORIENTED_EDGE ( 'NONE', *, *, #2306, .F. ) ;
#3657 = CARTESIAN_POINT ( 'NONE',  ( -44.97999999999999687, -9.960000000000000853, 0.9499999999999999556 ) ) ;
#3658 = CYLINDRICAL_SURFACE ( 'NONE', #5049, 0.05000000000000002359 ) ;
#3659 = DIRECTION ( 'NONE',  ( 0.000000000000000000, 0.000000000000000000, 1.000000000000000000 ) ) ;
#3660 = DIRECTION ( 'NONE',  ( 0.000000000000000000, 0.000000000000000000, 1.000000000000000000 ) ) ;
#3661 = ORIENTED_EDGE ( 'NONE', *, *, #2784, .T. ) ;
#3662 = EDGE_CURVE ( 'NONE', #2322, #5380, #2031, .T. ) ;
#3663 = AXIS2_PLACEMENT_3D ( 'NONE', #3752, #4275, #1847 ) ;
#3664 = EDGE_CURVE ( 'NONE', #4067, #69, #3588, .T. ) ;
#3665 = AXIS2_PLACEMENT_3D ( 'NONE', #1494, #1140, #1960 ) ;
#3666 = DIRECTION ( 'NONE',  ( 1.000000000000000000, -2.508228906496316625E-16, 0.000000000000000000 ) ) ;
#3667 = CARTESIAN_POINT ( 'NONE',  ( 55.78219238818099512, 4.431426939249000441, 12.13747185964599851 ) ) ;
#3668 = ORIENTED_EDGE ( 'NONE', *, *, #1151, .F. ) ;
#3669 = CARTESIAN_POINT ( 'NONE',  ( -59.22999999999999687, -3.259999999999999787, 0.9499999999999999556 ) ) ;
#3670 = ORIENTED_EDGE ( 'NONE', *, *, #3140, .T. ) ;
#3671 = CARTESIAN_POINT ( 'NONE',  ( 57.17000000000000171, 3.939999999999999947, 8.699999999999999289 ) ) ;
#3672 = DIRECTION ( 'NONE',  ( -1.000000000000000000, 0.000000000000000000, 0.000000000000000000 ) ) ;
#3673 = ADVANCED_FACE ( 'NONE', ( #780 ), #4547, .F. ) ;
#3674 = DIRECTION ( 'NONE',  ( 0.000000000000000000, 0.000000000000000000, -1.000000000000000000 ) ) ;
#3675 = EDGE_LOOP ( 'NONE', ( #5554, #5246, #2653, #2254 ) ) ;
#3676 = AXIS2_PLACEMENT_3D ( 'NONE', #1330, #1395, #2339 ) ;
#3677 = CARTESIAN_POINT ( 'NONE',  ( -59.22999999999999687, -3.259999999999999787, 1.000000000000000000 ) ) ;
#3678 = DIRECTION ( 'NONE',  ( 0.000000000000000000, 0.000000000000000000, -1.000000000000000000 ) ) ;
#3679 = CARTESIAN_POINT ( 'NONE',  ( 50.07000000000000028, 8.040000000000000924, 0.000000000000000000 ) ) ;
#3680 = CARTESIAN_POINT ( 'NONE',  ( 52.55500728575099600, 11.02200874290100074, 0.9500882610780000403 ) ) ;
#3681 = VECTOR ( 'NONE', #4607, 1000.000000000000000 ) ;
#3682 = DIRECTION ( 'NONE',  ( 0.000000000000000000, 0.000000000000000000, 1.000000000000000000 ) ) ;
#3683 = CARTESIAN_POINT ( 'NONE',  ( 13.14499999999999957, 0.04000000000000000083, 0.000000000000000000 ) ) ;
#3684 = ORIENTED_EDGE ( 'NONE', *, *, #2766, .F. ) ;
#3685 = DESIGN_CONTEXT ( 'detailed design', #3324, 'design' ) ;
#3686 = ORIENTED_EDGE ( 'NONE', *, *, #5063, .F. ) ;
#3687 = EDGE_CURVE ( 'NONE', #5313, #5618, #4190, .T. ) ;
#3688 = CIRCLE ( 'NONE', #3694, 0.05000000000000143219 ) ;
#3689 = LINE ( 'NONE', #4122, #2595 ) ;
#3690 = CARTESIAN_POINT ( 'NONE',  ( 20.57000000000000028, 3.189999999999999947, 1.000000000000000000 ) ) ;
#3691 = DIRECTION ( 'NONE',  ( 0.000000000000000000, 1.000000000000000000, 0.000000000000000000 ) ) ;
#3692 = CARTESIAN_POINT ( 'NONE',  ( 56.02184948848699975, -0.3445666235239999708, 12.13747185964500019 ) ) ;
#3693 = CARTESIAN_POINT ( 'NONE',  ( 39.59499999999999886, 0.03999999999999980654, 0.000000000000000000 ) ) ;
#3694 = AXIS2_PLACEMENT_3D ( 'NONE', #5023, #792, #4090 ) ;
#3695 = ORIENTED_EDGE ( 'NONE', *, *, #2373, .T. ) ;
#3696 = EDGE_CURVE ( 'NONE', #2304, #535, #1299, .T. ) ;
#3697 = CIRCLE ( 'NONE', #2909, 0.7999999999999999334 ) ;
#3698 = CARTESIAN_POINT ( 'NONE',  ( 56.16999999999999460, -0.8974718596459999587, 12.13747185964599851 ) ) ;
#3699 = FACE_BOUND ( 'NONE', #2096, .T. ) ;
#3700 = CIRCLE ( 'NONE', #5279, 1.989999999999999991 ) ;
#3701 = CARTESIAN_POINT ( 'NONE',  ( 55.99872005884100190, 5.239519207427999703, 12.13747185964399833 ) ) ;
#3702 = ORIENTED_EDGE ( 'NONE', *, *, #4138, .T. ) ;
#3703 = CARTESIAN_POINT ( 'NONE',  ( -44.92999999999999972, -9.960000000000000853, 0.9499999999999999556 ) ) ;
#3704 = ADVANCED_FACE ( 'NONE', ( #2719 ), #732, .T. ) ;
#3705 = ORIENTED_EDGE ( 'NONE', *, *, #3469, .F. ) ;
#3706 = CIRCLE ( 'NONE', #956, 0.05000000000000012768 ) ;
#3707 = AXIS2_PLACEMENT_3D ( 'NONE', #2476, #1912, #1509 ) ;
#3708 = FACE_OUTER_BOUND ( 'NONE', #5146, .T. ) ;
#3709 = LINE ( 'NONE', #4047, #1437 ) ;
#3710 = CARTESIAN_POINT ( 'NONE',  ( 56.23729833249900167, 1.037270555095999969, 10.20272944490400135 ) ) ;
#3711 = EDGE_LOOP ( 'NONE', ( #2115, #1759, #1598, #2523 ) ) ;
#3712 = ORIENTED_EDGE ( 'NONE', *, *, #241, .F. ) ;
#3713 = ADVANCED_FACE ( 'NONE', ( #4611 ), #5159, .T. ) ;
#3714 = CARTESIAN_POINT ( 'NONE',  ( 56.23254062249299778, -0.9899868899220000129, 12.21469809398099926 ) ) ;
#3715 = EDGE_CURVE ( 'NONE', #468, #5318, #4969, .T. ) ;
#3716 = CARTESIAN_POINT ( 'NONE',  ( 56.23439473462892124, -0.9487910629509638261, 12.19985974927354277 ) ) ;
#3717 = PERSON_AND_ORGANIZATION ( #3002, #3546 ) ;
#3718 = FACE_OUTER_BOUND ( 'NONE', #2200, .T. ) ;
#3719 = DIRECTION ( 'NONE',  ( 0.000000000000000000, 0.000000000000000000, -1.000000000000000000 ) ) ;
#3720 = CARTESIAN_POINT ( 'NONE',  ( 56.65236190979500464, 0.9718516525779999915, 12.20000000000000107 ) ) ;
#3721 = ORIENTED_EDGE ( 'NONE', *, *, #3973, .F. ) ;
#3722 = EDGE_LOOP ( 'NONE', ( #4193, #5379, #5332, #2397, #513 ) ) ;
#3723 = LINE ( 'NONE', #2181, #5949 ) ;
#3724 = CARTESIAN_POINT ( 'NONE',  ( 57.17000000000000171, 1.037270555095999969, 10.20272944490400135 ) ) ;
#3725 = CARTESIAN_POINT ( 'NONE',  ( -49.92999999999999972, 8.040000000000000924, 0.9499999999999999556 ) ) ;
#3726 = TOROIDAL_SURFACE ( 'NONE', #6080, 0.8499999999999999778, 0.05000000000000000278 ) ;
#3727 = CARTESIAN_POINT ( 'NONE',  ( 55.65032962160298524, 0.9794362553669998528, 12.19999999999999751 ) ) ;
#3728 = LINE ( 'NONE', #1303, #4475 ) ;
#3729 = ORIENTED_EDGE ( 'NONE', *, *, #3123, .T. ) ;
#3730 = ORIENTED_EDGE ( 'NONE', *, *, #3578, .T. ) ;
#3731 = AXIS2_PLACEMENT_3D ( 'NONE', #1302, #6093, #1361 ) ;
#3732 = DIRECTION ( 'NONE',  ( -1.000000000000000000, 0.000000000000000000, 0.000000000000000000 ) ) ;
#3733 = EDGE_CURVE ( 'NONE', #2748, #3822, #4301, .T. ) ;
#3734 = FACE_OUTER_BOUND ( 'NONE', #5722, .T. ) ;
#3735 = CARTESIAN_POINT ( 'NONE',  ( -6.680000000000000604, -2.259999999999999787, 1.000000000000000000 ) ) ;
#3736 = VECTOR ( 'NONE', #3486, 1000.000000000000000 ) ;
#3737 = ORIENTED_EDGE ( 'NONE', *, *, #1257, .T. ) ;
#3738 = CARTESIAN_POINT ( 'NONE',  ( -32.92999999999999972, -4.559999999999999609, 0.9000000000000000222 ) ) ;
#3739 = AXIS2_PLACEMENT_3D ( 'NONE', #3265, #1400, #4604 ) ;
#3740 = CARTESIAN_POINT ( 'NONE',  ( 56.21999999999999886, 1.039999999999999813, 8.699999999999999289 ) ) ;
#3741 = CYLINDRICAL_SURFACE ( 'NONE', #1135, 1.990000000000000435 ) ;
#3742 = CARTESIAN_POINT ( 'NONE',  ( -7.530000000000000249, -2.259999999999999787, 1.000000000000000000 ) ) ;
#3743 = LOCAL_TIME ( 23, 21, 37.00000000000000000, #3351 ) ;
#3744 = ORIENTED_EDGE ( 'NONE', *, *, #4266, .F. ) ;
#3745 = PRODUCT_DEFINITION ( 'UNKNOWN', '', #7, #3685 ) ;
#3746 = VERTEX_POINT ( 'NONE', #48 ) ;
#3747 = EDGE_CURVE ( 'NONE', #506, #449, #5681, .T. ) ;
#3748 = CARTESIAN_POINT ( 'NONE',  ( 56.17478586693700038, -0.9757304264649999670, 12.21166143807199944 ) ) ;
#3749 = CYLINDRICAL_SURFACE ( 'NONE', #1517, 0.7999999999999999334 ) ;
#3750 = PERSON_AND_ORGANIZATION ( #3002, #3546 ) ;
#3751 = CARTESIAN_POINT ( 'NONE',  ( 56.16999999999999460, -0.9392893218813431755, 12.17928932188133828 ) ) ;
#3752 = CARTESIAN_POINT ( 'NONE',  ( 56.21999999999999886, 3.439999999999999947, 8.699999999999999289 ) ) ;
#3753 = DIRECTION ( 'NONE',  ( 0.2588190451029850347, -0.9659258262889438562, 0.000000000000000000 ) ) ;
#3754 = EDGE_LOOP ( 'NONE', ( #973, #1794, #2840, #3959 ) ) ;
#3755 = VERTEX_POINT ( 'NONE', #83 ) ;
#3756 = LINE ( 'NONE', #5628, #347 ) ;
#3757 = CARTESIAN_POINT ( 'NONE',  ( 56.22724562809000304, 5.952220008228000125, 12.18656128460599852 ) ) ;
#3758 = LINE ( 'NONE', #891, #4622 ) ;
#3759 = CARTESIAN_POINT ( 'NONE',  ( 55.64511491417700029, 1.061425948779999962, 12.13747185964599851 ) ) ;
#3760 = CARTESIAN_POINT ( 'NONE',  ( 56.01643587812100122, 4.027206668579000670, 10.85904298317300132 ) ) ;
#3761 = ORIENTED_EDGE ( 'NONE', *, *, #3167, .F. ) ;
#3762 = DIRECTION ( 'NONE',  ( 0.000000000000000000, 1.000000000000000000, 0.000000000000000000 ) ) ;
#3763 = ORIENTED_EDGE ( 'NONE', *, *, #5505, .T. ) ;
#3764 = CARTESIAN_POINT ( 'NONE',  ( 57.17000000000000171, 3.939999999999999947, 10.20000000000000107 ) ) ;
#3765 = CARTESIAN_POINT ( 'NONE',  ( -43.43000000000000682, -9.553288498889999758, 0.09101299543362000033 ) ) ;
#3766 = CARTESIAN_POINT ( 'NONE',  ( 55.66301877062100090, 3.986664943596999855, 12.13747185964599851 ) ) ;
#3767 = ORIENTED_EDGE ( 'NONE', *, *, #4129, .T. ) ;
#3768 = DIRECTION ( 'NONE',  ( 0.000000000000000000, 0.000000000000000000, -1.000000000000000000 ) ) ;
#3769 = AXIS2_PLACEMENT_3D ( 'NONE', #357, #4053, #1809 ) ;
#3770 = EDGE_CURVE ( 'NONE', #2816, #2313, #4580, .T. ) ;
#3771 = ORIENTED_EDGE ( 'NONE', *, *, #599, .T. ) ;
#3772 = CIRCLE ( 'NONE', #3571, 0.05000000000000143219 ) ;
#3773 = CARTESIAN_POINT ( 'NONE',  ( 32.16999999999999460, 3.140000000000000124, 0.9499999999999999556 ) ) ;
#3774 = DIRECTION ( 'NONE',  ( 0.000000000000000000, 1.000000000000000000, 0.000000000000000000 ) ) ;
#3775 = FACE_OUTER_BOUND ( 'NONE', #5690, .T. ) ;
#3776 = ORIENTED_EDGE ( 'NONE', *, *, #3026, .F. ) ;
#3777 = ORIENTED_EDGE ( 'NONE', *, *, #701, .T. ) ;
#3778 = CARTESIAN_POINT ( 'NONE',  ( 56.22316156320100333, -0.8788704065029999679, 12.20411685184400064 ) ) ;
#3779 = CARTESIAN_POINT ( 'NONE',  ( 56.21675565632700255, -0.8849437192909999084, 12.20000000000000107 ) ) ;
#3780 = APPLICATION_PROTOCOL_DEFINITION ( 'international standard', 'config_control_design', 1994, #2923 ) ;
#3781 = CYLINDRICAL_SURFACE ( 'NONE', #1743, 0.04999999999999969746 ) ;
#3782 = VECTOR ( 'NONE', #3155, 1000.000000000000000 ) ;
#3783 = CARTESIAN_POINT ( 'NONE',  ( 55.69698139744099308, 0.9689855088980000586, 12.28750474492800038 ) ) ;
#3784 = CARTESIAN_POINT ( 'NONE',  ( -53.92309644062378027, 5.019289321881343469, 1.000000000000000000 ) ) ;
#3785 = ORIENTED_EDGE ( 'NONE', *, *, #2973, .T. ) ;
#3786 = EDGE_CURVE ( 'NONE', #2276, #2247, #3374, .T. ) ;
#3787 = EDGE_LOOP ( 'NONE', ( #3813, #3946, #4848, #2981 ) ) ;
#3788 = EDGE_CURVE ( 'NONE', #959, #308, #5168, .T. ) ;
#3789 = AXIS2_PLACEMENT_3D ( 'NONE', #2628, #4522, #2175 ) ;
#3790 = DIRECTION ( 'NONE',  ( 0.000000000000000000, -1.000000000000000000, 0.000000000000000000 ) ) ;
#3791 = CARTESIAN_POINT ( 'NONE',  ( 56.26461086286800395, 5.915710895165000593, 12.18554725338899836 ) ) ;
#3792 = CARTESIAN_POINT ( 'NONE',  ( 56.07000000000000028, -6.959999999999999964, 1.100000000000000089 ) ) ;
#3793 = DIRECTION ( 'NONE',  ( -1.049999999999999904E-15, -1.000000000000000000, 0.000000000000000000 ) ) ;
#3794 = FACE_OUTER_BOUND ( 'NONE', #2378, .T. ) ;
#3795 = ORIENTED_EDGE ( 'NONE', *, *, #2046, .F. ) ;
#3796 = AXIS2_PLACEMENT_3D ( 'NONE', #2533, #1568, #4372 ) ;
#3797 = EDGE_LOOP ( 'NONE', ( #5118, #6089, #1196, #5675 ) ) ;
#3798 = EDGE_CURVE ( 'NONE', #4803, #474, #1279, .T. ) ;
#3799 = ADVANCED_FACE ( 'NONE', ( #3775 ), #1936, .T. ) ;
#3800 = DIRECTION ( 'NONE',  ( -0.8574929257124400683, -0.5144957554276999856, 0.000000000000000000 ) ) ;
#3802 = VECTOR ( 'NONE', #4744, 1000.000000000000000 ) ;
#3801 = CARTESIAN_POINT ( 'NONE',  ( 56.05000292821599572, 5.430909481469000433, 12.13747185964500019 ) ) ;
#3803 = EDGE_CURVE ( 'NONE', #5209, #2332, #2309, .T. ) ;
#3804 = CARTESIAN_POINT ( 'NONE',  ( 56.01011625204699840, 5.282050379435999865, 12.13747185964700037 ) ) ;
#3805 = ORIENTED_EDGE ( 'NONE', *, *, #59, .F. ) ;
#3806 = LINE ( 'NONE', #5676, #735 ) ;
#3807 = AXIS2_PLACEMENT_3D ( 'NONE', #3352, #1099, #231 ) ;
#3808 = ORIENTED_EDGE ( 'NONE', *, *, #2356, .T. ) ;
#3809 = AXIS2_PLACEMENT_3D ( 'NONE', #1727, #4411, #1141 ) ;
#3810 = CARTESIAN_POINT ( 'NONE',  ( 50.07000000000000028, -8.459999970576999928, 0.9499999999999999556 ) ) ;
#3811 = LINE ( 'NONE', #3842, #1628 ) ;
#3812 = DIRECTION ( 'NONE',  ( 1.000000000000000000, -1.355252715606841839E-16, 0.000000000000000000 ) ) ;
#3813 = ORIENTED_EDGE ( 'NONE', *, *, #725, .F. ) ;
#3814 = AXIS2_PLACEMENT_3D ( 'NONE', #5657, #2815, #4311 ) ;
#3815 = ORIENTED_EDGE ( 'NONE', *, *, #3069, .T. ) ;
#3816 = AXIS2_PLACEMENT_3D ( 'NONE', #3237, #374, #2252 ) ;
#3817 = DIRECTION ( 'NONE',  ( -1.000000000000000000, 0.000000000000000000, -8.673617379883787770E-15 ) ) ;
#3818 = CARTESIAN_POINT ( 'NONE',  ( 13.14499999999999957, 0.04000000000000000083, 0.000000000000000000 ) ) ;
#3819 = CARTESIAN_POINT ( 'NONE',  ( 50.07970036274490155, 8.019289321881345245, 1.000000000000000000 ) ) ;
#3820 = EDGE_CURVE ( 'NONE', #1659, #412, #2593, .T. ) ;
#3821 = CYLINDRICAL_SURFACE ( 'NONE', #3707, 1.625000000000001332 ) ;
#3822 = VERTEX_POINT ( 'NONE', #4734 ) ;
#3823 = ORIENTED_EDGE ( 'NONE', *, *, #5843, .T. ) ;
#3824 = FACE_OUTER_BOUND ( 'NONE', #5539, .T. ) ;
#3825 = CARTESIAN_POINT ( 'NONE',  ( 55.68109570555699861, 4.060016284538000342, 12.14685132978800119 ) ) ;
#3826 = DIRECTION ( 'NONE',  ( 0.000000000000000000, -3.614007241618349264E-16, -1.000000000000000000 ) ) ;
#3827 = CARTESIAN_POINT ( 'NONE',  ( 11.52000000000000135, 0.04000000000000000083, 0.000000000000000000 ) ) ;
#3828 = CARTESIAN_POINT ( 'NONE',  ( 32.16999999999999460, 2.339999999999999858, 0.000000000000000000 ) ) ;
#3829 = VERTEX_POINT ( 'NONE', #4799 ) ;
#3830 = VECTOR ( 'NONE', #2399, 1000.000000000000000 ) ;
#3831 = CARTESIAN_POINT ( 'NONE',  ( 56.19071067811864850, 1.039999999999996705, 10.20000000000000817 ) ) ;
#3832 = DIRECTION ( 'NONE',  ( 0.000000000000000000, -1.000000000000000000, 0.000000000000000000 ) ) ;
#3833 = DIRECTION ( 'NONE',  ( 0.000000000000000000, 0.000000000000000000, 1.000000000000000000 ) ) ;
#3834 = FACE_BOUND ( 'NONE', #2195, .T. ) ;
#3835 = ORIENTED_EDGE ( 'NONE', *, *, #3465, .F. ) ;
#3836 = CARTESIAN_POINT ( 'NONE',  ( 52.59313248429099730, 11.03326251296999949, 0.9785370519970000291 ) ) ;
#3837 = VECTOR ( 'NONE', #4628, 1000.000000000000000 ) ;
#3838 = EDGE_LOOP ( 'NONE', ( #5477, #2636, #2922, #108 ) ) ;
#3839 = EDGE_CURVE ( 'NONE', #3980, #561, #1031, .T. ) ;
#3840 = AXIS2_PLACEMENT_3D ( 'NONE', #644, #1992, #2437 ) ;
#3841 = CARTESIAN_POINT ( 'NONE',  ( 56.13664526074000349, 5.567240443145999862, 12.20000000000499973 ) ) ;
#3842 = CARTESIAN_POINT ( 'NONE',  ( 56.21999999999999886, 11.03999999999999915, 7.750000000000000000 ) ) ;
#3843 = CARTESIAN_POINT ( 'NONE',  ( -43.43000000000000682, -9.695061106673000140, -1.000957941762999903 ) ) ;
#3844 = ORIENTED_EDGE ( 'NONE', *, *, #653, .F. ) ;
#3845 = CIRCLE ( 'NONE', #1583, 2.040000000000000036 ) ;
#3846 = EDGE_LOOP ( 'NONE', ( #4277, #370, #1071, #5773 ) ) ;
#3847 = DIRECTION ( 'NONE',  ( 0.000000000000000000, -3.942553354492742052E-16, -1.000000000000000000 ) ) ;
#3848 = CARTESIAN_POINT ( 'NONE',  ( 55.89220627236068850, 0.9936579534172865769, 11.53424314831003805 ) ) ;
#3849 = CARTESIAN_POINT ( 'NONE',  ( 50.07000000000000028, 8.040000000000000924, 0.9499999999999999556 ) ) ;
#3850 = CARTESIAN_POINT ( 'NONE',  ( 55.65022574111500120, 0.9064841678439999884, 12.27333977478300042 ) ) ;
#3851 = CARTESIAN_POINT ( 'NONE',  ( 56.25842814411900150, -0.9600000000000000755, 12.20000000000000107 ) ) ;
#3852 = VERTEX_POINT ( 'NONE', #564 ) ;
#3853 = ORIENTED_EDGE ( 'NONE', *, *, #2334, .F. ) ;
#3854 = EDGE_CURVE ( 'NONE', #5095, #5363, #4825, .T. ) ;
#3855 = DIRECTION ( 'NONE',  ( -0.8000000000000000444, -0.5999999999999999778, 0.000000000000000000 ) ) ;
#3856 = CARTESIAN_POINT ( 'NONE',  ( 56.21999999999999886, 1.539999999999999813, 8.200000000000001066 ) ) ;
#3857 = CYLINDRICAL_SURFACE ( 'NONE', #5109, 1.100000000000000089 ) ;
#3858 = CARTESIAN_POINT ( 'NONE',  ( -6.729999999999999538, -3.059999999999999609, 0.000000000000000000 ) ) ;
#3859 = FACE_OUTER_BOUND ( 'NONE', #5330, .T. ) ;
#3860 = ORIENTED_EDGE ( 'NONE', *, *, #5954, .T. ) ;
#3861 = LINE ( 'NONE', #524, #3830 ) ;
#3862 = DIRECTION ( 'NONE',  ( 1.000000000000000000, 0.000000000000000000, 0.000000000000000000 ) ) ;
#3863 = DIRECTION ( 'NONE',  ( 0.000000000000000000, -1.000000000000000000, 0.000000000000000000 ) ) ;
#3864 = EDGE_LOOP ( 'NONE', ( #5689, #964, #5048, #348 ) ) ;
#3865 = ADVANCED_FACE ( 'NONE', ( #4336 ), #2873, .F. ) ;
#3866 = ADVANCED_FACE ( 'NONE', ( #2933 ), #2902, .T. ) ;
#3867 = VERTEX_POINT ( 'NONE', #2137 ) ;
#3868 = CARTESIAN_POINT ( 'NONE',  ( 56.15943764710100083, 5.652302787166999742, 12.19999999999899920 ) ) ;
#3869 = FACE_OUTER_BOUND ( 'NONE', #3392, .T. ) ;
#3870 = DIRECTION ( 'NONE',  ( -1.000000000000000000, 0.000000000000000000, 0.000000000000000000 ) ) ;
#3871 = AXIS2_PLACEMENT_3D ( 'NONE', #2456, #4349, #3005 ) ;
#3872 = ORIENTED_EDGE ( 'NONE', *, *, #5970, .T. ) ;
#3873 = VERTEX_POINT ( 'NONE', #5799 ) ;
#3874 = VECTOR ( 'NONE', #4243, 1000.000000000000000 ) ;
#3875 = EDGE_CURVE ( 'NONE', #1426, #3852, #1823, .T. ) ;
#3876 = DIRECTION ( 'NONE',  ( 1.000000000000000000, 0.000000000000000000, 0.000000000000000000 ) ) ;
#3877 = CYLINDRICAL_SURFACE ( 'NONE', #163, 0.3999999999999975797 ) ;
#3878 = CARTESIAN_POINT ( 'NONE',  ( -28.17999999999999972, 0.04000000000000000083, 0.9499999999999999556 ) ) ;
#3879 = EDGE_LOOP ( 'NONE', ( #2044, #1126 ) ) ;
#3880 = ORIENTED_EDGE ( 'NONE', *, *, #4052, .T. ) ;
#3881 = DIRECTION ( 'NONE',  ( 1.000000000000000000, 0.000000000000000000, 0.000000000000000000 ) ) ;
#3882 = CARTESIAN_POINT ( 'NONE',  ( 56.18129024282299611, 5.835585086445999714, 12.19277498038299790 ) ) ;
#3883 = DIRECTION ( 'NONE',  ( 1.000000000000000000, 0.000000000000000000, 0.000000000000000000 ) ) ;
#3884 = CYLINDRICAL_SURFACE ( 'NONE', #3007, 0.05000000000000002359 ) ;
#3885 = CARTESIAN_POINT ( 'NONE',  ( 56.16882543099589498, 5.898162983813461935, 12.15833174101521585 ) ) ;
#3886 = ADVANCED_FACE ( 'NONE', ( #226 ), #199, .F. ) ;
#3887 = ORIENTED_EDGE ( 'NONE', *, *, #2803, .F. ) ;
#3888 = VECTOR ( 'NONE', #4430, 1000.000000000000000 ) ;
#3889 = VECTOR ( 'NONE', #1821, 1000.000000000000000 ) ;
#3890 = LINE ( 'NONE', #1989, #5691 ) ;
#3891 = CARTESIAN_POINT ( 'NONE',  ( 56.11838008739700001, 5.686096513524000251, 12.13747185964999886 ) ) ;
#3892 = CARTESIAN_POINT ( 'NONE',  ( 56.18223003333599763, 5.737365131195999446, 12.19999999996699991 ) ) ;
#3893 = EDGE_CURVE ( 'NONE', #4491, #624, #4149, .T. ) ;
#3894 = VECTOR ( 'NONE', #2807, 1000.000000000000000 ) ;
#3895 = EDGE_LOOP ( 'NONE', ( #5912, #2935, #2916, #2001 ) ) ;
#3896 = EDGE_LOOP ( 'NONE', ( #925, #5199, #3934, #3487 ) ) ;
#3897 = CIRCLE ( 'NONE', #4483, 0.7500008362599971390 ) ;
#3898 = CARTESIAN_POINT ( 'NONE',  ( 56.22788222750200049, -0.9424084267250000257, 12.17604026398799810 ) ) ;
#3899 = FACE_OUTER_BOUND ( 'NONE', #3518, .T. ) ;
#3900 = CARTESIAN_POINT ( 'NONE',  ( 55.89732520366499813, 4.674085830950999387, 12.20000000000000107 ) ) ;
#3901 = CARTESIAN_POINT ( 'NONE',  ( 55.70750562738899703, 1.015603262457999811, 12.20000000000000107 ) ) ;
#3902 = DIRECTION ( 'NONE',  ( -1.000000000000000000, 0.000000000000000000, 0.000000000000000000 ) ) ;
#3903 = VERTEX_POINT ( 'NONE', #2528 ) ;
#3904 = EDGE_LOOP ( 'NONE', ( #4674, #3629, #4126, #2154 ) ) ;
#3905 = AXIS2_PLACEMENT_3D ( 'NONE', #540, #944, #447 ) ;
#3906 = DIRECTION ( 'NONE',  ( 0.000000000000000000, -1.000000000000000000, 0.000000000000000000 ) ) ;
#3907 = PERSON_AND_ORGANIZATION_ROLE ( 'classification_officer' ) ;
#3908 = FACE_OUTER_BOUND ( 'NONE', #1418, .T. ) ;
#3909 = CIRCLE ( 'NONE', #4298, 0.4000000000000001887 ) ;
#3910 = DIRECTION ( 'NONE',  ( 0.000000000000000000, 1.000000000000000000, 0.000000000000000000 ) ) ;
#3911 = VERTEX_POINT ( 'NONE', #4854 ) ;
#3912 = ADVANCED_FACE ( 'NONE', ( #2029 ), #4972, .T. ) ;
#3913 = ORIENTED_EDGE ( 'NONE', *, *, #5461, .T. ) ;
#3914 = EDGE_CURVE ( 'NONE', #2467, #221, #4875, .T. ) ;
#3915 = CARTESIAN_POINT ( 'NONE',  ( -50.91827381330575264, -9.939289321881334516, 1.000000000000000000 ) ) ;
#3916 = CYLINDRICAL_SURFACE ( 'NONE', #4978, 1.624999999999999778 ) ;
#3917 = CARTESIAN_POINT ( 'NONE',  ( 56.19207007524599362, 5.891841834231000163, 12.11385645855700055 ) ) ;
#3918 = DIRECTION ( 'NONE',  ( 0.000000000000000000, 0.000000000000000000, 1.000000000000000000 ) ) ;
#3919 = CYLINDRICAL_SURFACE ( 'NONE', #1553, 0.5000000000000000000 ) ;
#3920 = LINE ( 'NONE', #1490, #4727 ) ;
#3921 = ORIENTED_EDGE ( 'NONE', *, *, #2819, .T. ) ;
#3922 = CARTESIAN_POINT ( 'NONE',  ( 56.16999999999999460, 0.9899999999999999911, 10.25000000000000000 ) ) ;
#3923 = CARTESIAN_POINT ( 'NONE',  ( 55.98732386566199892, 5.196988035417000162, 12.13747185964700037 ) ) ;
#3924 = ORIENTED_EDGE ( 'NONE', *, *, #5710, .T. ) ;
#3925 = EDGE_CURVE ( 'NONE', #19, #4537, #5548, .T. ) ;
#3926 = ORIENTED_EDGE ( 'NONE', *, *, #4704, .F. ) ;
#3927 = ADVANCED_FACE ( 'NONE', ( #1590 ), #684, .F. ) ;
#3928 = CARTESIAN_POINT ( 'NONE',  ( 56.25697737001399901, -0.9446918083299999935, 12.18580351663400130 ) ) ;
#3929 = CARTESIAN_POINT ( 'NONE',  ( 56.10245668114600193, 5.439646927118999997, 12.20000000000099938 ) ) ;
#3930 = CARTESIAN_POINT ( 'NONE',  ( 55.80649270137700313, 0.6461784730450000902, 12.20000000000000107 ) ) ;
#3931 = AXIS2_PLACEMENT_3D ( 'NONE', #2250, #372, #1861 ) ;
#3932 = DIRECTION ( 'NONE',  ( 0.000000000000000000, 0.000000000000000000, 1.000000000000000000 ) ) ;
#3933 = VERTEX_POINT ( 'NONE', #1122 ) ;
#3934 = ORIENTED_EDGE ( 'NONE', *, *, #2868, .F. ) ;
#3935 = CARTESIAN_POINT ( 'NONE',  ( 32.96999999999999886, 2.339999999999999858, 0.000000000000000000 ) ) ;
#3936 = CARTESIAN_POINT ( 'NONE',  ( 57.17000000000000171, 1.039999999999999813, 8.699999999999999289 ) ) ;
#3937 = ORIENTED_EDGE ( 'NONE', *, *, #515, .T. ) ;
#3938 = ORIENTED_EDGE ( 'NONE', *, *, #3504, .T. ) ;
#3939 = EDGE_CURVE ( 'NONE', #5209, #5363, #5874, .T. ) ;
#3940 = EDGE_CURVE ( 'NONE', #164, #1191, #4365, .T. ) ;
#3941 = CARTESIAN_POINT ( 'NONE',  ( 56.65202486653899427, 4.008163275343000542, 12.20000000000000107 ) ) ;
#3942 = CARTESIAN_POINT ( 'NONE',  ( 56.16477761060500029, 5.836040183947999616, 12.17221650083899931 ) ) ;
#3943 = FACE_OUTER_BOUND ( 'NONE', #2795, .T. ) ;
#3944 = LINE ( 'NONE', #2067, #34 ) ;
#3945 = DIRECTION ( 'NONE',  ( 0.000000000000000000, -1.000000000000000000, 0.000000000000000000 ) ) ;
#3946 = ORIENTED_EDGE ( 'NONE', *, *, #4285, .F. ) ;
#3947 = DIRECTION ( 'NONE',  ( 0.000000000000000000, 0.000000000000000000, 1.000000000000000000 ) ) ;
#3948 = EDGE_CURVE ( 'NONE', #4216, #5436, #2054, .T. ) ;
#3949 = CARTESIAN_POINT ( 'NONE',  ( 56.17653193700500225, 5.716099545171999807, 12.20000000002400142 ) ) ;
#3950 = DIRECTION ( 'NONE',  ( 0.000000000000000000, 0.000000000000000000, 1.000000000000000000 ) ) ;
#3951 = DIRECTION ( 'NONE',  ( -1.400000000000000069E-16, 1.000000000000000000, 0.000000000000000000 ) ) ;
#3952 = ORIENTED_EDGE ( 'NONE', *, *, #6071, .T. ) ;
#3953 = DIRECTION ( 'NONE',  ( 0.000000000000000000, -1.000000000000000000, 0.000000000000000000 ) ) ;
#3954 = CARTESIAN_POINT ( 'NONE',  ( 55.73777849896200109, 4.078649422820000758, 12.20000000000000107 ) ) ;
#3955 = CARTESIAN_POINT ( 'NONE',  ( 56.14866986831497542, -0.8803948648190002002, 12.19999999999999751 ) ) ;
#3956 = CARTESIAN_POINT ( 'NONE',  ( 57.17000000000000171, -0.9600000000000000755, 12.20000000000000107 ) ) ;
#3957 = ADVANCED_FACE ( 'NONE', ( #5823 ), #256, .T. ) ;
#3958 = ORIENTED_EDGE ( 'NONE', *, *, #4367, .T. ) ;
#3959 = ORIENTED_EDGE ( 'NONE', *, *, #6082, .F. ) ;
#3960 = COORDINATED_UNIVERSAL_TIME_OFFSET ( 5, 30, .AHEAD. ) ;
#3961 = CARTESIAN_POINT ( 'NONE',  ( -6.680000000000000604, -2.259999999999999787, 0.9499999999999999556 ) ) ;
#3962 = CARTESIAN_POINT ( 'NONE',  ( 56.09022664767000066, -0.5997536555789999557, 12.13747185964999886 ) ) ;
#3963 = EDGE_LOOP ( 'NONE', ( #1380, #4433, #2865, #1645 ) ) ;
#3964 = ORIENTED_EDGE ( 'NONE', *, *, #4443, .T. ) ;
#3965 = CIRCLE ( 'NONE', #2097, 1.624999999999999778 ) ;
#3966 = FACE_OUTER_BOUND ( 'NONE', #2657, .T. ) ;
#3967 = CARTESIAN_POINT ( 'NONE',  ( 56.22865167899499994, 5.851237539436000112, 12.18920068204499962 ) ) ;
#3968 = EDGE_CURVE ( 'NONE', #3339, #2230, #3493, .T. ) ;
#3969 = CARTESIAN_POINT ( 'NONE',  ( 56.65202486653899427, 4.008163275343000542, 12.20000000000000107 ) ) ;
#3970 = CARTESIAN_POINT ( 'NONE',  ( 56.21999999999999886, 11.03999999999999915, 3.649999999999999911 ) ) ;
#3971 = CARTESIAN_POINT ( 'NONE',  ( 56.21999999999999886, 3.939999999999999947, 8.699999999999999289 ) ) ;
#3972 = CARTESIAN_POINT ( 'NONE',  ( 52.59341874729899757, 10.99000000000000021, 1.000000000000000000 ) ) ;
#3973 = EDGE_CURVE ( 'NONE', #1466, #4021, #934, .T. ) ;
#3974 = ORIENTED_EDGE ( 'NONE', *, *, #1684, .F. ) ;
#3975 = CYLINDRICAL_SURFACE ( 'NONE', #2442, 0.05000000000000007216 ) ;
#3976 = CARTESIAN_POINT ( 'NONE',  ( 56.11955097088900857, 5.503443685136000241, 12.19999999999099849 ) ) ;
#3977 = AXIS2_PLACEMENT_3D ( 'NONE', #5776, #4371, #3412 ) ;
#3978 = ORIENTED_EDGE ( 'NONE', *, *, #5261, .F. ) ;
#3979 = EDGE_CURVE ( 'NONE', #1390, #1473, #5770, .T. ) ;
#3980 = VERTEX_POINT ( 'NONE', #2582 ) ;
#3981 = EDGE_CURVE ( 'NONE', #2765, #2230, #1630, .T. ) ;
#3982 = EDGE_CURVE ( 'NONE', #3045, #3755, #833, .T. ) ;
#3983 = CARTESIAN_POINT ( 'NONE',  ( 56.16177746441300656, -0.9221010665480000590, 12.13989888590499966 ) ) ;
#3985 = CIRCLE ( 'NONE', #1433, 0.7999999999999999334 ) ;
#3984 = DIRECTION ( 'NONE',  ( -6.000000000000000121E-17, 1.000000000000000000, 0.000000000000000000 ) ) ;
#3986 = CARTESIAN_POINT ( 'NONE',  ( 56.05000292821599572, 5.430909481469000433, 12.13747185964500019 ) ) ;
#3987 = CARTESIAN_POINT ( 'NONE',  ( 55.76689739634802123, 0.5443993974939999037, 12.19999999999999751 ) ) ;
#3988 = CARTESIAN_POINT ( 'NONE',  ( 50.07000000000000028, -8.459999970576999928, 0.000000000000000000 ) ) ;
#3989 = AXIS2_PLACEMENT_3D ( 'NONE', #3742, #1969, #6076 ) ;
#3990 = ORIENTED_EDGE ( 'NONE', *, *, #3687, .T. ) ;
#3991 = DIRECTION ( 'NONE',  ( 0.000000000000000000, -0.7071067811865475727, -0.7071067811865475727 ) ) ;
#3992 = CIRCLE ( 'NONE', #2999, 1.624999999999999778 ) ;
#3993 = CARTESIAN_POINT ( 'NONE',  ( 55.96486852252999711, -0.1319107634770000093, 12.13747185964700037 ) ) ;
#3994 = VERTEX_POINT ( 'NONE', #5062 ) ;
#3995 = ORIENTED_EDGE ( 'NONE', *, *, #6028, .F. ) ;
#3996 = AXIS2_PLACEMENT_3D ( 'NONE', #4711, #2360, #569 ) ;
#3997 = EDGE_CURVE ( 'NONE', #3309, #1390, #3179, .T. ) ;
#3998 = FACE_OUTER_BOUND ( 'NONE', #5219, .T. ) ;
#3999 = CIRCLE ( 'NONE', #5669, 0.05000000000000012768 ) ;
#4000 = CARTESIAN_POINT ( 'NONE',  ( 56.20675386785900685, 5.866275459086000232, 12.21036994177999979 ) ) ;
#4001 = DIRECTION ( 'NONE',  ( 0.000000000000000000, 0.000000000000000000, 1.000000000000000000 ) ) ;
#4002 = CARTESIAN_POINT ( 'NONE',  ( -50.92999999999999972, 5.040000000000000036, 0.9000000000000000222 ) ) ;
#4003 = FACE_OUTER_BOUND ( 'NONE', #4870, .T. ) ;
#4004 = DIRECTION ( 'NONE',  ( 0.000000000000000000, 0.000000000000000000, -1.000000000000000000 ) ) ;
#4005 = VERTEX_POINT ( 'NONE', #1311 ) ;
#4006 = VECTOR ( 'NONE', #3753, 1000.000000000000114 ) ;
#4007 = CARTESIAN_POINT ( 'NONE',  ( -59.22999999999999687, 3.340000000000000302, 0.9499999999999999556 ) ) ;
#4008 = EDGE_LOOP ( 'NONE', ( #4313, #5864, #2021, #1597 ) ) ;
#4009 = ORIENTED_EDGE ( 'NONE', *, *, #44, .T. ) ;
#4010 = DIRECTION ( 'NONE',  ( 1.000000000000000000, -2.386862991665850344E-16, 0.000000000000000000 ) ) ;
#4011 = DIRECTION ( 'NONE',  ( 1.000000000000000000, 0.000000000000000000, 0.000000000000000000 ) ) ;
#4012 = CARTESIAN_POINT ( 'NONE',  ( 56.10274805228700501, 5.690285104702999419, 12.19999999999999751 ) ) ;
#4013 = CARTESIAN_POINT ( 'NONE',  ( 55.63730040753103623, 1.028061944263999328, 12.19999999999999751 ) ) ;
#4014 = CARTESIAN_POINT ( 'NONE',  ( 48.52000000000000313, -9.735619085440999854, -0.9430351452290000047 ) ) ;
#4015 = ORIENTED_EDGE ( 'NONE', *, *, #218, .T. ) ;
#4016 = VECTOR ( 'NONE', #1053, 1000.000000000000000 ) ;
#4017 = DIRECTION ( 'NONE',  ( 0.000000000000000000, 0.000000000000000000, 1.000000000000000000 ) ) ;
#4018 = DIRECTION ( 'NONE',  ( 1.000000000000000000, 0.000000000000000000, 0.000000000000000000 ) ) ;
#4019 = DIRECTION ( 'NONE',  ( 1.000000000000000000, 0.000000000000000000, 0.000000000000000000 ) ) ;
#4020 = VERTEX_POINT ( 'NONE', #2167 ) ;
#4021 = VERTEX_POINT ( 'NONE', #5096 ) ;
#4022 = AXIS2_PLACEMENT_3D ( 'NONE', #1016, #1515, #3883 ) ;
#4023 = DIRECTION ( 'NONE',  ( 0.000000000000000000, -0.1736481776670334987, -0.9848077530121900347 ) ) ;
#4024 = AXIS2_PLACEMENT_3D ( 'NONE', #5486, #799, #3489 ) ;
#4025 = DIRECTION ( 'NONE',  ( 0.000000000000000000, 1.000000000000000000, 0.000000000000000000 ) ) ;
#4026 = CARTESIAN_POINT ( 'NONE',  ( 57.16966295674399845, 5.943856563584001051, 12.20384163566200009 ) ) ;
#4027 = CARTESIAN_POINT ( 'NONE',  ( 56.25809110086299825, 5.940014927922000254, 12.20000000000000107 ) ) ;
#4028 = CARTESIAN_POINT ( 'NONE',  ( 57.17000000000000171, 3.939999999999999947, 8.200000000000001066 ) ) ;
#4029 = LINE ( 'NONE', #5905, #2841 ) ;
#4030 = ORIENTED_EDGE ( 'NONE', *, *, #5410, .F. ) ;
#4031 = EDGE_CURVE ( 'NONE', #5504, #2727, #3399, .T. ) ;
#4032 = FACE_OUTER_BOUND ( 'NONE', #2942, .T. ) ;
#4033 = DIRECTION ( 'NONE',  ( -0.000000000000000000, 1.000000000000000000, 0.000000000000000000 ) ) ;
#4035 = CARTESIAN_POINT ( 'NONE',  ( 55.94326766542337026, 4.845545432455735657, 12.20000000000000107 ) ) ;
#4034 = CC_DESIGN_SECURITY_CLASSIFICATION ( #4342, ( #7 ) ) ;
#4036 = ORIENTED_EDGE ( 'NONE', *, *, #3715, .T. ) ;
#4037 = ORIENTED_EDGE ( 'NONE', *, *, #5326, .T. ) ;
#4038 = CARTESIAN_POINT ( 'NONE',  ( 56.67000000000000171, 0.03671445971683999498, 11.20328554028299983 ) ) ;
#4039 = LINE ( 'NONE', #343, #1182 ) ;
#4040 = CARTESIAN_POINT ( 'NONE',  ( 56.09558770097899583, 5.601034169506999838, 12.13747185964399833 ) ) ;
#4041 = CARTESIAN_POINT ( 'NONE',  ( 56.08452855101800338, -0.5784880695780000304, 12.13747185963799957 ) ) ;
#4042 = EDGE_CURVE ( 'NONE', #3301, #4660, #5069, .T. ) ;
#4043 = CARTESIAN_POINT ( 'NONE',  ( -32.92999999999999972, 4.639999999999999680, 1.000000000000000000 ) ) ;
#4044 = EDGE_CURVE ( 'NONE', #4998, #2748, #1915, .T. ) ;
#4045 = ORIENTED_EDGE ( 'NONE', *, *, #5842, .F. ) ;
#4046 = CARTESIAN_POINT ( 'NONE',  ( 55.71116498356899882, 0.9714471359729999200, 12.19965189133499983 ) ) ;
#4047 = CARTESIAN_POINT ( 'NONE',  ( -33.32999999999999829, 5.040000000000000036, 1.000000000000000000 ) ) ;
#4048 = CARTESIAN_POINT ( 'NONE',  ( 56.02184948848699975, -0.3445666235239999708, 12.13747185964500019 ) ) ;
#4049 = ORIENTED_EDGE ( 'NONE', *, *, #5216, .T. ) ;
#4050 = ADVANCED_FACE ( 'NONE', ( #3119 ), #4389, .T. ) ;
#4051 = CARTESIAN_POINT ( 'NONE',  ( 48.52000000000000313, -8.469999970576999715, 0.9499999999999999556 ) ) ;
#4052 = EDGE_CURVE ( 'NONE', #1251, #5095, #4479, .T. ) ;
#4053 = DIRECTION ( 'NONE',  ( 0.000000000000000000, -1.000000000000000000, 0.000000000000000000 ) ) ;
#4054 = CARTESIAN_POINT ( 'NONE',  ( 1.520000000000000018, 0.04000000000000000083, 0.000000000000000000 ) ) ;
#4055 = DIRECTION ( 'NONE',  ( 0.000000000000000000, -1.000000000000000000, 0.000000000000000000 ) ) ;
#4056 = DIRECTION ( 'NONE',  ( 0.000000000000000000, 0.7071067811865474617, 0.7071067811865474617 ) ) ;
#4057 = CARTESIAN_POINT ( 'NONE',  ( 52.57000000000000028, 10.99000000000000021, 0.9499999999999999556 ) ) ;
#4058 = DIRECTION ( 'NONE',  ( 0.000000000000000000, 0.000000000000000000, 1.000000000000000000 ) ) ;
#4059 = VERTEX_POINT ( 'NONE', #743 ) ;
#4060 = VECTOR ( 'NONE', #1352, 1000.000000000000000 ) ;
#4061 = LINE ( 'NONE', #1300, #1039 ) ;
#4062 = TOROIDAL_SURFACE ( 'NONE', #2979, 1.675000000000000044, 0.05000000000000000278 ) ;
#4063 = DIRECTION ( 'NONE',  ( -1.000000000000000000, 0.000000000000000000, 0.000000000000000000 ) ) ;
#4064 = FACE_OUTER_BOUND ( 'NONE', #5793, .T. ) ;
#4065 = CARTESIAN_POINT ( 'NONE',  ( 55.92083296802081804, 4.761818001903481701, 12.20000000000000107 ) ) ;
#4066 = ORIENTED_EDGE ( 'NONE', *, *, #5334, .F. ) ;
#4067 = VERTEX_POINT ( 'NONE', #2651 ) ;
#4068 = DIRECTION ( 'NONE',  ( 0.000000000000000000, -0.7071067811865475727, -0.7071067811865475727 ) ) ;
#4069 = EDGE_CURVE ( 'NONE', #4491, #4020, #5578, .T. ) ;
#4070 = CYLINDRICAL_SURFACE ( 'NONE', #1281, 1.624999999999999778 ) ;
#4071 = CARTESIAN_POINT ( 'NONE',  ( 56.04006898972502171, 5.456363658652000126, 12.19999999999999751 ) ) ;
#4072 = CARTESIAN_POINT ( 'NONE',  ( 52.56674439731300197, 10.95799078001699911, 0.9499999999999999556 ) ) ;
#4073 = ORIENTED_EDGE ( 'NONE', *, *, #3275, .F. ) ;
#4074 = VECTOR ( 'NONE', #3186, 1000.000000000000000 ) ;
#4075 = CARTESIAN_POINT ( 'NONE',  ( 55.71966024229400460, 0.9718516525779999915, 12.20000000000000107 ) ) ;
#4076 = CARTESIAN_POINT ( 'NONE',  ( 56.21003751683699079, 3.948957282743000174, 10.20894235482099965 ) ) ;
#4077 = CARTESIAN_POINT ( 'NONE',  ( 56.21641861307000454, 5.864958647213000198, 12.20000000000000107 ) ) ;
#4078 = VECTOR ( 'NONE', #4576, 1000.000000000000000 ) ;
#4079 = AXIS2_PLACEMENT_3D ( 'NONE', #3669, #5546, #5516 ) ;
#4080 = EDGE_LOOP ( 'NONE', ( #836, #4419, #3569 ) ) ;
#4081 = AXIS2_PLACEMENT_3D ( 'NONE', #3302, #5185, #2299 ) ;
#4082 = DIRECTION ( 'NONE',  ( -0.000000000000000000, 1.000000000000000000, 0.000000000000000000 ) ) ;
#4083 = CARTESIAN_POINT ( 'NONE',  ( 52.55500768331899764, 11.02200921998299954, 0.9499999999999999556 ) ) ;
#4084 = CARTESIAN_POINT ( 'NONE',  ( -19.98000000000000043, -2.259999999999999787, 1.000000000000000000 ) ) ;
#4085 = LINE ( 'NONE', #1723, #3411 ) ;
#4086 = PLANE ( 'NONE',  #5731 ) ;
#4087 = FACE_OUTER_BOUND ( 'NONE', #2530, .T. ) ;
#4088 = VERTEX_POINT ( 'NONE', #4043 ) ;
#4089 = ADVANCED_FACE ( 'NONE', ( #287 ), #782, .F. ) ;
#4090 = DIRECTION ( 'NONE',  ( 1.000000000000000000, 0.000000000000000000, 8.673617379883787770E-15 ) ) ;
#4091 = CARTESIAN_POINT ( 'NONE',  ( 56.13128420734499713, -0.5659599292239999579, 12.19999999999299867 ) ) ;
#4092 = CARTESIAN_POINT ( 'NONE',  ( 42.84499999999999886, 0.04000000000000000083, 0.000000000000000000 ) ) ;
#4093 = VECTOR ( 'NONE', #4213, 1000.000000000000000 ) ;
#4094 = CARTESIAN_POINT ( 'NONE',  ( 56.12524906756799936, 5.524709271135000321, 12.20000000000900009 ) ) ;
#4095 = EDGE_LOOP ( 'NONE', ( #3635, #2679, #4248, #4681 ) ) ;
#4096 = AXIS2_PLACEMENT_3D ( 'NONE', #4115, #5079, #448 ) ;
#4097 = ORIENTED_EDGE ( 'NONE', *, *, #3606, .F. ) ;
#4098 = CIRCLE ( 'NONE', #1461, 0.04999999999999969746 ) ;
#4099 = PLANE ( 'NONE',  #5889 ) ;
#4100 = CARTESIAN_POINT ( 'NONE',  ( 56.05716327951402889, 5.520160416665997438, 12.20000000000000284 ) ) ;
#4101 = DIRECTION ( 'NONE',  ( 0.000000000000000000, -1.000000000000000000, 0.000000000000000000 ) ) ;
#4102 = ADVANCED_FACE ( 'NONE', ( #5917 ), #3295, .T. ) ;
#4103 = ADVANCED_FACE ( 'NONE', ( #1339 ), #868, .F. ) ;
#4104 = ORIENTED_EDGE ( 'NONE', *, *, #3530, .F. ) ;
#4105 = DIRECTION ( 'NONE',  ( 0.000000000000000000, 1.000000000000000000, 0.000000000000000000 ) ) ;
#4106 = CARTESIAN_POINT ( 'NONE',  ( 52.55500728575099600, 11.02200874290100074, 0.9500882610780000403 ) ) ;
#4107 = LINE ( 'NONE', #5982, #3095 ) ;
#4108 = ORIENTED_EDGE ( 'NONE', *, *, #4340, .T. ) ;
#4109 = CIRCLE ( 'NONE', #2347, 0.7500008362599971390 ) ;
#4110 = DIRECTION ( 'NONE',  ( 1.000000000000000000, 0.000000000000000000, 0.000000000000000000 ) ) ;
#4111 = CARTESIAN_POINT ( 'NONE',  ( 52.59341874729899757, 10.99000000000000021, 0.9499999999999999556 ) ) ;
#4112 = CARTESIAN_POINT ( 'NONE',  ( 56.21641861307000454, 5.864958647213000198, 12.20000000000000107 ) ) ;
#4113 = DIRECTION ( 'NONE',  ( 1.000000000000000000, 0.000000000000000000, 0.000000000000000000 ) ) ;
#4114 = DIRECTION ( 'NONE',  ( 0.000000000000000000, 0.000000000000000000, 1.000000000000000000 ) ) ;
#4115 = CARTESIAN_POINT ( 'NONE',  ( 48.52000000000000313, -8.469999970576999715, -0.1000000000000000056 ) ) ;
#4116 = ORIENTED_EDGE ( 'NONE', *, *, #3649, .T. ) ;
#4117 = EDGE_CURVE ( 'NONE', #2238, #4536, #344, .T. ) ;
#4118 = AXIS2_PLACEMENT_3D ( 'NONE', #4187, #1854, #5113 ) ;
#4119 = ORIENTED_EDGE ( 'NONE', *, *, #2169, .T. ) ;
#4120 = ADVANCED_FACE ( 'NONE', ( #5948 ), #1676, .T. ) ;
#4121 = AXIS2_PLACEMENT_3D ( 'NONE', #681, #5852, #223 ) ;
#4122 = CARTESIAN_POINT ( 'NONE',  ( 57.17000000000000171, -6.959999999999999964, 12.20000000000000107 ) ) ;
#4123 = CARTESIAN_POINT ( 'NONE',  ( 56.12558611082400262, -0.5446943432140000096, 12.20000000000900009 ) ) ;
#4124 = LINE ( 'NONE', #6059, #2249 ) ;
#4125 = CARTESIAN_POINT ( 'NONE',  ( -49.92999999999999972, 7.990000000000000213, 0.9499999999999999556 ) ) ;
#4126 = ORIENTED_EDGE ( 'NONE', *, *, #2464, .F. ) ;
#4127 = VECTOR ( 'NONE', #5901, 1000.000000000000114 ) ;
#4128 = EDGE_LOOP ( 'NONE', ( #134, #2874 ) ) ;
#4129 = EDGE_CURVE ( 'NONE', #3321, #1333, #1467, .T. ) ;
#4130 = PLANE ( 'NONE',  #4819 ) ;
#4131 = LINE ( 'NONE', #899, #5312 ) ;
#4132 = CARTESIAN_POINT ( 'NONE',  ( 55.94173909288499402, 5.026863347379999958, 12.13747185964599851 ) ) ;
#4133 = ORIENTED_EDGE ( 'NONE', *, *, #194, .T. ) ;
#4134 = DIRECTION ( 'NONE',  ( 0.6401843996643816759, 0.7682212795974576736, 0.000000000000000000 ) ) ;
#4135 = ORIENTED_EDGE ( 'NONE', *, *, #4835, .T. ) ;
#4136 = DIRECTION ( 'NONE',  ( 0.000000000000000000, 0.000000000000000000, 1.000000000000000000 ) ) ;
#4137 = DIRECTION ( 'NONE',  ( 0.000000000000000000, 0.000000000000000000, -1.000000000000000000 ) ) ;
#4138 = EDGE_CURVE ( 'NONE', #1390, #449, #3806, .T. ) ;
#4139 = DIRECTION ( 'NONE',  ( 0.000000000000000000, 0.000000000000000000, 1.000000000000000000 ) ) ;
#4140 = EDGE_LOOP ( 'NONE', ( #5937, #1378, #4886, #1612 ) ) ;
#4141 = DIRECTION ( 'NONE',  ( 0.000000000000000000, -1.000000000000000000, 0.000000000000000000 ) ) ;
#4142 = CARTESIAN_POINT ( 'NONE',  ( -60.92999999999999972, -3.259999999999999787, 0.000000000000000000 ) ) ;
#4143 = DIRECTION ( 'NONE',  ( 0.000000000000000000, 0.000000000000000000, -1.000000000000000000 ) ) ;
#4144 = CARTESIAN_POINT ( 'NONE',  ( -19.92999999999999972, 2.339999999999999858, 0.000000000000000000 ) ) ;
#4145 = DIRECTION ( 'NONE',  ( 0.001493306624583059985, 0.9999988850170410393, 0.000000000000000000 ) ) ;
#4146 = DIRECTION ( 'NONE',  ( -1.000000000000000000, 0.000000000000000000, 0.000000000000000000 ) ) ;
#4147 = ORIENTED_EDGE ( 'NONE', *, *, #3213, .T. ) ;
#4148 = EDGE_LOOP ( 'NONE', ( #1491, #5512, #3206, #353 ) ) ;
#4149 =( BOUNDED_CURVE ( )  B_SPLINE_CURVE ( 3, ( #2556, #5309, #1094, #4014 ),
 .UNSPECIFIED., .F., .F. ) 
 B_SPLINE_CURVE_WITH_KNOTS ( ( 4, 4 ),
 ( -4.750866366975969868E-12, 1.570796326800633302 ),
 .UNSPECIFIED. ) 
 CURVE ( )  GEOMETRIC_REPRESENTATION_ITEM ( )  RATIONAL_B_SPLINE_CURVE ( ( 1.000000000000000000, 0.8047378541218931369, 0.8047378541218931369, 1.000000000000000000 ) ) 
 REPRESENTATION_ITEM ( '' )  );
#4150 = FACE_OUTER_BOUND ( 'NONE', #3424, .T. ) ;
#4151 = DIRECTION ( 'NONE',  ( -1.175353200852646841E-16, -1.000000000000000000, -0.000000000000000000 ) ) ;
#4152 = EDGE_CURVE ( 'NONE', #797, #5070, #3897, .T. ) ;
#4153 = CARTESIAN_POINT ( 'NONE',  ( -33.32999999999999829, 5.040000000000000036, 0.9000000000000000222 ) ) ;
#4154 = CARTESIAN_POINT ( 'NONE',  ( 56.11301903403099800, -0.6848159995989999693, 12.13747185964500019 ) ) ;
#4155 = CIRCLE ( 'NONE', #1512, 1.499999999999999556 ) ;
#4156 = DIRECTION ( 'NONE',  ( 0.000000000000000000, -1.000000000000000000, 0.000000000000000000 ) ) ;
#4157 = EDGE_LOOP ( 'NONE', ( #2389, #3080, #1993, #3684 ) ) ;
#4158 = ORIENTED_EDGE ( 'NONE', *, *, #582, .F. ) ;
#4159 = AXIS2_PLACEMENT_3D ( 'NONE', #4111, #811, #2688 ) ;
#4160 = DIRECTION ( 'NONE',  ( 1.000000000000000000, -2.514091994169285716E-16, 0.000000000000000000 ) ) ;
#4161 = LINE ( 'NONE', #3203, #992 ) ;
#4162 = CARTESIAN_POINT ( 'NONE',  ( 55.96453147927400096, 5.111925691397999572, 12.13747185964700037 ) ) ;
#4163 = EDGE_LOOP ( 'NONE', ( #3561, #5484, #3444, #3472 ) ) ;
#4164 = CARTESIAN_POINT ( 'NONE',  ( 32.16999999999999460, 2.339999999999999858, 0.000000000000000000 ) ) ;
#4165 = EDGE_CURVE ( 'NONE', #3293, #661, #435, .T. ) ;
#4166 = ORIENTED_EDGE ( 'NONE', *, *, #4573, .T. ) ;
#4167 = ADVANCED_FACE ( 'NONE', ( #4200 ), #999, .F. ) ;
#4168 = CARTESIAN_POINT ( 'NONE',  ( -19.92999999999999972, -3.059999999999999609, 0.000000000000000000 ) ) ;
#4169 = LINE ( 'NONE', #2198, #2993 ) ;
#4170 = DIRECTION ( 'NONE',  ( 0.000000000000000000, 0.000000000000000000, -1.000000000000000000 ) ) ;
#4171 = AXIS2_PLACEMENT_3D ( 'NONE', #568, #3876, #4891 ) ;
#4172 = VERTEX_POINT ( 'NONE', #2405 ) ;
#4173 = AXIS2_PLACEMENT_3D ( 'NONE', #5632, #4688, #2794 ) ;
#4174 = FACE_BOUND ( 'NONE', #3879, .T. ) ;
#4175 = DIRECTION ( 'NONE',  ( 0.000000000000000000, 0.000000000000000000, 1.000000000000000000 ) ) ;
#4176 = DATE_AND_TIME ( #2416, #3743 ) ;
#4177 = CARTESIAN_POINT ( 'NONE',  ( -53.91827381330576685, -4.939289321881334516, 1.000000000000000000 ) ) ;
#4178 = AXIS2_PLACEMENT_3D ( 'NONE', #4829, #937, #4705 ) ;
#4179 = CYLINDRICAL_SURFACE ( 'NONE', #413, 0.05000000000000012768 ) ;
#4180 = CARTESIAN_POINT ( 'NONE',  ( -32.92999999999999972, -4.559999999999999609, 1.000000000000000000 ) ) ;
#4181 = ORIENTED_EDGE ( 'NONE', *, *, #323, .T. ) ;
#4182 = ORIENTED_EDGE ( 'NONE', *, *, #591, .F. ) ;
#4183 = EDGE_CURVE ( 'NONE', #4537, #19, #3992, .T. ) ;
#4184 = AXIS2_PLACEMENT_3D ( 'NONE', #3268, #5612, #1497 ) ;
#4185 = DIRECTION ( 'NONE',  ( 0.000000000000000000, 0.000000000000000000, -1.000000000000000000 ) ) ;
#4186 = DIRECTION ( 'NONE',  ( 0.000000000000000000, 0.000000000000000000, -1.000000000000000000 ) ) ;
#4187 = CARTESIAN_POINT ( 'NONE',  ( -7.530000000000000249, 3.189999999999999947, 0.9499999999999999556 ) ) ;
#4188 = CARTESIAN_POINT ( 'NONE',  ( 56.14150951718499982, -0.7911439296100000185, 12.13747185968199993 ) ) ;
#4189 = CARTESIAN_POINT ( 'NONE',  ( 56.16966295475619830, 5.943680761930720813, 12.20365685039255865 ) ) ;
#4190 =( BOUNDED_CURVE ( )  B_SPLINE_CURVE ( 2, ( #4077, #5952, #1750 ),
 .UNSPECIFIED., .F., .F. ) 
 B_SPLINE_CURVE_WITH_KNOTS ( ( 3, 3 ),
 ( 0.000000000000000000, 1.000000000000000000 ),
 .UNSPECIFIED. ) 
 CURVE ( )  GEOMETRIC_REPRESENTATION_ITEM ( )  RATIONAL_B_SPLINE_CURVE ( ( 1.000000000000000000, 0.6121426275450000398, 1.000000000000000000 ) ) 
 REPRESENTATION_ITEM ( '' )  );
#4191 = VECTOR ( 'NONE', #1105, 1000.000000000000000 ) ;
#4192 = ORIENTED_EDGE ( 'NONE', *, *, #1615, .T. ) ;
#4193 = ORIENTED_EDGE ( 'NONE', *, *, #921, .F. ) ;
#4194 = AXIS2_PLACEMENT_3D ( 'NONE', #1075, #2631, #2119 ) ;
#4195 = CARTESIAN_POINT ( 'NONE',  ( -50.53000000000000114, 5.040000000000000036, 1.000000000000000000 ) ) ;
#4196 = FACE_BOUND ( 'NONE', #5659, .T. ) ;
#4197 = CIRCLE ( 'NONE', #4984, 0.04999999999999969746 ) ;
#4198 = CARTESIAN_POINT ( 'NONE',  ( 20.57000000000000028, 3.189999999999999947, 0.9499999999999999556 ) ) ;
#4199 = ORIENTED_EDGE ( 'NONE', *, *, #5473, .F. ) ;
#4200 = FACE_OUTER_BOUND ( 'NONE', #3180, .T. ) ;
#4201 = EDGE_CURVE ( 'NONE', #5363, #4555, #4833, .T. ) ;
#4202 = ORIENTED_EDGE ( 'NONE', *, *, #3608, .F. ) ;
#4203 = AXIS2_PLACEMENT_3D ( 'NONE', #496, #3335, #3070 ) ;
#4204 = AXIS2_PLACEMENT_3D ( 'NONE', #946, #1041, #5170 ) ;
#4205 = DIRECTION ( 'NONE',  ( 0.000000000000000000, -1.000000000000000000, 0.000000000000000000 ) ) ;
#4206 = CARTESIAN_POINT ( 'NONE',  ( -49.92999999999999972, 8.040000000000000924, 0.000000000000000000 ) ) ;
#4207 = CARTESIAN_POINT ( 'NONE',  ( 52.55498312158400154, 11.02197974590099960, 0.9527704360150001106 ) ) ;
#4208 = ORIENTED_EDGE ( 'NONE', *, *, #5505, .F. ) ;
#4209 = ORIENTED_EDGE ( 'NONE', *, *, #131, .F. ) ;
#4210 = CARTESIAN_POINT ( 'NONE',  ( 56.28884270383699828, -0.9388169174450000654, 12.18598320508900024 ) ) ;
#4211 = DIRECTION ( 'NONE',  ( 0.000000000000000000, 0.000000000000000000, 1.000000000000000000 ) ) ;
#4212 = PERSON_AND_ORGANIZATION_ROLE ( 'design_owner' ) ;
#4213 = DIRECTION ( 'NONE',  ( 1.000000000000000000, 0.000000000000000000, 0.000000000000000000 ) ) ;
#4214 = CARTESIAN_POINT ( 'NONE',  ( 11.52000000000000135, 0.04000000000000000083, 0.9499999999999999556 ) ) ;
#4215 = DIRECTION ( 'NONE',  ( -1.000000000000000000, 0.000000000000000000, 0.000000000000000000 ) ) ;
#4216 = VERTEX_POINT ( 'NONE', #932 ) ;
#4217 = ORIENTED_EDGE ( 'NONE', *, *, #2199, .T. ) ;
#4218 = CARTESIAN_POINT ( 'NONE',  ( -33.32999999999999829, 5.040000000000000036, 1.000000000000000000 ) ) ;
#4219 = CARTESIAN_POINT ( 'NONE',  ( 56.22123517624299893, 5.978893099633000752, 12.21874102888999936 ) ) ;
#4220 = DIRECTION ( 'NONE',  ( 0.000000000000000000, -1.000000000000000000, 0.000000000000000000 ) ) ;
#4221 = CIRCLE ( 'NONE', #93, 0.8500000000000000888 ) ;
#4222 = CARTESIAN_POINT ( 'NONE',  ( 55.65032659980599306, 1.041975673221000154, 12.13747185964599851 ) ) ;
#4223 = DIRECTION ( 'NONE',  ( 0.000000000000000000, 0.000000000000000000, 1.000000000000000000 ) ) ;
#4224 = EDGE_CURVE ( 'NONE', #2256, #2816, #5270, .T. ) ;
#4225 = ORIENTED_EDGE ( 'NONE', *, *, #5919, .F. ) ;
#4226 = VERTEX_POINT ( 'NONE', #3738 ) ;
#4227 = CARTESIAN_POINT ( 'NONE',  ( 57.17000000000000171, 3.939999999999999947, 8.200000000000001066 ) ) ;
#4228 = CARTESIAN_POINT ( 'NONE',  ( 56.16999999999999460, -5.459999999999999964, 12.14999999999999858 ) ) ;
#4229 = CARTESIAN_POINT ( 'NONE',  ( 55.89615432011100182, 4.856738659343000641, 12.13747185964599851 ) ) ;
#4230 = AXIS2_PLACEMENT_3D ( 'NONE', #1242, #1397, #3762 ) ;
#4231 = ORIENTED_EDGE ( 'NONE', *, *, #2383, .F. ) ;
#4232 = CARTESIAN_POINT ( 'NONE',  ( 57.17000000000000171, 1.039999999999999813, 10.20000000000000107 ) ) ;
#4233 = ORIENTED_EDGE ( 'NONE', *, *, #5202, .F. ) ;
#4234 = CIRCLE ( 'NONE', #5605, 0.05000000000000143219 ) ;
#4235 = EDGE_CURVE ( 'NONE', #4863, #45, #4582, .T. ) ;
#4236 = DIRECTION ( 'NONE',  ( -1.000000000000000000, 0.000000000000000000, 0.000000000000000000 ) ) ;
#4237 = CARTESIAN_POINT ( 'NONE',  ( 56.10279372440299994, -0.4596319991970000407, 12.20000000000099938 ) ) ;
#4238 = EDGE_CURVE ( 'NONE', #3829, #2535, #2346, .T. ) ;
#4239 = DIRECTION ( 'NONE',  ( 0.000000000000000000, -4.336808689942013792E-16, -1.000000000000000000 ) ) ;
#4240 = ORIENTED_EDGE ( 'NONE', *, *, #2818, .T. ) ;
#4241 = ORIENTED_EDGE ( 'NONE', *, *, #673, .T. ) ;
#4242 = CARTESIAN_POINT ( 'NONE',  ( 56.24039282908399429, -0.9009588534090000600, 12.20211567196899871 ) ) ;
#4243 = DIRECTION ( 'NONE',  ( 0.000000000000000000, 0.000000000000000000, 1.000000000000000000 ) ) ;
#4244 = CARTESIAN_POINT ( 'NONE',  ( -43.43000000000000682, -8.469999970576999715, 0.000000000000000000 ) ) ;
#4245 = CARTESIAN_POINT ( 'NONE',  ( 56.00046192463998551, 1.015844398413999761, 10.85688031264599474 ) ) ;
#4246 = FACE_OUTER_BOUND ( 'NONE', #5648, .T. ) ;
#4247 = ORIENTED_EDGE ( 'NONE', *, *, #4561, .F. ) ;
#4248 = ORIENTED_EDGE ( 'NONE', *, *, #6041, .F. ) ;
#4249 = EDGE_CURVE ( 'NONE', #449, #5735, #1938, .T. ) ;
#4250 = EDGE_CURVE ( 'NONE', #3609, #3438, #3723, .T. ) ;
#4251 = CYLINDRICAL_SURFACE ( 'NONE', #5850, 1.100000000000000089 ) ;
#4252 = CARTESIAN_POINT ( 'NONE',  ( 56.19480326514599966, 5.974804266833000810, 12.22364490003400128 ) ) ;
#4253 = CYLINDRICAL_SURFACE ( 'NONE', #2446, 0.7999999999999999334 ) ;
#4254 = CARTESIAN_POINT ( 'NONE',  ( 20.57000000000000028, 3.189999999999999947, 1.000000000000000000 ) ) ;
#4255 = CYLINDRICAL_SURFACE ( 'NONE', #3676, 0.7500008362599994705 ) ;
#4256 = ORIENTED_EDGE ( 'NONE', *, *, #1691, .F. ) ;
#4257 = EDGE_LOOP ( 'NONE', ( #3224, #5446, #5311, #745 ) ) ;
#4258 = LINE ( 'NONE', #1463, #4016 ) ;
#4259 = FACE_OUTER_BOUND ( 'NONE', #5283, .T. ) ;
#4260 = CARTESIAN_POINT ( 'NONE',  ( 55.95313528607199061, 5.069394519390000298, 12.13747185964500019 ) ) ;
#4261 = ORIENTED_EDGE ( 'NONE', *, *, #2819, .F. ) ;
#4262 = CARTESIAN_POINT ( 'NONE',  ( 52.57177904840299476, 10.96403236132499970, 1.000000000000000000 ) ) ;
#4263 = CIRCLE ( 'NONE', #521, 1.100000000000000089 ) ;
#4264 = CIRCLE ( 'NONE', #4759, 0.7999999999999999334 ) ;
#4265 = ORIENTED_EDGE ( 'NONE', *, *, #3979, .T. ) ;
#4266 = EDGE_CURVE ( 'NONE', #4537, #2727, #246, .T. ) ;
#4267 = CARTESIAN_POINT ( 'NONE',  ( 50.06142135635669632, -8.439289292458340697, 1.000000000000000000 ) ) ;
#4268 = CARTESIAN_POINT ( 'NONE',  ( 56.20535946309900055, -0.8424125472850000351, 12.19999999999299867 ) ) ;
#4269 = CARTESIAN_POINT ( 'NONE',  ( 52.58197915245600029, 10.97627248618799989, 1.000000000000000000 ) ) ;
#4270 = VERTEX_POINT ( 'NONE', #2271 ) ;
#4271 = DIRECTION ( 'NONE',  ( 0.000000000000000000, 0.000000000000000000, -1.000000000000000000 ) ) ;
#4272 = PERSON_AND_ORGANIZATION ( #3002, #3546 ) ;
#4273 = CARTESIAN_POINT ( 'NONE',  ( -33.32999999999999829, -4.559999999999999609, 1.000000000000000000 ) ) ;
#4274 = CLOSED_SHELL ( 'NONE', ( #1223, #4675, #4997, #2246, #4428, #2126, #4453, #410, #993 ) ) ;
#4275 = DIRECTION ( 'NONE',  ( 1.000000000000000000, 0.000000000000000000, 0.000000000000000000 ) ) ;
#4276 = FACE_OUTER_BOUND ( 'NONE', #1181, .T. ) ;
#4277 = ORIENTED_EDGE ( 'NONE', *, *, #3275, .T. ) ;
#4278 = ORIENTED_EDGE ( 'NONE', *, *, #5786, .T. ) ;
#4279 = AXIS2_PLACEMENT_3D ( 'NONE', #4007, #4563, #3607 ) ;
#4280 = CARTESIAN_POINT ( 'NONE',  ( 48.57000000000000028, -9.695061106673000140, -1.000957941762999903 ) ) ;
#4281 = DIRECTION ( 'NONE',  ( 1.000000000000000000, 0.000000000000000000, 0.000000000000000000 ) ) ;
#4282 = DIRECTION ( 'NONE',  ( 1.000000000000000000, 0.000000000000000000, 0.000000000000000000 ) ) ;
#4283 = DIRECTION ( 'NONE',  ( 0.000000000000000000, 0.000000000000000000, 1.000000000000000000 ) ) ;
#4284 = LINE ( 'NONE', #4381, #5598 ) ;
#4285 = EDGE_CURVE ( 'NONE', #4856, #145, #4974, .T. ) ;
#4286 = VERTEX_POINT ( 'NONE', #333 ) ;
#4287 = AXIS2_PLACEMENT_3D ( 'NONE', #659, #688, #4457 ) ;
#4288 = AXIS2_PLACEMENT_3D ( 'NONE', #1683, #1159, #1563 ) ;
#4289 = CARTESIAN_POINT ( 'NONE',  ( 57.16966295674399845, 5.940014927922000254, 12.20000000000000107 ) ) ;
#4291 = VECTOR ( 'NONE', #3256, 1000.000000000000000 ) ;
#4290 = CARTESIAN_POINT ( 'NONE',  ( 55.70636057171885369, 4.148418747387203176, 12.13747185964599851 ) ) ;
#4292 = CARTESIAN_POINT ( 'NONE',  ( 32.96999999999999886, 3.140000000000000124, 0.000000000000000000 ) ) ;
#4293 = DIRECTION ( 'NONE',  ( 0.000000000000000000, 0.000000000000000000, 1.000000000000000000 ) ) ;
#4294 = ORIENTED_EDGE ( 'NONE', *, *, #840, .F. ) ;
#4295 = CARTESIAN_POINT ( 'NONE',  ( 11.52000000000000135, 0.04000000000000000083, 0.9499999999999999556 ) ) ;
#4296 = AXIS2_PLACEMENT_3D ( 'NONE', #2848, #3280, #2003 ) ;
#4297 = ORIENTED_EDGE ( 'NONE', *, *, #4980, .F. ) ;
#4298 = AXIS2_PLACEMENT_3D ( 'NONE', #4868, #3450, #4842 ) ;
#4299 = CARTESIAN_POINT ( 'NONE',  ( 55.97709855601600282, 4.971804035016999634, 12.20000000000000107 ) ) ;
#4300 = CARTESIAN_POINT ( 'NONE',  ( 56.05720895163000250, -0.2895073111600000026, 12.20000000000099938 ) ) ;
#4301 = LINE ( 'NONE', #1998, #3894 ) ;
#4302 = EDGE_CURVE ( 'NONE', #3526, #3309, #3689, .T. ) ;
#4303 = ORIENTED_EDGE ( 'NONE', *, *, #4266, .T. ) ;
#4304 = AXIS2_PLACEMENT_3D ( 'NONE', #981, #2419, #3282 ) ;
#4305 = ORIENTED_EDGE ( 'NONE', *, *, #417, .F. ) ;
#4306 = VECTOR ( 'NONE', #904, 1000.000000000000000 ) ;
#4307 = DIRECTION ( 'NONE',  ( 0.000000000000000000, 0.000000000000000000, -1.000000000000000000 ) ) ;
#4308 = DIRECTION ( 'NONE',  ( 1.000000000000000000, 0.000000000000000000, 0.000000000000000000 ) ) ;
#4309 = DIRECTION ( 'NONE',  ( -1.000000000000000000, 0.000000000000000000, 0.000000000000000000 ) ) ;
#4310 = LINE ( 'NONE', #5687, #1803 ) ;
#4311 = DIRECTION ( 'NONE',  ( 1.000000000000000000, -2.508228906496316625E-16, 0.000000000000000000 ) ) ;
#4312 = VERTEX_POINT ( 'NONE', #5966 ) ;
#4313 = ORIENTED_EDGE ( 'NONE', *, *, #4937, .T. ) ;
#4314 = DIRECTION ( 'NONE',  ( 0.000000000000000000, 0.000000000000000000, 1.000000000000000000 ) ) ;
#4315 = CARTESIAN_POINT ( 'NONE',  ( 56.25657938525999668, 5.894670697220999678, 12.18870802201699810 ) ) ;
#4316 = EDGE_CURVE ( 'NONE', #2217, #265, #5478, .T. ) ;
#4317 = DIRECTION ( 'NONE',  ( 0.000000000000000000, 1.000000000000000000, 0.000000000000000000 ) ) ;
#4318 = CARTESIAN_POINT ( 'NONE',  ( 55.63990322854900228, 1.080876224338999991, 12.13747185964599851 ) ) ;
#4319 = CARTESIAN_POINT ( 'NONE',  ( 55.71966024229400460, 0.9718516525779999915, 12.20000000000000107 ) ) ;
#4320 = ADVANCED_FACE ( 'NONE', ( #4150 ), #4595, .T. ) ;
#4321 = ORIENTED_EDGE ( 'NONE', *, *, #2463, .T. ) ;
#4322 = CC_DESIGN_PERSON_AND_ORGANIZATION_ASSIGNMENT ( #1845, #5133, ( #7 ) ) ;
#4323 = VECTOR ( 'NONE', #2073, 1000.000000000000114 ) ;
#4324 = DIRECTION ( 'NONE',  ( 0.000000000000000000, 0.000000000000000000, -1.000000000000000000 ) ) ;
#4325 = DIRECTION ( 'NONE',  ( -0.000000000000000000, 1.000000000000000000, 0.000000000000000000 ) ) ;
#4326 = CARTESIAN_POINT ( 'NONE',  ( 56.16999999999999460, 2.040000000000000036, 6.649999999999999467 ) ) ;
#4327 = FACE_OUTER_BOUND ( 'NONE', #767, .T. ) ;
#4328 = VERTEX_POINT ( 'NONE', #6021 ) ;
#4329 = CARTESIAN_POINT ( 'NONE',  ( 57.17000000000000171, 11.03999999999999915, 10.69999999999999929 ) ) ;
#4330 = TOROIDAL_SURFACE ( 'NONE', #286, 0.8499999999999999778, 0.05000000000000000278 ) ;
#4331 = ORIENTED_EDGE ( 'NONE', *, *, #6012, .T. ) ;
#4332 = EDGE_CURVE ( 'NONE', #1000, #2780, #5566, .T. ) ;
#4333 = AXIS2_PLACEMENT_3D ( 'NONE', #5785, #1920, #2892 ) ;
#4334 = CARTESIAN_POINT ( 'NONE',  ( 56.17653193700500225, 5.716099545171999807, 12.20000000002400142 ) ) ;
#4335 = CARTESIAN_POINT ( 'NONE',  ( -19.13000000000000256, 2.339999999999999858, 0.000000000000000000 ) ) ;
#4336 = FACE_OUTER_BOUND ( 'NONE', #4140, .T. ) ;
#4337 = ORIENTED_EDGE ( 'NONE', *, *, #1608, .F. ) ;
#4338 = CIRCLE ( 'NONE', #4831, 1.099999999999999867 ) ;
#4339 = ORIENTED_EDGE ( 'NONE', *, *, #4416, .F. ) ;
#4340 = EDGE_CURVE ( 'NONE', #1473, #2362, #3688, .T. ) ;
#4341 = CARTESIAN_POINT ( 'NONE',  ( 32.16999999999999460, 2.339999999999999858, 0.9499999999999999556 ) ) ;
#4342 = SECURITY_CLASSIFICATION ( '', '', #2939 ) ;
#4343 = PERSON_AND_ORGANIZATION ( #3002, #3546 ) ;
#4344 = DIRECTION ( 'NONE',  ( 0.000000000000000000, -0.9848077530121899237, 0.1736481776670333876 ) ) ;
#4345 = CARTESIAN_POINT ( 'NONE',  ( 56.65236190979500464, 0.9718516525779999915, 12.20000000000000107 ) ) ;
#4346 = VERTEX_POINT ( 'NONE', #5599 ) ;
#4347 = VERTEX_POINT ( 'NONE', #819 ) ;
#4348 = EDGE_CURVE ( 'NONE', #3822, #401, #546, .T. ) ;
#4349 = DIRECTION ( 'NONE',  ( 1.000000000000000000, 0.000000000000000000, 0.000000000000000000 ) ) ;
#4350 = FACE_OUTER_BOUND ( 'NONE', #1444, .T. ) ;
#4351 = CARTESIAN_POINT ( 'NONE',  ( 56.16144042115600143, 5.902115994468999816, 12.13989888590499966 ) ) ;
#4352 = CARTESIAN_POINT ( 'NONE',  ( -53.92999999999999972, -4.959999999999999964, 0.000000000000000000 ) ) ;
#4353 = DIRECTION ( 'NONE',  ( 1.000000000000000000, 0.000000000000000000, 0.000000000000000000 ) ) ;
#4354 = CARTESIAN_POINT ( 'NONE',  ( 56.16966371616525322, 5.937007938178341604, 12.19745810055983526 ) ) ;
#4355 = ORIENTED_EDGE ( 'NONE', *, *, #4864, .T. ) ;
#4356 = DIRECTION ( 'NONE',  ( 0.000000000000000000, -0.9848077530121899237, 0.1736481776670334987 ) ) ;
#4357 = CARTESIAN_POINT ( 'NONE',  ( 56.13547437700900389, 5.749893271550999607, 12.13747185961200081 ) ) ;
#4358 = DIRECTION ( 'NONE',  ( 0.000000000000000000, 0.000000000000000000, -1.000000000000000000 ) ) ;
#4359 = EDGE_LOOP ( 'NONE', ( #1658, #1312, #5238, #6088, #560, #4375, #5116, #3 ) ) ;
#4360 = VERTEX_POINT ( 'NONE', #1817 ) ;
#4361 = CARTESIAN_POINT ( 'NONE',  ( 56.26494790612400010, -0.9356959672440000597, 12.18554725338899836 ) ) ;
#4362 = DIRECTION ( 'NONE',  ( 0.000000000000000000, 0.000000000000000000, -1.000000000000000000 ) ) ;
#4363 = CARTESIAN_POINT ( 'NONE',  ( 56.04547571516700089, 5.226991067073000430, 12.19999999999800089 ) ) ;
#4364 = CARTESIAN_POINT ( 'NONE',  ( 55.69187057050399403, 1.073954089134000034, 12.20000000000000107 ) ) ;
#4365 = LINE ( 'NONE', #5887, #1033 ) ;
#4366 = VECTOR ( 'NONE', #3564, 1000.000000000000000 ) ;
#4367 = EDGE_CURVE ( 'NONE', #5906, #4689, #4061, .T. ) ;
#4368 = ORIENTED_EDGE ( 'NONE', *, *, #1050, .F. ) ;
#4369 = ORIENTED_EDGE ( 'NONE', *, *, #1709, .T. ) ;
#4370 = VECTOR ( 'NONE', #4603, 1000.000000000000000 ) ;
#4371 = DIRECTION ( 'NONE',  ( 1.000000000000000000, 0.000000000000000000, 0.000000000000000000 ) ) ;
#4372 = DIRECTION ( 'NONE',  ( 0.000000000000000000, 1.000000000000000000, 0.000000000000000000 ) ) ;
#4373 = CARTESIAN_POINT ( 'NONE',  ( 56.15290571029200350, -0.8336751016260000036, 12.13747185966300002 ) ) ;
#4374 = ORIENTED_EDGE ( 'NONE', *, *, #5217, .T. ) ;
#4375 = ORIENTED_EDGE ( 'NONE', *, *, #437, .F. ) ;
#4376 = CARTESIAN_POINT ( 'NONE',  ( -53.92999999999999972, 4.989999999999999325, 0.9499999999999999556 ) ) ;
#4377 = DIRECTION ( 'NONE',  ( 0.000000000000000000, 0.000000000000000000, 1.000000000000000000 ) ) ;
#4378 = CARTESIAN_POINT ( 'NONE',  ( 56.18163673000699987, 5.898853099206999850, 12.10317581660400066 ) ) ;
#4379 = DIRECTION ( 'NONE',  ( 0.000000000000000000, 1.000000000000000000, 0.000000000000000000 ) ) ;
#4380 = CYLINDRICAL_SURFACE ( 'NONE', #4402, 1.700000000000000178 ) ;
#4381 = CARTESIAN_POINT ( 'NONE',  ( 57.17000000000000171, 5.940000000000000391, 7.700000000000000178 ) ) ;
#4382 = ORIENTED_EDGE ( 'NONE', *, *, #4044, .T. ) ;
#4383 = ADVANCED_FACE ( 'NONE', ( #6057 ), #366, .T. ) ;
#4384 = CIRCLE ( 'NONE', #1724, 0.8499999999999965361 ) ;
#4385 = DIRECTION ( 'NONE',  ( 1.000000000000000000, 0.000000000000000000, 0.000000000000000000 ) ) ;
#4386 = CARTESIAN_POINT ( 'NONE',  ( 56.14117247392900367, 5.771158857531000663, 12.13747185968199993 ) ) ;
#4387 = DIRECTION ( 'NONE',  ( 1.000000000000000000, -2.386862991665844920E-16, 0.000000000000000000 ) ) ;
#4388 = VECTOR ( 'NONE', #3421, 1000.000000000000000 ) ;
#4389 = TOROIDAL_SURFACE ( 'NONE', #2408, 1.050000000000000044, 0.05000000000000000278 ) ;
#4390 = ORIENTED_EDGE ( 'NONE', *, *, #4487, .F. ) ;
#4391 = ORIENTED_EDGE ( 'NONE', *, *, #4429, .T. ) ;
#4392 = VECTOR ( 'NONE', #3387, 1000.000000000000000 ) ;
#4393 = CARTESIAN_POINT ( 'NONE',  ( 56.20709091111499589, -0.8862605311649999207, 12.21036994177999979 ) ) ;
#4394 = CARTESIAN_POINT ( 'NONE',  ( 56.11984234206799016, 5.754081862717001172, 12.20000000000000107 ) ) ;
#4395 = CARTESIAN_POINT ( 'NONE',  ( 55.71011147020399790, 1.005878124679000063, 12.20000000000000107 ) ) ;
#4396 = EDGE_CURVE ( 'NONE', #661, #3015, #5052, .T. ) ;
#4397 = CARTESIAN_POINT ( 'NONE',  ( 52.59341874729899757, 10.99000000000000021, 1.000000000000000000 ) ) ;
#4398 = ORIENTED_EDGE ( 'NONE', *, *, #5410, .T. ) ;
#4399 = ORIENTED_EDGE ( 'NONE', *, *, #5187, .T. ) ;
#4400 = AXIS2_PLACEMENT_3D ( 'NONE', #115, #24, #2910 ) ;
#4401 = CARTESIAN_POINT ( 'NONE',  ( 56.23149848177300214, 3.942905664547999844, 10.20289073662600110 ) ) ;
#4402 = AXIS2_PLACEMENT_3D ( 'NONE', #2857, #5727, #2041 ) ;
#4403 = CYLINDRICAL_SURFACE ( 'NONE', #1154, 0.04999999999999969746 ) ;
#4404 = ORIENTED_EDGE ( 'NONE', *, *, #4183, .T. ) ;
#4405 = ORIENTED_EDGE ( 'NONE', *, *, #1274, .T. ) ;
#4406 = EDGE_CURVE ( 'NONE', #3829, #5858, #423, .T. ) ;
#4407 = AXIS2_PLACEMENT_3D ( 'NONE', #4544, #804, #3060 ) ;
#4408 = CARTESIAN_POINT ( 'NONE',  ( -6.729999999999999538, 2.339999999999999858, 0.9499999999999999556 ) ) ;
#4409 = CARTESIAN_POINT ( 'NONE',  ( 56.14760375517899860, 5.865021958836999616, 12.16739342198899898 ) ) ;
#4410 = CARTESIAN_POINT ( 'NONE',  ( 56.18604687050630275, 1.039298552411568100, 10.14081371155640099 ) ) ;
#4411 = DIRECTION ( 'NONE',  ( 1.000000000000000000, 0.000000000000000000, 0.000000000000000000 ) ) ;
#4412 = CYLINDRICAL_SURFACE ( 'NONE', #4333, 0.05000000000000143219 ) ;
#4413 = ORIENTED_EDGE ( 'NONE', *, *, #1307, .F. ) ;
#4414 = ADVANCED_BREP_SHAPE_REPRESENTATION ( 'Panel', ( #3348, #3445, #1374, #994 ), #2853 ) ;
#4415 = DIRECTION ( 'NONE',  ( -0.000000000000000000, 1.000000000000000000, 0.000000000000000000 ) ) ;
#4416 = EDGE_CURVE ( 'NONE', #2492, #5840, #1638, .T. ) ;
#4417 = CARTESIAN_POINT ( 'NONE',  ( 56.19932432336300110, 5.801161889192999688, 12.20000000001800089 ) ) ;
#4418 = ORIENTED_EDGE ( 'NONE', *, *, #3494, .T. ) ;
#4419 = ORIENTED_EDGE ( 'NONE', *, *, #3346, .T. ) ;
#4420 = CARTESIAN_POINT ( 'NONE',  ( 56.16479050092399916, -0.9378667080740000772, 12.20052350519499917 ) ) ;
#4421 = CARTESIAN_POINT ( 'NONE',  ( 55.82894804450700832, 4.418898798895000368, 12.20000000000000107 ) ) ;
#4422 = CARTESIAN_POINT ( 'NONE',  ( 55.88085932827796398, 0.1190876774010000833, 12.19999999999999751 ) ) ;
#4423 = VECTOR ( 'NONE', #2221, 1000.000000000000000 ) ;
#4424 = CARTESIAN_POINT ( 'NONE',  ( 56.21999999999999886, 3.989999999999999769, 10.20000000000000107 ) ) ;
#4425 = EDGE_LOOP ( 'NONE', ( #4391, #5832, #1922, #4209 ) ) ;
#4426 = ORIENTED_EDGE ( 'NONE', *, *, #5571, .T. ) ;
#4427 = VECTOR ( 'NONE', #676, 1000.000000000000000 ) ;
#4428 = ADVANCED_FACE ( 'NONE', ( #2729 ), #4966, .T. ) ;
#4429 = EDGE_CURVE ( 'NONE', #4935, #5231, #2759, .T. ) ;
#4430 = DIRECTION ( 'NONE',  ( 0.000000000000000000, 1.000000000000000000, 0.000000000000000000 ) ) ;
#4431 = LINE ( 'NONE', #3468, #5670 ) ;
#4432 = CARTESIAN_POINT ( 'NONE',  ( 48.52000000000000313, -8.469999970576999715, 1.000000000000000000 ) ) ;
#4433 = ORIENTED_EDGE ( 'NONE', *, *, #895, .T. ) ;
#4434 = ORIENTED_EDGE ( 'NONE', *, *, #5028, .F. ) ;
#4435 = DIRECTION ( 'NONE',  ( -1.000000000000000000, 0.000000000000000000, 0.000000000000000000 ) ) ;
#4436 = CARTESIAN_POINT ( 'NONE',  ( 33.02000000000000313, -2.259999999999999787, 1.000000000000000000 ) ) ;
#4437 = ADVANCED_FACE ( 'NONE', ( #5140 ), #919, .F. ) ;
#4438 = DIRECTION ( 'NONE',  ( 1.000000000000000000, 0.000000000000000000, 0.000000000000000000 ) ) ;
#4439 = DIRECTION ( 'NONE',  ( -1.000000000000000000, 2.710505431213754182E-16, 0.000000000000000000 ) ) ;
#4440 = CARTESIAN_POINT ( 'NONE',  ( 56.21999999999999886, 5.890000000000000568, 5.709999999999999964 ) ) ;
#4441 = ADVANCED_FACE ( 'NONE', ( #454 ), #951, .T. ) ;
#4442 = ORIENTED_EDGE ( 'NONE', *, *, #3939, .F. ) ;
#4443 = EDGE_CURVE ( 'NONE', #685, #474, #3756, .T. ) ;
#4444 = CARTESIAN_POINT ( 'NONE',  ( -50.92999999999999972, -4.559999999999999609, 0.9000000000000000222 ) ) ;
#4445 = CARTESIAN_POINT ( 'NONE',  ( 56.10245668114600193, 5.439646927118999997, 12.20000000000099938 ) ) ;
#4446 = ORIENTED_EDGE ( 'NONE', *, *, #4069, .T. ) ;
#4447 = VERTEX_POINT ( 'NONE', #3286 ) ;
#4448 = B_SPLINE_CURVE_WITH_KNOTS ( 'NONE', 11,
 ( #5257, #2913, #571, #4373, #5746, #1540, #4836, #3470, #5316, #5405, #3441, #627, #3560, #3962, #3000, #4519, #717, #1166, #3034, #174, #1130, #3501, #4048, #2113, #1194, #3062, #4945, #3993, #1101, #4895, #752, #5378, #4489, #2589, #232, #1220, #2508, #4921, #2560, #5830, #5863, #1657 ),
 .UNSPECIFIED., .F., .F.,
 ( 12, 10, 10, 10, 12 ),
 ( 0.06039754563803999970, 0.3025708468220000280, 0.5447441480060000174, 1.029090750373999885, 1.932597477101920092 ),
 .UNSPECIFIED. ) ;
#4449 = DIRECTION ( 'NONE',  ( 0.000000000000000000, 0.000000000000000000, 1.000000000000000000 ) ) ;
#4450 = CARTESIAN_POINT ( 'NONE',  ( 56.10128579758900003, 5.622299755511000363, 12.13747185964599851 ) ) ;
#4451 = CARTESIAN_POINT ( 'NONE',  ( 55.78968978273401547, 0.4593370534750003120, 12.20000000000000284 ) ) ;
#4452 = DIRECTION ( 'NONE',  ( 0.000000000000000000, 0.000000000000000000, 1.000000000000000000 ) ) ;
#4453 = ADVANCED_FACE ( 'NONE', ( #516 ), #2008, .F. ) ;
#4454 = ORIENTED_EDGE ( 'NONE', *, *, #1725, .F. ) ;
#4455 = B_SPLINE_CURVE_WITH_KNOTS ( 'NONE', 3,
 ( #4189, #4354, #4781, #581, #610, #3885, #2042, #124 ),
 .UNSPECIFIED., .F., .F.,
 ( 4, 2, 2, 4 ),
 ( 0.000000000000000000, 0.2500000000000089928, 0.5000000000000179856, 1.000000000000000000 ),
 .UNSPECIFIED. ) ;
#4456 = DIRECTION ( 'NONE',  ( 0.000000000000000000, 0.000000000000000000, 1.000000000000000000 ) ) ;
#4457 = DIRECTION ( 'NONE',  ( 0.000000000000000000, 0.000000000000000000, -1.000000000000000000 ) ) ;
#4458 = DIRECTION ( 'NONE',  ( 0.000000000000000000, 1.000000000000000000, 0.000000000000000000 ) ) ;
#4459 = ORIENTED_EDGE ( 'NONE', *, *, #1100, .T. ) ;
#4460 = ORIENTED_EDGE ( 'NONE', *, *, #1134, .T. ) ;
#4461 = VECTOR ( 'NONE', #2849, 1000.000000000000114 ) ;
#4462 = LINE ( 'NONE', #1104, #2671 ) ;
#4463 = CARTESIAN_POINT ( 'NONE',  ( 19.76999999999999957, -2.259999999999999787, 0.000000000000000000 ) ) ;
#4464 = DIRECTION ( 'NONE',  ( -1.000000000000000000, 0.000000000000000000, 0.000000000000000000 ) ) ;
#4465 = CARTESIAN_POINT ( 'NONE',  ( -6.680000000000000604, 2.339999999999999858, 0.9499999999999999556 ) ) ;
#4466 = DIRECTION ( 'NONE',  ( 1.000000000000000000, 0.000000000000000000, 0.000000000000000000 ) ) ;
#4467 = CARTESIAN_POINT ( 'NONE',  ( -59.22999999999999687, 5.040000000000000036, 0.000000000000000000 ) ) ;
#4468 = CARTESIAN_POINT ( 'NONE',  ( -49.92999999999999972, 8.040000000000000924, 0.000000000000000000 ) ) ;
#4469 = ORIENTED_EDGE ( 'NONE', *, *, #1499, .F. ) ;
#4470 = DIRECTION ( 'NONE',  ( 0.7071067881220476359, 0.7071067742510475096, 0.000000000000000000 ) ) ;
#4471 = EDGE_CURVE ( 'NONE', #164, #3867, #5174, .T. ) ;
#4472 = CARTESIAN_POINT ( 'NONE',  ( 56.03407952198899977, 5.184459895063000090, 12.20000000000200124 ) ) ;
#4473 = VECTOR ( 'NONE', #4456, 1000.000000000000000 ) ;
#4474 = VERTEX_POINT ( 'NONE', #4218 ) ;
#4475 = VECTOR ( 'NONE', #4223, 1000.000000000000000 ) ;
#4476 = EDGE_LOOP ( 'NONE', ( #2711, #3052, #2875, #247 ) ) ;
#4477 = CARTESIAN_POINT ( 'NONE',  ( 56.16999999999999460, 3.989999999999999769, 10.25000000000000000 ) ) ;
#4479 = CIRCLE ( 'NONE', #1731, 0.04999999999999911460 ) ;
#4478 = DIRECTION ( 'NONE',  ( 0.000000000000000000, 0.000000000000000000, -1.000000000000000000 ) ) ;
#4480 = CARTESIAN_POINT ( 'NONE',  ( 56.14117247392900367, 5.771158857531000663, 12.13747185968199993 ) ) ;
#4481 = CARTESIAN_POINT ( 'NONE',  ( 55.70229394176099902, 1.035053538017000063, 12.20000000000000107 ) ) ;
#4482 = CARTESIAN_POINT ( 'NONE',  ( -19.98000000000000043, 2.339999999999999858, 0.9499999999999999556 ) ) ;
#4483 = AXIS2_PLACEMENT_3D ( 'NONE', #2831, #4729, #4667 ) ;
#4484 = ORIENTED_EDGE ( 'NONE', *, *, #2099, .F. ) ;
#4485 = LINE ( 'NONE', #2227, #2584 ) ;
#4486 = DIRECTION ( 'NONE',  ( 0.000000000000000000, 0.000000000000000000, 1.000000000000000000 ) ) ;
#4487 = EDGE_CURVE ( 'NONE', #4996, #1690, #4811, .T. ) ;
#4488 = AXIS2_PLACEMENT_3D ( 'NONE', #606, #2090, #2565 ) ;
#4489 = CARTESIAN_POINT ( 'NONE',  ( 55.87676652279682088, 0.1968903757545876210, 12.13747185964599851 ) ) ;
#4490 = EDGE_LOOP ( 'NONE', ( #2421, #5340, #2473, #3430 ) ) ;
#4491 = VERTEX_POINT ( 'NONE', #4280 ) ;
#4492 = AXIS2_PLACEMENT_3D ( 'NONE', #5828, #3991, #716 ) ;
#4493 = CARTESIAN_POINT ( 'NONE',  ( -50.53000000000000114, 5.040000000000000036, 0.9000000000000000222 ) ) ;
#4494 = AXIS2_PLACEMENT_3D ( 'NONE', #1459, #5696, #2394 ) ;
#4495 = DIRECTION ( 'NONE',  ( 0.000000000000000000, 0.000000000000000000, 1.000000000000000000 ) ) ;
#4496 = CARTESIAN_POINT ( 'NONE',  ( 56.16999999999999460, -0.9638416356619998737, 12.20384163566200009 ) ) ;
#4497 = CARTESIAN_POINT ( 'NONE',  ( -43.43000000000000682, -8.469999970576999715, -0.1000000000000000056 ) ) ;
#4498 = DIRECTION ( 'NONE',  ( 0.000000000000000000, 0.000000000000000000, 1.000000000000000000 ) ) ;
#4499 = FACE_OUTER_BOUND ( 'NONE', #1622, .T. ) ;
#4500 = ORIENTED_EDGE ( 'NONE', *, *, #515, .F. ) ;
#4501 = AXIS2_PLACEMENT_3D ( 'NONE', #4326, #5903, #3042 ) ;
#4502 = AXIS2_PLACEMENT_3D ( 'NONE', #1837, #1284, #2321 ) ;
#4503 = ADVANCED_FACE ( 'NONE', ( #575 ), #2854, .F. ) ;
#4504 = EDGE_CURVE ( 'NONE', #5277, #4067, #4777, .T. ) ;
#4505 = DIRECTION ( 'NONE',  ( -1.000000000000000000, 0.000000000000000000, 0.000000000000000000 ) ) ;
#4506 = CARTESIAN_POINT ( 'NONE',  ( 56.10815477771900106, 5.460912513124999812, 12.19999999999600071 ) ) ;
#4507 = ORIENTED_EDGE ( 'NONE', *, *, #2563, .F. ) ;
#4508 = ORIENTED_EDGE ( 'NONE', *, *, #1348, .F. ) ;
#4509 = CARTESIAN_POINT ( 'NONE',  ( -32.92999999999999972, -4.959999999999999964, 0.9000000000000000222 ) ) ;
#4510 = CARTESIAN_POINT ( 'NONE',  ( 57.17000000000000171, -5.459999999999999964, 12.20000000000000107 ) ) ;
#4511 = CARTESIAN_POINT ( 'NONE',  ( 55.92610705779401314, 5.031051938557999925, 12.19999999999999751 ) ) ;
#4512 = CARTESIAN_POINT ( 'NONE',  ( 56.14720761347800249, -0.8124095156370000348, 12.13747185961599939 ) ) ;
#4513 = DIRECTION ( 'NONE',  ( 0.000000000000000000, 0.1736481776670334987, 0.9848077530121899237 ) ) ;
#4514 = ADVANCED_FACE ( 'NONE', ( #3824 ), #4251, .T. ) ;
#4515 = EDGE_LOOP ( 'NONE', ( #1787, #3763, #2036, #3336 ) ) ;
#4516 = TOROIDAL_SURFACE ( 'NONE', #1866, 2.040000000000000036, 0.05000000000000000278 ) ;
#4517 = PLANE ( 'NONE',  #2022 ) ;
#4518 = CARTESIAN_POINT ( 'NONE',  ( 52.59341868238099238, 11.03999901155100183, 0.9503143945610000864 ) ) ;
#4519 = CARTESIAN_POINT ( 'NONE',  ( 56.07883045449700177, -0.5572224835669999932, 12.13747185965500108 ) ) ;
#4520 = ORIENTED_EDGE ( 'NONE', *, *, #5969, .T. ) ;
#4521 = EDGE_CURVE ( 'NONE', #2362, #2816, #1456, .T. ) ;
#4522 = DIRECTION ( 'NONE',  ( -1.000000000000000000, 0.000000000000000000, 0.000000000000000000 ) ) ;
#4523 = DIRECTION ( 'NONE',  ( 0.000000000000000000, 0.000000000000000000, -1.000000000000000000 ) ) ;
#4524 = CARTESIAN_POINT ( 'NONE',  ( 56.22637026718499698, 5.915892527604965423, 12.20000000000000284 ) ) ;
#4525 = DIRECTION ( 'NONE',  ( 0.000000000000000000, -1.000000000000000000, 0.000000000000000000 ) ) ;
#4526 = DIRECTION ( 'NONE',  ( 0.000000000000000000, 0.000000000000000000, -1.000000000000000000 ) ) ;
#4527 = CYLINDRICAL_SURFACE ( 'NONE', #5859, 0.04999999999999969746 ) ;
#4528 = CARTESIAN_POINT ( 'NONE',  ( 55.71932319903800135, 4.008163275343000542, 12.20000000000000107 ) ) ;
#4529 = ORIENTED_EDGE ( 'NONE', *, *, #5759, .T. ) ;
#4530 = AXIS2_PLACEMENT_3D ( 'NONE', #6032, #3641, #4636 ) ;
#4531 = ADVANCED_FACE ( 'NONE', ( #4350 ), #5661, .F. ) ;
#4532 = CARTESIAN_POINT ( 'NONE',  ( -44.18000000001999439, -8.458879989360001517, 1.000000000000000000 ) ) ;
#4533 = CARTESIAN_POINT ( 'NONE',  ( 56.11988801414499761, -0.5234287572149999290, 12.19999999999099849 ) ) ;
#4534 = CARTESIAN_POINT ( 'NONE',  ( -50.92999999999999972, -9.960000000000000853, 0.000000000000000000 ) ) ;
#4535 = DIRECTION ( 'NONE',  ( 0.000000000000000000, 1.000000000000000000, 0.000000000000000000 ) ) ;
#4536 = VERTEX_POINT ( 'NONE', #5724 ) ;
#4537 = VERTEX_POINT ( 'NONE', #986 ) ;
#4538 = CARTESIAN_POINT ( 'NONE',  ( 57.17000000000000171, 11.03999999999999915, 1.100000000000000089 ) ) ;
#4539 = DIRECTION ( 'NONE',  ( 0.000000000000000000, -1.000000000000000000, 0.000000000000000000 ) ) ;
#4540 = CARTESIAN_POINT ( 'NONE',  ( 56.12407818391300651, 5.707362099534000421, 12.13747185963299913 ) ) ;
#4541 = CARTESIAN_POINT ( 'NONE',  ( 56.15860380677299446, -0.8549406876389999965, 12.13747185963799957 ) ) ;
#4542 = CARTESIAN_POINT ( 'NONE',  ( 57.17000000000000171, -0.9600000000000000755, 12.20000000000000107 ) ) ;
#4543 = EDGE_LOOP ( 'NONE', ( #473, #483, #2851, #3452 ) ) ;
#4544 = CARTESIAN_POINT ( 'NONE',  ( -43.43000000000000682, -8.469999970576999715, -0.1000000000000000056 ) ) ;
#4545 = DIRECTION ( 'NONE',  ( -1.000000000000000000, 0.000000000000000000, 0.000000000000000000 ) ) ;
#4546 = EDGE_CURVE ( 'NONE', #714, #2051, #2391, .T. ) ;
#4547 = PLANE ( 'NONE',  #4678 ) ;
#4548 = ORIENTED_EDGE ( 'NONE', *, *, #59, .T. ) ;
#4549 = FACE_OUTER_BOUND ( 'NONE', #5723, .T. ) ;
#4550 = DIRECTION ( 'NONE',  ( 0.000000000000000000, 0.000000000000000000, 1.000000000000000000 ) ) ;
#4551 = CARTESIAN_POINT ( 'NONE',  ( 56.23126778966973660, 5.925787579121013060, 12.20000000000000284 ) ) ;
#4552 = DIRECTION ( 'NONE',  ( 0.000000000000000000, 0.000000000000000000, -1.000000000000000000 ) ) ;
#4553 = LINE ( 'NONE', #3598, #2384 ) ;
#4554 = DIRECTION ( 'NONE',  ( 0.5144957554276738954, -0.8574929257124557225, 0.000000000000000000 ) ) ;
#4555 = VERTEX_POINT ( 'NONE', #1513 ) ;
#4556 = AXIS2_PLACEMENT_3D ( 'NONE', #64, #5141, #3357 ) ;
#4557 = VECTOR ( 'NONE', #3833, 1000.000000000000000 ) ;
#4558 = DIRECTION ( 'NONE',  ( 1.000000000000000000, -1.355252715606888678E-16, 0.000000000000000000 ) ) ;
#4559 = CIRCLE ( 'NONE', #2485, 0.7999999999999986011 ) ;
#4560 = CARTESIAN_POINT ( 'NONE',  ( 56.00022798565499471, -0.07685145111402000295, 12.19999999999899920 ) ) ;
#4561 = EDGE_CURVE ( 'NONE', #2362, #3480, #1486, .T. ) ;
#4562 = DIRECTION ( 'NONE',  ( 0.000000000000000000, 0.000000000000000000, 1.000000000000000000 ) ) ;
#4563 = DIRECTION ( 'NONE',  ( 0.000000000000000000, 0.000000000000000000, 1.000000000000000000 ) ) ;
#4564 = ADVANCED_FACE ( 'NONE', ( #1014 ), #2887, .F. ) ;
#4565 = ORIENTED_EDGE ( 'NONE', *, *, #192, .T. ) ;
#4566 = ORIENTED_EDGE ( 'NONE', *, *, #6054, .F. ) ;
#4567 = CARTESIAN_POINT ( 'NONE',  ( 56.18142180321599710, -0.9370318088669999934, 12.11591257916600028 ) ) ;
#4568 = AXIS2_PLACEMENT_3D ( 'NONE', #3618, #3091, #1192 ) ;
#4569 = CARTESIAN_POINT ( 'NONE',  ( -44.93000083627999430, -8.458879989360001517, 0.000000000000000000 ) ) ;
#4570 = CARTESIAN_POINT ( 'NONE',  ( 56.07279531456299537, 5.515971825490999514, 12.13747185963699948 ) ) ;
#4571 = CARTESIAN_POINT ( 'NONE',  ( 52.53463480580199985, 10.99756176696200072, 0.9516145624329999109 ) ) ;
#4572 = EDGE_LOOP ( 'NONE', ( #3924, #2779, #3958, #5642, #753, #931, #3385, #625, #5090, #3368, #2207, #5825, #1637, #3497, #6000, #1642, #1586, #5555, #3712, #1874, #1396, #1786, #491 ) ) ;
#4573 = EDGE_CURVE ( 'NONE', #1341, #2324, #5462, .T. ) ;
#4574 = EDGE_CURVE ( 'NONE', #193, #434, #938, .T. ) ;
#4575 = LINE ( 'NONE', #349, #6062 ) ;
#4576 = DIRECTION ( 'NONE',  ( -1.000000000000000000, 0.000000000000000000, 0.000000000000000000 ) ) ;
#4577 = ADVANCED_FACE ( 'NONE', ( #1692 ), #5173, .T. ) ;
#4578 = DIRECTION ( 'NONE',  ( 0.000000000000000000, 1.000000000000000000, 0.000000000000000000 ) ) ;
#4579 = AXIS2_PLACEMENT_3D ( 'NONE', #3961, #2968, #626 ) ;
#4580 = CIRCLE ( 'NONE', #4178, 0.1000000000000028644 ) ;
#4581 = EDGE_LOOP ( 'NONE', ( #1751, #5437, #2626, #1700 ) ) ;
#4582 = CIRCLE ( 'NONE', #4184, 1.649999999999999467 ) ;
#4583 = CARTESIAN_POINT ( 'NONE',  ( 55.68543900149800407, 0.9109344061319999408, 12.13747185964599851 ) ) ;
#4584 = LINE ( 'NONE', #5987, #3270 ) ;
#4585 = LINE ( 'NONE', #388, #1285 ) ;
#4586 = CARTESIAN_POINT ( 'NONE',  ( 57.17000000000000171, 5.940000000000000391, 5.689999999999999503 ) ) ;
#4587 = CARTESIAN_POINT ( 'NONE',  ( 20.57000000000000028, 2.339999999999999858, 0.000000000000000000 ) ) ;
#4588 = CARTESIAN_POINT ( 'NONE',  ( 55.71932319903800135, 4.008163275343000542, 12.20000000000000107 ) ) ;
#4589 = ORIENTED_EDGE ( 'NONE', *, *, #1542, .T. ) ;
#4590 = EDGE_LOOP ( 'NONE', ( #1298, #2965, #2168, #4337 ) ) ;
#4591 =( BOUNDED_CURVE ( )  B_SPLINE_CURVE ( 3, ( #2448, #5286, #3751, #5166 ),
 .UNSPECIFIED., .F., .F. ) 
 B_SPLINE_CURVE_WITH_KNOTS ( ( 4, 4 ),
 ( 0.000000000000000000, 1.570796326794896558 ),
 .UNSPECIFIED. ) 
 CURVE ( )  GEOMETRIC_REPRESENTATION_ITEM ( )  RATIONAL_B_SPLINE_CURVE ( ( 1.000000000000000000, 0.8047378541243649375, 0.8047378541243649375, 1.000000000000000000 ) ) 
 REPRESENTATION_ITEM ( '' )  );
#4592 = VECTOR ( 'NONE', #182, 1000.000000000000000 ) ;
#4593 = EDGE_CURVE ( 'NONE', #908, #589, #1832, .T. ) ;
#4594 = AXIS2_PLACEMENT_3D ( 'NONE', #2754, #361, #1812 ) ;
#4595 = CYLINDRICAL_SURFACE ( 'NONE', #835, 0.05000000000000143219 ) ;
#4596 = CARTESIAN_POINT ( 'NONE',  ( -44.92999999999999972, -8.460000000000000853, 0.000000000000000000 ) ) ;
#4597 = DIRECTION ( 'NONE',  ( -1.000000000000000000, 0.000000000000000000, 0.000000000000000000 ) ) ;
#4598 = CIRCLE ( 'NONE', #2502, 0.05000000000000002359 ) ;
#4599 = CARTESIAN_POINT ( 'NONE',  ( 57.17000000000000171, 11.03999999999999915, 3.700000000000000178 ) ) ;
#4600 = ORIENTED_EDGE ( 'NONE', *, *, #3649, .F. ) ;
#4601 = VECTOR ( 'NONE', #3093, 1000.000000000000000 ) ;
#4602 = EDGE_CURVE ( 'NONE', #809, #4346, #5781, .T. ) ;
#4603 = DIRECTION ( 'NONE',  ( 0.000000000000000000, -1.000000000000000000, 0.000000000000000000 ) ) ;
#4604 = DIRECTION ( 'NONE',  ( 8.163404592832031993E-15, 1.000000000000000000, 0.000000000000000000 ) ) ;
#4605 = CARTESIAN_POINT ( 'NONE',  ( 51.53464466128700394, -6.924644660593999745, 1.000000000000000000 ) ) ;
#4606 = ORIENTED_EDGE ( 'NONE', *, *, #5011, .T. ) ;
#4607 = DIRECTION ( 'NONE',  ( 0.000000000000000000, 1.000000000000000000, 0.000000000000000000 ) ) ;
#4608 = ORIENTED_EDGE ( 'NONE', *, *, #970, .T. ) ;
#4609 = LINE ( 'NONE', #2170, #3782 ) ;
#4610 = CARTESIAN_POINT ( 'NONE',  ( 56.21999999999999886, 3.439999999999999947, 8.200000000000001066 ) ) ;
#4611 = FACE_OUTER_BOUND ( 'NONE', #3797, .T. ) ;
#4612 = VERTEX_POINT ( 'NONE', #5320 ) ;
#4613 = EDGE_CURVE ( 'NONE', #661, #628, #3406, .T. ) ;
#4614 = AXIS2_PLACEMENT_3D ( 'NONE', #341, #3202, #2278 ) ;
#4615 = DIRECTION ( 'NONE',  ( 0.000000000000000000, 0.000000000000000000, 1.000000000000000000 ) ) ;
#4616 = DIRECTION ( 'NONE',  ( 1.000000000000000000, 0.000000000000000000, 0.000000000000000000 ) ) ;
#4617 = CARTESIAN_POINT ( 'NONE',  ( 56.07000000000000028, -6.910000000000000142, 1.000000000000000000 ) ) ;
#4618 = DIRECTION ( 'NONE',  ( 1.000000000000000000, 0.000000000000000000, 0.000000000000000000 ) ) ;
#4619 = CARTESIAN_POINT ( 'NONE',  ( 56.23696128924299842, 3.942744372825999655, 10.20272944490400135 ) ) ;
#4620 = ORIENTED_EDGE ( 'NONE', *, *, #3362, .T. ) ;
#4621 = UNCERTAINTY_MEASURE_WITH_UNIT (LENGTH_MEASURE( 1.000000000000000082E-05 ), #5654, 'distance_accuracy_value', 'NONE');
#4622 = VECTOR ( 'NONE', #2243, 1000.000000000000000 ) ;
#4623 = VERTEX_POINT ( 'NONE', #4926 ) ;
#4624 = VECTOR ( 'NONE', #5268, 1000.000000000000000 ) ;
#4625 = DIRECTION ( 'NONE',  ( -1.000000000000000000, 0.000000000000000000, 0.000000000000000000 ) ) ;
#4626 = EDGE_CURVE ( 'NONE', #1690, #4347, #235, .T. ) ;
#4627 = CARTESIAN_POINT ( 'NONE',  ( 56.15977469035699698, -0.6722878592449998969, 12.19999999999899920 ) ) ;
#4628 = DIRECTION ( 'NONE',  ( -1.000000000000000000, 0.000000000000000000, 0.000000000000000000 ) ) ;
#4629 = ADVANCED_FACE ( 'NONE', ( #3966 ), #3916, .F. ) ;
#4630 = FACE_OUTER_BOUND ( 'NONE', #2000, .T. ) ;
#4631 = EDGE_CURVE ( 'NONE', #1191, #5865, #3065, .T. ) ;
#4632 = ORIENTED_EDGE ( 'NONE', *, *, #2494, .F. ) ;
#4633 = AXIS2_PLACEMENT_3D ( 'NONE', #2579, #5395, #1710 ) ;
#4634 = ORIENTED_EDGE ( 'NONE', *, *, #1288, .F. ) ;
#4635 = LINE ( 'NONE', #3298, #5394 ) ;
#4636 = DIRECTION ( 'NONE',  ( 1.000000000000000000, 0.000000000000000000, 0.000000000000000000 ) ) ;
#4637 = CARTESIAN_POINT ( 'NONE',  ( 56.16999999999999460, 3.439999999999999947, 8.699999999999999289 ) ) ;
#4638 = ORIENTED_EDGE ( 'NONE', *, *, #5969, .F. ) ;
#4639 = CARTESIAN_POINT ( 'NONE',  ( -59.22999999999999687, 5.040000000000000036, 0.000000000000000000 ) ) ;
#4640 = ORIENTED_EDGE ( 'NONE', *, *, #5580, .F. ) ;
#4641 = DIRECTION ( 'NONE',  ( 0.000000000000000000, -1.000000000000000000, 0.000000000000000000 ) ) ;
#4642 = CARTESIAN_POINT ( 'NONE',  ( 52.56495702443805129, 11.03394842932499920, 0.9777165205149996874 ) ) ;
#4643 = CARTESIAN_POINT ( 'NONE',  ( 57.17000000000000171, 3.939999999999999947, 10.20000000000000107 ) ) ;
#4644 = EDGE_CURVE ( 'NONE', #783, #4996, #3127, .T. ) ;
#4645 = EDGE_LOOP ( 'NONE', ( #1860, #190, #4508, #1689 ) ) ;
#4646 = ORIENTED_EDGE ( 'NONE', *, *, #5426, .T. ) ;
#4647 = DIRECTION ( 'NONE',  ( 0.000000000000000000, 1.000000000000000000, 0.000000000000000000 ) ) ;
#4648 = CARTESIAN_POINT ( 'NONE',  ( 56.21970461231317273, -0.8959481616812771110, 12.20019154799171801 ) ) ;
#4649 = LINE ( 'NONE', #3818, #4731 ) ;
#4650 = DIRECTION ( 'NONE',  ( 0.000000000000000000, -0.1736481776670334987, -0.9848077530121899237 ) ) ;
#4651 = FACE_OUTER_BOUND ( 'NONE', #705, .T. ) ;
#4652 = ORIENTED_EDGE ( 'NONE', *, *, #907, .T. ) ;
#4653 = ORIENTED_EDGE ( 'NONE', *, *, #3482, .F. ) ;
#4654 = APPROVAL ( #882, 'UNSPECIFIED' ) ;
#4655 = CARTESIAN_POINT ( 'NONE',  ( -50.92999999999999972, -9.960000000000000853, 0.000000000000000000 ) ) ;
#4656 = CARTESIAN_POINT ( 'NONE',  ( 56.18256707659200089, -0.7573502032750000224, 12.19999999996699991 ) ) ;
#4657 = CARTESIAN_POINT ( 'NONE',  ( 55.63208872190297427, 1.047512219822000379, 12.19999999999999751 ) ) ;
#4658 = TOROIDAL_SURFACE ( 'NONE', #3570, 1.675000000000000044, 0.05000000000000000278 ) ;
#4659 = FACE_OUTER_BOUND ( 'NONE', #4823, .T. ) ;
#4660 = VERTEX_POINT ( 'NONE', #4839 ) ;
#4661 = ORIENTED_EDGE ( 'NONE', *, *, #1999, .T. ) ;
#4662 = VECTOR ( 'NONE', #446, 1000.000000000000000 ) ;
#4663 = CARTESIAN_POINT ( 'NONE',  ( 56.16943396433304514, -0.9299352189676953762, 12.17204769283609878 ) ) ;
#4664 = DIRECTION ( 'NONE',  ( 0.000000000000000000, 0.000000000000000000, -1.000000000000000000 ) ) ;
#4665 = CARTESIAN_POINT ( 'NONE',  ( 55.64217202810699803, 3.908863841362000269, 12.13747185964599851 ) ) ;
#4666 = EDGE_LOOP ( 'NONE', ( #2006, #6011, #1814, #5454 ) ) ;
#4667 = DIRECTION ( 'NONE',  ( -0.9999988849584567907, -0.001493345855160278617, 0.000000000000000000 ) ) ;
#4668 = ORIENTED_EDGE ( 'NONE', *, *, #3997, .T. ) ;
#4669 = DIRECTION ( 'NONE',  ( 1.000000000000000000, 0.000000000000000000, 0.000000000000000000 ) ) ;
#4670 = CARTESIAN_POINT ( 'NONE',  ( 56.18256707659200089, -0.7573502032750000224, 12.19999999996699991 ) ) ;
#4671 = DIRECTION ( 'NONE',  ( 1.000000000000000000, 0.000000000000000000, 0.000000000000000000 ) ) ;
#4672 = VERTEX_POINT ( 'NONE', #2946 ) ;
#4673 = AXIS2_PLACEMENT_3D ( 'NONE', #5350, #4435, #210 ) ;
#4674 = ORIENTED_EDGE ( 'NONE', *, *, #417, .T. ) ;
#4675 = ADVANCED_FACE ( 'NONE', ( #3998 ), #340, .T. ) ;
#4676 = CARTESIAN_POINT ( 'NONE',  ( 56.24867630261800144, -0.9232589926649998890, 12.18966321738099978 ) ) ;
#4677 = CARTESIAN_POINT ( 'NONE',  ( 56.22193197548678256, -0.9216074753525727026, 12.20003436487711035 ) ) ;
#4678 = AXIS2_PLACEMENT_3D ( 'NONE', #352, #5128, #320 ) ;
#4679 = CARTESIAN_POINT ( 'NONE',  ( 56.19323935010800142, 1.040207535214001000, 10.11306202944900967 ) ) ;
#4680 = DIRECTION ( 'NONE',  ( 1.000000000000000000, 0.000000000000000000, 0.000000000000000000 ) ) ;
#4681 = ORIENTED_EDGE ( 'NONE', *, *, #1420, .F. ) ;
#4682 = ORIENTED_EDGE ( 'NONE', *, *, #725, .T. ) ;
#4683 = VECTOR ( 'NONE', #3855, 1000.000000000000000 ) ;
#4684 = DIRECTION ( 'NONE',  ( -1.000000000000000000, 0.000000000000000000, 0.000000000000000000 ) ) ;
#4685 = CARTESIAN_POINT ( 'NONE',  ( 55.69513923416000267, 4.014360788114999856, 12.19380947824500083 ) ) ;
#4686 = LINE ( 'NONE', #3725, #3037 ) ;
#4687 = CARTESIAN_POINT ( 'NONE',  ( 56.12441522716900266, -0.7273471716129999987, 12.13747185963299913 ) ) ;
#4688 = DIRECTION ( 'NONE',  ( 1.000000000000000000, 0.000000000000000000, 0.000000000000000000 ) ) ;
#4689 = VERTEX_POINT ( 'NONE', #3039 ) ;
#4690 = EDGE_CURVE ( 'NONE', #2322, #2262, #180, .T. ) ;
#4691 = VERTEX_POINT ( 'NONE', #151 ) ;
#4692 = ADVANCED_FACE ( 'NONE', ( #4899 ), #267, .T. ) ;
#4693 = VECTOR ( 'NONE', #694, 1000.000000000000114 ) ;
#4694 = CARTESIAN_POINT ( 'NONE',  ( 56.17002709546073191, -0.8978188034953488161, 12.13771768185943856 ) ) ;
#4695 = CARTESIAN_POINT ( 'NONE',  ( 57.17000000000000171, 10.99000000000000021, 3.700000000000000178 ) ) ;
#4696 = VECTOR ( 'NONE', #5416, 1000.000000000000000 ) ;
#4697 = CARTESIAN_POINT ( 'NONE',  ( 56.21999999999999886, 7.929999999999999716, 7.750000000000000000 ) ) ;
#4698 = ORIENTED_EDGE ( 'NONE', *, *, #4235, .F. ) ;
#4699 = CARTESIAN_POINT ( 'NONE',  ( 52.59171581540299911, 11.00549327891500084, 1.000000000000000000 ) ) ;
#4700 = ORIENTED_EDGE ( 'NONE', *, *, #2183, .T. ) ;
#4701 = AXIS2_PLACEMENT_3D ( 'NONE', #532, #4136, #2744 ) ;
#4702 = CARTESIAN_POINT ( 'NONE',  ( -7.530000000000000249, -3.059999999999999609, 0.9499999999999999556 ) ) ;
#4703 = CARTESIAN_POINT ( 'NONE',  ( 56.18826517351100591, -0.7786157892559999461, 12.20000000003600071 ) ) ;
#4704 = EDGE_CURVE ( 'NONE', #401, #3386, #721, .T. ) ;
#4705 = DIRECTION ( 'NONE',  ( 1.000000000000000000, 0.000000000000000000, 0.000000000000000000 ) ) ;
#4706 = EDGE_CURVE ( 'NONE', #4689, #4286, #2146, .T. ) ;
#4707 = EDGE_LOOP ( 'NONE', ( #2645, #1801, #2363, #3001 ) ) ;
#4708 = VERTEX_POINT ( 'NONE', #4865 ) ;
#4709 = CARTESIAN_POINT ( 'NONE',  ( 56.27302890064500218, -0.9270944500340000394, 12.18466488277099913 ) ) ;
#4710 = LINE ( 'NONE', #477, #3874 ) ;
#4711 = CARTESIAN_POINT ( 'NONE',  ( 19.72000000000000242, -2.259999999999999787, 0.9499999999999999556 ) ) ;
#4712 = LINE ( 'NONE', #4807, #1646 ) ;
#4713 = ORIENTED_EDGE ( 'NONE', *, *, #4348, .F. ) ;
#4714 = ORIENTED_EDGE ( 'NONE', *, *, #5842, .T. ) ;
#4715 = DIRECTION ( 'NONE',  ( 0.000000000000000000, -0.1736481776670334987, -0.9848077530121899237 ) ) ;
#4716 = CARTESIAN_POINT ( 'NONE',  ( 55.68164021650699880, 4.061608157611000358, 12.14520542762199895 ) ) ;
#4717 = CARTESIAN_POINT ( 'NONE',  ( 56.19055587270858609, -0.8920612490666534056, 12.19261231134833423 ) ) ;
#4718 = VECTOR ( 'NONE', #2606, 1000.000000000000000 ) ;
#4719 = CARTESIAN_POINT ( 'NONE',  ( 55.98766090891799507, -0.2169731074950000116, 12.13747185964700037 ) ) ;
#4720 = CYLINDRICAL_SURFACE ( 'NONE', #1230, 0.04999999999999969746 ) ;
#4721 = ORIENTED_EDGE ( 'NONE', *, *, #2356, .F. ) ;
#4722 = EDGE_CURVE ( 'NONE', #1161, #3045, #1132, .T. ) ;
#4723 = ORIENTED_EDGE ( 'NONE', *, *, #5606, .T. ) ;
#4724 = DIRECTION ( 'NONE',  ( 0.000000000000000000, -1.000000000000000000, 0.000000000000000000 ) ) ;
#4725 = CARTESIAN_POINT ( 'NONE',  ( 48.57000000000000028, -8.409999970577000994, 0.9499999999999999556 ) ) ;
#4726 = DIRECTION ( 'NONE',  ( 0.000000000000000000, -0.9848077530121899237, 0.1736481776670334987 ) ) ;
#4727 = VECTOR ( 'NONE', #5697, 1000.000000000000000 ) ;
#4728 = ORIENTED_EDGE ( 'NONE', *, *, #837, .F. ) ;
#4729 = DIRECTION ( 'NONE',  ( 0.000000000000000000, 0.000000000000000000, -1.000000000000000000 ) ) ;
#4730 = VERTEX_POINT ( 'NONE', #4493 ) ;
#4731 = VECTOR ( 'NONE', #2329, 1000.000000000000000 ) ;
#4732 = LINE ( 'NONE', #2317, #2718 ) ;
#4733 = DIRECTION ( 'NONE',  ( 0.000000000000000000, 0.000000000000000000, 1.000000000000000000 ) ) ;
#4734 = CARTESIAN_POINT ( 'NONE',  ( -44.97999999999999687, -8.460000000000000853, 1.000000000000000000 ) ) ;
#4735 = ORIENTED_EDGE ( 'NONE', *, *, #958, .F. ) ;
#4736 = ORIENTED_EDGE ( 'NONE', *, *, #5893, .T. ) ;
#4737 = ADVANCED_FACE ( 'NONE', ( #1601 ), #3474, .T. ) ;
#4738 = CARTESIAN_POINT ( 'NONE',  ( -53.92999999999999972, -4.959999999999999964, 0.9499999999999999556 ) ) ;
#4739 = DATE_TIME_ROLE ( 'creation_date' ) ;
#4740 = DIRECTION ( 'NONE',  ( 0.000000000000000000, 1.000000000000000000, 0.000000000000000000 ) ) ;
#4741 = CARTESIAN_POINT ( 'NONE',  ( 56.07000000000000028, -6.959999999999999964, 1.100000000000000089 ) ) ;
#4742 = ORIENTED_EDGE ( 'NONE', *, *, #266, .T. ) ;
#4743 = ORIENTED_EDGE ( 'NONE', *, *, #1591, .F. ) ;
#4744 = DIRECTION ( 'NONE',  ( 0.000000000000000000, 0.000000000000000000, 1.000000000000000000 ) ) ;
#4745 = CARTESIAN_POINT ( 'NONE',  ( 56.20775049371499676, 5.968261090136000035, 12.21221547654299933 ) ) ;
#4746 = FACE_OUTER_BOUND ( 'NONE', #4476, .T. ) ;
#4747 = DIRECTION ( 'NONE',  ( 1.000000000000000000, 0.000000000000000000, 0.000000000000000000 ) ) ;
#4748 = CYLINDRICAL_SURFACE ( 'NONE', #3537, 0.04999999999999946154 ) ;
#4749 = ORIENTED_EDGE ( 'NONE', *, *, #6065, .F. ) ;
#4750 = CARTESIAN_POINT ( 'NONE',  ( -0.1549999999999999711, 0.04000000000000022288, 0.9499999999999999556 ) ) ;
#4751 = EDGE_CURVE ( 'NONE', #27, #1207, #5986, .T. ) ;
#4752 = CARTESIAN_POINT ( 'NONE',  ( 48.52000000000000313, -8.469999970576999715, 1.000000000000000000 ) ) ;
#4753 = EDGE_CURVE ( 'NONE', #783, #1690, #3098, .T. ) ;
#4754 = CARTESIAN_POINT ( 'NONE',  ( 56.05570102482000294, 5.452175067472999181, 12.13747185964700037 ) ) ;
#4755 = CARTESIAN_POINT ( 'NONE',  ( -43.43000000000000682, -8.759493741312001092, -1.165923710546999947 ) ) ;
#4756 = ORIENTED_EDGE ( 'NONE', *, *, #863, .F. ) ;
#4757 = DIRECTION ( 'NONE',  ( 0.000000000000000000, 1.000000000000000000, 0.000000000000000000 ) ) ;
#4758 = VECTOR ( 'NONE', #4523, 1000.000000000000000 ) ;
#4759 = AXIS2_PLACEMENT_3D ( 'NONE', #5837, #3510, #5385 ) ;
#4760 = ORIENTED_EDGE ( 'NONE', *, *, #4332, .T. ) ;
#4761 = CARTESIAN_POINT ( 'NONE',  ( -53.92999999999999972, 5.040000000000000036, 0.000000000000000000 ) ) ;
#4762 = CARTESIAN_POINT ( 'NONE',  ( -43.38000000000000256, -9.735619085440999854, -0.9430351452290000047 ) ) ;
#4763 = ORIENTED_EDGE ( 'NONE', *, *, #4201, .F. ) ;
#4764 = ORIENTED_EDGE ( 'NONE', *, *, #5775, .T. ) ;
#4765 = ADVANCED_FACE ( 'NONE', ( #1781 ), #5942, .F. ) ;
#4766 = EDGE_CURVE ( 'NONE', #2995, #1564, #1752, .T. ) ;
#4767 = LINE ( 'NONE', #52, #5636 ) ;
#4768 = PERSON_AND_ORGANIZATION ( #3002, #3546 ) ;
#4769 = DIRECTION ( 'NONE',  ( 0.000000000000000000, 0.000000000000000000, 1.000000000000000000 ) ) ;
#4770 = AXIS2_PLACEMENT_3D ( 'NONE', #3466, #5343, #2002 ) ;
#4771 = CARTESIAN_POINT ( 'NONE',  ( 55.62441090904098218, 0.9683192158660011151, 12.30784699164799889 ) ) ;
#4772 = CYLINDRICAL_SURFACE ( 'NONE', #4304, 0.05000000000000002359 ) ;
#4773 = ORIENTED_EDGE ( 'NONE', *, *, #5730, .F. ) ;
#4774 = AXIS2_PLACEMENT_3D ( 'NONE', #2049, #1584, #5734 ) ;
#4775 = ORIENTED_EDGE ( 'NONE', *, *, #972, .T. ) ;
#4776 = VECTOR ( 'NONE', #295, 1000.000000000000000 ) ;
#4777 = LINE ( 'NONE', #2364, #3802 ) ;
#4778 = CARTESIAN_POINT ( 'NONE',  ( 56.22519275997700561, 5.926201397718999786, 12.19005293015499980 ) ) ;
#4779 = LINE ( 'NONE', #5234, #579 ) ;
#4780 = DIRECTION ( 'NONE',  ( 0.000000000000000000, 0.000000000000000000, 1.000000000000000000 ) ) ;
#4781 = CARTESIAN_POINT ( 'NONE',  ( 56.16923625678804655, 5.930873773069528454, 12.19172303822421632 ) ) ;
#4782 = B_SPLINE_CURVE_WITH_KNOTS ( 'NONE', 3,
 ( #1844, #2415, #1413, #3716, #2845, #5589, #6083, #4677, #4648, #3779 ),
 .UNSPECIFIED., .F., .F.,
 ( 4, 2, 2, 2, 4 ),
 ( 0.000000000000000000, 0.2499999999999219513, 0.3749999999999689693, 0.5000000000000159872, 1.000000000000000000 ),
 .UNSPECIFIED. ) ;
#4783 = EDGE_CURVE ( 'NONE', #4672, #434, #754, .T. ) ;
#4784 = VERTEX_POINT ( 'NONE', #846 ) ;
#4785 = AXIS2_PLACEMENT_3D ( 'NONE', #3988, #5338, #2964 ) ;
#4786 = LINE ( 'NONE', #1554, #5789 ) ;
#4788 = AXIS2_PLACEMENT_3D ( 'NONE', #485, #6091, #63 ) ;
#4787 = PLANE ( 'NONE',  #1879 ) ;
#4789 = FACE_OUTER_BOUND ( 'NONE', #3442, .T. ) ;
#4790 = CARTESIAN_POINT ( 'NONE',  ( 56.15943764710100083, 5.652302787166999742, 12.19999999999899920 ) ) ;
#4791 = ORIENTED_EDGE ( 'NONE', *, *, #1615, .F. ) ;
#4792 = DIRECTION ( 'NONE',  ( -1.000000000000000000, 0.000000000000000000, 0.000000000000000000 ) ) ;
#4793 = ADVANCED_FACE ( 'NONE', ( #324 ), #1808, .T. ) ;
#4794 = AXIS2_PLACEMENT_3D ( 'NONE', #3539, #4525, #4986 ) ;
#4795 = ORIENTED_EDGE ( 'NONE', *, *, #5583, .T. ) ;
#4796 = CIRCLE ( 'NONE', #6056, 0.1499999999999999667 ) ;
#4797 = CARTESIAN_POINT ( 'NONE',  ( 56.10815477771900106, 5.460912513124999812, 12.19999999999600071 ) ) ;
#4798 = DIRECTION ( 'NONE',  ( 0.000000000000000000, 0.000000000000000000, -1.000000000000000000 ) ) ;
#4799 = CARTESIAN_POINT ( 'NONE',  ( 57.17000000000000171, 1.039999999999999813, 10.20000000000000107 ) ) ;
#4800 = ORIENTED_EDGE ( 'NONE', *, *, #2707, .F. ) ;
#4801 = VECTOR ( 'NONE', #3319, 1000.000000000000000 ) ;
#4802 = EDGE_CURVE ( 'NONE', #4067, #1668, #3090, .T. ) ;
#4803 = VERTEX_POINT ( 'NONE', #5926 ) ;
#4804 = DIRECTION ( 'NONE',  ( 0.000000000000000000, -0.9848077530121899237, 0.1736481776670334987 ) ) ;
#4805 = DIRECTION ( 'NONE',  ( 0.8574929257124558335, 0.5144957554276738954, 0.000000000000000000 ) ) ;
#4806 = CARTESIAN_POINT ( 'NONE',  ( 56.20004651150900798, 0.9759703050910000233, 10.15189458736699812 ) ) ;
#4807 = CARTESIAN_POINT ( 'NONE',  ( -43.43000000000000682, -8.469999970576999715, 1.000000000000000000 ) ) ;
#4808 = EDGE_LOOP ( 'NONE', ( #505, #5794, #113, #4454 ) ) ;
#4809 = EDGE_LOOP ( 'NONE', ( #1060, #5258, #2546, #4965 ) ) ;
#4810 = EDGE_CURVE ( 'NONE', #1366, #700, #3190, .T. ) ;
#4811 = LINE ( 'NONE', #28, #5072 ) ;
#4812 = CARTESIAN_POINT ( 'NONE',  ( 55.68680898092299714, 4.020953716621999519, 12.18708094894599903 ) ) ;
#4813 = DIRECTION ( 'NONE',  ( 0.000000000000000000, 0.000000000000000000, -1.000000000000000000 ) ) ;
#4814 = DIRECTION ( 'NONE',  ( 1.000000000000000000, 0.000000000000000000, 0.000000000000000000 ) ) ;
#4815 = DIRECTION ( 'NONE',  ( 0.000000000000000000, -1.000000000000000000, 0.000000000000000000 ) ) ;
#4816 = ORIENTED_EDGE ( 'NONE', *, *, #209, .F. ) ;
#4817 = EDGE_CURVE ( 'NONE', #145, #4856, #5841, .T. ) ;
#4818 = EDGE_CURVE ( 'NONE', #5803, #1333, #6046, .T. ) ;
#4819 = AXIS2_PLACEMENT_3D ( 'NONE', #4227, #3264, #6002 ) ;
#4820 = CARTESIAN_POINT ( 'NONE',  ( -50.92999999999999972, -9.910000000000000142, 1.000000000000000000 ) ) ;
#4821 = CARTESIAN_POINT ( 'NONE',  ( 56.07849341124099851, 5.537237411488999506, 12.13747185965500108 ) ) ;
#4822 = ADVANCED_FACE ( 'NONE', ( #5041 ), #2658, .F. ) ;
#4823 = EDGE_LOOP ( 'NONE', ( #339, #2810, #3311, #14 ) ) ;
#4824 = VERTEX_POINT ( 'NONE', #2749 ) ;
#4825 = B_SPLINE_CURVE_WITH_KNOTS ( 'NONE', 5,
 ( #504, #2381, #2443, #4269, #1003, #112 ),
 .UNSPECIFIED., .F., .F.,
 ( 6, 6 ),
 ( 3.840039423987000156, 3.874953971837999944 ),
 .UNSPECIFIED. ) ;
#4826 = AXIS2_PLACEMENT_3D ( 'NONE', #3828, #2428, #3360 ) ;
#4827 = FACE_OUTER_BOUND ( 'NONE', #1807, .T. ) ;
#4828 = CARTESIAN_POINT ( 'NONE',  ( 55.69968809894700001, 1.044778675796000034, 12.20000000000000107 ) ) ;
#4829 = CARTESIAN_POINT ( 'NONE',  ( 56.07000000000000028, -6.910000000000000142, 1.100000000000000089 ) ) ;
#4830 = ORIENTED_EDGE ( 'NONE', *, *, #5788, .F. ) ;
#4831 = AXIS2_PLACEMENT_3D ( 'NONE', #5590, #1880, #478 ) ;
#4832 = VERTEX_POINT ( 'NONE', #6013 ) ;
#4833 = B_SPLINE_CURVE_WITH_KNOTS ( 'NONE', 7,
 ( #1900, #4699, #1962, #466, #3836, #1865, #6070, #1403 ),
 .UNSPECIFIED., .F., .F.,
 ( 8, 8 ),
 ( 3.874953971837999944, 3.930554610415000205 ),
 .UNSPECIFIED. ) ;
#4834 = CARTESIAN_POINT ( 'NONE',  ( 32.16999999999999460, 3.189999999999999947, 0.9499999999999999556 ) ) ;
#4835 = EDGE_CURVE ( 'NONE', #2247, #628, #5358, .T. ) ;
#4836 = CARTESIAN_POINT ( 'NONE',  ( 56.13581142026500004, -0.7698783436289999837, 12.13747185961200081 ) ) ;
#4837 = EDGE_LOOP ( 'NONE', ( #5088, #5523, #3926, #544 ) ) ;
#4838 = EDGE_LOOP ( 'NONE', ( #2882, #2407, #2787, #690 ) ) ;
#4839 = CARTESIAN_POINT ( 'NONE',  ( -19.92999999999999972, -2.259999999999999787, 0.9499999999999999556 ) ) ;
#4840 = CARTESIAN_POINT ( 'NONE',  ( 56.16223280030700238, 5.888968476329000445, 12.18419596683899897 ) ) ;
#4841 = DIRECTION ( 'NONE',  ( 0.000000000000000000, 0.000000000000000000, 1.000000000000000000 ) ) ;
#4842 = DIRECTION ( 'NONE',  ( 0.000000000000000000, 1.000000000000000000, 0.000000000000000000 ) ) ;
#4843 = LINE ( 'NONE', #2013, #5161 ) ;
#4844 = ORIENTED_EDGE ( 'NONE', *, *, #599, .F. ) ;
#4845 = ADVANCED_FACE ( 'NONE', ( #4549 ), #2201, .F. ) ;
#4846 = CARTESIAN_POINT ( 'NONE',  ( 56.16999999999999460, -0.9634810557540000042, 12.20348105575399877 ) ) ;
#4847 = CARTESIAN_POINT ( 'NONE',  ( 56.12407818391300651, 5.707362099534000421, 12.13747185963299913 ) ) ;
#4848 = ORIENTED_EDGE ( 'NONE', *, *, #1934, .T. ) ;
#4849 = DIRECTION ( 'NONE',  ( 1.000000000000000000, 1.400000000000000069E-16, 0.000000000000000000 ) ) ;
#4850 = ORIENTED_EDGE ( 'NONE', *, *, #4864, .F. ) ;
#4851 = CARTESIAN_POINT ( 'NONE',  ( 56.19748203185900337, -0.9143093846249999990, 12.19320345548099915 ) ) ;
#4852 = CARTESIAN_POINT ( 'NONE',  ( 55.69674521287600300, 3.925511114345999975, 12.20000000000000107 ) ) ;
#4853 = CARTESIAN_POINT ( 'NONE',  ( 56.03470793638403791, -0.4550831447259996998, 12.19999999999999751 ) ) ;
#4854 = CARTESIAN_POINT ( 'NONE',  ( 57.17000000000000171, 7.929999999999999716, 7.700000000000000178 ) ) ;
#4855 = VECTOR ( 'NONE', #4056, 1000.000000000000114 ) ;
#4856 = VERTEX_POINT ( 'NONE', #5497 ) ;
#4857 = ORIENTED_EDGE ( 'NONE', *, *, #1065, .T. ) ;
#4858 = AXIS2_PLACEMENT_3D ( 'NONE', #2291, #3315, #3847 ) ;
#4859 = CARTESIAN_POINT ( 'NONE',  ( -7.530000000000000249, 3.140000000000000124, 0.000000000000000000 ) ) ;
#4860 = CARTESIAN_POINT ( 'NONE',  ( 56.23696128924299842, 3.942744372825999655, 10.20272944490400135 ) ) ;
#4861 = CARTESIAN_POINT ( 'NONE',  ( -43.43000000000000682, -9.735619085440999854, -0.9430351452290000047 ) ) ;
#4862 = ORIENTED_EDGE ( 'NONE', *, *, #5816, .F. ) ;
#4863 = VERTEX_POINT ( 'NONE', #2233 ) ;
#4864 = EDGE_CURVE ( 'NONE', #535, #5153, #125, .T. ) ;
#4865 = CARTESIAN_POINT ( 'NONE',  ( 19.72000000000000242, -2.259999999999999787, 1.000000000000000000 ) ) ;
#4866 = CARTESIAN_POINT ( 'NONE',  ( 56.21665821741100189, 5.869649089324999736, 12.20242662296299940 ) ) ;
#4867 = FACE_OUTER_BOUND ( 'NONE', #4837, .T. ) ;
#4868 = CARTESIAN_POINT ( 'NONE',  ( -50.53000000000000114, 4.639999999999999680, 0.9000000000000000222 ) ) ;
#4869 = DIRECTION ( 'NONE',  ( 1.000000000000000000, 0.000000000000000000, 0.000000000000000000 ) ) ;
#4870 = EDGE_LOOP ( 'NONE', ( #4723, #5010, #2269, #2055 ) ) ;
#4871 = VECTOR ( 'NONE', #4535, 1000.000000000000000 ) ;
#4872 = DIRECTION ( 'NONE',  ( -1.000000000000000000, 0.000000000000000000, 0.000000000000000000 ) ) ;
#4873 = CARTESIAN_POINT ( 'NONE',  ( -50.92999999999999972, -9.960000000000000853, 0.000000000000000000 ) ) ;
#4874 = AXIS2_PLACEMENT_3D ( 'NONE', #1193, #3559, #3033 ) ;
#4875 = CIRCLE ( 'NONE', #5553, 0.05000000000000002359 ) ;
#4876 = VERTEX_POINT ( 'NONE', #1349 ) ;
#4877 = EDGE_CURVE ( 'NONE', #1525, #2816, #355, .T. ) ;
#4878 = ADVANCED_FACE ( 'NONE', ( #2290, #3217, #4174, #615, #3834, #2491, #2864 ), #5761, .T. ) ;
#4879 = ORIENTED_EDGE ( 'NONE', *, *, #2564, .F. ) ;
#4880 = AXIS2_PLACEMENT_3D ( 'NONE', #1421, #4684, #5751 ) ;
#4881 = CARTESIAN_POINT ( 'NONE',  ( 56.17938987576199850, -0.8796085556320000221, 12.20083650929800001 ) ) ;
#4882 = CARTESIAN_POINT ( 'NONE',  ( 56.13123853526499119, 5.796613034727001512, 12.20000000000000107 ) ) ;
#4883 = CARTESIAN_POINT ( 'NONE',  ( 55.98342506701600740, -0.2636928706829999580, 12.19999999999999751 ) ) ;
#4884 = CARTESIAN_POINT ( 'NONE',  ( 56.07000000000000028, 10.99000000000000021, 1.100000000000000089 ) ) ;
#4885 = VECTOR ( 'NONE', #3449, 1000.000000000000000 ) ;
#4886 = ORIENTED_EDGE ( 'NONE', *, *, #1857, .F. ) ;
#4887 = ORIENTED_EDGE ( 'NONE', *, *, #1305, .T. ) ;
#4888 = EDGE_CURVE ( 'NONE', #802, #1864, #3394, .T. ) ;
#4889 = CIRCLE ( 'NONE', #841, 0.8500000000000000888 ) ;
#4890 = EDGE_CURVE ( 'NONE', #959, #265, #50, .T. ) ;
#4891 = DIRECTION ( 'NONE',  ( 0.000000000000000000, 1.000000000000000000, 0.000000000000000000 ) ) ;
#4892 = CYLINDRICAL_SURFACE ( 'NONE', #257, 0.04999999999999969746 ) ;
#4893 = ADVANCED_FACE ( 'NONE', ( #4327 ), #1115, .F. ) ;
#4894 = VECTOR ( 'NONE', #4353, 1000.000000000000000 ) ;
#4895 = CARTESIAN_POINT ( 'NONE',  ( 55.94207613614100438, -0.04684841945858000262, 12.13747185964599851 ) ) ;
#4896 = ORIENTED_EDGE ( 'NONE', *, *, #1591, .T. ) ;
#4897 = ORIENTED_EDGE ( 'NONE', *, *, #9, .T. ) ;
#4898 = VECTOR ( 'NONE', #4205, 1000.000000000000000 ) ;
#4899 = FACE_OUTER_BOUND ( 'NONE', #5780, .T. ) ;
#4900 = CARTESIAN_POINT ( 'NONE',  ( 57.17000000000000171, 3.439999999999999947, 8.200000000000001066 ) ) ;
#4901 = LINE ( 'NONE', #1695, #3307 ) ;
#4902 = DIRECTION ( 'NONE',  ( 0.000000000000000000, -1.000000000000000000, 0.000000000000000000 ) ) ;
#4903 = CARTESIAN_POINT ( 'NONE',  ( -50.92999999999999972, 5.040000000000000036, 1.000000000000000000 ) ) ;
#4904 = DIRECTION ( 'NONE',  ( -0.000000000000000000, 1.000000000000000000, 0.000000000000000000 ) ) ;
#4905 = ORIENTED_EDGE ( 'NONE', *, *, #5398, .F. ) ;
#4906 = CYLINDRICAL_SURFACE ( 'NONE', #3030, 0.05000000000000002359 ) ;
#4907 = EDGE_CURVE ( 'NONE', #4672, #809, #3985, .T. ) ;
#4908 = LINE ( 'NONE', #2550, #818 ) ;
#4909 = ORIENTED_EDGE ( 'NONE', *, *, #3875, .T. ) ;
#4910 = AXIS2_PLACEMENT_3D ( 'NONE', #3395, #585, #5239 ) ;
#4911 = CARTESIAN_POINT ( 'NONE',  ( 32.96999999999999886, 2.339999999999999858, 0.9499999999999999556 ) ) ;
#4912 = CYLINDRICAL_SURFACE ( 'NONE', #4633, 0.8000000000000003775 ) ;
#4913 = CARTESIAN_POINT ( 'NONE',  ( 56.12524906756799936, 5.524709271135000321, 12.20000000000900009 ) ) ;
#4914 = CARTESIAN_POINT ( 'NONE',  ( 56.04610412957701016, -0.4976143167349997842, 12.20000000000000284 ) ) ;
#4915 = CIRCLE ( 'NONE', #1475, 0.04999999999999969746 ) ;
#4916 = DIRECTION ( 'NONE',  ( 0.000000000000000000, 0.000000000000000000, 1.000000000000000000 ) ) ;
#4917 = VERTEX_POINT ( 'NONE', #1611 ) ;
#4918 = CIRCLE ( 'NONE', #2836, 0.05000000000000143219 ) ;
#4919 = DIRECTION ( 'NONE',  ( 8.673617379884035472E-15, 1.000000000000000000, 0.000000000000000000 ) ) ;
#4920 = CYLINDRICAL_SURFACE ( 'NONE', #4287, 0.1000000000000000472 ) ;
#4921 = CARTESIAN_POINT ( 'NONE',  ( 55.77047345540861301, 0.5935815037421098284, 12.13747185964593100 ) ) ;
#4922 = ORIENTED_EDGE ( 'NONE', *, *, #5473, .T. ) ;
#4923 = VECTOR ( 'NONE', #1228, 1000.000000000000000 ) ;
#4924 = ORIENTED_EDGE ( 'NONE', *, *, #5148, .T. ) ;
#4925 = ADVANCED_FACE ( 'NONE', ( #5705 ), #129, .F. ) ;
#4926 = CARTESIAN_POINT ( 'NONE',  ( -43.43000000000000682, -8.759493741312001092, -1.165923710546999947 ) ) ;
#4927 = CARTESIAN_POINT ( 'NONE',  ( 19.76999999999999957, 2.339999999999999858, 0.000000000000000000 ) ) ;
#4928 = CARTESIAN_POINT ( 'NONE',  ( -19.13000000000000256, 3.140000000000000124, 0.9499999999999999556 ) ) ;
#4929 = LINE ( 'NONE', #2600, #4991 ) ;
#4930 = CARTESIAN_POINT ( 'NONE',  ( -49.92999999999999972, 8.040000000000000924, 0.9499999999999999556 ) ) ;
#4931 = DIRECTION ( 'NONE',  ( 0.000000000000000000, 0.000000000000000000, 1.000000000000000000 ) ) ;
#4932 = ORIENTED_EDGE ( 'NONE', *, *, #2494, .T. ) ;
#4933 = CARTESIAN_POINT ( 'NONE',  ( 48.52000000000000313, -9.744301494323998725, -0.9922755328800000330 ) ) ;
#4934 = CARTESIAN_POINT ( 'NONE',  ( 56.02268332878299617, 5.141928723053999839, 12.19999999999899920 ) ) ;
#4935 = VERTEX_POINT ( 'NONE', #4873 ) ;
#4936 = VERTEX_POINT ( 'NONE', #1495 ) ;
#4937 = EDGE_CURVE ( 'NONE', #4917, #2817, #3455, .T. ) ;
#4938 = CARTESIAN_POINT ( 'NONE',  ( 51.57000000000041950, -6.959999999999991971, 0.9792893020163676576 ) ) ;
#4939 = DIRECTION ( 'NONE',  ( 0.6401843996643816759, 0.7682212795974576736, 0.000000000000000000 ) ) ;
#4940 = CARTESIAN_POINT ( 'NONE',  ( 55.62914583583298622, 3.922777570319998741, 12.19999999999999751 ) ) ;
#4941 = CARTESIAN_POINT ( 'NONE',  ( 56.05750032276998951, -0.5401454887439997021, 12.20000000000000284 ) ) ;
#4942 = ORIENTED_EDGE ( 'NONE', *, *, #2433, .T. ) ;
#4943 = CARTESIAN_POINT ( 'NONE',  ( 55.68714602417900039, 0.9590612113000001049, 12.18708094894599903 ) ) ;
#4944 = LINE ( 'NONE', #1595, #2696 ) ;
#4945 = CARTESIAN_POINT ( 'NONE',  ( 55.97626471571199858, -0.1744419354869999883, 12.13747185964399833 ) ) ;
#4946 = ORIENTED_EDGE ( 'NONE', *, *, #1934, .F. ) ;
#4947 = ORIENTED_EDGE ( 'NONE', *, *, #3140, .F. ) ;
#4948 = EDGE_CURVE ( 'NONE', #5313, #5341, #1599, .T. ) ;
#4949 = AXIS2_PLACEMENT_3D ( 'NONE', #2750, #86, #4307 ) ;
#4950 = EDGE_CURVE ( 'NONE', #4660, #3852, #1735, .T. ) ;
#4951 = DIRECTION ( 'NONE',  ( 0.000000000000000000, 0.000000000000000000, 1.000000000000000000 ) ) ;
#4952 = FACE_OUTER_BOUND ( 'NONE', #3711, .T. ) ;
#4953 = CARTESIAN_POINT ( 'NONE',  ( 55.79139502563027975, 4.465771649776620222, 12.13747185964571607 ) ) ;
#4954 = CARTESIAN_POINT ( 'NONE',  ( 56.16999999999999460, -0.9638416356619998737, 12.20384163566200009 ) ) ;
#4955 = DIRECTION ( 'NONE',  ( -1.000000000000000000, 0.000000000000000000, 0.000000000000000000 ) ) ;
#4956 = LINE ( 'NONE', #3133, #2518 ) ;
#4957 = CARTESIAN_POINT ( 'NONE',  ( 56.22861505282332217, 5.941175279839725043, 12.20116035191772674 ) ) ;
#4958 = CC_DESIGN_PERSON_AND_ORGANIZATION_ASSIGNMENT ( #3717, #913, ( #7 ) ) ;
#4959 = ORIENTED_EDGE ( 'NONE', *, *, #3968, .T. ) ;
#4960 = DIRECTION ( 'NONE',  ( 0.000000000000000000, 0.000000000000000000, -1.000000000000000000 ) ) ;
#4961 = EDGE_CURVE ( 'NONE', #1858, #6005, #5026, .T. ) ;
#4962 = FACE_OUTER_BOUND ( 'NONE', #3064, .T. ) ;
#4963 = VERTEX_POINT ( 'NONE', #3050 ) ;
#4964 = CIRCLE ( 'NONE', #2298, 0.05000000000000012768 ) ;
#4965 = ORIENTED_EDGE ( 'NONE', *, *, #5571, .F. ) ;
#4966 = B_SPLINE_SURFACE_WITH_KNOTS ( 'NONE', 1, 1, ( 
 ( #396, #3226 ),
 ( #5111, #888 ) ),
 .UNSPECIFIED., .F., .F., .F.,
 ( 2, 2 ),
 ( 2, 2 ),
 ( 0.000000000000000000, 2.830000000000000071 ),
 ( 0.000000000000000000, 1.000000000000000000 ),
 .UNSPECIFIED. ) ;
#4967 = CARTESIAN_POINT ( 'NONE',  ( 56.16470070067600062, -0.8740035793190000790, 12.18401751883700079 ) ) ;
#4969 = CIRCLE ( 'NONE', #3989, 0.8500000000000000888 ) ;
#4968 = DIRECTION ( 'NONE',  ( 0.000000000000000000, -1.000000000000000000, 0.000000000000000000 ) ) ;
#4970 = CARTESIAN_POINT ( 'NONE',  ( 55.85772989863600202, 4.775864906502000018, 12.19999999999999751 ) ) ;
#4971 = CARTESIAN_POINT ( 'NONE',  ( 56.16430190341199591, -0.8762062736400000329, 12.13747185964799868 ) ) ;
#4972 = CYLINDRICAL_SURFACE ( 'NONE', #541, 0.04999999999999969746 ) ;
#4973 = ADVANCED_FACE ( 'NONE', ( #307 ), #826, .T. ) ;
#4974 = CIRCLE ( 'NONE', #1442, 1.625000000000001332 ) ;
#4975 = VERTEX_POINT ( 'NONE', #1270 ) ;
#4976 = CARTESIAN_POINT ( 'NONE',  ( -32.92999999999999972, 4.639999999999999680, 1.000000000000000000 ) ) ;
#4977 = CARTESIAN_POINT ( 'NONE',  ( 56.18221350206200526, 3.971982595108999980, 10.23196766718799999 ) ) ;
#4978 = AXIS2_PLACEMENT_3D ( 'NONE', #1170, #3563, #5834 ) ;
#4979 = DIRECTION ( 'NONE',  ( 0.000000000000000000, -1.000000000000000000, 0.000000000000000000 ) ) ;
#4980 = EDGE_CURVE ( 'NONE', #3339, #2333, #1626, .T. ) ;
#4981 = ORIENTED_EDGE ( 'NONE', *, *, #4835, .F. ) ;
#4982 = CIRCLE ( 'NONE', #3905, 0.4000000000000001887 ) ;
#4983 = CARTESIAN_POINT ( 'NONE',  ( -49.92999999999999972, 8.040000000000000924, 0.9499999999999999556 ) ) ;
#4984 = AXIS2_PLACEMENT_3D ( 'NONE', #3071, #1635, #759 ) ;
#4985 = DIRECTION ( 'NONE',  ( 0.000000000000000000, -1.000000000000000000, 0.000000000000000000 ) ) ;
#4986 = DIRECTION ( 'NONE',  ( -1.000000000000000000, 0.000000000000000000, 0.000000000000000000 ) ) ;
#4987 = LINE ( 'NONE', #2266, #1707 ) ;
#4988 = CYLINDRICAL_SURFACE ( 'NONE', #3809, 0.04999999999999969746 ) ;
#4989 = CARTESIAN_POINT ( 'NONE',  ( 56.21641861307000454, 5.864958647213000198, 12.20000000000000107 ) ) ;
#4990 = ORIENTED_EDGE ( 'NONE', *, *, #2028, .F. ) ;
#4991 = VECTOR ( 'NONE', #4955, 1000.000000000000000 ) ;
#4992 = AXIS2_PLACEMENT_3D ( 'NONE', #292, #263, #1624 ) ;
#4993 = CARTESIAN_POINT ( 'NONE',  ( 56.14837849717099516, -0.6297566872350000011, 12.20000000000099938 ) ) ;
#4994 = CARTESIAN_POINT ( 'NONE',  ( 56.21999999999999886, 7.929999999999999716, 7.700000000000000178 ) ) ;
#4995 = CARTESIAN_POINT ( 'NONE',  ( 56.13664526074000349, 5.567240443145999862, 12.20000000000499973 ) ) ;
#4996 = VERTEX_POINT ( 'NONE', #1764 ) ;
#4997 = ADVANCED_FACE ( 'NONE', ( #4962 ), #5409, .F. ) ;
#4998 = VERTEX_POINT ( 'NONE', #3291 ) ;
#4999 = ADVANCED_FACE ( 'NONE', ( #5537 ), #4255, .F. ) ;
#5000 = CARTESIAN_POINT ( 'NONE',  ( 56.21999999999999886, 7.929999999999999716, 3.700000000000000178 ) ) ;
#5001 = CARTESIAN_POINT ( 'NONE',  ( -32.92999999999999972, -4.959999999999999964, 1.000000000000000000 ) ) ;
#5002 = CARTESIAN_POINT ( 'NONE',  ( 55.69818319393298367, 4.180428498371003165, 12.19999999999999751 ) ) ;
#5003 = CARTESIAN_POINT ( 'NONE',  ( 56.03324568168500264, -0.3870977955330000553, 12.13747185964599851 ) ) ;
#5004 = DIRECTION ( 'NONE',  ( 0.000000000000000000, 0.000000000000000000, -1.000000000000000000 ) ) ;
#5005 = ORIENTED_EDGE ( 'NONE', *, *, #2959, .T. ) ;
#5006 = VECTOR ( 'NONE', #4385, 1000.000000000000000 ) ;
#5007 = DIRECTION ( 'NONE',  ( 0.000000000000000000, -1.000000000000000000, 0.000000000000000000 ) ) ;
#5008 = CARTESIAN_POINT ( 'NONE',  ( 56.17077912073899881, 3.995828073146999504, 10.25581314522499987 ) ) ;
#5009 = DIRECTION ( 'NONE',  ( 0.000000000000000000, 1.000000000000000000, 0.000000000000000000 ) ) ;
#5010 = ORIENTED_EDGE ( 'NONE', *, *, #4950, .T. ) ;
#5011 = EDGE_CURVE ( 'NONE', #3438, #1813, #5603, .T. ) ;
#5012 = EDGE_CURVE ( 'NONE', #162, #572, #3728, .T. ) ;
#5013 = DIRECTION ( 'NONE',  ( 0.000000000000000000, 0.000000000000000000, -1.000000000000000000 ) ) ;
#5014 = CARTESIAN_POINT ( 'NONE',  ( -7.530000000000000249, 3.140000000000000124, 0.000000000000000000 ) ) ;
#5015 = CIRCLE ( 'NONE', #3840, 0.5000000000000004441 ) ;
#5016 = CARTESIAN_POINT ( 'NONE',  ( 56.23993364317333743, 5.936187013969823845, 12.20000000000000639 ) ) ;
#5017 = CARTESIAN_POINT ( 'NONE',  ( 33.02000000000000313, 2.339999999999999858, 1.000000000000000000 ) ) ;
#5018 = FACE_OUTER_BOUND ( 'NONE', #1027, .T. ) ;
#5019 = DIRECTION ( 'NONE',  ( 1.000000000000000000, 0.000000000000000000, 0.000000000000000000 ) ) ;
#5020 = EDGE_LOOP ( 'NONE', ( #6078, #4303, #1673, #2694 ) ) ;
#5021 =( BOUNDED_SURFACE ( )  B_SPLINE_SURFACE ( 2, 3, ( 
 ( #1479, #5169, #3383, #5135, #56, #1010, #3783, #480 ),
 ( #1450, #4679, #5256, #4245, #2785, #945, #570, #4771 ),
 ( #6050, #509, #4806, #542, #3252, #3318, #3850, #5197 ) ),
 .UNSPECIFIED., .F., .F., .F. ) 
 B_SPLINE_SURFACE_WITH_KNOTS ( ( 3, 3 ),
 ( 4, 2, 2, 4 ),
 ( 0.000000000000000000, 2.078936452400000245 ),
 ( -0.1305770037819999896, -0.01687557316580000008, 2.062060879234000055, 2.175762309850000076 ),
 .UNSPECIFIED. ) 
 GEOMETRIC_REPRESENTATION_ITEM ( )  RATIONAL_B_SPLINE_SURFACE ( (
 ( 1.000000000000000000, 1.000000000000000000, 1.000000000000000000, 1.000000000000000000, 1.000000000000000000, 1.000000000000000000, 1.000000000000000000, 1.000000000000000000),
 ( 0.6088386147929999437, 0.6088386147929999437, 0.6088386147929999437, 0.6088386147929999437, 0.6088386147929999437, 0.6088386147929999437, 0.6088386147929999437, 0.6088386147929999437),
 ( 1.000000000000000000, 1.000000000000000000, 1.000000000000000000, 1.000000000000000000, 1.000000000000000000, 1.000000000000000000, 1.000000000000000000, 1.000000000000000000) ) ) 
 REPRESENTATION_ITEM ( '' )  SURFACE ( )  );
#5022 = AXIS2_PLACEMENT_3D ( 'NONE', #4054, #5928, #5043 ) ;
#5023 = CARTESIAN_POINT ( 'NONE',  ( 56.21999999999999886, 10.99000000000000021, 1.100000000000000089 ) ) ;
#5024 = CARTESIAN_POINT ( 'NONE',  ( 56.14268040056199993, -0.6084911012310000311, 12.19999999999800089 ) ) ;
#5025 = CARTESIAN_POINT ( 'NONE',  ( 56.16999999999999460, 0.9899999999999999911, 8.699999999999999289 ) ) ;
#5026 = LINE ( 'NONE', #5909, #2110 ) ;
#5027 = ORIENTED_EDGE ( 'NONE', *, *, #5349, .F. ) ;
#5028 = EDGE_CURVE ( 'NONE', #611, #573, #3171, .T. ) ;
#5029 = ORIENTED_EDGE ( 'NONE', *, *, #5092, .T. ) ;
#5030 = ADVANCED_FACE ( 'NONE', ( #4659 ), #33, .T. ) ;
#5031 = DIRECTION ( 'NONE',  ( -1.000000000000000000, 0.000000000000000000, 0.000000000000000000 ) ) ;
#5032 = DIRECTION ( 'NONE',  ( 1.000000000000000000, 0.000000000000000000, 0.000000000000000000 ) ) ;
#5033 = CARTESIAN_POINT ( 'NONE',  ( 56.14687057022200634, 5.792424443559000657, 12.13747185961599939 ) ) ;
#5034 = CARTESIAN_POINT ( 'NONE',  ( 56.65236190979500464, 0.9718516525779999915, 12.20000000000000107 ) ) ;
#5035 = EDGE_LOOP ( 'NONE', ( #4374, #2604, #5027, #1346 ) ) ;
#5036 = CARTESIAN_POINT ( 'NONE',  ( 55.68392508006600394, 0.9138159556420000218, 12.14045561060399869 ) ) ;
#5037 = CARTESIAN_POINT ( 'NONE',  ( 56.16966295674399845, 4.007841889384999412, 10.26782696146300111 ) ) ;
#5038 = EDGE_CURVE ( 'NONE', #506, #4936, #4964, .T. ) ;
#5039 = CARTESIAN_POINT ( 'NONE',  ( 56.23462802969800123, 1.037270554892000041, 10.20272944510800173 ) ) ;
#5040 = VERTEX_POINT ( 'NONE', #3693 ) ;
#5041 = FACE_OUTER_BOUND ( 'NONE', #3722, .T. ) ;
#5042 = CYLINDRICAL_SURFACE ( 'NONE', #4159, 0.04999999999999911460 ) ;
#5043 = DIRECTION ( 'NONE',  ( 1.000000000000000000, 0.000000000000000000, 0.000000000000000000 ) ) ;
#5044 = CARTESIAN_POINT ( 'NONE',  ( 56.16999999999999460, 5.890000000000000568, 12.14999999999999858 ) ) ;
#5045 = FACE_OUTER_BOUND ( 'NONE', #156, .T. ) ;
#5046 = CARTESIAN_POINT ( 'NONE',  ( 56.21999999999999886, -5.459999999999999964, 10.69999999999999929 ) ) ;
#5047 = ORIENTED_EDGE ( 'NONE', *, *, #3016, .F. ) ;
#5048 = ORIENTED_EDGE ( 'NONE', *, *, #2758, .T. ) ;
#5049 = AXIS2_PLACEMENT_3D ( 'NONE', #3196, #2730, #2272 ) ;
#5051 = ADVANCED_FACE ( 'NONE', ( #2368 ), #3260, .F. ) ;
#5050 = VECTOR ( 'NONE', #4438, 1000.000000000000000 ) ;
#5052 = LINE ( 'NONE', #2698, #4291 ) ;
#5053 = CARTESIAN_POINT ( 'NONE',  ( 56.01162417885599609, -0.1193826231229999923, 12.20000000000099938 ) ) ;
#5054 = DIRECTION ( 'NONE',  ( 1.000000000000000000, 0.000000000000000000, 0.000000000000000000 ) ) ;
#5055 = DIRECTION ( 'NONE',  ( 0.000000000000000000, 0.000000000000000000, 1.000000000000000000 ) ) ;
#5056 = VERTEX_POINT ( 'NONE', #5145 ) ;
#5057 = CARTESIAN_POINT ( 'NONE',  ( 56.16998505197169322, -0.8982838168750640895, 12.13833960367584019 ) ) ;
#5058 = DIRECTION ( 'NONE',  ( 1.000000000000000000, -2.502005013428086587E-16, 0.000000000000000000 ) ) ;
#5059 = CARTESIAN_POINT ( 'NONE',  ( 55.65780708499199392, 3.967214668038000269, 12.13747185964599851 ) ) ;
#5060 = EDGE_CURVE ( 'NONE', #5735, #1032, #823, .T. ) ;
#5061 = ORIENTED_EDGE ( 'NONE', *, *, #5139, .T. ) ;
#5062 = CARTESIAN_POINT ( 'NONE',  ( 56.23696128924299842, 3.942744372825999655, 10.20272944490400135 ) ) ;
#5063 = EDGE_CURVE ( 'NONE', #2277, #1928, #955, .T. ) ;
#5064 = ORIENTED_EDGE ( 'NONE', *, *, #3981, .T. ) ;
#5065 = AXIS2_PLACEMENT_3D ( 'NONE', #3128, #5013, #3623 ) ;
#5066 = CARTESIAN_POINT ( 'NONE',  ( 55.67828551148600269, 0.9413806928289999432, 12.16892447825300039 ) ) ;
#5067 = CARTESIAN_POINT ( 'NONE',  ( 52.59313248429099730, 11.03326251296999949, 0.9785370519970000291 ) ) ;
#5068 = CARTESIAN_POINT ( 'NONE',  ( 56.17035398244799893, 0.9799494391469999455, 10.26005056085299927 ) ) ;
#5069 = CIRCLE ( 'NONE', #438, 0.7999999999999999334 ) ;
#5070 = VERTEX_POINT ( 'NONE', #369 ) ;
#5071 = EDGE_CURVE ( 'NONE', #1258, #412, #5649, .T. ) ;
#5072 = VECTOR ( 'NONE', #2820, 1000.000000000000114 ) ;
#5073 = CARTESIAN_POINT ( 'NONE',  ( 48.57000000000000028, -8.409999970577000994, 1.000000000000000000 ) ) ;
#5074 = ADVANCED_FACE ( 'NONE', ( #399 ), #4720, .T. ) ;
#5075 = CARTESIAN_POINT ( 'NONE',  ( 56.07000000000000028, 11.03999999999999915, 1.100000000000000089 ) ) ;
#5076 = FACE_OUTER_BOUND ( 'NONE', #4808, .T. ) ;
#5077 = DIRECTION ( 'NONE',  ( 0.000000000000000000, 1.000000000000000000, 0.000000000000000000 ) ) ;
#5078 = CARTESIAN_POINT ( 'NONE',  ( -50.53000000000000114, -4.559999999999999609, 1.000000000000000000 ) ) ;
#5079 = DIRECTION ( 'NONE',  ( -1.000000000000000000, 0.000000000000000000, 0.000000000000000000 ) ) ;
#5080 = VERTEX_POINT ( 'NONE', #1363 ) ;
#5081 = EDGE_LOOP ( 'NONE', ( #4548, #867, #1565, #2703 ) ) ;
#5082 = CYLINDRICAL_SURFACE ( 'NONE', #1581, 0.04999999999999969746 ) ;
#5083 = AXIS2_PLACEMENT_3D ( 'NONE', #1976, #4805, #2417 ) ;
#5084 = DIRECTION ( 'NONE',  ( 1.000000000000000000, 0.000000000000000000, 0.000000000000000000 ) ) ;
#5085 = CARTESIAN_POINT ( 'NONE',  ( 56.10279372440299994, -0.4596319991970000407, 12.20000000000099938 ) ) ;
#5086 = CARTESIAN_POINT ( 'NONE',  ( 56.21999999999999886, 7.929999999999999716, 5.689999999999999503 ) ) ;
#5087 = CARTESIAN_POINT ( 'NONE',  ( 52.56674439731300197, 10.95799078001699911, 1.000000000000000000 ) ) ;
#5088 = ORIENTED_EDGE ( 'NONE', *, *, #4818, .T. ) ;
#5089 = AXIS2_PLACEMENT_3D ( 'NONE', #3878, #2941, #3384 ) ;
#5090 = ORIENTED_EDGE ( 'NONE', *, *, #2574, .F. ) ;
#5091 = LINE ( 'NONE', #864, #4423 ) ;
#5092 = EDGE_CURVE ( 'NONE', #572, #1251, #3231, .T. ) ;
#5093 = FACE_BOUND ( 'NONE', #5596, .T. ) ;
#5094 = DIRECTION ( 'NONE',  ( 1.000000000000000000, 6.000000000000000121E-17, 0.000000000000000000 ) ) ;
#5095 = VERTEX_POINT ( 'NONE', #5087 ) ;
#5096 = CARTESIAN_POINT ( 'NONE',  ( -50.92999999999999972, 4.639999999999999680, 1.000000000000000000 ) ) ;
#5097 = EDGE_LOOP ( 'NONE', ( #1131, #4009 ) ) ;
#5098 = CARTESIAN_POINT ( 'NONE',  ( 48.57000000000000028, -8.568480745878000349, -0.08263518223330999779 ) ) ;
#5099 = DIRECTION ( 'NONE',  ( 1.400000000000000069E-16, -1.000000000000000000, 0.000000000000000000 ) ) ;
#5100 = ORIENTED_EDGE ( 'NONE', *, *, #315, .T. ) ;
#5101 = AXIS2_PLACEMENT_3D ( 'NONE', #306, #2098, #2573 ) ;
#5102 = CARTESIAN_POINT ( 'NONE',  ( 56.16999999999999460, 1.037270555095999969, 10.20272944490400135 ) ) ;
#5103 = FACE_OUTER_BOUND ( 'NONE', #1096, .T. ) ;
#5104 = FACE_OUTER_BOUND ( 'NONE', #3174, .T. ) ;
#5105 = CARTESIAN_POINT ( 'NONE',  ( -53.92999999999999972, -4.959999999999999964, 0.9499999999999999556 ) ) ;
#5106 = CARTESIAN_POINT ( 'NONE',  ( 56.16999999999999460, 2.577500000000000124, 8.837500000000000355 ) ) ;
#5107 = DIRECTION ( 'NONE',  ( -1.000000000000000000, 0.000000000000000000, 0.000000000000000000 ) ) ;
#5108 = ORIENTED_EDGE ( 'NONE', *, *, #5202, .T. ) ;
#5109 = AXIS2_PLACEMENT_3D ( 'NONE', #3792, #4379, #4813 ) ;
#5110 = ORIENTED_EDGE ( 'NONE', *, *, #2868, .T. ) ;
#5111 = CARTESIAN_POINT ( 'NONE',  ( 56.16966295674399845, 3.942744372825999655, 10.20272944490400135 ) ) ;
#5112 = CARTESIAN_POINT ( 'NONE',  ( 55.94360470867937352, 0.1344694954662615238, 12.20000000000000107 ) ) ;
#5113 = DIRECTION ( 'NONE',  ( 0.000000000000000000, 0.000000000000000000, 1.000000000000000000 ) ) ;
#5114 = CARTESIAN_POINT ( 'NONE',  ( 55.80532181782000123, 0.4635256446530000018, 12.13747185964500019 ) ) ;
#5115 = CARTESIAN_POINT ( 'NONE',  ( -28.17999999999999972, 0.04000000000000000083, 0.000000000000000000 ) ) ;
#5116 = ORIENTED_EDGE ( 'NONE', *, *, #4471, .F. ) ;
#5117 = AXIS2_PLACEMENT_3D ( 'NONE', #1212, #3084, #740 ) ;
#5118 = ORIENTED_EDGE ( 'NONE', *, *, #3662, .T. ) ;
#5119 = FACE_OUTER_BOUND ( 'NONE', #1102, .T. ) ;
#5120 = CARTESIAN_POINT ( 'NONE',  ( -43.42999916375999447, -8.458879989360001517, 0.000000000000000000 ) ) ;
#5121 = CARTESIAN_POINT ( 'NONE',  ( 55.87336193372400572, 4.771676315324000051, 12.13747185964599851 ) ) ;
#5122 = ORIENTED_EDGE ( 'NONE', *, *, #433, .F. ) ;
#5123 = DIRECTION ( 'NONE',  ( 1.000000000000000000, -2.418604846313817773E-16, 0.000000000000000000 ) ) ;
#5124 = ADVANCED_FACE ( 'NONE', ( #4630 ), #2275, .F. ) ;
#5125 = ORIENTED_EDGE ( 'NONE', *, *, #775, .F. ) ;
#5126 = LINE ( 'NONE', #2775, #4898 ) ;
#5127 = DIRECTION ( 'NONE',  ( -1.000000000000000000, 0.000000000000000000, 0.000000000000000000 ) ) ;
#5128 = DIRECTION ( 'NONE',  ( 0.000000000000000000, -1.000000000000000000, 0.000000000000000000 ) ) ;
#5129 = ORIENTED_EDGE ( 'NONE', *, *, #2183, .F. ) ;
#5130 = ORIENTED_EDGE ( 'NONE', *, *, #5890, .F. ) ;
#5131 = CARTESIAN_POINT ( 'NONE',  ( 56.21266915536399722, -0.8955253852039999352, 12.20122175275199972 ) ) ;
#5132 = CARTESIAN_POINT ( 'NONE',  ( -26.50500000000000256, 0.03999999999999958450, 1.000000000000000000 ) ) ;
#5133 = PERSON_AND_ORGANIZATION_ROLE ( 'creator' ) ;
#5134 = CARTESIAN_POINT ( 'NONE',  ( 56.23729833249900167, 1.037270555095999969, 10.20272944490400135 ) ) ;
#5135 = CARTESIAN_POINT ( 'NONE',  ( 56.06352857770400533, 1.015309600396999912, 10.87320795331799950 ) ) ;
#5136 = ORIENTED_EDGE ( 'NONE', *, *, #1988, .F. ) ;
#5137 = EDGE_CURVE ( 'NONE', #4347, #5618, #4455, .T. ) ;
#5138 = ORIENTED_EDGE ( 'NONE', *, *, #1973, .F. ) ;
#5139 = EDGE_CURVE ( 'NONE', #2262, #2082, #4384, .T. ) ;
#5140 = FACE_OUTER_BOUND ( 'NONE', #3675, .T. ) ;
#5141 = DIRECTION ( 'NONE',  ( -0.7071067881220476359, -0.7071067742510475096, 0.000000000000000000 ) ) ;
#5142 = CARTESIAN_POINT ( 'NONE',  ( -44.92999999999999972, -8.460000000000000853, 0.000000000000000000 ) ) ;
#5143 = CARTESIAN_POINT ( 'NONE',  ( 55.65814412824899904, 1.012800259882999931, 12.13747185964599851 ) ) ;
#5144 = AXIS2_PLACEMENT_3D ( 'NONE', #329, #851, #4618 ) ;
#5145 = CARTESIAN_POINT ( 'NONE',  ( 56.16999999999999460, -0.8974718596459999587, 12.13747185964599851 ) ) ;
#5146 = EDGE_LOOP ( 'NONE', ( #2664, #3776, #2420, #3549 ) ) ;
#5147 = AXIS2_PLACEMENT_3D ( 'NONE', #4038, #4068, #1739 ) ;
#5148 = EDGE_CURVE ( 'NONE', #5873, #1410, #6029, .T. ) ;
#5149 = CARTESIAN_POINT ( 'NONE',  ( 56.16999999999999460, -6.910000000000000142, 10.69999999999999929 ) ) ;
#5150 = DIRECTION ( 'NONE',  ( 0.000000000000000000, 0.000000000000000000, -1.000000000000000000 ) ) ;
#5151 = EDGE_CURVE ( 'NONE', #2429, #6053, #4843, .T. ) ;
#5152 = CARTESIAN_POINT ( 'NONE',  ( 55.93034289968899486, 4.984332175370999707, 12.13747185964599851 ) ) ;
#5153 = VERTEX_POINT ( 'NONE', #3451 ) ;
#5154 = B_SPLINE_CURVE_WITH_KNOTS ( 'NONE', 7,
 ( #4860, #2505, #4401, #2086, #1623, #3499, #2717, #4076, #839, #874, #381, #2259, #4977, #3156, #2228, #5922, #5008, #6040, #1805, #5037 ),
 .UNSPECIFIED., .F., .F.,
 ( 8, 6, 6, 8 ),
 ( 0.000000000000000000, 0.2276763127269999798, 0.6678610373329999517, 1.000000000000000000 ),
 .UNSPECIFIED. ) ;
#5155 = CARTESIAN_POINT ( 'NONE',  ( 56.21999999999999886, -6.910000000000000142, 1.100000000000000089 ) ) ;
#5156 = ORIENTED_EDGE ( 'NONE', *, *, #323, .F. ) ;
#5157 = PLANE ( 'NONE',  #5965 ) ;
#5158 = CARTESIAN_POINT ( 'NONE',  ( 56.17686898026100550, -0.7360846172510000507, 12.20000000002400142 ) ) ;
#5159 = CYLINDRICAL_SURFACE ( 'NONE', #5263, 0.05000000000000002359 ) ;
#5160 = ORIENTED_EDGE ( 'NONE', *, *, #2678, .F. ) ;
#5161 = VECTOR ( 'NONE', #2461, 1000.000000000000000 ) ;
#5162 = CARTESIAN_POINT ( 'NONE',  ( 56.17701420472599949, -0.9016169136310000498, 12.16911497128799979 ) ) ;
#5163 = DIRECTION ( 'NONE',  ( 0.000000000000000000, 0.7071067811865475727, -0.7071067811865475727 ) ) ;
#5164 = AXIS2_PLACEMENT_3D ( 'NONE', #1904, #563, #1871 ) ;
#5165 = CALENDAR_DATE ( 2026, 8, 1 ) ;
#5166 = CARTESIAN_POINT ( 'NONE',  ( 56.16999999999999460, -0.9100000000000000311, 12.14999999999999858 ) ) ;
#5167 = EDGE_CURVE ( 'NONE', #5040, #3533, #5938, .T. ) ;
#5168 = CIRCLE ( 'NONE', #1336, 0.5000000000000004441 ) ;
#5169 = CARTESIAN_POINT ( 'NONE',  ( 56.25630600317199992, 1.039672737195999952, 10.12938967012100200 ) ) ;
#5170 = DIRECTION ( 'NONE',  ( 0.000000000000000000, 1.000000000000000000, 0.000000000000000000 ) ) ;
#5171 = ORIENTED_EDGE ( 'NONE', *, *, #1499, .T. ) ;
#5172 = ORIENTED_EDGE ( 'NONE', *, *, #88, .F. ) ;
#5173 = TOROIDAL_SURFACE ( 'NONE', #2506, 1.675000000000000044, 0.05000000000000000278 ) ;
#5174 = LINE ( 'NONE', #5203, #3402 ) ;
#5175 = CARTESIAN_POINT ( 'NONE',  ( 55.70267592453699734, 4.010531258201000426, 12.19769529273499842 ) ) ;
#5176 = CARTESIAN_POINT ( 'NONE',  ( -44.92999999999999972, -9.960000000000000853, 0.000000000000000000 ) ) ;
#5177 = CARTESIAN_POINT ( 'NONE',  ( 55.75973704504999517, 0.6336503326910000178, 12.13747185964599851 ) ) ;
#5178 = CARTESIAN_POINT ( 'NONE',  ( 51.57000000000000028, -6.959999999999999964, 0.000000000000000000 ) ) ;
#5179 = ORIENTED_EDGE ( 'NONE', *, *, #6001, .T. ) ;
#5180 = ORIENTED_EDGE ( 'NONE', *, *, #5644, .T. ) ;
#5181 = PLANE ( 'NONE',  #3931 ) ;
#5182 = DIRECTION ( 'NONE',  ( 0.000000000000000000, 1.000000000000000000, 0.000000000000000000 ) ) ;
#5183 = CARTESIAN_POINT ( 'NONE',  ( -43.38000000000000256, -9.735619085440999854, -0.9430351452290000047 ) ) ;
#5184 = ORIENTED_EDGE ( 'NONE', *, *, #3664, .F. ) ;
#5185 = DIRECTION ( 'NONE',  ( 1.000000000000000000, 0.000000000000000000, 0.000000000000000000 ) ) ;
#5186 = ORIENTED_EDGE ( 'NONE', *, *, #1431, .F. ) ;
#5187 = EDGE_CURVE ( 'NONE', #4824, #4328, #1850, .T. ) ;
#5188 = AXIS2_PLACEMENT_3D ( 'NONE', #4637, #1432, #2710 ) ;
#5189 = DIRECTION ( 'NONE',  ( -1.000000000000000000, 0.000000000000000000, 0.000000000000000000 ) ) ;
#5190 = FACE_OUTER_BOUND ( 'NONE', #4543, .T. ) ;
#5191 = CARTESIAN_POINT ( 'NONE',  ( 52.54989570228600115, 11.01587484274300088, 0.9592061711969999127 ) ) ;
#5192 = EDGE_LOOP ( 'NONE', ( #5530, #1795, #2503, #4857 ) ) ;
#5193 = ORIENTED_EDGE ( 'NONE', *, *, #2125, .T. ) ;
#5194 = DIRECTION ( 'NONE',  ( -1.000000000000000000, 0.000000000000000000, 0.000000000000000000 ) ) ;
#5195 = PERSON_AND_ORGANIZATION_ROLE ( 'creator' ) ;
#5196 = CARTESIAN_POINT ( 'NONE',  ( 50.06999999999977291, 8.040000000000000924, 0.9792893218813453204 ) ) ;
#5197 = CARTESIAN_POINT ( 'NONE',  ( 55.64072190577800825, 0.9052830767939999967, 12.31000966217499837 ) ) ;
#5198 = PLANE ( 'NONE',  #4204 ) ;
#5199 = ORIENTED_EDGE ( 'NONE', *, *, #2334, .T. ) ;
#5200 = ORIENTED_EDGE ( 'NONE', *, *, #2138, .F. ) ;
#5201 = EDGE_CURVE ( 'NONE', #1032, #1341, #3920, .T. ) ;
#5202 = EDGE_CURVE ( 'NONE', #998, #5803, #1579, .T. ) ;
#5203 = CARTESIAN_POINT ( 'NONE',  ( -6.729999999999999538, 3.140000000000000124, 0.000000000000000000 ) ) ;
#5204 = CARTESIAN_POINT ( 'NONE',  ( 41.21999999999999886, 0.04000000000000000083, 0.9499999999999999556 ) ) ;
#5205 = PLANE ( 'NONE',  #1670 ) ;
#5206 = VECTOR ( 'NONE', #4324, 1000.000000000000000 ) ;
#5207 = PLANE ( 'NONE',  #1455 ) ;
#5208 = DIRECTION ( 'NONE',  ( 0.7071067742510449561, -0.7071067881220499673, 0.000000000000000000 ) ) ;
#5209 = VERTEX_POINT ( 'NONE', #5755 ) ;
#5210 = LINE ( 'NONE', #4820, #5006 ) ;
#5211 = CARTESIAN_POINT ( 'NONE',  ( 55.77013641215261686, 4.386433424179507767, 12.13747185964593100 ) ) ;
#5212 = PLANE ( 'NONE',  #5772 ) ;
#5213 = AXIS2_PLACEMENT_3D ( 'NONE', #103, #5702, #5299 ) ;
#5214 = VERTEX_POINT ( 'NONE', #1078 ) ;
#5215 = DIRECTION ( 'NONE',  ( -1.000000000000000000, 0.000000000000000000, 0.000000000000000000 ) ) ;
#5216 = EDGE_CURVE ( 'NONE', #573, #5972, #1109, .T. ) ;
#5217 = EDGE_CURVE ( 'NONE', #2324, #5214, #2072, .T. ) ;
#5218 =( BOUNDED_SURFACE ( )  B_SPLINE_SURFACE ( 2, 7, ( 
 ( #3182, #748, #5493, #1343, #1835, #1283, #5981, #4106 ),
 ( #3122, #319, #805, #4642, #2681, #2171, #2624, #1748 ),
 ( #1717, #5521, #350, #3646, #5067, #3587, #1777, #4518 ) ),
 .UNSPECIFIED., .F., .F., .F. ) 
 B_SPLINE_SURFACE_WITH_KNOTS ( ( 3, 3 ),
 ( 8, 8 ),
 ( 0.000000000000000000, 0.05560063857761000233 ),
 ( 3.874953971837999944, 3.930554610415000205 ),
 .UNSPECIFIED. ) 
 GEOMETRIC_REPRESENTATION_ITEM ( )  RATIONAL_B_SPLINE_SURFACE ( (
 ( 1.000000000000000000, 1.000000000000000000, 1.000000000000000000, 1.000000000000000000, 1.000000000000000000, 1.000000000000000000, 1.000000000000000000, 1.000000000000000000),
 ( 0.7071067811869999886, 0.7864921320280000572, 0.8245274922190000133, 0.8657017006810000526, 0.8820195896010000203, 0.8988399762040000240, 0.9053905834089999161, 0.9055862027729999486),
 ( 1.000000000000000000, 1.000000000000000000, 1.000000000000000000, 1.000000000000000000, 1.000000000000000000, 1.000000000000000000, 1.000000000000000000, 1.000000000000000000) ) ) 
 REPRESENTATION_ITEM ( '' )  SURFACE ( )  );
#5219 = EDGE_LOOP ( 'NONE', ( #1271, #2438, #3232, #1373 ) ) ;
#5220 = CARTESIAN_POINT ( 'NONE',  ( 48.57000000000000028, -8.459999970576999928, 0.000000000000000000 ) ) ;
#5221 = DIRECTION ( 'NONE',  ( 0.000000000000000000, -1.000000000000000000, 0.000000000000000000 ) ) ;
#5222 = CC_DESIGN_PERSON_AND_ORGANIZATION_ASSIGNMENT ( #3467, #3907, ( #4342 ) ) ;
#5223 = DIRECTION ( 'NONE',  ( 0.000000000000000000, 1.000000000000000000, 0.000000000000000000 ) ) ;
#5224 = EDGE_LOOP ( 'NONE', ( #3795, #1453, #1474, #5156 ) ) ;
#5225 = EDGE_CURVE ( 'NONE', #3911, #117, #4284, .T. ) ;
#5226 = DIRECTION ( 'NONE',  ( 0.000000000000000000, -1.000000000000000000, 0.000000000000000000 ) ) ;
#5227 = DIRECTION ( 'NONE',  ( 1.000000000000000000, 0.000000000000000000, 0.000000000000000000 ) ) ;
#5228 = DIRECTION ( 'NONE',  ( 0.000000000000000000, -1.000000000000000000, 0.000000000000000000 ) ) ;
#5229 = DIRECTION ( 'NONE',  ( -1.000000000000000000, 0.000000000000000000, 0.000000000000000000 ) ) ;
#5230 = ORIENTED_EDGE ( 'NONE', *, *, #2684, .F. ) ;
#5231 = VERTEX_POINT ( 'NONE', #637 ) ;
#5232 = CARTESIAN_POINT ( 'NONE',  ( 56.16999999999999460, 10.99000000000000021, 1.100000000000000089 ) ) ;
#5233 = CARTESIAN_POINT ( 'NONE',  ( 56.21957421295399371, 5.959686291941000746, 12.20695522910899911 ) ) ;
#5234 = CARTESIAN_POINT ( 'NONE',  ( 56.16999999999999460, 3.989999999999999769, 10.20000000000000107 ) ) ;
#5235 = CARTESIAN_POINT ( 'NONE',  ( 20.57000000000000028, 3.140000000000000124, 0.000000000000000000 ) ) ;
#5236 = CARTESIAN_POINT ( 'NONE',  ( 51.53464466128700394, -6.924644660593999745, 0.9499999999999999556 ) ) ;
#5237 = ADVANCED_FACE ( 'NONE', ( #155 ), #4412, .T. ) ;
#5238 = ORIENTED_EDGE ( 'NONE', *, *, #1798, .F. ) ;
#5239 = DIRECTION ( 'NONE',  ( 0.000000000000000000, 1.000000000000000000, 0.000000000000000000 ) ) ;
#5240 = DIRECTION ( 'NONE',  ( 0.000000000000000000, 0.000000000000000000, -1.000000000000000000 ) ) ;
#5241 = CARTESIAN_POINT ( 'NONE',  ( -19.92999999999999972, -2.259999999999999787, 0.000000000000000000 ) ) ;
#5242 = DIRECTION ( 'NONE',  ( 0.000000000000000000, 0.000000000000000000, -1.000000000000000000 ) ) ;
#5243 = ORIENTED_EDGE ( 'NONE', *, *, #5759, .F. ) ;
#5244 = CARTESIAN_POINT ( 'NONE',  ( -43.43000000000000682, -8.469999970576999715, 0.000000000000000000 ) ) ;
#5245 = AXIS2_PLACEMENT_3D ( 'NONE', #2182, #5967, #2760 ) ;
#5246 = ORIENTED_EDGE ( 'NONE', *, *, #5919, .T. ) ;
#5247 = CARTESIAN_POINT ( 'NONE',  ( 55.76057088534899719, 4.163711766838999573, 12.20000000000000107 ) ) ;
#5248 = CARTESIAN_POINT ( 'NONE',  ( 56.21105755973800200, -0.8636781332859999605, 12.20000000000200124 ) ) ;
#5249 = ADVANCED_FACE ( 'NONE', ( #3794 ), #4748, .T. ) ;
#5250 = CARTESIAN_POINT ( 'NONE',  ( -29.85500000000000043, 0.04000000000000022288, 0.9499999999999999556 ) ) ;
#5251 = ORIENTED_EDGE ( 'NONE', *, *, #3429, .F. ) ;
#5252 = ORIENTED_EDGE ( 'NONE', *, *, #2341, .F. ) ;
#5253 = CALENDAR_DATE ( 2026, 8, 1 ) ;
#5254 = DIRECTION ( 'NONE',  ( 0.000000000000000000, 0.000000000000000000, -1.000000000000000000 ) ) ;
#5255 = AXIS2_PLACEMENT_3D ( 'NONE', #2085, #3498, #1314 ) ;
#5256 = CARTESIAN_POINT ( 'NONE',  ( 56.18373551477198191, 1.039006444163999676, 10.14973191684100762 ) ) ;
#5257 = CARTESIAN_POINT ( 'NONE',  ( 56.16999999999999460, -0.8974718596459999587, 12.13747185964599851 ) ) ;
#5258 = ORIENTED_EDGE ( 'NONE', *, *, #1257, .F. ) ;
#5259 = VECTOR ( 'NONE', #3660, 1000.000000000000000 ) ;
#5260 = ORIENTED_EDGE ( 'NONE', *, *, #5334, .T. ) ;
#5261 = EDGE_CURVE ( 'NONE', #4975, #1325, #519, .T. ) ;
#5262 = ADVANCED_FACE ( 'NONE', ( #67 ), #1954, .F. ) ;
#5263 = AXIS2_PLACEMENT_3D ( 'NONE', #472, #17, #1873 ) ;
#5264 = CARTESIAN_POINT ( 'NONE',  ( 56.21999999999999886, 7.929999999999999716, 5.689999999999999503 ) ) ;
#5265 = CARTESIAN_POINT ( 'NONE',  ( 56.24184986035999856, 5.963160032222000417, 12.19416557130299950 ) ) ;
#5266 = DIRECTION ( 'NONE',  ( -0.000000000000000000, 1.000000000000000000, 0.000000000000000000 ) ) ;
#5267 = FACE_OUTER_BOUND ( 'NONE', #2296, .T. ) ;
#5268 = DIRECTION ( 'NONE',  ( 0.000000000000000000, -1.000000000000000000, 0.000000000000000000 ) ) ;
#5269 = VERTEX_POINT ( 'NONE', #4319 ) ;
#5270 = CIRCLE ( 'NONE', #250, 0.04999999999999969746 ) ;
#5271 = CARTESIAN_POINT ( 'NONE',  ( -7.530000000000000249, -3.109999999999999876, 0.9499999999999999556 ) ) ;
#5273 = VECTOR ( 'NONE', #2117, 1000.000000000000000 ) ;
#5272 = LINE ( 'NONE', #3365, #2547 ) ;
#5274 = CARTESIAN_POINT ( 'NONE',  ( 56.21641861307000454, 5.864958647213000198, 12.20000000000000107 ) ) ;
#5275 = ORIENTED_EDGE ( 'NONE', *, *, #1573, .F. ) ;
#5276 = AXIS2_PLACEMENT_3D ( 'NONE', #173, #4486, #1219 ) ;
#5277 = VERTEX_POINT ( 'NONE', #99 ) ;
#5278 = ADVANCED_FACE ( 'NONE', ( #3859 ), #1482, .T. ) ;
#5279 = AXIS2_PLACEMENT_3D ( 'NONE', #2693, #4215, #6017 ) ;
#5280 = CARTESIAN_POINT ( 'NONE',  ( 56.05687190837399925, 5.269522239082000681, 12.20000000000099938 ) ) ;
#5281 = CARTESIAN_POINT ( 'NONE',  ( 55.94324701969400593, 0.1358044089329999982, 12.20000000000000107 ) ) ;
#5282 = CARTESIAN_POINT ( 'NONE',  ( 48.57000000000000028, -8.459999970576999928, 0.000000000000000000 ) ) ;
#5283 = EDGE_LOOP ( 'NONE', ( #5172, #1149, #1535, #1592 ) ) ;
#5284 = VECTOR ( 'NONE', #1634, 1000.000000000000000 ) ;
#5285 = EDGE_LOOP ( 'NONE', ( #4202, #6073, #1609, #5171, #4241, #4713 ) ) ;
#5286 = CARTESIAN_POINT ( 'NONE',  ( 56.19071067811864850, -0.9599999999999965228, 12.19999999999999574 ) ) ;
#5287 = CARTESIAN_POINT ( 'NONE',  ( 51.57000000000000028, -6.959999999999999964, 0.000000000000000000 ) ) ;
#5288 = EDGE_LOOP ( 'NONE', ( #4278, #5275, #220, #1923 ) ) ;
#5289 = ORIENTED_EDGE ( 'NONE', *, *, #4504, .F. ) ;
#5290 = ADVANCED_FACE ( 'NONE', ( #760 ), #669, .T. ) ;
#5291 = CARTESIAN_POINT ( 'NONE',  ( -50.92999999999846494, -9.959999999999983089, 0.9792893218813453204 ) ) ;
#5292 = CARTESIAN_POINT ( 'NONE',  ( -43.43000000000000682, -8.469999970576999715, -0.1000000000000000056 ) ) ;
#5293 = CARTESIAN_POINT ( 'NONE',  ( 56.14930302015800123, 5.923600440828000302, 12.16889673085099943 ) ) ;
#5294 = FACE_OUTER_BOUND ( 'NONE', #4490, .T. ) ;
#5295 = FACE_OUTER_BOUND ( 'NONE', #5573, .T. ) ;
#5296 = ORIENTED_EDGE ( 'NONE', *, *, #1902, .F. ) ;
#5297 = DIRECTION ( 'NONE',  ( 0.000000000000000000, -1.000000000000000000, 0.000000000000000000 ) ) ;
#5298 = AXIS2_PLACEMENT_3D ( 'NONE', #5973, #5513, #430 ) ;
#5299 = DIRECTION ( 'NONE',  ( 0.000000000000000000, 0.000000000000000000, -1.000000000000000000 ) ) ;
#5300 = CARTESIAN_POINT ( 'NONE',  ( -43.43000000000000682, -8.759493741312001092, -1.165923710546999947 ) ) ;
#5301 = ORIENTED_EDGE ( 'NONE', *, *, #4574, .F. ) ;
#5302 = FACE_OUTER_BOUND ( 'NONE', #590, .T. ) ;
#5303 = VECTOR ( 'NONE', #1458, 1000.000000000000114 ) ;
#5304 = ORIENTED_EDGE ( 'NONE', *, *, #1703, .T. ) ;
#5305 = VECTOR ( 'NONE', #4058, 1000.000000000000000 ) ;
#5306 = CARTESIAN_POINT ( 'NONE',  ( 56.18133442548799650, -0.9826500881489999006, 12.21957129811499954 ) ) ;
#5307 = CARTESIAN_POINT ( 'NONE',  ( 56.14804145391499901, 5.609771615156999403, 12.20000000000099938 ) ) ;
#5308 = CARTESIAN_POINT ( 'NONE',  ( 55.87486986053599480, 0.3909914409890000164, 12.20000000000000107 ) ) ;
#5309 = CARTESIAN_POINT ( 'NONE',  ( 48.57000000000014239, -9.723905457942594310, -0.9958719043939294746 ) ) ;
#5310 = ADVANCED_FACE ( 'NONE', ( #4499 ), #2663, .F. ) ;
#5311 = ORIENTED_EDGE ( 'NONE', *, *, #1469, .T. ) ;
#5312 = VECTOR ( 'NONE', #1770, 1000.000000000000000 ) ;
#5313 = VERTEX_POINT ( 'NONE', #4989 ) ;
#5314 = LINE ( 'NONE', #1067, #4473 ) ;
#5315 = CARTESIAN_POINT ( 'NONE',  ( 9.845000000000000639, 0.04000000000000020206, 1.000000000000000000 ) ) ;
#5316 = CARTESIAN_POINT ( 'NONE',  ( 56.12441522716900266, -0.7273471716129999987, 12.13747185963299913 ) ) ;
#5317 = ORIENTED_EDGE ( 'NONE', *, *, #1788, .F. ) ;
#5318 = VERTEX_POINT ( 'NONE', #2095 ) ;
#5319 = CARTESIAN_POINT ( 'NONE',  ( -50.90169048104999661, -9.910000000000000142, 1.000000000000000000 ) ) ;
#5320 = CARTESIAN_POINT ( 'NONE',  ( 56.21999999999999886, -6.959999999999999964, 10.69999999999999929 ) ) ;
#5321 = CARTESIAN_POINT ( 'NONE',  ( 56.22324348973700125, 5.868766386633000209, 12.19908745168299902 ) ) ;
#5322 = ADVANCED_FACE ( 'NONE', ( #5355 ), #1233, .T. ) ;
#5323 = DIRECTION ( 'NONE',  ( 0.000000000000000000, 0.000000000000000000, -1.000000000000000000 ) ) ;
#5324 = FACE_OUTER_BOUND ( 'NONE', #1980, .T. ) ;
#5325 = DIRECTION ( 'NONE',  ( 0.000000000000000000, 0.000000000000000000, 1.000000000000000000 ) ) ;
#5326 = EDGE_CURVE ( 'NONE', #2985, #4672, #1265, .T. ) ;
#5327 = ORIENTED_EDGE ( 'NONE', *, *, #1760, .T. ) ;
#5328 = CARTESIAN_POINT ( 'NONE',  ( -43.38000000000000256, -9.504048111239999486, 0.08233058655027998551 ) ) ;
#5329 = DIRECTION ( 'NONE',  ( 0.000000000000000000, 0.1736481776670334987, 0.9848077530121899237 ) ) ;
#5330 = EDGE_LOOP ( 'NONE', ( #957, #497, #4256, #5849 ) ) ;
#5331 = CARTESIAN_POINT ( 'NONE',  ( 56.16999999999999460, 5.890000000000000568, 5.709999999999999964 ) ) ;
#5332 = ORIENTED_EDGE ( 'NONE', *, *, #3948, .F. ) ;
#5333 = EDGE_CURVE ( 'NONE', #2333, #3852, #4029, .T. ) ;
#5334 = EDGE_CURVE ( 'NONE', #1251, #5209, #5947, .T. ) ;
#5335 = CARTESIAN_POINT ( 'NONE',  ( 56.20808753697100002, -0.9882461622149998348, 12.21221547654299933 ) ) ;
#5336 = CARTESIAN_POINT ( 'NONE',  ( 55.70716858413300088, 3.964411665464000034, 12.20000000000000107 ) ) ;
#5337 = CARTESIAN_POINT ( 'NONE',  ( 55.97202887382296410, -0.2211616986740001511, 12.19999999999999751 ) ) ;
#5338 = DIRECTION ( 'NONE',  ( -0.7071067742510473986, 0.7071067881220476359, 0.000000000000000000 ) ) ;
#5339 = TOROIDAL_SURFACE ( 'NONE', #3663, 0.5500000000000000444, 0.05000000000000000278 ) ;
#5340 = ORIENTED_EDGE ( 'NONE', *, *, #638, .T. ) ;
#5341 = VERTEX_POINT ( 'NONE', #4528 ) ;
#5342 = CIRCLE ( 'NONE', #4858, 0.5500000000000001554 ) ;
#5343 = DIRECTION ( 'NONE',  ( 0.000000000000000000, 0.000000000000000000, -1.000000000000000000 ) ) ;
#5344 = DIRECTION ( 'NONE',  ( 0.000000000000000000, 0.000000000000000000, 1.000000000000000000 ) ) ;
#5345 = DIRECTION ( 'NONE',  ( 2.400000000000000048E-16, 1.000000000000000000, 0.000000000000000000 ) ) ;
#5346 = ORIENTED_EDGE ( 'NONE', *, *, #1616, .T. ) ;
#5347 = EDGE_LOOP ( 'NONE', ( #3702, #429, #2808, #2683, #1824, #1627, #984, #294, #5818, #3562, #1118, #3622, #843, #4225, #3815, #2404, #761, #1012, #5388, #523, #903, #4668 ) ) ;
#5348 = CLOSED_SHELL ( 'NONE', ( #4577, #3261, #1506, #777, #3409, #4925, #1545, #4629, #2155, #5051, #4793, #503, #452, #4893, #1498, #3288, #1872, #2614, #4437, #3957, #1519, #5910, #3013, #208, #2320, #2829, #531, #5508, #2071, #889, #4503, #4737, #2832, #5614, #3225, #713, #364, #2112, #5030, #4441, #2960, #1952, #5551, #4531, #3912, #2537, #824, #5494, #1238, #3799, #2145, #5875, #4383, #3704, #2612, #2603, #21, #1888, #5983, #699, #2915, #2844, #2627, #3673, #1162, #4878, #5262, #5310, #3410, #762, #4564, #5124, #133, #1180, #5533, #1036, #5633, #2057, #1758, #4999, #2552, #3886, #764, #2231, #4050, #6, #1886, #3272, #2665, #3865, #2991, #3927, #1224, #5401, #3344, #4845, #512, #1097, #5940, #3866, #2777, #1742, #1964, #2385, #4167, #892, #5476, #2859, #5660, #393, #640, #2083, #1059, #3437, #3713, #1955, #5488, #941, #1815, #1868, #1340, #2507, #821, #4320, #3198, #3621, #1603, #2244, #3519, #4514, #4102, #303, #2232, #5713, #4973, #1791, #5517, #5249, #5237, #5074, #5290, #5663, #2675, #4120, #3073, #967, #3048, #2504, #2756, #4692, #5955, #2172, #1035, #5322, #251, #2901, #2186, #1006, #1524, #3088, #3423, #5278, #5826 ) ) ;
#5349 = EDGE_CURVE ( 'NONE', #258, #5431, #2541, .T. ) ;
#5350 = CARTESIAN_POINT ( 'NONE',  ( 57.17000000000000171, -5.459999999999999964, 10.69999999999999929 ) ) ;
#5351 = CARTESIAN_POINT ( 'NONE',  ( 56.16436365742000447, 5.854018507240000169, 12.18401751883700079 ) ) ;
#5352 = DIRECTION ( 'NONE',  ( 0.000000000000000000, 0.000000000000000000, 1.000000000000000000 ) ) ;
#5353 = DIRECTION ( 'NONE',  ( 0.000000000000000000, 1.000000000000000000, 0.000000000000000000 ) ) ;
#5354 = LINE ( 'NONE', #4028, #2323 ) ;
#5355 = FACE_OUTER_BOUND ( 'NONE', #4157, .T. ) ;
#5356 = ORIENTED_EDGE ( 'NONE', *, *, #1768, .T. ) ;
#5357 = DIRECTION ( 'NONE',  ( -1.275353200852646987E-16, -1.000000000000000000, -0.000000000000000000 ) ) ;
#5358 = CIRCLE ( 'NONE', #536, 1.449999999999999956 ) ;
#5359 = CARTESIAN_POINT ( 'NONE',  ( -60.92999999999999972, 3.340000000000000302, 0.9499999999999999556 ) ) ;
#5360 = CARTESIAN_POINT ( 'NONE',  ( 55.74135538881587593, 4.091998557487404042, 12.20000000000000107 ) ) ;
#5361 = VECTOR ( 'NONE', #1996, 1000.000000000000000 ) ;
#5362 = VECTOR ( 'NONE', #4578, 1000.000000000000000 ) ;
#5363 = VERTEX_POINT ( 'NONE', #3972 ) ;
#5364 = VECTOR ( 'NONE', #5215, 1000.000000000000000 ) ;
#5365 = LINE ( 'NONE', #3551, #422 ) ;
#5366 = DIRECTION ( 'NONE',  ( 0.000000000000000000, -1.000000000000000000, 0.000000000000000000 ) ) ;
#5367 = CARTESIAN_POINT ( 'NONE',  ( 55.68632184161899801, 3.886610563229000004, 12.20000000000000107 ) ) ;
#5368 = CARTESIAN_POINT ( 'NONE',  ( 56.14297177171796704, -0.8591292788140005854, 12.20000000000000284 ) ) ;
#5369 = CARTESIAN_POINT ( 'NONE',  ( -19.13000000000000256, 3.140000000000000124, 0.000000000000000000 ) ) ;
#5370 = AXIS2_PLACEMENT_3D ( 'NONE', #1354, #2265, #4055 ) ;
#5371 = EDGE_CURVE ( 'NONE', #3867, #5865, #5387, .T. ) ;
#5372 = ORIENTED_EDGE ( 'NONE', *, *, #3747, .T. ) ;
#5373 = AXIS2_PLACEMENT_3D ( 'NONE', #550, #4814, #98 ) ;
#5374 = AXIS2_PLACEMENT_3D ( 'NONE', #4335, #2871, #3774 ) ;
#5375 = FACE_OUTER_BOUND ( 'NONE', #4645, .T. ) ;
#5376 = DATE_TIME_ROLE ( 'classification_date' ) ;
#5377 = FACE_OUTER_BOUND ( 'NONE', #1153, .T. ) ;
#5378 = CARTESIAN_POINT ( 'NONE',  ( 55.89802513627530089, 0.1175521501577297956, 12.13747185964599851 ) ) ;
#5379 = ORIENTED_EDGE ( 'NONE', *, *, #1249, .F. ) ;
#5380 = VERTEX_POINT ( 'NONE', #5839 ) ;
#5381 = CIRCLE ( 'NONE', #5188, 0.5499999999999997113 ) ;
#5382 = CARTESIAN_POINT ( 'NONE',  ( 55.65202486653899427, 4.008163275343000542, 12.20000000000000107 ) ) ;
#5383 = CARTESIAN_POINT ( 'NONE',  ( 56.16411372882199515, 5.912131567777000107, 12.13787186847499910 ) ) ;
#5384 = CARTESIAN_POINT ( 'NONE',  ( 56.16999999999999460, 1.037270555095999969, 10.20272944490400135 ) ) ;
#5385 = DIRECTION ( 'NONE',  ( 0.000000000000000000, -1.000000000000000000, 0.000000000000000000 ) ) ;
#5386 = LINE ( 'NONE', #2633, #1945 ) ;
#5387 = LINE ( 'NONE', #301, #5305 ) ;
#5388 = ORIENTED_EDGE ( 'NONE', *, *, #2219, .T. ) ;
#5389 = EDGE_CURVE ( 'NONE', #2830, #162, #3512, .T. ) ;
#5390 = PLANE ( 'NONE',  #2635 ) ;
#5391 = CARTESIAN_POINT ( 'NONE',  ( 55.71932319903800135, 4.008163275343000542, 12.20000000000000107 ) ) ;
#5392 = ORIENTED_EDGE ( 'NONE', *, *, #61, .F. ) ;
#5393 = ORIENTED_EDGE ( 'NONE', *, *, #1921, .F. ) ;
#5394 = VECTOR ( 'NONE', #1896, 1000.000000000000000 ) ;
#5395 = DIRECTION ( 'NONE',  ( 0.000000000000000000, 0.000000000000000000, 1.000000000000000000 ) ) ;
#5396 = CARTESIAN_POINT ( 'NONE',  ( 55.91471086460096984, 4.988520766548996122, 12.19999999999999751 ) ) ;
#5397 = CARTESIAN_POINT ( 'NONE',  ( 55.89766224692100849, 0.3059290969699999807, 12.20000000000000107 ) ) ;
#5398 = EDGE_CURVE ( 'NONE', #1161, #1858, #2570, .T. ) ;
#5399 = VECTOR ( 'NONE', #456, 1000.000000000000000 ) ;
#5400 = CARTESIAN_POINT ( 'NONE',  ( -19.13000000000000256, 3.189999999999999947, 0.9499999999999999556 ) ) ;
#5401 = ADVANCED_FACE ( 'NONE', ( #5417 ), #698, .F. ) ;
#5402 = ORIENTED_EDGE ( 'NONE', *, *, #4129, .F. ) ;
#5403 = CARTESIAN_POINT ( 'NONE',  ( 55.67988784944700598, 0.9480255713810000762, 12.17576262931500075 ) ) ;
#5404 = DIRECTION ( 'NONE',  ( 0.000000000000000000, 0.000000000000000000, -1.000000000000000000 ) ) ;
#5405 = CARTESIAN_POINT ( 'NONE',  ( 56.11871713065300327, -0.7060815856020000725, 12.13747185964999886 ) ) ;
#5406 = EDGE_LOOP ( 'NONE', ( #991, #4661, #5301, #2825 ) ) ;
#5407 = AXIS2_PLACEMENT_3D ( 'NONE', #962, #3177, #5058 ) ;
#5408 = ORIENTED_EDGE ( 'NONE', *, *, #218, .F. ) ;
#5409 =( BOUNDED_SURFACE ( )  B_SPLINE_SURFACE ( 2, 3, ( 
 ( #674, #1148, #2549, #219, #2100, #703, #2575, #245 ),
 ( #5877, #3547, #5421, #734, #1206, #2608, #276, #2158 ),
 ( #1793, #3634, #924, #3760, #1425, #2824, #5510, #458 ) ),
 .UNSPECIFIED., .F., .F., .T. ) 
 B_SPLINE_SURFACE_WITH_KNOTS ( ( 3, 3 ),
 ( 4, 2, 2, 4 ),
 ( 0.000000000000000000, 2.078936452400000245 ),
 ( -0.1305770037819999896, -0.01687557316580000008, 2.062060879234000055, 2.175762309850000076 ),
 .UNSPECIFIED. ) 
 GEOMETRIC_REPRESENTATION_ITEM ( )  RATIONAL_B_SPLINE_SURFACE ( (
 ( 1.000000000000000000, 1.000000000000000000, 1.000000000000000000, 1.000000000000000000, 1.000000000000000000, 1.000000000000000000, 1.000000000000000000, 1.000000000000000000),
 ( 0.6088386147929999437, 0.6088386147929999437, 0.6088386147929999437, 0.6088386147929999437, 0.6088386147929999437, 0.6088386147929999437, 0.6088386147929999437, 0.6088386147929999437),
 ( 1.000000000000000000, 1.000000000000000000, 1.000000000000000000, 1.000000000000000000, 1.000000000000000000, 1.000000000000000000, 1.000000000000000000, 1.000000000000000000) ) ) 
 REPRESENTATION_ITEM ( '' )  SURFACE ( )  );
#5410 = EDGE_CURVE ( 'NONE', #4347, #511, #439, .T. ) ;
#5411 = CARTESIAN_POINT ( 'NONE',  ( -43.38000000000000256, -8.459999970576999928, 1.000000000000000000 ) ) ;
#5412 = CARTESIAN_POINT ( 'NONE',  ( 56.21233211210800107, 5.875540313126000669, 12.20122175275199972 ) ) ;
#5413 = CARTESIAN_POINT ( 'NONE',  ( 55.96453147927400096, 5.111925691397999572, 12.13747185964700037 ) ) ;
#5414 = DIRECTION ( 'NONE',  ( 0.000000000000000000, -1.000000000000000000, 0.000000000000000000 ) ) ;
#5415 = CARTESIAN_POINT ( 'NONE',  ( 56.21999999999999886, 10.99000000000000021, 3.700000000000000178 ) ) ;
#5416 = DIRECTION ( 'NONE',  ( 1.000000000000000000, 0.000000000000000000, 0.000000000000000000 ) ) ;
#5417 = FACE_OUTER_BOUND ( 'NONE', #4148, .T. ) ;
#5418 = ORIENTED_EDGE ( 'NONE', *, *, #2422, .T. ) ;
#5419 = CARTESIAN_POINT ( 'NONE',  ( 50.03464466128700394, -8.424644631171000597, 0.9499999999999999556 ) ) ;
#5420 = EDGE_CURVE ( 'NONE', #3029, #1304, #5872, .T. ) ;
#5421 = CARTESIAN_POINT ( 'NONE',  ( 56.18339847151501232, 3.941008483757996839, 10.14973191684100762 ) ) ;
#5422 = EDGE_LOOP ( 'NONE', ( #5911, #2899, #768, #4791 ) ) ;
#5423 = CARTESIAN_POINT ( 'NONE',  ( 13.19500000000000028, 0.03999999999999960532, 1.000000000000000000 ) ) ;
#5424 = ORIENTED_EDGE ( 'NONE', *, *, #3786, .F. ) ;
#5425 = FACE_OUTER_BOUND ( 'NONE', #3464, .T. ) ;
#5426 = EDGE_CURVE ( 'NONE', #2765, #2517, #1613, .T. ) ;
#5427 = DIRECTION ( 'NONE',  ( 0.000000000000000000, 0.000000000000000000, 1.000000000000000000 ) ) ;
#5428 = CARTESIAN_POINT ( 'NONE',  ( 56.04576708632096427, 5.477629244656000651, 12.20000000000000284 ) ) ;
#5429 = CARTESIAN_POINT ( 'NONE',  ( 55.82811420421000292, 0.3784633006349999440, 12.13747185964599851 ) ) ;
#5430 = DIRECTION ( 'NONE',  ( 0.000000000000000000, 1.000000000000000000, 0.000000000000000000 ) ) ;
#5431 = VERTEX_POINT ( 'NONE', #5331 ) ;
#5432 = AXIS2_PLACEMENT_3D ( 'NONE', #693, #2566, #4464 ) ;
#5433 = DIRECTION ( 'NONE',  ( 0.000000000000000000, -1.000000000000000000, 0.000000000000000000 ) ) ;
#5434 = DIRECTION ( 'NONE',  ( 0.000000000000000000, 1.000000000000000000, 0.000000000000000000 ) ) ;
#5435 = DIRECTION ( 'NONE',  ( 1.000000000000000000, 0.000000000000000000, 0.000000000000000000 ) ) ;
#5436 = VERTEX_POINT ( 'NONE', #1026 ) ;
#5437 = ORIENTED_EDGE ( 'NONE', *, *, #395, .T. ) ;
#5438 = AXIS2_PLACEMENT_3D ( 'NONE', #2133, #3022, #739 ) ;
#5439 = CARTESIAN_POINT ( 'NONE',  ( 57.16966295674399845, 3.942744372825999655, 10.20272944490400135 ) ) ;
#5440 = DIRECTION ( 'NONE',  ( 0.000000000000000000, 0.000000000000000000, -1.000000000000000000 ) ) ;
#5441 = LINE ( 'NONE', #4084, #4923 ) ;
#5442 = DIRECTION ( 'NONE',  ( 1.000000000000000000, -2.508228906496317118E-16, 0.000000000000000000 ) ) ;
#5443 = LINE ( 'NONE', #3191, #1411 ) ;
#5444 = CARTESIAN_POINT ( 'NONE',  ( -32.92999999999999972, -4.959999999999999964, 1.000000000000000000 ) ) ;
#5445 = CARTESIAN_POINT ( 'NONE',  ( 52.53463480580199985, 10.99756176696200072, 0.9516145624329999109 ) ) ;
#5446 = ORIENTED_EDGE ( 'NONE', *, *, #3591, .F. ) ;
#5447 = EDGE_CURVE ( 'NONE', #420, #1894, #617, .T. ) ;
#5448 = CARTESIAN_POINT ( 'NONE',  ( 56.16547278697900225, -0.6935534452480000001, 12.20000000000499973 ) ) ;
#5449 = PLANE ( 'NONE',  #1072 ) ;
#5450 = CARTESIAN_POINT ( 'NONE',  ( 55.85352887581810677, 4.510635710247625774, 12.20000000000000107 ) ) ;
#5451 = VECTOR ( 'NONE', #1098, 1000.000000000000000 ) ;
#5452 = ORIENTED_EDGE ( 'NONE', *, *, #695, .F. ) ;
#5453 = AXIS2_PLACEMENT_3D ( 'NONE', #5300, #588, #5792 ) ;
#5454 = ORIENTED_EDGE ( 'NONE', *, *, #3803, .F. ) ;
#5455 = CARTESIAN_POINT ( 'NONE',  ( 56.19631606335200047, -0.8666266361219999714, 12.20162864376700007 ) ) ;
#5457 = AXIS2_PLACEMENT_3D ( 'NONE', #5923, #3125, #5009 ) ;
#5456 = DIRECTION ( 'NONE',  ( 1.000000000000000000, 0.000000000000000000, 0.000000000000000000 ) ) ;
#5458 = CARTESIAN_POINT ( 'NONE',  ( 55.63696336427499034, 3.951952983657999408, 12.19999999999999751 ) ) ;
#5459 = CARTESIAN_POINT ( 'NONE',  ( 55.93067994294500522, -0.004317247449433000116, 12.13747185964599851 ) ) ;
#5460 = DIRECTION ( 'NONE',  ( 0.000000000000000000, 0.000000000000000000, 1.000000000000000000 ) ) ;
#5461 = EDGE_CURVE ( 'NONE', #5858, #4691, #5015, .T. ) ;
#5462 = CIRCLE ( 'NONE', #3593, 1.989999999999999991 ) ;
#5463 = EDGE_LOOP ( 'NONE', ( #4653, #3377, #4339, #2884 ) ) ;
#5464 = CARTESIAN_POINT ( 'NONE',  ( 55.68322807184700451, 0.9153125214830000189, 12.14200453228199983 ) ) ;
#5465 = FACE_OUTER_BOUND ( 'NONE', #646, .T. ) ;
#5466 = FACE_OUTER_BOUND ( 'NONE', #5285, .T. ) ;
#5467 = ORIENTED_EDGE ( 'NONE', *, *, #279, .F. ) ;
#5468 = AXIS2_PLACEMENT_3D ( 'NONE', #1448, #4309, #4344 ) ;
#5469 = CARTESIAN_POINT ( 'NONE',  ( 56.16999999999999460, -0.9638416356619998737, 12.20384163566200009 ) ) ;
#5470 = AXIS2_PLACEMENT_3D ( 'NONE', #915, #2206, #852 ) ;
#5471 = DIRECTION ( 'NONE',  ( 1.000000000000000000, 0.000000000000000000, 0.000000000000000000 ) ) ;
#5472 = LINE ( 'NONE', #3220, #3201 ) ;
#5473 = EDGE_CURVE ( 'NONE', #1928, #1813, #1526, .T. ) ;
#5474 = FACE_OUTER_BOUND ( 'NONE', #2496, .T. ) ;
#5475 = PLANE ( 'NONE',  #1839 ) ;
#5476 = ADVANCED_FACE ( 'NONE', ( #5302 ), #1088, .F. ) ;
#5477 = ORIENTED_EDGE ( 'NONE', *, *, #863, .T. ) ;
#5478 = LINE ( 'NONE', #5506, #62 ) ;
#5479 = CARTESIAN_POINT ( 'NONE',  ( 56.19396326980500334, -0.7998813752819999845, 12.19999999997100026 ) ) ;
#5480 = LINE ( 'NONE', #3573, #4718 ) ;
#5481 = CARTESIAN_POINT ( 'NONE',  ( 55.87596357322142637, 4.594363140798961354, 12.20000000000000107 ) ) ;
#5482 =( BOUNDED_CURVE ( )  B_SPLINE_CURVE ( 3, ( #389, #2203, #1846, #5044 ),
 .UNSPECIFIED., .F., .F. ) 
 B_SPLINE_CURVE_WITH_KNOTS ( ( 4, 4 ),
 ( 3.141592653589793116, 4.712388980384689674 ),
 .UNSPECIFIED. ) 
 CURVE ( )  GEOMETRIC_REPRESENTATION_ITEM ( )  RATIONAL_B_SPLINE_CURVE ( ( 1.000000000000000000, 0.8047378541243649375, 0.8047378541243649375, 1.000000000000000000 ) ) 
 REPRESENTATION_ITEM ( '' )  );
#5483 = ORIENTED_EDGE ( 'NONE', *, *, #4521, .F. ) ;
#5484 = ORIENTED_EDGE ( 'NONE', *, *, #3469, .T. ) ;
#5485 = CARTESIAN_POINT ( 'NONE',  ( 56.16511465386100355, -0.8560252560259999921, 12.17221650083899931 ) ) ;
#5486 = CARTESIAN_POINT ( 'NONE',  ( 56.21999999999999886, -6.910000000000000142, 10.69999999999999929 ) ) ;
#5487 = CARTESIAN_POINT ( 'NONE',  ( 55.76656035309100190, 4.435615530427003073, 12.19999999999999751 ) ) ;
#5488 = ADVANCED_FACE ( 'NONE', ( #2493 ), #2642, .T. ) ;
#5489 = CARTESIAN_POINT ( 'NONE',  ( 52.53039671492800267, 10.99247605791300053, 0.9499999999999999556 ) ) ;
#5490 = ORIENTED_EDGE ( 'NONE', *, *, #2952, .T. ) ;
#5491 = VECTOR ( 'NONE', #4220, 1000.000000000000000 ) ;
#5492 = CARTESIAN_POINT ( 'NONE',  ( 55.71523997293100194, 0.9718176751050000561, 12.20000000000000107 ) ) ;
#5493 = CARTESIAN_POINT ( 'NONE',  ( 52.54686285108800092, 11.01223542130500022, 0.9595073366870000564 ) ) ;
#5494 = ADVANCED_FACE ( 'NONE', ( #2611 ), #1875, .T. ) ;
#5495 = CARTESIAN_POINT ( 'NONE',  ( 56.22892924631899803, 1.036769510686000206, 10.20323048931400045 ) ) ;
#5496 = EDGE_LOOP ( 'NONE', ( #4924, #3471, #3153, #3192 ) ) ;
#5497 = CARTESIAN_POINT ( 'NONE',  ( 42.84499999999999886, 0.03999999999999961225, 0.9499999999999999556 ) ) ;
#5498 = DIRECTION ( 'NONE',  ( 0.000000000000000000, -1.000000000000000000, 0.000000000000000000 ) ) ;
#5499 = AXIS2_PLACEMENT_3D ( 'NONE', #1666, #3600, #3568 ) ;
#5500 = CARTESIAN_POINT ( 'NONE',  ( 56.21999999999999886, -5.459999999999999964, 10.69999999999999929 ) ) ;
#5501 = CARTESIAN_POINT ( 'NONE',  ( 52.56999963878502058, 11.03999956654200432, 0.9502261328260005468 ) ) ;
#5502 = DIRECTION ( 'NONE',  ( 0.000000000000000000, 0.000000000000000000, 1.000000000000000000 ) ) ;
#5503 = PLANE ( 'NONE',  #2130 ) ;
#5504 = VERTEX_POINT ( 'NONE', #5423 ) ;
#5505 = EDGE_CURVE ( 'NONE', #589, #1371, #101, .T. ) ;
#5506 = CARTESIAN_POINT ( 'NONE',  ( 56.16999999999999460, 3.439999999999999947, 8.149999999999998579 ) ) ;
#5507 = CARTESIAN_POINT ( 'NONE',  ( 55.85386591907411713, 0.4693792176733670996, 12.19999999999999929 ) ) ;
#5508 = ADVANCED_FACE ( 'NONE', ( #1144 ), #70, .F. ) ;
#5509 = CARTESIAN_POINT ( 'NONE',  ( -50.92999999999999972, -9.960000000000000853, 0.9499999999999999556 ) ) ;
#5510 = CARTESIAN_POINT ( 'NONE',  ( 55.64988869785800318, 4.073530760078000412, 12.27333977478300042 ) ) ;
#5511 = EDGE_LOOP ( 'NONE', ( #598, #114, #2462, #4773 ) ) ;
#5512 = ORIENTED_EDGE ( 'NONE', *, *, #378, .T. ) ;
#5513 = DIRECTION ( 'NONE',  ( 0.000000000000000000, 0.000000000000000000, -1.000000000000000000 ) ) ;
#5514 = CARTESIAN_POINT ( 'NONE',  ( 57.17000000000000171, 1.039999999999999813, 8.699999999999999289 ) ) ;
#5515 = CARTESIAN_POINT ( 'NONE',  ( 56.05146518291797975, 5.498894830661003041, 12.19999999999999751 ) ) ;
#5516 = DIRECTION ( 'NONE',  ( -1.000000000000000000, 0.000000000000000000, 0.000000000000000000 ) ) ;
#5517 = ADVANCED_FACE ( 'NONE', ( #1419 ), #5082, .T. ) ;
#5518 = ORIENTED_EDGE ( 'NONE', *, *, #4751, .F. ) ;
#5519 = EDGE_CURVE ( 'NONE', #12, #1258, #4918, .T. ) ;
#5520 = CARTESIAN_POINT ( 'NONE',  ( 55.68257724793299701, 0.9168436711200000921, 12.14358872522899802 ) ) ;
#5521 = CARTESIAN_POINT ( 'NONE',  ( 52.59171581540299911, 11.00549327891500084, 1.000000000000000000 ) ) ;
#5522 = CARTESIAN_POINT ( 'NONE',  ( 56.17111616399499496, 0.9841868547750001195, 10.25581314522499987 ) ) ;
#5523 = ORIENTED_EDGE ( 'NONE', *, *, #5829, .T. ) ;
#5524 = CARTESIAN_POINT ( 'NONE',  ( 56.16999999999999460, -6.910000000000000142, 10.69999999999999929 ) ) ;
#5525 = CARTESIAN_POINT ( 'NONE',  ( 9.895000000000001350, 0.03999999999999980654, 0.000000000000000000 ) ) ;
#5526 = DIRECTION ( 'NONE',  ( -1.000000000000000000, 0.000000000000000000, 0.000000000000000000 ) ) ;
#5527 = DIRECTION ( 'NONE',  ( 2.040851148208007998E-15, 1.000000000000000000, 0.000000000000000000 ) ) ;
#5528 = DIRECTION ( 'NONE',  ( 1.000000000000000000, 0.000000000000000000, 0.000000000000000000 ) ) ;
#5529 = CARTESIAN_POINT ( 'NONE',  ( -19.13000000000000256, 3.140000000000000124, 0.000000000000000000 ) ) ;
#5530 = ORIENTED_EDGE ( 'NONE', *, *, #2803, .T. ) ;
#5531 = ORIENTED_EDGE ( 'NONE', *, *, #3803, .T. ) ;
#5532 = VECTOR ( 'NONE', #183, 1000.000000000000000 ) ;
#5533 = ADVANCED_FACE ( 'NONE', ( #1529 ), #2929, .F. ) ;
#5534 = DIRECTION ( 'NONE',  ( 0.000000000000000000, -1.000000000000000000, 0.000000000000000000 ) ) ;
#5535 = CARTESIAN_POINT ( 'NONE',  ( 3.145000000000000018, 0.03999999999999959838, 0.9499999999999999556 ) ) ;
#5536 = CARTESIAN_POINT ( 'NONE',  ( -59.22999999999999687, -4.910000000000000142, 0.9499999999999999556 ) ) ;
#5537 = FACE_OUTER_BOUND ( 'NONE', #3215, .T. ) ;
#5538 = ORIENTED_EDGE ( 'NONE', *, *, #4818, .F. ) ;
#5539 = EDGE_LOOP ( 'NONE', ( #3835, #3021, #4714, #2992 ) ) ;
#5540 = LINE ( 'NONE', #1429, #4370 ) ;
#5541 = CIRCLE ( 'NONE', #5255, 1.700000000000000178 ) ;
#5542 = DIRECTION ( 'NONE',  ( 0.000000000000000000, 1.000000000000000000, 0.000000000000000000 ) ) ;
#5543 = CARTESIAN_POINT ( 'NONE',  ( 55.63956618529300613, 3.899138703583000520, 12.13747185964599851 ) ) ;
#5544 = AXIS2_PLACEMENT_3D ( 'NONE', #3142, #795, #336 ) ;
#5545 = ORIENTED_EDGE ( 'NONE', *, *, #3026, .T. ) ;
#5546 = DIRECTION ( 'NONE',  ( 0.000000000000000000, 0.000000000000000000, 1.000000000000000000 ) ) ;
#5547 = ORIENTED_EDGE ( 'NONE', *, *, #5857, .T. ) ;
#5548 = CIRCLE ( 'NONE', #830, 1.624999999999999778 ) ;
#5549 = CARTESIAN_POINT ( 'NONE',  ( -6.680000000000000604, 2.339999999999999858, 1.000000000000000000 ) ) ;
#5550 = FACE_OUTER_BOUND ( 'NONE', #4666, .T. ) ;
#5551 = ADVANCED_FACE ( 'NONE', ( #3899 ), #3054, .T. ) ;
#5552 = CARTESIAN_POINT ( 'NONE',  ( 56.22592281779800061, 1.036234893747999930, 10.20376510625199984 ) ) ;
#5553 = AXIS2_PLACEMENT_3D ( 'NONE', #2081, #3027, #4916 ) ;
#5554 = ORIENTED_EDGE ( 'NONE', *, *, #4332, .F. ) ;
#5555 = ORIENTED_EDGE ( 'NONE', *, *, #605, .T. ) ;
#5556 = AXIS2_PLACEMENT_3D ( 'NONE', #1732, #3602, #4558 ) ;
#5557 = CARTESIAN_POINT ( 'NONE',  ( 56.16999999999999460, 9.539999999999999147, 10.69999999999999929 ) ) ;
#5558 = FACE_OUTER_BOUND ( 'NONE', #5081, .T. ) ;
#5559 = DIRECTION ( 'NONE',  ( 0.000000000000000000, 0.000000000000000000, 1.000000000000000000 ) ) ;
#5560 = CARTESIAN_POINT ( 'NONE',  ( -43.43000000000000682, -9.504048111239999486, 0.08233058655027998551 ) ) ;
#5561 = LINE ( 'NONE', #885, #2715 ) ;
#5562 = ORIENTED_EDGE ( 'NONE', *, *, #972, .F. ) ;
#5563 = ORIENTED_EDGE ( 'NONE', *, *, #2199, .F. ) ;
#5564 = AXIS2_PLACEMENT_3D ( 'NONE', #914, #5929, #2783 ) ;
#5565 = AXIS2_PLACEMENT_3D ( 'NONE', #2514, #2601, #3043 ) ;
#5566 = LINE ( 'NONE', #1761, #2906 ) ;
#5567 = CARTESIAN_POINT ( 'NONE',  ( 56.08000133801100162, -0.3745696551789999829, 12.20000000000000107 ) ) ;
#5568 = CARTESIAN_POINT ( 'NONE',  ( 48.57000000000000028, -8.469999970576999715, -0.1000000000000000056 ) ) ;
#5569 = CARTESIAN_POINT ( 'NONE',  ( 55.94207613614100438, -0.04684841945858000262, 12.13747185964599851 ) ) ;
#5570 = DIRECTION ( 'NONE',  ( 0.000000000000000000, 0.000000000000000000, -1.000000000000000000 ) ) ;
#5571 = EDGE_CURVE ( 'NONE', #1341, #2562, #2253, .T. ) ;
#5572 = VERTEX_POINT ( 'NONE', #4569 ) ;
#5573 = EDGE_LOOP ( 'NONE', ( #675, #2557, #5585, #3686 ) ) ;
#5574 = CARTESIAN_POINT ( 'NONE',  ( 56.17000329763109789, -0.8980457109897557189, 12.13803340406264297 ) ) ;
#5575 = LINE ( 'NONE', #3236, #1384 ) ;
#5576 = CARTESIAN_POINT ( 'NONE',  ( 55.85056954733800438, 4.686613971305000348, 12.13747185964599851 ) ) ;
#5577 = ORIENTED_EDGE ( 'NONE', *, *, #342, .F. ) ;
#5578 = LINE ( 'NONE', #3643, #5945 ) ;
#5579 = EDGE_LOOP ( 'NONE', ( #3952, #147, #3978, #3296 ) ) ;
#5580 = EDGE_CURVE ( 'NONE', #2239, #5277, #4039, .T. ) ;
#5581 = LINE ( 'NONE', #935, #2048 ) ;
#5582 = CARTESIAN_POINT ( 'NONE',  ( -50.53000000000000114, -4.559999999999999609, 1.000000000000000000 ) ) ;
#5583 = EDGE_CURVE ( 'NONE', #5431, #4270, #3630, .T. ) ;
#5584 = CARTESIAN_POINT ( 'NONE',  ( 56.18696391826399861, 1.013795873042999895, 10.22620412695699876 ) ) ;
#5585 = ORIENTED_EDGE ( 'NONE', *, *, #3454, .T. ) ;
#5586 = ORIENTED_EDGE ( 'NONE', *, *, #1988, .T. ) ;
#5587 = AXIS2_PLACEMENT_3D ( 'NONE', #2826, #3176, #4160 ) ;
#5588 = CARTESIAN_POINT ( 'NONE',  ( 56.24218690361600181, -0.9831451043000000167, 12.19416557130299950 ) ) ;
#5589 = CARTESIAN_POINT ( 'NONE',  ( 56.22808287454822818, -0.9392237458692855867, 12.19998278911649336 ) ) ;
#5590 = CARTESIAN_POINT ( 'NONE',  ( 48.52000000000000313, -8.469999970576999715, -0.1000000000000000056 ) ) ;
#5591 = DIRECTION ( 'NONE',  ( 1.000000000000000000, 0.000000000000000000, 0.000000000000000000 ) ) ;
#5592 = CARTESIAN_POINT ( 'NONE',  ( -44.92999999999999972, -8.460000000000000853, 0.9499999999999999556 ) ) ;
#5593 = CARTESIAN_POINT ( 'NONE',  ( -19.13000000000000256, -3.109999999999999876, 0.9499999999999999556 ) ) ;
#5594 = ORIENTED_EDGE ( 'NONE', *, *, #2125, .F. ) ;
#5595 = AXIS2_PLACEMENT_3D ( 'NONE', #2890, #2426, #4317 ) ;
#5596 = EDGE_LOOP ( 'NONE', ( #1234, #1884, #1899, #3035, #3844, #4405, #3721, #3556 ) ) ;
#5597 = EDGE_CURVE ( 'NONE', #2082, #1851, #2353, .T. ) ;
#5598 = VECTOR ( 'NONE', #3422, 1000.000000000000000 ) ;
#5599 = CARTESIAN_POINT ( 'NONE',  ( 19.76999999999999957, -2.259999999999999787, 0.9499999999999999556 ) ) ;
#5600 = FACE_OUTER_BOUND ( 'NONE', #2376, .T. ) ;
#5601 = DIRECTION ( 'NONE',  ( 1.000000000000000000, 0.000000000000000000, 0.000000000000000000 ) ) ;
#5602 = CARTESIAN_POINT ( 'NONE',  ( 55.62427119345998250, 1.076687633161000690, 12.19999999999999751 ) ) ;
#5603 = LINE ( 'NONE', #5178, #146 ) ;
#5604 = ORIENTED_EDGE ( 'NONE', *, *, #5071, .F. ) ;
#5605 = AXIS2_PLACEMENT_3D ( 'NONE', #2134, #5883, #3552 ) ;
#5606 = EDGE_CURVE ( 'NONE', #1913, #4660, #3144, .T. ) ;
#5607 = B_SPLINE_CURVE_WITH_KNOTS ( 'NONE', 3,
 ( #3698, #4694, #5574, #5057, #828, #1769, #1367, #8, #3640, #898, #4663, #2310, #4846 ),
 .UNSPECIFIED., .F., .F.,
 ( 4, 3, 3, 3, 4 ),
 ( 0.000000000000000000, 1.164933336484164530E-06, 5.845378125843074898E-06, 2.448863633576361612E-05, 9.359782384600559438E-05 ),
 .UNSPECIFIED. ) ;
#5608 = DIRECTION ( 'NONE',  ( 0.000000000000000000, 0.000000000000000000, -1.000000000000000000 ) ) ;
#5609 = CARTESIAN_POINT ( 'NONE',  ( 32.16999999999999460, 3.140000000000000124, 0.000000000000000000 ) ) ;
#5610 = CARTESIAN_POINT ( 'NONE',  ( 55.66041292780699479, 3.976939805817999662, 12.13747185964599851 ) ) ;
#5611 = ORIENTED_EDGE ( 'NONE', *, *, #2644, .T. ) ;
#5612 = DIRECTION ( 'NONE',  ( 0.000000000000000000, 0.000000000000000000, 1.000000000000000000 ) ) ;
#5613 = EDGE_LOOP ( 'NONE', ( #1436, #853, #2412, #3247 ) ) ;
#5614 = ADVANCED_FACE ( 'NONE', ( #253 ), #4099, .T. ) ;
#5615 = FACE_OUTER_BOUND ( 'NONE', #3838, .T. ) ;
#5616 = LINE ( 'NONE', #5645, #5361 ) ;
#5617 = DIRECTION ( 'NONE',  ( -1.000000000000000000, 0.000000000000000000, 0.000000000000000000 ) ) ;
#5618 = VERTEX_POINT ( 'NONE', #1276 ) ;
#5619 = EDGE_LOOP ( 'NONE', ( #5682, #106, #5110 ) ) ;
#5620 = CARTESIAN_POINT ( 'NONE',  ( 56.22358053299299741, -0.8887514587120000087, 12.19908745168299902 ) ) ;
#5621 = PLANE ( 'NONE',  #4949 ) ;
#5622 = CARTESIAN_POINT ( 'NONE',  ( 56.23729833249900167, 1.037270555095999969, 10.20272944490400135 ) ) ;
#5623 = FACE_OUTER_BOUND ( 'NONE', #1895, .T. ) ;
#5624 = DIRECTION ( 'NONE',  ( 0.000000000000000000, -1.000000000000000000, 0.000000000000000000 ) ) ;
#5625 = CARTESIAN_POINT ( 'NONE',  ( -43.43000000000000682, -8.469999970576999715, 0.000000000000000000 ) ) ;
#5626 = ORIENTED_EDGE ( 'NONE', *, *, #3687, .F. ) ;
#5627 = EDGE_LOOP ( 'NONE', ( #4947, #4217, #1034, #1829, #3145, #3267, #2370, #2248 ) ) ;
#5628 = CARTESIAN_POINT ( 'NONE',  ( -43.38000000000000256, -9.553288498889999758, 0.09101299543362000033 ) ) ;
#5629 = CARTESIAN_POINT ( 'NONE',  ( 56.24207576566099220, 5.939974187712000031, 12.20405790638799992 ) ) ;
#5630 = CARTESIAN_POINT ( 'NONE',  ( 56.20317943115384907, -0.8886285764510729601, 12.19856766063065123 ) ) ;
#5631 = CARTESIAN_POINT ( 'NONE',  ( 56.06743426129300190, -0.5146913115590000531, 12.13747185965199904 ) ) ;
#5632 = CARTESIAN_POINT ( 'NONE',  ( -43.43000000000000682, -9.686378697789999492, -0.9517175541129999639 ) ) ;
#5633 = ADVANCED_FACE ( 'NONE', ( #2191 ), #4070, .F. ) ;
#5634 = ORIENTED_EDGE ( 'NONE', *, *, #2289, .F. ) ;
#5635 = ORIENTED_EDGE ( 'NONE', *, *, #3733, .F. ) ;
#5636 = VECTOR ( 'NONE', #5226, 1000.000000000000000 ) ;
#5637 = CARTESIAN_POINT ( 'NONE',  ( -44.18000000001999439, -8.458879989360001517, 0.9499999999999999556 ) ) ;
#5638 = CARTESIAN_POINT ( 'NONE',  ( 1.520000000000000018, 0.04000000000000000083, 1.000000000000000000 ) ) ;
#5639 = CARTESIAN_POINT ( 'NONE',  ( 55.64998955654999691, 3.938039254699999603, 12.13747185964599851 ) ) ;
#5640 = ORIENTED_EDGE ( 'NONE', *, *, #3770, .T. ) ;
#5641 = CARTESIAN_POINT ( 'NONE',  ( 52.53839820371199210, 11.00207784445400705, 1.000000000000000000 ) ) ;
#5642 = ORIENTED_EDGE ( 'NONE', *, *, #1316, .T. ) ;
#5643 = LINE ( 'NONE', #5220, #3417 ) ;
#5644 = EDGE_CURVE ( 'NONE', #589, #2510, #3023, .T. ) ;
#5645 = CARTESIAN_POINT ( 'NONE',  ( 57.17000000000000171, 3.939999999999999947, 8.699999999999999289 ) ) ;
#5646 = CARTESIAN_POINT ( 'NONE',  ( 56.21999999999999886, 10.99000000000000021, 7.750000000000000000 ) ) ;
#5647 = EDGE_CURVE ( 'NONE', #4612, #1525, #677, .T. ) ;
#5648 = EDGE_LOOP ( 'NONE', ( #1541, #3223, #1570, #2316 ) ) ;
#5649 = CIRCLE ( 'NONE', #5748, 1.674999999999999378 ) ;
#5650 = ORIENTED_EDGE ( 'NONE', *, *, #2934, .T. ) ;
#5651 = CARTESIAN_POINT ( 'NONE',  ( 56.21991125621000407, -0.9796713640189999017, 12.20695522910899911 ) ) ;
#5652 = CARTESIAN_POINT ( 'NONE',  ( 32.96999999999999886, -2.259999999999999787, 0.9499999999999999556 ) ) ;
#5653 = CIRCLE ( 'NONE', #1931, 0.4000000000000001887 ) ;
#5654 =( LENGTH_UNIT ( ) NAMED_UNIT ( * ) SI_UNIT ( .MILLI., .METRE. ) );
#5655 = DIRECTION ( 'NONE',  ( 1.000000000000000000, 0.000000000000000000, 0.000000000000000000 ) ) ;
#5656 = VECTOR ( 'NONE', #3902, 1000.000000000000000 ) ;
#5657 = CARTESIAN_POINT ( 'NONE',  ( 1.520000000000000018, 0.04000000000000000083, 1.000000000000000000 ) ) ;
#5658 = ORIENTED_EDGE ( 'NONE', *, *, #5187, .F. ) ;
#5659 = EDGE_LOOP ( 'NONE', ( #3823, #4620 ) ) ;
#5660 = ADVANCED_FACE ( 'NONE', ( #2673 ), #4912, .F. ) ;
#5661 = PLANE ( 'NONE',  #1145 ) ;
#5662 = CARTESIAN_POINT ( 'NONE',  ( 56.27269185738900603, 5.907109377955000795, 12.18466488277099913 ) ) ;
#5663 = ADVANCED_FACE ( 'NONE', ( #1679 ), #1186, .T. ) ;
#5664 = LINE ( 'NONE', #2393, #5303 ) ;
#5665 = DIRECTION ( 'NONE',  ( 1.000000000000000000, 0.000000000000000000, 0.000000000000000000 ) ) ;
#5666 = CARTESIAN_POINT ( 'NONE',  ( 56.21999999999999886, -0.9600000000000000755, 12.20000000000000107 ) ) ;
#5667 = EDGE_CURVE ( 'NONE', #561, #2276, #4234, .T. ) ;
#5668 = ORIENTED_EDGE ( 'NONE', *, *, #2289, .T. ) ;
#5669 = AXIS2_PLACEMENT_3D ( 'NONE', #3599, #1698, #4439 ) ;
#5670 = VECTOR ( 'NONE', #5344, 1000.000000000000000 ) ;
#5671 = DIRECTION ( 'NONE',  ( 0.000000000000000000, 0.000000000000000000, -1.000000000000000000 ) ) ;
#5672 = CARTESIAN_POINT ( 'NONE',  ( 55.87642947954081762, 4.783124552166541754, 12.13747185964599851 ) ) ;
#5673 = VECTOR ( 'NONE', #4498, 1000.000000000000000 ) ;
#5674 = CARTESIAN_POINT ( 'NONE',  ( 55.66562461343499990, 3.996390081377000580, 12.13747185964599851 ) ) ;
#5675 = ORIENTED_EDGE ( 'NONE', *, *, #4690, .F. ) ;
#5676 = CARTESIAN_POINT ( 'NONE',  ( 57.17000000000000171, 11.03999999999999915, 1.100000000000000089 ) ) ;
#5677 = EDGE_CURVE ( 'NONE', #5572, #909, #201, .T. ) ;
#5678 = CIRCLE ( 'NONE', #1749, 1.625000000000001332 ) ;
#5679 = CARTESIAN_POINT ( 'NONE',  ( 48.52000000000000313, -8.469999970576999715, 0.9499999999999999556 ) ) ;
#5680 = CARTESIAN_POINT ( 'NONE',  ( 56.13128420734499713, -0.5659599292239999579, 12.19999999999299867 ) ) ;
#5681 = LINE ( 'NONE', #2411, #1136 ) ;
#5682 = ORIENTED_EDGE ( 'NONE', *, *, #3151, .T. ) ;
#5683 = EDGE_CURVE ( 'NONE', #3526, #5708, #293, .T. ) ;
#5684 = CARTESIAN_POINT ( 'NONE',  ( 52.52833333333300203, 10.99000000000000021, 0.9499999999999999556 ) ) ;
#5685 = CARTESIAN_POINT ( 'NONE',  ( 56.06475230242879348, 1.015464254256507326, 10.86848629661113108 ) ) ;
#5686 = DIRECTION ( 'NONE',  ( 1.000000000000000000, 0.000000000000000000, 0.000000000000000000 ) ) ;
#5687 = CARTESIAN_POINT ( 'NONE',  ( -43.43000000000000682, -9.695061106673000140, -1.000957941762999903 ) ) ;
#5688 = CYLINDRICAL_SURFACE ( 'NONE', #751, 0.05000000000000002359 ) ;
#5689 = ORIENTED_EDGE ( 'NONE', *, *, #2396, .F. ) ;
#5690 = EDGE_LOOP ( 'NONE', ( #1416, #3111, #1222, #4261 ) ) ;
#5691 = VECTOR ( 'NONE', #2465, 1000.000000000000000 ) ;
#5692 = CARTESIAN_POINT ( 'NONE',  ( -49.89999999999999858, 8.000000000000000000, 1.000000000000000000 ) ) ;
#5693 = CARTESIAN_POINT ( 'NONE',  ( 55.68510195824099895, 4.069080521789999239, 12.13747185964599851 ) ) ;
#5694 = FACE_OUTER_BOUND ( 'NONE', #3611, .T. ) ;
#5695 = VECTOR ( 'NONE', #2919, 1000.000000000000000 ) ;
#5696 = DIRECTION ( 'NONE',  ( 0.000000000000000000, -6.000000000000000121E-17, 1.000000000000000000 ) ) ;
#5697 = DIRECTION ( 'NONE',  ( -1.000000000000000000, 0.000000000000000000, 0.000000000000000000 ) ) ;
#5698 = ORIENTED_EDGE ( 'NONE', *, *, #3481, .T. ) ;
#5699 = AXIS2_PLACEMENT_3D ( 'NONE', #2222, #2104, #4539 ) ;
#5700 = EDGE_CURVE ( 'NONE', #2429, #3637, #3614, .T. ) ;
#5701 = DIRECTION ( 'NONE',  ( 0.000000000000000000, 0.000000000000000000, 1.000000000000000000 ) ) ;
#5702 = DIRECTION ( 'NONE',  ( 0.000000000000000000, 1.000000000000000000, 0.000000000000000000 ) ) ;
#5703 = LINE ( 'NONE', #4755, #1160 ) ;
#5705 = FACE_OUTER_BOUND ( 'NONE', #3355, .T. ) ;
#5704 = CIRCLE ( 'NONE', #679, 0.1000000000000000472 ) ;
#5706 = ORIENTED_EDGE ( 'NONE', *, *, #3234, .T. ) ;
#5707 = DIRECTION ( 'NONE',  ( 0.000000000000000000, -1.000000000000000000, 0.000000000000000000 ) ) ;
#5708 = VERTEX_POINT ( 'NONE', #4510 ) ;
#5709 = APPROVAL_PERSON_ORGANIZATION ( #4272, #4654, #539 ) ;
#5710 = EDGE_CURVE ( 'NONE', #162, #4059, #283, .T. ) ;
#5711 = CARTESIAN_POINT ( 'NONE',  ( 56.13094716408900098, 5.545974857144999604, 12.19999999999299867 ) ) ;
#5712 = CARTESIAN_POINT ( 'NONE',  ( 56.03441656524500303, -0.2044449671410000224, 12.20000000000200124 ) ) ;
#5713 = ADVANCED_FACE ( 'NONE', ( #3148 ), #2768, .T. ) ;
#5714 = DIRECTION ( 'NONE',  ( -1.275353200852646987E-16, -1.000000000000000000, -0.000000000000000000 ) ) ;
#5715 = EDGE_CURVE ( 'NONE', #4998, #797, #10, .T. ) ;
#5716 = ORIENTED_EDGE ( 'NONE', *, *, #2396, .T. ) ;
#5717 = ORIENTED_EDGE ( 'NONE', *, *, #623, .F. ) ;
#5718 = DIRECTION ( 'NONE',  ( -1.000000000000000000, 0.000000000000000000, 0.000000000000000000 ) ) ;
#5719 = LINE ( 'NONE', #2359, #2074 ) ;
#5720 = CARTESIAN_POINT ( 'NONE',  ( 50.09341874729899757, 7.990000000000000213, 1.000000000000000000 ) ) ;
#5721 = CARTESIAN_POINT ( 'NONE',  ( -53.92999999999666016, 5.039999999999996483, 0.9792893218813453204 ) ) ;
#5722 = EDGE_LOOP ( 'NONE', ( #2576, #5186, #4566, #527, #4529, #5743, #3590, #1774, #2354, #1324, #4896, #1901, #1217, #1705, #2622, #1462, #2187, #5807, #2161, #4500, #4721, #2077 ) ) ;
#5723 = EDGE_LOOP ( 'NONE', ( #2131, #170, #4922, #1511 ) ) ;
#5724 = CARTESIAN_POINT ( 'NONE',  ( 32.96999999999999886, 2.339999999999999858, 0.000000000000000000 ) ) ;
#5725 = CARTESIAN_POINT ( 'NONE',  ( 55.67872895313700354, 4.052116088046999742, 12.15501690307199922 ) ) ;
#5726 = CARTESIAN_POINT ( 'NONE',  ( 56.16999999999999460, 0.9899999999999999911, 10.25000000000000000 ) ) ;
#5727 = DIRECTION ( 'NONE',  ( 0.000000000000000000, 0.000000000000000000, 1.000000000000000000 ) ) ;
#5728 = DIRECTION ( 'NONE',  ( 1.000000000000000000, 0.000000000000000000, 0.000000000000000000 ) ) ;
#5729 = EDGE_LOOP ( 'NONE', ( #3644, #4015, #4192, #1849 ) ) ;
#5730 = EDGE_CURVE ( 'NONE', #4555, #5906, #1369, .T. ) ;
#5731 = AXIS2_PLACEMENT_3D ( 'NONE', #1756, #2692, #5528 ) ;
#5732 = CARTESIAN_POINT ( 'NONE',  ( -53.88712535370999746, -4.934275212229000118, 0.9499999999999999556 ) ) ;
#5733 = CARTESIAN_POINT ( 'NONE',  ( 55.99872005884100190, 5.239519207427999703, 12.13747185964399833 ) ) ;
#5734 = DIRECTION ( 'NONE',  ( 1.000000000000000000, 0.000000000000000000, 0.000000000000000000 ) ) ;
#5735 = VERTEX_POINT ( 'NONE', #4695 ) ;
#5736 = B_SPLINE_CURVE_WITH_KNOTS ( 'NONE', 3,
 ( #1353, #1321, #5016, #4551, #358, #4524, #2598, #3162, #2235, #4112 ),
 .UNSPECIFIED., .F., .F.,
 ( 4, 1, 1, 2, 2, 4 ),
 ( 0.000000000000000000, 0.2500000000000911493, 0.3750000000001367240, 0.4375000000001051381, 0.5000000000000736078, 1.000000000000000000 ),
 .UNSPECIFIED. ) ;
#5737 = ORIENTED_EDGE ( 'NONE', *, *, #5151, .T. ) ;
#5738 = APPROVAL ( #3316, 'UNSPECIFIED' ) ;
#5739 = DIRECTION ( 'NONE',  ( -1.000000000000000000, 2.710505431213683678E-16, 0.000000000000000000 ) ) ;
#5740 = CARTESIAN_POINT ( 'NONE',  ( 55.69153352724800499, 3.906060838787000389, 12.20000000000000107 ) ) ;
#5741 = CARTESIAN_POINT ( 'NONE',  ( 56.12017938532402894, -0.7740669347959991953, 12.20000000000000107 ) ) ;
#5742 = DIRECTION ( 'NONE',  ( -0.000000000000000000, 1.000000000000000000, 0.000000000000000000 ) ) ;
#5743 = ORIENTED_EDGE ( 'NONE', *, *, #4235, .T. ) ;
#5744 = ORIENTED_EDGE ( 'NONE', *, *, #3940, .T. ) ;
#5745 = FACE_OUTER_BOUND ( 'NONE', #3208, .T. ) ;
#5746 = CARTESIAN_POINT ( 'NONE',  ( 56.14720761347800249, -0.8124095156370000348, 12.13747185961599939 ) ) ;
#5747 = ORIENTED_EDGE ( 'NONE', *, *, #4626, .F. ) ;
#5748 = AXIS2_PLACEMENT_3D ( 'NONE', #1893, #489, #2245 ) ;
#5749 = ORIENTED_EDGE ( 'NONE', *, *, #2766, .T. ) ;
#5750 = AXIS2_PLACEMENT_3D ( 'NONE', #3150, #3583, #2282 ) ;
#5751 = DIRECTION ( 'NONE',  ( 0.000000000000000000, 0.000000000000000000, -1.000000000000000000 ) ) ;
#5752 = CARTESIAN_POINT ( 'NONE',  ( 56.22754518424499537, 5.922423354646999982, 12.17604026398799810 ) ) ;
#5753 = CARTESIAN_POINT ( 'NONE',  ( 56.21675565632700255, -0.8849437192909999084, 12.20000000000000107 ) ) ;
#5754 = CARTESIAN_POINT ( 'NONE',  ( 32.96999999999999886, -2.259999999999999787, 0.000000000000000000 ) ) ;
#5755 = CARTESIAN_POINT ( 'NONE',  ( 52.54001191017200512, 11.00401429220699967, 0.9558263725510000031 ) ) ;
#5756 = ORIENTED_EDGE ( 'NONE', *, *, #3592, .F. ) ;
#5757 = AXIS2_PLACEMENT_3D ( 'NONE', #2457, #1916, #3790 ) ;
#5758 = DIRECTION ( 'NONE',  ( 0.000000000000000000, -0.9848077530121903678, 0.1736481776670309174 ) ) ;
#5759 = EDGE_CURVE ( 'NONE', #2051, #4863, #4131, .T. ) ;
#5760 = CARTESIAN_POINT ( 'NONE',  ( 56.11268199077399998, 5.664830927520999815, 12.13747185964500019 ) ) ;
#5761 = PLANE ( 'NONE',  #338 ) ;
#5762 = ORIENTED_EDGE ( 'NONE', *, *, #4644, .F. ) ;
#5763 = CARTESIAN_POINT ( 'NONE',  ( 56.07000000000000028, -6.959999999999999964, 0.9499999999999999556 ) ) ;
#5764 = AXIS2_PLACEMENT_3D ( 'NONE', #1577, #5323, #5442 ) ;
#5765 = EDGE_LOOP ( 'NONE', ( #3601, #1527, #4073, #2613 ) ) ;
#5766 = VECTOR ( 'NONE', #989, 1000.000000000000000 ) ;
#5767 = CARTESIAN_POINT ( 'NONE',  ( 56.20934716342900117, -0.9590060933750000904, 12.19857895463599995 ) ) ;
#5768 = CARTESIAN_POINT ( 'NONE',  ( 56.14263472846200642, 5.839144206735999987, 12.20000000000000284 ) ) ;
#5769 = CARTESIAN_POINT ( 'NONE',  ( 55.69447641331800014, 1.064228951355000063, 12.20000000000000107 ) ) ;
#5770 = LINE ( 'NONE', #1651, #1536 ) ;
#5771 = VERTEX_POINT ( 'NONE', #5120 ) ;
#5772 = AXIS2_PLACEMENT_3D ( 'NONE', #558, #4466, #5353 ) ;
#5773 = ORIENTED_EDGE ( 'NONE', *, *, #4706, .T. ) ;
#5774 = EDGE_CURVE ( 'NONE', #5070, #5572, #2798, .T. ) ;
#5775 = EDGE_CURVE ( 'NONE', #4005, #2322, #3446, .T. ) ;
#5776 = CARTESIAN_POINT ( 'NONE',  ( 56.16999999999999460, -5.459999999999999964, 10.69999999999999929 ) ) ;
#5777 = CARTESIAN_POINT ( 'NONE',  ( 56.21999999999999886, 5.890000000000000568, 5.689999999999999503 ) ) ;
#5778 = FACE_OUTER_BOUND ( 'NONE', #4581, .T. ) ;
#5779 = ORIENTED_EDGE ( 'NONE', *, *, #4165, .T. ) ;
#5780 = EDGE_LOOP ( 'NONE', ( #248, #940, #4133, #3361 ) ) ;
#5781 = LINE ( 'NONE', #4463, #1544 ) ;
#5782 = CARTESIAN_POINT ( 'NONE',  ( 56.15414530860800113, 5.924669121818999962, 12.18087045115299993 ) ) ;
#5783 = DIRECTION ( 'NONE',  ( 1.400000000000000069E-16, -1.000000000000000000, 0.000000000000000000 ) ) ;
#5784 = DIRECTION ( 'NONE',  ( -1.000000000000000000, 0.000000000000000000, 0.000000000000000000 ) ) ;
#5785 = CARTESIAN_POINT ( 'NONE',  ( -49.89999999999999858, 8.000000000000000000, 0.9499999999999999556 ) ) ;
#5786 = EDGE_CURVE ( 'NONE', #5865, #1402, #2743, .T. ) ;
#5787 = EDGE_LOOP ( 'NONE', ( #2773, #3185, #3216, #2061 ) ) ;
#5788 = EDGE_CURVE ( 'NONE', #589, #908, #3639, .T. ) ;
#5789 = VECTOR ( 'NONE', #2431, 1000.000000000000000 ) ;
#5790 = DIRECTION ( 'NONE',  ( 0.000000000000000000, -1.000000000000000000, 0.000000000000000000 ) ) ;
#5791 = CARTESIAN_POINT ( 'NONE',  ( 55.89768809301930474, 4.862462777764251065, 12.13747185964599851 ) ) ;
#5792 = DIRECTION ( 'NONE',  ( 1.000000000000000000, 0.000000000000000000, 0.000000000000000000 ) ) ;
#5793 = EDGE_LOOP ( 'NONE', ( #5668, #4775, #691, #2225 ) ) ;
#5794 = ORIENTED_EDGE ( 'NONE', *, *, #1113, .T. ) ;
#5795 = AXIS2_PLACEMENT_3D ( 'NONE', #4750, #5357, #2015 ) ;
#5796 = CARTESIAN_POINT ( 'NONE',  ( 56.19412857121000826, -0.9421772917530000235, 12.19323790849400169 ) ) ;
#5797 = CARTESIAN_POINT ( 'NONE',  ( 56.19932432336300110, 5.801161889192999688, 12.20000000001800089 ) ) ;
#5798 = CARTESIAN_POINT ( 'NONE',  ( 55.99482126020897255, -0.3062240426930003534, 12.19999999999999751 ) ) ;
#5799 = CARTESIAN_POINT ( 'NONE',  ( -53.92999999999999972, -4.959999999999999964, 0.9499999999999999556 ) ) ;
#5800 = EDGE_LOOP ( 'NONE', ( #2914, #4265, #3165, #5372 ) ) ;
#5801 = VECTOR ( 'NONE', #2618, 1000.000000000000000 ) ;
#5802 = EDGE_CURVE ( 'NONE', #597, #5056, #4161, .T. ) ;
#5803 = VERTEX_POINT ( 'NONE', #2343 ) ;
#5804 = FACE_OUTER_BOUND ( 'NONE', #5847, .T. ) ;
#5805 = DIRECTION ( 'NONE',  ( -1.000000000000000000, 0.000000000000000000, 0.000000000000000000 ) ) ;
#5806 = ORIENTED_EDGE ( 'NONE', *, *, #4877, .T. ) ;
#5807 = ORIENTED_EDGE ( 'NONE', *, *, #1778, .T. ) ;
#5808 = CARTESIAN_POINT ( 'NONE',  ( 33.02000000000000313, 2.339999999999999858, 1.000000000000000000 ) ) ;
#5809 = CARTESIAN_POINT ( 'NONE',  ( 56.22689775931499412, 5.905159606510000714, 12.21247954907099853 ) ) ;
#5810 = DIRECTION ( 'NONE',  ( -1.000000000000000000, 0.000000000000000000, 0.000000000000000000 ) ) ;
#5811 = CARTESIAN_POINT ( 'NONE',  ( 56.16999999999999460, -0.9634810557540000042, 12.20348105575399877 ) ) ;
#5812 = LINE ( 'NONE', #2179, #5673 ) ;
#5813 = DIRECTION ( 'NONE',  ( 0.000000000000000000, 0.000000000000000000, -1.000000000000000000 ) ) ;
#5814 = EDGE_LOOP ( 'NONE', ( #3872, #4652, #4646, #4942, #3349, #4036, #1675, #1557 ) ) ;
#5815 = PLANE ( 'NONE',  #3332 ) ;
#5816 = EDGE_CURVE ( 'NONE', #2238, #362, #829, .T. ) ;
#5817 = CARTESIAN_POINT ( 'NONE',  ( 56.19362622654900008, 5.779896303204000496, 12.19999999997100026 ) ) ;
#5818 = ORIENTED_EDGE ( 'NONE', *, *, #775, .T. ) ;
#5819 = EDGE_LOOP ( 'NONE', ( #1064, #4398, #1765 ) ) ;
#5820 = CARTESIAN_POINT ( 'NONE',  ( -7.530000000000000249, -3.059999999999999609, 0.9499999999999999556 ) ) ;
#5821 = CARTESIAN_POINT ( 'NONE',  ( 56.06826810155699548, 5.312053411091999244, 12.19999999999899920 ) ) ;
#5822 = CARTESIAN_POINT ( 'NONE',  ( 56.06889651596402757, -0.5826766607540002640, 12.20000000000000284 ) ) ;
#5823 = FACE_OUTER_BOUND ( 'NONE', #2070, .T. ) ;
#5824 = VECTOR ( 'NONE', #3287, 1000.000000000000114 ) ;
#5825 = ORIENTED_EDGE ( 'NONE', *, *, #3038, .T. ) ;
#5826 = ADVANCED_FACE ( 'NONE', ( #495, #2311, #4196, #3699, #3734, #2708, #5093, #6067 ), #1796, .F. ) ;
#5827 = APPROVAL_STATUS ( 'not_yet_approved' ) ;
#5828 = CARTESIAN_POINT ( 'NONE',  ( 57.17000000000000171, -0.9600000000000000755, 12.20000000000000107 ) ) ;
#5829 = EDGE_CURVE ( 'NONE', #1333, #3386, #2257, .T. ) ;
#5830 = CARTESIAN_POINT ( 'NONE',  ( 55.72795622845279695, 0.7522579549366779084, 12.13747185964599318 ) ) ;
#5831 = VERTEX_POINT ( 'NONE', #4228 ) ;
#5832 = ORIENTED_EDGE ( 'NONE', *, *, #1022, .T. ) ;
#5833 = VECTOR ( 'NONE', #4804, 1000.000000000000114 ) ;
#5834 = DIRECTION ( 'NONE',  ( 1.000000000000000000, 0.000000000000000000, 0.000000000000000000 ) ) ;
#5835 = CARTESIAN_POINT ( 'NONE',  ( 56.18108475996000095, 5.917046736789000505, 12.11591257916600028 ) ) ;
#5836 = LINE ( 'NONE', #1172, #4693 ) ;
#5837 = CARTESIAN_POINT ( 'NONE',  ( -19.13000000000000256, -2.259999999999999787, 0.000000000000000000 ) ) ;
#5838 = DIRECTION ( 'NONE',  ( 1.000000000000000000, 0.000000000000000000, 0.000000000000000000 ) ) ;
#5839 = CARTESIAN_POINT ( 'NONE',  ( 32.96999999999999886, 2.339999999999999858, 0.9499999999999999556 ) ) ;
#5840 = VERTEX_POINT ( 'NONE', #2251 ) ;
#5841 = CIRCLE ( 'NONE', #5065, 1.625000000000001332 ) ;
#5842 = EDGE_CURVE ( 'NONE', #685, #1552, #373, .T. ) ;
#5843 = EDGE_CURVE ( 'NONE', #656, #1371, #492, .T. ) ;
#5844 = DIRECTION ( 'NONE',  ( 0.000000000000000000, 0.000000000000000000, 1.000000000000000000 ) ) ;
#5845 = CARTESIAN_POINT ( 'NONE',  ( 56.04547571516700089, 5.226991067073000430, 12.19999999999800089 ) ) ;
#5846 = CIRCLE ( 'NONE', #5457, 0.4000000000000001887 ) ;
#5847 = EDGE_LOOP ( 'NONE', ( #1095, #3502, #1013, #4905 ) ) ;
#5848 = DIRECTION ( 'NONE',  ( 0.000000000000000000, 0.000000000000000000, 1.000000000000000000 ) ) ;
#5849 = ORIENTED_EDGE ( 'NONE', *, *, #3304, .T. ) ;
#5850 = AXIS2_PLACEMENT_3D ( 'NONE', #5292, #3356, #547 ) ;
#5851 = CARTESIAN_POINT ( 'NONE',  ( 56.18197377326299602, -0.9188381712850000049, 12.10317581660400066 ) ) ;
#5852 = DIRECTION ( 'NONE',  ( -1.000000000000000000, 0.000000000000000000, 0.000000000000000000 ) ) ;
#5853 = CARTESIAN_POINT ( 'NONE',  ( 55.99448421695300482, 5.286238970613999832, 12.19999999999999751 ) ) ;
#5854 = CARTESIAN_POINT ( 'NONE',  ( 55.94923648743598221, -0.1360993546560000655, 12.20000000000000284 ) ) ;
#5855 = CARTESIAN_POINT ( 'NONE',  ( -43.43000000000000682, -8.459999970576999928, 0.000000000000000000 ) ) ;
#5856 = CIRCLE ( 'NONE', #3996, 0.05000000000000143219 ) ;
#5857 = EDGE_CURVE ( 'NONE', #3533, #5040, #1775, .T. ) ;
#5858 = VERTEX_POINT ( 'NONE', #5514 ) ;
#5859 = AXIS2_PLACEMENT_3D ( 'NONE', #4057, #5838, #2569 ) ;
#5860 = CARTESIAN_POINT ( 'NONE',  ( 55.69547627741599882, 0.9656541398069999893, 12.19380947824500083 ) ) ;
#5861 = CARTESIAN_POINT ( 'NONE',  ( 3.145000000000000018, 0.04000000000000000083, 0.000000000000000000 ) ) ;
#5862 = VECTOR ( 'NONE', #4139, 1000.000000000000000 ) ;
#5863 = CARTESIAN_POINT ( 'NONE',  ( 55.70669761497534722, 0.8315961805343131674, 12.13747185964599851 ) ) ;
#5864 = ORIENTED_EDGE ( 'NONE', *, *, #807, .F. ) ;
#5865 = VERTEX_POINT ( 'NONE', #404 ) ;
#5866 = EDGE_CURVE ( 'NONE', #2985, #1851, #5575, .T. ) ;
#5867 = DIRECTION ( 'NONE',  ( 0.000000000000000000, -1.000000000000000000, 0.000000000000000000 ) ) ;
#5868 = CARTESIAN_POINT ( 'NONE',  ( 56.14699957385600015, 5.908874326409000233, 12.17815763003900109 ) ) ;
#5869 = CARTESIAN_POINT ( 'NONE',  ( 56.16999999999999460, -0.9638416356619998737, 12.20384163566200009 ) ) ;
#5870 = DIRECTION ( 'NONE',  ( 0.000000000000000000, -1.000000000000000000, 0.000000000000000000 ) ) ;
#5871 = CARTESIAN_POINT ( 'NONE',  ( 50.07000000000000028, -8.459999970576999928, 0.9499999999999999556 ) ) ;
#5872 = LINE ( 'NONE', #3369, #3736 ) ;
#5873 = VERTEX_POINT ( 'NONE', #1662 ) ;
#5874 =( BOUNDED_CURVE ( )  B_SPLINE_CURVE ( 2, ( #2500, #3435, #4397 ),
 .UNSPECIFIED., .F., .F. ) 
 B_SPLINE_CURVE_WITH_KNOTS ( ( 3, 3 ),
 ( 0.000000000000000000, 0.03491454785029000224 ),
 .UNSPECIFIED. ) 
 CURVE ( )  GEOMETRIC_REPRESENTATION_ITEM ( )  RATIONAL_B_SPLINE_CURVE ( ( 1.000000000000000000, 0.7071067811869999886, 1.000000000000000000 ) ) 
 REPRESENTATION_ITEM ( '' )  );
#5875 = ADVANCED_FACE ( 'NONE', ( #4259 ), #586, .T. ) ;
#5876 = CARTESIAN_POINT ( 'NONE',  ( 32.16999999999999460, -3.059999999999999609, 0.9499999999999999556 ) ) ;
#5877 = CARTESIAN_POINT ( 'NONE',  ( 56.20240614218803188, 3.938606301657002096, 10.07639214205799583 ) ) ;
#5878 = ORIENTED_EDGE ( 'NONE', *, *, #1571, .F. ) ;
#5879 = EDGE_CURVE ( 'NONE', #5618, #4328, #3081, .T. ) ;
#5880 = ORIENTED_EDGE ( 'NONE', *, *, #871, .T. ) ;
#5881 = CIRCLE ( 'NONE', #1372, 0.4000000000000001887 ) ;
#5882 = DIRECTION ( 'NONE',  ( 0.000000000000000000, 1.000000000000000000, 0.000000000000000000 ) ) ;
#5883 = DIRECTION ( 'NONE',  ( -6.000000000000000121E-17, 0.000000000000000000, 1.000000000000000000 ) ) ;
#5884 = CARTESIAN_POINT ( 'NONE',  ( 56.01727660333901326, 5.371301314633003976, 12.19999999999999751 ) ) ;
#5885 = CARTESIAN_POINT ( 'NONE',  ( 56.13581142026500004, -0.7698783436289999837, 12.13747185961200081 ) ) ;
#5886 = AXIS2_PLACEMENT_3D ( 'NONE', #5568, #3228, #1763 ) ;
#5887 = CARTESIAN_POINT ( 'NONE',  ( -6.729999999999999538, 2.339999999999999858, 0.000000000000000000 ) ) ;
#5888 = ORIENTED_EDGE ( 'NONE', *, *, #2169, .F. ) ;
#5889 = AXIS2_PLACEMENT_3D ( 'NONE', #5914, #1245, #4478 ) ;
#5890 = EDGE_CURVE ( 'NONE', #3020, #2362, #5704, .T. ) ;
#5891 = DIRECTION ( 'NONE',  ( 1.000000000000000000, -2.502005013428085107E-16, 0.000000000000000000 ) ) ;
#5892 = LINE ( 'NONE', #600, #53 ) ;
#5893 = EDGE_CURVE ( 'NONE', #4612, #2256, #5272, .T. ) ;
#5894 = CARTESIAN_POINT ( 'NONE',  ( 42.84499999999999886, 0.04000000000000000083, 0.000000000000000000 ) ) ;
#5895 = EDGE_LOOP ( 'NONE', ( #1143, #2101, #337, #1483 ) ) ;
#5896 = VECTOR ( 'NONE', #4664, 1000.000000000000000 ) ;
#5897 = ORIENTED_EDGE ( 'NONE', *, *, #4117, .T. ) ;
#5898 = CC_DESIGN_APPROVAL ( #4654, ( #7 ) ) ;
#5899 = DIRECTION ( 'NONE',  ( 0.000000000000000000, 0.000000000000000000, 1.000000000000000000 ) ) ;
#5900 = DIRECTION ( 'NONE',  ( 0.000000000000000000, 0.000000000000000000, 1.000000000000000000 ) ) ;
#5901 = DIRECTION ( 'NONE',  ( 0.000000000000000000, -0.9848077530121899237, 0.1736481776670334987 ) ) ;
#5902 = CARTESIAN_POINT ( 'NONE',  ( 56.16999999999999460, 10.99000000000000021, 10.69999999999999929 ) ) ;
#5903 = DIRECTION ( 'NONE',  ( 1.000000000000000000, 0.000000000000000000, 0.000000000000000000 ) ) ;
#5904 = LINE ( 'NONE', #5931, #1252 ) ;
#5905 = CARTESIAN_POINT ( 'NONE',  ( -19.92999999999999972, 2.339999999999999858, 0.000000000000000000 ) ) ;
#5906 = VERTEX_POINT ( 'NONE', #2432 ) ;
#5907 = CARTESIAN_POINT ( 'NONE',  ( 39.54499999999999460, 0.04000000000000020206, 0.9499999999999999556 ) ) ;
#5908 = CARTESIAN_POINT ( 'NONE',  ( 57.17000000000000171, -0.9600000000000000755, 12.20000000000000107 ) ) ;
#5909 = CARTESIAN_POINT ( 'NONE',  ( -60.92999999999999972, 3.340000000000000302, 0.9499999999999999556 ) ) ;
#5910 = ADVANCED_FACE ( 'NONE', ( #2895 ), #4787, .T. ) ;
#5911 = ORIENTED_EDGE ( 'NONE', *, *, #695, .T. ) ;
#5912 = ORIENTED_EDGE ( 'NONE', *, *, #2592, .F. ) ;
#5913 = CARTESIAN_POINT ( 'NONE',  ( 56.14794079843500896, -0.8850070309160000814, 12.16739342198899898 ) ) ;
#5914 = CARTESIAN_POINT ( 'NONE',  ( 57.17000000000000171, -6.959999999999999964, 12.20000000000000107 ) ) ;
#5915 = CARTESIAN_POINT ( 'NONE',  ( 56.13547437700900389, 5.749893271550999607, 12.13747185961200081 ) ) ;
#5916 = CARTESIAN_POINT ( 'NONE',  ( 56.01045329530399641, -0.3020354515140000196, 12.13747185964700037 ) ) ;
#5917 = FACE_OUTER_BOUND ( 'NONE', #139, .T. ) ;
#5918 = ORIENTED_EDGE ( 'NONE', *, *, #4950, .F. ) ;
#5919 = EDGE_CURVE ( 'NONE', #1000, #331, #2646, .T. ) ;
#5920 = AXIS2_PLACEMENT_3D ( 'NONE', #814, #6016, #1355 ) ;
#5921 = CARTESIAN_POINT ( 'NONE',  ( 32.96999999999999886, -3.059999999999999609, 0.000000000000000000 ) ) ;
#5922 = CARTESIAN_POINT ( 'NONE',  ( 56.17200141303799654, 3.991411785684999991, 10.25139685776400000 ) ) ;
#5923 = CARTESIAN_POINT ( 'NONE',  ( -33.32999999999999829, -4.559999999999999609, 1.000000000000000000 ) ) ;
#5924 = ORIENTED_EDGE ( 'NONE', *, *, #1111, .F. ) ;
#5925 = CIRCLE ( 'NONE', #618, 0.05000000000000143219 ) ;
#5926 = CARTESIAN_POINT ( 'NONE',  ( -43.43000000000000682, -9.695061106673000140, -1.000957941762999903 ) ) ;
#5927 = DIRECTION ( 'NONE',  ( 7.709882115452477378E-15, 1.000000000000000000, 0.000000000000000000 ) ) ;
#5928 = DIRECTION ( 'NONE',  ( 0.000000000000000000, 0.000000000000000000, 1.000000000000000000 ) ) ;
#5929 = DIRECTION ( 'NONE',  ( 0.000000000000000000, 0.000000000000000000, -1.000000000000000000 ) ) ;
#5930 = DIRECTION ( 'NONE',  ( 0.9999988850170408172, -0.001493306624571169106, 0.000000000000000000 ) ) ;
#5931 = CARTESIAN_POINT ( 'NONE',  ( -26.55499999999999972, 0.04000000000000000083, 0.000000000000000000 ) ) ;
#5932 = ORIENTED_EDGE ( 'NONE', *, *, #855, .F. ) ;
#5933 = DIRECTION ( 'NONE',  ( 0.000000000000000000, 0.000000000000000000, 1.000000000000000000 ) ) ;
#5934 = CARTESIAN_POINT ( 'NONE',  ( 56.11418991761899377, -0.5021631712049999807, 12.20000000000699991 ) ) ;
#5935 = CARTESIAN_POINT ( 'NONE',  ( 51.57000000000000028, -6.959999999999999964, 0.9499999999999999556 ) ) ;
#5936 = CARTESIAN_POINT ( 'NONE',  ( 55.80865948101862273, 4.343180849143183586, 12.20000000000000107 ) ) ;
#5937 = ORIENTED_EDGE ( 'NONE', *, *, #313, .T. ) ;
#5938 = CIRCLE ( 'NONE', #3285, 1.625000000000001332 ) ;
#5939 = ORIENTED_EDGE ( 'NONE', *, *, #1469, .F. ) ;
#5940 = ADVANCED_FACE ( 'NONE', ( #5104 ), #3188, .T. ) ;
#5941 = VECTOR ( 'NONE', #5404, 1000.000000000000000 ) ;
#5942 = B_SPLINE_SURFACE_WITH_KNOTS ( 'NONE', 1, 1, ( 
 ( #5957, #5469 ),
 ( #5102, #2721 ) ),
 .UNSPECIFIED., .F., .F., .F.,
 ( 2, 2 ),
 ( 2, 2 ),
 ( 0.000000000000000000, 2.830000000000000071 ),
 ( 0.000000000000000000, 1.000000000000000000 ),
 .UNSPECIFIED. ) ;
#5943 = CARTESIAN_POINT ( 'NONE',  ( 56.16340358908799857, -0.8664797951340000859, 12.16016246085900043 ) ) ;
#5945 = VECTOR ( 'NONE', #4513, 1000.000000000000114 ) ;
#5944 = DIRECTION ( 'NONE',  ( -0.7682212795974555641, 0.6401843996643843404, 0.000000000000000000 ) ) ;
#5946 = CARTESIAN_POINT ( 'NONE',  ( 55.97169183056603003, 5.201176626595999331, 12.19999999999999751 ) ) ;
#5947 = B_SPLINE_CURVE_WITH_KNOTS ( 'NONE', 5,
 ( #2634, #3012, #1699, #5445, #3044, #2545 ),
 .UNSPECIFIED., .F., .F.,
 ( 6, 6 ),
 ( 3.840039423987000156, 3.874953971837999944 ),
 .UNSPECIFIED. ) ;
#5948 = FACE_OUTER_BOUND ( 'NONE', #482, .T. ) ;
#5949 = VECTOR ( 'NONE', #2240, 1000.000000000000114 ) ;
#5950 = ORIENTED_EDGE ( 'NONE', *, *, #325, .F. ) ;
#5951 = CARTESIAN_POINT ( 'NONE',  ( 55.68143274881300187, 0.9199986433840000588, 12.14685132978800119 ) ) ;
#5952 = CARTESIAN_POINT ( 'NONE',  ( 56.15403092165504972, 5.881675378745003790, 12.19999999999999929 ) ) ;
#5953 = EDGE_LOOP ( 'NONE', ( #1537, #4390, #5762 ) ) ;
#5954 = EDGE_CURVE ( 'NONE', #511, #5313, #5736, .T. ) ;
#5955 = ADVANCED_FACE ( 'NONE', ( #5076 ), #786, .T. ) ;
#5956 = CIRCLE ( 'NONE', #2319, 0.7999999999999999334 ) ;
#5957 = CARTESIAN_POINT ( 'NONE',  ( 56.16999999999999460, -0.9638416356619998737, 12.20384163566200009 ) ) ;
#5958 = CIRCLE ( 'NONE', #2709, 0.7500008362599994705 ) ;
#5959 = CARTESIAN_POINT ( 'NONE',  ( -43.42999916375999447, -8.458879989360001517, 0.000000000000000000 ) ) ;
#5960 = CARTESIAN_POINT ( 'NONE',  ( -43.43000000000000682, -8.459999970576999928, 0.000000000000000000 ) ) ;
#5961 = DIRECTION ( 'NONE',  ( 0.000000000000000000, -1.000000000000000000, 0.000000000000000000 ) ) ;
#5962 = LINE ( 'NONE', #2753, #444 ) ;
#5963 = CARTESIAN_POINT ( 'NONE',  ( 57.17000000000000171, -6.959999999999999964, 1.100000000000000089 ) ) ;
#5964 = ORIENTED_EDGE ( 'NONE', *, *, #20, .F. ) ;
#5965 = AXIS2_PLACEMENT_3D ( 'NONE', #4168, #5189, #1834 ) ;
#5966 = CARTESIAN_POINT ( 'NONE',  ( -43.43000000000000682, -9.504048111239999486, 0.08233058655027998551 ) ) ;
#5967 = DIRECTION ( 'NONE',  ( -0.000000000000000000, 1.000000000000000000, 0.000000000000000000 ) ) ;
#5968 = FACE_OUTER_BOUND ( 'NONE', #3787, .T. ) ;
#5969 = EDGE_CURVE ( 'NONE', #4360, #4312, #3219, .T. ) ;
#5970 = EDGE_CURVE ( 'NONE', #1913, #1426, #5441, .T. ) ;
#5971 = ORIENTED_EDGE ( 'NONE', *, *, #5583, .F. ) ;
#5972 = VERTEX_POINT ( 'NONE', #5989 ) ;
#5973 = CARTESIAN_POINT ( 'NONE',  ( -44.18000000001999439, -8.458879989360001517, 0.000000000000000000 ) ) ;
#5974 = DIRECTION ( 'NONE',  ( -1.000000000000000000, 0.000000000000000000, 0.000000000000000000 ) ) ;
#5975 = CARTESIAN_POINT ( 'NONE',  ( 56.00588041014596996, 5.328770142624000172, 12.19999999999999751 ) ) ;
#5976 = CARTESIAN_POINT ( 'NONE',  ( 52.52833333333300914, 10.99000000000000021, 1.000000000000000000 ) ) ;
#5977 = AXIS2_PLACEMENT_3D ( 'NONE', #1582, #4033, #2548 ) ;
#5978 = ORIENTED_EDGE ( 'NONE', *, *, #1134, .F. ) ;
#5979 = CIRCLE ( 'NONE', #2153, 0.05000000000000002359 ) ;
#5980 = FACE_OUTER_BOUND ( 'NONE', #5619, .T. ) ;
#5981 = CARTESIAN_POINT ( 'NONE',  ( 52.55498312158400154, 11.02197974590099960, 0.9527704360150001106 ) ) ;
#5982 = CARTESIAN_POINT ( 'NONE',  ( 57.17000000000000171, -5.459999999999999964, 12.20000000000000107 ) ) ;
#5983 = ADVANCED_FACE ( 'NONE', ( #3100 ), #3046, .T. ) ;
#5984 = ORIENTED_EDGE ( 'NONE', *, *, #3981, .F. ) ;
#5985 = AXIS2_PLACEMENT_3D ( 'NONE', #4440, #215, #1636 ) ;
#5986 = LINE ( 'NONE', #5073, #4776 ) ;
#5987 = CARTESIAN_POINT ( 'NONE',  ( 9.895000000000001350, 0.03999999999999980654, 0.000000000000000000 ) ) ;
#5988 = AXIS2_PLACEMENT_3D ( 'NONE', #1897, #5542, #5974 ) ;
#5989 = CARTESIAN_POINT ( 'NONE',  ( 56.21999999999999886, -5.459999999999999964, 12.20000000000000107 ) ) ;
#5990 = DIRECTION ( 'NONE',  ( -1.000000000000000000, 0.000000000000000000, 0.000000000000000000 ) ) ;
#5991 = LINE ( 'NONE', #5106, #4855 ) ;
#5992 = DIRECTION ( 'NONE',  ( 0.000000000000000000, 0.000000000000000000, -1.000000000000000000 ) ) ;
#5993 = ORIENTED_EDGE ( 'NONE', *, *, #4546, .F. ) ;
#5994 = ORIENTED_EDGE ( 'NONE', *, *, #701, .F. ) ;
#5995 = CARTESIAN_POINT ( 'NONE',  ( 57.17000000000000171, 1.039999999999999813, 10.20000000000000107 ) ) ;
#5996 = CARTESIAN_POINT ( 'NONE',  ( 55.71966024229400460, 0.9718516525779999915, 12.20000000000000107 ) ) ;
#5997 = DIRECTION ( 'NONE',  ( 0.000000000000000000, 0.000000000000000000, 1.000000000000000000 ) ) ;
#5998 = DIRECTION ( 'NONE',  ( 1.000000000000000000, 0.000000000000000000, 0.000000000000000000 ) ) ;
#5999 = ORIENTED_EDGE ( 'NONE', *, *, #1404, .F. ) ;
#6000 = ORIENTED_EDGE ( 'NONE', *, *, #4429, .F. ) ;
#6001 = EDGE_CURVE ( 'NONE', #998, #3321, #756, .T. ) ;
#6002 = DIRECTION ( 'NONE',  ( 1.000000000000000000, 0.000000000000000000, 0.000000000000000000 ) ) ;
#6003 = DIRECTION ( 'NONE',  ( 0.000000000000000000, 0.000000000000000000, -1.000000000000000000 ) ) ;
#6004 = CARTESIAN_POINT ( 'NONE',  ( 55.71381522902200345, 4.176239907192999645, 12.13747185964599851 ) ) ;
#6005 = VERTEX_POINT ( 'NONE', #2630 ) ;
#6006 = CARTESIAN_POINT ( 'NONE',  ( 57.17000000000000171, -0.9638416356619998737, 12.20384163566200009 ) ) ;
#6007 = ORIENTED_EDGE ( 'NONE', *, *, #5774, .T. ) ;
#6008 = CARTESIAN_POINT ( 'NONE',  ( 56.16999999999999460, 1.539999999999999813, 8.149999999999998579 ) ) ;
#6009 = CARTESIAN_POINT ( 'NONE',  ( -50.53000000000000114, -4.559999999999999609, 0.9000000000000000222 ) ) ;
#6010 = DIRECTION ( 'NONE',  ( -0.9999988849584567907, -0.001493345855159272694, 0.000000000000000000 ) ) ;
#6011 = ORIENTED_EDGE ( 'NONE', *, *, #4201, .T. ) ;
#6012 = EDGE_CURVE ( 'NONE', #2562, #5214, #3845, .T. ) ;
#6013 = CARTESIAN_POINT ( 'NONE',  ( -50.90169048104999661, -9.910000000000000142, 1.000000000000000000 ) ) ;
#6014 = CARTESIAN_POINT ( 'NONE',  ( 57.17000000000000171, 5.940000000000000391, 5.709999999999999964 ) ) ;
#6015 = LINE ( 'NONE', #883, #451 ) ;
#6016 = DIRECTION ( 'NONE',  ( 0.000000000000000000, 0.000000000000000000, -1.000000000000000000 ) ) ;
#6017 = DIRECTION ( 'NONE',  ( 0.000000000000000000, 0.000000000000000000, -1.000000000000000000 ) ) ;
#6018 = ORIENTED_EDGE ( 'NONE', *, *, #72, .F. ) ;
#6019 = ORIENTED_EDGE ( 'NONE', *, *, #3482, .T. ) ;
#6020 = AXIS2_PLACEMENT_3D ( 'NONE', #4587, #3682, #3132 ) ;
#6021 = CARTESIAN_POINT ( 'NONE',  ( 55.68510195824099895, 4.069080521789999239, 12.13747185964599851 ) ) ;
#6022 = CARTESIAN_POINT ( 'NONE',  ( 56.17117088349600351, -0.7148190312579999484, 12.19999999998699991 ) ) ;
#6023 = LINE ( 'NONE', #2792, #5399 ) ;
#6024 = CARTESIAN_POINT ( 'NONE',  ( 56.07313235781899863, -0.5359568975699999793, 12.13747185963699948 ) ) ;
#6025 = CARTESIAN_POINT ( 'NONE',  ( 57.17000000000000171, -0.9600000000000000755, 12.20000000000000107 ) ) ;
#6026 = EDGE_LOOP ( 'NONE', ( #2509, #5122, #2842, #2144 ) ) ;
#6027 = EDGE_CURVE ( 'NONE', #4963, #2510, #1184, .T. ) ;
#6028 = EDGE_CURVE ( 'NONE', #193, #4708, #1677, .T. ) ;
#6029 =( BOUNDED_CURVE ( )  B_SPLINE_CURVE ( 3, ( #2951, #1460, #1019, #990 ),
 .UNSPECIFIED., .F., .F. ) 
 B_SPLINE_CURVE_WITH_KNOTS ( ( 4, 4 ),
 ( 0.000000000000000000, 1.570796326794896558 ),
 .UNSPECIFIED. ) 
 CURVE ( )  GEOMETRIC_REPRESENTATION_ITEM ( )  RATIONAL_B_SPLINE_CURVE ( ( 1.000000000000000000, 0.8047378541243649375, 0.8047378541243649375, 1.000000000000000000 ) ) 
 REPRESENTATION_ITEM ( '' )  );
#6030 = CARTESIAN_POINT ( 'NONE',  ( 48.56999999999999318, -8.459999970576996375, 0.9792893218813453204 ) ) ;
#6031 = VECTOR ( 'NONE', #2623, 1000.000000000000000 ) ;
#6032 = CARTESIAN_POINT ( 'NONE',  ( 41.21999999999999886, 0.04000000000000000083, 0.000000000000000000 ) ) ;
#6033 = CARTESIAN_POINT ( 'NONE',  ( 55.69102284263499314, 4.091177563175000031, 12.13747185964599851 ) ) ;
#6034 = AXIS2_PLACEMENT_3D ( 'NONE', #3677, #1720, #3594 ) ;
#6035 = EDGE_LOOP ( 'NONE', ( #1434, #4199, #3576, #3937 ) ) ;
#6036 = CARTESIAN_POINT ( 'NONE',  ( -43.38000000000000256, -8.469999970576999715, -0.1000000000000000056 ) ) ;
#6037 = ORIENTED_EDGE ( 'NONE', *, *, #4396, .F. ) ;
#6038 = AXIS2_PLACEMENT_3D ( 'NONE', #3462, #3525, #1621 ) ;
#6039 = DIRECTION ( 'NONE',  ( 1.000000000000000000, 0.000000000000000000, 0.000000000000000000 ) ) ;
#6040 = CARTESIAN_POINT ( 'NONE',  ( 56.17001693919199568, 4.000065488775000233, 10.26005056085299927 ) ) ;
#6041 = EDGE_CURVE ( 'NONE', #4360, #4623, #3624, .T. ) ;
#6042 = CARTESIAN_POINT ( 'NONE',  ( 56.21968911156999837, 1.034529804087999993, 10.20547019591199955 ) ) ;
#6043 = VECTOR ( 'NONE', #1789, 1000.000000000000000 ) ;
#6044 = ORIENTED_EDGE ( 'NONE', *, *, #5167, .T. ) ;
#6045 = EDGE_LOOP ( 'NONE', ( #1838, #321, #3705 ) ) ;
#6046 = LINE ( 'NONE', #1291, #629 ) ;
#6047 = FACE_OUTER_BOUND ( 'NONE', #3864, .T. ) ;
#6048 = APPROVAL_DATE_TIME ( #4176, #4654 ) ;
#6049 = CARTESIAN_POINT ( 'NONE',  ( 52.59341868238099238, 11.03999901155100183, 0.9503143945610000864 ) ) ;
#6050 = CARTESIAN_POINT ( 'NONE',  ( 56.21905418218099726, 0.9783724871919999844, 10.07855481258400054 ) ) ;
#6051 = CARTESIAN_POINT ( 'NONE',  ( -53.88712535370999746, -4.934275212229000118, 1.000000000000000000 ) ) ;
#6052 = ORIENTED_EDGE ( 'NONE', *, *, #3577, .T. ) ;
#6053 = VERTEX_POINT ( 'NONE', #2689 ) ;
#6054 = EDGE_CURVE ( 'NONE', #714, #4784, #4585, .T. ) ;
#6055 = AXIS2_PLACEMENT_3D ( 'NONE', #3101, #3476, #2149 ) ;
#6056 = AXIS2_PLACEMENT_3D ( 'NONE', #2295, #1323, #5992 ) ;
#6057 = FACE_OUTER_BOUND ( 'NONE', #3754, .T. ) ;
#6058 = DIRECTION ( 'NONE',  ( 1.000000000000000000, -2.396243931942603945E-16, 0.000000000000000000 ) ) ;
#6059 = CARTESIAN_POINT ( 'NONE',  ( 50.07000000000000028, -8.459999970576999928, 0.000000000000000000 ) ) ;
#6060 = CARTESIAN_POINT ( 'NONE',  ( 55.96486852252999711, -0.1319107634770000093, 12.13747185964700037 ) ) ;
#6061 = DIRECTION ( 'NONE',  ( 1.000000000000000000, 0.000000000000000000, 6.000000000000000121E-17 ) ) ;
#6062 = VECTOR ( 'NONE', #4105, 1000.000000000000000 ) ;
#6063 = ORIENTED_EDGE ( 'NONE', *, *, #4471, .T. ) ;
#6064 = CIRCLE ( 'NONE', #1556, 0.1499999999999973577 ) ;
#6065 = EDGE_CURVE ( 'NONE', #19, #3303, #4649, .T. ) ;
#6066 = FACE_OUTER_BOUND ( 'NONE', #3074, .T. ) ;
#6067 = FACE_BOUND ( 'NONE', #5814, .T. ) ;
#6068 = CARTESIAN_POINT ( 'NONE',  ( 57.17000000000000171, 5.940000000000000391, 12.20000000000000107 ) ) ;
#6069 = ORIENTED_EDGE ( 'NONE', *, *, #3242, .F. ) ;
#6070 = CARTESIAN_POINT ( 'NONE',  ( 52.59341473665399747, 11.03993893318799913, 0.9598688179200000059 ) ) ;
#6071 = EDGE_CURVE ( 'NONE', #2304, #5269, #1696, .T. ) ;
#6072 =( BOUNDED_CURVE ( )  B_SPLINE_CURVE ( 3, ( #5105, #787, #4177, #1262 ),
 .UNSPECIFIED., .F., .F. ) 
 B_SPLINE_CURVE_WITH_KNOTS ( ( 4, 4 ),
 ( 3.141592653589793116, 4.712388980384689674 ),
 .UNSPECIFIED. ) 
 CURVE ( )  GEOMETRIC_REPRESENTATION_ITEM ( )  RATIONAL_B_SPLINE_CURVE ( ( 1.000000000000000000, 0.8047378541243649375, 0.8047378541243649375, 1.000000000000000000 ) ) 
 REPRESENTATION_ITEM ( '' )  );
#6073 = ORIENTED_EDGE ( 'NONE', *, *, #4152, .T. ) ;
#6074 = CARTESIAN_POINT ( 'NONE',  ( 56.07000000000000028, -6.910000000000000142, 0.9499999999999999556 ) ) ;
#6075 = PLANE ( 'NONE',  #5164 ) ;
#6076 = DIRECTION ( 'NONE',  ( 1.000000000000000000, 0.000000000000000000, 0.000000000000000000 ) ) ;
#6077 = EDGE_LOOP ( 'NONE', ( #3729, #2102, #1079, #736 ) ) ;
#6078 = ORIENTED_EDGE ( 'NONE', *, *, #3925, .T. ) ;
#6079 = EDGE_CURVE ( 'NONE', #1552, #1668, #4338, .T. ) ;
#6080 = AXIS2_PLACEMENT_3D ( 'NONE', #217, #5844, #1639 ) ;
#6081 = CARTESIAN_POINT ( 'NONE',  ( 56.22552980323299465, -0.9461864697980000294, 12.19005293015499980 ) ) ;
#6082 = EDGE_CURVE ( 'NONE', #308, #2535, #5719, .T. ) ;
#6083 = CARTESIAN_POINT ( 'NONE',  ( 56.22585301509172240, -0.9337353201588913798, 12.20001574708268599 ) ) ;
#6084 = APPLICATION_PROTOCOL_DEFINITION ( 'international standard', 'config_control_design', 1994, #3324 ) ;
#6085 = DIRECTION ( 'NONE',  ( 1.000000000000000000, 0.000000000000000000, 0.000000000000000000 ) ) ;
#6086 = FACE_OUTER_BOUND ( 'NONE', #3904, .T. ) ;
#6087 = DIRECTION ( 'NONE',  ( 0.000000000000000000, 0.000000000000000000, -1.000000000000000000 ) ) ;
#6088 = ORIENTED_EDGE ( 'NONE', *, *, #638, .F. ) ;
#6089 = ORIENTED_EDGE ( 'NONE', *, *, #1368, .T. ) ;
#6090 = AXIS2_PLACEMENT_3D ( 'NONE', #1521, #5297, #1080 ) ;
#6091 = DIRECTION ( 'NONE',  ( -1.000000000000000000, 0.000000000000000000, 0.000000000000000000 ) ) ;
#6092 = CARTESIAN_POINT ( 'NONE',  ( 56.23220357923599977, 5.970001817842999436, 12.21469809398099926 ) ) ;
#6093 = DIRECTION ( 'NONE',  ( 0.000000000000000000, 0.000000000000000000, -1.000000000000000000 ) ) ;
ENDSEC;
END-ISO-10303-21;
