ISO-10303-21;
HEADER;
FILE_DESCRIPTION(('FreeCAD Model'),'2;1');
FILE_NAME(
'/home/bruno/Desktop/Progetti Meccanica/USB-A Dual Port Rear Panel/x 
GrabCAD/Screw3.stp','2020-08-02T15:40:28',('Author'),(''),
  'Open CASCADE STEP processor 7.4','FreeCAD','Unknown');
FILE_SCHEMA(('AUTOMOTIVE_DESIGN { 1 0 10303 214 1 1 1 1 }'));
ENDSEC;
DATA;
#1 = APPLICATION_PROTOCOL_DEFINITION('international standard',
  'automotive_design',2000,#2);
#2 = APPLICATION_CONTEXT(
  'core data for automotive mechanical design processes');
#3 = SHAPE_DEFINITION_REPRESENTATION(#4,#10);
#4 = PRODUCT_DEFINITION_SHAPE('','',#5);
#5 = PRODUCT_DEFINITION('design','',#6,#9);
#6 = PRODUCT_DEFINITION_FORMATION('','',#7);
#7 = PRODUCT('M3x8_Screw3','M3x8_Screw3','',(#8));
#8 = PRODUCT_CONTEXT('',#2,'mechanical');
#9 = PRODUCT_DEFINITION_CONTEXT('part definition',#2,'design');
#10 = ADVANCED_BREP_SHAPE_REPRESENTATION('',(#11,#15),#9549);
#11 = AXIS2_PLACEMENT_3D('',#12,#13,#14);
#12 = CARTESIAN_POINT('',(0.,0.,0.));
#13 = DIRECTION('',(0.,0.,1.));
#14 = DIRECTION('',(1.,0.,-0.));
#15 = MANIFOLD_SOLID_BREP('',#16);
#16 = CLOSED_SHELL('',(#17,#105,#144,#200,#965,#1046,#1594,#1627,#1654,
    #1701,#1734,#1741,#1774,#1807,#1834,#1861,#1888,#1921,#1954,#1981,
    #2008,#2035,#2068,#2101,#2128,#2135,#3309,#3493,#3752,#3849,#3928,
    #4006,#4152,#4230,#4309,#4387,#4533,#4611,#4690,#4768,#4914,#4992,
    #5071,#5149,#5295,#5373,#5452,#5530,#5676,#5754,#5833,#5911,#6057,
    #6135,#6214,#6292,#6438,#6516,#6595,#6673,#6819,#6897,#6976,#7054,
    #7200,#7278,#7357,#7435,#7581,#7659,#7738,#7816,#7962,#8040,#8119,
    #8197,#8343,#8421,#8500,#8552,#8583,#8640,#8672,#8697,#8703,#8781,
    #9014,#9075,#9153,#9320,#9346,#9458,#9542));
#17 = ADVANCED_FACE('',(#18),#31,.T.);
#18 = FACE_BOUND('',#19,.F.);
#19 = EDGE_LOOP('',(#20,#54,#77,#104));
#20 = ORIENTED_EDGE('',*,*,#21,.T.);
#21 = EDGE_CURVE('',#22,#22,#24,.T.);
#22 = VERTEX_POINT('',#23);
#23 = CARTESIAN_POINT('',(14.3,0.,2.542463035442));
#24 = SURFACE_CURVE('',#25,(#30,#42),.PCURVE_S1.);
#25 = CIRCLE('',#26,2.8);
#26 = AXIS2_PLACEMENT_3D('',#27,#28,#29);
#27 = CARTESIAN_POINT('',(11.5,0.,2.542463035442));
#28 = DIRECTION('',(0.,0.,1.));
#29 = DIRECTION('',(1.,0.,0.));
#30 = PCURVE('',#31,#36);
#31 = CYLINDRICAL_SURFACE('',#32,2.8);
#32 = AXIS2_PLACEMENT_3D('',#33,#34,#35);
#33 = CARTESIAN_POINT('',(11.5,0.,2.542463035442));
#34 = DIRECTION('',(-0.,-0.,-1.));
#35 = DIRECTION('',(1.,0.,0.));
#36 = DEFINITIONAL_REPRESENTATION('',(#37),#41);
#37 = LINE('',#38,#39);
#38 = CARTESIAN_POINT('',(-0.,0.));
#39 = VECTOR('',#40,1.);
#40 = DIRECTION('',(-1.,0.));
#41 = ( GEOMETRIC_REPRESENTATION_CONTEXT(2) 
PARAMETRIC_REPRESENTATION_CONTEXT() REPRESENTATION_CONTEXT('2D SPACE',''
  ) );
#42 = PCURVE('',#43,#48);
#43 = SPHERICAL_SURFACE('',#44,5.);
#44 = AXIS2_PLACEMENT_3D('',#45,#46,#47);
#45 = CARTESIAN_POINT('',(11.5,0.,-1.6));
#46 = DIRECTION('',(-0.,-0.,-1.));
#47 = DIRECTION('',(1.,0.,0.));
#48 = DEFINITIONAL_REPRESENTATION('',(#49),#53);
#49 = LINE('',#50,#51);
#50 = CARTESIAN_POINT('',(-0.,-0.976410526794));
#51 = VECTOR('',#52,1.);
#52 = DIRECTION('',(-1.,0.));
#53 = ( GEOMETRIC_REPRESENTATION_CONTEXT(2) 
PARAMETRIC_REPRESENTATION_CONTEXT() REPRESENTATION_CONTEXT('2D SPACE',''
  ) );
#54 = ORIENTED_EDGE('',*,*,#55,.T.);
#55 = EDGE_CURVE('',#22,#56,#58,.T.);
#56 = VERTEX_POINT('',#57);
#57 = CARTESIAN_POINT('',(14.3,0.,1.));
#58 = SEAM_CURVE('',#59,(#63,#70),.PCURVE_S1.);
#59 = LINE('',#60,#61);
#60 = CARTESIAN_POINT('',(14.3,0.,2.542463035442));
#61 = VECTOR('',#62,1.);
#62 = DIRECTION('',(0.,0.,-1.));
#63 = PCURVE('',#31,#64);
#64 = DEFINITIONAL_REPRESENTATION('',(#65),#69);
#65 = LINE('',#66,#67);
#66 = CARTESIAN_POINT('',(-0.,0.));
#67 = VECTOR('',#68,1.);
#68 = DIRECTION('',(-0.,1.));
#69 = ( GEOMETRIC_REPRESENTATION_CONTEXT(2) 
PARAMETRIC_REPRESENTATION_CONTEXT() REPRESENTATION_CONTEXT('2D SPACE',''
  ) );
#70 = PCURVE('',#31,#71);
#71 = DEFINITIONAL_REPRESENTATION('',(#72),#76);
#72 = LINE('',#73,#74);
#73 = CARTESIAN_POINT('',(-6.28318530718,0.));
#74 = VECTOR('',#75,1.);
#75 = DIRECTION('',(-0.,1.));
#76 = ( GEOMETRIC_REPRESENTATION_CONTEXT(2) 
PARAMETRIC_REPRESENTATION_CONTEXT() REPRESENTATION_CONTEXT('2D SPACE',''
  ) );
#77 = ORIENTED_EDGE('',*,*,#78,.F.);
#78 = EDGE_CURVE('',#56,#56,#79,.T.);
#79 = SURFACE_CURVE('',#80,(#85,#92),.PCURVE_S1.);
#80 = CIRCLE('',#81,2.8);
#81 = AXIS2_PLACEMENT_3D('',#82,#83,#84);
#82 = CARTESIAN_POINT('',(11.5,0.,1.));
#83 = DIRECTION('',(0.,0.,1.));
#84 = DIRECTION('',(1.,0.,0.));
#85 = PCURVE('',#31,#86);
#86 = DEFINITIONAL_REPRESENTATION('',(#87),#91);
#87 = LINE('',#88,#89);
#88 = CARTESIAN_POINT('',(-0.,1.542463035442));
#89 = VECTOR('',#90,1.);
#90 = DIRECTION('',(-1.,0.));
#91 = ( GEOMETRIC_REPRESENTATION_CONTEXT(2) 
PARAMETRIC_REPRESENTATION_CONTEXT() REPRESENTATION_CONTEXT('2D SPACE',''
  ) );
#92 = PCURVE('',#93,#98);
#93 = PLANE('',#94);
#94 = AXIS2_PLACEMENT_3D('',#95,#96,#97);
#95 = CARTESIAN_POINT('',(11.5,0.,1.));
#96 = DIRECTION('',(0.,0.,1.));
#97 = DIRECTION('',(1.,0.,0.));
#98 = DEFINITIONAL_REPRESENTATION('',(#99),#103);
#99 = CIRCLE('',#100,2.8);
#100 = AXIS2_PLACEMENT_2D('',#101,#102);
#101 = CARTESIAN_POINT('',(0.,0.));
#102 = DIRECTION('',(1.,0.));
#103 = ( GEOMETRIC_REPRESENTATION_CONTEXT(2) 
PARAMETRIC_REPRESENTATION_CONTEXT() REPRESENTATION_CONTEXT('2D SPACE',''
  ) );
#104 = ORIENTED_EDGE('',*,*,#55,.F.);
#105 = ADVANCED_FACE('',(#106,#109),#93,.F.);
#106 = FACE_BOUND('',#107,.F.);
#107 = EDGE_LOOP('',(#108));
#108 = ORIENTED_EDGE('',*,*,#78,.T.);
#109 = FACE_BOUND('',#110,.F.);
#110 = EDGE_LOOP('',(#111));
#111 = ORIENTED_EDGE('',*,*,#112,.F.);
#112 = EDGE_CURVE('',#113,#113,#115,.T.);
#113 = VERTEX_POINT('',#114);
#114 = CARTESIAN_POINT('',(13.1,0.,1.));
#115 = SURFACE_CURVE('',#116,(#121,#128),.PCURVE_S1.);
#116 = CIRCLE('',#117,1.6);
#117 = AXIS2_PLACEMENT_3D('',#118,#119,#120);
#118 = CARTESIAN_POINT('',(11.5,0.,1.));
#119 = DIRECTION('',(0.,0.,1.));
#120 = DIRECTION('',(1.,0.,0.));
#121 = PCURVE('',#93,#122);
#122 = DEFINITIONAL_REPRESENTATION('',(#123),#127);
#123 = CIRCLE('',#124,1.6);
#124 = AXIS2_PLACEMENT_2D('',#125,#126);
#125 = CARTESIAN_POINT('',(0.,0.));
#126 = DIRECTION('',(1.,0.));
#127 = ( GEOMETRIC_REPRESENTATION_CONTEXT(2) 
PARAMETRIC_REPRESENTATION_CONTEXT() REPRESENTATION_CONTEXT('2D SPACE',''
  ) );
#128 = PCURVE('',#129,#138);
#129 = SURFACE_OF_REVOLUTION('',#130,#135);
#130 = CIRCLE('',#131,0.1);
#131 = AXIS2_PLACEMENT_3D('',#132,#133,#134);
#132 = CARTESIAN_POINT('',(13.1,0.,0.9));
#133 = DIRECTION('',(0.,-1.,0.));
#134 = DIRECTION('',(0.,0.,1.));
#135 = AXIS1_PLACEMENT('',#136,#137);
#136 = CARTESIAN_POINT('',(11.5,0.,1.));
#137 = DIRECTION('',(0.,0.,1.));
#138 = DEFINITIONAL_REPRESENTATION('',(#139),#143);
#139 = LINE('',#140,#141);
#140 = CARTESIAN_POINT('',(0.,0.));
#141 = VECTOR('',#142,1.);
#142 = DIRECTION('',(1.,0.));
#143 = ( GEOMETRIC_REPRESENTATION_CONTEXT(2) 
PARAMETRIC_REPRESENTATION_CONTEXT() REPRESENTATION_CONTEXT('2D SPACE',''
  ) );
#144 = ADVANCED_FACE('',(#145),#129,.F.);
#145 = FACE_BOUND('',#146,.F.);
#146 = EDGE_LOOP('',(#147,#148,#172,#199));
#147 = ORIENTED_EDGE('',*,*,#112,.T.);
#148 = ORIENTED_EDGE('',*,*,#149,.T.);
#149 = EDGE_CURVE('',#113,#150,#152,.T.);
#150 = VERTEX_POINT('',#151);
#151 = CARTESIAN_POINT('',(13.,0.,0.9));
#152 = SEAM_CURVE('',#153,(#158,#165),.PCURVE_S1.);
#153 = CIRCLE('',#154,0.1);
#154 = AXIS2_PLACEMENT_3D('',#155,#156,#157);
#155 = CARTESIAN_POINT('',(13.1,0.,0.9));
#156 = DIRECTION('',(0.,-1.,0.));
#157 = DIRECTION('',(0.,0.,1.));
#158 = PCURVE('',#129,#159);
#159 = DEFINITIONAL_REPRESENTATION('',(#160),#164);
#160 = LINE('',#161,#162);
#161 = CARTESIAN_POINT('',(0.,0.));
#162 = VECTOR('',#163,1.);
#163 = DIRECTION('',(0.,1.));
#164 = ( GEOMETRIC_REPRESENTATION_CONTEXT(2) 
PARAMETRIC_REPRESENTATION_CONTEXT() REPRESENTATION_CONTEXT('2D SPACE',''
  ) );
#165 = PCURVE('',#129,#166);
#166 = DEFINITIONAL_REPRESENTATION('',(#167),#171);
#167 = LINE('',#168,#169);
#168 = CARTESIAN_POINT('',(6.28318530718,0.));
#169 = VECTOR('',#170,1.);
#170 = DIRECTION('',(0.,1.));
#171 = ( GEOMETRIC_REPRESENTATION_CONTEXT(2) 
PARAMETRIC_REPRESENTATION_CONTEXT() REPRESENTATION_CONTEXT('2D SPACE',''
  ) );
#172 = ORIENTED_EDGE('',*,*,#173,.F.);
#173 = EDGE_CURVE('',#150,#150,#174,.T.);
#174 = SURFACE_CURVE('',#175,(#180,#187),.PCURVE_S1.);
#175 = CIRCLE('',#176,1.5);
#176 = AXIS2_PLACEMENT_3D('',#177,#178,#179);
#177 = CARTESIAN_POINT('',(11.5,0.,0.9));
#178 = DIRECTION('',(0.,0.,1.));
#179 = DIRECTION('',(1.,0.,0.));
#180 = PCURVE('',#129,#181);
#181 = DEFINITIONAL_REPRESENTATION('',(#182),#186);
#182 = LINE('',#183,#184);
#183 = CARTESIAN_POINT('',(0.,1.570796326795));
#184 = VECTOR('',#185,1.);
#185 = DIRECTION('',(1.,0.));
#186 = ( GEOMETRIC_REPRESENTATION_CONTEXT(2) 
PARAMETRIC_REPRESENTATION_CONTEXT() REPRESENTATION_CONTEXT('2D SPACE',''
  ) );
#187 = PCURVE('',#188,#193);
#188 = CYLINDRICAL_SURFACE('',#189,1.5);
#189 = AXIS2_PLACEMENT_3D('',#190,#191,#192);
#190 = CARTESIAN_POINT('',(11.5,0.,0.9));
#191 = DIRECTION('',(-0.,-0.,-1.));
#192 = DIRECTION('',(1.,0.,0.));
#193 = DEFINITIONAL_REPRESENTATION('',(#194),#198);
#194 = LINE('',#195,#196);
#195 = CARTESIAN_POINT('',(-0.,0.));
#196 = VECTOR('',#197,1.);
#197 = DIRECTION('',(-1.,0.));
#198 = ( GEOMETRIC_REPRESENTATION_CONTEXT(2) 
PARAMETRIC_REPRESENTATION_CONTEXT() REPRESENTATION_CONTEXT('2D SPACE',''
  ) );
#199 = ORIENTED_EDGE('',*,*,#149,.F.);
#200 = ADVANCED_FACE('',(#201),#43,.T.);
#201 = FACE_BOUND('',#202,.F.);
#202 = EDGE_LOOP('',(#203,#238,#260,#261,#262,#295,#337,#366,#412,#446,
    #480,#522,#551,#597,#631,#665,#707,#736,#782,#816,#850,#892,#921));
#203 = ORIENTED_EDGE('',*,*,#204,.T.);
#204 = EDGE_CURVE('',#205,#207,#209,.T.);
#205 = VERTEX_POINT('',#206);
#206 = CARTESIAN_POINT('',(12.305652660387,-0.205,3.330405540198));
#207 = VERTEX_POINT('',#208);
#208 = CARTESIAN_POINT('',(12.229522433961,0.,3.346493406278));
#209 = SURFACE_CURVE('',#210,(#215,#226),.PCURVE_S1.);
#210 = CIRCLE('',#211,4.998713430256);
#211 = AXIS2_PLACEMENT_3D('',#212,#213,#214);
#212 = CARTESIAN_POINT('',(11.605296750278,4.01183536046E-02,
    -1.612928815247));
#213 = DIRECTION('',(-0.928380992663,-0.353715730496,0.113990852535));
#214 = DIRECTION('',(0.356036447518,-0.934472069159,0.));
#215 = PCURVE('',#43,#216);
#216 = DEFINITIONAL_REPRESENTATION('',(#217),#225);
#217 = B_SPLINE_CURVE_WITH_KNOTS('',6,(#218,#219,#220,#221,#222,#223,
    #224),.UNSPECIFIED.,.F.,.F.,(7,7),(1.469764627858,1.518812231425),
  .PIECEWISE_BEZIER_KNOTS.);
#218 = CARTESIAN_POINT('',(-6.008923131964,-1.400742030604));
#219 = CARTESIAN_POINT('',(-6.04783922644,-1.405580866154));
#220 = CARTESIAN_POINT('',(-6.08939383972,-1.410115112879));
#221 = CARTESIAN_POINT('',(-6.133715821039,-1.414305751765));
#222 = CARTESIAN_POINT('',(-6.180875252111,-1.418109064004));
#223 = CARTESIAN_POINT('',(-6.230795635906,-1.42147766028));
#224 = CARTESIAN_POINT('',(-6.28318530718,-1.4243691451));
#225 = ( GEOMETRIC_REPRESENTATION_CONTEXT(2) 
PARAMETRIC_REPRESENTATION_CONTEXT() REPRESENTATION_CONTEXT('2D SPACE',''
  ) );
#226 = PCURVE('',#227,#232);
#227 = PLANE('',#228);
#228 = AXIS2_PLACEMENT_3D('',#229,#230,#231);
#229 = CARTESIAN_POINT('',(12.211716641687,-0.1025,2.88341746371));
#230 = DIRECTION('',(-0.928380992663,-0.353715730496,0.113990852535));
#231 = DIRECTION('',(-0.356036447518,0.934472069159,0.));
#232 = DEFINITIONAL_REPRESENTATION('',(#233),#237);
#233 = CIRCLE('',#234,4.998713430256);
#234 = AXIS2_PLACEMENT_2D('',#235,#236);
#235 = CARTESIAN_POINT('',(0.349180451834,4.525846655802));
#236 = DIRECTION('',(-1.,1.E-17));
#237 = ( GEOMETRIC_REPRESENTATION_CONTEXT(2) 
PARAMETRIC_REPRESENTATION_CONTEXT() REPRESENTATION_CONTEXT('2D SPACE',''
  ) );
#238 = ORIENTED_EDGE('',*,*,#239,.T.);
#239 = EDGE_CURVE('',#207,#22,#240,.T.);
#240 = SEAM_CURVE('',#241,(#246,#253),.PCURVE_S1.);
#241 = CIRCLE('',#242,5.);
#242 = AXIS2_PLACEMENT_3D('',#243,#244,#245);
#243 = CARTESIAN_POINT('',(11.5,0.,-1.6));
#244 = DIRECTION('',(-0.,1.,0.));
#245 = DIRECTION('',(1.44E-15,0.,1.));
#246 = PCURVE('',#43,#247);
#247 = DEFINITIONAL_REPRESENTATION('',(#248),#252);
#248 = LINE('',#249,#250);
#249 = CARTESIAN_POINT('',(-0.,-1.570796326795));
#250 = VECTOR('',#251,1.);
#251 = DIRECTION('',(-0.,1.));
#252 = ( GEOMETRIC_REPRESENTATION_CONTEXT(2) 
PARAMETRIC_REPRESENTATION_CONTEXT() REPRESENTATION_CONTEXT('2D SPACE',''
  ) );
#253 = PCURVE('',#43,#254);
#254 = DEFINITIONAL_REPRESENTATION('',(#255),#259);
#255 = LINE('',#256,#257);
#256 = CARTESIAN_POINT('',(-6.28318530718,-1.570796326795));
#257 = VECTOR('',#258,1.);
#258 = DIRECTION('',(-0.,1.));
#259 = ( GEOMETRIC_REPRESENTATION_CONTEXT(2) 
PARAMETRIC_REPRESENTATION_CONTEXT() REPRESENTATION_CONTEXT('2D SPACE',''
  ) );
#260 = ORIENTED_EDGE('',*,*,#21,.F.);
#261 = ORIENTED_EDGE('',*,*,#239,.F.);
#262 = ORIENTED_EDGE('',*,*,#263,.T.);
#263 = EDGE_CURVE('',#207,#264,#266,.T.);
#264 = VERTEX_POINT('',#265);
#265 = CARTESIAN_POINT('',(12.305652660387,0.205,3.330405540198));
#266 = SURFACE_CURVE('',#267,(#272,#283),.PCURVE_S1.);
#267 = CIRCLE('',#268,4.998713430256);
#268 = AXIS2_PLACEMENT_3D('',#269,#270,#271);
#269 = CARTESIAN_POINT('',(11.605296750278,-4.01183536046E-02,
    -1.612928815247));
#270 = DIRECTION('',(-0.928380992663,0.353715730496,0.113990852535));
#271 = DIRECTION('',(-0.356036447518,-0.934472069159,0.));
#272 = PCURVE('',#43,#273);
#273 = DEFINITIONAL_REPRESENTATION('',(#274),#282);
#274 = B_SPLINE_CURVE_WITH_KNOTS('',6,(#275,#276,#277,#278,#279,#280,
    #281),.UNSPECIFIED.,.F.,.F.,(7,7),(1.622780422165,1.671828025732),
  .PIECEWISE_BEZIER_KNOTS.);
#275 = CARTESIAN_POINT('',(-9.7E-16,-1.4243691451));
#276 = CARTESIAN_POINT('',(-5.238967127343E-02,-1.42147766028));
#277 = CARTESIAN_POINT('',(-0.102310055069,-1.418109064004));
#278 = CARTESIAN_POINT('',(-0.149469486141,-1.414305751765));
#279 = CARTESIAN_POINT('',(-0.19379146746,-1.410115112879));
#280 = CARTESIAN_POINT('',(-0.235346080739,-1.405580866154));
#281 = CARTESIAN_POINT('',(-0.274262175215,-1.400742030604));
#282 = ( GEOMETRIC_REPRESENTATION_CONTEXT(2) 
PARAMETRIC_REPRESENTATION_CONTEXT() REPRESENTATION_CONTEXT('2D SPACE',''
  ) );
#283 = PCURVE('',#284,#289);
#284 = PLANE('',#285);
#285 = AXIS2_PLACEMENT_3D('',#286,#287,#288);
#286 = CARTESIAN_POINT('',(12.211716641687,0.1025,2.88341746371));
#287 = DIRECTION('',(-0.928380992663,0.353715730496,0.113990852535));
#288 = DIRECTION('',(0.356036447518,0.934472069159,0.));
#289 = DEFINITIONAL_REPRESENTATION('',(#290),#294);
#290 = CIRCLE('',#291,4.998713430256);
#291 = AXIS2_PLACEMENT_2D('',#292,#293);
#292 = CARTESIAN_POINT('',(-0.349180451834,4.525846655802));
#293 = DIRECTION('',(-1.,-1.E-17));
#294 = ( GEOMETRIC_REPRESENTATION_CONTEXT(2) 
PARAMETRIC_REPRESENTATION_CONTEXT() REPRESENTATION_CONTEXT('2D SPACE',''
  ) );
#295 = ORIENTED_EDGE('',*,*,#296,.T.);
#296 = EDGE_CURVE('',#264,#297,#299,.T.);
#297 = VERTEX_POINT('',#298);
#298 = CARTESIAN_POINT('',(12.784581118007,0.774500710949,3.169696007085
    ));
#299 = SURFACE_CURVE('',#300,(#305,#325),.PCURVE_S1.);
#300 = CIRCLE('',#301,4.999975777468);
#301 = AXIS2_PLACEMENT_3D('',#302,#303,#304);
#302 = CARTESIAN_POINT('',(11.511659591467,-1.020926695481E-02,
    -1.601431617819));
#303 = DIRECTION('',(-0.749159152089,0.65597202071,9.198517753569E-02));
#304 = DIRECTION('',(-0.658764936111,-0.752348827972,2.844946500602E-16)
  );
#305 = PCURVE('',#43,#306);
#306 = DEFINITIONAL_REPRESENTATION('',(#307),#324);
#307 = B_SPLINE_CURVE_WITH_KNOTS('',8,(#308,#309,#310,#311,#312,#313,
    #314,#315,#316,#317,#318,#319,#320,#321,#322,#323),.UNSPECIFIED.,.F.
  ,.F.,(9,7,9),(1.677081086133,1.742509785042,1.93879588177),
  .UNSPECIFIED.);
#308 = CARTESIAN_POINT('',(-0.123568152294,-1.428199368687));
#309 = CARTESIAN_POINT('',(-0.162065427296,-1.422120166205));
#310 = CARTESIAN_POINT('',(-0.196835481563,-1.41580253793));
#311 = CARTESIAN_POINT('',(-0.228343947788,-1.409287160171));
#312 = CARTESIAN_POINT('',(-0.257020318033,-1.402605775465));
#313 = CARTESIAN_POINT('',(-0.283229684371,-1.395783309448));
#314 = CARTESIAN_POINT('',(-0.30727726874,-1.388839670139));
#315 = CARTESIAN_POINT('',(-0.329423557832,-1.381791095388));
#316 = CARTESIAN_POINT('',(-0.411280761877,-1.353230370822));
#317 = CARTESIAN_POINT('',(-0.457535890498,-1.330985452909));
#318 = CARTESIAN_POINT('',(-0.494592342916,-1.308275716083));
#319 = CARTESIAN_POINT('',(-0.525154284241,-1.285231819861));
#320 = CARTESIAN_POINT('',(-0.550942885822,-1.261952323429));
#321 = CARTESIAN_POINT('',(-0.573077579611,-1.238489674205));
#322 = CARTESIAN_POINT('',(-0.592337658388,-1.214885435892));
#323 = CARTESIAN_POINT('',(-0.609288970463,-1.19116756333));
#324 = ( GEOMETRIC_REPRESENTATION_CONTEXT(2) 
PARAMETRIC_REPRESENTATION_CONTEXT() REPRESENTATION_CONTEXT('2D SPACE',''
  ) );
#325 = PCURVE('',#326,#331);
#326 = PLANE('',#327);
#327 = AXIS2_PLACEMENT_3D('',#328,#329,#330);
#328 = CARTESIAN_POINT('',(13.288716284239,1.390397187558,2.88341746371)
  );
#329 = DIRECTION('',(-0.749159152089,0.65597202071,9.198517753569E-02));
#330 = DIRECTION('',(0.658764936111,0.752348827972,-2.844946500602E-16)
  );
#331 = DEFINITIONAL_REPRESENTATION('',(#332),#336);
#332 = CIRCLE('',#333,4.999975777468);
#333 = AXIS2_PLACEMENT_2D('',#334,#335);
#334 = CARTESIAN_POINT('',(-2.224407263183,4.503944109482));
#335 = DIRECTION('',(-1.,-2.E-17));
#336 = ( GEOMETRIC_REPRESENTATION_CONTEXT(2) 
PARAMETRIC_REPRESENTATION_CONTEXT() REPRESENTATION_CONTEXT('2D SPACE',''
  ) );
#337 = ORIENTED_EDGE('',*,*,#338,.F.);
#338 = EDGE_CURVE('',#339,#297,#341,.T.);
#339 = VERTEX_POINT('',#340);
#340 = CARTESIAN_POINT('',(12.274500710949,1.284581118007,3.169696007085
    ));
#341 = SURFACE_CURVE('',#342,(#347,#354),.PCURVE_S1.);
#342 = CIRCLE('',#343,1.5);
#343 = AXIS2_PLACEMENT_3D('',#344,#345,#346);
#344 = CARTESIAN_POINT('',(11.5,0.,3.169696007085));
#345 = DIRECTION('',(-4.1E-15,-0.,-1.));
#346 = DIRECTION('',(1.,0.,-4.1E-15));
#347 = PCURVE('',#43,#348);
#348 = DEFINITIONAL_REPRESENTATION('',(#349),#353);
#349 = LINE('',#350,#351);
#350 = CARTESIAN_POINT('',(-6.28318530718,-1.26610367278));
#351 = VECTOR('',#352,1.);
#352 = DIRECTION('',(1.,-0.));
#353 = ( GEOMETRIC_REPRESENTATION_CONTEXT(2) 
PARAMETRIC_REPRESENTATION_CONTEXT() REPRESENTATION_CONTEXT('2D SPACE',''
  ) );
#354 = PCURVE('',#355,#360);
#355 = CONICAL_SURFACE('',#356,1.87393620604,0.462512251778);
#356 = AXIS2_PLACEMENT_3D('',#357,#358,#359);
#357 = CARTESIAN_POINT('',(11.5,0.,3.919696007085));
#358 = DIRECTION('',(0.,0.,1.));
#359 = DIRECTION('',(1.,0.,0.));
#360 = DEFINITIONAL_REPRESENTATION('',(#361),#365);
#361 = LINE('',#362,#363);
#362 = CARTESIAN_POINT('',(6.28318530718,-0.75));
#363 = VECTOR('',#364,1.);
#364 = DIRECTION('',(-1.,-0.));
#365 = ( GEOMETRIC_REPRESENTATION_CONTEXT(2) 
PARAMETRIC_REPRESENTATION_CONTEXT() REPRESENTATION_CONTEXT('2D SPACE',''
  ) );
#366 = ORIENTED_EDGE('',*,*,#367,.T.);
#367 = EDGE_CURVE('',#339,#368,#370,.T.);
#368 = VERTEX_POINT('',#369);
#369 = CARTESIAN_POINT('',(11.705,0.805652660387,3.330405540198));
#370 = SURFACE_CURVE('',#371,(#376,#400),.PCURVE_S1.);
#371 = CIRCLE('',#372,4.999975777468);
#372 = AXIS2_PLACEMENT_3D('',#373,#374,#375);
#373 = CARTESIAN_POINT('',(11.489790733045,1.165959146708E-02,
    -1.601431617819));
#374 = DIRECTION('',(0.65597202071,-0.749159152089,9.198517753569E-02));
#375 = DIRECTION('',(0.752348827972,0.658764936111,0.));
#376 = PCURVE('',#43,#377);
#377 = DEFINITIONAL_REPRESENTATION('',(#378),#399);
#378 = B_SPLINE_CURVE_WITH_KNOTS('',7,(#379,#380,#381,#382,#383,#384,
    #385,#386,#387,#388,#389,#390,#391,#392,#393,#394,#395,#396,#397,
    #398),.UNSPECIFIED.,.F.,.F.,(8,6,6,8),(1.20279677182,1.333654169638,
    1.399082868548,1.464511567457),.UNSPECIFIED.);
#379 = CARTESIAN_POINT('',(-0.961507356332,-1.19116756333));
#380 = CARTESIAN_POINT('',(-0.974422641722,-1.209238323378));
#381 = CARTESIAN_POINT('',(-0.988706049324,-1.227241785592));
#382 = CARTESIAN_POINT('',(-1.00462628351,-1.245164402499));
#383 = CARTESIAN_POINT('',(-1.022533522755,-1.262988531318));
#384 = CARTESIAN_POINT('',(-1.042917193709,-1.280688884326));
#385 = CARTESIAN_POINT('',(-1.066455823821,-1.298230685746));
#386 = CARTESIAN_POINT('',(-1.108242463093,-1.324210900958));
#387 = CARTESIAN_POINT('',(-1.123251161418,-1.332815551467));
#388 = CARTESIAN_POINT('',(-1.139485258978,-1.341356904473));
#389 = CARTESIAN_POINT('',(-1.15712120094,-1.349825205296));
#390 = CARTESIAN_POINT('',(-1.17637548094,-1.358208365164));
#391 = CARTESIAN_POINT('',(-1.197520695367,-1.366490707227));
#392 = CARTESIAN_POINT('',(-1.244296240536,-1.382811121265));
#393 = CARTESIAN_POINT('',(-1.269926663895,-1.39084918643));
#394 = CARTESIAN_POINT('',(-1.298150629542,-1.398743783257));
#395 = CARTESIAN_POINT('',(-1.329401387983,-1.406467767671));
#396 = CARTESIAN_POINT('',(-1.364204030715,-1.413986147671));
#397 = CARTESIAN_POINT('',(-1.403231288785,-1.421251708707));
#398 = CARTESIAN_POINT('',(-1.447228174501,-1.428199368687));
#399 = ( GEOMETRIC_REPRESENTATION_CONTEXT(2) 
PARAMETRIC_REPRESENTATION_CONTEXT() REPRESENTATION_CONTEXT('2D SPACE',''
  ) );
#400 = PCURVE('',#401,#406);
#401 = PLANE('',#402);
#402 = AXIS2_PLACEMENT_3D('',#403,#404,#405);
#403 = CARTESIAN_POINT('',(12.890397187558,1.788716284239,2.88341746371)
  );
#404 = DIRECTION('',(0.65597202071,-0.749159152089,9.198517753569E-02));
#405 = DIRECTION('',(-0.752348827972,-0.658764936111,2.844946500602E-16)
  );
#406 = DEFINITIONAL_REPRESENTATION('',(#407),#411);
#407 = CIRCLE('',#408,4.999975777468);
#408 = AXIS2_PLACEMENT_2D('',#409,#410);
#409 = CARTESIAN_POINT('',(2.224407263183,4.503944109482));
#410 = DIRECTION('',(-1.,1.E-17));
#411 = ( GEOMETRIC_REPRESENTATION_CONTEXT(2) 
PARAMETRIC_REPRESENTATION_CONTEXT() REPRESENTATION_CONTEXT('2D SPACE',''
  ) );
#412 = ORIENTED_EDGE('',*,*,#413,.T.);
#413 = EDGE_CURVE('',#368,#414,#416,.T.);
#414 = VERTEX_POINT('',#415);
#415 = CARTESIAN_POINT('',(11.5,0.729522433961,3.346493406278));
#416 = SURFACE_CURVE('',#417,(#422,#434),.PCURVE_S1.);
#417 = CIRCLE('',#418,4.998713430256);
#418 = AXIS2_PLACEMENT_3D('',#419,#420,#421);
#419 = CARTESIAN_POINT('',(11.459881646395,0.105296750278,
    -1.612928815247));
#420 = DIRECTION('',(0.353715730496,-0.928380992663,0.113990852535));
#421 = DIRECTION('',(0.934472069159,0.356036447518,-6.938893903907E-18)
  );
#422 = PCURVE('',#43,#423);
#423 = DEFINITIONAL_REPRESENTATION('',(#424),#433);
#424 = B_SPLINE_CURVE_WITH_KNOTS('',7,(#425,#426,#427,#428,#429,#430,
    #431,#432),.UNSPECIFIED.,.F.,.F.,(8,8),(1.469764627858,
    1.536245028522),.PIECEWISE_BEZIER_KNOTS.);
#425 = CARTESIAN_POINT('',(-1.29653415158,-1.400742030604));
#426 = CARTESIAN_POINT('',(-1.341746627942,-1.406363759631));
#427 = CARTESIAN_POINT('',(-1.390421183839,-1.411585792279));
#428 = CARTESIAN_POINT('',(-1.442744103853,-1.416352555781));
#429 = CARTESIAN_POINT('',(-1.498803003713,-1.420601898791));
#430 = CARTESIAN_POINT('',(-1.558520674568,-1.424265713923));
#431 = CARTESIAN_POINT('',(-1.621459545046,-1.427279320917));
#432 = CARTESIAN_POINT('',(-1.686889262993,-1.429594721703));
#433 = ( GEOMETRIC_REPRESENTATION_CONTEXT(2) 
PARAMETRIC_REPRESENTATION_CONTEXT() REPRESENTATION_CONTEXT('2D SPACE',''
  ) );
#434 = PCURVE('',#435,#440);
#435 = PLANE('',#436);
#436 = AXIS2_PLACEMENT_3D('',#437,#438,#439);
#437 = CARTESIAN_POINT('',(11.6025,0.711716641687,2.88341746371));
#438 = DIRECTION('',(0.353715730496,-0.928380992663,0.113990852535));
#439 = DIRECTION('',(-0.934472069159,-0.356036447518,0.));
#440 = DEFINITIONAL_REPRESENTATION('',(#441),#445);
#441 = CIRCLE('',#442,4.998713430256);
#442 = AXIS2_PLACEMENT_2D('',#443,#444);
#443 = CARTESIAN_POINT('',(0.349180451834,4.525846655802));
#444 = DIRECTION('',(-1.,1.E-17));
#445 = ( GEOMETRIC_REPRESENTATION_CONTEXT(2) 
PARAMETRIC_REPRESENTATION_CONTEXT() REPRESENTATION_CONTEXT('2D SPACE',''
  ) );
#446 = ORIENTED_EDGE('',*,*,#447,.T.);
#447 = EDGE_CURVE('',#414,#448,#450,.T.);
#448 = VERTEX_POINT('',#449);
#449 = CARTESIAN_POINT('',(11.295,0.805652660387,3.330405540198));
#450 = SURFACE_CURVE('',#451,(#456,#468),.PCURVE_S1.);
#451 = CIRCLE('',#452,4.998713430256);
#452 = AXIS2_PLACEMENT_3D('',#453,#454,#455);
#453 = CARTESIAN_POINT('',(11.540118353605,0.105296750278,
    -1.612928815247));
#454 = DIRECTION('',(-0.353715730496,-0.928380992663,0.113990852535));
#455 = DIRECTION('',(0.934472069159,-0.356036447518,-1.040834085586E-16)
  );
#456 = PCURVE('',#43,#457);
#457 = DEFINITIONAL_REPRESENTATION('',(#458),#467);
#458 = B_SPLINE_CURVE_WITH_KNOTS('',7,(#459,#460,#461,#462,#463,#464,
    #465,#466),.UNSPECIFIED.,.F.,.F.,(8,8),(1.605347625068,
    1.671828025732),.PIECEWISE_BEZIER_KNOTS.);
#459 = CARTESIAN_POINT('',(-1.454703390597,-1.429594721703));
#460 = CARTESIAN_POINT('',(-1.520133108544,-1.427279320917));
#461 = CARTESIAN_POINT('',(-1.583071979021,-1.424265713923));
#462 = CARTESIAN_POINT('',(-1.642789649878,-1.420601898791));
#463 = CARTESIAN_POINT('',(-1.698848549737,-1.416352555781));
#464 = CARTESIAN_POINT('',(-1.751171469751,-1.411585792279));
#465 = CARTESIAN_POINT('',(-1.799846025648,-1.406363759631));
#466 = CARTESIAN_POINT('',(-1.84505850201,-1.400742030604));
#467 = ( GEOMETRIC_REPRESENTATION_CONTEXT(2) 
PARAMETRIC_REPRESENTATION_CONTEXT() REPRESENTATION_CONTEXT('2D SPACE',''
  ) );
#468 = PCURVE('',#469,#474);
#469 = PLANE('',#470);
#470 = AXIS2_PLACEMENT_3D('',#471,#472,#473);
#471 = CARTESIAN_POINT('',(11.3975,0.711716641687,2.88341746371));
#472 = DIRECTION('',(-0.353715730496,-0.928380992663,0.113990852535));
#473 = DIRECTION('',(-0.934472069159,0.356036447518,0.));
#474 = DEFINITIONAL_REPRESENTATION('',(#475),#479);
#475 = CIRCLE('',#476,4.998713430256);
#476 = AXIS2_PLACEMENT_2D('',#477,#478);
#477 = CARTESIAN_POINT('',(-0.349180451834,4.525846655802));
#478 = DIRECTION('',(-1.,0.));
#479 = ( GEOMETRIC_REPRESENTATION_CONTEXT(2) 
PARAMETRIC_REPRESENTATION_CONTEXT() REPRESENTATION_CONTEXT('2D SPACE',''
  ) );
#480 = ORIENTED_EDGE('',*,*,#481,.T.);
#481 = EDGE_CURVE('',#448,#482,#484,.T.);
#482 = VERTEX_POINT('',#483);
#483 = CARTESIAN_POINT('',(10.725499289051,1.284581118007,3.169696007085
    ));
#484 = SURFACE_CURVE('',#485,(#490,#510),.PCURVE_S1.);
#485 = CIRCLE('',#486,4.999975777468);
#486 = AXIS2_PLACEMENT_3D('',#487,#488,#489);
#487 = CARTESIAN_POINT('',(11.510209266955,1.165959146709E-02,
    -1.601431617819));
#488 = DIRECTION('',(-0.65597202071,-0.749159152089,9.198517753569E-02)
  );
#489 = DIRECTION('',(0.752348827972,-0.658764936111,-1.387778780781E-17)
  );
#490 = PCURVE('',#43,#491);
#491 = DEFINITIONAL_REPRESENTATION('',(#492),#509);
#492 = B_SPLINE_CURVE_WITH_KNOTS('',8,(#493,#494,#495,#496,#497,#498,
    #499,#500,#501,#502,#503,#504,#505,#506,#507,#508),.UNSPECIFIED.,.F.
  ,.F.,(9,7,9),(1.677081086133,1.742509785042,1.93879588177),
  .UNSPECIFIED.);
#493 = CARTESIAN_POINT('',(-1.694364479089,-1.428199368687));
#494 = CARTESIAN_POINT('',(-1.732861754091,-1.422120166205));
#495 = CARTESIAN_POINT('',(-1.767631808358,-1.41580253793));
#496 = CARTESIAN_POINT('',(-1.799140274583,-1.409287160171));
#497 = CARTESIAN_POINT('',(-1.827816644828,-1.402605775464));
#498 = CARTESIAN_POINT('',(-1.854026011166,-1.395783309448));
#499 = CARTESIAN_POINT('',(-1.878073595535,-1.388839670139));
#500 = CARTESIAN_POINT('',(-1.900219884627,-1.381791095388));
#501 = CARTESIAN_POINT('',(-1.982077088672,-1.353230370822));
#502 = CARTESIAN_POINT('',(-2.028332217294,-1.330985452909));
#503 = CARTESIAN_POINT('',(-2.065388669707,-1.30827571608));
#504 = CARTESIAN_POINT('',(-2.095950611041,-1.285231819863));
#505 = CARTESIAN_POINT('',(-2.121739212615,-1.261952323423));
#506 = CARTESIAN_POINT('',(-2.143873906406,-1.238489674205));
#507 = CARTESIAN_POINT('',(-2.163133985183,-1.214885435892));
#508 = CARTESIAN_POINT('',(-2.180085297258,-1.19116756333));
#509 = ( GEOMETRIC_REPRESENTATION_CONTEXT(2) 
PARAMETRIC_REPRESENTATION_CONTEXT() REPRESENTATION_CONTEXT('2D SPACE',''
  ) );
#510 = PCURVE('',#511,#516);
#511 = PLANE('',#512);
#512 = AXIS2_PLACEMENT_3D('',#513,#514,#515);
#513 = CARTESIAN_POINT('',(10.109602812442,1.788716284239,2.88341746371)
  );
#514 = DIRECTION('',(-0.65597202071,-0.749159152089,9.198517753569E-02)
  );
#515 = DIRECTION('',(-0.752348827972,0.658764936111,-2.844946500602E-16)
  );
#516 = DEFINITIONAL_REPRESENTATION('',(#517),#521);
#517 = CIRCLE('',#518,4.999975777468);
#518 = AXIS2_PLACEMENT_2D('',#519,#520);
#519 = CARTESIAN_POINT('',(-2.224407263183,4.503944109482));
#520 = DIRECTION('',(-1.,-1.E-17));
#521 = ( GEOMETRIC_REPRESENTATION_CONTEXT(2) 
PARAMETRIC_REPRESENTATION_CONTEXT() REPRESENTATION_CONTEXT('2D SPACE',''
  ) );
#522 = ORIENTED_EDGE('',*,*,#523,.F.);
#523 = EDGE_CURVE('',#524,#482,#526,.T.);
#524 = VERTEX_POINT('',#525);
#525 = CARTESIAN_POINT('',(10.215418881993,0.774500710949,3.169696007085
    ));
#526 = SURFACE_CURVE('',#527,(#532,#539),.PCURVE_S1.);
#527 = CIRCLE('',#528,1.5);
#528 = AXIS2_PLACEMENT_3D('',#529,#530,#531);
#529 = CARTESIAN_POINT('',(11.5,0.,3.169696007085));
#530 = DIRECTION('',(-4.1E-15,-0.,-1.));
#531 = DIRECTION('',(1.,0.,-4.1E-15));
#532 = PCURVE('',#43,#533);
#533 = DEFINITIONAL_REPRESENTATION('',(#534),#538);
#534 = LINE('',#535,#536);
#535 = CARTESIAN_POINT('',(-6.28318530718,-1.26610367278));
#536 = VECTOR('',#537,1.);
#537 = DIRECTION('',(1.,-0.));
#538 = ( GEOMETRIC_REPRESENTATION_CONTEXT(2) 
PARAMETRIC_REPRESENTATION_CONTEXT() REPRESENTATION_CONTEXT('2D SPACE',''
  ) );
#539 = PCURVE('',#540,#545);
#540 = CONICAL_SURFACE('',#541,1.87393620604,0.462512251778);
#541 = AXIS2_PLACEMENT_3D('',#542,#543,#544);
#542 = CARTESIAN_POINT('',(11.5,0.,3.919696007085));
#543 = DIRECTION('',(0.,0.,1.));
#544 = DIRECTION('',(1.,0.,0.));
#545 = DEFINITIONAL_REPRESENTATION('',(#546),#550);
#546 = LINE('',#547,#548);
#547 = CARTESIAN_POINT('',(6.28318530718,-0.75));
#548 = VECTOR('',#549,1.);
#549 = DIRECTION('',(-1.,-0.));
#550 = ( GEOMETRIC_REPRESENTATION_CONTEXT(2) 
PARAMETRIC_REPRESENTATION_CONTEXT() REPRESENTATION_CONTEXT('2D SPACE',''
  ) );
#551 = ORIENTED_EDGE('',*,*,#552,.T.);
#552 = EDGE_CURVE('',#524,#553,#555,.T.);
#553 = VERTEX_POINT('',#554);
#554 = CARTESIAN_POINT('',(10.694347339613,0.205,3.330405540198));
#555 = SURFACE_CURVE('',#556,(#561,#585),.PCURVE_S1.);
#556 = CIRCLE('',#557,4.999975777468);
#557 = AXIS2_PLACEMENT_3D('',#558,#559,#560);
#558 = CARTESIAN_POINT('',(11.488340408533,-1.02092669548E-02,
    -1.601431617819));
#559 = DIRECTION('',(0.749159152089,0.65597202071,9.198517753569E-02));
#560 = DIRECTION('',(-0.658764936111,0.752348827972,0.));
#561 = PCURVE('',#43,#562);
#562 = DEFINITIONAL_REPRESENTATION('',(#563),#584);
#563 = B_SPLINE_CURVE_WITH_KNOTS('',7,(#564,#565,#566,#567,#568,#569,
    #570,#571,#572,#573,#574,#575,#576,#577,#578,#579,#580,#581,#582,
    #583),.UNSPECIFIED.,.F.,.F.,(8,6,6,8),(1.20279677182,1.333654169638,
    1.399082868548,1.464511567457),.UNSPECIFIED.);
#564 = CARTESIAN_POINT('',(-2.532303683127,-1.19116756333));
#565 = CARTESIAN_POINT('',(-2.545218968517,-1.209238323378));
#566 = CARTESIAN_POINT('',(-2.559502376118,-1.227241785592));
#567 = CARTESIAN_POINT('',(-2.575422610306,-1.245164402498));
#568 = CARTESIAN_POINT('',(-2.59332984955,-1.262988531319));
#569 = CARTESIAN_POINT('',(-2.613713520505,-1.280688884326));
#570 = CARTESIAN_POINT('',(-2.637252150616,-1.298230685746));
#571 = CARTESIAN_POINT('',(-2.679038789888,-1.324210900958));
#572 = CARTESIAN_POINT('',(-2.694047488213,-1.332815551467));
#573 = CARTESIAN_POINT('',(-2.710281585773,-1.341356904473));
#574 = CARTESIAN_POINT('',(-2.727917527735,-1.349825205296));
#575 = CARTESIAN_POINT('',(-2.747171807735,-1.358208365164));
#576 = CARTESIAN_POINT('',(-2.768317022162,-1.366490707227));
#577 = CARTESIAN_POINT('',(-2.815092567331,-1.382811121265));
#578 = CARTESIAN_POINT('',(-2.840722990689,-1.390849186431));
#579 = CARTESIAN_POINT('',(-2.868946956337,-1.398743783258));
#580 = CARTESIAN_POINT('',(-2.900197714778,-1.406467767671));
#581 = CARTESIAN_POINT('',(-2.93500035751,-1.413986147671));
#582 = CARTESIAN_POINT('',(-2.97402761558,-1.421251708707));
#583 = CARTESIAN_POINT('',(-3.018024501296,-1.428199368687));
#584 = ( GEOMETRIC_REPRESENTATION_CONTEXT(2) 
PARAMETRIC_REPRESENTATION_CONTEXT() REPRESENTATION_CONTEXT('2D SPACE',''
  ) );
#585 = PCURVE('',#586,#591);
#586 = PLANE('',#587);
#587 = AXIS2_PLACEMENT_3D('',#588,#589,#590);
#588 = CARTESIAN_POINT('',(9.711283715761,1.390397187558,2.88341746371)
  );
#589 = DIRECTION('',(0.749159152089,0.65597202071,9.198517753569E-02));
#590 = DIRECTION('',(0.658764936111,-0.752348827972,2.844946500602E-16)
  );
#591 = DEFINITIONAL_REPRESENTATION('',(#592),#596);
#592 = CIRCLE('',#593,4.999975777468);
#593 = AXIS2_PLACEMENT_2D('',#594,#595);
#594 = CARTESIAN_POINT('',(2.224407263183,4.503944109482));
#595 = DIRECTION('',(-1.,1.E-17));
#596 = ( GEOMETRIC_REPRESENTATION_CONTEXT(2) 
PARAMETRIC_REPRESENTATION_CONTEXT() REPRESENTATION_CONTEXT('2D SPACE',''
  ) );
#597 = ORIENTED_EDGE('',*,*,#598,.T.);
#598 = EDGE_CURVE('',#553,#599,#601,.T.);
#599 = VERTEX_POINT('',#600);
#600 = CARTESIAN_POINT('',(10.770477566039,0.,3.346493406278));
#601 = SURFACE_CURVE('',#602,(#607,#619),.PCURVE_S1.);
#602 = CIRCLE('',#603,4.998713430256);
#603 = AXIS2_PLACEMENT_3D('',#604,#605,#606);
#604 = CARTESIAN_POINT('',(11.394703249722,-4.011835360459E-02,
    -1.612928815247));
#605 = DIRECTION('',(0.928380992663,0.353715730496,0.113990852535));
#606 = DIRECTION('',(-0.356036447518,0.934472069159,-6.938893903907E-18)
  );
#607 = PCURVE('',#43,#608);
#608 = DEFINITIONAL_REPRESENTATION('',(#609),#618);
#609 = B_SPLINE_CURVE_WITH_KNOTS('',7,(#610,#611,#612,#613,#614,#615,
    #616,#617),.UNSPECIFIED.,.F.,.F.,(8,8),(1.469764627858,
    1.536245028522),.PIECEWISE_BEZIER_KNOTS.);
#610 = CARTESIAN_POINT('',(-2.867330478375,-1.400742030604));
#611 = CARTESIAN_POINT('',(-2.912542954737,-1.406363759631));
#612 = CARTESIAN_POINT('',(-2.961217510634,-1.411585792279));
#613 = CARTESIAN_POINT('',(-3.013540430649,-1.416352555781));
#614 = CARTESIAN_POINT('',(-3.069599330507,-1.420601898791));
#615 = CARTESIAN_POINT('',(-3.129317001364,-1.424265713923));
#616 = CARTESIAN_POINT('',(-3.192255871841,-1.427279320917));
#617 = CARTESIAN_POINT('',(-3.257685589788,-1.429594721703));
#618 = ( GEOMETRIC_REPRESENTATION_CONTEXT(2) 
PARAMETRIC_REPRESENTATION_CONTEXT() REPRESENTATION_CONTEXT('2D SPACE',''
  ) );
#619 = PCURVE('',#620,#625);
#620 = PLANE('',#621);
#621 = AXIS2_PLACEMENT_3D('',#622,#623,#624);
#622 = CARTESIAN_POINT('',(10.788283358313,0.1025,2.88341746371));
#623 = DIRECTION('',(0.928380992663,0.353715730496,0.113990852535));
#624 = DIRECTION('',(0.356036447518,-0.934472069159,0.));
#625 = DEFINITIONAL_REPRESENTATION('',(#626),#630);
#626 = CIRCLE('',#627,4.998713430256);
#627 = AXIS2_PLACEMENT_2D('',#628,#629);
#628 = CARTESIAN_POINT('',(0.349180451834,4.525846655802));
#629 = DIRECTION('',(-1.,1.E-17));
#630 = ( GEOMETRIC_REPRESENTATION_CONTEXT(2) 
PARAMETRIC_REPRESENTATION_CONTEXT() REPRESENTATION_CONTEXT('2D SPACE',''
  ) );
#631 = ORIENTED_EDGE('',*,*,#632,.T.);
#632 = EDGE_CURVE('',#599,#633,#635,.T.);
#633 = VERTEX_POINT('',#634);
#634 = CARTESIAN_POINT('',(10.694347339613,-0.205,3.330405540198));
#635 = SURFACE_CURVE('',#636,(#641,#653),.PCURVE_S1.);
#636 = CIRCLE('',#637,4.998713430256);
#637 = AXIS2_PLACEMENT_3D('',#638,#639,#640);
#638 = CARTESIAN_POINT('',(11.394703249722,4.011835360459E-02,
    -1.612928815247));
#639 = DIRECTION('',(0.928380992663,-0.353715730496,0.113990852535));
#640 = DIRECTION('',(0.356036447518,0.934472069159,-1.040834085586E-16)
  );
#641 = PCURVE('',#43,#642);
#642 = DEFINITIONAL_REPRESENTATION('',(#643),#652);
#643 = B_SPLINE_CURVE_WITH_KNOTS('',7,(#644,#645,#646,#647,#648,#649,
    #650,#651),.UNSPECIFIED.,.F.,.F.,(8,8),(1.605347625068,
    1.671828025732),.PIECEWISE_BEZIER_KNOTS.);
#644 = CARTESIAN_POINT('',(-3.025499717392,-1.429594721703));
#645 = CARTESIAN_POINT('',(-3.090929435338,-1.427279320917));
#646 = CARTESIAN_POINT('',(-3.153868305816,-1.424265713923));
#647 = CARTESIAN_POINT('',(-3.213585976673,-1.420601898791));
#648 = CARTESIAN_POINT('',(-3.269644876532,-1.41635255578));
#649 = CARTESIAN_POINT('',(-3.321967796546,-1.411585792279));
#650 = CARTESIAN_POINT('',(-3.370642352443,-1.406363759631));
#651 = CARTESIAN_POINT('',(-3.415854828805,-1.400742030604));
#652 = ( GEOMETRIC_REPRESENTATION_CONTEXT(2) 
PARAMETRIC_REPRESENTATION_CONTEXT() REPRESENTATION_CONTEXT('2D SPACE',''
  ) );
#653 = PCURVE('',#654,#659);
#654 = PLANE('',#655);
#655 = AXIS2_PLACEMENT_3D('',#656,#657,#658);
#656 = CARTESIAN_POINT('',(10.788283358313,-0.1025,2.88341746371));
#657 = DIRECTION('',(0.928380992663,-0.353715730496,0.113990852535));
#658 = DIRECTION('',(-0.356036447518,-0.934472069159,0.));
#659 = DEFINITIONAL_REPRESENTATION('',(#660),#664);
#660 = CIRCLE('',#661,4.998713430256);
#661 = AXIS2_PLACEMENT_2D('',#662,#663);
#662 = CARTESIAN_POINT('',(-0.349180451834,4.525846655802));
#663 = DIRECTION('',(-1.,0.));
#664 = ( GEOMETRIC_REPRESENTATION_CONTEXT(2) 
PARAMETRIC_REPRESENTATION_CONTEXT() REPRESENTATION_CONTEXT('2D SPACE',''
  ) );
#665 = ORIENTED_EDGE('',*,*,#666,.T.);
#666 = EDGE_CURVE('',#633,#667,#669,.T.);
#667 = VERTEX_POINT('',#668);
#668 = CARTESIAN_POINT('',(10.215418881993,-0.774500710949,
    3.169696007085));
#669 = SURFACE_CURVE('',#670,(#675,#695),.PCURVE_S1.);
#670 = CIRCLE('',#671,4.999975777468);
#671 = AXIS2_PLACEMENT_3D('',#672,#673,#674);
#672 = CARTESIAN_POINT('',(11.488340408533,1.02092669548E-02,
    -1.601431617819));
#673 = DIRECTION('',(0.749159152089,-0.65597202071,9.198517753569E-02));
#674 = DIRECTION('',(0.658764936111,0.752348827972,-1.387778780781E-17)
  );
#675 = PCURVE('',#43,#676);
#676 = DEFINITIONAL_REPRESENTATION('',(#677),#694);
#677 = B_SPLINE_CURVE_WITH_KNOTS('',8,(#678,#679,#680,#681,#682,#683,
    #684,#685,#686,#687,#688,#689,#690,#691,#692,#693),.UNSPECIFIED.,.F.
  ,.F.,(9,7,9),(1.677081086133,1.742509785042,1.93879588177),
  .UNSPECIFIED.);
#678 = CARTESIAN_POINT('',(-3.265160805884,-1.428199368687));
#679 = CARTESIAN_POINT('',(-3.303658080885,-1.422120166205));
#680 = CARTESIAN_POINT('',(-3.338428135153,-1.41580253793));
#681 = CARTESIAN_POINT('',(-3.369936601377,-1.40928716017));
#682 = CARTESIAN_POINT('',(-3.398612971623,-1.402605775464));
#683 = CARTESIAN_POINT('',(-3.424822337961,-1.395783309448));
#684 = CARTESIAN_POINT('',(-3.44886992233,-1.388839670139));
#685 = CARTESIAN_POINT('',(-3.471016211421,-1.381791095388));
#686 = CARTESIAN_POINT('',(-3.552873415467,-1.353230370822));
#687 = CARTESIAN_POINT('',(-3.59912854408,-1.330985452908));
#688 = CARTESIAN_POINT('',(-3.636184996514,-1.308275716085));
#689 = CARTESIAN_POINT('',(-3.666746937812,-1.285231819857));
#690 = CARTESIAN_POINT('',(-3.692535539421,-1.261952323425));
#691 = CARTESIAN_POINT('',(-3.714670233192,-1.238489674204));
#692 = CARTESIAN_POINT('',(-3.733930311978,-1.214885435892));
#693 = CARTESIAN_POINT('',(-3.750881624053,-1.19116756333));
#694 = ( GEOMETRIC_REPRESENTATION_CONTEXT(2) 
PARAMETRIC_REPRESENTATION_CONTEXT() REPRESENTATION_CONTEXT('2D SPACE',''
  ) );
#695 = PCURVE('',#696,#701);
#696 = PLANE('',#697);
#697 = AXIS2_PLACEMENT_3D('',#698,#699,#700);
#698 = CARTESIAN_POINT('',(9.711283715761,-1.390397187558,2.88341746371)
  );
#699 = DIRECTION('',(0.749159152089,-0.65597202071,9.198517753569E-02));
#700 = DIRECTION('',(-0.658764936111,-0.752348827972,-2.844946500602E-16
    ));
#701 = DEFINITIONAL_REPRESENTATION('',(#702),#706);
#702 = CIRCLE('',#703,4.999975777468);
#703 = AXIS2_PLACEMENT_2D('',#704,#705);
#704 = CARTESIAN_POINT('',(-2.224407263183,4.503944109482));
#705 = DIRECTION('',(-1.,-1.E-17));
#706 = ( GEOMETRIC_REPRESENTATION_CONTEXT(2) 
PARAMETRIC_REPRESENTATION_CONTEXT() REPRESENTATION_CONTEXT('2D SPACE',''
  ) );
#707 = ORIENTED_EDGE('',*,*,#708,.F.);
#708 = EDGE_CURVE('',#709,#667,#711,.T.);
#709 = VERTEX_POINT('',#710);
#710 = CARTESIAN_POINT('',(10.725499289051,-1.284581118007,
    3.169696007085));
#711 = SURFACE_CURVE('',#712,(#717,#724),.PCURVE_S1.);
#712 = CIRCLE('',#713,1.5);
#713 = AXIS2_PLACEMENT_3D('',#714,#715,#716);
#714 = CARTESIAN_POINT('',(11.5,0.,3.169696007085));
#715 = DIRECTION('',(-4.1E-15,-0.,-1.));
#716 = DIRECTION('',(1.,0.,-4.1E-15));
#717 = PCURVE('',#43,#718);
#718 = DEFINITIONAL_REPRESENTATION('',(#719),#723);
#719 = LINE('',#720,#721);
#720 = CARTESIAN_POINT('',(-6.28318530718,-1.26610367278));
#721 = VECTOR('',#722,1.);
#722 = DIRECTION('',(1.,-0.));
#723 = ( GEOMETRIC_REPRESENTATION_CONTEXT(2) 
PARAMETRIC_REPRESENTATION_CONTEXT() REPRESENTATION_CONTEXT('2D SPACE',''
  ) );
#724 = PCURVE('',#725,#730);
#725 = CONICAL_SURFACE('',#726,1.87393620604,0.462512251778);
#726 = AXIS2_PLACEMENT_3D('',#727,#728,#729);
#727 = CARTESIAN_POINT('',(11.5,0.,3.919696007085));
#728 = DIRECTION('',(0.,0.,1.));
#729 = DIRECTION('',(1.,0.,0.));
#730 = DEFINITIONAL_REPRESENTATION('',(#731),#735);
#731 = LINE('',#732,#733);
#732 = CARTESIAN_POINT('',(6.28318530718,-0.75));
#733 = VECTOR('',#734,1.);
#734 = DIRECTION('',(-1.,-0.));
#735 = ( GEOMETRIC_REPRESENTATION_CONTEXT(2) 
PARAMETRIC_REPRESENTATION_CONTEXT() REPRESENTATION_CONTEXT('2D SPACE',''
  ) );
#736 = ORIENTED_EDGE('',*,*,#737,.T.);
#737 = EDGE_CURVE('',#709,#738,#740,.T.);
#738 = VERTEX_POINT('',#739);
#739 = CARTESIAN_POINT('',(11.295,-0.805652660387,3.330405540198));
#740 = SURFACE_CURVE('',#741,(#746,#770),.PCURVE_S1.);
#741 = CIRCLE('',#742,4.999975777468);
#742 = AXIS2_PLACEMENT_3D('',#743,#744,#745);
#743 = CARTESIAN_POINT('',(11.510209266955,-1.165959146709E-02,
    -1.601431617819));
#744 = DIRECTION('',(-0.65597202071,0.749159152089,9.198517753569E-02));
#745 = DIRECTION('',(-0.752348827972,-0.658764936111,-3.469446951954E-17
    ));
#746 = PCURVE('',#43,#747);
#747 = DEFINITIONAL_REPRESENTATION('',(#748),#769);
#748 = B_SPLINE_CURVE_WITH_KNOTS('',7,(#749,#750,#751,#752,#753,#754,
    #755,#756,#757,#758,#759,#760,#761,#762,#763,#764,#765,#766,#767,
    #768),.UNSPECIFIED.,.F.,.F.,(8,6,6,8),(1.20279677182,1.333654169638,
    1.399082868548,1.464511567457),.UNSPECIFIED.);
#749 = CARTESIAN_POINT('',(-4.103100009922,-1.19116756333));
#750 = CARTESIAN_POINT('',(-4.116015295312,-1.209238323378));
#751 = CARTESIAN_POINT('',(-4.130298702913,-1.227241785592));
#752 = CARTESIAN_POINT('',(-4.1462189371,-1.245164402499));
#753 = CARTESIAN_POINT('',(-4.164126176345,-1.262988531317));
#754 = CARTESIAN_POINT('',(-4.184509847299,-1.280688884326));
#755 = CARTESIAN_POINT('',(-4.208048477411,-1.298230685746));
#756 = CARTESIAN_POINT('',(-4.249835116683,-1.324210900958));
#757 = CARTESIAN_POINT('',(-4.264843815007,-1.332815551467));
#758 = CARTESIAN_POINT('',(-4.281077912568,-1.341356904473));
#759 = CARTESIAN_POINT('',(-4.29871385453,-1.349825205296));
#760 = CARTESIAN_POINT('',(-4.31796813453,-1.358208365164));
#761 = CARTESIAN_POINT('',(-4.339113348957,-1.366490707227));
#762 = CARTESIAN_POINT('',(-4.385888894126,-1.382811121265));
#763 = CARTESIAN_POINT('',(-4.411519317484,-1.39084918643));
#764 = CARTESIAN_POINT('',(-4.439743283134,-1.398743783258));
#765 = CARTESIAN_POINT('',(-4.47099404157,-1.406467767671));
#766 = CARTESIAN_POINT('',(-4.505796684305,-1.413986147671));
#767 = CARTESIAN_POINT('',(-4.544823942375,-1.421251708707));
#768 = CARTESIAN_POINT('',(-4.588820828091,-1.428199368687));
#769 = ( GEOMETRIC_REPRESENTATION_CONTEXT(2) 
PARAMETRIC_REPRESENTATION_CONTEXT() REPRESENTATION_CONTEXT('2D SPACE',''
  ) );
#770 = PCURVE('',#771,#776);
#771 = PLANE('',#772);
#772 = AXIS2_PLACEMENT_3D('',#773,#774,#775);
#773 = CARTESIAN_POINT('',(10.109602812442,-1.788716284239,2.88341746371
    ));
#774 = DIRECTION('',(-0.65597202071,0.749159152089,9.198517753569E-02));
#775 = DIRECTION('',(0.752348827972,0.658764936111,2.844946500602E-16));
#776 = DEFINITIONAL_REPRESENTATION('',(#777),#781);
#777 = CIRCLE('',#778,4.999975777468);
#778 = AXIS2_PLACEMENT_2D('',#779,#780);
#779 = CARTESIAN_POINT('',(2.224407263183,4.503944109482));
#780 = DIRECTION('',(-1.,2.E-17));
#781 = ( GEOMETRIC_REPRESENTATION_CONTEXT(2) 
PARAMETRIC_REPRESENTATION_CONTEXT() REPRESENTATION_CONTEXT('2D SPACE',''
  ) );
#782 = ORIENTED_EDGE('',*,*,#783,.T.);
#783 = EDGE_CURVE('',#738,#784,#786,.T.);
#784 = VERTEX_POINT('',#785);
#785 = CARTESIAN_POINT('',(11.5,-0.729522433961,3.346493406278));
#786 = SURFACE_CURVE('',#787,(#792,#804),.PCURVE_S1.);
#787 = CIRCLE('',#788,4.998713430256);
#788 = AXIS2_PLACEMENT_3D('',#789,#790,#791);
#789 = CARTESIAN_POINT('',(11.540118353605,-0.105296750278,
    -1.612928815247));
#790 = DIRECTION('',(-0.353715730496,0.928380992663,0.113990852535));
#791 = DIRECTION('',(-0.934472069159,-0.356036447518,1.387778780781E-17)
  );
#792 = PCURVE('',#43,#793);
#793 = DEFINITIONAL_REPRESENTATION('',(#794),#803);
#794 = B_SPLINE_CURVE_WITH_KNOTS('',7,(#795,#796,#797,#798,#799,#800,
    #801,#802),.UNSPECIFIED.,.F.,.F.,(8,8),(1.469764627858,
    1.536245028522),.PIECEWISE_BEZIER_KNOTS.);
#795 = CARTESIAN_POINT('',(-4.438126805169,-1.400742030604));
#796 = CARTESIAN_POINT('',(-4.483339281532,-1.406363759631));
#797 = CARTESIAN_POINT('',(-4.532013837429,-1.411585792279));
#798 = CARTESIAN_POINT('',(-4.584336757443,-1.416352555781));
#799 = CARTESIAN_POINT('',(-4.640395657302,-1.420601898791));
#800 = CARTESIAN_POINT('',(-4.700113328158,-1.424265713923));
#801 = CARTESIAN_POINT('',(-4.763052198636,-1.427279320917));
#802 = CARTESIAN_POINT('',(-4.828481916583,-1.429594721703));
#803 = ( GEOMETRIC_REPRESENTATION_CONTEXT(2) 
PARAMETRIC_REPRESENTATION_CONTEXT() REPRESENTATION_CONTEXT('2D SPACE',''
  ) );
#804 = PCURVE('',#805,#810);
#805 = PLANE('',#806);
#806 = AXIS2_PLACEMENT_3D('',#807,#808,#809);
#807 = CARTESIAN_POINT('',(11.3975,-0.711716641687,2.88341746371));
#808 = DIRECTION('',(-0.353715730496,0.928380992663,0.113990852535));
#809 = DIRECTION('',(0.934472069159,0.356036447518,0.));
#810 = DEFINITIONAL_REPRESENTATION('',(#811),#815);
#811 = CIRCLE('',#812,4.998713430256);
#812 = AXIS2_PLACEMENT_2D('',#813,#814);
#813 = CARTESIAN_POINT('',(0.349180451834,4.525846655802));
#814 = DIRECTION('',(-1.,0.));
#815 = ( GEOMETRIC_REPRESENTATION_CONTEXT(2) 
PARAMETRIC_REPRESENTATION_CONTEXT() REPRESENTATION_CONTEXT('2D SPACE',''
  ) );
#816 = ORIENTED_EDGE('',*,*,#817,.T.);
#817 = EDGE_CURVE('',#784,#818,#820,.T.);
#818 = VERTEX_POINT('',#819);
#819 = CARTESIAN_POINT('',(11.705,-0.805652660387,3.330405540198));
#820 = SURFACE_CURVE('',#821,(#826,#838),.PCURVE_S1.);
#821 = CIRCLE('',#822,4.998713430256);
#822 = AXIS2_PLACEMENT_3D('',#823,#824,#825);
#823 = CARTESIAN_POINT('',(11.459881646395,-0.105296750278,
    -1.612928815247));
#824 = DIRECTION('',(0.353715730496,0.928380992663,0.113990852535));
#825 = DIRECTION('',(-0.934472069159,0.356036447518,-1.040834085586E-16)
  );
#826 = PCURVE('',#43,#827);
#827 = DEFINITIONAL_REPRESENTATION('',(#828),#837);
#828 = B_SPLINE_CURVE_WITH_KNOTS('',7,(#829,#830,#831,#832,#833,#834,
    #835,#836),.UNSPECIFIED.,.F.,.F.,(8,8),(1.605347625068,
    1.671828025732),.PIECEWISE_BEZIER_KNOTS.);
#829 = CARTESIAN_POINT('',(-4.596296044187,-1.429594721703));
#830 = CARTESIAN_POINT('',(-4.661725762133,-1.427279320917));
#831 = CARTESIAN_POINT('',(-4.724664632611,-1.424265713924));
#832 = CARTESIAN_POINT('',(-4.784382303468,-1.420601898791));
#833 = CARTESIAN_POINT('',(-4.840441203327,-1.416352555781));
#834 = CARTESIAN_POINT('',(-4.89276412334,-1.411585792279));
#835 = CARTESIAN_POINT('',(-4.941438679238,-1.406363759631));
#836 = CARTESIAN_POINT('',(-4.9866511556,-1.400742030604));
#837 = ( GEOMETRIC_REPRESENTATION_CONTEXT(2) 
PARAMETRIC_REPRESENTATION_CONTEXT() REPRESENTATION_CONTEXT('2D SPACE',''
  ) );
#838 = PCURVE('',#839,#844);
#839 = PLANE('',#840);
#840 = AXIS2_PLACEMENT_3D('',#841,#842,#843);
#841 = CARTESIAN_POINT('',(11.6025,-0.711716641687,2.88341746371));
#842 = DIRECTION('',(0.353715730496,0.928380992663,0.113990852535));
#843 = DIRECTION('',(0.934472069159,-0.356036447518,0.));
#844 = DEFINITIONAL_REPRESENTATION('',(#845),#849);
#845 = CIRCLE('',#846,4.998713430256);
#846 = AXIS2_PLACEMENT_2D('',#847,#848);
#847 = CARTESIAN_POINT('',(-0.349180451834,4.525846655802));
#848 = DIRECTION('',(-1.,-1.E-17));
#849 = ( GEOMETRIC_REPRESENTATION_CONTEXT(2) 
PARAMETRIC_REPRESENTATION_CONTEXT() REPRESENTATION_CONTEXT('2D SPACE',''
  ) );
#850 = ORIENTED_EDGE('',*,*,#851,.T.);
#851 = EDGE_CURVE('',#818,#852,#854,.T.);
#852 = VERTEX_POINT('',#853);
#853 = CARTESIAN_POINT('',(12.274500710949,-1.284581118007,
    3.169696007085));
#854 = SURFACE_CURVE('',#855,(#860,#880),.PCURVE_S1.);
#855 = CIRCLE('',#856,4.999975777468);
#856 = AXIS2_PLACEMENT_3D('',#857,#858,#859);
#857 = CARTESIAN_POINT('',(11.489790733045,-1.165959146708E-02,
    -1.601431617819));
#858 = DIRECTION('',(0.65597202071,0.749159152089,9.198517753569E-02));
#859 = DIRECTION('',(-0.752348827972,0.658764936111,6.938893903907E-18)
  );
#860 = PCURVE('',#43,#861);
#861 = DEFINITIONAL_REPRESENTATION('',(#862),#879);
#862 = B_SPLINE_CURVE_WITH_KNOTS('',8,(#863,#864,#865,#866,#867,#868,
    #869,#870,#871,#872,#873,#874,#875,#876,#877,#878),.UNSPECIFIED.,.F.
  ,.F.,(9,7,9),(1.677081086133,1.742509785042,1.93879588177),
  .UNSPECIFIED.);
#863 = CARTESIAN_POINT('',(-4.835957132679,-1.428199368687));
#864 = CARTESIAN_POINT('',(-4.87445440768,-1.422120166205));
#865 = CARTESIAN_POINT('',(-4.909224461948,-1.41580253793));
#866 = CARTESIAN_POINT('',(-4.940732928173,-1.409287160171));
#867 = CARTESIAN_POINT('',(-4.969409298419,-1.402605775465));
#868 = CARTESIAN_POINT('',(-4.995618664757,-1.395783309448));
#869 = CARTESIAN_POINT('',(-5.019666249124,-1.388839670139));
#870 = CARTESIAN_POINT('',(-5.041812538216,-1.381791095388));
#871 = CARTESIAN_POINT('',(-5.123669742262,-1.353230370822));
#872 = CARTESIAN_POINT('',(-5.169924870884,-1.33098545291));
#873 = CARTESIAN_POINT('',(-5.206981323296,-1.308275716078));
#874 = CARTESIAN_POINT('',(-5.237543264611,-1.285231819875));
#875 = CARTESIAN_POINT('',(-5.263331866208,-1.261952323418));
#876 = CARTESIAN_POINT('',(-5.285466559993,-1.238489674206));
#877 = CARTESIAN_POINT('',(-5.304726638773,-1.214885435892));
#878 = CARTESIAN_POINT('',(-5.321677950848,-1.19116756333));
#879 = ( GEOMETRIC_REPRESENTATION_CONTEXT(2) 
PARAMETRIC_REPRESENTATION_CONTEXT() REPRESENTATION_CONTEXT('2D SPACE',''
  ) );
#880 = PCURVE('',#881,#886);
#881 = PLANE('',#882);
#882 = AXIS2_PLACEMENT_3D('',#883,#884,#885);
#883 = CARTESIAN_POINT('',(12.890397187558,-1.788716284239,2.88341746371
    ));
#884 = DIRECTION('',(0.65597202071,0.749159152089,9.198517753569E-02));
#885 = DIRECTION('',(0.752348827972,-0.658764936111,-2.844946500602E-16)
  );
#886 = DEFINITIONAL_REPRESENTATION('',(#887),#891);
#887 = CIRCLE('',#888,4.999975777468);
#888 = AXIS2_PLACEMENT_2D('',#889,#890);
#889 = CARTESIAN_POINT('',(-2.224407263183,4.503944109482));
#890 = DIRECTION('',(-1.,-1.E-17));
#891 = ( GEOMETRIC_REPRESENTATION_CONTEXT(2) 
PARAMETRIC_REPRESENTATION_CONTEXT() REPRESENTATION_CONTEXT('2D SPACE',''
  ) );
#892 = ORIENTED_EDGE('',*,*,#893,.F.);
#893 = EDGE_CURVE('',#894,#852,#896,.T.);
#894 = VERTEX_POINT('',#895);
#895 = CARTESIAN_POINT('',(12.784581118007,-0.774500710949,
    3.169696007085));
#896 = SURFACE_CURVE('',#897,(#902,#909),.PCURVE_S1.);
#897 = CIRCLE('',#898,1.5);
#898 = AXIS2_PLACEMENT_3D('',#899,#900,#901);
#899 = CARTESIAN_POINT('',(11.5,0.,3.169696007085));
#900 = DIRECTION('',(-4.1E-15,-0.,-1.));
#901 = DIRECTION('',(1.,0.,-4.1E-15));
#902 = PCURVE('',#43,#903);
#903 = DEFINITIONAL_REPRESENTATION('',(#904),#908);
#904 = LINE('',#905,#906);
#905 = CARTESIAN_POINT('',(-6.28318530718,-1.26610367278));
#906 = VECTOR('',#907,1.);
#907 = DIRECTION('',(1.,-0.));
#908 = ( GEOMETRIC_REPRESENTATION_CONTEXT(2) 
PARAMETRIC_REPRESENTATION_CONTEXT() REPRESENTATION_CONTEXT('2D SPACE',''
  ) );
#909 = PCURVE('',#910,#915);
#910 = CONICAL_SURFACE('',#911,1.87393620604,0.462512251778);
#911 = AXIS2_PLACEMENT_3D('',#912,#913,#914);
#912 = CARTESIAN_POINT('',(11.5,0.,3.919696007085));
#913 = DIRECTION('',(0.,0.,1.));
#914 = DIRECTION('',(1.,0.,0.));
#915 = DEFINITIONAL_REPRESENTATION('',(#916),#920);
#916 = LINE('',#917,#918);
#917 = CARTESIAN_POINT('',(6.28318530718,-0.75));
#918 = VECTOR('',#919,1.);
#919 = DIRECTION('',(-1.,-0.));
#920 = ( GEOMETRIC_REPRESENTATION_CONTEXT(2) 
PARAMETRIC_REPRESENTATION_CONTEXT() REPRESENTATION_CONTEXT('2D SPACE',''
  ) );
#921 = ORIENTED_EDGE('',*,*,#922,.T.);
#922 = EDGE_CURVE('',#894,#205,#923,.T.);
#923 = SURFACE_CURVE('',#924,(#929,#953),.PCURVE_S1.);
#924 = CIRCLE('',#925,4.999975777468);
#925 = AXIS2_PLACEMENT_3D('',#926,#927,#928);
#926 = CARTESIAN_POINT('',(11.511659591467,1.020926695481E-02,
    -1.601431617819));
#927 = DIRECTION('',(-0.749159152089,-0.65597202071,9.198517753569E-02)
  );
#928 = DIRECTION('',(0.658764936111,-0.752348827972,-2.844946500602E-16)
  );
#929 = PCURVE('',#43,#930);
#930 = DEFINITIONAL_REPRESENTATION('',(#931),#952);
#931 = B_SPLINE_CURVE_WITH_KNOTS('',7,(#932,#933,#934,#935,#936,#937,
    #938,#939,#940,#941,#942,#943,#944,#945,#946,#947,#948,#949,#950,
    #951),.UNSPECIFIED.,.F.,.F.,(8,6,6,8),(1.20279677182,1.333654169638,
    1.399082868548,1.464511567457),.UNSPECIFIED.);
#932 = CARTESIAN_POINT('',(-5.673896336717,-1.19116756333));
#933 = CARTESIAN_POINT('',(-5.686811622107,-1.209238323378));
#934 = CARTESIAN_POINT('',(-5.701095029707,-1.227241785592));
#935 = CARTESIAN_POINT('',(-5.717015263897,-1.245164402498));
#936 = CARTESIAN_POINT('',(-5.734922503138,-1.262988531319));
#937 = CARTESIAN_POINT('',(-5.755306174095,-1.280688884326));
#938 = CARTESIAN_POINT('',(-5.778844804206,-1.298230685746));
#939 = CARTESIAN_POINT('',(-5.820631443478,-1.324210900958));
#940 = CARTESIAN_POINT('',(-5.835640141802,-1.332815551467));
#941 = CARTESIAN_POINT('',(-5.851874239363,-1.341356904473));
#942 = CARTESIAN_POINT('',(-5.869510181325,-1.349825205296));
#943 = CARTESIAN_POINT('',(-5.888764461325,-1.358208365164));
#944 = CARTESIAN_POINT('',(-5.909909675752,-1.366490707227));
#945 = CARTESIAN_POINT('',(-5.956685220921,-1.382811121265));
#946 = CARTESIAN_POINT('',(-5.982315644279,-1.39084918643));
#947 = CARTESIAN_POINT('',(-6.010539609929,-1.398743783258));
#948 = CARTESIAN_POINT('',(-6.041790368368,-1.406467767671));
#949 = CARTESIAN_POINT('',(-6.076593011099,-1.41398614767));
#950 = CARTESIAN_POINT('',(-6.115620269169,-1.421251708707));
#951 = CARTESIAN_POINT('',(-6.159617154886,-1.428199368687));
#952 = ( GEOMETRIC_REPRESENTATION_CONTEXT(2) 
PARAMETRIC_REPRESENTATION_CONTEXT() REPRESENTATION_CONTEXT('2D SPACE',''
  ) );
#953 = PCURVE('',#954,#959);
#954 = PLANE('',#955);
#955 = AXIS2_PLACEMENT_3D('',#956,#957,#958);
#956 = CARTESIAN_POINT('',(13.288716284239,-1.390397187558,2.88341746371
    ));
#957 = DIRECTION('',(-0.749159152089,-0.65597202071,9.198517753569E-02)
  );
#958 = DIRECTION('',(-0.658764936111,0.752348827972,2.844946500602E-16)
  );
#959 = DEFINITIONAL_REPRESENTATION('',(#960),#964);
#960 = CIRCLE('',#961,4.999975777468);
#961 = AXIS2_PLACEMENT_2D('',#962,#963);
#962 = CARTESIAN_POINT('',(2.224407263183,4.503944109482));
#963 = DIRECTION('',(-1.,2.E-17));
#964 = ( GEOMETRIC_REPRESENTATION_CONTEXT(2) 
PARAMETRIC_REPRESENTATION_CONTEXT() REPRESENTATION_CONTEXT('2D SPACE',''
  ) );
#965 = ADVANCED_FACE('',(#966),#839,.T.);
#966 = FACE_BOUND('',#967,.T.);
#967 = EDGE_LOOP('',(#968,#1003,#1024,#1025));
#968 = ORIENTED_EDGE('',*,*,#969,.F.);
#969 = EDGE_CURVE('',#970,#972,#974,.T.);
#970 = VERTEX_POINT('',#971);
#971 = CARTESIAN_POINT('',(11.5,-0.485,1.355017994691));
#972 = VERTEX_POINT('',#973);
#973 = CARTESIAN_POINT('',(11.705,-0.571053084241,1.419745320208));
#974 = SURFACE_CURVE('',#975,(#980,#987),.PCURVE_S1.);
#975 = HYPERBOLA('',#976,0.227573048438,0.424420802616);
#976 = AXIS2_PLACEMENT_3D('',#977,#978,#979);
#977 = CARTESIAN_POINT('',(11.348608728233,-0.397349529709,
    1.110932125399));
#978 = DIRECTION('',(0.353715730496,0.928380992663,0.113990852535));
#979 = DIRECTION('',(-4.058489818597E-02,-0.106521267833,0.993481799299)
  );
#980 = PCURVE('',#839,#981);
#981 = DEFINITIONAL_REPRESENTATION('',(#982),#986);
#982 = ( BOUNDED_CURVE() B_SPLINE_CURVE(2,(#983,#984,#985),
.UNSPECIFIED.,.F.,.F.) B_SPLINE_CURVE_WITH_KNOTS((3,3),(0.396392373975,
0.899294045557),.PIECEWISE_BEZIER_KNOTS.) CURVE() 
GEOMETRIC_REPRESENTATION_ITEM() RATIONAL_B_SPLINE_CURVE((1.,
1.031780684522,1.)) REPRESENTATION_ITEM('') );
#983 = CARTESIAN_POINT('',(-0.176502774788,1.538427246576));
#984 = CARTESIAN_POINT('',(-6.365546721501E-02,1.515624193069));
#985 = CARTESIAN_POINT('',(8.606532546521E-02,1.458147552669));
#986 = ( GEOMETRIC_REPRESENTATION_CONTEXT(2) 
PARAMETRIC_REPRESENTATION_CONTEXT() REPRESENTATION_CONTEXT('2D SPACE',''
  ) );
#987 = PCURVE('',#988,#993);
#988 = CONICAL_SURFACE('',#989,0.635,1.082104136236);
#989 = AXIS2_PLACEMENT_3D('',#990,#991,#992);
#990 = CARTESIAN_POINT('',(11.5,0.,1.434774409441));
#991 = DIRECTION('',(0.,0.,1.));
#992 = DIRECTION('',(1.,0.,0.));
#993 = DEFINITIONAL_REPRESENTATION('',(#994),#1002);
#994 = B_SPLINE_CURVE_WITH_KNOTS('',6,(#995,#996,#997,#998,#999,#1000,
    #1001),.UNSPECIFIED.,.F.,.F.,(7,7),(0.287817014804,0.899294045557),
  .PIECEWISE_BEZIER_KNOTS.);
#995 = CARTESIAN_POINT('',(4.615671476904,-8.832329838115E-02));
#996 = CARTESIAN_POINT('',(4.707919360078,-8.159963915044E-02));
#997 = CARTESIAN_POINT('',(4.797182583661,-7.194059066733E-02));
#998 = CARTESIAN_POINT('',(4.882068442705,-5.922048832636E-02));
#999 = CARTESIAN_POINT('',(4.961601046518,-4.322204587108E-02));
#1000 = CARTESIAN_POINT('',(5.035438764184,-2.362911978884E-02));
#1001 = CARTESIAN_POINT('',(5.103555187327,1.408414688358E-16));
#1002 = ( GEOMETRIC_REPRESENTATION_CONTEXT(2) 
PARAMETRIC_REPRESENTATION_CONTEXT() REPRESENTATION_CONTEXT('2D SPACE',''
  ) );
#1003 = ORIENTED_EDGE('',*,*,#1004,.F.);
#1004 = EDGE_CURVE('',#784,#970,#1005,.T.);
#1005 = SURFACE_CURVE('',#1006,(#1010,#1017),.PCURVE_S1.);
#1006 = LINE('',#1007,#1008);
#1007 = CARTESIAN_POINT('',(11.5,-0.891991284286,4.669696007085));
#1008 = VECTOR('',#1009,1.);
#1009 = DIRECTION('',(0.,0.121869343405,-0.992546151641));
#1010 = PCURVE('',#839,#1011);
#1011 = DEFINITIONAL_REPRESENTATION('',(#1012),#1016);
#1012 = LINE('',#1013,#1014);
#1013 = CARTESIAN_POINT('',(-3.159904376042E-02,-1.797998256873));
#1014 = VECTOR('',#1015,1.);
#1015 = DIRECTION('',(-4.338992808727E-02,0.999058213589));
#1016 = ( GEOMETRIC_REPRESENTATION_CONTEXT(2) 
PARAMETRIC_REPRESENTATION_CONTEXT() REPRESENTATION_CONTEXT('2D SPACE',''
  ) );
#1017 = PCURVE('',#805,#1018);
#1018 = DEFINITIONAL_REPRESENTATION('',(#1019),#1023);
#1019 = LINE('',#1020,#1021);
#1020 = CARTESIAN_POINT('',(3.159904376042E-02,-1.797998256873));
#1021 = VECTOR('',#1022,1.);
#1022 = DIRECTION('',(4.338992808727E-02,0.999058213589));
#1023 = ( GEOMETRIC_REPRESENTATION_CONTEXT(2) 
PARAMETRIC_REPRESENTATION_CONTEXT() REPRESENTATION_CONTEXT('2D SPACE',''
  ) );
#1024 = ORIENTED_EDGE('',*,*,#817,.T.);
#1025 = ORIENTED_EDGE('',*,*,#1026,.T.);
#1026 = EDGE_CURVE('',#818,#972,#1027,.T.);
#1027 = SURFACE_CURVE('',#1028,(#1032,#1039),.PCURVE_S1.);
#1028 = LINE('',#1029,#1030);
#1029 = CARTESIAN_POINT('',(11.705,-0.970096852285,4.669696007085));
#1030 = VECTOR('',#1031,1.);
#1031 = DIRECTION('',(0.,0.121869343405,-0.992546151641));
#1032 = PCURVE('',#839,#1033);
#1033 = DEFINITIONAL_REPRESENTATION('',(#1034),#1038);
#1034 = LINE('',#1035,#1036);
#1035 = CARTESIAN_POINT('',(0.187776159379,-1.797998256873));
#1036 = VECTOR('',#1037,1.);
#1037 = DIRECTION('',(-4.338992808727E-02,0.999058213589));
#1038 = ( GEOMETRIC_REPRESENTATION_CONTEXT(2) 
PARAMETRIC_REPRESENTATION_CONTEXT() REPRESENTATION_CONTEXT('2D SPACE',''
  ) );
#1039 = PCURVE('',#881,#1040);
#1040 = DEFINITIONAL_REPRESENTATION('',(#1041),#1045);
#1041 = LINE('',#1042,#1043);
#1042 = CARTESIAN_POINT('',(-1.431109962531,-1.793883936131));
#1043 = VECTOR('',#1044,1.);
#1044 = DIRECTION('',(-8.028325022222E-02,0.996772090166));
#1045 = ( GEOMETRIC_REPRESENTATION_CONTEXT(2) 
PARAMETRIC_REPRESENTATION_CONTEXT() REPRESENTATION_CONTEXT('2D SPACE',''
  ) );
#1046 = ADVANCED_FACE('',(#1047),#988,.F.);
#1047 = FACE_BOUND('',#1048,.T.);
#1048 = EDGE_LOOP('',(#1049,#1079,#1102,#1103,#1131,#1159,#1183,#1212,
    #1240,#1268,#1297,#1321,#1350,#1378,#1406,#1435,#1459,#1488,#1514,
    #1515,#1544,#1568));
#1049 = ORIENTED_EDGE('',*,*,#1050,.T.);
#1050 = EDGE_CURVE('',#1051,#1053,#1055,.T.);
#1051 = VERTEX_POINT('',#1052);
#1052 = CARTESIAN_POINT('',(12.071053084241,-0.205,1.419745320208));
#1053 = VERTEX_POINT('',#1054);
#1054 = CARTESIAN_POINT('',(11.985,0.,1.355017994691));
#1055 = SURFACE_CURVE('',#1056,(#1061,#1072),.PCURVE_S1.);
#1056 = HYPERBOLA('',#1057,0.227573048438,0.424420802616);
#1057 = AXIS2_PLACEMENT_3D('',#1058,#1059,#1060);
#1058 = CARTESIAN_POINT('',(11.897349529709,0.151391271767,
    1.110932125399));
#1059 = DIRECTION('',(-0.928380992663,-0.353715730496,0.113990852535));
#1060 = DIRECTION('',(0.106521267833,4.058489818597E-02,0.993481799299)
  );
#1061 = PCURVE('',#988,#1062);
#1062 = DEFINITIONAL_REPRESENTATION('',(#1063),#1071);
#1063 = B_SPLINE_CURVE_WITH_KNOTS('',6,(#1064,#1065,#1066,#1067,#1068,
    #1069,#1070),.UNSPECIFIED.,.F.,.F.,(7,7),(-0.899294045557,
    -0.396392373975),.PIECEWISE_BEZIER_KNOTS.);
#1064 = CARTESIAN_POINT('',(5.892019100238,5.164187190645E-17));
#1065 = CARTESIAN_POINT('',(5.948040604461,-1.943347540823E-02));
#1066 = CARTESIAN_POINT('',(6.007931683288,-3.613685296065E-02));
#1067 = CARTESIAN_POINT('',(6.071679372401,-5.035586738068E-02));
#1068 = CARTESIAN_POINT('',(6.139121111626,-6.227876800886E-02));
#1069 = CARTESIAN_POINT('',(6.209837564537,-7.204645507714E-02));
#1070 = CARTESIAN_POINT('',(6.28318530718,-7.975641474922E-02));
#1071 = ( GEOMETRIC_REPRESENTATION_CONTEXT(2) 
PARAMETRIC_REPRESENTATION_CONTEXT() REPRESENTATION_CONTEXT('2D SPACE',''
  ) );
#1072 = PCURVE('',#227,#1073);
#1073 = DEFINITIONAL_REPRESENTATION('',(#1074),#1078);
#1074 = ( BOUNDED_CURVE() B_SPLINE_CURVE(2,(#1075,#1076,#1077),
.UNSPECIFIED.,.F.,.F.) B_SPLINE_CURVE_WITH_KNOTS((3,3),(-0.899294045557,
-0.396392373975),.PIECEWISE_BEZIER_KNOTS.) CURVE() 
GEOMETRIC_REPRESENTATION_ITEM() RATIONAL_B_SPLINE_CURVE((1.,
1.031780684522,1.)) REPRESENTATION_ITEM('') );
#1075 = CARTESIAN_POINT('',(-8.606532546521E-02,1.458147552669));
#1076 = CARTESIAN_POINT('',(6.365546721501E-02,1.515624193069));
#1077 = CARTESIAN_POINT('',(0.176502774788,1.538427246576));
#1078 = ( GEOMETRIC_REPRESENTATION_CONTEXT(2) 
PARAMETRIC_REPRESENTATION_CONTEXT() REPRESENTATION_CONTEXT('2D SPACE',''
  ) );
#1079 = ORIENTED_EDGE('',*,*,#1080,.T.);
#1080 = EDGE_CURVE('',#1053,#1081,#1083,.T.);
#1081 = VERTEX_POINT('',#1082);
#1082 = CARTESIAN_POINT('',(11.5,0.,1.097138920336));
#1083 = SEAM_CURVE('',#1084,(#1088,#1095),.PCURVE_S1.);
#1084 = LINE('',#1085,#1086);
#1085 = CARTESIAN_POINT('',(12.135,0.,1.434774409441));
#1086 = VECTOR('',#1087,1.);
#1087 = DIRECTION('',(-0.882947592859,0.,-0.469471562786));
#1088 = PCURVE('',#988,#1089);
#1089 = DEFINITIONAL_REPRESENTATION('',(#1090),#1094);
#1090 = LINE('',#1091,#1092);
#1091 = CARTESIAN_POINT('',(0.,-0.));
#1092 = VECTOR('',#1093,1.);
#1093 = DIRECTION('',(0.,-1.));
#1094 = ( GEOMETRIC_REPRESENTATION_CONTEXT(2) 
PARAMETRIC_REPRESENTATION_CONTEXT() REPRESENTATION_CONTEXT('2D SPACE',''
  ) );
#1095 = PCURVE('',#988,#1096);
#1096 = DEFINITIONAL_REPRESENTATION('',(#1097),#1101);
#1097 = LINE('',#1098,#1099);
#1098 = CARTESIAN_POINT('',(6.28318530718,-0.));
#1099 = VECTOR('',#1100,1.);
#1100 = DIRECTION('',(0.,-1.));
#1101 = ( GEOMETRIC_REPRESENTATION_CONTEXT(2) 
PARAMETRIC_REPRESENTATION_CONTEXT() REPRESENTATION_CONTEXT('2D SPACE',''
  ) );
#1102 = ORIENTED_EDGE('',*,*,#1080,.F.);
#1103 = ORIENTED_EDGE('',*,*,#1104,.T.);
#1104 = EDGE_CURVE('',#1053,#1105,#1107,.T.);
#1105 = VERTEX_POINT('',#1106);
#1106 = CARTESIAN_POINT('',(12.071053084241,0.205,1.419745320208));
#1107 = SURFACE_CURVE('',#1108,(#1113,#1124),.PCURVE_S1.);
#1108 = HYPERBOLA('',#1109,0.227573048438,0.424420802616);
#1109 = AXIS2_PLACEMENT_3D('',#1110,#1111,#1112);
#1110 = CARTESIAN_POINT('',(11.897349529709,-0.151391271767,
    1.110932125399));
#1111 = DIRECTION('',(-0.928380992663,0.353715730496,0.113990852535));
#1112 = DIRECTION('',(0.106521267833,-4.058489818597E-02,0.993481799299)
  );
#1113 = PCURVE('',#988,#1114);
#1114 = DEFINITIONAL_REPRESENTATION('',(#1115),#1123);
#1115 = B_SPLINE_CURVE_WITH_KNOTS('',6,(#1116,#1117,#1118,#1119,#1120,
    #1121,#1122),.UNSPECIFIED.,.F.,.F.,(7,7),(0.396392373975,
    0.899294045557),.PIECEWISE_BEZIER_KNOTS.);
#1116 = CARTESIAN_POINT('',(6.E-17,-7.975641474922E-02));
#1117 = CARTESIAN_POINT('',(7.334774264256E-02,-7.204645507714E-02));
#1118 = CARTESIAN_POINT('',(0.144064195553,-6.227876800886E-02));
#1119 = CARTESIAN_POINT('',(0.211505934778,-5.035586738069E-02));
#1120 = CARTESIAN_POINT('',(0.275253623892,-3.613685296065E-02));
#1121 = CARTESIAN_POINT('',(0.335144702719,-1.943347540823E-02));
#1122 = CARTESIAN_POINT('',(0.391166206942,5.164187190645E-17));
#1123 = ( GEOMETRIC_REPRESENTATION_CONTEXT(2) 
PARAMETRIC_REPRESENTATION_CONTEXT() REPRESENTATION_CONTEXT('2D SPACE',''
  ) );
#1124 = PCURVE('',#284,#1125);
#1125 = DEFINITIONAL_REPRESENTATION('',(#1126),#1130);
#1126 = ( BOUNDED_CURVE() B_SPLINE_CURVE(2,(#1127,#1128,#1129),
.UNSPECIFIED.,.F.,.F.) B_SPLINE_CURVE_WITH_KNOTS((3,3),(0.396392373975,
0.899294045557),.PIECEWISE_BEZIER_KNOTS.) CURVE() 
GEOMETRIC_REPRESENTATION_ITEM() RATIONAL_B_SPLINE_CURVE((1.,
1.031780684522,1.)) REPRESENTATION_ITEM('') );
#1127 = CARTESIAN_POINT('',(-0.176502774788,1.538427246576));
#1128 = CARTESIAN_POINT('',(-6.365546721501E-02,1.515624193069));
#1129 = CARTESIAN_POINT('',(8.606532546521E-02,1.458147552669));
#1130 = ( GEOMETRIC_REPRESENTATION_CONTEXT(2) 
PARAMETRIC_REPRESENTATION_CONTEXT() REPRESENTATION_CONTEXT('2D SPACE',''
  ) );
#1131 = ORIENTED_EDGE('',*,*,#1132,.T.);
#1132 = EDGE_CURVE('',#1105,#1133,#1135,.T.);
#1133 = VERTEX_POINT('',#1134);
#1134 = CARTESIAN_POINT('',(12.092772304636,0.227697156013,
    1.434774409441));
#1135 = SURFACE_CURVE('',#1136,(#1141,#1152),.PCURVE_S1.);
#1136 = HYPERBOLA('',#1137,0.141728948278,0.265102932234);
#1137 = AXIS2_PLACEMENT_3D('',#1138,#1139,#1140);
#1138 = CARTESIAN_POINT('',(11.699690907093,-0.174851561885,
    1.104070796241));
#1139 = DIRECTION('',(-0.749159152089,0.65597202071,9.198517753569E-02)
  );
#1140 = DIRECTION('',(6.920494050974E-02,-6.059660960249E-02,
    0.995760376353));
#1141 = PCURVE('',#988,#1142);
#1142 = DEFINITIONAL_REPRESENTATION('',(#1143),#1151);
#1143 = B_SPLINE_CURVE_WITH_KNOTS('',6,(#1144,#1145,#1146,#1147,#1148,
    #1149,#1150),.UNSPECIFIED.,.F.,.F.,(7,7),(0.835122811202,
    1.495705589678),.PIECEWISE_BEZIER_KNOTS.);
#1144 = CARTESIAN_POINT('',(0.,-0.137434483612));
#1145 = CARTESIAN_POINT('',(7.751730011323E-02,-0.12289673228));
#1146 = CARTESIAN_POINT('',(0.148280180285,-0.105547742653));
#1147 = CARTESIAN_POINT('',(0.212124558421,-8.507041308477E-02));
#1148 = CARTESIAN_POINT('',(0.269437251685,-6.104500780228E-02));
#1149 = CARTESIAN_POINT('',(0.320780466915,-3.292764728112E-02));
#1150 = CARTESIAN_POINT('',(0.366744359712,-4.694715627859E-17));
#1151 = ( GEOMETRIC_REPRESENTATION_CONTEXT(2) 
PARAMETRIC_REPRESENTATION_CONTEXT() REPRESENTATION_CONTEXT('2D SPACE',''
  ) );
#1152 = PCURVE('',#326,#1153);
#1153 = DEFINITIONAL_REPRESENTATION('',(#1154),#1158);
#1154 = ( BOUNDED_CURVE() B_SPLINE_CURVE(2,(#1155,#1156,#1157),
.UNSPECIFIED.,.F.,.F.) B_SPLINE_CURVE_WITH_KNOTS((3,3),(0.835122811202,
1.495705589678),.PIECEWISE_BEZIER_KNOTS.) CURVE() 
GEOMETRIC_REPRESENTATION_ITEM() RATIONAL_B_SPLINE_CURVE((1.,
1.055043888988,1.)) REPRESENTATION_ITEM('') );
#1155 = CARTESIAN_POINT('',(-1.976366896134,1.592830539905));
#1156 = CARTESIAN_POINT('',(-1.860633633467,1.550557743508));
#1157 = CARTESIAN_POINT('',(-1.662601965332,1.454810904985));
#1158 = ( GEOMETRIC_REPRESENTATION_CONTEXT(2) 
PARAMETRIC_REPRESENTATION_CONTEXT() REPRESENTATION_CONTEXT('2D SPACE',''
  ) );
#1159 = ORIENTED_EDGE('',*,*,#1160,.T.);
#1160 = EDGE_CURVE('',#1133,#1161,#1163,.T.);
#1161 = VERTEX_POINT('',#1162);
#1162 = CARTESIAN_POINT('',(11.727697156013,0.592772304636,
    1.434774409441));
#1163 = SURFACE_CURVE('',#1164,(#1169,#1176),.PCURVE_S1.);
#1164 = CIRCLE('',#1165,0.635);
#1165 = AXIS2_PLACEMENT_3D('',#1166,#1167,#1168);
#1166 = CARTESIAN_POINT('',(11.5,0.,1.434774409441));
#1167 = DIRECTION('',(0.,0.,1.));
#1168 = DIRECTION('',(1.,0.,0.));
#1169 = PCURVE('',#988,#1170);
#1170 = DEFINITIONAL_REPRESENTATION('',(#1171),#1175);
#1171 = LINE('',#1172,#1173);
#1172 = CARTESIAN_POINT('',(0.,-0.));
#1173 = VECTOR('',#1174,1.);
#1174 = DIRECTION('',(1.,-0.));
#1175 = ( GEOMETRIC_REPRESENTATION_CONTEXT(2) 
PARAMETRIC_REPRESENTATION_CONTEXT() REPRESENTATION_CONTEXT('2D SPACE',''
  ) );
#1176 = PCURVE('',#355,#1177);
#1177 = DEFINITIONAL_REPRESENTATION('',(#1178),#1182);
#1178 = LINE('',#1179,#1180);
#1179 = CARTESIAN_POINT('',(0.,-2.484921597644));
#1180 = VECTOR('',#1181,1.);
#1181 = DIRECTION('',(1.,-0.));
#1182 = ( GEOMETRIC_REPRESENTATION_CONTEXT(2) 
PARAMETRIC_REPRESENTATION_CONTEXT() REPRESENTATION_CONTEXT('2D SPACE',''
  ) );
#1183 = ORIENTED_EDGE('',*,*,#1184,.T.);
#1184 = EDGE_CURVE('',#1161,#1185,#1187,.T.);
#1185 = VERTEX_POINT('',#1186);
#1186 = CARTESIAN_POINT('',(11.705,0.571053084241,1.419745320208));
#1187 = SURFACE_CURVE('',#1188,(#1193,#1205),.PCURVE_S1.);
#1188 = HYPERBOLA('',#1189,0.141728948278,0.265102932234);
#1189 = AXIS2_PLACEMENT_3D('',#1190,#1191,#1192);
#1190 = CARTESIAN_POINT('',(11.325148438115,0.199690907093,
    1.104070796241));
#1191 = DIRECTION('',(0.65597202071,-0.749159152089,9.198517753569E-02)
  );
#1192 = DIRECTION('',(-6.059660960249E-02,6.920494050974E-02,
    0.995760376353));
#1193 = PCURVE('',#988,#1194);
#1194 = DEFINITIONAL_REPRESENTATION('',(#1195),#1204);
#1195 = B_SPLINE_CURVE_WITH_KNOTS('',7,(#1196,#1197,#1198,#1199,#1200,
    #1201,#1202,#1203),.UNSPECIFIED.,.F.,.F.,(8,8),(-1.495705589678,
    -0.572860752094),.PIECEWISE_BEZIER_KNOTS.);
#1196 = CARTESIAN_POINT('',(1.204051967083,4.694715627859E-16));
#1197 = CARTESIAN_POINT('',(1.259091083492,-3.9428962638E-02));
#1198 = CARTESIAN_POINT('',(1.321627967791,-7.215218505306E-02));
#1199 = CARTESIAN_POINT('',(1.392591553436,-9.928894206027E-02));
#1200 = CARTESIAN_POINT('',(1.47282176934,-0.121673153329));
#1201 = CARTESIAN_POINT('',(1.562997324299,-0.139932051941));
#1202 = CARTESIAN_POINT('',(1.662870820863,-0.154527300705));
#1203 = CARTESIAN_POINT('',(1.771002242906,-0.165778330124));
#1204 = ( GEOMETRIC_REPRESENTATION_CONTEXT(2) 
PARAMETRIC_REPRESENTATION_CONTEXT() REPRESENTATION_CONTEXT('2D SPACE',''
  ) );
#1205 = PCURVE('',#401,#1206);
#1206 = DEFINITIONAL_REPRESENTATION('',(#1207),#1211);
#1207 = ( BOUNDED_CURVE() B_SPLINE_CURVE(2,(#1208,#1209,#1210),
.UNSPECIFIED.,.F.,.F.) B_SPLINE_CURVE_WITH_KNOTS((3,3),(-1.495705589678,
-0.835122811202),.PIECEWISE_BEZIER_KNOTS.) CURVE() 
GEOMETRIC_REPRESENTATION_ITEM() RATIONAL_B_SPLINE_CURVE((1.,
1.055043888988,1.)) REPRESENTATION_ITEM('') );
#1208 = CARTESIAN_POINT('',(1.662601965332,1.454810904985));
#1209 = CARTESIAN_POINT('',(1.860633633467,1.550557743508));
#1210 = CARTESIAN_POINT('',(1.976366896134,1.592830539905));
#1211 = ( GEOMETRIC_REPRESENTATION_CONTEXT(2) 
PARAMETRIC_REPRESENTATION_CONTEXT() REPRESENTATION_CONTEXT('2D SPACE',''
  ) );
#1212 = ORIENTED_EDGE('',*,*,#1213,.T.);
#1213 = EDGE_CURVE('',#1185,#1214,#1216,.T.);
#1214 = VERTEX_POINT('',#1215);
#1215 = CARTESIAN_POINT('',(11.5,0.485,1.355017994691));
#1216 = SURFACE_CURVE('',#1217,(#1222,#1233),.PCURVE_S1.);
#1217 = HYPERBOLA('',#1218,0.227573048438,0.424420802616);
#1218 = AXIS2_PLACEMENT_3D('',#1219,#1220,#1221);
#1219 = CARTESIAN_POINT('',(11.348608728233,0.397349529709,
    1.110932125399));
#1220 = DIRECTION('',(0.353715730496,-0.928380992663,0.113990852535));
#1221 = DIRECTION('',(-4.058489818597E-02,0.106521267833,0.993481799299)
  );
#1222 = PCURVE('',#988,#1223);
#1223 = DEFINITIONAL_REPRESENTATION('',(#1224),#1232);
#1224 = B_SPLINE_CURVE_WITH_KNOTS('',6,(#1225,#1226,#1227,#1228,#1229,
    #1230,#1231),.UNSPECIFIED.,.F.,.F.,(7,7),(-0.899294045557,
    -0.287817014804),.PIECEWISE_BEZIER_KNOTS.);
#1225 = CARTESIAN_POINT('',(1.179630119853,4.741662784137E-16));
#1226 = CARTESIAN_POINT('',(1.247746542995,-2.362911978884E-02));
#1227 = CARTESIAN_POINT('',(1.321584260662,-4.322204587108E-02));
#1228 = CARTESIAN_POINT('',(1.401116864474,-5.922048832636E-02));
#1229 = CARTESIAN_POINT('',(1.486002723519,-7.194059066733E-02));
#1230 = CARTESIAN_POINT('',(1.575265947102,-8.159963915044E-02));
#1231 = CARTESIAN_POINT('',(1.667513830276,-8.832329838115E-02));
#1232 = ( GEOMETRIC_REPRESENTATION_CONTEXT(2) 
PARAMETRIC_REPRESENTATION_CONTEXT() REPRESENTATION_CONTEXT('2D SPACE',''
  ) );
#1233 = PCURVE('',#435,#1234);
#1234 = DEFINITIONAL_REPRESENTATION('',(#1235),#1239);
#1235 = ( BOUNDED_CURVE() B_SPLINE_CURVE(2,(#1236,#1237,#1238),
.UNSPECIFIED.,.F.,.F.) B_SPLINE_CURVE_WITH_KNOTS((3,3),(-0.899294045557,
-0.396392373975),.PIECEWISE_BEZIER_KNOTS.) CURVE() 
GEOMETRIC_REPRESENTATION_ITEM() RATIONAL_B_SPLINE_CURVE((1.,
1.031780684522,1.)) REPRESENTATION_ITEM('') );
#1236 = CARTESIAN_POINT('',(-8.606532546521E-02,1.458147552669));
#1237 = CARTESIAN_POINT('',(6.365546721501E-02,1.515624193069));
#1238 = CARTESIAN_POINT('',(0.176502774788,1.538427246576));
#1239 = ( GEOMETRIC_REPRESENTATION_CONTEXT(2) 
PARAMETRIC_REPRESENTATION_CONTEXT() REPRESENTATION_CONTEXT('2D SPACE',''
  ) );
#1240 = ORIENTED_EDGE('',*,*,#1241,.T.);
#1241 = EDGE_CURVE('',#1214,#1242,#1244,.T.);
#1242 = VERTEX_POINT('',#1243);
#1243 = CARTESIAN_POINT('',(11.295,0.571053084241,1.419745320208));
#1244 = SURFACE_CURVE('',#1245,(#1250,#1261),.PCURVE_S1.);
#1245 = HYPERBOLA('',#1246,0.227573048438,0.424420802616);
#1246 = AXIS2_PLACEMENT_3D('',#1247,#1248,#1249);
#1247 = CARTESIAN_POINT('',(11.651391271767,0.397349529709,
    1.110932125399));
#1248 = DIRECTION('',(-0.353715730496,-0.928380992663,0.113990852535));
#1249 = DIRECTION('',(4.058489818597E-02,0.106521267833,0.993481799299)
  );
#1250 = PCURVE('',#988,#1251);
#1251 = DEFINITIONAL_REPRESENTATION('',(#1252),#1260);
#1252 = B_SPLINE_CURVE_WITH_KNOTS('',6,(#1253,#1254,#1255,#1256,#1257,
    #1258,#1259),.UNSPECIFIED.,.F.,.F.,(7,7),(0.287817014804,
    0.899294045557),.PIECEWISE_BEZIER_KNOTS.);
#1253 = CARTESIAN_POINT('',(1.474078823314,-8.832329838115E-02));
#1254 = CARTESIAN_POINT('',(1.566326706488,-8.159963915044E-02));
#1255 = CARTESIAN_POINT('',(1.655589930071,-7.194059066733E-02));
#1256 = CARTESIAN_POINT('',(1.740475789115,-5.922048832636E-02));
#1257 = CARTESIAN_POINT('',(1.820008392928,-4.322204587108E-02));
#1258 = CARTESIAN_POINT('',(1.893846110594,-2.362911978884E-02));
#1259 = CARTESIAN_POINT('',(1.961962533737,5.680605909709E-16));
#1260 = ( GEOMETRIC_REPRESENTATION_CONTEXT(2) 
PARAMETRIC_REPRESENTATION_CONTEXT() REPRESENTATION_CONTEXT('2D SPACE',''
  ) );
#1261 = PCURVE('',#469,#1262);
#1262 = DEFINITIONAL_REPRESENTATION('',(#1263),#1267);
#1263 = ( BOUNDED_CURVE() B_SPLINE_CURVE(2,(#1264,#1265,#1266),
.UNSPECIFIED.,.F.,.F.) B_SPLINE_CURVE_WITH_KNOTS((3,3),(0.396392373975,
0.899294045557),.PIECEWISE_BEZIER_KNOTS.) CURVE() 
GEOMETRIC_REPRESENTATION_ITEM() RATIONAL_B_SPLINE_CURVE((1.,
1.031780684522,1.)) REPRESENTATION_ITEM('') );
#1264 = CARTESIAN_POINT('',(-0.176502774788,1.538427246576));
#1265 = CARTESIAN_POINT('',(-6.365546721501E-02,1.515624193069));
#1266 = CARTESIAN_POINT('',(8.606532546521E-02,1.458147552669));
#1267 = ( GEOMETRIC_REPRESENTATION_CONTEXT(2) 
PARAMETRIC_REPRESENTATION_CONTEXT() REPRESENTATION_CONTEXT('2D SPACE',''
  ) );
#1268 = ORIENTED_EDGE('',*,*,#1269,.T.);
#1269 = EDGE_CURVE('',#1242,#1270,#1272,.T.);
#1270 = VERTEX_POINT('',#1271);
#1271 = CARTESIAN_POINT('',(11.272302843987,0.592772304636,
    1.434774409441));
#1272 = SURFACE_CURVE('',#1273,(#1278,#1290),.PCURVE_S1.);
#1273 = HYPERBOLA('',#1274,0.141728948278,0.265102932234);
#1274 = AXIS2_PLACEMENT_3D('',#1275,#1276,#1277);
#1275 = CARTESIAN_POINT('',(11.674851561885,0.199690907093,
    1.104070796241));
#1276 = DIRECTION('',(-0.65597202071,-0.749159152089,9.198517753569E-02)
  );
#1277 = DIRECTION('',(6.059660960249E-02,6.920494050974E-02,
    0.995760376353));
#1278 = PCURVE('',#988,#1279);
#1279 = DEFINITIONAL_REPRESENTATION('',(#1280),#1289);
#1280 = B_SPLINE_CURVE_WITH_KNOTS('',7,(#1281,#1282,#1283,#1284,#1285,
    #1286,#1287,#1288),.UNSPECIFIED.,.F.,.F.,(8,8),(0.572860752094,
    1.495705589678),.PIECEWISE_BEZIER_KNOTS.);
#1281 = CARTESIAN_POINT('',(1.370590410684,-0.165778330124));
#1282 = CARTESIAN_POINT('',(1.478721832727,-0.154527300705));
#1283 = CARTESIAN_POINT('',(1.578595329291,-0.139932051941));
#1284 = CARTESIAN_POINT('',(1.668770884251,-0.121673153329));
#1285 = CARTESIAN_POINT('',(1.749001100154,-9.928894206018E-02));
#1286 = CARTESIAN_POINT('',(1.819964685799,-7.215218505307E-02));
#1287 = CARTESIAN_POINT('',(1.882501570098,-3.9428962638E-02));
#1288 = CARTESIAN_POINT('',(1.937540686507,4.225244065073E-16));
#1289 = ( GEOMETRIC_REPRESENTATION_CONTEXT(2) 
PARAMETRIC_REPRESENTATION_CONTEXT() REPRESENTATION_CONTEXT('2D SPACE',''
  ) );
#1290 = PCURVE('',#511,#1291);
#1291 = DEFINITIONAL_REPRESENTATION('',(#1292),#1296);
#1292 = ( BOUNDED_CURVE() B_SPLINE_CURVE(2,(#1293,#1294,#1295),
.UNSPECIFIED.,.F.,.F.) B_SPLINE_CURVE_WITH_KNOTS((3,3),(0.835122811202,
1.495705589678),.PIECEWISE_BEZIER_KNOTS.) CURVE() 
GEOMETRIC_REPRESENTATION_ITEM() RATIONAL_B_SPLINE_CURVE((1.,
1.055043888988,1.)) REPRESENTATION_ITEM('') );
#1293 = CARTESIAN_POINT('',(-1.976366896134,1.592830539905));
#1294 = CARTESIAN_POINT('',(-1.860633633467,1.550557743508));
#1295 = CARTESIAN_POINT('',(-1.662601965332,1.454810904985));
#1296 = ( GEOMETRIC_REPRESENTATION_CONTEXT(2) 
PARAMETRIC_REPRESENTATION_CONTEXT() REPRESENTATION_CONTEXT('2D SPACE',''
  ) );
#1297 = ORIENTED_EDGE('',*,*,#1298,.T.);
#1298 = EDGE_CURVE('',#1270,#1299,#1301,.T.);
#1299 = VERTEX_POINT('',#1300);
#1300 = CARTESIAN_POINT('',(10.907227695364,0.227697156013,
    1.434774409441));
#1301 = SURFACE_CURVE('',#1302,(#1307,#1314),.PCURVE_S1.);
#1302 = CIRCLE('',#1303,0.635);
#1303 = AXIS2_PLACEMENT_3D('',#1304,#1305,#1306);
#1304 = CARTESIAN_POINT('',(11.5,0.,1.434774409441));
#1305 = DIRECTION('',(0.,0.,1.));
#1306 = DIRECTION('',(1.,0.,0.));
#1307 = PCURVE('',#988,#1308);
#1308 = DEFINITIONAL_REPRESENTATION('',(#1309),#1313);
#1309 = LINE('',#1310,#1311);
#1310 = CARTESIAN_POINT('',(0.,-0.));
#1311 = VECTOR('',#1312,1.);
#1312 = DIRECTION('',(1.,-0.));
#1313 = ( GEOMETRIC_REPRESENTATION_CONTEXT(2) 
PARAMETRIC_REPRESENTATION_CONTEXT() REPRESENTATION_CONTEXT('2D SPACE',''
  ) );
#1314 = PCURVE('',#540,#1315);
#1315 = DEFINITIONAL_REPRESENTATION('',(#1316),#1320);
#1316 = LINE('',#1317,#1318);
#1317 = CARTESIAN_POINT('',(0.,-2.484921597644));
#1318 = VECTOR('',#1319,1.);
#1319 = DIRECTION('',(1.,-0.));
#1320 = ( GEOMETRIC_REPRESENTATION_CONTEXT(2) 
PARAMETRIC_REPRESENTATION_CONTEXT() REPRESENTATION_CONTEXT('2D SPACE',''
  ) );
#1321 = ORIENTED_EDGE('',*,*,#1322,.T.);
#1322 = EDGE_CURVE('',#1299,#1323,#1325,.T.);
#1323 = VERTEX_POINT('',#1324);
#1324 = CARTESIAN_POINT('',(10.928946915759,0.205,1.419745320208));
#1325 = SURFACE_CURVE('',#1326,(#1331,#1343),.PCURVE_S1.);
#1326 = HYPERBOLA('',#1327,0.141728948278,0.265102932234);
#1327 = AXIS2_PLACEMENT_3D('',#1328,#1329,#1330);
#1328 = CARTESIAN_POINT('',(11.300309092907,-0.174851561885,
    1.104070796241));
#1329 = DIRECTION('',(0.749159152089,0.65597202071,9.198517753569E-02));
#1330 = DIRECTION('',(-6.920494050974E-02,-6.059660960249E-02,
    0.995760376353));
#1331 = PCURVE('',#988,#1332);
#1332 = DEFINITIONAL_REPRESENTATION('',(#1333),#1342);
#1333 = B_SPLINE_CURVE_WITH_KNOTS('',7,(#1334,#1335,#1336,#1337,#1338,
    #1339,#1340,#1341),.UNSPECIFIED.,.F.,.F.,(8,8),(-1.495705589678,
    -0.572860752094),.PIECEWISE_BEZIER_KNOTS.);
#1334 = CARTESIAN_POINT('',(2.774848293877,3.286300939501E-16));
#1335 = CARTESIAN_POINT('',(2.829887410287,-3.9428962638E-02));
#1336 = CARTESIAN_POINT('',(2.892424294585,-7.215218505308E-02));
#1337 = CARTESIAN_POINT('',(2.963387880231,-9.928894206017E-02));
#1338 = CARTESIAN_POINT('',(3.043618096135,-0.121673153329));
#1339 = CARTESIAN_POINT('',(3.133793651094,-0.139932051941));
#1340 = CARTESIAN_POINT('',(3.233667147658,-0.154527300705));
#1341 = CARTESIAN_POINT('',(3.3417985697,-0.165778330124));
#1342 = ( GEOMETRIC_REPRESENTATION_CONTEXT(2) 
PARAMETRIC_REPRESENTATION_CONTEXT() REPRESENTATION_CONTEXT('2D SPACE',''
  ) );
#1343 = PCURVE('',#586,#1344);
#1344 = DEFINITIONAL_REPRESENTATION('',(#1345),#1349);
#1345 = ( BOUNDED_CURVE() B_SPLINE_CURVE(2,(#1346,#1347,#1348),
.UNSPECIFIED.,.F.,.F.) B_SPLINE_CURVE_WITH_KNOTS((3,3),(-1.495705589678,
-0.835122811202),.PIECEWISE_BEZIER_KNOTS.) CURVE() 
GEOMETRIC_REPRESENTATION_ITEM() RATIONAL_B_SPLINE_CURVE((1.,
1.055043888988,1.)) REPRESENTATION_ITEM('') );
#1346 = CARTESIAN_POINT('',(1.662601965332,1.454810904985));
#1347 = CARTESIAN_POINT('',(1.860633633467,1.550557743508));
#1348 = CARTESIAN_POINT('',(1.976366896134,1.592830539905));
#1349 = ( GEOMETRIC_REPRESENTATION_CONTEXT(2) 
PARAMETRIC_REPRESENTATION_CONTEXT() REPRESENTATION_CONTEXT('2D SPACE',''
  ) );
#1350 = ORIENTED_EDGE('',*,*,#1351,.T.);
#1351 = EDGE_CURVE('',#1323,#1352,#1354,.T.);
#1352 = VERTEX_POINT('',#1353);
#1353 = CARTESIAN_POINT('',(11.015,0.,1.355017994691));
#1354 = SURFACE_CURVE('',#1355,(#1360,#1371),.PCURVE_S1.);
#1355 = HYPERBOLA('',#1356,0.227573048438,0.424420802616);
#1356 = AXIS2_PLACEMENT_3D('',#1357,#1358,#1359);
#1357 = CARTESIAN_POINT('',(11.102650470291,-0.151391271767,
    1.110932125399));
#1358 = DIRECTION('',(0.928380992663,0.353715730496,0.113990852535));
#1359 = DIRECTION('',(-0.106521267833,-4.058489818597E-02,0.993481799299
    ));
#1360 = PCURVE('',#988,#1361);
#1361 = DEFINITIONAL_REPRESENTATION('',(#1362),#1370);
#1362 = B_SPLINE_CURVE_WITH_KNOTS('',6,(#1363,#1364,#1365,#1366,#1367,
    #1368,#1369),.UNSPECIFIED.,.F.,.F.,(7,7),(-0.899294045557,
    -0.287817014804),.PIECEWISE_BEZIER_KNOTS.);
#1363 = CARTESIAN_POINT('',(2.750426446648,3.286300939501E-16));
#1364 = CARTESIAN_POINT('',(2.81854286979,-2.362911978884E-02));
#1365 = CARTESIAN_POINT('',(2.892380587457,-4.322204587108E-02));
#1366 = CARTESIAN_POINT('',(2.971913191269,-5.922048832636E-02));
#1367 = CARTESIAN_POINT('',(3.056799050314,-7.194059066733E-02));
#1368 = CARTESIAN_POINT('',(3.146062273897,-8.159963915044E-02));
#1369 = CARTESIAN_POINT('',(3.238310157071,-8.832329838115E-02));
#1370 = ( GEOMETRIC_REPRESENTATION_CONTEXT(2) 
PARAMETRIC_REPRESENTATION_CONTEXT() REPRESENTATION_CONTEXT('2D SPACE',''
  ) );
#1371 = PCURVE('',#620,#1372);
#1372 = DEFINITIONAL_REPRESENTATION('',(#1373),#1377);
#1373 = ( BOUNDED_CURVE() B_SPLINE_CURVE(2,(#1374,#1375,#1376),
.UNSPECIFIED.,.F.,.F.) B_SPLINE_CURVE_WITH_KNOTS((3,3),(-0.899294045557,
-0.396392373975),.PIECEWISE_BEZIER_KNOTS.) CURVE() 
GEOMETRIC_REPRESENTATION_ITEM() RATIONAL_B_SPLINE_CURVE((1.,
1.031780684522,1.)) REPRESENTATION_ITEM('') );
#1374 = CARTESIAN_POINT('',(-8.606532546521E-02,1.458147552669));
#1375 = CARTESIAN_POINT('',(6.365546721501E-02,1.515624193069));
#1376 = CARTESIAN_POINT('',(0.176502774788,1.538427246576));
#1377 = ( GEOMETRIC_REPRESENTATION_CONTEXT(2) 
PARAMETRIC_REPRESENTATION_CONTEXT() REPRESENTATION_CONTEXT('2D SPACE',''
  ) );
#1378 = ORIENTED_EDGE('',*,*,#1379,.T.);
#1379 = EDGE_CURVE('',#1352,#1380,#1382,.T.);
#1380 = VERTEX_POINT('',#1381);
#1381 = CARTESIAN_POINT('',(10.928946915759,-0.205,1.419745320208));
#1382 = SURFACE_CURVE('',#1383,(#1388,#1399),.PCURVE_S1.);
#1383 = HYPERBOLA('',#1384,0.227573048438,0.424420802616);
#1384 = AXIS2_PLACEMENT_3D('',#1385,#1386,#1387);
#1385 = CARTESIAN_POINT('',(11.102650470291,0.151391271767,
    1.110932125399));
#1386 = DIRECTION('',(0.928380992663,-0.353715730496,0.113990852535));
#1387 = DIRECTION('',(-0.106521267833,4.058489818597E-02,0.993481799299)
  );
#1388 = PCURVE('',#988,#1389);
#1389 = DEFINITIONAL_REPRESENTATION('',(#1390),#1398);
#1390 = B_SPLINE_CURVE_WITH_KNOTS('',6,(#1391,#1392,#1393,#1394,#1395,
    #1396,#1397),.UNSPECIFIED.,.F.,.F.,(7,7),(0.287817014804,
    0.899294045557),.PIECEWISE_BEZIER_KNOTS.);
#1391 = CARTESIAN_POINT('',(3.044875150109,-8.832329838115E-02));
#1392 = CARTESIAN_POINT('',(3.137123033283,-8.159963915044E-02));
#1393 = CARTESIAN_POINT('',(3.226386256866,-7.194059066733E-02));
#1394 = CARTESIAN_POINT('',(3.31127211591,-5.922048832636E-02));
#1395 = CARTESIAN_POINT('',(3.390804719723,-4.322204587108E-02));
#1396 = CARTESIAN_POINT('',(3.464642437389,-2.362911978884E-02));
#1397 = CARTESIAN_POINT('',(3.532758860532,4.272191221352E-16));
#1398 = ( GEOMETRIC_REPRESENTATION_CONTEXT(2) 
PARAMETRIC_REPRESENTATION_CONTEXT() REPRESENTATION_CONTEXT('2D SPACE',''
  ) );
#1399 = PCURVE('',#654,#1400);
#1400 = DEFINITIONAL_REPRESENTATION('',(#1401),#1405);
#1401 = ( BOUNDED_CURVE() B_SPLINE_CURVE(2,(#1402,#1403,#1404),
.UNSPECIFIED.,.F.,.F.) B_SPLINE_CURVE_WITH_KNOTS((3,3),(0.396392373975,
0.899294045557),.PIECEWISE_BEZIER_KNOTS.) CURVE() 
GEOMETRIC_REPRESENTATION_ITEM() RATIONAL_B_SPLINE_CURVE((1.,
1.031780684522,1.)) REPRESENTATION_ITEM('') );
#1402 = CARTESIAN_POINT('',(-0.176502774788,1.538427246576));
#1403 = CARTESIAN_POINT('',(-6.365546721501E-02,1.515624193069));
#1404 = CARTESIAN_POINT('',(8.606532546521E-02,1.458147552669));
#1405 = ( GEOMETRIC_REPRESENTATION_CONTEXT(2) 
PARAMETRIC_REPRESENTATION_CONTEXT() REPRESENTATION_CONTEXT('2D SPACE',''
  ) );
#1406 = ORIENTED_EDGE('',*,*,#1407,.T.);
#1407 = EDGE_CURVE('',#1380,#1408,#1410,.T.);
#1408 = VERTEX_POINT('',#1409);
#1409 = CARTESIAN_POINT('',(10.907227695364,-0.227697156013,
    1.434774409441));
#1410 = SURFACE_CURVE('',#1411,(#1416,#1428),.PCURVE_S1.);
#1411 = HYPERBOLA('',#1412,0.141728948278,0.265102932234);
#1412 = AXIS2_PLACEMENT_3D('',#1413,#1414,#1415);
#1413 = CARTESIAN_POINT('',(11.300309092907,0.174851561885,
    1.104070796241));
#1414 = DIRECTION('',(0.749159152089,-0.65597202071,9.198517753569E-02)
  );
#1415 = DIRECTION('',(-6.920494050974E-02,6.059660960249E-02,
    0.995760376353));
#1416 = PCURVE('',#988,#1417);
#1417 = DEFINITIONAL_REPRESENTATION('',(#1418),#1427);
#1418 = B_SPLINE_CURVE_WITH_KNOTS('',7,(#1419,#1420,#1421,#1422,#1423,
    #1424,#1425,#1426),.UNSPECIFIED.,.F.,.F.,(8,8),(0.572860752094,
    1.495705589678),.PIECEWISE_BEZIER_KNOTS.);
#1419 = CARTESIAN_POINT('',(2.941386737479,-0.165778330124));
#1420 = CARTESIAN_POINT('',(3.049518159522,-0.154527300705));
#1421 = CARTESIAN_POINT('',(3.149391656086,-0.139932051941));
#1422 = CARTESIAN_POINT('',(3.239567211045,-0.121673153329));
#1423 = CARTESIAN_POINT('',(3.319797426949,-9.928894206023E-02));
#1424 = CARTESIAN_POINT('',(3.390761012594,-7.215218505306E-02));
#1425 = CARTESIAN_POINT('',(3.453297896893,-3.9428962638E-02));
#1426 = CARTESIAN_POINT('',(3.508337013302,3.755772502287E-16));
#1427 = ( GEOMETRIC_REPRESENTATION_CONTEXT(2) 
PARAMETRIC_REPRESENTATION_CONTEXT() REPRESENTATION_CONTEXT('2D SPACE',''
  ) );
#1428 = PCURVE('',#696,#1429);
#1429 = DEFINITIONAL_REPRESENTATION('',(#1430),#1434);
#1430 = ( BOUNDED_CURVE() B_SPLINE_CURVE(2,(#1431,#1432,#1433),
.UNSPECIFIED.,.F.,.F.) B_SPLINE_CURVE_WITH_KNOTS((3,3),(0.835122811202,
1.495705589678),.PIECEWISE_BEZIER_KNOTS.) CURVE() 
GEOMETRIC_REPRESENTATION_ITEM() RATIONAL_B_SPLINE_CURVE((1.,
1.055043888988,1.)) REPRESENTATION_ITEM('') );
#1431 = CARTESIAN_POINT('',(-1.976366896134,1.592830539905));
#1432 = CARTESIAN_POINT('',(-1.860633633467,1.550557743508));
#1433 = CARTESIAN_POINT('',(-1.662601965332,1.454810904985));
#1434 = ( GEOMETRIC_REPRESENTATION_CONTEXT(2) 
PARAMETRIC_REPRESENTATION_CONTEXT() REPRESENTATION_CONTEXT('2D SPACE',''
  ) );
#1435 = ORIENTED_EDGE('',*,*,#1436,.T.);
#1436 = EDGE_CURVE('',#1408,#1437,#1439,.T.);
#1437 = VERTEX_POINT('',#1438);
#1438 = CARTESIAN_POINT('',(11.272302843987,-0.592772304636,
    1.434774409441));
#1439 = SURFACE_CURVE('',#1440,(#1445,#1452),.PCURVE_S1.);
#1440 = CIRCLE('',#1441,0.635);
#1441 = AXIS2_PLACEMENT_3D('',#1442,#1443,#1444);
#1442 = CARTESIAN_POINT('',(11.5,0.,1.434774409441));
#1443 = DIRECTION('',(0.,0.,1.));
#1444 = DIRECTION('',(1.,0.,0.));
#1445 = PCURVE('',#988,#1446);
#1446 = DEFINITIONAL_REPRESENTATION('',(#1447),#1451);
#1447 = LINE('',#1448,#1449);
#1448 = CARTESIAN_POINT('',(0.,-0.));
#1449 = VECTOR('',#1450,1.);
#1450 = DIRECTION('',(1.,-0.));
#1451 = ( GEOMETRIC_REPRESENTATION_CONTEXT(2) 
PARAMETRIC_REPRESENTATION_CONTEXT() REPRESENTATION_CONTEXT('2D SPACE',''
  ) );
#1452 = PCURVE('',#725,#1453);
#1453 = DEFINITIONAL_REPRESENTATION('',(#1454),#1458);
#1454 = LINE('',#1455,#1456);
#1455 = CARTESIAN_POINT('',(0.,-2.484921597644));
#1456 = VECTOR('',#1457,1.);
#1457 = DIRECTION('',(1.,-0.));
#1458 = ( GEOMETRIC_REPRESENTATION_CONTEXT(2) 
PARAMETRIC_REPRESENTATION_CONTEXT() REPRESENTATION_CONTEXT('2D SPACE',''
  ) );
#1459 = ORIENTED_EDGE('',*,*,#1460,.T.);
#1460 = EDGE_CURVE('',#1437,#1461,#1463,.T.);
#1461 = VERTEX_POINT('',#1462);
#1462 = CARTESIAN_POINT('',(11.295,-0.571053084241,1.419745320208));
#1463 = SURFACE_CURVE('',#1464,(#1469,#1481),.PCURVE_S1.);
#1464 = HYPERBOLA('',#1465,0.141728948278,0.265102932234);
#1465 = AXIS2_PLACEMENT_3D('',#1466,#1467,#1468);
#1466 = CARTESIAN_POINT('',(11.674851561885,-0.199690907093,
    1.104070796241));
#1467 = DIRECTION('',(-0.65597202071,0.749159152089,9.198517753569E-02)
  );
#1468 = DIRECTION('',(6.059660960249E-02,-6.920494050974E-02,
    0.995760376353));
#1469 = PCURVE('',#988,#1470);
#1470 = DEFINITIONAL_REPRESENTATION('',(#1471),#1480);
#1471 = B_SPLINE_CURVE_WITH_KNOTS('',7,(#1472,#1473,#1474,#1475,#1476,
    #1477,#1478,#1479),.UNSPECIFIED.,.F.,.F.,(8,8),(-1.495705589678,
    -0.572860752094),.PIECEWISE_BEZIER_KNOTS.);
#1472 = CARTESIAN_POINT('',(4.345644620672,1.877886251144E-16));
#1473 = CARTESIAN_POINT('',(4.400683737082,-3.9428962638E-02));
#1474 = CARTESIAN_POINT('',(4.46322062138,-7.215218505304E-02));
#1475 = CARTESIAN_POINT('',(4.534184207026,-9.928894206025E-02));
#1476 = CARTESIAN_POINT('',(4.614414422929,-0.121673153329));
#1477 = CARTESIAN_POINT('',(4.704589977889,-0.139932051941));
#1478 = CARTESIAN_POINT('',(4.804463474452,-0.154527300705));
#1479 = CARTESIAN_POINT('',(4.912594896495,-0.165778330124));
#1480 = ( GEOMETRIC_REPRESENTATION_CONTEXT(2) 
PARAMETRIC_REPRESENTATION_CONTEXT() REPRESENTATION_CONTEXT('2D SPACE',''
  ) );
#1481 = PCURVE('',#771,#1482);
#1482 = DEFINITIONAL_REPRESENTATION('',(#1483),#1487);
#1483 = ( BOUNDED_CURVE() B_SPLINE_CURVE(2,(#1484,#1485,#1486),
.UNSPECIFIED.,.F.,.F.) B_SPLINE_CURVE_WITH_KNOTS((3,3),(-1.495705589678,
-0.835122811202),.PIECEWISE_BEZIER_KNOTS.) CURVE() 
GEOMETRIC_REPRESENTATION_ITEM() RATIONAL_B_SPLINE_CURVE((1.,
1.055043888988,1.)) REPRESENTATION_ITEM('') );
#1484 = CARTESIAN_POINT('',(1.662601965332,1.454810904985));
#1485 = CARTESIAN_POINT('',(1.860633633467,1.550557743508));
#1486 = CARTESIAN_POINT('',(1.976366896134,1.592830539905));
#1487 = ( GEOMETRIC_REPRESENTATION_CONTEXT(2) 
PARAMETRIC_REPRESENTATION_CONTEXT() REPRESENTATION_CONTEXT('2D SPACE',''
  ) );
#1488 = ORIENTED_EDGE('',*,*,#1489,.T.);
#1489 = EDGE_CURVE('',#1461,#970,#1490,.T.);
#1490 = SURFACE_CURVE('',#1491,(#1496,#1507),.PCURVE_S1.);
#1491 = HYPERBOLA('',#1492,0.227573048438,0.424420802616);
#1492 = AXIS2_PLACEMENT_3D('',#1493,#1494,#1495);
#1493 = CARTESIAN_POINT('',(11.651391271767,-0.397349529709,
    1.110932125399));
#1494 = DIRECTION('',(-0.353715730496,0.928380992663,0.113990852535));
#1495 = DIRECTION('',(4.058489818597E-02,-0.106521267833,0.993481799299)
  );
#1496 = PCURVE('',#988,#1497);
#1497 = DEFINITIONAL_REPRESENTATION('',(#1498),#1506);
#1498 = B_SPLINE_CURVE_WITH_KNOTS('',6,(#1499,#1500,#1501,#1502,#1503,
    #1504,#1505),.UNSPECIFIED.,.F.,.F.,(7,7),(-0.899294045557,
    -0.287817014804),.PIECEWISE_BEZIER_KNOTS.);
#1499 = CARTESIAN_POINT('',(4.321222773443,1.408414688358E-16));
#1500 = CARTESIAN_POINT('',(4.389339196585,-2.362911978884E-02));
#1501 = CARTESIAN_POINT('',(4.463176914251,-4.322204587108E-02));
#1502 = CARTESIAN_POINT('',(4.542709518064,-5.922048832636E-02));
#1503 = CARTESIAN_POINT('',(4.627595377109,-7.194059066733E-02));
#1504 = CARTESIAN_POINT('',(4.716858600691,-8.159963915044E-02));
#1505 = CARTESIAN_POINT('',(4.809106483866,-8.832329838115E-02));
#1506 = ( GEOMETRIC_REPRESENTATION_CONTEXT(2) 
PARAMETRIC_REPRESENTATION_CONTEXT() REPRESENTATION_CONTEXT('2D SPACE',''
  ) );
#1507 = PCURVE('',#805,#1508);
#1508 = DEFINITIONAL_REPRESENTATION('',(#1509),#1513);
#1509 = ( BOUNDED_CURVE() B_SPLINE_CURVE(2,(#1510,#1511,#1512),
.UNSPECIFIED.,.F.,.F.) B_SPLINE_CURVE_WITH_KNOTS((3,3),(-0.899294045557,
-0.396392373975),.PIECEWISE_BEZIER_KNOTS.) CURVE() 
GEOMETRIC_REPRESENTATION_ITEM() RATIONAL_B_SPLINE_CURVE((1.,
1.031780684522,1.)) REPRESENTATION_ITEM('') );
#1510 = CARTESIAN_POINT('',(-8.606532546521E-02,1.458147552669));
#1511 = CARTESIAN_POINT('',(6.365546721501E-02,1.515624193069));
#1512 = CARTESIAN_POINT('',(0.176502774788,1.538427246576));
#1513 = ( GEOMETRIC_REPRESENTATION_CONTEXT(2) 
PARAMETRIC_REPRESENTATION_CONTEXT() REPRESENTATION_CONTEXT('2D SPACE',''
  ) );
#1514 = ORIENTED_EDGE('',*,*,#969,.T.);
#1515 = ORIENTED_EDGE('',*,*,#1516,.T.);
#1516 = EDGE_CURVE('',#972,#1517,#1519,.T.);
#1517 = VERTEX_POINT('',#1518);
#1518 = CARTESIAN_POINT('',(11.727697156013,-0.592772304636,
    1.434774409441));
#1519 = SURFACE_CURVE('',#1520,(#1525,#1537),.PCURVE_S1.);
#1520 = HYPERBOLA('',#1521,0.141728948278,0.265102932234);
#1521 = AXIS2_PLACEMENT_3D('',#1522,#1523,#1524);
#1522 = CARTESIAN_POINT('',(11.325148438115,-0.199690907093,
    1.104070796241));
#1523 = DIRECTION('',(0.65597202071,0.749159152089,9.198517753569E-02));
#1524 = DIRECTION('',(-6.059660960249E-02,-6.920494050974E-02,
    0.995760376353));
#1525 = PCURVE('',#988,#1526);
#1526 = DEFINITIONAL_REPRESENTATION('',(#1527),#1536);
#1527 = B_SPLINE_CURVE_WITH_KNOTS('',7,(#1528,#1529,#1530,#1531,#1532,
    #1533,#1534,#1535),.UNSPECIFIED.,.F.,.F.,(8,8),(0.572860752094,
    1.495705589678),.PIECEWISE_BEZIER_KNOTS.);
#1528 = CARTESIAN_POINT('',(4.512183064274,-0.165778330124));
#1529 = CARTESIAN_POINT('',(4.620314486317,-0.154527300705));
#1530 = CARTESIAN_POINT('',(4.720187982881,-0.139932051941));
#1531 = CARTESIAN_POINT('',(4.810363537837,-0.121673153329));
#1532 = CARTESIAN_POINT('',(4.890593753746,-9.928894206026E-02));
#1533 = CARTESIAN_POINT('',(4.961557339388,-7.215218505304E-02));
#1534 = CARTESIAN_POINT('',(5.024094223688,-3.9428962638E-02));
#1535 = CARTESIAN_POINT('',(5.079133340097,9.858902818504E-17));
#1536 = ( GEOMETRIC_REPRESENTATION_CONTEXT(2) 
PARAMETRIC_REPRESENTATION_CONTEXT() REPRESENTATION_CONTEXT('2D SPACE',''
  ) );
#1537 = PCURVE('',#881,#1538);
#1538 = DEFINITIONAL_REPRESENTATION('',(#1539),#1543);
#1539 = ( BOUNDED_CURVE() B_SPLINE_CURVE(2,(#1540,#1541,#1542),
.UNSPECIFIED.,.F.,.F.) B_SPLINE_CURVE_WITH_KNOTS((3,3),(0.835122811202,
1.495705589678),.PIECEWISE_BEZIER_KNOTS.) CURVE() 
GEOMETRIC_REPRESENTATION_ITEM() RATIONAL_B_SPLINE_CURVE((1.,
1.055043888988,1.)) REPRESENTATION_ITEM('') );
#1540 = CARTESIAN_POINT('',(-1.976366896134,1.592830539905));
#1541 = CARTESIAN_POINT('',(-1.860633633467,1.550557743508));
#1542 = CARTESIAN_POINT('',(-1.662601965332,1.454810904985));
#1543 = ( GEOMETRIC_REPRESENTATION_CONTEXT(2) 
PARAMETRIC_REPRESENTATION_CONTEXT() REPRESENTATION_CONTEXT('2D SPACE',''
  ) );
#1544 = ORIENTED_EDGE('',*,*,#1545,.T.);
#1545 = EDGE_CURVE('',#1517,#1546,#1548,.T.);
#1546 = VERTEX_POINT('',#1547);
#1547 = CARTESIAN_POINT('',(12.092772304636,-0.227697156013,
    1.434774409441));
#1548 = SURFACE_CURVE('',#1549,(#1554,#1561),.PCURVE_S1.);
#1549 = CIRCLE('',#1550,0.635);
#1550 = AXIS2_PLACEMENT_3D('',#1551,#1552,#1553);
#1551 = CARTESIAN_POINT('',(11.5,0.,1.434774409441));
#1552 = DIRECTION('',(0.,0.,1.));
#1553 = DIRECTION('',(1.,0.,0.));
#1554 = PCURVE('',#988,#1555);
#1555 = DEFINITIONAL_REPRESENTATION('',(#1556),#1560);
#1556 = LINE('',#1557,#1558);
#1557 = CARTESIAN_POINT('',(0.,-0.));
#1558 = VECTOR('',#1559,1.);
#1559 = DIRECTION('',(1.,-0.));
#1560 = ( GEOMETRIC_REPRESENTATION_CONTEXT(2) 
PARAMETRIC_REPRESENTATION_CONTEXT() REPRESENTATION_CONTEXT('2D SPACE',''
  ) );
#1561 = PCURVE('',#910,#1562);
#1562 = DEFINITIONAL_REPRESENTATION('',(#1563),#1567);
#1563 = LINE('',#1564,#1565);
#1564 = CARTESIAN_POINT('',(0.,-2.484921597644));
#1565 = VECTOR('',#1566,1.);
#1566 = DIRECTION('',(1.,-0.));
#1567 = ( GEOMETRIC_REPRESENTATION_CONTEXT(2) 
PARAMETRIC_REPRESENTATION_CONTEXT() REPRESENTATION_CONTEXT('2D SPACE',''
  ) );
#1568 = ORIENTED_EDGE('',*,*,#1569,.T.);
#1569 = EDGE_CURVE('',#1546,#1051,#1570,.T.);
#1570 = SURFACE_CURVE('',#1571,(#1576,#1587),.PCURVE_S1.);
#1571 = HYPERBOLA('',#1572,0.141728948278,0.265102932234);
#1572 = AXIS2_PLACEMENT_3D('',#1573,#1574,#1575);
#1573 = CARTESIAN_POINT('',(11.699690907093,0.174851561885,
    1.104070796241));
#1574 = DIRECTION('',(-0.749159152089,-0.65597202071,9.198517753569E-02)
  );
#1575 = DIRECTION('',(6.920494050974E-02,6.059660960249E-02,
    0.995760376353));
#1576 = PCURVE('',#988,#1577);
#1577 = DEFINITIONAL_REPRESENTATION('',(#1578),#1586);
#1578 = B_SPLINE_CURVE_WITH_KNOTS('',6,(#1579,#1580,#1581,#1582,#1583,
    #1584,#1585),.UNSPECIFIED.,.F.,.F.,(7,7),(-1.495705589678,
    -0.835122811202),.PIECEWISE_BEZIER_KNOTS.);
#1579 = CARTESIAN_POINT('',(5.916440947467,1.455361844636E-16));
#1580 = CARTESIAN_POINT('',(5.962404840264,-3.292764728112E-02));
#1581 = CARTESIAN_POINT('',(6.013748055495,-6.104500780228E-02));
#1582 = CARTESIAN_POINT('',(6.071060748759,-8.507041308477E-02));
#1583 = CARTESIAN_POINT('',(6.134905126895,-0.105547742653));
#1584 = CARTESIAN_POINT('',(6.205668007066,-0.12289673228));
#1585 = CARTESIAN_POINT('',(6.28318530718,-0.137434483612));
#1586 = ( GEOMETRIC_REPRESENTATION_CONTEXT(2) 
PARAMETRIC_REPRESENTATION_CONTEXT() REPRESENTATION_CONTEXT('2D SPACE',''
  ) );
#1587 = PCURVE('',#954,#1588);
#1588 = DEFINITIONAL_REPRESENTATION('',(#1589),#1593);
#1589 = ( BOUNDED_CURVE() B_SPLINE_CURVE(2,(#1590,#1591,#1592),
.UNSPECIFIED.,.F.,.F.) B_SPLINE_CURVE_WITH_KNOTS((3,3),(-1.495705589678,
-0.835122811202),.PIECEWISE_BEZIER_KNOTS.) CURVE() 
GEOMETRIC_REPRESENTATION_ITEM() RATIONAL_B_SPLINE_CURVE((1.,
1.055043888988,1.)) REPRESENTATION_ITEM('') );
#1590 = CARTESIAN_POINT('',(1.662601965332,1.454810904985));
#1591 = CARTESIAN_POINT('',(1.860633633467,1.550557743508));
#1592 = CARTESIAN_POINT('',(1.976366896134,1.592830539905));
#1593 = ( GEOMETRIC_REPRESENTATION_CONTEXT(2) 
PARAMETRIC_REPRESENTATION_CONTEXT() REPRESENTATION_CONTEXT('2D SPACE',''
  ) );
#1594 = ADVANCED_FACE('',(#1595),#881,.T.);
#1595 = FACE_BOUND('',#1596,.T.);
#1596 = EDGE_LOOP('',(#1597,#1598,#1599,#1626));
#1597 = ORIENTED_EDGE('',*,*,#1026,.F.);
#1598 = ORIENTED_EDGE('',*,*,#851,.T.);
#1599 = ORIENTED_EDGE('',*,*,#1600,.F.);
#1600 = EDGE_CURVE('',#1517,#852,#1601,.T.);
#1601 = SURFACE_CURVE('',#1602,(#1607,#1614),.PCURVE_S1.);
#1602 = HYPERBOLA('',#1603,0.371946352015,0.181462181976);
#1603 = AXIS2_PLACEMENT_3D('',#1604,#1605,#1606);
#1604 = CARTESIAN_POINT('',(11.378352868281,-0.138928276169,
    0.229783212269));
#1605 = DIRECTION('',(0.65597202071,0.749159152089,9.198517753569E-02));
#1606 = DIRECTION('',(-6.059660960249E-02,-6.920494050974E-02,
    0.995760376353));
#1607 = PCURVE('',#881,#1608);
#1608 = DEFINITIONAL_REPRESENTATION('',(#1609),#1613);
#1609 = ( BOUNDED_CURVE() B_SPLINE_CURVE(2,(#1610,#1611,#1612),
.UNSPECIFIED.,.F.,.F.) B_SPLINE_CURVE_WITH_KNOTS((3,3),(1.848372210415,
2.989476012915),.PIECEWISE_BEZIER_KNOTS.) CURVE() 
GEOMETRIC_REPRESENTATION_ITEM() RATIONAL_B_SPLINE_CURVE((1.,
1.167228320098,1.)) REPRESENTATION_ITEM('') );
#1610 = CARTESIAN_POINT('',(-1.662601965332,1.454810904985));
#1611 = CARTESIAN_POINT('',(-1.358102671592,0.860886137787));
#1612 = CARTESIAN_POINT('',(-0.425667776949,-1.040690680192));
#1613 = ( GEOMETRIC_REPRESENTATION_CONTEXT(2) 
PARAMETRIC_REPRESENTATION_CONTEXT() REPRESENTATION_CONTEXT('2D SPACE',''
  ) );
#1614 = PCURVE('',#910,#1615);
#1615 = DEFINITIONAL_REPRESENTATION('',(#1616),#1625);
#1616 = B_SPLINE_CURVE_WITH_KNOTS('',7,(#1617,#1618,#1619,#1620,#1621,
    #1622,#1623,#1624),.UNSPECIFIED.,.F.,.F.,(8,8),(1.848372210415,
    2.989476012915),.PIECEWISE_BEZIER_KNOTS.);
#1617 = CARTESIAN_POINT('',(5.079133340097,-2.484921597644));
#1618 = CARTESIAN_POINT('',(5.125717633879,-2.297998935148));
#1619 = CARTESIAN_POINT('',(5.164325282396,-2.073718384544));
#1620 = CARTESIAN_POINT('',(5.196322614243,-1.803964988931));
#1621 = CARTESIAN_POINT('',(5.222971688929,-1.478200152588));
#1622 = CARTESIAN_POINT('',(5.245255958108,-1.082548131164));
#1623 = CARTESIAN_POINT('',(5.263974068399,-0.598472771956));
#1624 = CARTESIAN_POINT('',(5.279759571906,8.94934361602E-17));
#1625 = ( GEOMETRIC_REPRESENTATION_CONTEXT(2) 
PARAMETRIC_REPRESENTATION_CONTEXT() REPRESENTATION_CONTEXT('2D SPACE',''
  ) );
#1626 = ORIENTED_EDGE('',*,*,#1516,.F.);
#1627 = ADVANCED_FACE('',(#1628),#805,.T.);
#1628 = FACE_BOUND('',#1629,.T.);
#1629 = EDGE_LOOP('',(#1630,#1651,#1652,#1653));
#1630 = ORIENTED_EDGE('',*,*,#1631,.F.);
#1631 = EDGE_CURVE('',#738,#1461,#1632,.T.);
#1632 = SURFACE_CURVE('',#1633,(#1637,#1644),.PCURVE_S1.);
#1633 = LINE('',#1634,#1635);
#1634 = CARTESIAN_POINT('',(11.295,-0.970096852285,4.669696007085));
#1635 = VECTOR('',#1636,1.);
#1636 = DIRECTION('',(0.,0.121869343405,-0.992546151641));
#1637 = PCURVE('',#805,#1638);
#1638 = DEFINITIONAL_REPRESENTATION('',(#1639),#1643);
#1639 = LINE('',#1640,#1641);
#1640 = CARTESIAN_POINT('',(-0.187776159379,-1.797998256873));
#1641 = VECTOR('',#1642,1.);
#1642 = DIRECTION('',(4.338992808727E-02,0.999058213589));
#1643 = ( GEOMETRIC_REPRESENTATION_CONTEXT(2) 
PARAMETRIC_REPRESENTATION_CONTEXT() REPRESENTATION_CONTEXT('2D SPACE',''
  ) );
#1644 = PCURVE('',#771,#1645);
#1645 = DEFINITIONAL_REPRESENTATION('',(#1646),#1650);
#1646 = LINE('',#1647,#1648);
#1647 = CARTESIAN_POINT('',(1.431109962531,-1.793883936131));
#1648 = VECTOR('',#1649,1.);
#1649 = DIRECTION('',(8.028325022222E-02,0.996772090166));
#1650 = ( GEOMETRIC_REPRESENTATION_CONTEXT(2) 
PARAMETRIC_REPRESENTATION_CONTEXT() REPRESENTATION_CONTEXT('2D SPACE',''
  ) );
#1651 = ORIENTED_EDGE('',*,*,#783,.T.);
#1652 = ORIENTED_EDGE('',*,*,#1004,.T.);
#1653 = ORIENTED_EDGE('',*,*,#1489,.F.);
#1654 = ADVANCED_FACE('',(#1655),#227,.T.);
#1655 = FACE_BOUND('',#1656,.T.);
#1656 = EDGE_LOOP('',(#1657,#1678,#1679,#1700));
#1657 = ORIENTED_EDGE('',*,*,#1658,.F.);
#1658 = EDGE_CURVE('',#205,#1051,#1659,.T.);
#1659 = SURFACE_CURVE('',#1660,(#1664,#1671),.PCURVE_S1.);
#1660 = LINE('',#1661,#1662);
#1661 = CARTESIAN_POINT('',(12.470096852285,-0.205,4.669696007085));
#1662 = VECTOR('',#1663,1.);
#1663 = DIRECTION('',(-0.121869343405,0.,-0.992546151641));
#1664 = PCURVE('',#227,#1665);
#1665 = DEFINITIONAL_REPRESENTATION('',(#1666),#1670);
#1666 = LINE('',#1667,#1668);
#1667 = CARTESIAN_POINT('',(-0.187776159379,-1.797998256873));
#1668 = VECTOR('',#1669,1.);
#1669 = DIRECTION('',(4.338992808727E-02,0.999058213589));
#1670 = ( GEOMETRIC_REPRESENTATION_CONTEXT(2) 
PARAMETRIC_REPRESENTATION_CONTEXT() REPRESENTATION_CONTEXT('2D SPACE',''
  ) );
#1671 = PCURVE('',#954,#1672);
#1672 = DEFINITIONAL_REPRESENTATION('',(#1673),#1677);
#1673 = LINE('',#1674,#1675);
#1674 = CARTESIAN_POINT('',(1.431109962531,-1.793883936131));
#1675 = VECTOR('',#1676,1.);
#1676 = DIRECTION('',(8.028325022222E-02,0.996772090166));
#1677 = ( GEOMETRIC_REPRESENTATION_CONTEXT(2) 
PARAMETRIC_REPRESENTATION_CONTEXT() REPRESENTATION_CONTEXT('2D SPACE',''
  ) );
#1678 = ORIENTED_EDGE('',*,*,#204,.T.);
#1679 = ORIENTED_EDGE('',*,*,#1680,.T.);
#1680 = EDGE_CURVE('',#207,#1053,#1681,.T.);
#1681 = SURFACE_CURVE('',#1682,(#1686,#1693),.PCURVE_S1.);
#1682 = LINE('',#1683,#1684);
#1683 = CARTESIAN_POINT('',(12.391991284286,0.,4.669696007085));
#1684 = VECTOR('',#1685,1.);
#1685 = DIRECTION('',(-0.121869343405,0.,-0.992546151641));
#1686 = PCURVE('',#227,#1687);
#1687 = DEFINITIONAL_REPRESENTATION('',(#1688),#1692);
#1688 = LINE('',#1689,#1690);
#1689 = CARTESIAN_POINT('',(3.159904376042E-02,-1.797998256873));
#1690 = VECTOR('',#1691,1.);
#1691 = DIRECTION('',(4.338992808727E-02,0.999058213589));
#1692 = ( GEOMETRIC_REPRESENTATION_CONTEXT(2) 
PARAMETRIC_REPRESENTATION_CONTEXT() REPRESENTATION_CONTEXT('2D SPACE',''
  ) );
#1693 = PCURVE('',#284,#1694);
#1694 = DEFINITIONAL_REPRESENTATION('',(#1695),#1699);
#1695 = LINE('',#1696,#1697);
#1696 = CARTESIAN_POINT('',(-3.159904376042E-02,-1.797998256873));
#1697 = VECTOR('',#1698,1.);
#1698 = DIRECTION('',(-4.338992808727E-02,0.999058213589));
#1699 = ( GEOMETRIC_REPRESENTATION_CONTEXT(2) 
PARAMETRIC_REPRESENTATION_CONTEXT() REPRESENTATION_CONTEXT('2D SPACE',''
  ) );
#1700 = ORIENTED_EDGE('',*,*,#1050,.F.);
#1701 = ADVANCED_FACE('',(#1702),#954,.T.);
#1702 = FACE_BOUND('',#1703,.T.);
#1703 = EDGE_LOOP('',(#1704,#1705,#1706,#1707));
#1704 = ORIENTED_EDGE('',*,*,#922,.T.);
#1705 = ORIENTED_EDGE('',*,*,#1658,.T.);
#1706 = ORIENTED_EDGE('',*,*,#1569,.F.);
#1707 = ORIENTED_EDGE('',*,*,#1708,.F.);
#1708 = EDGE_CURVE('',#894,#1546,#1709,.T.);
#1709 = SURFACE_CURVE('',#1710,(#1715,#1722),.PCURVE_S1.);
#1710 = HYPERBOLA('',#1711,0.371946352015,0.181462181976);
#1711 = AXIS2_PLACEMENT_3D('',#1712,#1713,#1714);
#1712 = CARTESIAN_POINT('',(11.638928276169,0.121647131719,
    0.229783212269));
#1713 = DIRECTION('',(-0.749159152089,-0.65597202071,9.198517753569E-02)
  );
#1714 = DIRECTION('',(6.920494050974E-02,6.059660960249E-02,
    0.995760376353));
#1715 = PCURVE('',#954,#1716);
#1716 = DEFINITIONAL_REPRESENTATION('',(#1717),#1721);
#1717 = ( BOUNDED_CURVE() B_SPLINE_CURVE(2,(#1718,#1719,#1720),
.UNSPECIFIED.,.F.,.F.) B_SPLINE_CURVE_WITH_KNOTS((3,3),(-2.989476012915,
-1.848372210415),.PIECEWISE_BEZIER_KNOTS.) CURVE() 
GEOMETRIC_REPRESENTATION_ITEM() RATIONAL_B_SPLINE_CURVE((1.,
1.167228320098,1.)) REPRESENTATION_ITEM('') );
#1718 = CARTESIAN_POINT('',(0.425667776949,-1.040690680192));
#1719 = CARTESIAN_POINT('',(1.358102671592,0.860886137787));
#1720 = CARTESIAN_POINT('',(1.662601965332,1.454810904985));
#1721 = ( GEOMETRIC_REPRESENTATION_CONTEXT(2) 
PARAMETRIC_REPRESENTATION_CONTEXT() REPRESENTATION_CONTEXT('2D SPACE',''
  ) );
#1722 = PCURVE('',#910,#1723);
#1723 = DEFINITIONAL_REPRESENTATION('',(#1724),#1733);
#1724 = B_SPLINE_CURVE_WITH_KNOTS('',7,(#1725,#1726,#1727,#1728,#1729,
    #1730,#1731,#1732),.UNSPECIFIED.,.F.,.F.,(8,8),(-2.989476012915,
    -1.848372210415),.PIECEWISE_BEZIER_KNOTS.);
#1725 = CARTESIAN_POINT('',(5.715814715658,1.789868723204E-16));
#1726 = CARTESIAN_POINT('',(5.731600219165,-0.598472771956));
#1727 = CARTESIAN_POINT('',(5.750318329456,-1.082548131164));
#1728 = CARTESIAN_POINT('',(5.772602598634,-1.478200152588));
#1729 = CARTESIAN_POINT('',(5.79925167332,-1.803964988931));
#1730 = CARTESIAN_POINT('',(5.831249005168,-2.073718384544));
#1731 = CARTESIAN_POINT('',(5.869856653685,-2.297998935148));
#1732 = CARTESIAN_POINT('',(5.916440947467,-2.484921597644));
#1733 = ( GEOMETRIC_REPRESENTATION_CONTEXT(2) 
PARAMETRIC_REPRESENTATION_CONTEXT() REPRESENTATION_CONTEXT('2D SPACE',''
  ) );
#1734 = ADVANCED_FACE('',(#1735),#910,.F.);
#1735 = FACE_BOUND('',#1736,.T.);
#1736 = EDGE_LOOP('',(#1737,#1738,#1739,#1740));
#1737 = ORIENTED_EDGE('',*,*,#1545,.F.);
#1738 = ORIENTED_EDGE('',*,*,#1600,.T.);
#1739 = ORIENTED_EDGE('',*,*,#893,.F.);
#1740 = ORIENTED_EDGE('',*,*,#1708,.T.);
#1741 = ADVANCED_FACE('',(#1742),#771,.T.);
#1742 = FACE_BOUND('',#1743,.T.);
#1743 = EDGE_LOOP('',(#1744,#1745,#1746,#1747));
#1744 = ORIENTED_EDGE('',*,*,#737,.T.);
#1745 = ORIENTED_EDGE('',*,*,#1631,.T.);
#1746 = ORIENTED_EDGE('',*,*,#1460,.F.);
#1747 = ORIENTED_EDGE('',*,*,#1748,.F.);
#1748 = EDGE_CURVE('',#709,#1437,#1749,.T.);
#1749 = SURFACE_CURVE('',#1750,(#1755,#1762),.PCURVE_S1.);
#1750 = HYPERBOLA('',#1751,0.371946352015,0.181462181976);
#1751 = AXIS2_PLACEMENT_3D('',#1752,#1753,#1754);
#1752 = CARTESIAN_POINT('',(11.621647131719,-0.138928276169,
    0.229783212269));
#1753 = DIRECTION('',(-0.65597202071,0.749159152089,9.198517753569E-02)
  );
#1754 = DIRECTION('',(6.059660960249E-02,-6.920494050974E-02,
    0.995760376353));
#1755 = PCURVE('',#771,#1756);
#1756 = DEFINITIONAL_REPRESENTATION('',(#1757),#1761);
#1757 = ( BOUNDED_CURVE() B_SPLINE_CURVE(2,(#1758,#1759,#1760),
.UNSPECIFIED.,.F.,.F.) B_SPLINE_CURVE_WITH_KNOTS((3,3),(-2.989476012915,
-1.848372210415),.PIECEWISE_BEZIER_KNOTS.) CURVE() 
GEOMETRIC_REPRESENTATION_ITEM() RATIONAL_B_SPLINE_CURVE((1.,
1.167228320098,1.)) REPRESENTATION_ITEM('') );
#1758 = CARTESIAN_POINT('',(0.425667776949,-1.040690680192));
#1759 = CARTESIAN_POINT('',(1.358102671592,0.860886137787));
#1760 = CARTESIAN_POINT('',(1.662601965332,1.454810904985));
#1761 = ( GEOMETRIC_REPRESENTATION_CONTEXT(2) 
PARAMETRIC_REPRESENTATION_CONTEXT() REPRESENTATION_CONTEXT('2D SPACE',''
  ) );
#1762 = PCURVE('',#725,#1763);
#1763 = DEFINITIONAL_REPRESENTATION('',(#1764),#1773);
#1764 = B_SPLINE_CURVE_WITH_KNOTS('',7,(#1765,#1766,#1767,#1768,#1769,
    #1770,#1771,#1772),.UNSPECIFIED.,.F.,.F.,(8,8),(-2.989476012915,
    -1.848372210415),.PIECEWISE_BEZIER_KNOTS.);
#1765 = CARTESIAN_POINT('',(4.145018388864,2.129943780613E-15));
#1766 = CARTESIAN_POINT('',(4.16080389237,-0.598472771956));
#1767 = CARTESIAN_POINT('',(4.179522002662,-1.082548131164));
#1768 = CARTESIAN_POINT('',(4.201806271842,-1.478200152588));
#1769 = CARTESIAN_POINT('',(4.228455346525,-1.803964988931));
#1770 = CARTESIAN_POINT('',(4.260452678373,-2.073718384544));
#1771 = CARTESIAN_POINT('',(4.29906032689,-2.297998935148));
#1772 = CARTESIAN_POINT('',(4.345644620672,-2.484921597644));
#1773 = ( GEOMETRIC_REPRESENTATION_CONTEXT(2) 
PARAMETRIC_REPRESENTATION_CONTEXT() REPRESENTATION_CONTEXT('2D SPACE',''
  ) );
#1774 = ADVANCED_FACE('',(#1775),#725,.F.);
#1775 = FACE_BOUND('',#1776,.T.);
#1776 = EDGE_LOOP('',(#1777,#1778,#1805,#1806));
#1777 = ORIENTED_EDGE('',*,*,#1436,.F.);
#1778 = ORIENTED_EDGE('',*,*,#1779,.T.);
#1779 = EDGE_CURVE('',#1408,#667,#1780,.T.);
#1780 = SURFACE_CURVE('',#1781,(#1786,#1798),.PCURVE_S1.);
#1781 = HYPERBOLA('',#1782,0.371946352015,0.181462181976);
#1782 = AXIS2_PLACEMENT_3D('',#1783,#1784,#1785);
#1783 = CARTESIAN_POINT('',(11.361071723831,0.121647131719,
    0.229783212269));
#1784 = DIRECTION('',(0.749159152089,-0.65597202071,9.198517753569E-02)
  );
#1785 = DIRECTION('',(-6.920494050974E-02,6.059660960249E-02,
    0.995760376353));
#1786 = PCURVE('',#725,#1787);
#1787 = DEFINITIONAL_REPRESENTATION('',(#1788),#1797);
#1788 = B_SPLINE_CURVE_WITH_KNOTS('',7,(#1789,#1790,#1791,#1792,#1793,
    #1794,#1795,#1796),.UNSPECIFIED.,.F.,.F.,(8,8),(1.848372210415,
    2.989476012915),.PIECEWISE_BEZIER_KNOTS.);
#1789 = CARTESIAN_POINT('',(3.508337013302,-2.484921597644));
#1790 = CARTESIAN_POINT('',(3.554921307084,-2.297998935148));
#1791 = CARTESIAN_POINT('',(3.593528955601,-2.073718384544));
#1792 = CARTESIAN_POINT('',(3.62552628745,-1.803964988932));
#1793 = CARTESIAN_POINT('',(3.652175362135,-1.478200152587));
#1794 = CARTESIAN_POINT('',(3.674459631313,-1.082548131164));
#1795 = CARTESIAN_POINT('',(3.693177741604,-0.598472771956));
#1796 = CARTESIAN_POINT('',(3.708963245111,1.601932507268E-15));
#1797 = ( GEOMETRIC_REPRESENTATION_CONTEXT(2) 
PARAMETRIC_REPRESENTATION_CONTEXT() REPRESENTATION_CONTEXT('2D SPACE',''
  ) );
#1798 = PCURVE('',#696,#1799);
#1799 = DEFINITIONAL_REPRESENTATION('',(#1800),#1804);
#1800 = ( BOUNDED_CURVE() B_SPLINE_CURVE(2,(#1801,#1802,#1803),
.UNSPECIFIED.,.F.,.F.) B_SPLINE_CURVE_WITH_KNOTS((3,3),(1.848372210415,
2.989476012915),.PIECEWISE_BEZIER_KNOTS.) CURVE() 
GEOMETRIC_REPRESENTATION_ITEM() RATIONAL_B_SPLINE_CURVE((1.,
1.167228320098,1.)) REPRESENTATION_ITEM('') );
#1801 = CARTESIAN_POINT('',(-1.662601965332,1.454810904985));
#1802 = CARTESIAN_POINT('',(-1.358102671592,0.860886137787));
#1803 = CARTESIAN_POINT('',(-0.425667776949,-1.040690680192));
#1804 = ( GEOMETRIC_REPRESENTATION_CONTEXT(2) 
PARAMETRIC_REPRESENTATION_CONTEXT() REPRESENTATION_CONTEXT('2D SPACE',''
  ) );
#1805 = ORIENTED_EDGE('',*,*,#708,.F.);
#1806 = ORIENTED_EDGE('',*,*,#1748,.T.);
#1807 = ADVANCED_FACE('',(#1808),#696,.T.);
#1808 = FACE_BOUND('',#1809,.T.);
#1809 = EDGE_LOOP('',(#1810,#1831,#1832,#1833));
#1810 = ORIENTED_EDGE('',*,*,#1811,.F.);
#1811 = EDGE_CURVE('',#633,#1380,#1812,.T.);
#1812 = SURFACE_CURVE('',#1813,(#1817,#1824),.PCURVE_S1.);
#1813 = LINE('',#1814,#1815);
#1814 = CARTESIAN_POINT('',(10.529903147715,-0.205,4.669696007085));
#1815 = VECTOR('',#1816,1.);
#1816 = DIRECTION('',(0.121869343405,-0.,-0.992546151641));
#1817 = PCURVE('',#696,#1818);
#1818 = DEFINITIONAL_REPRESENTATION('',(#1819),#1823);
#1819 = LINE('',#1820,#1821);
#1820 = CARTESIAN_POINT('',(-1.431109962531,-1.793883936131));
#1821 = VECTOR('',#1822,1.);
#1822 = DIRECTION('',(-8.028325022222E-02,0.996772090166));
#1823 = ( GEOMETRIC_REPRESENTATION_CONTEXT(2) 
PARAMETRIC_REPRESENTATION_CONTEXT() REPRESENTATION_CONTEXT('2D SPACE',''
  ) );
#1824 = PCURVE('',#654,#1825);
#1825 = DEFINITIONAL_REPRESENTATION('',(#1826),#1830);
#1826 = LINE('',#1827,#1828);
#1827 = CARTESIAN_POINT('',(0.187776159379,-1.797998256873));
#1828 = VECTOR('',#1829,1.);
#1829 = DIRECTION('',(-4.338992808727E-02,0.999058213589));
#1830 = ( GEOMETRIC_REPRESENTATION_CONTEXT(2) 
PARAMETRIC_REPRESENTATION_CONTEXT() REPRESENTATION_CONTEXT('2D SPACE',''
  ) );
#1831 = ORIENTED_EDGE('',*,*,#666,.T.);
#1832 = ORIENTED_EDGE('',*,*,#1779,.F.);
#1833 = ORIENTED_EDGE('',*,*,#1407,.F.);
#1834 = ADVANCED_FACE('',(#1835),#654,.T.);
#1835 = FACE_BOUND('',#1836,.T.);
#1836 = EDGE_LOOP('',(#1837,#1838,#1859,#1860));
#1837 = ORIENTED_EDGE('',*,*,#1379,.F.);
#1838 = ORIENTED_EDGE('',*,*,#1839,.F.);
#1839 = EDGE_CURVE('',#599,#1352,#1840,.T.);
#1840 = SURFACE_CURVE('',#1841,(#1845,#1852),.PCURVE_S1.);
#1841 = LINE('',#1842,#1843);
#1842 = CARTESIAN_POINT('',(10.608008715714,0.,4.669696007085));
#1843 = VECTOR('',#1844,1.);
#1844 = DIRECTION('',(0.121869343405,-0.,-0.992546151641));
#1845 = PCURVE('',#654,#1846);
#1846 = DEFINITIONAL_REPRESENTATION('',(#1847),#1851);
#1847 = LINE('',#1848,#1849);
#1848 = CARTESIAN_POINT('',(-3.159904376042E-02,-1.797998256873));
#1849 = VECTOR('',#1850,1.);
#1850 = DIRECTION('',(-4.338992808727E-02,0.999058213589));
#1851 = ( GEOMETRIC_REPRESENTATION_CONTEXT(2) 
PARAMETRIC_REPRESENTATION_CONTEXT() REPRESENTATION_CONTEXT('2D SPACE',''
  ) );
#1852 = PCURVE('',#620,#1853);
#1853 = DEFINITIONAL_REPRESENTATION('',(#1854),#1858);
#1854 = LINE('',#1855,#1856);
#1855 = CARTESIAN_POINT('',(3.159904376042E-02,-1.797998256873));
#1856 = VECTOR('',#1857,1.);
#1857 = DIRECTION('',(4.338992808727E-02,0.999058213589));
#1858 = ( GEOMETRIC_REPRESENTATION_CONTEXT(2) 
PARAMETRIC_REPRESENTATION_CONTEXT() REPRESENTATION_CONTEXT('2D SPACE',''
  ) );
#1859 = ORIENTED_EDGE('',*,*,#632,.T.);
#1860 = ORIENTED_EDGE('',*,*,#1811,.T.);
#1861 = ADVANCED_FACE('',(#1862),#620,.T.);
#1862 = FACE_BOUND('',#1863,.T.);
#1863 = EDGE_LOOP('',(#1864,#1885,#1886,#1887));
#1864 = ORIENTED_EDGE('',*,*,#1865,.F.);
#1865 = EDGE_CURVE('',#553,#1323,#1866,.T.);
#1866 = SURFACE_CURVE('',#1867,(#1871,#1878),.PCURVE_S1.);
#1867 = LINE('',#1868,#1869);
#1868 = CARTESIAN_POINT('',(10.529903147715,0.205,4.669696007085));
#1869 = VECTOR('',#1870,1.);
#1870 = DIRECTION('',(0.121869343405,-0.,-0.992546151641));
#1871 = PCURVE('',#620,#1872);
#1872 = DEFINITIONAL_REPRESENTATION('',(#1873),#1877);
#1873 = LINE('',#1874,#1875);
#1874 = CARTESIAN_POINT('',(-0.187776159379,-1.797998256873));
#1875 = VECTOR('',#1876,1.);
#1876 = DIRECTION('',(4.338992808727E-02,0.999058213589));
#1877 = ( GEOMETRIC_REPRESENTATION_CONTEXT(2) 
PARAMETRIC_REPRESENTATION_CONTEXT() REPRESENTATION_CONTEXT('2D SPACE',''
  ) );
#1878 = PCURVE('',#586,#1879);
#1879 = DEFINITIONAL_REPRESENTATION('',(#1880),#1884);
#1880 = LINE('',#1881,#1882);
#1881 = CARTESIAN_POINT('',(1.431109962531,-1.793883936131));
#1882 = VECTOR('',#1883,1.);
#1883 = DIRECTION('',(8.028325022222E-02,0.996772090166));
#1884 = ( GEOMETRIC_REPRESENTATION_CONTEXT(2) 
PARAMETRIC_REPRESENTATION_CONTEXT() REPRESENTATION_CONTEXT('2D SPACE',''
  ) );
#1885 = ORIENTED_EDGE('',*,*,#598,.T.);
#1886 = ORIENTED_EDGE('',*,*,#1839,.T.);
#1887 = ORIENTED_EDGE('',*,*,#1351,.F.);
#1888 = ADVANCED_FACE('',(#1889),#586,.T.);
#1889 = FACE_BOUND('',#1890,.T.);
#1890 = EDGE_LOOP('',(#1891,#1892,#1893,#1894));
#1891 = ORIENTED_EDGE('',*,*,#552,.T.);
#1892 = ORIENTED_EDGE('',*,*,#1865,.T.);
#1893 = ORIENTED_EDGE('',*,*,#1322,.F.);
#1894 = ORIENTED_EDGE('',*,*,#1895,.F.);
#1895 = EDGE_CURVE('',#524,#1299,#1896,.T.);
#1896 = SURFACE_CURVE('',#1897,(#1902,#1909),.PCURVE_S1.);
#1897 = HYPERBOLA('',#1898,0.371946352015,0.181462181976);
#1898 = AXIS2_PLACEMENT_3D('',#1899,#1900,#1901);
#1899 = CARTESIAN_POINT('',(11.361071723831,-0.121647131719,
    0.229783212269));
#1900 = DIRECTION('',(0.749159152089,0.65597202071,9.198517753569E-02));
#1901 = DIRECTION('',(-6.920494050974E-02,-6.059660960249E-02,
    0.995760376353));
#1902 = PCURVE('',#586,#1903);
#1903 = DEFINITIONAL_REPRESENTATION('',(#1904),#1908);
#1904 = ( BOUNDED_CURVE() B_SPLINE_CURVE(2,(#1905,#1906,#1907),
.UNSPECIFIED.,.F.,.F.) B_SPLINE_CURVE_WITH_KNOTS((3,3),(-2.989476012915,
-1.848372210415),.PIECEWISE_BEZIER_KNOTS.) CURVE() 
GEOMETRIC_REPRESENTATION_ITEM() RATIONAL_B_SPLINE_CURVE((1.,
1.167228320098,1.)) REPRESENTATION_ITEM('') );
#1905 = CARTESIAN_POINT('',(0.425667776949,-1.040690680192));
#1906 = CARTESIAN_POINT('',(1.358102671592,0.860886137787));
#1907 = CARTESIAN_POINT('',(1.662601965332,1.454810904985));
#1908 = ( GEOMETRIC_REPRESENTATION_CONTEXT(2) 
PARAMETRIC_REPRESENTATION_CONTEXT() REPRESENTATION_CONTEXT('2D SPACE',''
  ) );
#1909 = PCURVE('',#540,#1910);
#1910 = DEFINITIONAL_REPRESENTATION('',(#1911),#1920);
#1911 = B_SPLINE_CURVE_WITH_KNOTS('',7,(#1912,#1913,#1914,#1915,#1916,
    #1917,#1918,#1919),.UNSPECIFIED.,.F.,.F.,(8,8),(-2.989476012915,
    -1.848372210415),.PIECEWISE_BEZIER_KNOTS.);
#1912 = CARTESIAN_POINT('',(2.574222062069,1.780919379588E-15));
#1913 = CARTESIAN_POINT('',(2.590007565575,-0.598472771956));
#1914 = CARTESIAN_POINT('',(2.608725675866,-1.082548131164));
#1915 = CARTESIAN_POINT('',(2.631009945046,-1.478200152588));
#1916 = CARTESIAN_POINT('',(2.657659019729,-1.803964988931));
#1917 = CARTESIAN_POINT('',(2.689656351579,-2.073718384544));
#1918 = CARTESIAN_POINT('',(2.728264000095,-2.297998935148));
#1919 = CARTESIAN_POINT('',(2.774848293877,-2.484921597644));
#1920 = ( GEOMETRIC_REPRESENTATION_CONTEXT(2) 
PARAMETRIC_REPRESENTATION_CONTEXT() REPRESENTATION_CONTEXT('2D SPACE',''
  ) );
#1921 = ADVANCED_FACE('',(#1922),#540,.F.);
#1922 = FACE_BOUND('',#1923,.T.);
#1923 = EDGE_LOOP('',(#1924,#1925,#1952,#1953));
#1924 = ORIENTED_EDGE('',*,*,#1298,.F.);
#1925 = ORIENTED_EDGE('',*,*,#1926,.T.);
#1926 = EDGE_CURVE('',#1270,#482,#1927,.T.);
#1927 = SURFACE_CURVE('',#1928,(#1933,#1945),.PCURVE_S1.);
#1928 = HYPERBOLA('',#1929,0.371946352015,0.181462181976);
#1929 = AXIS2_PLACEMENT_3D('',#1930,#1931,#1932);
#1930 = CARTESIAN_POINT('',(11.621647131719,0.138928276169,
    0.229783212269));
#1931 = DIRECTION('',(-0.65597202071,-0.749159152089,9.198517753569E-02)
  );
#1932 = DIRECTION('',(6.059660960249E-02,6.920494050974E-02,
    0.995760376353));
#1933 = PCURVE('',#540,#1934);
#1934 = DEFINITIONAL_REPRESENTATION('',(#1935),#1944);
#1935 = B_SPLINE_CURVE_WITH_KNOTS('',7,(#1936,#1937,#1938,#1939,#1940,
    #1941,#1942,#1943),.UNSPECIFIED.,.F.,.F.,(8,8),(1.848372210415,
    2.989476012915),.PIECEWISE_BEZIER_KNOTS.);
#1936 = CARTESIAN_POINT('',(1.937540686507,-2.484921597644));
#1937 = CARTESIAN_POINT('',(1.984124980289,-2.297998935148));
#1938 = CARTESIAN_POINT('',(2.022732628806,-2.073718384544));
#1939 = CARTESIAN_POINT('',(2.054729960657,-1.803964988932));
#1940 = CARTESIAN_POINT('',(2.081379035339,-1.478200152587));
#1941 = CARTESIAN_POINT('',(2.103663304518,-1.082548131164));
#1942 = CARTESIAN_POINT('',(2.122381414809,-0.598472771956));
#1943 = CARTESIAN_POINT('',(2.138166918316,1.601932507268E-15));
#1944 = ( GEOMETRIC_REPRESENTATION_CONTEXT(2) 
PARAMETRIC_REPRESENTATION_CONTEXT() REPRESENTATION_CONTEXT('2D SPACE',''
  ) );
#1945 = PCURVE('',#511,#1946);
#1946 = DEFINITIONAL_REPRESENTATION('',(#1947),#1951);
#1947 = ( BOUNDED_CURVE() B_SPLINE_CURVE(2,(#1948,#1949,#1950),
.UNSPECIFIED.,.F.,.F.) B_SPLINE_CURVE_WITH_KNOTS((3,3),(1.848372210415,
2.989476012915),.PIECEWISE_BEZIER_KNOTS.) CURVE() 
GEOMETRIC_REPRESENTATION_ITEM() RATIONAL_B_SPLINE_CURVE((1.,
1.167228320098,1.)) REPRESENTATION_ITEM('') );
#1948 = CARTESIAN_POINT('',(-1.662601965332,1.454810904985));
#1949 = CARTESIAN_POINT('',(-1.358102671592,0.860886137787));
#1950 = CARTESIAN_POINT('',(-0.425667776949,-1.040690680192));
#1951 = ( GEOMETRIC_REPRESENTATION_CONTEXT(2) 
PARAMETRIC_REPRESENTATION_CONTEXT() REPRESENTATION_CONTEXT('2D SPACE',''
  ) );
#1952 = ORIENTED_EDGE('',*,*,#523,.F.);
#1953 = ORIENTED_EDGE('',*,*,#1895,.T.);
#1954 = ADVANCED_FACE('',(#1955),#511,.T.);
#1955 = FACE_BOUND('',#1956,.T.);
#1956 = EDGE_LOOP('',(#1957,#1978,#1979,#1980));
#1957 = ORIENTED_EDGE('',*,*,#1958,.F.);
#1958 = EDGE_CURVE('',#448,#1242,#1959,.T.);
#1959 = SURFACE_CURVE('',#1960,(#1964,#1971),.PCURVE_S1.);
#1960 = LINE('',#1961,#1962);
#1961 = CARTESIAN_POINT('',(11.295,0.970096852285,4.669696007085));
#1962 = VECTOR('',#1963,1.);
#1963 = DIRECTION('',(-0.,-0.121869343405,-0.992546151641));
#1964 = PCURVE('',#511,#1965);
#1965 = DEFINITIONAL_REPRESENTATION('',(#1966),#1970);
#1966 = LINE('',#1967,#1968);
#1967 = CARTESIAN_POINT('',(-1.431109962531,-1.793883936131));
#1968 = VECTOR('',#1969,1.);
#1969 = DIRECTION('',(-8.028325022222E-02,0.996772090166));
#1970 = ( GEOMETRIC_REPRESENTATION_CONTEXT(2) 
PARAMETRIC_REPRESENTATION_CONTEXT() REPRESENTATION_CONTEXT('2D SPACE',''
  ) );
#1971 = PCURVE('',#469,#1972);
#1972 = DEFINITIONAL_REPRESENTATION('',(#1973),#1977);
#1973 = LINE('',#1974,#1975);
#1974 = CARTESIAN_POINT('',(0.187776159379,-1.797998256873));
#1975 = VECTOR('',#1976,1.);
#1976 = DIRECTION('',(-4.338992808727E-02,0.999058213589));
#1977 = ( GEOMETRIC_REPRESENTATION_CONTEXT(2) 
PARAMETRIC_REPRESENTATION_CONTEXT() REPRESENTATION_CONTEXT('2D SPACE',''
  ) );
#1978 = ORIENTED_EDGE('',*,*,#481,.T.);
#1979 = ORIENTED_EDGE('',*,*,#1926,.F.);
#1980 = ORIENTED_EDGE('',*,*,#1269,.F.);
#1981 = ADVANCED_FACE('',(#1982),#469,.T.);
#1982 = FACE_BOUND('',#1983,.T.);
#1983 = EDGE_LOOP('',(#1984,#1985,#2006,#2007));
#1984 = ORIENTED_EDGE('',*,*,#1241,.F.);
#1985 = ORIENTED_EDGE('',*,*,#1986,.F.);
#1986 = EDGE_CURVE('',#414,#1214,#1987,.T.);
#1987 = SURFACE_CURVE('',#1988,(#1992,#1999),.PCURVE_S1.);
#1988 = LINE('',#1989,#1990);
#1989 = CARTESIAN_POINT('',(11.5,0.891991284286,4.669696007085));
#1990 = VECTOR('',#1991,1.);
#1991 = DIRECTION('',(-0.,-0.121869343405,-0.992546151641));
#1992 = PCURVE('',#469,#1993);
#1993 = DEFINITIONAL_REPRESENTATION('',(#1994),#1998);
#1994 = LINE('',#1995,#1996);
#1995 = CARTESIAN_POINT('',(-3.159904376042E-02,-1.797998256873));
#1996 = VECTOR('',#1997,1.);
#1997 = DIRECTION('',(-4.338992808727E-02,0.999058213589));
#1998 = ( GEOMETRIC_REPRESENTATION_CONTEXT(2) 
PARAMETRIC_REPRESENTATION_CONTEXT() REPRESENTATION_CONTEXT('2D SPACE',''
  ) );
#1999 = PCURVE('',#435,#2000);
#2000 = DEFINITIONAL_REPRESENTATION('',(#2001),#2005);
#2001 = LINE('',#2002,#2003);
#2002 = CARTESIAN_POINT('',(3.159904376042E-02,-1.797998256873));
#2003 = VECTOR('',#2004,1.);
#2004 = DIRECTION('',(4.338992808727E-02,0.999058213589));
#2005 = ( GEOMETRIC_REPRESENTATION_CONTEXT(2) 
PARAMETRIC_REPRESENTATION_CONTEXT() REPRESENTATION_CONTEXT('2D SPACE',''
  ) );
#2006 = ORIENTED_EDGE('',*,*,#447,.T.);
#2007 = ORIENTED_EDGE('',*,*,#1958,.T.);
#2008 = ADVANCED_FACE('',(#2009),#435,.T.);
#2009 = FACE_BOUND('',#2010,.T.);
#2010 = EDGE_LOOP('',(#2011,#2032,#2033,#2034));
#2011 = ORIENTED_EDGE('',*,*,#2012,.F.);
#2012 = EDGE_CURVE('',#368,#1185,#2013,.T.);
#2013 = SURFACE_CURVE('',#2014,(#2018,#2025),.PCURVE_S1.);
#2014 = LINE('',#2015,#2016);
#2015 = CARTESIAN_POINT('',(11.705,0.970096852285,4.669696007085));
#2016 = VECTOR('',#2017,1.);
#2017 = DIRECTION('',(-0.,-0.121869343405,-0.992546151641));
#2018 = PCURVE('',#435,#2019);
#2019 = DEFINITIONAL_REPRESENTATION('',(#2020),#2024);
#2020 = LINE('',#2021,#2022);
#2021 = CARTESIAN_POINT('',(-0.187776159379,-1.797998256873));
#2022 = VECTOR('',#2023,1.);
#2023 = DIRECTION('',(4.338992808727E-02,0.999058213589));
#2024 = ( GEOMETRIC_REPRESENTATION_CONTEXT(2) 
PARAMETRIC_REPRESENTATION_CONTEXT() REPRESENTATION_CONTEXT('2D SPACE',''
  ) );
#2025 = PCURVE('',#401,#2026);
#2026 = DEFINITIONAL_REPRESENTATION('',(#2027),#2031);
#2027 = LINE('',#2028,#2029);
#2028 = CARTESIAN_POINT('',(1.431109962531,-1.793883936131));
#2029 = VECTOR('',#2030,1.);
#2030 = DIRECTION('',(8.028325022222E-02,0.996772090166));
#2031 = ( GEOMETRIC_REPRESENTATION_CONTEXT(2) 
PARAMETRIC_REPRESENTATION_CONTEXT() REPRESENTATION_CONTEXT('2D SPACE',''
  ) );
#2032 = ORIENTED_EDGE('',*,*,#413,.T.);
#2033 = ORIENTED_EDGE('',*,*,#1986,.T.);
#2034 = ORIENTED_EDGE('',*,*,#1213,.F.);
#2035 = ADVANCED_FACE('',(#2036),#401,.T.);
#2036 = FACE_BOUND('',#2037,.T.);
#2037 = EDGE_LOOP('',(#2038,#2039,#2040,#2041));
#2038 = ORIENTED_EDGE('',*,*,#367,.T.);
#2039 = ORIENTED_EDGE('',*,*,#2012,.T.);
#2040 = ORIENTED_EDGE('',*,*,#1184,.F.);
#2041 = ORIENTED_EDGE('',*,*,#2042,.F.);
#2042 = EDGE_CURVE('',#339,#1161,#2043,.T.);
#2043 = SURFACE_CURVE('',#2044,(#2049,#2056),.PCURVE_S1.);
#2044 = HYPERBOLA('',#2045,0.371946352015,0.181462181976);
#2045 = AXIS2_PLACEMENT_3D('',#2046,#2047,#2048);
#2046 = CARTESIAN_POINT('',(11.378352868281,0.138928276169,
    0.229783212269));
#2047 = DIRECTION('',(0.65597202071,-0.749159152089,9.198517753569E-02)
  );
#2048 = DIRECTION('',(-6.059660960249E-02,6.920494050974E-02,
    0.995760376353));
#2049 = PCURVE('',#401,#2050);
#2050 = DEFINITIONAL_REPRESENTATION('',(#2051),#2055);
#2051 = ( BOUNDED_CURVE() B_SPLINE_CURVE(2,(#2052,#2053,#2054),
.UNSPECIFIED.,.F.,.F.) B_SPLINE_CURVE_WITH_KNOTS((3,3),(-2.989476012915,
-1.848372210415),.PIECEWISE_BEZIER_KNOTS.) CURVE() 
GEOMETRIC_REPRESENTATION_ITEM() RATIONAL_B_SPLINE_CURVE((1.,
1.167228320098,1.)) REPRESENTATION_ITEM('') );
#2052 = CARTESIAN_POINT('',(0.425667776949,-1.040690680192));
#2053 = CARTESIAN_POINT('',(1.358102671592,0.860886137787));
#2054 = CARTESIAN_POINT('',(1.662601965332,1.454810904985));
#2055 = ( GEOMETRIC_REPRESENTATION_CONTEXT(2) 
PARAMETRIC_REPRESENTATION_CONTEXT() REPRESENTATION_CONTEXT('2D SPACE',''
  ) );
#2056 = PCURVE('',#355,#2057);
#2057 = DEFINITIONAL_REPRESENTATION('',(#2058),#2067);
#2058 = B_SPLINE_CURVE_WITH_KNOTS('',7,(#2059,#2060,#2061,#2062,#2063,
    #2064,#2065,#2066),.UNSPECIFIED.,.F.,.F.,(8,8),(-2.989476012915,
    -1.848372210415),.PIECEWISE_BEZIER_KNOTS.);
#2059 = CARTESIAN_POINT('',(1.003425735274,1.780919379588E-15));
#2060 = CARTESIAN_POINT('',(1.01921123878,-0.598472771956));
#2061 = CARTESIAN_POINT('',(1.037929349071,-1.082548131164));
#2062 = CARTESIAN_POINT('',(1.060213618252,-1.478200152588));
#2063 = CARTESIAN_POINT('',(1.086862692934,-1.803964988931));
#2064 = CARTESIAN_POINT('',(1.118860024784,-2.073718384544));
#2065 = CARTESIAN_POINT('',(1.1574676733,-2.297998935148));
#2066 = CARTESIAN_POINT('',(1.204051967083,-2.484921597644));
#2067 = ( GEOMETRIC_REPRESENTATION_CONTEXT(2) 
PARAMETRIC_REPRESENTATION_CONTEXT() REPRESENTATION_CONTEXT('2D SPACE',''
  ) );
#2068 = ADVANCED_FACE('',(#2069),#355,.F.);
#2069 = FACE_BOUND('',#2070,.T.);
#2070 = EDGE_LOOP('',(#2071,#2072,#2099,#2100));
#2071 = ORIENTED_EDGE('',*,*,#1160,.F.);
#2072 = ORIENTED_EDGE('',*,*,#2073,.T.);
#2073 = EDGE_CURVE('',#1133,#297,#2074,.T.);
#2074 = SURFACE_CURVE('',#2075,(#2080,#2092),.PCURVE_S1.);
#2075 = HYPERBOLA('',#2076,0.371946352015,0.181462181976);
#2076 = AXIS2_PLACEMENT_3D('',#2077,#2078,#2079);
#2077 = CARTESIAN_POINT('',(11.638928276169,-0.121647131719,
    0.229783212269));
#2078 = DIRECTION('',(-0.749159152089,0.65597202071,9.198517753569E-02)
  );
#2079 = DIRECTION('',(6.920494050974E-02,-6.059660960249E-02,
    0.995760376353));
#2080 = PCURVE('',#355,#2081);
#2081 = DEFINITIONAL_REPRESENTATION('',(#2082),#2091);
#2082 = B_SPLINE_CURVE_WITH_KNOTS('',7,(#2083,#2084,#2085,#2086,#2087,
    #2088,#2089,#2090),.UNSPECIFIED.,.F.,.F.,(8,8),(1.848372210415,
    2.989476012915),.PIECEWISE_BEZIER_KNOTS.);
#2083 = CARTESIAN_POINT('',(0.366744359712,-2.484921597644));
#2084 = CARTESIAN_POINT('',(0.413328653495,-2.297998935148));
#2085 = CARTESIAN_POINT('',(0.451936302011,-2.073718384544));
#2086 = CARTESIAN_POINT('',(0.48393363386,-1.803964988931));
#2087 = CARTESIAN_POINT('',(0.510582708544,-1.478200152589));
#2088 = CARTESIAN_POINT('',(0.532866977723,-1.082548131164));
#2089 = CARTESIAN_POINT('',(0.551585088014,-0.598472771956));
#2090 = CARTESIAN_POINT('',(0.567370591521,3.579737446408E-16));
#2091 = ( GEOMETRIC_REPRESENTATION_CONTEXT(2) 
PARAMETRIC_REPRESENTATION_CONTEXT() REPRESENTATION_CONTEXT('2D SPACE',''
  ) );
#2092 = PCURVE('',#326,#2093);
#2093 = DEFINITIONAL_REPRESENTATION('',(#2094),#2098);
#2094 = ( BOUNDED_CURVE() B_SPLINE_CURVE(2,(#2095,#2096,#2097),
.UNSPECIFIED.,.F.,.F.) B_SPLINE_CURVE_WITH_KNOTS((3,3),(1.848372210415,
2.989476012915),.PIECEWISE_BEZIER_KNOTS.) CURVE() 
GEOMETRIC_REPRESENTATION_ITEM() RATIONAL_B_SPLINE_CURVE((1.,
1.167228320098,1.)) REPRESENTATION_ITEM('') );
#2095 = CARTESIAN_POINT('',(-1.662601965332,1.454810904985));
#2096 = CARTESIAN_POINT('',(-1.358102671592,0.860886137787));
#2097 = CARTESIAN_POINT('',(-0.425667776949,-1.040690680192));
#2098 = ( GEOMETRIC_REPRESENTATION_CONTEXT(2) 
PARAMETRIC_REPRESENTATION_CONTEXT() REPRESENTATION_CONTEXT('2D SPACE',''
  ) );
#2099 = ORIENTED_EDGE('',*,*,#338,.F.);
#2100 = ORIENTED_EDGE('',*,*,#2042,.T.);
#2101 = ADVANCED_FACE('',(#2102),#326,.T.);
#2102 = FACE_BOUND('',#2103,.T.);
#2103 = EDGE_LOOP('',(#2104,#2125,#2126,#2127));
#2104 = ORIENTED_EDGE('',*,*,#2105,.F.);
#2105 = EDGE_CURVE('',#264,#1105,#2106,.T.);
#2106 = SURFACE_CURVE('',#2107,(#2111,#2118),.PCURVE_S1.);
#2107 = LINE('',#2108,#2109);
#2108 = CARTESIAN_POINT('',(12.470096852285,0.205,4.669696007085));
#2109 = VECTOR('',#2110,1.);
#2110 = DIRECTION('',(-0.121869343405,0.,-0.992546151641));
#2111 = PCURVE('',#326,#2112);
#2112 = DEFINITIONAL_REPRESENTATION('',(#2113),#2117);
#2113 = LINE('',#2114,#2115);
#2114 = CARTESIAN_POINT('',(-1.431109962531,-1.793883936131));
#2115 = VECTOR('',#2116,1.);
#2116 = DIRECTION('',(-8.028325022222E-02,0.996772090166));
#2117 = ( GEOMETRIC_REPRESENTATION_CONTEXT(2) 
PARAMETRIC_REPRESENTATION_CONTEXT() REPRESENTATION_CONTEXT('2D SPACE',''
  ) );
#2118 = PCURVE('',#284,#2119);
#2119 = DEFINITIONAL_REPRESENTATION('',(#2120),#2124);
#2120 = LINE('',#2121,#2122);
#2121 = CARTESIAN_POINT('',(0.187776159379,-1.797998256873));
#2122 = VECTOR('',#2123,1.);
#2123 = DIRECTION('',(-4.338992808727E-02,0.999058213589));
#2124 = ( GEOMETRIC_REPRESENTATION_CONTEXT(2) 
PARAMETRIC_REPRESENTATION_CONTEXT() REPRESENTATION_CONTEXT('2D SPACE',''
  ) );
#2125 = ORIENTED_EDGE('',*,*,#296,.T.);
#2126 = ORIENTED_EDGE('',*,*,#2073,.F.);
#2127 = ORIENTED_EDGE('',*,*,#1132,.F.);
#2128 = ADVANCED_FACE('',(#2129),#284,.T.);
#2129 = FACE_BOUND('',#2130,.T.);
#2130 = EDGE_LOOP('',(#2131,#2132,#2133,#2134));
#2131 = ORIENTED_EDGE('',*,*,#1104,.F.);
#2132 = ORIENTED_EDGE('',*,*,#1680,.F.);
#2133 = ORIENTED_EDGE('',*,*,#263,.T.);
#2134 = ORIENTED_EDGE('',*,*,#2105,.T.);
#2135 = ADVANCED_FACE('',(#2136),#188,.T.);
#2136 = FACE_BOUND('',#2137,.F.);
#2137 = EDGE_LOOP('',(#2138,#2139,#2162,#2433,#2479,#2653,#2764,#3016,
    #3127,#3308));
#2138 = ORIENTED_EDGE('',*,*,#173,.T.);
#2139 = ORIENTED_EDGE('',*,*,#2140,.T.);
#2140 = EDGE_CURVE('',#150,#2141,#2143,.T.);
#2141 = VERTEX_POINT('',#2142);
#2142 = CARTESIAN_POINT('',(12.999998947399,5.839817E-09,0.499999887721)
  );
#2143 = SEAM_CURVE('',#2144,(#2148,#2155),.PCURVE_S1.);
#2144 = LINE('',#2145,#2146);
#2145 = CARTESIAN_POINT('',(13.,0.,0.9));
#2146 = VECTOR('',#2147,1.);
#2147 = DIRECTION('',(0.,0.,-1.));
#2148 = PCURVE('',#188,#2149);
#2149 = DEFINITIONAL_REPRESENTATION('',(#2150),#2154);
#2150 = LINE('',#2151,#2152);
#2151 = CARTESIAN_POINT('',(-0.,0.));
#2152 = VECTOR('',#2153,1.);
#2153 = DIRECTION('',(-0.,1.));
#2154 = ( GEOMETRIC_REPRESENTATION_CONTEXT(2) 
PARAMETRIC_REPRESENTATION_CONTEXT() REPRESENTATION_CONTEXT('2D SPACE',''
  ) );
#2155 = PCURVE('',#188,#2156);
#2156 = DEFINITIONAL_REPRESENTATION('',(#2157),#2161);
#2157 = LINE('',#2158,#2159);
#2158 = CARTESIAN_POINT('',(-6.28318530718,0.));
#2159 = VECTOR('',#2160,1.);
#2160 = DIRECTION('',(-0.,1.));
#2161 = ( GEOMETRIC_REPRESENTATION_CONTEXT(2) 
PARAMETRIC_REPRESENTATION_CONTEXT() REPRESENTATION_CONTEXT('2D SPACE',''
  ) );
#2162 = ORIENTED_EDGE('',*,*,#2163,.F.);
#2163 = EDGE_CURVE('',#2164,#2141,#2166,.T.);
#2164 = VERTEX_POINT('',#2165);
#2165 = CARTESIAN_POINT('',(12.999999928586,3.96206E-10,-7.617651E-09));
#2166 = SURFACE_CURVE('',#2167,(#2266,#2368),.PCURVE_S1.);
#2167 = B_SPLINE_CURVE_WITH_KNOTS('',7,(#2168,#2169,#2170,#2171,#2172,
    #2173,#2174,#2175,#2176,#2177,#2178,#2179,#2180,#2181,#2182,#2183,
    #2184,#2185,#2186,#2187,#2188,#2189,#2190,#2191,#2192,#2193,#2194,
    #2195,#2196,#2197,#2198,#2199,#2200,#2201,#2202,#2203,#2204,#2205,
    #2206,#2207,#2208,#2209,#2210,#2211,#2212,#2213,#2214,#2215,#2216,
    #2217,#2218,#2219,#2220,#2221,#2222,#2223,#2224,#2225,#2226,#2227,
    #2228,#2229,#2230,#2231,#2232,#2233,#2234,#2235,#2236,#2237,#2238,
    #2239,#2240,#2241,#2242,#2243,#2244,#2245,#2246,#2247,#2248,#2249,
    #2250,#2251,#2252,#2253,#2254,#2255,#2256,#2257,#2258,#2259,#2260,
    #2261,#2262,#2263,#2264,#2265),.UNSPECIFIED.,.F.,.F.,(8,6,6,6,6,6,6,
    6,6,6,6,6,6,6,6,6,8),(0.,2.354384594333E-02,5.154429476486E-02,
    0.126546381468,0.254231857665,0.363962768378,0.401464033243,
    0.442659971574,0.49922089378,0.557724302807,0.576725340309,
    0.597726920658,0.701500979754,0.737866847307,0.848294641906,
    0.874529226062,1.),.UNSPECIFIED.);
#2168 = CARTESIAN_POINT('',(13.,2.2E-16,1.1258925037E-07));
#2169 = CARTESIAN_POINT('',(13.,3.169749357573E-02,1.681704988468E-03));
#2170 = CARTESIAN_POINT('',(12.999218540906,6.339499250013E-02,
    3.363297671644E-03));
#2171 = CARTESIAN_POINT('',(12.99765562766,9.506930905418E-02,
    5.044895497684E-03));
#2172 = CARTESIAN_POINT('',(12.995312119201,0.126697321761,
    6.726501701783E-03));
#2173 = CARTESIAN_POINT('',(12.992189728468,0.158255975388,
    8.408117895416E-03));
#2174 = CARTESIAN_POINT('',(12.988291022396,0.189722280942,
    1.008974406635E-02));
#2175 = CARTESIAN_POINT('',(12.978063536514,0.258358772167,
    1.377132885059E-02));
#2176 = CARTESIAN_POINT('',(12.97141444159,0.295481306793,
    1.577129380516E-02));
#2177 = CARTESIAN_POINT('',(12.963677901496,0.332402346709,
    1.777127180408E-02));
#2178 = CARTESIAN_POINT('',(12.954861339895,0.369083721208,
    1.977126061354E-02));
#2179 = CARTESIAN_POINT('',(12.944973839761,0.405487661723,
    2.177125740413E-02));
#2180 = CARTESIAN_POINT('',(12.934026143379,0.441576801826,
    2.377125875085E-02));
#2181 = CARTESIAN_POINT('',(12.889899493877,0.573040418814,
    3.112847170984E-02));
#2182 = CARTESIAN_POINT('',(12.850248630817,0.66624837549,
    3.648597998709E-02));
#2183 = CARTESIAN_POINT('',(12.803317464194,0.756220219444,
    4.184322732144E-02));
#2184 = CARTESIAN_POINT('',(12.749429018239,0.842278405375,
    4.720023840504E-02));
#2185 = CARTESIAN_POINT('',(12.688980791135,0.923787704025,
    5.255727040892E-02));
#2186 = CARTESIAN_POINT('',(12.622441265318,1.000161027447,
    5.791442850718E-02));
#2187 = CARTESIAN_POINT('',(12.427625594597,1.191244190418,
    7.239083296505E-02));
#2188 = CARTESIAN_POINT('',(12.288749050445,1.295264180016,
    8.151430682524E-02));
#2189 = CARTESIAN_POINT('',(12.136429700249,1.380222829545,
    9.063445289692E-02));
#2190 = CARTESIAN_POINT('',(11.973851542874,1.444133252064,
    9.975361663576E-02));
#2191 = CARTESIAN_POINT('',(11.804455763257,1.485644258815,
    0.108874280091));
#2192 = CARTESIAN_POINT('',(11.631924486602,1.504043501858,
    0.117998354855));
#2193 = CARTESIAN_POINT('',(11.312402392255,1.495537269895,
    0.134955920295));
#2194 = CARTESIAN_POINT('',(11.165138555544,1.474635947215,
    0.142795366898));
#2195 = CARTESIAN_POINT('',(11.02069671508,1.436815200259,0.150633326831
    ));
#2196 = CARTESIAN_POINT('',(10.881387575373,1.382566047822,
    0.158470241116));
#2197 = CARTESIAN_POINT('',(10.749406127664,1.312742773721,
    0.166307894226));
#2198 = CARTESIAN_POINT('',(10.62678777488,1.228546209971,0.174146879905
    ));
#2199 = CARTESIAN_POINT('',(10.477252411035,1.098424563167,
    0.184662370432));
#2200 = CARTESIAN_POINT('',(10.440465819917,1.063785613855,0.18734075708
    ));
#2201 = CARTESIAN_POINT('',(10.405051421218,1.027712509936,
    0.190019149465));
#2202 = CARTESIAN_POINT('',(10.37107601329,0.990270677456,0.192697549577
    ));
#2203 = CARTESIAN_POINT('',(10.338602315453,0.951529244068,
    0.195375959037));
#2204 = CARTESIAN_POINT('',(10.307688967995,0.911561039035,
    0.198054379099));
#2205 = CARTESIAN_POINT('',(10.246205576282,0.82527310458,0.203675124768
    ));
#2206 = CARTESIAN_POINT('',(10.215968965531,0.778714911895,
    0.206617462374));
#2207 = CARTESIAN_POINT('',(10.187753021887,0.730869658043,
    0.209559823862));
#2208 = CARTESIAN_POINT('',(10.161622985822,0.68184274493,0.212502208894
    ));
#2209 = CARTESIAN_POINT('',(10.137637016313,0.631743333505,
    0.215444616401));
#2210 = CARTESIAN_POINT('',(10.115846190841,0.580684343754,0.21838704458
    ));
#2211 = CARTESIAN_POINT('',(10.069450563861,0.457522548317,
    0.225369391045));
#2212 = CARTESIAN_POINT('',(10.046826818535,0.384671765105,
    0.229409401867));
#2213 = CARTESIAN_POINT('',(10.028536914776,0.310532178119,0.23344940217
    ));
#2214 = CARTESIAN_POINT('',(10.014666943346,0.235413457672,
    0.237489403537));
#2215 = CARTESIAN_POINT('',(10.005275147061,0.159631241468,
    0.241529460209));
#2216 = CARTESIAN_POINT('',(10.000391627448,8.350550473199E-02,
    0.245569578975));
#2217 = CARTESIAN_POINT('',(9.999631645518,-7.140276613593E-02,
    0.253788427646));
#2218 = CARTESIAN_POINT('',(10.004070274696,-0.150189656684,0.2579673077
    ));
#2219 = CARTESIAN_POINT('',(10.013335590034,-0.228644488961,
    0.26214611546));
#2220 = CARTESIAN_POINT('',(10.027396665168,-0.306412884781,
    0.266324859805));
#2221 = CARTESIAN_POINT('',(10.046190337483,-0.383145276591,
    0.270503605729));
#2222 = CARTESIAN_POINT('',(10.069621549331,-0.458498843957,
    0.274682367822));
#2223 = CARTESIAN_POINT('',(10.106638880889,-0.556056824107,
    0.280218162579));
#2224 = CARTESIAN_POINT('',(10.11618995827,-0.579793667374,
    0.281575316686));
#2225 = CARTESIAN_POINT('',(10.126212605329,-0.603338601028,
    0.282932465944));
#2226 = CARTESIAN_POINT('',(10.136702175007,-0.626680394578,
    0.284289610272));
#2227 = CARTESIAN_POINT('',(10.147653689246,-0.649807965849,
    0.285646749637));
#2228 = CARTESIAN_POINT('',(10.159061838988,-0.672710380985,
    0.287003884053));
#2229 = CARTESIAN_POINT('',(10.184028731087,-0.720429789773,
    0.289861029827));
#2230 = CARTESIAN_POINT('',(10.197687452042,-0.745194508432,
    0.291361040388));
#2231 = CARTESIAN_POINT('',(10.211889527099,-0.769656442976,
    0.292861045346));
#2232 = CARTESIAN_POINT('',(10.226626873815,-0.793801307662,
    0.29436104484));
#2233 = CARTESIAN_POINT('',(10.241890947249,-0.817615098458,
    0.295861039071));
#2234 = CARTESIAN_POINT('',(10.257672739961,-0.841084093035,
    0.297361028304));
#2235 = CARTESIAN_POINT('',(10.354455952444,-0.978390882673,
    0.306272811588));
#2236 = CARTESIAN_POINT('',(10.447374673063,-1.083862954673,
    0.313685926542));
#2237 = CARTESIAN_POINT('',(10.551557398046,-1.178945590518,
    0.321097913027));
#2238 = CARTESIAN_POINT('',(10.665591099753,-1.262227263079,
    0.32850924424));
#2239 = CARTESIAN_POINT('',(10.787867709742,-1.332533724309,
    0.335921342699));
#2240 = CARTESIAN_POINT('',(10.916612825664,-1.388948873089,
    0.343334627584));
#2241 = CARTESIAN_POINT('',(11.09659025834,-1.445564820074,
    0.353343970934));
#2242 = CARTESIAN_POINT('',(11.143853446082,-1.458478043053,
    0.355941379032));
#2243 = CARTESIAN_POINT('',(11.191594533355,-1.469587168436,
    0.358538800517));
#2244 = CARTESIAN_POINT('',(11.239730887064,-1.47887131137,
    0.361136233016));
#2245 = CARTESIAN_POINT('',(11.288178954915,-1.486314363623,
    0.363733673569));
#2246 = CARTESIAN_POINT('',(11.336854265414,-1.49190499358,
    0.366331118629));
#2247 = CARTESIAN_POINT('',(11.533908551048,-1.506968100763,
    0.376815909798));
#2248 = CARTESIAN_POINT('',(11.683493430892,-1.501161254435,
    0.384705230615));
#2249 = CARTESIAN_POINT('',(11.831979945003,-1.478014964674,
    0.392593070954));
#2250 = CARTESIAN_POINT('',(11.976974439213,-1.43778825713,
    0.400479838809));
#2251 = CARTESIAN_POINT('',(12.116163580693,-1.381122384804,
    0.408367331362));
#2252 = CARTESIAN_POINT('',(12.247361025212,-1.309028300212,
    0.416256155342));
#2253 = CARTESIAN_POINT('',(12.397369480962,-1.202487236743,
    0.426016747861));
#2254 = CARTESIAN_POINT('',(12.425604238888,-1.181243822485,
    0.427890453794));
#2255 = CARTESIAN_POINT('',(12.453251019241,-1.159227876581,
    0.42976416174));
#2256 = CARTESIAN_POINT('',(12.480284515713,-1.136458990791,
    0.431637873218));
#2257 = CARTESIAN_POINT('',(12.506680268752,-1.112957769878,
    0.433511589429));
#2258 = CARTESIAN_POINT('',(12.532414665553,-1.088745831607,
    0.435385311252));
#2259 = CARTESIAN_POINT('',(12.677271578187,-0.944757759779,
    0.446220420162));
#2260 = CARTESIAN_POINT('',(12.781480227521,-0.809880394987,
    0.455185675456));
#2261 = CARTESIAN_POINT('',(12.867496573868,-0.661748149103,
    0.464148233305));
#2262 = CARTESIAN_POINT('',(12.933386165902,-0.503347097455,
    0.473110048603));
#2263 = CARTESIAN_POINT('',(12.977805974569,-0.337915468638,
    0.48207314161));
#2264 = CARTESIAN_POINT('',(12.99999999158,-0.168923117148,
    0.491038419807));
#2265 = CARTESIAN_POINT('',(13.,-4.197E-14,0.5));
#2266 = PCURVE('',#188,#2267);
#2267 = DEFINITIONAL_REPRESENTATION('',(#2268),#2367);
#2268 = B_SPLINE_CURVE_WITH_KNOTS('',7,(#2269,#2270,#2271,#2272,#2273,
    #2274,#2275,#2276,#2277,#2278,#2279,#2280,#2281,#2282,#2283,#2284,
    #2285,#2286,#2287,#2288,#2289,#2290,#2291,#2292,#2293,#2294,#2295,
    #2296,#2297,#2298,#2299,#2300,#2301,#2302,#2303,#2304,#2305,#2306,
    #2307,#2308,#2309,#2310,#2311,#2312,#2313,#2314,#2315,#2316,#2317,
    #2318,#2319,#2320,#2321,#2322,#2323,#2324,#2325,#2326,#2327,#2328,
    #2329,#2330,#2331,#2332,#2333,#2334,#2335,#2336,#2337,#2338,#2339,
    #2340,#2341,#2342,#2343,#2344,#2345,#2346,#2347,#2348,#2349,#2350,
    #2351,#2352,#2353,#2354,#2355,#2356,#2357,#2358,#2359,#2360,#2361,
    #2362,#2363,#2364,#2365,#2366),.UNSPECIFIED.,.F.,.F.,(8,6,6,6,6,6,6,
    6,6,6,6,6,6,6,6,6,8),(0.,2.354384594333E-02,5.154429476486E-02,
    0.126546381468,0.254231857665,0.363962768378,0.401464033243,
    0.442659971574,0.49922089378,0.557724302807,0.576725340309,
    0.597726920658,0.701500979754,0.737866847307,0.848294641906,
    0.874529226062,1.),.UNSPECIFIED.);
#2269 = CARTESIAN_POINT('',(0.,0.899999887411));
#2270 = CARTESIAN_POINT('',(-2.113166238382E-02,0.898318295012));
#2271 = CARTESIAN_POINT('',(-4.22633143893E-02,0.896636702328));
#2272 = CARTESIAN_POINT('',(-6.339494379522E-02,0.894955104502));
#2273 = CARTESIAN_POINT('',(-8.452654021248E-02,0.893273498298));
#2274 = CARTESIAN_POINT('',(-0.105658095084,0.891591882105));
#2275 = CARTESIAN_POINT('',(-0.126789601685,0.889910255934));
#2276 = CARTESIAN_POINT('',(-0.173052470862,0.886228671149));
#2277 = CARTESIAN_POINT('',(-0.198183838012,0.884228706195));
#2278 = CARTESIAN_POINT('',(-0.223315160961,0.882228728196));
#2279 = CARTESIAN_POINT('',(-0.248446445956,0.880228739386));
#2280 = CARTESIAN_POINT('',(-0.273577701102,0.878228742596));
#2281 = CARTESIAN_POINT('',(-0.298708936362,0.876228741249));
#2282 = CARTESIAN_POINT('',(-0.391156744552,0.86887152829));
#2283 = CARTESIAN_POINT('',(-0.458476917174,0.863514020013));
#2284 = CARTESIAN_POINT('',(-0.525794711924,0.858156772679));
#2285 = CARTESIAN_POINT('',(-0.593111268118,0.852799761595));
#2286 = CARTESIAN_POINT('',(-0.660429977774,0.847442729591));
#2287 = CARTESIAN_POINT('',(-0.727751708582,0.842085571493));
#2288 = CARTESIAN_POINT('',(-0.909674672412,0.827609167035));
#2289 = CARTESIAN_POINT('',(-1.024330771405,0.818485693175));
#2290 = CARTESIAN_POINT('',(-1.138945156877,0.809365547103));
#2291 = CARTESIAN_POINT('',(-1.253542999583,0.800246383364));
#2292 = CARTESIAN_POINT('',(-1.368155537943,0.791125719909));
#2293 = CARTESIAN_POINT('',(-1.48280922247,0.782001645145));
#2294 = CARTESIAN_POINT('',(-1.695899422211,0.765044079705));
#2295 = CARTESIAN_POINT('',(-1.794410728813,0.757204633102));
#2296 = CARTESIAN_POINT('',(-1.892904777586,0.749366673169));
#2297 = CARTESIAN_POINT('',(-1.991388226895,0.741529758884));
#2298 = CARTESIAN_POINT('',(-2.089883402477,0.733692105774));
#2299 = CARTESIAN_POINT('',(-2.188396506449,0.725853120095));
#2300 = CARTESIAN_POINT('',(-2.32054535856,0.715337629568));
#2301 = CARTESIAN_POINT('',(-2.354204811362,0.71265924292));
#2302 = CARTESIAN_POINT('',(-2.38786427502,0.709980850535));
#2303 = CARTESIAN_POINT('',(-2.421523723387,0.707302450423));
#2304 = CARTESIAN_POINT('',(-2.455183129717,0.704624040963));
#2305 = CARTESIAN_POINT('',(-2.488842466666,0.701945620901));
#2306 = CARTESIAN_POINT('',(-2.559477098049,0.696324875232));
#2307 = CARTESIAN_POINT('',(-2.596452496257,0.693382537626));
#2308 = CARTESIAN_POINT('',(-2.63342785663,0.690440176138));
#2309 = CARTESIAN_POINT('',(-2.670403142243,0.687497791106));
#2310 = CARTESIAN_POINT('',(-2.707378323529,0.684555383599));
#2311 = CARTESIAN_POINT('',(-2.74435337828,0.68161295542));
#2312 = CARTESIAN_POINT('',(-2.832093859392,0.674630608955));
#2313 = CARTESIAN_POINT('',(-2.882860123644,0.670590598133));
#2314 = CARTESIAN_POINT('',(-2.933625604284,0.66655059783));
#2315 = CARTESIAN_POINT('',(-2.984390558853,0.662510596463));
#2316 = CARTESIAN_POINT('',(-3.03515582893,0.658470539791));
#2317 = CARTESIAN_POINT('',(-3.085921686503,0.654430421025));
#2318 = CARTESIAN_POINT('',(-3.189195109901,0.646211572354));
#2319 = CARTESIAN_POINT('',(-3.24170456059,0.6420326923));
#2320 = CARTESIAN_POINT('',(-3.294213313449,0.63785388454));
#2321 = CARTESIAN_POINT('',(-3.346721686038,0.633675140195));
#2322 = CARTESIAN_POINT('',(-3.399230669316,0.629496394271));
#2323 = CARTESIAN_POINT('',(-3.451740564518,0.625317632178));
#2324 = CARTESIAN_POINT('',(-3.521303780617,0.619781837421));
#2325 = CARTESIAN_POINT('',(-3.538357960681,0.618424683314));
#2326 = CARTESIAN_POINT('',(-3.555412160018,0.617067534056));
#2327 = CARTESIAN_POINT('',(-3.572466378249,0.615710389728));
#2328 = CARTESIAN_POINT('',(-3.589520614811,0.614353250363));
#2329 = CARTESIAN_POINT('',(-3.60657486896,0.612996115947));
#2330 = CARTESIAN_POINT('',(-3.642478986187,0.610138970173));
#2331 = CARTESIAN_POINT('',(-3.661328856611,0.608638959612));
#2332 = CARTESIAN_POINT('',(-3.680178749606,0.607138954654));
#2333 = CARTESIAN_POINT('',(-3.699028663502,0.60563895516));
#2334 = CARTESIAN_POINT('',(-3.717878596398,0.604138960929));
#2335 = CARTESIAN_POINT('',(-3.736728546159,0.602638971696));
#2336 = CARTESIAN_POINT('',(-3.848720896491,0.593727188412));
#2337 = CARTESIAN_POINT('',(-3.941881604153,0.586314073458));
#2338 = CARTESIAN_POINT('',(-4.03502919429,0.578902086973));
#2339 = CARTESIAN_POINT('',(-4.128168242369,0.57149075576));
#2340 = CARTESIAN_POINT('',(-4.221315428498,0.564078657301));
#2341 = CARTESIAN_POINT('',(-4.314475503893,0.556665372416));
#2342 = CARTESIAN_POINT('',(-4.440257045951,0.546656029066));
#2343 = CARTESIAN_POINT('',(-4.472896940891,0.544058620968));
#2344 = CARTESIAN_POINT('',(-4.505536811577,0.541461199483));
#2345 = CARTESIAN_POINT('',(-4.538176651854,0.538863766984));
#2346 = CARTESIAN_POINT('',(-4.570816456429,0.536266326431));
#2347 = CARTESIAN_POINT('',(-4.603456220869,0.533668881371));
#2348 = CARTESIAN_POINT('',(-4.735209000616,0.523184090202));
#2349 = CARTESIAN_POINT('',(-4.834346440538,0.515294769385));
#2350 = CARTESIAN_POINT('',(-4.933465988518,0.507406929046));
#2351 = CARTESIAN_POINT('',(-5.032574623318,0.499520161191));
#2352 = CARTESIAN_POINT('',(-5.131695504871,0.491632668638));
#2353 = CARTESIAN_POINT('',(-5.230835062698,0.483743844658));
#2354 = CARTESIAN_POINT('',(-5.353497263707,0.473983252139));
#2355 = CARTESIAN_POINT('',(-5.377044286307,0.472109546206));
#2356 = CARTESIAN_POINT('',(-5.400591307108,0.47023583826));
#2357 = CARTESIAN_POINT('',(-5.424138318657,0.468362126782));
#2358 = CARTESIAN_POINT('',(-5.44768530994,0.466488410571));
#2359 = CARTESIAN_POINT('',(-5.471232266382,0.464614688748));
#2360 = CARTESIAN_POINT('',(-5.607395713862,0.453779579838));
#2361 = CARTESIAN_POINT('',(-5.720057973536,0.444814324544));
#2362 = CARTESIAN_POINT('',(-5.832680825481,0.435851766695));
#2363 = CARTESIAN_POINT('',(-5.945287719257,0.426889951397));
#2364 = CARTESIAN_POINT('',(-6.057908338481,0.41792685839));
#2365 = CARTESIAN_POINT('',(-6.170569895748,0.408961580193));
#2366 = CARTESIAN_POINT('',(-6.28318530718,0.4));
#2367 = ( GEOMETRIC_REPRESENTATION_CONTEXT(2) 
PARAMETRIC_REPRESENTATION_CONTEXT() REPRESENTATION_CONTEXT('2D SPACE',''
  ) );
#2368 = PCURVE('',#2369,#2392);
#2369 = B_SPLINE_SURFACE_WITH_KNOTS('',1,10,(
    (#2370,#2371,#2372,#2373,#2374,#2375,#2376,#2377,#2378,#2379,#2380)
    ,(#2381,#2382,#2383,#2384,#2385,#2386,#2387,#2388,#2389,#2390,#2391
    )),.UNSPECIFIED.,.F.,.F.,.F.,(2,2),(11,11),(0.,0.3125),(0.,
    6.303048278758),.PIECEWISE_BEZIER_KNOTS.);
#2370 = CARTESIAN_POINT('',(13.,1.04E-15,3.E-17));
#2371 = CARTESIAN_POINT('',(12.999998549242,0.942481527773,
    4.999984525252E-02));
#2372 = CARTESIAN_POINT('',(12.342137755035,1.884897927994,
    9.999703901805E-02));
#2373 = CARTESIAN_POINT('',(11.025058639477,2.30831579774,0.150008142005
    ));
#2374 = CARTESIAN_POINT('',(9.520722880316,1.71488307775,0.199991541298)
  );
#2375 = CARTESIAN_POINT('',(8.724105377576,2.205876887018E-05,
    0.249999943356));
#2376 = CARTESIAN_POINT('',(9.520884210451,-1.714915640266,
    0.300008347227));
#2377 = CARTESIAN_POINT('',(11.024903262209,-2.308303322877,
    0.349991745332));
#2378 = CARTESIAN_POINT('',(12.342191766491,-1.884899949923,
    0.400002848789));
#2379 = CARTESIAN_POINT('',(13.000000401825,-0.942481521934,
    0.450000042473));
#2380 = CARTESIAN_POINT('',(12.999998947399,5.83981767E-09,
    0.499999887721));
#2381 = CARTESIAN_POINT('',(12.729367061317,-6.2E-16,-0.15625));
#2382 = CARTESIAN_POINT('',(12.729366416536,0.772474667544,
    -0.10625155074));
#2383 = CARTESIAN_POINT('',(12.190181709836,1.544524758362,
    -5.627967220632E-02));
#2384 = CARTESIAN_POINT('',(11.110833561861,1.892517108095,
    -6.168407703103E-03));
#2385 = CARTESIAN_POINT('',(9.877611517613,1.404841839361,
    4.36652320886E-02));
#2386 = CARTESIAN_POINT('',(9.225251982551,9.75207505949E-06,
    9.374943720358E-02));
#2387 = CARTESIAN_POINT('',(9.877683283657,-1.404856385268,
    0.143833643125));
#2388 = CARTESIAN_POINT('',(11.110764591517,-1.892511581469,
    0.193667282388));
#2389 = CARTESIAN_POINT('',(12.190205785161,-1.544525625589,0.2437785471
    ));
#2390 = CARTESIAN_POINT('',(12.729367275034,-0.772474609024,
    0.293750425598));
#2391 = CARTESIAN_POINT('',(12.729366593497,5.852035727E-08,
    0.343748874856));
#2392 = DEFINITIONAL_REPRESENTATION('',(#2393),#2432);
#2393 = B_SPLINE_CURVE_WITH_KNOTS('',10,(#2394,#2395,#2396,#2397,#2398,
    #2399,#2400,#2401,#2402,#2403,#2404,#2405,#2406,#2407,#2408,#2409,
    #2410,#2411,#2412,#2413,#2414,#2415,#2416,#2417,#2418,#2419,#2420,
    #2421,#2422,#2423,#2424,#2425,#2426,#2427,#2428,#2429,#2430,#2431),
  .UNSPECIFIED.,.F.,.F.,(11,9,9,9,11),(0.,0.25,0.5,0.75,1.),
  .UNSPECIFIED.);
#2394 = CARTESIAN_POINT('',(0.,-1.1E-16));
#2395 = CARTESIAN_POINT('',(0.,0.15756630492));
#2396 = CARTESIAN_POINT('',(0.,0.315178917246));
#2397 = CARTESIAN_POINT('',(0.,0.472495470101));
#2398 = CARTESIAN_POINT('',(0.,0.630843311529));
#2399 = CARTESIAN_POINT('',(0.,0.787180488352));
#2400 = CARTESIAN_POINT('',(0.,0.945848368192));
#2401 = CARTESIAN_POINT('',(0.,1.10292153904));
#2402 = CARTESIAN_POINT('',(0.,1.260585459463));
#2403 = CARTESIAN_POINT('',(0.,1.418203969758));
#2404 = CARTESIAN_POINT('',(0.,1.733377224949));
#2405 = CARTESIAN_POINT('',(0.,1.890939430493));
#2406 = CARTESIAN_POINT('',(0.,2.048534392818));
#2407 = CARTESIAN_POINT('',(0.,2.206121994844));
#2408 = CARTESIAN_POINT('',(0.,2.363679149644));
#2409 = CARTESIAN_POINT('',(0.,2.521222810159));
#2410 = CARTESIAN_POINT('',(0.,2.678782430662));
#2411 = CARTESIAN_POINT('',(0.,2.836362648084));
#2412 = CARTESIAN_POINT('',(0.,2.9939369513));
#2413 = CARTESIAN_POINT('',(0.,3.309089261695));
#2414 = CARTESIAN_POINT('',(0.,3.466670601941));
#2415 = CARTESIAN_POINT('',(0.,3.624234713165));
#2416 = CARTESIAN_POINT('',(0.,3.781791627805));
#2417 = CARTESIAN_POINT('',(0.,3.939356709082));
#2418 = CARTESIAN_POINT('',(0.,4.096935096208));
#2419 = CARTESIAN_POINT('',(0.,4.254517710631));
#2420 = CARTESIAN_POINT('',(0.,4.412088823183));
#2421 = CARTESIAN_POINT('',(0.,4.569645182264));
#2422 = CARTESIAN_POINT('',(0.,4.884808223645));
#2423 = CARTESIAN_POINT('',(0.,5.042491489234));
#2424 = CARTESIAN_POINT('',(0.,5.199548415091));
#2425 = CARTESIAN_POINT('',(0.,5.358412897277));
#2426 = CARTESIAN_POINT('',(0.,5.514088442903));
#2427 = CARTESIAN_POINT('',(0.,5.673258945177));
#2428 = CARTESIAN_POINT('',(0.,5.830108533265));
#2429 = CARTESIAN_POINT('',(0.,5.987847980858));
#2430 = CARTESIAN_POINT('',(0.,6.145482338813));
#2431 = CARTESIAN_POINT('',(0.,6.303048278758));
#2432 = ( GEOMETRIC_REPRESENTATION_CONTEXT(2) 
PARAMETRIC_REPRESENTATION_CONTEXT() REPRESENTATION_CONTEXT('2D SPACE',''
  ) );
#2433 = ORIENTED_EDGE('',*,*,#2434,.F.);
#2434 = EDGE_CURVE('',#2435,#2164,#2437,.T.);
#2435 = VERTEX_POINT('',#2436);
#2436 = CARTESIAN_POINT('',(13.000000584779,5.839658E-09,
    6.249988772362E-02));
#2437 = SURFACE_CURVE('',#2438,(#2442,#2449),.PCURVE_S1.);
#2438 = LINE('',#2439,#2440);
#2439 = CARTESIAN_POINT('',(13.,0.,0.9));
#2440 = VECTOR('',#2441,1.);
#2441 = DIRECTION('',(0.,0.,-1.));
#2442 = PCURVE('',#188,#2443);
#2443 = DEFINITIONAL_REPRESENTATION('',(#2444),#2448);
#2444 = LINE('',#2445,#2446);
#2445 = CARTESIAN_POINT('',(-0.,0.));
#2446 = VECTOR('',#2447,1.);
#2447 = DIRECTION('',(-0.,1.));
#2448 = ( GEOMETRIC_REPRESENTATION_CONTEXT(2) 
PARAMETRIC_REPRESENTATION_CONTEXT() REPRESENTATION_CONTEXT('2D SPACE',''
  ) );
#2449 = PCURVE('',#2450,#2473);
#2450 = B_SPLINE_SURFACE_WITH_KNOTS('',1,10,(
    (#2451,#2452,#2453,#2454,#2455,#2456,#2457,#2458,#2459,#2460,#2461)
    ,(#2462,#2463,#2464,#2465,#2466,#2467,#2468,#2469,#2470,#2471,#2472
    )),.UNSPECIFIED.,.F.,.F.,.F.,(2,2),(11,11),(0.,6.25E-02),(0.,
    6.303048278758),.PIECEWISE_BEZIER_KNOTS.);
#2451 = CARTESIAN_POINT('',(13.,-1.46E-15,-0.4375));
#2452 = CARTESIAN_POINT('',(13.000000805976,0.942482042061,
    -0.387500154747));
#2453 = CARTESIAN_POINT('',(12.342180217968,1.88490053282,
    -0.337502960968));
#2454 = CARTESIAN_POINT('',(11.02493752388,2.308307351446,
    -0.287491857919));
#2455 = CARTESIAN_POINT('',(9.520847274645,1.714909336101,
    -0.237508459097));
#2456 = CARTESIAN_POINT('',(8.72410386156,-1.226329080994E-05,
    -0.187500055858));
#2457 = CARTESIAN_POINT('',(9.520757657148,-1.714891257779,
    -0.137491653627));
#2458 = CARTESIAN_POINT('',(11.02502385859,-2.308314284812,
    -8.750825414406E-02));
#2459 = CARTESIAN_POINT('',(12.342150223011,-1.884899404424,
    -3.749715135605E-02));
#2460 = CARTESIAN_POINT('',(12.99999978247,-0.942482036221,
    1.25000424681E-02));
#2461 = CARTESIAN_POINT('',(13.000000584779,5.83965796E-09,
    6.249988772362E-02));
#2462 = CARTESIAN_POINT('',(13.,9.9E-16,-0.5));
#2463 = CARTESIAN_POINT('',(13.000001128367,0.94248211553,
    -0.450000154747));
#2464 = CARTESIAN_POINT('',(12.342186284101,1.884900904938,
    -0.400002960966));
#2465 = CARTESIAN_POINT('',(11.024920221652,2.308306144833,
    -0.349991857908));
#2466 = CARTESIAN_POINT('',(9.520865045263,1.714913087294,
    -0.300008459153));
#2467 = CARTESIAN_POINT('',(8.724103644986,-1.716644223348E-05,
    -0.250000055746));
#2468 = CARTESIAN_POINT('',(9.520739578105,-1.714887774566,
    -0.199991653748));
#2469 = CARTESIAN_POINT('',(11.025041086644,-2.308315850802,
    -0.150008254069));
#2470 = CARTESIAN_POINT('',(12.342144288229,-1.884899326496,
    -9.999715137675E-02));
#2471 = CARTESIAN_POINT('',(12.999999693991,-0.94248210969,
    -4.999995753267E-02));
#2472 = CARTESIAN_POINT('',(13.00000081869,5.83963466E-09,
    -1.1227593907E-07));
#2473 = DEFINITIONAL_REPRESENTATION('',(#2474),#2478);
#2474 = LINE('',#2475,#2476);
#2475 = CARTESIAN_POINT('',(-0.8375,6.303048278758));
#2476 = VECTOR('',#2477,1.);
#2477 = DIRECTION('',(1.,0.));
#2478 = ( GEOMETRIC_REPRESENTATION_CONTEXT(2) 
PARAMETRIC_REPRESENTATION_CONTEXT() REPRESENTATION_CONTEXT('2D SPACE',''
  ) );
#2479 = ORIENTED_EDGE('',*,*,#2480,.T.);
#2480 = EDGE_CURVE('',#2435,#2481,#2483,.T.);
#2481 = VERTEX_POINT('',#2482);
#2482 = CARTESIAN_POINT('',(10.,4.276751E-09,0.312499389885));
#2483 = SURFACE_CURVE('',#2484,(#2532,#2583),.PCURVE_S1.);
#2484 = B_SPLINE_CURVE_WITH_KNOTS('',6,(#2485,#2486,#2487,#2488,#2489,
    #2490,#2491,#2492,#2493,#2494,#2495,#2496,#2497,#2498,#2499,#2500,
    #2501,#2502,#2503,#2504,#2505,#2506,#2507,#2508,#2509,#2510,#2511,
    #2512,#2513,#2514,#2515,#2516,#2517,#2518,#2519,#2520,#2521,#2522,
    #2523,#2524,#2525,#2526,#2527,#2528,#2529,#2530,#2531),
  .UNSPECIFIED.,.F.,.F.,(7,5,5,5,5,5,5,5,5,7),(0.,8.891238870781E-02,
    0.238911395651,0.399137568901,0.518122517253,0.641013505156,
    0.801697486346,0.939728371362,0.971703487019,1.),.UNSPECIFIED.);
#2485 = CARTESIAN_POINT('',(13.,1.3E-16,6.25E-02));
#2486 = CARTESIAN_POINT('',(12.999999996519,6.983059223493E-02,
    6.620461723335E-02));
#2487 = CARTESIAN_POINT('',(12.996098922836,0.139661860069,
    6.990857694781E-02));
#2488 = CARTESIAN_POINT('',(12.988296767215,0.209220149542,
    7.361250965812E-02));
#2489 = CARTESIAN_POINT('',(12.976618930808,0.278233618663,
    7.731669955898E-02));
#2490 = CARTESIAN_POINT('',(12.961115954071,0.346433973424,
    8.102118527072E-02));
#2491 = CARTESIAN_POINT('',(12.909383095529,0.52679965474,
    9.097580647283E-02));
#2492 = CARTESIAN_POINT('',(12.866228323963,0.636987175732,
    9.722677418711E-02));
#2493 = CARTESIAN_POINT('',(12.812761838727,0.742846346,0.103477628341)
  );
#2494 = CARTESIAN_POINT('',(12.749546037151,0.843188680924,
    0.109728078376));
#2495 = CARTESIAN_POINT('',(12.677310199656,0.936920084001,
    0.115978620492));
#2496 = CARTESIAN_POINT('',(12.511131175489,1.11510059453,0.128904444148
    ));
#2497 = CARTESIAN_POINT('',(12.41603057984,1.19849520121,0.135580643156)
  );
#2498 = CARTESIAN_POINT('',(12.312758791743,1.272071300152,
    0.142255988021));
#2499 = CARTESIAN_POINT('',(12.202596814118,1.33486349653,0.148931503417
    ));
#2500 = CARTESIAN_POINT('',(12.086958970748,1.386115004352,0.15560788995
    ));
#2501 = CARTESIAN_POINT('',(11.878586767188,1.454443138675,
    0.167241511755));
#2502 = CARTESIAN_POINT('',(11.787610575538,1.476923063195,0.17219935456
    ));
#2503 = CARTESIAN_POINT('',(11.695080559617,1.492560301701,
    0.177157114287));
#2504 = CARTESIAN_POINT('',(11.601639908893,1.501229782269,0.18211487644
    ));
#2505 = CARTESIAN_POINT('',(11.507942336558,1.502887108399,
    0.187072734237));
#2506 = CARTESIAN_POINT('',(11.318284118043,1.492077359838,
    0.197150849769));
#2507 = CARTESIAN_POINT('',(11.222345002694,1.479144504517,
    0.202271371678));
#2508 = CARTESIAN_POINT('',(11.127551201414,1.458812448242,
    0.207391654965));
#2509 = CARTESIAN_POINT('',(11.034612368731,1.431214576025,
    0.212511910214));
#2510 = CARTESIAN_POINT('',(10.94421527801,1.396573983847,0.21763236278)
  );
#2511 = CARTESIAN_POINT('',(10.742998287462,1.301105168297,
    0.229447776571));
#2512 = CARTESIAN_POINT('',(10.634433101172,1.235493292038,
    0.236143484346));
#2513 = CARTESIAN_POINT('',(10.532795831523,1.15906174151,0.242838694061
    ));
#2514 = CARTESIAN_POINT('',(10.439405117381,1.07274794932,0.249534037859
    ));
#2515 = CARTESIAN_POINT('',(10.355419186001,0.977681427797,
    0.256229872881));
#2516 = CARTESIAN_POINT('',(10.218535549065,0.787147433044,
    0.268676100488));
#2517 = CARTESIAN_POINT('',(10.162917183787,0.693615371986,
    0.274427388973));
#2518 = CARTESIAN_POINT('',(10.115532303078,0.59543010711,0.2801781039)
  );
#2519 = CARTESIAN_POINT('',(10.076852240503,0.493501015062,
    0.285928753541));
#2520 = CARTESIAN_POINT('',(10.047212978516,0.388795728188,0.2916799233)
  );
#2521 = CARTESIAN_POINT('',(10.022082124708,0.257661425263,
    0.298763451477));
#2522 = CARTESIAN_POINT('',(10.017850962989,0.232902418794,
    0.300095753924));
#2523 = CARTESIAN_POINT('',(10.014117695248,0.20806090389,0.301428073069
    ));
#2524 = CARTESIAN_POINT('',(10.010884288477,0.183149398277,
    0.302760406854));
#2525 = CARTESIAN_POINT('',(10.008152289169,0.158180477618,
    0.304092750803));
#2526 = CARTESIAN_POINT('',(10.003949848133,0.111030794713,
    0.306604164296));
#2527 = CARTESIAN_POINT('',(10.002370427868,8.885973809751E-02,
    0.307783233127));
#2528 = CARTESIAN_POINT('',(10.001185343497,6.666235866675E-02,
    0.308962299118));
#2529 = CARTESIAN_POINT('',(10.000395114962,4.444742214006E-02,
    0.310141354456));
#2530 = CARTESIAN_POINT('',(10.000000001171,2.222370695688E-02,
    0.311320388923));
#2531 = CARTESIAN_POINT('',(10.,4.27674876E-09,0.312499389885));
#2532 = PCURVE('',#188,#2533);
#2533 = DEFINITIONAL_REPRESENTATION('',(#2534),#2582);
#2534 = B_SPLINE_CURVE_WITH_KNOTS('',6,(#2535,#2536,#2537,#2538,#2539,
    #2540,#2541,#2542,#2543,#2544,#2545,#2546,#2547,#2548,#2549,#2550,
    #2551,#2552,#2553,#2554,#2555,#2556,#2557,#2558,#2559,#2560,#2561,
    #2562,#2563,#2564,#2565,#2566,#2567,#2568,#2569,#2570,#2571,#2572,
    #2573,#2574,#2575,#2576,#2577,#2578,#2579,#2580,#2581),
  .UNSPECIFIED.,.F.,.F.,(7,5,5,5,5,5,5,5,5,7),(0.,8.891238871479E-02,
    0.238911395669,0.399137568932,0.518122516665,0.641013504041,
    0.801697611136,0.939729280175,0.971708316974,1.),.UNSPECIFIED.);
#2535 = CARTESIAN_POINT('',(-9.E-17,0.8375));
#2536 = CARTESIAN_POINT('',(-4.655372815662E-02,0.833795382767));
#2537 = CARTESIAN_POINT('',(-9.310790784693E-02,0.830091423052));
#2538 = CARTESIAN_POINT('',(-0.139661709468,0.826387490342));
#2539 = CARTESIAN_POINT('',(-0.186215517684,0.822683300441));
#2540 = CARTESIAN_POINT('',(-0.232769727337,0.818978814729));
#2541 = CARTESIAN_POINT('',(-0.357861813683,0.809024193527));
#2542 = CARTESIAN_POINT('',(-0.436405014159,0.802773225813));
#2543 = CARTESIAN_POINT('',(-0.514942197988,0.796522371659));
#2544 = CARTESIAN_POINT('',(-0.593479363717,0.790271921624));
#2545 = CARTESIAN_POINT('',(-0.672022475573,0.784021379508));
#2546 = CARTESIAN_POINT('',(-0.834453674555,0.771095555852));
#2547 = CARTESIAN_POINT('',(-0.918353760096,0.764419356844));
#2548 = CARTESIAN_POINT('',(-1.002245781638,0.757744011979));
#2549 = CARTESIAN_POINT('',(-1.08613784351,0.751068496583));
#2550 = CARTESIAN_POINT('',(-1.170038043398,0.74439211005));
#2551 = CARTESIAN_POINT('',(-1.316230776064,0.732758488271));
#2552 = CARTESIAN_POINT('',(-1.3785318626,0.727800645492));
#2553 = CARTESIAN_POINT('',(-1.440831087732,0.722842885792));
#2554 = CARTESIAN_POINT('',(-1.503130270855,0.717885123665));
#2555 = CARTESIAN_POINT('',(-1.565431242965,0.712927265894));
#2556 = CARTESIAN_POINT('',(-1.692075258776,0.70284915041));
#2557 = CARTESIAN_POINT('',(-1.756421663052,0.697728628524));
#2558 = CARTESIAN_POINT('',(-1.820765965586,0.692608345259));
#2559 = CARTESIAN_POINT('',(-1.88511030856,0.687488090032));
#2560 = CARTESIAN_POINT('',(-1.949456821385,0.682367637489));
#2561 = CARTESIAN_POINT('',(-2.097934452894,0.670552218475));
#2562 = CARTESIAN_POINT('',(-2.182074468894,0.663856505452));
#2563 = CARTESIAN_POINT('',(-2.266206215774,0.657161290491));
#2564 = CARTESIAN_POINT('',(-2.350337913016,0.650465941448));
#2565 = CARTESIAN_POINT('',(-2.434477831263,0.643770101179));
#2566 = CARTESIAN_POINT('',(-2.590882816308,0.631323835661));
#2567 = CARTESIAN_POINT('',(-2.663158184288,0.625572514504));
#2568 = CARTESIAN_POINT('',(-2.735429777223,0.619821766919));
#2569 = CARTESIAN_POINT('',(-2.807701412646,0.614071084618));
#2570 = CARTESIAN_POINT('',(-2.879976882631,0.608319882179));
#2571 = CARTESIAN_POINT('',(-2.968993115974,0.601236157942));
#2572 = CARTESIAN_POINT('',(-2.985737084128,0.59990369211));
#2573 = CARTESIAN_POINT('',(-3.002481052482,0.598571209575));
#2574 = CARTESIAN_POINT('',(-3.019225019251,0.597238712397));
#2575 = CARTESIAN_POINT('',(-3.035968983268,0.595906205056));
#2576 = CARTESIAN_POINT('',(-3.067526236583,0.593394829427));
#2577 = CARTESIAN_POINT('',(-3.082339526534,0.592215961852));
#2578 = CARTESIAN_POINT('',(-3.097152813948,0.591037097123));
#2579 = CARTESIAN_POINT('',(-3.111966098179,0.589858243046));
#2580 = CARTESIAN_POINT('',(-3.126779377827,0.588679409836));
#2581 = CARTESIAN_POINT('',(-3.141592650739,0.587500610115));
#2582 = ( GEOMETRIC_REPRESENTATION_CONTEXT(2) 
PARAMETRIC_REPRESENTATION_CONTEXT() REPRESENTATION_CONTEXT('2D SPACE',''
  ) );
#2583 = PCURVE('',#2584,#2603);
#2584 = B_SPLINE_SURFACE_WITH_KNOTS('',1,8,(
    (#2585,#2586,#2587,#2588,#2589,#2590,#2591,#2592,#2593)
    ,(#2594,#2595,#2596,#2597,#2598,#2599,#2600,#2601,#2602
  )),.UNSPECIFIED.,.F.,.F.,.F.,(2,2),(9,9),(0.,0.34375),(0.,
    3.151524139379),.PIECEWISE_BEZIER_KNOTS.);
#2585 = CARTESIAN_POINT('',(12.729367061317,2.2E-16,0.21875));
#2586 = CARTESIAN_POINT('',(12.729366773784,0.482744455524,
    0.250000307349));
#2587 = CARTESIAN_POINT('',(12.51264850933,0.965679833339,0.281265430971
    ));
#2588 = CARTESIAN_POINT('',(12.079633307643,1.334540637996,
    0.312478276592));
#2589 = CARTESIAN_POINT('',(11.499940901591,1.47782324284,0.343750411931
    ));
#2590 = CARTESIAN_POINT('',(10.920452145335,1.334540714017,
    0.375022547549));
#2591 = CARTESIAN_POINT('',(10.487323559019,0.965680126786,
    0.406235393014));
#2592 = CARTESIAN_POINT('',(10.270633438878,0.482744498382,
    0.437500516673));
#2593 = CARTESIAN_POINT('',(10.270633709576,4.285863686E-08,
    0.468750824024));
#2594 = CARTESIAN_POINT('',(13.027063293868,0.,4.6875E-02));
#2595 = CARTESIAN_POINT('',(13.02706283062,0.599675848371,
    7.812500300232E-02));
#2596 = CARTESIAN_POINT('',(12.757845402364,1.199360411871,
    0.109375150737));
#2597 = CARTESIAN_POINT('',(12.220030496196,1.658057767558,
    0.140624787846));
#2598 = CARTESIAN_POINT('',(11.499904744559,1.835236218688,
    0.171875003895));
#2599 = CARTESIAN_POINT('',(10.780107103662,1.658057857674,
    0.203125220394));
#2600 = CARTESIAN_POINT('',(10.242109542705,1.199360828117,
    0.234374857252));
#2601 = CARTESIAN_POINT('',(9.972937485045,0.59967584879,0.265625005048)
  );
#2602 = CARTESIAN_POINT('',(9.972937948129,4.1874992E-10,0.296875008051)
  );
#2603 = DEFINITIONAL_REPRESENTATION('',(#2604),#2652);
#2604 = B_SPLINE_CURVE_WITH_KNOTS('',6,(#2605,#2606,#2607,#2608,#2609,
    #2610,#2611,#2612,#2613,#2614,#2615,#2616,#2617,#2618,#2619,#2620,
    #2621,#2622,#2623,#2624,#2625,#2626,#2627,#2628,#2629,#2630,#2631,
    #2632,#2633,#2634,#2635,#2636,#2637,#2638,#2639,#2640,#2641,#2642,
    #2643,#2644,#2645,#2646,#2647,#2648,#2649,#2650,#2651),
  .UNSPECIFIED.,.F.,.F.,(7,5,5,5,5,5,5,5,5,7),(0.,8.891238870781E-02,
    0.238911395651,0.399137568901,0.518122517253,0.641013505156,
    0.801697486346,0.939728371362,0.971703487019,1.),.UNSPECIFIED.);
#2605 = CARTESIAN_POINT('',(0.3125,0.));
#2606 = CARTESIAN_POINT('',(0.312500065248,4.670112797865E-02));
#2607 = CARTESIAN_POINT('',(0.312501520033,9.340245061035E-02));
#2608 = CARTESIAN_POINT('',(0.312502952488,0.140103182728));
#2609 = CARTESIAN_POINT('',(0.312503862293,0.186803855121));
#2610 = CARTESIAN_POINT('',(0.312504247898,0.233505001359));
#2611 = CARTESIAN_POINT('',(0.312504102395,0.358992166931));
#2612 = CARTESIAN_POINT('',(0.312502760516,0.437783711958));
#2613 = CARTESIAN_POINT('',(0.312500712946,0.516569740981));
#2614 = CARTESIAN_POINT('',(0.312499449912,0.59535589551));
#2615 = CARTESIAN_POINT('',(0.312498891335,0.674147800292));
#2616 = CARTESIAN_POINT('',(0.312498868992,0.837092928527));
#2617 = CARTESIAN_POINT('',(0.312499472575,0.921258147781));
#2618 = CARTESIAN_POINT('',(0.312500444632,1.005414829943));
#2619 = CARTESIAN_POINT('',(0.31250108153,1.089571345968));
#2620 = CARTESIAN_POINT('',(0.312501331403,1.173736183938));
#2621 = CARTESIAN_POINT('',(0.312501318677,1.320390498291));
#2622 = CARTESIAN_POINT('',(0.312501170375,1.382888436608));
#2623 = CARTESIAN_POINT('',(0.312500938068,1.445384710985));
#2624 = CARTESIAN_POINT('',(0.312500731139,1.507881121337));
#2625 = CARTESIAN_POINT('',(0.312500636226,1.57037942906));
#2626 = CARTESIAN_POINT('',(0.312500651947,1.697424605326));
#2627 = CARTESIAN_POINT('',(0.312500769511,1.761974849073));
#2628 = CARTESIAN_POINT('',(0.312501005307,1.826522895766));
#2629 = CARTESIAN_POINT('',(0.312501260583,1.891070813444));
#2630 = CARTESIAN_POINT('',(0.312501416233,1.955620712403));
#2631 = CARTESIAN_POINT('',(0.312501424563,2.104567277224));
#2632 = CARTESIAN_POINT('',(0.312501171821,2.188972772736));
#2633 = CARTESIAN_POINT('',(0.312500548597,2.273369843268));
#2634 = CARTESIAN_POINT('',(0.312499664288,2.357767072251));
#2635 = CARTESIAN_POINT('',(0.312499169441,2.442172899477));
#2636 = CARTESIAN_POINT('',(0.312499195068,2.599072188424));
#2637 = CARTESIAN_POINT('',(0.312499547346,2.671575930638));
#2638 = CARTESIAN_POINT('',(0.31250049227,2.744075962874));
#2639 = CARTESIAN_POINT('',(0.312501593442,2.816575861381));
#2640 = CARTESIAN_POINT('',(0.312502256838,2.889079281689));
#2641 = CARTESIAN_POINT('',(0.312502262942,2.978374202966));
#2642 = CARTESIAN_POINT('',(0.312502231567,2.995168993332));
#2643 = CARTESIAN_POINT('',(0.312502166604,3.011963782565));
#2644 = CARTESIAN_POINT('',(0.312502071929,3.028758572696));
#2645 = CARTESIAN_POINT('',(0.312501956362,3.0455533672));
#2646 = CARTESIAN_POINT('',(0.312501725085,3.077210803194));
#2647 = CARTESIAN_POINT('',(0.312501610892,3.092073442472));
#2648 = CARTESIAN_POINT('',(0.312501501969,3.106936092865));
#2649 = CARTESIAN_POINT('',(0.312501413802,3.121798757629));
#2650 = CARTESIAN_POINT('',(0.312501366478,3.136661439237));
#2651 = CARTESIAN_POINT('',(0.312501384684,3.151524139379));
#2652 = ( GEOMETRIC_REPRESENTATION_CONTEXT(2) 
PARAMETRIC_REPRESENTATION_CONTEXT() REPRESENTATION_CONTEXT('2D SPACE',''
  ) );
#2653 = ORIENTED_EDGE('',*,*,#2654,.T.);
#2654 = EDGE_CURVE('',#2481,#2655,#2657,.T.);
#2655 = VERTEX_POINT('',#2656);
#2656 = CARTESIAN_POINT('',(12.898834213497,-0.541537480837,
    0.690055471732));
#2657 = SURFACE_CURVE('',#2658,(#2685,#2715),.PCURVE_S1.);
#2658 = B_SPLINE_CURVE_WITH_KNOTS('',7,(#2659,#2660,#2661,#2662,#2663,
    #2664,#2665,#2666,#2667,#2668,#2669,#2670,#2671,#2672,#2673,#2674,
    #2675,#2676,#2677,#2678,#2679,#2680,#2681,#2682,#2683,#2684),
  .UNSPECIFIED.,.F.,.F.,(8,6,6,6,8),(0.,0.192761013382,0.454682314868,
    0.72409347707,1.),.UNSPECIFIED.);
#2659 = CARTESIAN_POINT('',(10.,4.27675029E-09,0.312499389885));
#2660 = CARTESIAN_POINT('',(10.000000005278,-0.114506295513,
    0.322875925606));
#2661 = CARTESIAN_POINT('',(10.01019800178,-0.229022820364,
    0.333253855443));
#2662 = CARTESIAN_POINT('',(10.030597123697,-0.342440568958,
    0.343634241511));
#2663 = CARTESIAN_POINT('',(10.061045453531,-0.453673418915,
    0.354016889815));
#2664 = CARTESIAN_POINT('',(10.101253855782,-0.561666610648,
    0.364401636971));
#2665 = CARTESIAN_POINT('',(10.150799577556,-0.665408935587,
    0.37478823995));
#2666 = CARTESIAN_POINT('',(10.288354734228,-0.897843155623,
    0.399288092859));
#2667 = CARTESIAN_POINT('',(10.383820088699,-1.022188250489,
    0.413407184388));
#2668 = CARTESIAN_POINT('',(10.494090823343,-1.134547879133,
    0.427524228419));
#2669 = CARTESIAN_POINT('',(10.617328795033,-1.232859794571,
    0.441641225002));
#2670 = CARTESIAN_POINT('',(10.751380873245,-1.315406648687,
    0.455762816764));
#2671 = CARTESIAN_POINT('',(10.893827463277,-1.380854826911,
    0.469890095261));
#2672 = CARTESIAN_POINT('',(11.194363511281,-1.477225664302,
    0.498544804585));
#2673 = CARTESIAN_POINT('',(11.352881187639,-1.507139004778,
    0.513081297446));
#2674 = CARTESIAN_POINT('',(11.514613221712,-1.517141795674,
    0.527615957362));
#2675 = CARTESIAN_POINT('',(11.676559478255,-1.506903816378,
    0.542150340258));
#2676 = CARTESIAN_POINT('',(11.835742936128,-1.476613432703,
    0.556687617166));
#2677 = CARTESIAN_POINT('',(11.989228822684,-1.426976879516,
    0.571230662429));
#2678 = CARTESIAN_POINT('',(12.282756497483,-1.290019298301,
    0.600661686011));
#2679 = CARTESIAN_POINT('',(12.422489161658,-1.201769924384,
    0.615559995634));
#2680 = CARTESIAN_POINT('',(12.550438111528,-1.095938396372,
    0.63045609464));
#2681 = CARTESIAN_POINT('',(12.664005715081,-0.974469460441,
    0.645352737003));
#2682 = CARTESIAN_POINT('',(12.761004651414,-0.839704047193,
    0.660251515411));
#2683 = CARTESIAN_POINT('',(12.839669964579,-0.694363420289,
    0.675155320001));
#2684 = CARTESIAN_POINT('',(12.898834213497,-0.541537480837,
    0.690055471732));
#2685 = PCURVE('',#188,#2686);
#2686 = DEFINITIONAL_REPRESENTATION('',(#2687),#2714);
#2687 = B_SPLINE_CURVE_WITH_KNOTS('',7,(#2688,#2689,#2690,#2691,#2692,
    #2693,#2694,#2695,#2696,#2697,#2698,#2699,#2700,#2701,#2702,#2703,
    #2704,#2705,#2706,#2707,#2708,#2709,#2710,#2711,#2712,#2713),
  .UNSPECIFIED.,.F.,.F.,(8,6,6,6,8),(0.,0.192761013382,0.454682314868,
    0.72409347707,1.),.UNSPECIFIED.);
#2688 = CARTESIAN_POINT('',(-3.141592650739,0.587500610115));
#2689 = CARTESIAN_POINT('',(-3.217930183932,0.577124074394));
#2690 = CARTESIAN_POINT('',(-3.294274423136,0.566746144557));
#2691 = CARTESIAN_POINT('',(-3.370613236107,0.556365758489));
#2692 = CARTESIAN_POINT('',(-3.446948247202,0.545983110185));
#2693 = CARTESIAN_POINT('',(-3.523285770966,0.535598363029));
#2694 = CARTESIAN_POINT('',(-3.599627763171,0.52521176005));
#2695 = CARTESIAN_POINT('',(-3.779685886837,0.500711907141));
#2696 = CARTESIAN_POINT('',(-3.883438667259,0.486592815612));
#2697 = CARTESIAN_POINT('',(-3.987168684472,0.472475771581));
#2698 = CARTESIAN_POINT('',(-4.090884146167,0.458358774998));
#2699 = CARTESIAN_POINT('',(-4.194613400726,0.444237183236));
#2700 = CARTESIAN_POINT('',(-4.298364465415,0.430109904739));
#2701 = CARTESIAN_POINT('',(-4.508770690977,0.401455195415));
#2702 = CARTESIAN_POINT('',(-4.615491340539,0.386918702554));
#2703 = CARTESIAN_POINT('',(-4.722182814387,0.372384042638));
#2704 = CARTESIAN_POINT('',(-4.828862160825,0.357849659742));
#2705 = CARTESIAN_POINT('',(-4.935552805951,0.343312382834));
#2706 = CARTESIAN_POINT('',(-5.042271559333,0.328769337571));
#2707 = CARTESIAN_POINT('',(-5.2582096934,0.299338313989));
#2708 = CARTESIAN_POINT('',(-5.367504017421,0.284440004366));
#2709 = CARTESIAN_POINT('',(-5.476765605676,0.26954390536));
#2710 = CARTESIAN_POINT('',(-5.586013665869,0.254647262997));
#2711 = CARTESIAN_POINT('',(-5.695273878238,0.239748484589));
#2712 = CARTESIAN_POINT('',(-5.804566170924,0.224844679999));
#2713 = CARTESIAN_POINT('',(-5.913818531426,0.209944528268));
#2714 = ( GEOMETRIC_REPRESENTATION_CONTEXT(2) 
PARAMETRIC_REPRESENTATION_CONTEXT() REPRESENTATION_CONTEXT('2D SPACE',''
  ) );
#2715 = PCURVE('',#2716,#2735);
#2716 = B_SPLINE_SURFACE_WITH_KNOTS('',1,8,(
    (#2717,#2718,#2719,#2720,#2721,#2722,#2723,#2724,#2725)
    ,(#2726,#2727,#2728,#2729,#2730,#2731,#2732,#2733,#2734
  )),.UNSPECIFIED.,.F.,.F.,.F.,(2,2),(9,9),(0.,0.34375),(0.,
    3.172747192313),.PIECEWISE_BEZIER_KNOTS.);
#2717 = CARTESIAN_POINT('',(10.270633709576,4.285863664E-08,
    0.468750824024));
#2718 = CARTESIAN_POINT('',(10.232295136897,-0.48286410181,
    0.500146475496));
#2719 = CARTESIAN_POINT('',(10.410747552903,-1.000516297501,
    0.531520815183));
#2720 = CARTESIAN_POINT('',(10.83286900026,-1.438233619175,
    0.562887688769));
#2721 = CARTESIAN_POINT('',(11.456033992196,-1.662831057552,
    0.594261812009));
#2722 = CARTESIAN_POINT('',(12.138391485678,-1.56443773927,
    0.625666893061));
#2723 = CARTESIAN_POINT('',(12.691152311804,-1.170561739363,
    0.656981705917));
#2724 = CARTESIAN_POINT('',(12.999504147678,-0.600109910089,
    0.688373066965));
#2725 = CARTESIAN_POINT('',(13.0363096885,4.032282502627E-03,
    0.719727063693));
#2726 = CARTESIAN_POINT('',(9.972937948129,4.1874992E-10,0.296875008051)
  );
#2727 = CARTESIAN_POINT('',(9.934646930861,-0.60028912478,0.32818832065)
  );
#2728 = CARTESIAN_POINT('',(10.166068920977,-1.23510047764,
    0.359502310842));
#2729 = CARTESIAN_POINT('',(10.693859254405,-1.762765579899,
    0.390816892014));
#2730 = CARTESIAN_POINT('',(11.458385094406,-2.020550501426,
    0.42213217396));
#2731 = CARTESIAN_POINT('',(12.281434859076,-1.887010491418,
    0.453448159304));
#2732 = CARTESIAN_POINT('',(12.938635896327,-1.401937711521,
    0.484763669763));
#2733 = CARTESIAN_POINT('',(13.298346237744,-0.713764666014,
    0.516080237344));
#2734 = CARTESIAN_POINT('',(13.333721061078,7.606817352341E-03,
    0.547396681399));
#2735 = DEFINITIONAL_REPRESENTATION('',(#2736),#2763);
#2736 = B_SPLINE_CURVE_WITH_KNOTS('',7,(#2737,#2738,#2739,#2740,#2741,
    #2742,#2743,#2744,#2745,#2746,#2747,#2748,#2749,#2750,#2751,#2752,
    #2753,#2754,#2755,#2756,#2757,#2758,#2759,#2760,#2761,#2762),
  .UNSPECIFIED.,.F.,.F.,(8,6,6,6,8),(0.,0.192761013382,0.454682314868,
    0.72409347707,1.),.UNSPECIFIED.);
#2737 = CARTESIAN_POINT('',(0.312501384684,0.));
#2738 = CARTESIAN_POINT('',(0.303913685995,7.702055387907E-02));
#2739 = CARTESIAN_POINT('',(0.295325946399,0.15404734339));
#2740 = CARTESIAN_POINT('',(0.286734167572,0.231069505525));
#2741 = CARTESIAN_POINT('',(0.27813904147,0.308089720676));
#2742 = CARTESIAN_POINT('',(0.269541837266,0.385114446119));
#2743 = CARTESIAN_POINT('',(0.26094321056,0.462145014916));
#2744 = CARTESIAN_POINT('',(0.240661703249,0.643829662399));
#2745 = CARTESIAN_POINT('',(0.228974266618,0.748521605791));
#2746 = CARTESIAN_POINT('',(0.217289866104,0.853191371207));
#2747 = CARTESIAN_POINT('',(0.205605792225,0.957846826812));
#2748 = CARTESIAN_POINT('',(0.193917441539,1.062517237627));
#2749 = CARTESIAN_POINT('',(0.182224080965,1.167211803497));
#2750 = CARTESIAN_POINT('',(0.158506222827,1.379535724862));
#2751 = CARTESIAN_POINT('',(0.146474223307,1.487231322949));
#2752 = CARTESIAN_POINT('',(0.134444073543,1.594899914192));
#2753 = CARTESIAN_POINT('',(0.122415097455,1.702558243151));
#2754 = CARTESIAN_POINT('',(0.110384166267,1.810228623712));
#2755 = CARTESIAN_POINT('',(9.83479713043E-02,1.917928079863));
#2756 = CARTESIAN_POINT('',(7.398880416698E-02,2.135852772715));
#2757 = CARTESIAN_POINT('',(6.165723147624E-02,2.246153700537));
#2758 = CARTESIAN_POINT('',(4.932668679134E-02,2.356423110863));
#2759 = CARTESIAN_POINT('',(3.699500891767E-02,2.466681301106));
#2760 = CARTESIAN_POINT('',(2.466357887028E-02,2.576954620698));
#2761 = CARTESIAN_POINT('',(1.233014146792E-02,2.687260446875));
#2762 = CARTESIAN_POINT('',(0.,2.797526196477));
#2763 = ( GEOMETRIC_REPRESENTATION_CONTEXT(2) 
PARAMETRIC_REPRESENTATION_CONTEXT() REPRESENTATION_CONTEXT('2D SPACE',''
  ) );
#2764 = ORIENTED_EDGE('',*,*,#2765,.T.);
#2765 = EDGE_CURVE('',#2655,#2766,#2768,.T.);
#2766 = VERTEX_POINT('',#2767);
#2767 = CARTESIAN_POINT('',(12.898274382977,-0.542981353188,
    0.814918065532));
#2768 = SURFACE_CURVE('',#2769,(#2828,#2890),.PCURVE_S1.);
#2769 = B_SPLINE_CURVE_WITH_KNOTS('',8,(#2770,#2771,#2772,#2773,#2774,
    #2775,#2776,#2777,#2778,#2779,#2780,#2781,#2782,#2783,#2784,#2785,
    #2786,#2787,#2788,#2789,#2790,#2791,#2792,#2793,#2794,#2795,#2796,
    #2797,#2798,#2799,#2800,#2801,#2802,#2803,#2804,#2805,#2806,#2807,
    #2808,#2809,#2810,#2811,#2812,#2813,#2814,#2815,#2816,#2817,#2818,
    #2819,#2820,#2821,#2822,#2823,#2824,#2825,#2826,#2827),
  .UNSPECIFIED.,.F.,.F.,(9,7,7,7,7,7,7,7,9),(0.,0.331630223712,
    0.40118347655,0.434979809772,0.501584615962,0.565461546911,
    0.597470888816,0.659244385294,1.),.UNSPECIFIED.);
#2770 = CARTESIAN_POINT('',(12.898834213497,-0.541537480837,
    0.690055471732));
#2771 = CARTESIAN_POINT('',(12.922093030037,-0.481458111126,
    0.695913061212));
#2772 = CARTESIAN_POINT('',(12.941933915808,-0.421448595337,
    0.70208249524));
#2773 = CARTESIAN_POINT('',(12.958494902945,-0.361768496117,
    0.70859900434));
#2774 = CARTESIAN_POINT('',(12.971825673351,-0.302941946303,
    0.715493366141));
#2775 = CARTESIAN_POINT('',(12.98200015693,-0.24577467615,0.72278674152)
  );
#2776 = CARTESIAN_POINT('',(12.989205699944,-0.191524284624,
    0.730487752491));
#2777 = CARTESIAN_POINT('',(12.993897313216,-0.141787758479,
    0.738583523913));
#2778 = CARTESIAN_POINT('',(12.997317955223,-9.010864226885E-02,
    0.748813478639));
#2779 = CARTESIAN_POINT('',(12.997828431934,-8.146664792743E-02,
    0.750601148942));
#2780 = CARTESIAN_POINT('',(12.998262335617,-7.316738956513E-02,
    0.752401922091));
#2781 = CARTESIAN_POINT('',(12.998626167946,-6.523876159829E-02,
    0.75421442052));
#2782 = CARTESIAN_POINT('',(12.998926829882,-5.771080216063E-02,
    0.756036870013));
#2783 = CARTESIAN_POINT('',(12.999171506867,-5.061505487827E-02,
    0.757867082293));
#2784 = CARTESIAN_POINT('',(12.999367554027,-4.398393064475E-02,
    0.759702437612));
#2785 = CARTESIAN_POINT('',(12.999597612892,-3.486959026348E-02,
    0.762432685205));
#2786 = CARTESIAN_POINT('',(12.999663096092,-3.200652374905E-02,
    0.763325976385));
#2787 = CARTESIAN_POINT('',(12.999719689397,-2.926471029899E-02,
    0.764219374701));
#2788 = CARTESIAN_POINT('',(12.99976823011,-2.664791193302E-02,
    0.765112486956));
#2789 = CARTESIAN_POINT('',(12.999809534413,-2.415981224437E-02,
    0.766004892935));
#2790 = CARTESIAN_POINT('',(12.999844397373,-2.18040163998E-02,
    0.7668961454));
#2791 = CARTESIAN_POINT('',(12.999873592936,-1.958405113959E-02,
    0.767785770091));
#2792 = CARTESIAN_POINT('',(12.999945726191,-1.340281011152E-02,
    0.770422315672));
#2793 = CARTESIAN_POINT('',(12.999974435109,-9.842563455925E-03,
    0.772163301928));
#2794 = CARTESIAN_POINT('',(12.999989675592,-6.849187061531E-03,
    0.773892150852));
#2795 = CARTESIAN_POINT('',(12.999996415927,-4.445849576097E-03,
    0.775604606888));
#2796 = CARTESIAN_POINT('',(12.999998679253,-2.651322140931E-03,
    0.777296305545));
#2797 = CARTESIAN_POINT('',(12.999999305036,-1.478974487452E-03,
    0.778962846378));
#2798 = CARTESIAN_POINT('',(12.999999710547,-9.357710337431E-04,
    0.780599865971));
#2799 = CARTESIAN_POINT('',(12.999999596512,-1.103261345169E-03,
    0.783740693144));
#2800 = CARTESIAN_POINT('',(12.99999911821,-1.763524620091E-03,
    0.785247476356));
#2801 = CARTESIAN_POINT('',(12.999998169657,-3.002042660725E-03,
    0.786719702434));
#2802 = CARTESIAN_POINT('',(12.999995310449,-4.812581408359E-03,
    0.788154180048));
#2803 = CARTESIAN_POINT('',(12.999987903317,-7.183482781368E-03,
    0.789548257744));
#2804 = CARTESIAN_POINT('',(12.999972309893,-1.009846056586E-02,
    0.790899797044));
#2805 = CARTESIAN_POINT('',(12.999944086475,-1.353739630632E-02,
    0.792207145541));
#2806 = CARTESIAN_POINT('',(12.999875175514,-1.945137608841E-02,
    0.79410149246));
#2807 = CARTESIAN_POINT('',(12.999847741915,-2.155150729311E-02,
    0.794722507228));
#2808 = CARTESIAN_POINT('',(12.999815234021,-2.377463343755E-02,
    0.795332026735));
#2809 = CARTESIAN_POINT('',(12.999776988432,-2.61177836291E-02,
    0.795929952523));
#2810 = CARTESIAN_POINT('',(12.999732323318,-2.85779114553E-02,
    0.796516215237));
#2811 = CARTESIAN_POINT('',(12.999680538419,-3.115189498385E-02,
    0.797090774619));
#2812 = CARTESIAN_POINT('',(12.999620915047,-3.383653676262E-02,
    0.797653619513));
#2813 = CARTESIAN_POINT('',(12.999421101742,-4.201678061211E-02,
    0.799268406118));
#2814 = CARTESIAN_POINT('',(12.99925759089,-4.780496285641E-02,
    0.800288446016));
#2815 = CARTESIAN_POINT('',(12.999056943308,-5.397011357351E-02,
    0.801265028658));
#2816 = CARTESIAN_POINT('',(12.998813917652,-6.048919895681E-02,
    0.802198584985));
#2817 = CARTESIAN_POINT('',(12.99852335009,-6.733957019835E-02,
    0.803089782224));
#2818 = CARTESIAN_POINT('',(12.998180232945,-7.449938531507E-02,
    0.803939470332));
#2819 = CARTESIAN_POINT('',(12.997779793333,-8.194803097506E-02,
    0.804748628439));
#2820 = CARTESIAN_POINT('',(12.994767860508,-0.132243489304,
    0.809764044017));
#2821 = CARTESIAN_POINT('',(12.990352697195,-0.18278414114,
    0.812784164503));
#2822 = CARTESIAN_POINT('',(12.983326827898,-0.238384126432,
    0.814825667622));
#2823 = CARTESIAN_POINT('',(12.97315575387,-0.297204636066,
    0.816045803127));
#2824 = CARTESIAN_POINT('',(12.959638911965,-0.357803615888,
    0.816581613906));
#2825 = CARTESIAN_POINT('',(12.94270565124,-0.419285495263,
    0.816529665718));
#2826 = CARTESIAN_POINT('',(12.922307460688,-0.481091862954,
    0.815962354046));
#2827 = CARTESIAN_POINT('',(12.898274382977,-0.542981353188,
    0.814918065532));
#2828 = PCURVE('',#188,#2829);
#2829 = DEFINITIONAL_REPRESENTATION('',(#2830),#2889);
#2830 = B_SPLINE_CURVE_WITH_KNOTS('',8,(#2831,#2832,#2833,#2834,#2835,
    #2836,#2837,#2838,#2839,#2840,#2841,#2842,#2843,#2844,#2845,#2846,
    #2847,#2848,#2849,#2850,#2851,#2852,#2853,#2854,#2855,#2856,#2857,
    #2858,#2859,#2860,#2861,#2862,#2863,#2864,#2865,#2866,#2867,#2868,
    #2869,#2870,#2871,#2872,#2873,#2874,#2875,#2876,#2877,#2878,#2879,
    #2880,#2881,#2882,#2883,#2884,#2885,#2886,#2887,#2888),
  .UNSPECIFIED.,.F.,.F.,(9,7,7,7,7,7,7,7,9),(0.,0.331630223712,
    0.40118347655,0.434979809772,0.501584615962,0.565461546911,
    0.597470888816,0.659244385294,1.),.UNSPECIFIED.);
#2831 = CARTESIAN_POINT('',(-5.913818531426,0.209944528268));
#2832 = CARTESIAN_POINT('',(-5.95676813089,0.204086938788));
#2833 = CARTESIAN_POINT('',(-5.998851676564,0.19791750476));
#2834 = CARTESIAN_POINT('',(-6.040061636461,0.19140099566));
#2835 = CARTESIAN_POINT('',(-6.080184848092,0.184506633859));
#2836 = CARTESIAN_POINT('',(-6.118817277091,0.177213258479));
#2837 = CARTESIAN_POINT('',(-6.155257828395,0.169512247509));
#2838 = CARTESIAN_POINT('',(-6.188549706957,0.161416476087));
#2839 = CARTESIAN_POINT('',(-6.223077839409,0.151186521361));
#2840 = CARTESIAN_POINT('',(-6.228849064283,0.149398851058));
#2841 = CARTESIAN_POINT('',(-6.234389256739,0.147598077909));
#2842 = CARTESIAN_POINT('',(-6.239680371751,0.14578557948));
#2843 = CARTESIAN_POINT('',(-6.244702854083,0.143963129987));
#2844 = CARTESIAN_POINT('',(-6.249436064456,0.142132917707));
#2845 = CARTESIAN_POINT('',(-6.253858705722,0.140297562388));
#2846 = CARTESIAN_POINT('',(-6.259936868005,0.137567314795));
#2847 = CARTESIAN_POINT('',(-6.261846073336,0.136674023615));
#2848 = CARTESIAN_POINT('',(-6.263674330971,0.135780625299));
#2849 = CARTESIAN_POINT('',(-6.265419155723,0.134887513044));
#2850 = CARTESIAN_POINT('',(-6.26707811127,0.133995107065));
#2851 = CARTESIAN_POINT('',(-6.268648810161,0.1331038546));
#2852 = CARTESIAN_POINT('',(-6.27012891381,0.132214229909));
#2853 = CARTESIAN_POINT('',(-6.274250021743,0.129577684328));
#2854 = CARTESIAN_POINT('',(-6.276623582359,0.127836698072));
#2855 = CARTESIAN_POINT('',(-6.278619179467,0.126107849148));
#2856 = CARTESIAN_POINT('',(-6.280221405099,0.124395393112));
#2857 = CARTESIAN_POINT('',(-6.281417758326,0.122703694455));
#2858 = CARTESIAN_POINT('',(-6.282199325381,0.121037153622));
#2859 = CARTESIAN_POINT('',(-6.282561459784,0.119400134029));
#2860 = CARTESIAN_POINT('',(-6.282449799551,0.116259306856));
#2861 = CARTESIAN_POINT('',(-6.282009624935,0.114752523644));
#2862 = CARTESIAN_POINT('',(-6.28118394459,0.113280297566));
#2863 = CARTESIAN_POINT('',(-6.279976917093,0.111845819952));
#2864 = CARTESIAN_POINT('',(-6.27839631384,0.110451742256));
#2865 = CARTESIAN_POINT('',(-6.276452979249,0.109100202956));
#2866 = CARTESIAN_POINT('',(-6.274160290967,0.107792854459));
#2867 = CARTESIAN_POINT('',(-6.270217370133,0.10589850754));
#2868 = CARTESIAN_POINT('',(-6.26881716425,0.105277492772));
#2869 = CARTESIAN_POINT('',(-6.267334924789,0.104667973265));
#2870 = CARTESIAN_POINT('',(-6.265772621693,0.104070047477));
#2871 = CARTESIAN_POINT('',(-6.264132272486,0.103483784763));
#2872 = CARTESIAN_POINT('',(-6.262415942276,0.102909225381));
#2873 = CARTESIAN_POINT('',(-6.26062574375,0.102346380487));
#2874 = CARTESIAN_POINT('',(-6.255170621191,0.100731593882));
#2875 = CARTESIAN_POINT('',(-6.251310321039,9.971155398352E-02));
#2876 = CARTESIAN_POINT('',(-6.247198110044,9.87349713416E-02));
#2877 = CARTESIAN_POINT('',(-6.242849137194,9.78014150146E-02));
#2878 = CARTESIAN_POINT('',(-6.238278244949,9.691021777576E-02));
#2879 = CARTESIAN_POINT('',(-6.233499687034,9.60605296684E-02));
#2880 = CARTESIAN_POINT('',(-6.228526846248,9.52513715612E-02));
#2881 = CARTESIAN_POINT('',(-6.194936471516,9.023595598254E-02));
#2882 = CARTESIAN_POINT('',(-6.161126981697,8.721583549671E-02));
#2883 = CARTESIAN_POINT('',(-6.123811722402,8.517433237848E-02));
#2884 = CARTESIAN_POINT('',(-6.084101686944,8.395419687269E-02));
#2885 = CARTESIAN_POINT('',(-6.042806622125,8.34183860937E-02));
#2886 = CARTESIAN_POINT('',(-6.00037997312,8.347033428194E-02));
#2887 = CARTESIAN_POINT('',(-5.957047462164,8.403764595398E-02));
#2888 = CARTESIAN_POINT('',(-5.912786128018,8.5081934468E-02));
#2889 = ( GEOMETRIC_REPRESENTATION_CONTEXT(2) 
PARAMETRIC_REPRESENTATION_CONTEXT() REPRESENTATION_CONTEXT('2D SPACE',''
  ) );
#2890 = PCURVE('',#2891,#2955);
#2891 = ( BOUNDED_SURFACE() B_SPLINE_SURFACE(6,8,(
    (#2892,#2893,#2894,#2895,#2896,#2897,#2898,#2899,#2900)
    ,(#2901,#2902,#2903,#2904,#2905,#2906,#2907,#2908,#2909)
    ,(#2910,#2911,#2912,#2913,#2914,#2915,#2916,#2917,#2918)
    ,(#2919,#2920,#2921,#2922,#2923,#2924,#2925,#2926,#2927)
    ,(#2928,#2929,#2930,#2931,#2932,#2933,#2934,#2935,#2936)
    ,(#2937,#2938,#2939,#2940,#2941,#2942,#2943,#2944,#2945)
    ,(#2946,#2947,#2948,#2949,#2950,#2951,#2952,#2953,#2954
)),.UNSPECIFIED.,.F.,.F.,.F.) B_SPLINE_SURFACE_WITH_KNOTS((7,7),(9,9),(
    0.,2.094395102393),(0.,3.172747192313),.PIECEWISE_BEZIER_KNOTS.) 
GEOMETRIC_REPRESENTATION_ITEM() RATIONAL_B_SPLINE_SURFACE((
    (1.056590953773,1.056590953773,1.056590953773,1.056590953773
      ,1.056590953773,1.056590953773,1.056590953773,1.056590953773
      ,1.056590953773)
    ,(1.017435169568,1.017435169568,1.017435169568,1.017435169568
      ,1.017435169568,1.017435169568,1.017435169568,1.017435169568
      ,1.017435169568)
    ,(0.996326512422,0.996326512422,0.996326512422,0.996326512422
      ,0.996326512422,0.996326512422,0.996326512422,0.996326512422
      ,0.996326512422)
    ,(0.989390034249,0.989390034249,0.989390034249,0.989390034249
      ,0.989390034249,0.989390034249,0.989390034249,0.989390034249
      ,0.989390034249)
    ,(0.996326512422,0.996326512422,0.996326512422,0.996326512422
      ,0.996326512422,0.996326512422,0.996326512422,0.996326512422
      ,0.996326512422)
    ,(1.017435169568,1.017435169568,1.017435169568,1.017435169568
      ,1.017435169568,1.017435169568,1.017435169568,1.017435169568
      ,1.017435169568)
    ,(1.056590953773,1.056590953773,1.056590953773,1.056590953773
      ,1.056590953773,1.056590953773,1.056590953773,1.056590953773
,1.056590953773))) REPRESENTATION_ITEM('') SURFACE() );
#2892 = CARTESIAN_POINT('',(10.270633366956,4.285861221E-08,
    0.593750824023));
#2893 = CARTESIAN_POINT('',(10.232260220885,-0.483024538195,0.6251464754
    ));
#2894 = CARTESIAN_POINT('',(10.410832013141,-1.000857670614,
    0.65652056915));
#2895 = CARTESIAN_POINT('',(10.833237568841,-1.438650067383,
    0.687887012534));
#2896 = CARTESIAN_POINT('',(11.456700608585,-1.663121568321,
    0.719260530731));
#2897 = CARTESIAN_POINT('',(12.13931123225,-1.564350690191,
    0.750664895446));
#2898 = CARTESIAN_POINT('',(12.691997218443,-1.170033326285,
    0.781978879036));
#2899 = CARTESIAN_POINT('',(13.000088755198,-0.599218950657,
    0.813369324953));
#2900 = CARTESIAN_POINT('',(13.036485455833,5.10472050534E-03,
    0.844722339535));
#2901 = CARTESIAN_POINT('',(10.293289051421,4.608843018E-08,
    0.580670641296));
#2902 = CARTESIAN_POINT('',(10.254919521884,-0.474054536427,
    0.612072558949));
#2903 = CARTESIAN_POINT('',(10.429435174261,-0.982933609936,
    0.643451296961));
#2904 = CARTESIAN_POINT('',(10.84373952578,-1.413864976926,
    0.674821810002));
#2905 = CARTESIAN_POINT('',(11.456382169994,-1.635837159463,
    0.706199932838));
#2906 = CARTESIAN_POINT('',(12.128232679534,-1.539820075744,
    0.737611227943));
#2907 = CARTESIAN_POINT('',(12.672986089795,-1.152535452899,
    0.768925331995));
#2908 = CARTESIAN_POINT('',(12.977223554162,-0.590755918672,
    0.80032166146));
#2909 = CARTESIAN_POINT('',(13.013814700712,4.608242786261E-03,
    0.831677739469));
#2910 = CARTESIAN_POINT('',(10.309254612412,4.836449508E-08,
    0.558531946925));
#2911 = CARTESIAN_POINT('',(10.270891205254,-0.467716766497,
    0.589938280449));
#2912 = CARTESIAN_POINT('',(10.442536144534,-0.970267185964,
    0.62132031671));
#2913 = CARTESIAN_POINT('',(10.85110218649,-1.396355805272,
    0.652693742118));
#2914 = CARTESIAN_POINT('',(11.456088858327,-1.616579728944,
    0.684075172399));
#2915 = CARTESIAN_POINT('',(12.120330519033,-1.522542279779,
    0.715491425417));
#2916 = CARTESIAN_POINT('',(12.659501556455,-1.140259272751,
    0.746805700079));
#2917 = CARTESIAN_POINT('',(12.961049951705,-0.584884092918,
    0.778206270291));
#2918 = CARTESIAN_POINT('',(12.997820386012,4.147517299495E-03,
    0.80956460863));
#2919 = CARTESIAN_POINT('',(10.315025282864,4.918716279E-08,
    0.531250945699));
#2920 = CARTESIAN_POINT('',(10.276669420955,-0.465401288287,
    0.562658875317));
#2921 = CARTESIAN_POINT('',(10.447258353367,-0.965636362571,
    0.594042141633));
#2922 = CARTESIAN_POINT('',(10.853706512688,-1.389963032423,
    0.625416686044));
#2923 = CARTESIAN_POINT('',(11.455880028881,-1.609574486387,
    0.656799405091));
#2924 = CARTESIAN_POINT('',(12.117332494142,-1.51631079175,
    0.688217560587));
#2925 = CARTESIAN_POINT('',(12.654497372704,-1.135903649656,
    0.719532024815));
#2926 = CARTESIAN_POINT('',(12.955113973341,-0.582899186504,
    0.750934268954));
#2927 = CARTESIAN_POINT('',(12.99201226645,3.815586350116E-03,
    0.78229357575));
#2928 = CARTESIAN_POINT('',(10.309254761964,4.836450573E-08,
    0.503969912839));
#2929 = CARTESIAN_POINT('',(10.270906445963,-0.467646736613,
    0.535376246405));
#2930 = CARTESIAN_POINT('',(10.442499277955,-0.970118177873,
    0.566758390016));
#2931 = CARTESIAN_POINT('',(10.850941307679,-1.396174027182,
    0.598132003206));
#2932 = CARTESIAN_POINT('',(11.455797882758,-1.616452922076,
    0.629513697586));
#2933 = CARTESIAN_POINT('',(12.119929053082,-1.522580276378,
    0.660930263282));
#2934 = CARTESIAN_POINT('',(12.659132757856,-1.14048992309,
    0.692244899916));
#2935 = CARTESIAN_POINT('',(12.960794772701,-0.585272993389,
    0.723645869579));
#2936 = CARTESIAN_POINT('',(12.997743664226,3.679402108623E-03,
    0.755004636622));
#2937 = CARTESIAN_POINT('',(10.293289322336,4.608844928E-08,
    0.481831130947));
#2938 = CARTESIAN_POINT('',(10.254947130536,-0.473927676797,
    0.513233048674));
#2939 = CARTESIAN_POINT('',(10.429368390192,-0.982663680726,
    0.544611981153));
#2940 = CARTESIAN_POINT('',(10.843448092676,-1.413535684631,
    0.575982834361));
#2941 = CARTESIAN_POINT('',(11.455855065694,-1.635607447925,
    0.607361435616));
#2942 = CARTESIAN_POINT('',(12.127505421127,-1.539888906851,
    0.638773297139));
#2943 = CARTESIAN_POINT('',(12.672318008527,-1.152953277617,
    0.670088056906));
#2944 = CARTESIAN_POINT('',(12.976761295593,-0.591460414624,
    0.701485109979));
#2945 = CARTESIAN_POINT('',(13.013675718655,3.760248809711E-03,
    0.732841964588));
#2946 = CARTESIAN_POINT('',(10.270633709576,4.285863664E-08,
    0.468750824024));
#2947 = CARTESIAN_POINT('',(10.232295136897,-0.48286410181,
    0.500146475496));
#2948 = CARTESIAN_POINT('',(10.410747552903,-1.000516297501,
    0.531520815183));
#2949 = CARTESIAN_POINT('',(10.83286900026,-1.438233619175,
    0.562887688769));
#2950 = CARTESIAN_POINT('',(11.456033992196,-1.662831057552,
    0.594261812009));
#2951 = CARTESIAN_POINT('',(12.138391485678,-1.56443773927,
    0.625666893061));
#2952 = CARTESIAN_POINT('',(12.691152311804,-1.170561739363,
    0.656981705917));
#2953 = CARTESIAN_POINT('',(12.999504147678,-0.600109910089,
    0.688373066965));
#2954 = CARTESIAN_POINT('',(13.0363096885,4.032282502627E-03,
    0.719727063693));
#2955 = DEFINITIONAL_REPRESENTATION('',(#2956),#3015);
#2956 = B_SPLINE_CURVE_WITH_KNOTS('',8,(#2957,#2958,#2959,#2960,#2961,
    #2962,#2963,#2964,#2965,#2966,#2967,#2968,#2969,#2970,#2971,#2972,
    #2973,#2974,#2975,#2976,#2977,#2978,#2979,#2980,#2981,#2982,#2983,
    #2984,#2985,#2986,#2987,#2988,#2989,#2990,#2991,#2992,#2993,#2994,
    #2995,#2996,#2997,#2998,#2999,#3000,#3001,#3002,#3003,#3004,#3005,
    #3006,#3007,#3008,#3009,#3010,#3011,#3012,#3013,#3014),
  .UNSPECIFIED.,.F.,.F.,(9,7,7,7,7,7,7,7,9),(0.,0.331630223713,
    0.401183476551,0.434979809772,0.501584615962,0.565461546911,
    0.597470888817,0.659244385294,1.),.UNSPECIFIED.);
#2957 = CARTESIAN_POINT('',(2.094395102393,2.797526196477));
#2958 = CARTESIAN_POINT('',(2.027227813956,2.840874182342));
#2959 = CARTESIAN_POINT('',(1.958430624242,2.883345888654));
#2960 = CARTESIAN_POINT('',(1.887303957709,2.924933405905));
#2961 = CARTESIAN_POINT('',(1.813191558682,2.965421216812));
#2962 = CARTESIAN_POINT('',(1.735475734174,3.004401091968));
#2963 = CARTESIAN_POINT('',(1.653396801985,3.041164934887));
#2964 = CARTESIAN_POINT('',(1.566163497109,3.074746348317));
#2965 = CARTESIAN_POINT('',(1.452522679639,3.109564402065));
#2966 = CARTESIAN_POINT('',(1.432545288317,3.115383646314));
#2967 = CARTESIAN_POINT('',(1.412286211328,3.120969455569));
#2968 = CARTESIAN_POINT('',(1.3917416233,3.126303608853));
#2969 = CARTESIAN_POINT('',(1.370910517218,3.131366361802));
#2970 = CARTESIAN_POINT('',(1.349795124452,3.136136877364));
#2971 = CARTESIAN_POINT('',(1.328401334789,3.140593656508));
#2972 = CARTESIAN_POINT('',(1.296213317617,3.146717538782));
#2973 = CARTESIAN_POINT('',(1.285624372668,3.148640899685));
#2974 = CARTESIAN_POINT('',(1.274973564047,3.150482493889));
#2975 = CARTESIAN_POINT('',(1.264262493781,3.152239813196));
#2976 = CARTESIAN_POINT('',(1.253493083486,3.153910398956));
#2977 = CARTESIAN_POINT('',(1.242667574378,3.155491842063));
#2978 = CARTESIAN_POINT('',(1.231788527263,3.156981782959));
#2979 = CARTESIAN_POINT('',(1.19931888625,3.161129360406));
#2980 = CARTESIAN_POINT('',(1.177579745579,3.163516882346));
#2981 = CARTESIAN_POINT('',(1.155666801403,3.165522687509));
#2982 = CARTESIAN_POINT('',(1.133608447268,3.167131237233));
#2983 = CARTESIAN_POINT('',(1.111436263612,3.168329930771));
#2984 = CARTESIAN_POINT('',(1.089185211976,3.16910979193));
#2985 = CARTESIAN_POINT('',(1.066893829225,3.169466155704));
#2986 = CARTESIAN_POINT('',(1.023227902215,3.169335290019));
#2987 = CARTESIAN_POINT('',(1.00184957129,3.168882002513));
#2988 = CARTESIAN_POINT('',(0.980506560104,3.168039523758));
#2989 = CARTESIAN_POINT('',(0.959232916042,3.166812077211));
#2990 = CARTESIAN_POINT('',(0.938059751454,3.165207533067));
#2991 = CARTESIAN_POINT('',(0.917015392361,3.163236862904));
#2992 = CARTESIAN_POINT('',(0.896125527152,3.160913594328));
#2993 = CARTESIAN_POINT('',(0.8650342876,3.15692014942));
#2994 = CARTESIAN_POINT('',(0.854699327606,3.155502303413));
#2995 = CARTESIAN_POINT('',(0.844411048208,3.154001670759));
#2996 = CARTESIAN_POINT('',(0.834171760583,3.152420242491));
#2997 = CARTESIAN_POINT('',(0.823983514196,3.150760057511));
#2998 = CARTESIAN_POINT('',(0.813848096799,3.14902320259));
#2999 = CARTESIAN_POINT('',(0.803767034428,3.147211812366));
#3000 = CARTESIAN_POINT('',(0.774393906258,3.141692712108));
#3001 = CARTESIAN_POINT('',(0.75525386667,3.137787869421));
#3002 = CARTESIAN_POINT('',(0.736329931235,3.133628870784));
#3003 = CARTESIAN_POINT('',(0.717627724518,3.129231018907));
#3004 = CARTESIAN_POINT('',(0.699150304623,3.124609304973));
#3005 = CARTESIAN_POINT('',(0.680898430759,3.119778123914));
#3006 = CARTESIAN_POINT('',(0.662870830806,3.114750989672));
#3007 = CARTESIAN_POINT('',(0.546840826835,3.08079671579));
#3008 = CARTESIAN_POINT('',(0.455916475666,3.046633747013));
#3009 = CARTESIAN_POINT('',(0.37059919299,3.00893722674));
#3010 = CARTESIAN_POINT('',(0.290045231133,2.968828256727));
#3011 = CARTESIAN_POINT('',(0.21342015127,2.927123543658));
#3012 = CARTESIAN_POINT('',(0.140042565751,2.884280298263));
#3013 = CARTESIAN_POINT('',(6.917118255826E-02,2.84052593797));
#3014 = CARTESIAN_POINT('',(0.,2.795837021379));
#3015 = ( GEOMETRIC_REPRESENTATION_CONTEXT(2) 
PARAMETRIC_REPRESENTATION_CONTEXT() REPRESENTATION_CONTEXT('2D SPACE',''
  ) );
#3016 = ORIENTED_EDGE('',*,*,#3017,.F.);
#3017 = EDGE_CURVE('',#3018,#2766,#3020,.T.);
#3018 = VERTEX_POINT('',#3019);
#3019 = CARTESIAN_POINT('',(10.,4.276835E-09,0.750000082229));
#3020 = SURFACE_CURVE('',#3021,(#3048,#3078),.PCURVE_S1.);
#3021 = B_SPLINE_CURVE_WITH_KNOTS('',7,(#3022,#3023,#3024,#3025,#3026,
    #3027,#3028,#3029,#3030,#3031,#3032,#3033,#3034,#3035,#3036,#3037,
    #3038,#3039,#3040,#3041,#3042,#3043,#3044,#3045,#3046,#3047),
  .UNSPECIFIED.,.F.,.F.,(8,6,6,6,8),(0.,0.206811253122,0.446634776956,
    0.710641604682,1.),.UNSPECIFIED.);
#3022 = CARTESIAN_POINT('',(10.,4.27683555E-09,0.750000082229));
#3023 = CARTESIAN_POINT('',(10.000000005667,-0.122825506504,
    0.751902534179));
#3024 = CARTESIAN_POINT('',(10.011733674617,-0.245663965951,
    0.75380822236));
#3025 = CARTESIAN_POINT('',(10.035205189358,-0.367143362299,
    0.755713490643));
#3026 = CARTESIAN_POINT('',(10.070211910295,-0.485924502141,
    0.757618929901));
#3027 = CARTESIAN_POINT('',(10.116371211415,-0.600712333892,
    0.759525711435));
#3028 = CARTESIAN_POINT('',(10.173125880349,-0.71027326567,
    0.761434011322));
#3029 = CARTESIAN_POINT('',(10.316961669692,-0.933114641102,
    0.765557846498));
#3030 = CARTESIAN_POINT('',(10.407464599281,-1.044238946227,
    0.767774534109));
#3031 = CARTESIAN_POINT('',(10.510078161822,-1.145017776701,
    0.769992854392));
#3032 = CARTESIAN_POINT('',(10.623361673518,-1.233902181765,
    0.772212309879));
#3033 = CARTESIAN_POINT('',(10.745655344239,-1.309591040801,
    0.774432970267));
#3034 = CARTESIAN_POINT('',(10.875111115781,-1.371055223598,
    0.776655096123));
#3035 = CARTESIAN_POINT('',(11.157842627771,-1.468844023893,
    0.781325174063));
#3036 = CARTESIAN_POINT('',(11.312284842289,-1.502036442773,
    0.783774598778));
#3037 = CARTESIAN_POINT('',(11.470295360554,-1.516219397446,
    0.786225264666));
#3038 = CARTESIAN_POINT('',(11.629075324655,-1.511006680259,
    0.788677710937));
#3039 = CARTESIAN_POINT('',(11.785810132454,-1.486491863038,
    0.791132291534));
#3040 = CARTESIAN_POINT('',(11.937732965777,-1.443246111446,
    0.793588352882));
#3041 = CARTESIAN_POINT('',(12.240521807927,-1.315728742402,
    0.798736248164));
#3042 = CARTESIAN_POINT('',(12.39000950364,-1.227864374045,
    0.801430131493));
#3043 = CARTESIAN_POINT('',(12.527121895662,-1.120266077736,
    0.804123628174));
#3044 = CARTESIAN_POINT('',(12.648803969501,-0.995098878845,
    0.806817238537));
#3045 = CARTESIAN_POINT('',(12.752485477406,-0.855009793809,
    0.809514447243));
#3046 = CARTESIAN_POINT('',(12.836091579054,-0.703113224881,
    0.812216091916));
#3047 = CARTESIAN_POINT('',(12.898274382977,-0.542981353188,
    0.814918065532));
#3048 = PCURVE('',#188,#3049);
#3049 = DEFINITIONAL_REPRESENTATION('',(#3050),#3077);
#3050 = B_SPLINE_CURVE_WITH_KNOTS('',7,(#3051,#3052,#3053,#3054,#3055,
    #3056,#3057,#3058,#3059,#3060,#3061,#3062,#3063,#3064,#3065,#3066,
    #3067,#3068,#3069,#3070,#3071,#3072,#3073,#3074,#3075,#3076),
  .UNSPECIFIED.,.F.,.F.,(8,6,6,6,8),(0.,0.206811253122,0.446634776956,
    0.710641604682,1.),.UNSPECIFIED.);
#3051 = CARTESIAN_POINT('',(-3.141592650739,0.149999917771));
#3052 = CARTESIAN_POINT('',(-3.223476324593,0.148097465821));
#3053 = CARTESIAN_POINT('',(-3.30536845087,0.14619177764));
#3054 = CARTESIAN_POINT('',(-3.387252091538,0.144286509357));
#3055 = CARTESIAN_POINT('',(-3.469129652504,0.142381070099));
#3056 = CARTESIAN_POINT('',(-3.55101011513,0.140474288565));
#3057 = CARTESIAN_POINT('',(-3.632896215514,0.138565988678));
#3058 = CARTESIAN_POINT('',(-3.809716290921,0.134442153502));
#3059 = CARTESIAN_POINT('',(-3.904679007274,0.132225465891));
#3060 = CARTESIAN_POINT('',(-3.999625615342,0.130007145608));
#3061 = CARTESIAN_POINT('',(-4.094561481016,0.127787690121));
#3062 = CARTESIAN_POINT('',(-4.189505061576,0.125567029733));
#3063 = CARTESIAN_POINT('',(-4.284461579107,0.123344903877));
#3064 = CARTESIAN_POINT('',(-4.483904979416,0.118674825937));
#3065 = CARTESIAN_POINT('',(-4.588442793,0.116225401222));
#3066 = CARTESIAN_POINT('',(-4.692955049219,0.113774735334));
#3067 = CARTESIAN_POINT('',(-4.797450581757,0.111322289063));
#3068 = CARTESIAN_POINT('',(-4.90195946393,0.108867708466));
#3069 = CARTESIAN_POINT('',(-5.006490378925,0.106411647118));
#3070 = CARTESIAN_POINT('',(-5.225520323441,0.101263751836));
#3071 = CARTESIAN_POINT('',(-5.340101194129,9.856986850709E-02));
#3072 = CARTESIAN_POINT('',(-5.454638730138,9.587637182584E-02));
#3073 = CARTESIAN_POINT('',(-5.569158604505,9.318276146266E-02));
#3074 = CARTESIAN_POINT('',(-5.683691888872,9.048555275745E-02));
#3075 = CARTESIAN_POINT('',(-5.798265062639,8.778390808375E-02));
#3076 = CARTESIAN_POINT('',(-5.912786128018,8.5081934468E-02));
#3077 = ( GEOMETRIC_REPRESENTATION_CONTEXT(2) 
PARAMETRIC_REPRESENTATION_CONTEXT() REPRESENTATION_CONTEXT('2D SPACE',''
  ) );
#3078 = PCURVE('',#3079,#3098);
#3079 = B_SPLINE_SURFACE_WITH_KNOTS('',1,8,(
    (#3080,#3081,#3082,#3083,#3084,#3085,#3086,#3087,#3088)
    ,(#3089,#3090,#3091,#3092,#3093,#3094,#3095,#3096,#3097
  )),.UNSPECIFIED.,.F.,.F.,.F.,(2,2),(9,9),(0.,0.34375),(0.,
    3.172747192313),.PIECEWISE_BEZIER_KNOTS.);
#3080 = CARTESIAN_POINT('',(9.972936663304,4.1865755E-10,0.765625008049)
  );
#3081 = CARTESIAN_POINT('',(9.934515995817,-0.600890761224,
    0.796938320293));
#3082 = CARTESIAN_POINT('',(10.166385646868,-1.236380626811,
    0.828251388221));
#3083 = CARTESIAN_POINT('',(10.695241386583,-1.764327260678,
    0.859564356134));
#3084 = CARTESIAN_POINT('',(11.460884905866,-2.02163991681,
    0.890877369166));
#3085 = CARTESIAN_POINT('',(12.284883908722,-1.886684057375,
    0.92219066825));
#3086 = CARTESIAN_POINT('',(12.941804296225,-1.39995616248,
    0.953503068958));
#3087 = CARTESIAN_POINT('',(13.300538515947,-0.710423568145,0.9848162048
    ));
#3088 = CARTESIAN_POINT('',(13.334380188576,1.162845986251E-02,
    1.016128965802));
#3089 = CARTESIAN_POINT('',(10.270633366956,4.285861177E-08,
    0.593750824023));
#3090 = CARTESIAN_POINT('',(10.232260220885,-0.483024538195,0.6251464754
    ));
#3091 = CARTESIAN_POINT('',(10.410832013141,-1.000857670614,
    0.65652056915));
#3092 = CARTESIAN_POINT('',(10.833237568841,-1.438650067383,
    0.687887012534));
#3093 = CARTESIAN_POINT('',(11.456700608585,-1.663121568321,
    0.719260530731));
#3094 = CARTESIAN_POINT('',(12.13931123225,-1.564350690191,
    0.750664895446));
#3095 = CARTESIAN_POINT('',(12.691997218443,-1.170033326285,
    0.781978879036));
#3096 = CARTESIAN_POINT('',(13.000088755198,-0.599218950657,
    0.813369324953));
#3097 = CARTESIAN_POINT('',(13.036485455833,5.104720505339E-03,
    0.844722339535));
#3098 = DEFINITIONAL_REPRESENTATION('',(#3099),#3126);
#3099 = B_SPLINE_CURVE_WITH_KNOTS('',7,(#3100,#3101,#3102,#3103,#3104,
    #3105,#3106,#3107,#3108,#3109,#3110,#3111,#3112,#3113,#3114,#3115,
    #3116,#3117,#3118,#3119,#3120,#3121,#3122,#3123,#3124,#3125),
  .UNSPECIFIED.,.F.,.F.,(8,6,6,6,8),(0.,0.206811253122,0.446634776956,
    0.710641604682,1.),.UNSPECIFIED.);
#3100 = CARTESIAN_POINT('',(3.125000000013E-02,0.));
#3101 = CARTESIAN_POINT('',(4.048191287625E-02,8.253777821533E-02));
#3102 = CARTESIAN_POINT('',(4.9711342149E-02,0.16508843575));
#3103 = CARTESIAN_POINT('',(5.894296395576E-02,0.247636456434));
#3104 = CARTESIAN_POINT('',(6.817598521356E-02,0.330185159674));
#3105 = CARTESIAN_POINT('',(7.740937979116E-02,0.412743387177));
#3106 = CARTESIAN_POINT('',(8.664305452281E-02,0.495312985325));
#3107 = CARTESIAN_POINT('',(0.106580477223,0.67362048493));
#3108 = CARTESIAN_POINT('',(0.117287312562,0.769389193663));
#3109 = CARTESIAN_POINT('',(0.127991342985,0.865147987374));
#3110 = CARTESIAN_POINT('',(0.13869442866,0.960902049933));
#3111 = CARTESIAN_POINT('',(0.149399479227,1.056670369277));
#3112 = CARTESIAN_POINT('',(0.160106898189,1.152458762414));
#3113 = CARTESIAN_POINT('',(0.182597402357,1.3536639188));
#3114 = CARTESIAN_POINT('',(0.19438633725,1.459133524499));
#3115 = CARTESIAN_POINT('',(0.206172462465,1.564585826298));
#3116 = CARTESIAN_POINT('',(0.217955789218,1.670028894753));
#3117 = CARTESIAN_POINT('',(0.229739998953,1.775492148796));
#3118 = CARTESIAN_POINT('',(0.241527460012,1.880983902623));
#3119 = CARTESIAN_POINT('',(0.266228865937,2.102040878592));
#3120 = CARTESIAN_POINT('',(0.279152318429,2.217689997725));
#3121 = CARTESIAN_POINT('',(0.29207270759,2.333303455196));
#3122 = CARTESIAN_POINT('',(0.304993385835,2.448908044863));
#3123 = CARTESIAN_POINT('',(0.317912856423,2.564535681201));
#3124 = CARTESIAN_POINT('',(0.330834101843,2.680209635998));
#3125 = CARTESIAN_POINT('',(0.34375,2.795837021379));
#3126 = ( GEOMETRIC_REPRESENTATION_CONTEXT(2) 
PARAMETRIC_REPRESENTATION_CONTEXT() REPRESENTATION_CONTEXT('2D SPACE',''
  ) );
#3127 = ORIENTED_EDGE('',*,*,#3128,.F.);
#3128 = EDGE_CURVE('',#2141,#3018,#3129,.T.);
#3129 = SURFACE_CURVE('',#3130,(#3181,#3235),.PCURVE_S1.);
#3130 = B_SPLINE_CURVE_WITH_KNOTS('',7,(#3131,#3132,#3133,#3134,#3135,
    #3136,#3137,#3138,#3139,#3140,#3141,#3142,#3143,#3144,#3145,#3146,
    #3147,#3148,#3149,#3150,#3151,#3152,#3153,#3154,#3155,#3156,#3157,
    #3158,#3159,#3160,#3161,#3162,#3163,#3164,#3165,#3166,#3167,#3168,
    #3169,#3170,#3171,#3172,#3173,#3174,#3175,#3176,#3177,#3178,#3179,
    #3180),.UNSPECIFIED.,.F.,.F.,(8,6,6,6,6,6,6,6,8),(0.,
    7.949436163314E-02,0.223486971987,0.251401682081,0.381765429935,
    0.619432279942,0.777295889361,0.922476307324,1.),.UNSPECIFIED.);
#3131 = CARTESIAN_POINT('',(13.,-2.2E-16,0.5));
#3132 = CARTESIAN_POINT('',(12.999999997333,5.351356405847E-02,
    0.50283899992));
#3133 = CARTESIAN_POINT('',(12.997772646484,0.107027530315,
    0.505678283157));
#3134 = CARTESIAN_POINT('',(12.9933179901,0.160429923266,0.508517654895)
  );
#3135 = CARTESIAN_POINT('',(12.986642967213,0.213609630688,
    0.511356980761));
#3136 = CARTESIAN_POINT('',(12.977761413242,0.266456403641,
    0.514196186826));
#3137 = CARTESIAN_POINT('',(12.966694059991,0.318860856464,
    0.517035259606));
#3138 = CARTESIAN_POINT('',(12.929512399213,0.464639828926,
    0.525016661977));
#3139 = CARTESIAN_POINT('',(12.898473658754,0.556763033516,
    0.530158963948));
#3140 = CARTESIAN_POINT('',(12.860517868619,0.646436408545,
    0.535300917101));
#3141 = CARTESIAN_POINT('',(12.815880958949,0.733039004873,
    0.540442766959));
#3142 = CARTESIAN_POINT('',(12.76486662802,0.815981630866,0.545584877825
    ));
#3143 = CARTESIAN_POINT('',(12.707843734598,0.894711887046,
    0.550727371166));
#3144 = CARTESIAN_POINT('',(12.63310791411,0.983066414122,0.55686667909)
  );
#3145 = CARTESIAN_POINT('',(12.620762442356,0.997236258876,
    0.557863599427));
#3146 = CARTESIAN_POINT('',(12.60821038841,1.011225054268,0.558860524685
    ));
#3147 = CARTESIAN_POINT('',(12.595454943207,1.025029191265,
    0.559857454492));
#3148 = CARTESIAN_POINT('',(12.582499375217,1.038645132524,
    0.560854388436));
#3149 = CARTESIAN_POINT('',(12.569347030447,1.052069412402,0.56185132606
    ));
#3150 = CARTESIAN_POINT('',(12.493675941853,1.127080087917,
    0.567504053722));
#3151 = CARTESIAN_POINT('',(12.42713158568,1.184609157761,0.572160050876
    ));
#3152 = CARTESIAN_POINT('',(12.356720013094,1.237537410928,0.57681596131
    ));
#3153 = CARTESIAN_POINT('',(12.28282468448,1.285555733409,0.581471774664
    ));
#3154 = CARTESIAN_POINT('',(12.205857887649,1.328396209486,0.58612759034
    ));
#3155 = CARTESIAN_POINT('',(12.126257854046,1.365833998481,
    0.590783440588));
#3156 = CARTESIAN_POINT('',(11.895406939982,1.455764621751,
    0.603926896115));
#3157 = CARTESIAN_POINT('',(11.739051497533,1.495308265277,
    0.612417380056));
#3158 = CARTESIAN_POINT('',(11.57827130938,1.515184151606,0.620905538109
    ));
#3159 = CARTESIAN_POINT('',(11.416038714896,1.514879498687,
    0.629393092373));
#3160 = CARTESIAN_POINT('',(11.255334332869,1.49439992283,0.637881815736
    ));
#3161 = CARTESIAN_POINT('',(11.099128516595,1.454269348063,
    0.646372669046));
#3162 = CARTESIAN_POINT('',(10.851392766657,1.356687861188,
    0.660498229639));
#3163 = CARTESIAN_POINT('',(10.755729301314,1.309566116024,
    0.666136270021));
#3164 = CARTESIAN_POINT('',(10.664101415863,1.254591265707,
    0.671773907248));
#3165 = CARTESIAN_POINT('',(10.577276325344,1.192185676643,0.67741125773
    ));
#3166 = CARTESIAN_POINT('',(10.495963631251,1.122859391402,
    0.683048775688));
#3167 = CARTESIAN_POINT('',(10.420808178441,1.04720498449,0.688686712333
    ));
#3168 = CARTESIAN_POINT('',(10.289444779911,0.891127129149,
    0.699509295522));
#3169 = CARTESIAN_POINT('',(10.232193320261,0.811567034929,
    0.704694497716));
#3170 = CARTESIAN_POINT('',(10.181064105465,0.727744144235,
    0.709879782189));
#3171 = CARTESIAN_POINT('',(10.136433291561,0.640225961807,
    0.715065136879));
#3172 = CARTESIAN_POINT('',(10.09860954398,0.549617735778,0.720250605394
    ));
#3173 = CARTESIAN_POINT('',(10.067831348423,0.456557201259,
    0.725436049617));
#3174 = CARTESIAN_POINT('',(10.031679959733,0.311062289037,
    0.733389534317));
#3175 = CARTESIAN_POINT('',(10.021151296799,0.259904116658,
    0.736158079163));
#3176 = CARTESIAN_POINT('',(10.012703332175,0.208335577041,
    0.738926504904));
#3177 = CARTESIAN_POINT('',(10.006354823914,0.156458207669,
    0.741694824008));
#3178 = CARTESIAN_POINT('',(10.002118288882,0.104374313253,
    0.744463103346));
#3179 = CARTESIAN_POINT('',(10.00000000275,5.218696573267E-02,
    0.747231464193));
#3180 = CARTESIAN_POINT('',(10.,4.27683561E-09,0.750000082229));
#3181 = PCURVE('',#188,#3182);
#3182 = DEFINITIONAL_REPRESENTATION('',(#3183),#3234);
#3183 = B_SPLINE_CURVE_WITH_KNOTS('',7,(#3184,#3185,#3186,#3187,#3188,
    #3189,#3190,#3191,#3192,#3193,#3194,#3195,#3196,#3197,#3198,#3199,
    #3200,#3201,#3202,#3203,#3204,#3205,#3206,#3207,#3208,#3209,#3210,
    #3211,#3212,#3213,#3214,#3215,#3216,#3217,#3218,#3219,#3220,#3221,
    #3222,#3223,#3224,#3225,#3226,#3227,#3228,#3229,#3230,#3231,#3232,
    #3233),.UNSPECIFIED.,.F.,.F.,(8,6,6,6,6,6,6,6,8),(0.,
    7.949436163314E-02,0.223486971987,0.251401682081,0.381765429935,
    0.619432279942,0.777295889361,0.922476307324,1.),.UNSPECIFIED.);
#3184 = CARTESIAN_POINT('',(0.,0.4));
#3185 = CARTESIAN_POINT('',(-3.567570937231E-02,0.39716100008));
#3186 = CARTESIAN_POINT('',(-7.135149455631E-02,0.394321716843));
#3187 = CARTESIAN_POINT('',(-0.107027331,0.391482345105));
#3188 = CARTESIAN_POINT('',(-0.142703192892,0.388643019239));
#3189 = CARTESIAN_POINT('',(-0.178379053163,0.385803813174));
#3190 = CARTESIAN_POINT('',(-0.214054883482,0.382964740394));
#3191 = CARTESIAN_POINT('',(-0.31435218534,0.374983338023));
#3192 = CARTESIAN_POINT('',(-0.378976516103,0.369841036052));
#3193 = CARTESIAN_POINT('',(-0.443598709555,0.364699082899));
#3194 = CARTESIAN_POINT('',(-0.508219537072,0.359557233041));
#3195 = CARTESIAN_POINT('',(-0.572841679294,0.354415122175));
#3196 = CARTESIAN_POINT('',(-0.63746592702,0.349272628834));
#3197 = CARTESIAN_POINT('',(-0.714615033211,0.34313332091));
#3198 = CARTESIAN_POINT('',(-0.727142685884,0.342136400573));
#3199 = CARTESIAN_POINT('',(-0.739670339983,0.341139475315));
#3200 = CARTESIAN_POINT('',(-0.752197995396,0.340142545508));
#3201 = CARTESIAN_POINT('',(-0.764725652039,0.339145611564));
#3202 = CARTESIAN_POINT('',(-0.777253309852,0.33814867394));
#3203 = CARTESIAN_POINT('',(-0.848286056887,0.332495946278));
#3204 = CARTESIAN_POINT('',(-0.906792907722,0.327839949124));
#3205 = CARTESIAN_POINT('',(-0.965298508958,0.32318403869));
#3206 = CARTESIAN_POINT('',(-1.023803314816,0.318528225336));
#3207 = CARTESIAN_POINT('',(-1.082308933567,0.31387240966));
#3208 = CARTESIAN_POINT('',(-1.140815815001,0.309216559412));
#3209 = CARTESIAN_POINT('',(-1.305981942179,0.296073103885));
#3210 = CARTESIAN_POINT('',(-1.412678509633,0.287582619944));
#3211 = CARTESIAN_POINT('',(-1.519346194888,0.279094461891));
#3212 = CARTESIAN_POINT('',(-1.626002134735,0.270606907627));
#3213 = CARTESIAN_POINT('',(-1.732669804238,0.262118184264));
#3214 = CARTESIAN_POINT('',(-1.839366363036,0.253627330954));
#3215 = CARTESIAN_POINT('',(-2.016873982125,0.239501770361));
#3216 = CARTESIAN_POINT('',(-2.087725261458,0.233863729979));
#3217 = CARTESIAN_POINT('',(-2.158573155542,0.228226092752));
#3218 = CARTESIAN_POINT('',(-2.229418875008,0.22258874227));
#3219 = CARTESIAN_POINT('',(-2.30026672232,0.216951224312));
#3220 = CARTESIAN_POINT('',(-2.371117921034,0.211313287667));
#3221 = CARTESIAN_POINT('',(-2.507118965803,0.200490704478));
#3222 = CARTESIAN_POINT('',(-2.572276384515,0.195305502284));
#3223 = CARTESIAN_POINT('',(-2.637431595107,0.190120217811));
#3224 = CARTESIAN_POINT('',(-2.702585426178,0.184934863121));
#3225 = CARTESIAN_POINT('',(-2.767740680183,0.179749394606));
#3226 = CARTESIAN_POINT('',(-2.832898173107,0.174563950383));
#3227 = CARTESIAN_POINT('',(-2.932844141592,0.166610465683));
#3228 = CARTESIAN_POINT('',(-2.967635568198,0.163841920837));
#3229 = CARTESIAN_POINT('',(-3.00242702973,0.161073495096));
#3230 = CARTESIAN_POINT('',(-3.037218499392,0.158305175992));
#3231 = CARTESIAN_POINT('',(-3.072009947824,0.155536896654));
#3232 = CARTESIAN_POINT('',(-3.106801343101,0.152768535807));
#3233 = CARTESIAN_POINT('',(-3.141592650739,0.149999917771));
#3234 = ( GEOMETRIC_REPRESENTATION_CONTEXT(2) 
PARAMETRIC_REPRESENTATION_CONTEXT() REPRESENTATION_CONTEXT('2D SPACE',''
  ) );
#3235 = PCURVE('',#3236,#3255);
#3236 = B_SPLINE_SURFACE_WITH_KNOTS('',1,8,(
    (#3237,#3238,#3239,#3240,#3241,#3242,#3243,#3244,#3245)
    ,(#3246,#3247,#3248,#3249,#3250,#3251,#3252,#3253,#3254
  )),.UNSPECIFIED.,.F.,.F.,.F.,(2,2),(9,9),(0.,0.34375),(0.,
    3.151524139379),.PIECEWISE_BEZIER_KNOTS.);
#3237 = CARTESIAN_POINT('',(13.027063293868,0.,0.515625));
#3238 = CARTESIAN_POINT('',(13.027063309842,0.599676100703,
    0.546875003002));
#3239 = CARTESIAN_POINT('',(12.75786923595,1.199361131263,0.578125150736
    ));
#3240 = CARTESIAN_POINT('',(12.219959627004,1.6580585122,0.609374787795)
  );
#3241 = CARTESIAN_POINT('',(11.500003284931,1.835236989966,
    0.640625004029));
#3242 = CARTESIAN_POINT('',(10.780035628643,1.658058509297,
    0.671875220248));
#3243 = CARTESIAN_POINT('',(10.242132318009,1.199361117266,
    0.703124857315));
#3244 = CARTESIAN_POINT('',(9.972936679443,0.599676101122,0.734375005047
    ));
#3245 = CARTESIAN_POINT('',(9.972936663304,4.1865755E-10,0.765625008049)
  );
#3246 = CARTESIAN_POINT('',(12.729367061317,0.,0.34375));
#3247 = CARTESIAN_POINT('',(12.729366901577,0.482744522812,
    0.375000307349));
#3248 = CARTESIAN_POINT('',(12.512654864953,0.965680025177,0.40626543097
    ));
#3249 = CARTESIAN_POINT('',(12.079614409191,1.334540836568,
    0.437478276578));
#3250 = CARTESIAN_POINT('',(11.499967179024,1.477823448514,
    0.468750411967));
#3251 = CARTESIAN_POINT('',(10.92043308533,1.334540887783,0.50002254751)
  );
#3252 = CARTESIAN_POINT('',(10.487329632434,0.965680203893,
    0.531235393031));
#3253 = CARTESIAN_POINT('',(10.270633224051,0.482744565671,
    0.562500516673));
#3254 = CARTESIAN_POINT('',(10.270633366956,4.285861221E-08,
    0.593750824023));
#3255 = DEFINITIONAL_REPRESENTATION('',(#3256),#3307);
#3256 = B_SPLINE_CURVE_WITH_KNOTS('',7,(#3257,#3258,#3259,#3260,#3261,
    #3262,#3263,#3264,#3265,#3266,#3267,#3268,#3269,#3270,#3271,#3272,
    #3273,#3274,#3275,#3276,#3277,#3278,#3279,#3280,#3281,#3282,#3283,
    #3284,#3285,#3286,#3287,#3288,#3289,#3290,#3291,#3292,#3293,#3294,
    #3295,#3296,#3297,#3298,#3299,#3300,#3301,#3302,#3303,#3304,#3305,
    #3306),.UNSPECIFIED.,.F.,.F.,(8,6,6,6,6,6,6,6,8),(0.,
    7.94943618955E-02,0.223486972348,0.251401682601,0.381765431344,
    0.619432281709,0.777295890913,0.922476726346,1.),.UNSPECIFIED.);
#3257 = CARTESIAN_POINT('',(3.125E-02,0.));
#3258 = CARTESIAN_POINT('',(3.124999691872E-02,3.578865269064E-02));
#3259 = CARTESIAN_POINT('',(3.124943982297E-02,7.157722948322E-02));
#3260 = CARTESIAN_POINT('',(3.124871228066E-02,0.107365756104));
#3261 = CARTESIAN_POINT('',(3.1248077999E-02,0.143154251837));
#3262 = CARTESIAN_POINT('',(3.124768082444E-02,0.178942729522));
#3263 = CARTESIAN_POINT('',(3.124754474272E-02,0.214731195556));
#3264 = CARTESIAN_POINT('',(3.12476266547E-02,0.315345290868));
#3265 = CARTESIAN_POINT('',(3.124835588701E-02,0.380173880692));
#3266 = CARTESIAN_POINT('',(3.124944884828E-02,0.445000576591));
#3267 = CARTESIAN_POINT('',(3.125052453166E-02,0.509826079213));
#3268 = CARTESIAN_POINT('',(3.125126308277E-02,0.574652920944));
#3269 = CARTESIAN_POINT('',(3.125153523156E-02,0.639481754209));
#3270 = CARTESIAN_POINT('',(3.125153104423E-02,0.716874922284));
#3271 = CARTESIAN_POINT('',(3.12515188812E-02,0.729442200701));
#3272 = CARTESIAN_POINT('',(3.125149589147E-02,0.742009474584));
#3273 = CARTESIAN_POINT('',(3.125146283333E-02,0.754576743607));
#3274 = CARTESIAN_POINT('',(3.125142056695E-02,0.767144007569));
#3275 = CARTESIAN_POINT('',(3.125137005444E-02,0.779711266397));
#3276 = CARTESIAN_POINT('',(3.125104292151E-02,0.850968518913));
#3277 = CARTESIAN_POINT('',(3.125061170823E-02,0.909660150559));
#3278 = CARTESIAN_POINT('',(3.125014093933E-02,0.968350400093));
#3279 = CARTESIAN_POINT('',(3.124973794566E-02,1.027039781999));
#3280 = CARTESIAN_POINT('',(3.124947582496E-02,1.085729989741));
#3281 = CARTESIAN_POINT('',(3.124937409722E-02,1.144421545264));
#3282 = CARTESIAN_POINT('',(3.124938895492E-02,1.310109326239));
#3283 = CARTESIAN_POINT('',(3.124976392883E-02,1.417143253182));
#3284 = CARTESIAN_POINT('',(3.125032835505E-02,1.524148777455));
#3285 = CARTESIAN_POINT('',(3.125031846356E-02,1.631142954392));
#3286 = CARTESIAN_POINT('',(3.124974661826E-02,1.738148448247));
#3287 = CARTESIAN_POINT('',(3.124937753605E-02,1.845182350227));
#3288 = CARTESIAN_POINT('',(3.124938033924E-02,2.023250582806));
#3289 = CARTESIAN_POINT('',(3.124954739985E-02,2.094325467163));
#3290 = CARTESIAN_POINT('',(3.124994189598E-02,2.165396847613));
#3291 = CARTESIAN_POINT('',(3.125054967791E-02,2.236466087038));
#3292 = CARTESIAN_POINT('',(3.125117734975E-02,2.307537644295));
#3293 = CARTESIAN_POINT('',(3.12515387717E-02,2.378612808897));
#3294 = CARTESIAN_POINT('',(3.125152513358E-02,2.515044292103));
#3295 = CARTESIAN_POINT('',(3.125123771901E-02,2.580408177218));
#3296 = CARTESIAN_POINT('',(3.125047125702E-02,2.645769966565));
#3297 = CARTESIAN_POINT('',(3.124936894205E-02,2.711130345075));
#3298 = CARTESIAN_POINT('',(3.124827114407E-02,2.77649196369));
#3299 = CARTESIAN_POINT('',(3.124757122305E-02,2.841855570488));
#3300 = CARTESIAN_POINT('',(3.124757140781E-02,2.942117204612));
#3301 = CARTESIAN_POINT('',(3.124773337645E-02,2.977018283501));
#3302 = CARTESIAN_POINT('',(3.124813988542E-02,3.011919383032));
#3303 = CARTESIAN_POINT('',(3.124876316943E-02,3.046820509498));
#3304 = CARTESIAN_POINT('',(3.124946506196E-02,3.081721670921));
#3305 = CARTESIAN_POINT('',(3.124999699521E-02,3.116622877054));
#3306 = CARTESIAN_POINT('',(3.125000000013E-02,3.151524139379));
#3307 = ( GEOMETRIC_REPRESENTATION_CONTEXT(2) 
PARAMETRIC_REPRESENTATION_CONTEXT() REPRESENTATION_CONTEXT('2D SPACE',''
  ) );
#3308 = ORIENTED_EDGE('',*,*,#2140,.F.);
#3309 = ADVANCED_FACE('',(#3310),#2369,.T.);
#3310 = FACE_BOUND('',#3311,.T.);
#3311 = EDGE_LOOP('',(#3312,#3313,#3358,#3473));
#3312 = ORIENTED_EDGE('',*,*,#2163,.F.);
#3313 = ORIENTED_EDGE('',*,*,#3314,.T.);
#3314 = EDGE_CURVE('',#2164,#3315,#3317,.T.);
#3315 = VERTEX_POINT('',#3316);
#3316 = CARTESIAN_POINT('',(12.729366593497,5.8520358E-08,
    -0.156251125144));
#3317 = SURFACE_CURVE('',#3318,(#3321,#3328),.PCURVE_S1.);
#3318 = B_SPLINE_CURVE_WITH_KNOTS('',1,(#3319,#3320),.UNSPECIFIED.,.F.,
  .F.,(2,2),(0.,0.3125),.PIECEWISE_BEZIER_KNOTS.);
#3319 = CARTESIAN_POINT('',(12.999998947399,5.83981767E-09,
    -1.1227944074E-07));
#3320 = CARTESIAN_POINT('',(12.729366593497,5.852035727E-08,
    -0.156251125144));
#3321 = PCURVE('',#2369,#3322);
#3322 = DEFINITIONAL_REPRESENTATION('',(#3323),#3327);
#3323 = LINE('',#3324,#3325);
#3324 = CARTESIAN_POINT('',(0.,0.));
#3325 = VECTOR('',#3326,1.);
#3326 = DIRECTION('',(1.,0.));
#3327 = ( GEOMETRIC_REPRESENTATION_CONTEXT(2) 
PARAMETRIC_REPRESENTATION_CONTEXT() REPRESENTATION_CONTEXT('2D SPACE',''
  ) );
#3328 = PCURVE('',#3329,#3352);
#3329 = B_SPLINE_SURFACE_WITH_KNOTS('',1,10,(
    (#3330,#3331,#3332,#3333,#3334,#3335,#3336,#3337,#3338,#3339,#3340)
    ,(#3341,#3342,#3343,#3344,#3345,#3346,#3347,#3348,#3349,#3350,#3351
    )),.UNSPECIFIED.,.F.,.F.,.F.,(2,2),(11,11),(0.,0.3125),(0.,
    6.303048278758),.PIECEWISE_BEZIER_KNOTS.);
#3330 = CARTESIAN_POINT('',(13.,1.04E-15,-0.5));
#3331 = CARTESIAN_POINT('',(12.999998549242,0.942481527773,
    -0.450000154747));
#3332 = CARTESIAN_POINT('',(12.342137755035,1.884897927994,
    -0.400002960982));
#3333 = CARTESIAN_POINT('',(11.025058639477,2.30831579774,
    -0.349991857995));
#3334 = CARTESIAN_POINT('',(9.520722880316,1.71488307775,-0.300008458702
    ));
#3335 = CARTESIAN_POINT('',(8.724105377576,2.205876887018E-05,
    -0.250000056644));
#3336 = CARTESIAN_POINT('',(9.520884210451,-1.714915640266,
    -0.199991652773));
#3337 = CARTESIAN_POINT('',(11.024903262209,-2.308303322877,
    -0.150008254668));
#3338 = CARTESIAN_POINT('',(12.342191766491,-1.884899949923,
    -9.999715121109E-02));
#3339 = CARTESIAN_POINT('',(13.000000401825,-0.942481521934,
    -4.999995752653E-02));
#3340 = CARTESIAN_POINT('',(12.999998947399,5.83981767E-09,
    -1.122794407449E-07));
#3341 = CARTESIAN_POINT('',(12.729367061317,-6.2E-16,-0.65625));
#3342 = CARTESIAN_POINT('',(12.729366416536,0.772474667544,
    -0.60625155074));
#3343 = CARTESIAN_POINT('',(12.190181709836,1.544524758362,
    -0.556279672206));
#3344 = CARTESIAN_POINT('',(11.110833561861,1.892517108095,
    -0.506168407703));
#3345 = CARTESIAN_POINT('',(9.877611517613,1.404841839361,
    -0.456334767911));
#3346 = CARTESIAN_POINT('',(9.225251982551,9.75207505949E-06,
    -0.406250562796));
#3347 = CARTESIAN_POINT('',(9.877683283657,-1.404856385268,
    -0.356166356875));
#3348 = CARTESIAN_POINT('',(11.110764591517,-1.892511581469,
    -0.306332717612));
#3349 = CARTESIAN_POINT('',(12.190205785161,-1.544525625589,
    -0.2562214529));
#3350 = CARTESIAN_POINT('',(12.729367275034,-0.772474609024,
    -0.206249574402));
#3351 = CARTESIAN_POINT('',(12.729366593497,5.852035727E-08,
    -0.156251125144));
#3352 = DEFINITIONAL_REPRESENTATION('',(#3353),#3357);
#3353 = LINE('',#3354,#3355);
#3354 = CARTESIAN_POINT('',(0.,6.303048278758));
#3355 = VECTOR('',#3356,1.);
#3356 = DIRECTION('',(1.,0.));
#3357 = ( GEOMETRIC_REPRESENTATION_CONTEXT(2) 
PARAMETRIC_REPRESENTATION_CONTEXT() REPRESENTATION_CONTEXT('2D SPACE',''
  ) );
#3358 = ORIENTED_EDGE('',*,*,#3359,.T.);
#3359 = EDGE_CURVE('',#3315,#3360,#3362,.T.);
#3360 = VERTEX_POINT('',#3361);
#3361 = CARTESIAN_POINT('',(12.729366593497,5.8520358E-08,0.343748874856
    ));
#3362 = SURFACE_CURVE('',#3363,(#3375,#3382),.PCURVE_S1.);
#3363 = B_SPLINE_CURVE_WITH_KNOTS('',10,(#3364,#3365,#3366,#3367,#3368,
    #3369,#3370,#3371,#3372,#3373,#3374),.UNSPECIFIED.,.F.,.F.,(11,11),(
    0.,6.303048278758),.PIECEWISE_BEZIER_KNOTS.);
#3364 = CARTESIAN_POINT('',(12.729367061317,-6.2E-16,-0.15625));
#3365 = CARTESIAN_POINT('',(12.729366416536,0.772474667544,
    -0.10625155074));
#3366 = CARTESIAN_POINT('',(12.190181709836,1.544524758362,
    -5.627967220632E-02));
#3367 = CARTESIAN_POINT('',(11.110833561861,1.892517108095,
    -6.168407703103E-03));
#3368 = CARTESIAN_POINT('',(9.877611517613,1.404841839361,
    4.36652320886E-02));
#3369 = CARTESIAN_POINT('',(9.225251982551,9.75207505949E-06,
    9.374943720358E-02));
#3370 = CARTESIAN_POINT('',(9.877683283657,-1.404856385268,
    0.143833643125));
#3371 = CARTESIAN_POINT('',(11.110764591517,-1.892511581469,
    0.193667282388));
#3372 = CARTESIAN_POINT('',(12.190205785161,-1.544525625589,0.2437785471
    ));
#3373 = CARTESIAN_POINT('',(12.729367275034,-0.772474609024,
    0.293750425598));
#3374 = CARTESIAN_POINT('',(12.729366593497,5.852035727E-08,
    0.343748874856));
#3375 = PCURVE('',#2369,#3376);
#3376 = DEFINITIONAL_REPRESENTATION('',(#3377),#3381);
#3377 = LINE('',#3378,#3379);
#3378 = CARTESIAN_POINT('',(0.3125,0.));
#3379 = VECTOR('',#3380,1.);
#3380 = DIRECTION('',(0.,1.));
#3381 = ( GEOMETRIC_REPRESENTATION_CONTEXT(2) 
PARAMETRIC_REPRESENTATION_CONTEXT() REPRESENTATION_CONTEXT('2D SPACE',''
  ) );
#3382 = PCURVE('',#3383,#3468);
#3383 = ( BOUNDED_SURFACE() B_SPLINE_SURFACE(6,11,(
    (#3384,#3385,#3386,#3387,#3388,#3389,#3390,#3391,#3392,#3393,#3394
      ,#3395)
    ,(#3396,#3397,#3398,#3399,#3400,#3401,#3402,#3403,#3404,#3405,#3406
      ,#3407)
    ,(#3408,#3409,#3410,#3411,#3412,#3413,#3414,#3415,#3416,#3417,#3418
      ,#3419)
    ,(#3420,#3421,#3422,#3423,#3424,#3425,#3426,#3427,#3428,#3429,#3430
      ,#3431)
    ,(#3432,#3433,#3434,#3435,#3436,#3437,#3438,#3439,#3440,#3441,#3442
      ,#3443)
    ,(#3444,#3445,#3446,#3447,#3448,#3449,#3450,#3451,#3452,#3453,#3454
      ,#3455)
    ,(#3456,#3457,#3458,#3459,#3460,#3461,#3462,#3463,#3464,#3465,#3466
,#3467
    )),.UNSPECIFIED.,.F.,.F.,.F.) B_SPLINE_SURFACE_WITH_KNOTS((7,7),(12,
    12),(0.,2.094395102393),(0.,6.303048278758),
.PIECEWISE_BEZIER_KNOTS.) GEOMETRIC_REPRESENTATION_ITEM() 
RATIONAL_B_SPLINE_SURFACE((
    (1.056590953773,1.056590953773,1.056590953773,1.056590953773
      ,1.056590953773,1.056590953773,1.056590953773,1.056590953773
      ,1.056590953773,1.056590953773,1.056590953773,1.056590953773)
    ,(1.017435169568,1.017435169568,1.017435169568,1.017435169568
      ,1.017435169569,1.017435169567,1.017435169569,1.017435169567
      ,1.017435169569,1.017435169568,1.017435169568,1.017435169568)
    ,(0.996326512422,0.996326512422,0.996326512422,0.996326512422
      ,0.996326512422,0.996326512422,0.996326512422,0.996326512422
      ,0.996326512422,0.996326512422,0.996326512422,0.996326512422)
    ,(0.989390034249,0.989390034249,0.989390034249,0.989390034248
      ,0.989390034249,0.989390034248,0.989390034249,0.989390034248
      ,0.989390034249,0.989390034249,0.989390034249,0.989390034249)
    ,(0.996326512422,0.996326512422,0.996326512422,0.996326512422
      ,0.996326512423,0.996326512422,0.996326512423,0.996326512422
      ,0.996326512422,0.996326512422,0.996326512422,0.996326512422)
    ,(1.017435169568,1.017435169568,1.017435169568,1.017435169568
      ,1.017435169568,1.017435169568,1.017435169568,1.017435169568
      ,1.017435169568,1.017435169568,1.017435169568,1.017435169568)
    ,(1.056590953773,1.056590953773,1.056590953773,1.056590953773
      ,1.056590953773,1.056590953773,1.056590953773,1.056590953773
      ,1.056590953773,1.056590953773,1.056590953773,1.056590953773
))) REPRESENTATION_ITEM('') SURFACE() );
#3384 = CARTESIAN_POINT('',(12.729367061317,-8.9E-16,-0.15625));
#3385 = CARTESIAN_POINT('',(12.729366475153,0.702249697767,
    -0.110796864309));
#3386 = CARTESIAN_POINT('',(12.288215292872,1.404152014577,
    -6.53654683033E-02));
#3387 = CARTESIAN_POINT('',(11.405228126135,1.799593725218,
    -1.976459387704E-02));
#3388 = CARTESIAN_POINT('',(10.325950267665,1.57438550159,
    2.526685652933E-02));
#3389 = CARTESIAN_POINT('',(9.521967668362,0.65248550448,
    7.14786251359E-02));
#3390 = CARTESIAN_POINT('',(9.521623040452,-0.652481477629,
    0.116020249638));
#3391 = CARTESIAN_POINT('',(10.326182116191,-1.574392748394,
    0.162232018492));
#3392 = CARTESIAN_POINT('',(11.405130756775,-1.79958994237,
    0.207263468619));
#3393 = CARTESIAN_POINT('',(12.288235146956,-1.404152713486,
    0.252864343191));
#3394 = CARTESIAN_POINT('',(12.729367213076,-0.702249639247,
    0.298295739167));
#3395 = CARTESIAN_POINT('',(12.729366593497,5.852035787E-08,
    0.343748874856));
#3396 = CARTESIAN_POINT('',(12.706711412705,-9.4E-16,-0.169330244825));
#3397 = CARTESIAN_POINT('',(12.706710887878,0.689311624436,
    -0.123877215373));
#3398 = CARTESIAN_POINT('',(12.273688183304,1.378251248192,
    -7.844756390593E-02));
#3399 = CARTESIAN_POINT('',(11.406978207997,1.766508676863,
    -3.283566216005E-02));
#3400 = CARTESIAN_POINT('',(10.347584688725,1.545207894049,
    1.216390390773E-02));
#3401 = CARTESIAN_POINT('',(9.558411450456,0.640693720037,
    5.843273664188E-02));
#3402 = CARTESIAN_POINT('',(9.558102890851,-0.640690131518,0.1029055637)
  );
#3403 = CARTESIAN_POINT('',(10.347792289543,-1.545214392582,
    0.149174396655));
#3404 = CARTESIAN_POINT('',(11.40689104302,-1.766505290677,
    0.194173962473));
#3405 = CARTESIAN_POINT('',(12.273705971844,-1.378251867211,
    0.239785864349));
#3406 = CARTESIAN_POINT('',(12.706711554598,-0.689311561506,
    0.28521551579));
#3407 = CARTESIAN_POINT('',(12.706710993838,6.293043361E-08,
    0.33066854524));
#3408 = CARTESIAN_POINT('',(12.690745912395,1.22E-15,-0.191468982957));
#3409 = CARTESIAN_POINT('',(12.690745491383,0.680194141001,
    -0.146016028373));
#3410 = CARTESIAN_POINT('',(12.263451925878,1.359998969821,
    -0.100587606286));
#3411 = CARTESIAN_POINT('',(11.408206456915,1.743193388315,
    -5.496793356042E-02));
#3412 = CARTESIAN_POINT('',(10.362842483049,1.524646753448,
    -9.990836457861E-03));
#3413 = CARTESIAN_POINT('',(9.584075635439,0.632383815438,
    3.631820948236E-02));
#3414 = CARTESIAN_POINT('',(9.583828120218,-0.632380961802,
    8.074255485767E-02));
#3415 = CARTESIAN_POINT('',(10.363009038308,-1.52465198135,
    0.127051600976));
#3416 = CARTESIAN_POINT('',(11.408136556791,-1.743190673158,
    0.172028697878));
#3417 = CARTESIAN_POINT('',(12.263466213444,-1.359999456416,
    0.217648370708));
#3418 = CARTESIAN_POINT('',(12.690746035103,-0.680194074963,
    0.263076792773));
#3419 = CARTESIAN_POINT('',(12.690745576385,6.60382207E-08,
    0.308529747356));
#3420 = CARTESIAN_POINT('',(12.684975316719,-1.4E-16,-0.21875));
#3421 = CARTESIAN_POINT('',(12.684975023637,0.676898723975,
    -0.173297072476));
#3422 = CARTESIAN_POINT('',(12.25975366587,1.353401935503,
    -0.127869094738));
#3423 = CARTESIAN_POINT('',(11.408642878931,1.73476603417,
    -8.224661326359E-02));
#3424 = CARTESIAN_POINT('',(10.368375123567,1.517215703287,
    -3.727763734997E-02));
#3425 = CARTESIAN_POINT('',(9.593325101967,0.629379971356,
    9.045943243052E-03));
#3426 = CARTESIAN_POINT('',(9.593152808743,-0.62937801894,
    5.345276543218E-02));
#3427 = CARTESIAN_POINT('',(10.368491095967,-1.517219362841,
    9.977634614907E-02));
#3428 = CARTESIAN_POINT('',(11.408594249883,-1.734764145693,
    0.144745321923));
#3429 = CARTESIAN_POINT('',(12.259763636185,-1.353402260651,
    0.19036780347));
#3430 = CARTESIAN_POINT('',(12.684975414241,-0.676898656813,
    0.235795781193));
#3431 = CARTESIAN_POINT('',(12.68497508281,6.716149847E-08,
    0.281248708716));
#3432 = CARTESIAN_POINT('',(12.690745912395,1.9E-16,-0.246031017043));
#3433 = CARTESIAN_POINT('',(12.690745747242,0.680194199309,
    -0.200578062459));
#3434 = CARTESIAN_POINT('',(12.263456309886,1.359999247274,
    -0.15514964037));
#3435 = CARTESIAN_POINT('',(11.408185179577,1.743192710825,
    -0.109529967663));
#3436 = CARTESIAN_POINT('',(10.362892969892,1.524648454363,
    -6.455287047752E-02));
#3437 = CARTESIAN_POINT('',(9.584000249732,0.632382969166,
    -1.82438247406E-02));
#3438 = CARTESIAN_POINT('',(9.583903177282,-0.632381914354,
    2.618052094487E-02));
#3439 = CARTESIAN_POINT('',(10.362958356576,-1.524650543427,
    7.248956675173E-02));
#3440 = CARTESIAN_POINT('',(11.408157818309,-1.743191648853,
    0.117466663858));
#3441 = CARTESIAN_POINT('',(12.263461960383,-1.359999412416,
    0.163086336607));
#3442 = CARTESIAN_POINT('',(12.690745983447,-0.680194133271,
    0.208514758687));
#3443 = CARTESIAN_POINT('',(12.690745780588,6.603820094E-08,
    0.25396771327));
#3444 = CARTESIAN_POINT('',(12.706711412705,9.7E-16,-0.268169755175));
#3445 = CARTESIAN_POINT('',(12.706711351367,0.689311730061,
    -0.222716725723));
#3446 = CARTESIAN_POINT('',(12.273696124966,1.3782517508,-0.177287074253
    ));
#3447 = CARTESIAN_POINT('',(11.406939663948,1.766507449584,
    -0.13167517254));
#3448 = CARTESIAN_POINT('',(10.347676145997,1.545210975269,
    -8.667560632233E-02));
#3449 = CARTESIAN_POINT('',(9.558274888716,0.64069218701,
    -4.040677395593E-02));
#3450 = CARTESIAN_POINT('',(9.558238857252,-0.640691857074,
    4.066053663175E-03));
#3451 = CARTESIAN_POINT('',(10.347700479227,-1.545211787773,
    5.033488605555E-02));
#3452 = CARTESIAN_POINT('',(11.406929558411,-1.766507058156,
    9.533445224374E-02));
#3453 = CARTESIAN_POINT('',(12.273698267393,-1.378251787504,
    0.140946353972));
#3454 = CARTESIAN_POINT('',(12.706711461023,-0.689311667131,
    0.186376005439));
#3455 = CARTESIAN_POINT('',(12.706711363753,6.29303967E-08,
    0.231829034891));
#3456 = CARTESIAN_POINT('',(12.729367061317,-1.11E-15,-0.28125));
#3457 = CARTESIAN_POINT('',(12.729367061317,0.702249831348,
    -0.235796864309));
#3458 = CARTESIAN_POINT('',(12.288225336505,1.404152650213,-0.1903654683
    ));
#3459 = CARTESIAN_POINT('',(11.405179380384,1.799592173108,
    -0.144764593915));
#3460 = CARTESIAN_POINT('',(10.326065931524,1.574389398336,
    -9.973314331902E-02));
#3461 = CARTESIAN_POINT('',(9.521794961946,0.652483565697,
    -5.352137517773E-02));
#3462 = CARTESIAN_POINT('',(9.521794993958,-0.652483659898,
    -8.979749965821E-03));
#3463 = CARTESIAN_POINT('',(10.326066005847,-1.574389454154,
    3.723201817554E-02));
#3464 = CARTESIAN_POINT('',(11.405179466282,-1.799592177659,
    8.226346877133E-02));
#3465 = CARTESIAN_POINT('',(12.288225403319,-1.404152612683,
    0.127864343157));
#3466 = CARTESIAN_POINT('',(12.729367094734,-0.702249772828,
    0.173295739165));
#3467 = CARTESIAN_POINT('',(12.729367061319,5.852031226E-08,
    0.218748874856));
#3468 = DEFINITIONAL_REPRESENTATION('',(#3469),#3472);
#3469 = B_SPLINE_CURVE_WITH_KNOTS('',1,(#3470,#3471),.UNSPECIFIED.,.F.,
  .F.,(2,2),(0.,6.303048278758),.PIECEWISE_BEZIER_KNOTS.);
#3470 = CARTESIAN_POINT('',(0.,0.));
#3471 = CARTESIAN_POINT('',(0.,6.303048278758));
#3472 = ( GEOMETRIC_REPRESENTATION_CONTEXT(2) 
PARAMETRIC_REPRESENTATION_CONTEXT() REPRESENTATION_CONTEXT('2D SPACE',''
  ) );
#3473 = ORIENTED_EDGE('',*,*,#3474,.F.);
#3474 = EDGE_CURVE('',#2141,#3360,#3475,.T.);
#3475 = SURFACE_CURVE('',#3476,(#3479,#3486),.PCURVE_S1.);
#3476 = B_SPLINE_CURVE_WITH_KNOTS('',1,(#3477,#3478),.UNSPECIFIED.,.F.,
  .F.,(2,2),(0.,0.3125),.PIECEWISE_BEZIER_KNOTS.);
#3477 = CARTESIAN_POINT('',(12.999998947399,5.83981767E-09,
    0.499999887721));
#3478 = CARTESIAN_POINT('',(12.729366593497,5.852035727E-08,
    0.343748874856));
#3479 = PCURVE('',#2369,#3480);
#3480 = DEFINITIONAL_REPRESENTATION('',(#3481),#3485);
#3481 = LINE('',#3482,#3483);
#3482 = CARTESIAN_POINT('',(0.,6.303048278758));
#3483 = VECTOR('',#3484,1.);
#3484 = DIRECTION('',(1.,0.));
#3485 = ( GEOMETRIC_REPRESENTATION_CONTEXT(2) 
PARAMETRIC_REPRESENTATION_CONTEXT() REPRESENTATION_CONTEXT('2D SPACE',''
  ) );
#3486 = PCURVE('',#3236,#3487);
#3487 = DEFINITIONAL_REPRESENTATION('',(#3488),#3492);
#3488 = LINE('',#3489,#3490);
#3489 = CARTESIAN_POINT('',(3.125000000002E-02,0.));
#3490 = VECTOR('',#3491,1.);
#3491 = DIRECTION('',(1.,0.));
#3492 = ( GEOMETRIC_REPRESENTATION_CONTEXT(2) 
PARAMETRIC_REPRESENTATION_CONTEXT() REPRESENTATION_CONTEXT('2D SPACE',''
  ) );
#3493 = ADVANCED_FACE('',(#3494),#3383,.T.);
#3494 = FACE_BOUND('',#3495,.T.);
#3495 = EDGE_LOOP('',(#3496,#3497,#3609,#3663));
#3496 = ORIENTED_EDGE('',*,*,#3359,.F.);
#3497 = ORIENTED_EDGE('',*,*,#3498,.T.);
#3498 = EDGE_CURVE('',#3315,#3499,#3501,.T.);
#3499 = VERTEX_POINT('',#3500);
#3500 = CARTESIAN_POINT('',(12.729367061319,5.8520312E-08,
    -0.281251125144));
#3501 = SURFACE_CURVE('',#3502,(#3510,#3517),.PCURVE_S1.);
#3502 = ( BOUNDED_CURVE() B_SPLINE_CURVE(6,(#3503,#3504,#3505,#3506,
#3507,#3508,#3509),.UNSPECIFIED.,.F.,.F.) B_SPLINE_CURVE_WITH_KNOTS((7,7
),(0.,2.094395102393),.PIECEWISE_BEZIER_KNOTS.) CURVE() 
GEOMETRIC_REPRESENTATION_ITEM() RATIONAL_B_SPLINE_CURVE((1.056590953773,
    1.017435169568,0.996326512422,0.989390034249,0.996326512422,
1.017435169568,1.056590953773)) REPRESENTATION_ITEM('') );
#3503 = CARTESIAN_POINT('',(12.729366593497,5.852035787E-08,
    -0.156251125144));
#3504 = CARTESIAN_POINT('',(12.706710993838,6.293043361E-08,
    -0.16933145476));
#3505 = CARTESIAN_POINT('',(12.690745576385,6.60382207E-08,
    -0.191470252644));
#3506 = CARTESIAN_POINT('',(12.68497508281,6.716149847E-08,
    -0.218751291284));
#3507 = CARTESIAN_POINT('',(12.690745780588,6.603820094E-08,
    -0.24603228673));
#3508 = CARTESIAN_POINT('',(12.706711363753,6.29303967E-08,
    -0.268170965109));
#3509 = CARTESIAN_POINT('',(12.729367061319,5.852031226E-08,
    -0.281251125144));
#3510 = PCURVE('',#3383,#3511);
#3511 = DEFINITIONAL_REPRESENTATION('',(#3512),#3516);
#3512 = LINE('',#3513,#3514);
#3513 = CARTESIAN_POINT('',(0.,0.));
#3514 = VECTOR('',#3515,1.);
#3515 = DIRECTION('',(1.,0.));
#3516 = ( GEOMETRIC_REPRESENTATION_CONTEXT(2) 
PARAMETRIC_REPRESENTATION_CONTEXT() REPRESENTATION_CONTEXT('2D SPACE',''
  ) );
#3517 = PCURVE('',#3518,#3603);
#3518 = ( BOUNDED_SURFACE() B_SPLINE_SURFACE(6,11,(
    (#3519,#3520,#3521,#3522,#3523,#3524,#3525,#3526,#3527,#3528,#3529
      ,#3530)
    ,(#3531,#3532,#3533,#3534,#3535,#3536,#3537,#3538,#3539,#3540,#3541
      ,#3542)
    ,(#3543,#3544,#3545,#3546,#3547,#3548,#3549,#3550,#3551,#3552,#3553
      ,#3554)
    ,(#3555,#3556,#3557,#3558,#3559,#3560,#3561,#3562,#3563,#3564,#3565
      ,#3566)
    ,(#3567,#3568,#3569,#3570,#3571,#3572,#3573,#3574,#3575,#3576,#3577
      ,#3578)
    ,(#3579,#3580,#3581,#3582,#3583,#3584,#3585,#3586,#3587,#3588,#3589
      ,#3590)
    ,(#3591,#3592,#3593,#3594,#3595,#3596,#3597,#3598,#3599,#3600,#3601
,#3602
    )),.UNSPECIFIED.,.F.,.F.,.F.) B_SPLINE_SURFACE_WITH_KNOTS((7,7),(12,
    12),(0.,2.094395102393),(0.,6.303048278758),
.PIECEWISE_BEZIER_KNOTS.) GEOMETRIC_REPRESENTATION_ITEM() 
RATIONAL_B_SPLINE_SURFACE((
    (1.056590953773,1.056590953773,1.056590953773,1.056590953773
      ,1.056590953773,1.056590953773,1.056590953773,1.056590953773
      ,1.056590953773,1.056590953773,1.056590953773,1.056590953773)
    ,(1.017435169568,1.017435169568,1.017435169568,1.017435169568
      ,1.017435169569,1.017435169567,1.017435169569,1.017435169567
      ,1.017435169569,1.017435169568,1.017435169568,1.017435169568)
    ,(0.996326512422,0.996326512422,0.996326512422,0.996326512422
      ,0.996326512422,0.996326512422,0.996326512422,0.996326512422
      ,0.996326512422,0.996326512422,0.996326512422,0.996326512422)
    ,(0.989390034249,0.989390034249,0.989390034249,0.989390034248
      ,0.989390034249,0.989390034248,0.989390034249,0.989390034248
      ,0.989390034249,0.989390034249,0.989390034249,0.989390034249)
    ,(0.996326512422,0.996326512422,0.996326512422,0.996326512422
      ,0.996326512423,0.996326512422,0.996326512423,0.996326512422
      ,0.996326512422,0.996326512422,0.996326512422,0.996326512422)
    ,(1.017435169568,1.017435169568,1.017435169568,1.017435169568
      ,1.017435169568,1.017435169568,1.017435169568,1.017435169568
      ,1.017435169568,1.017435169568,1.017435169568,1.017435169568)
    ,(1.056590953773,1.056590953773,1.056590953773,1.056590953773
      ,1.056590953773,1.056590953773,1.056590953773,1.056590953773
      ,1.056590953773,1.056590953773,1.056590953773,1.056590953773
))) REPRESENTATION_ITEM('') SURFACE() );
#3519 = CARTESIAN_POINT('',(12.729367061317,-8.9E-16,-0.65625));
#3520 = CARTESIAN_POINT('',(12.729366475153,0.702249697767,
    -0.610796864309));
#3521 = CARTESIAN_POINT('',(12.288215292872,1.404152014577,
    -0.565365468303));
#3522 = CARTESIAN_POINT('',(11.405228126135,1.799593725218,
    -0.519764593877));
#3523 = CARTESIAN_POINT('',(10.325950267665,1.57438550159,
    -0.474733143471));
#3524 = CARTESIAN_POINT('',(9.521967668362,0.65248550448,-0.428521374864
    ));
#3525 = CARTESIAN_POINT('',(9.521623040452,-0.652481477629,
    -0.383979750362));
#3526 = CARTESIAN_POINT('',(10.326182116191,-1.574392748394,
    -0.337767981508));
#3527 = CARTESIAN_POINT('',(11.405130756775,-1.79958994237,
    -0.292736531381));
#3528 = CARTESIAN_POINT('',(12.288235146956,-1.404152713486,
    -0.247135656809));
#3529 = CARTESIAN_POINT('',(12.729367213076,-0.702249639247,
    -0.201704260833));
#3530 = CARTESIAN_POINT('',(12.729366593497,5.852035787E-08,
    -0.156251125144));
#3531 = CARTESIAN_POINT('',(12.706711412705,-9.4E-16,-0.669330244825));
#3532 = CARTESIAN_POINT('',(12.706710887878,0.689311624436,
    -0.623877215373));
#3533 = CARTESIAN_POINT('',(12.273688183304,1.378251248192,
    -0.578447563906));
#3534 = CARTESIAN_POINT('',(11.406978207997,1.766508676863,
    -0.53283566216));
#3535 = CARTESIAN_POINT('',(10.347584688725,1.545207894049,
    -0.487836096092));
#3536 = CARTESIAN_POINT('',(9.558411450456,0.640693720037,
    -0.441567263358));
#3537 = CARTESIAN_POINT('',(9.558102890851,-0.640690131518,-0.3970944363
    ));
#3538 = CARTESIAN_POINT('',(10.347792289543,-1.545214392582,
    -0.350825603345));
#3539 = CARTESIAN_POINT('',(11.40689104302,-1.766505290677,
    -0.305826037527));
#3540 = CARTESIAN_POINT('',(12.273705971844,-1.378251867211,
    -0.260214135651));
#3541 = CARTESIAN_POINT('',(12.706711554598,-0.689311561506,
    -0.21478448421));
#3542 = CARTESIAN_POINT('',(12.706710993838,6.293043361E-08,
    -0.16933145476));
#3543 = CARTESIAN_POINT('',(12.690745912395,1.22E-15,-0.691468982957));
#3544 = CARTESIAN_POINT('',(12.690745491383,0.680194141001,
    -0.646016028373));
#3545 = CARTESIAN_POINT('',(12.263451925878,1.359998969821,
    -0.600587606286));
#3546 = CARTESIAN_POINT('',(11.408206456915,1.743193388315,
    -0.55496793356));
#3547 = CARTESIAN_POINT('',(10.362842483049,1.524646753448,
    -0.509990836458));
#3548 = CARTESIAN_POINT('',(9.584075635439,0.632383815438,
    -0.463681790518));
#3549 = CARTESIAN_POINT('',(9.583828120218,-0.632380961802,
    -0.419257445142));
#3550 = CARTESIAN_POINT('',(10.363009038308,-1.52465198135,
    -0.372948399024));
#3551 = CARTESIAN_POINT('',(11.408136556791,-1.743190673158,
    -0.327971302122));
#3552 = CARTESIAN_POINT('',(12.263466213444,-1.359999456416,
    -0.282351629292));
#3553 = CARTESIAN_POINT('',(12.690746035103,-0.680194074963,
    -0.236923207227));
#3554 = CARTESIAN_POINT('',(12.690745576385,6.60382207E-08,
    -0.191470252644));
#3555 = CARTESIAN_POINT('',(12.684975316719,-1.4E-16,-0.71875));
#3556 = CARTESIAN_POINT('',(12.684975023637,0.676898723975,
    -0.673297072476));
#3557 = CARTESIAN_POINT('',(12.25975366587,1.353401935503,
    -0.627869094738));
#3558 = CARTESIAN_POINT('',(11.408642878931,1.73476603417,
    -0.582246613264));
#3559 = CARTESIAN_POINT('',(10.368375123567,1.517215703287,
    -0.53727763735));
#3560 = CARTESIAN_POINT('',(9.593325101967,0.629379971356,
    -0.490954056757));
#3561 = CARTESIAN_POINT('',(9.593152808743,-0.62937801894,
    -0.446547234568));
#3562 = CARTESIAN_POINT('',(10.368491095967,-1.517219362841,
    -0.400223653851));
#3563 = CARTESIAN_POINT('',(11.408594249883,-1.734764145693,
    -0.355254678077));
#3564 = CARTESIAN_POINT('',(12.259763636185,-1.353402260651,
    -0.30963219653));
#3565 = CARTESIAN_POINT('',(12.684975414241,-0.676898656813,
    -0.264204218807));
#3566 = CARTESIAN_POINT('',(12.68497508281,6.716149847E-08,
    -0.218751291284));
#3567 = CARTESIAN_POINT('',(12.690745912395,1.9E-16,-0.746031017043));
#3568 = CARTESIAN_POINT('',(12.690745747242,0.680194199309,
    -0.700578062459));
#3569 = CARTESIAN_POINT('',(12.263456309886,1.359999247274,
    -0.65514964037));
#3570 = CARTESIAN_POINT('',(11.408185179577,1.743192710825,
    -0.609529967663));
#3571 = CARTESIAN_POINT('',(10.362892969892,1.524648454363,
    -0.564552870478));
#3572 = CARTESIAN_POINT('',(9.584000249732,0.632382969166,
    -0.518243824741));
#3573 = CARTESIAN_POINT('',(9.583903177282,-0.632381914354,
    -0.473819479055));
#3574 = CARTESIAN_POINT('',(10.362958356576,-1.524650543427,
    -0.427510433248));
#3575 = CARTESIAN_POINT('',(11.408157818309,-1.743191648853,
    -0.382533336142));
#3576 = CARTESIAN_POINT('',(12.263461960383,-1.359999412416,
    -0.336913663393));
#3577 = CARTESIAN_POINT('',(12.690745983447,-0.680194133271,
    -0.291485241313));
#3578 = CARTESIAN_POINT('',(12.690745780588,6.603820094E-08,
    -0.24603228673));
#3579 = CARTESIAN_POINT('',(12.706711412705,9.7E-16,-0.768169755175));
#3580 = CARTESIAN_POINT('',(12.706711351367,0.689311730061,
    -0.722716725723));
#3581 = CARTESIAN_POINT('',(12.273696124966,1.3782517508,-0.677287074253
    ));
#3582 = CARTESIAN_POINT('',(11.406939663948,1.766507449584,
    -0.63167517254));
#3583 = CARTESIAN_POINT('',(10.347676145997,1.545210975269,
    -0.586675606322));
#3584 = CARTESIAN_POINT('',(9.558274888716,0.64069218701,-0.540406773956
    ));
#3585 = CARTESIAN_POINT('',(9.558238857252,-0.640691857074,
    -0.495933946337));
#3586 = CARTESIAN_POINT('',(10.347700479227,-1.545211787773,
    -0.449665113944));
#3587 = CARTESIAN_POINT('',(11.406929558411,-1.766507058156,
    -0.404665547756));
#3588 = CARTESIAN_POINT('',(12.273698267393,-1.378251787504,
    -0.359053646028));
#3589 = CARTESIAN_POINT('',(12.706711461023,-0.689311667131,
    -0.313623994561));
#3590 = CARTESIAN_POINT('',(12.706711363753,6.29303967E-08,
    -0.268170965109));
#3591 = CARTESIAN_POINT('',(12.729367061317,-1.11E-15,-0.78125));
#3592 = CARTESIAN_POINT('',(12.729367061317,0.702249831348,
    -0.735796864309));
#3593 = CARTESIAN_POINT('',(12.288225336505,1.404152650213,-0.6903654683
    ));
#3594 = CARTESIAN_POINT('',(11.405179380384,1.799592173108,
    -0.644764593915));
#3595 = CARTESIAN_POINT('',(10.326065931524,1.574389398336,
    -0.599733143319));
#3596 = CARTESIAN_POINT('',(9.521794961946,0.652483565697,
    -0.553521375178));
#3597 = CARTESIAN_POINT('',(9.521794993958,-0.652483659898,
    -0.508979749966));
#3598 = CARTESIAN_POINT('',(10.326066005847,-1.574389454154,
    -0.462767981824));
#3599 = CARTESIAN_POINT('',(11.405179466282,-1.799592177659,
    -0.417736531229));
#3600 = CARTESIAN_POINT('',(12.288225403319,-1.404152612683,
    -0.372135656843));
#3601 = CARTESIAN_POINT('',(12.729367094734,-0.702249772828,
    -0.326704260835));
#3602 = CARTESIAN_POINT('',(12.729367061319,5.852031226E-08,
    -0.281251125144));
#3603 = DEFINITIONAL_REPRESENTATION('',(#3604),#3608);
#3604 = LINE('',#3605,#3606);
#3605 = CARTESIAN_POINT('',(0.,6.303048278758));
#3606 = VECTOR('',#3607,1.);
#3607 = DIRECTION('',(1.,0.));
#3608 = ( GEOMETRIC_REPRESENTATION_CONTEXT(2) 
PARAMETRIC_REPRESENTATION_CONTEXT() REPRESENTATION_CONTEXT('2D SPACE',''
  ) );
#3609 = ORIENTED_EDGE('',*,*,#3610,.T.);
#3610 = EDGE_CURVE('',#3499,#3611,#3613,.T.);
#3611 = VERTEX_POINT('',#3612);
#3612 = CARTESIAN_POINT('',(12.729367061319,5.8520312E-08,0.218748874856
    ));
#3613 = SURFACE_CURVE('',#3614,(#3627,#3634),.PCURVE_S1.);
#3614 = ( BOUNDED_CURVE() B_SPLINE_CURVE(11,(#3615,#3616,#3617,#3618,
    #3619,#3620,#3621,#3622,#3623,#3624,#3625,#3626),.UNSPECIFIED.,.F.,
.F.) B_SPLINE_CURVE_WITH_KNOTS((12,12),(0.,6.303048278758),
.PIECEWISE_BEZIER_KNOTS.) CURVE() GEOMETRIC_REPRESENTATION_ITEM() 
RATIONAL_B_SPLINE_CURVE((1.056590953773,1.056590953773,1.056590953773,
    1.056590953773,1.056590953773,1.056590953773,1.056590953773,
    1.056590953773,1.056590953773,1.056590953773,1.056590953773,
1.056590953773)) REPRESENTATION_ITEM('') );
#3615 = CARTESIAN_POINT('',(12.729367061317,-1.11E-15,-0.28125));
#3616 = CARTESIAN_POINT('',(12.729367061317,0.702249831348,
    -0.235796864309));
#3617 = CARTESIAN_POINT('',(12.288225336505,1.404152650213,-0.1903654683
    ));
#3618 = CARTESIAN_POINT('',(11.405179380384,1.799592173108,
    -0.144764593915));
#3619 = CARTESIAN_POINT('',(10.326065931524,1.574389398336,
    -9.973314331902E-02));
#3620 = CARTESIAN_POINT('',(9.521794961946,0.652483565697,
    -5.352137517773E-02));
#3621 = CARTESIAN_POINT('',(9.521794993958,-0.652483659898,
    -8.979749965821E-03));
#3622 = CARTESIAN_POINT('',(10.326066005847,-1.574389454154,
    3.723201817554E-02));
#3623 = CARTESIAN_POINT('',(11.405179466282,-1.799592177659,
    8.226346877133E-02));
#3624 = CARTESIAN_POINT('',(12.288225403319,-1.404152612683,
    0.127864343157));
#3625 = CARTESIAN_POINT('',(12.729367094734,-0.702249772828,
    0.173295739165));
#3626 = CARTESIAN_POINT('',(12.729367061319,5.852031226E-08,
    0.218748874856));
#3627 = PCURVE('',#3383,#3628);
#3628 = DEFINITIONAL_REPRESENTATION('',(#3629),#3633);
#3629 = LINE('',#3630,#3631);
#3630 = CARTESIAN_POINT('',(2.094395102393,0.));
#3631 = VECTOR('',#3632,1.);
#3632 = DIRECTION('',(0.,1.));
#3633 = ( GEOMETRIC_REPRESENTATION_CONTEXT(2) 
PARAMETRIC_REPRESENTATION_CONTEXT() REPRESENTATION_CONTEXT('2D SPACE',''
  ) );
#3634 = PCURVE('',#3635,#3658);
#3635 = B_SPLINE_SURFACE_WITH_KNOTS('',1,10,(
    (#3636,#3637,#3638,#3639,#3640,#3641,#3642,#3643,#3644,#3645,#3646)
    ,(#3647,#3648,#3649,#3650,#3651,#3652,#3653,#3654,#3655,#3656,#3657
    )),.UNSPECIFIED.,.F.,.F.,.F.,(2,2),(11,11),(0.,0.3125),(0.,
    6.303048278758),.PIECEWISE_BEZIER_KNOTS.);
#3636 = CARTESIAN_POINT('',(12.729367061317,1.1E-16,-0.28125));
#3637 = CARTESIAN_POINT('',(12.729367061317,0.772474814483,
    -0.23125155074));
#3638 = CARTESIAN_POINT('',(12.190193842103,1.544525502598,
    -0.181279672202));
#3639 = CARTESIAN_POINT('',(11.110798957404,1.892514694868,
    -0.131168407681));
#3640 = CARTESIAN_POINT('',(9.87764705885,1.404849341747,
    -8.133476802427E-02));
#3641 = CARTESIAN_POINT('',(9.225251549403,-5.422788307E-08,
    -3.125056257181E-02));
#3642 = CARTESIAN_POINT('',(9.877647125571,-1.404849418843,
    1.88336428808E-02));
#3643 = CARTESIAN_POINT('',(11.110799047625,-1.89251471345,
    6.866728253768E-02));
#3644 = CARTESIAN_POINT('',(12.190193915595,-1.544525469732,
    0.118778547059));
#3645 = CARTESIAN_POINT('',(12.729367098075,-0.772474755963,
    0.168750425596));
#3646 = CARTESIAN_POINT('',(12.729367061319,5.852031182E-08,
    0.218748874856));
#3647 = CARTESIAN_POINT('',(13.,-5.6E-16,-0.4375));
#3648 = CARTESIAN_POINT('',(13.000000805976,0.942482042061,
    -0.387500154747));
#3649 = CARTESIAN_POINT('',(12.342180217968,1.88490053282,
    -0.337502960968));
#3650 = CARTESIAN_POINT('',(11.02493752388,2.308307351446,
    -0.287491857919));
#3651 = CARTESIAN_POINT('',(9.520847274645,1.714909336101,
    -0.237508459097));
#3652 = CARTESIAN_POINT('',(8.724103861559,-1.226329071669E-05,
    -0.187500055858));
#3653 = CARTESIAN_POINT('',(9.520757657148,-1.714891257779,
    -0.137491653627));
#3654 = CARTESIAN_POINT('',(11.02502385859,-2.308314284812,
    -8.750825414406E-02));
#3655 = CARTESIAN_POINT('',(12.342150223011,-1.884899404424,
    -3.749715135605E-02));
#3656 = CARTESIAN_POINT('',(12.99999978247,-0.942482036221,
    1.25000424681E-02));
#3657 = CARTESIAN_POINT('',(13.000000584779,5.83965709E-09,
    6.249988772362E-02));
#3658 = DEFINITIONAL_REPRESENTATION('',(#3659),#3662);
#3659 = B_SPLINE_CURVE_WITH_KNOTS('',1,(#3660,#3661),.UNSPECIFIED.,.F.,
  .F.,(2,2),(0.,6.303048278758),.PIECEWISE_BEZIER_KNOTS.);
#3660 = CARTESIAN_POINT('',(0.,0.));
#3661 = CARTESIAN_POINT('',(0.,6.303048278758));
#3662 = ( GEOMETRIC_REPRESENTATION_CONTEXT(2) 
PARAMETRIC_REPRESENTATION_CONTEXT() REPRESENTATION_CONTEXT('2D SPACE',''
  ) );
#3663 = ORIENTED_EDGE('',*,*,#3664,.F.);
#3664 = EDGE_CURVE('',#3360,#3611,#3665,.T.);
#3665 = SURFACE_CURVE('',#3666,(#3674,#3681),.PCURVE_S1.);
#3666 = ( BOUNDED_CURVE() B_SPLINE_CURVE(6,(#3667,#3668,#3669,#3670,
#3671,#3672,#3673),.UNSPECIFIED.,.F.,.F.) B_SPLINE_CURVE_WITH_KNOTS((7,7
),(0.,2.094395102393),.PIECEWISE_BEZIER_KNOTS.) CURVE() 
GEOMETRIC_REPRESENTATION_ITEM() RATIONAL_B_SPLINE_CURVE((1.056590953773,
    1.017435169568,0.996326512422,0.989390034249,0.996326512422,
1.017435169568,1.056590953773)) REPRESENTATION_ITEM('') );
#3667 = CARTESIAN_POINT('',(12.729367061317,0.,0.34375));
#3668 = CARTESIAN_POINT('',(12.706711412705,0.,0.330669755175));
#3669 = CARTESIAN_POINT('',(12.690745912395,-2.2E-16,0.308531017043));
#3670 = CARTESIAN_POINT('',(12.684975316719,-2.2E-16,0.28125));
#3671 = CARTESIAN_POINT('',(12.690745912395,0.,0.253968982957));
#3672 = CARTESIAN_POINT('',(12.706711412705,0.,0.231830244825));
#3673 = CARTESIAN_POINT('',(12.729367061317,0.,0.21875));
#3674 = PCURVE('',#3383,#3675);
#3675 = DEFINITIONAL_REPRESENTATION('',(#3676),#3680);
#3676 = LINE('',#3677,#3678);
#3677 = CARTESIAN_POINT('',(0.,6.303048278758));
#3678 = VECTOR('',#3679,1.);
#3679 = DIRECTION('',(1.,0.));
#3680 = ( GEOMETRIC_REPRESENTATION_CONTEXT(2) 
PARAMETRIC_REPRESENTATION_CONTEXT() REPRESENTATION_CONTEXT('2D SPACE',''
  ) );
#3681 = PCURVE('',#3682,#3746);
#3682 = ( BOUNDED_SURFACE() B_SPLINE_SURFACE(6,8,(
    (#3683,#3684,#3685,#3686,#3687,#3688,#3689,#3690,#3691)
    ,(#3692,#3693,#3694,#3695,#3696,#3697,#3698,#3699,#3700)
    ,(#3701,#3702,#3703,#3704,#3705,#3706,#3707,#3708,#3709)
    ,(#3710,#3711,#3712,#3713,#3714,#3715,#3716,#3717,#3718)
    ,(#3719,#3720,#3721,#3722,#3723,#3724,#3725,#3726,#3727)
    ,(#3728,#3729,#3730,#3731,#3732,#3733,#3734,#3735,#3736)
    ,(#3737,#3738,#3739,#3740,#3741,#3742,#3743,#3744,#3745
)),.UNSPECIFIED.,.F.,.F.,.F.) B_SPLINE_SURFACE_WITH_KNOTS((7,7),(9,9),(
    0.,2.094395102393),(0.,3.151524139379),.PIECEWISE_BEZIER_KNOTS.) 
GEOMETRIC_REPRESENTATION_ITEM() RATIONAL_B_SPLINE_SURFACE((
    (1.056590953773,1.056590953773,1.056590953773,1.056590953773
      ,1.056590953773,1.056590953773,1.056590953773,1.056590953773
      ,1.056590953773)
    ,(1.017435169568,1.017435169568,1.017435169568,1.017435169568
      ,1.017435169568,1.017435169568,1.017435169568,1.017435169568
      ,1.017435169568)
    ,(0.996326512422,0.996326512422,0.996326512422,0.996326512422
      ,0.996326512422,0.996326512422,0.996326512422,0.996326512422
      ,0.996326512422)
    ,(0.989390034249,0.989390034249,0.989390034249,0.989390034249
      ,0.989390034249,0.989390034249,0.989390034249,0.989390034249
      ,0.989390034249)
    ,(0.996326512422,0.996326512422,0.996326512422,0.996326512422
      ,0.996326512422,0.996326512422,0.996326512422,0.996326512422
      ,0.996326512422)
    ,(1.017435169568,1.017435169568,1.017435169568,1.017435169568
      ,1.017435169568,1.017435169568,1.017435169568,1.017435169568
      ,1.017435169568)
    ,(1.056590953773,1.056590953773,1.056590953773,1.056590953773
      ,1.056590953773,1.056590953773,1.056590953773,1.056590953773
,1.056590953773))) REPRESENTATION_ITEM('') SURFACE() );
#3683 = CARTESIAN_POINT('',(12.729367061317,0.,0.34375));
#3684 = CARTESIAN_POINT('',(12.729366901577,0.482744522812,
    0.375000307349));
#3685 = CARTESIAN_POINT('',(12.512654864953,0.965680025177,0.40626543097
    ));
#3686 = CARTESIAN_POINT('',(12.079614409191,1.334540836568,
    0.437478276578));
#3687 = CARTESIAN_POINT('',(11.499967179024,1.477823448514,
    0.468750411967));
#3688 = CARTESIAN_POINT('',(10.92043308533,1.334540887783,0.50002254751)
  );
#3689 = CARTESIAN_POINT('',(10.487329632434,0.965680203893,
    0.531235393031));
#3690 = CARTESIAN_POINT('',(10.270633224051,0.482744565671,
    0.562500516673));
#3691 = CARTESIAN_POINT('',(10.270633366956,4.285861221E-08,
    0.593750824023));
#3692 = CARTESIAN_POINT('',(12.706711412705,0.,0.330669755175));
#3693 = CARTESIAN_POINT('',(12.706711239592,0.47384565057,0.361920085686
    ));
#3694 = CARTESIAN_POINT('',(12.493993256184,0.947896135265,
    0.393186349021));
#3695 = CARTESIAN_POINT('',(12.06893368303,1.309920092408,0.42439639468)
  );
#3696 = CARTESIAN_POINT('',(11.499964431247,1.450623119053,
    0.455670198187));
#3697 = CARTESIAN_POINT('',(10.931117787039,1.309920147742,
    0.486944001862));
#3698 = CARTESIAN_POINT('',(10.505989943143,0.947896328647,
    0.518154047427));
#3699 = CARTESIAN_POINT('',(10.293288896412,0.473845696658,
    0.549420310785));
#3700 = CARTESIAN_POINT('',(10.293289051421,4.608843018E-08,
    0.580670641296));
#3701 = CARTESIAN_POINT('',(12.690745912395,-2.2E-16,0.308531017043));
#3702 = CARTESIAN_POINT('',(12.690745716648,0.467574582919,
    0.339781363876));
#3703 = CARTESIAN_POINT('',(12.480841710192,0.935363757402,0.37104843037
    ));
#3704 = CARTESIAN_POINT('',(12.061408898289,1.292569763125,
    0.402256502899));
#3705 = CARTESIAN_POINT('',(11.499959778625,1.431454947905,
    0.433531481929));
#3706 = CARTESIAN_POINT('',(10.938649297065,1.292569823925,
    0.464806461149));
#3707 = CARTESIAN_POINT('',(10.519139289617,0.935363972978,
    0.496014533571));
#3708 = CARTESIAN_POINT('',(10.309254435663,0.467574631284,
    0.527281600091));
#3709 = CARTESIAN_POINT('',(10.309254612412,4.836449485E-08,
    0.558531946925));
#3710 = CARTESIAN_POINT('',(12.684975316719,-2.2E-16,0.28125));
#3711 = CARTESIAN_POINT('',(12.684975093082,0.465307947934,
    0.312500352733));
#3712 = CARTESIAN_POINT('',(12.476087214366,0.930834005343,
    0.343767709522));
#3713 = CARTESIAN_POINT('',(12.058692042965,1.286298602049,
    0.374975068881));
#3714 = CARTESIAN_POINT('',(11.499954044119,1.424526742095,
    0.406250472787));
#3715 = CARTESIAN_POINT('',(10.941374437644,1.286298668651,
    0.437525876909));
#3716 = CARTESIAN_POINT('',(10.523891073476,0.930834246637,
    0.468733236147));
#3717 = CARTESIAN_POINT('',(10.315025078548,0.465307997121,
    0.500000592966));
#3718 = CARTESIAN_POINT('',(10.315025282864,4.918716279E-08,
    0.531250945699));
#3719 = CARTESIAN_POINT('',(12.690745912395,0.,0.253968982957));
#3720 = CARTESIAN_POINT('',(12.690745660867,0.467574553548,
    0.285219329791));
#3721 = CARTESIAN_POINT('',(12.480838935987,0.935363673665,
    0.316486396285));
#3722 = CARTESIAN_POINT('',(12.061417147393,1.292569676449,
    0.347694468819));
#3723 = CARTESIAN_POINT('',(11.499948308623,1.431454858129,
    0.378969447828));
#3724 = CARTESIAN_POINT('',(10.938657616686,1.292569748077,0.41024442708
    ));
#3725 = CARTESIAN_POINT('',(10.519136638594,0.935363939321,
    0.441452499478));
#3726 = CARTESIAN_POINT('',(10.309254529435,0.467574601913,
    0.472719566005));
#3727 = CARTESIAN_POINT('',(10.309254761964,4.836450573E-08,
    0.503969912839));
#3728 = CARTESIAN_POINT('',(12.706711412705,0.,0.231830244825));
#3729 = CARTESIAN_POINT('',(12.706711138544,0.473845597364,
    0.263080575336));
#3730 = CARTESIAN_POINT('',(12.49398823069,0.947895983576,0.294346838671
    ));
#3731 = CARTESIAN_POINT('',(12.068948626339,1.309919935394,
    0.325556884341));
#3732 = CARTESIAN_POINT('',(11.499943653259,1.450622956424,
    0.356830687809));
#3733 = CARTESIAN_POINT('',(10.931132858092,1.309920010342,
    0.388104491543));
#3734 = CARTESIAN_POINT('',(10.505985140796,0.947896267678,
    0.419314537064));
#3735 = CARTESIAN_POINT('',(10.293289066279,0.473845643452,
    0.450580800435));
#3736 = CARTESIAN_POINT('',(10.293289322336,4.608844972E-08,
    0.481831130947));
#3737 = CARTESIAN_POINT('',(12.729367061317,0.,0.21875));
#3738 = CARTESIAN_POINT('',(12.729366773784,0.482744455524,
    0.250000307349));
#3739 = CARTESIAN_POINT('',(12.51264850933,0.965679833339,0.281265430971
    ));
#3740 = CARTESIAN_POINT('',(12.079633307643,1.334540637996,
    0.312478276592));
#3741 = CARTESIAN_POINT('',(11.499940901591,1.47782324284,0.343750411931
    ));
#3742 = CARTESIAN_POINT('',(10.920452145335,1.334540714017,
    0.375022547549));
#3743 = CARTESIAN_POINT('',(10.487323559019,0.965680126786,
    0.406235393014));
#3744 = CARTESIAN_POINT('',(10.270633438878,0.482744498382,
    0.437500516673));
#3745 = CARTESIAN_POINT('',(10.270633709576,4.285863686E-08,
    0.468750824024));
#3746 = DEFINITIONAL_REPRESENTATION('',(#3747),#3751);
#3747 = LINE('',#3748,#3749);
#3748 = CARTESIAN_POINT('',(0.,0.));
#3749 = VECTOR('',#3750,1.);
#3750 = DIRECTION('',(1.,0.));
#3751 = ( GEOMETRIC_REPRESENTATION_CONTEXT(2) 
PARAMETRIC_REPRESENTATION_CONTEXT() REPRESENTATION_CONTEXT('2D SPACE',''
  ) );
#3752 = ADVANCED_FACE('',(#3753),#3635,.T.);
#3753 = FACE_BOUND('',#3754,.T.);
#3754 = EDGE_LOOP('',(#3755,#3756,#3801,#3829));
#3755 = ORIENTED_EDGE('',*,*,#3610,.F.);
#3756 = ORIENTED_EDGE('',*,*,#3757,.T.);
#3757 = EDGE_CURVE('',#3499,#3758,#3760,.T.);
#3758 = VERTEX_POINT('',#3759);
#3759 = CARTESIAN_POINT('',(13.000000292389,2.919828E-09,-0.437500056138
    ));
#3760 = SURFACE_CURVE('',#3761,(#3764,#3771),.PCURVE_S1.);
#3761 = B_SPLINE_CURVE_WITH_KNOTS('',1,(#3762,#3763),.UNSPECIFIED.,.F.,
  .F.,(2,2),(0.,0.3125),.PIECEWISE_BEZIER_KNOTS.);
#3762 = CARTESIAN_POINT('',(12.729367061317,1.1E-16,-0.28125));
#3763 = CARTESIAN_POINT('',(13.,-5.6E-16,-0.4375));
#3764 = PCURVE('',#3635,#3765);
#3765 = DEFINITIONAL_REPRESENTATION('',(#3766),#3770);
#3766 = LINE('',#3767,#3768);
#3767 = CARTESIAN_POINT('',(0.,0.));
#3768 = VECTOR('',#3769,1.);
#3769 = DIRECTION('',(1.,0.));
#3770 = ( GEOMETRIC_REPRESENTATION_CONTEXT(2) 
PARAMETRIC_REPRESENTATION_CONTEXT() REPRESENTATION_CONTEXT('2D SPACE',''
  ) );
#3771 = PCURVE('',#3772,#3795);
#3772 = B_SPLINE_SURFACE_WITH_KNOTS('',1,10,(
    (#3773,#3774,#3775,#3776,#3777,#3778,#3779,#3780,#3781,#3782,#3783)
    ,(#3784,#3785,#3786,#3787,#3788,#3789,#3790,#3791,#3792,#3793,#3794
    )),.UNSPECIFIED.,.F.,.F.,.F.,(2,2),(11,11),(0.,0.3125),(0.,
    6.303048278758),.PIECEWISE_BEZIER_KNOTS.);
#3773 = CARTESIAN_POINT('',(12.729367061317,1.1E-16,-0.78125));
#3774 = CARTESIAN_POINT('',(12.729367061317,0.772474814483,
    -0.73125155074));
#3775 = CARTESIAN_POINT('',(12.190193842103,1.544525502598,
    -0.681279672202));
#3776 = CARTESIAN_POINT('',(11.110798957404,1.892514694868,
    -0.631168407681));
#3777 = CARTESIAN_POINT('',(9.87764705885,1.404849341747,-0.581334768024
    ));
#3778 = CARTESIAN_POINT('',(9.225251549403,-5.422788307E-08,
    -0.531250562572));
#3779 = CARTESIAN_POINT('',(9.877647125571,-1.404849418843,
    -0.481166357119));
#3780 = CARTESIAN_POINT('',(11.110799047625,-1.89251471345,
    -0.431332717462));
#3781 = CARTESIAN_POINT('',(12.190193915595,-1.544525469732,
    -0.381221452941));
#3782 = CARTESIAN_POINT('',(12.729367098075,-0.772474755963,
    -0.331249574404));
#3783 = CARTESIAN_POINT('',(12.729367061319,5.852031182E-08,
    -0.281251125144));
#3784 = CARTESIAN_POINT('',(13.,-5.6E-16,-0.9375));
#3785 = CARTESIAN_POINT('',(13.000000805976,0.942482042061,
    -0.887500154747));
#3786 = CARTESIAN_POINT('',(12.342180217968,1.88490053282,
    -0.837502960968));
#3787 = CARTESIAN_POINT('',(11.02493752388,2.308307351446,
    -0.787491857919));
#3788 = CARTESIAN_POINT('',(9.520847274645,1.714909336101,
    -0.737508459097));
#3789 = CARTESIAN_POINT('',(8.724103861559,-1.226329071669E-05,
    -0.687500055858));
#3790 = CARTESIAN_POINT('',(9.520757657148,-1.714891257779,
    -0.637491653627));
#3791 = CARTESIAN_POINT('',(11.02502385859,-2.308314284812,
    -0.587508254144));
#3792 = CARTESIAN_POINT('',(12.342150223011,-1.884899404424,
    -0.537497151356));
#3793 = CARTESIAN_POINT('',(12.99999978247,-0.942482036221,
    -0.487499957532));
#3794 = CARTESIAN_POINT('',(13.000000584779,5.83965709E-09,
    -0.437500112276));
#3795 = DEFINITIONAL_REPRESENTATION('',(#3796),#3800);
#3796 = LINE('',#3797,#3798);
#3797 = CARTESIAN_POINT('',(0.,6.303048278758));
#3798 = VECTOR('',#3799,1.);
#3799 = DIRECTION('',(1.,0.));
#3800 = ( GEOMETRIC_REPRESENTATION_CONTEXT(2) 
PARAMETRIC_REPRESENTATION_CONTEXT() REPRESENTATION_CONTEXT('2D SPACE',''
  ) );
#3801 = ORIENTED_EDGE('',*,*,#3802,.T.);
#3802 = EDGE_CURVE('',#3758,#2435,#3803,.T.);
#3803 = SURFACE_CURVE('',#3804,(#3816,#3823),.PCURVE_S1.);
#3804 = B_SPLINE_CURVE_WITH_KNOTS('',10,(#3805,#3806,#3807,#3808,#3809,
    #3810,#3811,#3812,#3813,#3814,#3815),.UNSPECIFIED.,.F.,.F.,(11,11),(
    0.,6.303048278758),.PIECEWISE_BEZIER_KNOTS.);
#3805 = CARTESIAN_POINT('',(13.,-5.6E-16,-0.4375));
#3806 = CARTESIAN_POINT('',(13.000000805976,0.942482042061,
    -0.387500154747));
#3807 = CARTESIAN_POINT('',(12.342180217968,1.88490053282,
    -0.337502960968));
#3808 = CARTESIAN_POINT('',(11.02493752388,2.308307351446,
    -0.287491857919));
#3809 = CARTESIAN_POINT('',(9.520847274645,1.714909336101,
    -0.237508459097));
#3810 = CARTESIAN_POINT('',(8.724103861559,-1.226329071669E-05,
    -0.187500055858));
#3811 = CARTESIAN_POINT('',(9.520757657148,-1.714891257779,
    -0.137491653627));
#3812 = CARTESIAN_POINT('',(11.02502385859,-2.308314284812,
    -8.750825414406E-02));
#3813 = CARTESIAN_POINT('',(12.342150223011,-1.884899404424,
    -3.749715135605E-02));
#3814 = CARTESIAN_POINT('',(12.99999978247,-0.942482036221,
    1.25000424681E-02));
#3815 = CARTESIAN_POINT('',(13.000000584779,5.83965709E-09,
    6.249988772362E-02));
#3816 = PCURVE('',#3635,#3817);
#3817 = DEFINITIONAL_REPRESENTATION('',(#3818),#3822);
#3818 = LINE('',#3819,#3820);
#3819 = CARTESIAN_POINT('',(0.3125,0.));
#3820 = VECTOR('',#3821,1.);
#3821 = DIRECTION('',(0.,1.));
#3822 = ( GEOMETRIC_REPRESENTATION_CONTEXT(2) 
PARAMETRIC_REPRESENTATION_CONTEXT() REPRESENTATION_CONTEXT('2D SPACE',''
  ) );
#3823 = PCURVE('',#2450,#3824);
#3824 = DEFINITIONAL_REPRESENTATION('',(#3825),#3828);
#3825 = B_SPLINE_CURVE_WITH_KNOTS('',1,(#3826,#3827),.UNSPECIFIED.,.F.,
  .F.,(2,2),(0.,6.303048278758),.PIECEWISE_BEZIER_KNOTS.);
#3826 = CARTESIAN_POINT('',(0.,0.));
#3827 = CARTESIAN_POINT('',(0.,6.303048278758));
#3828 = ( GEOMETRIC_REPRESENTATION_CONTEXT(2) 
PARAMETRIC_REPRESENTATION_CONTEXT() REPRESENTATION_CONTEXT('2D SPACE',''
  ) );
#3829 = ORIENTED_EDGE('',*,*,#3830,.F.);
#3830 = EDGE_CURVE('',#3611,#2435,#3831,.T.);
#3831 = SURFACE_CURVE('',#3832,(#3835,#3842),.PCURVE_S1.);
#3832 = B_SPLINE_CURVE_WITH_KNOTS('',1,(#3833,#3834),.UNSPECIFIED.,.F.,
  .F.,(2,2),(0.,0.3125),.PIECEWISE_BEZIER_KNOTS.);
#3833 = CARTESIAN_POINT('',(12.729367061319,5.852031182E-08,
    0.218748874856));
#3834 = CARTESIAN_POINT('',(13.000000584779,5.83965709E-09,
    6.249988772362E-02));
#3835 = PCURVE('',#3635,#3836);
#3836 = DEFINITIONAL_REPRESENTATION('',(#3837),#3841);
#3837 = LINE('',#3838,#3839);
#3838 = CARTESIAN_POINT('',(0.,6.303048278758));
#3839 = VECTOR('',#3840,1.);
#3840 = DIRECTION('',(1.,0.));
#3841 = ( GEOMETRIC_REPRESENTATION_CONTEXT(2) 
PARAMETRIC_REPRESENTATION_CONTEXT() REPRESENTATION_CONTEXT('2D SPACE',''
  ) );
#3842 = PCURVE('',#2584,#3843);
#3843 = DEFINITIONAL_REPRESENTATION('',(#3844),#3848);
#3844 = LINE('',#3845,#3846);
#3845 = CARTESIAN_POINT('',(0.,0.));
#3846 = VECTOR('',#3847,1.);
#3847 = DIRECTION('',(1.,0.));
#3848 = ( GEOMETRIC_REPRESENTATION_CONTEXT(2) 
PARAMETRIC_REPRESENTATION_CONTEXT() REPRESENTATION_CONTEXT('2D SPACE',''
  ) );
#3849 = ADVANCED_FACE('',(#3850),#2450,.T.);
#3850 = FACE_BOUND('',#3851,.T.);
#3851 = EDGE_LOOP('',(#3852,#3853,#3898,#3927));
#3852 = ORIENTED_EDGE('',*,*,#3802,.F.);
#3853 = ORIENTED_EDGE('',*,*,#3854,.T.);
#3854 = EDGE_CURVE('',#3758,#3855,#3857,.T.);
#3855 = VERTEX_POINT('',#3856);
#3856 = CARTESIAN_POINT('',(12.999999473699,2.919909E-09,-0.50000005614)
  );
#3857 = SURFACE_CURVE('',#3858,(#3861,#3868),.PCURVE_S1.);
#3858 = B_SPLINE_CURVE_WITH_KNOTS('',1,(#3859,#3860),.UNSPECIFIED.,.F.,
  .F.,(2,2),(0.,6.25E-02),.PIECEWISE_BEZIER_KNOTS.);
#3859 = CARTESIAN_POINT('',(13.000000584779,5.83965796E-09,
    -0.437500112276));
#3860 = CARTESIAN_POINT('',(13.00000081869,5.83963466E-09,
    -0.500000112276));
#3861 = PCURVE('',#2450,#3862);
#3862 = DEFINITIONAL_REPRESENTATION('',(#3863),#3867);
#3863 = LINE('',#3864,#3865);
#3864 = CARTESIAN_POINT('',(0.,0.));
#3865 = VECTOR('',#3866,1.);
#3866 = DIRECTION('',(1.,0.));
#3867 = ( GEOMETRIC_REPRESENTATION_CONTEXT(2) 
PARAMETRIC_REPRESENTATION_CONTEXT() REPRESENTATION_CONTEXT('2D SPACE',''
  ) );
#3868 = PCURVE('',#3869,#3892);
#3869 = B_SPLINE_SURFACE_WITH_KNOTS('',1,10,(
    (#3870,#3871,#3872,#3873,#3874,#3875,#3876,#3877,#3878,#3879,#3880)
    ,(#3881,#3882,#3883,#3884,#3885,#3886,#3887,#3888,#3889,#3890,#3891
    )),.UNSPECIFIED.,.F.,.F.,.F.,(2,2),(11,11),(0.,6.25E-02),(0.,
    6.303048278758),.PIECEWISE_BEZIER_KNOTS.);
#3870 = CARTESIAN_POINT('',(13.,-1.46E-15,-0.9375));
#3871 = CARTESIAN_POINT('',(13.000000805976,0.942482042061,
    -0.887500154747));
#3872 = CARTESIAN_POINT('',(12.342180217968,1.88490053282,
    -0.837502960968));
#3873 = CARTESIAN_POINT('',(11.02493752388,2.308307351446,
    -0.787491857919));
#3874 = CARTESIAN_POINT('',(9.520847274645,1.714909336101,
    -0.737508459097));
#3875 = CARTESIAN_POINT('',(8.72410386156,-1.226329080994E-05,
    -0.687500055858));
#3876 = CARTESIAN_POINT('',(9.520757657148,-1.714891257779,
    -0.637491653627));
#3877 = CARTESIAN_POINT('',(11.02502385859,-2.308314284812,
    -0.587508254144));
#3878 = CARTESIAN_POINT('',(12.342150223011,-1.884899404424,
    -0.537497151356));
#3879 = CARTESIAN_POINT('',(12.99999978247,-0.942482036221,
    -0.487499957532));
#3880 = CARTESIAN_POINT('',(13.000000584779,5.83965796E-09,
    -0.437500112276));
#3881 = CARTESIAN_POINT('',(13.,9.9E-16,-1.));
#3882 = CARTESIAN_POINT('',(13.000001128367,0.94248211553,
    -0.950000154747));
#3883 = CARTESIAN_POINT('',(12.342186284101,1.884900904938,
    -0.900002960966));
#3884 = CARTESIAN_POINT('',(11.024920221652,2.308306144833,
    -0.849991857908));
#3885 = CARTESIAN_POINT('',(9.520865045263,1.714913087294,
    -0.800008459153));
#3886 = CARTESIAN_POINT('',(8.724103644986,-1.716644223348E-05,
    -0.750000055746));
#3887 = CARTESIAN_POINT('',(9.520739578105,-1.714887774566,
    -0.699991653748));
#3888 = CARTESIAN_POINT('',(11.025041086644,-2.308315850802,
    -0.650008254069));
#3889 = CARTESIAN_POINT('',(12.342144288229,-1.884899326496,
    -0.599997151377));
#3890 = CARTESIAN_POINT('',(12.999999693991,-0.94248210969,
    -0.549999957533));
#3891 = CARTESIAN_POINT('',(13.00000081869,5.83963466E-09,
    -0.500000112276));
#3892 = DEFINITIONAL_REPRESENTATION('',(#3893),#3897);
#3893 = LINE('',#3894,#3895);
#3894 = CARTESIAN_POINT('',(0.,6.303048278758));
#3895 = VECTOR('',#3896,1.);
#3896 = DIRECTION('',(1.,0.));
#3897 = ( GEOMETRIC_REPRESENTATION_CONTEXT(2) 
PARAMETRIC_REPRESENTATION_CONTEXT() REPRESENTATION_CONTEXT('2D SPACE',''
  ) );
#3898 = ORIENTED_EDGE('',*,*,#3899,.T.);
#3899 = EDGE_CURVE('',#3855,#2164,#3900,.T.);
#3900 = SURFACE_CURVE('',#3901,(#3913,#3920),.PCURVE_S1.);
#3901 = B_SPLINE_CURVE_WITH_KNOTS('',10,(#3902,#3903,#3904,#3905,#3906,
    #3907,#3908,#3909,#3910,#3911,#3912),.UNSPECIFIED.,.F.,.F.,(11,11),(
    0.,6.303048278758),.PIECEWISE_BEZIER_KNOTS.);
#3902 = CARTESIAN_POINT('',(13.,9.9E-16,-0.5));
#3903 = CARTESIAN_POINT('',(13.000001128367,0.94248211553,
    -0.450000154747));
#3904 = CARTESIAN_POINT('',(12.342186284101,1.884900904938,
    -0.400002960966));
#3905 = CARTESIAN_POINT('',(11.024920221652,2.308306144833,
    -0.349991857908));
#3906 = CARTESIAN_POINT('',(9.520865045263,1.714913087294,
    -0.300008459153));
#3907 = CARTESIAN_POINT('',(8.724103644986,-1.716644223348E-05,
    -0.250000055746));
#3908 = CARTESIAN_POINT('',(9.520739578105,-1.714887774566,
    -0.199991653748));
#3909 = CARTESIAN_POINT('',(11.025041086644,-2.308315850802,
    -0.150008254069));
#3910 = CARTESIAN_POINT('',(12.342144288229,-1.884899326496,
    -9.999715137675E-02));
#3911 = CARTESIAN_POINT('',(12.999999693991,-0.94248210969,
    -4.999995753267E-02));
#3912 = CARTESIAN_POINT('',(13.00000081869,5.83963466E-09,
    -1.1227593907E-07));
#3913 = PCURVE('',#2450,#3914);
#3914 = DEFINITIONAL_REPRESENTATION('',(#3915),#3919);
#3915 = LINE('',#3916,#3917);
#3916 = CARTESIAN_POINT('',(6.25E-02,0.));
#3917 = VECTOR('',#3918,1.);
#3918 = DIRECTION('',(0.,1.));
#3919 = ( GEOMETRIC_REPRESENTATION_CONTEXT(2) 
PARAMETRIC_REPRESENTATION_CONTEXT() REPRESENTATION_CONTEXT('2D SPACE',''
  ) );
#3920 = PCURVE('',#3329,#3921);
#3921 = DEFINITIONAL_REPRESENTATION('',(#3922),#3926);
#3922 = LINE('',#3923,#3924);
#3923 = CARTESIAN_POINT('',(0.,0.));
#3924 = VECTOR('',#3925,1.);
#3925 = DIRECTION('',(0.,1.));
#3926 = ( GEOMETRIC_REPRESENTATION_CONTEXT(2) 
PARAMETRIC_REPRESENTATION_CONTEXT() REPRESENTATION_CONTEXT('2D SPACE',''
  ) );
#3927 = ORIENTED_EDGE('',*,*,#2434,.F.);
#3928 = ADVANCED_FACE('',(#3929),#3329,.T.);
#3929 = FACE_BOUND('',#3930,.T.);
#3930 = EDGE_LOOP('',(#3931,#3932,#3977,#4005));
#3931 = ORIENTED_EDGE('',*,*,#3899,.F.);
#3932 = ORIENTED_EDGE('',*,*,#3933,.T.);
#3933 = EDGE_CURVE('',#3855,#3934,#3936,.T.);
#3934 = VERTEX_POINT('',#3935);
#3935 = CARTESIAN_POINT('',(12.729366593497,5.8520358E-08,
    -0.656251125144));
#3936 = SURFACE_CURVE('',#3937,(#3940,#3947),.PCURVE_S1.);
#3937 = B_SPLINE_CURVE_WITH_KNOTS('',1,(#3938,#3939),.UNSPECIFIED.,.F.,
  .F.,(2,2),(0.,0.3125),.PIECEWISE_BEZIER_KNOTS.);
#3938 = CARTESIAN_POINT('',(12.999998947399,5.83981767E-09,
    -0.500000112279));
#3939 = CARTESIAN_POINT('',(12.729366593497,5.852035727E-08,
    -0.656251125144));
#3940 = PCURVE('',#3329,#3941);
#3941 = DEFINITIONAL_REPRESENTATION('',(#3942),#3946);
#3942 = LINE('',#3943,#3944);
#3943 = CARTESIAN_POINT('',(0.,0.));
#3944 = VECTOR('',#3945,1.);
#3945 = DIRECTION('',(1.,0.));
#3946 = ( GEOMETRIC_REPRESENTATION_CONTEXT(2) 
PARAMETRIC_REPRESENTATION_CONTEXT() REPRESENTATION_CONTEXT('2D SPACE',''
  ) );
#3947 = PCURVE('',#3948,#3971);
#3948 = B_SPLINE_SURFACE_WITH_KNOTS('',1,10,(
    (#3949,#3950,#3951,#3952,#3953,#3954,#3955,#3956,#3957,#3958,#3959)
    ,(#3960,#3961,#3962,#3963,#3964,#3965,#3966,#3967,#3968,#3969,#3970
    )),.UNSPECIFIED.,.F.,.F.,.F.,(2,2),(11,11),(0.,0.3125),(0.,
    6.303048278758),.PIECEWISE_BEZIER_KNOTS.);
#3949 = CARTESIAN_POINT('',(13.,1.04E-15,-1.));
#3950 = CARTESIAN_POINT('',(12.999998549242,0.942481527773,
    -0.950000154747));
#3951 = CARTESIAN_POINT('',(12.342137755035,1.884897927994,
    -0.900002960982));
#3952 = CARTESIAN_POINT('',(11.025058639477,2.30831579774,
    -0.849991857995));
#3953 = CARTESIAN_POINT('',(9.520722880316,1.71488307775,-0.800008458702
    ));
#3954 = CARTESIAN_POINT('',(8.724105377576,2.205876887018E-05,
    -0.750000056644));
#3955 = CARTESIAN_POINT('',(9.520884210451,-1.714915640266,
    -0.699991652773));
#3956 = CARTESIAN_POINT('',(11.024903262209,-2.308303322877,
    -0.650008254668));
#3957 = CARTESIAN_POINT('',(12.342191766491,-1.884899949923,
    -0.599997151211));
#3958 = CARTESIAN_POINT('',(13.000000401825,-0.942481521934,
    -0.549999957527));
#3959 = CARTESIAN_POINT('',(12.999998947399,5.83981767E-09,
    -0.500000112279));
#3960 = CARTESIAN_POINT('',(12.729367061317,-6.2E-16,-1.15625));
#3961 = CARTESIAN_POINT('',(12.729366416536,0.772474667544,
    -1.10625155074));
#3962 = CARTESIAN_POINT('',(12.190181709836,1.544524758362,
    -1.056279672206));
#3963 = CARTESIAN_POINT('',(11.110833561861,1.892517108095,
    -1.006168407703));
#3964 = CARTESIAN_POINT('',(9.877611517613,1.404841839361,
    -0.956334767911));
#3965 = CARTESIAN_POINT('',(9.225251982551,9.75207505949E-06,
    -0.906250562796));
#3966 = CARTESIAN_POINT('',(9.877683283657,-1.404856385268,
    -0.856166356875));
#3967 = CARTESIAN_POINT('',(11.110764591517,-1.892511581469,
    -0.806332717612));
#3968 = CARTESIAN_POINT('',(12.190205785161,-1.544525625589,
    -0.7562214529));
#3969 = CARTESIAN_POINT('',(12.729367275034,-0.772474609024,
    -0.706249574402));
#3970 = CARTESIAN_POINT('',(12.729366593497,5.852035727E-08,
    -0.656251125144));
#3971 = DEFINITIONAL_REPRESENTATION('',(#3972),#3976);
#3972 = LINE('',#3973,#3974);
#3973 = CARTESIAN_POINT('',(0.,6.303048278758));
#3974 = VECTOR('',#3975,1.);
#3975 = DIRECTION('',(1.,0.));
#3976 = ( GEOMETRIC_REPRESENTATION_CONTEXT(2) 
PARAMETRIC_REPRESENTATION_CONTEXT() REPRESENTATION_CONTEXT('2D SPACE',''
  ) );
#3977 = ORIENTED_EDGE('',*,*,#3978,.T.);
#3978 = EDGE_CURVE('',#3934,#3315,#3979,.T.);
#3979 = SURFACE_CURVE('',#3980,(#3992,#3999),.PCURVE_S1.);
#3980 = B_SPLINE_CURVE_WITH_KNOTS('',10,(#3981,#3982,#3983,#3984,#3985,
    #3986,#3987,#3988,#3989,#3990,#3991),.UNSPECIFIED.,.F.,.F.,(11,11),(
    0.,6.303048278758),.PIECEWISE_BEZIER_KNOTS.);
#3981 = CARTESIAN_POINT('',(12.729367061317,-6.2E-16,-0.65625));
#3982 = CARTESIAN_POINT('',(12.729366416536,0.772474667544,
    -0.60625155074));
#3983 = CARTESIAN_POINT('',(12.190181709836,1.544524758362,
    -0.556279672206));
#3984 = CARTESIAN_POINT('',(11.110833561861,1.892517108095,
    -0.506168407703));
#3985 = CARTESIAN_POINT('',(9.877611517613,1.404841839361,
    -0.456334767911));
#3986 = CARTESIAN_POINT('',(9.225251982551,9.75207505949E-06,
    -0.406250562796));
#3987 = CARTESIAN_POINT('',(9.877683283657,-1.404856385268,
    -0.356166356875));
#3988 = CARTESIAN_POINT('',(11.110764591517,-1.892511581469,
    -0.306332717612));
#3989 = CARTESIAN_POINT('',(12.190205785161,-1.544525625589,
    -0.2562214529));
#3990 = CARTESIAN_POINT('',(12.729367275034,-0.772474609024,
    -0.206249574402));
#3991 = CARTESIAN_POINT('',(12.729366593497,5.852035727E-08,
    -0.156251125144));
#3992 = PCURVE('',#3329,#3993);
#3993 = DEFINITIONAL_REPRESENTATION('',(#3994),#3998);
#3994 = LINE('',#3995,#3996);
#3995 = CARTESIAN_POINT('',(0.3125,0.));
#3996 = VECTOR('',#3997,1.);
#3997 = DIRECTION('',(0.,1.));
#3998 = ( GEOMETRIC_REPRESENTATION_CONTEXT(2) 
PARAMETRIC_REPRESENTATION_CONTEXT() REPRESENTATION_CONTEXT('2D SPACE',''
  ) );
#3999 = PCURVE('',#3518,#4000);
#4000 = DEFINITIONAL_REPRESENTATION('',(#4001),#4004);
#4001 = B_SPLINE_CURVE_WITH_KNOTS('',1,(#4002,#4003),.UNSPECIFIED.,.F.,
  .F.,(2,2),(0.,6.303048278758),.PIECEWISE_BEZIER_KNOTS.);
#4002 = CARTESIAN_POINT('',(0.,0.));
#4003 = CARTESIAN_POINT('',(0.,6.303048278758));
#4004 = ( GEOMETRIC_REPRESENTATION_CONTEXT(2) 
PARAMETRIC_REPRESENTATION_CONTEXT() REPRESENTATION_CONTEXT('2D SPACE',''
  ) );
#4005 = ORIENTED_EDGE('',*,*,#3314,.F.);
#4006 = ADVANCED_FACE('',(#4007),#3518,.T.);
#4007 = FACE_BOUND('',#4008,.T.);
#4008 = EDGE_LOOP('',(#4009,#4010,#4122,#4151));
#4009 = ORIENTED_EDGE('',*,*,#3978,.F.);
#4010 = ORIENTED_EDGE('',*,*,#4011,.T.);
#4011 = EDGE_CURVE('',#3934,#4012,#4014,.T.);
#4012 = VERTEX_POINT('',#4013);
#4013 = CARTESIAN_POINT('',(12.729367061319,5.8520312E-08,
    -0.781251125144));
#4014 = SURFACE_CURVE('',#4015,(#4023,#4030),.PCURVE_S1.);
#4015 = ( BOUNDED_CURVE() B_SPLINE_CURVE(6,(#4016,#4017,#4018,#4019,
#4020,#4021,#4022),.UNSPECIFIED.,.F.,.F.) B_SPLINE_CURVE_WITH_KNOTS((7,7
),(0.,2.094395102393),.PIECEWISE_BEZIER_KNOTS.) CURVE() 
GEOMETRIC_REPRESENTATION_ITEM() RATIONAL_B_SPLINE_CURVE((1.056590953773,
    1.017435169568,0.996326512422,0.989390034249,0.996326512422,
1.017435169568,1.056590953773)) REPRESENTATION_ITEM('') );
#4016 = CARTESIAN_POINT('',(12.729366593497,5.852035787E-08,
    -0.656251125144));
#4017 = CARTESIAN_POINT('',(12.706710993838,6.293043361E-08,
    -0.66933145476));
#4018 = CARTESIAN_POINT('',(12.690745576385,6.60382207E-08,
    -0.691470252644));
#4019 = CARTESIAN_POINT('',(12.68497508281,6.716149847E-08,
    -0.718751291284));
#4020 = CARTESIAN_POINT('',(12.690745780588,6.603820094E-08,
    -0.74603228673));
#4021 = CARTESIAN_POINT('',(12.706711363753,6.29303967E-08,
    -0.768170965109));
#4022 = CARTESIAN_POINT('',(12.729367061319,5.852031226E-08,
    -0.781251125144));
#4023 = PCURVE('',#3518,#4024);
#4024 = DEFINITIONAL_REPRESENTATION('',(#4025),#4029);
#4025 = LINE('',#4026,#4027);
#4026 = CARTESIAN_POINT('',(0.,0.));
#4027 = VECTOR('',#4028,1.);
#4028 = DIRECTION('',(1.,0.));
#4029 = ( GEOMETRIC_REPRESENTATION_CONTEXT(2) 
PARAMETRIC_REPRESENTATION_CONTEXT() REPRESENTATION_CONTEXT('2D SPACE',''
  ) );
#4030 = PCURVE('',#4031,#4116);
#4031 = ( BOUNDED_SURFACE() B_SPLINE_SURFACE(6,11,(
    (#4032,#4033,#4034,#4035,#4036,#4037,#4038,#4039,#4040,#4041,#4042
      ,#4043)
    ,(#4044,#4045,#4046,#4047,#4048,#4049,#4050,#4051,#4052,#4053,#4054
      ,#4055)
    ,(#4056,#4057,#4058,#4059,#4060,#4061,#4062,#4063,#4064,#4065,#4066
      ,#4067)
    ,(#4068,#4069,#4070,#4071,#4072,#4073,#4074,#4075,#4076,#4077,#4078
      ,#4079)
    ,(#4080,#4081,#4082,#4083,#4084,#4085,#4086,#4087,#4088,#4089,#4090
      ,#4091)
    ,(#4092,#4093,#4094,#4095,#4096,#4097,#4098,#4099,#4100,#4101,#4102
      ,#4103)
    ,(#4104,#4105,#4106,#4107,#4108,#4109,#4110,#4111,#4112,#4113,#4114
,#4115
    )),.UNSPECIFIED.,.F.,.F.,.F.) B_SPLINE_SURFACE_WITH_KNOTS((7,7),(12,
    12),(0.,2.094395102393),(0.,6.303048278758),
.PIECEWISE_BEZIER_KNOTS.) GEOMETRIC_REPRESENTATION_ITEM() 
RATIONAL_B_SPLINE_SURFACE((
    (1.056590953773,1.056590953773,1.056590953773,1.056590953773
      ,1.056590953773,1.056590953773,1.056590953773,1.056590953773
      ,1.056590953773,1.056590953773,1.056590953773,1.056590953773)
    ,(1.017435169568,1.017435169568,1.017435169568,1.017435169568
      ,1.017435169569,1.017435169567,1.017435169569,1.017435169567
      ,1.017435169569,1.017435169568,1.017435169568,1.017435169568)
    ,(0.996326512422,0.996326512422,0.996326512422,0.996326512422
      ,0.996326512422,0.996326512422,0.996326512422,0.996326512422
      ,0.996326512422,0.996326512422,0.996326512422,0.996326512422)
    ,(0.989390034249,0.989390034249,0.989390034249,0.989390034248
      ,0.989390034249,0.989390034248,0.989390034249,0.989390034248
      ,0.989390034249,0.989390034249,0.989390034249,0.989390034249)
    ,(0.996326512422,0.996326512422,0.996326512422,0.996326512422
      ,0.996326512423,0.996326512422,0.996326512423,0.996326512422
      ,0.996326512422,0.996326512422,0.996326512422,0.996326512422)
    ,(1.017435169568,1.017435169568,1.017435169568,1.017435169568
      ,1.017435169568,1.017435169568,1.017435169568,1.017435169568
      ,1.017435169568,1.017435169568,1.017435169568,1.017435169568)
    ,(1.056590953773,1.056590953773,1.056590953773,1.056590953773
      ,1.056590953773,1.056590953773,1.056590953773,1.056590953773
      ,1.056590953773,1.056590953773,1.056590953773,1.056590953773
))) REPRESENTATION_ITEM('') SURFACE() );
#4032 = CARTESIAN_POINT('',(12.729367061317,-8.9E-16,-1.15625));
#4033 = CARTESIAN_POINT('',(12.729366475153,0.702249697767,
    -1.110796864309));
#4034 = CARTESIAN_POINT('',(12.288215292872,1.404152014577,
    -1.065365468303));
#4035 = CARTESIAN_POINT('',(11.405228126135,1.799593725218,
    -1.019764593877));
#4036 = CARTESIAN_POINT('',(10.325950267665,1.57438550159,
    -0.974733143471));
#4037 = CARTESIAN_POINT('',(9.521967668362,0.65248550448,-0.928521374864
    ));
#4038 = CARTESIAN_POINT('',(9.521623040452,-0.652481477629,
    -0.883979750362));
#4039 = CARTESIAN_POINT('',(10.326182116191,-1.574392748394,
    -0.837767981508));
#4040 = CARTESIAN_POINT('',(11.405130756775,-1.79958994237,
    -0.792736531381));
#4041 = CARTESIAN_POINT('',(12.288235146956,-1.404152713486,
    -0.747135656809));
#4042 = CARTESIAN_POINT('',(12.729367213076,-0.702249639247,
    -0.701704260833));
#4043 = CARTESIAN_POINT('',(12.729366593497,5.852035787E-08,
    -0.656251125144));
#4044 = CARTESIAN_POINT('',(12.706711412705,-9.4E-16,-1.169330244825));
#4045 = CARTESIAN_POINT('',(12.706710887878,0.689311624436,
    -1.123877215373));
#4046 = CARTESIAN_POINT('',(12.273688183304,1.378251248192,
    -1.078447563906));
#4047 = CARTESIAN_POINT('',(11.406978207997,1.766508676863,
    -1.03283566216));
#4048 = CARTESIAN_POINT('',(10.347584688725,1.545207894049,
    -0.987836096092));
#4049 = CARTESIAN_POINT('',(9.558411450456,0.640693720037,
    -0.941567263358));
#4050 = CARTESIAN_POINT('',(9.558102890851,-0.640690131518,-0.8970944363
    ));
#4051 = CARTESIAN_POINT('',(10.347792289543,-1.545214392582,
    -0.850825603345));
#4052 = CARTESIAN_POINT('',(11.40689104302,-1.766505290677,
    -0.805826037527));
#4053 = CARTESIAN_POINT('',(12.273705971844,-1.378251867211,
    -0.760214135651));
#4054 = CARTESIAN_POINT('',(12.706711554598,-0.689311561506,
    -0.71478448421));
#4055 = CARTESIAN_POINT('',(12.706710993838,6.293043361E-08,
    -0.66933145476));
#4056 = CARTESIAN_POINT('',(12.690745912395,1.22E-15,-1.191468982957));
#4057 = CARTESIAN_POINT('',(12.690745491383,0.680194141001,
    -1.146016028373));
#4058 = CARTESIAN_POINT('',(12.263451925878,1.359998969821,
    -1.100587606286));
#4059 = CARTESIAN_POINT('',(11.408206456915,1.743193388315,
    -1.05496793356));
#4060 = CARTESIAN_POINT('',(10.362842483049,1.524646753448,
    -1.009990836458));
#4061 = CARTESIAN_POINT('',(9.584075635439,0.632383815438,
    -0.963681790518));
#4062 = CARTESIAN_POINT('',(9.583828120218,-0.632380961802,
    -0.919257445142));
#4063 = CARTESIAN_POINT('',(10.363009038308,-1.52465198135,
    -0.872948399024));
#4064 = CARTESIAN_POINT('',(11.408136556791,-1.743190673158,
    -0.827971302122));
#4065 = CARTESIAN_POINT('',(12.263466213444,-1.359999456416,
    -0.782351629292));
#4066 = CARTESIAN_POINT('',(12.690746035103,-0.680194074963,
    -0.736923207227));
#4067 = CARTESIAN_POINT('',(12.690745576385,6.60382207E-08,
    -0.691470252644));
#4068 = CARTESIAN_POINT('',(12.684975316719,-1.4E-16,-1.21875));
#4069 = CARTESIAN_POINT('',(12.684975023637,0.676898723975,
    -1.173297072476));
#4070 = CARTESIAN_POINT('',(12.25975366587,1.353401935503,
    -1.127869094738));
#4071 = CARTESIAN_POINT('',(11.408642878931,1.73476603417,
    -1.082246613264));
#4072 = CARTESIAN_POINT('',(10.368375123567,1.517215703287,
    -1.03727763735));
#4073 = CARTESIAN_POINT('',(9.593325101967,0.629379971356,
    -0.990954056757));
#4074 = CARTESIAN_POINT('',(9.593152808743,-0.62937801894,
    -0.946547234568));
#4075 = CARTESIAN_POINT('',(10.368491095967,-1.517219362841,
    -0.900223653851));
#4076 = CARTESIAN_POINT('',(11.408594249883,-1.734764145693,
    -0.855254678077));
#4077 = CARTESIAN_POINT('',(12.259763636185,-1.353402260651,
    -0.80963219653));
#4078 = CARTESIAN_POINT('',(12.684975414241,-0.676898656813,
    -0.764204218807));
#4079 = CARTESIAN_POINT('',(12.68497508281,6.716149847E-08,
    -0.718751291284));
#4080 = CARTESIAN_POINT('',(12.690745912395,1.9E-16,-1.246031017043));
#4081 = CARTESIAN_POINT('',(12.690745747242,0.680194199309,
    -1.200578062459));
#4082 = CARTESIAN_POINT('',(12.263456309886,1.359999247274,
    -1.15514964037));
#4083 = CARTESIAN_POINT('',(11.408185179577,1.743192710825,
    -1.109529967663));
#4084 = CARTESIAN_POINT('',(10.362892969892,1.524648454363,
    -1.064552870478));
#4085 = CARTESIAN_POINT('',(9.584000249732,0.632382969166,
    -1.018243824741));
#4086 = CARTESIAN_POINT('',(9.583903177282,-0.632381914354,
    -0.973819479055));
#4087 = CARTESIAN_POINT('',(10.362958356576,-1.524650543427,
    -0.927510433248));
#4088 = CARTESIAN_POINT('',(11.408157818309,-1.743191648853,
    -0.882533336142));
#4089 = CARTESIAN_POINT('',(12.263461960383,-1.359999412416,
    -0.836913663393));
#4090 = CARTESIAN_POINT('',(12.690745983447,-0.680194133271,
    -0.791485241313));
#4091 = CARTESIAN_POINT('',(12.690745780588,6.603820094E-08,
    -0.74603228673));
#4092 = CARTESIAN_POINT('',(12.706711412705,9.7E-16,-1.268169755175));
#4093 = CARTESIAN_POINT('',(12.706711351367,0.689311730061,
    -1.222716725723));
#4094 = CARTESIAN_POINT('',(12.273696124966,1.3782517508,-1.177287074253
    ));
#4095 = CARTESIAN_POINT('',(11.406939663948,1.766507449584,
    -1.13167517254));
#4096 = CARTESIAN_POINT('',(10.347676145997,1.545210975269,
    -1.086675606322));
#4097 = CARTESIAN_POINT('',(9.558274888716,0.64069218701,-1.040406773956
    ));
#4098 = CARTESIAN_POINT('',(9.558238857252,-0.640691857074,
    -0.995933946337));
#4099 = CARTESIAN_POINT('',(10.347700479227,-1.545211787773,
    -0.949665113944));
#4100 = CARTESIAN_POINT('',(11.406929558411,-1.766507058156,
    -0.904665547756));
#4101 = CARTESIAN_POINT('',(12.273698267393,-1.378251787504,
    -0.859053646028));
#4102 = CARTESIAN_POINT('',(12.706711461023,-0.689311667131,
    -0.813623994561));
#4103 = CARTESIAN_POINT('',(12.706711363753,6.29303967E-08,
    -0.768170965109));
#4104 = CARTESIAN_POINT('',(12.729367061317,-1.11E-15,-1.28125));
#4105 = CARTESIAN_POINT('',(12.729367061317,0.702249831348,
    -1.235796864309));
#4106 = CARTESIAN_POINT('',(12.288225336505,1.404152650213,-1.1903654683
    ));
#4107 = CARTESIAN_POINT('',(11.405179380384,1.799592173108,
    -1.144764593915));
#4108 = CARTESIAN_POINT('',(10.326065931524,1.574389398336,
    -1.099733143319));
#4109 = CARTESIAN_POINT('',(9.521794961946,0.652483565697,
    -1.053521375178));
#4110 = CARTESIAN_POINT('',(9.521794993958,-0.652483659898,
    -1.008979749966));
#4111 = CARTESIAN_POINT('',(10.326066005847,-1.574389454154,
    -0.962767981824));
#4112 = CARTESIAN_POINT('',(11.405179466282,-1.799592177659,
    -0.917736531229));
#4113 = CARTESIAN_POINT('',(12.288225403319,-1.404152612683,
    -0.872135656843));
#4114 = CARTESIAN_POINT('',(12.729367094734,-0.702249772828,
    -0.826704260835));
#4115 = CARTESIAN_POINT('',(12.729367061319,5.852031226E-08,
    -0.781251125144));
#4116 = DEFINITIONAL_REPRESENTATION('',(#4117),#4121);
#4117 = LINE('',#4118,#4119);
#4118 = CARTESIAN_POINT('',(0.,6.303048278758));
#4119 = VECTOR('',#4120,1.);
#4120 = DIRECTION('',(1.,0.));
#4121 = ( GEOMETRIC_REPRESENTATION_CONTEXT(2) 
PARAMETRIC_REPRESENTATION_CONTEXT() REPRESENTATION_CONTEXT('2D SPACE',''
  ) );
#4122 = ORIENTED_EDGE('',*,*,#4123,.T.);
#4123 = EDGE_CURVE('',#4012,#3499,#4124,.T.);
#4124 = SURFACE_CURVE('',#4125,(#4138,#4145),.PCURVE_S1.);
#4125 = ( BOUNDED_CURVE() B_SPLINE_CURVE(11,(#4126,#4127,#4128,#4129,
    #4130,#4131,#4132,#4133,#4134,#4135,#4136,#4137),.UNSPECIFIED.,.F.,
.F.) B_SPLINE_CURVE_WITH_KNOTS((12,12),(0.,6.303048278758),
.PIECEWISE_BEZIER_KNOTS.) CURVE() GEOMETRIC_REPRESENTATION_ITEM() 
RATIONAL_B_SPLINE_CURVE((1.056590953773,1.056590953773,1.056590953773,
    1.056590953773,1.056590953773,1.056590953773,1.056590953773,
    1.056590953773,1.056590953773,1.056590953773,1.056590953773,
1.056590953773)) REPRESENTATION_ITEM('') );
#4126 = CARTESIAN_POINT('',(12.729367061317,-1.11E-15,-0.78125));
#4127 = CARTESIAN_POINT('',(12.729367061317,0.702249831348,
    -0.735796864309));
#4128 = CARTESIAN_POINT('',(12.288225336505,1.404152650213,-0.6903654683
    ));
#4129 = CARTESIAN_POINT('',(11.405179380384,1.799592173108,
    -0.644764593915));
#4130 = CARTESIAN_POINT('',(10.326065931524,1.574389398336,
    -0.599733143319));
#4131 = CARTESIAN_POINT('',(9.521794961946,0.652483565697,
    -0.553521375178));
#4132 = CARTESIAN_POINT('',(9.521794993958,-0.652483659898,
    -0.508979749966));
#4133 = CARTESIAN_POINT('',(10.326066005847,-1.574389454154,
    -0.462767981824));
#4134 = CARTESIAN_POINT('',(11.405179466282,-1.799592177659,
    -0.417736531229));
#4135 = CARTESIAN_POINT('',(12.288225403319,-1.404152612683,
    -0.372135656843));
#4136 = CARTESIAN_POINT('',(12.729367094734,-0.702249772828,
    -0.326704260835));
#4137 = CARTESIAN_POINT('',(12.729367061319,5.852031226E-08,
    -0.281251125144));
#4138 = PCURVE('',#3518,#4139);
#4139 = DEFINITIONAL_REPRESENTATION('',(#4140),#4144);
#4140 = LINE('',#4141,#4142);
#4141 = CARTESIAN_POINT('',(2.094395102393,0.));
#4142 = VECTOR('',#4143,1.);
#4143 = DIRECTION('',(0.,1.));
#4144 = ( GEOMETRIC_REPRESENTATION_CONTEXT(2) 
PARAMETRIC_REPRESENTATION_CONTEXT() REPRESENTATION_CONTEXT('2D SPACE',''
  ) );
#4145 = PCURVE('',#3772,#4146);
#4146 = DEFINITIONAL_REPRESENTATION('',(#4147),#4150);
#4147 = B_SPLINE_CURVE_WITH_KNOTS('',1,(#4148,#4149),.UNSPECIFIED.,.F.,
  .F.,(2,2),(0.,6.303048278758),.PIECEWISE_BEZIER_KNOTS.);
#4148 = CARTESIAN_POINT('',(0.,0.));
#4149 = CARTESIAN_POINT('',(0.,6.303048278758));
#4150 = ( GEOMETRIC_REPRESENTATION_CONTEXT(2) 
PARAMETRIC_REPRESENTATION_CONTEXT() REPRESENTATION_CONTEXT('2D SPACE',''
  ) );
#4151 = ORIENTED_EDGE('',*,*,#3498,.F.);
#4152 = ADVANCED_FACE('',(#4153),#3772,.T.);
#4153 = FACE_BOUND('',#4154,.T.);
#4154 = EDGE_LOOP('',(#4155,#4156,#4201,#4229));
#4155 = ORIENTED_EDGE('',*,*,#4123,.F.);
#4156 = ORIENTED_EDGE('',*,*,#4157,.T.);
#4157 = EDGE_CURVE('',#4012,#4158,#4160,.T.);
#4158 = VERTEX_POINT('',#4159);
#4159 = CARTESIAN_POINT('',(13.000000292389,2.919828E-09,-0.937500056138
    ));
#4160 = SURFACE_CURVE('',#4161,(#4164,#4171),.PCURVE_S1.);
#4161 = B_SPLINE_CURVE_WITH_KNOTS('',1,(#4162,#4163),.UNSPECIFIED.,.F.,
  .F.,(2,2),(0.,0.3125),.PIECEWISE_BEZIER_KNOTS.);
#4162 = CARTESIAN_POINT('',(12.729367061317,1.1E-16,-0.78125));
#4163 = CARTESIAN_POINT('',(13.,-5.6E-16,-0.9375));
#4164 = PCURVE('',#3772,#4165);
#4165 = DEFINITIONAL_REPRESENTATION('',(#4166),#4170);
#4166 = LINE('',#4167,#4168);
#4167 = CARTESIAN_POINT('',(0.,0.));
#4168 = VECTOR('',#4169,1.);
#4169 = DIRECTION('',(1.,0.));
#4170 = ( GEOMETRIC_REPRESENTATION_CONTEXT(2) 
PARAMETRIC_REPRESENTATION_CONTEXT() REPRESENTATION_CONTEXT('2D SPACE',''
  ) );
#4171 = PCURVE('',#4172,#4195);
#4172 = B_SPLINE_SURFACE_WITH_KNOTS('',1,10,(
    (#4173,#4174,#4175,#4176,#4177,#4178,#4179,#4180,#4181,#4182,#4183)
    ,(#4184,#4185,#4186,#4187,#4188,#4189,#4190,#4191,#4192,#4193,#4194
    )),.UNSPECIFIED.,.F.,.F.,.F.,(2,2),(11,11),(0.,0.3125),(0.,
    6.303048278758),.PIECEWISE_BEZIER_KNOTS.);
#4173 = CARTESIAN_POINT('',(12.729367061317,1.1E-16,-1.28125));
#4174 = CARTESIAN_POINT('',(12.729367061317,0.772474814483,
    -1.23125155074));
#4175 = CARTESIAN_POINT('',(12.190193842103,1.544525502598,
    -1.181279672202));
#4176 = CARTESIAN_POINT('',(11.110798957404,1.892514694868,
    -1.131168407681));
#4177 = CARTESIAN_POINT('',(9.87764705885,1.404849341747,-1.081334768024
    ));
#4178 = CARTESIAN_POINT('',(9.225251549403,-5.422788307E-08,
    -1.031250562572));
#4179 = CARTESIAN_POINT('',(9.877647125571,-1.404849418843,
    -0.981166357119));
#4180 = CARTESIAN_POINT('',(11.110799047625,-1.89251471345,
    -0.931332717462));
#4181 = CARTESIAN_POINT('',(12.190193915595,-1.544525469732,
    -0.881221452941));
#4182 = CARTESIAN_POINT('',(12.729367098075,-0.772474755963,
    -0.831249574404));
#4183 = CARTESIAN_POINT('',(12.729367061319,5.852031182E-08,
    -0.781251125144));
#4184 = CARTESIAN_POINT('',(13.,-5.6E-16,-1.4375));
#4185 = CARTESIAN_POINT('',(13.000000805976,0.942482042061,
    -1.387500154747));
#4186 = CARTESIAN_POINT('',(12.342180217968,1.88490053282,
    -1.337502960968));
#4187 = CARTESIAN_POINT('',(11.02493752388,2.308307351446,
    -1.287491857919));
#4188 = CARTESIAN_POINT('',(9.520847274645,1.714909336101,
    -1.237508459097));
#4189 = CARTESIAN_POINT('',(8.724103861559,-1.226329071669E-05,
    -1.187500055858));
#4190 = CARTESIAN_POINT('',(9.520757657148,-1.714891257779,
    -1.137491653627));
#4191 = CARTESIAN_POINT('',(11.02502385859,-2.308314284812,
    -1.087508254144));
#4192 = CARTESIAN_POINT('',(12.342150223011,-1.884899404424,
    -1.037497151356));
#4193 = CARTESIAN_POINT('',(12.99999978247,-0.942482036221,
    -0.987499957532));
#4194 = CARTESIAN_POINT('',(13.000000584779,5.83965709E-09,
    -0.937500112276));
#4195 = DEFINITIONAL_REPRESENTATION('',(#4196),#4200);
#4196 = LINE('',#4197,#4198);
#4197 = CARTESIAN_POINT('',(0.,6.303048278758));
#4198 = VECTOR('',#4199,1.);
#4199 = DIRECTION('',(1.,0.));
#4200 = ( GEOMETRIC_REPRESENTATION_CONTEXT(2) 
PARAMETRIC_REPRESENTATION_CONTEXT() REPRESENTATION_CONTEXT('2D SPACE',''
  ) );
#4201 = ORIENTED_EDGE('',*,*,#4202,.T.);
#4202 = EDGE_CURVE('',#4158,#3758,#4203,.T.);
#4203 = SURFACE_CURVE('',#4204,(#4216,#4223),.PCURVE_S1.);
#4204 = B_SPLINE_CURVE_WITH_KNOTS('',10,(#4205,#4206,#4207,#4208,#4209,
    #4210,#4211,#4212,#4213,#4214,#4215),.UNSPECIFIED.,.F.,.F.,(11,11),(
    0.,6.303048278758),.PIECEWISE_BEZIER_KNOTS.);
#4205 = CARTESIAN_POINT('',(13.,-5.6E-16,-0.9375));
#4206 = CARTESIAN_POINT('',(13.000000805976,0.942482042061,
    -0.887500154747));
#4207 = CARTESIAN_POINT('',(12.342180217968,1.88490053282,
    -0.837502960968));
#4208 = CARTESIAN_POINT('',(11.02493752388,2.308307351446,
    -0.787491857919));
#4209 = CARTESIAN_POINT('',(9.520847274645,1.714909336101,
    -0.737508459097));
#4210 = CARTESIAN_POINT('',(8.724103861559,-1.226329071669E-05,
    -0.687500055858));
#4211 = CARTESIAN_POINT('',(9.520757657148,-1.714891257779,
    -0.637491653627));
#4212 = CARTESIAN_POINT('',(11.02502385859,-2.308314284812,
    -0.587508254144));
#4213 = CARTESIAN_POINT('',(12.342150223011,-1.884899404424,
    -0.537497151356));
#4214 = CARTESIAN_POINT('',(12.99999978247,-0.942482036221,
    -0.487499957532));
#4215 = CARTESIAN_POINT('',(13.000000584779,5.83965709E-09,
    -0.437500112276));
#4216 = PCURVE('',#3772,#4217);
#4217 = DEFINITIONAL_REPRESENTATION('',(#4218),#4222);
#4218 = LINE('',#4219,#4220);
#4219 = CARTESIAN_POINT('',(0.3125,0.));
#4220 = VECTOR('',#4221,1.);
#4221 = DIRECTION('',(0.,1.));
#4222 = ( GEOMETRIC_REPRESENTATION_CONTEXT(2) 
PARAMETRIC_REPRESENTATION_CONTEXT() REPRESENTATION_CONTEXT('2D SPACE',''
  ) );
#4223 = PCURVE('',#3869,#4224);
#4224 = DEFINITIONAL_REPRESENTATION('',(#4225),#4228);
#4225 = B_SPLINE_CURVE_WITH_KNOTS('',1,(#4226,#4227),.UNSPECIFIED.,.F.,
  .F.,(2,2),(0.,6.303048278758),.PIECEWISE_BEZIER_KNOTS.);
#4226 = CARTESIAN_POINT('',(0.,0.));
#4227 = CARTESIAN_POINT('',(0.,6.303048278758));
#4228 = ( GEOMETRIC_REPRESENTATION_CONTEXT(2) 
PARAMETRIC_REPRESENTATION_CONTEXT() REPRESENTATION_CONTEXT('2D SPACE',''
  ) );
#4229 = ORIENTED_EDGE('',*,*,#3757,.F.);
#4230 = ADVANCED_FACE('',(#4231),#3869,.T.);
#4231 = FACE_BOUND('',#4232,.T.);
#4232 = EDGE_LOOP('',(#4233,#4234,#4279,#4308));
#4233 = ORIENTED_EDGE('',*,*,#4202,.F.);
#4234 = ORIENTED_EDGE('',*,*,#4235,.T.);
#4235 = EDGE_CURVE('',#4158,#4236,#4238,.T.);
#4236 = VERTEX_POINT('',#4237);
#4237 = CARTESIAN_POINT('',(12.999999473699,2.919909E-09,-1.00000005614)
  );
#4238 = SURFACE_CURVE('',#4239,(#4242,#4249),.PCURVE_S1.);
#4239 = B_SPLINE_CURVE_WITH_KNOTS('',1,(#4240,#4241),.UNSPECIFIED.,.F.,
  .F.,(2,2),(0.,6.25E-02),.PIECEWISE_BEZIER_KNOTS.);
#4240 = CARTESIAN_POINT('',(13.,-1.46E-15,-0.9375));
#4241 = CARTESIAN_POINT('',(13.,9.9E-16,-1.));
#4242 = PCURVE('',#3869,#4243);
#4243 = DEFINITIONAL_REPRESENTATION('',(#4244),#4248);
#4244 = LINE('',#4245,#4246);
#4245 = CARTESIAN_POINT('',(0.,0.));
#4246 = VECTOR('',#4247,1.);
#4247 = DIRECTION('',(1.,0.));
#4248 = ( GEOMETRIC_REPRESENTATION_CONTEXT(2) 
PARAMETRIC_REPRESENTATION_CONTEXT() REPRESENTATION_CONTEXT('2D SPACE',''
  ) );
#4249 = PCURVE('',#4250,#4273);
#4250 = B_SPLINE_SURFACE_WITH_KNOTS('',1,10,(
    (#4251,#4252,#4253,#4254,#4255,#4256,#4257,#4258,#4259,#4260,#4261)
    ,(#4262,#4263,#4264,#4265,#4266,#4267,#4268,#4269,#4270,#4271,#4272
    )),.UNSPECIFIED.,.F.,.F.,.F.,(2,2),(11,11),(0.,6.25E-02),(0.,
    6.303048278758),.PIECEWISE_BEZIER_KNOTS.);
#4251 = CARTESIAN_POINT('',(13.,-1.46E-15,-1.4375));
#4252 = CARTESIAN_POINT('',(13.000000805976,0.942482042061,
    -1.387500154747));
#4253 = CARTESIAN_POINT('',(12.342180217968,1.88490053282,
    -1.337502960968));
#4254 = CARTESIAN_POINT('',(11.02493752388,2.308307351446,
    -1.287491857919));
#4255 = CARTESIAN_POINT('',(9.520847274645,1.714909336101,
    -1.237508459097));
#4256 = CARTESIAN_POINT('',(8.72410386156,-1.226329080994E-05,
    -1.187500055858));
#4257 = CARTESIAN_POINT('',(9.520757657148,-1.714891257779,
    -1.137491653627));
#4258 = CARTESIAN_POINT('',(11.02502385859,-2.308314284812,
    -1.087508254144));
#4259 = CARTESIAN_POINT('',(12.342150223011,-1.884899404424,
    -1.037497151356));
#4260 = CARTESIAN_POINT('',(12.99999978247,-0.942482036221,
    -0.987499957532));
#4261 = CARTESIAN_POINT('',(13.000000584779,5.83965796E-09,
    -0.937500112276));
#4262 = CARTESIAN_POINT('',(13.,9.9E-16,-1.5));
#4263 = CARTESIAN_POINT('',(13.000001128367,0.94248211553,
    -1.450000154747));
#4264 = CARTESIAN_POINT('',(12.342186284101,1.884900904938,
    -1.400002960966));
#4265 = CARTESIAN_POINT('',(11.024920221652,2.308306144833,
    -1.349991857908));
#4266 = CARTESIAN_POINT('',(9.520865045263,1.714913087294,
    -1.300008459153));
#4267 = CARTESIAN_POINT('',(8.724103644986,-1.716644223348E-05,
    -1.250000055746));
#4268 = CARTESIAN_POINT('',(9.520739578105,-1.714887774566,
    -1.199991653748));
#4269 = CARTESIAN_POINT('',(11.025041086644,-2.308315850802,
    -1.150008254069));
#4270 = CARTESIAN_POINT('',(12.342144288229,-1.884899326496,
    -1.099997151377));
#4271 = CARTESIAN_POINT('',(12.999999693991,-0.94248210969,
    -1.049999957533));
#4272 = CARTESIAN_POINT('',(13.00000081869,5.83963466E-09,
    -1.000000112276));
#4273 = DEFINITIONAL_REPRESENTATION('',(#4274),#4278);
#4274 = LINE('',#4275,#4276);
#4275 = CARTESIAN_POINT('',(0.,6.303048278758));
#4276 = VECTOR('',#4277,1.);
#4277 = DIRECTION('',(1.,0.));
#4278 = ( GEOMETRIC_REPRESENTATION_CONTEXT(2) 
PARAMETRIC_REPRESENTATION_CONTEXT() REPRESENTATION_CONTEXT('2D SPACE',''
  ) );
#4279 = ORIENTED_EDGE('',*,*,#4280,.T.);
#4280 = EDGE_CURVE('',#4236,#3855,#4281,.T.);
#4281 = SURFACE_CURVE('',#4282,(#4294,#4301),.PCURVE_S1.);
#4282 = B_SPLINE_CURVE_WITH_KNOTS('',10,(#4283,#4284,#4285,#4286,#4287,
    #4288,#4289,#4290,#4291,#4292,#4293),.UNSPECIFIED.,.F.,.F.,(11,11),(
    0.,6.303048278758),.PIECEWISE_BEZIER_KNOTS.);
#4283 = CARTESIAN_POINT('',(13.,9.9E-16,-1.));
#4284 = CARTESIAN_POINT('',(13.000001128367,0.94248211553,
    -0.950000154747));
#4285 = CARTESIAN_POINT('',(12.342186284101,1.884900904938,
    -0.900002960966));
#4286 = CARTESIAN_POINT('',(11.024920221652,2.308306144833,
    -0.849991857908));
#4287 = CARTESIAN_POINT('',(9.520865045263,1.714913087294,
    -0.800008459153));
#4288 = CARTESIAN_POINT('',(8.724103644986,-1.716644223348E-05,
    -0.750000055746));
#4289 = CARTESIAN_POINT('',(9.520739578105,-1.714887774566,
    -0.699991653748));
#4290 = CARTESIAN_POINT('',(11.025041086644,-2.308315850802,
    -0.650008254069));
#4291 = CARTESIAN_POINT('',(12.342144288229,-1.884899326496,
    -0.599997151377));
#4292 = CARTESIAN_POINT('',(12.999999693991,-0.94248210969,
    -0.549999957533));
#4293 = CARTESIAN_POINT('',(13.00000081869,5.83963466E-09,
    -0.500000112276));
#4294 = PCURVE('',#3869,#4295);
#4295 = DEFINITIONAL_REPRESENTATION('',(#4296),#4300);
#4296 = LINE('',#4297,#4298);
#4297 = CARTESIAN_POINT('',(6.25E-02,0.));
#4298 = VECTOR('',#4299,1.);
#4299 = DIRECTION('',(0.,1.));
#4300 = ( GEOMETRIC_REPRESENTATION_CONTEXT(2) 
PARAMETRIC_REPRESENTATION_CONTEXT() REPRESENTATION_CONTEXT('2D SPACE',''
  ) );
#4301 = PCURVE('',#3948,#4302);
#4302 = DEFINITIONAL_REPRESENTATION('',(#4303),#4307);
#4303 = LINE('',#4304,#4305);
#4304 = CARTESIAN_POINT('',(0.,0.));
#4305 = VECTOR('',#4306,1.);
#4306 = DIRECTION('',(0.,1.));
#4307 = ( GEOMETRIC_REPRESENTATION_CONTEXT(2) 
PARAMETRIC_REPRESENTATION_CONTEXT() REPRESENTATION_CONTEXT('2D SPACE',''
  ) );
#4308 = ORIENTED_EDGE('',*,*,#3854,.F.);
#4309 = ADVANCED_FACE('',(#4310),#3948,.T.);
#4310 = FACE_BOUND('',#4311,.T.);
#4311 = EDGE_LOOP('',(#4312,#4313,#4358,#4386));
#4312 = ORIENTED_EDGE('',*,*,#4280,.F.);
#4313 = ORIENTED_EDGE('',*,*,#4314,.T.);
#4314 = EDGE_CURVE('',#4236,#4315,#4317,.T.);
#4315 = VERTEX_POINT('',#4316);
#4316 = CARTESIAN_POINT('',(12.729366593497,5.8520358E-08,
    -1.156251125144));
#4317 = SURFACE_CURVE('',#4318,(#4321,#4328),.PCURVE_S1.);
#4318 = B_SPLINE_CURVE_WITH_KNOTS('',1,(#4319,#4320),.UNSPECIFIED.,.F.,
  .F.,(2,2),(0.,0.3125),.PIECEWISE_BEZIER_KNOTS.);
#4319 = CARTESIAN_POINT('',(12.999998947399,5.83981767E-09,
    -1.000000112279));
#4320 = CARTESIAN_POINT('',(12.729366593497,5.852035727E-08,
    -1.156251125144));
#4321 = PCURVE('',#3948,#4322);
#4322 = DEFINITIONAL_REPRESENTATION('',(#4323),#4327);
#4323 = LINE('',#4324,#4325);
#4324 = CARTESIAN_POINT('',(0.,0.));
#4325 = VECTOR('',#4326,1.);
#4326 = DIRECTION('',(1.,0.));
#4327 = ( GEOMETRIC_REPRESENTATION_CONTEXT(2) 
PARAMETRIC_REPRESENTATION_CONTEXT() REPRESENTATION_CONTEXT('2D SPACE',''
  ) );
#4328 = PCURVE('',#4329,#4352);
#4329 = B_SPLINE_SURFACE_WITH_KNOTS('',1,10,(
    (#4330,#4331,#4332,#4333,#4334,#4335,#4336,#4337,#4338,#4339,#4340)
    ,(#4341,#4342,#4343,#4344,#4345,#4346,#4347,#4348,#4349,#4350,#4351
    )),.UNSPECIFIED.,.F.,.F.,.F.,(2,2),(11,11),(0.,0.3125),(0.,
    6.303048278758),.PIECEWISE_BEZIER_KNOTS.);
#4330 = CARTESIAN_POINT('',(13.,1.04E-15,-1.5));
#4331 = CARTESIAN_POINT('',(12.999998549242,0.942481527773,
    -1.450000154747));
#4332 = CARTESIAN_POINT('',(12.342137755035,1.884897927994,
    -1.400002960982));
#4333 = CARTESIAN_POINT('',(11.025058639477,2.30831579774,
    -1.349991857995));
#4334 = CARTESIAN_POINT('',(9.520722880316,1.71488307775,-1.300008458702
    ));
#4335 = CARTESIAN_POINT('',(8.724105377576,2.205876887018E-05,
    -1.250000056644));
#4336 = CARTESIAN_POINT('',(9.520884210451,-1.714915640266,
    -1.199991652773));
#4337 = CARTESIAN_POINT('',(11.024903262209,-2.308303322877,
    -1.150008254668));
#4338 = CARTESIAN_POINT('',(12.342191766491,-1.884899949923,
    -1.099997151211));
#4339 = CARTESIAN_POINT('',(13.000000401825,-0.942481521934,
    -1.049999957527));
#4340 = CARTESIAN_POINT('',(12.999998947399,5.83981767E-09,
    -1.000000112279));
#4341 = CARTESIAN_POINT('',(12.729367061317,-6.2E-16,-1.65625));
#4342 = CARTESIAN_POINT('',(12.729366416536,0.772474667544,
    -1.60625155074));
#4343 = CARTESIAN_POINT('',(12.190181709836,1.544524758362,
    -1.556279672206));
#4344 = CARTESIAN_POINT('',(11.110833561861,1.892517108095,
    -1.506168407703));
#4345 = CARTESIAN_POINT('',(9.877611517613,1.404841839361,
    -1.456334767911));
#4346 = CARTESIAN_POINT('',(9.225251982551,9.75207505949E-06,
    -1.406250562796));
#4347 = CARTESIAN_POINT('',(9.877683283657,-1.404856385268,
    -1.356166356875));
#4348 = CARTESIAN_POINT('',(11.110764591517,-1.892511581469,
    -1.306332717612));
#4349 = CARTESIAN_POINT('',(12.190205785161,-1.544525625589,
    -1.2562214529));
#4350 = CARTESIAN_POINT('',(12.729367275034,-0.772474609024,
    -1.206249574402));
#4351 = CARTESIAN_POINT('',(12.729366593497,5.852035727E-08,
    -1.156251125144));
#4352 = DEFINITIONAL_REPRESENTATION('',(#4353),#4357);
#4353 = LINE('',#4354,#4355);
#4354 = CARTESIAN_POINT('',(0.,6.303048278758));
#4355 = VECTOR('',#4356,1.);
#4356 = DIRECTION('',(1.,0.));
#4357 = ( GEOMETRIC_REPRESENTATION_CONTEXT(2) 
PARAMETRIC_REPRESENTATION_CONTEXT() REPRESENTATION_CONTEXT('2D SPACE',''
  ) );
#4358 = ORIENTED_EDGE('',*,*,#4359,.T.);
#4359 = EDGE_CURVE('',#4315,#3934,#4360,.T.);
#4360 = SURFACE_CURVE('',#4361,(#4373,#4380),.PCURVE_S1.);
#4361 = B_SPLINE_CURVE_WITH_KNOTS('',10,(#4362,#4363,#4364,#4365,#4366,
    #4367,#4368,#4369,#4370,#4371,#4372),.UNSPECIFIED.,.F.,.F.,(11,11),(
    0.,6.303048278758),.PIECEWISE_BEZIER_KNOTS.);
#4362 = CARTESIAN_POINT('',(12.729367061317,-6.2E-16,-1.15625));
#4363 = CARTESIAN_POINT('',(12.729366416536,0.772474667544,
    -1.10625155074));
#4364 = CARTESIAN_POINT('',(12.190181709836,1.544524758362,
    -1.056279672206));
#4365 = CARTESIAN_POINT('',(11.110833561861,1.892517108095,
    -1.006168407703));
#4366 = CARTESIAN_POINT('',(9.877611517613,1.404841839361,
    -0.956334767911));
#4367 = CARTESIAN_POINT('',(9.225251982551,9.75207505949E-06,
    -0.906250562796));
#4368 = CARTESIAN_POINT('',(9.877683283657,-1.404856385268,
    -0.856166356875));
#4369 = CARTESIAN_POINT('',(11.110764591517,-1.892511581469,
    -0.806332717612));
#4370 = CARTESIAN_POINT('',(12.190205785161,-1.544525625589,
    -0.7562214529));
#4371 = CARTESIAN_POINT('',(12.729367275034,-0.772474609024,
    -0.706249574402));
#4372 = CARTESIAN_POINT('',(12.729366593497,5.852035727E-08,
    -0.656251125144));
#4373 = PCURVE('',#3948,#4374);
#4374 = DEFINITIONAL_REPRESENTATION('',(#4375),#4379);
#4375 = LINE('',#4376,#4377);
#4376 = CARTESIAN_POINT('',(0.3125,0.));
#4377 = VECTOR('',#4378,1.);
#4378 = DIRECTION('',(0.,1.));
#4379 = ( GEOMETRIC_REPRESENTATION_CONTEXT(2) 
PARAMETRIC_REPRESENTATION_CONTEXT() REPRESENTATION_CONTEXT('2D SPACE',''
  ) );
#4380 = PCURVE('',#4031,#4381);
#4381 = DEFINITIONAL_REPRESENTATION('',(#4382),#4385);
#4382 = B_SPLINE_CURVE_WITH_KNOTS('',1,(#4383,#4384),.UNSPECIFIED.,.F.,
  .F.,(2,2),(0.,6.303048278758),.PIECEWISE_BEZIER_KNOTS.);
#4383 = CARTESIAN_POINT('',(0.,0.));
#4384 = CARTESIAN_POINT('',(0.,6.303048278758));
#4385 = ( GEOMETRIC_REPRESENTATION_CONTEXT(2) 
PARAMETRIC_REPRESENTATION_CONTEXT() REPRESENTATION_CONTEXT('2D SPACE',''
  ) );
#4386 = ORIENTED_EDGE('',*,*,#3933,.F.);
#4387 = ADVANCED_FACE('',(#4388),#4031,.T.);
#4388 = FACE_BOUND('',#4389,.T.);
#4389 = EDGE_LOOP('',(#4390,#4391,#4503,#4532));
#4390 = ORIENTED_EDGE('',*,*,#4359,.F.);
#4391 = ORIENTED_EDGE('',*,*,#4392,.T.);
#4392 = EDGE_CURVE('',#4315,#4393,#4395,.T.);
#4393 = VERTEX_POINT('',#4394);
#4394 = CARTESIAN_POINT('',(12.729367061319,5.8520312E-08,
    -1.281251125144));
#4395 = SURFACE_CURVE('',#4396,(#4404,#4411),.PCURVE_S1.);
#4396 = ( BOUNDED_CURVE() B_SPLINE_CURVE(6,(#4397,#4398,#4399,#4400,
#4401,#4402,#4403),.UNSPECIFIED.,.F.,.F.) B_SPLINE_CURVE_WITH_KNOTS((7,7
),(0.,2.094395102393),.PIECEWISE_BEZIER_KNOTS.) CURVE() 
GEOMETRIC_REPRESENTATION_ITEM() RATIONAL_B_SPLINE_CURVE((1.056590953773,
    1.017435169568,0.996326512422,0.989390034249,0.996326512422,
1.017435169568,1.056590953773)) REPRESENTATION_ITEM('') );
#4397 = CARTESIAN_POINT('',(12.729366593497,5.852035787E-08,
    -1.156251125144));
#4398 = CARTESIAN_POINT('',(12.706710993838,6.293043361E-08,
    -1.16933145476));
#4399 = CARTESIAN_POINT('',(12.690745576385,6.60382207E-08,
    -1.191470252644));
#4400 = CARTESIAN_POINT('',(12.68497508281,6.716149847E-08,
    -1.218751291284));
#4401 = CARTESIAN_POINT('',(12.690745780588,6.603820094E-08,
    -1.24603228673));
#4402 = CARTESIAN_POINT('',(12.706711363753,6.29303967E-08,
    -1.268170965109));
#4403 = CARTESIAN_POINT('',(12.729367061319,5.852031226E-08,
    -1.281251125144));
#4404 = PCURVE('',#4031,#4405);
#4405 = DEFINITIONAL_REPRESENTATION('',(#4406),#4410);
#4406 = LINE('',#4407,#4408);
#4407 = CARTESIAN_POINT('',(0.,0.));
#4408 = VECTOR('',#4409,1.);
#4409 = DIRECTION('',(1.,0.));
#4410 = ( GEOMETRIC_REPRESENTATION_CONTEXT(2) 
PARAMETRIC_REPRESENTATION_CONTEXT() REPRESENTATION_CONTEXT('2D SPACE',''
  ) );
#4411 = PCURVE('',#4412,#4497);
#4412 = ( BOUNDED_SURFACE() B_SPLINE_SURFACE(6,11,(
    (#4413,#4414,#4415,#4416,#4417,#4418,#4419,#4420,#4421,#4422,#4423
      ,#4424)
    ,(#4425,#4426,#4427,#4428,#4429,#4430,#4431,#4432,#4433,#4434,#4435
      ,#4436)
    ,(#4437,#4438,#4439,#4440,#4441,#4442,#4443,#4444,#4445,#4446,#4447
      ,#4448)
    ,(#4449,#4450,#4451,#4452,#4453,#4454,#4455,#4456,#4457,#4458,#4459
      ,#4460)
    ,(#4461,#4462,#4463,#4464,#4465,#4466,#4467,#4468,#4469,#4470,#4471
      ,#4472)
    ,(#4473,#4474,#4475,#4476,#4477,#4478,#4479,#4480,#4481,#4482,#4483
      ,#4484)
    ,(#4485,#4486,#4487,#4488,#4489,#4490,#4491,#4492,#4493,#4494,#4495
,#4496
    )),.UNSPECIFIED.,.F.,.F.,.F.) B_SPLINE_SURFACE_WITH_KNOTS((7,7),(12,
    12),(0.,2.094395102393),(0.,6.303048278758),
.PIECEWISE_BEZIER_KNOTS.) GEOMETRIC_REPRESENTATION_ITEM() 
RATIONAL_B_SPLINE_SURFACE((
    (1.056590953773,1.056590953773,1.056590953773,1.056590953773
      ,1.056590953773,1.056590953773,1.056590953773,1.056590953773
      ,1.056590953773,1.056590953773,1.056590953773,1.056590953773)
    ,(1.017435169568,1.017435169568,1.017435169568,1.017435169568
      ,1.017435169569,1.017435169567,1.017435169569,1.017435169567
      ,1.017435169569,1.017435169568,1.017435169568,1.017435169568)
    ,(0.996326512422,0.996326512422,0.996326512422,0.996326512422
      ,0.996326512422,0.996326512422,0.996326512422,0.996326512422
      ,0.996326512422,0.996326512422,0.996326512422,0.996326512422)
    ,(0.989390034249,0.989390034249,0.989390034249,0.989390034248
      ,0.989390034249,0.989390034248,0.989390034249,0.989390034248
      ,0.989390034249,0.989390034249,0.989390034249,0.989390034249)
    ,(0.996326512422,0.996326512422,0.996326512422,0.996326512422
      ,0.996326512423,0.996326512422,0.996326512423,0.996326512422
      ,0.996326512422,0.996326512422,0.996326512422,0.996326512422)
    ,(1.017435169568,1.017435169568,1.017435169568,1.017435169568
      ,1.017435169568,1.017435169568,1.017435169568,1.017435169568
      ,1.017435169568,1.017435169568,1.017435169568,1.017435169568)
    ,(1.056590953773,1.056590953773,1.056590953773,1.056590953773
      ,1.056590953773,1.056590953773,1.056590953773,1.056590953773
      ,1.056590953773,1.056590953773,1.056590953773,1.056590953773
))) REPRESENTATION_ITEM('') SURFACE() );
#4413 = CARTESIAN_POINT('',(12.729367061317,-8.9E-16,-1.65625));
#4414 = CARTESIAN_POINT('',(12.729366475153,0.702249697767,
    -1.610796864309));
#4415 = CARTESIAN_POINT('',(12.288215292872,1.404152014577,
    -1.565365468303));
#4416 = CARTESIAN_POINT('',(11.405228126135,1.799593725218,
    -1.519764593877));
#4417 = CARTESIAN_POINT('',(10.325950267665,1.57438550159,
    -1.474733143471));
#4418 = CARTESIAN_POINT('',(9.521967668362,0.65248550448,-1.428521374864
    ));
#4419 = CARTESIAN_POINT('',(9.521623040452,-0.652481477629,
    -1.383979750362));
#4420 = CARTESIAN_POINT('',(10.326182116191,-1.574392748394,
    -1.337767981508));
#4421 = CARTESIAN_POINT('',(11.405130756775,-1.79958994237,
    -1.292736531381));
#4422 = CARTESIAN_POINT('',(12.288235146956,-1.404152713486,
    -1.247135656809));
#4423 = CARTESIAN_POINT('',(12.729367213076,-0.702249639247,
    -1.201704260833));
#4424 = CARTESIAN_POINT('',(12.729366593497,5.852035787E-08,
    -1.156251125144));
#4425 = CARTESIAN_POINT('',(12.706711412705,-9.4E-16,-1.669330244825));
#4426 = CARTESIAN_POINT('',(12.706710887878,0.689311624436,
    -1.623877215373));
#4427 = CARTESIAN_POINT('',(12.273688183304,1.378251248192,
    -1.578447563906));
#4428 = CARTESIAN_POINT('',(11.406978207997,1.766508676863,
    -1.53283566216));
#4429 = CARTESIAN_POINT('',(10.347584688725,1.545207894049,
    -1.487836096092));
#4430 = CARTESIAN_POINT('',(9.558411450456,0.640693720037,
    -1.441567263358));
#4431 = CARTESIAN_POINT('',(9.558102890851,-0.640690131518,-1.3970944363
    ));
#4432 = CARTESIAN_POINT('',(10.347792289543,-1.545214392582,
    -1.350825603345));
#4433 = CARTESIAN_POINT('',(11.40689104302,-1.766505290677,
    -1.305826037527));
#4434 = CARTESIAN_POINT('',(12.273705971844,-1.378251867211,
    -1.260214135651));
#4435 = CARTESIAN_POINT('',(12.706711554598,-0.689311561506,
    -1.21478448421));
#4436 = CARTESIAN_POINT('',(12.706710993838,6.293043361E-08,
    -1.16933145476));
#4437 = CARTESIAN_POINT('',(12.690745912395,1.22E-15,-1.691468982957));
#4438 = CARTESIAN_POINT('',(12.690745491383,0.680194141001,
    -1.646016028373));
#4439 = CARTESIAN_POINT('',(12.263451925878,1.359998969821,
    -1.600587606286));
#4440 = CARTESIAN_POINT('',(11.408206456915,1.743193388315,
    -1.55496793356));
#4441 = CARTESIAN_POINT('',(10.362842483049,1.524646753448,
    -1.509990836458));
#4442 = CARTESIAN_POINT('',(9.584075635439,0.632383815438,
    -1.463681790518));
#4443 = CARTESIAN_POINT('',(9.583828120218,-0.632380961802,
    -1.419257445142));
#4444 = CARTESIAN_POINT('',(10.363009038308,-1.52465198135,
    -1.372948399024));
#4445 = CARTESIAN_POINT('',(11.408136556791,-1.743190673158,
    -1.327971302122));
#4446 = CARTESIAN_POINT('',(12.263466213444,-1.359999456416,
    -1.282351629292));
#4447 = CARTESIAN_POINT('',(12.690746035103,-0.680194074963,
    -1.236923207227));
#4448 = CARTESIAN_POINT('',(12.690745576385,6.60382207E-08,
    -1.191470252644));
#4449 = CARTESIAN_POINT('',(12.684975316719,-1.4E-16,-1.71875));
#4450 = CARTESIAN_POINT('',(12.684975023637,0.676898723975,
    -1.673297072476));
#4451 = CARTESIAN_POINT('',(12.25975366587,1.353401935503,
    -1.627869094738));
#4452 = CARTESIAN_POINT('',(11.408642878931,1.73476603417,
    -1.582246613264));
#4453 = CARTESIAN_POINT('',(10.368375123567,1.517215703287,
    -1.53727763735));
#4454 = CARTESIAN_POINT('',(9.593325101967,0.629379971356,
    -1.490954056757));
#4455 = CARTESIAN_POINT('',(9.593152808743,-0.62937801894,
    -1.446547234568));
#4456 = CARTESIAN_POINT('',(10.368491095967,-1.517219362841,
    -1.400223653851));
#4457 = CARTESIAN_POINT('',(11.408594249883,-1.734764145693,
    -1.355254678077));
#4458 = CARTESIAN_POINT('',(12.259763636185,-1.353402260651,
    -1.30963219653));
#4459 = CARTESIAN_POINT('',(12.684975414241,-0.676898656813,
    -1.264204218807));
#4460 = CARTESIAN_POINT('',(12.68497508281,6.716149847E-08,
    -1.218751291284));
#4461 = CARTESIAN_POINT('',(12.690745912395,1.9E-16,-1.746031017043));
#4462 = CARTESIAN_POINT('',(12.690745747242,0.680194199309,
    -1.700578062459));
#4463 = CARTESIAN_POINT('',(12.263456309886,1.359999247274,
    -1.65514964037));
#4464 = CARTESIAN_POINT('',(11.408185179577,1.743192710825,
    -1.609529967663));
#4465 = CARTESIAN_POINT('',(10.362892969892,1.524648454363,
    -1.564552870478));
#4466 = CARTESIAN_POINT('',(9.584000249732,0.632382969166,
    -1.518243824741));
#4467 = CARTESIAN_POINT('',(9.583903177282,-0.632381914354,
    -1.473819479055));
#4468 = CARTESIAN_POINT('',(10.362958356576,-1.524650543427,
    -1.427510433248));
#4469 = CARTESIAN_POINT('',(11.408157818309,-1.743191648853,
    -1.382533336142));
#4470 = CARTESIAN_POINT('',(12.263461960383,-1.359999412416,
    -1.336913663393));
#4471 = CARTESIAN_POINT('',(12.690745983447,-0.680194133271,
    -1.291485241313));
#4472 = CARTESIAN_POINT('',(12.690745780588,6.603820094E-08,
    -1.24603228673));
#4473 = CARTESIAN_POINT('',(12.706711412705,9.7E-16,-1.768169755175));
#4474 = CARTESIAN_POINT('',(12.706711351367,0.689311730061,
    -1.722716725723));
#4475 = CARTESIAN_POINT('',(12.273696124966,1.3782517508,-1.677287074253
    ));
#4476 = CARTESIAN_POINT('',(11.406939663948,1.766507449584,
    -1.63167517254));
#4477 = CARTESIAN_POINT('',(10.347676145997,1.545210975269,
    -1.586675606322));
#4478 = CARTESIAN_POINT('',(9.558274888716,0.64069218701,-1.540406773956
    ));
#4479 = CARTESIAN_POINT('',(9.558238857252,-0.640691857074,
    -1.495933946337));
#4480 = CARTESIAN_POINT('',(10.347700479227,-1.545211787773,
    -1.449665113944));
#4481 = CARTESIAN_POINT('',(11.406929558411,-1.766507058156,
    -1.404665547756));
#4482 = CARTESIAN_POINT('',(12.273698267393,-1.378251787504,
    -1.359053646028));
#4483 = CARTESIAN_POINT('',(12.706711461023,-0.689311667131,
    -1.313623994561));
#4484 = CARTESIAN_POINT('',(12.706711363753,6.29303967E-08,
    -1.268170965109));
#4485 = CARTESIAN_POINT('',(12.729367061317,-1.11E-15,-1.78125));
#4486 = CARTESIAN_POINT('',(12.729367061317,0.702249831348,
    -1.735796864309));
#4487 = CARTESIAN_POINT('',(12.288225336505,1.404152650213,-1.6903654683
    ));
#4488 = CARTESIAN_POINT('',(11.405179380384,1.799592173108,
    -1.644764593915));
#4489 = CARTESIAN_POINT('',(10.326065931524,1.574389398336,
    -1.599733143319));
#4490 = CARTESIAN_POINT('',(9.521794961946,0.652483565697,
    -1.553521375178));
#4491 = CARTESIAN_POINT('',(9.521794993958,-0.652483659898,
    -1.508979749966));
#4492 = CARTESIAN_POINT('',(10.326066005847,-1.574389454154,
    -1.462767981824));
#4493 = CARTESIAN_POINT('',(11.405179466282,-1.799592177659,
    -1.417736531229));
#4494 = CARTESIAN_POINT('',(12.288225403319,-1.404152612683,
    -1.372135656843));
#4495 = CARTESIAN_POINT('',(12.729367094734,-0.702249772828,
    -1.326704260835));
#4496 = CARTESIAN_POINT('',(12.729367061319,5.852031226E-08,
    -1.281251125144));
#4497 = DEFINITIONAL_REPRESENTATION('',(#4498),#4502);
#4498 = LINE('',#4499,#4500);
#4499 = CARTESIAN_POINT('',(0.,6.303048278758));
#4500 = VECTOR('',#4501,1.);
#4501 = DIRECTION('',(1.,0.));
#4502 = ( GEOMETRIC_REPRESENTATION_CONTEXT(2) 
PARAMETRIC_REPRESENTATION_CONTEXT() REPRESENTATION_CONTEXT('2D SPACE',''
  ) );
#4503 = ORIENTED_EDGE('',*,*,#4504,.T.);
#4504 = EDGE_CURVE('',#4393,#4012,#4505,.T.);
#4505 = SURFACE_CURVE('',#4506,(#4519,#4526),.PCURVE_S1.);
#4506 = ( BOUNDED_CURVE() B_SPLINE_CURVE(11,(#4507,#4508,#4509,#4510,
    #4511,#4512,#4513,#4514,#4515,#4516,#4517,#4518),.UNSPECIFIED.,.F.,
.F.) B_SPLINE_CURVE_WITH_KNOTS((12,12),(0.,6.303048278758),
.PIECEWISE_BEZIER_KNOTS.) CURVE() GEOMETRIC_REPRESENTATION_ITEM() 
RATIONAL_B_SPLINE_CURVE((1.056590953773,1.056590953773,1.056590953773,
    1.056590953773,1.056590953773,1.056590953773,1.056590953773,
    1.056590953773,1.056590953773,1.056590953773,1.056590953773,
1.056590953773)) REPRESENTATION_ITEM('') );
#4507 = CARTESIAN_POINT('',(12.729367061317,-1.11E-15,-1.28125));
#4508 = CARTESIAN_POINT('',(12.729367061317,0.702249831348,
    -1.235796864309));
#4509 = CARTESIAN_POINT('',(12.288225336505,1.404152650213,-1.1903654683
    ));
#4510 = CARTESIAN_POINT('',(11.405179380384,1.799592173108,
    -1.144764593915));
#4511 = CARTESIAN_POINT('',(10.326065931524,1.574389398336,
    -1.099733143319));
#4512 = CARTESIAN_POINT('',(9.521794961946,0.652483565697,
    -1.053521375178));
#4513 = CARTESIAN_POINT('',(9.521794993958,-0.652483659898,
    -1.008979749966));
#4514 = CARTESIAN_POINT('',(10.326066005847,-1.574389454154,
    -0.962767981824));
#4515 = CARTESIAN_POINT('',(11.405179466282,-1.799592177659,
    -0.917736531229));
#4516 = CARTESIAN_POINT('',(12.288225403319,-1.404152612683,
    -0.872135656843));
#4517 = CARTESIAN_POINT('',(12.729367094734,-0.702249772828,
    -0.826704260835));
#4518 = CARTESIAN_POINT('',(12.729367061319,5.852031226E-08,
    -0.781251125144));
#4519 = PCURVE('',#4031,#4520);
#4520 = DEFINITIONAL_REPRESENTATION('',(#4521),#4525);
#4521 = LINE('',#4522,#4523);
#4522 = CARTESIAN_POINT('',(2.094395102393,0.));
#4523 = VECTOR('',#4524,1.);
#4524 = DIRECTION('',(0.,1.));
#4525 = ( GEOMETRIC_REPRESENTATION_CONTEXT(2) 
PARAMETRIC_REPRESENTATION_CONTEXT() REPRESENTATION_CONTEXT('2D SPACE',''
  ) );
#4526 = PCURVE('',#4172,#4527);
#4527 = DEFINITIONAL_REPRESENTATION('',(#4528),#4531);
#4528 = B_SPLINE_CURVE_WITH_KNOTS('',1,(#4529,#4530),.UNSPECIFIED.,.F.,
  .F.,(2,2),(0.,6.303048278758),.PIECEWISE_BEZIER_KNOTS.);
#4529 = CARTESIAN_POINT('',(0.,0.));
#4530 = CARTESIAN_POINT('',(0.,6.303048278758));
#4531 = ( GEOMETRIC_REPRESENTATION_CONTEXT(2) 
PARAMETRIC_REPRESENTATION_CONTEXT() REPRESENTATION_CONTEXT('2D SPACE',''
  ) );
#4532 = ORIENTED_EDGE('',*,*,#4011,.F.);
#4533 = ADVANCED_FACE('',(#4534),#4172,.T.);
#4534 = FACE_BOUND('',#4535,.T.);
#4535 = EDGE_LOOP('',(#4536,#4537,#4582,#4610));
#4536 = ORIENTED_EDGE('',*,*,#4504,.F.);
#4537 = ORIENTED_EDGE('',*,*,#4538,.T.);
#4538 = EDGE_CURVE('',#4393,#4539,#4541,.T.);
#4539 = VERTEX_POINT('',#4540);
#4540 = CARTESIAN_POINT('',(13.000000292389,2.919828E-09,-1.437500056138
    ));
#4541 = SURFACE_CURVE('',#4542,(#4545,#4552),.PCURVE_S1.);
#4542 = B_SPLINE_CURVE_WITH_KNOTS('',1,(#4543,#4544),.UNSPECIFIED.,.F.,
  .F.,(2,2),(0.,0.3125),.PIECEWISE_BEZIER_KNOTS.);
#4543 = CARTESIAN_POINT('',(12.729367061317,1.1E-16,-1.28125));
#4544 = CARTESIAN_POINT('',(13.,-5.6E-16,-1.4375));
#4545 = PCURVE('',#4172,#4546);
#4546 = DEFINITIONAL_REPRESENTATION('',(#4547),#4551);
#4547 = LINE('',#4548,#4549);
#4548 = CARTESIAN_POINT('',(0.,0.));
#4549 = VECTOR('',#4550,1.);
#4550 = DIRECTION('',(1.,0.));
#4551 = ( GEOMETRIC_REPRESENTATION_CONTEXT(2) 
PARAMETRIC_REPRESENTATION_CONTEXT() REPRESENTATION_CONTEXT('2D SPACE',''
  ) );
#4552 = PCURVE('',#4553,#4576);
#4553 = B_SPLINE_SURFACE_WITH_KNOTS('',1,10,(
    (#4554,#4555,#4556,#4557,#4558,#4559,#4560,#4561,#4562,#4563,#4564)
    ,(#4565,#4566,#4567,#4568,#4569,#4570,#4571,#4572,#4573,#4574,#4575
    )),.UNSPECIFIED.,.F.,.F.,.F.,(2,2),(11,11),(0.,0.3125),(0.,
    6.303048278758),.PIECEWISE_BEZIER_KNOTS.);
#4554 = CARTESIAN_POINT('',(12.729367061317,1.1E-16,-1.78125));
#4555 = CARTESIAN_POINT('',(12.729367061317,0.772474814483,
    -1.73125155074));
#4556 = CARTESIAN_POINT('',(12.190193842103,1.544525502598,
    -1.681279672202));
#4557 = CARTESIAN_POINT('',(11.110798957404,1.892514694868,
    -1.631168407681));
#4558 = CARTESIAN_POINT('',(9.87764705885,1.404849341747,-1.581334768024
    ));
#4559 = CARTESIAN_POINT('',(9.225251549403,-5.422788307E-08,
    -1.531250562572));
#4560 = CARTESIAN_POINT('',(9.877647125571,-1.404849418843,
    -1.481166357119));
#4561 = CARTESIAN_POINT('',(11.110799047625,-1.89251471345,
    -1.431332717462));
#4562 = CARTESIAN_POINT('',(12.190193915595,-1.544525469732,
    -1.381221452941));
#4563 = CARTESIAN_POINT('',(12.729367098075,-0.772474755963,
    -1.331249574404));
#4564 = CARTESIAN_POINT('',(12.729367061319,5.852031182E-08,
    -1.281251125144));
#4565 = CARTESIAN_POINT('',(13.,-5.6E-16,-1.9375));
#4566 = CARTESIAN_POINT('',(13.000000805976,0.942482042061,
    -1.887500154747));
#4567 = CARTESIAN_POINT('',(12.342180217968,1.88490053282,
    -1.837502960968));
#4568 = CARTESIAN_POINT('',(11.02493752388,2.308307351446,
    -1.787491857919));
#4569 = CARTESIAN_POINT('',(9.520847274645,1.714909336101,
    -1.737508459097));
#4570 = CARTESIAN_POINT('',(8.724103861559,-1.226329071669E-05,
    -1.687500055858));
#4571 = CARTESIAN_POINT('',(9.520757657148,-1.714891257779,
    -1.637491653627));
#4572 = CARTESIAN_POINT('',(11.02502385859,-2.308314284812,
    -1.587508254144));
#4573 = CARTESIAN_POINT('',(12.342150223011,-1.884899404424,
    -1.537497151356));
#4574 = CARTESIAN_POINT('',(12.99999978247,-0.942482036221,
    -1.487499957532));
#4575 = CARTESIAN_POINT('',(13.000000584779,5.83965709E-09,
    -1.437500112276));
#4576 = DEFINITIONAL_REPRESENTATION('',(#4577),#4581);
#4577 = LINE('',#4578,#4579);
#4578 = CARTESIAN_POINT('',(0.,6.303048278758));
#4579 = VECTOR('',#4580,1.);
#4580 = DIRECTION('',(1.,0.));
#4581 = ( GEOMETRIC_REPRESENTATION_CONTEXT(2) 
PARAMETRIC_REPRESENTATION_CONTEXT() REPRESENTATION_CONTEXT('2D SPACE',''
  ) );
#4582 = ORIENTED_EDGE('',*,*,#4583,.T.);
#4583 = EDGE_CURVE('',#4539,#4158,#4584,.T.);
#4584 = SURFACE_CURVE('',#4585,(#4597,#4604),.PCURVE_S1.);
#4585 = B_SPLINE_CURVE_WITH_KNOTS('',10,(#4586,#4587,#4588,#4589,#4590,
    #4591,#4592,#4593,#4594,#4595,#4596),.UNSPECIFIED.,.F.,.F.,(11,11),(
    0.,6.303048278758),.PIECEWISE_BEZIER_KNOTS.);
#4586 = CARTESIAN_POINT('',(13.,-5.6E-16,-1.4375));
#4587 = CARTESIAN_POINT('',(13.000000805976,0.942482042061,
    -1.387500154747));
#4588 = CARTESIAN_POINT('',(12.342180217968,1.88490053282,
    -1.337502960968));
#4589 = CARTESIAN_POINT('',(11.02493752388,2.308307351446,
    -1.287491857919));
#4590 = CARTESIAN_POINT('',(9.520847274645,1.714909336101,
    -1.237508459097));
#4591 = CARTESIAN_POINT('',(8.724103861559,-1.226329071669E-05,
    -1.187500055858));
#4592 = CARTESIAN_POINT('',(9.520757657148,-1.714891257779,
    -1.137491653627));
#4593 = CARTESIAN_POINT('',(11.02502385859,-2.308314284812,
    -1.087508254144));
#4594 = CARTESIAN_POINT('',(12.342150223011,-1.884899404424,
    -1.037497151356));
#4595 = CARTESIAN_POINT('',(12.99999978247,-0.942482036221,
    -0.987499957532));
#4596 = CARTESIAN_POINT('',(13.000000584779,5.83965709E-09,
    -0.937500112276));
#4597 = PCURVE('',#4172,#4598);
#4598 = DEFINITIONAL_REPRESENTATION('',(#4599),#4603);
#4599 = LINE('',#4600,#4601);
#4600 = CARTESIAN_POINT('',(0.3125,0.));
#4601 = VECTOR('',#4602,1.);
#4602 = DIRECTION('',(0.,1.));
#4603 = ( GEOMETRIC_REPRESENTATION_CONTEXT(2) 
PARAMETRIC_REPRESENTATION_CONTEXT() REPRESENTATION_CONTEXT('2D SPACE',''
  ) );
#4604 = PCURVE('',#4250,#4605);
#4605 = DEFINITIONAL_REPRESENTATION('',(#4606),#4609);
#4606 = B_SPLINE_CURVE_WITH_KNOTS('',1,(#4607,#4608),.UNSPECIFIED.,.F.,
  .F.,(2,2),(0.,6.303048278758),.PIECEWISE_BEZIER_KNOTS.);
#4607 = CARTESIAN_POINT('',(0.,0.));
#4608 = CARTESIAN_POINT('',(0.,6.303048278758));
#4609 = ( GEOMETRIC_REPRESENTATION_CONTEXT(2) 
PARAMETRIC_REPRESENTATION_CONTEXT() REPRESENTATION_CONTEXT('2D SPACE',''
  ) );
#4610 = ORIENTED_EDGE('',*,*,#4157,.F.);
#4611 = ADVANCED_FACE('',(#4612),#4250,.T.);
#4612 = FACE_BOUND('',#4613,.T.);
#4613 = EDGE_LOOP('',(#4614,#4615,#4660,#4689));
#4614 = ORIENTED_EDGE('',*,*,#4583,.F.);
#4615 = ORIENTED_EDGE('',*,*,#4616,.T.);
#4616 = EDGE_CURVE('',#4539,#4617,#4619,.T.);
#4617 = VERTEX_POINT('',#4618);
#4618 = CARTESIAN_POINT('',(12.999999473699,2.919909E-09,-1.50000005614)
  );
#4619 = SURFACE_CURVE('',#4620,(#4623,#4630),.PCURVE_S1.);
#4620 = B_SPLINE_CURVE_WITH_KNOTS('',1,(#4621,#4622),.UNSPECIFIED.,.F.,
  .F.,(2,2),(0.,6.25E-02),.PIECEWISE_BEZIER_KNOTS.);
#4621 = CARTESIAN_POINT('',(13.,-1.46E-15,-1.4375));
#4622 = CARTESIAN_POINT('',(13.,9.9E-16,-1.5));
#4623 = PCURVE('',#4250,#4624);
#4624 = DEFINITIONAL_REPRESENTATION('',(#4625),#4629);
#4625 = LINE('',#4626,#4627);
#4626 = CARTESIAN_POINT('',(0.,0.));
#4627 = VECTOR('',#4628,1.);
#4628 = DIRECTION('',(1.,0.));
#4629 = ( GEOMETRIC_REPRESENTATION_CONTEXT(2) 
PARAMETRIC_REPRESENTATION_CONTEXT() REPRESENTATION_CONTEXT('2D SPACE',''
  ) );
#4630 = PCURVE('',#4631,#4654);
#4631 = B_SPLINE_SURFACE_WITH_KNOTS('',1,10,(
    (#4632,#4633,#4634,#4635,#4636,#4637,#4638,#4639,#4640,#4641,#4642)
    ,(#4643,#4644,#4645,#4646,#4647,#4648,#4649,#4650,#4651,#4652,#4653
    )),.UNSPECIFIED.,.F.,.F.,.F.,(2,2),(11,11),(0.,6.25E-02),(0.,
    6.303048278758),.PIECEWISE_BEZIER_KNOTS.);
#4632 = CARTESIAN_POINT('',(13.,-1.46E-15,-1.9375));
#4633 = CARTESIAN_POINT('',(13.000000805976,0.942482042061,
    -1.887500154747));
#4634 = CARTESIAN_POINT('',(12.342180217968,1.88490053282,
    -1.837502960968));
#4635 = CARTESIAN_POINT('',(11.02493752388,2.308307351446,
    -1.787491857919));
#4636 = CARTESIAN_POINT('',(9.520847274645,1.714909336101,
    -1.737508459097));
#4637 = CARTESIAN_POINT('',(8.72410386156,-1.226329080994E-05,
    -1.687500055858));
#4638 = CARTESIAN_POINT('',(9.520757657148,-1.714891257779,
    -1.637491653627));
#4639 = CARTESIAN_POINT('',(11.02502385859,-2.308314284812,
    -1.587508254144));
#4640 = CARTESIAN_POINT('',(12.342150223011,-1.884899404424,
    -1.537497151356));
#4641 = CARTESIAN_POINT('',(12.99999978247,-0.942482036221,
    -1.487499957532));
#4642 = CARTESIAN_POINT('',(13.000000584779,5.83965796E-09,
    -1.437500112276));
#4643 = CARTESIAN_POINT('',(13.,9.9E-16,-2.));
#4644 = CARTESIAN_POINT('',(13.000001128367,0.94248211553,
    -1.950000154747));
#4645 = CARTESIAN_POINT('',(12.342186284101,1.884900904938,
    -1.900002960966));
#4646 = CARTESIAN_POINT('',(11.024920221652,2.308306144833,
    -1.849991857908));
#4647 = CARTESIAN_POINT('',(9.520865045263,1.714913087294,
    -1.800008459153));
#4648 = CARTESIAN_POINT('',(8.724103644986,-1.716644223348E-05,
    -1.750000055746));
#4649 = CARTESIAN_POINT('',(9.520739578105,-1.714887774566,
    -1.699991653748));
#4650 = CARTESIAN_POINT('',(11.025041086644,-2.308315850802,
    -1.650008254069));
#4651 = CARTESIAN_POINT('',(12.342144288229,-1.884899326496,
    -1.599997151377));
#4652 = CARTESIAN_POINT('',(12.999999693991,-0.94248210969,
    -1.549999957533));
#4653 = CARTESIAN_POINT('',(13.00000081869,5.83963466E-09,
    -1.500000112276));
#4654 = DEFINITIONAL_REPRESENTATION('',(#4655),#4659);
#4655 = LINE('',#4656,#4657);
#4656 = CARTESIAN_POINT('',(0.,6.303048278758));
#4657 = VECTOR('',#4658,1.);
#4658 = DIRECTION('',(1.,0.));
#4659 = ( GEOMETRIC_REPRESENTATION_CONTEXT(2) 
PARAMETRIC_REPRESENTATION_CONTEXT() REPRESENTATION_CONTEXT('2D SPACE',''
  ) );
#4660 = ORIENTED_EDGE('',*,*,#4661,.T.);
#4661 = EDGE_CURVE('',#4617,#4236,#4662,.T.);
#4662 = SURFACE_CURVE('',#4663,(#4675,#4682),.PCURVE_S1.);
#4663 = B_SPLINE_CURVE_WITH_KNOTS('',10,(#4664,#4665,#4666,#4667,#4668,
    #4669,#4670,#4671,#4672,#4673,#4674),.UNSPECIFIED.,.F.,.F.,(11,11),(
    0.,6.303048278758),.PIECEWISE_BEZIER_KNOTS.);
#4664 = CARTESIAN_POINT('',(13.,9.9E-16,-1.5));
#4665 = CARTESIAN_POINT('',(13.000001128367,0.94248211553,
    -1.450000154747));
#4666 = CARTESIAN_POINT('',(12.342186284101,1.884900904938,
    -1.400002960966));
#4667 = CARTESIAN_POINT('',(11.024920221652,2.308306144833,
    -1.349991857908));
#4668 = CARTESIAN_POINT('',(9.520865045263,1.714913087294,
    -1.300008459153));
#4669 = CARTESIAN_POINT('',(8.724103644986,-1.716644223348E-05,
    -1.250000055746));
#4670 = CARTESIAN_POINT('',(9.520739578105,-1.714887774566,
    -1.199991653748));
#4671 = CARTESIAN_POINT('',(11.025041086644,-2.308315850802,
    -1.150008254069));
#4672 = CARTESIAN_POINT('',(12.342144288229,-1.884899326496,
    -1.099997151377));
#4673 = CARTESIAN_POINT('',(12.999999693991,-0.94248210969,
    -1.049999957533));
#4674 = CARTESIAN_POINT('',(13.00000081869,5.83963466E-09,
    -1.000000112276));
#4675 = PCURVE('',#4250,#4676);
#4676 = DEFINITIONAL_REPRESENTATION('',(#4677),#4681);
#4677 = LINE('',#4678,#4679);
#4678 = CARTESIAN_POINT('',(6.25E-02,0.));
#4679 = VECTOR('',#4680,1.);
#4680 = DIRECTION('',(0.,1.));
#4681 = ( GEOMETRIC_REPRESENTATION_CONTEXT(2) 
PARAMETRIC_REPRESENTATION_CONTEXT() REPRESENTATION_CONTEXT('2D SPACE',''
  ) );
#4682 = PCURVE('',#4329,#4683);
#4683 = DEFINITIONAL_REPRESENTATION('',(#4684),#4688);
#4684 = LINE('',#4685,#4686);
#4685 = CARTESIAN_POINT('',(0.,0.));
#4686 = VECTOR('',#4687,1.);
#4687 = DIRECTION('',(0.,1.));
#4688 = ( GEOMETRIC_REPRESENTATION_CONTEXT(2) 
PARAMETRIC_REPRESENTATION_CONTEXT() REPRESENTATION_CONTEXT('2D SPACE',''
  ) );
#4689 = ORIENTED_EDGE('',*,*,#4235,.F.);
#4690 = ADVANCED_FACE('',(#4691),#4329,.T.);
#4691 = FACE_BOUND('',#4692,.T.);
#4692 = EDGE_LOOP('',(#4693,#4694,#4739,#4767));
#4693 = ORIENTED_EDGE('',*,*,#4661,.F.);
#4694 = ORIENTED_EDGE('',*,*,#4695,.T.);
#4695 = EDGE_CURVE('',#4617,#4696,#4698,.T.);
#4696 = VERTEX_POINT('',#4697);
#4697 = CARTESIAN_POINT('',(12.729366593497,5.8520358E-08,
    -1.656251125144));
#4698 = SURFACE_CURVE('',#4699,(#4702,#4709),.PCURVE_S1.);
#4699 = B_SPLINE_CURVE_WITH_KNOTS('',1,(#4700,#4701),.UNSPECIFIED.,.F.,
  .F.,(2,2),(0.,0.3125),.PIECEWISE_BEZIER_KNOTS.);
#4700 = CARTESIAN_POINT('',(12.999998947399,5.83981767E-09,
    -1.500000112279));
#4701 = CARTESIAN_POINT('',(12.729366593497,5.852035727E-08,
    -1.656251125144));
#4702 = PCURVE('',#4329,#4703);
#4703 = DEFINITIONAL_REPRESENTATION('',(#4704),#4708);
#4704 = LINE('',#4705,#4706);
#4705 = CARTESIAN_POINT('',(0.,0.));
#4706 = VECTOR('',#4707,1.);
#4707 = DIRECTION('',(1.,0.));
#4708 = ( GEOMETRIC_REPRESENTATION_CONTEXT(2) 
PARAMETRIC_REPRESENTATION_CONTEXT() REPRESENTATION_CONTEXT('2D SPACE',''
  ) );
#4709 = PCURVE('',#4710,#4733);
#4710 = B_SPLINE_SURFACE_WITH_KNOTS('',1,10,(
    (#4711,#4712,#4713,#4714,#4715,#4716,#4717,#4718,#4719,#4720,#4721)
    ,(#4722,#4723,#4724,#4725,#4726,#4727,#4728,#4729,#4730,#4731,#4732
    )),.UNSPECIFIED.,.F.,.F.,.F.,(2,2),(11,11),(0.,0.3125),(0.,
    6.303048278758),.PIECEWISE_BEZIER_KNOTS.);
#4711 = CARTESIAN_POINT('',(13.,1.04E-15,-2.));
#4712 = CARTESIAN_POINT('',(12.999998549242,0.942481527773,
    -1.950000154747));
#4713 = CARTESIAN_POINT('',(12.342137755035,1.884897927994,
    -1.900002960982));
#4714 = CARTESIAN_POINT('',(11.025058639477,2.30831579774,
    -1.849991857995));
#4715 = CARTESIAN_POINT('',(9.520722880316,1.71488307775,-1.800008458702
    ));
#4716 = CARTESIAN_POINT('',(8.724105377576,2.205876887018E-05,
    -1.750000056644));
#4717 = CARTESIAN_POINT('',(9.520884210451,-1.714915640266,
    -1.699991652773));
#4718 = CARTESIAN_POINT('',(11.024903262209,-2.308303322877,
    -1.650008254668));
#4719 = CARTESIAN_POINT('',(12.342191766491,-1.884899949923,
    -1.599997151211));
#4720 = CARTESIAN_POINT('',(13.000000401825,-0.942481521934,
    -1.549999957527));
#4721 = CARTESIAN_POINT('',(12.999998947399,5.83981767E-09,
    -1.500000112279));
#4722 = CARTESIAN_POINT('',(12.729367061317,-6.2E-16,-2.15625));
#4723 = CARTESIAN_POINT('',(12.729366416536,0.772474667544,
    -2.10625155074));
#4724 = CARTESIAN_POINT('',(12.190181709836,1.544524758362,
    -2.056279672206));
#4725 = CARTESIAN_POINT('',(11.110833561861,1.892517108095,
    -2.006168407703));
#4726 = CARTESIAN_POINT('',(9.877611517613,1.404841839361,
    -1.956334767911));
#4727 = CARTESIAN_POINT('',(9.225251982551,9.75207505949E-06,
    -1.906250562796));
#4728 = CARTESIAN_POINT('',(9.877683283657,-1.404856385268,
    -1.856166356875));
#4729 = CARTESIAN_POINT('',(11.110764591517,-1.892511581469,
    -1.806332717612));
#4730 = CARTESIAN_POINT('',(12.190205785161,-1.544525625589,
    -1.7562214529));
#4731 = CARTESIAN_POINT('',(12.729367275034,-0.772474609024,
    -1.706249574402));
#4732 = CARTESIAN_POINT('',(12.729366593497,5.852035727E-08,
    -1.656251125144));
#4733 = DEFINITIONAL_REPRESENTATION('',(#4734),#4738);
#4734 = LINE('',#4735,#4736);
#4735 = CARTESIAN_POINT('',(0.,6.303048278758));
#4736 = VECTOR('',#4737,1.);
#4737 = DIRECTION('',(1.,0.));
#4738 = ( GEOMETRIC_REPRESENTATION_CONTEXT(2) 
PARAMETRIC_REPRESENTATION_CONTEXT() REPRESENTATION_CONTEXT('2D SPACE',''
  ) );
#4739 = ORIENTED_EDGE('',*,*,#4740,.T.);
#4740 = EDGE_CURVE('',#4696,#4315,#4741,.T.);
#4741 = SURFACE_CURVE('',#4742,(#4754,#4761),.PCURVE_S1.);
#4742 = B_SPLINE_CURVE_WITH_KNOTS('',10,(#4743,#4744,#4745,#4746,#4747,
    #4748,#4749,#4750,#4751,#4752,#4753),.UNSPECIFIED.,.F.,.F.,(11,11),(
    0.,6.303048278758),.PIECEWISE_BEZIER_KNOTS.);
#4743 = CARTESIAN_POINT('',(12.729367061317,-6.2E-16,-1.65625));
#4744 = CARTESIAN_POINT('',(12.729366416536,0.772474667544,
    -1.60625155074));
#4745 = CARTESIAN_POINT('',(12.190181709836,1.544524758362,
    -1.556279672206));
#4746 = CARTESIAN_POINT('',(11.110833561861,1.892517108095,
    -1.506168407703));
#4747 = CARTESIAN_POINT('',(9.877611517613,1.404841839361,
    -1.456334767911));
#4748 = CARTESIAN_POINT('',(9.225251982551,9.75207505949E-06,
    -1.406250562796));
#4749 = CARTESIAN_POINT('',(9.877683283657,-1.404856385268,
    -1.356166356875));
#4750 = CARTESIAN_POINT('',(11.110764591517,-1.892511581469,
    -1.306332717612));
#4751 = CARTESIAN_POINT('',(12.190205785161,-1.544525625589,
    -1.2562214529));
#4752 = CARTESIAN_POINT('',(12.729367275034,-0.772474609024,
    -1.206249574402));
#4753 = CARTESIAN_POINT('',(12.729366593497,5.852035727E-08,
    -1.156251125144));
#4754 = PCURVE('',#4329,#4755);
#4755 = DEFINITIONAL_REPRESENTATION('',(#4756),#4760);
#4756 = LINE('',#4757,#4758);
#4757 = CARTESIAN_POINT('',(0.3125,0.));
#4758 = VECTOR('',#4759,1.);
#4759 = DIRECTION('',(0.,1.));
#4760 = ( GEOMETRIC_REPRESENTATION_CONTEXT(2) 
PARAMETRIC_REPRESENTATION_CONTEXT() REPRESENTATION_CONTEXT('2D SPACE',''
  ) );
#4761 = PCURVE('',#4412,#4762);
#4762 = DEFINITIONAL_REPRESENTATION('',(#4763),#4766);
#4763 = B_SPLINE_CURVE_WITH_KNOTS('',1,(#4764,#4765),.UNSPECIFIED.,.F.,
  .F.,(2,2),(0.,6.303048278758),.PIECEWISE_BEZIER_KNOTS.);
#4764 = CARTESIAN_POINT('',(0.,0.));
#4765 = CARTESIAN_POINT('',(0.,6.303048278758));
#4766 = ( GEOMETRIC_REPRESENTATION_CONTEXT(2) 
PARAMETRIC_REPRESENTATION_CONTEXT() REPRESENTATION_CONTEXT('2D SPACE',''
  ) );
#4767 = ORIENTED_EDGE('',*,*,#4314,.F.);
#4768 = ADVANCED_FACE('',(#4769),#4412,.T.);
#4769 = FACE_BOUND('',#4770,.T.);
#4770 = EDGE_LOOP('',(#4771,#4772,#4884,#4913));
#4771 = ORIENTED_EDGE('',*,*,#4740,.F.);
#4772 = ORIENTED_EDGE('',*,*,#4773,.T.);
#4773 = EDGE_CURVE('',#4696,#4774,#4776,.T.);
#4774 = VERTEX_POINT('',#4775);
#4775 = CARTESIAN_POINT('',(12.729367061319,5.8520312E-08,
    -1.781251125144));
#4776 = SURFACE_CURVE('',#4777,(#4785,#4792),.PCURVE_S1.);
#4777 = ( BOUNDED_CURVE() B_SPLINE_CURVE(6,(#4778,#4779,#4780,#4781,
#4782,#4783,#4784),.UNSPECIFIED.,.F.,.F.) B_SPLINE_CURVE_WITH_KNOTS((7,7
),(0.,2.094395102393),.PIECEWISE_BEZIER_KNOTS.) CURVE() 
GEOMETRIC_REPRESENTATION_ITEM() RATIONAL_B_SPLINE_CURVE((1.056590953773,
    1.017435169568,0.996326512422,0.989390034249,0.996326512422,
1.017435169568,1.056590953773)) REPRESENTATION_ITEM('') );
#4778 = CARTESIAN_POINT('',(12.729366593497,5.852035787E-08,
    -1.656251125144));
#4779 = CARTESIAN_POINT('',(12.706710993838,6.293043361E-08,
    -1.66933145476));
#4780 = CARTESIAN_POINT('',(12.690745576385,6.60382207E-08,
    -1.691470252644));
#4781 = CARTESIAN_POINT('',(12.68497508281,6.716149847E-08,
    -1.718751291284));
#4782 = CARTESIAN_POINT('',(12.690745780588,6.603820094E-08,
    -1.74603228673));
#4783 = CARTESIAN_POINT('',(12.706711363753,6.29303967E-08,
    -1.768170965109));
#4784 = CARTESIAN_POINT('',(12.729367061319,5.852031226E-08,
    -1.781251125144));
#4785 = PCURVE('',#4412,#4786);
#4786 = DEFINITIONAL_REPRESENTATION('',(#4787),#4791);
#4787 = LINE('',#4788,#4789);
#4788 = CARTESIAN_POINT('',(0.,0.));
#4789 = VECTOR('',#4790,1.);
#4790 = DIRECTION('',(1.,0.));
#4791 = ( GEOMETRIC_REPRESENTATION_CONTEXT(2) 
PARAMETRIC_REPRESENTATION_CONTEXT() REPRESENTATION_CONTEXT('2D SPACE',''
  ) );
#4792 = PCURVE('',#4793,#4878);
#4793 = ( BOUNDED_SURFACE() B_SPLINE_SURFACE(6,11,(
    (#4794,#4795,#4796,#4797,#4798,#4799,#4800,#4801,#4802,#4803,#4804
      ,#4805)
    ,(#4806,#4807,#4808,#4809,#4810,#4811,#4812,#4813,#4814,#4815,#4816
      ,#4817)
    ,(#4818,#4819,#4820,#4821,#4822,#4823,#4824,#4825,#4826,#4827,#4828
      ,#4829)
    ,(#4830,#4831,#4832,#4833,#4834,#4835,#4836,#4837,#4838,#4839,#4840
      ,#4841)
    ,(#4842,#4843,#4844,#4845,#4846,#4847,#4848,#4849,#4850,#4851,#4852
      ,#4853)
    ,(#4854,#4855,#4856,#4857,#4858,#4859,#4860,#4861,#4862,#4863,#4864
      ,#4865)
    ,(#4866,#4867,#4868,#4869,#4870,#4871,#4872,#4873,#4874,#4875,#4876
,#4877
    )),.UNSPECIFIED.,.F.,.F.,.F.) B_SPLINE_SURFACE_WITH_KNOTS((7,7),(12,
    12),(0.,2.094395102393),(0.,6.303048278758),
.PIECEWISE_BEZIER_KNOTS.) GEOMETRIC_REPRESENTATION_ITEM() 
RATIONAL_B_SPLINE_SURFACE((
    (1.056590953773,1.056590953773,1.056590953773,1.056590953773
      ,1.056590953773,1.056590953773,1.056590953773,1.056590953773
      ,1.056590953773,1.056590953773,1.056590953773,1.056590953773)
    ,(1.017435169568,1.017435169568,1.017435169568,1.017435169568
      ,1.017435169569,1.017435169567,1.017435169569,1.017435169567
      ,1.017435169569,1.017435169568,1.017435169568,1.017435169568)
    ,(0.996326512422,0.996326512422,0.996326512422,0.996326512422
      ,0.996326512422,0.996326512422,0.996326512422,0.996326512422
      ,0.996326512422,0.996326512422,0.996326512422,0.996326512422)
    ,(0.989390034249,0.989390034249,0.989390034249,0.989390034248
      ,0.989390034249,0.989390034248,0.989390034249,0.989390034248
      ,0.989390034249,0.989390034249,0.989390034249,0.989390034249)
    ,(0.996326512422,0.996326512422,0.996326512422,0.996326512422
      ,0.996326512423,0.996326512422,0.996326512423,0.996326512422
      ,0.996326512422,0.996326512422,0.996326512422,0.996326512422)
    ,(1.017435169568,1.017435169568,1.017435169568,1.017435169568
      ,1.017435169568,1.017435169568,1.017435169568,1.017435169568
      ,1.017435169568,1.017435169568,1.017435169568,1.017435169568)
    ,(1.056590953773,1.056590953773,1.056590953773,1.056590953773
      ,1.056590953773,1.056590953773,1.056590953773,1.056590953773
      ,1.056590953773,1.056590953773,1.056590953773,1.056590953773
))) REPRESENTATION_ITEM('') SURFACE() );
#4794 = CARTESIAN_POINT('',(12.729367061317,-8.9E-16,-2.15625));
#4795 = CARTESIAN_POINT('',(12.729366475153,0.702249697767,
    -2.110796864309));
#4796 = CARTESIAN_POINT('',(12.288215292872,1.404152014577,
    -2.065365468303));
#4797 = CARTESIAN_POINT('',(11.405228126135,1.799593725218,
    -2.019764593877));
#4798 = CARTESIAN_POINT('',(10.325950267665,1.57438550159,
    -1.974733143471));
#4799 = CARTESIAN_POINT('',(9.521967668362,0.65248550448,-1.928521374864
    ));
#4800 = CARTESIAN_POINT('',(9.521623040452,-0.652481477629,
    -1.883979750362));
#4801 = CARTESIAN_POINT('',(10.326182116191,-1.574392748394,
    -1.837767981508));
#4802 = CARTESIAN_POINT('',(11.405130756775,-1.79958994237,
    -1.792736531381));
#4803 = CARTESIAN_POINT('',(12.288235146956,-1.404152713486,
    -1.747135656809));
#4804 = CARTESIAN_POINT('',(12.729367213076,-0.702249639247,
    -1.701704260833));
#4805 = CARTESIAN_POINT('',(12.729366593497,5.852035787E-08,
    -1.656251125144));
#4806 = CARTESIAN_POINT('',(12.706711412705,-9.4E-16,-2.169330244825));
#4807 = CARTESIAN_POINT('',(12.706710887878,0.689311624436,
    -2.123877215373));
#4808 = CARTESIAN_POINT('',(12.273688183304,1.378251248192,
    -2.078447563906));
#4809 = CARTESIAN_POINT('',(11.406978207997,1.766508676863,
    -2.03283566216));
#4810 = CARTESIAN_POINT('',(10.347584688725,1.545207894049,
    -1.987836096092));
#4811 = CARTESIAN_POINT('',(9.558411450456,0.640693720037,
    -1.941567263358));
#4812 = CARTESIAN_POINT('',(9.558102890851,-0.640690131518,-1.8970944363
    ));
#4813 = CARTESIAN_POINT('',(10.347792289543,-1.545214392582,
    -1.850825603345));
#4814 = CARTESIAN_POINT('',(11.40689104302,-1.766505290677,
    -1.805826037527));
#4815 = CARTESIAN_POINT('',(12.273705971844,-1.378251867211,
    -1.760214135651));
#4816 = CARTESIAN_POINT('',(12.706711554598,-0.689311561506,
    -1.71478448421));
#4817 = CARTESIAN_POINT('',(12.706710993838,6.293043361E-08,
    -1.66933145476));
#4818 = CARTESIAN_POINT('',(12.690745912395,1.22E-15,-2.191468982957));
#4819 = CARTESIAN_POINT('',(12.690745491383,0.680194141001,
    -2.146016028373));
#4820 = CARTESIAN_POINT('',(12.263451925878,1.359998969821,
    -2.100587606286));
#4821 = CARTESIAN_POINT('',(11.408206456915,1.743193388315,
    -2.05496793356));
#4822 = CARTESIAN_POINT('',(10.362842483049,1.524646753448,
    -2.009990836458));
#4823 = CARTESIAN_POINT('',(9.584075635439,0.632383815438,
    -1.963681790518));
#4824 = CARTESIAN_POINT('',(9.583828120218,-0.632380961802,
    -1.919257445142));
#4825 = CARTESIAN_POINT('',(10.363009038308,-1.52465198135,
    -1.872948399024));
#4826 = CARTESIAN_POINT('',(11.408136556791,-1.743190673158,
    -1.827971302122));
#4827 = CARTESIAN_POINT('',(12.263466213444,-1.359999456416,
    -1.782351629292));
#4828 = CARTESIAN_POINT('',(12.690746035103,-0.680194074963,
    -1.736923207227));
#4829 = CARTESIAN_POINT('',(12.690745576385,6.60382207E-08,
    -1.691470252644));
#4830 = CARTESIAN_POINT('',(12.684975316719,-1.4E-16,-2.21875));
#4831 = CARTESIAN_POINT('',(12.684975023637,0.676898723975,
    -2.173297072476));
#4832 = CARTESIAN_POINT('',(12.25975366587,1.353401935503,
    -2.127869094738));
#4833 = CARTESIAN_POINT('',(11.408642878931,1.73476603417,
    -2.082246613264));
#4834 = CARTESIAN_POINT('',(10.368375123567,1.517215703287,
    -2.03727763735));
#4835 = CARTESIAN_POINT('',(9.593325101967,0.629379971356,
    -1.990954056757));
#4836 = CARTESIAN_POINT('',(9.593152808743,-0.62937801894,
    -1.946547234568));
#4837 = CARTESIAN_POINT('',(10.368491095967,-1.517219362841,
    -1.900223653851));
#4838 = CARTESIAN_POINT('',(11.408594249883,-1.734764145693,
    -1.855254678077));
#4839 = CARTESIAN_POINT('',(12.259763636185,-1.353402260651,
    -1.80963219653));
#4840 = CARTESIAN_POINT('',(12.684975414241,-0.676898656813,
    -1.764204218807));
#4841 = CARTESIAN_POINT('',(12.68497508281,6.716149847E-08,
    -1.718751291284));
#4842 = CARTESIAN_POINT('',(12.690745912395,1.9E-16,-2.246031017043));
#4843 = CARTESIAN_POINT('',(12.690745747242,0.680194199309,
    -2.200578062459));
#4844 = CARTESIAN_POINT('',(12.263456309886,1.359999247274,
    -2.15514964037));
#4845 = CARTESIAN_POINT('',(11.408185179577,1.743192710825,
    -2.109529967663));
#4846 = CARTESIAN_POINT('',(10.362892969892,1.524648454363,
    -2.064552870478));
#4847 = CARTESIAN_POINT('',(9.584000249732,0.632382969166,
    -2.018243824741));
#4848 = CARTESIAN_POINT('',(9.583903177282,-0.632381914354,
    -1.973819479055));
#4849 = CARTESIAN_POINT('',(10.362958356576,-1.524650543427,
    -1.927510433248));
#4850 = CARTESIAN_POINT('',(11.408157818309,-1.743191648853,
    -1.882533336142));
#4851 = CARTESIAN_POINT('',(12.263461960383,-1.359999412416,
    -1.836913663393));
#4852 = CARTESIAN_POINT('',(12.690745983447,-0.680194133271,
    -1.791485241313));
#4853 = CARTESIAN_POINT('',(12.690745780588,6.603820094E-08,
    -1.74603228673));
#4854 = CARTESIAN_POINT('',(12.706711412705,9.7E-16,-2.268169755175));
#4855 = CARTESIAN_POINT('',(12.706711351367,0.689311730061,
    -2.222716725723));
#4856 = CARTESIAN_POINT('',(12.273696124966,1.3782517508,-2.177287074253
    ));
#4857 = CARTESIAN_POINT('',(11.406939663948,1.766507449584,
    -2.13167517254));
#4858 = CARTESIAN_POINT('',(10.347676145997,1.545210975269,
    -2.086675606322));
#4859 = CARTESIAN_POINT('',(9.558274888716,0.64069218701,-2.040406773956
    ));
#4860 = CARTESIAN_POINT('',(9.558238857252,-0.640691857074,
    -1.995933946337));
#4861 = CARTESIAN_POINT('',(10.347700479227,-1.545211787773,
    -1.949665113944));
#4862 = CARTESIAN_POINT('',(11.406929558411,-1.766507058156,
    -1.904665547756));
#4863 = CARTESIAN_POINT('',(12.273698267393,-1.378251787504,
    -1.859053646028));
#4864 = CARTESIAN_POINT('',(12.706711461023,-0.689311667131,
    -1.813623994561));
#4865 = CARTESIAN_POINT('',(12.706711363753,6.29303967E-08,
    -1.768170965109));
#4866 = CARTESIAN_POINT('',(12.729367061317,-1.11E-15,-2.28125));
#4867 = CARTESIAN_POINT('',(12.729367061317,0.702249831348,
    -2.235796864309));
#4868 = CARTESIAN_POINT('',(12.288225336505,1.404152650213,-2.1903654683
    ));
#4869 = CARTESIAN_POINT('',(11.405179380384,1.799592173108,
    -2.144764593915));
#4870 = CARTESIAN_POINT('',(10.326065931524,1.574389398336,
    -2.099733143319));
#4871 = CARTESIAN_POINT('',(9.521794961946,0.652483565697,
    -2.053521375178));
#4872 = CARTESIAN_POINT('',(9.521794993958,-0.652483659898,
    -2.008979749966));
#4873 = CARTESIAN_POINT('',(10.326066005847,-1.574389454154,
    -1.962767981824));
#4874 = CARTESIAN_POINT('',(11.405179466282,-1.799592177659,
    -1.917736531229));
#4875 = CARTESIAN_POINT('',(12.288225403319,-1.404152612683,
    -1.872135656843));
#4876 = CARTESIAN_POINT('',(12.729367094734,-0.702249772828,
    -1.826704260835));
#4877 = CARTESIAN_POINT('',(12.729367061319,5.852031226E-08,
    -1.781251125144));
#4878 = DEFINITIONAL_REPRESENTATION('',(#4879),#4883);
#4879 = LINE('',#4880,#4881);
#4880 = CARTESIAN_POINT('',(0.,6.303048278758));
#4881 = VECTOR('',#4882,1.);
#4882 = DIRECTION('',(1.,0.));
#4883 = ( GEOMETRIC_REPRESENTATION_CONTEXT(2) 
PARAMETRIC_REPRESENTATION_CONTEXT() REPRESENTATION_CONTEXT('2D SPACE',''
  ) );
#4884 = ORIENTED_EDGE('',*,*,#4885,.T.);
#4885 = EDGE_CURVE('',#4774,#4393,#4886,.T.);
#4886 = SURFACE_CURVE('',#4887,(#4900,#4907),.PCURVE_S1.);
#4887 = ( BOUNDED_CURVE() B_SPLINE_CURVE(11,(#4888,#4889,#4890,#4891,
    #4892,#4893,#4894,#4895,#4896,#4897,#4898,#4899),.UNSPECIFIED.,.F.,
.F.) B_SPLINE_CURVE_WITH_KNOTS((12,12),(0.,6.303048278758),
.PIECEWISE_BEZIER_KNOTS.) CURVE() GEOMETRIC_REPRESENTATION_ITEM() 
RATIONAL_B_SPLINE_CURVE((1.056590953773,1.056590953773,1.056590953773,
    1.056590953773,1.056590953773,1.056590953773,1.056590953773,
    1.056590953773,1.056590953773,1.056590953773,1.056590953773,
1.056590953773)) REPRESENTATION_ITEM('') );
#4888 = CARTESIAN_POINT('',(12.729367061317,-1.11E-15,-1.78125));
#4889 = CARTESIAN_POINT('',(12.729367061317,0.702249831348,
    -1.735796864309));
#4890 = CARTESIAN_POINT('',(12.288225336505,1.404152650213,-1.6903654683
    ));
#4891 = CARTESIAN_POINT('',(11.405179380384,1.799592173108,
    -1.644764593915));
#4892 = CARTESIAN_POINT('',(10.326065931524,1.574389398336,
    -1.599733143319));
#4893 = CARTESIAN_POINT('',(9.521794961946,0.652483565697,
    -1.553521375178));
#4894 = CARTESIAN_POINT('',(9.521794993958,-0.652483659898,
    -1.508979749966));
#4895 = CARTESIAN_POINT('',(10.326066005847,-1.574389454154,
    -1.462767981824));
#4896 = CARTESIAN_POINT('',(11.405179466282,-1.799592177659,
    -1.417736531229));
#4897 = CARTESIAN_POINT('',(12.288225403319,-1.404152612683,
    -1.372135656843));
#4898 = CARTESIAN_POINT('',(12.729367094734,-0.702249772828,
    -1.326704260835));
#4899 = CARTESIAN_POINT('',(12.729367061319,5.852031226E-08,
    -1.281251125144));
#4900 = PCURVE('',#4412,#4901);
#4901 = DEFINITIONAL_REPRESENTATION('',(#4902),#4906);
#4902 = LINE('',#4903,#4904);
#4903 = CARTESIAN_POINT('',(2.094395102393,0.));
#4904 = VECTOR('',#4905,1.);
#4905 = DIRECTION('',(0.,1.));
#4906 = ( GEOMETRIC_REPRESENTATION_CONTEXT(2) 
PARAMETRIC_REPRESENTATION_CONTEXT() REPRESENTATION_CONTEXT('2D SPACE',''
  ) );
#4907 = PCURVE('',#4553,#4908);
#4908 = DEFINITIONAL_REPRESENTATION('',(#4909),#4912);
#4909 = B_SPLINE_CURVE_WITH_KNOTS('',1,(#4910,#4911),.UNSPECIFIED.,.F.,
  .F.,(2,2),(0.,6.303048278758),.PIECEWISE_BEZIER_KNOTS.);
#4910 = CARTESIAN_POINT('',(0.,0.));
#4911 = CARTESIAN_POINT('',(0.,6.303048278758));
#4912 = ( GEOMETRIC_REPRESENTATION_CONTEXT(2) 
PARAMETRIC_REPRESENTATION_CONTEXT() REPRESENTATION_CONTEXT('2D SPACE',''
  ) );
#4913 = ORIENTED_EDGE('',*,*,#4392,.F.);
#4914 = ADVANCED_FACE('',(#4915),#4553,.T.);
#4915 = FACE_BOUND('',#4916,.T.);
#4916 = EDGE_LOOP('',(#4917,#4918,#4963,#4991));
#4917 = ORIENTED_EDGE('',*,*,#4885,.F.);
#4918 = ORIENTED_EDGE('',*,*,#4919,.T.);
#4919 = EDGE_CURVE('',#4774,#4920,#4922,.T.);
#4920 = VERTEX_POINT('',#4921);
#4921 = CARTESIAN_POINT('',(13.000000292389,2.919828E-09,-1.937500056138
    ));
#4922 = SURFACE_CURVE('',#4923,(#4926,#4933),.PCURVE_S1.);
#4923 = B_SPLINE_CURVE_WITH_KNOTS('',1,(#4924,#4925),.UNSPECIFIED.,.F.,
  .F.,(2,2),(0.,0.3125),.PIECEWISE_BEZIER_KNOTS.);
#4924 = CARTESIAN_POINT('',(12.729367061317,1.1E-16,-1.78125));
#4925 = CARTESIAN_POINT('',(13.,-5.6E-16,-1.9375));
#4926 = PCURVE('',#4553,#4927);
#4927 = DEFINITIONAL_REPRESENTATION('',(#4928),#4932);
#4928 = LINE('',#4929,#4930);
#4929 = CARTESIAN_POINT('',(0.,0.));
#4930 = VECTOR('',#4931,1.);
#4931 = DIRECTION('',(1.,0.));
#4932 = ( GEOMETRIC_REPRESENTATION_CONTEXT(2) 
PARAMETRIC_REPRESENTATION_CONTEXT() REPRESENTATION_CONTEXT('2D SPACE',''
  ) );
#4933 = PCURVE('',#4934,#4957);
#4934 = B_SPLINE_SURFACE_WITH_KNOTS('',1,10,(
    (#4935,#4936,#4937,#4938,#4939,#4940,#4941,#4942,#4943,#4944,#4945)
    ,(#4946,#4947,#4948,#4949,#4950,#4951,#4952,#4953,#4954,#4955,#4956
    )),.UNSPECIFIED.,.F.,.F.,.F.,(2,2),(11,11),(0.,0.3125),(0.,
    6.303048278758),.PIECEWISE_BEZIER_KNOTS.);
#4935 = CARTESIAN_POINT('',(12.729367061317,1.1E-16,-2.28125));
#4936 = CARTESIAN_POINT('',(12.729367061317,0.772474814483,
    -2.23125155074));
#4937 = CARTESIAN_POINT('',(12.190193842103,1.544525502598,
    -2.181279672202));
#4938 = CARTESIAN_POINT('',(11.110798957404,1.892514694868,
    -2.131168407681));
#4939 = CARTESIAN_POINT('',(9.87764705885,1.404849341747,-2.081334768024
    ));
#4940 = CARTESIAN_POINT('',(9.225251549403,-5.422788307E-08,
    -2.031250562572));
#4941 = CARTESIAN_POINT('',(9.877647125571,-1.404849418843,
    -1.981166357119));
#4942 = CARTESIAN_POINT('',(11.110799047625,-1.89251471345,
    -1.931332717462));
#4943 = CARTESIAN_POINT('',(12.190193915595,-1.544525469732,
    -1.881221452941));
#4944 = CARTESIAN_POINT('',(12.729367098075,-0.772474755963,
    -1.831249574404));
#4945 = CARTESIAN_POINT('',(12.729367061319,5.852031182E-08,
    -1.781251125144));
#4946 = CARTESIAN_POINT('',(13.,-5.6E-16,-2.4375));
#4947 = CARTESIAN_POINT('',(13.000000805976,0.942482042061,
    -2.387500154747));
#4948 = CARTESIAN_POINT('',(12.342180217968,1.88490053282,
    -2.337502960968));
#4949 = CARTESIAN_POINT('',(11.02493752388,2.308307351446,
    -2.287491857919));
#4950 = CARTESIAN_POINT('',(9.520847274645,1.714909336101,
    -2.237508459097));
#4951 = CARTESIAN_POINT('',(8.724103861559,-1.226329071669E-05,
    -2.187500055858));
#4952 = CARTESIAN_POINT('',(9.520757657148,-1.714891257779,
    -2.137491653627));
#4953 = CARTESIAN_POINT('',(11.02502385859,-2.308314284812,
    -2.087508254144));
#4954 = CARTESIAN_POINT('',(12.342150223011,-1.884899404424,
    -2.037497151356));
#4955 = CARTESIAN_POINT('',(12.99999978247,-0.942482036221,
    -1.987499957532));
#4956 = CARTESIAN_POINT('',(13.000000584779,5.83965709E-09,
    -1.937500112276));
#4957 = DEFINITIONAL_REPRESENTATION('',(#4958),#4962);
#4958 = LINE('',#4959,#4960);
#4959 = CARTESIAN_POINT('',(0.,6.303048278758));
#4960 = VECTOR('',#4961,1.);
#4961 = DIRECTION('',(1.,0.));
#4962 = ( GEOMETRIC_REPRESENTATION_CONTEXT(2) 
PARAMETRIC_REPRESENTATION_CONTEXT() REPRESENTATION_CONTEXT('2D SPACE',''
  ) );
#4963 = ORIENTED_EDGE('',*,*,#4964,.T.);
#4964 = EDGE_CURVE('',#4920,#4539,#4965,.T.);
#4965 = SURFACE_CURVE('',#4966,(#4978,#4985),.PCURVE_S1.);
#4966 = B_SPLINE_CURVE_WITH_KNOTS('',10,(#4967,#4968,#4969,#4970,#4971,
    #4972,#4973,#4974,#4975,#4976,#4977),.UNSPECIFIED.,.F.,.F.,(11,11),(
    0.,6.303048278758),.PIECEWISE_BEZIER_KNOTS.);
#4967 = CARTESIAN_POINT('',(13.,-5.6E-16,-1.9375));
#4968 = CARTESIAN_POINT('',(13.000000805976,0.942482042061,
    -1.887500154747));
#4969 = CARTESIAN_POINT('',(12.342180217968,1.88490053282,
    -1.837502960968));
#4970 = CARTESIAN_POINT('',(11.02493752388,2.308307351446,
    -1.787491857919));
#4971 = CARTESIAN_POINT('',(9.520847274645,1.714909336101,
    -1.737508459097));
#4972 = CARTESIAN_POINT('',(8.724103861559,-1.226329071669E-05,
    -1.687500055858));
#4973 = CARTESIAN_POINT('',(9.520757657148,-1.714891257779,
    -1.637491653627));
#4974 = CARTESIAN_POINT('',(11.02502385859,-2.308314284812,
    -1.587508254144));
#4975 = CARTESIAN_POINT('',(12.342150223011,-1.884899404424,
    -1.537497151356));
#4976 = CARTESIAN_POINT('',(12.99999978247,-0.942482036221,
    -1.487499957532));
#4977 = CARTESIAN_POINT('',(13.000000584779,5.83965709E-09,
    -1.437500112276));
#4978 = PCURVE('',#4553,#4979);
#4979 = DEFINITIONAL_REPRESENTATION('',(#4980),#4984);
#4980 = LINE('',#4981,#4982);
#4981 = CARTESIAN_POINT('',(0.3125,0.));
#4982 = VECTOR('',#4983,1.);
#4983 = DIRECTION('',(0.,1.));
#4984 = ( GEOMETRIC_REPRESENTATION_CONTEXT(2) 
PARAMETRIC_REPRESENTATION_CONTEXT() REPRESENTATION_CONTEXT('2D SPACE',''
  ) );
#4985 = PCURVE('',#4631,#4986);
#4986 = DEFINITIONAL_REPRESENTATION('',(#4987),#4990);
#4987 = B_SPLINE_CURVE_WITH_KNOTS('',1,(#4988,#4989),.UNSPECIFIED.,.F.,
  .F.,(2,2),(0.,6.303048278758),.PIECEWISE_BEZIER_KNOTS.);
#4988 = CARTESIAN_POINT('',(0.,0.));
#4989 = CARTESIAN_POINT('',(0.,6.303048278758));
#4990 = ( GEOMETRIC_REPRESENTATION_CONTEXT(2) 
PARAMETRIC_REPRESENTATION_CONTEXT() REPRESENTATION_CONTEXT('2D SPACE',''
  ) );
#4991 = ORIENTED_EDGE('',*,*,#4538,.F.);
#4992 = ADVANCED_FACE('',(#4993),#4631,.T.);
#4993 = FACE_BOUND('',#4994,.T.);
#4994 = EDGE_LOOP('',(#4995,#4996,#5041,#5070));
#4995 = ORIENTED_EDGE('',*,*,#4964,.F.);
#4996 = ORIENTED_EDGE('',*,*,#4997,.T.);
#4997 = EDGE_CURVE('',#4920,#4998,#5000,.T.);
#4998 = VERTEX_POINT('',#4999);
#4999 = CARTESIAN_POINT('',(12.999999473699,2.919909E-09,-2.00000005614)
  );
#5000 = SURFACE_CURVE('',#5001,(#5004,#5011),.PCURVE_S1.);
#5001 = B_SPLINE_CURVE_WITH_KNOTS('',1,(#5002,#5003),.UNSPECIFIED.,.F.,
  .F.,(2,2),(0.,6.25E-02),.PIECEWISE_BEZIER_KNOTS.);
#5002 = CARTESIAN_POINT('',(13.000000584779,5.83965796E-09,
    -1.937500112276));
#5003 = CARTESIAN_POINT('',(13.00000081869,5.83963466E-09,
    -2.000000112276));
#5004 = PCURVE('',#4631,#5005);
#5005 = DEFINITIONAL_REPRESENTATION('',(#5006),#5010);
#5006 = LINE('',#5007,#5008);
#5007 = CARTESIAN_POINT('',(0.,0.));
#5008 = VECTOR('',#5009,1.);
#5009 = DIRECTION('',(1.,0.));
#5010 = ( GEOMETRIC_REPRESENTATION_CONTEXT(2) 
PARAMETRIC_REPRESENTATION_CONTEXT() REPRESENTATION_CONTEXT('2D SPACE',''
  ) );
#5011 = PCURVE('',#5012,#5035);
#5012 = B_SPLINE_SURFACE_WITH_KNOTS('',1,10,(
    (#5013,#5014,#5015,#5016,#5017,#5018,#5019,#5020,#5021,#5022,#5023)
    ,(#5024,#5025,#5026,#5027,#5028,#5029,#5030,#5031,#5032,#5033,#5034
    )),.UNSPECIFIED.,.F.,.F.,.F.,(2,2),(11,11),(0.,6.25E-02),(0.,
    6.303048278758),.PIECEWISE_BEZIER_KNOTS.);
#5013 = CARTESIAN_POINT('',(13.,-1.46E-15,-2.4375));
#5014 = CARTESIAN_POINT('',(13.000000805976,0.942482042061,
    -2.387500154747));
#5015 = CARTESIAN_POINT('',(12.342180217968,1.88490053282,
    -2.337502960968));
#5016 = CARTESIAN_POINT('',(11.02493752388,2.308307351446,
    -2.287491857919));
#5017 = CARTESIAN_POINT('',(9.520847274645,1.714909336101,
    -2.237508459097));
#5018 = CARTESIAN_POINT('',(8.72410386156,-1.226329080994E-05,
    -2.187500055858));
#5019 = CARTESIAN_POINT('',(9.520757657148,-1.714891257779,
    -2.137491653627));
#5020 = CARTESIAN_POINT('',(11.02502385859,-2.308314284812,
    -2.087508254144));
#5021 = CARTESIAN_POINT('',(12.342150223011,-1.884899404424,
    -2.037497151356));
#5022 = CARTESIAN_POINT('',(12.99999978247,-0.942482036221,
    -1.987499957532));
#5023 = CARTESIAN_POINT('',(13.000000584779,5.83965796E-09,
    -1.937500112276));
#5024 = CARTESIAN_POINT('',(13.,9.9E-16,-2.5));
#5025 = CARTESIAN_POINT('',(13.000001128367,0.94248211553,
    -2.450000154747));
#5026 = CARTESIAN_POINT('',(12.342186284101,1.884900904938,
    -2.400002960966));
#5027 = CARTESIAN_POINT('',(11.024920221652,2.308306144833,
    -2.349991857908));
#5028 = CARTESIAN_POINT('',(9.520865045263,1.714913087294,
    -2.300008459153));
#5029 = CARTESIAN_POINT('',(8.724103644986,-1.716644223348E-05,
    -2.250000055746));
#5030 = CARTESIAN_POINT('',(9.520739578105,-1.714887774566,
    -2.199991653748));
#5031 = CARTESIAN_POINT('',(11.025041086644,-2.308315850802,
    -2.150008254069));
#5032 = CARTESIAN_POINT('',(12.342144288229,-1.884899326496,
    -2.099997151377));
#5033 = CARTESIAN_POINT('',(12.999999693991,-0.94248210969,
    -2.049999957533));
#5034 = CARTESIAN_POINT('',(13.00000081869,5.83963466E-09,
    -2.000000112276));
#5035 = DEFINITIONAL_REPRESENTATION('',(#5036),#5040);
#5036 = LINE('',#5037,#5038);
#5037 = CARTESIAN_POINT('',(0.,6.303048278758));
#5038 = VECTOR('',#5039,1.);
#5039 = DIRECTION('',(1.,0.));
#5040 = ( GEOMETRIC_REPRESENTATION_CONTEXT(2) 
PARAMETRIC_REPRESENTATION_CONTEXT() REPRESENTATION_CONTEXT('2D SPACE',''
  ) );
#5041 = ORIENTED_EDGE('',*,*,#5042,.T.);
#5042 = EDGE_CURVE('',#4998,#4617,#5043,.T.);
#5043 = SURFACE_CURVE('',#5044,(#5056,#5063),.PCURVE_S1.);
#5044 = B_SPLINE_CURVE_WITH_KNOTS('',10,(#5045,#5046,#5047,#5048,#5049,
    #5050,#5051,#5052,#5053,#5054,#5055),.UNSPECIFIED.,.F.,.F.,(11,11),(
    0.,6.303048278758),.PIECEWISE_BEZIER_KNOTS.);
#5045 = CARTESIAN_POINT('',(13.,9.9E-16,-2.));
#5046 = CARTESIAN_POINT('',(13.000001128367,0.94248211553,
    -1.950000154747));
#5047 = CARTESIAN_POINT('',(12.342186284101,1.884900904938,
    -1.900002960966));
#5048 = CARTESIAN_POINT('',(11.024920221652,2.308306144833,
    -1.849991857908));
#5049 = CARTESIAN_POINT('',(9.520865045263,1.714913087294,
    -1.800008459153));
#5050 = CARTESIAN_POINT('',(8.724103644986,-1.716644223348E-05,
    -1.750000055746));
#5051 = CARTESIAN_POINT('',(9.520739578105,-1.714887774566,
    -1.699991653748));
#5052 = CARTESIAN_POINT('',(11.025041086644,-2.308315850802,
    -1.650008254069));
#5053 = CARTESIAN_POINT('',(12.342144288229,-1.884899326496,
    -1.599997151377));
#5054 = CARTESIAN_POINT('',(12.999999693991,-0.94248210969,
    -1.549999957533));
#5055 = CARTESIAN_POINT('',(13.00000081869,5.83963466E-09,
    -1.500000112276));
#5056 = PCURVE('',#4631,#5057);
#5057 = DEFINITIONAL_REPRESENTATION('',(#5058),#5062);
#5058 = LINE('',#5059,#5060);
#5059 = CARTESIAN_POINT('',(6.25E-02,0.));
#5060 = VECTOR('',#5061,1.);
#5061 = DIRECTION('',(0.,1.));
#5062 = ( GEOMETRIC_REPRESENTATION_CONTEXT(2) 
PARAMETRIC_REPRESENTATION_CONTEXT() REPRESENTATION_CONTEXT('2D SPACE',''
  ) );
#5063 = PCURVE('',#4710,#5064);
#5064 = DEFINITIONAL_REPRESENTATION('',(#5065),#5069);
#5065 = LINE('',#5066,#5067);
#5066 = CARTESIAN_POINT('',(0.,0.));
#5067 = VECTOR('',#5068,1.);
#5068 = DIRECTION('',(0.,1.));
#5069 = ( GEOMETRIC_REPRESENTATION_CONTEXT(2) 
PARAMETRIC_REPRESENTATION_CONTEXT() REPRESENTATION_CONTEXT('2D SPACE',''
  ) );
#5070 = ORIENTED_EDGE('',*,*,#4616,.F.);
#5071 = ADVANCED_FACE('',(#5072),#4710,.T.);
#5072 = FACE_BOUND('',#5073,.T.);
#5073 = EDGE_LOOP('',(#5074,#5075,#5120,#5148));
#5074 = ORIENTED_EDGE('',*,*,#5042,.F.);
#5075 = ORIENTED_EDGE('',*,*,#5076,.T.);
#5076 = EDGE_CURVE('',#4998,#5077,#5079,.T.);
#5077 = VERTEX_POINT('',#5078);
#5078 = CARTESIAN_POINT('',(12.729366593497,5.8520358E-08,
    -2.156251125144));
#5079 = SURFACE_CURVE('',#5080,(#5083,#5090),.PCURVE_S1.);
#5080 = B_SPLINE_CURVE_WITH_KNOTS('',1,(#5081,#5082),.UNSPECIFIED.,.F.,
  .F.,(2,2),(0.,0.3125),.PIECEWISE_BEZIER_KNOTS.);
#5081 = CARTESIAN_POINT('',(12.999998947399,5.83981767E-09,
    -2.000000112279));
#5082 = CARTESIAN_POINT('',(12.729366593497,5.852035727E-08,
    -2.156251125144));
#5083 = PCURVE('',#4710,#5084);
#5084 = DEFINITIONAL_REPRESENTATION('',(#5085),#5089);
#5085 = LINE('',#5086,#5087);
#5086 = CARTESIAN_POINT('',(0.,0.));
#5087 = VECTOR('',#5088,1.);
#5088 = DIRECTION('',(1.,0.));
#5089 = ( GEOMETRIC_REPRESENTATION_CONTEXT(2) 
PARAMETRIC_REPRESENTATION_CONTEXT() REPRESENTATION_CONTEXT('2D SPACE',''
  ) );
#5090 = PCURVE('',#5091,#5114);
#5091 = B_SPLINE_SURFACE_WITH_KNOTS('',1,10,(
    (#5092,#5093,#5094,#5095,#5096,#5097,#5098,#5099,#5100,#5101,#5102)
    ,(#5103,#5104,#5105,#5106,#5107,#5108,#5109,#5110,#5111,#5112,#5113
    )),.UNSPECIFIED.,.F.,.F.,.F.,(2,2),(11,11),(0.,0.3125),(0.,
    6.303048278758),.PIECEWISE_BEZIER_KNOTS.);
#5092 = CARTESIAN_POINT('',(13.,1.04E-15,-2.5));
#5093 = CARTESIAN_POINT('',(12.999998549242,0.942481527773,
    -2.450000154747));
#5094 = CARTESIAN_POINT('',(12.342137755035,1.884897927994,
    -2.400002960982));
#5095 = CARTESIAN_POINT('',(11.025058639477,2.30831579774,
    -2.349991857995));
#5096 = CARTESIAN_POINT('',(9.520722880316,1.71488307775,-2.300008458702
    ));
#5097 = CARTESIAN_POINT('',(8.724105377576,2.205876887018E-05,
    -2.250000056644));
#5098 = CARTESIAN_POINT('',(9.520884210451,-1.714915640266,
    -2.199991652773));
#5099 = CARTESIAN_POINT('',(11.024903262209,-2.308303322877,
    -2.150008254668));
#5100 = CARTESIAN_POINT('',(12.342191766491,-1.884899949923,
    -2.099997151211));
#5101 = CARTESIAN_POINT('',(13.000000401825,-0.942481521934,
    -2.049999957527));
#5102 = CARTESIAN_POINT('',(12.999998947399,5.83981767E-09,
    -2.000000112279));
#5103 = CARTESIAN_POINT('',(12.729367061317,-6.2E-16,-2.65625));
#5104 = CARTESIAN_POINT('',(12.729366416536,0.772474667544,
    -2.60625155074));
#5105 = CARTESIAN_POINT('',(12.190181709836,1.544524758362,
    -2.556279672206));
#5106 = CARTESIAN_POINT('',(11.110833561861,1.892517108095,
    -2.506168407703));
#5107 = CARTESIAN_POINT('',(9.877611517613,1.404841839361,
    -2.456334767911));
#5108 = CARTESIAN_POINT('',(9.225251982551,9.75207505949E-06,
    -2.406250562796));
#5109 = CARTESIAN_POINT('',(9.877683283657,-1.404856385268,
    -2.356166356875));
#5110 = CARTESIAN_POINT('',(11.110764591517,-1.892511581469,
    -2.306332717612));
#5111 = CARTESIAN_POINT('',(12.190205785161,-1.544525625589,
    -2.2562214529));
#5112 = CARTESIAN_POINT('',(12.729367275034,-0.772474609024,
    -2.206249574402));
#5113 = CARTESIAN_POINT('',(12.729366593497,5.852035727E-08,
    -2.156251125144));
#5114 = DEFINITIONAL_REPRESENTATION('',(#5115),#5119);
#5115 = LINE('',#5116,#5117);
#5116 = CARTESIAN_POINT('',(0.,6.303048278758));
#5117 = VECTOR('',#5118,1.);
#5118 = DIRECTION('',(1.,0.));
#5119 = ( GEOMETRIC_REPRESENTATION_CONTEXT(2) 
PARAMETRIC_REPRESENTATION_CONTEXT() REPRESENTATION_CONTEXT('2D SPACE',''
  ) );
#5120 = ORIENTED_EDGE('',*,*,#5121,.T.);
#5121 = EDGE_CURVE('',#5077,#4696,#5122,.T.);
#5122 = SURFACE_CURVE('',#5123,(#5135,#5142),.PCURVE_S1.);
#5123 = B_SPLINE_CURVE_WITH_KNOTS('',10,(#5124,#5125,#5126,#5127,#5128,
    #5129,#5130,#5131,#5132,#5133,#5134),.UNSPECIFIED.,.F.,.F.,(11,11),(
    0.,6.303048278758),.PIECEWISE_BEZIER_KNOTS.);
#5124 = CARTESIAN_POINT('',(12.729367061317,-6.2E-16,-2.15625));
#5125 = CARTESIAN_POINT('',(12.729366416536,0.772474667544,
    -2.10625155074));
#5126 = CARTESIAN_POINT('',(12.190181709836,1.544524758362,
    -2.056279672206));
#5127 = CARTESIAN_POINT('',(11.110833561861,1.892517108095,
    -2.006168407703));
#5128 = CARTESIAN_POINT('',(9.877611517613,1.404841839361,
    -1.956334767911));
#5129 = CARTESIAN_POINT('',(9.225251982551,9.75207505949E-06,
    -1.906250562796));
#5130 = CARTESIAN_POINT('',(9.877683283657,-1.404856385268,
    -1.856166356875));
#5131 = CARTESIAN_POINT('',(11.110764591517,-1.892511581469,
    -1.806332717612));
#5132 = CARTESIAN_POINT('',(12.190205785161,-1.544525625589,
    -1.7562214529));
#5133 = CARTESIAN_POINT('',(12.729367275034,-0.772474609024,
    -1.706249574402));
#5134 = CARTESIAN_POINT('',(12.729366593497,5.852035727E-08,
    -1.656251125144));
#5135 = PCURVE('',#4710,#5136);
#5136 = DEFINITIONAL_REPRESENTATION('',(#5137),#5141);
#5137 = LINE('',#5138,#5139);
#5138 = CARTESIAN_POINT('',(0.3125,0.));
#5139 = VECTOR('',#5140,1.);
#5140 = DIRECTION('',(0.,1.));
#5141 = ( GEOMETRIC_REPRESENTATION_CONTEXT(2) 
PARAMETRIC_REPRESENTATION_CONTEXT() REPRESENTATION_CONTEXT('2D SPACE',''
  ) );
#5142 = PCURVE('',#4793,#5143);
#5143 = DEFINITIONAL_REPRESENTATION('',(#5144),#5147);
#5144 = B_SPLINE_CURVE_WITH_KNOTS('',1,(#5145,#5146),.UNSPECIFIED.,.F.,
  .F.,(2,2),(0.,6.303048278758),.PIECEWISE_BEZIER_KNOTS.);
#5145 = CARTESIAN_POINT('',(0.,0.));
#5146 = CARTESIAN_POINT('',(0.,6.303048278758));
#5147 = ( GEOMETRIC_REPRESENTATION_CONTEXT(2) 
PARAMETRIC_REPRESENTATION_CONTEXT() REPRESENTATION_CONTEXT('2D SPACE',''
  ) );
#5148 = ORIENTED_EDGE('',*,*,#4695,.F.);
#5149 = ADVANCED_FACE('',(#5150),#4793,.T.);
#5150 = FACE_BOUND('',#5151,.T.);
#5151 = EDGE_LOOP('',(#5152,#5153,#5265,#5294));
#5152 = ORIENTED_EDGE('',*,*,#5121,.F.);
#5153 = ORIENTED_EDGE('',*,*,#5154,.T.);
#5154 = EDGE_CURVE('',#5077,#5155,#5157,.T.);
#5155 = VERTEX_POINT('',#5156);
#5156 = CARTESIAN_POINT('',(12.729367061319,5.8520312E-08,
    -2.281251125144));
#5157 = SURFACE_CURVE('',#5158,(#5166,#5173),.PCURVE_S1.);
#5158 = ( BOUNDED_CURVE() B_SPLINE_CURVE(6,(#5159,#5160,#5161,#5162,
#5163,#5164,#5165),.UNSPECIFIED.,.F.,.F.) B_SPLINE_CURVE_WITH_KNOTS((7,7
),(0.,2.094395102393),.PIECEWISE_BEZIER_KNOTS.) CURVE() 
GEOMETRIC_REPRESENTATION_ITEM() RATIONAL_B_SPLINE_CURVE((1.056590953773,
    1.017435169568,0.996326512422,0.989390034249,0.996326512422,
1.017435169568,1.056590953773)) REPRESENTATION_ITEM('') );
#5159 = CARTESIAN_POINT('',(12.729366593497,5.852035787E-08,
    -2.156251125144));
#5160 = CARTESIAN_POINT('',(12.706710993838,6.293043361E-08,
    -2.16933145476));
#5161 = CARTESIAN_POINT('',(12.690745576385,6.60382207E-08,
    -2.191470252644));
#5162 = CARTESIAN_POINT('',(12.68497508281,6.716149847E-08,
    -2.218751291284));
#5163 = CARTESIAN_POINT('',(12.690745780588,6.603820094E-08,
    -2.24603228673));
#5164 = CARTESIAN_POINT('',(12.706711363753,6.29303967E-08,
    -2.268170965109));
#5165 = CARTESIAN_POINT('',(12.729367061319,5.852031226E-08,
    -2.281251125144));
#5166 = PCURVE('',#4793,#5167);
#5167 = DEFINITIONAL_REPRESENTATION('',(#5168),#5172);
#5168 = LINE('',#5169,#5170);
#5169 = CARTESIAN_POINT('',(0.,0.));
#5170 = VECTOR('',#5171,1.);
#5171 = DIRECTION('',(1.,0.));
#5172 = ( GEOMETRIC_REPRESENTATION_CONTEXT(2) 
PARAMETRIC_REPRESENTATION_CONTEXT() REPRESENTATION_CONTEXT('2D SPACE',''
  ) );
#5173 = PCURVE('',#5174,#5259);
#5174 = ( BOUNDED_SURFACE() B_SPLINE_SURFACE(6,11,(
    (#5175,#5176,#5177,#5178,#5179,#5180,#5181,#5182,#5183,#5184,#5185
      ,#5186)
    ,(#5187,#5188,#5189,#5190,#5191,#5192,#5193,#5194,#5195,#5196,#5197
      ,#5198)
    ,(#5199,#5200,#5201,#5202,#5203,#5204,#5205,#5206,#5207,#5208,#5209
      ,#5210)
    ,(#5211,#5212,#5213,#5214,#5215,#5216,#5217,#5218,#5219,#5220,#5221
      ,#5222)
    ,(#5223,#5224,#5225,#5226,#5227,#5228,#5229,#5230,#5231,#5232,#5233
      ,#5234)
    ,(#5235,#5236,#5237,#5238,#5239,#5240,#5241,#5242,#5243,#5244,#5245
      ,#5246)
    ,(#5247,#5248,#5249,#5250,#5251,#5252,#5253,#5254,#5255,#5256,#5257
,#5258
    )),.UNSPECIFIED.,.F.,.F.,.F.) B_SPLINE_SURFACE_WITH_KNOTS((7,7),(12,
    12),(0.,2.094395102393),(0.,6.303048278758),
.PIECEWISE_BEZIER_KNOTS.) GEOMETRIC_REPRESENTATION_ITEM() 
RATIONAL_B_SPLINE_SURFACE((
    (1.056590953773,1.056590953773,1.056590953773,1.056590953773
      ,1.056590953773,1.056590953773,1.056590953773,1.056590953773
      ,1.056590953773,1.056590953773,1.056590953773,1.056590953773)
    ,(1.017435169568,1.017435169568,1.017435169568,1.017435169568
      ,1.017435169569,1.017435169567,1.017435169569,1.017435169567
      ,1.017435169569,1.017435169568,1.017435169568,1.017435169568)
    ,(0.996326512422,0.996326512422,0.996326512422,0.996326512422
      ,0.996326512422,0.996326512422,0.996326512422,0.996326512422
      ,0.996326512422,0.996326512422,0.996326512422,0.996326512422)
    ,(0.989390034249,0.989390034249,0.989390034249,0.989390034248
      ,0.989390034249,0.989390034248,0.989390034249,0.989390034248
      ,0.989390034249,0.989390034249,0.989390034249,0.989390034249)
    ,(0.996326512422,0.996326512422,0.996326512422,0.996326512422
      ,0.996326512423,0.996326512422,0.996326512423,0.996326512422
      ,0.996326512422,0.996326512422,0.996326512422,0.996326512422)
    ,(1.017435169568,1.017435169568,1.017435169568,1.017435169568
      ,1.017435169568,1.017435169568,1.017435169568,1.017435169568
      ,1.017435169568,1.017435169568,1.017435169568,1.017435169568)
    ,(1.056590953773,1.056590953773,1.056590953773,1.056590953773
      ,1.056590953773,1.056590953773,1.056590953773,1.056590953773
      ,1.056590953773,1.056590953773,1.056590953773,1.056590953773
))) REPRESENTATION_ITEM('') SURFACE() );
#5175 = CARTESIAN_POINT('',(12.729367061317,-8.9E-16,-2.65625));
#5176 = CARTESIAN_POINT('',(12.729366475153,0.702249697767,
    -2.610796864309));
#5177 = CARTESIAN_POINT('',(12.288215292872,1.404152014577,
    -2.565365468303));
#5178 = CARTESIAN_POINT('',(11.405228126135,1.799593725218,
    -2.519764593877));
#5179 = CARTESIAN_POINT('',(10.325950267665,1.57438550159,
    -2.474733143471));
#5180 = CARTESIAN_POINT('',(9.521967668362,0.65248550448,-2.428521374864
    ));
#5181 = CARTESIAN_POINT('',(9.521623040452,-0.652481477629,
    -2.383979750362));
#5182 = CARTESIAN_POINT('',(10.326182116191,-1.574392748394,
    -2.337767981508));
#5183 = CARTESIAN_POINT('',(11.405130756775,-1.79958994237,
    -2.292736531381));
#5184 = CARTESIAN_POINT('',(12.288235146956,-1.404152713486,
    -2.247135656809));
#5185 = CARTESIAN_POINT('',(12.729367213076,-0.702249639247,
    -2.201704260833));
#5186 = CARTESIAN_POINT('',(12.729366593497,5.852035787E-08,
    -2.156251125144));
#5187 = CARTESIAN_POINT('',(12.706711412705,-9.4E-16,-2.669330244825));
#5188 = CARTESIAN_POINT('',(12.706710887878,0.689311624436,
    -2.623877215373));
#5189 = CARTESIAN_POINT('',(12.273688183304,1.378251248192,
    -2.578447563906));
#5190 = CARTESIAN_POINT('',(11.406978207997,1.766508676863,
    -2.53283566216));
#5191 = CARTESIAN_POINT('',(10.347584688725,1.545207894049,
    -2.487836096092));
#5192 = CARTESIAN_POINT('',(9.558411450456,0.640693720037,
    -2.441567263358));
#5193 = CARTESIAN_POINT('',(9.558102890851,-0.640690131518,-2.3970944363
    ));
#5194 = CARTESIAN_POINT('',(10.347792289543,-1.545214392582,
    -2.350825603345));
#5195 = CARTESIAN_POINT('',(11.40689104302,-1.766505290677,
    -2.305826037527));
#5196 = CARTESIAN_POINT('',(12.273705971844,-1.378251867211,
    -2.260214135651));
#5197 = CARTESIAN_POINT('',(12.706711554598,-0.689311561506,
    -2.21478448421));
#5198 = CARTESIAN_POINT('',(12.706710993838,6.293043361E-08,
    -2.16933145476));
#5199 = CARTESIAN_POINT('',(12.690745912395,1.22E-15,-2.691468982957));
#5200 = CARTESIAN_POINT('',(12.690745491383,0.680194141001,
    -2.646016028373));
#5201 = CARTESIAN_POINT('',(12.263451925878,1.359998969821,
    -2.600587606286));
#5202 = CARTESIAN_POINT('',(11.408206456915,1.743193388315,
    -2.55496793356));
#5203 = CARTESIAN_POINT('',(10.362842483049,1.524646753448,
    -2.509990836458));
#5204 = CARTESIAN_POINT('',(9.584075635439,0.632383815438,
    -2.463681790518));
#5205 = CARTESIAN_POINT('',(9.583828120218,-0.632380961802,
    -2.419257445142));
#5206 = CARTESIAN_POINT('',(10.363009038308,-1.52465198135,
    -2.372948399024));
#5207 = CARTESIAN_POINT('',(11.408136556791,-1.743190673158,
    -2.327971302122));
#5208 = CARTESIAN_POINT('',(12.263466213444,-1.359999456416,
    -2.282351629292));
#5209 = CARTESIAN_POINT('',(12.690746035103,-0.680194074963,
    -2.236923207227));
#5210 = CARTESIAN_POINT('',(12.690745576385,6.60382207E-08,
    -2.191470252644));
#5211 = CARTESIAN_POINT('',(12.684975316719,-1.4E-16,-2.71875));
#5212 = CARTESIAN_POINT('',(12.684975023637,0.676898723975,
    -2.673297072476));
#5213 = CARTESIAN_POINT('',(12.25975366587,1.353401935503,
    -2.627869094738));
#5214 = CARTESIAN_POINT('',(11.408642878931,1.73476603417,
    -2.582246613264));
#5215 = CARTESIAN_POINT('',(10.368375123567,1.517215703287,
    -2.53727763735));
#5216 = CARTESIAN_POINT('',(9.593325101967,0.629379971356,
    -2.490954056757));
#5217 = CARTESIAN_POINT('',(9.593152808743,-0.62937801894,
    -2.446547234568));
#5218 = CARTESIAN_POINT('',(10.368491095967,-1.517219362841,
    -2.400223653851));
#5219 = CARTESIAN_POINT('',(11.408594249883,-1.734764145693,
    -2.355254678077));
#5220 = CARTESIAN_POINT('',(12.259763636185,-1.353402260651,
    -2.30963219653));
#5221 = CARTESIAN_POINT('',(12.684975414241,-0.676898656813,
    -2.264204218807));
#5222 = CARTESIAN_POINT('',(12.68497508281,6.716149847E-08,
    -2.218751291284));
#5223 = CARTESIAN_POINT('',(12.690745912395,1.9E-16,-2.746031017043));
#5224 = CARTESIAN_POINT('',(12.690745747242,0.680194199309,
    -2.700578062459));
#5225 = CARTESIAN_POINT('',(12.263456309886,1.359999247274,
    -2.65514964037));
#5226 = CARTESIAN_POINT('',(11.408185179577,1.743192710825,
    -2.609529967663));
#5227 = CARTESIAN_POINT('',(10.362892969892,1.524648454363,
    -2.564552870478));
#5228 = CARTESIAN_POINT('',(9.584000249732,0.632382969166,
    -2.518243824741));
#5229 = CARTESIAN_POINT('',(9.583903177282,-0.632381914354,
    -2.473819479055));
#5230 = CARTESIAN_POINT('',(10.362958356576,-1.524650543427,
    -2.427510433248));
#5231 = CARTESIAN_POINT('',(11.408157818309,-1.743191648853,
    -2.382533336142));
#5232 = CARTESIAN_POINT('',(12.263461960383,-1.359999412416,
    -2.336913663393));
#5233 = CARTESIAN_POINT('',(12.690745983447,-0.680194133271,
    -2.291485241313));
#5234 = CARTESIAN_POINT('',(12.690745780588,6.603820094E-08,
    -2.24603228673));
#5235 = CARTESIAN_POINT('',(12.706711412705,9.7E-16,-2.768169755175));
#5236 = CARTESIAN_POINT('',(12.706711351367,0.689311730061,
    -2.722716725723));
#5237 = CARTESIAN_POINT('',(12.273696124966,1.3782517508,-2.677287074253
    ));
#5238 = CARTESIAN_POINT('',(11.406939663948,1.766507449584,
    -2.63167517254));
#5239 = CARTESIAN_POINT('',(10.347676145997,1.545210975269,
    -2.586675606322));
#5240 = CARTESIAN_POINT('',(9.558274888716,0.64069218701,-2.540406773956
    ));
#5241 = CARTESIAN_POINT('',(9.558238857252,-0.640691857074,
    -2.495933946337));
#5242 = CARTESIAN_POINT('',(10.347700479227,-1.545211787773,
    -2.449665113944));
#5243 = CARTESIAN_POINT('',(11.406929558411,-1.766507058156,
    -2.404665547756));
#5244 = CARTESIAN_POINT('',(12.273698267393,-1.378251787504,
    -2.359053646028));
#5245 = CARTESIAN_POINT('',(12.706711461023,-0.689311667131,
    -2.313623994561));
#5246 = CARTESIAN_POINT('',(12.706711363753,6.29303967E-08,
    -2.268170965109));
#5247 = CARTESIAN_POINT('',(12.729367061317,-1.11E-15,-2.78125));
#5248 = CARTESIAN_POINT('',(12.729367061317,0.702249831348,
    -2.735796864309));
#5249 = CARTESIAN_POINT('',(12.288225336505,1.404152650213,-2.6903654683
    ));
#5250 = CARTESIAN_POINT('',(11.405179380384,1.799592173108,
    -2.644764593915));
#5251 = CARTESIAN_POINT('',(10.326065931524,1.574389398336,
    -2.599733143319));
#5252 = CARTESIAN_POINT('',(9.521794961946,0.652483565697,
    -2.553521375178));
#5253 = CARTESIAN_POINT('',(9.521794993958,-0.652483659898,
    -2.508979749966));
#5254 = CARTESIAN_POINT('',(10.326066005847,-1.574389454154,
    -2.462767981824));
#5255 = CARTESIAN_POINT('',(11.405179466282,-1.799592177659,
    -2.417736531229));
#5256 = CARTESIAN_POINT('',(12.288225403319,-1.404152612683,
    -2.372135656843));
#5257 = CARTESIAN_POINT('',(12.729367094734,-0.702249772828,
    -2.326704260835));
#5258 = CARTESIAN_POINT('',(12.729367061319,5.852031226E-08,
    -2.281251125144));
#5259 = DEFINITIONAL_REPRESENTATION('',(#5260),#5264);
#5260 = LINE('',#5261,#5262);
#5261 = CARTESIAN_POINT('',(0.,6.303048278758));
#5262 = VECTOR('',#5263,1.);
#5263 = DIRECTION('',(1.,0.));
#5264 = ( GEOMETRIC_REPRESENTATION_CONTEXT(2) 
PARAMETRIC_REPRESENTATION_CONTEXT() REPRESENTATION_CONTEXT('2D SPACE',''
  ) );
#5265 = ORIENTED_EDGE('',*,*,#5266,.T.);
#5266 = EDGE_CURVE('',#5155,#4774,#5267,.T.);
#5267 = SURFACE_CURVE('',#5268,(#5281,#5288),.PCURVE_S1.);
#5268 = ( BOUNDED_CURVE() B_SPLINE_CURVE(11,(#5269,#5270,#5271,#5272,
    #5273,#5274,#5275,#5276,#5277,#5278,#5279,#5280),.UNSPECIFIED.,.F.,
.F.) B_SPLINE_CURVE_WITH_KNOTS((12,12),(0.,6.303048278758),
.PIECEWISE_BEZIER_KNOTS.) CURVE() GEOMETRIC_REPRESENTATION_ITEM() 
RATIONAL_B_SPLINE_CURVE((1.056590953773,1.056590953773,1.056590953773,
    1.056590953773,1.056590953773,1.056590953773,1.056590953773,
    1.056590953773,1.056590953773,1.056590953773,1.056590953773,
1.056590953773)) REPRESENTATION_ITEM('') );
#5269 = CARTESIAN_POINT('',(12.729367061317,-1.11E-15,-2.28125));
#5270 = CARTESIAN_POINT('',(12.729367061317,0.702249831348,
    -2.235796864309));
#5271 = CARTESIAN_POINT('',(12.288225336505,1.404152650213,-2.1903654683
    ));
#5272 = CARTESIAN_POINT('',(11.405179380384,1.799592173108,
    -2.144764593915));
#5273 = CARTESIAN_POINT('',(10.326065931524,1.574389398336,
    -2.099733143319));
#5274 = CARTESIAN_POINT('',(9.521794961946,0.652483565697,
    -2.053521375178));
#5275 = CARTESIAN_POINT('',(9.521794993958,-0.652483659898,
    -2.008979749966));
#5276 = CARTESIAN_POINT('',(10.326066005847,-1.574389454154,
    -1.962767981824));
#5277 = CARTESIAN_POINT('',(11.405179466282,-1.799592177659,
    -1.917736531229));
#5278 = CARTESIAN_POINT('',(12.288225403319,-1.404152612683,
    -1.872135656843));
#5279 = CARTESIAN_POINT('',(12.729367094734,-0.702249772828,
    -1.826704260835));
#5280 = CARTESIAN_POINT('',(12.729367061319,5.852031226E-08,
    -1.781251125144));
#5281 = PCURVE('',#4793,#5282);
#5282 = DEFINITIONAL_REPRESENTATION('',(#5283),#5287);
#5283 = LINE('',#5284,#5285);
#5284 = CARTESIAN_POINT('',(2.094395102393,0.));
#5285 = VECTOR('',#5286,1.);
#5286 = DIRECTION('',(0.,1.));
#5287 = ( GEOMETRIC_REPRESENTATION_CONTEXT(2) 
PARAMETRIC_REPRESENTATION_CONTEXT() REPRESENTATION_CONTEXT('2D SPACE',''
  ) );
#5288 = PCURVE('',#4934,#5289);
#5289 = DEFINITIONAL_REPRESENTATION('',(#5290),#5293);
#5290 = B_SPLINE_CURVE_WITH_KNOTS('',1,(#5291,#5292),.UNSPECIFIED.,.F.,
  .F.,(2,2),(0.,6.303048278758),.PIECEWISE_BEZIER_KNOTS.);
#5291 = CARTESIAN_POINT('',(0.,0.));
#5292 = CARTESIAN_POINT('',(0.,6.303048278758));
#5293 = ( GEOMETRIC_REPRESENTATION_CONTEXT(2) 
PARAMETRIC_REPRESENTATION_CONTEXT() REPRESENTATION_CONTEXT('2D SPACE',''
  ) );
#5294 = ORIENTED_EDGE('',*,*,#4773,.F.);
#5295 = ADVANCED_FACE('',(#5296),#4934,.T.);
#5296 = FACE_BOUND('',#5297,.T.);
#5297 = EDGE_LOOP('',(#5298,#5299,#5344,#5372));
#5298 = ORIENTED_EDGE('',*,*,#5266,.F.);
#5299 = ORIENTED_EDGE('',*,*,#5300,.T.);
#5300 = EDGE_CURVE('',#5155,#5301,#5303,.T.);
#5301 = VERTEX_POINT('',#5302);
#5302 = CARTESIAN_POINT('',(13.000000292389,2.919828E-09,-2.437500056138
    ));
#5303 = SURFACE_CURVE('',#5304,(#5307,#5314),.PCURVE_S1.);
#5304 = B_SPLINE_CURVE_WITH_KNOTS('',1,(#5305,#5306),.UNSPECIFIED.,.F.,
  .F.,(2,2),(0.,0.3125),.PIECEWISE_BEZIER_KNOTS.);
#5305 = CARTESIAN_POINT('',(12.729367061317,1.1E-16,-2.28125));
#5306 = CARTESIAN_POINT('',(13.,-5.6E-16,-2.4375));
#5307 = PCURVE('',#4934,#5308);
#5308 = DEFINITIONAL_REPRESENTATION('',(#5309),#5313);
#5309 = LINE('',#5310,#5311);
#5310 = CARTESIAN_POINT('',(0.,0.));
#5311 = VECTOR('',#5312,1.);
#5312 = DIRECTION('',(1.,0.));
#5313 = ( GEOMETRIC_REPRESENTATION_CONTEXT(2) 
PARAMETRIC_REPRESENTATION_CONTEXT() REPRESENTATION_CONTEXT('2D SPACE',''
  ) );
#5314 = PCURVE('',#5315,#5338);
#5315 = B_SPLINE_SURFACE_WITH_KNOTS('',1,10,(
    (#5316,#5317,#5318,#5319,#5320,#5321,#5322,#5323,#5324,#5325,#5326)
    ,(#5327,#5328,#5329,#5330,#5331,#5332,#5333,#5334,#5335,#5336,#5337
    )),.UNSPECIFIED.,.F.,.F.,.F.,(2,2),(11,11),(0.,0.3125),(0.,
    6.303048278758),.PIECEWISE_BEZIER_KNOTS.);
#5316 = CARTESIAN_POINT('',(12.729367061317,1.1E-16,-2.78125));
#5317 = CARTESIAN_POINT('',(12.729367061317,0.772474814483,
    -2.73125155074));
#5318 = CARTESIAN_POINT('',(12.190193842103,1.544525502598,
    -2.681279672202));
#5319 = CARTESIAN_POINT('',(11.110798957404,1.892514694868,
    -2.631168407681));
#5320 = CARTESIAN_POINT('',(9.87764705885,1.404849341747,-2.581334768024
    ));
#5321 = CARTESIAN_POINT('',(9.225251549403,-5.422788307E-08,
    -2.531250562572));
#5322 = CARTESIAN_POINT('',(9.877647125571,-1.404849418843,
    -2.481166357119));
#5323 = CARTESIAN_POINT('',(11.110799047625,-1.89251471345,
    -2.431332717462));
#5324 = CARTESIAN_POINT('',(12.190193915595,-1.544525469732,
    -2.381221452941));
#5325 = CARTESIAN_POINT('',(12.729367098075,-0.772474755963,
    -2.331249574404));
#5326 = CARTESIAN_POINT('',(12.729367061319,5.852031182E-08,
    -2.281251125144));
#5327 = CARTESIAN_POINT('',(13.,-5.6E-16,-2.9375));
#5328 = CARTESIAN_POINT('',(13.000000805976,0.942482042061,
    -2.887500154747));
#5329 = CARTESIAN_POINT('',(12.342180217968,1.88490053282,
    -2.837502960968));
#5330 = CARTESIAN_POINT('',(11.02493752388,2.308307351446,
    -2.787491857919));
#5331 = CARTESIAN_POINT('',(9.520847274645,1.714909336101,
    -2.737508459097));
#5332 = CARTESIAN_POINT('',(8.724103861559,-1.226329071669E-05,
    -2.687500055858));
#5333 = CARTESIAN_POINT('',(9.520757657148,-1.714891257779,
    -2.637491653627));
#5334 = CARTESIAN_POINT('',(11.02502385859,-2.308314284812,
    -2.587508254144));
#5335 = CARTESIAN_POINT('',(12.342150223011,-1.884899404424,
    -2.537497151356));
#5336 = CARTESIAN_POINT('',(12.99999978247,-0.942482036221,
    -2.487499957532));
#5337 = CARTESIAN_POINT('',(13.000000584779,5.83965709E-09,
    -2.437500112276));
#5338 = DEFINITIONAL_REPRESENTATION('',(#5339),#5343);
#5339 = LINE('',#5340,#5341);
#5340 = CARTESIAN_POINT('',(0.,6.303048278758));
#5341 = VECTOR('',#5342,1.);
#5342 = DIRECTION('',(1.,0.));
#5343 = ( GEOMETRIC_REPRESENTATION_CONTEXT(2) 
PARAMETRIC_REPRESENTATION_CONTEXT() REPRESENTATION_CONTEXT('2D SPACE',''
  ) );
#5344 = ORIENTED_EDGE('',*,*,#5345,.T.);
#5345 = EDGE_CURVE('',#5301,#4920,#5346,.T.);
#5346 = SURFACE_CURVE('',#5347,(#5359,#5366),.PCURVE_S1.);
#5347 = B_SPLINE_CURVE_WITH_KNOTS('',10,(#5348,#5349,#5350,#5351,#5352,
    #5353,#5354,#5355,#5356,#5357,#5358),.UNSPECIFIED.,.F.,.F.,(11,11),(
    0.,6.303048278758),.PIECEWISE_BEZIER_KNOTS.);
#5348 = CARTESIAN_POINT('',(13.,-5.6E-16,-2.4375));
#5349 = CARTESIAN_POINT('',(13.000000805976,0.942482042061,
    -2.387500154747));
#5350 = CARTESIAN_POINT('',(12.342180217968,1.88490053282,
    -2.337502960968));
#5351 = CARTESIAN_POINT('',(11.02493752388,2.308307351446,
    -2.287491857919));
#5352 = CARTESIAN_POINT('',(9.520847274645,1.714909336101,
    -2.237508459097));
#5353 = CARTESIAN_POINT('',(8.724103861559,-1.226329071669E-05,
    -2.187500055858));
#5354 = CARTESIAN_POINT('',(9.520757657148,-1.714891257779,
    -2.137491653627));
#5355 = CARTESIAN_POINT('',(11.02502385859,-2.308314284812,
    -2.087508254144));
#5356 = CARTESIAN_POINT('',(12.342150223011,-1.884899404424,
    -2.037497151356));
#5357 = CARTESIAN_POINT('',(12.99999978247,-0.942482036221,
    -1.987499957532));
#5358 = CARTESIAN_POINT('',(13.000000584779,5.83965709E-09,
    -1.937500112276));
#5359 = PCURVE('',#4934,#5360);
#5360 = DEFINITIONAL_REPRESENTATION('',(#5361),#5365);
#5361 = LINE('',#5362,#5363);
#5362 = CARTESIAN_POINT('',(0.3125,0.));
#5363 = VECTOR('',#5364,1.);
#5364 = DIRECTION('',(0.,1.));
#5365 = ( GEOMETRIC_REPRESENTATION_CONTEXT(2) 
PARAMETRIC_REPRESENTATION_CONTEXT() REPRESENTATION_CONTEXT('2D SPACE',''
  ) );
#5366 = PCURVE('',#5012,#5367);
#5367 = DEFINITIONAL_REPRESENTATION('',(#5368),#5371);
#5368 = B_SPLINE_CURVE_WITH_KNOTS('',1,(#5369,#5370),.UNSPECIFIED.,.F.,
  .F.,(2,2),(0.,6.303048278758),.PIECEWISE_BEZIER_KNOTS.);
#5369 = CARTESIAN_POINT('',(0.,0.));
#5370 = CARTESIAN_POINT('',(0.,6.303048278758));
#5371 = ( GEOMETRIC_REPRESENTATION_CONTEXT(2) 
PARAMETRIC_REPRESENTATION_CONTEXT() REPRESENTATION_CONTEXT('2D SPACE',''
  ) );
#5372 = ORIENTED_EDGE('',*,*,#4919,.F.);
#5373 = ADVANCED_FACE('',(#5374),#5012,.T.);
#5374 = FACE_BOUND('',#5375,.T.);
#5375 = EDGE_LOOP('',(#5376,#5377,#5422,#5451));
#5376 = ORIENTED_EDGE('',*,*,#5345,.F.);
#5377 = ORIENTED_EDGE('',*,*,#5378,.T.);
#5378 = EDGE_CURVE('',#5301,#5379,#5381,.T.);
#5379 = VERTEX_POINT('',#5380);
#5380 = CARTESIAN_POINT('',(12.999999473699,2.919909E-09,-2.50000005614)
  );
#5381 = SURFACE_CURVE('',#5382,(#5385,#5392),.PCURVE_S1.);
#5382 = B_SPLINE_CURVE_WITH_KNOTS('',1,(#5383,#5384),.UNSPECIFIED.,.F.,
  .F.,(2,2),(0.,6.25E-02),.PIECEWISE_BEZIER_KNOTS.);
#5383 = CARTESIAN_POINT('',(13.000000584779,5.83965796E-09,
    -2.437500112276));
#5384 = CARTESIAN_POINT('',(13.00000081869,5.83963466E-09,
    -2.500000112276));
#5385 = PCURVE('',#5012,#5386);
#5386 = DEFINITIONAL_REPRESENTATION('',(#5387),#5391);
#5387 = LINE('',#5388,#5389);
#5388 = CARTESIAN_POINT('',(0.,0.));
#5389 = VECTOR('',#5390,1.);
#5390 = DIRECTION('',(1.,0.));
#5391 = ( GEOMETRIC_REPRESENTATION_CONTEXT(2) 
PARAMETRIC_REPRESENTATION_CONTEXT() REPRESENTATION_CONTEXT('2D SPACE',''
  ) );
#5392 = PCURVE('',#5393,#5416);
#5393 = B_SPLINE_SURFACE_WITH_KNOTS('',1,10,(
    (#5394,#5395,#5396,#5397,#5398,#5399,#5400,#5401,#5402,#5403,#5404)
    ,(#5405,#5406,#5407,#5408,#5409,#5410,#5411,#5412,#5413,#5414,#5415
    )),.UNSPECIFIED.,.F.,.F.,.F.,(2,2),(11,11),(0.,6.25E-02),(0.,
    6.303048278758),.PIECEWISE_BEZIER_KNOTS.);
#5394 = CARTESIAN_POINT('',(13.,-1.46E-15,-2.9375));
#5395 = CARTESIAN_POINT('',(13.000000805976,0.942482042061,
    -2.887500154747));
#5396 = CARTESIAN_POINT('',(12.342180217968,1.88490053282,
    -2.837502960968));
#5397 = CARTESIAN_POINT('',(11.02493752388,2.308307351446,
    -2.787491857919));
#5398 = CARTESIAN_POINT('',(9.520847274645,1.714909336101,
    -2.737508459097));
#5399 = CARTESIAN_POINT('',(8.72410386156,-1.226329080994E-05,
    -2.687500055858));
#5400 = CARTESIAN_POINT('',(9.520757657148,-1.714891257779,
    -2.637491653627));
#5401 = CARTESIAN_POINT('',(11.02502385859,-2.308314284812,
    -2.587508254144));
#5402 = CARTESIAN_POINT('',(12.342150223011,-1.884899404424,
    -2.537497151356));
#5403 = CARTESIAN_POINT('',(12.99999978247,-0.942482036221,
    -2.487499957532));
#5404 = CARTESIAN_POINT('',(13.000000584779,5.83965796E-09,
    -2.437500112276));
#5405 = CARTESIAN_POINT('',(13.,9.9E-16,-3.));
#5406 = CARTESIAN_POINT('',(13.000001128367,0.94248211553,
    -2.950000154747));
#5407 = CARTESIAN_POINT('',(12.342186284101,1.884900904938,
    -2.900002960966));
#5408 = CARTESIAN_POINT('',(11.024920221652,2.308306144833,
    -2.849991857908));
#5409 = CARTESIAN_POINT('',(9.520865045263,1.714913087294,
    -2.800008459153));
#5410 = CARTESIAN_POINT('',(8.724103644986,-1.716644223348E-05,
    -2.750000055746));
#5411 = CARTESIAN_POINT('',(9.520739578105,-1.714887774566,
    -2.699991653748));
#5412 = CARTESIAN_POINT('',(11.025041086644,-2.308315850802,
    -2.650008254069));
#5413 = CARTESIAN_POINT('',(12.342144288229,-1.884899326496,
    -2.599997151377));
#5414 = CARTESIAN_POINT('',(12.999999693991,-0.94248210969,
    -2.549999957533));
#5415 = CARTESIAN_POINT('',(13.00000081869,5.83963466E-09,
    -2.500000112276));
#5416 = DEFINITIONAL_REPRESENTATION('',(#5417),#5421);
#5417 = LINE('',#5418,#5419);
#5418 = CARTESIAN_POINT('',(0.,6.303048278758));
#5419 = VECTOR('',#5420,1.);
#5420 = DIRECTION('',(1.,0.));
#5421 = ( GEOMETRIC_REPRESENTATION_CONTEXT(2) 
PARAMETRIC_REPRESENTATION_CONTEXT() REPRESENTATION_CONTEXT('2D SPACE',''
  ) );
#5422 = ORIENTED_EDGE('',*,*,#5423,.T.);
#5423 = EDGE_CURVE('',#5379,#4998,#5424,.T.);
#5424 = SURFACE_CURVE('',#5425,(#5437,#5444),.PCURVE_S1.);
#5425 = B_SPLINE_CURVE_WITH_KNOTS('',10,(#5426,#5427,#5428,#5429,#5430,
    #5431,#5432,#5433,#5434,#5435,#5436),.UNSPECIFIED.,.F.,.F.,(11,11),(
    0.,6.303048278758),.PIECEWISE_BEZIER_KNOTS.);
#5426 = CARTESIAN_POINT('',(13.,9.9E-16,-2.5));
#5427 = CARTESIAN_POINT('',(13.000001128367,0.94248211553,
    -2.450000154747));
#5428 = CARTESIAN_POINT('',(12.342186284101,1.884900904938,
    -2.400002960966));
#5429 = CARTESIAN_POINT('',(11.024920221652,2.308306144833,
    -2.349991857908));
#5430 = CARTESIAN_POINT('',(9.520865045263,1.714913087294,
    -2.300008459153));
#5431 = CARTESIAN_POINT('',(8.724103644986,-1.716644223348E-05,
    -2.250000055746));
#5432 = CARTESIAN_POINT('',(9.520739578105,-1.714887774566,
    -2.199991653748));
#5433 = CARTESIAN_POINT('',(11.025041086644,-2.308315850802,
    -2.150008254069));
#5434 = CARTESIAN_POINT('',(12.342144288229,-1.884899326496,
    -2.099997151377));
#5435 = CARTESIAN_POINT('',(12.999999693991,-0.94248210969,
    -2.049999957533));
#5436 = CARTESIAN_POINT('',(13.00000081869,5.83963466E-09,
    -2.000000112276));
#5437 = PCURVE('',#5012,#5438);
#5438 = DEFINITIONAL_REPRESENTATION('',(#5439),#5443);
#5439 = LINE('',#5440,#5441);
#5440 = CARTESIAN_POINT('',(6.25E-02,0.));
#5441 = VECTOR('',#5442,1.);
#5442 = DIRECTION('',(0.,1.));
#5443 = ( GEOMETRIC_REPRESENTATION_CONTEXT(2) 
PARAMETRIC_REPRESENTATION_CONTEXT() REPRESENTATION_CONTEXT('2D SPACE',''
  ) );
#5444 = PCURVE('',#5091,#5445);
#5445 = DEFINITIONAL_REPRESENTATION('',(#5446),#5450);
#5446 = LINE('',#5447,#5448);
#5447 = CARTESIAN_POINT('',(0.,0.));
#5448 = VECTOR('',#5449,1.);
#5449 = DIRECTION('',(0.,1.));
#5450 = ( GEOMETRIC_REPRESENTATION_CONTEXT(2) 
PARAMETRIC_REPRESENTATION_CONTEXT() REPRESENTATION_CONTEXT('2D SPACE',''
  ) );
#5451 = ORIENTED_EDGE('',*,*,#4997,.F.);
#5452 = ADVANCED_FACE('',(#5453),#5091,.T.);
#5453 = FACE_BOUND('',#5454,.T.);
#5454 = EDGE_LOOP('',(#5455,#5456,#5501,#5529));
#5455 = ORIENTED_EDGE('',*,*,#5423,.F.);
#5456 = ORIENTED_EDGE('',*,*,#5457,.T.);
#5457 = EDGE_CURVE('',#5379,#5458,#5460,.T.);
#5458 = VERTEX_POINT('',#5459);
#5459 = CARTESIAN_POINT('',(12.729366593497,5.8520358E-08,
    -2.656251125144));
#5460 = SURFACE_CURVE('',#5461,(#5464,#5471),.PCURVE_S1.);
#5461 = B_SPLINE_CURVE_WITH_KNOTS('',1,(#5462,#5463),.UNSPECIFIED.,.F.,
  .F.,(2,2),(0.,0.3125),.PIECEWISE_BEZIER_KNOTS.);
#5462 = CARTESIAN_POINT('',(12.999998947399,5.83981767E-09,
    -2.500000112279));
#5463 = CARTESIAN_POINT('',(12.729366593497,5.852035727E-08,
    -2.656251125144));
#5464 = PCURVE('',#5091,#5465);
#5465 = DEFINITIONAL_REPRESENTATION('',(#5466),#5470);
#5466 = LINE('',#5467,#5468);
#5467 = CARTESIAN_POINT('',(0.,0.));
#5468 = VECTOR('',#5469,1.);
#5469 = DIRECTION('',(1.,0.));
#5470 = ( GEOMETRIC_REPRESENTATION_CONTEXT(2) 
PARAMETRIC_REPRESENTATION_CONTEXT() REPRESENTATION_CONTEXT('2D SPACE',''
  ) );
#5471 = PCURVE('',#5472,#5495);
#5472 = B_SPLINE_SURFACE_WITH_KNOTS('',1,10,(
    (#5473,#5474,#5475,#5476,#5477,#5478,#5479,#5480,#5481,#5482,#5483)
    ,(#5484,#5485,#5486,#5487,#5488,#5489,#5490,#5491,#5492,#5493,#5494
    )),.UNSPECIFIED.,.F.,.F.,.F.,(2,2),(11,11),(0.,0.3125),(0.,
    6.303048278758),.PIECEWISE_BEZIER_KNOTS.);
#5473 = CARTESIAN_POINT('',(13.,1.04E-15,-3.));
#5474 = CARTESIAN_POINT('',(12.999998549242,0.942481527773,
    -2.950000154747));
#5475 = CARTESIAN_POINT('',(12.342137755035,1.884897927994,
    -2.900002960982));
#5476 = CARTESIAN_POINT('',(11.025058639477,2.30831579774,
    -2.849991857995));
#5477 = CARTESIAN_POINT('',(9.520722880316,1.71488307775,-2.800008458702
    ));
#5478 = CARTESIAN_POINT('',(8.724105377576,2.205876887018E-05,
    -2.750000056644));
#5479 = CARTESIAN_POINT('',(9.520884210451,-1.714915640266,
    -2.699991652773));
#5480 = CARTESIAN_POINT('',(11.024903262209,-2.308303322877,
    -2.650008254668));
#5481 = CARTESIAN_POINT('',(12.342191766491,-1.884899949923,
    -2.599997151211));
#5482 = CARTESIAN_POINT('',(13.000000401825,-0.942481521934,
    -2.549999957527));
#5483 = CARTESIAN_POINT('',(12.999998947399,5.83981767E-09,
    -2.500000112279));
#5484 = CARTESIAN_POINT('',(12.729367061317,-6.2E-16,-3.15625));
#5485 = CARTESIAN_POINT('',(12.729366416536,0.772474667544,
    -3.10625155074));
#5486 = CARTESIAN_POINT('',(12.190181709836,1.544524758362,
    -3.056279672206));
#5487 = CARTESIAN_POINT('',(11.110833561861,1.892517108095,
    -3.006168407703));
#5488 = CARTESIAN_POINT('',(9.877611517613,1.404841839361,
    -2.956334767911));
#5489 = CARTESIAN_POINT('',(9.225251982551,9.75207505949E-06,
    -2.906250562796));
#5490 = CARTESIAN_POINT('',(9.877683283657,-1.404856385268,
    -2.856166356875));
#5491 = CARTESIAN_POINT('',(11.110764591517,-1.892511581469,
    -2.806332717612));
#5492 = CARTESIAN_POINT('',(12.190205785161,-1.544525625589,
    -2.7562214529));
#5493 = CARTESIAN_POINT('',(12.729367275034,-0.772474609024,
    -2.706249574402));
#5494 = CARTESIAN_POINT('',(12.729366593497,5.852035727E-08,
    -2.656251125144));
#5495 = DEFINITIONAL_REPRESENTATION('',(#5496),#5500);
#5496 = LINE('',#5497,#5498);
#5497 = CARTESIAN_POINT('',(0.,6.303048278758));
#5498 = VECTOR('',#5499,1.);
#5499 = DIRECTION('',(1.,0.));
#5500 = ( GEOMETRIC_REPRESENTATION_CONTEXT(2) 
PARAMETRIC_REPRESENTATION_CONTEXT() REPRESENTATION_CONTEXT('2D SPACE',''
  ) );
#5501 = ORIENTED_EDGE('',*,*,#5502,.T.);
#5502 = EDGE_CURVE('',#5458,#5077,#5503,.T.);
#5503 = SURFACE_CURVE('',#5504,(#5516,#5523),.PCURVE_S1.);
#5504 = B_SPLINE_CURVE_WITH_KNOTS('',10,(#5505,#5506,#5507,#5508,#5509,
    #5510,#5511,#5512,#5513,#5514,#5515),.UNSPECIFIED.,.F.,.F.,(11,11),(
    0.,6.303048278758),.PIECEWISE_BEZIER_KNOTS.);
#5505 = CARTESIAN_POINT('',(12.729367061317,-6.2E-16,-2.65625));
#5506 = CARTESIAN_POINT('',(12.729366416536,0.772474667544,
    -2.60625155074));
#5507 = CARTESIAN_POINT('',(12.190181709836,1.544524758362,
    -2.556279672206));
#5508 = CARTESIAN_POINT('',(11.110833561861,1.892517108095,
    -2.506168407703));
#5509 = CARTESIAN_POINT('',(9.877611517613,1.404841839361,
    -2.456334767911));
#5510 = CARTESIAN_POINT('',(9.225251982551,9.75207505949E-06,
    -2.406250562796));
#5511 = CARTESIAN_POINT('',(9.877683283657,-1.404856385268,
    -2.356166356875));
#5512 = CARTESIAN_POINT('',(11.110764591517,-1.892511581469,
    -2.306332717612));
#5513 = CARTESIAN_POINT('',(12.190205785161,-1.544525625589,
    -2.2562214529));
#5514 = CARTESIAN_POINT('',(12.729367275034,-0.772474609024,
    -2.206249574402));
#5515 = CARTESIAN_POINT('',(12.729366593497,5.852035727E-08,
    -2.156251125144));
#5516 = PCURVE('',#5091,#5517);
#5517 = DEFINITIONAL_REPRESENTATION('',(#5518),#5522);
#5518 = LINE('',#5519,#5520);
#5519 = CARTESIAN_POINT('',(0.3125,0.));
#5520 = VECTOR('',#5521,1.);
#5521 = DIRECTION('',(0.,1.));
#5522 = ( GEOMETRIC_REPRESENTATION_CONTEXT(2) 
PARAMETRIC_REPRESENTATION_CONTEXT() REPRESENTATION_CONTEXT('2D SPACE',''
  ) );
#5523 = PCURVE('',#5174,#5524);
#5524 = DEFINITIONAL_REPRESENTATION('',(#5525),#5528);
#5525 = B_SPLINE_CURVE_WITH_KNOTS('',1,(#5526,#5527),.UNSPECIFIED.,.F.,
  .F.,(2,2),(0.,6.303048278758),.PIECEWISE_BEZIER_KNOTS.);
#5526 = CARTESIAN_POINT('',(0.,0.));
#5527 = CARTESIAN_POINT('',(0.,6.303048278758));
#5528 = ( GEOMETRIC_REPRESENTATION_CONTEXT(2) 
PARAMETRIC_REPRESENTATION_CONTEXT() REPRESENTATION_CONTEXT('2D SPACE',''
  ) );
#5529 = ORIENTED_EDGE('',*,*,#5076,.F.);
#5530 = ADVANCED_FACE('',(#5531),#5174,.T.);
#5531 = FACE_BOUND('',#5532,.T.);
#5532 = EDGE_LOOP('',(#5533,#5534,#5646,#5675));
#5533 = ORIENTED_EDGE('',*,*,#5502,.F.);
#5534 = ORIENTED_EDGE('',*,*,#5535,.T.);
#5535 = EDGE_CURVE('',#5458,#5536,#5538,.T.);
#5536 = VERTEX_POINT('',#5537);
#5537 = CARTESIAN_POINT('',(12.729367061319,5.8520312E-08,
    -2.781251125144));
#5538 = SURFACE_CURVE('',#5539,(#5547,#5554),.PCURVE_S1.);
#5539 = ( BOUNDED_CURVE() B_SPLINE_CURVE(6,(#5540,#5541,#5542,#5543,
#5544,#5545,#5546),.UNSPECIFIED.,.F.,.F.) B_SPLINE_CURVE_WITH_KNOTS((7,7
),(0.,2.094395102393),.PIECEWISE_BEZIER_KNOTS.) CURVE() 
GEOMETRIC_REPRESENTATION_ITEM() RATIONAL_B_SPLINE_CURVE((1.056590953773,
    1.017435169568,0.996326512422,0.989390034249,0.996326512422,
1.017435169568,1.056590953773)) REPRESENTATION_ITEM('') );
#5540 = CARTESIAN_POINT('',(12.729366593497,5.852035787E-08,
    -2.656251125144));
#5541 = CARTESIAN_POINT('',(12.706710993838,6.293043361E-08,
    -2.66933145476));
#5542 = CARTESIAN_POINT('',(12.690745576385,6.60382207E-08,
    -2.691470252644));
#5543 = CARTESIAN_POINT('',(12.68497508281,6.716149847E-08,
    -2.718751291284));
#5544 = CARTESIAN_POINT('',(12.690745780588,6.603820094E-08,
    -2.74603228673));
#5545 = CARTESIAN_POINT('',(12.706711363753,6.29303967E-08,
    -2.768170965109));
#5546 = CARTESIAN_POINT('',(12.729367061319,5.852031226E-08,
    -2.781251125144));
#5547 = PCURVE('',#5174,#5548);
#5548 = DEFINITIONAL_REPRESENTATION('',(#5549),#5553);
#5549 = LINE('',#5550,#5551);
#5550 = CARTESIAN_POINT('',(0.,0.));
#5551 = VECTOR('',#5552,1.);
#5552 = DIRECTION('',(1.,0.));
#5553 = ( GEOMETRIC_REPRESENTATION_CONTEXT(2) 
PARAMETRIC_REPRESENTATION_CONTEXT() REPRESENTATION_CONTEXT('2D SPACE',''
  ) );
#5554 = PCURVE('',#5555,#5640);
#5555 = ( BOUNDED_SURFACE() B_SPLINE_SURFACE(6,11,(
    (#5556,#5557,#5558,#5559,#5560,#5561,#5562,#5563,#5564,#5565,#5566
      ,#5567)
    ,(#5568,#5569,#5570,#5571,#5572,#5573,#5574,#5575,#5576,#5577,#5578
      ,#5579)
    ,(#5580,#5581,#5582,#5583,#5584,#5585,#5586,#5587,#5588,#5589,#5590
      ,#5591)
    ,(#5592,#5593,#5594,#5595,#5596,#5597,#5598,#5599,#5600,#5601,#5602
      ,#5603)
    ,(#5604,#5605,#5606,#5607,#5608,#5609,#5610,#5611,#5612,#5613,#5614
      ,#5615)
    ,(#5616,#5617,#5618,#5619,#5620,#5621,#5622,#5623,#5624,#5625,#5626
      ,#5627)
    ,(#5628,#5629,#5630,#5631,#5632,#5633,#5634,#5635,#5636,#5637,#5638
,#5639
    )),.UNSPECIFIED.,.F.,.F.,.F.) B_SPLINE_SURFACE_WITH_KNOTS((7,7),(12,
    12),(0.,2.094395102393),(0.,6.303048278758),
.PIECEWISE_BEZIER_KNOTS.) GEOMETRIC_REPRESENTATION_ITEM() 
RATIONAL_B_SPLINE_SURFACE((
    (1.056590953773,1.056590953773,1.056590953773,1.056590953773
      ,1.056590953773,1.056590953773,1.056590953773,1.056590953773
      ,1.056590953773,1.056590953773,1.056590953773,1.056590953773)
    ,(1.017435169568,1.017435169568,1.017435169568,1.017435169568
      ,1.017435169569,1.017435169567,1.017435169569,1.017435169567
      ,1.017435169569,1.017435169568,1.017435169568,1.017435169568)
    ,(0.996326512422,0.996326512422,0.996326512422,0.996326512422
      ,0.996326512422,0.996326512422,0.996326512422,0.996326512422
      ,0.996326512422,0.996326512422,0.996326512422,0.996326512422)
    ,(0.989390034249,0.989390034249,0.989390034249,0.989390034248
      ,0.989390034249,0.989390034248,0.989390034249,0.989390034248
      ,0.989390034249,0.989390034249,0.989390034249,0.989390034249)
    ,(0.996326512422,0.996326512422,0.996326512422,0.996326512422
      ,0.996326512423,0.996326512422,0.996326512423,0.996326512422
      ,0.996326512422,0.996326512422,0.996326512422,0.996326512422)
    ,(1.017435169568,1.017435169568,1.017435169568,1.017435169568
      ,1.017435169568,1.017435169568,1.017435169568,1.017435169568
      ,1.017435169568,1.017435169568,1.017435169568,1.017435169568)
    ,(1.056590953773,1.056590953773,1.056590953773,1.056590953773
      ,1.056590953773,1.056590953773,1.056590953773,1.056590953773
      ,1.056590953773,1.056590953773,1.056590953773,1.056590953773
))) REPRESENTATION_ITEM('') SURFACE() );
#5556 = CARTESIAN_POINT('',(12.729367061317,-8.9E-16,-3.15625));
#5557 = CARTESIAN_POINT('',(12.729366475153,0.702249697767,
    -3.110796864309));
#5558 = CARTESIAN_POINT('',(12.288215292872,1.404152014577,
    -3.065365468303));
#5559 = CARTESIAN_POINT('',(11.405228126135,1.799593725218,
    -3.019764593877));
#5560 = CARTESIAN_POINT('',(10.325950267665,1.57438550159,
    -2.974733143471));
#5561 = CARTESIAN_POINT('',(9.521967668362,0.65248550448,-2.928521374864
    ));
#5562 = CARTESIAN_POINT('',(9.521623040452,-0.652481477629,
    -2.883979750362));
#5563 = CARTESIAN_POINT('',(10.326182116191,-1.574392748394,
    -2.837767981508));
#5564 = CARTESIAN_POINT('',(11.405130756775,-1.79958994237,
    -2.792736531381));
#5565 = CARTESIAN_POINT('',(12.288235146956,-1.404152713486,
    -2.747135656809));
#5566 = CARTESIAN_POINT('',(12.729367213076,-0.702249639247,
    -2.701704260833));
#5567 = CARTESIAN_POINT('',(12.729366593497,5.852035787E-08,
    -2.656251125144));
#5568 = CARTESIAN_POINT('',(12.706711412705,-9.4E-16,-3.169330244825));
#5569 = CARTESIAN_POINT('',(12.706710887878,0.689311624436,
    -3.123877215373));
#5570 = CARTESIAN_POINT('',(12.273688183304,1.378251248192,
    -3.078447563906));
#5571 = CARTESIAN_POINT('',(11.406978207997,1.766508676863,
    -3.03283566216));
#5572 = CARTESIAN_POINT('',(10.347584688725,1.545207894049,
    -2.987836096092));
#5573 = CARTESIAN_POINT('',(9.558411450456,0.640693720037,
    -2.941567263358));
#5574 = CARTESIAN_POINT('',(9.558102890851,-0.640690131518,-2.8970944363
    ));
#5575 = CARTESIAN_POINT('',(10.347792289543,-1.545214392582,
    -2.850825603345));
#5576 = CARTESIAN_POINT('',(11.40689104302,-1.766505290677,
    -2.805826037527));
#5577 = CARTESIAN_POINT('',(12.273705971844,-1.378251867211,
    -2.760214135651));
#5578 = CARTESIAN_POINT('',(12.706711554598,-0.689311561506,
    -2.71478448421));
#5579 = CARTESIAN_POINT('',(12.706710993838,6.293043361E-08,
    -2.66933145476));
#5580 = CARTESIAN_POINT('',(12.690745912395,1.22E-15,-3.191468982957));
#5581 = CARTESIAN_POINT('',(12.690745491383,0.680194141001,
    -3.146016028373));
#5582 = CARTESIAN_POINT('',(12.263451925878,1.359998969821,
    -3.100587606286));
#5583 = CARTESIAN_POINT('',(11.408206456915,1.743193388315,
    -3.05496793356));
#5584 = CARTESIAN_POINT('',(10.362842483049,1.524646753448,
    -3.009990836458));
#5585 = CARTESIAN_POINT('',(9.584075635439,0.632383815438,
    -2.963681790518));
#5586 = CARTESIAN_POINT('',(9.583828120218,-0.632380961802,
    -2.919257445142));
#5587 = CARTESIAN_POINT('',(10.363009038308,-1.52465198135,
    -2.872948399024));
#5588 = CARTESIAN_POINT('',(11.408136556791,-1.743190673158,
    -2.827971302122));
#5589 = CARTESIAN_POINT('',(12.263466213444,-1.359999456416,
    -2.782351629292));
#5590 = CARTESIAN_POINT('',(12.690746035103,-0.680194074963,
    -2.736923207227));
#5591 = CARTESIAN_POINT('',(12.690745576385,6.60382207E-08,
    -2.691470252644));
#5592 = CARTESIAN_POINT('',(12.684975316719,-1.4E-16,-3.21875));
#5593 = CARTESIAN_POINT('',(12.684975023637,0.676898723975,
    -3.173297072476));
#5594 = CARTESIAN_POINT('',(12.25975366587,1.353401935503,
    -3.127869094738));
#5595 = CARTESIAN_POINT('',(11.408642878931,1.73476603417,
    -3.082246613264));
#5596 = CARTESIAN_POINT('',(10.368375123567,1.517215703287,
    -3.03727763735));
#5597 = CARTESIAN_POINT('',(9.593325101967,0.629379971356,
    -2.990954056757));
#5598 = CARTESIAN_POINT('',(9.593152808743,-0.62937801894,
    -2.946547234568));
#5599 = CARTESIAN_POINT('',(10.368491095967,-1.517219362841,
    -2.900223653851));
#5600 = CARTESIAN_POINT('',(11.408594249883,-1.734764145693,
    -2.855254678077));
#5601 = CARTESIAN_POINT('',(12.259763636185,-1.353402260651,
    -2.80963219653));
#5602 = CARTESIAN_POINT('',(12.684975414241,-0.676898656813,
    -2.764204218807));
#5603 = CARTESIAN_POINT('',(12.68497508281,6.716149847E-08,
    -2.718751291284));
#5604 = CARTESIAN_POINT('',(12.690745912395,1.9E-16,-3.246031017043));
#5605 = CARTESIAN_POINT('',(12.690745747242,0.680194199309,
    -3.200578062459));
#5606 = CARTESIAN_POINT('',(12.263456309886,1.359999247274,
    -3.15514964037));
#5607 = CARTESIAN_POINT('',(11.408185179577,1.743192710825,
    -3.109529967663));
#5608 = CARTESIAN_POINT('',(10.362892969892,1.524648454363,
    -3.064552870478));
#5609 = CARTESIAN_POINT('',(9.584000249732,0.632382969166,
    -3.018243824741));
#5610 = CARTESIAN_POINT('',(9.583903177282,-0.632381914354,
    -2.973819479055));
#5611 = CARTESIAN_POINT('',(10.362958356576,-1.524650543427,
    -2.927510433248));
#5612 = CARTESIAN_POINT('',(11.408157818309,-1.743191648853,
    -2.882533336142));
#5613 = CARTESIAN_POINT('',(12.263461960383,-1.359999412416,
    -2.836913663393));
#5614 = CARTESIAN_POINT('',(12.690745983447,-0.680194133271,
    -2.791485241313));
#5615 = CARTESIAN_POINT('',(12.690745780588,6.603820094E-08,
    -2.74603228673));
#5616 = CARTESIAN_POINT('',(12.706711412705,9.7E-16,-3.268169755175));
#5617 = CARTESIAN_POINT('',(12.706711351367,0.689311730061,
    -3.222716725723));
#5618 = CARTESIAN_POINT('',(12.273696124966,1.3782517508,-3.177287074253
    ));
#5619 = CARTESIAN_POINT('',(11.406939663948,1.766507449584,
    -3.13167517254));
#5620 = CARTESIAN_POINT('',(10.347676145997,1.545210975269,
    -3.086675606322));
#5621 = CARTESIAN_POINT('',(9.558274888716,0.64069218701,-3.040406773956
    ));
#5622 = CARTESIAN_POINT('',(9.558238857252,-0.640691857074,
    -2.995933946337));
#5623 = CARTESIAN_POINT('',(10.347700479227,-1.545211787773,
    -2.949665113944));
#5624 = CARTESIAN_POINT('',(11.406929558411,-1.766507058156,
    -2.904665547756));
#5625 = CARTESIAN_POINT('',(12.273698267393,-1.378251787504,
    -2.859053646028));
#5626 = CARTESIAN_POINT('',(12.706711461023,-0.689311667131,
    -2.813623994561));
#5627 = CARTESIAN_POINT('',(12.706711363753,6.29303967E-08,
    -2.768170965109));
#5628 = CARTESIAN_POINT('',(12.729367061317,-1.11E-15,-3.28125));
#5629 = CARTESIAN_POINT('',(12.729367061317,0.702249831348,
    -3.235796864309));
#5630 = CARTESIAN_POINT('',(12.288225336505,1.404152650213,-3.1903654683
    ));
#5631 = CARTESIAN_POINT('',(11.405179380384,1.799592173108,
    -3.144764593915));
#5632 = CARTESIAN_POINT('',(10.326065931524,1.574389398336,
    -3.099733143319));
#5633 = CARTESIAN_POINT('',(9.521794961946,0.652483565697,
    -3.053521375178));
#5634 = CARTESIAN_POINT('',(9.521794993958,-0.652483659898,
    -3.008979749966));
#5635 = CARTESIAN_POINT('',(10.326066005847,-1.574389454154,
    -2.962767981824));
#5636 = CARTESIAN_POINT('',(11.405179466282,-1.799592177659,
    -2.917736531229));
#5637 = CARTESIAN_POINT('',(12.288225403319,-1.404152612683,
    -2.872135656843));
#5638 = CARTESIAN_POINT('',(12.729367094734,-0.702249772828,
    -2.826704260835));
#5639 = CARTESIAN_POINT('',(12.729367061319,5.852031226E-08,
    -2.781251125144));
#5640 = DEFINITIONAL_REPRESENTATION('',(#5641),#5645);
#5641 = LINE('',#5642,#5643);
#5642 = CARTESIAN_POINT('',(0.,6.303048278758));
#5643 = VECTOR('',#5644,1.);
#5644 = DIRECTION('',(1.,0.));
#5645 = ( GEOMETRIC_REPRESENTATION_CONTEXT(2) 
PARAMETRIC_REPRESENTATION_CONTEXT() REPRESENTATION_CONTEXT('2D SPACE',''
  ) );
#5646 = ORIENTED_EDGE('',*,*,#5647,.T.);
#5647 = EDGE_CURVE('',#5536,#5155,#5648,.T.);
#5648 = SURFACE_CURVE('',#5649,(#5662,#5669),.PCURVE_S1.);
#5649 = ( BOUNDED_CURVE() B_SPLINE_CURVE(11,(#5650,#5651,#5652,#5653,
    #5654,#5655,#5656,#5657,#5658,#5659,#5660,#5661),.UNSPECIFIED.,.F.,
.F.) B_SPLINE_CURVE_WITH_KNOTS((12,12),(0.,6.303048278758),
.PIECEWISE_BEZIER_KNOTS.) CURVE() GEOMETRIC_REPRESENTATION_ITEM() 
RATIONAL_B_SPLINE_CURVE((1.056590953773,1.056590953773,1.056590953773,
    1.056590953773,1.056590953773,1.056590953773,1.056590953773,
    1.056590953773,1.056590953773,1.056590953773,1.056590953773,
1.056590953773)) REPRESENTATION_ITEM('') );
#5650 = CARTESIAN_POINT('',(12.729367061317,-1.11E-15,-2.78125));
#5651 = CARTESIAN_POINT('',(12.729367061317,0.702249831348,
    -2.735796864309));
#5652 = CARTESIAN_POINT('',(12.288225336505,1.404152650213,-2.6903654683
    ));
#5653 = CARTESIAN_POINT('',(11.405179380384,1.799592173108,
    -2.644764593915));
#5654 = CARTESIAN_POINT('',(10.326065931524,1.574389398336,
    -2.599733143319));
#5655 = CARTESIAN_POINT('',(9.521794961946,0.652483565697,
    -2.553521375178));
#5656 = CARTESIAN_POINT('',(9.521794993958,-0.652483659898,
    -2.508979749966));
#5657 = CARTESIAN_POINT('',(10.326066005847,-1.574389454154,
    -2.462767981824));
#5658 = CARTESIAN_POINT('',(11.405179466282,-1.799592177659,
    -2.417736531229));
#5659 = CARTESIAN_POINT('',(12.288225403319,-1.404152612683,
    -2.372135656843));
#5660 = CARTESIAN_POINT('',(12.729367094734,-0.702249772828,
    -2.326704260835));
#5661 = CARTESIAN_POINT('',(12.729367061319,5.852031226E-08,
    -2.281251125144));
#5662 = PCURVE('',#5174,#5663);
#5663 = DEFINITIONAL_REPRESENTATION('',(#5664),#5668);
#5664 = LINE('',#5665,#5666);
#5665 = CARTESIAN_POINT('',(2.094395102393,0.));
#5666 = VECTOR('',#5667,1.);
#5667 = DIRECTION('',(0.,1.));
#5668 = ( GEOMETRIC_REPRESENTATION_CONTEXT(2) 
PARAMETRIC_REPRESENTATION_CONTEXT() REPRESENTATION_CONTEXT('2D SPACE',''
  ) );
#5669 = PCURVE('',#5315,#5670);
#5670 = DEFINITIONAL_REPRESENTATION('',(#5671),#5674);
#5671 = B_SPLINE_CURVE_WITH_KNOTS('',1,(#5672,#5673),.UNSPECIFIED.,.F.,
  .F.,(2,2),(0.,6.303048278758),.PIECEWISE_BEZIER_KNOTS.);
#5672 = CARTESIAN_POINT('',(0.,0.));
#5673 = CARTESIAN_POINT('',(0.,6.303048278758));
#5674 = ( GEOMETRIC_REPRESENTATION_CONTEXT(2) 
PARAMETRIC_REPRESENTATION_CONTEXT() REPRESENTATION_CONTEXT('2D SPACE',''
  ) );
#5675 = ORIENTED_EDGE('',*,*,#5154,.F.);
#5676 = ADVANCED_FACE('',(#5677),#5315,.T.);
#5677 = FACE_BOUND('',#5678,.T.);
#5678 = EDGE_LOOP('',(#5679,#5680,#5725,#5753));
#5679 = ORIENTED_EDGE('',*,*,#5647,.F.);
#5680 = ORIENTED_EDGE('',*,*,#5681,.T.);
#5681 = EDGE_CURVE('',#5536,#5682,#5684,.T.);
#5682 = VERTEX_POINT('',#5683);
#5683 = CARTESIAN_POINT('',(13.000000292389,2.919828E-09,-2.937500056138
    ));
#5684 = SURFACE_CURVE('',#5685,(#5688,#5695),.PCURVE_S1.);
#5685 = B_SPLINE_CURVE_WITH_KNOTS('',1,(#5686,#5687),.UNSPECIFIED.,.F.,
  .F.,(2,2),(0.,0.3125),.PIECEWISE_BEZIER_KNOTS.);
#5686 = CARTESIAN_POINT('',(12.729367061317,1.1E-16,-2.78125));
#5687 = CARTESIAN_POINT('',(13.,-5.6E-16,-2.9375));
#5688 = PCURVE('',#5315,#5689);
#5689 = DEFINITIONAL_REPRESENTATION('',(#5690),#5694);
#5690 = LINE('',#5691,#5692);
#5691 = CARTESIAN_POINT('',(0.,0.));
#5692 = VECTOR('',#5693,1.);
#5693 = DIRECTION('',(1.,0.));
#5694 = ( GEOMETRIC_REPRESENTATION_CONTEXT(2) 
PARAMETRIC_REPRESENTATION_CONTEXT() REPRESENTATION_CONTEXT('2D SPACE',''
  ) );
#5695 = PCURVE('',#5696,#5719);
#5696 = B_SPLINE_SURFACE_WITH_KNOTS('',1,10,(
    (#5697,#5698,#5699,#5700,#5701,#5702,#5703,#5704,#5705,#5706,#5707)
    ,(#5708,#5709,#5710,#5711,#5712,#5713,#5714,#5715,#5716,#5717,#5718
    )),.UNSPECIFIED.,.F.,.F.,.F.,(2,2),(11,11),(0.,0.3125),(0.,
    6.303048278758),.PIECEWISE_BEZIER_KNOTS.);
#5697 = CARTESIAN_POINT('',(12.729367061317,1.1E-16,-3.28125));
#5698 = CARTESIAN_POINT('',(12.729367061317,0.772474814483,
    -3.23125155074));
#5699 = CARTESIAN_POINT('',(12.190193842103,1.544525502598,
    -3.181279672202));
#5700 = CARTESIAN_POINT('',(11.110798957404,1.892514694868,
    -3.131168407681));
#5701 = CARTESIAN_POINT('',(9.87764705885,1.404849341747,-3.081334768024
    ));
#5702 = CARTESIAN_POINT('',(9.225251549403,-5.422788307E-08,
    -3.031250562572));
#5703 = CARTESIAN_POINT('',(9.877647125571,-1.404849418843,
    -2.981166357119));
#5704 = CARTESIAN_POINT('',(11.110799047625,-1.89251471345,
    -2.931332717462));
#5705 = CARTESIAN_POINT('',(12.190193915595,-1.544525469732,
    -2.881221452941));
#5706 = CARTESIAN_POINT('',(12.729367098075,-0.772474755963,
    -2.831249574404));
#5707 = CARTESIAN_POINT('',(12.729367061319,5.852031182E-08,
    -2.781251125144));
#5708 = CARTESIAN_POINT('',(13.,-5.6E-16,-3.4375));
#5709 = CARTESIAN_POINT('',(13.000000805976,0.942482042061,
    -3.387500154747));
#5710 = CARTESIAN_POINT('',(12.342180217968,1.88490053282,
    -3.337502960968));
#5711 = CARTESIAN_POINT('',(11.02493752388,2.308307351446,
    -3.287491857919));
#5712 = CARTESIAN_POINT('',(9.520847274645,1.714909336101,
    -3.237508459097));
#5713 = CARTESIAN_POINT('',(8.724103861559,-1.226329071669E-05,
    -3.187500055858));
#5714 = CARTESIAN_POINT('',(9.520757657148,-1.714891257779,
    -3.137491653627));
#5715 = CARTESIAN_POINT('',(11.02502385859,-2.308314284812,
    -3.087508254144));
#5716 = CARTESIAN_POINT('',(12.342150223011,-1.884899404424,
    -3.037497151356));
#5717 = CARTESIAN_POINT('',(12.99999978247,-0.942482036221,
    -2.987499957532));
#5718 = CARTESIAN_POINT('',(13.000000584779,5.83965709E-09,
    -2.937500112276));
#5719 = DEFINITIONAL_REPRESENTATION('',(#5720),#5724);
#5720 = LINE('',#5721,#5722);
#5721 = CARTESIAN_POINT('',(0.,6.303048278758));
#5722 = VECTOR('',#5723,1.);
#5723 = DIRECTION('',(1.,0.));
#5724 = ( GEOMETRIC_REPRESENTATION_CONTEXT(2) 
PARAMETRIC_REPRESENTATION_CONTEXT() REPRESENTATION_CONTEXT('2D SPACE',''
  ) );
#5725 = ORIENTED_EDGE('',*,*,#5726,.T.);
#5726 = EDGE_CURVE('',#5682,#5301,#5727,.T.);
#5727 = SURFACE_CURVE('',#5728,(#5740,#5747),.PCURVE_S1.);
#5728 = B_SPLINE_CURVE_WITH_KNOTS('',10,(#5729,#5730,#5731,#5732,#5733,
    #5734,#5735,#5736,#5737,#5738,#5739),.UNSPECIFIED.,.F.,.F.,(11,11),(
    0.,6.303048278758),.PIECEWISE_BEZIER_KNOTS.);
#5729 = CARTESIAN_POINT('',(13.,-5.6E-16,-2.9375));
#5730 = CARTESIAN_POINT('',(13.000000805976,0.942482042061,
    -2.887500154747));
#5731 = CARTESIAN_POINT('',(12.342180217968,1.88490053282,
    -2.837502960968));
#5732 = CARTESIAN_POINT('',(11.02493752388,2.308307351446,
    -2.787491857919));
#5733 = CARTESIAN_POINT('',(9.520847274645,1.714909336101,
    -2.737508459097));
#5734 = CARTESIAN_POINT('',(8.724103861559,-1.226329071669E-05,
    -2.687500055858));
#5735 = CARTESIAN_POINT('',(9.520757657148,-1.714891257779,
    -2.637491653627));
#5736 = CARTESIAN_POINT('',(11.02502385859,-2.308314284812,
    -2.587508254144));
#5737 = CARTESIAN_POINT('',(12.342150223011,-1.884899404424,
    -2.537497151356));
#5738 = CARTESIAN_POINT('',(12.99999978247,-0.942482036221,
    -2.487499957532));
#5739 = CARTESIAN_POINT('',(13.000000584779,5.83965709E-09,
    -2.437500112276));
#5740 = PCURVE('',#5315,#5741);
#5741 = DEFINITIONAL_REPRESENTATION('',(#5742),#5746);
#5742 = LINE('',#5743,#5744);
#5743 = CARTESIAN_POINT('',(0.3125,0.));
#5744 = VECTOR('',#5745,1.);
#5745 = DIRECTION('',(0.,1.));
#5746 = ( GEOMETRIC_REPRESENTATION_CONTEXT(2) 
PARAMETRIC_REPRESENTATION_CONTEXT() REPRESENTATION_CONTEXT('2D SPACE',''
  ) );
#5747 = PCURVE('',#5393,#5748);
#5748 = DEFINITIONAL_REPRESENTATION('',(#5749),#5752);
#5749 = B_SPLINE_CURVE_WITH_KNOTS('',1,(#5750,#5751),.UNSPECIFIED.,.F.,
  .F.,(2,2),(0.,6.303048278758),.PIECEWISE_BEZIER_KNOTS.);
#5750 = CARTESIAN_POINT('',(0.,0.));
#5751 = CARTESIAN_POINT('',(0.,6.303048278758));
#5752 = ( GEOMETRIC_REPRESENTATION_CONTEXT(2) 
PARAMETRIC_REPRESENTATION_CONTEXT() REPRESENTATION_CONTEXT('2D SPACE',''
  ) );
#5753 = ORIENTED_EDGE('',*,*,#5300,.F.);
#5754 = ADVANCED_FACE('',(#5755),#5393,.T.);
#5755 = FACE_BOUND('',#5756,.T.);
#5756 = EDGE_LOOP('',(#5757,#5758,#5803,#5832));
#5757 = ORIENTED_EDGE('',*,*,#5726,.F.);
#5758 = ORIENTED_EDGE('',*,*,#5759,.T.);
#5759 = EDGE_CURVE('',#5682,#5760,#5762,.T.);
#5760 = VERTEX_POINT('',#5761);
#5761 = CARTESIAN_POINT('',(12.999999473699,2.919909E-09,-3.00000005614)
  );
#5762 = SURFACE_CURVE('',#5763,(#5766,#5773),.PCURVE_S1.);
#5763 = B_SPLINE_CURVE_WITH_KNOTS('',1,(#5764,#5765),.UNSPECIFIED.,.F.,
  .F.,(2,2),(0.,6.25E-02),.PIECEWISE_BEZIER_KNOTS.);
#5764 = CARTESIAN_POINT('',(13.000000584779,5.83965796E-09,
    -2.937500112276));
#5765 = CARTESIAN_POINT('',(13.00000081869,5.83963466E-09,
    -3.000000112276));
#5766 = PCURVE('',#5393,#5767);
#5767 = DEFINITIONAL_REPRESENTATION('',(#5768),#5772);
#5768 = LINE('',#5769,#5770);
#5769 = CARTESIAN_POINT('',(0.,0.));
#5770 = VECTOR('',#5771,1.);
#5771 = DIRECTION('',(1.,0.));
#5772 = ( GEOMETRIC_REPRESENTATION_CONTEXT(2) 
PARAMETRIC_REPRESENTATION_CONTEXT() REPRESENTATION_CONTEXT('2D SPACE',''
  ) );
#5773 = PCURVE('',#5774,#5797);
#5774 = B_SPLINE_SURFACE_WITH_KNOTS('',1,10,(
    (#5775,#5776,#5777,#5778,#5779,#5780,#5781,#5782,#5783,#5784,#5785)
    ,(#5786,#5787,#5788,#5789,#5790,#5791,#5792,#5793,#5794,#5795,#5796
    )),.UNSPECIFIED.,.F.,.F.,.F.,(2,2),(11,11),(0.,6.25E-02),(0.,
    6.303048278758),.PIECEWISE_BEZIER_KNOTS.);
#5775 = CARTESIAN_POINT('',(13.,-1.46E-15,-3.4375));
#5776 = CARTESIAN_POINT('',(13.000000805976,0.942482042061,
    -3.387500154747));
#5777 = CARTESIAN_POINT('',(12.342180217968,1.88490053282,
    -3.337502960968));
#5778 = CARTESIAN_POINT('',(11.02493752388,2.308307351446,
    -3.287491857919));
#5779 = CARTESIAN_POINT('',(9.520847274645,1.714909336101,
    -3.237508459097));
#5780 = CARTESIAN_POINT('',(8.72410386156,-1.226329080994E-05,
    -3.187500055858));
#5781 = CARTESIAN_POINT('',(9.520757657148,-1.714891257779,
    -3.137491653627));
#5782 = CARTESIAN_POINT('',(11.02502385859,-2.308314284812,
    -3.087508254144));
#5783 = CARTESIAN_POINT('',(12.342150223011,-1.884899404424,
    -3.037497151356));
#5784 = CARTESIAN_POINT('',(12.99999978247,-0.942482036221,
    -2.987499957532));
#5785 = CARTESIAN_POINT('',(13.000000584779,5.83965796E-09,
    -2.937500112276));
#5786 = CARTESIAN_POINT('',(13.,9.9E-16,-3.5));
#5787 = CARTESIAN_POINT('',(13.000001128367,0.94248211553,
    -3.450000154747));
#5788 = CARTESIAN_POINT('',(12.342186284101,1.884900904938,
    -3.400002960966));
#5789 = CARTESIAN_POINT('',(11.024920221652,2.308306144833,
    -3.349991857908));
#5790 = CARTESIAN_POINT('',(9.520865045263,1.714913087294,
    -3.300008459153));
#5791 = CARTESIAN_POINT('',(8.724103644986,-1.716644223348E-05,
    -3.250000055746));
#5792 = CARTESIAN_POINT('',(9.520739578105,-1.714887774566,
    -3.199991653748));
#5793 = CARTESIAN_POINT('',(11.025041086644,-2.308315850802,
    -3.150008254069));
#5794 = CARTESIAN_POINT('',(12.342144288229,-1.884899326496,
    -3.099997151377));
#5795 = CARTESIAN_POINT('',(12.999999693991,-0.94248210969,
    -3.049999957533));
#5796 = CARTESIAN_POINT('',(13.00000081869,5.83963466E-09,
    -3.000000112276));
#5797 = DEFINITIONAL_REPRESENTATION('',(#5798),#5802);
#5798 = LINE('',#5799,#5800);
#5799 = CARTESIAN_POINT('',(0.,6.303048278758));
#5800 = VECTOR('',#5801,1.);
#5801 = DIRECTION('',(1.,0.));
#5802 = ( GEOMETRIC_REPRESENTATION_CONTEXT(2) 
PARAMETRIC_REPRESENTATION_CONTEXT() REPRESENTATION_CONTEXT('2D SPACE',''
  ) );
#5803 = ORIENTED_EDGE('',*,*,#5804,.T.);
#5804 = EDGE_CURVE('',#5760,#5379,#5805,.T.);
#5805 = SURFACE_CURVE('',#5806,(#5818,#5825),.PCURVE_S1.);
#5806 = B_SPLINE_CURVE_WITH_KNOTS('',10,(#5807,#5808,#5809,#5810,#5811,
    #5812,#5813,#5814,#5815,#5816,#5817),.UNSPECIFIED.,.F.,.F.,(11,11),(
    0.,6.303048278758),.PIECEWISE_BEZIER_KNOTS.);
#5807 = CARTESIAN_POINT('',(13.,9.9E-16,-3.));
#5808 = CARTESIAN_POINT('',(13.000001128367,0.94248211553,
    -2.950000154747));
#5809 = CARTESIAN_POINT('',(12.342186284101,1.884900904938,
    -2.900002960966));
#5810 = CARTESIAN_POINT('',(11.024920221652,2.308306144833,
    -2.849991857908));
#5811 = CARTESIAN_POINT('',(9.520865045263,1.714913087294,
    -2.800008459153));
#5812 = CARTESIAN_POINT('',(8.724103644986,-1.716644223348E-05,
    -2.750000055746));
#5813 = CARTESIAN_POINT('',(9.520739578105,-1.714887774566,
    -2.699991653748));
#5814 = CARTESIAN_POINT('',(11.025041086644,-2.308315850802,
    -2.650008254069));
#5815 = CARTESIAN_POINT('',(12.342144288229,-1.884899326496,
    -2.599997151377));
#5816 = CARTESIAN_POINT('',(12.999999693991,-0.94248210969,
    -2.549999957533));
#5817 = CARTESIAN_POINT('',(13.00000081869,5.83963466E-09,
    -2.500000112276));
#5818 = PCURVE('',#5393,#5819);
#5819 = DEFINITIONAL_REPRESENTATION('',(#5820),#5824);
#5820 = LINE('',#5821,#5822);
#5821 = CARTESIAN_POINT('',(6.25E-02,0.));
#5822 = VECTOR('',#5823,1.);
#5823 = DIRECTION('',(0.,1.));
#5824 = ( GEOMETRIC_REPRESENTATION_CONTEXT(2) 
PARAMETRIC_REPRESENTATION_CONTEXT() REPRESENTATION_CONTEXT('2D SPACE',''
  ) );
#5825 = PCURVE('',#5472,#5826);
#5826 = DEFINITIONAL_REPRESENTATION('',(#5827),#5831);
#5827 = LINE('',#5828,#5829);
#5828 = CARTESIAN_POINT('',(0.,0.));
#5829 = VECTOR('',#5830,1.);
#5830 = DIRECTION('',(0.,1.));
#5831 = ( GEOMETRIC_REPRESENTATION_CONTEXT(2) 
PARAMETRIC_REPRESENTATION_CONTEXT() REPRESENTATION_CONTEXT('2D SPACE',''
  ) );
#5832 = ORIENTED_EDGE('',*,*,#5378,.F.);
#5833 = ADVANCED_FACE('',(#5834),#5472,.T.);
#5834 = FACE_BOUND('',#5835,.T.);
#5835 = EDGE_LOOP('',(#5836,#5837,#5882,#5910));
#5836 = ORIENTED_EDGE('',*,*,#5804,.F.);
#5837 = ORIENTED_EDGE('',*,*,#5838,.T.);
#5838 = EDGE_CURVE('',#5760,#5839,#5841,.T.);
#5839 = VERTEX_POINT('',#5840);
#5840 = CARTESIAN_POINT('',(12.729366593497,5.8520358E-08,
    -3.156251125144));
#5841 = SURFACE_CURVE('',#5842,(#5845,#5852),.PCURVE_S1.);
#5842 = B_SPLINE_CURVE_WITH_KNOTS('',1,(#5843,#5844),.UNSPECIFIED.,.F.,
  .F.,(2,2),(0.,0.3125),.PIECEWISE_BEZIER_KNOTS.);
#5843 = CARTESIAN_POINT('',(12.999998947399,5.83981767E-09,
    -3.000000112279));
#5844 = CARTESIAN_POINT('',(12.729366593497,5.852035727E-08,
    -3.156251125144));
#5845 = PCURVE('',#5472,#5846);
#5846 = DEFINITIONAL_REPRESENTATION('',(#5847),#5851);
#5847 = LINE('',#5848,#5849);
#5848 = CARTESIAN_POINT('',(0.,0.));
#5849 = VECTOR('',#5850,1.);
#5850 = DIRECTION('',(1.,0.));
#5851 = ( GEOMETRIC_REPRESENTATION_CONTEXT(2) 
PARAMETRIC_REPRESENTATION_CONTEXT() REPRESENTATION_CONTEXT('2D SPACE',''
  ) );
#5852 = PCURVE('',#5853,#5876);
#5853 = B_SPLINE_SURFACE_WITH_KNOTS('',1,10,(
    (#5854,#5855,#5856,#5857,#5858,#5859,#5860,#5861,#5862,#5863,#5864)
    ,(#5865,#5866,#5867,#5868,#5869,#5870,#5871,#5872,#5873,#5874,#5875
    )),.UNSPECIFIED.,.F.,.F.,.F.,(2,2),(11,11),(0.,0.3125),(0.,
    6.303048278758),.PIECEWISE_BEZIER_KNOTS.);
#5854 = CARTESIAN_POINT('',(13.,1.04E-15,-3.5));
#5855 = CARTESIAN_POINT('',(12.999998549242,0.942481527773,
    -3.450000154747));
#5856 = CARTESIAN_POINT('',(12.342137755035,1.884897927994,
    -3.400002960982));
#5857 = CARTESIAN_POINT('',(11.025058639477,2.30831579774,
    -3.349991857995));
#5858 = CARTESIAN_POINT('',(9.520722880316,1.71488307775,-3.300008458702
    ));
#5859 = CARTESIAN_POINT('',(8.724105377576,2.205876887018E-05,
    -3.250000056644));
#5860 = CARTESIAN_POINT('',(9.520884210451,-1.714915640266,
    -3.199991652773));
#5861 = CARTESIAN_POINT('',(11.024903262209,-2.308303322877,
    -3.150008254668));
#5862 = CARTESIAN_POINT('',(12.342191766491,-1.884899949923,
    -3.099997151211));
#5863 = CARTESIAN_POINT('',(13.000000401825,-0.942481521934,
    -3.049999957527));
#5864 = CARTESIAN_POINT('',(12.999998947399,5.83981767E-09,
    -3.000000112279));
#5865 = CARTESIAN_POINT('',(12.729367061317,-6.2E-16,-3.65625));
#5866 = CARTESIAN_POINT('',(12.729366416536,0.772474667544,
    -3.60625155074));
#5867 = CARTESIAN_POINT('',(12.190181709836,1.544524758362,
    -3.556279672206));
#5868 = CARTESIAN_POINT('',(11.110833561861,1.892517108095,
    -3.506168407703));
#5869 = CARTESIAN_POINT('',(9.877611517613,1.404841839361,
    -3.456334767911));
#5870 = CARTESIAN_POINT('',(9.225251982551,9.75207505949E-06,
    -3.406250562796));
#5871 = CARTESIAN_POINT('',(9.877683283657,-1.404856385268,
    -3.356166356875));
#5872 = CARTESIAN_POINT('',(11.110764591517,-1.892511581469,
    -3.306332717612));
#5873 = CARTESIAN_POINT('',(12.190205785161,-1.544525625589,
    -3.2562214529));
#5874 = CARTESIAN_POINT('',(12.729367275034,-0.772474609024,
    -3.206249574402));
#5875 = CARTESIAN_POINT('',(12.729366593497,5.852035727E-08,
    -3.156251125144));
#5876 = DEFINITIONAL_REPRESENTATION('',(#5877),#5881);
#5877 = LINE('',#5878,#5879);
#5878 = CARTESIAN_POINT('',(0.,6.303048278758));
#5879 = VECTOR('',#5880,1.);
#5880 = DIRECTION('',(1.,0.));
#5881 = ( GEOMETRIC_REPRESENTATION_CONTEXT(2) 
PARAMETRIC_REPRESENTATION_CONTEXT() REPRESENTATION_CONTEXT('2D SPACE',''
  ) );
#5882 = ORIENTED_EDGE('',*,*,#5883,.T.);
#5883 = EDGE_CURVE('',#5839,#5458,#5884,.T.);
#5884 = SURFACE_CURVE('',#5885,(#5897,#5904),.PCURVE_S1.);
#5885 = B_SPLINE_CURVE_WITH_KNOTS('',10,(#5886,#5887,#5888,#5889,#5890,
    #5891,#5892,#5893,#5894,#5895,#5896),.UNSPECIFIED.,.F.,.F.,(11,11),(
    0.,6.303048278758),.PIECEWISE_BEZIER_KNOTS.);
#5886 = CARTESIAN_POINT('',(12.729367061317,-6.2E-16,-3.15625));
#5887 = CARTESIAN_POINT('',(12.729366416536,0.772474667544,
    -3.10625155074));
#5888 = CARTESIAN_POINT('',(12.190181709836,1.544524758362,
    -3.056279672206));
#5889 = CARTESIAN_POINT('',(11.110833561861,1.892517108095,
    -3.006168407703));
#5890 = CARTESIAN_POINT('',(9.877611517613,1.404841839361,
    -2.956334767911));
#5891 = CARTESIAN_POINT('',(9.225251982551,9.75207505949E-06,
    -2.906250562796));
#5892 = CARTESIAN_POINT('',(9.877683283657,-1.404856385268,
    -2.856166356875));
#5893 = CARTESIAN_POINT('',(11.110764591517,-1.892511581469,
    -2.806332717612));
#5894 = CARTESIAN_POINT('',(12.190205785161,-1.544525625589,
    -2.7562214529));
#5895 = CARTESIAN_POINT('',(12.729367275034,-0.772474609024,
    -2.706249574402));
#5896 = CARTESIAN_POINT('',(12.729366593497,5.852035727E-08,
    -2.656251125144));
#5897 = PCURVE('',#5472,#5898);
#5898 = DEFINITIONAL_REPRESENTATION('',(#5899),#5903);
#5899 = LINE('',#5900,#5901);
#5900 = CARTESIAN_POINT('',(0.3125,0.));
#5901 = VECTOR('',#5902,1.);
#5902 = DIRECTION('',(0.,1.));
#5903 = ( GEOMETRIC_REPRESENTATION_CONTEXT(2) 
PARAMETRIC_REPRESENTATION_CONTEXT() REPRESENTATION_CONTEXT('2D SPACE',''
  ) );
#5904 = PCURVE('',#5555,#5905);
#5905 = DEFINITIONAL_REPRESENTATION('',(#5906),#5909);
#5906 = B_SPLINE_CURVE_WITH_KNOTS('',1,(#5907,#5908),.UNSPECIFIED.,.F.,
  .F.,(2,2),(0.,6.303048278758),.PIECEWISE_BEZIER_KNOTS.);
#5907 = CARTESIAN_POINT('',(0.,0.));
#5908 = CARTESIAN_POINT('',(0.,6.303048278758));
#5909 = ( GEOMETRIC_REPRESENTATION_CONTEXT(2) 
PARAMETRIC_REPRESENTATION_CONTEXT() REPRESENTATION_CONTEXT('2D SPACE',''
  ) );
#5910 = ORIENTED_EDGE('',*,*,#5457,.F.);
#5911 = ADVANCED_FACE('',(#5912),#5555,.T.);
#5912 = FACE_BOUND('',#5913,.T.);
#5913 = EDGE_LOOP('',(#5914,#5915,#6027,#6056));
#5914 = ORIENTED_EDGE('',*,*,#5883,.F.);
#5915 = ORIENTED_EDGE('',*,*,#5916,.T.);
#5916 = EDGE_CURVE('',#5839,#5917,#5919,.T.);
#5917 = VERTEX_POINT('',#5918);
#5918 = CARTESIAN_POINT('',(12.729367061319,5.8520312E-08,
    -3.281251125144));
#5919 = SURFACE_CURVE('',#5920,(#5928,#5935),.PCURVE_S1.);
#5920 = ( BOUNDED_CURVE() B_SPLINE_CURVE(6,(#5921,#5922,#5923,#5924,
#5925,#5926,#5927),.UNSPECIFIED.,.F.,.F.) B_SPLINE_CURVE_WITH_KNOTS((7,7
),(0.,2.094395102393),.PIECEWISE_BEZIER_KNOTS.) CURVE() 
GEOMETRIC_REPRESENTATION_ITEM() RATIONAL_B_SPLINE_CURVE((1.056590953773,
    1.017435169568,0.996326512422,0.989390034249,0.996326512422,
1.017435169568,1.056590953773)) REPRESENTATION_ITEM('') );
#5921 = CARTESIAN_POINT('',(12.729366593497,5.852035787E-08,
    -3.156251125144));
#5922 = CARTESIAN_POINT('',(12.706710993838,6.293043361E-08,
    -3.16933145476));
#5923 = CARTESIAN_POINT('',(12.690745576385,6.60382207E-08,
    -3.191470252644));
#5924 = CARTESIAN_POINT('',(12.68497508281,6.716149847E-08,
    -3.218751291284));
#5925 = CARTESIAN_POINT('',(12.690745780588,6.603820094E-08,
    -3.24603228673));
#5926 = CARTESIAN_POINT('',(12.706711363753,6.29303967E-08,
    -3.268170965109));
#5927 = CARTESIAN_POINT('',(12.729367061319,5.852031226E-08,
    -3.281251125144));
#5928 = PCURVE('',#5555,#5929);
#5929 = DEFINITIONAL_REPRESENTATION('',(#5930),#5934);
#5930 = LINE('',#5931,#5932);
#5931 = CARTESIAN_POINT('',(0.,0.));
#5932 = VECTOR('',#5933,1.);
#5933 = DIRECTION('',(1.,0.));
#5934 = ( GEOMETRIC_REPRESENTATION_CONTEXT(2) 
PARAMETRIC_REPRESENTATION_CONTEXT() REPRESENTATION_CONTEXT('2D SPACE',''
  ) );
#5935 = PCURVE('',#5936,#6021);
#5936 = ( BOUNDED_SURFACE() B_SPLINE_SURFACE(6,11,(
    (#5937,#5938,#5939,#5940,#5941,#5942,#5943,#5944,#5945,#5946,#5947
      ,#5948)
    ,(#5949,#5950,#5951,#5952,#5953,#5954,#5955,#5956,#5957,#5958,#5959
      ,#5960)
    ,(#5961,#5962,#5963,#5964,#5965,#5966,#5967,#5968,#5969,#5970,#5971
      ,#5972)
    ,(#5973,#5974,#5975,#5976,#5977,#5978,#5979,#5980,#5981,#5982,#5983
      ,#5984)
    ,(#5985,#5986,#5987,#5988,#5989,#5990,#5991,#5992,#5993,#5994,#5995
      ,#5996)
    ,(#5997,#5998,#5999,#6000,#6001,#6002,#6003,#6004,#6005,#6006,#6007
      ,#6008)
    ,(#6009,#6010,#6011,#6012,#6013,#6014,#6015,#6016,#6017,#6018,#6019
,#6020
    )),.UNSPECIFIED.,.F.,.F.,.F.) B_SPLINE_SURFACE_WITH_KNOTS((7,7),(12,
    12),(0.,2.094395102393),(0.,6.303048278758),
.PIECEWISE_BEZIER_KNOTS.) GEOMETRIC_REPRESENTATION_ITEM() 
RATIONAL_B_SPLINE_SURFACE((
    (1.056590953773,1.056590953773,1.056590953773,1.056590953773
      ,1.056590953773,1.056590953773,1.056590953773,1.056590953773
      ,1.056590953773,1.056590953773,1.056590953773,1.056590953773)
    ,(1.017435169568,1.017435169568,1.017435169568,1.017435169568
      ,1.017435169569,1.017435169567,1.017435169569,1.017435169567
      ,1.017435169569,1.017435169568,1.017435169568,1.017435169568)
    ,(0.996326512422,0.996326512422,0.996326512422,0.996326512422
      ,0.996326512422,0.996326512422,0.996326512422,0.996326512422
      ,0.996326512422,0.996326512422,0.996326512422,0.996326512422)
    ,(0.989390034249,0.989390034249,0.989390034249,0.989390034248
      ,0.989390034249,0.989390034248,0.989390034249,0.989390034248
      ,0.989390034249,0.989390034249,0.989390034249,0.989390034249)
    ,(0.996326512422,0.996326512422,0.996326512422,0.996326512422
      ,0.996326512423,0.996326512422,0.996326512423,0.996326512422
      ,0.996326512422,0.996326512422,0.996326512422,0.996326512422)
    ,(1.017435169568,1.017435169568,1.017435169568,1.017435169568
      ,1.017435169568,1.017435169568,1.017435169568,1.017435169568
      ,1.017435169568,1.017435169568,1.017435169568,1.017435169568)
    ,(1.056590953773,1.056590953773,1.056590953773,1.056590953773
      ,1.056590953773,1.056590953773,1.056590953773,1.056590953773
      ,1.056590953773,1.056590953773,1.056590953773,1.056590953773
))) REPRESENTATION_ITEM('') SURFACE() );
#5937 = CARTESIAN_POINT('',(12.729367061317,-8.9E-16,-3.65625));
#5938 = CARTESIAN_POINT('',(12.729366475153,0.702249697767,
    -3.610796864309));
#5939 = CARTESIAN_POINT('',(12.288215292872,1.404152014577,
    -3.565365468303));
#5940 = CARTESIAN_POINT('',(11.405228126135,1.799593725218,
    -3.519764593877));
#5941 = CARTESIAN_POINT('',(10.325950267665,1.57438550159,
    -3.474733143471));
#5942 = CARTESIAN_POINT('',(9.521967668362,0.65248550448,-3.428521374864
    ));
#5943 = CARTESIAN_POINT('',(9.521623040452,-0.652481477629,
    -3.383979750362));
#5944 = CARTESIAN_POINT('',(10.326182116191,-1.574392748394,
    -3.337767981508));
#5945 = CARTESIAN_POINT('',(11.405130756775,-1.79958994237,
    -3.292736531381));
#5946 = CARTESIAN_POINT('',(12.288235146956,-1.404152713486,
    -3.247135656809));
#5947 = CARTESIAN_POINT('',(12.729367213076,-0.702249639247,
    -3.201704260833));
#5948 = CARTESIAN_POINT('',(12.729366593497,5.852035787E-08,
    -3.156251125144));
#5949 = CARTESIAN_POINT('',(12.706711412705,-9.4E-16,-3.669330244825));
#5950 = CARTESIAN_POINT('',(12.706710887878,0.689311624436,
    -3.623877215373));
#5951 = CARTESIAN_POINT('',(12.273688183304,1.378251248192,
    -3.578447563906));
#5952 = CARTESIAN_POINT('',(11.406978207997,1.766508676863,
    -3.53283566216));
#5953 = CARTESIAN_POINT('',(10.347584688725,1.545207894049,
    -3.487836096092));
#5954 = CARTESIAN_POINT('',(9.558411450456,0.640693720037,
    -3.441567263358));
#5955 = CARTESIAN_POINT('',(9.558102890851,-0.640690131518,-3.3970944363
    ));
#5956 = CARTESIAN_POINT('',(10.347792289543,-1.545214392582,
    -3.350825603345));
#5957 = CARTESIAN_POINT('',(11.40689104302,-1.766505290677,
    -3.305826037527));
#5958 = CARTESIAN_POINT('',(12.273705971844,-1.378251867211,
    -3.260214135651));
#5959 = CARTESIAN_POINT('',(12.706711554598,-0.689311561506,
    -3.21478448421));
#5960 = CARTESIAN_POINT('',(12.706710993838,6.293043361E-08,
    -3.16933145476));
#5961 = CARTESIAN_POINT('',(12.690745912395,1.22E-15,-3.691468982957));
#5962 = CARTESIAN_POINT('',(12.690745491383,0.680194141001,
    -3.646016028373));
#5963 = CARTESIAN_POINT('',(12.263451925878,1.359998969821,
    -3.600587606286));
#5964 = CARTESIAN_POINT('',(11.408206456915,1.743193388315,
    -3.55496793356));
#5965 = CARTESIAN_POINT('',(10.362842483049,1.524646753448,
    -3.509990836458));
#5966 = CARTESIAN_POINT('',(9.584075635439,0.632383815438,
    -3.463681790518));
#5967 = CARTESIAN_POINT('',(9.583828120218,-0.632380961802,
    -3.419257445142));
#5968 = CARTESIAN_POINT('',(10.363009038308,-1.52465198135,
    -3.372948399024));
#5969 = CARTESIAN_POINT('',(11.408136556791,-1.743190673158,
    -3.327971302122));
#5970 = CARTESIAN_POINT('',(12.263466213444,-1.359999456416,
    -3.282351629292));
#5971 = CARTESIAN_POINT('',(12.690746035103,-0.680194074963,
    -3.236923207227));
#5972 = CARTESIAN_POINT('',(12.690745576385,6.60382207E-08,
    -3.191470252644));
#5973 = CARTESIAN_POINT('',(12.684975316719,-1.4E-16,-3.71875));
#5974 = CARTESIAN_POINT('',(12.684975023637,0.676898723975,
    -3.673297072476));
#5975 = CARTESIAN_POINT('',(12.25975366587,1.353401935503,
    -3.627869094738));
#5976 = CARTESIAN_POINT('',(11.408642878931,1.73476603417,
    -3.582246613264));
#5977 = CARTESIAN_POINT('',(10.368375123567,1.517215703287,
    -3.53727763735));
#5978 = CARTESIAN_POINT('',(9.593325101967,0.629379971356,
    -3.490954056757));
#5979 = CARTESIAN_POINT('',(9.593152808743,-0.62937801894,
    -3.446547234568));
#5980 = CARTESIAN_POINT('',(10.368491095967,-1.517219362841,
    -3.400223653851));
#5981 = CARTESIAN_POINT('',(11.408594249883,-1.734764145693,
    -3.355254678077));
#5982 = CARTESIAN_POINT('',(12.259763636185,-1.353402260651,
    -3.30963219653));
#5983 = CARTESIAN_POINT('',(12.684975414241,-0.676898656813,
    -3.264204218807));
#5984 = CARTESIAN_POINT('',(12.68497508281,6.716149847E-08,
    -3.218751291284));
#5985 = CARTESIAN_POINT('',(12.690745912395,1.9E-16,-3.746031017043));
#5986 = CARTESIAN_POINT('',(12.690745747242,0.680194199309,
    -3.700578062459));
#5987 = CARTESIAN_POINT('',(12.263456309886,1.359999247274,
    -3.65514964037));
#5988 = CARTESIAN_POINT('',(11.408185179577,1.743192710825,
    -3.609529967663));
#5989 = CARTESIAN_POINT('',(10.362892969892,1.524648454363,
    -3.564552870478));
#5990 = CARTESIAN_POINT('',(9.584000249732,0.632382969166,
    -3.518243824741));
#5991 = CARTESIAN_POINT('',(9.583903177282,-0.632381914354,
    -3.473819479055));
#5992 = CARTESIAN_POINT('',(10.362958356576,-1.524650543427,
    -3.427510433248));
#5993 = CARTESIAN_POINT('',(11.408157818309,-1.743191648853,
    -3.382533336142));
#5994 = CARTESIAN_POINT('',(12.263461960383,-1.359999412416,
    -3.336913663393));
#5995 = CARTESIAN_POINT('',(12.690745983447,-0.680194133271,
    -3.291485241313));
#5996 = CARTESIAN_POINT('',(12.690745780588,6.603820094E-08,
    -3.24603228673));
#5997 = CARTESIAN_POINT('',(12.706711412705,9.7E-16,-3.768169755175));
#5998 = CARTESIAN_POINT('',(12.706711351367,0.689311730061,
    -3.722716725723));
#5999 = CARTESIAN_POINT('',(12.273696124966,1.3782517508,-3.677287074253
    ));
#6000 = CARTESIAN_POINT('',(11.406939663948,1.766507449584,
    -3.63167517254));
#6001 = CARTESIAN_POINT('',(10.347676145997,1.545210975269,
    -3.586675606322));
#6002 = CARTESIAN_POINT('',(9.558274888716,0.64069218701,-3.540406773956
    ));
#6003 = CARTESIAN_POINT('',(9.558238857252,-0.640691857074,
    -3.495933946337));
#6004 = CARTESIAN_POINT('',(10.347700479227,-1.545211787773,
    -3.449665113944));
#6005 = CARTESIAN_POINT('',(11.406929558411,-1.766507058156,
    -3.404665547756));
#6006 = CARTESIAN_POINT('',(12.273698267393,-1.378251787504,
    -3.359053646028));
#6007 = CARTESIAN_POINT('',(12.706711461023,-0.689311667131,
    -3.313623994561));
#6008 = CARTESIAN_POINT('',(12.706711363753,6.29303967E-08,
    -3.268170965109));
#6009 = CARTESIAN_POINT('',(12.729367061317,-1.11E-15,-3.78125));
#6010 = CARTESIAN_POINT('',(12.729367061317,0.702249831348,
    -3.735796864309));
#6011 = CARTESIAN_POINT('',(12.288225336505,1.404152650213,-3.6903654683
    ));
#6012 = CARTESIAN_POINT('',(11.405179380384,1.799592173108,
    -3.644764593915));
#6013 = CARTESIAN_POINT('',(10.326065931524,1.574389398336,
    -3.599733143319));
#6014 = CARTESIAN_POINT('',(9.521794961946,0.652483565697,
    -3.553521375178));
#6015 = CARTESIAN_POINT('',(9.521794993958,-0.652483659898,
    -3.508979749966));
#6016 = CARTESIAN_POINT('',(10.326066005847,-1.574389454154,
    -3.462767981824));
#6017 = CARTESIAN_POINT('',(11.405179466282,-1.799592177659,
    -3.417736531229));
#6018 = CARTESIAN_POINT('',(12.288225403319,-1.404152612683,
    -3.372135656843));
#6019 = CARTESIAN_POINT('',(12.729367094734,-0.702249772828,
    -3.326704260835));
#6020 = CARTESIAN_POINT('',(12.729367061319,5.852031226E-08,
    -3.281251125144));
#6021 = DEFINITIONAL_REPRESENTATION('',(#6022),#6026);
#6022 = LINE('',#6023,#6024);
#6023 = CARTESIAN_POINT('',(0.,6.303048278758));
#6024 = VECTOR('',#6025,1.);
#6025 = DIRECTION('',(1.,0.));
#6026 = ( GEOMETRIC_REPRESENTATION_CONTEXT(2) 
PARAMETRIC_REPRESENTATION_CONTEXT() REPRESENTATION_CONTEXT('2D SPACE',''
  ) );
#6027 = ORIENTED_EDGE('',*,*,#6028,.T.);
#6028 = EDGE_CURVE('',#5917,#5536,#6029,.T.);
#6029 = SURFACE_CURVE('',#6030,(#6043,#6050),.PCURVE_S1.);
#6030 = ( BOUNDED_CURVE() B_SPLINE_CURVE(11,(#6031,#6032,#6033,#6034,
    #6035,#6036,#6037,#6038,#6039,#6040,#6041,#6042),.UNSPECIFIED.,.F.,
.F.) B_SPLINE_CURVE_WITH_KNOTS((12,12),(0.,6.303048278758),
.PIECEWISE_BEZIER_KNOTS.) CURVE() GEOMETRIC_REPRESENTATION_ITEM() 
RATIONAL_B_SPLINE_CURVE((1.056590953773,1.056590953773,1.056590953773,
    1.056590953773,1.056590953773,1.056590953773,1.056590953773,
    1.056590953773,1.056590953773,1.056590953773,1.056590953773,
1.056590953773)) REPRESENTATION_ITEM('') );
#6031 = CARTESIAN_POINT('',(12.729367061317,-1.11E-15,-3.28125));
#6032 = CARTESIAN_POINT('',(12.729367061317,0.702249831348,
    -3.235796864309));
#6033 = CARTESIAN_POINT('',(12.288225336505,1.404152650213,-3.1903654683
    ));
#6034 = CARTESIAN_POINT('',(11.405179380384,1.799592173108,
    -3.144764593915));
#6035 = CARTESIAN_POINT('',(10.326065931524,1.574389398336,
    -3.099733143319));
#6036 = CARTESIAN_POINT('',(9.521794961946,0.652483565697,
    -3.053521375178));
#6037 = CARTESIAN_POINT('',(9.521794993958,-0.652483659898,
    -3.008979749966));
#6038 = CARTESIAN_POINT('',(10.326066005847,-1.574389454154,
    -2.962767981824));
#6039 = CARTESIAN_POINT('',(11.405179466282,-1.799592177659,
    -2.917736531229));
#6040 = CARTESIAN_POINT('',(12.288225403319,-1.404152612683,
    -2.872135656843));
#6041 = CARTESIAN_POINT('',(12.729367094734,-0.702249772828,
    -2.826704260835));
#6042 = CARTESIAN_POINT('',(12.729367061319,5.852031226E-08,
    -2.781251125144));
#6043 = PCURVE('',#5555,#6044);
#6044 = DEFINITIONAL_REPRESENTATION('',(#6045),#6049);
#6045 = LINE('',#6046,#6047);
#6046 = CARTESIAN_POINT('',(2.094395102393,0.));
#6047 = VECTOR('',#6048,1.);
#6048 = DIRECTION('',(0.,1.));
#6049 = ( GEOMETRIC_REPRESENTATION_CONTEXT(2) 
PARAMETRIC_REPRESENTATION_CONTEXT() REPRESENTATION_CONTEXT('2D SPACE',''
  ) );
#6050 = PCURVE('',#5696,#6051);
#6051 = DEFINITIONAL_REPRESENTATION('',(#6052),#6055);
#6052 = B_SPLINE_CURVE_WITH_KNOTS('',1,(#6053,#6054),.UNSPECIFIED.,.F.,
  .F.,(2,2),(0.,6.303048278758),.PIECEWISE_BEZIER_KNOTS.);
#6053 = CARTESIAN_POINT('',(0.,0.));
#6054 = CARTESIAN_POINT('',(0.,6.303048278758));
#6055 = ( GEOMETRIC_REPRESENTATION_CONTEXT(2) 
PARAMETRIC_REPRESENTATION_CONTEXT() REPRESENTATION_CONTEXT('2D SPACE',''
  ) );
#6056 = ORIENTED_EDGE('',*,*,#5535,.F.);
#6057 = ADVANCED_FACE('',(#6058),#5696,.T.);
#6058 = FACE_BOUND('',#6059,.T.);
#6059 = EDGE_LOOP('',(#6060,#6061,#6106,#6134));
#6060 = ORIENTED_EDGE('',*,*,#6028,.F.);
#6061 = ORIENTED_EDGE('',*,*,#6062,.T.);
#6062 = EDGE_CURVE('',#5917,#6063,#6065,.T.);
#6063 = VERTEX_POINT('',#6064);
#6064 = CARTESIAN_POINT('',(13.000000292389,2.919828E-09,-3.437500056138
    ));
#6065 = SURFACE_CURVE('',#6066,(#6069,#6076),.PCURVE_S1.);
#6066 = B_SPLINE_CURVE_WITH_KNOTS('',1,(#6067,#6068),.UNSPECIFIED.,.F.,
  .F.,(2,2),(0.,0.3125),.PIECEWISE_BEZIER_KNOTS.);
#6067 = CARTESIAN_POINT('',(12.729367061317,1.1E-16,-3.28125));
#6068 = CARTESIAN_POINT('',(13.,-5.6E-16,-3.4375));
#6069 = PCURVE('',#5696,#6070);
#6070 = DEFINITIONAL_REPRESENTATION('',(#6071),#6075);
#6071 = LINE('',#6072,#6073);
#6072 = CARTESIAN_POINT('',(0.,0.));
#6073 = VECTOR('',#6074,1.);
#6074 = DIRECTION('',(1.,0.));
#6075 = ( GEOMETRIC_REPRESENTATION_CONTEXT(2) 
PARAMETRIC_REPRESENTATION_CONTEXT() REPRESENTATION_CONTEXT('2D SPACE',''
  ) );
#6076 = PCURVE('',#6077,#6100);
#6077 = B_SPLINE_SURFACE_WITH_KNOTS('',1,10,(
    (#6078,#6079,#6080,#6081,#6082,#6083,#6084,#6085,#6086,#6087,#6088)
    ,(#6089,#6090,#6091,#6092,#6093,#6094,#6095,#6096,#6097,#6098,#6099
    )),.UNSPECIFIED.,.F.,.F.,.F.,(2,2),(11,11),(0.,0.3125),(0.,
    6.303048278758),.PIECEWISE_BEZIER_KNOTS.);
#6078 = CARTESIAN_POINT('',(12.729367061317,1.1E-16,-3.78125));
#6079 = CARTESIAN_POINT('',(12.729367061317,0.772474814483,
    -3.73125155074));
#6080 = CARTESIAN_POINT('',(12.190193842103,1.544525502598,
    -3.681279672202));
#6081 = CARTESIAN_POINT('',(11.110798957404,1.892514694868,
    -3.631168407681));
#6082 = CARTESIAN_POINT('',(9.87764705885,1.404849341747,-3.581334768024
    ));
#6083 = CARTESIAN_POINT('',(9.225251549403,-5.422788307E-08,
    -3.531250562572));
#6084 = CARTESIAN_POINT('',(9.877647125571,-1.404849418843,
    -3.481166357119));
#6085 = CARTESIAN_POINT('',(11.110799047625,-1.89251471345,
    -3.431332717462));
#6086 = CARTESIAN_POINT('',(12.190193915595,-1.544525469732,
    -3.381221452941));
#6087 = CARTESIAN_POINT('',(12.729367098075,-0.772474755963,
    -3.331249574404));
#6088 = CARTESIAN_POINT('',(12.729367061319,5.852031182E-08,
    -3.281251125144));
#6089 = CARTESIAN_POINT('',(13.,-5.6E-16,-3.9375));
#6090 = CARTESIAN_POINT('',(13.000000805976,0.942482042061,
    -3.887500154747));
#6091 = CARTESIAN_POINT('',(12.342180217968,1.88490053282,
    -3.837502960968));
#6092 = CARTESIAN_POINT('',(11.02493752388,2.308307351446,
    -3.787491857919));
#6093 = CARTESIAN_POINT('',(9.520847274645,1.714909336101,
    -3.737508459097));
#6094 = CARTESIAN_POINT('',(8.724103861559,-1.226329071669E-05,
    -3.687500055858));
#6095 = CARTESIAN_POINT('',(9.520757657148,-1.714891257779,
    -3.637491653627));
#6096 = CARTESIAN_POINT('',(11.02502385859,-2.308314284812,
    -3.587508254144));
#6097 = CARTESIAN_POINT('',(12.342150223011,-1.884899404424,
    -3.537497151356));
#6098 = CARTESIAN_POINT('',(12.99999978247,-0.942482036221,
    -3.487499957532));
#6099 = CARTESIAN_POINT('',(13.000000584779,5.83965709E-09,
    -3.437500112276));
#6100 = DEFINITIONAL_REPRESENTATION('',(#6101),#6105);
#6101 = LINE('',#6102,#6103);
#6102 = CARTESIAN_POINT('',(0.,6.303048278758));
#6103 = VECTOR('',#6104,1.);
#6104 = DIRECTION('',(1.,0.));
#6105 = ( GEOMETRIC_REPRESENTATION_CONTEXT(2) 
PARAMETRIC_REPRESENTATION_CONTEXT() REPRESENTATION_CONTEXT('2D SPACE',''
  ) );
#6106 = ORIENTED_EDGE('',*,*,#6107,.T.);
#6107 = EDGE_CURVE('',#6063,#5682,#6108,.T.);
#6108 = SURFACE_CURVE('',#6109,(#6121,#6128),.PCURVE_S1.);
#6109 = B_SPLINE_CURVE_WITH_KNOTS('',10,(#6110,#6111,#6112,#6113,#6114,
    #6115,#6116,#6117,#6118,#6119,#6120),.UNSPECIFIED.,.F.,.F.,(11,11),(
    0.,6.303048278758),.PIECEWISE_BEZIER_KNOTS.);
#6110 = CARTESIAN_POINT('',(13.,-5.6E-16,-3.4375));
#6111 = CARTESIAN_POINT('',(13.000000805976,0.942482042061,
    -3.387500154747));
#6112 = CARTESIAN_POINT('',(12.342180217968,1.88490053282,
    -3.337502960968));
#6113 = CARTESIAN_POINT('',(11.02493752388,2.308307351446,
    -3.287491857919));
#6114 = CARTESIAN_POINT('',(9.520847274645,1.714909336101,
    -3.237508459097));
#6115 = CARTESIAN_POINT('',(8.724103861559,-1.226329071669E-05,
    -3.187500055858));
#6116 = CARTESIAN_POINT('',(9.520757657148,-1.714891257779,
    -3.137491653627));
#6117 = CARTESIAN_POINT('',(11.02502385859,-2.308314284812,
    -3.087508254144));
#6118 = CARTESIAN_POINT('',(12.342150223011,-1.884899404424,
    -3.037497151356));
#6119 = CARTESIAN_POINT('',(12.99999978247,-0.942482036221,
    -2.987499957532));
#6120 = CARTESIAN_POINT('',(13.000000584779,5.83965709E-09,
    -2.937500112276));
#6121 = PCURVE('',#5696,#6122);
#6122 = DEFINITIONAL_REPRESENTATION('',(#6123),#6127);
#6123 = LINE('',#6124,#6125);
#6124 = CARTESIAN_POINT('',(0.3125,0.));
#6125 = VECTOR('',#6126,1.);
#6126 = DIRECTION('',(0.,1.));
#6127 = ( GEOMETRIC_REPRESENTATION_CONTEXT(2) 
PARAMETRIC_REPRESENTATION_CONTEXT() REPRESENTATION_CONTEXT('2D SPACE',''
  ) );
#6128 = PCURVE('',#5774,#6129);
#6129 = DEFINITIONAL_REPRESENTATION('',(#6130),#6133);
#6130 = B_SPLINE_CURVE_WITH_KNOTS('',1,(#6131,#6132),.UNSPECIFIED.,.F.,
  .F.,(2,2),(0.,6.303048278758),.PIECEWISE_BEZIER_KNOTS.);
#6131 = CARTESIAN_POINT('',(0.,0.));
#6132 = CARTESIAN_POINT('',(0.,6.303048278758));
#6133 = ( GEOMETRIC_REPRESENTATION_CONTEXT(2) 
PARAMETRIC_REPRESENTATION_CONTEXT() REPRESENTATION_CONTEXT('2D SPACE',''
  ) );
#6134 = ORIENTED_EDGE('',*,*,#5681,.F.);
#6135 = ADVANCED_FACE('',(#6136),#5774,.T.);
#6136 = FACE_BOUND('',#6137,.T.);
#6137 = EDGE_LOOP('',(#6138,#6139,#6184,#6213));
#6138 = ORIENTED_EDGE('',*,*,#6107,.F.);
#6139 = ORIENTED_EDGE('',*,*,#6140,.T.);
#6140 = EDGE_CURVE('',#6063,#6141,#6143,.T.);
#6141 = VERTEX_POINT('',#6142);
#6142 = CARTESIAN_POINT('',(12.999999473699,2.919909E-09,-3.50000005614)
  );
#6143 = SURFACE_CURVE('',#6144,(#6147,#6154),.PCURVE_S1.);
#6144 = B_SPLINE_CURVE_WITH_KNOTS('',1,(#6145,#6146),.UNSPECIFIED.,.F.,
  .F.,(2,2),(0.,6.25E-02),.PIECEWISE_BEZIER_KNOTS.);
#6145 = CARTESIAN_POINT('',(13.000000584779,5.83965796E-09,
    -3.437500112276));
#6146 = CARTESIAN_POINT('',(13.00000081869,5.83963466E-09,
    -3.500000112276));
#6147 = PCURVE('',#5774,#6148);
#6148 = DEFINITIONAL_REPRESENTATION('',(#6149),#6153);
#6149 = LINE('',#6150,#6151);
#6150 = CARTESIAN_POINT('',(0.,0.));
#6151 = VECTOR('',#6152,1.);
#6152 = DIRECTION('',(1.,0.));
#6153 = ( GEOMETRIC_REPRESENTATION_CONTEXT(2) 
PARAMETRIC_REPRESENTATION_CONTEXT() REPRESENTATION_CONTEXT('2D SPACE',''
  ) );
#6154 = PCURVE('',#6155,#6178);
#6155 = B_SPLINE_SURFACE_WITH_KNOTS('',1,10,(
    (#6156,#6157,#6158,#6159,#6160,#6161,#6162,#6163,#6164,#6165,#6166)
    ,(#6167,#6168,#6169,#6170,#6171,#6172,#6173,#6174,#6175,#6176,#6177
    )),.UNSPECIFIED.,.F.,.F.,.F.,(2,2),(11,11),(0.,6.25E-02),(0.,
    6.303048278758),.PIECEWISE_BEZIER_KNOTS.);
#6156 = CARTESIAN_POINT('',(13.,-1.46E-15,-3.9375));
#6157 = CARTESIAN_POINT('',(13.000000805976,0.942482042061,
    -3.887500154747));
#6158 = CARTESIAN_POINT('',(12.342180217968,1.88490053282,
    -3.837502960968));
#6159 = CARTESIAN_POINT('',(11.02493752388,2.308307351446,
    -3.787491857919));
#6160 = CARTESIAN_POINT('',(9.520847274645,1.714909336101,
    -3.737508459097));
#6161 = CARTESIAN_POINT('',(8.72410386156,-1.226329080994E-05,
    -3.687500055858));
#6162 = CARTESIAN_POINT('',(9.520757657148,-1.714891257779,
    -3.637491653627));
#6163 = CARTESIAN_POINT('',(11.02502385859,-2.308314284812,
    -3.587508254144));
#6164 = CARTESIAN_POINT('',(12.342150223011,-1.884899404424,
    -3.537497151356));
#6165 = CARTESIAN_POINT('',(12.99999978247,-0.942482036221,
    -3.487499957532));
#6166 = CARTESIAN_POINT('',(13.000000584779,5.83965796E-09,
    -3.437500112276));
#6167 = CARTESIAN_POINT('',(13.,9.9E-16,-4.));
#6168 = CARTESIAN_POINT('',(13.000001128367,0.94248211553,
    -3.950000154747));
#6169 = CARTESIAN_POINT('',(12.342186284101,1.884900904938,
    -3.900002960966));
#6170 = CARTESIAN_POINT('',(11.024920221652,2.308306144833,
    -3.849991857908));
#6171 = CARTESIAN_POINT('',(9.520865045263,1.714913087294,
    -3.800008459153));
#6172 = CARTESIAN_POINT('',(8.724103644986,-1.716644223348E-05,
    -3.750000055746));
#6173 = CARTESIAN_POINT('',(9.520739578105,-1.714887774566,
    -3.699991653748));
#6174 = CARTESIAN_POINT('',(11.025041086644,-2.308315850802,
    -3.650008254069));
#6175 = CARTESIAN_POINT('',(12.342144288229,-1.884899326496,
    -3.599997151377));
#6176 = CARTESIAN_POINT('',(12.999999693991,-0.94248210969,
    -3.549999957533));
#6177 = CARTESIAN_POINT('',(13.00000081869,5.83963466E-09,
    -3.500000112276));
#6178 = DEFINITIONAL_REPRESENTATION('',(#6179),#6183);
#6179 = LINE('',#6180,#6181);
#6180 = CARTESIAN_POINT('',(0.,6.303048278758));
#6181 = VECTOR('',#6182,1.);
#6182 = DIRECTION('',(1.,0.));
#6183 = ( GEOMETRIC_REPRESENTATION_CONTEXT(2) 
PARAMETRIC_REPRESENTATION_CONTEXT() REPRESENTATION_CONTEXT('2D SPACE',''
  ) );
#6184 = ORIENTED_EDGE('',*,*,#6185,.T.);
#6185 = EDGE_CURVE('',#6141,#5760,#6186,.T.);
#6186 = SURFACE_CURVE('',#6187,(#6199,#6206),.PCURVE_S1.);
#6187 = B_SPLINE_CURVE_WITH_KNOTS('',10,(#6188,#6189,#6190,#6191,#6192,
    #6193,#6194,#6195,#6196,#6197,#6198),.UNSPECIFIED.,.F.,.F.,(11,11),(
    0.,6.303048278758),.PIECEWISE_BEZIER_KNOTS.);
#6188 = CARTESIAN_POINT('',(13.,9.9E-16,-3.5));
#6189 = CARTESIAN_POINT('',(13.000001128367,0.94248211553,
    -3.450000154747));
#6190 = CARTESIAN_POINT('',(12.342186284101,1.884900904938,
    -3.400002960966));
#6191 = CARTESIAN_POINT('',(11.024920221652,2.308306144833,
    -3.349991857908));
#6192 = CARTESIAN_POINT('',(9.520865045263,1.714913087294,
    -3.300008459153));
#6193 = CARTESIAN_POINT('',(8.724103644986,-1.716644223348E-05,
    -3.250000055746));
#6194 = CARTESIAN_POINT('',(9.520739578105,-1.714887774566,
    -3.199991653748));
#6195 = CARTESIAN_POINT('',(11.025041086644,-2.308315850802,
    -3.150008254069));
#6196 = CARTESIAN_POINT('',(12.342144288229,-1.884899326496,
    -3.099997151377));
#6197 = CARTESIAN_POINT('',(12.999999693991,-0.94248210969,
    -3.049999957533));
#6198 = CARTESIAN_POINT('',(13.00000081869,5.83963466E-09,
    -3.000000112276));
#6199 = PCURVE('',#5774,#6200);
#6200 = DEFINITIONAL_REPRESENTATION('',(#6201),#6205);
#6201 = LINE('',#6202,#6203);
#6202 = CARTESIAN_POINT('',(6.25E-02,0.));
#6203 = VECTOR('',#6204,1.);
#6204 = DIRECTION('',(0.,1.));
#6205 = ( GEOMETRIC_REPRESENTATION_CONTEXT(2) 
PARAMETRIC_REPRESENTATION_CONTEXT() REPRESENTATION_CONTEXT('2D SPACE',''
  ) );
#6206 = PCURVE('',#5853,#6207);
#6207 = DEFINITIONAL_REPRESENTATION('',(#6208),#6212);
#6208 = LINE('',#6209,#6210);
#6209 = CARTESIAN_POINT('',(0.,0.));
#6210 = VECTOR('',#6211,1.);
#6211 = DIRECTION('',(0.,1.));
#6212 = ( GEOMETRIC_REPRESENTATION_CONTEXT(2) 
PARAMETRIC_REPRESENTATION_CONTEXT() REPRESENTATION_CONTEXT('2D SPACE',''
  ) );
#6213 = ORIENTED_EDGE('',*,*,#5759,.F.);
#6214 = ADVANCED_FACE('',(#6215),#5853,.T.);
#6215 = FACE_BOUND('',#6216,.T.);
#6216 = EDGE_LOOP('',(#6217,#6218,#6263,#6291));
#6217 = ORIENTED_EDGE('',*,*,#6185,.F.);
#6218 = ORIENTED_EDGE('',*,*,#6219,.T.);
#6219 = EDGE_CURVE('',#6141,#6220,#6222,.T.);
#6220 = VERTEX_POINT('',#6221);
#6221 = CARTESIAN_POINT('',(12.729366593497,5.8520358E-08,
    -3.656251125144));
#6222 = SURFACE_CURVE('',#6223,(#6226,#6233),.PCURVE_S1.);
#6223 = B_SPLINE_CURVE_WITH_KNOTS('',1,(#6224,#6225),.UNSPECIFIED.,.F.,
  .F.,(2,2),(0.,0.3125),.PIECEWISE_BEZIER_KNOTS.);
#6224 = CARTESIAN_POINT('',(12.999998947399,5.83981767E-09,
    -3.500000112279));
#6225 = CARTESIAN_POINT('',(12.729366593497,5.852035727E-08,
    -3.656251125144));
#6226 = PCURVE('',#5853,#6227);
#6227 = DEFINITIONAL_REPRESENTATION('',(#6228),#6232);
#6228 = LINE('',#6229,#6230);
#6229 = CARTESIAN_POINT('',(0.,0.));
#6230 = VECTOR('',#6231,1.);
#6231 = DIRECTION('',(1.,0.));
#6232 = ( GEOMETRIC_REPRESENTATION_CONTEXT(2) 
PARAMETRIC_REPRESENTATION_CONTEXT() REPRESENTATION_CONTEXT('2D SPACE',''
  ) );
#6233 = PCURVE('',#6234,#6257);
#6234 = B_SPLINE_SURFACE_WITH_KNOTS('',1,10,(
    (#6235,#6236,#6237,#6238,#6239,#6240,#6241,#6242,#6243,#6244,#6245)
    ,(#6246,#6247,#6248,#6249,#6250,#6251,#6252,#6253,#6254,#6255,#6256
    )),.UNSPECIFIED.,.F.,.F.,.F.,(2,2),(11,11),(0.,0.3125),(0.,
    6.303048278758),.PIECEWISE_BEZIER_KNOTS.);
#6235 = CARTESIAN_POINT('',(13.,1.04E-15,-4.));
#6236 = CARTESIAN_POINT('',(12.999998549242,0.942481527773,
    -3.950000154747));
#6237 = CARTESIAN_POINT('',(12.342137755035,1.884897927994,
    -3.900002960982));
#6238 = CARTESIAN_POINT('',(11.025058639477,2.30831579774,
    -3.849991857995));
#6239 = CARTESIAN_POINT('',(9.520722880316,1.71488307775,-3.800008458702
    ));
#6240 = CARTESIAN_POINT('',(8.724105377576,2.205876887018E-05,
    -3.750000056644));
#6241 = CARTESIAN_POINT('',(9.520884210451,-1.714915640266,
    -3.699991652773));
#6242 = CARTESIAN_POINT('',(11.024903262209,-2.308303322877,
    -3.650008254668));
#6243 = CARTESIAN_POINT('',(12.342191766491,-1.884899949923,
    -3.599997151211));
#6244 = CARTESIAN_POINT('',(13.000000401825,-0.942481521934,
    -3.549999957527));
#6245 = CARTESIAN_POINT('',(12.999998947399,5.83981767E-09,
    -3.500000112279));
#6246 = CARTESIAN_POINT('',(12.729367061317,-6.2E-16,-4.15625));
#6247 = CARTESIAN_POINT('',(12.729366416536,0.772474667544,
    -4.10625155074));
#6248 = CARTESIAN_POINT('',(12.190181709836,1.544524758362,
    -4.056279672206));
#6249 = CARTESIAN_POINT('',(11.110833561861,1.892517108095,
    -4.006168407703));
#6250 = CARTESIAN_POINT('',(9.877611517613,1.404841839361,
    -3.956334767911));
#6251 = CARTESIAN_POINT('',(9.225251982551,9.75207505949E-06,
    -3.906250562796));
#6252 = CARTESIAN_POINT('',(9.877683283657,-1.404856385268,
    -3.856166356875));
#6253 = CARTESIAN_POINT('',(11.110764591517,-1.892511581469,
    -3.806332717612));
#6254 = CARTESIAN_POINT('',(12.190205785161,-1.544525625589,
    -3.7562214529));
#6255 = CARTESIAN_POINT('',(12.729367275034,-0.772474609024,
    -3.706249574402));
#6256 = CARTESIAN_POINT('',(12.729366593497,5.852035727E-08,
    -3.656251125144));
#6257 = DEFINITIONAL_REPRESENTATION('',(#6258),#6262);
#6258 = LINE('',#6259,#6260);
#6259 = CARTESIAN_POINT('',(0.,6.303048278758));
#6260 = VECTOR('',#6261,1.);
#6261 = DIRECTION('',(1.,0.));
#6262 = ( GEOMETRIC_REPRESENTATION_CONTEXT(2) 
PARAMETRIC_REPRESENTATION_CONTEXT() REPRESENTATION_CONTEXT('2D SPACE',''
  ) );
#6263 = ORIENTED_EDGE('',*,*,#6264,.T.);
#6264 = EDGE_CURVE('',#6220,#5839,#6265,.T.);
#6265 = SURFACE_CURVE('',#6266,(#6278,#6285),.PCURVE_S1.);
#6266 = B_SPLINE_CURVE_WITH_KNOTS('',10,(#6267,#6268,#6269,#6270,#6271,
    #6272,#6273,#6274,#6275,#6276,#6277),.UNSPECIFIED.,.F.,.F.,(11,11),(
    0.,6.303048278758),.PIECEWISE_BEZIER_KNOTS.);
#6267 = CARTESIAN_POINT('',(12.729367061317,-6.2E-16,-3.65625));
#6268 = CARTESIAN_POINT('',(12.729366416536,0.772474667544,
    -3.60625155074));
#6269 = CARTESIAN_POINT('',(12.190181709836,1.544524758362,
    -3.556279672206));
#6270 = CARTESIAN_POINT('',(11.110833561861,1.892517108095,
    -3.506168407703));
#6271 = CARTESIAN_POINT('',(9.877611517613,1.404841839361,
    -3.456334767911));
#6272 = CARTESIAN_POINT('',(9.225251982551,9.75207505949E-06,
    -3.406250562796));
#6273 = CARTESIAN_POINT('',(9.877683283657,-1.404856385268,
    -3.356166356875));
#6274 = CARTESIAN_POINT('',(11.110764591517,-1.892511581469,
    -3.306332717612));
#6275 = CARTESIAN_POINT('',(12.190205785161,-1.544525625589,
    -3.2562214529));
#6276 = CARTESIAN_POINT('',(12.729367275034,-0.772474609024,
    -3.206249574402));
#6277 = CARTESIAN_POINT('',(12.729366593497,5.852035727E-08,
    -3.156251125144));
#6278 = PCURVE('',#5853,#6279);
#6279 = DEFINITIONAL_REPRESENTATION('',(#6280),#6284);
#6280 = LINE('',#6281,#6282);
#6281 = CARTESIAN_POINT('',(0.3125,0.));
#6282 = VECTOR('',#6283,1.);
#6283 = DIRECTION('',(0.,1.));
#6284 = ( GEOMETRIC_REPRESENTATION_CONTEXT(2) 
PARAMETRIC_REPRESENTATION_CONTEXT() REPRESENTATION_CONTEXT('2D SPACE',''
  ) );
#6285 = PCURVE('',#5936,#6286);
#6286 = DEFINITIONAL_REPRESENTATION('',(#6287),#6290);
#6287 = B_SPLINE_CURVE_WITH_KNOTS('',1,(#6288,#6289),.UNSPECIFIED.,.F.,
  .F.,(2,2),(0.,6.303048278758),.PIECEWISE_BEZIER_KNOTS.);
#6288 = CARTESIAN_POINT('',(0.,0.));
#6289 = CARTESIAN_POINT('',(0.,6.303048278758));
#6290 = ( GEOMETRIC_REPRESENTATION_CONTEXT(2) 
PARAMETRIC_REPRESENTATION_CONTEXT() REPRESENTATION_CONTEXT('2D SPACE',''
  ) );
#6291 = ORIENTED_EDGE('',*,*,#5838,.F.);
#6292 = ADVANCED_FACE('',(#6293),#5936,.T.);
#6293 = FACE_BOUND('',#6294,.T.);
#6294 = EDGE_LOOP('',(#6295,#6296,#6408,#6437));
#6295 = ORIENTED_EDGE('',*,*,#6264,.F.);
#6296 = ORIENTED_EDGE('',*,*,#6297,.T.);
#6297 = EDGE_CURVE('',#6220,#6298,#6300,.T.);
#6298 = VERTEX_POINT('',#6299);
#6299 = CARTESIAN_POINT('',(12.729367061319,5.8520312E-08,
    -3.781251125144));
#6300 = SURFACE_CURVE('',#6301,(#6309,#6316),.PCURVE_S1.);
#6301 = ( BOUNDED_CURVE() B_SPLINE_CURVE(6,(#6302,#6303,#6304,#6305,
#6306,#6307,#6308),.UNSPECIFIED.,.F.,.F.) B_SPLINE_CURVE_WITH_KNOTS((7,7
),(0.,2.094395102393),.PIECEWISE_BEZIER_KNOTS.) CURVE() 
GEOMETRIC_REPRESENTATION_ITEM() RATIONAL_B_SPLINE_CURVE((1.056590953773,
    1.017435169568,0.996326512422,0.989390034249,0.996326512422,
1.017435169568,1.056590953773)) REPRESENTATION_ITEM('') );
#6302 = CARTESIAN_POINT('',(12.729366593497,5.852035787E-08,
    -3.656251125144));
#6303 = CARTESIAN_POINT('',(12.706710993838,6.293043361E-08,
    -3.66933145476));
#6304 = CARTESIAN_POINT('',(12.690745576385,6.60382207E-08,
    -3.691470252644));
#6305 = CARTESIAN_POINT('',(12.68497508281,6.716149847E-08,
    -3.718751291284));
#6306 = CARTESIAN_POINT('',(12.690745780588,6.603820094E-08,
    -3.74603228673));
#6307 = CARTESIAN_POINT('',(12.706711363753,6.29303967E-08,
    -3.768170965109));
#6308 = CARTESIAN_POINT('',(12.729367061319,5.852031226E-08,
    -3.781251125144));
#6309 = PCURVE('',#5936,#6310);
#6310 = DEFINITIONAL_REPRESENTATION('',(#6311),#6315);
#6311 = LINE('',#6312,#6313);
#6312 = CARTESIAN_POINT('',(0.,0.));
#6313 = VECTOR('',#6314,1.);
#6314 = DIRECTION('',(1.,0.));
#6315 = ( GEOMETRIC_REPRESENTATION_CONTEXT(2) 
PARAMETRIC_REPRESENTATION_CONTEXT() REPRESENTATION_CONTEXT('2D SPACE',''
  ) );
#6316 = PCURVE('',#6317,#6402);
#6317 = ( BOUNDED_SURFACE() B_SPLINE_SURFACE(6,11,(
    (#6318,#6319,#6320,#6321,#6322,#6323,#6324,#6325,#6326,#6327,#6328
      ,#6329)
    ,(#6330,#6331,#6332,#6333,#6334,#6335,#6336,#6337,#6338,#6339,#6340
      ,#6341)
    ,(#6342,#6343,#6344,#6345,#6346,#6347,#6348,#6349,#6350,#6351,#6352
      ,#6353)
    ,(#6354,#6355,#6356,#6357,#6358,#6359,#6360,#6361,#6362,#6363,#6364
      ,#6365)
    ,(#6366,#6367,#6368,#6369,#6370,#6371,#6372,#6373,#6374,#6375,#6376
      ,#6377)
    ,(#6378,#6379,#6380,#6381,#6382,#6383,#6384,#6385,#6386,#6387,#6388
      ,#6389)
    ,(#6390,#6391,#6392,#6393,#6394,#6395,#6396,#6397,#6398,#6399,#6400
,#6401
    )),.UNSPECIFIED.,.F.,.F.,.F.) B_SPLINE_SURFACE_WITH_KNOTS((7,7),(12,
    12),(0.,2.094395102393),(0.,6.303048278758),
.PIECEWISE_BEZIER_KNOTS.) GEOMETRIC_REPRESENTATION_ITEM() 
RATIONAL_B_SPLINE_SURFACE((
    (1.056590953773,1.056590953773,1.056590953773,1.056590953773
      ,1.056590953773,1.056590953773,1.056590953773,1.056590953773
      ,1.056590953773,1.056590953773,1.056590953773,1.056590953773)
    ,(1.017435169568,1.017435169568,1.017435169568,1.017435169568
      ,1.017435169569,1.017435169567,1.017435169569,1.017435169567
      ,1.017435169569,1.017435169568,1.017435169568,1.017435169568)
    ,(0.996326512422,0.996326512422,0.996326512422,0.996326512422
      ,0.996326512422,0.996326512422,0.996326512422,0.996326512422
      ,0.996326512422,0.996326512422,0.996326512422,0.996326512422)
    ,(0.989390034249,0.989390034249,0.989390034249,0.989390034248
      ,0.989390034249,0.989390034248,0.989390034249,0.989390034248
      ,0.989390034249,0.989390034249,0.989390034249,0.989390034249)
    ,(0.996326512422,0.996326512422,0.996326512422,0.996326512422
      ,0.996326512423,0.996326512422,0.996326512423,0.996326512422
      ,0.996326512422,0.996326512422,0.996326512422,0.996326512422)
    ,(1.017435169568,1.017435169568,1.017435169568,1.017435169568
      ,1.017435169568,1.017435169568,1.017435169568,1.017435169568
      ,1.017435169568,1.017435169568,1.017435169568,1.017435169568)
    ,(1.056590953773,1.056590953773,1.056590953773,1.056590953773
      ,1.056590953773,1.056590953773,1.056590953773,1.056590953773
      ,1.056590953773,1.056590953773,1.056590953773,1.056590953773
))) REPRESENTATION_ITEM('') SURFACE() );
#6318 = CARTESIAN_POINT('',(12.729367061317,-8.9E-16,-4.15625));
#6319 = CARTESIAN_POINT('',(12.729366475153,0.702249697767,
    -4.110796864309));
#6320 = CARTESIAN_POINT('',(12.288215292872,1.404152014577,
    -4.065365468303));
#6321 = CARTESIAN_POINT('',(11.405228126135,1.799593725218,
    -4.019764593877));
#6322 = CARTESIAN_POINT('',(10.325950267665,1.57438550159,
    -3.974733143471));
#6323 = CARTESIAN_POINT('',(9.521967668362,0.65248550448,-3.928521374864
    ));
#6324 = CARTESIAN_POINT('',(9.521623040452,-0.652481477629,
    -3.883979750362));
#6325 = CARTESIAN_POINT('',(10.326182116191,-1.574392748394,
    -3.837767981508));
#6326 = CARTESIAN_POINT('',(11.405130756775,-1.79958994237,
    -3.792736531381));
#6327 = CARTESIAN_POINT('',(12.288235146956,-1.404152713486,
    -3.747135656809));
#6328 = CARTESIAN_POINT('',(12.729367213076,-0.702249639247,
    -3.701704260833));
#6329 = CARTESIAN_POINT('',(12.729366593497,5.852035787E-08,
    -3.656251125144));
#6330 = CARTESIAN_POINT('',(12.706711412705,-9.4E-16,-4.169330244825));
#6331 = CARTESIAN_POINT('',(12.706710887878,0.689311624436,
    -4.123877215373));
#6332 = CARTESIAN_POINT('',(12.273688183304,1.378251248192,
    -4.078447563906));
#6333 = CARTESIAN_POINT('',(11.406978207997,1.766508676863,
    -4.03283566216));
#6334 = CARTESIAN_POINT('',(10.347584688725,1.545207894049,
    -3.987836096092));
#6335 = CARTESIAN_POINT('',(9.558411450456,0.640693720037,
    -3.941567263358));
#6336 = CARTESIAN_POINT('',(9.558102890851,-0.640690131518,-3.8970944363
    ));
#6337 = CARTESIAN_POINT('',(10.347792289543,-1.545214392582,
    -3.850825603345));
#6338 = CARTESIAN_POINT('',(11.40689104302,-1.766505290677,
    -3.805826037527));
#6339 = CARTESIAN_POINT('',(12.273705971844,-1.378251867211,
    -3.760214135651));
#6340 = CARTESIAN_POINT('',(12.706711554598,-0.689311561506,
    -3.71478448421));
#6341 = CARTESIAN_POINT('',(12.706710993838,6.293043361E-08,
    -3.66933145476));
#6342 = CARTESIAN_POINT('',(12.690745912395,1.22E-15,-4.191468982957));
#6343 = CARTESIAN_POINT('',(12.690745491383,0.680194141001,
    -4.146016028373));
#6344 = CARTESIAN_POINT('',(12.263451925878,1.359998969821,
    -4.100587606286));
#6345 = CARTESIAN_POINT('',(11.408206456915,1.743193388315,
    -4.05496793356));
#6346 = CARTESIAN_POINT('',(10.362842483049,1.524646753448,
    -4.009990836458));
#6347 = CARTESIAN_POINT('',(9.584075635439,0.632383815438,
    -3.963681790518));
#6348 = CARTESIAN_POINT('',(9.583828120218,-0.632380961802,
    -3.919257445142));
#6349 = CARTESIAN_POINT('',(10.363009038308,-1.52465198135,
    -3.872948399024));
#6350 = CARTESIAN_POINT('',(11.408136556791,-1.743190673158,
    -3.827971302122));
#6351 = CARTESIAN_POINT('',(12.263466213444,-1.359999456416,
    -3.782351629292));
#6352 = CARTESIAN_POINT('',(12.690746035103,-0.680194074963,
    -3.736923207227));
#6353 = CARTESIAN_POINT('',(12.690745576385,6.60382207E-08,
    -3.691470252644));
#6354 = CARTESIAN_POINT('',(12.684975316719,-1.4E-16,-4.21875));
#6355 = CARTESIAN_POINT('',(12.684975023637,0.676898723975,
    -4.173297072476));
#6356 = CARTESIAN_POINT('',(12.25975366587,1.353401935503,
    -4.127869094738));
#6357 = CARTESIAN_POINT('',(11.408642878931,1.73476603417,
    -4.082246613264));
#6358 = CARTESIAN_POINT('',(10.368375123567,1.517215703287,
    -4.03727763735));
#6359 = CARTESIAN_POINT('',(9.593325101967,0.629379971356,
    -3.990954056757));
#6360 = CARTESIAN_POINT('',(9.593152808743,-0.62937801894,
    -3.946547234568));
#6361 = CARTESIAN_POINT('',(10.368491095967,-1.517219362841,
    -3.900223653851));
#6362 = CARTESIAN_POINT('',(11.408594249883,-1.734764145693,
    -3.855254678077));
#6363 = CARTESIAN_POINT('',(12.259763636185,-1.353402260651,
    -3.80963219653));
#6364 = CARTESIAN_POINT('',(12.684975414241,-0.676898656813,
    -3.764204218807));
#6365 = CARTESIAN_POINT('',(12.68497508281,6.716149847E-08,
    -3.718751291284));
#6366 = CARTESIAN_POINT('',(12.690745912395,1.9E-16,-4.246031017043));
#6367 = CARTESIAN_POINT('',(12.690745747242,0.680194199309,
    -4.200578062459));
#6368 = CARTESIAN_POINT('',(12.263456309886,1.359999247274,
    -4.15514964037));
#6369 = CARTESIAN_POINT('',(11.408185179577,1.743192710825,
    -4.109529967663));
#6370 = CARTESIAN_POINT('',(10.362892969892,1.524648454363,
    -4.064552870478));
#6371 = CARTESIAN_POINT('',(9.584000249732,0.632382969166,
    -4.018243824741));
#6372 = CARTESIAN_POINT('',(9.583903177282,-0.632381914354,
    -3.973819479055));
#6373 = CARTESIAN_POINT('',(10.362958356576,-1.524650543427,
    -3.927510433248));
#6374 = CARTESIAN_POINT('',(11.408157818309,-1.743191648853,
    -3.882533336142));
#6375 = CARTESIAN_POINT('',(12.263461960383,-1.359999412416,
    -3.836913663393));
#6376 = CARTESIAN_POINT('',(12.690745983447,-0.680194133271,
    -3.791485241313));
#6377 = CARTESIAN_POINT('',(12.690745780588,6.603820094E-08,
    -3.74603228673));
#6378 = CARTESIAN_POINT('',(12.706711412705,9.7E-16,-4.268169755175));
#6379 = CARTESIAN_POINT('',(12.706711351367,0.689311730061,
    -4.222716725723));
#6380 = CARTESIAN_POINT('',(12.273696124966,1.3782517508,-4.177287074253
    ));
#6381 = CARTESIAN_POINT('',(11.406939663948,1.766507449584,
    -4.13167517254));
#6382 = CARTESIAN_POINT('',(10.347676145997,1.545210975269,
    -4.086675606322));
#6383 = CARTESIAN_POINT('',(9.558274888716,0.64069218701,-4.040406773956
    ));
#6384 = CARTESIAN_POINT('',(9.558238857252,-0.640691857074,
    -3.995933946337));
#6385 = CARTESIAN_POINT('',(10.347700479227,-1.545211787773,
    -3.949665113944));
#6386 = CARTESIAN_POINT('',(11.406929558411,-1.766507058156,
    -3.904665547756));
#6387 = CARTESIAN_POINT('',(12.273698267393,-1.378251787504,
    -3.859053646028));
#6388 = CARTESIAN_POINT('',(12.706711461023,-0.689311667131,
    -3.813623994561));
#6389 = CARTESIAN_POINT('',(12.706711363753,6.29303967E-08,
    -3.768170965109));
#6390 = CARTESIAN_POINT('',(12.729367061317,-1.11E-15,-4.28125));
#6391 = CARTESIAN_POINT('',(12.729367061317,0.702249831348,
    -4.235796864309));
#6392 = CARTESIAN_POINT('',(12.288225336505,1.404152650213,-4.1903654683
    ));
#6393 = CARTESIAN_POINT('',(11.405179380384,1.799592173108,
    -4.144764593915));
#6394 = CARTESIAN_POINT('',(10.326065931524,1.574389398336,
    -4.099733143319));
#6395 = CARTESIAN_POINT('',(9.521794961946,0.652483565697,
    -4.053521375178));
#6396 = CARTESIAN_POINT('',(9.521794993958,-0.652483659898,
    -4.008979749966));
#6397 = CARTESIAN_POINT('',(10.326066005847,-1.574389454154,
    -3.962767981824));
#6398 = CARTESIAN_POINT('',(11.405179466282,-1.799592177659,
    -3.917736531229));
#6399 = CARTESIAN_POINT('',(12.288225403319,-1.404152612683,
    -3.872135656843));
#6400 = CARTESIAN_POINT('',(12.729367094734,-0.702249772828,
    -3.826704260835));
#6401 = CARTESIAN_POINT('',(12.729367061319,5.852031226E-08,
    -3.781251125144));
#6402 = DEFINITIONAL_REPRESENTATION('',(#6403),#6407);
#6403 = LINE('',#6404,#6405);
#6404 = CARTESIAN_POINT('',(0.,6.303048278758));
#6405 = VECTOR('',#6406,1.);
#6406 = DIRECTION('',(1.,0.));
#6407 = ( GEOMETRIC_REPRESENTATION_CONTEXT(2) 
PARAMETRIC_REPRESENTATION_CONTEXT() REPRESENTATION_CONTEXT('2D SPACE',''
  ) );
#6408 = ORIENTED_EDGE('',*,*,#6409,.T.);
#6409 = EDGE_CURVE('',#6298,#5917,#6410,.T.);
#6410 = SURFACE_CURVE('',#6411,(#6424,#6431),.PCURVE_S1.);
#6411 = ( BOUNDED_CURVE() B_SPLINE_CURVE(11,(#6412,#6413,#6414,#6415,
    #6416,#6417,#6418,#6419,#6420,#6421,#6422,#6423),.UNSPECIFIED.,.F.,
.F.) B_SPLINE_CURVE_WITH_KNOTS((12,12),(0.,6.303048278758),
.PIECEWISE_BEZIER_KNOTS.) CURVE() GEOMETRIC_REPRESENTATION_ITEM() 
RATIONAL_B_SPLINE_CURVE((1.056590953773,1.056590953773,1.056590953773,
    1.056590953773,1.056590953773,1.056590953773,1.056590953773,
    1.056590953773,1.056590953773,1.056590953773,1.056590953773,
1.056590953773)) REPRESENTATION_ITEM('') );
#6412 = CARTESIAN_POINT('',(12.729367061317,-1.11E-15,-3.78125));
#6413 = CARTESIAN_POINT('',(12.729367061317,0.702249831348,
    -3.735796864309));
#6414 = CARTESIAN_POINT('',(12.288225336505,1.404152650213,-3.6903654683
    ));
#6415 = CARTESIAN_POINT('',(11.405179380384,1.799592173108,
    -3.644764593915));
#6416 = CARTESIAN_POINT('',(10.326065931524,1.574389398336,
    -3.599733143319));
#6417 = CARTESIAN_POINT('',(9.521794961946,0.652483565697,
    -3.553521375178));
#6418 = CARTESIAN_POINT('',(9.521794993958,-0.652483659898,
    -3.508979749966));
#6419 = CARTESIAN_POINT('',(10.326066005847,-1.574389454154,
    -3.462767981824));
#6420 = CARTESIAN_POINT('',(11.405179466282,-1.799592177659,
    -3.417736531229));
#6421 = CARTESIAN_POINT('',(12.288225403319,-1.404152612683,
    -3.372135656843));
#6422 = CARTESIAN_POINT('',(12.729367094734,-0.702249772828,
    -3.326704260835));
#6423 = CARTESIAN_POINT('',(12.729367061319,5.852031226E-08,
    -3.281251125144));
#6424 = PCURVE('',#5936,#6425);
#6425 = DEFINITIONAL_REPRESENTATION('',(#6426),#6430);
#6426 = LINE('',#6427,#6428);
#6427 = CARTESIAN_POINT('',(2.094395102393,0.));
#6428 = VECTOR('',#6429,1.);
#6429 = DIRECTION('',(0.,1.));
#6430 = ( GEOMETRIC_REPRESENTATION_CONTEXT(2) 
PARAMETRIC_REPRESENTATION_CONTEXT() REPRESENTATION_CONTEXT('2D SPACE',''
  ) );
#6431 = PCURVE('',#6077,#6432);
#6432 = DEFINITIONAL_REPRESENTATION('',(#6433),#6436);
#6433 = B_SPLINE_CURVE_WITH_KNOTS('',1,(#6434,#6435),.UNSPECIFIED.,.F.,
  .F.,(2,2),(0.,6.303048278758),.PIECEWISE_BEZIER_KNOTS.);
#6434 = CARTESIAN_POINT('',(0.,0.));
#6435 = CARTESIAN_POINT('',(0.,6.303048278758));
#6436 = ( GEOMETRIC_REPRESENTATION_CONTEXT(2) 
PARAMETRIC_REPRESENTATION_CONTEXT() REPRESENTATION_CONTEXT('2D SPACE',''
  ) );
#6437 = ORIENTED_EDGE('',*,*,#5916,.F.);
#6438 = ADVANCED_FACE('',(#6439),#6077,.T.);
#6439 = FACE_BOUND('',#6440,.T.);
#6440 = EDGE_LOOP('',(#6441,#6442,#6487,#6515));
#6441 = ORIENTED_EDGE('',*,*,#6409,.F.);
#6442 = ORIENTED_EDGE('',*,*,#6443,.T.);
#6443 = EDGE_CURVE('',#6298,#6444,#6446,.T.);
#6444 = VERTEX_POINT('',#6445);
#6445 = CARTESIAN_POINT('',(13.000000292389,2.919828E-09,-3.937500056138
    ));
#6446 = SURFACE_CURVE('',#6447,(#6450,#6457),.PCURVE_S1.);
#6447 = B_SPLINE_CURVE_WITH_KNOTS('',1,(#6448,#6449),.UNSPECIFIED.,.F.,
  .F.,(2,2),(0.,0.3125),.PIECEWISE_BEZIER_KNOTS.);
#6448 = CARTESIAN_POINT('',(12.729367061317,1.1E-16,-3.78125));
#6449 = CARTESIAN_POINT('',(13.,-5.6E-16,-3.9375));
#6450 = PCURVE('',#6077,#6451);
#6451 = DEFINITIONAL_REPRESENTATION('',(#6452),#6456);
#6452 = LINE('',#6453,#6454);
#6453 = CARTESIAN_POINT('',(0.,0.));
#6454 = VECTOR('',#6455,1.);
#6455 = DIRECTION('',(1.,0.));
#6456 = ( GEOMETRIC_REPRESENTATION_CONTEXT(2) 
PARAMETRIC_REPRESENTATION_CONTEXT() REPRESENTATION_CONTEXT('2D SPACE',''
  ) );
#6457 = PCURVE('',#6458,#6481);
#6458 = B_SPLINE_SURFACE_WITH_KNOTS('',1,10,(
    (#6459,#6460,#6461,#6462,#6463,#6464,#6465,#6466,#6467,#6468,#6469)
    ,(#6470,#6471,#6472,#6473,#6474,#6475,#6476,#6477,#6478,#6479,#6480
    )),.UNSPECIFIED.,.F.,.F.,.F.,(2,2),(11,11),(0.,0.3125),(0.,
    6.303048278758),.PIECEWISE_BEZIER_KNOTS.);
#6459 = CARTESIAN_POINT('',(12.729367061317,1.1E-16,-4.28125));
#6460 = CARTESIAN_POINT('',(12.729367061317,0.772474814483,
    -4.23125155074));
#6461 = CARTESIAN_POINT('',(12.190193842103,1.544525502598,
    -4.181279672202));
#6462 = CARTESIAN_POINT('',(11.110798957404,1.892514694868,
    -4.131168407681));
#6463 = CARTESIAN_POINT('',(9.87764705885,1.404849341747,-4.081334768024
    ));
#6464 = CARTESIAN_POINT('',(9.225251549403,-5.422788307E-08,
    -4.031250562572));
#6465 = CARTESIAN_POINT('',(9.877647125571,-1.404849418843,
    -3.981166357119));
#6466 = CARTESIAN_POINT('',(11.110799047625,-1.89251471345,
    -3.931332717462));
#6467 = CARTESIAN_POINT('',(12.190193915595,-1.544525469732,
    -3.881221452941));
#6468 = CARTESIAN_POINT('',(12.729367098075,-0.772474755963,
    -3.831249574404));
#6469 = CARTESIAN_POINT('',(12.729367061319,5.852031182E-08,
    -3.781251125144));
#6470 = CARTESIAN_POINT('',(13.,-5.6E-16,-4.4375));
#6471 = CARTESIAN_POINT('',(13.000000805976,0.942482042061,
    -4.387500154747));
#6472 = CARTESIAN_POINT('',(12.342180217968,1.88490053282,
    -4.337502960968));
#6473 = CARTESIAN_POINT('',(11.02493752388,2.308307351446,
    -4.287491857919));
#6474 = CARTESIAN_POINT('',(9.520847274645,1.714909336101,
    -4.237508459097));
#6475 = CARTESIAN_POINT('',(8.724103861559,-1.226329071669E-05,
    -4.187500055858));
#6476 = CARTESIAN_POINT('',(9.520757657148,-1.714891257779,
    -4.137491653627));
#6477 = CARTESIAN_POINT('',(11.02502385859,-2.308314284812,
    -4.087508254144));
#6478 = CARTESIAN_POINT('',(12.342150223011,-1.884899404424,
    -4.037497151356));
#6479 = CARTESIAN_POINT('',(12.99999978247,-0.942482036221,
    -3.987499957532));
#6480 = CARTESIAN_POINT('',(13.000000584779,5.83965709E-09,
    -3.937500112276));
#6481 = DEFINITIONAL_REPRESENTATION('',(#6482),#6486);
#6482 = LINE('',#6483,#6484);
#6483 = CARTESIAN_POINT('',(0.,6.303048278758));
#6484 = VECTOR('',#6485,1.);
#6485 = DIRECTION('',(1.,0.));
#6486 = ( GEOMETRIC_REPRESENTATION_CONTEXT(2) 
PARAMETRIC_REPRESENTATION_CONTEXT() REPRESENTATION_CONTEXT('2D SPACE',''
  ) );
#6487 = ORIENTED_EDGE('',*,*,#6488,.T.);
#6488 = EDGE_CURVE('',#6444,#6063,#6489,.T.);
#6489 = SURFACE_CURVE('',#6490,(#6502,#6509),.PCURVE_S1.);
#6490 = B_SPLINE_CURVE_WITH_KNOTS('',10,(#6491,#6492,#6493,#6494,#6495,
    #6496,#6497,#6498,#6499,#6500,#6501),.UNSPECIFIED.,.F.,.F.,(11,11),(
    0.,6.303048278758),.PIECEWISE_BEZIER_KNOTS.);
#6491 = CARTESIAN_POINT('',(13.,-5.6E-16,-3.9375));
#6492 = CARTESIAN_POINT('',(13.000000805976,0.942482042061,
    -3.887500154747));
#6493 = CARTESIAN_POINT('',(12.342180217968,1.88490053282,
    -3.837502960968));
#6494 = CARTESIAN_POINT('',(11.02493752388,2.308307351446,
    -3.787491857919));
#6495 = CARTESIAN_POINT('',(9.520847274645,1.714909336101,
    -3.737508459097));
#6496 = CARTESIAN_POINT('',(8.724103861559,-1.226329071669E-05,
    -3.687500055858));
#6497 = CARTESIAN_POINT('',(9.520757657148,-1.714891257779,
    -3.637491653627));
#6498 = CARTESIAN_POINT('',(11.02502385859,-2.308314284812,
    -3.587508254144));
#6499 = CARTESIAN_POINT('',(12.342150223011,-1.884899404424,
    -3.537497151356));
#6500 = CARTESIAN_POINT('',(12.99999978247,-0.942482036221,
    -3.487499957532));
#6501 = CARTESIAN_POINT('',(13.000000584779,5.83965709E-09,
    -3.437500112276));
#6502 = PCURVE('',#6077,#6503);
#6503 = DEFINITIONAL_REPRESENTATION('',(#6504),#6508);
#6504 = LINE('',#6505,#6506);
#6505 = CARTESIAN_POINT('',(0.3125,0.));
#6506 = VECTOR('',#6507,1.);
#6507 = DIRECTION('',(0.,1.));
#6508 = ( GEOMETRIC_REPRESENTATION_CONTEXT(2) 
PARAMETRIC_REPRESENTATION_CONTEXT() REPRESENTATION_CONTEXT('2D SPACE',''
  ) );
#6509 = PCURVE('',#6155,#6510);
#6510 = DEFINITIONAL_REPRESENTATION('',(#6511),#6514);
#6511 = B_SPLINE_CURVE_WITH_KNOTS('',1,(#6512,#6513),.UNSPECIFIED.,.F.,
  .F.,(2,2),(0.,6.303048278758),.PIECEWISE_BEZIER_KNOTS.);
#6512 = CARTESIAN_POINT('',(0.,0.));
#6513 = CARTESIAN_POINT('',(0.,6.303048278758));
#6514 = ( GEOMETRIC_REPRESENTATION_CONTEXT(2) 
PARAMETRIC_REPRESENTATION_CONTEXT() REPRESENTATION_CONTEXT('2D SPACE',''
  ) );
#6515 = ORIENTED_EDGE('',*,*,#6062,.F.);
#6516 = ADVANCED_FACE('',(#6517),#6155,.T.);
#6517 = FACE_BOUND('',#6518,.T.);
#6518 = EDGE_LOOP('',(#6519,#6520,#6565,#6594));
#6519 = ORIENTED_EDGE('',*,*,#6488,.F.);
#6520 = ORIENTED_EDGE('',*,*,#6521,.T.);
#6521 = EDGE_CURVE('',#6444,#6522,#6524,.T.);
#6522 = VERTEX_POINT('',#6523);
#6523 = CARTESIAN_POINT('',(12.999999473699,2.919909E-09,-4.00000005614)
  );
#6524 = SURFACE_CURVE('',#6525,(#6528,#6535),.PCURVE_S1.);
#6525 = B_SPLINE_CURVE_WITH_KNOTS('',1,(#6526,#6527),.UNSPECIFIED.,.F.,
  .F.,(2,2),(0.,6.25E-02),.PIECEWISE_BEZIER_KNOTS.);
#6526 = CARTESIAN_POINT('',(13.,-1.46E-15,-3.9375));
#6527 = CARTESIAN_POINT('',(13.,9.9E-16,-4.));
#6528 = PCURVE('',#6155,#6529);
#6529 = DEFINITIONAL_REPRESENTATION('',(#6530),#6534);
#6530 = LINE('',#6531,#6532);
#6531 = CARTESIAN_POINT('',(0.,0.));
#6532 = VECTOR('',#6533,1.);
#6533 = DIRECTION('',(1.,0.));
#6534 = ( GEOMETRIC_REPRESENTATION_CONTEXT(2) 
PARAMETRIC_REPRESENTATION_CONTEXT() REPRESENTATION_CONTEXT('2D SPACE',''
  ) );
#6535 = PCURVE('',#6536,#6559);
#6536 = B_SPLINE_SURFACE_WITH_KNOTS('',1,10,(
    (#6537,#6538,#6539,#6540,#6541,#6542,#6543,#6544,#6545,#6546,#6547)
    ,(#6548,#6549,#6550,#6551,#6552,#6553,#6554,#6555,#6556,#6557,#6558
    )),.UNSPECIFIED.,.F.,.F.,.F.,(2,2),(11,11),(0.,6.25E-02),(0.,
    6.303048278758),.PIECEWISE_BEZIER_KNOTS.);
#6537 = CARTESIAN_POINT('',(13.,-1.46E-15,-4.4375));
#6538 = CARTESIAN_POINT('',(13.000000805976,0.942482042061,
    -4.387500154747));
#6539 = CARTESIAN_POINT('',(12.342180217968,1.88490053282,
    -4.337502960968));
#6540 = CARTESIAN_POINT('',(11.02493752388,2.308307351446,
    -4.287491857919));
#6541 = CARTESIAN_POINT('',(9.520847274645,1.714909336101,
    -4.237508459097));
#6542 = CARTESIAN_POINT('',(8.72410386156,-1.226329080994E-05,
    -4.187500055858));
#6543 = CARTESIAN_POINT('',(9.520757657148,-1.714891257779,
    -4.137491653627));
#6544 = CARTESIAN_POINT('',(11.02502385859,-2.308314284812,
    -4.087508254144));
#6545 = CARTESIAN_POINT('',(12.342150223011,-1.884899404424,
    -4.037497151356));
#6546 = CARTESIAN_POINT('',(12.99999978247,-0.942482036221,
    -3.987499957532));
#6547 = CARTESIAN_POINT('',(13.000000584779,5.83965796E-09,
    -3.937500112276));
#6548 = CARTESIAN_POINT('',(13.,9.9E-16,-4.5));
#6549 = CARTESIAN_POINT('',(13.000001128367,0.94248211553,
    -4.450000154747));
#6550 = CARTESIAN_POINT('',(12.342186284101,1.884900904938,
    -4.400002960966));
#6551 = CARTESIAN_POINT('',(11.024920221652,2.308306144833,
    -4.349991857908));
#6552 = CARTESIAN_POINT('',(9.520865045263,1.714913087294,
    -4.300008459153));
#6553 = CARTESIAN_POINT('',(8.724103644986,-1.716644223348E-05,
    -4.250000055746));
#6554 = CARTESIAN_POINT('',(9.520739578105,-1.714887774566,
    -4.199991653748));
#6555 = CARTESIAN_POINT('',(11.025041086644,-2.308315850802,
    -4.150008254069));
#6556 = CARTESIAN_POINT('',(12.342144288229,-1.884899326496,
    -4.099997151377));
#6557 = CARTESIAN_POINT('',(12.999999693991,-0.94248210969,
    -4.049999957533));
#6558 = CARTESIAN_POINT('',(13.00000081869,5.83963466E-09,
    -4.000000112276));
#6559 = DEFINITIONAL_REPRESENTATION('',(#6560),#6564);
#6560 = LINE('',#6561,#6562);
#6561 = CARTESIAN_POINT('',(0.,6.303048278758));
#6562 = VECTOR('',#6563,1.);
#6563 = DIRECTION('',(1.,0.));
#6564 = ( GEOMETRIC_REPRESENTATION_CONTEXT(2) 
PARAMETRIC_REPRESENTATION_CONTEXT() REPRESENTATION_CONTEXT('2D SPACE',''
  ) );
#6565 = ORIENTED_EDGE('',*,*,#6566,.T.);
#6566 = EDGE_CURVE('',#6522,#6141,#6567,.T.);
#6567 = SURFACE_CURVE('',#6568,(#6580,#6587),.PCURVE_S1.);
#6568 = B_SPLINE_CURVE_WITH_KNOTS('',10,(#6569,#6570,#6571,#6572,#6573,
    #6574,#6575,#6576,#6577,#6578,#6579),.UNSPECIFIED.,.F.,.F.,(11,11),(
    0.,6.303048278758),.PIECEWISE_BEZIER_KNOTS.);
#6569 = CARTESIAN_POINT('',(13.,9.9E-16,-4.));
#6570 = CARTESIAN_POINT('',(13.000001128367,0.94248211553,
    -3.950000154747));
#6571 = CARTESIAN_POINT('',(12.342186284101,1.884900904938,
    -3.900002960966));
#6572 = CARTESIAN_POINT('',(11.024920221652,2.308306144833,
    -3.849991857908));
#6573 = CARTESIAN_POINT('',(9.520865045263,1.714913087294,
    -3.800008459153));
#6574 = CARTESIAN_POINT('',(8.724103644986,-1.716644223348E-05,
    -3.750000055746));
#6575 = CARTESIAN_POINT('',(9.520739578105,-1.714887774566,
    -3.699991653748));
#6576 = CARTESIAN_POINT('',(11.025041086644,-2.308315850802,
    -3.650008254069));
#6577 = CARTESIAN_POINT('',(12.342144288229,-1.884899326496,
    -3.599997151377));
#6578 = CARTESIAN_POINT('',(12.999999693991,-0.94248210969,
    -3.549999957533));
#6579 = CARTESIAN_POINT('',(13.00000081869,5.83963466E-09,
    -3.500000112276));
#6580 = PCURVE('',#6155,#6581);
#6581 = DEFINITIONAL_REPRESENTATION('',(#6582),#6586);
#6582 = LINE('',#6583,#6584);
#6583 = CARTESIAN_POINT('',(6.25E-02,0.));
#6584 = VECTOR('',#6585,1.);
#6585 = DIRECTION('',(0.,1.));
#6586 = ( GEOMETRIC_REPRESENTATION_CONTEXT(2) 
PARAMETRIC_REPRESENTATION_CONTEXT() REPRESENTATION_CONTEXT('2D SPACE',''
  ) );
#6587 = PCURVE('',#6234,#6588);
#6588 = DEFINITIONAL_REPRESENTATION('',(#6589),#6593);
#6589 = LINE('',#6590,#6591);
#6590 = CARTESIAN_POINT('',(0.,0.));
#6591 = VECTOR('',#6592,1.);
#6592 = DIRECTION('',(0.,1.));
#6593 = ( GEOMETRIC_REPRESENTATION_CONTEXT(2) 
PARAMETRIC_REPRESENTATION_CONTEXT() REPRESENTATION_CONTEXT('2D SPACE',''
  ) );
#6594 = ORIENTED_EDGE('',*,*,#6140,.F.);
#6595 = ADVANCED_FACE('',(#6596),#6234,.T.);
#6596 = FACE_BOUND('',#6597,.T.);
#6597 = EDGE_LOOP('',(#6598,#6599,#6644,#6672));
#6598 = ORIENTED_EDGE('',*,*,#6566,.F.);
#6599 = ORIENTED_EDGE('',*,*,#6600,.T.);
#6600 = EDGE_CURVE('',#6522,#6601,#6603,.T.);
#6601 = VERTEX_POINT('',#6602);
#6602 = CARTESIAN_POINT('',(12.729366593497,5.8520358E-08,
    -4.156251125144));
#6603 = SURFACE_CURVE('',#6604,(#6607,#6614),.PCURVE_S1.);
#6604 = B_SPLINE_CURVE_WITH_KNOTS('',1,(#6605,#6606),.UNSPECIFIED.,.F.,
  .F.,(2,2),(0.,0.3125),.PIECEWISE_BEZIER_KNOTS.);
#6605 = CARTESIAN_POINT('',(12.999998947399,5.83981767E-09,
    -4.000000112279));
#6606 = CARTESIAN_POINT('',(12.729366593497,5.852035727E-08,
    -4.156251125144));
#6607 = PCURVE('',#6234,#6608);
#6608 = DEFINITIONAL_REPRESENTATION('',(#6609),#6613);
#6609 = LINE('',#6610,#6611);
#6610 = CARTESIAN_POINT('',(0.,0.));
#6611 = VECTOR('',#6612,1.);
#6612 = DIRECTION('',(1.,0.));
#6613 = ( GEOMETRIC_REPRESENTATION_CONTEXT(2) 
PARAMETRIC_REPRESENTATION_CONTEXT() REPRESENTATION_CONTEXT('2D SPACE',''
  ) );
#6614 = PCURVE('',#6615,#6638);
#6615 = B_SPLINE_SURFACE_WITH_KNOTS('',1,10,(
    (#6616,#6617,#6618,#6619,#6620,#6621,#6622,#6623,#6624,#6625,#6626)
    ,(#6627,#6628,#6629,#6630,#6631,#6632,#6633,#6634,#6635,#6636,#6637
    )),.UNSPECIFIED.,.F.,.F.,.F.,(2,2),(11,11),(0.,0.3125),(0.,
    6.303048278758),.PIECEWISE_BEZIER_KNOTS.);
#6616 = CARTESIAN_POINT('',(13.,1.04E-15,-4.5));
#6617 = CARTESIAN_POINT('',(12.999998549242,0.942481527773,
    -4.450000154747));
#6618 = CARTESIAN_POINT('',(12.342137755035,1.884897927994,
    -4.400002960982));
#6619 = CARTESIAN_POINT('',(11.025058639477,2.30831579774,
    -4.349991857995));
#6620 = CARTESIAN_POINT('',(9.520722880316,1.71488307775,-4.300008458702
    ));
#6621 = CARTESIAN_POINT('',(8.724105377576,2.205876887018E-05,
    -4.250000056644));
#6622 = CARTESIAN_POINT('',(9.520884210451,-1.714915640266,
    -4.199991652773));
#6623 = CARTESIAN_POINT('',(11.024903262209,-2.308303322877,
    -4.150008254668));
#6624 = CARTESIAN_POINT('',(12.342191766491,-1.884899949923,
    -4.099997151211));
#6625 = CARTESIAN_POINT('',(13.000000401825,-0.942481521934,
    -4.049999957527));
#6626 = CARTESIAN_POINT('',(12.999998947399,5.83981767E-09,
    -4.000000112279));
#6627 = CARTESIAN_POINT('',(12.729367061317,-6.2E-16,-4.65625));
#6628 = CARTESIAN_POINT('',(12.729366416536,0.772474667544,
    -4.60625155074));
#6629 = CARTESIAN_POINT('',(12.190181709836,1.544524758362,
    -4.556279672206));
#6630 = CARTESIAN_POINT('',(11.110833561861,1.892517108095,
    -4.506168407703));
#6631 = CARTESIAN_POINT('',(9.877611517613,1.404841839361,
    -4.456334767911));
#6632 = CARTESIAN_POINT('',(9.225251982551,9.75207505949E-06,
    -4.406250562796));
#6633 = CARTESIAN_POINT('',(9.877683283657,-1.404856385268,
    -4.356166356875));
#6634 = CARTESIAN_POINT('',(11.110764591517,-1.892511581469,
    -4.306332717612));
#6635 = CARTESIAN_POINT('',(12.190205785161,-1.544525625589,
    -4.2562214529));
#6636 = CARTESIAN_POINT('',(12.729367275034,-0.772474609024,
    -4.206249574402));
#6637 = CARTESIAN_POINT('',(12.729366593497,5.852035727E-08,
    -4.156251125144));
#6638 = DEFINITIONAL_REPRESENTATION('',(#6639),#6643);
#6639 = LINE('',#6640,#6641);
#6640 = CARTESIAN_POINT('',(0.,6.303048278758));
#6641 = VECTOR('',#6642,1.);
#6642 = DIRECTION('',(1.,0.));
#6643 = ( GEOMETRIC_REPRESENTATION_CONTEXT(2) 
PARAMETRIC_REPRESENTATION_CONTEXT() REPRESENTATION_CONTEXT('2D SPACE',''
  ) );
#6644 = ORIENTED_EDGE('',*,*,#6645,.T.);
#6645 = EDGE_CURVE('',#6601,#6220,#6646,.T.);
#6646 = SURFACE_CURVE('',#6647,(#6659,#6666),.PCURVE_S1.);
#6647 = B_SPLINE_CURVE_WITH_KNOTS('',10,(#6648,#6649,#6650,#6651,#6652,
    #6653,#6654,#6655,#6656,#6657,#6658),.UNSPECIFIED.,.F.,.F.,(11,11),(
    0.,6.303048278758),.PIECEWISE_BEZIER_KNOTS.);
#6648 = CARTESIAN_POINT('',(12.729367061317,-6.2E-16,-4.15625));
#6649 = CARTESIAN_POINT('',(12.729366416536,0.772474667544,
    -4.10625155074));
#6650 = CARTESIAN_POINT('',(12.190181709836,1.544524758362,
    -4.056279672206));
#6651 = CARTESIAN_POINT('',(11.110833561861,1.892517108095,
    -4.006168407703));
#6652 = CARTESIAN_POINT('',(9.877611517613,1.404841839361,
    -3.956334767911));
#6653 = CARTESIAN_POINT('',(9.225251982551,9.75207505949E-06,
    -3.906250562796));
#6654 = CARTESIAN_POINT('',(9.877683283657,-1.404856385268,
    -3.856166356875));
#6655 = CARTESIAN_POINT('',(11.110764591517,-1.892511581469,
    -3.806332717612));
#6656 = CARTESIAN_POINT('',(12.190205785161,-1.544525625589,
    -3.7562214529));
#6657 = CARTESIAN_POINT('',(12.729367275034,-0.772474609024,
    -3.706249574402));
#6658 = CARTESIAN_POINT('',(12.729366593497,5.852035727E-08,
    -3.656251125144));
#6659 = PCURVE('',#6234,#6660);
#6660 = DEFINITIONAL_REPRESENTATION('',(#6661),#6665);
#6661 = LINE('',#6662,#6663);
#6662 = CARTESIAN_POINT('',(0.3125,0.));
#6663 = VECTOR('',#6664,1.);
#6664 = DIRECTION('',(0.,1.));
#6665 = ( GEOMETRIC_REPRESENTATION_CONTEXT(2) 
PARAMETRIC_REPRESENTATION_CONTEXT() REPRESENTATION_CONTEXT('2D SPACE',''
  ) );
#6666 = PCURVE('',#6317,#6667);
#6667 = DEFINITIONAL_REPRESENTATION('',(#6668),#6671);
#6668 = B_SPLINE_CURVE_WITH_KNOTS('',1,(#6669,#6670),.UNSPECIFIED.,.F.,
  .F.,(2,2),(0.,6.303048278758),.PIECEWISE_BEZIER_KNOTS.);
#6669 = CARTESIAN_POINT('',(0.,0.));
#6670 = CARTESIAN_POINT('',(0.,6.303048278758));
#6671 = ( GEOMETRIC_REPRESENTATION_CONTEXT(2) 
PARAMETRIC_REPRESENTATION_CONTEXT() REPRESENTATION_CONTEXT('2D SPACE',''
  ) );
#6672 = ORIENTED_EDGE('',*,*,#6219,.F.);
#6673 = ADVANCED_FACE('',(#6674),#6317,.T.);
#6674 = FACE_BOUND('',#6675,.T.);
#6675 = EDGE_LOOP('',(#6676,#6677,#6789,#6818));
#6676 = ORIENTED_EDGE('',*,*,#6645,.F.);
#6677 = ORIENTED_EDGE('',*,*,#6678,.T.);
#6678 = EDGE_CURVE('',#6601,#6679,#6681,.T.);
#6679 = VERTEX_POINT('',#6680);
#6680 = CARTESIAN_POINT('',(12.729367061319,5.8520312E-08,
    -4.281251125144));
#6681 = SURFACE_CURVE('',#6682,(#6690,#6697),.PCURVE_S1.);
#6682 = ( BOUNDED_CURVE() B_SPLINE_CURVE(6,(#6683,#6684,#6685,#6686,
#6687,#6688,#6689),.UNSPECIFIED.,.F.,.F.) B_SPLINE_CURVE_WITH_KNOTS((7,7
),(0.,2.094395102393),.PIECEWISE_BEZIER_KNOTS.) CURVE() 
GEOMETRIC_REPRESENTATION_ITEM() RATIONAL_B_SPLINE_CURVE((1.056590953773,
    1.017435169568,0.996326512422,0.989390034249,0.996326512422,
1.017435169568,1.056590953773)) REPRESENTATION_ITEM('') );
#6683 = CARTESIAN_POINT('',(12.729367061317,-8.9E-16,-4.15625));
#6684 = CARTESIAN_POINT('',(12.706711412705,-9.4E-16,-4.169330244825));
#6685 = CARTESIAN_POINT('',(12.690745912395,1.22E-15,-4.191468982957));
#6686 = CARTESIAN_POINT('',(12.684975316719,-1.4E-16,-4.21875));
#6687 = CARTESIAN_POINT('',(12.690745912395,1.9E-16,-4.246031017043));
#6688 = CARTESIAN_POINT('',(12.706711412705,9.7E-16,-4.268169755175));
#6689 = CARTESIAN_POINT('',(12.729367061317,-1.11E-15,-4.28125));
#6690 = PCURVE('',#6317,#6691);
#6691 = DEFINITIONAL_REPRESENTATION('',(#6692),#6696);
#6692 = LINE('',#6693,#6694);
#6693 = CARTESIAN_POINT('',(0.,0.));
#6694 = VECTOR('',#6695,1.);
#6695 = DIRECTION('',(1.,0.));
#6696 = ( GEOMETRIC_REPRESENTATION_CONTEXT(2) 
PARAMETRIC_REPRESENTATION_CONTEXT() REPRESENTATION_CONTEXT('2D SPACE',''
  ) );
#6697 = PCURVE('',#6698,#6783);
#6698 = ( BOUNDED_SURFACE() B_SPLINE_SURFACE(6,11,(
    (#6699,#6700,#6701,#6702,#6703,#6704,#6705,#6706,#6707,#6708,#6709
      ,#6710)
    ,(#6711,#6712,#6713,#6714,#6715,#6716,#6717,#6718,#6719,#6720,#6721
      ,#6722)
    ,(#6723,#6724,#6725,#6726,#6727,#6728,#6729,#6730,#6731,#6732,#6733
      ,#6734)
    ,(#6735,#6736,#6737,#6738,#6739,#6740,#6741,#6742,#6743,#6744,#6745
      ,#6746)
    ,(#6747,#6748,#6749,#6750,#6751,#6752,#6753,#6754,#6755,#6756,#6757
      ,#6758)
    ,(#6759,#6760,#6761,#6762,#6763,#6764,#6765,#6766,#6767,#6768,#6769
      ,#6770)
    ,(#6771,#6772,#6773,#6774,#6775,#6776,#6777,#6778,#6779,#6780,#6781
,#6782
    )),.UNSPECIFIED.,.F.,.F.,.F.) B_SPLINE_SURFACE_WITH_KNOTS((7,7),(12,
    12),(0.,2.094395102393),(0.,6.303048278758),
.PIECEWISE_BEZIER_KNOTS.) GEOMETRIC_REPRESENTATION_ITEM() 
RATIONAL_B_SPLINE_SURFACE((
    (1.056590953773,1.056590953773,1.056590953773,1.056590953773
      ,1.056590953773,1.056590953773,1.056590953773,1.056590953773
      ,1.056590953773,1.056590953773,1.056590953773,1.056590953773)
    ,(1.017435169568,1.017435169568,1.017435169568,1.017435169568
      ,1.017435169569,1.017435169567,1.017435169569,1.017435169567
      ,1.017435169569,1.017435169568,1.017435169568,1.017435169568)
    ,(0.996326512422,0.996326512422,0.996326512422,0.996326512422
      ,0.996326512422,0.996326512422,0.996326512422,0.996326512422
      ,0.996326512422,0.996326512422,0.996326512422,0.996326512422)
    ,(0.989390034249,0.989390034249,0.989390034249,0.989390034248
      ,0.989390034249,0.989390034248,0.989390034249,0.989390034248
      ,0.989390034249,0.989390034249,0.989390034249,0.989390034249)
    ,(0.996326512422,0.996326512422,0.996326512422,0.996326512422
      ,0.996326512423,0.996326512422,0.996326512423,0.996326512422
      ,0.996326512422,0.996326512422,0.996326512422,0.996326512422)
    ,(1.017435169568,1.017435169568,1.017435169568,1.017435169568
      ,1.017435169568,1.017435169568,1.017435169568,1.017435169568
      ,1.017435169568,1.017435169568,1.017435169568,1.017435169568)
    ,(1.056590953773,1.056590953773,1.056590953773,1.056590953773
      ,1.056590953773,1.056590953773,1.056590953773,1.056590953773
      ,1.056590953773,1.056590953773,1.056590953773,1.056590953773
))) REPRESENTATION_ITEM('') SURFACE() );
#6699 = CARTESIAN_POINT('',(12.729367061317,-8.9E-16,-4.65625));
#6700 = CARTESIAN_POINT('',(12.729366475153,0.702249697767,
    -4.610796864309));
#6701 = CARTESIAN_POINT('',(12.288215292872,1.404152014577,
    -4.565365468303));
#6702 = CARTESIAN_POINT('',(11.405228126135,1.799593725218,
    -4.519764593877));
#6703 = CARTESIAN_POINT('',(10.325950267665,1.57438550159,
    -4.474733143471));
#6704 = CARTESIAN_POINT('',(9.521967668362,0.65248550448,-4.428521374864
    ));
#6705 = CARTESIAN_POINT('',(9.521623040452,-0.652481477629,
    -4.383979750362));
#6706 = CARTESIAN_POINT('',(10.326182116191,-1.574392748394,
    -4.337767981508));
#6707 = CARTESIAN_POINT('',(11.405130756775,-1.79958994237,
    -4.292736531381));
#6708 = CARTESIAN_POINT('',(12.288235146956,-1.404152713486,
    -4.247135656809));
#6709 = CARTESIAN_POINT('',(12.729367213076,-0.702249639247,
    -4.201704260833));
#6710 = CARTESIAN_POINT('',(12.729366593497,5.852035787E-08,
    -4.156251125144));
#6711 = CARTESIAN_POINT('',(12.706711412705,-9.4E-16,-4.669330244825));
#6712 = CARTESIAN_POINT('',(12.706710887878,0.689311624436,
    -4.623877215373));
#6713 = CARTESIAN_POINT('',(12.273688183304,1.378251248192,
    -4.578447563906));
#6714 = CARTESIAN_POINT('',(11.406978207997,1.766508676863,
    -4.53283566216));
#6715 = CARTESIAN_POINT('',(10.347584688725,1.545207894049,
    -4.487836096092));
#6716 = CARTESIAN_POINT('',(9.558411450456,0.640693720037,
    -4.441567263358));
#6717 = CARTESIAN_POINT('',(9.558102890851,-0.640690131518,-4.3970944363
    ));
#6718 = CARTESIAN_POINT('',(10.347792289543,-1.545214392582,
    -4.350825603345));
#6719 = CARTESIAN_POINT('',(11.40689104302,-1.766505290677,
    -4.305826037527));
#6720 = CARTESIAN_POINT('',(12.273705971844,-1.378251867211,
    -4.260214135651));
#6721 = CARTESIAN_POINT('',(12.706711554598,-0.689311561506,
    -4.21478448421));
#6722 = CARTESIAN_POINT('',(12.706710993838,6.293043361E-08,
    -4.16933145476));
#6723 = CARTESIAN_POINT('',(12.690745912395,1.22E-15,-4.691468982957));
#6724 = CARTESIAN_POINT('',(12.690745491383,0.680194141001,
    -4.646016028373));
#6725 = CARTESIAN_POINT('',(12.263451925878,1.359998969821,
    -4.600587606286));
#6726 = CARTESIAN_POINT('',(11.408206456915,1.743193388315,
    -4.55496793356));
#6727 = CARTESIAN_POINT('',(10.362842483049,1.524646753448,
    -4.509990836458));
#6728 = CARTESIAN_POINT('',(9.584075635439,0.632383815438,
    -4.463681790518));
#6729 = CARTESIAN_POINT('',(9.583828120218,-0.632380961802,
    -4.419257445142));
#6730 = CARTESIAN_POINT('',(10.363009038308,-1.52465198135,
    -4.372948399024));
#6731 = CARTESIAN_POINT('',(11.408136556791,-1.743190673158,
    -4.327971302122));
#6732 = CARTESIAN_POINT('',(12.263466213444,-1.359999456416,
    -4.282351629292));
#6733 = CARTESIAN_POINT('',(12.690746035103,-0.680194074963,
    -4.236923207227));
#6734 = CARTESIAN_POINT('',(12.690745576385,6.60382207E-08,
    -4.191470252644));
#6735 = CARTESIAN_POINT('',(12.684975316719,-1.4E-16,-4.71875));
#6736 = CARTESIAN_POINT('',(12.684975023637,0.676898723975,
    -4.673297072476));
#6737 = CARTESIAN_POINT('',(12.25975366587,1.353401935503,
    -4.627869094738));
#6738 = CARTESIAN_POINT('',(11.408642878931,1.73476603417,
    -4.582246613264));
#6739 = CARTESIAN_POINT('',(10.368375123567,1.517215703287,
    -4.53727763735));
#6740 = CARTESIAN_POINT('',(9.593325101967,0.629379971356,
    -4.490954056757));
#6741 = CARTESIAN_POINT('',(9.593152808743,-0.62937801894,
    -4.446547234568));
#6742 = CARTESIAN_POINT('',(10.368491095967,-1.517219362841,
    -4.400223653851));
#6743 = CARTESIAN_POINT('',(11.408594249883,-1.734764145693,
    -4.355254678077));
#6744 = CARTESIAN_POINT('',(12.259763636185,-1.353402260651,
    -4.30963219653));
#6745 = CARTESIAN_POINT('',(12.684975414241,-0.676898656813,
    -4.264204218807));
#6746 = CARTESIAN_POINT('',(12.68497508281,6.716149847E-08,
    -4.218751291284));
#6747 = CARTESIAN_POINT('',(12.690745912395,1.9E-16,-4.746031017043));
#6748 = CARTESIAN_POINT('',(12.690745747242,0.680194199309,
    -4.700578062459));
#6749 = CARTESIAN_POINT('',(12.263456309886,1.359999247274,
    -4.65514964037));
#6750 = CARTESIAN_POINT('',(11.408185179577,1.743192710825,
    -4.609529967663));
#6751 = CARTESIAN_POINT('',(10.362892969892,1.524648454363,
    -4.564552870478));
#6752 = CARTESIAN_POINT('',(9.584000249732,0.632382969166,
    -4.518243824741));
#6753 = CARTESIAN_POINT('',(9.583903177282,-0.632381914354,
    -4.473819479055));
#6754 = CARTESIAN_POINT('',(10.362958356576,-1.524650543427,
    -4.427510433248));
#6755 = CARTESIAN_POINT('',(11.408157818309,-1.743191648853,
    -4.382533336142));
#6756 = CARTESIAN_POINT('',(12.263461960383,-1.359999412416,
    -4.336913663393));
#6757 = CARTESIAN_POINT('',(12.690745983447,-0.680194133271,
    -4.291485241313));
#6758 = CARTESIAN_POINT('',(12.690745780588,6.603820094E-08,
    -4.24603228673));
#6759 = CARTESIAN_POINT('',(12.706711412705,9.7E-16,-4.768169755175));
#6760 = CARTESIAN_POINT('',(12.706711351367,0.689311730061,
    -4.722716725723));
#6761 = CARTESIAN_POINT('',(12.273696124966,1.3782517508,-4.677287074253
    ));
#6762 = CARTESIAN_POINT('',(11.406939663948,1.766507449584,
    -4.63167517254));
#6763 = CARTESIAN_POINT('',(10.347676145997,1.545210975269,
    -4.586675606322));
#6764 = CARTESIAN_POINT('',(9.558274888716,0.64069218701,-4.540406773956
    ));
#6765 = CARTESIAN_POINT('',(9.558238857252,-0.640691857074,
    -4.495933946337));
#6766 = CARTESIAN_POINT('',(10.347700479227,-1.545211787773,
    -4.449665113944));
#6767 = CARTESIAN_POINT('',(11.406929558411,-1.766507058156,
    -4.404665547756));
#6768 = CARTESIAN_POINT('',(12.273698267393,-1.378251787504,
    -4.359053646028));
#6769 = CARTESIAN_POINT('',(12.706711461023,-0.689311667131,
    -4.313623994561));
#6770 = CARTESIAN_POINT('',(12.706711363753,6.29303967E-08,
    -4.268170965109));
#6771 = CARTESIAN_POINT('',(12.729367061317,-1.11E-15,-4.78125));
#6772 = CARTESIAN_POINT('',(12.729367061317,0.702249831348,
    -4.735796864309));
#6773 = CARTESIAN_POINT('',(12.288225336505,1.404152650213,-4.6903654683
    ));
#6774 = CARTESIAN_POINT('',(11.405179380384,1.799592173108,
    -4.644764593915));
#6775 = CARTESIAN_POINT('',(10.326065931524,1.574389398336,
    -4.599733143319));
#6776 = CARTESIAN_POINT('',(9.521794961946,0.652483565697,
    -4.553521375178));
#6777 = CARTESIAN_POINT('',(9.521794993958,-0.652483659898,
    -4.508979749966));
#6778 = CARTESIAN_POINT('',(10.326066005847,-1.574389454154,
    -4.462767981824));
#6779 = CARTESIAN_POINT('',(11.405179466282,-1.799592177659,
    -4.417736531229));
#6780 = CARTESIAN_POINT('',(12.288225403319,-1.404152612683,
    -4.372135656843));
#6781 = CARTESIAN_POINT('',(12.729367094734,-0.702249772828,
    -4.326704260835));
#6782 = CARTESIAN_POINT('',(12.729367061319,5.852031226E-08,
    -4.281251125144));
#6783 = DEFINITIONAL_REPRESENTATION('',(#6784),#6788);
#6784 = LINE('',#6785,#6786);
#6785 = CARTESIAN_POINT('',(0.,6.303048278758));
#6786 = VECTOR('',#6787,1.);
#6787 = DIRECTION('',(1.,0.));
#6788 = ( GEOMETRIC_REPRESENTATION_CONTEXT(2) 
PARAMETRIC_REPRESENTATION_CONTEXT() REPRESENTATION_CONTEXT('2D SPACE',''
  ) );
#6789 = ORIENTED_EDGE('',*,*,#6790,.T.);
#6790 = EDGE_CURVE('',#6679,#6298,#6791,.T.);
#6791 = SURFACE_CURVE('',#6792,(#6805,#6812),.PCURVE_S1.);
#6792 = ( BOUNDED_CURVE() B_SPLINE_CURVE(11,(#6793,#6794,#6795,#6796,
    #6797,#6798,#6799,#6800,#6801,#6802,#6803,#6804),.UNSPECIFIED.,.F.,
.F.) B_SPLINE_CURVE_WITH_KNOTS((12,12),(0.,6.303048278758),
.PIECEWISE_BEZIER_KNOTS.) CURVE() GEOMETRIC_REPRESENTATION_ITEM() 
RATIONAL_B_SPLINE_CURVE((1.056590953773,1.056590953773,1.056590953773,
    1.056590953773,1.056590953773,1.056590953773,1.056590953773,
    1.056590953773,1.056590953773,1.056590953773,1.056590953773,
1.056590953773)) REPRESENTATION_ITEM('') );
#6793 = CARTESIAN_POINT('',(12.729367061317,-1.11E-15,-4.28125));
#6794 = CARTESIAN_POINT('',(12.729367061317,0.702249831348,
    -4.235796864309));
#6795 = CARTESIAN_POINT('',(12.288225336505,1.404152650213,-4.1903654683
    ));
#6796 = CARTESIAN_POINT('',(11.405179380384,1.799592173108,
    -4.144764593915));
#6797 = CARTESIAN_POINT('',(10.326065931524,1.574389398336,
    -4.099733143319));
#6798 = CARTESIAN_POINT('',(9.521794961946,0.652483565697,
    -4.053521375178));
#6799 = CARTESIAN_POINT('',(9.521794993958,-0.652483659898,
    -4.008979749966));
#6800 = CARTESIAN_POINT('',(10.326066005847,-1.574389454154,
    -3.962767981824));
#6801 = CARTESIAN_POINT('',(11.405179466282,-1.799592177659,
    -3.917736531229));
#6802 = CARTESIAN_POINT('',(12.288225403319,-1.404152612683,
    -3.872135656843));
#6803 = CARTESIAN_POINT('',(12.729367094734,-0.702249772828,
    -3.826704260835));
#6804 = CARTESIAN_POINT('',(12.729367061319,5.852031226E-08,
    -3.781251125144));
#6805 = PCURVE('',#6317,#6806);
#6806 = DEFINITIONAL_REPRESENTATION('',(#6807),#6811);
#6807 = LINE('',#6808,#6809);
#6808 = CARTESIAN_POINT('',(2.094395102393,0.));
#6809 = VECTOR('',#6810,1.);
#6810 = DIRECTION('',(0.,1.));
#6811 = ( GEOMETRIC_REPRESENTATION_CONTEXT(2) 
PARAMETRIC_REPRESENTATION_CONTEXT() REPRESENTATION_CONTEXT('2D SPACE',''
  ) );
#6812 = PCURVE('',#6458,#6813);
#6813 = DEFINITIONAL_REPRESENTATION('',(#6814),#6817);
#6814 = B_SPLINE_CURVE_WITH_KNOTS('',1,(#6815,#6816),.UNSPECIFIED.,.F.,
  .F.,(2,2),(0.,6.303048278758),.PIECEWISE_BEZIER_KNOTS.);
#6815 = CARTESIAN_POINT('',(0.,0.));
#6816 = CARTESIAN_POINT('',(0.,6.303048278758));
#6817 = ( GEOMETRIC_REPRESENTATION_CONTEXT(2) 
PARAMETRIC_REPRESENTATION_CONTEXT() REPRESENTATION_CONTEXT('2D SPACE',''
  ) );
#6818 = ORIENTED_EDGE('',*,*,#6297,.F.);
#6819 = ADVANCED_FACE('',(#6820),#6458,.T.);
#6820 = FACE_BOUND('',#6821,.T.);
#6821 = EDGE_LOOP('',(#6822,#6823,#6868,#6896));
#6822 = ORIENTED_EDGE('',*,*,#6790,.F.);
#6823 = ORIENTED_EDGE('',*,*,#6824,.T.);
#6824 = EDGE_CURVE('',#6679,#6825,#6827,.T.);
#6825 = VERTEX_POINT('',#6826);
#6826 = CARTESIAN_POINT('',(13.000000292389,2.919828E-09,-4.437500056138
    ));
#6827 = SURFACE_CURVE('',#6828,(#6831,#6838),.PCURVE_S1.);
#6828 = B_SPLINE_CURVE_WITH_KNOTS('',1,(#6829,#6830),.UNSPECIFIED.,.F.,
  .F.,(2,2),(0.,0.3125),.PIECEWISE_BEZIER_KNOTS.);
#6829 = CARTESIAN_POINT('',(12.729367061317,1.1E-16,-4.28125));
#6830 = CARTESIAN_POINT('',(13.,-5.6E-16,-4.4375));
#6831 = PCURVE('',#6458,#6832);
#6832 = DEFINITIONAL_REPRESENTATION('',(#6833),#6837);
#6833 = LINE('',#6834,#6835);
#6834 = CARTESIAN_POINT('',(0.,0.));
#6835 = VECTOR('',#6836,1.);
#6836 = DIRECTION('',(1.,0.));
#6837 = ( GEOMETRIC_REPRESENTATION_CONTEXT(2) 
PARAMETRIC_REPRESENTATION_CONTEXT() REPRESENTATION_CONTEXT('2D SPACE',''
  ) );
#6838 = PCURVE('',#6839,#6862);
#6839 = B_SPLINE_SURFACE_WITH_KNOTS('',1,10,(
    (#6840,#6841,#6842,#6843,#6844,#6845,#6846,#6847,#6848,#6849,#6850)
    ,(#6851,#6852,#6853,#6854,#6855,#6856,#6857,#6858,#6859,#6860,#6861
    )),.UNSPECIFIED.,.F.,.F.,.F.,(2,2),(11,11),(0.,0.3125),(0.,
    6.303048278758),.PIECEWISE_BEZIER_KNOTS.);
#6840 = CARTESIAN_POINT('',(12.729367061317,1.1E-16,-4.78125));
#6841 = CARTESIAN_POINT('',(12.729367061317,0.772474814483,
    -4.73125155074));
#6842 = CARTESIAN_POINT('',(12.190193842103,1.544525502598,
    -4.681279672202));
#6843 = CARTESIAN_POINT('',(11.110798957404,1.892514694868,
    -4.631168407681));
#6844 = CARTESIAN_POINT('',(9.87764705885,1.404849341747,-4.581334768024
    ));
#6845 = CARTESIAN_POINT('',(9.225251549403,-5.422788307E-08,
    -4.531250562572));
#6846 = CARTESIAN_POINT('',(9.877647125571,-1.404849418843,
    -4.481166357119));
#6847 = CARTESIAN_POINT('',(11.110799047625,-1.89251471345,
    -4.431332717462));
#6848 = CARTESIAN_POINT('',(12.190193915595,-1.544525469732,
    -4.381221452941));
#6849 = CARTESIAN_POINT('',(12.729367098075,-0.772474755963,
    -4.331249574404));
#6850 = CARTESIAN_POINT('',(12.729367061319,5.852031182E-08,
    -4.281251125144));
#6851 = CARTESIAN_POINT('',(13.,-5.6E-16,-4.9375));
#6852 = CARTESIAN_POINT('',(13.000000805976,0.942482042061,
    -4.887500154747));
#6853 = CARTESIAN_POINT('',(12.342180217968,1.88490053282,
    -4.837502960968));
#6854 = CARTESIAN_POINT('',(11.02493752388,2.308307351446,
    -4.787491857919));
#6855 = CARTESIAN_POINT('',(9.520847274645,1.714909336101,
    -4.737508459097));
#6856 = CARTESIAN_POINT('',(8.724103861559,-1.226329071669E-05,
    -4.687500055858));
#6857 = CARTESIAN_POINT('',(9.520757657148,-1.714891257779,
    -4.637491653627));
#6858 = CARTESIAN_POINT('',(11.02502385859,-2.308314284812,
    -4.587508254144));
#6859 = CARTESIAN_POINT('',(12.342150223011,-1.884899404424,
    -4.537497151356));
#6860 = CARTESIAN_POINT('',(12.99999978247,-0.942482036221,
    -4.487499957532));
#6861 = CARTESIAN_POINT('',(13.000000584779,5.83965709E-09,
    -4.437500112276));
#6862 = DEFINITIONAL_REPRESENTATION('',(#6863),#6867);
#6863 = LINE('',#6864,#6865);
#6864 = CARTESIAN_POINT('',(0.,6.303048278758));
#6865 = VECTOR('',#6866,1.);
#6866 = DIRECTION('',(1.,0.));
#6867 = ( GEOMETRIC_REPRESENTATION_CONTEXT(2) 
PARAMETRIC_REPRESENTATION_CONTEXT() REPRESENTATION_CONTEXT('2D SPACE',''
  ) );
#6868 = ORIENTED_EDGE('',*,*,#6869,.T.);
#6869 = EDGE_CURVE('',#6825,#6444,#6870,.T.);
#6870 = SURFACE_CURVE('',#6871,(#6883,#6890),.PCURVE_S1.);
#6871 = B_SPLINE_CURVE_WITH_KNOTS('',10,(#6872,#6873,#6874,#6875,#6876,
    #6877,#6878,#6879,#6880,#6881,#6882),.UNSPECIFIED.,.F.,.F.,(11,11),(
    0.,6.303048278758),.PIECEWISE_BEZIER_KNOTS.);
#6872 = CARTESIAN_POINT('',(13.,-5.6E-16,-4.4375));
#6873 = CARTESIAN_POINT('',(13.000000805976,0.942482042061,
    -4.387500154747));
#6874 = CARTESIAN_POINT('',(12.342180217968,1.88490053282,
    -4.337502960968));
#6875 = CARTESIAN_POINT('',(11.02493752388,2.308307351446,
    -4.287491857919));
#6876 = CARTESIAN_POINT('',(9.520847274645,1.714909336101,
    -4.237508459097));
#6877 = CARTESIAN_POINT('',(8.724103861559,-1.226329071669E-05,
    -4.187500055858));
#6878 = CARTESIAN_POINT('',(9.520757657148,-1.714891257779,
    -4.137491653627));
#6879 = CARTESIAN_POINT('',(11.02502385859,-2.308314284812,
    -4.087508254144));
#6880 = CARTESIAN_POINT('',(12.342150223011,-1.884899404424,
    -4.037497151356));
#6881 = CARTESIAN_POINT('',(12.99999978247,-0.942482036221,
    -3.987499957532));
#6882 = CARTESIAN_POINT('',(13.000000584779,5.83965709E-09,
    -3.937500112276));
#6883 = PCURVE('',#6458,#6884);
#6884 = DEFINITIONAL_REPRESENTATION('',(#6885),#6889);
#6885 = LINE('',#6886,#6887);
#6886 = CARTESIAN_POINT('',(0.3125,0.));
#6887 = VECTOR('',#6888,1.);
#6888 = DIRECTION('',(0.,1.));
#6889 = ( GEOMETRIC_REPRESENTATION_CONTEXT(2) 
PARAMETRIC_REPRESENTATION_CONTEXT() REPRESENTATION_CONTEXT('2D SPACE',''
  ) );
#6890 = PCURVE('',#6536,#6891);
#6891 = DEFINITIONAL_REPRESENTATION('',(#6892),#6895);
#6892 = B_SPLINE_CURVE_WITH_KNOTS('',1,(#6893,#6894),.UNSPECIFIED.,.F.,
  .F.,(2,2),(0.,6.303048278758),.PIECEWISE_BEZIER_KNOTS.);
#6893 = CARTESIAN_POINT('',(0.,0.));
#6894 = CARTESIAN_POINT('',(0.,6.303048278758));
#6895 = ( GEOMETRIC_REPRESENTATION_CONTEXT(2) 
PARAMETRIC_REPRESENTATION_CONTEXT() REPRESENTATION_CONTEXT('2D SPACE',''
  ) );
#6896 = ORIENTED_EDGE('',*,*,#6443,.F.);
#6897 = ADVANCED_FACE('',(#6898),#6536,.T.);
#6898 = FACE_BOUND('',#6899,.T.);
#6899 = EDGE_LOOP('',(#6900,#6901,#6946,#6975));
#6900 = ORIENTED_EDGE('',*,*,#6869,.F.);
#6901 = ORIENTED_EDGE('',*,*,#6902,.T.);
#6902 = EDGE_CURVE('',#6825,#6903,#6905,.T.);
#6903 = VERTEX_POINT('',#6904);
#6904 = CARTESIAN_POINT('',(12.999999473699,2.919909E-09,-4.50000005614)
  );
#6905 = SURFACE_CURVE('',#6906,(#6909,#6916),.PCURVE_S1.);
#6906 = B_SPLINE_CURVE_WITH_KNOTS('',1,(#6907,#6908),.UNSPECIFIED.,.F.,
  .F.,(2,2),(0.,6.25E-02),.PIECEWISE_BEZIER_KNOTS.);
#6907 = CARTESIAN_POINT('',(13.,-1.46E-15,-4.4375));
#6908 = CARTESIAN_POINT('',(13.,9.9E-16,-4.5));
#6909 = PCURVE('',#6536,#6910);
#6910 = DEFINITIONAL_REPRESENTATION('',(#6911),#6915);
#6911 = LINE('',#6912,#6913);
#6912 = CARTESIAN_POINT('',(0.,0.));
#6913 = VECTOR('',#6914,1.);
#6914 = DIRECTION('',(1.,0.));
#6915 = ( GEOMETRIC_REPRESENTATION_CONTEXT(2) 
PARAMETRIC_REPRESENTATION_CONTEXT() REPRESENTATION_CONTEXT('2D SPACE',''
  ) );
#6916 = PCURVE('',#6917,#6940);
#6917 = B_SPLINE_SURFACE_WITH_KNOTS('',1,10,(
    (#6918,#6919,#6920,#6921,#6922,#6923,#6924,#6925,#6926,#6927,#6928)
    ,(#6929,#6930,#6931,#6932,#6933,#6934,#6935,#6936,#6937,#6938,#6939
    )),.UNSPECIFIED.,.F.,.F.,.F.,(2,2),(11,11),(0.,6.25E-02),(0.,
    6.303048278758),.PIECEWISE_BEZIER_KNOTS.);
#6918 = CARTESIAN_POINT('',(13.,-1.46E-15,-4.9375));
#6919 = CARTESIAN_POINT('',(13.000000805976,0.942482042061,
    -4.887500154747));
#6920 = CARTESIAN_POINT('',(12.342180217968,1.88490053282,
    -4.837502960968));
#6921 = CARTESIAN_POINT('',(11.02493752388,2.308307351446,
    -4.787491857919));
#6922 = CARTESIAN_POINT('',(9.520847274645,1.714909336101,
    -4.737508459097));
#6923 = CARTESIAN_POINT('',(8.72410386156,-1.226329080994E-05,
    -4.687500055858));
#6924 = CARTESIAN_POINT('',(9.520757657148,-1.714891257779,
    -4.637491653627));
#6925 = CARTESIAN_POINT('',(11.02502385859,-2.308314284812,
    -4.587508254144));
#6926 = CARTESIAN_POINT('',(12.342150223011,-1.884899404424,
    -4.537497151356));
#6927 = CARTESIAN_POINT('',(12.99999978247,-0.942482036221,
    -4.487499957532));
#6928 = CARTESIAN_POINT('',(13.000000584779,5.83965796E-09,
    -4.437500112276));
#6929 = CARTESIAN_POINT('',(13.,9.9E-16,-5.));
#6930 = CARTESIAN_POINT('',(13.000001128367,0.94248211553,
    -4.950000154747));
#6931 = CARTESIAN_POINT('',(12.342186284101,1.884900904938,
    -4.900002960966));
#6932 = CARTESIAN_POINT('',(11.024920221652,2.308306144833,
    -4.849991857908));
#6933 = CARTESIAN_POINT('',(9.520865045263,1.714913087294,
    -4.800008459153));
#6934 = CARTESIAN_POINT('',(8.724103644986,-1.716644223348E-05,
    -4.750000055746));
#6935 = CARTESIAN_POINT('',(9.520739578105,-1.714887774566,
    -4.699991653748));
#6936 = CARTESIAN_POINT('',(11.025041086644,-2.308315850802,
    -4.650008254069));
#6937 = CARTESIAN_POINT('',(12.342144288229,-1.884899326496,
    -4.599997151377));
#6938 = CARTESIAN_POINT('',(12.999999693991,-0.94248210969,
    -4.549999957533));
#6939 = CARTESIAN_POINT('',(13.00000081869,5.83963466E-09,
    -4.500000112276));
#6940 = DEFINITIONAL_REPRESENTATION('',(#6941),#6945);
#6941 = LINE('',#6942,#6943);
#6942 = CARTESIAN_POINT('',(0.,6.303048278758));
#6943 = VECTOR('',#6944,1.);
#6944 = DIRECTION('',(1.,0.));
#6945 = ( GEOMETRIC_REPRESENTATION_CONTEXT(2) 
PARAMETRIC_REPRESENTATION_CONTEXT() REPRESENTATION_CONTEXT('2D SPACE',''
  ) );
#6946 = ORIENTED_EDGE('',*,*,#6947,.T.);
#6947 = EDGE_CURVE('',#6903,#6522,#6948,.T.);
#6948 = SURFACE_CURVE('',#6949,(#6961,#6968),.PCURVE_S1.);
#6949 = B_SPLINE_CURVE_WITH_KNOTS('',10,(#6950,#6951,#6952,#6953,#6954,
    #6955,#6956,#6957,#6958,#6959,#6960),.UNSPECIFIED.,.F.,.F.,(11,11),(
    0.,6.303048278758),.PIECEWISE_BEZIER_KNOTS.);
#6950 = CARTESIAN_POINT('',(13.,9.9E-16,-4.5));
#6951 = CARTESIAN_POINT('',(13.000001128367,0.94248211553,
    -4.450000154747));
#6952 = CARTESIAN_POINT('',(12.342186284101,1.884900904938,
    -4.400002960966));
#6953 = CARTESIAN_POINT('',(11.024920221652,2.308306144833,
    -4.349991857908));
#6954 = CARTESIAN_POINT('',(9.520865045263,1.714913087294,
    -4.300008459153));
#6955 = CARTESIAN_POINT('',(8.724103644986,-1.716644223348E-05,
    -4.250000055746));
#6956 = CARTESIAN_POINT('',(9.520739578105,-1.714887774566,
    -4.199991653748));
#6957 = CARTESIAN_POINT('',(11.025041086644,-2.308315850802,
    -4.150008254069));
#6958 = CARTESIAN_POINT('',(12.342144288229,-1.884899326496,
    -4.099997151377));
#6959 = CARTESIAN_POINT('',(12.999999693991,-0.94248210969,
    -4.049999957533));
#6960 = CARTESIAN_POINT('',(13.00000081869,5.83963466E-09,
    -4.000000112276));
#6961 = PCURVE('',#6536,#6962);
#6962 = DEFINITIONAL_REPRESENTATION('',(#6963),#6967);
#6963 = LINE('',#6964,#6965);
#6964 = CARTESIAN_POINT('',(6.25E-02,0.));
#6965 = VECTOR('',#6966,1.);
#6966 = DIRECTION('',(0.,1.));
#6967 = ( GEOMETRIC_REPRESENTATION_CONTEXT(2) 
PARAMETRIC_REPRESENTATION_CONTEXT() REPRESENTATION_CONTEXT('2D SPACE',''
  ) );
#6968 = PCURVE('',#6615,#6969);
#6969 = DEFINITIONAL_REPRESENTATION('',(#6970),#6974);
#6970 = LINE('',#6971,#6972);
#6971 = CARTESIAN_POINT('',(0.,0.));
#6972 = VECTOR('',#6973,1.);
#6973 = DIRECTION('',(0.,1.));
#6974 = ( GEOMETRIC_REPRESENTATION_CONTEXT(2) 
PARAMETRIC_REPRESENTATION_CONTEXT() REPRESENTATION_CONTEXT('2D SPACE',''
  ) );
#6975 = ORIENTED_EDGE('',*,*,#6521,.F.);
#6976 = ADVANCED_FACE('',(#6977),#6615,.T.);
#6977 = FACE_BOUND('',#6978,.T.);
#6978 = EDGE_LOOP('',(#6979,#6980,#7025,#7053));
#6979 = ORIENTED_EDGE('',*,*,#6947,.F.);
#6980 = ORIENTED_EDGE('',*,*,#6981,.T.);
#6981 = EDGE_CURVE('',#6903,#6982,#6984,.T.);
#6982 = VERTEX_POINT('',#6983);
#6983 = CARTESIAN_POINT('',(12.729366593497,5.8520358E-08,
    -4.656251125144));
#6984 = SURFACE_CURVE('',#6985,(#6988,#6995),.PCURVE_S1.);
#6985 = B_SPLINE_CURVE_WITH_KNOTS('',1,(#6986,#6987),.UNSPECIFIED.,.F.,
  .F.,(2,2),(0.,0.3125),.PIECEWISE_BEZIER_KNOTS.);
#6986 = CARTESIAN_POINT('',(12.999998947399,5.83981767E-09,
    -4.500000112279));
#6987 = CARTESIAN_POINT('',(12.729366593497,5.852035727E-08,
    -4.656251125144));
#6988 = PCURVE('',#6615,#6989);
#6989 = DEFINITIONAL_REPRESENTATION('',(#6990),#6994);
#6990 = LINE('',#6991,#6992);
#6991 = CARTESIAN_POINT('',(0.,0.));
#6992 = VECTOR('',#6993,1.);
#6993 = DIRECTION('',(1.,0.));
#6994 = ( GEOMETRIC_REPRESENTATION_CONTEXT(2) 
PARAMETRIC_REPRESENTATION_CONTEXT() REPRESENTATION_CONTEXT('2D SPACE',''
  ) );
#6995 = PCURVE('',#6996,#7019);
#6996 = B_SPLINE_SURFACE_WITH_KNOTS('',1,10,(
    (#6997,#6998,#6999,#7000,#7001,#7002,#7003,#7004,#7005,#7006,#7007)
    ,(#7008,#7009,#7010,#7011,#7012,#7013,#7014,#7015,#7016,#7017,#7018
    )),.UNSPECIFIED.,.F.,.F.,.F.,(2,2),(11,11),(0.,0.3125),(0.,
    6.303048278758),.PIECEWISE_BEZIER_KNOTS.);
#6997 = CARTESIAN_POINT('',(13.,1.04E-15,-5.));
#6998 = CARTESIAN_POINT('',(12.999998549242,0.942481527773,
    -4.950000154747));
#6999 = CARTESIAN_POINT('',(12.342137755035,1.884897927994,
    -4.900002960982));
#7000 = CARTESIAN_POINT('',(11.025058639477,2.30831579774,
    -4.849991857995));
#7001 = CARTESIAN_POINT('',(9.520722880316,1.71488307775,-4.800008458702
    ));
#7002 = CARTESIAN_POINT('',(8.724105377576,2.205876887018E-05,
    -4.750000056644));
#7003 = CARTESIAN_POINT('',(9.520884210451,-1.714915640266,
    -4.699991652773));
#7004 = CARTESIAN_POINT('',(11.024903262209,-2.308303322877,
    -4.650008254668));
#7005 = CARTESIAN_POINT('',(12.342191766491,-1.884899949923,
    -4.599997151211));
#7006 = CARTESIAN_POINT('',(13.000000401825,-0.942481521934,
    -4.549999957527));
#7007 = CARTESIAN_POINT('',(12.999998947399,5.83981767E-09,
    -4.500000112279));
#7008 = CARTESIAN_POINT('',(12.729367061317,-6.2E-16,-5.15625));
#7009 = CARTESIAN_POINT('',(12.729366416536,0.772474667544,
    -5.10625155074));
#7010 = CARTESIAN_POINT('',(12.190181709836,1.544524758362,
    -5.056279672206));
#7011 = CARTESIAN_POINT('',(11.110833561861,1.892517108095,
    -5.006168407703));
#7012 = CARTESIAN_POINT('',(9.877611517613,1.404841839361,
    -4.956334767911));
#7013 = CARTESIAN_POINT('',(9.225251982551,9.75207505949E-06,
    -4.906250562796));
#7014 = CARTESIAN_POINT('',(9.877683283657,-1.404856385268,
    -4.856166356875));
#7015 = CARTESIAN_POINT('',(11.110764591517,-1.892511581469,
    -4.806332717612));
#7016 = CARTESIAN_POINT('',(12.190205785161,-1.544525625589,
    -4.7562214529));
#7017 = CARTESIAN_POINT('',(12.729367275034,-0.772474609024,
    -4.706249574402));
#7018 = CARTESIAN_POINT('',(12.729366593497,5.852035727E-08,
    -4.656251125144));
#7019 = DEFINITIONAL_REPRESENTATION('',(#7020),#7024);
#7020 = LINE('',#7021,#7022);
#7021 = CARTESIAN_POINT('',(0.,6.303048278758));
#7022 = VECTOR('',#7023,1.);
#7023 = DIRECTION('',(1.,0.));
#7024 = ( GEOMETRIC_REPRESENTATION_CONTEXT(2) 
PARAMETRIC_REPRESENTATION_CONTEXT() REPRESENTATION_CONTEXT('2D SPACE',''
  ) );
#7025 = ORIENTED_EDGE('',*,*,#7026,.T.);
#7026 = EDGE_CURVE('',#6982,#6601,#7027,.T.);
#7027 = SURFACE_CURVE('',#7028,(#7040,#7047),.PCURVE_S1.);
#7028 = B_SPLINE_CURVE_WITH_KNOTS('',10,(#7029,#7030,#7031,#7032,#7033,
    #7034,#7035,#7036,#7037,#7038,#7039),.UNSPECIFIED.,.F.,.F.,(11,11),(
    0.,6.303048278758),.PIECEWISE_BEZIER_KNOTS.);
#7029 = CARTESIAN_POINT('',(12.729367061317,-6.2E-16,-4.65625));
#7030 = CARTESIAN_POINT('',(12.729366416536,0.772474667544,
    -4.60625155074));
#7031 = CARTESIAN_POINT('',(12.190181709836,1.544524758362,
    -4.556279672206));
#7032 = CARTESIAN_POINT('',(11.110833561861,1.892517108095,
    -4.506168407703));
#7033 = CARTESIAN_POINT('',(9.877611517613,1.404841839361,
    -4.456334767911));
#7034 = CARTESIAN_POINT('',(9.225251982551,9.75207505949E-06,
    -4.406250562796));
#7035 = CARTESIAN_POINT('',(9.877683283657,-1.404856385268,
    -4.356166356875));
#7036 = CARTESIAN_POINT('',(11.110764591517,-1.892511581469,
    -4.306332717612));
#7037 = CARTESIAN_POINT('',(12.190205785161,-1.544525625589,
    -4.2562214529));
#7038 = CARTESIAN_POINT('',(12.729367275034,-0.772474609024,
    -4.206249574402));
#7039 = CARTESIAN_POINT('',(12.729366593497,5.852035727E-08,
    -4.156251125144));
#7040 = PCURVE('',#6615,#7041);
#7041 = DEFINITIONAL_REPRESENTATION('',(#7042),#7046);
#7042 = LINE('',#7043,#7044);
#7043 = CARTESIAN_POINT('',(0.3125,0.));
#7044 = VECTOR('',#7045,1.);
#7045 = DIRECTION('',(0.,1.));
#7046 = ( GEOMETRIC_REPRESENTATION_CONTEXT(2) 
PARAMETRIC_REPRESENTATION_CONTEXT() REPRESENTATION_CONTEXT('2D SPACE',''
  ) );
#7047 = PCURVE('',#6698,#7048);
#7048 = DEFINITIONAL_REPRESENTATION('',(#7049),#7052);
#7049 = B_SPLINE_CURVE_WITH_KNOTS('',1,(#7050,#7051),.UNSPECIFIED.,.F.,
  .F.,(2,2),(0.,6.303048278758),.PIECEWISE_BEZIER_KNOTS.);
#7050 = CARTESIAN_POINT('',(0.,0.));
#7051 = CARTESIAN_POINT('',(0.,6.303048278758));
#7052 = ( GEOMETRIC_REPRESENTATION_CONTEXT(2) 
PARAMETRIC_REPRESENTATION_CONTEXT() REPRESENTATION_CONTEXT('2D SPACE',''
  ) );
#7053 = ORIENTED_EDGE('',*,*,#6600,.F.);
#7054 = ADVANCED_FACE('',(#7055),#6698,.T.);
#7055 = FACE_BOUND('',#7056,.T.);
#7056 = EDGE_LOOP('',(#7057,#7058,#7170,#7199));
#7057 = ORIENTED_EDGE('',*,*,#7026,.F.);
#7058 = ORIENTED_EDGE('',*,*,#7059,.T.);
#7059 = EDGE_CURVE('',#6982,#7060,#7062,.T.);
#7060 = VERTEX_POINT('',#7061);
#7061 = CARTESIAN_POINT('',(12.729367061319,5.8520312E-08,
    -4.781251125144));
#7062 = SURFACE_CURVE('',#7063,(#7071,#7078),.PCURVE_S1.);
#7063 = ( BOUNDED_CURVE() B_SPLINE_CURVE(6,(#7064,#7065,#7066,#7067,
#7068,#7069,#7070),.UNSPECIFIED.,.F.,.F.) B_SPLINE_CURVE_WITH_KNOTS((7,7
),(0.,2.094395102393),.PIECEWISE_BEZIER_KNOTS.) CURVE() 
GEOMETRIC_REPRESENTATION_ITEM() RATIONAL_B_SPLINE_CURVE((1.056590953773,
    1.017435169568,0.996326512422,0.989390034249,0.996326512422,
1.017435169568,1.056590953773)) REPRESENTATION_ITEM('') );
#7064 = CARTESIAN_POINT('',(12.729366593497,5.852035787E-08,
    -4.656251125144));
#7065 = CARTESIAN_POINT('',(12.706710993838,6.293043361E-08,
    -4.66933145476));
#7066 = CARTESIAN_POINT('',(12.690745576385,6.60382207E-08,
    -4.691470252644));
#7067 = CARTESIAN_POINT('',(12.68497508281,6.716149847E-08,
    -4.718751291284));
#7068 = CARTESIAN_POINT('',(12.690745780588,6.603820094E-08,
    -4.74603228673));
#7069 = CARTESIAN_POINT('',(12.706711363753,6.29303967E-08,
    -4.768170965109));
#7070 = CARTESIAN_POINT('',(12.729367061319,5.852031226E-08,
    -4.781251125144));
#7071 = PCURVE('',#6698,#7072);
#7072 = DEFINITIONAL_REPRESENTATION('',(#7073),#7077);
#7073 = LINE('',#7074,#7075);
#7074 = CARTESIAN_POINT('',(0.,0.));
#7075 = VECTOR('',#7076,1.);
#7076 = DIRECTION('',(1.,0.));
#7077 = ( GEOMETRIC_REPRESENTATION_CONTEXT(2) 
PARAMETRIC_REPRESENTATION_CONTEXT() REPRESENTATION_CONTEXT('2D SPACE',''
  ) );
#7078 = PCURVE('',#7079,#7164);
#7079 = ( BOUNDED_SURFACE() B_SPLINE_SURFACE(6,11,(
    (#7080,#7081,#7082,#7083,#7084,#7085,#7086,#7087,#7088,#7089,#7090
      ,#7091)
    ,(#7092,#7093,#7094,#7095,#7096,#7097,#7098,#7099,#7100,#7101,#7102
      ,#7103)
    ,(#7104,#7105,#7106,#7107,#7108,#7109,#7110,#7111,#7112,#7113,#7114
      ,#7115)
    ,(#7116,#7117,#7118,#7119,#7120,#7121,#7122,#7123,#7124,#7125,#7126
      ,#7127)
    ,(#7128,#7129,#7130,#7131,#7132,#7133,#7134,#7135,#7136,#7137,#7138
      ,#7139)
    ,(#7140,#7141,#7142,#7143,#7144,#7145,#7146,#7147,#7148,#7149,#7150
      ,#7151)
    ,(#7152,#7153,#7154,#7155,#7156,#7157,#7158,#7159,#7160,#7161,#7162
,#7163
    )),.UNSPECIFIED.,.F.,.F.,.F.) B_SPLINE_SURFACE_WITH_KNOTS((7,7),(12,
    12),(0.,2.094395102393),(0.,6.303048278758),
.PIECEWISE_BEZIER_KNOTS.) GEOMETRIC_REPRESENTATION_ITEM() 
RATIONAL_B_SPLINE_SURFACE((
    (1.056590953773,1.056590953773,1.056590953773,1.056590953773
      ,1.056590953773,1.056590953773,1.056590953773,1.056590953773
      ,1.056590953773,1.056590953773,1.056590953773,1.056590953773)
    ,(1.017435169568,1.017435169568,1.017435169568,1.017435169568
      ,1.017435169569,1.017435169567,1.017435169569,1.017435169567
      ,1.017435169569,1.017435169568,1.017435169568,1.017435169568)
    ,(0.996326512422,0.996326512422,0.996326512422,0.996326512422
      ,0.996326512422,0.996326512422,0.996326512422,0.996326512422
      ,0.996326512422,0.996326512422,0.996326512422,0.996326512422)
    ,(0.989390034249,0.989390034249,0.989390034249,0.989390034248
      ,0.989390034249,0.989390034248,0.989390034249,0.989390034248
      ,0.989390034249,0.989390034249,0.989390034249,0.989390034249)
    ,(0.996326512422,0.996326512422,0.996326512422,0.996326512422
      ,0.996326512423,0.996326512422,0.996326512423,0.996326512422
      ,0.996326512422,0.996326512422,0.996326512422,0.996326512422)
    ,(1.017435169568,1.017435169568,1.017435169568,1.017435169568
      ,1.017435169568,1.017435169568,1.017435169568,1.017435169568
      ,1.017435169568,1.017435169568,1.017435169568,1.017435169568)
    ,(1.056590953773,1.056590953773,1.056590953773,1.056590953773
      ,1.056590953773,1.056590953773,1.056590953773,1.056590953773
      ,1.056590953773,1.056590953773,1.056590953773,1.056590953773
))) REPRESENTATION_ITEM('') SURFACE() );
#7080 = CARTESIAN_POINT('',(12.729367061317,-8.9E-16,-5.15625));
#7081 = CARTESIAN_POINT('',(12.729366475153,0.702249697767,
    -5.110796864309));
#7082 = CARTESIAN_POINT('',(12.288215292872,1.404152014577,
    -5.065365468303));
#7083 = CARTESIAN_POINT('',(11.405228126135,1.799593725218,
    -5.019764593877));
#7084 = CARTESIAN_POINT('',(10.325950267665,1.57438550159,
    -4.974733143471));
#7085 = CARTESIAN_POINT('',(9.521967668362,0.65248550448,-4.928521374864
    ));
#7086 = CARTESIAN_POINT('',(9.521623040452,-0.652481477629,
    -4.883979750362));
#7087 = CARTESIAN_POINT('',(10.326182116191,-1.574392748394,
    -4.837767981508));
#7088 = CARTESIAN_POINT('',(11.405130756775,-1.79958994237,
    -4.792736531381));
#7089 = CARTESIAN_POINT('',(12.288235146956,-1.404152713486,
    -4.747135656809));
#7090 = CARTESIAN_POINT('',(12.729367213076,-0.702249639247,
    -4.701704260833));
#7091 = CARTESIAN_POINT('',(12.729366593497,5.852035787E-08,
    -4.656251125144));
#7092 = CARTESIAN_POINT('',(12.706711412705,-9.4E-16,-5.169330244825));
#7093 = CARTESIAN_POINT('',(12.706710887878,0.689311624436,
    -5.123877215373));
#7094 = CARTESIAN_POINT('',(12.273688183304,1.378251248192,
    -5.078447563906));
#7095 = CARTESIAN_POINT('',(11.406978207997,1.766508676863,
    -5.03283566216));
#7096 = CARTESIAN_POINT('',(10.347584688725,1.545207894049,
    -4.987836096092));
#7097 = CARTESIAN_POINT('',(9.558411450456,0.640693720037,
    -4.941567263358));
#7098 = CARTESIAN_POINT('',(9.558102890851,-0.640690131518,-4.8970944363
    ));
#7099 = CARTESIAN_POINT('',(10.347792289543,-1.545214392582,
    -4.850825603345));
#7100 = CARTESIAN_POINT('',(11.40689104302,-1.766505290677,
    -4.805826037527));
#7101 = CARTESIAN_POINT('',(12.273705971844,-1.378251867211,
    -4.760214135651));
#7102 = CARTESIAN_POINT('',(12.706711554598,-0.689311561506,
    -4.71478448421));
#7103 = CARTESIAN_POINT('',(12.706710993838,6.293043361E-08,
    -4.66933145476));
#7104 = CARTESIAN_POINT('',(12.690745912395,1.22E-15,-5.191468982957));
#7105 = CARTESIAN_POINT('',(12.690745491383,0.680194141001,
    -5.146016028373));
#7106 = CARTESIAN_POINT('',(12.263451925878,1.359998969821,
    -5.100587606286));
#7107 = CARTESIAN_POINT('',(11.408206456915,1.743193388315,
    -5.05496793356));
#7108 = CARTESIAN_POINT('',(10.362842483049,1.524646753448,
    -5.009990836458));
#7109 = CARTESIAN_POINT('',(9.584075635439,0.632383815438,
    -4.963681790518));
#7110 = CARTESIAN_POINT('',(9.583828120218,-0.632380961802,
    -4.919257445142));
#7111 = CARTESIAN_POINT('',(10.363009038308,-1.52465198135,
    -4.872948399024));
#7112 = CARTESIAN_POINT('',(11.408136556791,-1.743190673158,
    -4.827971302122));
#7113 = CARTESIAN_POINT('',(12.263466213444,-1.359999456416,
    -4.782351629292));
#7114 = CARTESIAN_POINT('',(12.690746035103,-0.680194074963,
    -4.736923207227));
#7115 = CARTESIAN_POINT('',(12.690745576385,6.60382207E-08,
    -4.691470252644));
#7116 = CARTESIAN_POINT('',(12.684975316719,-1.4E-16,-5.21875));
#7117 = CARTESIAN_POINT('',(12.684975023637,0.676898723975,
    -5.173297072476));
#7118 = CARTESIAN_POINT('',(12.25975366587,1.353401935503,
    -5.127869094738));
#7119 = CARTESIAN_POINT('',(11.408642878931,1.73476603417,
    -5.082246613264));
#7120 = CARTESIAN_POINT('',(10.368375123567,1.517215703287,
    -5.03727763735));
#7121 = CARTESIAN_POINT('',(9.593325101967,0.629379971356,
    -4.990954056757));
#7122 = CARTESIAN_POINT('',(9.593152808743,-0.62937801894,
    -4.946547234568));
#7123 = CARTESIAN_POINT('',(10.368491095967,-1.517219362841,
    -4.900223653851));
#7124 = CARTESIAN_POINT('',(11.408594249883,-1.734764145693,
    -4.855254678077));
#7125 = CARTESIAN_POINT('',(12.259763636185,-1.353402260651,
    -4.80963219653));
#7126 = CARTESIAN_POINT('',(12.684975414241,-0.676898656813,
    -4.764204218807));
#7127 = CARTESIAN_POINT('',(12.68497508281,6.716149847E-08,
    -4.718751291284));
#7128 = CARTESIAN_POINT('',(12.690745912395,1.9E-16,-5.246031017043));
#7129 = CARTESIAN_POINT('',(12.690745747242,0.680194199309,
    -5.200578062459));
#7130 = CARTESIAN_POINT('',(12.263456309886,1.359999247274,
    -5.15514964037));
#7131 = CARTESIAN_POINT('',(11.408185179577,1.743192710825,
    -5.109529967663));
#7132 = CARTESIAN_POINT('',(10.362892969892,1.524648454363,
    -5.064552870478));
#7133 = CARTESIAN_POINT('',(9.584000249732,0.632382969166,
    -5.018243824741));
#7134 = CARTESIAN_POINT('',(9.583903177282,-0.632381914354,
    -4.973819479055));
#7135 = CARTESIAN_POINT('',(10.362958356576,-1.524650543427,
    -4.927510433248));
#7136 = CARTESIAN_POINT('',(11.408157818309,-1.743191648853,
    -4.882533336142));
#7137 = CARTESIAN_POINT('',(12.263461960383,-1.359999412416,
    -4.836913663393));
#7138 = CARTESIAN_POINT('',(12.690745983447,-0.680194133271,
    -4.791485241313));
#7139 = CARTESIAN_POINT('',(12.690745780588,6.603820094E-08,
    -4.74603228673));
#7140 = CARTESIAN_POINT('',(12.706711412705,9.7E-16,-5.268169755175));
#7141 = CARTESIAN_POINT('',(12.706711351367,0.689311730061,
    -5.222716725723));
#7142 = CARTESIAN_POINT('',(12.273696124966,1.3782517508,-5.177287074253
    ));
#7143 = CARTESIAN_POINT('',(11.406939663948,1.766507449584,
    -5.13167517254));
#7144 = CARTESIAN_POINT('',(10.347676145997,1.545210975269,
    -5.086675606322));
#7145 = CARTESIAN_POINT('',(9.558274888716,0.64069218701,-5.040406773956
    ));
#7146 = CARTESIAN_POINT('',(9.558238857252,-0.640691857074,
    -4.995933946337));
#7147 = CARTESIAN_POINT('',(10.347700479227,-1.545211787773,
    -4.949665113944));
#7148 = CARTESIAN_POINT('',(11.406929558411,-1.766507058156,
    -4.904665547756));
#7149 = CARTESIAN_POINT('',(12.273698267393,-1.378251787504,
    -4.859053646028));
#7150 = CARTESIAN_POINT('',(12.706711461023,-0.689311667131,
    -4.813623994561));
#7151 = CARTESIAN_POINT('',(12.706711363753,6.29303967E-08,
    -4.768170965109));
#7152 = CARTESIAN_POINT('',(12.729367061317,-1.11E-15,-5.28125));
#7153 = CARTESIAN_POINT('',(12.729367061317,0.702249831348,
    -5.235796864309));
#7154 = CARTESIAN_POINT('',(12.288225336505,1.404152650213,-5.1903654683
    ));
#7155 = CARTESIAN_POINT('',(11.405179380384,1.799592173108,
    -5.144764593915));
#7156 = CARTESIAN_POINT('',(10.326065931524,1.574389398336,
    -5.099733143319));
#7157 = CARTESIAN_POINT('',(9.521794961946,0.652483565697,
    -5.053521375178));
#7158 = CARTESIAN_POINT('',(9.521794993958,-0.652483659898,
    -5.008979749966));
#7159 = CARTESIAN_POINT('',(10.326066005847,-1.574389454154,
    -4.962767981824));
#7160 = CARTESIAN_POINT('',(11.405179466282,-1.799592177659,
    -4.917736531229));
#7161 = CARTESIAN_POINT('',(12.288225403319,-1.404152612683,
    -4.872135656843));
#7162 = CARTESIAN_POINT('',(12.729367094734,-0.702249772828,
    -4.826704260835));
#7163 = CARTESIAN_POINT('',(12.729367061319,5.852031226E-08,
    -4.781251125144));
#7164 = DEFINITIONAL_REPRESENTATION('',(#7165),#7169);
#7165 = LINE('',#7166,#7167);
#7166 = CARTESIAN_POINT('',(0.,6.303048278758));
#7167 = VECTOR('',#7168,1.);
#7168 = DIRECTION('',(1.,0.));
#7169 = ( GEOMETRIC_REPRESENTATION_CONTEXT(2) 
PARAMETRIC_REPRESENTATION_CONTEXT() REPRESENTATION_CONTEXT('2D SPACE',''
  ) );
#7170 = ORIENTED_EDGE('',*,*,#7171,.T.);
#7171 = EDGE_CURVE('',#7060,#6679,#7172,.T.);
#7172 = SURFACE_CURVE('',#7173,(#7186,#7193),.PCURVE_S1.);
#7173 = ( BOUNDED_CURVE() B_SPLINE_CURVE(11,(#7174,#7175,#7176,#7177,
    #7178,#7179,#7180,#7181,#7182,#7183,#7184,#7185),.UNSPECIFIED.,.F.,
.F.) B_SPLINE_CURVE_WITH_KNOTS((12,12),(0.,6.303048278758),
.PIECEWISE_BEZIER_KNOTS.) CURVE() GEOMETRIC_REPRESENTATION_ITEM() 
RATIONAL_B_SPLINE_CURVE((1.056590953773,1.056590953773,1.056590953773,
    1.056590953773,1.056590953773,1.056590953773,1.056590953773,
    1.056590953773,1.056590953773,1.056590953773,1.056590953773,
1.056590953773)) REPRESENTATION_ITEM('') );
#7174 = CARTESIAN_POINT('',(12.729367061317,-1.11E-15,-4.78125));
#7175 = CARTESIAN_POINT('',(12.729367061317,0.702249831348,
    -4.735796864309));
#7176 = CARTESIAN_POINT('',(12.288225336505,1.404152650213,-4.6903654683
    ));
#7177 = CARTESIAN_POINT('',(11.405179380384,1.799592173108,
    -4.644764593915));
#7178 = CARTESIAN_POINT('',(10.326065931524,1.574389398336,
    -4.599733143319));
#7179 = CARTESIAN_POINT('',(9.521794961946,0.652483565697,
    -4.553521375178));
#7180 = CARTESIAN_POINT('',(9.521794993958,-0.652483659898,
    -4.508979749966));
#7181 = CARTESIAN_POINT('',(10.326066005847,-1.574389454154,
    -4.462767981824));
#7182 = CARTESIAN_POINT('',(11.405179466282,-1.799592177659,
    -4.417736531229));
#7183 = CARTESIAN_POINT('',(12.288225403319,-1.404152612683,
    -4.372135656843));
#7184 = CARTESIAN_POINT('',(12.729367094734,-0.702249772828,
    -4.326704260835));
#7185 = CARTESIAN_POINT('',(12.729367061319,5.852031226E-08,
    -4.281251125144));
#7186 = PCURVE('',#6698,#7187);
#7187 = DEFINITIONAL_REPRESENTATION('',(#7188),#7192);
#7188 = LINE('',#7189,#7190);
#7189 = CARTESIAN_POINT('',(2.094395102393,0.));
#7190 = VECTOR('',#7191,1.);
#7191 = DIRECTION('',(0.,1.));
#7192 = ( GEOMETRIC_REPRESENTATION_CONTEXT(2) 
PARAMETRIC_REPRESENTATION_CONTEXT() REPRESENTATION_CONTEXT('2D SPACE',''
  ) );
#7193 = PCURVE('',#6839,#7194);
#7194 = DEFINITIONAL_REPRESENTATION('',(#7195),#7198);
#7195 = B_SPLINE_CURVE_WITH_KNOTS('',1,(#7196,#7197),.UNSPECIFIED.,.F.,
  .F.,(2,2),(0.,6.303048278758),.PIECEWISE_BEZIER_KNOTS.);
#7196 = CARTESIAN_POINT('',(0.,0.));
#7197 = CARTESIAN_POINT('',(0.,6.303048278758));
#7198 = ( GEOMETRIC_REPRESENTATION_CONTEXT(2) 
PARAMETRIC_REPRESENTATION_CONTEXT() REPRESENTATION_CONTEXT('2D SPACE',''
  ) );
#7199 = ORIENTED_EDGE('',*,*,#6678,.F.);
#7200 = ADVANCED_FACE('',(#7201),#6839,.T.);
#7201 = FACE_BOUND('',#7202,.T.);
#7202 = EDGE_LOOP('',(#7203,#7204,#7249,#7277));
#7203 = ORIENTED_EDGE('',*,*,#7171,.F.);
#7204 = ORIENTED_EDGE('',*,*,#7205,.T.);
#7205 = EDGE_CURVE('',#7060,#7206,#7208,.T.);
#7206 = VERTEX_POINT('',#7207);
#7207 = CARTESIAN_POINT('',(13.000000292389,2.919828E-09,-4.937500056138
    ));
#7208 = SURFACE_CURVE('',#7209,(#7212,#7219),.PCURVE_S1.);
#7209 = B_SPLINE_CURVE_WITH_KNOTS('',1,(#7210,#7211),.UNSPECIFIED.,.F.,
  .F.,(2,2),(0.,0.3125),.PIECEWISE_BEZIER_KNOTS.);
#7210 = CARTESIAN_POINT('',(12.729367061317,1.1E-16,-4.78125));
#7211 = CARTESIAN_POINT('',(13.,-5.6E-16,-4.9375));
#7212 = PCURVE('',#6839,#7213);
#7213 = DEFINITIONAL_REPRESENTATION('',(#7214),#7218);
#7214 = LINE('',#7215,#7216);
#7215 = CARTESIAN_POINT('',(0.,0.));
#7216 = VECTOR('',#7217,1.);
#7217 = DIRECTION('',(1.,0.));
#7218 = ( GEOMETRIC_REPRESENTATION_CONTEXT(2) 
PARAMETRIC_REPRESENTATION_CONTEXT() REPRESENTATION_CONTEXT('2D SPACE',''
  ) );
#7219 = PCURVE('',#7220,#7243);
#7220 = B_SPLINE_SURFACE_WITH_KNOTS('',1,10,(
    (#7221,#7222,#7223,#7224,#7225,#7226,#7227,#7228,#7229,#7230,#7231)
    ,(#7232,#7233,#7234,#7235,#7236,#7237,#7238,#7239,#7240,#7241,#7242
    )),.UNSPECIFIED.,.F.,.F.,.F.,(2,2),(11,11),(0.,0.3125),(0.,
    6.303048278758),.PIECEWISE_BEZIER_KNOTS.);
#7221 = CARTESIAN_POINT('',(12.729367061317,1.1E-16,-5.28125));
#7222 = CARTESIAN_POINT('',(12.729367061317,0.772474814483,
    -5.23125155074));
#7223 = CARTESIAN_POINT('',(12.190193842103,1.544525502598,
    -5.181279672202));
#7224 = CARTESIAN_POINT('',(11.110798957404,1.892514694868,
    -5.131168407681));
#7225 = CARTESIAN_POINT('',(9.87764705885,1.404849341747,-5.081334768024
    ));
#7226 = CARTESIAN_POINT('',(9.225251549403,-5.422788307E-08,
    -5.031250562572));
#7227 = CARTESIAN_POINT('',(9.877647125571,-1.404849418843,
    -4.981166357119));
#7228 = CARTESIAN_POINT('',(11.110799047625,-1.89251471345,
    -4.931332717462));
#7229 = CARTESIAN_POINT('',(12.190193915595,-1.544525469732,
    -4.881221452941));
#7230 = CARTESIAN_POINT('',(12.729367098075,-0.772474755963,
    -4.831249574404));
#7231 = CARTESIAN_POINT('',(12.729367061319,5.852031182E-08,
    -4.781251125144));
#7232 = CARTESIAN_POINT('',(13.,-5.6E-16,-5.4375));
#7233 = CARTESIAN_POINT('',(13.000000805976,0.942482042061,
    -5.387500154747));
#7234 = CARTESIAN_POINT('',(12.342180217968,1.88490053282,
    -5.337502960968));
#7235 = CARTESIAN_POINT('',(11.02493752388,2.308307351446,
    -5.287491857919));
#7236 = CARTESIAN_POINT('',(9.520847274645,1.714909336101,
    -5.237508459097));
#7237 = CARTESIAN_POINT('',(8.724103861559,-1.226329071669E-05,
    -5.187500055858));
#7238 = CARTESIAN_POINT('',(9.520757657148,-1.714891257779,
    -5.137491653627));
#7239 = CARTESIAN_POINT('',(11.02502385859,-2.308314284812,
    -5.087508254144));
#7240 = CARTESIAN_POINT('',(12.342150223011,-1.884899404424,
    -5.037497151356));
#7241 = CARTESIAN_POINT('',(12.99999978247,-0.942482036221,
    -4.987499957532));
#7242 = CARTESIAN_POINT('',(13.000000584779,5.83965709E-09,
    -4.937500112276));
#7243 = DEFINITIONAL_REPRESENTATION('',(#7244),#7248);
#7244 = LINE('',#7245,#7246);
#7245 = CARTESIAN_POINT('',(0.,6.303048278758));
#7246 = VECTOR('',#7247,1.);
#7247 = DIRECTION('',(1.,0.));
#7248 = ( GEOMETRIC_REPRESENTATION_CONTEXT(2) 
PARAMETRIC_REPRESENTATION_CONTEXT() REPRESENTATION_CONTEXT('2D SPACE',''
  ) );
#7249 = ORIENTED_EDGE('',*,*,#7250,.T.);
#7250 = EDGE_CURVE('',#7206,#6825,#7251,.T.);
#7251 = SURFACE_CURVE('',#7252,(#7264,#7271),.PCURVE_S1.);
#7252 = B_SPLINE_CURVE_WITH_KNOTS('',10,(#7253,#7254,#7255,#7256,#7257,
    #7258,#7259,#7260,#7261,#7262,#7263),.UNSPECIFIED.,.F.,.F.,(11,11),(
    0.,6.303048278758),.PIECEWISE_BEZIER_KNOTS.);
#7253 = CARTESIAN_POINT('',(13.,-5.6E-16,-4.9375));
#7254 = CARTESIAN_POINT('',(13.000000805976,0.942482042061,
    -4.887500154747));
#7255 = CARTESIAN_POINT('',(12.342180217968,1.88490053282,
    -4.837502960968));
#7256 = CARTESIAN_POINT('',(11.02493752388,2.308307351446,
    -4.787491857919));
#7257 = CARTESIAN_POINT('',(9.520847274645,1.714909336101,
    -4.737508459097));
#7258 = CARTESIAN_POINT('',(8.724103861559,-1.226329071669E-05,
    -4.687500055858));
#7259 = CARTESIAN_POINT('',(9.520757657148,-1.714891257779,
    -4.637491653627));
#7260 = CARTESIAN_POINT('',(11.02502385859,-2.308314284812,
    -4.587508254144));
#7261 = CARTESIAN_POINT('',(12.342150223011,-1.884899404424,
    -4.537497151356));
#7262 = CARTESIAN_POINT('',(12.99999978247,-0.942482036221,
    -4.487499957532));
#7263 = CARTESIAN_POINT('',(13.000000584779,5.83965709E-09,
    -4.437500112276));
#7264 = PCURVE('',#6839,#7265);
#7265 = DEFINITIONAL_REPRESENTATION('',(#7266),#7270);
#7266 = LINE('',#7267,#7268);
#7267 = CARTESIAN_POINT('',(0.3125,0.));
#7268 = VECTOR('',#7269,1.);
#7269 = DIRECTION('',(0.,1.));
#7270 = ( GEOMETRIC_REPRESENTATION_CONTEXT(2) 
PARAMETRIC_REPRESENTATION_CONTEXT() REPRESENTATION_CONTEXT('2D SPACE',''
  ) );
#7271 = PCURVE('',#6917,#7272);
#7272 = DEFINITIONAL_REPRESENTATION('',(#7273),#7276);
#7273 = B_SPLINE_CURVE_WITH_KNOTS('',1,(#7274,#7275),.UNSPECIFIED.,.F.,
  .F.,(2,2),(0.,6.303048278758),.PIECEWISE_BEZIER_KNOTS.);
#7274 = CARTESIAN_POINT('',(0.,0.));
#7275 = CARTESIAN_POINT('',(0.,6.303048278758));
#7276 = ( GEOMETRIC_REPRESENTATION_CONTEXT(2) 
PARAMETRIC_REPRESENTATION_CONTEXT() REPRESENTATION_CONTEXT('2D SPACE',''
  ) );
#7277 = ORIENTED_EDGE('',*,*,#6824,.F.);
#7278 = ADVANCED_FACE('',(#7279),#6917,.T.);
#7279 = FACE_BOUND('',#7280,.T.);
#7280 = EDGE_LOOP('',(#7281,#7282,#7327,#7356));
#7281 = ORIENTED_EDGE('',*,*,#7250,.F.);
#7282 = ORIENTED_EDGE('',*,*,#7283,.T.);
#7283 = EDGE_CURVE('',#7206,#7284,#7286,.T.);
#7284 = VERTEX_POINT('',#7285);
#7285 = CARTESIAN_POINT('',(12.999999473699,2.919909E-09,-5.00000005614)
  );
#7286 = SURFACE_CURVE('',#7287,(#7290,#7297),.PCURVE_S1.);
#7287 = B_SPLINE_CURVE_WITH_KNOTS('',1,(#7288,#7289),.UNSPECIFIED.,.F.,
  .F.,(2,2),(0.,6.25E-02),.PIECEWISE_BEZIER_KNOTS.);
#7288 = CARTESIAN_POINT('',(13.,-1.46E-15,-4.9375));
#7289 = CARTESIAN_POINT('',(13.,9.9E-16,-5.));
#7290 = PCURVE('',#6917,#7291);
#7291 = DEFINITIONAL_REPRESENTATION('',(#7292),#7296);
#7292 = LINE('',#7293,#7294);
#7293 = CARTESIAN_POINT('',(0.,0.));
#7294 = VECTOR('',#7295,1.);
#7295 = DIRECTION('',(1.,0.));
#7296 = ( GEOMETRIC_REPRESENTATION_CONTEXT(2) 
PARAMETRIC_REPRESENTATION_CONTEXT() REPRESENTATION_CONTEXT('2D SPACE',''
  ) );
#7297 = PCURVE('',#7298,#7321);
#7298 = B_SPLINE_SURFACE_WITH_KNOTS('',1,10,(
    (#7299,#7300,#7301,#7302,#7303,#7304,#7305,#7306,#7307,#7308,#7309)
    ,(#7310,#7311,#7312,#7313,#7314,#7315,#7316,#7317,#7318,#7319,#7320
    )),.UNSPECIFIED.,.F.,.F.,.F.,(2,2),(11,11),(0.,6.25E-02),(0.,
    6.303048278758),.PIECEWISE_BEZIER_KNOTS.);
#7299 = CARTESIAN_POINT('',(13.,-1.46E-15,-5.4375));
#7300 = CARTESIAN_POINT('',(13.000000805976,0.942482042061,
    -5.387500154747));
#7301 = CARTESIAN_POINT('',(12.342180217968,1.88490053282,
    -5.337502960968));
#7302 = CARTESIAN_POINT('',(11.02493752388,2.308307351446,
    -5.287491857919));
#7303 = CARTESIAN_POINT('',(9.520847274645,1.714909336101,
    -5.237508459097));
#7304 = CARTESIAN_POINT('',(8.72410386156,-1.226329080994E-05,
    -5.187500055858));
#7305 = CARTESIAN_POINT('',(9.520757657148,-1.714891257779,
    -5.137491653627));
#7306 = CARTESIAN_POINT('',(11.02502385859,-2.308314284812,
    -5.087508254144));
#7307 = CARTESIAN_POINT('',(12.342150223011,-1.884899404424,
    -5.037497151356));
#7308 = CARTESIAN_POINT('',(12.99999978247,-0.942482036221,
    -4.987499957532));
#7309 = CARTESIAN_POINT('',(13.000000584779,5.83965796E-09,
    -4.937500112276));
#7310 = CARTESIAN_POINT('',(13.,9.9E-16,-5.5));
#7311 = CARTESIAN_POINT('',(13.000001128367,0.94248211553,
    -5.450000154747));
#7312 = CARTESIAN_POINT('',(12.342186284101,1.884900904938,
    -5.400002960966));
#7313 = CARTESIAN_POINT('',(11.024920221652,2.308306144833,
    -5.349991857908));
#7314 = CARTESIAN_POINT('',(9.520865045263,1.714913087294,
    -5.300008459153));
#7315 = CARTESIAN_POINT('',(8.724103644986,-1.716644223348E-05,
    -5.250000055746));
#7316 = CARTESIAN_POINT('',(9.520739578105,-1.714887774566,
    -5.199991653748));
#7317 = CARTESIAN_POINT('',(11.025041086644,-2.308315850802,
    -5.150008254069));
#7318 = CARTESIAN_POINT('',(12.342144288229,-1.884899326496,
    -5.099997151377));
#7319 = CARTESIAN_POINT('',(12.999999693991,-0.94248210969,
    -5.049999957533));
#7320 = CARTESIAN_POINT('',(13.00000081869,5.83963466E-09,
    -5.000000112276));
#7321 = DEFINITIONAL_REPRESENTATION('',(#7322),#7326);
#7322 = LINE('',#7323,#7324);
#7323 = CARTESIAN_POINT('',(0.,6.303048278758));
#7324 = VECTOR('',#7325,1.);
#7325 = DIRECTION('',(1.,0.));
#7326 = ( GEOMETRIC_REPRESENTATION_CONTEXT(2) 
PARAMETRIC_REPRESENTATION_CONTEXT() REPRESENTATION_CONTEXT('2D SPACE',''
  ) );
#7327 = ORIENTED_EDGE('',*,*,#7328,.T.);
#7328 = EDGE_CURVE('',#7284,#6903,#7329,.T.);
#7329 = SURFACE_CURVE('',#7330,(#7342,#7349),.PCURVE_S1.);
#7330 = B_SPLINE_CURVE_WITH_KNOTS('',10,(#7331,#7332,#7333,#7334,#7335,
    #7336,#7337,#7338,#7339,#7340,#7341),.UNSPECIFIED.,.F.,.F.,(11,11),(
    0.,6.303048278758),.PIECEWISE_BEZIER_KNOTS.);
#7331 = CARTESIAN_POINT('',(13.,9.9E-16,-5.));
#7332 = CARTESIAN_POINT('',(13.000001128367,0.94248211553,
    -4.950000154747));
#7333 = CARTESIAN_POINT('',(12.342186284101,1.884900904938,
    -4.900002960966));
#7334 = CARTESIAN_POINT('',(11.024920221652,2.308306144833,
    -4.849991857908));
#7335 = CARTESIAN_POINT('',(9.520865045263,1.714913087294,
    -4.800008459153));
#7336 = CARTESIAN_POINT('',(8.724103644986,-1.716644223348E-05,
    -4.750000055746));
#7337 = CARTESIAN_POINT('',(9.520739578105,-1.714887774566,
    -4.699991653748));
#7338 = CARTESIAN_POINT('',(11.025041086644,-2.308315850802,
    -4.650008254069));
#7339 = CARTESIAN_POINT('',(12.342144288229,-1.884899326496,
    -4.599997151377));
#7340 = CARTESIAN_POINT('',(12.999999693991,-0.94248210969,
    -4.549999957533));
#7341 = CARTESIAN_POINT('',(13.00000081869,5.83963466E-09,
    -4.500000112276));
#7342 = PCURVE('',#6917,#7343);
#7343 = DEFINITIONAL_REPRESENTATION('',(#7344),#7348);
#7344 = LINE('',#7345,#7346);
#7345 = CARTESIAN_POINT('',(6.25E-02,0.));
#7346 = VECTOR('',#7347,1.);
#7347 = DIRECTION('',(0.,1.));
#7348 = ( GEOMETRIC_REPRESENTATION_CONTEXT(2) 
PARAMETRIC_REPRESENTATION_CONTEXT() REPRESENTATION_CONTEXT('2D SPACE',''
  ) );
#7349 = PCURVE('',#6996,#7350);
#7350 = DEFINITIONAL_REPRESENTATION('',(#7351),#7355);
#7351 = LINE('',#7352,#7353);
#7352 = CARTESIAN_POINT('',(0.,0.));
#7353 = VECTOR('',#7354,1.);
#7354 = DIRECTION('',(0.,1.));
#7355 = ( GEOMETRIC_REPRESENTATION_CONTEXT(2) 
PARAMETRIC_REPRESENTATION_CONTEXT() REPRESENTATION_CONTEXT('2D SPACE',''
  ) );
#7356 = ORIENTED_EDGE('',*,*,#6902,.F.);
#7357 = ADVANCED_FACE('',(#7358),#6996,.T.);
#7358 = FACE_BOUND('',#7359,.T.);
#7359 = EDGE_LOOP('',(#7360,#7361,#7406,#7434));
#7360 = ORIENTED_EDGE('',*,*,#7328,.F.);
#7361 = ORIENTED_EDGE('',*,*,#7362,.T.);
#7362 = EDGE_CURVE('',#7284,#7363,#7365,.T.);
#7363 = VERTEX_POINT('',#7364);
#7364 = CARTESIAN_POINT('',(12.729366593497,5.8520358E-08,
    -5.156251125144));
#7365 = SURFACE_CURVE('',#7366,(#7369,#7376),.PCURVE_S1.);
#7366 = B_SPLINE_CURVE_WITH_KNOTS('',1,(#7367,#7368),.UNSPECIFIED.,.F.,
  .F.,(2,2),(0.,0.3125),.PIECEWISE_BEZIER_KNOTS.);
#7367 = CARTESIAN_POINT('',(12.999998947399,5.83981767E-09,
    -5.000000112279));
#7368 = CARTESIAN_POINT('',(12.729366593497,5.852035727E-08,
    -5.156251125144));
#7369 = PCURVE('',#6996,#7370);
#7370 = DEFINITIONAL_REPRESENTATION('',(#7371),#7375);
#7371 = LINE('',#7372,#7373);
#7372 = CARTESIAN_POINT('',(0.,0.));
#7373 = VECTOR('',#7374,1.);
#7374 = DIRECTION('',(1.,0.));
#7375 = ( GEOMETRIC_REPRESENTATION_CONTEXT(2) 
PARAMETRIC_REPRESENTATION_CONTEXT() REPRESENTATION_CONTEXT('2D SPACE',''
  ) );
#7376 = PCURVE('',#7377,#7400);
#7377 = B_SPLINE_SURFACE_WITH_KNOTS('',1,10,(
    (#7378,#7379,#7380,#7381,#7382,#7383,#7384,#7385,#7386,#7387,#7388)
    ,(#7389,#7390,#7391,#7392,#7393,#7394,#7395,#7396,#7397,#7398,#7399
    )),.UNSPECIFIED.,.F.,.F.,.F.,(2,2),(11,11),(0.,0.3125),(0.,
    6.303048278758),.PIECEWISE_BEZIER_KNOTS.);
#7378 = CARTESIAN_POINT('',(13.,1.04E-15,-5.5));
#7379 = CARTESIAN_POINT('',(12.999998549242,0.942481527773,
    -5.450000154747));
#7380 = CARTESIAN_POINT('',(12.342137755035,1.884897927994,
    -5.400002960982));
#7381 = CARTESIAN_POINT('',(11.025058639477,2.30831579774,
    -5.349991857995));
#7382 = CARTESIAN_POINT('',(9.520722880316,1.71488307775,-5.300008458702
    ));
#7383 = CARTESIAN_POINT('',(8.724105377576,2.205876887018E-05,
    -5.250000056644));
#7384 = CARTESIAN_POINT('',(9.520884210451,-1.714915640266,
    -5.199991652773));
#7385 = CARTESIAN_POINT('',(11.024903262209,-2.308303322877,
    -5.150008254668));
#7386 = CARTESIAN_POINT('',(12.342191766491,-1.884899949923,
    -5.099997151211));
#7387 = CARTESIAN_POINT('',(13.000000401825,-0.942481521934,
    -5.049999957527));
#7388 = CARTESIAN_POINT('',(12.999998947399,5.83981767E-09,
    -5.000000112279));
#7389 = CARTESIAN_POINT('',(12.729367061317,-6.2E-16,-5.65625));
#7390 = CARTESIAN_POINT('',(12.729366416536,0.772474667544,
    -5.60625155074));
#7391 = CARTESIAN_POINT('',(12.190181709836,1.544524758362,
    -5.556279672206));
#7392 = CARTESIAN_POINT('',(11.110833561861,1.892517108095,
    -5.506168407703));
#7393 = CARTESIAN_POINT('',(9.877611517613,1.404841839361,
    -5.456334767911));
#7394 = CARTESIAN_POINT('',(9.225251982551,9.75207505949E-06,
    -5.406250562796));
#7395 = CARTESIAN_POINT('',(9.877683283657,-1.404856385268,
    -5.356166356875));
#7396 = CARTESIAN_POINT('',(11.110764591517,-1.892511581469,
    -5.306332717612));
#7397 = CARTESIAN_POINT('',(12.190205785161,-1.544525625589,
    -5.2562214529));
#7398 = CARTESIAN_POINT('',(12.729367275034,-0.772474609024,
    -5.206249574402));
#7399 = CARTESIAN_POINT('',(12.729366593497,5.852035727E-08,
    -5.156251125144));
#7400 = DEFINITIONAL_REPRESENTATION('',(#7401),#7405);
#7401 = LINE('',#7402,#7403);
#7402 = CARTESIAN_POINT('',(0.,6.303048278758));
#7403 = VECTOR('',#7404,1.);
#7404 = DIRECTION('',(1.,0.));
#7405 = ( GEOMETRIC_REPRESENTATION_CONTEXT(2) 
PARAMETRIC_REPRESENTATION_CONTEXT() REPRESENTATION_CONTEXT('2D SPACE',''
  ) );
#7406 = ORIENTED_EDGE('',*,*,#7407,.T.);
#7407 = EDGE_CURVE('',#7363,#6982,#7408,.T.);
#7408 = SURFACE_CURVE('',#7409,(#7421,#7428),.PCURVE_S1.);
#7409 = B_SPLINE_CURVE_WITH_KNOTS('',10,(#7410,#7411,#7412,#7413,#7414,
    #7415,#7416,#7417,#7418,#7419,#7420),.UNSPECIFIED.,.F.,.F.,(11,11),(
    0.,6.303048278758),.PIECEWISE_BEZIER_KNOTS.);
#7410 = CARTESIAN_POINT('',(12.729367061317,-6.2E-16,-5.15625));
#7411 = CARTESIAN_POINT('',(12.729366416536,0.772474667544,
    -5.10625155074));
#7412 = CARTESIAN_POINT('',(12.190181709836,1.544524758362,
    -5.056279672206));
#7413 = CARTESIAN_POINT('',(11.110833561861,1.892517108095,
    -5.006168407703));
#7414 = CARTESIAN_POINT('',(9.877611517613,1.404841839361,
    -4.956334767911));
#7415 = CARTESIAN_POINT('',(9.225251982551,9.75207505949E-06,
    -4.906250562796));
#7416 = CARTESIAN_POINT('',(9.877683283657,-1.404856385268,
    -4.856166356875));
#7417 = CARTESIAN_POINT('',(11.110764591517,-1.892511581469,
    -4.806332717612));
#7418 = CARTESIAN_POINT('',(12.190205785161,-1.544525625589,
    -4.7562214529));
#7419 = CARTESIAN_POINT('',(12.729367275034,-0.772474609024,
    -4.706249574402));
#7420 = CARTESIAN_POINT('',(12.729366593497,5.852035727E-08,
    -4.656251125144));
#7421 = PCURVE('',#6996,#7422);
#7422 = DEFINITIONAL_REPRESENTATION('',(#7423),#7427);
#7423 = LINE('',#7424,#7425);
#7424 = CARTESIAN_POINT('',(0.3125,0.));
#7425 = VECTOR('',#7426,1.);
#7426 = DIRECTION('',(0.,1.));
#7427 = ( GEOMETRIC_REPRESENTATION_CONTEXT(2) 
PARAMETRIC_REPRESENTATION_CONTEXT() REPRESENTATION_CONTEXT('2D SPACE',''
  ) );
#7428 = PCURVE('',#7079,#7429);
#7429 = DEFINITIONAL_REPRESENTATION('',(#7430),#7433);
#7430 = B_SPLINE_CURVE_WITH_KNOTS('',1,(#7431,#7432),.UNSPECIFIED.,.F.,
  .F.,(2,2),(0.,6.303048278758),.PIECEWISE_BEZIER_KNOTS.);
#7431 = CARTESIAN_POINT('',(0.,0.));
#7432 = CARTESIAN_POINT('',(0.,6.303048278758));
#7433 = ( GEOMETRIC_REPRESENTATION_CONTEXT(2) 
PARAMETRIC_REPRESENTATION_CONTEXT() REPRESENTATION_CONTEXT('2D SPACE',''
  ) );
#7434 = ORIENTED_EDGE('',*,*,#6981,.F.);
#7435 = ADVANCED_FACE('',(#7436),#7079,.T.);
#7436 = FACE_BOUND('',#7437,.T.);
#7437 = EDGE_LOOP('',(#7438,#7439,#7551,#7580));
#7438 = ORIENTED_EDGE('',*,*,#7407,.F.);
#7439 = ORIENTED_EDGE('',*,*,#7440,.T.);
#7440 = EDGE_CURVE('',#7363,#7441,#7443,.T.);
#7441 = VERTEX_POINT('',#7442);
#7442 = CARTESIAN_POINT('',(12.729367061319,5.8520312E-08,
    -5.281251125144));
#7443 = SURFACE_CURVE('',#7444,(#7452,#7459),.PCURVE_S1.);
#7444 = ( BOUNDED_CURVE() B_SPLINE_CURVE(6,(#7445,#7446,#7447,#7448,
#7449,#7450,#7451),.UNSPECIFIED.,.F.,.F.) B_SPLINE_CURVE_WITH_KNOTS((7,7
),(0.,2.094395102393),.PIECEWISE_BEZIER_KNOTS.) CURVE() 
GEOMETRIC_REPRESENTATION_ITEM() RATIONAL_B_SPLINE_CURVE((1.056590953773,
    1.017435169568,0.996326512422,0.989390034249,0.996326512422,
1.017435169568,1.056590953773)) REPRESENTATION_ITEM('') );
#7445 = CARTESIAN_POINT('',(12.729367061317,-8.9E-16,-5.15625));
#7446 = CARTESIAN_POINT('',(12.706711412705,-9.4E-16,-5.169330244825));
#7447 = CARTESIAN_POINT('',(12.690745912395,1.22E-15,-5.191468982957));
#7448 = CARTESIAN_POINT('',(12.684975316719,-1.4E-16,-5.21875));
#7449 = CARTESIAN_POINT('',(12.690745912395,1.9E-16,-5.246031017043));
#7450 = CARTESIAN_POINT('',(12.706711412705,9.7E-16,-5.268169755175));
#7451 = CARTESIAN_POINT('',(12.729367061317,-1.11E-15,-5.28125));
#7452 = PCURVE('',#7079,#7453);
#7453 = DEFINITIONAL_REPRESENTATION('',(#7454),#7458);
#7454 = LINE('',#7455,#7456);
#7455 = CARTESIAN_POINT('',(0.,0.));
#7456 = VECTOR('',#7457,1.);
#7457 = DIRECTION('',(1.,0.));
#7458 = ( GEOMETRIC_REPRESENTATION_CONTEXT(2) 
PARAMETRIC_REPRESENTATION_CONTEXT() REPRESENTATION_CONTEXT('2D SPACE',''
  ) );
#7459 = PCURVE('',#7460,#7545);
#7460 = ( BOUNDED_SURFACE() B_SPLINE_SURFACE(6,11,(
    (#7461,#7462,#7463,#7464,#7465,#7466,#7467,#7468,#7469,#7470,#7471
      ,#7472)
    ,(#7473,#7474,#7475,#7476,#7477,#7478,#7479,#7480,#7481,#7482,#7483
      ,#7484)
    ,(#7485,#7486,#7487,#7488,#7489,#7490,#7491,#7492,#7493,#7494,#7495
      ,#7496)
    ,(#7497,#7498,#7499,#7500,#7501,#7502,#7503,#7504,#7505,#7506,#7507
      ,#7508)
    ,(#7509,#7510,#7511,#7512,#7513,#7514,#7515,#7516,#7517,#7518,#7519
      ,#7520)
    ,(#7521,#7522,#7523,#7524,#7525,#7526,#7527,#7528,#7529,#7530,#7531
      ,#7532)
    ,(#7533,#7534,#7535,#7536,#7537,#7538,#7539,#7540,#7541,#7542,#7543
,#7544
    )),.UNSPECIFIED.,.F.,.F.,.F.) B_SPLINE_SURFACE_WITH_KNOTS((7,7),(12,
    12),(0.,2.094395102393),(0.,6.303048278758),
.PIECEWISE_BEZIER_KNOTS.) GEOMETRIC_REPRESENTATION_ITEM() 
RATIONAL_B_SPLINE_SURFACE((
    (1.056590953773,1.056590953773,1.056590953773,1.056590953773
      ,1.056590953773,1.056590953773,1.056590953773,1.056590953773
      ,1.056590953773,1.056590953773,1.056590953773,1.056590953773)
    ,(1.017435169568,1.017435169568,1.017435169568,1.017435169568
      ,1.017435169569,1.017435169567,1.017435169569,1.017435169567
      ,1.017435169569,1.017435169568,1.017435169568,1.017435169568)
    ,(0.996326512422,0.996326512422,0.996326512422,0.996326512422
      ,0.996326512422,0.996326512422,0.996326512422,0.996326512422
      ,0.996326512422,0.996326512422,0.996326512422,0.996326512422)
    ,(0.989390034249,0.989390034249,0.989390034249,0.989390034248
      ,0.989390034249,0.989390034248,0.989390034249,0.989390034248
      ,0.989390034249,0.989390034249,0.989390034249,0.989390034249)
    ,(0.996326512422,0.996326512422,0.996326512422,0.996326512422
      ,0.996326512423,0.996326512422,0.996326512423,0.996326512422
      ,0.996326512422,0.996326512422,0.996326512422,0.996326512422)
    ,(1.017435169568,1.017435169568,1.017435169568,1.017435169568
      ,1.017435169568,1.017435169568,1.017435169568,1.017435169568
      ,1.017435169568,1.017435169568,1.017435169568,1.017435169568)
    ,(1.056590953773,1.056590953773,1.056590953773,1.056590953773
      ,1.056590953773,1.056590953773,1.056590953773,1.056590953773
      ,1.056590953773,1.056590953773,1.056590953773,1.056590953773
))) REPRESENTATION_ITEM('') SURFACE() );
#7461 = CARTESIAN_POINT('',(12.729367061317,-8.9E-16,-5.65625));
#7462 = CARTESIAN_POINT('',(12.729366475153,0.702249697767,
    -5.610796864309));
#7463 = CARTESIAN_POINT('',(12.288215292872,1.404152014577,
    -5.565365468303));
#7464 = CARTESIAN_POINT('',(11.405228126135,1.799593725218,
    -5.519764593877));
#7465 = CARTESIAN_POINT('',(10.325950267665,1.57438550159,
    -5.474733143471));
#7466 = CARTESIAN_POINT('',(9.521967668362,0.65248550448,-5.428521374864
    ));
#7467 = CARTESIAN_POINT('',(9.521623040452,-0.652481477629,
    -5.383979750362));
#7468 = CARTESIAN_POINT('',(10.326182116191,-1.574392748394,
    -5.337767981508));
#7469 = CARTESIAN_POINT('',(11.405130756775,-1.79958994237,
    -5.292736531381));
#7470 = CARTESIAN_POINT('',(12.288235146956,-1.404152713486,
    -5.247135656809));
#7471 = CARTESIAN_POINT('',(12.729367213076,-0.702249639247,
    -5.201704260833));
#7472 = CARTESIAN_POINT('',(12.729366593497,5.852035787E-08,
    -5.156251125144));
#7473 = CARTESIAN_POINT('',(12.706711412705,-9.4E-16,-5.669330244825));
#7474 = CARTESIAN_POINT('',(12.706710887878,0.689311624436,
    -5.623877215373));
#7475 = CARTESIAN_POINT('',(12.273688183304,1.378251248192,
    -5.578447563906));
#7476 = CARTESIAN_POINT('',(11.406978207997,1.766508676863,
    -5.53283566216));
#7477 = CARTESIAN_POINT('',(10.347584688725,1.545207894049,
    -5.487836096092));
#7478 = CARTESIAN_POINT('',(9.558411450456,0.640693720037,
    -5.441567263358));
#7479 = CARTESIAN_POINT('',(9.558102890851,-0.640690131518,-5.3970944363
    ));
#7480 = CARTESIAN_POINT('',(10.347792289543,-1.545214392582,
    -5.350825603345));
#7481 = CARTESIAN_POINT('',(11.40689104302,-1.766505290677,
    -5.305826037527));
#7482 = CARTESIAN_POINT('',(12.273705971844,-1.378251867211,
    -5.260214135651));
#7483 = CARTESIAN_POINT('',(12.706711554598,-0.689311561506,
    -5.21478448421));
#7484 = CARTESIAN_POINT('',(12.706710993838,6.293043361E-08,
    -5.16933145476));
#7485 = CARTESIAN_POINT('',(12.690745912395,1.22E-15,-5.691468982957));
#7486 = CARTESIAN_POINT('',(12.690745491383,0.680194141001,
    -5.646016028373));
#7487 = CARTESIAN_POINT('',(12.263451925878,1.359998969821,
    -5.600587606286));
#7488 = CARTESIAN_POINT('',(11.408206456915,1.743193388315,
    -5.55496793356));
#7489 = CARTESIAN_POINT('',(10.362842483049,1.524646753448,
    -5.509990836458));
#7490 = CARTESIAN_POINT('',(9.584075635439,0.632383815438,
    -5.463681790518));
#7491 = CARTESIAN_POINT('',(9.583828120218,-0.632380961802,
    -5.419257445142));
#7492 = CARTESIAN_POINT('',(10.363009038308,-1.52465198135,
    -5.372948399024));
#7493 = CARTESIAN_POINT('',(11.408136556791,-1.743190673158,
    -5.327971302122));
#7494 = CARTESIAN_POINT('',(12.263466213444,-1.359999456416,
    -5.282351629292));
#7495 = CARTESIAN_POINT('',(12.690746035103,-0.680194074963,
    -5.236923207227));
#7496 = CARTESIAN_POINT('',(12.690745576385,6.60382207E-08,
    -5.191470252644));
#7497 = CARTESIAN_POINT('',(12.684975316719,-1.4E-16,-5.71875));
#7498 = CARTESIAN_POINT('',(12.684975023637,0.676898723975,
    -5.673297072476));
#7499 = CARTESIAN_POINT('',(12.25975366587,1.353401935503,
    -5.627869094738));
#7500 = CARTESIAN_POINT('',(11.408642878931,1.73476603417,
    -5.582246613264));
#7501 = CARTESIAN_POINT('',(10.368375123567,1.517215703287,
    -5.53727763735));
#7502 = CARTESIAN_POINT('',(9.593325101967,0.629379971356,
    -5.490954056757));
#7503 = CARTESIAN_POINT('',(9.593152808743,-0.62937801894,
    -5.446547234568));
#7504 = CARTESIAN_POINT('',(10.368491095967,-1.517219362841,
    -5.400223653851));
#7505 = CARTESIAN_POINT('',(11.408594249883,-1.734764145693,
    -5.355254678077));
#7506 = CARTESIAN_POINT('',(12.259763636185,-1.353402260651,
    -5.30963219653));
#7507 = CARTESIAN_POINT('',(12.684975414241,-0.676898656813,
    -5.264204218807));
#7508 = CARTESIAN_POINT('',(12.68497508281,6.716149847E-08,
    -5.218751291284));
#7509 = CARTESIAN_POINT('',(12.690745912395,1.9E-16,-5.746031017043));
#7510 = CARTESIAN_POINT('',(12.690745747242,0.680194199309,
    -5.700578062459));
#7511 = CARTESIAN_POINT('',(12.263456309886,1.359999247274,
    -5.65514964037));
#7512 = CARTESIAN_POINT('',(11.408185179577,1.743192710825,
    -5.609529967663));
#7513 = CARTESIAN_POINT('',(10.362892969892,1.524648454363,
    -5.564552870478));
#7514 = CARTESIAN_POINT('',(9.584000249732,0.632382969166,
    -5.518243824741));
#7515 = CARTESIAN_POINT('',(9.583903177282,-0.632381914354,
    -5.473819479055));
#7516 = CARTESIAN_POINT('',(10.362958356576,-1.524650543427,
    -5.427510433248));
#7517 = CARTESIAN_POINT('',(11.408157818309,-1.743191648853,
    -5.382533336142));
#7518 = CARTESIAN_POINT('',(12.263461960383,-1.359999412416,
    -5.336913663393));
#7519 = CARTESIAN_POINT('',(12.690745983447,-0.680194133271,
    -5.291485241313));
#7520 = CARTESIAN_POINT('',(12.690745780588,6.603820094E-08,
    -5.24603228673));
#7521 = CARTESIAN_POINT('',(12.706711412705,9.7E-16,-5.768169755175));
#7522 = CARTESIAN_POINT('',(12.706711351367,0.689311730061,
    -5.722716725723));
#7523 = CARTESIAN_POINT('',(12.273696124966,1.3782517508,-5.677287074253
    ));
#7524 = CARTESIAN_POINT('',(11.406939663948,1.766507449584,
    -5.63167517254));
#7525 = CARTESIAN_POINT('',(10.347676145997,1.545210975269,
    -5.586675606322));
#7526 = CARTESIAN_POINT('',(9.558274888716,0.64069218701,-5.540406773956
    ));
#7527 = CARTESIAN_POINT('',(9.558238857252,-0.640691857074,
    -5.495933946337));
#7528 = CARTESIAN_POINT('',(10.347700479227,-1.545211787773,
    -5.449665113944));
#7529 = CARTESIAN_POINT('',(11.406929558411,-1.766507058156,
    -5.404665547756));
#7530 = CARTESIAN_POINT('',(12.273698267393,-1.378251787504,
    -5.359053646028));
#7531 = CARTESIAN_POINT('',(12.706711461023,-0.689311667131,
    -5.313623994561));
#7532 = CARTESIAN_POINT('',(12.706711363753,6.29303967E-08,
    -5.268170965109));
#7533 = CARTESIAN_POINT('',(12.729367061317,-1.11E-15,-5.78125));
#7534 = CARTESIAN_POINT('',(12.729367061317,0.702249831348,
    -5.735796864309));
#7535 = CARTESIAN_POINT('',(12.288225336505,1.404152650213,-5.6903654683
    ));
#7536 = CARTESIAN_POINT('',(11.405179380384,1.799592173108,
    -5.644764593915));
#7537 = CARTESIAN_POINT('',(10.326065931524,1.574389398336,
    -5.599733143319));
#7538 = CARTESIAN_POINT('',(9.521794961946,0.652483565697,
    -5.553521375178));
#7539 = CARTESIAN_POINT('',(9.521794993958,-0.652483659898,
    -5.508979749966));
#7540 = CARTESIAN_POINT('',(10.326066005847,-1.574389454154,
    -5.462767981824));
#7541 = CARTESIAN_POINT('',(11.405179466282,-1.799592177659,
    -5.417736531229));
#7542 = CARTESIAN_POINT('',(12.288225403319,-1.404152612683,
    -5.372135656843));
#7543 = CARTESIAN_POINT('',(12.729367094734,-0.702249772828,
    -5.326704260835));
#7544 = CARTESIAN_POINT('',(12.729367061319,5.852031226E-08,
    -5.281251125144));
#7545 = DEFINITIONAL_REPRESENTATION('',(#7546),#7550);
#7546 = LINE('',#7547,#7548);
#7547 = CARTESIAN_POINT('',(0.,6.303048278758));
#7548 = VECTOR('',#7549,1.);
#7549 = DIRECTION('',(1.,0.));
#7550 = ( GEOMETRIC_REPRESENTATION_CONTEXT(2) 
PARAMETRIC_REPRESENTATION_CONTEXT() REPRESENTATION_CONTEXT('2D SPACE',''
  ) );
#7551 = ORIENTED_EDGE('',*,*,#7552,.T.);
#7552 = EDGE_CURVE('',#7441,#7060,#7553,.T.);
#7553 = SURFACE_CURVE('',#7554,(#7567,#7574),.PCURVE_S1.);
#7554 = ( BOUNDED_CURVE() B_SPLINE_CURVE(11,(#7555,#7556,#7557,#7558,
    #7559,#7560,#7561,#7562,#7563,#7564,#7565,#7566),.UNSPECIFIED.,.F.,
.F.) B_SPLINE_CURVE_WITH_KNOTS((12,12),(0.,6.303048278758),
.PIECEWISE_BEZIER_KNOTS.) CURVE() GEOMETRIC_REPRESENTATION_ITEM() 
RATIONAL_B_SPLINE_CURVE((1.056590953773,1.056590953773,1.056590953773,
    1.056590953773,1.056590953773,1.056590953773,1.056590953773,
    1.056590953773,1.056590953773,1.056590953773,1.056590953773,
1.056590953773)) REPRESENTATION_ITEM('') );
#7555 = CARTESIAN_POINT('',(12.729367061317,-1.11E-15,-5.28125));
#7556 = CARTESIAN_POINT('',(12.729367061317,0.702249831348,
    -5.235796864309));
#7557 = CARTESIAN_POINT('',(12.288225336505,1.404152650213,-5.1903654683
    ));
#7558 = CARTESIAN_POINT('',(11.405179380384,1.799592173108,
    -5.144764593915));
#7559 = CARTESIAN_POINT('',(10.326065931524,1.574389398336,
    -5.099733143319));
#7560 = CARTESIAN_POINT('',(9.521794961946,0.652483565697,
    -5.053521375178));
#7561 = CARTESIAN_POINT('',(9.521794993958,-0.652483659898,
    -5.008979749966));
#7562 = CARTESIAN_POINT('',(10.326066005847,-1.574389454154,
    -4.962767981824));
#7563 = CARTESIAN_POINT('',(11.405179466282,-1.799592177659,
    -4.917736531229));
#7564 = CARTESIAN_POINT('',(12.288225403319,-1.404152612683,
    -4.872135656843));
#7565 = CARTESIAN_POINT('',(12.729367094734,-0.702249772828,
    -4.826704260835));
#7566 = CARTESIAN_POINT('',(12.729367061319,5.852031226E-08,
    -4.781251125144));
#7567 = PCURVE('',#7079,#7568);
#7568 = DEFINITIONAL_REPRESENTATION('',(#7569),#7573);
#7569 = LINE('',#7570,#7571);
#7570 = CARTESIAN_POINT('',(2.094395102393,0.));
#7571 = VECTOR('',#7572,1.);
#7572 = DIRECTION('',(0.,1.));
#7573 = ( GEOMETRIC_REPRESENTATION_CONTEXT(2) 
PARAMETRIC_REPRESENTATION_CONTEXT() REPRESENTATION_CONTEXT('2D SPACE',''
  ) );
#7574 = PCURVE('',#7220,#7575);
#7575 = DEFINITIONAL_REPRESENTATION('',(#7576),#7579);
#7576 = B_SPLINE_CURVE_WITH_KNOTS('',1,(#7577,#7578),.UNSPECIFIED.,.F.,
  .F.,(2,2),(0.,6.303048278758),.PIECEWISE_BEZIER_KNOTS.);
#7577 = CARTESIAN_POINT('',(0.,0.));
#7578 = CARTESIAN_POINT('',(0.,6.303048278758));
#7579 = ( GEOMETRIC_REPRESENTATION_CONTEXT(2) 
PARAMETRIC_REPRESENTATION_CONTEXT() REPRESENTATION_CONTEXT('2D SPACE',''
  ) );
#7580 = ORIENTED_EDGE('',*,*,#7059,.F.);
#7581 = ADVANCED_FACE('',(#7582),#7220,.T.);
#7582 = FACE_BOUND('',#7583,.T.);
#7583 = EDGE_LOOP('',(#7584,#7585,#7630,#7658));
#7584 = ORIENTED_EDGE('',*,*,#7552,.F.);
#7585 = ORIENTED_EDGE('',*,*,#7586,.T.);
#7586 = EDGE_CURVE('',#7441,#7587,#7589,.T.);
#7587 = VERTEX_POINT('',#7588);
#7588 = CARTESIAN_POINT('',(13.000000292389,2.919828E-09,-5.437500056138
    ));
#7589 = SURFACE_CURVE('',#7590,(#7593,#7600),.PCURVE_S1.);
#7590 = B_SPLINE_CURVE_WITH_KNOTS('',1,(#7591,#7592),.UNSPECIFIED.,.F.,
  .F.,(2,2),(0.,0.3125),.PIECEWISE_BEZIER_KNOTS.);
#7591 = CARTESIAN_POINT('',(12.729367061317,1.1E-16,-5.28125));
#7592 = CARTESIAN_POINT('',(13.,-5.6E-16,-5.4375));
#7593 = PCURVE('',#7220,#7594);
#7594 = DEFINITIONAL_REPRESENTATION('',(#7595),#7599);
#7595 = LINE('',#7596,#7597);
#7596 = CARTESIAN_POINT('',(0.,0.));
#7597 = VECTOR('',#7598,1.);
#7598 = DIRECTION('',(1.,0.));
#7599 = ( GEOMETRIC_REPRESENTATION_CONTEXT(2) 
PARAMETRIC_REPRESENTATION_CONTEXT() REPRESENTATION_CONTEXT('2D SPACE',''
  ) );
#7600 = PCURVE('',#7601,#7624);
#7601 = B_SPLINE_SURFACE_WITH_KNOTS('',1,10,(
    (#7602,#7603,#7604,#7605,#7606,#7607,#7608,#7609,#7610,#7611,#7612)
    ,(#7613,#7614,#7615,#7616,#7617,#7618,#7619,#7620,#7621,#7622,#7623
    )),.UNSPECIFIED.,.F.,.F.,.F.,(2,2),(11,11),(0.,0.3125),(0.,
    6.303048278758),.PIECEWISE_BEZIER_KNOTS.);
#7602 = CARTESIAN_POINT('',(12.729367061317,1.1E-16,-5.78125));
#7603 = CARTESIAN_POINT('',(12.729367061317,0.772474814483,
    -5.73125155074));
#7604 = CARTESIAN_POINT('',(12.190193842103,1.544525502598,
    -5.681279672202));
#7605 = CARTESIAN_POINT('',(11.110798957404,1.892514694868,
    -5.631168407681));
#7606 = CARTESIAN_POINT('',(9.87764705885,1.404849341747,-5.581334768024
    ));
#7607 = CARTESIAN_POINT('',(9.225251549403,-5.422788307E-08,
    -5.531250562572));
#7608 = CARTESIAN_POINT('',(9.877647125571,-1.404849418843,
    -5.481166357119));
#7609 = CARTESIAN_POINT('',(11.110799047625,-1.89251471345,
    -5.431332717462));
#7610 = CARTESIAN_POINT('',(12.190193915595,-1.544525469732,
    -5.381221452941));
#7611 = CARTESIAN_POINT('',(12.729367098075,-0.772474755963,
    -5.331249574404));
#7612 = CARTESIAN_POINT('',(12.729367061319,5.852031182E-08,
    -5.281251125144));
#7613 = CARTESIAN_POINT('',(13.,-5.6E-16,-5.9375));
#7614 = CARTESIAN_POINT('',(13.000000805976,0.942482042061,
    -5.887500154747));
#7615 = CARTESIAN_POINT('',(12.342180217968,1.88490053282,
    -5.837502960968));
#7616 = CARTESIAN_POINT('',(11.02493752388,2.308307351446,
    -5.787491857919));
#7617 = CARTESIAN_POINT('',(9.520847274645,1.714909336101,
    -5.737508459097));
#7618 = CARTESIAN_POINT('',(8.724103861559,-1.226329071669E-05,
    -5.687500055858));
#7619 = CARTESIAN_POINT('',(9.520757657148,-1.714891257779,
    -5.637491653627));
#7620 = CARTESIAN_POINT('',(11.02502385859,-2.308314284812,
    -5.587508254144));
#7621 = CARTESIAN_POINT('',(12.342150223011,-1.884899404424,
    -5.537497151356));
#7622 = CARTESIAN_POINT('',(12.99999978247,-0.942482036221,
    -5.487499957532));
#7623 = CARTESIAN_POINT('',(13.000000584779,5.83965709E-09,
    -5.437500112276));
#7624 = DEFINITIONAL_REPRESENTATION('',(#7625),#7629);
#7625 = LINE('',#7626,#7627);
#7626 = CARTESIAN_POINT('',(0.,6.303048278758));
#7627 = VECTOR('',#7628,1.);
#7628 = DIRECTION('',(1.,0.));
#7629 = ( GEOMETRIC_REPRESENTATION_CONTEXT(2) 
PARAMETRIC_REPRESENTATION_CONTEXT() REPRESENTATION_CONTEXT('2D SPACE',''
  ) );
#7630 = ORIENTED_EDGE('',*,*,#7631,.T.);
#7631 = EDGE_CURVE('',#7587,#7206,#7632,.T.);
#7632 = SURFACE_CURVE('',#7633,(#7645,#7652),.PCURVE_S1.);
#7633 = B_SPLINE_CURVE_WITH_KNOTS('',10,(#7634,#7635,#7636,#7637,#7638,
    #7639,#7640,#7641,#7642,#7643,#7644),.UNSPECIFIED.,.F.,.F.,(11,11),(
    0.,6.303048278758),.PIECEWISE_BEZIER_KNOTS.);
#7634 = CARTESIAN_POINT('',(13.,-5.6E-16,-5.4375));
#7635 = CARTESIAN_POINT('',(13.000000805976,0.942482042061,
    -5.387500154747));
#7636 = CARTESIAN_POINT('',(12.342180217968,1.88490053282,
    -5.337502960968));
#7637 = CARTESIAN_POINT('',(11.02493752388,2.308307351446,
    -5.287491857919));
#7638 = CARTESIAN_POINT('',(9.520847274645,1.714909336101,
    -5.237508459097));
#7639 = CARTESIAN_POINT('',(8.724103861559,-1.226329071669E-05,
    -5.187500055858));
#7640 = CARTESIAN_POINT('',(9.520757657148,-1.714891257779,
    -5.137491653627));
#7641 = CARTESIAN_POINT('',(11.02502385859,-2.308314284812,
    -5.087508254144));
#7642 = CARTESIAN_POINT('',(12.342150223011,-1.884899404424,
    -5.037497151356));
#7643 = CARTESIAN_POINT('',(12.99999978247,-0.942482036221,
    -4.987499957532));
#7644 = CARTESIAN_POINT('',(13.000000584779,5.83965709E-09,
    -4.937500112276));
#7645 = PCURVE('',#7220,#7646);
#7646 = DEFINITIONAL_REPRESENTATION('',(#7647),#7651);
#7647 = LINE('',#7648,#7649);
#7648 = CARTESIAN_POINT('',(0.3125,0.));
#7649 = VECTOR('',#7650,1.);
#7650 = DIRECTION('',(0.,1.));
#7651 = ( GEOMETRIC_REPRESENTATION_CONTEXT(2) 
PARAMETRIC_REPRESENTATION_CONTEXT() REPRESENTATION_CONTEXT('2D SPACE',''
  ) );
#7652 = PCURVE('',#7298,#7653);
#7653 = DEFINITIONAL_REPRESENTATION('',(#7654),#7657);
#7654 = B_SPLINE_CURVE_WITH_KNOTS('',1,(#7655,#7656),.UNSPECIFIED.,.F.,
  .F.,(2,2),(0.,6.303048278758),.PIECEWISE_BEZIER_KNOTS.);
#7655 = CARTESIAN_POINT('',(0.,0.));
#7656 = CARTESIAN_POINT('',(0.,6.303048278758));
#7657 = ( GEOMETRIC_REPRESENTATION_CONTEXT(2) 
PARAMETRIC_REPRESENTATION_CONTEXT() REPRESENTATION_CONTEXT('2D SPACE',''
  ) );
#7658 = ORIENTED_EDGE('',*,*,#7205,.F.);
#7659 = ADVANCED_FACE('',(#7660),#7298,.T.);
#7660 = FACE_BOUND('',#7661,.T.);
#7661 = EDGE_LOOP('',(#7662,#7663,#7708,#7737));
#7662 = ORIENTED_EDGE('',*,*,#7631,.F.);
#7663 = ORIENTED_EDGE('',*,*,#7664,.T.);
#7664 = EDGE_CURVE('',#7587,#7665,#7667,.T.);
#7665 = VERTEX_POINT('',#7666);
#7666 = CARTESIAN_POINT('',(12.999999473699,2.919909E-09,-5.50000005614)
  );
#7667 = SURFACE_CURVE('',#7668,(#7671,#7678),.PCURVE_S1.);
#7668 = B_SPLINE_CURVE_WITH_KNOTS('',1,(#7669,#7670),.UNSPECIFIED.,.F.,
  .F.,(2,2),(0.,6.25E-02),.PIECEWISE_BEZIER_KNOTS.);
#7669 = CARTESIAN_POINT('',(13.,-1.46E-15,-5.4375));
#7670 = CARTESIAN_POINT('',(13.,9.9E-16,-5.5));
#7671 = PCURVE('',#7298,#7672);
#7672 = DEFINITIONAL_REPRESENTATION('',(#7673),#7677);
#7673 = LINE('',#7674,#7675);
#7674 = CARTESIAN_POINT('',(0.,0.));
#7675 = VECTOR('',#7676,1.);
#7676 = DIRECTION('',(1.,0.));
#7677 = ( GEOMETRIC_REPRESENTATION_CONTEXT(2) 
PARAMETRIC_REPRESENTATION_CONTEXT() REPRESENTATION_CONTEXT('2D SPACE',''
  ) );
#7678 = PCURVE('',#7679,#7702);
#7679 = B_SPLINE_SURFACE_WITH_KNOTS('',1,10,(
    (#7680,#7681,#7682,#7683,#7684,#7685,#7686,#7687,#7688,#7689,#7690)
    ,(#7691,#7692,#7693,#7694,#7695,#7696,#7697,#7698,#7699,#7700,#7701
    )),.UNSPECIFIED.,.F.,.F.,.F.,(2,2),(11,11),(0.,6.25E-02),(0.,
    6.303048278758),.PIECEWISE_BEZIER_KNOTS.);
#7680 = CARTESIAN_POINT('',(13.,-1.46E-15,-5.9375));
#7681 = CARTESIAN_POINT('',(13.000000805976,0.942482042061,
    -5.887500154747));
#7682 = CARTESIAN_POINT('',(12.342180217968,1.88490053282,
    -5.837502960968));
#7683 = CARTESIAN_POINT('',(11.02493752388,2.308307351446,
    -5.787491857919));
#7684 = CARTESIAN_POINT('',(9.520847274645,1.714909336101,
    -5.737508459097));
#7685 = CARTESIAN_POINT('',(8.72410386156,-1.226329080994E-05,
    -5.687500055858));
#7686 = CARTESIAN_POINT('',(9.520757657148,-1.714891257779,
    -5.637491653627));
#7687 = CARTESIAN_POINT('',(11.02502385859,-2.308314284812,
    -5.587508254144));
#7688 = CARTESIAN_POINT('',(12.342150223011,-1.884899404424,
    -5.537497151356));
#7689 = CARTESIAN_POINT('',(12.99999978247,-0.942482036221,
    -5.487499957532));
#7690 = CARTESIAN_POINT('',(13.000000584779,5.83965796E-09,
    -5.437500112276));
#7691 = CARTESIAN_POINT('',(13.,9.9E-16,-6.));
#7692 = CARTESIAN_POINT('',(13.000001128367,0.94248211553,
    -5.950000154747));
#7693 = CARTESIAN_POINT('',(12.342186284101,1.884900904938,
    -5.900002960966));
#7694 = CARTESIAN_POINT('',(11.024920221652,2.308306144833,
    -5.849991857908));
#7695 = CARTESIAN_POINT('',(9.520865045263,1.714913087294,
    -5.800008459153));
#7696 = CARTESIAN_POINT('',(8.724103644986,-1.716644223348E-05,
    -5.750000055746));
#7697 = CARTESIAN_POINT('',(9.520739578105,-1.714887774566,
    -5.699991653748));
#7698 = CARTESIAN_POINT('',(11.025041086644,-2.308315850802,
    -5.650008254069));
#7699 = CARTESIAN_POINT('',(12.342144288229,-1.884899326496,
    -5.599997151377));
#7700 = CARTESIAN_POINT('',(12.999999693991,-0.94248210969,
    -5.549999957533));
#7701 = CARTESIAN_POINT('',(13.00000081869,5.83963466E-09,
    -5.500000112276));
#7702 = DEFINITIONAL_REPRESENTATION('',(#7703),#7707);
#7703 = LINE('',#7704,#7705);
#7704 = CARTESIAN_POINT('',(0.,6.303048278758));
#7705 = VECTOR('',#7706,1.);
#7706 = DIRECTION('',(1.,0.));
#7707 = ( GEOMETRIC_REPRESENTATION_CONTEXT(2) 
PARAMETRIC_REPRESENTATION_CONTEXT() REPRESENTATION_CONTEXT('2D SPACE',''
  ) );
#7708 = ORIENTED_EDGE('',*,*,#7709,.T.);
#7709 = EDGE_CURVE('',#7665,#7284,#7710,.T.);
#7710 = SURFACE_CURVE('',#7711,(#7723,#7730),.PCURVE_S1.);
#7711 = B_SPLINE_CURVE_WITH_KNOTS('',10,(#7712,#7713,#7714,#7715,#7716,
    #7717,#7718,#7719,#7720,#7721,#7722),.UNSPECIFIED.,.F.,.F.,(11,11),(
    0.,6.303048278758),.PIECEWISE_BEZIER_KNOTS.);
#7712 = CARTESIAN_POINT('',(13.,9.9E-16,-5.5));
#7713 = CARTESIAN_POINT('',(13.000001128367,0.94248211553,
    -5.450000154747));
#7714 = CARTESIAN_POINT('',(12.342186284101,1.884900904938,
    -5.400002960966));
#7715 = CARTESIAN_POINT('',(11.024920221652,2.308306144833,
    -5.349991857908));
#7716 = CARTESIAN_POINT('',(9.520865045263,1.714913087294,
    -5.300008459153));
#7717 = CARTESIAN_POINT('',(8.724103644986,-1.716644223348E-05,
    -5.250000055746));
#7718 = CARTESIAN_POINT('',(9.520739578105,-1.714887774566,
    -5.199991653748));
#7719 = CARTESIAN_POINT('',(11.025041086644,-2.308315850802,
    -5.150008254069));
#7720 = CARTESIAN_POINT('',(12.342144288229,-1.884899326496,
    -5.099997151377));
#7721 = CARTESIAN_POINT('',(12.999999693991,-0.94248210969,
    -5.049999957533));
#7722 = CARTESIAN_POINT('',(13.00000081869,5.83963466E-09,
    -5.000000112276));
#7723 = PCURVE('',#7298,#7724);
#7724 = DEFINITIONAL_REPRESENTATION('',(#7725),#7729);
#7725 = LINE('',#7726,#7727);
#7726 = CARTESIAN_POINT('',(6.25E-02,0.));
#7727 = VECTOR('',#7728,1.);
#7728 = DIRECTION('',(0.,1.));
#7729 = ( GEOMETRIC_REPRESENTATION_CONTEXT(2) 
PARAMETRIC_REPRESENTATION_CONTEXT() REPRESENTATION_CONTEXT('2D SPACE',''
  ) );
#7730 = PCURVE('',#7377,#7731);
#7731 = DEFINITIONAL_REPRESENTATION('',(#7732),#7736);
#7732 = LINE('',#7733,#7734);
#7733 = CARTESIAN_POINT('',(0.,0.));
#7734 = VECTOR('',#7735,1.);
#7735 = DIRECTION('',(0.,1.));
#7736 = ( GEOMETRIC_REPRESENTATION_CONTEXT(2) 
PARAMETRIC_REPRESENTATION_CONTEXT() REPRESENTATION_CONTEXT('2D SPACE',''
  ) );
#7737 = ORIENTED_EDGE('',*,*,#7283,.F.);
#7738 = ADVANCED_FACE('',(#7739),#7377,.T.);
#7739 = FACE_BOUND('',#7740,.T.);
#7740 = EDGE_LOOP('',(#7741,#7742,#7787,#7815));
#7741 = ORIENTED_EDGE('',*,*,#7709,.F.);
#7742 = ORIENTED_EDGE('',*,*,#7743,.T.);
#7743 = EDGE_CURVE('',#7665,#7744,#7746,.T.);
#7744 = VERTEX_POINT('',#7745);
#7745 = CARTESIAN_POINT('',(12.729366593497,5.8520358E-08,
    -5.656251125144));
#7746 = SURFACE_CURVE('',#7747,(#7750,#7757),.PCURVE_S1.);
#7747 = B_SPLINE_CURVE_WITH_KNOTS('',1,(#7748,#7749),.UNSPECIFIED.,.F.,
  .F.,(2,2),(0.,0.3125),.PIECEWISE_BEZIER_KNOTS.);
#7748 = CARTESIAN_POINT('',(12.999998947399,5.83981767E-09,
    -5.500000112279));
#7749 = CARTESIAN_POINT('',(12.729366593497,5.852035727E-08,
    -5.656251125144));
#7750 = PCURVE('',#7377,#7751);
#7751 = DEFINITIONAL_REPRESENTATION('',(#7752),#7756);
#7752 = LINE('',#7753,#7754);
#7753 = CARTESIAN_POINT('',(0.,0.));
#7754 = VECTOR('',#7755,1.);
#7755 = DIRECTION('',(1.,0.));
#7756 = ( GEOMETRIC_REPRESENTATION_CONTEXT(2) 
PARAMETRIC_REPRESENTATION_CONTEXT() REPRESENTATION_CONTEXT('2D SPACE',''
  ) );
#7757 = PCURVE('',#7758,#7781);
#7758 = B_SPLINE_SURFACE_WITH_KNOTS('',1,10,(
    (#7759,#7760,#7761,#7762,#7763,#7764,#7765,#7766,#7767,#7768,#7769)
    ,(#7770,#7771,#7772,#7773,#7774,#7775,#7776,#7777,#7778,#7779,#7780
    )),.UNSPECIFIED.,.F.,.F.,.F.,(2,2),(11,11),(0.,0.3125),(0.,
    6.303048278758),.PIECEWISE_BEZIER_KNOTS.);
#7759 = CARTESIAN_POINT('',(13.,1.04E-15,-6.));
#7760 = CARTESIAN_POINT('',(12.999998549242,0.942481527773,
    -5.950000154747));
#7761 = CARTESIAN_POINT('',(12.342137755035,1.884897927994,
    -5.900002960982));
#7762 = CARTESIAN_POINT('',(11.025058639477,2.30831579774,
    -5.849991857995));
#7763 = CARTESIAN_POINT('',(9.520722880316,1.71488307775,-5.800008458702
    ));
#7764 = CARTESIAN_POINT('',(8.724105377576,2.205876887018E-05,
    -5.750000056644));
#7765 = CARTESIAN_POINT('',(9.520884210451,-1.714915640266,
    -5.699991652773));
#7766 = CARTESIAN_POINT('',(11.024903262209,-2.308303322877,
    -5.650008254668));
#7767 = CARTESIAN_POINT('',(12.342191766491,-1.884899949923,
    -5.599997151211));
#7768 = CARTESIAN_POINT('',(13.000000401825,-0.942481521934,
    -5.549999957527));
#7769 = CARTESIAN_POINT('',(12.999998947399,5.83981767E-09,
    -5.500000112279));
#7770 = CARTESIAN_POINT('',(12.729367061317,-6.2E-16,-6.15625));
#7771 = CARTESIAN_POINT('',(12.729366416536,0.772474667544,
    -6.10625155074));
#7772 = CARTESIAN_POINT('',(12.190181709836,1.544524758362,
    -6.056279672206));
#7773 = CARTESIAN_POINT('',(11.110833561861,1.892517108095,
    -6.006168407703));
#7774 = CARTESIAN_POINT('',(9.877611517613,1.404841839361,
    -5.956334767911));
#7775 = CARTESIAN_POINT('',(9.225251982551,9.75207505949E-06,
    -5.906250562796));
#7776 = CARTESIAN_POINT('',(9.877683283657,-1.404856385268,
    -5.856166356875));
#7777 = CARTESIAN_POINT('',(11.110764591517,-1.892511581469,
    -5.806332717612));
#7778 = CARTESIAN_POINT('',(12.190205785161,-1.544525625589,
    -5.7562214529));
#7779 = CARTESIAN_POINT('',(12.729367275034,-0.772474609024,
    -5.706249574402));
#7780 = CARTESIAN_POINT('',(12.729366593497,5.852035727E-08,
    -5.656251125144));
#7781 = DEFINITIONAL_REPRESENTATION('',(#7782),#7786);
#7782 = LINE('',#7783,#7784);
#7783 = CARTESIAN_POINT('',(0.,6.303048278758));
#7784 = VECTOR('',#7785,1.);
#7785 = DIRECTION('',(1.,0.));
#7786 = ( GEOMETRIC_REPRESENTATION_CONTEXT(2) 
PARAMETRIC_REPRESENTATION_CONTEXT() REPRESENTATION_CONTEXT('2D SPACE',''
  ) );
#7787 = ORIENTED_EDGE('',*,*,#7788,.T.);
#7788 = EDGE_CURVE('',#7744,#7363,#7789,.T.);
#7789 = SURFACE_CURVE('',#7790,(#7802,#7809),.PCURVE_S1.);
#7790 = B_SPLINE_CURVE_WITH_KNOTS('',10,(#7791,#7792,#7793,#7794,#7795,
    #7796,#7797,#7798,#7799,#7800,#7801),.UNSPECIFIED.,.F.,.F.,(11,11),(
    0.,6.303048278758),.PIECEWISE_BEZIER_KNOTS.);
#7791 = CARTESIAN_POINT('',(12.729367061317,-6.2E-16,-5.65625));
#7792 = CARTESIAN_POINT('',(12.729366416536,0.772474667544,
    -5.60625155074));
#7793 = CARTESIAN_POINT('',(12.190181709836,1.544524758362,
    -5.556279672206));
#7794 = CARTESIAN_POINT('',(11.110833561861,1.892517108095,
    -5.506168407703));
#7795 = CARTESIAN_POINT('',(9.877611517613,1.404841839361,
    -5.456334767911));
#7796 = CARTESIAN_POINT('',(9.225251982551,9.75207505949E-06,
    -5.406250562796));
#7797 = CARTESIAN_POINT('',(9.877683283657,-1.404856385268,
    -5.356166356875));
#7798 = CARTESIAN_POINT('',(11.110764591517,-1.892511581469,
    -5.306332717612));
#7799 = CARTESIAN_POINT('',(12.190205785161,-1.544525625589,
    -5.2562214529));
#7800 = CARTESIAN_POINT('',(12.729367275034,-0.772474609024,
    -5.206249574402));
#7801 = CARTESIAN_POINT('',(12.729366593497,5.852035727E-08,
    -5.156251125144));
#7802 = PCURVE('',#7377,#7803);
#7803 = DEFINITIONAL_REPRESENTATION('',(#7804),#7808);
#7804 = LINE('',#7805,#7806);
#7805 = CARTESIAN_POINT('',(0.3125,0.));
#7806 = VECTOR('',#7807,1.);
#7807 = DIRECTION('',(0.,1.));
#7808 = ( GEOMETRIC_REPRESENTATION_CONTEXT(2) 
PARAMETRIC_REPRESENTATION_CONTEXT() REPRESENTATION_CONTEXT('2D SPACE',''
  ) );
#7809 = PCURVE('',#7460,#7810);
#7810 = DEFINITIONAL_REPRESENTATION('',(#7811),#7814);
#7811 = B_SPLINE_CURVE_WITH_KNOTS('',1,(#7812,#7813),.UNSPECIFIED.,.F.,
  .F.,(2,2),(0.,6.303048278758),.PIECEWISE_BEZIER_KNOTS.);
#7812 = CARTESIAN_POINT('',(0.,0.));
#7813 = CARTESIAN_POINT('',(0.,6.303048278758));
#7814 = ( GEOMETRIC_REPRESENTATION_CONTEXT(2) 
PARAMETRIC_REPRESENTATION_CONTEXT() REPRESENTATION_CONTEXT('2D SPACE',''
  ) );
#7815 = ORIENTED_EDGE('',*,*,#7362,.F.);
#7816 = ADVANCED_FACE('',(#7817),#7460,.T.);
#7817 = FACE_BOUND('',#7818,.T.);
#7818 = EDGE_LOOP('',(#7819,#7820,#7932,#7961));
#7819 = ORIENTED_EDGE('',*,*,#7788,.F.);
#7820 = ORIENTED_EDGE('',*,*,#7821,.T.);
#7821 = EDGE_CURVE('',#7744,#7822,#7824,.T.);
#7822 = VERTEX_POINT('',#7823);
#7823 = CARTESIAN_POINT('',(12.729367061319,5.8520312E-08,
    -5.781251125144));
#7824 = SURFACE_CURVE('',#7825,(#7833,#7840),.PCURVE_S1.);
#7825 = ( BOUNDED_CURVE() B_SPLINE_CURVE(6,(#7826,#7827,#7828,#7829,
#7830,#7831,#7832),.UNSPECIFIED.,.F.,.F.) B_SPLINE_CURVE_WITH_KNOTS((7,7
),(0.,2.094395102393),.PIECEWISE_BEZIER_KNOTS.) CURVE() 
GEOMETRIC_REPRESENTATION_ITEM() RATIONAL_B_SPLINE_CURVE((1.056590953773,
    1.017435169568,0.996326512422,0.989390034249,0.996326512422,
1.017435169568,1.056590953773)) REPRESENTATION_ITEM('') );
#7826 = CARTESIAN_POINT('',(12.729366593497,5.852035787E-08,
    -5.656251125144));
#7827 = CARTESIAN_POINT('',(12.706710993838,6.293043361E-08,
    -5.66933145476));
#7828 = CARTESIAN_POINT('',(12.690745576385,6.60382207E-08,
    -5.691470252644));
#7829 = CARTESIAN_POINT('',(12.68497508281,6.716149847E-08,
    -5.718751291284));
#7830 = CARTESIAN_POINT('',(12.690745780588,6.603820094E-08,
    -5.74603228673));
#7831 = CARTESIAN_POINT('',(12.706711363753,6.29303967E-08,
    -5.768170965109));
#7832 = CARTESIAN_POINT('',(12.729367061319,5.852031226E-08,
    -5.781251125144));
#7833 = PCURVE('',#7460,#7834);
#7834 = DEFINITIONAL_REPRESENTATION('',(#7835),#7839);
#7835 = LINE('',#7836,#7837);
#7836 = CARTESIAN_POINT('',(0.,0.));
#7837 = VECTOR('',#7838,1.);
#7838 = DIRECTION('',(1.,0.));
#7839 = ( GEOMETRIC_REPRESENTATION_CONTEXT(2) 
PARAMETRIC_REPRESENTATION_CONTEXT() REPRESENTATION_CONTEXT('2D SPACE',''
  ) );
#7840 = PCURVE('',#7841,#7926);
#7841 = ( BOUNDED_SURFACE() B_SPLINE_SURFACE(6,11,(
    (#7842,#7843,#7844,#7845,#7846,#7847,#7848,#7849,#7850,#7851,#7852
      ,#7853)
    ,(#7854,#7855,#7856,#7857,#7858,#7859,#7860,#7861,#7862,#7863,#7864
      ,#7865)
    ,(#7866,#7867,#7868,#7869,#7870,#7871,#7872,#7873,#7874,#7875,#7876
      ,#7877)
    ,(#7878,#7879,#7880,#7881,#7882,#7883,#7884,#7885,#7886,#7887,#7888
      ,#7889)
    ,(#7890,#7891,#7892,#7893,#7894,#7895,#7896,#7897,#7898,#7899,#7900
      ,#7901)
    ,(#7902,#7903,#7904,#7905,#7906,#7907,#7908,#7909,#7910,#7911,#7912
      ,#7913)
    ,(#7914,#7915,#7916,#7917,#7918,#7919,#7920,#7921,#7922,#7923,#7924
,#7925
    )),.UNSPECIFIED.,.F.,.F.,.F.) B_SPLINE_SURFACE_WITH_KNOTS((7,7),(12,
    12),(0.,2.094395102393),(0.,6.303048278758),
.PIECEWISE_BEZIER_KNOTS.) GEOMETRIC_REPRESENTATION_ITEM() 
RATIONAL_B_SPLINE_SURFACE((
    (1.056590953773,1.056590953773,1.056590953773,1.056590953773
      ,1.056590953773,1.056590953773,1.056590953773,1.056590953773
      ,1.056590953773,1.056590953773,1.056590953773,1.056590953773)
    ,(1.017435169568,1.017435169568,1.017435169568,1.017435169568
      ,1.017435169569,1.017435169567,1.017435169569,1.017435169567
      ,1.017435169569,1.017435169568,1.017435169568,1.017435169568)
    ,(0.996326512422,0.996326512422,0.996326512422,0.996326512422
      ,0.996326512422,0.996326512422,0.996326512422,0.996326512422
      ,0.996326512422,0.996326512422,0.996326512422,0.996326512422)
    ,(0.989390034249,0.989390034249,0.989390034249,0.989390034248
      ,0.989390034249,0.989390034248,0.989390034249,0.989390034248
      ,0.989390034249,0.989390034249,0.989390034249,0.989390034249)
    ,(0.996326512422,0.996326512422,0.996326512422,0.996326512422
      ,0.996326512423,0.996326512422,0.996326512423,0.996326512422
      ,0.996326512422,0.996326512422,0.996326512422,0.996326512422)
    ,(1.017435169568,1.017435169568,1.017435169568,1.017435169568
      ,1.017435169568,1.017435169568,1.017435169568,1.017435169568
      ,1.017435169568,1.017435169568,1.017435169568,1.017435169568)
    ,(1.056590953773,1.056590953773,1.056590953773,1.056590953773
      ,1.056590953773,1.056590953773,1.056590953773,1.056590953773
      ,1.056590953773,1.056590953773,1.056590953773,1.056590953773
))) REPRESENTATION_ITEM('') SURFACE() );
#7842 = CARTESIAN_POINT('',(12.729367061317,-8.9E-16,-6.15625));
#7843 = CARTESIAN_POINT('',(12.729366475153,0.702249697767,
    -6.110796864309));
#7844 = CARTESIAN_POINT('',(12.288215292872,1.404152014577,
    -6.065365468303));
#7845 = CARTESIAN_POINT('',(11.405228126135,1.799593725218,
    -6.019764593877));
#7846 = CARTESIAN_POINT('',(10.325950267665,1.57438550159,
    -5.974733143471));
#7847 = CARTESIAN_POINT('',(9.521967668362,0.65248550448,-5.928521374864
    ));
#7848 = CARTESIAN_POINT('',(9.521623040452,-0.652481477629,
    -5.883979750362));
#7849 = CARTESIAN_POINT('',(10.326182116191,-1.574392748394,
    -5.837767981508));
#7850 = CARTESIAN_POINT('',(11.405130756775,-1.79958994237,
    -5.792736531381));
#7851 = CARTESIAN_POINT('',(12.288235146956,-1.404152713486,
    -5.747135656809));
#7852 = CARTESIAN_POINT('',(12.729367213076,-0.702249639247,
    -5.701704260833));
#7853 = CARTESIAN_POINT('',(12.729366593497,5.852035787E-08,
    -5.656251125144));
#7854 = CARTESIAN_POINT('',(12.706711412705,-9.4E-16,-6.169330244825));
#7855 = CARTESIAN_POINT('',(12.706710887878,0.689311624436,
    -6.123877215373));
#7856 = CARTESIAN_POINT('',(12.273688183304,1.378251248192,
    -6.078447563906));
#7857 = CARTESIAN_POINT('',(11.406978207997,1.766508676863,
    -6.03283566216));
#7858 = CARTESIAN_POINT('',(10.347584688725,1.545207894049,
    -5.987836096092));
#7859 = CARTESIAN_POINT('',(9.558411450456,0.640693720037,
    -5.941567263358));
#7860 = CARTESIAN_POINT('',(9.558102890851,-0.640690131518,-5.8970944363
    ));
#7861 = CARTESIAN_POINT('',(10.347792289543,-1.545214392582,
    -5.850825603345));
#7862 = CARTESIAN_POINT('',(11.40689104302,-1.766505290677,
    -5.805826037527));
#7863 = CARTESIAN_POINT('',(12.273705971844,-1.378251867211,
    -5.760214135651));
#7864 = CARTESIAN_POINT('',(12.706711554598,-0.689311561506,
    -5.71478448421));
#7865 = CARTESIAN_POINT('',(12.706710993838,6.293043361E-08,
    -5.66933145476));
#7866 = CARTESIAN_POINT('',(12.690745912395,1.22E-15,-6.191468982957));
#7867 = CARTESIAN_POINT('',(12.690745491383,0.680194141001,
    -6.146016028373));
#7868 = CARTESIAN_POINT('',(12.263451925878,1.359998969821,
    -6.100587606286));
#7869 = CARTESIAN_POINT('',(11.408206456915,1.743193388315,
    -6.05496793356));
#7870 = CARTESIAN_POINT('',(10.362842483049,1.524646753448,
    -6.009990836458));
#7871 = CARTESIAN_POINT('',(9.584075635439,0.632383815438,
    -5.963681790518));
#7872 = CARTESIAN_POINT('',(9.583828120218,-0.632380961802,
    -5.919257445142));
#7873 = CARTESIAN_POINT('',(10.363009038308,-1.52465198135,
    -5.872948399024));
#7874 = CARTESIAN_POINT('',(11.408136556791,-1.743190673158,
    -5.827971302122));
#7875 = CARTESIAN_POINT('',(12.263466213444,-1.359999456416,
    -5.782351629292));
#7876 = CARTESIAN_POINT('',(12.690746035103,-0.680194074963,
    -5.736923207227));
#7877 = CARTESIAN_POINT('',(12.690745576385,6.60382207E-08,
    -5.691470252644));
#7878 = CARTESIAN_POINT('',(12.684975316719,-1.4E-16,-6.21875));
#7879 = CARTESIAN_POINT('',(12.684975023637,0.676898723975,
    -6.173297072476));
#7880 = CARTESIAN_POINT('',(12.25975366587,1.353401935503,
    -6.127869094738));
#7881 = CARTESIAN_POINT('',(11.408642878931,1.73476603417,
    -6.082246613264));
#7882 = CARTESIAN_POINT('',(10.368375123567,1.517215703287,
    -6.03727763735));
#7883 = CARTESIAN_POINT('',(9.593325101967,0.629379971356,
    -5.990954056757));
#7884 = CARTESIAN_POINT('',(9.593152808743,-0.62937801894,
    -5.946547234568));
#7885 = CARTESIAN_POINT('',(10.368491095967,-1.517219362841,
    -5.900223653851));
#7886 = CARTESIAN_POINT('',(11.408594249883,-1.734764145693,
    -5.855254678077));
#7887 = CARTESIAN_POINT('',(12.259763636185,-1.353402260651,
    -5.80963219653));
#7888 = CARTESIAN_POINT('',(12.684975414241,-0.676898656813,
    -5.764204218807));
#7889 = CARTESIAN_POINT('',(12.68497508281,6.716149847E-08,
    -5.718751291284));
#7890 = CARTESIAN_POINT('',(12.690745912395,1.9E-16,-6.246031017043));
#7891 = CARTESIAN_POINT('',(12.690745747242,0.680194199309,
    -6.200578062459));
#7892 = CARTESIAN_POINT('',(12.263456309886,1.359999247274,
    -6.15514964037));
#7893 = CARTESIAN_POINT('',(11.408185179577,1.743192710825,
    -6.109529967663));
#7894 = CARTESIAN_POINT('',(10.362892969892,1.524648454363,
    -6.064552870478));
#7895 = CARTESIAN_POINT('',(9.584000249732,0.632382969166,
    -6.018243824741));
#7896 = CARTESIAN_POINT('',(9.583903177282,-0.632381914354,
    -5.973819479055));
#7897 = CARTESIAN_POINT('',(10.362958356576,-1.524650543427,
    -5.927510433248));
#7898 = CARTESIAN_POINT('',(11.408157818309,-1.743191648853,
    -5.882533336142));
#7899 = CARTESIAN_POINT('',(12.263461960383,-1.359999412416,
    -5.836913663393));
#7900 = CARTESIAN_POINT('',(12.690745983447,-0.680194133271,
    -5.791485241313));
#7901 = CARTESIAN_POINT('',(12.690745780588,6.603820094E-08,
    -5.74603228673));
#7902 = CARTESIAN_POINT('',(12.706711412705,9.7E-16,-6.268169755175));
#7903 = CARTESIAN_POINT('',(12.706711351367,0.689311730061,
    -6.222716725723));
#7904 = CARTESIAN_POINT('',(12.273696124966,1.3782517508,-6.177287074253
    ));
#7905 = CARTESIAN_POINT('',(11.406939663948,1.766507449584,
    -6.13167517254));
#7906 = CARTESIAN_POINT('',(10.347676145997,1.545210975269,
    -6.086675606322));
#7907 = CARTESIAN_POINT('',(9.558274888716,0.64069218701,-6.040406773956
    ));
#7908 = CARTESIAN_POINT('',(9.558238857252,-0.640691857074,
    -5.995933946337));
#7909 = CARTESIAN_POINT('',(10.347700479227,-1.545211787773,
    -5.949665113944));
#7910 = CARTESIAN_POINT('',(11.406929558411,-1.766507058156,
    -5.904665547756));
#7911 = CARTESIAN_POINT('',(12.273698267393,-1.378251787504,
    -5.859053646028));
#7912 = CARTESIAN_POINT('',(12.706711461023,-0.689311667131,
    -5.813623994561));
#7913 = CARTESIAN_POINT('',(12.706711363753,6.29303967E-08,
    -5.768170965109));
#7914 = CARTESIAN_POINT('',(12.729367061317,-1.11E-15,-6.28125));
#7915 = CARTESIAN_POINT('',(12.729367061317,0.702249831348,
    -6.235796864309));
#7916 = CARTESIAN_POINT('',(12.288225336505,1.404152650213,-6.1903654683
    ));
#7917 = CARTESIAN_POINT('',(11.405179380384,1.799592173108,
    -6.144764593915));
#7918 = CARTESIAN_POINT('',(10.326065931524,1.574389398336,
    -6.099733143319));
#7919 = CARTESIAN_POINT('',(9.521794961946,0.652483565697,
    -6.053521375178));
#7920 = CARTESIAN_POINT('',(9.521794993958,-0.652483659898,
    -6.008979749966));
#7921 = CARTESIAN_POINT('',(10.326066005847,-1.574389454154,
    -5.962767981824));
#7922 = CARTESIAN_POINT('',(11.405179466282,-1.799592177659,
    -5.917736531229));
#7923 = CARTESIAN_POINT('',(12.288225403319,-1.404152612683,
    -5.872135656843));
#7924 = CARTESIAN_POINT('',(12.729367094734,-0.702249772828,
    -5.826704260835));
#7925 = CARTESIAN_POINT('',(12.729367061319,5.852031226E-08,
    -5.781251125144));
#7926 = DEFINITIONAL_REPRESENTATION('',(#7927),#7931);
#7927 = LINE('',#7928,#7929);
#7928 = CARTESIAN_POINT('',(0.,6.303048278758));
#7929 = VECTOR('',#7930,1.);
#7930 = DIRECTION('',(1.,0.));
#7931 = ( GEOMETRIC_REPRESENTATION_CONTEXT(2) 
PARAMETRIC_REPRESENTATION_CONTEXT() REPRESENTATION_CONTEXT('2D SPACE',''
  ) );
#7932 = ORIENTED_EDGE('',*,*,#7933,.T.);
#7933 = EDGE_CURVE('',#7822,#7441,#7934,.T.);
#7934 = SURFACE_CURVE('',#7935,(#7948,#7955),.PCURVE_S1.);
#7935 = ( BOUNDED_CURVE() B_SPLINE_CURVE(11,(#7936,#7937,#7938,#7939,
    #7940,#7941,#7942,#7943,#7944,#7945,#7946,#7947),.UNSPECIFIED.,.F.,
.F.) B_SPLINE_CURVE_WITH_KNOTS((12,12),(0.,6.303048278758),
.PIECEWISE_BEZIER_KNOTS.) CURVE() GEOMETRIC_REPRESENTATION_ITEM() 
RATIONAL_B_SPLINE_CURVE((1.056590953773,1.056590953773,1.056590953773,
    1.056590953773,1.056590953773,1.056590953773,1.056590953773,
    1.056590953773,1.056590953773,1.056590953773,1.056590953773,
1.056590953773)) REPRESENTATION_ITEM('') );
#7936 = CARTESIAN_POINT('',(12.729367061317,-1.11E-15,-5.78125));
#7937 = CARTESIAN_POINT('',(12.729367061317,0.702249831348,
    -5.735796864309));
#7938 = CARTESIAN_POINT('',(12.288225336505,1.404152650213,-5.6903654683
    ));
#7939 = CARTESIAN_POINT('',(11.405179380384,1.799592173108,
    -5.644764593915));
#7940 = CARTESIAN_POINT('',(10.326065931524,1.574389398336,
    -5.599733143319));
#7941 = CARTESIAN_POINT('',(9.521794961946,0.652483565697,
    -5.553521375178));
#7942 = CARTESIAN_POINT('',(9.521794993958,-0.652483659898,
    -5.508979749966));
#7943 = CARTESIAN_POINT('',(10.326066005847,-1.574389454154,
    -5.462767981824));
#7944 = CARTESIAN_POINT('',(11.405179466282,-1.799592177659,
    -5.417736531229));
#7945 = CARTESIAN_POINT('',(12.288225403319,-1.404152612683,
    -5.372135656843));
#7946 = CARTESIAN_POINT('',(12.729367094734,-0.702249772828,
    -5.326704260835));
#7947 = CARTESIAN_POINT('',(12.729367061319,5.852031226E-08,
    -5.281251125144));
#7948 = PCURVE('',#7460,#7949);
#7949 = DEFINITIONAL_REPRESENTATION('',(#7950),#7954);
#7950 = LINE('',#7951,#7952);
#7951 = CARTESIAN_POINT('',(2.094395102393,0.));
#7952 = VECTOR('',#7953,1.);
#7953 = DIRECTION('',(0.,1.));
#7954 = ( GEOMETRIC_REPRESENTATION_CONTEXT(2) 
PARAMETRIC_REPRESENTATION_CONTEXT() REPRESENTATION_CONTEXT('2D SPACE',''
  ) );
#7955 = PCURVE('',#7601,#7956);
#7956 = DEFINITIONAL_REPRESENTATION('',(#7957),#7960);
#7957 = B_SPLINE_CURVE_WITH_KNOTS('',1,(#7958,#7959),.UNSPECIFIED.,.F.,
  .F.,(2,2),(0.,6.303048278758),.PIECEWISE_BEZIER_KNOTS.);
#7958 = CARTESIAN_POINT('',(0.,0.));
#7959 = CARTESIAN_POINT('',(0.,6.303048278758));
#7960 = ( GEOMETRIC_REPRESENTATION_CONTEXT(2) 
PARAMETRIC_REPRESENTATION_CONTEXT() REPRESENTATION_CONTEXT('2D SPACE',''
  ) );
#7961 = ORIENTED_EDGE('',*,*,#7440,.F.);
#7962 = ADVANCED_FACE('',(#7963),#7601,.T.);
#7963 = FACE_BOUND('',#7964,.T.);
#7964 = EDGE_LOOP('',(#7965,#7966,#8011,#8039));
#7965 = ORIENTED_EDGE('',*,*,#7933,.F.);
#7966 = ORIENTED_EDGE('',*,*,#7967,.T.);
#7967 = EDGE_CURVE('',#7822,#7968,#7970,.T.);
#7968 = VERTEX_POINT('',#7969);
#7969 = CARTESIAN_POINT('',(13.000000292389,2.919828E-09,-5.937500056138
    ));
#7970 = SURFACE_CURVE('',#7971,(#7974,#7981),.PCURVE_S1.);
#7971 = B_SPLINE_CURVE_WITH_KNOTS('',1,(#7972,#7973),.UNSPECIFIED.,.F.,
  .F.,(2,2),(0.,0.3125),.PIECEWISE_BEZIER_KNOTS.);
#7972 = CARTESIAN_POINT('',(12.729367061317,1.1E-16,-5.78125));
#7973 = CARTESIAN_POINT('',(13.,-5.6E-16,-5.9375));
#7974 = PCURVE('',#7601,#7975);
#7975 = DEFINITIONAL_REPRESENTATION('',(#7976),#7980);
#7976 = LINE('',#7977,#7978);
#7977 = CARTESIAN_POINT('',(0.,0.));
#7978 = VECTOR('',#7979,1.);
#7979 = DIRECTION('',(1.,0.));
#7980 = ( GEOMETRIC_REPRESENTATION_CONTEXT(2) 
PARAMETRIC_REPRESENTATION_CONTEXT() REPRESENTATION_CONTEXT('2D SPACE',''
  ) );
#7981 = PCURVE('',#7982,#8005);
#7982 = B_SPLINE_SURFACE_WITH_KNOTS('',1,10,(
    (#7983,#7984,#7985,#7986,#7987,#7988,#7989,#7990,#7991,#7992,#7993)
    ,(#7994,#7995,#7996,#7997,#7998,#7999,#8000,#8001,#8002,#8003,#8004
    )),.UNSPECIFIED.,.F.,.F.,.F.,(2,2),(11,11),(0.,0.3125),(0.,
    6.303048278758),.PIECEWISE_BEZIER_KNOTS.);
#7983 = CARTESIAN_POINT('',(12.729367061317,1.1E-16,-6.28125));
#7984 = CARTESIAN_POINT('',(12.729367061317,0.772474814483,
    -6.23125155074));
#7985 = CARTESIAN_POINT('',(12.190193842103,1.544525502598,
    -6.181279672202));
#7986 = CARTESIAN_POINT('',(11.110798957404,1.892514694868,
    -6.131168407681));
#7987 = CARTESIAN_POINT('',(9.87764705885,1.404849341747,-6.081334768024
    ));
#7988 = CARTESIAN_POINT('',(9.225251549403,-5.422788307E-08,
    -6.031250562572));
#7989 = CARTESIAN_POINT('',(9.877647125571,-1.404849418843,
    -5.981166357119));
#7990 = CARTESIAN_POINT('',(11.110799047625,-1.89251471345,
    -5.931332717462));
#7991 = CARTESIAN_POINT('',(12.190193915595,-1.544525469732,
    -5.881221452941));
#7992 = CARTESIAN_POINT('',(12.729367098075,-0.772474755963,
    -5.831249574404));
#7993 = CARTESIAN_POINT('',(12.729367061319,5.852031182E-08,
    -5.781251125144));
#7994 = CARTESIAN_POINT('',(13.,-5.6E-16,-6.4375));
#7995 = CARTESIAN_POINT('',(13.000000805976,0.942482042061,
    -6.387500154747));
#7996 = CARTESIAN_POINT('',(12.342180217968,1.88490053282,
    -6.337502960968));
#7997 = CARTESIAN_POINT('',(11.02493752388,2.308307351446,
    -6.287491857919));
#7998 = CARTESIAN_POINT('',(9.520847274645,1.714909336101,
    -6.237508459097));
#7999 = CARTESIAN_POINT('',(8.724103861559,-1.226329071669E-05,
    -6.187500055858));
#8000 = CARTESIAN_POINT('',(9.520757657148,-1.714891257779,
    -6.137491653627));
#8001 = CARTESIAN_POINT('',(11.02502385859,-2.308314284812,
    -6.087508254144));
#8002 = CARTESIAN_POINT('',(12.342150223011,-1.884899404424,
    -6.037497151356));
#8003 = CARTESIAN_POINT('',(12.99999978247,-0.942482036221,
    -5.987499957532));
#8004 = CARTESIAN_POINT('',(13.000000584779,5.83965709E-09,
    -5.937500112276));
#8005 = DEFINITIONAL_REPRESENTATION('',(#8006),#8010);
#8006 = LINE('',#8007,#8008);
#8007 = CARTESIAN_POINT('',(0.,6.303048278758));
#8008 = VECTOR('',#8009,1.);
#8009 = DIRECTION('',(1.,0.));
#8010 = ( GEOMETRIC_REPRESENTATION_CONTEXT(2) 
PARAMETRIC_REPRESENTATION_CONTEXT() REPRESENTATION_CONTEXT('2D SPACE',''
  ) );
#8011 = ORIENTED_EDGE('',*,*,#8012,.T.);
#8012 = EDGE_CURVE('',#7968,#7587,#8013,.T.);
#8013 = SURFACE_CURVE('',#8014,(#8026,#8033),.PCURVE_S1.);
#8014 = B_SPLINE_CURVE_WITH_KNOTS('',10,(#8015,#8016,#8017,#8018,#8019,
    #8020,#8021,#8022,#8023,#8024,#8025),.UNSPECIFIED.,.F.,.F.,(11,11),(
    0.,6.303048278758),.PIECEWISE_BEZIER_KNOTS.);
#8015 = CARTESIAN_POINT('',(13.,-5.6E-16,-5.9375));
#8016 = CARTESIAN_POINT('',(13.000000805976,0.942482042061,
    -5.887500154747));
#8017 = CARTESIAN_POINT('',(12.342180217968,1.88490053282,
    -5.837502960968));
#8018 = CARTESIAN_POINT('',(11.02493752388,2.308307351446,
    -5.787491857919));
#8019 = CARTESIAN_POINT('',(9.520847274645,1.714909336101,
    -5.737508459097));
#8020 = CARTESIAN_POINT('',(8.724103861559,-1.226329071669E-05,
    -5.687500055858));
#8021 = CARTESIAN_POINT('',(9.520757657148,-1.714891257779,
    -5.637491653627));
#8022 = CARTESIAN_POINT('',(11.02502385859,-2.308314284812,
    -5.587508254144));
#8023 = CARTESIAN_POINT('',(12.342150223011,-1.884899404424,
    -5.537497151356));
#8024 = CARTESIAN_POINT('',(12.99999978247,-0.942482036221,
    -5.487499957532));
#8025 = CARTESIAN_POINT('',(13.000000584779,5.83965709E-09,
    -5.437500112276));
#8026 = PCURVE('',#7601,#8027);
#8027 = DEFINITIONAL_REPRESENTATION('',(#8028),#8032);
#8028 = LINE('',#8029,#8030);
#8029 = CARTESIAN_POINT('',(0.3125,0.));
#8030 = VECTOR('',#8031,1.);
#8031 = DIRECTION('',(0.,1.));
#8032 = ( GEOMETRIC_REPRESENTATION_CONTEXT(2) 
PARAMETRIC_REPRESENTATION_CONTEXT() REPRESENTATION_CONTEXT('2D SPACE',''
  ) );
#8033 = PCURVE('',#7679,#8034);
#8034 = DEFINITIONAL_REPRESENTATION('',(#8035),#8038);
#8035 = B_SPLINE_CURVE_WITH_KNOTS('',1,(#8036,#8037),.UNSPECIFIED.,.F.,
  .F.,(2,2),(0.,6.303048278758),.PIECEWISE_BEZIER_KNOTS.);
#8036 = CARTESIAN_POINT('',(0.,0.));
#8037 = CARTESIAN_POINT('',(0.,6.303048278758));
#8038 = ( GEOMETRIC_REPRESENTATION_CONTEXT(2) 
PARAMETRIC_REPRESENTATION_CONTEXT() REPRESENTATION_CONTEXT('2D SPACE',''
  ) );
#8039 = ORIENTED_EDGE('',*,*,#7586,.F.);
#8040 = ADVANCED_FACE('',(#8041),#7679,.T.);
#8041 = FACE_BOUND('',#8042,.T.);
#8042 = EDGE_LOOP('',(#8043,#8044,#8089,#8118));
#8043 = ORIENTED_EDGE('',*,*,#8012,.F.);
#8044 = ORIENTED_EDGE('',*,*,#8045,.T.);
#8045 = EDGE_CURVE('',#7968,#8046,#8048,.T.);
#8046 = VERTEX_POINT('',#8047);
#8047 = CARTESIAN_POINT('',(12.999999473699,2.919909E-09,-6.00000005614)
  );
#8048 = SURFACE_CURVE('',#8049,(#8052,#8059),.PCURVE_S1.);
#8049 = B_SPLINE_CURVE_WITH_KNOTS('',1,(#8050,#8051),.UNSPECIFIED.,.F.,
  .F.,(2,2),(0.,6.25E-02),.PIECEWISE_BEZIER_KNOTS.);
#8050 = CARTESIAN_POINT('',(13.,-1.46E-15,-5.9375));
#8051 = CARTESIAN_POINT('',(13.,9.9E-16,-6.));
#8052 = PCURVE('',#7679,#8053);
#8053 = DEFINITIONAL_REPRESENTATION('',(#8054),#8058);
#8054 = LINE('',#8055,#8056);
#8055 = CARTESIAN_POINT('',(0.,0.));
#8056 = VECTOR('',#8057,1.);
#8057 = DIRECTION('',(1.,0.));
#8058 = ( GEOMETRIC_REPRESENTATION_CONTEXT(2) 
PARAMETRIC_REPRESENTATION_CONTEXT() REPRESENTATION_CONTEXT('2D SPACE',''
  ) );
#8059 = PCURVE('',#8060,#8083);
#8060 = B_SPLINE_SURFACE_WITH_KNOTS('',1,10,(
    (#8061,#8062,#8063,#8064,#8065,#8066,#8067,#8068,#8069,#8070,#8071)
    ,(#8072,#8073,#8074,#8075,#8076,#8077,#8078,#8079,#8080,#8081,#8082
    )),.UNSPECIFIED.,.F.,.F.,.F.,(2,2),(11,11),(0.,6.25E-02),(0.,
    6.303048278758),.PIECEWISE_BEZIER_KNOTS.);
#8061 = CARTESIAN_POINT('',(13.,-1.46E-15,-6.4375));
#8062 = CARTESIAN_POINT('',(13.000000805976,0.942482042061,
    -6.387500154747));
#8063 = CARTESIAN_POINT('',(12.342180217968,1.88490053282,
    -6.337502960968));
#8064 = CARTESIAN_POINT('',(11.02493752388,2.308307351446,
    -6.287491857919));
#8065 = CARTESIAN_POINT('',(9.520847274645,1.714909336101,
    -6.237508459097));
#8066 = CARTESIAN_POINT('',(8.72410386156,-1.226329080994E-05,
    -6.187500055858));
#8067 = CARTESIAN_POINT('',(9.520757657148,-1.714891257779,
    -6.137491653627));
#8068 = CARTESIAN_POINT('',(11.02502385859,-2.308314284812,
    -6.087508254144));
#8069 = CARTESIAN_POINT('',(12.342150223011,-1.884899404424,
    -6.037497151356));
#8070 = CARTESIAN_POINT('',(12.99999978247,-0.942482036221,
    -5.987499957532));
#8071 = CARTESIAN_POINT('',(13.000000584779,5.83965796E-09,
    -5.937500112276));
#8072 = CARTESIAN_POINT('',(13.,9.9E-16,-6.5));
#8073 = CARTESIAN_POINT('',(13.000001128367,0.94248211553,
    -6.450000154747));
#8074 = CARTESIAN_POINT('',(12.342186284101,1.884900904938,
    -6.400002960966));
#8075 = CARTESIAN_POINT('',(11.024920221652,2.308306144833,
    -6.349991857908));
#8076 = CARTESIAN_POINT('',(9.520865045263,1.714913087294,
    -6.300008459153));
#8077 = CARTESIAN_POINT('',(8.724103644986,-1.716644223348E-05,
    -6.250000055746));
#8078 = CARTESIAN_POINT('',(9.520739578105,-1.714887774566,
    -6.199991653748));
#8079 = CARTESIAN_POINT('',(11.025041086644,-2.308315850802,
    -6.150008254069));
#8080 = CARTESIAN_POINT('',(12.342144288229,-1.884899326496,
    -6.099997151377));
#8081 = CARTESIAN_POINT('',(12.999999693991,-0.94248210969,
    -6.049999957533));
#8082 = CARTESIAN_POINT('',(13.00000081869,5.83963466E-09,
    -6.000000112276));
#8083 = DEFINITIONAL_REPRESENTATION('',(#8084),#8088);
#8084 = LINE('',#8085,#8086);
#8085 = CARTESIAN_POINT('',(0.,6.303048278758));
#8086 = VECTOR('',#8087,1.);
#8087 = DIRECTION('',(1.,0.));
#8088 = ( GEOMETRIC_REPRESENTATION_CONTEXT(2) 
PARAMETRIC_REPRESENTATION_CONTEXT() REPRESENTATION_CONTEXT('2D SPACE',''
  ) );
#8089 = ORIENTED_EDGE('',*,*,#8090,.T.);
#8090 = EDGE_CURVE('',#8046,#7665,#8091,.T.);
#8091 = SURFACE_CURVE('',#8092,(#8104,#8111),.PCURVE_S1.);
#8092 = B_SPLINE_CURVE_WITH_KNOTS('',10,(#8093,#8094,#8095,#8096,#8097,
    #8098,#8099,#8100,#8101,#8102,#8103),.UNSPECIFIED.,.F.,.F.,(11,11),(
    0.,6.303048278758),.PIECEWISE_BEZIER_KNOTS.);
#8093 = CARTESIAN_POINT('',(13.,9.9E-16,-6.));
#8094 = CARTESIAN_POINT('',(13.000001128367,0.94248211553,
    -5.950000154747));
#8095 = CARTESIAN_POINT('',(12.342186284101,1.884900904938,
    -5.900002960966));
#8096 = CARTESIAN_POINT('',(11.024920221652,2.308306144833,
    -5.849991857908));
#8097 = CARTESIAN_POINT('',(9.520865045263,1.714913087294,
    -5.800008459153));
#8098 = CARTESIAN_POINT('',(8.724103644986,-1.716644223348E-05,
    -5.750000055746));
#8099 = CARTESIAN_POINT('',(9.520739578105,-1.714887774566,
    -5.699991653748));
#8100 = CARTESIAN_POINT('',(11.025041086644,-2.308315850802,
    -5.650008254069));
#8101 = CARTESIAN_POINT('',(12.342144288229,-1.884899326496,
    -5.599997151377));
#8102 = CARTESIAN_POINT('',(12.999999693991,-0.94248210969,
    -5.549999957533));
#8103 = CARTESIAN_POINT('',(13.00000081869,5.83963466E-09,
    -5.500000112276));
#8104 = PCURVE('',#7679,#8105);
#8105 = DEFINITIONAL_REPRESENTATION('',(#8106),#8110);
#8106 = LINE('',#8107,#8108);
#8107 = CARTESIAN_POINT('',(6.25E-02,0.));
#8108 = VECTOR('',#8109,1.);
#8109 = DIRECTION('',(0.,1.));
#8110 = ( GEOMETRIC_REPRESENTATION_CONTEXT(2) 
PARAMETRIC_REPRESENTATION_CONTEXT() REPRESENTATION_CONTEXT('2D SPACE',''
  ) );
#8111 = PCURVE('',#7758,#8112);
#8112 = DEFINITIONAL_REPRESENTATION('',(#8113),#8117);
#8113 = LINE('',#8114,#8115);
#8114 = CARTESIAN_POINT('',(0.,0.));
#8115 = VECTOR('',#8116,1.);
#8116 = DIRECTION('',(0.,1.));
#8117 = ( GEOMETRIC_REPRESENTATION_CONTEXT(2) 
PARAMETRIC_REPRESENTATION_CONTEXT() REPRESENTATION_CONTEXT('2D SPACE',''
  ) );
#8118 = ORIENTED_EDGE('',*,*,#7664,.F.);
#8119 = ADVANCED_FACE('',(#8120),#7758,.T.);
#8120 = FACE_BOUND('',#8121,.T.);
#8121 = EDGE_LOOP('',(#8122,#8123,#8168,#8196));
#8122 = ORIENTED_EDGE('',*,*,#8090,.F.);
#8123 = ORIENTED_EDGE('',*,*,#8124,.T.);
#8124 = EDGE_CURVE('',#8046,#8125,#8127,.T.);
#8125 = VERTEX_POINT('',#8126);
#8126 = CARTESIAN_POINT('',(12.729366593497,5.8520358E-08,
    -6.156251125144));
#8127 = SURFACE_CURVE('',#8128,(#8131,#8138),.PCURVE_S1.);
#8128 = B_SPLINE_CURVE_WITH_KNOTS('',1,(#8129,#8130),.UNSPECIFIED.,.F.,
  .F.,(2,2),(0.,0.3125),.PIECEWISE_BEZIER_KNOTS.);
#8129 = CARTESIAN_POINT('',(12.999998947399,5.83981767E-09,
    -6.000000112279));
#8130 = CARTESIAN_POINT('',(12.729366593497,5.852035727E-08,
    -6.156251125144));
#8131 = PCURVE('',#7758,#8132);
#8132 = DEFINITIONAL_REPRESENTATION('',(#8133),#8137);
#8133 = LINE('',#8134,#8135);
#8134 = CARTESIAN_POINT('',(0.,0.));
#8135 = VECTOR('',#8136,1.);
#8136 = DIRECTION('',(1.,0.));
#8137 = ( GEOMETRIC_REPRESENTATION_CONTEXT(2) 
PARAMETRIC_REPRESENTATION_CONTEXT() REPRESENTATION_CONTEXT('2D SPACE',''
  ) );
#8138 = PCURVE('',#8139,#8162);
#8139 = B_SPLINE_SURFACE_WITH_KNOTS('',1,10,(
    (#8140,#8141,#8142,#8143,#8144,#8145,#8146,#8147,#8148,#8149,#8150)
    ,(#8151,#8152,#8153,#8154,#8155,#8156,#8157,#8158,#8159,#8160,#8161
    )),.UNSPECIFIED.,.F.,.F.,.F.,(2,2),(11,11),(0.,0.3125),(0.,
    6.303048278758),.PIECEWISE_BEZIER_KNOTS.);
#8140 = CARTESIAN_POINT('',(13.,1.04E-15,-6.5));
#8141 = CARTESIAN_POINT('',(12.999998549242,0.942481527773,
    -6.450000154747));
#8142 = CARTESIAN_POINT('',(12.342137755035,1.884897927994,
    -6.400002960982));
#8143 = CARTESIAN_POINT('',(11.025058639477,2.30831579774,
    -6.349991857995));
#8144 = CARTESIAN_POINT('',(9.520722880316,1.71488307775,-6.300008458702
    ));
#8145 = CARTESIAN_POINT('',(8.724105377576,2.205876887018E-05,
    -6.250000056644));
#8146 = CARTESIAN_POINT('',(9.520884210451,-1.714915640266,
    -6.199991652773));
#8147 = CARTESIAN_POINT('',(11.024903262209,-2.308303322877,
    -6.150008254668));
#8148 = CARTESIAN_POINT('',(12.342191766491,-1.884899949923,
    -6.099997151211));
#8149 = CARTESIAN_POINT('',(13.000000401825,-0.942481521934,
    -6.049999957527));
#8150 = CARTESIAN_POINT('',(12.999998947399,5.83981767E-09,
    -6.000000112279));
#8151 = CARTESIAN_POINT('',(12.729367061317,-6.2E-16,-6.65625));
#8152 = CARTESIAN_POINT('',(12.729366416536,0.772474667544,
    -6.60625155074));
#8153 = CARTESIAN_POINT('',(12.190181709836,1.544524758362,
    -6.556279672206));
#8154 = CARTESIAN_POINT('',(11.110833561861,1.892517108095,
    -6.506168407703));
#8155 = CARTESIAN_POINT('',(9.877611517613,1.404841839361,
    -6.456334767911));
#8156 = CARTESIAN_POINT('',(9.225251982551,9.75207505949E-06,
    -6.406250562796));
#8157 = CARTESIAN_POINT('',(9.877683283657,-1.404856385268,
    -6.356166356875));
#8158 = CARTESIAN_POINT('',(11.110764591517,-1.892511581469,
    -6.306332717612));
#8159 = CARTESIAN_POINT('',(12.190205785161,-1.544525625589,
    -6.2562214529));
#8160 = CARTESIAN_POINT('',(12.729367275034,-0.772474609024,
    -6.206249574402));
#8161 = CARTESIAN_POINT('',(12.729366593497,5.852035727E-08,
    -6.156251125144));
#8162 = DEFINITIONAL_REPRESENTATION('',(#8163),#8167);
#8163 = LINE('',#8164,#8165);
#8164 = CARTESIAN_POINT('',(0.,6.303048278758));
#8165 = VECTOR('',#8166,1.);
#8166 = DIRECTION('',(1.,0.));
#8167 = ( GEOMETRIC_REPRESENTATION_CONTEXT(2) 
PARAMETRIC_REPRESENTATION_CONTEXT() REPRESENTATION_CONTEXT('2D SPACE',''
  ) );
#8168 = ORIENTED_EDGE('',*,*,#8169,.T.);
#8169 = EDGE_CURVE('',#8125,#7744,#8170,.T.);
#8170 = SURFACE_CURVE('',#8171,(#8183,#8190),.PCURVE_S1.);
#8171 = B_SPLINE_CURVE_WITH_KNOTS('',10,(#8172,#8173,#8174,#8175,#8176,
    #8177,#8178,#8179,#8180,#8181,#8182),.UNSPECIFIED.,.F.,.F.,(11,11),(
    0.,6.303048278758),.PIECEWISE_BEZIER_KNOTS.);
#8172 = CARTESIAN_POINT('',(12.729367061317,-6.2E-16,-6.15625));
#8173 = CARTESIAN_POINT('',(12.729366416536,0.772474667544,
    -6.10625155074));
#8174 = CARTESIAN_POINT('',(12.190181709836,1.544524758362,
    -6.056279672206));
#8175 = CARTESIAN_POINT('',(11.110833561861,1.892517108095,
    -6.006168407703));
#8176 = CARTESIAN_POINT('',(9.877611517613,1.404841839361,
    -5.956334767911));
#8177 = CARTESIAN_POINT('',(9.225251982551,9.75207505949E-06,
    -5.906250562796));
#8178 = CARTESIAN_POINT('',(9.877683283657,-1.404856385268,
    -5.856166356875));
#8179 = CARTESIAN_POINT('',(11.110764591517,-1.892511581469,
    -5.806332717612));
#8180 = CARTESIAN_POINT('',(12.190205785161,-1.544525625589,
    -5.7562214529));
#8181 = CARTESIAN_POINT('',(12.729367275034,-0.772474609024,
    -5.706249574402));
#8182 = CARTESIAN_POINT('',(12.729366593497,5.852035727E-08,
    -5.656251125144));
#8183 = PCURVE('',#7758,#8184);
#8184 = DEFINITIONAL_REPRESENTATION('',(#8185),#8189);
#8185 = LINE('',#8186,#8187);
#8186 = CARTESIAN_POINT('',(0.3125,0.));
#8187 = VECTOR('',#8188,1.);
#8188 = DIRECTION('',(0.,1.));
#8189 = ( GEOMETRIC_REPRESENTATION_CONTEXT(2) 
PARAMETRIC_REPRESENTATION_CONTEXT() REPRESENTATION_CONTEXT('2D SPACE',''
  ) );
#8190 = PCURVE('',#7841,#8191);
#8191 = DEFINITIONAL_REPRESENTATION('',(#8192),#8195);
#8192 = B_SPLINE_CURVE_WITH_KNOTS('',1,(#8193,#8194),.UNSPECIFIED.,.F.,
  .F.,(2,2),(0.,6.303048278758),.PIECEWISE_BEZIER_KNOTS.);
#8193 = CARTESIAN_POINT('',(0.,0.));
#8194 = CARTESIAN_POINT('',(0.,6.303048278758));
#8195 = ( GEOMETRIC_REPRESENTATION_CONTEXT(2) 
PARAMETRIC_REPRESENTATION_CONTEXT() REPRESENTATION_CONTEXT('2D SPACE',''
  ) );
#8196 = ORIENTED_EDGE('',*,*,#7743,.F.);
#8197 = ADVANCED_FACE('',(#8198),#7841,.T.);
#8198 = FACE_BOUND('',#8199,.T.);
#8199 = EDGE_LOOP('',(#8200,#8201,#8313,#8342));
#8200 = ORIENTED_EDGE('',*,*,#8169,.F.);
#8201 = ORIENTED_EDGE('',*,*,#8202,.T.);
#8202 = EDGE_CURVE('',#8125,#8203,#8205,.T.);
#8203 = VERTEX_POINT('',#8204);
#8204 = CARTESIAN_POINT('',(12.729367061319,5.8520312E-08,
    -6.281251125144));
#8205 = SURFACE_CURVE('',#8206,(#8214,#8221),.PCURVE_S1.);
#8206 = ( BOUNDED_CURVE() B_SPLINE_CURVE(6,(#8207,#8208,#8209,#8210,
#8211,#8212,#8213),.UNSPECIFIED.,.F.,.F.) B_SPLINE_CURVE_WITH_KNOTS((7,7
),(0.,2.094395102393),.PIECEWISE_BEZIER_KNOTS.) CURVE() 
GEOMETRIC_REPRESENTATION_ITEM() RATIONAL_B_SPLINE_CURVE((1.056590953773,
    1.017435169568,0.996326512422,0.989390034249,0.996326512422,
1.017435169568,1.056590953773)) REPRESENTATION_ITEM('') );
#8207 = CARTESIAN_POINT('',(12.729366593497,5.852035787E-08,
    -6.156251125144));
#8208 = CARTESIAN_POINT('',(12.706710993838,6.293043361E-08,
    -6.16933145476));
#8209 = CARTESIAN_POINT('',(12.690745576385,6.60382207E-08,
    -6.191470252644));
#8210 = CARTESIAN_POINT('',(12.68497508281,6.716149847E-08,
    -6.218751291284));
#8211 = CARTESIAN_POINT('',(12.690745780588,6.603820094E-08,
    -6.24603228673));
#8212 = CARTESIAN_POINT('',(12.706711363753,6.29303967E-08,
    -6.268170965109));
#8213 = CARTESIAN_POINT('',(12.729367061319,5.852031226E-08,
    -6.281251125144));
#8214 = PCURVE('',#7841,#8215);
#8215 = DEFINITIONAL_REPRESENTATION('',(#8216),#8220);
#8216 = LINE('',#8217,#8218);
#8217 = CARTESIAN_POINT('',(0.,0.));
#8218 = VECTOR('',#8219,1.);
#8219 = DIRECTION('',(1.,0.));
#8220 = ( GEOMETRIC_REPRESENTATION_CONTEXT(2) 
PARAMETRIC_REPRESENTATION_CONTEXT() REPRESENTATION_CONTEXT('2D SPACE',''
  ) );
#8221 = PCURVE('',#8222,#8307);
#8222 = ( BOUNDED_SURFACE() B_SPLINE_SURFACE(6,11,(
    (#8223,#8224,#8225,#8226,#8227,#8228,#8229,#8230,#8231,#8232,#8233
      ,#8234)
    ,(#8235,#8236,#8237,#8238,#8239,#8240,#8241,#8242,#8243,#8244,#8245
      ,#8246)
    ,(#8247,#8248,#8249,#8250,#8251,#8252,#8253,#8254,#8255,#8256,#8257
      ,#8258)
    ,(#8259,#8260,#8261,#8262,#8263,#8264,#8265,#8266,#8267,#8268,#8269
      ,#8270)
    ,(#8271,#8272,#8273,#8274,#8275,#8276,#8277,#8278,#8279,#8280,#8281
      ,#8282)
    ,(#8283,#8284,#8285,#8286,#8287,#8288,#8289,#8290,#8291,#8292,#8293
      ,#8294)
    ,(#8295,#8296,#8297,#8298,#8299,#8300,#8301,#8302,#8303,#8304,#8305
,#8306
    )),.UNSPECIFIED.,.F.,.F.,.F.) B_SPLINE_SURFACE_WITH_KNOTS((7,7),(12,
    12),(0.,2.094395102393),(0.,6.303048278758),
.PIECEWISE_BEZIER_KNOTS.) GEOMETRIC_REPRESENTATION_ITEM() 
RATIONAL_B_SPLINE_SURFACE((
    (1.056590953773,1.056590953773,1.056590953773,1.056590953773
      ,1.056590953773,1.056590953773,1.056590953773,1.056590953773
      ,1.056590953773,1.056590953773,1.056590953773,1.056590953773)
    ,(1.017435169568,1.017435169568,1.017435169568,1.017435169568
      ,1.017435169569,1.017435169567,1.017435169569,1.017435169567
      ,1.017435169569,1.017435169568,1.017435169568,1.017435169568)
    ,(0.996326512422,0.996326512422,0.996326512422,0.996326512422
      ,0.996326512422,0.996326512422,0.996326512422,0.996326512422
      ,0.996326512422,0.996326512422,0.996326512422,0.996326512422)
    ,(0.989390034249,0.989390034249,0.989390034249,0.989390034248
      ,0.989390034249,0.989390034248,0.989390034249,0.989390034248
      ,0.989390034249,0.989390034249,0.989390034249,0.989390034249)
    ,(0.996326512422,0.996326512422,0.996326512422,0.996326512422
      ,0.996326512423,0.996326512422,0.996326512423,0.996326512422
      ,0.996326512422,0.996326512422,0.996326512422,0.996326512422)
    ,(1.017435169568,1.017435169568,1.017435169568,1.017435169568
      ,1.017435169568,1.017435169568,1.017435169568,1.017435169568
      ,1.017435169568,1.017435169568,1.017435169568,1.017435169568)
    ,(1.056590953773,1.056590953773,1.056590953773,1.056590953773
      ,1.056590953773,1.056590953773,1.056590953773,1.056590953773
      ,1.056590953773,1.056590953773,1.056590953773,1.056590953773
))) REPRESENTATION_ITEM('') SURFACE() );
#8223 = CARTESIAN_POINT('',(12.729367061317,-8.9E-16,-6.65625));
#8224 = CARTESIAN_POINT('',(12.729366475153,0.702249697767,
    -6.610796864309));
#8225 = CARTESIAN_POINT('',(12.288215292872,1.404152014577,
    -6.565365468303));
#8226 = CARTESIAN_POINT('',(11.405228126135,1.799593725218,
    -6.519764593877));
#8227 = CARTESIAN_POINT('',(10.325950267665,1.57438550159,
    -6.474733143471));
#8228 = CARTESIAN_POINT('',(9.521967668362,0.65248550448,-6.428521374864
    ));
#8229 = CARTESIAN_POINT('',(9.521623040452,-0.652481477629,
    -6.383979750362));
#8230 = CARTESIAN_POINT('',(10.326182116191,-1.574392748394,
    -6.337767981508));
#8231 = CARTESIAN_POINT('',(11.405130756775,-1.79958994237,
    -6.292736531381));
#8232 = CARTESIAN_POINT('',(12.288235146956,-1.404152713486,
    -6.247135656809));
#8233 = CARTESIAN_POINT('',(12.729367213076,-0.702249639247,
    -6.201704260833));
#8234 = CARTESIAN_POINT('',(12.729366593497,5.852035787E-08,
    -6.156251125144));
#8235 = CARTESIAN_POINT('',(12.706711412705,-9.4E-16,-6.669330244825));
#8236 = CARTESIAN_POINT('',(12.706710887878,0.689311624436,
    -6.623877215373));
#8237 = CARTESIAN_POINT('',(12.273688183304,1.378251248192,
    -6.578447563906));
#8238 = CARTESIAN_POINT('',(11.406978207997,1.766508676863,
    -6.53283566216));
#8239 = CARTESIAN_POINT('',(10.347584688725,1.545207894049,
    -6.487836096092));
#8240 = CARTESIAN_POINT('',(9.558411450456,0.640693720037,
    -6.441567263358));
#8241 = CARTESIAN_POINT('',(9.558102890851,-0.640690131518,-6.3970944363
    ));
#8242 = CARTESIAN_POINT('',(10.347792289543,-1.545214392582,
    -6.350825603345));
#8243 = CARTESIAN_POINT('',(11.40689104302,-1.766505290677,
    -6.305826037527));
#8244 = CARTESIAN_POINT('',(12.273705971844,-1.378251867211,
    -6.260214135651));
#8245 = CARTESIAN_POINT('',(12.706711554598,-0.689311561506,
    -6.21478448421));
#8246 = CARTESIAN_POINT('',(12.706710993838,6.293043361E-08,
    -6.16933145476));
#8247 = CARTESIAN_POINT('',(12.690745912395,1.22E-15,-6.691468982957));
#8248 = CARTESIAN_POINT('',(12.690745491383,0.680194141001,
    -6.646016028373));
#8249 = CARTESIAN_POINT('',(12.263451925878,1.359998969821,
    -6.600587606286));
#8250 = CARTESIAN_POINT('',(11.408206456915,1.743193388315,
    -6.55496793356));
#8251 = CARTESIAN_POINT('',(10.362842483049,1.524646753448,
    -6.509990836458));
#8252 = CARTESIAN_POINT('',(9.584075635439,0.632383815438,
    -6.463681790518));
#8253 = CARTESIAN_POINT('',(9.583828120218,-0.632380961802,
    -6.419257445142));
#8254 = CARTESIAN_POINT('',(10.363009038308,-1.52465198135,
    -6.372948399024));
#8255 = CARTESIAN_POINT('',(11.408136556791,-1.743190673158,
    -6.327971302122));
#8256 = CARTESIAN_POINT('',(12.263466213444,-1.359999456416,
    -6.282351629292));
#8257 = CARTESIAN_POINT('',(12.690746035103,-0.680194074963,
    -6.236923207227));
#8258 = CARTESIAN_POINT('',(12.690745576385,6.60382207E-08,
    -6.191470252644));
#8259 = CARTESIAN_POINT('',(12.684975316719,-1.4E-16,-6.71875));
#8260 = CARTESIAN_POINT('',(12.684975023637,0.676898723975,
    -6.673297072476));
#8261 = CARTESIAN_POINT('',(12.25975366587,1.353401935503,
    -6.627869094738));
#8262 = CARTESIAN_POINT('',(11.408642878931,1.73476603417,
    -6.582246613264));
#8263 = CARTESIAN_POINT('',(10.368375123567,1.517215703287,
    -6.53727763735));
#8264 = CARTESIAN_POINT('',(9.593325101967,0.629379971356,
    -6.490954056757));
#8265 = CARTESIAN_POINT('',(9.593152808743,-0.62937801894,
    -6.446547234568));
#8266 = CARTESIAN_POINT('',(10.368491095967,-1.517219362841,
    -6.400223653851));
#8267 = CARTESIAN_POINT('',(11.408594249883,-1.734764145693,
    -6.355254678077));
#8268 = CARTESIAN_POINT('',(12.259763636185,-1.353402260651,
    -6.30963219653));
#8269 = CARTESIAN_POINT('',(12.684975414241,-0.676898656813,
    -6.264204218807));
#8270 = CARTESIAN_POINT('',(12.68497508281,6.716149847E-08,
    -6.218751291284));
#8271 = CARTESIAN_POINT('',(12.690745912395,1.9E-16,-6.746031017043));
#8272 = CARTESIAN_POINT('',(12.690745747242,0.680194199309,
    -6.700578062459));
#8273 = CARTESIAN_POINT('',(12.263456309886,1.359999247274,
    -6.65514964037));
#8274 = CARTESIAN_POINT('',(11.408185179577,1.743192710825,
    -6.609529967663));
#8275 = CARTESIAN_POINT('',(10.362892969892,1.524648454363,
    -6.564552870478));
#8276 = CARTESIAN_POINT('',(9.584000249732,0.632382969166,
    -6.518243824741));
#8277 = CARTESIAN_POINT('',(9.583903177282,-0.632381914354,
    -6.473819479055));
#8278 = CARTESIAN_POINT('',(10.362958356576,-1.524650543427,
    -6.427510433248));
#8279 = CARTESIAN_POINT('',(11.408157818309,-1.743191648853,
    -6.382533336142));
#8280 = CARTESIAN_POINT('',(12.263461960383,-1.359999412416,
    -6.336913663393));
#8281 = CARTESIAN_POINT('',(12.690745983447,-0.680194133271,
    -6.291485241313));
#8282 = CARTESIAN_POINT('',(12.690745780588,6.603820094E-08,
    -6.24603228673));
#8283 = CARTESIAN_POINT('',(12.706711412705,9.7E-16,-6.768169755175));
#8284 = CARTESIAN_POINT('',(12.706711351367,0.689311730061,
    -6.722716725723));
#8285 = CARTESIAN_POINT('',(12.273696124966,1.3782517508,-6.677287074253
    ));
#8286 = CARTESIAN_POINT('',(11.406939663948,1.766507449584,
    -6.63167517254));
#8287 = CARTESIAN_POINT('',(10.347676145997,1.545210975269,
    -6.586675606322));
#8288 = CARTESIAN_POINT('',(9.558274888716,0.64069218701,-6.540406773956
    ));
#8289 = CARTESIAN_POINT('',(9.558238857252,-0.640691857074,
    -6.495933946337));
#8290 = CARTESIAN_POINT('',(10.347700479227,-1.545211787773,
    -6.449665113944));
#8291 = CARTESIAN_POINT('',(11.406929558411,-1.766507058156,
    -6.404665547756));
#8292 = CARTESIAN_POINT('',(12.273698267393,-1.378251787504,
    -6.359053646028));
#8293 = CARTESIAN_POINT('',(12.706711461023,-0.689311667131,
    -6.313623994561));
#8294 = CARTESIAN_POINT('',(12.706711363753,6.29303967E-08,
    -6.268170965109));
#8295 = CARTESIAN_POINT('',(12.729367061317,-1.11E-15,-6.78125));
#8296 = CARTESIAN_POINT('',(12.729367061317,0.702249831348,
    -6.735796864309));
#8297 = CARTESIAN_POINT('',(12.288225336505,1.404152650213,-6.6903654683
    ));
#8298 = CARTESIAN_POINT('',(11.405179380384,1.799592173108,
    -6.644764593915));
#8299 = CARTESIAN_POINT('',(10.326065931524,1.574389398336,
    -6.599733143319));
#8300 = CARTESIAN_POINT('',(9.521794961946,0.652483565697,
    -6.553521375178));
#8301 = CARTESIAN_POINT('',(9.521794993958,-0.652483659898,
    -6.508979749966));
#8302 = CARTESIAN_POINT('',(10.326066005847,-1.574389454154,
    -6.462767981824));
#8303 = CARTESIAN_POINT('',(11.405179466282,-1.799592177659,
    -6.417736531229));
#8304 = CARTESIAN_POINT('',(12.288225403319,-1.404152612683,
    -6.372135656843));
#8305 = CARTESIAN_POINT('',(12.729367094734,-0.702249772828,
    -6.326704260835));
#8306 = CARTESIAN_POINT('',(12.729367061319,5.852031226E-08,
    -6.281251125144));
#8307 = DEFINITIONAL_REPRESENTATION('',(#8308),#8312);
#8308 = LINE('',#8309,#8310);
#8309 = CARTESIAN_POINT('',(0.,6.303048278758));
#8310 = VECTOR('',#8311,1.);
#8311 = DIRECTION('',(1.,0.));
#8312 = ( GEOMETRIC_REPRESENTATION_CONTEXT(2) 
PARAMETRIC_REPRESENTATION_CONTEXT() REPRESENTATION_CONTEXT('2D SPACE',''
  ) );
#8313 = ORIENTED_EDGE('',*,*,#8314,.T.);
#8314 = EDGE_CURVE('',#8203,#7822,#8315,.T.);
#8315 = SURFACE_CURVE('',#8316,(#8329,#8336),.PCURVE_S1.);
#8316 = ( BOUNDED_CURVE() B_SPLINE_CURVE(11,(#8317,#8318,#8319,#8320,
    #8321,#8322,#8323,#8324,#8325,#8326,#8327,#8328),.UNSPECIFIED.,.F.,
.F.) B_SPLINE_CURVE_WITH_KNOTS((12,12),(0.,6.303048278758),
.PIECEWISE_BEZIER_KNOTS.) CURVE() GEOMETRIC_REPRESENTATION_ITEM() 
RATIONAL_B_SPLINE_CURVE((1.056590953773,1.056590953773,1.056590953773,
    1.056590953773,1.056590953773,1.056590953773,1.056590953773,
    1.056590953773,1.056590953773,1.056590953773,1.056590953773,
1.056590953773)) REPRESENTATION_ITEM('') );
#8317 = CARTESIAN_POINT('',(12.729367061317,-1.11E-15,-6.28125));
#8318 = CARTESIAN_POINT('',(12.729367061317,0.702249831348,
    -6.235796864309));
#8319 = CARTESIAN_POINT('',(12.288225336505,1.404152650213,-6.1903654683
    ));
#8320 = CARTESIAN_POINT('',(11.405179380384,1.799592173108,
    -6.144764593915));
#8321 = CARTESIAN_POINT('',(10.326065931524,1.574389398336,
    -6.099733143319));
#8322 = CARTESIAN_POINT('',(9.521794961946,0.652483565697,
    -6.053521375178));
#8323 = CARTESIAN_POINT('',(9.521794993958,-0.652483659898,
    -6.008979749966));
#8324 = CARTESIAN_POINT('',(10.326066005847,-1.574389454154,
    -5.962767981824));
#8325 = CARTESIAN_POINT('',(11.405179466282,-1.799592177659,
    -5.917736531229));
#8326 = CARTESIAN_POINT('',(12.288225403319,-1.404152612683,
    -5.872135656843));
#8327 = CARTESIAN_POINT('',(12.729367094734,-0.702249772828,
    -5.826704260835));
#8328 = CARTESIAN_POINT('',(12.729367061319,5.852031226E-08,
    -5.781251125144));
#8329 = PCURVE('',#7841,#8330);
#8330 = DEFINITIONAL_REPRESENTATION('',(#8331),#8335);
#8331 = LINE('',#8332,#8333);
#8332 = CARTESIAN_POINT('',(2.094395102393,0.));
#8333 = VECTOR('',#8334,1.);
#8334 = DIRECTION('',(0.,1.));
#8335 = ( GEOMETRIC_REPRESENTATION_CONTEXT(2) 
PARAMETRIC_REPRESENTATION_CONTEXT() REPRESENTATION_CONTEXT('2D SPACE',''
  ) );
#8336 = PCURVE('',#7982,#8337);
#8337 = DEFINITIONAL_REPRESENTATION('',(#8338),#8341);
#8338 = B_SPLINE_CURVE_WITH_KNOTS('',1,(#8339,#8340),.UNSPECIFIED.,.F.,
  .F.,(2,2),(0.,6.303048278758),.PIECEWISE_BEZIER_KNOTS.);
#8339 = CARTESIAN_POINT('',(0.,0.));
#8340 = CARTESIAN_POINT('',(0.,6.303048278758));
#8341 = ( GEOMETRIC_REPRESENTATION_CONTEXT(2) 
PARAMETRIC_REPRESENTATION_CONTEXT() REPRESENTATION_CONTEXT('2D SPACE',''
  ) );
#8342 = ORIENTED_EDGE('',*,*,#7821,.F.);
#8343 = ADVANCED_FACE('',(#8344),#7982,.T.);
#8344 = FACE_BOUND('',#8345,.T.);
#8345 = EDGE_LOOP('',(#8346,#8347,#8392,#8420));
#8346 = ORIENTED_EDGE('',*,*,#8314,.F.);
#8347 = ORIENTED_EDGE('',*,*,#8348,.T.);
#8348 = EDGE_CURVE('',#8203,#8349,#8351,.T.);
#8349 = VERTEX_POINT('',#8350);
#8350 = CARTESIAN_POINT('',(13.000000292389,2.919828E-09,-6.437500056138
    ));
#8351 = SURFACE_CURVE('',#8352,(#8355,#8362),.PCURVE_S1.);
#8352 = B_SPLINE_CURVE_WITH_KNOTS('',1,(#8353,#8354),.UNSPECIFIED.,.F.,
  .F.,(2,2),(0.,0.3125),.PIECEWISE_BEZIER_KNOTS.);
#8353 = CARTESIAN_POINT('',(12.729367061317,1.1E-16,-6.28125));
#8354 = CARTESIAN_POINT('',(13.,-5.6E-16,-6.4375));
#8355 = PCURVE('',#7982,#8356);
#8356 = DEFINITIONAL_REPRESENTATION('',(#8357),#8361);
#8357 = LINE('',#8358,#8359);
#8358 = CARTESIAN_POINT('',(0.,0.));
#8359 = VECTOR('',#8360,1.);
#8360 = DIRECTION('',(1.,0.));
#8361 = ( GEOMETRIC_REPRESENTATION_CONTEXT(2) 
PARAMETRIC_REPRESENTATION_CONTEXT() REPRESENTATION_CONTEXT('2D SPACE',''
  ) );
#8362 = PCURVE('',#8363,#8386);
#8363 = B_SPLINE_SURFACE_WITH_KNOTS('',1,10,(
    (#8364,#8365,#8366,#8367,#8368,#8369,#8370,#8371,#8372,#8373,#8374)
    ,(#8375,#8376,#8377,#8378,#8379,#8380,#8381,#8382,#8383,#8384,#8385
    )),.UNSPECIFIED.,.F.,.F.,.F.,(2,2),(11,11),(0.,0.3125),(0.,
    6.303048278758),.PIECEWISE_BEZIER_KNOTS.);
#8364 = CARTESIAN_POINT('',(12.729367061317,1.1E-16,-6.78125));
#8365 = CARTESIAN_POINT('',(12.729367061317,0.772474814483,
    -6.73125155074));
#8366 = CARTESIAN_POINT('',(12.190193842103,1.544525502598,
    -6.681279672202));
#8367 = CARTESIAN_POINT('',(11.110798957404,1.892514694868,
    -6.631168407681));
#8368 = CARTESIAN_POINT('',(9.87764705885,1.404849341747,-6.581334768024
    ));
#8369 = CARTESIAN_POINT('',(9.225251549403,-5.422788307E-08,
    -6.531250562572));
#8370 = CARTESIAN_POINT('',(9.877647125571,-1.404849418843,
    -6.481166357119));
#8371 = CARTESIAN_POINT('',(11.110799047625,-1.89251471345,
    -6.431332717462));
#8372 = CARTESIAN_POINT('',(12.190193915595,-1.544525469732,
    -6.381221452941));
#8373 = CARTESIAN_POINT('',(12.729367098075,-0.772474755963,
    -6.331249574404));
#8374 = CARTESIAN_POINT('',(12.729367061319,5.852031182E-08,
    -6.281251125144));
#8375 = CARTESIAN_POINT('',(13.,-5.6E-16,-6.9375));
#8376 = CARTESIAN_POINT('',(13.000000805976,0.942482042061,
    -6.887500154747));
#8377 = CARTESIAN_POINT('',(12.342180217968,1.88490053282,
    -6.837502960968));
#8378 = CARTESIAN_POINT('',(11.02493752388,2.308307351446,
    -6.787491857919));
#8379 = CARTESIAN_POINT('',(9.520847274645,1.714909336101,
    -6.737508459097));
#8380 = CARTESIAN_POINT('',(8.724103861559,-1.226329071669E-05,
    -6.687500055858));
#8381 = CARTESIAN_POINT('',(9.520757657148,-1.714891257779,
    -6.637491653627));
#8382 = CARTESIAN_POINT('',(11.02502385859,-2.308314284812,
    -6.587508254144));
#8383 = CARTESIAN_POINT('',(12.342150223011,-1.884899404424,
    -6.537497151356));
#8384 = CARTESIAN_POINT('',(12.99999978247,-0.942482036221,
    -6.487499957532));
#8385 = CARTESIAN_POINT('',(13.000000584779,5.83965709E-09,
    -6.437500112276));
#8386 = DEFINITIONAL_REPRESENTATION('',(#8387),#8391);
#8387 = LINE('',#8388,#8389);
#8388 = CARTESIAN_POINT('',(0.,6.303048278758));
#8389 = VECTOR('',#8390,1.);
#8390 = DIRECTION('',(1.,0.));
#8391 = ( GEOMETRIC_REPRESENTATION_CONTEXT(2) 
PARAMETRIC_REPRESENTATION_CONTEXT() REPRESENTATION_CONTEXT('2D SPACE',''
  ) );
#8392 = ORIENTED_EDGE('',*,*,#8393,.T.);
#8393 = EDGE_CURVE('',#8349,#7968,#8394,.T.);
#8394 = SURFACE_CURVE('',#8395,(#8407,#8414),.PCURVE_S1.);
#8395 = B_SPLINE_CURVE_WITH_KNOTS('',10,(#8396,#8397,#8398,#8399,#8400,
    #8401,#8402,#8403,#8404,#8405,#8406),.UNSPECIFIED.,.F.,.F.,(11,11),(
    0.,6.303048278758),.PIECEWISE_BEZIER_KNOTS.);
#8396 = CARTESIAN_POINT('',(13.,-5.6E-16,-6.4375));
#8397 = CARTESIAN_POINT('',(13.000000805976,0.942482042061,
    -6.387500154747));
#8398 = CARTESIAN_POINT('',(12.342180217968,1.88490053282,
    -6.337502960968));
#8399 = CARTESIAN_POINT('',(11.02493752388,2.308307351446,
    -6.287491857919));
#8400 = CARTESIAN_POINT('',(9.520847274645,1.714909336101,
    -6.237508459097));
#8401 = CARTESIAN_POINT('',(8.724103861559,-1.226329071669E-05,
    -6.187500055858));
#8402 = CARTESIAN_POINT('',(9.520757657148,-1.714891257779,
    -6.137491653627));
#8403 = CARTESIAN_POINT('',(11.02502385859,-2.308314284812,
    -6.087508254144));
#8404 = CARTESIAN_POINT('',(12.342150223011,-1.884899404424,
    -6.037497151356));
#8405 = CARTESIAN_POINT('',(12.99999978247,-0.942482036221,
    -5.987499957532));
#8406 = CARTESIAN_POINT('',(13.000000584779,5.83965709E-09,
    -5.937500112276));
#8407 = PCURVE('',#7982,#8408);
#8408 = DEFINITIONAL_REPRESENTATION('',(#8409),#8413);
#8409 = LINE('',#8410,#8411);
#8410 = CARTESIAN_POINT('',(0.3125,0.));
#8411 = VECTOR('',#8412,1.);
#8412 = DIRECTION('',(0.,1.));
#8413 = ( GEOMETRIC_REPRESENTATION_CONTEXT(2) 
PARAMETRIC_REPRESENTATION_CONTEXT() REPRESENTATION_CONTEXT('2D SPACE',''
  ) );
#8414 = PCURVE('',#8060,#8415);
#8415 = DEFINITIONAL_REPRESENTATION('',(#8416),#8419);
#8416 = B_SPLINE_CURVE_WITH_KNOTS('',1,(#8417,#8418),.UNSPECIFIED.,.F.,
  .F.,(2,2),(0.,6.303048278758),.PIECEWISE_BEZIER_KNOTS.);
#8417 = CARTESIAN_POINT('',(0.,0.));
#8418 = CARTESIAN_POINT('',(0.,6.303048278758));
#8419 = ( GEOMETRIC_REPRESENTATION_CONTEXT(2) 
PARAMETRIC_REPRESENTATION_CONTEXT() REPRESENTATION_CONTEXT('2D SPACE',''
  ) );
#8420 = ORIENTED_EDGE('',*,*,#7967,.F.);
#8421 = ADVANCED_FACE('',(#8422),#8060,.T.);
#8422 = FACE_BOUND('',#8423,.T.);
#8423 = EDGE_LOOP('',(#8424,#8425,#8470,#8499));
#8424 = ORIENTED_EDGE('',*,*,#8393,.F.);
#8425 = ORIENTED_EDGE('',*,*,#8426,.T.);
#8426 = EDGE_CURVE('',#8349,#8427,#8429,.T.);
#8427 = VERTEX_POINT('',#8428);
#8428 = CARTESIAN_POINT('',(12.999999473699,2.919909E-09,-6.50000005614)
  );
#8429 = SURFACE_CURVE('',#8430,(#8433,#8440),.PCURVE_S1.);
#8430 = B_SPLINE_CURVE_WITH_KNOTS('',1,(#8431,#8432),.UNSPECIFIED.,.F.,
  .F.,(2,2),(0.,6.25E-02),.PIECEWISE_BEZIER_KNOTS.);
#8431 = CARTESIAN_POINT('',(13.,-1.46E-15,-6.4375));
#8432 = CARTESIAN_POINT('',(13.,9.9E-16,-6.5));
#8433 = PCURVE('',#8060,#8434);
#8434 = DEFINITIONAL_REPRESENTATION('',(#8435),#8439);
#8435 = LINE('',#8436,#8437);
#8436 = CARTESIAN_POINT('',(0.,0.));
#8437 = VECTOR('',#8438,1.);
#8438 = DIRECTION('',(1.,0.));
#8439 = ( GEOMETRIC_REPRESENTATION_CONTEXT(2) 
PARAMETRIC_REPRESENTATION_CONTEXT() REPRESENTATION_CONTEXT('2D SPACE',''
  ) );
#8440 = PCURVE('',#8441,#8464);
#8441 = B_SPLINE_SURFACE_WITH_KNOTS('',1,10,(
    (#8442,#8443,#8444,#8445,#8446,#8447,#8448,#8449,#8450,#8451,#8452)
    ,(#8453,#8454,#8455,#8456,#8457,#8458,#8459,#8460,#8461,#8462,#8463
    )),.UNSPECIFIED.,.F.,.F.,.F.,(2,2),(11,11),(0.,6.25E-02),(0.,
    6.303048278758),.PIECEWISE_BEZIER_KNOTS.);
#8442 = CARTESIAN_POINT('',(13.,-1.46E-15,-6.9375));
#8443 = CARTESIAN_POINT('',(13.000000805976,0.942482042061,
    -6.887500154747));
#8444 = CARTESIAN_POINT('',(12.342180217968,1.88490053282,
    -6.837502960968));
#8445 = CARTESIAN_POINT('',(11.02493752388,2.308307351446,
    -6.787491857919));
#8446 = CARTESIAN_POINT('',(9.520847274645,1.714909336101,
    -6.737508459097));
#8447 = CARTESIAN_POINT('',(8.72410386156,-1.226329080994E-05,
    -6.687500055858));
#8448 = CARTESIAN_POINT('',(9.520757657148,-1.714891257779,
    -6.637491653627));
#8449 = CARTESIAN_POINT('',(11.02502385859,-2.308314284812,
    -6.587508254144));
#8450 = CARTESIAN_POINT('',(12.342150223011,-1.884899404424,
    -6.537497151356));
#8451 = CARTESIAN_POINT('',(12.99999978247,-0.942482036221,
    -6.487499957532));
#8452 = CARTESIAN_POINT('',(13.000000584779,5.83965796E-09,
    -6.437500112276));
#8453 = CARTESIAN_POINT('',(13.,9.9E-16,-7.));
#8454 = CARTESIAN_POINT('',(13.000001128367,0.94248211553,
    -6.950000154747));
#8455 = CARTESIAN_POINT('',(12.342186284101,1.884900904938,
    -6.900002960966));
#8456 = CARTESIAN_POINT('',(11.024920221652,2.308306144833,
    -6.849991857908));
#8457 = CARTESIAN_POINT('',(9.520865045263,1.714913087294,
    -6.800008459153));
#8458 = CARTESIAN_POINT('',(8.724103644986,-1.716644223348E-05,
    -6.750000055746));
#8459 = CARTESIAN_POINT('',(9.520739578105,-1.714887774566,
    -6.699991653748));
#8460 = CARTESIAN_POINT('',(11.025041086644,-2.308315850802,
    -6.650008254069));
#8461 = CARTESIAN_POINT('',(12.342144288229,-1.884899326496,
    -6.599997151377));
#8462 = CARTESIAN_POINT('',(12.999999693991,-0.94248210969,
    -6.549999957533));
#8463 = CARTESIAN_POINT('',(13.00000081869,5.83963466E-09,
    -6.500000112276));
#8464 = DEFINITIONAL_REPRESENTATION('',(#8465),#8469);
#8465 = LINE('',#8466,#8467);
#8466 = CARTESIAN_POINT('',(0.,6.303048278758));
#8467 = VECTOR('',#8468,1.);
#8468 = DIRECTION('',(1.,0.));
#8469 = ( GEOMETRIC_REPRESENTATION_CONTEXT(2) 
PARAMETRIC_REPRESENTATION_CONTEXT() REPRESENTATION_CONTEXT('2D SPACE',''
  ) );
#8470 = ORIENTED_EDGE('',*,*,#8471,.T.);
#8471 = EDGE_CURVE('',#8427,#8046,#8472,.T.);
#8472 = SURFACE_CURVE('',#8473,(#8485,#8492),.PCURVE_S1.);
#8473 = B_SPLINE_CURVE_WITH_KNOTS('',10,(#8474,#8475,#8476,#8477,#8478,
    #8479,#8480,#8481,#8482,#8483,#8484),.UNSPECIFIED.,.F.,.F.,(11,11),(
    0.,6.303048278758),.PIECEWISE_BEZIER_KNOTS.);
#8474 = CARTESIAN_POINT('',(13.,9.9E-16,-6.5));
#8475 = CARTESIAN_POINT('',(13.000001128367,0.94248211553,
    -6.450000154747));
#8476 = CARTESIAN_POINT('',(12.342186284101,1.884900904938,
    -6.400002960966));
#8477 = CARTESIAN_POINT('',(11.024920221652,2.308306144833,
    -6.349991857908));
#8478 = CARTESIAN_POINT('',(9.520865045263,1.714913087294,
    -6.300008459153));
#8479 = CARTESIAN_POINT('',(8.724103644986,-1.716644223348E-05,
    -6.250000055746));
#8480 = CARTESIAN_POINT('',(9.520739578105,-1.714887774566,
    -6.199991653748));
#8481 = CARTESIAN_POINT('',(11.025041086644,-2.308315850802,
    -6.150008254069));
#8482 = CARTESIAN_POINT('',(12.342144288229,-1.884899326496,
    -6.099997151377));
#8483 = CARTESIAN_POINT('',(12.999999693991,-0.94248210969,
    -6.049999957533));
#8484 = CARTESIAN_POINT('',(13.00000081869,5.83963466E-09,
    -6.000000112276));
#8485 = PCURVE('',#8060,#8486);
#8486 = DEFINITIONAL_REPRESENTATION('',(#8487),#8491);
#8487 = LINE('',#8488,#8489);
#8488 = CARTESIAN_POINT('',(6.25E-02,0.));
#8489 = VECTOR('',#8490,1.);
#8490 = DIRECTION('',(0.,1.));
#8491 = ( GEOMETRIC_REPRESENTATION_CONTEXT(2) 
PARAMETRIC_REPRESENTATION_CONTEXT() REPRESENTATION_CONTEXT('2D SPACE',''
  ) );
#8492 = PCURVE('',#8139,#8493);
#8493 = DEFINITIONAL_REPRESENTATION('',(#8494),#8498);
#8494 = LINE('',#8495,#8496);
#8495 = CARTESIAN_POINT('',(0.,0.));
#8496 = VECTOR('',#8497,1.);
#8497 = DIRECTION('',(0.,1.));
#8498 = ( GEOMETRIC_REPRESENTATION_CONTEXT(2) 
PARAMETRIC_REPRESENTATION_CONTEXT() REPRESENTATION_CONTEXT('2D SPACE',''
  ) );
#8499 = ORIENTED_EDGE('',*,*,#8045,.F.);
#8500 = ADVANCED_FACE('',(#8501),#3236,.T.);
#8501 = FACE_BOUND('',#8502,.T.);
#8502 = EDGE_LOOP('',(#8503,#8504,#8505,#8533));
#8503 = ORIENTED_EDGE('',*,*,#3128,.F.);
#8504 = ORIENTED_EDGE('',*,*,#3474,.T.);
#8505 = ORIENTED_EDGE('',*,*,#8506,.T.);
#8506 = EDGE_CURVE('',#3360,#8507,#8509,.T.);
#8507 = VERTEX_POINT('',#8508);
#8508 = CARTESIAN_POINT('',(10.270633366956,4.2858612E-08,0.593750824023
    ));
#8509 = SURFACE_CURVE('',#8510,(#8520,#8527),.PCURVE_S1.);
#8510 = B_SPLINE_CURVE_WITH_KNOTS('',8,(#8511,#8512,#8513,#8514,#8515,
    #8516,#8517,#8518,#8519),.UNSPECIFIED.,.F.,.F.,(9,9),(0.,
    3.151524139379),.PIECEWISE_BEZIER_KNOTS.);
#8511 = CARTESIAN_POINT('',(12.729367061317,0.,0.34375));
#8512 = CARTESIAN_POINT('',(12.729366901577,0.482744522812,
    0.375000307349));
#8513 = CARTESIAN_POINT('',(12.512654864953,0.965680025177,0.40626543097
    ));
#8514 = CARTESIAN_POINT('',(12.079614409191,1.334540836568,
    0.437478276578));
#8515 = CARTESIAN_POINT('',(11.499967179024,1.477823448514,
    0.468750411967));
#8516 = CARTESIAN_POINT('',(10.92043308533,1.334540887783,0.50002254751)
  );
#8517 = CARTESIAN_POINT('',(10.487329632434,0.965680203893,
    0.531235393031));
#8518 = CARTESIAN_POINT('',(10.270633224051,0.482744565671,
    0.562500516673));
#8519 = CARTESIAN_POINT('',(10.270633366956,4.285861221E-08,
    0.593750824023));
#8520 = PCURVE('',#3236,#8521);
#8521 = DEFINITIONAL_REPRESENTATION('',(#8522),#8526);
#8522 = LINE('',#8523,#8524);
#8523 = CARTESIAN_POINT('',(0.34375,0.));
#8524 = VECTOR('',#8525,1.);
#8525 = DIRECTION('',(0.,1.));
#8526 = ( GEOMETRIC_REPRESENTATION_CONTEXT(2) 
PARAMETRIC_REPRESENTATION_CONTEXT() REPRESENTATION_CONTEXT('2D SPACE',''
  ) );
#8527 = PCURVE('',#3682,#8528);
#8528 = DEFINITIONAL_REPRESENTATION('',(#8529),#8532);
#8529 = B_SPLINE_CURVE_WITH_KNOTS('',1,(#8530,#8531),.UNSPECIFIED.,.F.,
  .F.,(2,2),(0.,3.151524139379),.PIECEWISE_BEZIER_KNOTS.);
#8530 = CARTESIAN_POINT('',(0.,0.));
#8531 = CARTESIAN_POINT('',(0.,3.151524139379));
#8532 = ( GEOMETRIC_REPRESENTATION_CONTEXT(2) 
PARAMETRIC_REPRESENTATION_CONTEXT() REPRESENTATION_CONTEXT('2D SPACE',''
  ) );
#8533 = ORIENTED_EDGE('',*,*,#8534,.F.);
#8534 = EDGE_CURVE('',#3018,#8507,#8535,.T.);
#8535 = SURFACE_CURVE('',#8536,(#8539,#8546),.PCURVE_S1.);
#8536 = B_SPLINE_CURVE_WITH_KNOTS('',1,(#8537,#8538),.UNSPECIFIED.,.F.,
  .F.,(2,2),(0.,0.34375),.PIECEWISE_BEZIER_KNOTS.);
#8537 = CARTESIAN_POINT('',(9.972936663304,4.1865755E-10,0.765625008049)
  );
#8538 = CARTESIAN_POINT('',(10.270633366956,4.285861221E-08,
    0.593750824023));
#8539 = PCURVE('',#3236,#8540);
#8540 = DEFINITIONAL_REPRESENTATION('',(#8541),#8545);
#8541 = LINE('',#8542,#8543);
#8542 = CARTESIAN_POINT('',(0.,3.151524139379));
#8543 = VECTOR('',#8544,1.);
#8544 = DIRECTION('',(1.,0.));
#8545 = ( GEOMETRIC_REPRESENTATION_CONTEXT(2) 
PARAMETRIC_REPRESENTATION_CONTEXT() REPRESENTATION_CONTEXT('2D SPACE',''
  ) );
#8546 = PCURVE('',#3079,#8547);
#8547 = DEFINITIONAL_REPRESENTATION('',(#8548),#8551);
#8548 = B_SPLINE_CURVE_WITH_KNOTS('',1,(#8549,#8550),.UNSPECIFIED.,.F.,
  .F.,(2,2),(0.,0.34375),.PIECEWISE_BEZIER_KNOTS.);
#8549 = CARTESIAN_POINT('',(0.,0.));
#8550 = CARTESIAN_POINT('',(0.34375,0.));
#8551 = ( GEOMETRIC_REPRESENTATION_CONTEXT(2) 
PARAMETRIC_REPRESENTATION_CONTEXT() REPRESENTATION_CONTEXT('2D SPACE',''
  ) );
#8552 = ADVANCED_FACE('',(#8553),#3079,.T.);
#8553 = FACE_BOUND('',#8554,.T.);
#8554 = EDGE_LOOP('',(#8555,#8556,#8557));
#8555 = ORIENTED_EDGE('',*,*,#3017,.F.);
#8556 = ORIENTED_EDGE('',*,*,#8534,.T.);
#8557 = ORIENTED_EDGE('',*,*,#8558,.T.);
#8558 = EDGE_CURVE('',#8507,#2766,#8559,.T.);
#8559 = SURFACE_CURVE('',#8560,(#8570,#8577),.PCURVE_S1.);
#8560 = B_SPLINE_CURVE_WITH_KNOTS('',8,(#8561,#8562,#8563,#8564,#8565,
    #8566,#8567,#8568,#8569),.UNSPECIFIED.,.F.,.F.,(9,9),(0.,
    3.172747192313),.PIECEWISE_BEZIER_KNOTS.);
#8561 = CARTESIAN_POINT('',(10.270633366956,4.285861177E-08,
    0.593750824023));
#8562 = CARTESIAN_POINT('',(10.232260220885,-0.483024538195,0.6251464754
    ));
#8563 = CARTESIAN_POINT('',(10.410832013141,-1.000857670614,
    0.65652056915));
#8564 = CARTESIAN_POINT('',(10.833237568841,-1.438650067383,
    0.687887012534));
#8565 = CARTESIAN_POINT('',(11.456700608585,-1.663121568321,
    0.719260530731));
#8566 = CARTESIAN_POINT('',(12.13931123225,-1.564350690191,
    0.750664895446));
#8567 = CARTESIAN_POINT('',(12.691997218443,-1.170033326285,
    0.781978879036));
#8568 = CARTESIAN_POINT('',(13.000088755198,-0.599218950657,
    0.813369324953));
#8569 = CARTESIAN_POINT('',(13.036485455833,5.104720505339E-03,
    0.844722339535));
#8570 = PCURVE('',#3079,#8571);
#8571 = DEFINITIONAL_REPRESENTATION('',(#8572),#8576);
#8572 = LINE('',#8573,#8574);
#8573 = CARTESIAN_POINT('',(0.34375,0.));
#8574 = VECTOR('',#8575,1.);
#8575 = DIRECTION('',(0.,1.));
#8576 = ( GEOMETRIC_REPRESENTATION_CONTEXT(2) 
PARAMETRIC_REPRESENTATION_CONTEXT() REPRESENTATION_CONTEXT('2D SPACE',''
  ) );
#8577 = PCURVE('',#2891,#8578);
#8578 = DEFINITIONAL_REPRESENTATION('',(#8579),#8582);
#8579 = B_SPLINE_CURVE_WITH_KNOTS('',1,(#8580,#8581),.UNSPECIFIED.,.F.,
  .F.,(2,2),(0.,3.172747192313),.PIECEWISE_BEZIER_KNOTS.);
#8580 = CARTESIAN_POINT('',(0.,0.));
#8581 = CARTESIAN_POINT('',(0.,3.172747192313));
#8582 = ( GEOMETRIC_REPRESENTATION_CONTEXT(2) 
PARAMETRIC_REPRESENTATION_CONTEXT() REPRESENTATION_CONTEXT('2D SPACE',''
  ) );
#8583 = ADVANCED_FACE('',(#8584),#3682,.T.);
#8584 = FACE_BOUND('',#8585,.T.);
#8585 = EDGE_LOOP('',(#8586,#8587,#8588,#8616));
#8586 = ORIENTED_EDGE('',*,*,#8506,.F.);
#8587 = ORIENTED_EDGE('',*,*,#3664,.T.);
#8588 = ORIENTED_EDGE('',*,*,#8589,.T.);
#8589 = EDGE_CURVE('',#3611,#8590,#8592,.T.);
#8590 = VERTEX_POINT('',#8591);
#8591 = CARTESIAN_POINT('',(10.270633709576,4.2858637E-08,0.468750824024
    ));
#8592 = SURFACE_CURVE('',#8593,(#8603,#8610),.PCURVE_S1.);
#8593 = ( BOUNDED_CURVE() B_SPLINE_CURVE(8,(#8594,#8595,#8596,#8597,
    #8598,#8599,#8600,#8601,#8602),.UNSPECIFIED.,.F.,.F.) 
B_SPLINE_CURVE_WITH_KNOTS((9,9),(0.,3.151524139379),
.PIECEWISE_BEZIER_KNOTS.) CURVE() GEOMETRIC_REPRESENTATION_ITEM() 
RATIONAL_B_SPLINE_CURVE((1.056590953773,1.056590953773,1.056590953773,
    1.056590953773,1.056590953773,1.056590953773,1.056590953773,
1.056590953773,1.056590953773)) REPRESENTATION_ITEM('') );
#8594 = CARTESIAN_POINT('',(12.729367061317,0.,0.21875));
#8595 = CARTESIAN_POINT('',(12.729366773784,0.482744455524,
    0.250000307349));
#8596 = CARTESIAN_POINT('',(12.51264850933,0.965679833339,0.281265430971
    ));
#8597 = CARTESIAN_POINT('',(12.079633307643,1.334540637996,
    0.312478276592));
#8598 = CARTESIAN_POINT('',(11.499940901591,1.47782324284,0.343750411931
    ));
#8599 = CARTESIAN_POINT('',(10.920452145335,1.334540714017,
    0.375022547549));
#8600 = CARTESIAN_POINT('',(10.487323559019,0.965680126786,
    0.406235393014));
#8601 = CARTESIAN_POINT('',(10.270633438878,0.482744498382,
    0.437500516673));
#8602 = CARTESIAN_POINT('',(10.270633709576,4.285863686E-08,
    0.468750824024));
#8603 = PCURVE('',#3682,#8604);
#8604 = DEFINITIONAL_REPRESENTATION('',(#8605),#8609);
#8605 = LINE('',#8606,#8607);
#8606 = CARTESIAN_POINT('',(2.094395102393,0.));
#8607 = VECTOR('',#8608,1.);
#8608 = DIRECTION('',(0.,1.));
#8609 = ( GEOMETRIC_REPRESENTATION_CONTEXT(2) 
PARAMETRIC_REPRESENTATION_CONTEXT() REPRESENTATION_CONTEXT('2D SPACE',''
  ) );
#8610 = PCURVE('',#2584,#8611);
#8611 = DEFINITIONAL_REPRESENTATION('',(#8612),#8615);
#8612 = B_SPLINE_CURVE_WITH_KNOTS('',1,(#8613,#8614),.UNSPECIFIED.,.F.,
  .F.,(2,2),(0.,3.151524139379),.PIECEWISE_BEZIER_KNOTS.);
#8613 = CARTESIAN_POINT('',(0.,0.));
#8614 = CARTESIAN_POINT('',(0.,3.151524139379));
#8615 = ( GEOMETRIC_REPRESENTATION_CONTEXT(2) 
PARAMETRIC_REPRESENTATION_CONTEXT() REPRESENTATION_CONTEXT('2D SPACE',''
  ) );
#8616 = ORIENTED_EDGE('',*,*,#8617,.F.);
#8617 = EDGE_CURVE('',#8507,#8590,#8618,.T.);
#8618 = SURFACE_CURVE('',#8619,(#8627,#8634),.PCURVE_S1.);
#8619 = ( BOUNDED_CURVE() B_SPLINE_CURVE(6,(#8620,#8621,#8622,#8623,
#8624,#8625,#8626),.UNSPECIFIED.,.F.,.F.) B_SPLINE_CURVE_WITH_KNOTS((7,7
),(0.,2.094395102393),.PIECEWISE_BEZIER_KNOTS.) CURVE() 
GEOMETRIC_REPRESENTATION_ITEM() RATIONAL_B_SPLINE_CURVE((1.056590953773,
    1.017435169568,0.996326512422,0.989390034249,0.996326512422,
1.017435169568,1.056590953773)) REPRESENTATION_ITEM('') );
#8620 = CARTESIAN_POINT('',(10.270633366956,4.285861221E-08,
    0.593750824023));
#8621 = CARTESIAN_POINT('',(10.293289051421,4.608843018E-08,
    0.580670641296));
#8622 = CARTESIAN_POINT('',(10.309254612412,4.836449485E-08,
    0.558531946925));
#8623 = CARTESIAN_POINT('',(10.315025282864,4.918716279E-08,
    0.531250945699));
#8624 = CARTESIAN_POINT('',(10.309254761964,4.836450573E-08,
    0.503969912839));
#8625 = CARTESIAN_POINT('',(10.293289322336,4.608844972E-08,
    0.481831130947));
#8626 = CARTESIAN_POINT('',(10.270633709576,4.285863686E-08,
    0.468750824024));
#8627 = PCURVE('',#3682,#8628);
#8628 = DEFINITIONAL_REPRESENTATION('',(#8629),#8633);
#8629 = LINE('',#8630,#8631);
#8630 = CARTESIAN_POINT('',(0.,3.151524139379));
#8631 = VECTOR('',#8632,1.);
#8632 = DIRECTION('',(1.,0.));
#8633 = ( GEOMETRIC_REPRESENTATION_CONTEXT(2) 
PARAMETRIC_REPRESENTATION_CONTEXT() REPRESENTATION_CONTEXT('2D SPACE',''
  ) );
#8634 = PCURVE('',#2891,#8635);
#8635 = DEFINITIONAL_REPRESENTATION('',(#8636),#8639);
#8636 = B_SPLINE_CURVE_WITH_KNOTS('',1,(#8637,#8638),.UNSPECIFIED.,.F.,
  .F.,(2,2),(0.,2.094395102393),.PIECEWISE_BEZIER_KNOTS.);
#8637 = CARTESIAN_POINT('',(0.,0.));
#8638 = CARTESIAN_POINT('',(2.094395102393,0.));
#8639 = ( GEOMETRIC_REPRESENTATION_CONTEXT(2) 
PARAMETRIC_REPRESENTATION_CONTEXT() REPRESENTATION_CONTEXT('2D SPACE',''
  ) );
#8640 = ADVANCED_FACE('',(#8641),#2891,.T.);
#8641 = FACE_BOUND('',#8642,.T.);
#8642 = EDGE_LOOP('',(#8643,#8644,#8645,#8671));
#8643 = ORIENTED_EDGE('',*,*,#8558,.F.);
#8644 = ORIENTED_EDGE('',*,*,#8617,.T.);
#8645 = ORIENTED_EDGE('',*,*,#8646,.T.);
#8646 = EDGE_CURVE('',#8590,#2655,#8647,.T.);
#8647 = SURFACE_CURVE('',#8648,(#8658,#8665),.PCURVE_S1.);
#8648 = ( BOUNDED_CURVE() B_SPLINE_CURVE(8,(#8649,#8650,#8651,#8652,
    #8653,#8654,#8655,#8656,#8657),.UNSPECIFIED.,.F.,.F.) 
B_SPLINE_CURVE_WITH_KNOTS((9,9),(0.,3.172747192313),
.PIECEWISE_BEZIER_KNOTS.) CURVE() GEOMETRIC_REPRESENTATION_ITEM() 
RATIONAL_B_SPLINE_CURVE((1.056590953773,1.056590953773,1.056590953773,
    1.056590953773,1.056590953773,1.056590953773,1.056590953773,
1.056590953773,1.056590953773)) REPRESENTATION_ITEM('') );
#8649 = CARTESIAN_POINT('',(10.270633709576,4.285863664E-08,
    0.468750824024));
#8650 = CARTESIAN_POINT('',(10.232295136897,-0.48286410181,
    0.500146475496));
#8651 = CARTESIAN_POINT('',(10.410747552903,-1.000516297501,
    0.531520815183));
#8652 = CARTESIAN_POINT('',(10.83286900026,-1.438233619175,
    0.562887688769));
#8653 = CARTESIAN_POINT('',(11.456033992196,-1.662831057552,
    0.594261812009));
#8654 = CARTESIAN_POINT('',(12.138391485678,-1.56443773927,
    0.625666893061));
#8655 = CARTESIAN_POINT('',(12.691152311804,-1.170561739363,
    0.656981705917));
#8656 = CARTESIAN_POINT('',(12.999504147678,-0.600109910089,
    0.688373066965));
#8657 = CARTESIAN_POINT('',(13.0363096885,4.032282502627E-03,
    0.719727063693));
#8658 = PCURVE('',#2891,#8659);
#8659 = DEFINITIONAL_REPRESENTATION('',(#8660),#8664);
#8660 = LINE('',#8661,#8662);
#8661 = CARTESIAN_POINT('',(2.094395102393,0.));
#8662 = VECTOR('',#8663,1.);
#8663 = DIRECTION('',(0.,1.));
#8664 = ( GEOMETRIC_REPRESENTATION_CONTEXT(2) 
PARAMETRIC_REPRESENTATION_CONTEXT() REPRESENTATION_CONTEXT('2D SPACE',''
  ) );
#8665 = PCURVE('',#2716,#8666);
#8666 = DEFINITIONAL_REPRESENTATION('',(#8667),#8670);
#8667 = B_SPLINE_CURVE_WITH_KNOTS('',1,(#8668,#8669),.UNSPECIFIED.,.F.,
  .F.,(2,2),(0.,3.172747192313),.PIECEWISE_BEZIER_KNOTS.);
#8668 = CARTESIAN_POINT('',(0.,0.));
#8669 = CARTESIAN_POINT('',(0.,3.172747192313));
#8670 = ( GEOMETRIC_REPRESENTATION_CONTEXT(2) 
PARAMETRIC_REPRESENTATION_CONTEXT() REPRESENTATION_CONTEXT('2D SPACE',''
  ) );
#8671 = ORIENTED_EDGE('',*,*,#2765,.T.);
#8672 = ADVANCED_FACE('',(#8673),#2584,.T.);
#8673 = FACE_BOUND('',#8674,.T.);
#8674 = EDGE_LOOP('',(#8675,#8676,#8677,#8678));
#8675 = ORIENTED_EDGE('',*,*,#8589,.F.);
#8676 = ORIENTED_EDGE('',*,*,#3830,.T.);
#8677 = ORIENTED_EDGE('',*,*,#2480,.T.);
#8678 = ORIENTED_EDGE('',*,*,#8679,.F.);
#8679 = EDGE_CURVE('',#8590,#2481,#8680,.T.);
#8680 = SURFACE_CURVE('',#8681,(#8684,#8691),.PCURVE_S1.);
#8681 = B_SPLINE_CURVE_WITH_KNOTS('',1,(#8682,#8683),.UNSPECIFIED.,.F.,
  .F.,(2,2),(0.,0.34375),.PIECEWISE_BEZIER_KNOTS.);
#8682 = CARTESIAN_POINT('',(10.270633709576,4.285863686E-08,
    0.468750824024));
#8683 = CARTESIAN_POINT('',(9.972937948129,4.1874992E-10,0.296875008051)
  );
#8684 = PCURVE('',#2584,#8685);
#8685 = DEFINITIONAL_REPRESENTATION('',(#8686),#8690);
#8686 = LINE('',#8687,#8688);
#8687 = CARTESIAN_POINT('',(0.,3.151524139379));
#8688 = VECTOR('',#8689,1.);
#8689 = DIRECTION('',(1.,0.));
#8690 = ( GEOMETRIC_REPRESENTATION_CONTEXT(2) 
PARAMETRIC_REPRESENTATION_CONTEXT() REPRESENTATION_CONTEXT('2D SPACE',''
  ) );
#8691 = PCURVE('',#2716,#8692);
#8692 = DEFINITIONAL_REPRESENTATION('',(#8693),#8696);
#8693 = B_SPLINE_CURVE_WITH_KNOTS('',1,(#8694,#8695),.UNSPECIFIED.,.F.,
  .F.,(2,2),(0.,0.34375),.PIECEWISE_BEZIER_KNOTS.);
#8694 = CARTESIAN_POINT('',(0.,0.));
#8695 = CARTESIAN_POINT('',(0.34375,0.));
#8696 = ( GEOMETRIC_REPRESENTATION_CONTEXT(2) 
PARAMETRIC_REPRESENTATION_CONTEXT() REPRESENTATION_CONTEXT('2D SPACE',''
  ) );
#8697 = ADVANCED_FACE('',(#8698),#2716,.T.);
#8698 = FACE_BOUND('',#8699,.T.);
#8699 = EDGE_LOOP('',(#8700,#8701,#8702));
#8700 = ORIENTED_EDGE('',*,*,#8646,.F.);
#8701 = ORIENTED_EDGE('',*,*,#8679,.T.);
#8702 = ORIENTED_EDGE('',*,*,#2654,.T.);
#8703 = ADVANCED_FACE('',(#8704),#8139,.T.);
#8704 = FACE_BOUND('',#8705,.T.);
#8705 = EDGE_LOOP('',(#8706,#8707,#8752,#8780));
#8706 = ORIENTED_EDGE('',*,*,#8471,.F.);
#8707 = ORIENTED_EDGE('',*,*,#8708,.T.);
#8708 = EDGE_CURVE('',#8427,#8709,#8711,.T.);
#8709 = VERTEX_POINT('',#8710);
#8710 = CARTESIAN_POINT('',(12.729366827407,2.9260178E-08,
    -6.656250562572));
#8711 = SURFACE_CURVE('',#8712,(#8715,#8722),.PCURVE_S1.);
#8712 = B_SPLINE_CURVE_WITH_KNOTS('',1,(#8713,#8714),.UNSPECIFIED.,.F.,
  .F.,(2,2),(0.,0.3125),.PIECEWISE_BEZIER_KNOTS.);
#8713 = CARTESIAN_POINT('',(12.999998947399,5.83981767E-09,
    -6.500000112279));
#8714 = CARTESIAN_POINT('',(12.729366593497,5.852035727E-08,
    -6.656251125144));
#8715 = PCURVE('',#8139,#8716);
#8716 = DEFINITIONAL_REPRESENTATION('',(#8717),#8721);
#8717 = LINE('',#8718,#8719);
#8718 = CARTESIAN_POINT('',(0.,0.));
#8719 = VECTOR('',#8720,1.);
#8720 = DIRECTION('',(1.,0.));
#8721 = ( GEOMETRIC_REPRESENTATION_CONTEXT(2) 
PARAMETRIC_REPRESENTATION_CONTEXT() REPRESENTATION_CONTEXT('2D SPACE',''
  ) );
#8722 = PCURVE('',#8723,#8746);
#8723 = B_SPLINE_SURFACE_WITH_KNOTS('',1,10,(
    (#8724,#8725,#8726,#8727,#8728,#8729,#8730,#8731,#8732,#8733,#8734)
    ,(#8735,#8736,#8737,#8738,#8739,#8740,#8741,#8742,#8743,#8744,#8745
    )),.UNSPECIFIED.,.F.,.F.,.F.,(2,2),(11,11),(0.,0.3125),(0.,
    6.303048278758),.PIECEWISE_BEZIER_KNOTS.);
#8724 = CARTESIAN_POINT('',(13.,1.04E-15,-7.));
#8725 = CARTESIAN_POINT('',(12.999998549242,0.942481527773,
    -6.950000154747));
#8726 = CARTESIAN_POINT('',(12.342137755035,1.884897927994,
    -6.900002960982));
#8727 = CARTESIAN_POINT('',(11.025058639477,2.30831579774,
    -6.849991857995));
#8728 = CARTESIAN_POINT('',(9.520722880316,1.71488307775,-6.800008458702
    ));
#8729 = CARTESIAN_POINT('',(8.724105377576,2.205876887018E-05,
    -6.750000056644));
#8730 = CARTESIAN_POINT('',(9.520884210451,-1.714915640266,
    -6.699991652773));
#8731 = CARTESIAN_POINT('',(11.024903262209,-2.308303322877,
    -6.650008254668));
#8732 = CARTESIAN_POINT('',(12.342191766491,-1.884899949923,
    -6.599997151211));
#8733 = CARTESIAN_POINT('',(13.000000401825,-0.942481521934,
    -6.549999957527));
#8734 = CARTESIAN_POINT('',(12.999998947399,5.83981767E-09,
    -6.500000112279));
#8735 = CARTESIAN_POINT('',(12.729367061317,-6.2E-16,-7.15625));
#8736 = CARTESIAN_POINT('',(12.729366416536,0.772474667544,
    -7.10625155074));
#8737 = CARTESIAN_POINT('',(12.190181709836,1.544524758362,
    -7.056279672206));
#8738 = CARTESIAN_POINT('',(11.110833561861,1.892517108095,
    -7.006168407703));
#8739 = CARTESIAN_POINT('',(9.877611517613,1.404841839361,
    -6.956334767911));
#8740 = CARTESIAN_POINT('',(9.225251982551,9.75207505949E-06,
    -6.906250562796));
#8741 = CARTESIAN_POINT('',(9.877683283657,-1.404856385268,
    -6.856166356875));
#8742 = CARTESIAN_POINT('',(11.110764591517,-1.892511581469,
    -6.806332717612));
#8743 = CARTESIAN_POINT('',(12.190205785161,-1.544525625589,
    -6.7562214529));
#8744 = CARTESIAN_POINT('',(12.729367275034,-0.772474609024,
    -6.706249574402));
#8745 = CARTESIAN_POINT('',(12.729366593497,5.852035727E-08,
    -6.656251125144));
#8746 = DEFINITIONAL_REPRESENTATION('',(#8747),#8751);
#8747 = LINE('',#8748,#8749);
#8748 = CARTESIAN_POINT('',(0.,6.303048278758));
#8749 = VECTOR('',#8750,1.);
#8750 = DIRECTION('',(1.,0.));
#8751 = ( GEOMETRIC_REPRESENTATION_CONTEXT(2) 
PARAMETRIC_REPRESENTATION_CONTEXT() REPRESENTATION_CONTEXT('2D SPACE',''
  ) );
#8752 = ORIENTED_EDGE('',*,*,#8753,.T.);
#8753 = EDGE_CURVE('',#8709,#8125,#8754,.T.);
#8754 = SURFACE_CURVE('',#8755,(#8767,#8774),.PCURVE_S1.);
#8755 = B_SPLINE_CURVE_WITH_KNOTS('',10,(#8756,#8757,#8758,#8759,#8760,
    #8761,#8762,#8763,#8764,#8765,#8766),.UNSPECIFIED.,.F.,.F.,(11,11),(
    0.,6.303048278758),.PIECEWISE_BEZIER_KNOTS.);
#8756 = CARTESIAN_POINT('',(12.729367061317,-6.2E-16,-6.65625));
#8757 = CARTESIAN_POINT('',(12.729366416536,0.772474667544,
    -6.60625155074));
#8758 = CARTESIAN_POINT('',(12.190181709836,1.544524758362,
    -6.556279672206));
#8759 = CARTESIAN_POINT('',(11.110833561861,1.892517108095,
    -6.506168407703));
#8760 = CARTESIAN_POINT('',(9.877611517613,1.404841839361,
    -6.456334767911));
#8761 = CARTESIAN_POINT('',(9.225251982551,9.75207505949E-06,
    -6.406250562796));
#8762 = CARTESIAN_POINT('',(9.877683283657,-1.404856385268,
    -6.356166356875));
#8763 = CARTESIAN_POINT('',(11.110764591517,-1.892511581469,
    -6.306332717612));
#8764 = CARTESIAN_POINT('',(12.190205785161,-1.544525625589,
    -6.2562214529));
#8765 = CARTESIAN_POINT('',(12.729367275034,-0.772474609024,
    -6.206249574402));
#8766 = CARTESIAN_POINT('',(12.729366593497,5.852035727E-08,
    -6.156251125144));
#8767 = PCURVE('',#8139,#8768);
#8768 = DEFINITIONAL_REPRESENTATION('',(#8769),#8773);
#8769 = LINE('',#8770,#8771);
#8770 = CARTESIAN_POINT('',(0.3125,0.));
#8771 = VECTOR('',#8772,1.);
#8772 = DIRECTION('',(0.,1.));
#8773 = ( GEOMETRIC_REPRESENTATION_CONTEXT(2) 
PARAMETRIC_REPRESENTATION_CONTEXT() REPRESENTATION_CONTEXT('2D SPACE',''
  ) );
#8774 = PCURVE('',#8222,#8775);
#8775 = DEFINITIONAL_REPRESENTATION('',(#8776),#8779);
#8776 = B_SPLINE_CURVE_WITH_KNOTS('',1,(#8777,#8778),.UNSPECIFIED.,.F.,
  .F.,(2,2),(0.,6.303048278758),.PIECEWISE_BEZIER_KNOTS.);
#8777 = CARTESIAN_POINT('',(0.,0.));
#8778 = CARTESIAN_POINT('',(0.,6.303048278758));
#8779 = ( GEOMETRIC_REPRESENTATION_CONTEXT(2) 
PARAMETRIC_REPRESENTATION_CONTEXT() REPRESENTATION_CONTEXT('2D SPACE',''
  ) );
#8780 = ORIENTED_EDGE('',*,*,#8124,.F.);
#8781 = ADVANCED_FACE('',(#8782),#8723,.T.);
#8782 = FACE_BOUND('',#8783,.T.);
#8783 = EDGE_LOOP('',(#8784,#8815,#8900,#9013));
#8784 = ORIENTED_EDGE('',*,*,#8785,.F.);
#8785 = EDGE_CURVE('',#8786,#8427,#8788,.T.);
#8786 = VERTEX_POINT('',#8787);
#8787 = CARTESIAN_POINT('',(13.,1.E-15,-7.));
#8788 = SURFACE_CURVE('',#8789,(#8801,#8808),.PCURVE_S1.);
#8789 = B_SPLINE_CURVE_WITH_KNOTS('',10,(#8790,#8791,#8792,#8793,#8794,
    #8795,#8796,#8797,#8798,#8799,#8800),.UNSPECIFIED.,.F.,.F.,(11,11),(
    0.,6.303048278758),.PIECEWISE_BEZIER_KNOTS.);
#8790 = CARTESIAN_POINT('',(13.,9.9E-16,-7.));
#8791 = CARTESIAN_POINT('',(13.000001128367,0.94248211553,
    -6.950000154747));
#8792 = CARTESIAN_POINT('',(12.342186284101,1.884900904938,
    -6.900002960966));
#8793 = CARTESIAN_POINT('',(11.024920221652,2.308306144833,
    -6.849991857908));
#8794 = CARTESIAN_POINT('',(9.520865045263,1.714913087294,
    -6.800008459153));
#8795 = CARTESIAN_POINT('',(8.724103644986,-1.716644223348E-05,
    -6.750000055746));
#8796 = CARTESIAN_POINT('',(9.520739578105,-1.714887774566,
    -6.699991653748));
#8797 = CARTESIAN_POINT('',(11.025041086644,-2.308315850802,
    -6.650008254069));
#8798 = CARTESIAN_POINT('',(12.342144288229,-1.884899326496,
    -6.599997151377));
#8799 = CARTESIAN_POINT('',(12.999999693991,-0.94248210969,
    -6.549999957533));
#8800 = CARTESIAN_POINT('',(13.00000081869,5.83963466E-09,
    -6.500000112276));
#8801 = PCURVE('',#8723,#8802);
#8802 = DEFINITIONAL_REPRESENTATION('',(#8803),#8807);
#8803 = LINE('',#8804,#8805);
#8804 = CARTESIAN_POINT('',(0.,0.));
#8805 = VECTOR('',#8806,1.);
#8806 = DIRECTION('',(0.,1.));
#8807 = ( GEOMETRIC_REPRESENTATION_CONTEXT(2) 
PARAMETRIC_REPRESENTATION_CONTEXT() REPRESENTATION_CONTEXT('2D SPACE',''
  ) );
#8808 = PCURVE('',#8441,#8809);
#8809 = DEFINITIONAL_REPRESENTATION('',(#8810),#8814);
#8810 = LINE('',#8811,#8812);
#8811 = CARTESIAN_POINT('',(6.25E-02,0.));
#8812 = VECTOR('',#8813,1.);
#8813 = DIRECTION('',(0.,1.));
#8814 = ( GEOMETRIC_REPRESENTATION_CONTEXT(2) 
PARAMETRIC_REPRESENTATION_CONTEXT() REPRESENTATION_CONTEXT('2D SPACE',''
  ) );
#8815 = ORIENTED_EDGE('',*,*,#8816,.T.);
#8816 = EDGE_CURVE('',#8786,#8817,#8819,.T.);
#8817 = VERTEX_POINT('',#8818);
#8818 = CARTESIAN_POINT('',(11.029537949288,1.135805459599,-7.));
#8819 = SURFACE_CURVE('',#8820,(#8843,#8869),.PCURVE_S1.);
#8820 = B_SPLINE_CURVE_WITH_KNOTS('',6,(#8821,#8822,#8823,#8824,#8825,
    #8826,#8827,#8828,#8829,#8830,#8831,#8832,#8833,#8834,#8835,#8836,
    #8837,#8838,#8839,#8840,#8841,#8842),.UNSPECIFIED.,.F.,.F.,(7,5,5,5,
    7),(0.,0.237153002421,0.484790227589,0.7268692883,1.),
  .UNSPECIFIED.);
#8821 = CARTESIAN_POINT('',(13.,1.33E-15,-7.));
#8822 = CARTESIAN_POINT('',(12.989947419101,0.109398991791,-7.));
#8823 = CARTESIAN_POINT('',(12.970266280963,0.217646691905,-7.));
#8824 = CARTESIAN_POINT('',(12.94104292504,0.323649812185,-7.));
#8825 = CARTESIAN_POINT('',(12.902534364141,0.426342809478,-7.));
#8826 = CARTESIAN_POINT('',(12.855149604989,0.524690663161,-7.));
#8827 = CARTESIAN_POINT('',(12.741341802386,0.714848763384,-7.));
#8828 = CARTESIAN_POINT('',(12.674160114847,0.80619383744,-7.));
#8829 = CARTESIAN_POINT('',(12.598597342444,0.890625749117,-7.));
#8830 = CARTESIAN_POINT('',(12.515499662421,0.96714753521,-7.));
#8831 = CARTESIAN_POINT('',(12.42586479804,1.034881431648,-7.));
#8832 = CARTESIAN_POINT('',(12.237989132894,1.150049519899,-7.));
#8833 = CARTESIAN_POINT('',(12.139970195822,1.197915319915,-7.));
#8834 = CARTESIAN_POINT('',(12.037895096752,1.236046955967,-7.));
#8835 = CARTESIAN_POINT('',(11.932954499442,1.263967447417,-7.));
#8836 = CARTESIAN_POINT('',(11.826416985827,1.281376909019,-7.));
#8837 = CARTESIAN_POINT('',(11.599125303185,1.295909556741,-7.));
#8838 = CARTESIAN_POINT('',(11.478267144814,1.290146298171,-7.));
#8839 = CARTESIAN_POINT('',(11.358985589638,1.270800510679,-7.));
#8840 = CARTESIAN_POINT('',(11.243202038492,1.238151423527,-7.));
#8841 = CARTESIAN_POINT('',(11.132797751175,1.19280994665,-7.));
#8842 = CARTESIAN_POINT('',(11.029537949288,1.135805459599,-7.));
#8843 = PCURVE('',#8723,#8844);
#8844 = DEFINITIONAL_REPRESENTATION('',(#8845),#8868);
#8845 = B_SPLINE_CURVE_WITH_KNOTS('',6,(#8846,#8847,#8848,#8849,#8850,
    #8851,#8852,#8853,#8854,#8855,#8856,#8857,#8858,#8859,#8860,#8861,
    #8862,#8863,#8864,#8865,#8866,#8867),.UNSPECIFIED.,.F.,.F.,(7,5,5,5,
    7),(0.,0.237153002421,0.484790227589,0.7268692883,1.),
  .UNSPECIFIED.);
#8846 = CARTESIAN_POINT('',(0.,0.));
#8847 = CARTESIAN_POINT('',(1.160751189784E-02,7.316293432477E-02));
#8848 = CARTESIAN_POINT('',(2.327950581889E-02,0.146732972227));
#8849 = CARTESIAN_POINT('',(3.501557803007E-02,0.220707889461));
#8850 = CARTESIAN_POINT('',(4.681752263674E-02,0.295098455754));
#8851 = CARTESIAN_POINT('',(5.868753111989E-02,0.369917983));
#8852 = CARTESIAN_POINT('',(8.309020184447E-02,0.523733046806));
#8853 = CARTESIAN_POINT('',(9.563099495016E-02,0.602779797344));
#8854 = CARTESIAN_POINT('',(0.108246267526,0.682295147134));
#8855 = CARTESIAN_POINT('',(0.120938518489,0.762294649122));
#8856 = CARTESIAN_POINT('',(0.133710837719,0.842797928535));
#8857 = CARTESIAN_POINT('',(0.159125717386,1.002985424141));
#8858 = CARTESIAN_POINT('',(0.171766950997,1.082661304937));
#8859 = CARTESIAN_POINT('',(0.184485153204,1.162822000295));
#8860 = CARTESIAN_POINT('',(0.197282843555,1.243483797014));
#8861 = CARTESIAN_POINT('',(0.210163099379,1.324666466061));
#8862 = CARTESIAN_POINT('',(0.237749539724,1.49854190863));
#8863 = CARTESIAN_POINT('',(0.252481989002,1.591400418522));
#8864 = CARTESIAN_POINT('',(0.267319098251,1.684919822211));
#8865 = CARTESIAN_POINT('',(0.282265292986,1.779128127606));
#8866 = CARTESIAN_POINT('',(0.297326429628,1.874061985014));
#8867 = CARTESIAN_POINT('',(0.3125,1.969705141847));
#8868 = ( GEOMETRIC_REPRESENTATION_CONTEXT(2) 
PARAMETRIC_REPRESENTATION_CONTEXT() REPRESENTATION_CONTEXT('2D SPACE',''
  ) );
#8869 = PCURVE('',#8870,#8875);
#8870 = PLANE('',#8871);
#8871 = AXIS2_PLACEMENT_3D('',#8872,#8873,#8874);
#8872 = CARTESIAN_POINT('',(11.643589744023,-5.95170206772E-02,-7.));
#8873 = DIRECTION('',(0.,0.,1.));
#8874 = DIRECTION('',(0.,1.,0.));
#8875 = DEFINITIONAL_REPRESENTATION('',(#8876),#8899);
#8876 = B_SPLINE_CURVE_WITH_KNOTS('',6,(#8877,#8878,#8879,#8880,#8881,
    #8882,#8883,#8884,#8885,#8886,#8887,#8888,#8889,#8890,#8891,#8892,
    #8893,#8894,#8895,#8896,#8897,#8898),.UNSPECIFIED.,.F.,.F.,(7,5,5,5,
    7),(0.,0.237153002421,0.484790227589,0.7268692883,1.),
  .UNSPECIFIED.);
#8877 = CARTESIAN_POINT('',(5.951702067721E-02,-1.356410255977));
#8878 = CARTESIAN_POINT('',(0.168916012468,-1.346357675078));
#8879 = CARTESIAN_POINT('',(0.277163712582,-1.32667653694));
#8880 = CARTESIAN_POINT('',(0.383166832863,-1.297453181017));
#8881 = CARTESIAN_POINT('',(0.485859830155,-1.258944620118));
#8882 = CARTESIAN_POINT('',(0.584207683838,-1.211559860966));
#8883 = CARTESIAN_POINT('',(0.774365784061,-1.097752058363));
#8884 = CARTESIAN_POINT('',(0.865710858117,-1.030570370823));
#8885 = CARTESIAN_POINT('',(0.950142769794,-0.955007598421));
#8886 = CARTESIAN_POINT('',(1.026664555887,-0.871909918398));
#8887 = CARTESIAN_POINT('',(1.094398452325,-0.782275054017));
#8888 = CARTESIAN_POINT('',(1.209566540576,-0.594399388871));
#8889 = CARTESIAN_POINT('',(1.257432340592,-0.496380451799));
#8890 = CARTESIAN_POINT('',(1.295563976645,-0.394305352729));
#8891 = CARTESIAN_POINT('',(1.323484468095,-0.289364755419));
#8892 = CARTESIAN_POINT('',(1.340893929696,-0.182827241804));
#8893 = CARTESIAN_POINT('',(1.355426577418,4.446444083828E-02));
#8894 = CARTESIAN_POINT('',(1.349663318848,0.165322599209));
#8895 = CARTESIAN_POINT('',(1.330317531356,0.284604154385));
#8896 = CARTESIAN_POINT('',(1.297668444205,0.400387705532));
#8897 = CARTESIAN_POINT('',(1.252326967327,0.510791992848));
#8898 = CARTESIAN_POINT('',(1.195322480276,0.614051794735));
#8899 = ( GEOMETRIC_REPRESENTATION_CONTEXT(2) 
PARAMETRIC_REPRESENTATION_CONTEXT() REPRESENTATION_CONTEXT('2D SPACE',''
  ) );
#8900 = ORIENTED_EDGE('',*,*,#8901,.T.);
#8901 = EDGE_CURVE('',#8817,#8709,#8902,.T.);
#8902 = SURFACE_CURVE('',#8903,(#8915,#8922),.PCURVE_S1.);
#8903 = B_SPLINE_CURVE_WITH_KNOTS('',10,(#8904,#8905,#8906,#8907,#8908,
    #8909,#8910,#8911,#8912,#8913,#8914),.UNSPECIFIED.,.F.,.F.,(11,11),(
    0.,6.303048278758),.PIECEWISE_BEZIER_KNOTS.);
#8904 = CARTESIAN_POINT('',(12.729367061317,-6.2E-16,-7.15625));
#8905 = CARTESIAN_POINT('',(12.729366416536,0.772474667544,
    -7.10625155074));
#8906 = CARTESIAN_POINT('',(12.190181709836,1.544524758362,
    -7.056279672206));
#8907 = CARTESIAN_POINT('',(11.110833561861,1.892517108095,
    -7.006168407703));
#8908 = CARTESIAN_POINT('',(9.877611517613,1.404841839361,
    -6.956334767911));
#8909 = CARTESIAN_POINT('',(9.225251982551,9.75207505949E-06,
    -6.906250562796));
#8910 = CARTESIAN_POINT('',(9.877683283657,-1.404856385268,
    -6.856166356875));
#8911 = CARTESIAN_POINT('',(11.110764591517,-1.892511581469,
    -6.806332717612));
#8912 = CARTESIAN_POINT('',(12.190205785161,-1.544525625589,
    -6.7562214529));
#8913 = CARTESIAN_POINT('',(12.729367275034,-0.772474609024,
    -6.706249574402));
#8914 = CARTESIAN_POINT('',(12.729366593497,5.852035727E-08,
    -6.656251125144));
#8915 = PCURVE('',#8723,#8916);
#8916 = DEFINITIONAL_REPRESENTATION('',(#8917),#8921);
#8917 = LINE('',#8918,#8919);
#8918 = CARTESIAN_POINT('',(0.3125,0.));
#8919 = VECTOR('',#8920,1.);
#8920 = DIRECTION('',(0.,1.));
#8921 = ( GEOMETRIC_REPRESENTATION_CONTEXT(2) 
PARAMETRIC_REPRESENTATION_CONTEXT() REPRESENTATION_CONTEXT('2D SPACE',''
  ) );
#8922 = PCURVE('',#8923,#9008);
#8923 = ( BOUNDED_SURFACE() B_SPLINE_SURFACE(6,11,(
    (#8924,#8925,#8926,#8927,#8928,#8929,#8930,#8931,#8932,#8933,#8934
      ,#8935)
    ,(#8936,#8937,#8938,#8939,#8940,#8941,#8942,#8943,#8944,#8945,#8946
      ,#8947)
    ,(#8948,#8949,#8950,#8951,#8952,#8953,#8954,#8955,#8956,#8957,#8958
      ,#8959)
    ,(#8960,#8961,#8962,#8963,#8964,#8965,#8966,#8967,#8968,#8969,#8970
      ,#8971)
    ,(#8972,#8973,#8974,#8975,#8976,#8977,#8978,#8979,#8980,#8981,#8982
      ,#8983)
    ,(#8984,#8985,#8986,#8987,#8988,#8989,#8990,#8991,#8992,#8993,#8994
      ,#8995)
    ,(#8996,#8997,#8998,#8999,#9000,#9001,#9002,#9003,#9004,#9005,#9006
,#9007
    )),.UNSPECIFIED.,.F.,.F.,.F.) B_SPLINE_SURFACE_WITH_KNOTS((7,7),(12,
    12),(0.,2.094395102393),(0.,6.303048278758),
.PIECEWISE_BEZIER_KNOTS.) GEOMETRIC_REPRESENTATION_ITEM() 
RATIONAL_B_SPLINE_SURFACE((
    (1.056590953773,1.056590953773,1.056590953773,1.056590953773
      ,1.056590953773,1.056590953773,1.056590953773,1.056590953773
      ,1.056590953773,1.056590953773,1.056590953773,1.056590953773)
    ,(1.017435169568,1.017435169568,1.017435169568,1.017435169568
      ,1.017435169569,1.017435169567,1.017435169569,1.017435169567
      ,1.017435169569,1.017435169568,1.017435169568,1.017435169568)
    ,(0.996326512422,0.996326512422,0.996326512422,0.996326512422
      ,0.996326512422,0.996326512422,0.996326512422,0.996326512422
      ,0.996326512422,0.996326512422,0.996326512422,0.996326512422)
    ,(0.989390034249,0.989390034249,0.989390034249,0.989390034248
      ,0.989390034249,0.989390034248,0.989390034249,0.989390034248
      ,0.989390034249,0.989390034249,0.989390034249,0.989390034249)
    ,(0.996326512422,0.996326512422,0.996326512422,0.996326512422
      ,0.996326512423,0.996326512422,0.996326512423,0.996326512422
      ,0.996326512422,0.996326512422,0.996326512422,0.996326512422)
    ,(1.017435169568,1.017435169568,1.017435169568,1.017435169568
      ,1.017435169568,1.017435169568,1.017435169568,1.017435169568
      ,1.017435169568,1.017435169568,1.017435169568,1.017435169568)
    ,(1.056590953773,1.056590953773,1.056590953773,1.056590953773
      ,1.056590953773,1.056590953773,1.056590953773,1.056590953773
      ,1.056590953773,1.056590953773,1.056590953773,1.056590953773
))) REPRESENTATION_ITEM('') SURFACE() );
#8924 = CARTESIAN_POINT('',(12.729367061317,-8.9E-16,-7.15625));
#8925 = CARTESIAN_POINT('',(12.729366475153,0.702249697767,
    -7.110796864309));
#8926 = CARTESIAN_POINT('',(12.288215292872,1.404152014577,
    -7.065365468303));
#8927 = CARTESIAN_POINT('',(11.405228126135,1.799593725218,
    -7.019764593877));
#8928 = CARTESIAN_POINT('',(10.325950267665,1.57438550159,
    -6.974733143471));
#8929 = CARTESIAN_POINT('',(9.521967668362,0.65248550448,-6.928521374864
    ));
#8930 = CARTESIAN_POINT('',(9.521623040452,-0.652481477629,
    -6.883979750362));
#8931 = CARTESIAN_POINT('',(10.326182116191,-1.574392748394,
    -6.837767981508));
#8932 = CARTESIAN_POINT('',(11.405130756775,-1.79958994237,
    -6.792736531381));
#8933 = CARTESIAN_POINT('',(12.288235146956,-1.404152713486,
    -6.747135656809));
#8934 = CARTESIAN_POINT('',(12.729367213076,-0.702249639247,
    -6.701704260833));
#8935 = CARTESIAN_POINT('',(12.729366593497,5.852035787E-08,
    -6.656251125144));
#8936 = CARTESIAN_POINT('',(12.706711412705,-9.4E-16,-7.169330244825));
#8937 = CARTESIAN_POINT('',(12.706710887878,0.689311624436,
    -7.123877215373));
#8938 = CARTESIAN_POINT('',(12.273688183304,1.378251248192,
    -7.078447563906));
#8939 = CARTESIAN_POINT('',(11.406978207997,1.766508676863,
    -7.03283566216));
#8940 = CARTESIAN_POINT('',(10.347584688725,1.545207894049,
    -6.987836096092));
#8941 = CARTESIAN_POINT('',(9.558411450456,0.640693720037,
    -6.941567263358));
#8942 = CARTESIAN_POINT('',(9.558102890851,-0.640690131518,-6.8970944363
    ));
#8943 = CARTESIAN_POINT('',(10.347792289543,-1.545214392582,
    -6.850825603345));
#8944 = CARTESIAN_POINT('',(11.40689104302,-1.766505290677,
    -6.805826037527));
#8945 = CARTESIAN_POINT('',(12.273705971844,-1.378251867211,
    -6.760214135651));
#8946 = CARTESIAN_POINT('',(12.706711554598,-0.689311561506,
    -6.71478448421));
#8947 = CARTESIAN_POINT('',(12.706710993838,6.293043361E-08,
    -6.66933145476));
#8948 = CARTESIAN_POINT('',(12.690745912395,1.22E-15,-7.191468982957));
#8949 = CARTESIAN_POINT('',(12.690745491383,0.680194141001,
    -7.146016028373));
#8950 = CARTESIAN_POINT('',(12.263451925878,1.359998969821,
    -7.100587606286));
#8951 = CARTESIAN_POINT('',(11.408206456915,1.743193388315,
    -7.05496793356));
#8952 = CARTESIAN_POINT('',(10.362842483049,1.524646753448,
    -7.009990836458));
#8953 = CARTESIAN_POINT('',(9.584075635439,0.632383815438,
    -6.963681790518));
#8954 = CARTESIAN_POINT('',(9.583828120218,-0.632380961802,
    -6.919257445142));
#8955 = CARTESIAN_POINT('',(10.363009038308,-1.52465198135,
    -6.872948399024));
#8956 = CARTESIAN_POINT('',(11.408136556791,-1.743190673158,
    -6.827971302122));
#8957 = CARTESIAN_POINT('',(12.263466213444,-1.359999456416,
    -6.782351629292));
#8958 = CARTESIAN_POINT('',(12.690746035103,-0.680194074963,
    -6.736923207227));
#8959 = CARTESIAN_POINT('',(12.690745576385,6.60382207E-08,
    -6.691470252644));
#8960 = CARTESIAN_POINT('',(12.684975316719,-1.4E-16,-7.21875));
#8961 = CARTESIAN_POINT('',(12.684975023637,0.676898723975,
    -7.173297072476));
#8962 = CARTESIAN_POINT('',(12.25975366587,1.353401935503,
    -7.127869094738));
#8963 = CARTESIAN_POINT('',(11.408642878931,1.73476603417,
    -7.082246613264));
#8964 = CARTESIAN_POINT('',(10.368375123567,1.517215703287,
    -7.03727763735));
#8965 = CARTESIAN_POINT('',(9.593325101967,0.629379971356,
    -6.990954056757));
#8966 = CARTESIAN_POINT('',(9.593152808743,-0.62937801894,
    -6.946547234568));
#8967 = CARTESIAN_POINT('',(10.368491095967,-1.517219362841,
    -6.900223653851));
#8968 = CARTESIAN_POINT('',(11.408594249883,-1.734764145693,
    -6.855254678077));
#8969 = CARTESIAN_POINT('',(12.259763636185,-1.353402260651,
    -6.80963219653));
#8970 = CARTESIAN_POINT('',(12.684975414241,-0.676898656813,
    -6.764204218807));
#8971 = CARTESIAN_POINT('',(12.68497508281,6.716149847E-08,
    -6.718751291284));
#8972 = CARTESIAN_POINT('',(12.690745912395,1.9E-16,-7.246031017043));
#8973 = CARTESIAN_POINT('',(12.690745747242,0.680194199309,
    -7.200578062459));
#8974 = CARTESIAN_POINT('',(12.263456309886,1.359999247274,
    -7.15514964037));
#8975 = CARTESIAN_POINT('',(11.408185179577,1.743192710825,
    -7.109529967663));
#8976 = CARTESIAN_POINT('',(10.362892969892,1.524648454363,
    -7.064552870478));
#8977 = CARTESIAN_POINT('',(9.584000249732,0.632382969166,
    -7.018243824741));
#8978 = CARTESIAN_POINT('',(9.583903177282,-0.632381914354,
    -6.973819479055));
#8979 = CARTESIAN_POINT('',(10.362958356576,-1.524650543427,
    -6.927510433248));
#8980 = CARTESIAN_POINT('',(11.408157818309,-1.743191648853,
    -6.882533336142));
#8981 = CARTESIAN_POINT('',(12.263461960383,-1.359999412416,
    -6.836913663393));
#8982 = CARTESIAN_POINT('',(12.690745983447,-0.680194133271,
    -6.791485241313));
#8983 = CARTESIAN_POINT('',(12.690745780588,6.603820094E-08,
    -6.74603228673));
#8984 = CARTESIAN_POINT('',(12.706711412705,9.7E-16,-7.268169755175));
#8985 = CARTESIAN_POINT('',(12.706711351367,0.689311730061,
    -7.222716725723));
#8986 = CARTESIAN_POINT('',(12.273696124966,1.3782517508,-7.177287074253
    ));
#8987 = CARTESIAN_POINT('',(11.406939663948,1.766507449584,
    -7.13167517254));
#8988 = CARTESIAN_POINT('',(10.347676145997,1.545210975269,
    -7.086675606322));
#8989 = CARTESIAN_POINT('',(9.558274888716,0.64069218701,-7.040406773956
    ));
#8990 = CARTESIAN_POINT('',(9.558238857252,-0.640691857074,
    -6.995933946337));
#8991 = CARTESIAN_POINT('',(10.347700479227,-1.545211787773,
    -6.949665113944));
#8992 = CARTESIAN_POINT('',(11.406929558411,-1.766507058156,
    -6.904665547756));
#8993 = CARTESIAN_POINT('',(12.273698267393,-1.378251787504,
    -6.859053646028));
#8994 = CARTESIAN_POINT('',(12.706711461023,-0.689311667131,
    -6.813623994561));
#8995 = CARTESIAN_POINT('',(12.706711363753,6.29303967E-08,
    -6.768170965109));
#8996 = CARTESIAN_POINT('',(12.729367061317,-1.11E-15,-7.28125));
#8997 = CARTESIAN_POINT('',(12.729367061317,0.702249831348,
    -7.235796864309));
#8998 = CARTESIAN_POINT('',(12.288225336505,1.404152650213,-7.1903654683
    ));
#8999 = CARTESIAN_POINT('',(11.405179380384,1.799592173108,
    -7.144764593915));
#9000 = CARTESIAN_POINT('',(10.326065931524,1.574389398336,
    -7.099733143319));
#9001 = CARTESIAN_POINT('',(9.521794961946,0.652483565697,
    -7.053521375178));
#9002 = CARTESIAN_POINT('',(9.521794993958,-0.652483659898,
    -7.008979749966));
#9003 = CARTESIAN_POINT('',(10.326066005847,-1.574389454154,
    -6.962767981824));
#9004 = CARTESIAN_POINT('',(11.405179466282,-1.799592177659,
    -6.917736531229));
#9005 = CARTESIAN_POINT('',(12.288225403319,-1.404152612683,
    -6.872135656843));
#9006 = CARTESIAN_POINT('',(12.729367094734,-0.702249772828,
    -6.826704260835));
#9007 = CARTESIAN_POINT('',(12.729367061319,5.852031226E-08,
    -6.781251125144));
#9008 = DEFINITIONAL_REPRESENTATION('',(#9009),#9012);
#9009 = B_SPLINE_CURVE_WITH_KNOTS('',1,(#9010,#9011),.UNSPECIFIED.,.F.,
  .F.,(2,2),(0.,6.303048278758),.PIECEWISE_BEZIER_KNOTS.);
#9010 = CARTESIAN_POINT('',(0.,0.));
#9011 = CARTESIAN_POINT('',(0.,6.303048278758));
#9012 = ( GEOMETRIC_REPRESENTATION_CONTEXT(2) 
PARAMETRIC_REPRESENTATION_CONTEXT() REPRESENTATION_CONTEXT('2D SPACE',''
  ) );
#9013 = ORIENTED_EDGE('',*,*,#8708,.F.);
#9014 = ADVANCED_FACE('',(#9015),#8222,.T.);
#9015 = FACE_BOUND('',#9016,.T.);
#9016 = EDGE_LOOP('',(#9017,#9018,#9045,#9074));
#9017 = ORIENTED_EDGE('',*,*,#8753,.F.);
#9018 = ORIENTED_EDGE('',*,*,#9019,.T.);
#9019 = EDGE_CURVE('',#8709,#9020,#9022,.T.);
#9020 = VERTEX_POINT('',#9021);
#9021 = CARTESIAN_POINT('',(12.729367061318,2.9260156E-08,
    -6.781250562572));
#9022 = SURFACE_CURVE('',#9023,(#9031,#9038),.PCURVE_S1.);
#9023 = ( BOUNDED_CURVE() B_SPLINE_CURVE(6,(#9024,#9025,#9026,#9027,
#9028,#9029,#9030),.UNSPECIFIED.,.F.,.F.) B_SPLINE_CURVE_WITH_KNOTS((7,7
),(0.,2.094395102393),.PIECEWISE_BEZIER_KNOTS.) CURVE() 
GEOMETRIC_REPRESENTATION_ITEM() RATIONAL_B_SPLINE_CURVE((1.056590953773,
    1.017435169568,0.996326512422,0.989390034249,0.996326512422,
1.017435169568,1.056590953773)) REPRESENTATION_ITEM('') );
#9024 = CARTESIAN_POINT('',(12.729366593497,5.852035787E-08,
    -6.656251125144));
#9025 = CARTESIAN_POINT('',(12.706710993838,6.293043361E-08,
    -6.66933145476));
#9026 = CARTESIAN_POINT('',(12.690745576385,6.60382207E-08,
    -6.691470252644));
#9027 = CARTESIAN_POINT('',(12.68497508281,6.716149847E-08,
    -6.718751291284));
#9028 = CARTESIAN_POINT('',(12.690745780588,6.603820094E-08,
    -6.74603228673));
#9029 = CARTESIAN_POINT('',(12.706711363753,6.29303967E-08,
    -6.768170965109));
#9030 = CARTESIAN_POINT('',(12.729367061319,5.852031226E-08,
    -6.781251125144));
#9031 = PCURVE('',#8222,#9032);
#9032 = DEFINITIONAL_REPRESENTATION('',(#9033),#9037);
#9033 = LINE('',#9034,#9035);
#9034 = CARTESIAN_POINT('',(0.,0.));
#9035 = VECTOR('',#9036,1.);
#9036 = DIRECTION('',(1.,0.));
#9037 = ( GEOMETRIC_REPRESENTATION_CONTEXT(2) 
PARAMETRIC_REPRESENTATION_CONTEXT() REPRESENTATION_CONTEXT('2D SPACE',''
  ) );
#9038 = PCURVE('',#8923,#9039);
#9039 = DEFINITIONAL_REPRESENTATION('',(#9040),#9044);
#9040 = LINE('',#9041,#9042);
#9041 = CARTESIAN_POINT('',(0.,6.303048278758));
#9042 = VECTOR('',#9043,1.);
#9043 = DIRECTION('',(1.,0.));
#9044 = ( GEOMETRIC_REPRESENTATION_CONTEXT(2) 
PARAMETRIC_REPRESENTATION_CONTEXT() REPRESENTATION_CONTEXT('2D SPACE',''
  ) );
#9045 = ORIENTED_EDGE('',*,*,#9046,.T.);
#9046 = EDGE_CURVE('',#9020,#8203,#9047,.T.);
#9047 = SURFACE_CURVE('',#9048,(#9061,#9068),.PCURVE_S1.);
#9048 = ( BOUNDED_CURVE() B_SPLINE_CURVE(11,(#9049,#9050,#9051,#9052,
    #9053,#9054,#9055,#9056,#9057,#9058,#9059,#9060),.UNSPECIFIED.,.F.,
.F.) B_SPLINE_CURVE_WITH_KNOTS((12,12),(0.,6.303048278758),
.PIECEWISE_BEZIER_KNOTS.) CURVE() GEOMETRIC_REPRESENTATION_ITEM() 
RATIONAL_B_SPLINE_CURVE((1.056590953773,1.056590953773,1.056590953773,
    1.056590953773,1.056590953773,1.056590953773,1.056590953773,
    1.056590953773,1.056590953773,1.056590953773,1.056590953773,
1.056590953773)) REPRESENTATION_ITEM('') );
#9049 = CARTESIAN_POINT('',(12.729367061317,-1.11E-15,-6.78125));
#9050 = CARTESIAN_POINT('',(12.729367061317,0.702249831348,
    -6.735796864309));
#9051 = CARTESIAN_POINT('',(12.288225336505,1.404152650213,-6.6903654683
    ));
#9052 = CARTESIAN_POINT('',(11.405179380384,1.799592173108,
    -6.644764593915));
#9053 = CARTESIAN_POINT('',(10.326065931524,1.574389398336,
    -6.599733143319));
#9054 = CARTESIAN_POINT('',(9.521794961946,0.652483565697,
    -6.553521375178));
#9055 = CARTESIAN_POINT('',(9.521794993958,-0.652483659898,
    -6.508979749966));
#9056 = CARTESIAN_POINT('',(10.326066005847,-1.574389454154,
    -6.462767981824));
#9057 = CARTESIAN_POINT('',(11.405179466282,-1.799592177659,
    -6.417736531229));
#9058 = CARTESIAN_POINT('',(12.288225403319,-1.404152612683,
    -6.372135656843));
#9059 = CARTESIAN_POINT('',(12.729367094734,-0.702249772828,
    -6.326704260835));
#9060 = CARTESIAN_POINT('',(12.729367061319,5.852031226E-08,
    -6.281251125144));
#9061 = PCURVE('',#8222,#9062);
#9062 = DEFINITIONAL_REPRESENTATION('',(#9063),#9067);
#9063 = LINE('',#9064,#9065);
#9064 = CARTESIAN_POINT('',(2.094395102393,0.));
#9065 = VECTOR('',#9066,1.);
#9066 = DIRECTION('',(0.,1.));
#9067 = ( GEOMETRIC_REPRESENTATION_CONTEXT(2) 
PARAMETRIC_REPRESENTATION_CONTEXT() REPRESENTATION_CONTEXT('2D SPACE',''
  ) );
#9068 = PCURVE('',#8363,#9069);
#9069 = DEFINITIONAL_REPRESENTATION('',(#9070),#9073);
#9070 = B_SPLINE_CURVE_WITH_KNOTS('',1,(#9071,#9072),.UNSPECIFIED.,.F.,
  .F.,(2,2),(0.,6.303048278758),.PIECEWISE_BEZIER_KNOTS.);
#9071 = CARTESIAN_POINT('',(0.,0.));
#9072 = CARTESIAN_POINT('',(0.,6.303048278758));
#9073 = ( GEOMETRIC_REPRESENTATION_CONTEXT(2) 
PARAMETRIC_REPRESENTATION_CONTEXT() REPRESENTATION_CONTEXT('2D SPACE',''
  ) );
#9074 = ORIENTED_EDGE('',*,*,#8202,.F.);
#9075 = ADVANCED_FACE('',(#9076),#8441,.T.);
#9076 = FACE_BOUND('',#9077,.T.);
#9077 = EDGE_LOOP('',(#9078,#9108,#9151,#9152));
#9078 = ORIENTED_EDGE('',*,*,#9079,.F.);
#9079 = EDGE_CURVE('',#9080,#8349,#9082,.T.);
#9080 = VERTEX_POINT('',#9081);
#9081 = CARTESIAN_POINT('',(13.000000292389,2.919828E-09,-6.937500056138
    ));
#9082 = SURFACE_CURVE('',#9083,(#9095,#9101),.PCURVE_S1.);
#9083 = B_SPLINE_CURVE_WITH_KNOTS('',10,(#9084,#9085,#9086,#9087,#9088,
    #9089,#9090,#9091,#9092,#9093,#9094),.UNSPECIFIED.,.F.,.F.,(11,11),(
    0.,6.303048278758),.PIECEWISE_BEZIER_KNOTS.);
#9084 = CARTESIAN_POINT('',(13.,-5.6E-16,-6.9375));
#9085 = CARTESIAN_POINT('',(13.000000805976,0.942482042061,
    -6.887500154747));
#9086 = CARTESIAN_POINT('',(12.342180217968,1.88490053282,
    -6.837502960968));
#9087 = CARTESIAN_POINT('',(11.02493752388,2.308307351446,
    -6.787491857919));
#9088 = CARTESIAN_POINT('',(9.520847274645,1.714909336101,
    -6.737508459097));
#9089 = CARTESIAN_POINT('',(8.724103861559,-1.226329071669E-05,
    -6.687500055858));
#9090 = CARTESIAN_POINT('',(9.520757657148,-1.714891257779,
    -6.637491653627));
#9091 = CARTESIAN_POINT('',(11.02502385859,-2.308314284812,
    -6.587508254144));
#9092 = CARTESIAN_POINT('',(12.342150223011,-1.884899404424,
    -6.537497151356));
#9093 = CARTESIAN_POINT('',(12.99999978247,-0.942482036221,
    -6.487499957532));
#9094 = CARTESIAN_POINT('',(13.000000584779,5.83965709E-09,
    -6.437500112276));
#9095 = PCURVE('',#8441,#9096);
#9096 = DEFINITIONAL_REPRESENTATION('',(#9097),#9100);
#9097 = B_SPLINE_CURVE_WITH_KNOTS('',1,(#9098,#9099),.UNSPECIFIED.,.F.,
  .F.,(2,2),(0.,6.303048278758),.PIECEWISE_BEZIER_KNOTS.);
#9098 = CARTESIAN_POINT('',(0.,0.));
#9099 = CARTESIAN_POINT('',(0.,6.303048278758));
#9100 = ( GEOMETRIC_REPRESENTATION_CONTEXT(2) 
PARAMETRIC_REPRESENTATION_CONTEXT() REPRESENTATION_CONTEXT('2D SPACE',''
  ) );
#9101 = PCURVE('',#8363,#9102);
#9102 = DEFINITIONAL_REPRESENTATION('',(#9103),#9107);
#9103 = LINE('',#9104,#9105);
#9104 = CARTESIAN_POINT('',(0.3125,0.));
#9105 = VECTOR('',#9106,1.);
#9106 = DIRECTION('',(0.,1.));
#9107 = ( GEOMETRIC_REPRESENTATION_CONTEXT(2) 
PARAMETRIC_REPRESENTATION_CONTEXT() REPRESENTATION_CONTEXT('2D SPACE',''
  ) );
#9108 = ORIENTED_EDGE('',*,*,#9109,.T.);
#9109 = EDGE_CURVE('',#9080,#8786,#9110,.T.);
#9110 = SURFACE_CURVE('',#9111,(#9114,#9121),.PCURVE_S1.);
#9111 = B_SPLINE_CURVE_WITH_KNOTS('',1,(#9112,#9113),.UNSPECIFIED.,.F.,
  .F.,(2,2),(0.,6.25E-02),.PIECEWISE_BEZIER_KNOTS.);
#9112 = CARTESIAN_POINT('',(13.,-1.46E-15,-6.9375));
#9113 = CARTESIAN_POINT('',(13.,9.9E-16,-7.));
#9114 = PCURVE('',#8441,#9115);
#9115 = DEFINITIONAL_REPRESENTATION('',(#9116),#9120);
#9116 = LINE('',#9117,#9118);
#9117 = CARTESIAN_POINT('',(0.,0.));
#9118 = VECTOR('',#9119,1.);
#9119 = DIRECTION('',(1.,0.));
#9120 = ( GEOMETRIC_REPRESENTATION_CONTEXT(2) 
PARAMETRIC_REPRESENTATION_CONTEXT() REPRESENTATION_CONTEXT('2D SPACE',''
  ) );
#9121 = PCURVE('',#9122,#9145);
#9122 = B_SPLINE_SURFACE_WITH_KNOTS('',1,10,(
    (#9123,#9124,#9125,#9126,#9127,#9128,#9129,#9130,#9131,#9132,#9133)
    ,(#9134,#9135,#9136,#9137,#9138,#9139,#9140,#9141,#9142,#9143,#9144
    )),.UNSPECIFIED.,.F.,.F.,.F.,(2,2),(11,11),(0.,6.25E-02),(0.,
    6.303048278758),.PIECEWISE_BEZIER_KNOTS.);
#9123 = CARTESIAN_POINT('',(13.,-1.46E-15,-7.4375));
#9124 = CARTESIAN_POINT('',(13.000000805976,0.942482042061,
    -7.387500154747));
#9125 = CARTESIAN_POINT('',(12.342180217968,1.88490053282,
    -7.337502960968));
#9126 = CARTESIAN_POINT('',(11.02493752388,2.308307351446,
    -7.287491857919));
#9127 = CARTESIAN_POINT('',(9.520847274645,1.714909336101,
    -7.237508459097));
#9128 = CARTESIAN_POINT('',(8.72410386156,-1.226329080994E-05,
    -7.187500055858));
#9129 = CARTESIAN_POINT('',(9.520757657148,-1.714891257779,
    -7.137491653627));
#9130 = CARTESIAN_POINT('',(11.02502385859,-2.308314284812,
    -7.087508254144));
#9131 = CARTESIAN_POINT('',(12.342150223011,-1.884899404424,
    -7.037497151356));
#9132 = CARTESIAN_POINT('',(12.99999978247,-0.942482036221,
    -6.987499957532));
#9133 = CARTESIAN_POINT('',(13.000000584779,5.83965796E-09,
    -6.937500112276));
#9134 = CARTESIAN_POINT('',(13.,9.9E-16,-7.5));
#9135 = CARTESIAN_POINT('',(13.000001128367,0.94248211553,
    -7.450000154747));
#9136 = CARTESIAN_POINT('',(12.342186284101,1.884900904938,
    -7.400002960966));
#9137 = CARTESIAN_POINT('',(11.024920221652,2.308306144833,
    -7.349991857908));
#9138 = CARTESIAN_POINT('',(9.520865045263,1.714913087294,
    -7.300008459153));
#9139 = CARTESIAN_POINT('',(8.724103644986,-1.716644223348E-05,
    -7.250000055746));
#9140 = CARTESIAN_POINT('',(9.520739578105,-1.714887774566,
    -7.199991653748));
#9141 = CARTESIAN_POINT('',(11.025041086644,-2.308315850802,
    -7.150008254069));
#9142 = CARTESIAN_POINT('',(12.342144288229,-1.884899326496,
    -7.099997151377));
#9143 = CARTESIAN_POINT('',(12.999999693991,-0.94248210969,
    -7.049999957533));
#9144 = CARTESIAN_POINT('',(13.00000081869,5.83963466E-09,
    -7.000000112276));
#9145 = DEFINITIONAL_REPRESENTATION('',(#9146),#9150);
#9146 = LINE('',#9147,#9148);
#9147 = CARTESIAN_POINT('',(0.,6.303048278758));
#9148 = VECTOR('',#9149,1.);
#9149 = DIRECTION('',(1.,0.));
#9150 = ( GEOMETRIC_REPRESENTATION_CONTEXT(2) 
PARAMETRIC_REPRESENTATION_CONTEXT() REPRESENTATION_CONTEXT('2D SPACE',''
  ) );
#9151 = ORIENTED_EDGE('',*,*,#8785,.T.);
#9152 = ORIENTED_EDGE('',*,*,#8426,.F.);
#9153 = ADVANCED_FACE('',(#9154),#8923,.T.);
#9154 = FACE_BOUND('',#9155,.T.);
#9155 = EDGE_LOOP('',(#9156,#9157,#9267,#9319));
#9156 = ORIENTED_EDGE('',*,*,#8901,.F.);
#9157 = ORIENTED_EDGE('',*,*,#9158,.F.);
#9158 = EDGE_CURVE('',#9159,#8817,#9161,.T.);
#9159 = VERTEX_POINT('',#9160);
#9160 = CARTESIAN_POINT('',(10.364219284108,-0.470473781017,-7.));
#9161 = SURFACE_CURVE('',#9162,(#9195,#9231),.PCURVE_S1.);
#9162 = B_SPLINE_CURVE_WITH_KNOTS('',6,(#9163,#9164,#9165,#9166,#9167,
    #9168,#9169,#9170,#9171,#9172,#9173,#9174,#9175,#9176,#9177,#9178,
    #9179,#9180,#9181,#9182,#9183,#9184,#9185,#9186,#9187,#9188,#9189,
    #9190,#9191,#9192,#9193,#9194),.UNSPECIFIED.,.F.,.F.,(7,5,5,5,5,5,7)
  ,(0.,0.172562473064,0.376613681974,0.499887600488,0.623177511006,
    0.826341324842,1.),.UNSPECIFIED.);
#9163 = CARTESIAN_POINT('',(10.364219284108,-0.470473781017,-7.));
#9164 = CARTESIAN_POINT('',(10.35244124229,-0.429676531012,-7.));
#9165 = CARTESIAN_POINT('',(10.340277375483,-0.384715205982,-7.));
#9166 = CARTESIAN_POINT('',(10.328915232605,-0.336632577681,-7.));
#9167 = CARTESIAN_POINT('',(10.319103146574,-0.286149505619,-7.));
#9168 = CARTESIAN_POINT('',(10.311314173762,-0.2338298246,-7.));
#9169 = CARTESIAN_POINT('',(10.299473872117,-0.116427577636,-7.));
#9170 = CARTESIAN_POINT('',(10.296371034865,-5.082744557229E-02,-7.));
#9171 = CARTESIAN_POINT('',(10.297141051039,1.603542239039E-02,-7.));
#9172 = CARTESIAN_POINT('',(10.302070888173,8.353767513655E-02,-7.));
#9173 = CARTESIAN_POINT('',(10.311304073049,0.151098131957,-7.));
#9174 = CARTESIAN_POINT('',(10.3330451042,0.258711535516,-7.));
#9175 = CARTESIAN_POINT('',(10.342809582923,0.299065369483,-7.));
#9176 = CARTESIAN_POINT('',(10.354153895717,0.339125460511,-7.));
#9177 = CARTESIAN_POINT('',(10.367065025951,0.378777952791,-7.));
#9178 = CARTESIAN_POINT('',(10.381514683355,0.417914311619,-7.));
#9179 = CARTESIAN_POINT('',(10.413407969733,0.494953101226,-7.));
#9180 = CARTESIAN_POINT('',(10.430852139988,0.532855741163,-7.));
#9181 = CARTESIAN_POINT('',(10.449749912606,0.570035881475,-7.));
#9182 = CARTESIAN_POINT('',(10.470044607721,0.606396700948,-7.));
#9183 = CARTESIAN_POINT('',(10.491664977594,0.641848419451,-7.));
#9184 = CARTESIAN_POINT('',(10.552193472969,0.73309478894,-7.));
#9185 = CARTESIAN_POINT('',(10.59322553407,0.78718713126,-7.));
#9186 = CARTESIAN_POINT('',(10.637236930288,0.838224856417,-7.));
#9187 = CARTESIAN_POINT('',(10.683722873985,0.885902154305,-7.));
#9188 = CARTESIAN_POINT('',(10.732049679168,0.929983553272,-7.));
#9189 = CARTESIAN_POINT('',(10.823439320402,1.004854574437,-7.));
#9190 = CARTESIAN_POINT('',(10.866208005005,1.036612673282,-7.));
#9191 = CARTESIAN_POINT('',(10.909124532247,1.065607881362,-7.));
#9192 = CARTESIAN_POINT('',(10.951445164712,1.091773762893,-7.));
#9193 = CARTESIAN_POINT('',(10.992114884756,1.115129685147,-7.));
#9194 = CARTESIAN_POINT('',(11.029527111951,1.135780285493,-7.));
#9195 = PCURVE('',#8923,#9196);
#9196 = DEFINITIONAL_REPRESENTATION('',(#9197),#9230);
#9197 = B_SPLINE_CURVE_WITH_KNOTS('',6,(#9198,#9199,#9200,#9201,#9202,
    #9203,#9204,#9205,#9206,#9207,#9208,#9209,#9210,#9211,#9212,#9213,
    #9214,#9215,#9216,#9217,#9218,#9219,#9220,#9221,#9222,#9223,#9224,
    #9225,#9226,#9227,#9228,#9229),.UNSPECIFIED.,.F.,.F.,(7,5,5,5,5,5,7)
  ,(0.,0.172562473064,0.376613681974,0.499887600488,0.623177511006,
    0.826341324842,1.),.UNSPECIFIED.);
#9198 = CARTESIAN_POINT('',(2.094395102393,3.545477007749));
#9199 = CARTESIAN_POINT('',(2.018693792368,3.511042672556));
#9200 = CARTESIAN_POINT('',(1.947037804741,3.47303041428));
#9201 = CARTESIAN_POINT('',(1.878659508745,3.432526751867));
#9202 = CARTESIAN_POINT('',(1.813051165885,3.390202343525));
#9203 = CARTESIAN_POINT('',(1.749725833671,3.346498052656));
#9204 = CARTESIAN_POINT('',(1.615463232037,3.248595791946));
#9205 = CARTESIAN_POINT('',(1.545322406413,3.193995748998));
#9206 = CARTESIAN_POINT('',(1.477114951384,3.138316569435));
#9207 = CARTESIAN_POINT('',(1.410390392731,3.081845976271));
#9208 = CARTESIAN_POINT('',(1.344759315874,3.024805056147));
#9209 = CARTESIAN_POINT('',(1.240684597803,2.932671425724));
#9210 = CARTESIAN_POINT('',(1.201764203709,2.897829927115));
#9211 = CARTESIAN_POINT('',(1.163044815493,2.862885724914));
#9212 = CARTESIAN_POINT('',(1.124457492414,2.827874273021));
#9213 = CARTESIAN_POINT('',(1.085936140114,2.792828905403));
#9214 = CARTESIAN_POINT('',(1.008889097508,2.722733768438));
#9215 = CARTESIAN_POINT('',(0.970363064265,2.68768364454));
#9216 = CARTESIAN_POINT('',(0.93177135169,2.652667239975));
#9217 = CARTESIAN_POINT('',(0.893047857804,2.617717894929));
#9218 = CARTESIAN_POINT('',(0.854123650971,2.582871062659));
#9219 = CARTESIAN_POINT('',(0.750330210861,2.490979982136));
#9220 = CARTESIAN_POINT('',(0.684991400574,2.434182991542));
#9221 = CARTESIAN_POINT('',(0.618571389013,2.377949955444));
#9222 = CARTESIAN_POINT('',(0.550686514121,2.322498639847));
#9223 = CARTESIAN_POINT('',(0.480892935047,2.268112128157));
#9224 = CARTESIAN_POINT('',(0.34668151219,2.170079632751));
#9225 = CARTESIAN_POINT('',(0.283010995843,2.126062894725));
#9226 = CARTESIAN_POINT('',(0.217037703642,2.083435190579));
#9227 = CARTESIAN_POINT('',(0.148266704021,2.042643199733));
#9228 = CARTESIAN_POINT('',(7.618213691424E-02,2.004367390191));
#9229 = CARTESIAN_POINT('',(0.,1.969714464647));
#9230 = ( GEOMETRIC_REPRESENTATION_CONTEXT(2) 
PARAMETRIC_REPRESENTATION_CONTEXT() REPRESENTATION_CONTEXT('2D SPACE',''
  ) );
#9231 = PCURVE('',#8870,#9232);
#9232 = DEFINITIONAL_REPRESENTATION('',(#9233),#9266);
#9233 = B_SPLINE_CURVE_WITH_KNOTS('',6,(#9234,#9235,#9236,#9237,#9238,
    #9239,#9240,#9241,#9242,#9243,#9244,#9245,#9246,#9247,#9248,#9249,
    #9250,#9251,#9252,#9253,#9254,#9255,#9256,#9257,#9258,#9259,#9260,
    #9261,#9262,#9263,#9264,#9265),.UNSPECIFIED.,.F.,.F.,(7,5,5,5,5,5,7)
  ,(0.,0.172562473064,0.376613681974,0.499887600488,0.623177511006,
    0.826341324842,1.),.UNSPECIFIED.);
#9234 = CARTESIAN_POINT('',(-0.41095676034,1.279370459915));
#9235 = CARTESIAN_POINT('',(-0.370159510335,1.291148501733));
#9236 = CARTESIAN_POINT('',(-0.325198185305,1.30331236854));
#9237 = CARTESIAN_POINT('',(-0.277115557003,1.314674511418));
#9238 = CARTESIAN_POINT('',(-0.226632484942,1.324486597449));
#9239 = CARTESIAN_POINT('',(-0.174312803922,1.332275570261));
#9240 = CARTESIAN_POINT('',(-5.691055695895E-02,1.344115871907));
#9241 = CARTESIAN_POINT('',(8.689575104913E-03,1.347218709158));
#9242 = CARTESIAN_POINT('',(7.555244306759E-02,1.346448692985));
#9243 = CARTESIAN_POINT('',(0.143054695814,1.341518855851));
#9244 = CARTESIAN_POINT('',(0.210615152634,1.332285670974));
#9245 = CARTESIAN_POINT('',(0.318228556193,1.310544639823));
#9246 = CARTESIAN_POINT('',(0.35858239016,1.3007801611));
#9247 = CARTESIAN_POINT('',(0.398642481189,1.289435848307));
#9248 = CARTESIAN_POINT('',(0.438294973469,1.276524718072));
#9249 = CARTESIAN_POINT('',(0.477431332296,1.262075060668));
#9250 = CARTESIAN_POINT('',(0.554470121903,1.23018177429));
#9251 = CARTESIAN_POINT('',(0.59237276184,1.212737604035));
#9252 = CARTESIAN_POINT('',(0.629552902152,1.193839831417));
#9253 = CARTESIAN_POINT('',(0.665913721625,1.173545136302));
#9254 = CARTESIAN_POINT('',(0.701365440129,1.151924766429));
#9255 = CARTESIAN_POINT('',(0.792611809617,1.091396271054));
#9256 = CARTESIAN_POINT('',(0.846704151937,1.050364209953));
#9257 = CARTESIAN_POINT('',(0.897741877094,1.006352813735));
#9258 = CARTESIAN_POINT('',(0.945419174982,0.959866870038));
#9259 = CARTESIAN_POINT('',(0.989500573949,0.911540064855));
#9260 = CARTESIAN_POINT('',(1.064371595114,0.820150423621));
#9261 = CARTESIAN_POINT('',(1.096129693959,0.777381739018));
#9262 = CARTESIAN_POINT('',(1.12512490204,0.734465211777));
#9263 = CARTESIAN_POINT('',(1.15129078357,0.692144579311));
#9264 = CARTESIAN_POINT('',(1.174646705824,0.651474859267));
#9265 = CARTESIAN_POINT('',(1.19529730617,0.614062632072));
#9266 = ( GEOMETRIC_REPRESENTATION_CONTEXT(2) 
PARAMETRIC_REPRESENTATION_CONTEXT() REPRESENTATION_CONTEXT('2D SPACE',''
  ) );
#9267 = ORIENTED_EDGE('',*,*,#9268,.T.);
#9268 = EDGE_CURVE('',#9159,#9020,#9269,.T.);
#9269 = SURFACE_CURVE('',#9270,(#9283,#9290),.PCURVE_S1.);
#9270 = ( BOUNDED_CURVE() B_SPLINE_CURVE(11,(#9271,#9272,#9273,#9274,
    #9275,#9276,#9277,#9278,#9279,#9280,#9281,#9282),.UNSPECIFIED.,.F.,
.F.) B_SPLINE_CURVE_WITH_KNOTS((12,12),(0.,6.303048278758),
.PIECEWISE_BEZIER_KNOTS.) CURVE() GEOMETRIC_REPRESENTATION_ITEM() 
RATIONAL_B_SPLINE_CURVE((1.056590953773,1.056590953773,1.056590953773,
    1.056590953773,1.056590953773,1.056590953773,1.056590953773,
    1.056590953773,1.056590953773,1.056590953773,1.056590953773,
1.056590953773)) REPRESENTATION_ITEM('') );
#9271 = CARTESIAN_POINT('',(12.729367061317,-1.11E-15,-7.28125));
#9272 = CARTESIAN_POINT('',(12.729367061317,0.702249831348,
    -7.235796864309));
#9273 = CARTESIAN_POINT('',(12.288225336505,1.404152650213,-7.1903654683
    ));
#9274 = CARTESIAN_POINT('',(11.405179380384,1.799592173108,
    -7.144764593915));
#9275 = CARTESIAN_POINT('',(10.326065931524,1.574389398336,
    -7.099733143319));
#9276 = CARTESIAN_POINT('',(9.521794961946,0.652483565697,
    -7.053521375178));
#9277 = CARTESIAN_POINT('',(9.521794993958,-0.652483659898,
    -7.008979749966));
#9278 = CARTESIAN_POINT('',(10.326066005847,-1.574389454154,
    -6.962767981824));
#9279 = CARTESIAN_POINT('',(11.405179466282,-1.799592177659,
    -6.917736531229));
#9280 = CARTESIAN_POINT('',(12.288225403319,-1.404152612683,
    -6.872135656843));
#9281 = CARTESIAN_POINT('',(12.729367094734,-0.702249772828,
    -6.826704260835));
#9282 = CARTESIAN_POINT('',(12.729367061319,5.852031226E-08,
    -6.781251125144));
#9283 = PCURVE('',#8923,#9284);
#9284 = DEFINITIONAL_REPRESENTATION('',(#9285),#9289);
#9285 = LINE('',#9286,#9287);
#9286 = CARTESIAN_POINT('',(2.094395102393,0.));
#9287 = VECTOR('',#9288,1.);
#9288 = DIRECTION('',(0.,1.));
#9289 = ( GEOMETRIC_REPRESENTATION_CONTEXT(2) 
PARAMETRIC_REPRESENTATION_CONTEXT() REPRESENTATION_CONTEXT('2D SPACE',''
  ) );
#9290 = PCURVE('',#9291,#9314);
#9291 = B_SPLINE_SURFACE_WITH_KNOTS('',1,10,(
    (#9292,#9293,#9294,#9295,#9296,#9297,#9298,#9299,#9300,#9301,#9302)
    ,(#9303,#9304,#9305,#9306,#9307,#9308,#9309,#9310,#9311,#9312,#9313
    )),.UNSPECIFIED.,.F.,.F.,.F.,(2,2),(11,11),(0.,0.3125),(0.,
    6.303048278758),.PIECEWISE_BEZIER_KNOTS.);
#9292 = CARTESIAN_POINT('',(12.729367061317,1.1E-16,-7.28125));
#9293 = CARTESIAN_POINT('',(12.729367061317,0.772474814483,
    -7.23125155074));
#9294 = CARTESIAN_POINT('',(12.190193842103,1.544525502598,
    -7.181279672202));
#9295 = CARTESIAN_POINT('',(11.110798957404,1.892514694868,
    -7.131168407681));
#9296 = CARTESIAN_POINT('',(9.87764705885,1.404849341747,-7.081334768024
    ));
#9297 = CARTESIAN_POINT('',(9.225251549403,-5.422788307E-08,
    -7.031250562572));
#9298 = CARTESIAN_POINT('',(9.877647125571,-1.404849418843,
    -6.981166357119));
#9299 = CARTESIAN_POINT('',(11.110799047625,-1.89251471345,
    -6.931332717462));
#9300 = CARTESIAN_POINT('',(12.190193915595,-1.544525469732,
    -6.881221452941));
#9301 = CARTESIAN_POINT('',(12.729367098075,-0.772474755963,
    -6.831249574404));
#9302 = CARTESIAN_POINT('',(12.729367061319,5.852031182E-08,
    -6.781251125144));
#9303 = CARTESIAN_POINT('',(13.,-5.6E-16,-7.4375));
#9304 = CARTESIAN_POINT('',(13.000000805976,0.942482042061,
    -7.387500154747));
#9305 = CARTESIAN_POINT('',(12.342180217968,1.88490053282,
    -7.337502960968));
#9306 = CARTESIAN_POINT('',(11.02493752388,2.308307351446,
    -7.287491857919));
#9307 = CARTESIAN_POINT('',(9.520847274645,1.714909336101,
    -7.237508459097));
#9308 = CARTESIAN_POINT('',(8.724103861559,-1.226329071669E-05,
    -7.187500055858));
#9309 = CARTESIAN_POINT('',(9.520757657148,-1.714891257779,
    -7.137491653627));
#9310 = CARTESIAN_POINT('',(11.02502385859,-2.308314284812,
    -7.087508254144));
#9311 = CARTESIAN_POINT('',(12.342150223011,-1.884899404424,
    -7.037497151356));
#9312 = CARTESIAN_POINT('',(12.99999978247,-0.942482036221,
    -6.987499957532));
#9313 = CARTESIAN_POINT('',(13.000000584779,5.83965709E-09,
    -6.937500112276));
#9314 = DEFINITIONAL_REPRESENTATION('',(#9315),#9318);
#9315 = B_SPLINE_CURVE_WITH_KNOTS('',1,(#9316,#9317),.UNSPECIFIED.,.F.,
  .F.,(2,2),(0.,6.303048278758),.PIECEWISE_BEZIER_KNOTS.);
#9316 = CARTESIAN_POINT('',(0.,0.));
#9317 = CARTESIAN_POINT('',(0.,6.303048278758));
#9318 = ( GEOMETRIC_REPRESENTATION_CONTEXT(2) 
PARAMETRIC_REPRESENTATION_CONTEXT() REPRESENTATION_CONTEXT('2D SPACE',''
  ) );
#9319 = ORIENTED_EDGE('',*,*,#9019,.F.);
#9320 = ADVANCED_FACE('',(#9321),#8363,.T.);
#9321 = FACE_BOUND('',#9322,.T.);
#9322 = EDGE_LOOP('',(#9323,#9324,#9344,#9345));
#9323 = ORIENTED_EDGE('',*,*,#9046,.F.);
#9324 = ORIENTED_EDGE('',*,*,#9325,.T.);
#9325 = EDGE_CURVE('',#9020,#9080,#9326,.T.);
#9326 = SURFACE_CURVE('',#9327,(#9330,#9337),.PCURVE_S1.);
#9327 = B_SPLINE_CURVE_WITH_KNOTS('',1,(#9328,#9329),.UNSPECIFIED.,.F.,
  .F.,(2,2),(0.,0.3125),.PIECEWISE_BEZIER_KNOTS.);
#9328 = CARTESIAN_POINT('',(12.729367061317,1.1E-16,-6.78125));
#9329 = CARTESIAN_POINT('',(13.,-5.6E-16,-6.9375));
#9330 = PCURVE('',#8363,#9331);
#9331 = DEFINITIONAL_REPRESENTATION('',(#9332),#9336);
#9332 = LINE('',#9333,#9334);
#9333 = CARTESIAN_POINT('',(0.,0.));
#9334 = VECTOR('',#9335,1.);
#9335 = DIRECTION('',(1.,0.));
#9336 = ( GEOMETRIC_REPRESENTATION_CONTEXT(2) 
PARAMETRIC_REPRESENTATION_CONTEXT() REPRESENTATION_CONTEXT('2D SPACE',''
  ) );
#9337 = PCURVE('',#9291,#9338);
#9338 = DEFINITIONAL_REPRESENTATION('',(#9339),#9343);
#9339 = LINE('',#9340,#9341);
#9340 = CARTESIAN_POINT('',(0.,6.303048278758));
#9341 = VECTOR('',#9342,1.);
#9342 = DIRECTION('',(1.,0.));
#9343 = ( GEOMETRIC_REPRESENTATION_CONTEXT(2) 
PARAMETRIC_REPRESENTATION_CONTEXT() REPRESENTATION_CONTEXT('2D SPACE',''
  ) );
#9344 = ORIENTED_EDGE('',*,*,#9079,.T.);
#9345 = ORIENTED_EDGE('',*,*,#8348,.F.);
#9346 = ADVANCED_FACE('',(#9347),#9122,.T.);
#9347 = FACE_BOUND('',#9348,.T.);
#9348 = EDGE_LOOP('',(#9349,#9379,#9457));
#9349 = ORIENTED_EDGE('',*,*,#9350,.F.);
#9350 = EDGE_CURVE('',#9351,#9080,#9353,.T.);
#9351 = VERTEX_POINT('',#9352);
#9352 = CARTESIAN_POINT('',(12.560656367386,-1.060612867126,-7.));
#9353 = SURFACE_CURVE('',#9354,(#9366,#9372),.PCURVE_S1.);
#9354 = B_SPLINE_CURVE_WITH_KNOTS('',10,(#9355,#9356,#9357,#9358,#9359,
    #9360,#9361,#9362,#9363,#9364,#9365),.UNSPECIFIED.,.F.,.F.,(11,11),(
    0.,6.303048278758),.PIECEWISE_BEZIER_KNOTS.);
#9355 = CARTESIAN_POINT('',(13.,-5.6E-16,-7.4375));
#9356 = CARTESIAN_POINT('',(13.000000805976,0.942482042061,
    -7.387500154747));
#9357 = CARTESIAN_POINT('',(12.342180217968,1.88490053282,
    -7.337502960968));
#9358 = CARTESIAN_POINT('',(11.02493752388,2.308307351446,
    -7.287491857919));
#9359 = CARTESIAN_POINT('',(9.520847274645,1.714909336101,
    -7.237508459097));
#9360 = CARTESIAN_POINT('',(8.724103861559,-1.226329071669E-05,
    -7.187500055858));
#9361 = CARTESIAN_POINT('',(9.520757657148,-1.714891257779,
    -7.137491653627));
#9362 = CARTESIAN_POINT('',(11.02502385859,-2.308314284812,
    -7.087508254144));
#9363 = CARTESIAN_POINT('',(12.342150223011,-1.884899404424,
    -7.037497151356));
#9364 = CARTESIAN_POINT('',(12.99999978247,-0.942482036221,
    -6.987499957532));
#9365 = CARTESIAN_POINT('',(13.000000584779,5.83965709E-09,
    -6.937500112276));
#9366 = PCURVE('',#9122,#9367);
#9367 = DEFINITIONAL_REPRESENTATION('',(#9368),#9371);
#9368 = B_SPLINE_CURVE_WITH_KNOTS('',1,(#9369,#9370),.UNSPECIFIED.,.F.,
  .F.,(2,2),(0.,6.303048278758),.PIECEWISE_BEZIER_KNOTS.);
#9369 = CARTESIAN_POINT('',(0.,0.));
#9370 = CARTESIAN_POINT('',(0.,6.303048278758));
#9371 = ( GEOMETRIC_REPRESENTATION_CONTEXT(2) 
PARAMETRIC_REPRESENTATION_CONTEXT() REPRESENTATION_CONTEXT('2D SPACE',''
  ) );
#9372 = PCURVE('',#9291,#9373);
#9373 = DEFINITIONAL_REPRESENTATION('',(#9374),#9378);
#9374 = LINE('',#9375,#9376);
#9375 = CARTESIAN_POINT('',(0.3125,0.));
#9376 = VECTOR('',#9377,1.);
#9377 = DIRECTION('',(0.,1.));
#9378 = ( GEOMETRIC_REPRESENTATION_CONTEXT(2) 
PARAMETRIC_REPRESENTATION_CONTEXT() REPRESENTATION_CONTEXT('2D SPACE',''
  ) );
#9379 = ORIENTED_EDGE('',*,*,#9380,.F.);
#9380 = EDGE_CURVE('',#8786,#9351,#9381,.T.);
#9381 = SURFACE_CURVE('',#9382,(#9405,#9431),.PCURVE_S1.);
#9382 = B_SPLINE_CURVE_WITH_KNOTS('',6,(#9383,#9384,#9385,#9386,#9387,
    #9388,#9389,#9390,#9391,#9392,#9393,#9394,#9395,#9396,#9397,#9398,
    #9399,#9400,#9401,#9402,#9403,#9404),.UNSPECIFIED.,.F.,.F.,(7,5,5,5,
    7),(0.,2.000062024569E-02,0.322003761642,0.655998059311,1.),
  .UNSPECIFIED.);
#9383 = CARTESIAN_POINT('',(13.00000081869,5.83959725E-09,-7.));
#9384 = CARTESIAN_POINT('',(13.000000812839,-3.9270223438E-03,-7.));
#9385 = CARTESIAN_POINT('',(12.999988473733,-7.854020501894E-03,-7.));
#9386 = CARTESIAN_POINT('',(12.999963796909,-1.178102228711E-02,-7.));
#9387 = CARTESIAN_POINT('',(12.999926787834,-1.570787337726E-02,-7.));
#9388 = CARTESIAN_POINT('',(12.999877442907,-1.963461029594E-02,-7.));
#9389 = CARTESIAN_POINT('',(12.998884439614,-8.285054349613E-02,-7.));
#9390 = CARTESIAN_POINT('',(12.99514095964,-0.142096051554,-7.));
#9391 = CARTESIAN_POINT('',(12.988587549902,-0.201129760891,-7.));
#9392 = CARTESIAN_POINT('',(12.979239674425,-0.259785589457,-7.));
#9393 = CARTESIAN_POINT('',(12.967126035931,-0.317899278112,-7.));
#9394 = CARTESIAN_POINT('',(12.93587938539,-0.438798843486,-7.));
#9395 = CARTESIAN_POINT('',(12.916138395265,-0.50142869836,-7.));
#9396 = CARTESIAN_POINT('',(12.893122653493,-0.562978023852,-7.));
#9397 = CARTESIAN_POINT('',(12.866907586364,-0.623234337153,-7.));
#9398 = CARTESIAN_POINT('',(12.837586998424,-0.681992604042,-7.));
#9399 = CARTESIAN_POINT('',(12.771990907741,-0.797827670817,-7.));
#9400 = CARTESIAN_POINT('',(12.735532665789,-0.854802503582,-7.));
#9401 = CARTESIAN_POINT('',(12.696020742264,-0.909764385516,-7.));
#9402 = CARTESIAN_POINT('',(12.65359576168,-0.962510596326,-7.));
#9403 = CARTESIAN_POINT('',(12.608415926693,-1.012851811567,-7.));
#9404 = CARTESIAN_POINT('',(12.560656367386,-1.060612867126,-7.));
#9405 = PCURVE('',#9122,#9406);
#9406 = DEFINITIONAL_REPRESENTATION('',(#9407),#9430);
#9407 = B_SPLINE_CURVE_WITH_KNOTS('',6,(#9408,#9409,#9410,#9411,#9412,
    #9413,#9414,#9415,#9416,#9417,#9418,#9419,#9420,#9421,#9422,#9423,
    #9424,#9425,#9426,#9427,#9428,#9429),.UNSPECIFIED.,.F.,.F.,(7,5,5,5,
    7),(0.,2.000062024569E-02,0.322003761642,0.655998059311,1.),
  .UNSPECIFIED.);
#9408 = CARTESIAN_POINT('',(6.25E-02,6.303048278758));
#9409 = CARTESIAN_POINT('',(6.22916662839E-02,6.300421995689));
#9410 = CARTESIAN_POINT('',(6.208277960111E-02,6.297795731884));
#9411 = CARTESIAN_POINT('',(6.187534558686E-02,6.295169432302));
#9412 = CARTESIAN_POINT('',(6.166637404448E-02,6.292543167621));
#9413 = CARTESIAN_POINT('',(6.145822101211E-02,6.289916880894));
#9414 = CARTESIAN_POINT('',(5.810412046972E-02,6.247634587373));
#9415 = CARTESIAN_POINT('',(5.495833802459E-02,6.207978258399));
#9416 = CARTESIAN_POINT('',(5.181252293478E-02,6.168321453552));
#9417 = CARTESIAN_POINT('',(4.866666977694E-02,6.128664150016));
#9418 = CARTESIAN_POINT('',(4.552078519301E-02,6.089006462406));
#9419 = CARTESIAN_POINT('',(3.889574606636E-02,6.005489875082));
#9420 = CARTESIAN_POINT('',(3.541656878836E-02,5.961630697259));
#9421 = CARTESIAN_POINT('',(3.193737670551E-02,5.917771392145));
#9422 = CARTESIAN_POINT('',(2.845818843699E-02,5.873912207256));
#9423 = CARTESIAN_POINT('',(2.497902057194E-02,5.830053354772));
#9424 = CARTESIAN_POINT('',(1.791650771726E-02,5.741022518204));
#9425 = CARTESIAN_POINT('',(1.433312176806E-02,5.695850022981));
#9426 = CARTESIAN_POINT('',(1.074980537593E-02,5.650678473842));
#9427 = CARTESIAN_POINT('',(7.166522799128E-03,5.605507410187));
#9428 = CARTESIAN_POINT('',(3.583233725836E-03,5.560336311163));
#9429 = CARTESIAN_POINT('',(0.,5.515165943986));
#9430 = ( GEOMETRIC_REPRESENTATION_CONTEXT(2) 
PARAMETRIC_REPRESENTATION_CONTEXT() REPRESENTATION_CONTEXT('2D SPACE',''
  ) );
#9431 = PCURVE('',#8870,#9432);
#9432 = DEFINITIONAL_REPRESENTATION('',(#9433),#9456);
#9433 = B_SPLINE_CURVE_WITH_KNOTS('',6,(#9434,#9435,#9436,#9437,#9438,
    #9439,#9440,#9441,#9442,#9443,#9444,#9445,#9446,#9447,#9448,#9449,
    #9450,#9451,#9452,#9453,#9454,#9455),.UNSPECIFIED.,.F.,.F.,(7,5,5,5,
    7),(0.,2.000062024569E-02,0.322003761642,0.655998059311,1.),
  .UNSPECIFIED.);
#9434 = CARTESIAN_POINT('',(5.95170265168E-02,-1.356411074667));
#9435 = CARTESIAN_POINT('',(5.55899983334E-02,-1.356411068816));
#9436 = CARTESIAN_POINT('',(5.166300017531E-02,-1.35639872971));
#9437 = CARTESIAN_POINT('',(4.773599839009E-02,-1.356374052886));
#9438 = CARTESIAN_POINT('',(4.380914729994E-02,-1.356337043811));
#9439 = CARTESIAN_POINT('',(3.988241038126E-02,-1.356287698884));
#9440 = CARTESIAN_POINT('',(-2.333352281892E-02,-1.355294695591));
#9441 = CARTESIAN_POINT('',(-8.257903087703E-02,-1.351551215617));
#9442 = CARTESIAN_POINT('',(-0.141612740213,-1.344997805879));
#9443 = CARTESIAN_POINT('',(-0.200268568779,-1.335649930402));
#9444 = CARTESIAN_POINT('',(-0.258382257435,-1.323536291908));
#9445 = CARTESIAN_POINT('',(-0.379281822809,-1.292289641367));
#9446 = CARTESIAN_POINT('',(-0.441911677683,-1.272548651242));
#9447 = CARTESIAN_POINT('',(-0.503461003174,-1.24953290947));
#9448 = CARTESIAN_POINT('',(-0.563717316476,-1.22331784234));
#9449 = CARTESIAN_POINT('',(-0.622475583365,-1.193997254401));
#9450 = CARTESIAN_POINT('',(-0.73831065014,-1.128401163717));
#9451 = CARTESIAN_POINT('',(-0.795285482905,-1.091942921766));
#9452 = CARTESIAN_POINT('',(-0.850247364839,-1.052430998241));
#9453 = CARTESIAN_POINT('',(-0.902993575649,-1.010006017656));
#9454 = CARTESIAN_POINT('',(-0.95333479089,-0.96482618267));
#9455 = CARTESIAN_POINT('',(-1.001095846449,-0.917066623363));
#9456 = ( GEOMETRIC_REPRESENTATION_CONTEXT(2) 
PARAMETRIC_REPRESENTATION_CONTEXT() REPRESENTATION_CONTEXT('2D SPACE',''
  ) );
#9457 = ORIENTED_EDGE('',*,*,#9109,.F.);
#9458 = ADVANCED_FACE('',(#9459),#9291,.T.);
#9459 = FACE_BOUND('',#9460,.T.);
#9460 = EDGE_LOOP('',(#9461,#9462,#9540,#9541));
#9461 = ORIENTED_EDGE('',*,*,#9268,.F.);
#9462 = ORIENTED_EDGE('',*,*,#9463,.T.);
#9463 = EDGE_CURVE('',#9159,#9351,#9464,.T.);
#9464 = SURFACE_CURVE('',#9465,(#9488,#9514),.PCURVE_S1.);
#9465 = B_SPLINE_CURVE_WITH_KNOTS('',6,(#9466,#9467,#9468,#9469,#9470,
    #9471,#9472,#9473,#9474,#9475,#9476,#9477,#9478,#9479,#9480,#9481,
    #9482,#9483,#9484,#9485,#9486,#9487),.UNSPECIFIED.,.F.,.F.,(7,5,5,5,
    7),(0.,0.269239026046,0.526260806486,0.764915920529,1.),
  .UNSPECIFIED.);
#9466 = CARTESIAN_POINT('',(10.364212344787,-0.47042401245,-7.));
#9467 = CARTESIAN_POINT('',(10.396460557112,-0.582129855661,-7.));
#9468 = CARTESIAN_POINT('',(10.441630654175,-0.690731375162,-7.));
#9469 = CARTESIAN_POINT('',(10.49922210435,-0.794338796115,-7.));
#9470 = CARTESIAN_POINT('',(10.568378374144,-0.891262858781,-7.));
#9471 = CARTESIAN_POINT('',(10.647994673206,-0.980007432238,-7.));
#9472 = CARTESIAN_POINT('',(10.821365214946,-1.135041785805,-7.));
#9473 = CARTESIAN_POINT('',(10.914336611084,-1.202187970865,-7.));
#9474 = CARTESIAN_POINT('',(11.014422492608,-1.259675328344,-7.));
#9475 = CARTESIAN_POINT('',(11.120293630099,-1.306685743219,-7.));
#9476 = CARTESIAN_POINT('',(11.230534098228,-1.34262749113,-7.));
#9477 = CARTESIAN_POINT('',(11.448673081225,-1.38996961847,-7.));
#9478 = CARTESIAN_POINT('',(11.55619583965,-1.402944467743,-7.));
#9479 = CARTESIAN_POINT('',(11.665022150473,-1.40583499901,-7.));
#9480 = CARTESIAN_POINT('',(11.773965187177,-1.398583650391,-7.));
#9481 = CARTESIAN_POINT('',(11.881860254187,-1.381301039463,-7.));
#9482 = CARTESIAN_POINT('',(12.091713235329,-1.327670257048,-7.));
#9483 = CARTESIAN_POINT('',(12.193750741691,-1.291607410426,-7.));
#9484 = CARTESIAN_POINT('',(12.292613482895,-1.246372293412,-7.));
#9485 = CARTESIAN_POINT('',(12.387309204283,-1.192400883811,-7.));
#9486 = CARTESIAN_POINT('',(12.476927734137,-1.130251483789,-7.));
#9487 = CARTESIAN_POINT('',(12.560656367386,-1.060612867126,-7.));
#9488 = PCURVE('',#9291,#9489);
#9489 = DEFINITIONAL_REPRESENTATION('',(#9490),#9513);
#9490 = B_SPLINE_CURVE_WITH_KNOTS('',6,(#9491,#9492,#9493,#9494,#9495,
    #9496,#9497,#9498,#9499,#9500,#9501,#9502,#9503,#9504,#9505,#9506,
    #9507,#9508,#9509,#9510,#9511,#9512),.UNSPECIFIED.,.F.,.F.,(7,5,5,5,
    7),(1.919714078154E-05,0.269253054568,0.526269900924,0.764920433471,
    1.),.UNSPECIFIED.);
#9491 = CARTESIAN_POINT('',(0.,3.545462210942));
#9492 = CARTESIAN_POINT('',(1.495900988432E-02,3.639748462735));
#9493 = CARTESIAN_POINT('',(2.980799255201E-02,3.733342192717));
#9494 = CARTESIAN_POINT('',(4.454465262037E-02,3.826228928711));
#9495 = CARTESIAN_POINT('',(5.917459819372E-02,3.918443776285));
#9496 = CARTESIAN_POINT('',(7.370225152927E-02,4.010014234509));
#9497 = CARTESIAN_POINT('',(0.101893294362,4.187707629207));
#9498 = CARTESIAN_POINT('',(0.115569601582,4.273911984002));
#9499 = CARTESIAN_POINT('',(0.129152703488,4.359528602471));
#9500 = CARTESIAN_POINT('',(0.142646664247,4.444582840562));
#9501 = CARTESIAN_POINT('',(0.156054683197,4.529094757158));
#9502 = CARTESIAN_POINT('',(0.181743452129,4.691012182379));
#9503 = CARTESIAN_POINT('',(0.194038589704,4.768508458126));
#9504 = CARTESIAN_POINT('',(0.206259743696,4.845537929198));
#9505 = CARTESIAN_POINT('',(0.218409465098,4.922116807062));
#9506 = CARTESIAN_POINT('',(0.230489841069,4.998258460743));
#9507 = CARTESIAN_POINT('',(0.254330442765,5.14852397965));
#9508 = CARTESIAN_POINT('',(0.266094427374,5.222671535697));
#9509 = CARTESIAN_POINT('',(0.27779152892,5.296397762028));
#9510 = CARTESIAN_POINT('',(0.289423969179,5.369716833586));
#9511 = CARTESIAN_POINT('',(0.300993631742,5.442640675852));
#9512 = CARTESIAN_POINT('',(0.3125,5.515165943986));
#9513 = ( GEOMETRIC_REPRESENTATION_CONTEXT(2) 
PARAMETRIC_REPRESENTATION_CONTEXT() REPRESENTATION_CONTEXT('2D SPACE',''
  ) );
#9514 = PCURVE('',#8870,#9515);
#9515 = DEFINITIONAL_REPRESENTATION('',(#9516),#9539);
#9516 = B_SPLINE_CURVE_WITH_KNOTS('',6,(#9517,#9518,#9519,#9520,#9521,
    #9522,#9523,#9524,#9525,#9526,#9527,#9528,#9529,#9530,#9531,#9532,
    #9533,#9534,#9535,#9536,#9537,#9538),.UNSPECIFIED.,.F.,.F.,(7,5,5,5,
    7),(0.,0.269239026046,0.526260806486,0.764915920529,1.),
  .UNSPECIFIED.);
#9517 = CARTESIAN_POINT('',(-0.410906991772,1.279377399237));
#9518 = CARTESIAN_POINT('',(-0.522612834984,1.247129186911));
#9519 = CARTESIAN_POINT('',(-0.631214354485,1.201959089848));
#9520 = CARTESIAN_POINT('',(-0.734821775438,1.144367639673));
#9521 = CARTESIAN_POINT('',(-0.831745838104,1.075211369879));
#9522 = CARTESIAN_POINT('',(-0.920490411561,0.995595070817));
#9523 = CARTESIAN_POINT('',(-1.075524765128,0.822224529077));
#9524 = CARTESIAN_POINT('',(-1.142670950188,0.729253132939));
#9525 = CARTESIAN_POINT('',(-1.200158307667,0.629167251415));
#9526 = CARTESIAN_POINT('',(-1.247168722542,0.523296113924));
#9527 = CARTESIAN_POINT('',(-1.283110470453,0.413055645795));
#9528 = CARTESIAN_POINT('',(-1.330452597793,0.194916662798));
#9529 = CARTESIAN_POINT('',(-1.343427447066,8.739390437301E-02));
#9530 = CARTESIAN_POINT('',(-1.346317978333,-2.143240645027E-02));
#9531 = CARTESIAN_POINT('',(-1.339066629713,-0.130375443154));
#9532 = CARTESIAN_POINT('',(-1.321784018786,-0.238270510164));
#9533 = CARTESIAN_POINT('',(-1.268153236371,-0.448123491306));
#9534 = CARTESIAN_POINT('',(-1.232090389749,-0.550160997668));
#9535 = CARTESIAN_POINT('',(-1.186855272735,-0.649023738872));
#9536 = CARTESIAN_POINT('',(-1.132883863133,-0.74371946026));
#9537 = CARTESIAN_POINT('',(-1.070734463112,-0.833337990114));
#9538 = CARTESIAN_POINT('',(-1.001095846449,-0.917066623363));
#9539 = ( GEOMETRIC_REPRESENTATION_CONTEXT(2) 
PARAMETRIC_REPRESENTATION_CONTEXT() REPRESENTATION_CONTEXT('2D SPACE',''
  ) );
#9540 = ORIENTED_EDGE('',*,*,#9350,.T.);
#9541 = ORIENTED_EDGE('',*,*,#9325,.F.);
#9542 = ADVANCED_FACE('',(#9543),#8870,.F.);
#9543 = FACE_BOUND('',#9544,.F.);
#9544 = EDGE_LOOP('',(#9545,#9546,#9547,#9548));
#9545 = ORIENTED_EDGE('',*,*,#9380,.F.);
#9546 = ORIENTED_EDGE('',*,*,#8816,.T.);
#9547 = ORIENTED_EDGE('',*,*,#9158,.F.);
#9548 = ORIENTED_EDGE('',*,*,#9463,.T.);
#9549 = ( GEOMETRIC_REPRESENTATION_CONTEXT(3) 
GLOBAL_UNCERTAINTY_ASSIGNED_CONTEXT((#9553)) 
GLOBAL_UNIT_ASSIGNED_CONTEXT((#9550,#9551,#9552)) REPRESENTATION_CONTEXT
('Context #1','3D Context with UNIT and UNCERTAINTY') );
#9550 = ( LENGTH_UNIT() NAMED_UNIT(*) SI_UNIT(.MILLI.,.METRE.) );
#9551 = ( NAMED_UNIT(*) PLANE_ANGLE_UNIT() SI_UNIT($,.RADIAN.) );
#9552 = ( NAMED_UNIT(*) SI_UNIT($,.STERADIAN.) SOLID_ANGLE_UNIT() );
#9553 = UNCERTAINTY_MEASURE_WITH_UNIT(LENGTH_MEASURE(5.E-05),#9550,
  'distance_accuracy_value','confusion accuracy');
#9554 = PRODUCT_RELATED_PRODUCT_CATEGORY('part',$,(#7));
#9555 = MECHANICAL_DESIGN_GEOMETRIC_PRESENTATION_REPRESENTATION('',(
    #9556),#9549);
#9556 = STYLED_ITEM('color',(#9557),#15);
#9557 = PRESENTATION_STYLE_ASSIGNMENT((#9558,#9564));
#9558 = SURFACE_STYLE_USAGE(.BOTH.,#9559);
#9559 = SURFACE_SIDE_STYLE('',(#9560));
#9560 = SURFACE_STYLE_FILL_AREA(#9561);
#9561 = FILL_AREA_STYLE('',(#9562));
#9562 = FILL_AREA_STYLE_COLOUR('',#9563);
#9563 = COLOUR_RGB('',0.800000011921,0.800000011921,0.800000011921);
#9564 = CURVE_STYLE('',#9565,POSITIVE_LENGTH_MEASURE(0.1),#9566);
#9565 = DRAUGHTING_PRE_DEFINED_CURVE_FONT('continuous');
#9566 = COLOUR_RGB('',9.803921729326E-02,9.803921729326E-02,
  9.803921729326E-02);
ENDSEC;
END-ISO-10303-21;
