ISO-10303-21;
HEADER;
FILE_DESCRIPTION (( 'STEP AP214' ),
    '1' );
FILE_NAME ('martial plus forest zones.STEP',
    '2026-01-18T10:31:53',
    ( '' ),
    ( '' ),
    'SwSTEP 2.0',
    'SolidWorks 2025',
    '' );
FILE_SCHEMA (( 'AUTOMOTIVE_DESIGN' ));
ENDSEC;

DATA;
#1 = VERTEX_POINT ( 'NONE', #5365 ) ;
#2 = CARTESIAN_POINT ( 'NONE',  ( -2.382432432432432634, 1.078378378378379576, 0.05100000000000000366 ) ) ;
#3 = LINE ( 'NONE', #5232, #1493 ) ;
#4 = LINE ( 'NONE', #1116, #2852 ) ;
#5 = CARTESIAN_POINT ( 'NONE',  ( 1.170752172914886202, 0.5027057713251168458, 0.6520000000000003570 ) ) ;
#6 = FACE_OUTER_BOUND ( 'NONE', #4146, .T. ) ;
#7 = ORIENTED_EDGE ( 'NONE', *, *, #3566, .T. ) ;
#8 = VECTOR ( 'NONE', #6628, 1.000000000000000000 ) ;
#9 = VECTOR ( 'NONE', #4471, 1.000000000000000000 ) ;
#10 = ORIENTED_EDGE ( 'NONE', *, *, #2719, .T. ) ;
#11 = CARTESIAN_POINT ( 'NONE',  ( -1.668648648648647148, 2.149144144144145230, 0.05100000000000000366 ) ) ;
#12 = LINE ( 'NONE', #2370, #5720 ) ;
#13 = EDGE_CURVE ( 'NONE', #7145, #5900, #6597, .T. ) ;
#14 = DIRECTION ( 'NONE',  ( -1.000000000000000000, -1.586032892321652729E-16, 0.000000000000000000 ) ) ;
#15 = VERTEX_POINT ( 'NONE', #1870 ) ;
#16 = CARTESIAN_POINT ( 'NONE',  ( 1.170752172914886202, 0.5027057713251168458, 0.6510000000000003562 ) ) ;
#17 = DIRECTION ( 'NONE',  ( 0.000000000000000000, 0.000000000000000000, -1.000000000000000000 ) ) ;
#18 = ORIENTED_EDGE ( 'NONE', *, *, #5768, .F. ) ;
#19 = CARTESIAN_POINT ( 'NONE',  ( -0.02364864864864699157, -0.6961949088771521854, 0.6520000000000003570 ) ) ;
#20 = EDGE_LOOP ( 'NONE', ( #22, #971, #3775, #94 ) ) ;
#21 = VERTEX_POINT ( 'NONE', #1288 ) ;
#22 = ORIENTED_EDGE ( 'NONE', *, *, #5033, .T. ) ;
#23 = LINE ( 'NONE', #3968, #2725 ) ;
#24 = VECTOR ( 'NONE', #1160, 1.000000000000000000 ) ;
#25 = EDGE_CURVE ( 'NONE', #835, #3001, #3648, .T. ) ;
#26 = VECTOR ( 'NONE', #2083, 1.000000000000000000 ) ;
#27 = EDGE_LOOP ( 'NONE', ( #1121, #4976, #5517, #2444 ) ) ;
#28 = PLANE ( 'NONE',  #6758 ) ;
#29 = LINE ( 'NONE', #2309, #5123 ) ;
#30 = VECTOR ( 'NONE', #210, 1.000000000000000000 ) ;
#31 = VECTOR ( 'NONE', #684, 1.000000000000000000 ) ;
#32 = CARTESIAN_POINT ( 'NONE',  ( 1.506351351351353340, 1.374144144144144652, 0.4510000000000000120 ) ) ;
#33 = ORIENTED_EDGE ( 'NONE', *, *, #4524, .T. ) ;
#34 = ORIENTED_EDGE ( 'NONE', *, *, #6314, .T. ) ;
#35 = DIRECTION ( 'NONE',  ( 3.172065784643304472E-16, 1.000000000000000000, -0.000000000000000000 ) ) ;
#36 = CARTESIAN_POINT ( 'NONE',  ( -2.432432432432432456, 1.128378378378379621, 0.1499999999999999944 ) ) ;
#37 = EDGE_CURVE ( 'NONE', #3619, #481, #1434, .T. ) ;
#38 = ORIENTED_EDGE ( 'NONE', *, *, #7188, .T. ) ;
#39 = FACE_OUTER_BOUND ( 'NONE', #103, .T. ) ;
#40 = ORIENTED_EDGE ( 'NONE', *, *, #523, .T. ) ;
#41 = CARTESIAN_POINT ( 'NONE',  ( -0.4632964566313568788, -0.2619442023300436184, 0.05100000000000000366 ) ) ;
#42 = CARTESIAN_POINT ( 'NONE',  ( 1.186351351351352834, -0.7058558558558547524, 0.4510000000000000120 ) ) ;
#43 = DIRECTION ( 'NONE',  ( 0.000000000000000000, -0.000000000000000000, 1.000000000000000000 ) ) ;
#44 = PLANE ( 'NONE',  #6743 ) ;
#45 = EDGE_CURVE ( 'NONE', #2930, #5910, #1512, .T. ) ;
#46 = DIRECTION ( 'NONE',  ( -1.000000000000000000, -1.110223024625160485E-15, 0.000000000000000000 ) ) ;
#47 = ORIENTED_EDGE ( 'NONE', *, *, #5131, .F. ) ;
#48 = ORIENTED_EDGE ( 'NONE', *, *, #7618, .F. ) ;
#49 = CARTESIAN_POINT ( 'NONE',  ( -0.03864864864864676897, 0.2041441441441443350, 0.4510000000000000120 ) ) ;
#50 = CARTESIAN_POINT ( 'NONE',  ( 0.000000000000000000, 0.000000000000000000, 0.05100000000000000366 ) ) ;
#51 = VECTOR ( 'NONE', #6823, 1.000000000000000000 ) ;
#52 = CARTESIAN_POINT ( 'NONE',  ( -0.01248264923019514090, 1.404144144144144235, 0.2520000000000000018 ) ) ;
#53 = VERTEX_POINT ( 'NONE', #5073 ) ;
#54 = ADVANCED_FACE ( 'NONE', ( #3873 ), #5587, .T. ) ;
#55 = LINE ( 'NONE', #3063, #2281 ) ;
#56 = CARTESIAN_POINT ( 'NONE',  ( 1.506351351351352896, -0.6758558558558547258, 0.4510000000000000120 ) ) ;
#57 = ORIENTED_EDGE ( 'NONE', *, *, #654, .F. ) ;
#58 = DIRECTION ( 'NONE',  ( 0.000000000000000000, 1.000000000000000000, 0.000000000000000000 ) ) ;
#59 = PLANE ( 'NONE',  #5250 ) ;
#60 = ORIENTED_EDGE ( 'NONE', *, *, #3233, .T. ) ;
#61 = VECTOR ( 'NONE', #3802, 1.000000000000000000 ) ;
#62 = ORIENTED_EDGE ( 'NONE', *, *, #4440, .T. ) ;
#63 = ORIENTED_EDGE ( 'NONE', *, *, #4110, .F. ) ;
#64 = LINE ( 'NONE', #3686, #3344 ) ;
#65 = VECTOR ( 'NONE', #4462, 1.000000000000000000 ) ;
#66 = ORIENTED_EDGE ( 'NONE', *, *, #5243, .T. ) ;
#67 = DIRECTION ( 'NONE',  ( -1.000000000000000000, -0.000000000000000000, -0.000000000000000000 ) ) ;
#68 = DIRECTION ( 'NONE',  ( -1.850371707708593823E-16, 1.000000000000000000, 0.000000000000000000 ) ) ;
#69 = ADVANCED_FACE ( 'NONE', ( #4494, #7328 ), #2093, .T. ) ;
#70 = ORIENTED_EDGE ( 'NONE', *, *, #7147, .F. ) ;
#71 = CARTESIAN_POINT ( 'NONE',  ( -0.4686486486486469705, -1.450855855855854637, 0.4500000000000000111 ) ) ;
#72 = AXIS2_PLACEMENT_3D ( 'NONE', #6008, #3019, #623 ) ;
#73 = PLANE ( 'NONE',  #6956 ) ;
#74 = ORIENTED_EDGE ( 'NONE', *, *, #1167, .F. ) ;
#75 = DIRECTION ( 'NONE',  ( 0.000000000000000000, 1.000000000000000000, 0.000000000000000000 ) ) ;
#76 = ORIENTED_EDGE ( 'NONE', *, *, #13, .F. ) ;
#77 = FACE_OUTER_BOUND ( 'NONE', #6938, .T. ) ;
#78 = LINE ( 'NONE', #1236, #882 ) ;
#79 = CARTESIAN_POINT ( 'NONE',  ( -2.382432432432432190, -0.8716216216216201573, 0.04899999999999998801 ) ) ;
#80 = LINE ( 'NONE', #2977, #6131 ) ;
#81 = EDGE_LOOP ( 'NONE', ( #5332, #3705, #4753, #4781 ) ) ;
#82 = ADVANCED_FACE ( 'NONE', ( #4531 ), #3295, .F. ) ;
#83 = ORIENTED_EDGE ( 'NONE', *, *, #4935, .T. ) ;
#84 = CARTESIAN_POINT ( 'NONE',  ( 0.000000000000000000, 0.000000000000000000, 0.2520000000000000018 ) ) ;
#85 = AXIS2_PLACEMENT_3D ( 'NONE', #6918, #5607, #1609 ) ;
#86 = LINE ( 'NONE', #7096, #5214 ) ;
#87 = VERTEX_POINT ( 'NONE', #5000 ) ;
#88 = DIRECTION ( 'NONE',  ( 1.000000000000000000, 0.000000000000000000, 0.000000000000000000 ) ) ;
#89 = CARTESIAN_POINT ( 'NONE',  ( -1.213648648648647077, -0.7058558558558547524, 0.4510000000000000120 ) ) ;
#90 = ORIENTED_EDGE ( 'NONE', *, *, #4161, .T. ) ;
#91 = AXIS2_PLACEMENT_3D ( 'NONE', #687, #4207, #832 ) ;
#92 = APPLICATION_PROTOCOL_DEFINITION ( 'draft international standard', 'automotive_design', 1998, #7221 ) ;
#93 = FACE_OUTER_BOUND ( 'NONE', #4253, .T. ) ;
#94 = ORIENTED_EDGE ( 'NONE', *, *, #4061, .T. ) ;
#95 = ORIENTED_EDGE ( 'NONE', *, *, #1701, .F. ) ;
#96 = EDGE_LOOP ( 'NONE', ( #423, #6362, #5505, #7659 ) ) ;
#97 = CARTESIAN_POINT ( 'NONE',  ( 1.919291799940615606, -0.2422942286748832330, 0.6510000000000003562 ) ) ;
#98 = EDGE_CURVE ( 'NONE', #1279, #1634, #7446, .T. ) ;
#99 = EDGE_CURVE ( 'NONE', #1589, #4757, #2635, .T. ) ;
#100 = LINE ( 'NONE', #3763, #6952 ) ;
#101 = DIRECTION ( 'NONE',  ( -1.000000000000000000, -1.586032892321651743E-16, 0.000000000000000000 ) ) ;
#102 = DIRECTION ( 'NONE',  ( 1.000000000000000000, 1.850371707708593823E-16, -0.000000000000000000 ) ) ;
#103 = EDGE_LOOP ( 'NONE', ( #1488, #4264, #3577, #957 ) ) ;
#104 = DIRECTION ( 'NONE',  ( -1.850371707708594070E-16, 1.000000000000000000, 0.000000000000000000 ) ) ;
#105 = LINE ( 'NONE', #4827, #4850 ) ;
#106 = EDGE_LOOP ( 'NONE', ( #1165, #3485, #6537, #5618 ) ) ;
#107 = CARTESIAN_POINT ( 'NONE',  ( -2.432432432432432012, -0.9216216216216202017, 0.000000000000000000 ) ) ;
#108 = VERTEX_POINT ( 'NONE', #392 ) ;
#109 = CARTESIAN_POINT ( 'NONE',  ( -0.9236486486486471525, -1.905855855855854708, 0.2520000000000000018 ) ) ;
#110 = ADVANCED_FACE ( 'NONE', ( #6207 ), #3756, .T. ) ;
#111 = PLANE ( 'NONE',  #3851 ) ;
#112 = CARTESIAN_POINT ( 'NONE',  ( -1.668653815138664065, 2.149178435024714506, 0.05100000000000000366 ) ) ;
#113 = CARTESIAN_POINT ( 'NONE',  ( -0.8936486486486471259, 1.722892555011814375, 0.4510000000000000120 ) ) ;
#114 = ORIENTED_EDGE ( 'NONE', *, *, #5818, .F. ) ;
#115 = VERTEX_POINT ( 'NONE', #815 ) ;
#116 = CARTESIAN_POINT ( 'NONE',  ( 0.7157521729148861311, -0.2422942286748832330, 0.6510000000000003562 ) ) ;
#117 = CARTESIAN_POINT ( 'NONE',  ( -1.638653815138664038, 3.349109615115158700, 0.05100000000000000366 ) ) ;
#118 = VERTEX_POINT ( 'NONE', #896 ) ;
#119 = CARTESIAN_POINT ( 'NONE',  ( -1.667844139922891600, 0.9478925550118144638, 0.2510000000000000009 ) ) ;
#120 = CARTESIAN_POINT ( 'NONE',  ( -2.918648648648647370, 3.349144144144144963, 0.000000000000000000 ) ) ;
#121 = VECTOR ( 'NONE', #3170, 1.000000000000000000 ) ;
#122 = ORIENTED_EDGE ( 'NONE', *, *, #420, .T. ) ;
#123 = DIRECTION ( 'NONE',  ( -0.000000000000000000, -0.000000000000000000, -1.000000000000000000 ) ) ;
#125 = EDGE_CURVE ( 'NONE', #2935, #3458, #6281, .T. ) ;
#124 = ORIENTED_EDGE ( 'NONE', *, *, #6854, .T. ) ;
#126 = ORIENTED_EDGE ( 'NONE', *, *, #4767, .T. ) ;
#127 = EDGE_LOOP ( 'NONE', ( #7023, #725, #5974, #586 ) ) ;
#128 = LINE ( 'NONE', #1837, #6313 ) ;
#129 = VECTOR ( 'NONE', #1393, 1.000000000000000000 ) ;
#130 = EDGE_CURVE ( 'NONE', #920, #6506, #2016, .T. ) ;
#131 = DIRECTION ( 'NONE',  ( 1.000000000000000000, 0.000000000000000000, 0.000000000000000000 ) ) ;
#132 = LINE ( 'NONE', #4858, #2650 ) ;
#133 = EDGE_CURVE ( 'NONE', #1214, #4665, #4418, .T. ) ;
#134 = AXIS2_PLACEMENT_3D ( 'NONE', #4695, #591, #5977 ) ;
#135 = VECTOR ( 'NONE', #659, 1.000000000000000000 ) ;
#136 = ORIENTED_EDGE ( 'NONE', *, *, #7094, .T. ) ;
#137 = LINE ( 'NONE', #4824, #4533 ) ;
#138 = VECTOR ( 'NONE', #6043, 1.000000000000000000 ) ;
#139 = ADVANCED_FACE ( 'NONE', ( #6898 ), #852, .F. ) ;
#140 = LINE ( 'NONE', #2501, #4472 ) ;
#141 = AXIS2_PLACEMENT_3D ( 'NONE', #833, #873, #298 ) ;
#142 = VECTOR ( 'NONE', #4501, 1.000000000000000000 ) ;
#143 = ORIENTED_EDGE ( 'NONE', *, *, #3102, .F. ) ;
#144 = CARTESIAN_POINT ( 'NONE',  ( -2.382432432432432190, -0.8716216216216201573, 0.04899999999999998801 ) ) ;
#145 = AXIS2_PLACEMENT_3D ( 'NONE', #6881, #6302, #4191 ) ;
#146 = VERTEX_POINT ( 'NONE', #969 ) ;
#147 = DIRECTION ( 'NONE',  ( -2.166288828536891009E-16, 1.000000000000000000, -0.000000000000000000 ) ) ;
#148 = DIRECTION ( 'NONE',  ( -4.724353296277261913E-17, -1.000000000000000000, 0.000000000000000000 ) ) ;
#149 = CARTESIAN_POINT ( 'NONE',  ( -2.382432432432432634, 0.07837837837837957622, 0.05100000000000000366 ) ) ;
#150 = DIRECTION ( 'NONE',  ( -0.000000000000000000, -0.000000000000000000, -1.000000000000000000 ) ) ;
#151 = ORIENTED_EDGE ( 'NONE', *, *, #7034, .T. ) ;
#152 = ORIENTED_EDGE ( 'NONE', *, *, #6336, .T. ) ;
#153 = DIRECTION ( 'NONE',  ( 0.000000000000000000, 1.000000000000000000, 0.000000000000000000 ) ) ;
#154 = EDGE_CURVE ( 'NONE', #1588, #7219, #2593, .T. ) ;
#155 = CARTESIAN_POINT ( 'NONE',  ( 1.913785313619750461, -2.650960111606672331, 0.05100000000000000366 ) ) ;
#156 = VERTEX_POINT ( 'NONE', #6128 ) ;
#157 = LINE ( 'NONE', #2518, #821 ) ;
#158 = ADVANCED_FACE ( 'NONE', ( #3176 ), #235, .T. ) ;
#159 = CARTESIAN_POINT ( 'NONE',  ( 1.476351351351352870, -1.905855855855854708, 0.2520000000000000018 ) ) ;
#160 = CARTESIAN_POINT ( 'NONE',  ( 3.617567567567566034, 0.7283783783783794874, 0.1509999999999999953 ) ) ;
#161 = AXIS2_PLACEMENT_3D ( 'NONE', #5451, #75, #1273 ) ;
#162 = ORIENTED_EDGE ( 'NONE', *, *, #2885, .T. ) ;
#163 = CARTESIAN_POINT ( 'NONE',  ( 0.2963513513513529873, -0.6661949088771521588, 0.6520000000000003570 ) ) ;
#164 = EDGE_LOOP ( 'NONE', ( #2717, #2338, #5055, #4067, #7360, #1539, #4778, #38, #6574, #3059, #1948, #746, #5326, #2988, #4183, #407 ) ) ;
#165 = ORIENTED_EDGE ( 'NONE', *, *, #1613, .T. ) ;
#166 = ORIENTED_EDGE ( 'NONE', *, *, #3889, .F. ) ;
#167 = FACE_OUTER_BOUND ( 'NONE', #1875, .T. ) ;
#168 = VECTOR ( 'NONE', #6408, 1.000000000000000000 ) ;
#169 = CARTESIAN_POINT ( 'NONE',  ( -0.4686486486486469705, 0.000000000000000000, 0.4500000000000000111 ) ) ;
#170 = CARTESIAN_POINT ( 'NONE',  ( 0.2663513513513530162, -0.9861949088771519989, 0.6520000000000003570 ) ) ;
#171 = AXIS2_PLACEMENT_3D ( 'NONE', #2594, #6559, #675 ) ;
#172 = DIRECTION ( 'NONE',  ( -0.000000000000000000, -0.000000000000000000, -1.000000000000000000 ) ) ;
#173 = EDGE_CURVE ( 'NONE', #1362, #4591, #4377, .T. ) ;
#174 = VECTOR ( 'NONE', #6469, 1.000000000000000000 ) ;
#175 = EDGE_CURVE ( 'NONE', #3402, #4674, #5807, .T. ) ;
#176 = EDGE_LOOP ( 'NONE', ( #6745, #4563, #2569, #10 ) ) ;
#177 = ORIENTED_EDGE ( 'NONE', *, *, #6663, .F. ) ;
#178 = CARTESIAN_POINT ( 'NONE',  ( 0.7063513513513532960, 6.535062781211384249E-17, 0.4500000000000000111 ) ) ;
#179 = VECTOR ( 'NONE', #1678, 1.000000000000000000 ) ;
#180 = FACE_OUTER_BOUND ( 'NONE', #3252, .T. ) ;
#181 = EDGE_LOOP ( 'NONE', ( #4159, #5368, #5434, #4633 ) ) ;
#182 = EDGE_CURVE ( 'NONE', #1769, #5196, #4687, .T. ) ;
#183 = LINE ( 'NONE', #4983, #3530 ) ;
#184 = EDGE_CURVE ( 'NONE', #276, #283, #584, .T. ) ;
#185 = EDGE_CURVE ( 'NONE', #3218, #1363, #4026, .T. ) ;
#186 = ORIENTED_EDGE ( 'NONE', *, *, #6223, .F. ) ;
#187 = CARTESIAN_POINT ( 'NONE',  ( 1.901351351351352914, 2.149144144144145230, 0.05100000000000000366 ) ) ;
#188 = LINE ( 'NONE', #2581, #3357 ) ;
#189 = DIRECTION ( 'NONE',  ( 1.000000000000000000, 0.000000000000000000, 0.000000000000000000 ) ) ;
#190 = CARTESIAN_POINT ( 'NONE',  ( 1.817567567567565545, 0.2783783783783795318, 0.05100000000000000366 ) ) ;
#191 = VECTOR ( 'NONE', #3158, 1.000000000000000000 ) ;
#192 = EDGE_LOOP ( 'NONE', ( #3497, #5121, #7178, #434 ) ) ;
#193 = EDGE_CURVE ( 'NONE', #4122, #4802, #2790, .T. ) ;
#194 = ORIENTED_EDGE ( 'NONE', *, *, #1557, .F. ) ;
#195 = PLANE ( 'NONE',  #1233 ) ;
#196 = LINE ( 'NONE', #229, #129 ) ;
#197 = ORIENTED_EDGE ( 'NONE', *, *, #5653, .F. ) ;
#198 = CARTESIAN_POINT ( 'NONE',  ( -1.638653815138664038, 2.149178435024714506, 0.05100000000000000366 ) ) ;
#199 = LINE ( 'NONE', #6555, #7230 ) ;
#200 = CARTESIAN_POINT ( 'NONE',  ( -1.667844139922891600, -0.2478776232719740735, 0.05100000000000000366 ) ) ;
#201 = EDGE_LOOP ( 'NONE', ( #2802, #5811, #3310, #1838 ) ) ;
#202 = APPLICATION_PROTOCOL_DEFINITION ( 'draft international standard', 'automotive_design', 1998, #1824 ) ;
#203 = LINE ( 'NONE', #4924, #1036 ) ;
#204 = ORIENTED_EDGE ( 'NONE', *, *, #7375, .T. ) ;
#205 = ORIENTED_EDGE ( 'NONE', *, *, #4540, .F. ) ;
#206 = AXIS2_PLACEMENT_3D ( 'NONE', #6226, #872, #7466 ) ;
#207 = PLANE ( 'NONE',  #1361 ) ;
#208 = CARTESIAN_POINT ( 'NONE',  ( -1.213648648648647077, -2.195855855855854966, 0.2510000000000000009 ) ) ;
#209 = VECTOR ( 'NONE', #4018, 1.000000000000000000 ) ;
#210 = DIRECTION ( 'NONE',  ( 1.000000000000000000, 9.251858538542972814E-17, -0.000000000000000000 ) ) ;
#211 = VECTOR ( 'NONE', #2141, 1.000000000000000000 ) ;
#212 = EDGE_CURVE ( 'NONE', #470, #4657, #5192, .T. ) ;
#213 = DIRECTION ( 'NONE',  ( 0.000000000000000000, -1.000000000000000000, 0.000000000000000000 ) ) ;
#214 = ORIENTED_EDGE ( 'NONE', *, *, #1265, .T. ) ;
#215 = EDGE_LOOP ( 'NONE', ( #4344, #5794, #4382, #370 ) ) ;
#216 = CARTESIAN_POINT ( 'NONE',  ( -0.02364864864864699157, -0.9861949088771519989, 0.6510000000000003562 ) ) ;
#217 = CARTESIAN_POINT ( 'NONE',  ( -0.01364864864864695666, -2.195855855855854966, 0.4500000000000000111 ) ) ;
#218 = EDGE_LOOP ( 'NONE', ( #2841, #345, #1164, #1318, #2716 ) ) ;
#219 = CARTESIAN_POINT ( 'NONE',  ( -0.02364864864864699157, -0.6961949088771521854, 0.6510000000000003562 ) ) ;
#220 = EDGE_LOOP ( 'NONE', ( #4005, #3206, #6010, #784 ) ) ;
#221 = DIRECTION ( 'NONE',  ( -0.000000000000000000, -0.000000000000000000, -1.000000000000000000 ) ) ;
#222 = LINE ( 'NONE', #1538, #756 ) ;
#223 = CARTESIAN_POINT ( 'NONE',  ( 1.156351351351352807, -0.6758558558558547258, 0.4510000000000000120 ) ) ;
#224 = EDGE_CURVE ( 'NONE', #1604, #1634, #5981, .T. ) ;
#225 = EDGE_LOOP ( 'NONE', ( #4105, #5592, #1271, #7028 ) ) ;
#226 = EDGE_CURVE ( 'NONE', #7168, #748, #6359, .T. ) ;
#227 = VERTEX_POINT ( 'NONE', #5775 ) ;
#228 = DIRECTION ( 'NONE',  ( -1.000000000000000000, -0.000000000000000000, -0.000000000000000000 ) ) ;
#229 = CARTESIAN_POINT ( 'NONE',  ( -0.01364864864864695666, -2.195855855855854966, 0.4500000000000000111 ) ) ;
#230 = VECTOR ( 'NONE', #6859, 1.000000000000000000 ) ;
#231 = ORIENTED_EDGE ( 'NONE', *, *, #1456, .T. ) ;
#232 = DIRECTION ( 'NONE',  ( 1.000000000000000000, 0.000000000000000000, 0.000000000000000000 ) ) ;
#233 = CARTESIAN_POINT ( 'NONE',  ( 0.000000000000000000, 0.000000000000000000, 0.4500000000000000111 ) ) ;
#234 = LINE ( 'NONE', #7483, #1869 ) ;
#235 = PLANE ( 'NONE',  #5557 ) ;
#236 = PLANE ( 'NONE',  #5114 ) ;
#237 = AXIS2_PLACEMENT_3D ( 'NONE', #84, #1319, #629 ) ;
#238 = ORIENTED_EDGE ( 'NONE', *, *, #4496, .T. ) ;
#239 = EDGE_LOOP ( 'NONE', ( #3389, #2096, #5283, #3487 ) ) ;
#240 = CARTESIAN_POINT ( 'NONE',  ( -0.4786486486486470349, -8.856779173924079092E-17, 0.05000000000000000278 ) ) ;
#241 = EDGE_CURVE ( 'NONE', #7332, #4138, #7012, .T. ) ;
#242 = CARTESIAN_POINT ( 'NONE',  ( -1.243648648648647104, 1.372892555011814508, 0.4500000000000000111 ) ) ;
#243 = DIRECTION ( 'NONE',  ( -1.000000000000000000, -0.000000000000000000, -0.000000000000000000 ) ) ;
#244 = CARTESIAN_POINT ( 'NONE',  ( -0.04248264923019517969, 1.724144144144144075, 0.2520000000000000018 ) ) ;
#245 = CARTESIAN_POINT ( 'NONE',  ( -0.01248264923019517733, 1.694144144144144049, 0.2520000000000000018 ) ) ;
#246 = LINE ( 'NONE', #5410, #2399 ) ;
#247 = ORIENTED_EDGE ( 'NONE', *, *, #6009, .F. ) ;
#248 = DIRECTION ( 'NONE',  ( 1.000000000000000000, 1.189524669241239608E-16, -0.000000000000000000 ) ) ;
#249 = VECTOR ( 'NONE', #692, 1.000000000000000000 ) ;
#250 = AXIS2_PLACEMENT_3D ( 'NONE', #630, #2409, #2071 ) ;
#251 = EDGE_CURVE ( 'NONE', #4657, #1450, #3445, .T. ) ;
#252 = ORIENTED_EDGE ( 'NONE', *, *, #4783, .T. ) ;
#253 = EDGE_CURVE ( 'NONE', #1834, #2844, #5888, .T. ) ;
#254 = ORIENTED_EDGE ( 'NONE', *, *, #797, .F. ) ;
#255 = FACE_OUTER_BOUND ( 'NONE', #3863, .T. ) ;
#256 = FACE_OUTER_BOUND ( 'NONE', #3429, .T. ) ;
#257 = VECTOR ( 'NONE', #7635, 1.000000000000000000 ) ;
#258 = VERTEX_POINT ( 'NONE', #4064 ) ;
#259 = CARTESIAN_POINT ( 'NONE',  ( 1.156351351351353252, 1.724144144144144519, 0.4510000000000000120 ) ) ;
#260 = VECTOR ( 'NONE', #4909, 1.000000000000000000 ) ;
#261 = EDGE_LOOP ( 'NONE', ( #4666, #5905, #5828, #4171 ) ) ;
#262 = CARTESIAN_POINT ( 'NONE',  ( 0.000000000000000000, 0.000000000000000000, 0.4500000000000000111 ) ) ;
#263 = VECTOR ( 'NONE', #7238, 1.000000000000000000 ) ;
#264 = CARTESIAN_POINT ( 'NONE',  ( -1.668914624007974412, -2.650885740052331574, 0.05100000000000000366 ) ) ;
#265 = CARTESIAN_POINT ( 'NONE',  ( -2.432432432432432012, -0.8716216216216201573, 0.05000000000000000278 ) ) ;
#266 = EDGE_CURVE ( 'NONE', #1798, #4009, #3989, .T. ) ;
#267 = VECTOR ( 'NONE', #4895, 1.000000000000000000 ) ;
#268 = VERTEX_POINT ( 'NONE', #2287 ) ;
#269 = EDGE_CURVE ( 'NONE', #4122, #2059, #544, .T. ) ;
#270 = EDGE_LOOP ( 'NONE', ( #2583, #1694, #3115, #1671 ) ) ;
#271 = CARTESIAN_POINT ( 'NONE',  ( 1.490752172914886264, 0.5327057713251167614, 0.6520000000000003570 ) ) ;
#272 = AXIS2_PLACEMENT_3D ( 'NONE', #5686, #5942, #6524 ) ;
#273 = EDGE_CURVE ( 'NONE', #6701, #1825, #1117, .T. ) ;
#274 = VECTOR ( 'NONE', #571, 1.000000000000000000 ) ;
#275 = DIRECTION ( 'NONE',  ( -1.000000000000000000, 0.000000000000000000, 0.000000000000000000 ) ) ;
#276 = VERTEX_POINT ( 'NONE', #1586 ) ;
#277 = ADVANCED_FACE ( 'NONE', ( #3948 ), #4570, .F. ) ;
#278 = DIRECTION ( 'NONE',  ( 0.000000000000000000, 0.000000000000000000, 1.000000000000000000 ) ) ;
#279 = LINE ( 'NONE', #1468, #2247 ) ;
#280 = CARTESIAN_POINT ( 'NONE',  ( -2.918648648648647370, 3.349144144144144963, 0.05000000000000000278 ) ) ;
#281 = CARTESIAN_POINT ( 'NONE',  ( -0.02364864864864699157, -0.9861949088771519989, 0.6520000000000003570 ) ) ;
#282 = DIRECTION ( 'NONE',  ( 0.000000000000000000, -1.000000000000000000, 0.000000000000000000 ) ) ;
#283 = VERTEX_POINT ( 'NONE', #6468 ) ;
#284 = ORIENTED_EDGE ( 'NONE', *, *, #1305, .F. ) ;
#285 = DIRECTION ( 'NONE',  ( -0.000000000000000000, 0.000000000000000000, -1.000000000000000000 ) ) ;
#286 = DIRECTION ( 'NONE',  ( -1.000000000000000000, -0.000000000000000000, -0.000000000000000000 ) ) ;
#287 = FACE_OUTER_BOUND ( 'NONE', #1457, .T. ) ;
#288 = EDGE_CURVE ( 'NONE', #4112, #373, #3482, .T. ) ;
#289 = LINE ( 'NONE', #403, #65 ) ;
#290 = DIRECTION ( 'NONE',  ( 0.000000000000000000, 0.000000000000000000, 1.000000000000000000 ) ) ;
#291 = LINE ( 'NONE', #1025, #6694 ) ;
#292 = EDGE_LOOP ( 'NONE', ( #1402, #7295, #6249, #5494 ) ) ;
#293 = CARTESIAN_POINT ( 'NONE',  ( -0.9236486486486471525, 1.402892555011814535, 0.4510000000000000120 ) ) ;
#294 = VERTEX_POINT ( 'NONE', #7558 ) ;
#295 = EDGE_LOOP ( 'NONE', ( #2267, #3536, #3023, #2798 ) ) ;
#296 = AXIS2_PLACEMENT_3D ( 'NONE', #5168, #908, #5050 ) ;
#297 = FACE_OUTER_BOUND ( 'NONE', #6410, .T. ) ;
#298 = DIRECTION ( 'NONE',  ( 1.000000000000000000, 0.000000000000000000, 0.000000000000000000 ) ) ;
#299 = EDGE_CURVE ( 'NONE', #3458, #2454, #1010, .T. ) ;
#300 = VECTOR ( 'NONE', #2911, 1.000000000000000000 ) ;
#301 = CARTESIAN_POINT ( 'NONE',  ( -1.668648648648647148, -2.650855855855854593, 0.05100000000000000366 ) ) ;
#302 = ADVANCED_FACE ( 'NONE', ( #3372 ), #5738, .F. ) ;
#303 = AXIS2_PLACEMENT_3D ( 'NONE', #7249, #1325, #671 ) ;
#304 = VERTEX_POINT ( 'NONE', #7240 ) ;
#305 = DIRECTION ( 'NONE',  ( 0.000000000000000000, -1.000000000000000000, 0.000000000000000000 ) ) ;
#306 = LINE ( 'NONE', #2122, #4719 ) ;
#307 = DIRECTION ( 'NONE',  ( -1.000000000000000000, -1.376309534659284821E-16, 0.000000000000000000 ) ) ;
#308 = ORIENTED_EDGE ( 'NONE', *, *, #2579, .T. ) ;
#309 = ORIENTED_EDGE ( 'NONE', *, *, #3159, .T. ) ;
#310 = CARTESIAN_POINT ( 'NONE',  ( 0.000000000000000000, 0.000000000000000000, 0.05100000000000000366 ) ) ;
#311 = CARTESIAN_POINT ( 'NONE',  ( -1.213648648648647077, -0.7058558558558547524, 0.4510000000000000120 ) ) ;
#312 = ORIENTED_EDGE ( 'NONE', *, *, #1932, .T. ) ;
#313 = FACE_OUTER_BOUND ( 'NONE', #3525, .T. ) ;
#314 = PLANE ( 'NONE',  #387 ) ;
#315 = DIRECTION ( 'NONE',  ( 1.000000000000000000, 0.000000000000000000, -0.000000000000000000 ) ) ;
#316 = CARTESIAN_POINT ( 'NONE',  ( 0.000000000000000000, 0.000000000000000000, 0.1500000000000000222 ) ) ;
#317 = DIRECTION ( 'NONE',  ( 1.000000000000000000, 0.000000000000000000, -0.000000000000000000 ) ) ;
#318 = EDGE_CURVE ( 'NONE', #2998, #6772, #2511, .T. ) ;
#319 = ORIENTED_EDGE ( 'NONE', *, *, #5814, .T. ) ;
#320 = ORIENTED_EDGE ( 'NONE', *, *, #2113, .F. ) ;
#321 = DIRECTION ( 'NONE',  ( 1.000000000000000000, 2.166288828536891256E-16, -0.000000000000000000 ) ) ;
#322 = CARTESIAN_POINT ( 'NONE',  ( 0.7213513513513529762, -1.450855855855854637, 0.05000000000000000278 ) ) ;
#323 = FACE_BOUND ( 'NONE', #1339, .T. ) ;
#324 = DIRECTION ( 'NONE',  ( -0.000000000000000000, -0.000000000000000000, -1.000000000000000000 ) ) ;
#325 = CARTESIAN_POINT ( 'NONE',  ( 0.3075173507698049091, 1.374144144144144208, 0.2510000000000000009 ) ) ;
#326 = DIRECTION ( 'NONE',  ( -1.000000000000000000, 0.000000000000000000, 0.000000000000000000 ) ) ;
#327 = DIRECTION ( 'NONE',  ( -1.000000000000000000, 3.172065784643303486E-16, -0.000000000000000000 ) ) ;
#328 = EDGE_CURVE ( 'NONE', #1646, #2772, #1238, .T. ) ;
#329 = AXIS2_PLACEMENT_3D ( 'NONE', #6393, #5230, #966 ) ;
#330 = ADVANCED_FACE ( 'NONE', ( #4876 ), #3127, .F. ) ;
#331 = ORIENTED_EDGE ( 'NONE', *, *, #5621, .F. ) ;
#332 = CLOSED_SHELL ( 'NONE', ( #959, #4638, #5418, #1841, #745, #2170, #7431, #3076, #6640, #2455, #7619, #1514, #3546, #899, #2642, #1698 ) ) ;
#333 = ORIENTED_EDGE ( 'NONE', *, *, #4606, .F. ) ;
#334 = FACE_OUTER_BOUND ( 'NONE', #2668, .T. ) ;
#335 = EDGE_CURVE ( 'NONE', #5865, #1589, #6657, .T. ) ;
#336 = EDGE_CURVE ( 'NONE', #1338, #268, #1350, .T. ) ;
#337 = ORIENTED_EDGE ( 'NONE', *, *, #3731, .F. ) ;
#338 = VECTOR ( 'NONE', #6170, 1.000000000000000000 ) ;
#339 = EDGE_LOOP ( 'NONE', ( #5784, #4407, #4751, #891 ) ) ;
#340 = FACE_BOUND ( 'NONE', #7489, .T. ) ;
#341 = CARTESIAN_POINT ( 'NONE',  ( -1.213648648648647077, 1.692892555011814348, 0.4510000000000000120 ) ) ;
#342 = VECTOR ( 'NONE', #5956, 1.000000000000000000 ) ;
#343 = DIRECTION ( 'NONE',  ( -0.000000000000000000, 1.000000000000000000, -0.000000000000000000 ) ) ;
#344 = EDGE_CURVE ( 'NONE', #7227, #3836, #2473, .T. ) ;
#345 = ORIENTED_EDGE ( 'NONE', *, *, #5119, .T. ) ;
#346 = CARTESIAN_POINT ( 'NONE',  ( -1.243648648648647104, -1.875855855855854681, 0.2520000000000000018 ) ) ;
#347 = DIRECTION ( 'NONE',  ( -0.000000000000000000, -0.000000000000000000, -1.000000000000000000 ) ) ;
#348 = LINE ( 'NONE', #2812, #2855 ) ;
#349 = ORIENTED_EDGE ( 'NONE', *, *, #2854, .T. ) ;
#350 = EDGE_LOOP ( 'NONE', ( #7578, #780, #5060, #6626 ) ) ;
#351 = CARTESIAN_POINT ( 'NONE',  ( 0.3075173507698048536, 1.724144144144144075, 0.2520000000000000018 ) ) ;
#352 = EDGE_CURVE ( 'NONE', #6123, #7411, #661, .T. ) ;
#353 = LINE ( 'NONE', #5111, #3833 ) ;
#354 = ORIENTED_EDGE ( 'NONE', *, *, #662, .T. ) ;
#355 = CARTESIAN_POINT ( 'NONE',  ( -0.4786486486486467573, -1.450855855855854637, 0.4500000000000000111 ) ) ;
#356 = DIRECTION ( 'NONE',  ( 1.000000000000000000, 0.000000000000000000, 0.000000000000000000 ) ) ;
#357 = DIRECTION ( 'NONE',  ( -0.000000000000000000, 1.000000000000000000, -0.000000000000000000 ) ) ;
#358 = DIRECTION ( 'NONE',  ( 1.000000000000000000, 0.000000000000000000, 0.000000000000000000 ) ) ;
#359 = CARTESIAN_POINT ( 'NONE',  ( 1.913785313619750683, -4.100310651257746741, 0.05100000000000000366 ) ) ;
#360 = ORIENTED_EDGE ( 'NONE', *, *, #2205, .T. ) ;
#361 = VERTEX_POINT ( 'NONE', #5502 ) ;
#362 = CARTESIAN_POINT ( 'NONE',  ( 1.156351351351353252, 1.724144144144144519, 0.4510000000000000120 ) ) ;
#363 = FACE_OUTER_BOUND ( 'NONE', #3925, .T. ) ;
#364 = CARTESIAN_POINT ( 'NONE',  ( -2.867919202630825559, -2.650885740052331574, 0.05100000000000000366 ) ) ;
#365 = AXIS2_PLACEMENT_3D ( 'NONE', #362, #6134, #285 ) ;
#366 = CARTESIAN_POINT ( 'NONE',  ( -0.8936486486486471259, -0.6758558558558546148, 0.4510000000000000120 ) ) ;
#367 = DIRECTION ( 'NONE',  ( 1.256179068810790265E-16, -1.000000000000000000, 0.000000000000000000 ) ) ;
#368 = PLANE ( 'NONE',  #1378 ) ;
#369 = ADVANCED_FACE ( 'NONE', ( #5929 ), #7087, .F. ) ;
#370 = ORIENTED_EDGE ( 'NONE', *, *, #3220, .T. ) ;
#371 = VERTEX_POINT ( 'NONE', #4142 ) ;
#372 = LINE ( 'NONE', #2230, #1860 ) ;
#373 = VERTEX_POINT ( 'NONE', #5389 ) ;
#374 = DIRECTION ( 'NONE',  ( 0.000000000000000000, -0.000000000000000000, 1.000000000000000000 ) ) ;
#375 = ADVANCED_FACE ( 'NONE', ( #1780 ), #6511, .F. ) ;
#376 = CARTESIAN_POINT ( 'NONE',  ( -0.05364864864864699046, -0.6661949088771521588, 0.6520000000000003570 ) ) ;
#377 = VECTOR ( 'NONE', #6179, 1.000000000000000000 ) ;
#378 = DIRECTION ( 'NONE',  ( 0.000000000000000000, 1.000000000000000000, 0.000000000000000000 ) ) ;
#379 = ORIENTED_EDGE ( 'NONE', *, *, #566, .F. ) ;
#380 = LINE ( 'NONE', #3860, #2808 ) ;
#381 = EDGE_CURVE ( 'NONE', #7255, #4990, #80, .T. ) ;
#382 = CARTESIAN_POINT ( 'NONE',  ( -1.243648648648647104, -0.6758558558558547258, 0.4510000000000000120 ) ) ;
#383 = UNCERTAINTY_MEASURE_WITH_UNIT (LENGTH_MEASURE( 1.000000000000000082E-05 ), #1482, 'distance_accuracy_value', 'NONE');
#384 = VECTOR ( 'NONE', #6014, 1.000000000000000000 ) ;
#385 = ORIENTED_EDGE ( 'NONE', *, *, #5170, .F. ) ;
#386 = PLANE ( 'NONE',  #493 ) ;
#387 = AXIS2_PLACEMENT_3D ( 'NONE', #5037, #7406, #2091 ) ;
#388 = EDGE_LOOP ( 'NONE', ( #1390, #5680, #5347, #2559, #1472, #5689 ) ) ;
#389 = DIRECTION ( 'NONE',  ( -0.000000000000000000, -0.000000000000000000, -1.000000000000000000 ) ) ;
#390 = DIRECTION ( 'NONE',  ( -0.000000000000000000, 1.000000000000000000, -0.000000000000000000 ) ) ;
#391 = PLANE ( 'NONE',  #6329 ) ;
#392 = CARTESIAN_POINT ( 'NONE',  ( 1.490752172914886264, 0.1827057713251167559, 0.6510000000000003562 ) ) ;
#393 = DIRECTION ( 'NONE',  ( 1.000000000000000000, -0.000000000000000000, -0.000000000000000000 ) ) ;
#394 = ORIENTED_EDGE ( 'NONE', *, *, #4247, .T. ) ;
#395 = VECTOR ( 'NONE', #1572, 1.000000000000000000 ) ;
#396 = VECTOR ( 'NONE', #5894, 1.000000000000000000 ) ;
#397 = EDGE_LOOP ( 'NONE', ( #319, #1516, #3673, #3142 ) ) ;
#398 = FACE_OUTER_BOUND ( 'NONE', #4270, .T. ) ;
#399 = CARTESIAN_POINT ( 'NONE',  ( 0.000000000000000000, 0.000000000000000000, 0.05000000000000000278 ) ) ;
#400 = EDGE_CURVE ( 'NONE', #3604, #811, #4838, .T. ) ;
#401 = DIRECTION ( 'NONE',  ( 0.000000000000000000, 1.000000000000000000, 0.000000000000000000 ) ) ;
#402 = VERTEX_POINT ( 'NONE', #2439 ) ;
#403 = CARTESIAN_POINT ( 'NONE',  ( -1.618648648648647104, -1.450855855855854637, 0.05100000000000000366 ) ) ;
#404 = CARTESIAN_POINT ( 'NONE',  ( 1.881351351351352674, -2.600855855855854770, 0.05100000000000000366 ) ) ;
#405 = CARTESIAN_POINT ( 'NONE',  ( 3.181351351351352275, -4.100855855855855658, 0.000000000000000000 ) ) ;
#406 =( NAMED_UNIT ( * ) SI_UNIT ( $, .STERADIAN. ) SOLID_ANGLE_UNIT ( ) );
#407 = ORIENTED_EDGE ( 'NONE', *, *, #3136, .T. ) ;
#408 = ORIENTED_EDGE ( 'NONE', *, *, #703, .T. ) ;
#409 = VERTEX_POINT ( 'NONE', #5353 ) ;
#410 = DIRECTION ( 'NONE',  ( 0.000000000000000000, -0.000000000000000000, 1.000000000000000000 ) ) ;
#411 = ORIENTED_EDGE ( 'NONE', *, *, #693, .T. ) ;
#412 = DIRECTION ( 'NONE',  ( 0.000000000000000000, 0.000000000000000000, 1.000000000000000000 ) ) ;
#413 = VECTOR ( 'NONE', #578, 1.000000000000000000 ) ;
#414 = ADVANCED_FACE ( 'NONE', ( #1897 ), #44, .F. ) ;
#415 = FACE_OUTER_BOUND ( 'NONE', #3719, .T. ) ;
#416 = VECTOR ( 'NONE', #3296, 1.000000000000000000 ) ;
#417 = ORIENTED_EDGE ( 'NONE', *, *, #6856, .F. ) ;
#418 = CARTESIAN_POINT ( 'NONE',  ( 1.928964900017874129, -1.452608405685351434, 0.05100000000000000366 ) ) ;
#419 = LINE ( 'NONE', #5842, #2611 ) ;
#420 = EDGE_CURVE ( 'NONE', #7219, #5392, #4801, .T. ) ;
#421 = VECTOR ( 'NONE', #6532, 1.000000000000000000 ) ;
#422 = ADVANCED_FACE ( 'NONE', ( #1857 ), #4219, .F. ) ;
#423 = ORIENTED_EDGE ( 'NONE', *, *, #1624, .F. ) ;
#424 = VECTOR ( 'NONE', #5786, 1.000000000000000000 ) ;
#425 = LINE ( 'NONE', #2165, #4203 ) ;
#426 = DIRECTION ( 'NONE',  ( -0.000000000000000000, 1.000000000000000000, -0.000000000000000000 ) ) ;
#427 = EDGE_LOOP ( 'NONE', ( #2127, #2996, #231, #6865 ) ) ;
#428 = FACE_OUTER_BOUND ( 'NONE', #7640, .T. ) ;
#429 = CARTESIAN_POINT ( 'NONE',  ( -2.382432432432432634, 1.128378378378379621, 0.05000000000000000278 ) ) ;
#430 = DIRECTION ( 'NONE',  ( -0.000000000000000000, -0.000000000000000000, -1.000000000000000000 ) ) ;
#431 = CARTESIAN_POINT ( 'NONE',  ( -1.242844139922891555, 0.5241441441441452298, 0.2520000000000000018 ) ) ;
#432 = LINE ( 'NONE', #1011, #1404 ) ;
#433 = EDGE_CURVE ( 'NONE', #4489, #7236, #6588, .T. ) ;
#434 = ORIENTED_EDGE ( 'NONE', *, *, #1126, .T. ) ;
#435 = ORIENTED_EDGE ( 'NONE', *, *, #5962, .F. ) ;
#436 = DIRECTION ( 'NONE',  ( 0.000000000000000000, -0.000000000000000000, -1.000000000000000000 ) ) ;
#437 = CARTESIAN_POINT ( 'NONE',  ( -0.8936486486486470149, -2.225855855855854770, 0.2520000000000000018 ) ) ;
#438 = CARTESIAN_POINT ( 'NONE',  ( -0.06864864864864672622, 0.1741441441441443361, 0.4500000000000000111 ) ) ;
#439 = ORIENTED_EDGE ( 'NONE', *, *, #2894, .T. ) ;
#440 = EDGE_LOOP ( 'NONE', ( #90, #7251, #455, #7244 ) ) ;
#441 = AXIS2_PLACEMENT_3D ( 'NONE', #190, #2547, #1200 ) ;
#442 = LINE ( 'NONE', #2800, #7485 ) ;
#443 = FACE_OUTER_BOUND ( 'NONE', #548, .T. ) ;
#444 = ORIENTED_EDGE ( 'NONE', *, *, #3544, .T. ) ;
#445 = PLANE ( 'NONE',  #296 ) ;
#446 = ORIENTED_EDGE ( 'NONE', *, *, #5258, .T. ) ;
#447 = ORIENTED_EDGE ( 'NONE', *, *, #4584, .T. ) ;
#448 = ORIENTED_EDGE ( 'NONE', *, *, #2467, .F. ) ;
#449 = CARTESIAN_POINT ( 'NONE',  ( 1.460752172914886238, 0.2127057713251167548, 0.6510000000000003562 ) ) ;
#450 = EDGE_CURVE ( 'NONE', #2454, #108, #3671, .T. ) ;
#451 = ORIENTED_EDGE ( 'NONE', *, *, #4274, .T. ) ;
#452 = CARTESIAN_POINT ( 'NONE',  ( 1.931351351351352941, 0.9491441441441446081, 0.4500000000000000111 ) ) ;
#453 = VECTOR ( 'NONE', #2845, 1.000000000000000000 ) ;
#454 = FACE_OUTER_BOUND ( 'NONE', #7256, .T. ) ;
#455 = ORIENTED_EDGE ( 'NONE', *, *, #4364, .F. ) ;
#456 = PLANE ( 'NONE',  #5156 ) ;
#457 = AXIS2_PLACEMENT_3D ( 'NONE', #6116, #4986, #6617 ) ;
#458 = CARTESIAN_POINT ( 'NONE',  ( 1.919291799940615606, 0.9427075103593078875, 0.6510000000000003562 ) ) ;
#459 = EDGE_CURVE ( 'NONE', #2769, #2039, #1969, .T. ) ;
#460 = ORIENTED_EDGE ( 'NONE', *, *, #1559, .T. ) ;
#461 = LINE ( 'NONE', #4020, #3823 ) ;
#462 = EDGE_CURVE ( 'NONE', #6115, #886, #6693, .T. ) ;
#463 = DIRECTION ( 'NONE',  ( -1.000000000000000000, 0.000000000000000000, 0.000000000000000000 ) ) ;
#464 = EDGE_CURVE ( 'NONE', #3105, #7266, #5988, .T. ) ;
#465 = CARTESIAN_POINT ( 'NONE',  ( 1.919291799940615606, -0.2422942286748832330, 0.05100000000000000366 ) ) ;
#466 = PLANE ( 'NONE',  #5709 ) ;
#467 = CARTESIAN_POINT ( 'NONE',  ( -2.432432432432432012, -0.9216216216216202017, 0.1499999999999999944 ) ) ;
#468 = DIRECTION ( 'NONE',  ( 0.000000000000000000, -1.000000000000000000, 0.000000000000000000 ) ) ;
#469 = ORIENTED_EDGE ( 'NONE', *, *, #693, .F. ) ;
#470 = VERTEX_POINT ( 'NONE', #170 ) ;
#471 = PLANE ( 'NONE',  #1596 ) ;
#472 = DIRECTION ( 'NONE',  ( -4.724353296277261913E-17, -1.000000000000000000, 0.000000000000000000 ) ) ;
#473 = LINE ( 'NONE', #4618, #7632 ) ;
#474 = ORIENTED_EDGE ( 'NONE', *, *, #193, .T. ) ;
#475 = CARTESIAN_POINT ( 'NONE',  ( 0.3075173507698048536, 1.724144144144144075, 0.2520000000000000018 ) ) ;
#476 = DIRECTION ( 'NONE',  ( -0.000000000000000000, -0.000000000000000000, -1.000000000000000000 ) ) ;
#477 = ORIENTED_EDGE ( 'NONE', *, *, #6109, .T. ) ;
#478 =( NAMED_UNIT ( * ) SI_UNIT ( $, .STERADIAN. ) SOLID_ANGLE_UNIT ( ) );
#480 = ADVANCED_FACE ( 'NONE', ( #788 ), #6713, .T. ) ;
#479 = VERTEX_POINT ( 'NONE', #3688 ) ;
#481 = VERTEX_POINT ( 'NONE', #6064 ) ;
#482 = ORIENTED_EDGE ( 'NONE', *, *, #433, .F. ) ;
#483 = CARTESIAN_POINT ( 'NONE',  ( 1.928964900017874129, -2.649473361566354157, 0.2510000000000000009 ) ) ;
#484 = ORIENTED_EDGE ( 'NONE', *, *, #7281, .F. ) ;
#485 = DIRECTION ( 'NONE',  ( -1.000000000000000000, -1.376309534659284821E-16, 0.000000000000000000 ) ) ;
#486 = VECTOR ( 'NONE', #7521, 1.000000000000000000 ) ;
#487 = LINE ( 'NONE', #3164, #1495 ) ;
#488 = EDGE_CURVE ( 'NONE', #651, #4004, #5555, .T. ) ;
#489 = EDGE_CURVE ( 'NONE', #1708, #1089, #4818, .T. ) ;
#490 = DIRECTION ( 'NONE',  ( 0.000000000000000000, -0.000000000000000000, -1.000000000000000000 ) ) ;
#491 = VERTEX_POINT ( 'NONE', #4857 ) ;
#492 = PLANE ( 'NONE',  #4410 ) ;
#493 = AXIS2_PLACEMENT_3D ( 'NONE', #7515, #2746, #6353 ) ;
#494 = CARTESIAN_POINT ( 'NONE',  ( 3.617567567567566034, -0.8716216216216201573, 0.04899999999999998801 ) ) ;
#495 = EDGE_CURVE ( 'NONE', #1730, #2245, #1406, .T. ) ;
#496 = DIRECTION ( 'NONE',  ( 1.000000000000000000, -0.000000000000000000, 0.000000000000000000 ) ) ;
#497 = VECTOR ( 'NONE', #7180, 1.000000000000000000 ) ;
#498 = VECTOR ( 'NONE', #3579, 1.000000000000000000 ) ;
#499 = CARTESIAN_POINT ( 'NONE',  ( 1.817567567567565545, 1.078378378378379576, 0.05000000000000000278 ) ) ;
#500 = CARTESIAN_POINT ( 'NONE',  ( 1.931351351351352941, -2.650855855855854593, 0.05100000000000000366 ) ) ;
#501 = LINE ( 'NONE', #2897, #4093 ) ;
#502 = DIRECTION ( 'NONE',  ( 0.000000000000000000, -0.000000000000000000, -1.000000000000000000 ) ) ;
#503 = DIRECTION ( 'NONE',  ( 0.000000000000000000, -1.000000000000000000, 0.000000000000000000 ) ) ;
#504 = CARTESIAN_POINT ( 'NONE',  ( -0.4686486486486469705, -2.600855855855854770, 0.05100000000000000366 ) ) ;
#505 = ADVANCED_FACE ( 'NONE', ( #4930 ), #2566, .T. ) ;
#506 = AXIS2_PLACEMENT_3D ( 'NONE', #7597, #6319, #1009 ) ;
#507 = ORIENTED_EDGE ( 'NONE', *, *, #4181, .T. ) ;
#508 = EDGE_CURVE ( 'NONE', #7101, #1140, #3147, .T. ) ;
#509 = VERTEX_POINT ( 'NONE', #7299 ) ;
#510 = CARTESIAN_POINT ( 'NONE',  ( 1.883785313619750434, -4.100310651257746741, 0.05000000000000000278 ) ) ;
#511 = VECTOR ( 'NONE', #1927, 1.000000000000000000 ) ;
#512 = FACE_OUTER_BOUND ( 'NONE', #3659, .T. ) ;
#513 = DIRECTION ( 'NONE',  ( 1.000000000000000000, 0.000000000000000000, 0.000000000000000000 ) ) ;
#514 = ORIENTED_EDGE ( 'NONE', *, *, #6571, .F. ) ;
#515 = AXIS2_PLACEMENT_3D ( 'NONE', #223, #6731, #1424 ) ;
#516 = CARTESIAN_POINT ( 'NONE',  ( -0.4674826492301951686, 2.148025372459793303, 0.2510000000000000009 ) ) ;
#517 = DIRECTION ( 'NONE',  ( 1.000000000000000000, 0.000000000000000000, 0.000000000000000000 ) ) ;
#518 = ORIENTED_EDGE ( 'NONE', *, *, #462, .F. ) ;
#519 = VECTOR ( 'NONE', #5584, 1.000000000000000000 ) ;
#520 = CARTESIAN_POINT ( 'NONE',  ( -1.618648648648647104, -0.2508558558558546814, 0.05100000000000000366 ) ) ;
#521 = PRESENTATION_STYLE_ASSIGNMENT (( #4701 ) ) ;
#523 = EDGE_CURVE ( 'NONE', #4206, #1240, #100, .T. ) ;
#522 = ORIENTED_EDGE ( 'NONE', *, *, #6581, .T. ) ;
#524 = ORIENTED_EDGE ( 'NONE', *, *, #489, .F. ) ;
#525 = ORIENTED_EDGE ( 'NONE', *, *, #4042, .F. ) ;
#526 = DIRECTION ( 'NONE',  ( -1.000000000000000000, -3.172065784643304472E-16, -0.000000000000000000 ) ) ;
#527 = ADVANCED_FACE ( 'NONE', ( #1915 ), #825, .T. ) ;
#528 = VECTOR ( 'NONE', #3553, 1.000000000000000000 ) ;
#529 = ORIENTED_EDGE ( 'NONE', *, *, #2687, .T. ) ;
#530 = PLANE ( 'NONE',  #5649 ) ;
#531 = PLANE ( 'NONE',  #1661 ) ;
#532 = CARTESIAN_POINT ( 'NONE',  ( -0.8928441399228915776, 0.5241441441441452298, 0.2520000000000000018 ) ) ;
#533 = VERTEX_POINT ( 'NONE', #2457 ) ;
#534 = DIRECTION ( 'NONE',  ( -3.172065784643303486E-16, -1.000000000000000000, 0.000000000000000000 ) ) ;
#535 = EDGE_CURVE ( 'NONE', #7106, #268, #1259, .T. ) ;
#536 = VECTOR ( 'NONE', #1924, 1.000000000000000000 ) ;
#537 = DIRECTION ( 'NONE',  ( -7.930164461608258714E-17, 1.000000000000000000, 0.000000000000000000 ) ) ;
#538 = DIRECTION ( 'NONE',  ( 2.166288828536891256E-16, -1.000000000000000000, 0.000000000000000000 ) ) ;
#539 = PLANE ( 'NONE',  #3958 ) ;
#540 = LINE ( 'NONE', #2321, #1692 ) ;
#541 = ADVANCED_FACE ( 'NONE', ( #7150, #5521 ), #3185, .T. ) ;
#542 = LINE ( 'NONE', #1739, #5456 ) ;
#543 = CARTESIAN_POINT ( 'NONE',  ( -0.06864864864864672622, 0.1741441441441443361, 0.4510000000000000120 ) ) ;
#544 = LINE ( 'NONE', #6428, #2784 ) ;
#545 = DIRECTION ( 'NONE',  ( 1.000000000000000000, 0.000000000000000000, 0.000000000000000000 ) ) ;
#546 = VECTOR ( 'NONE', #5677, 1.000000000000000000 ) ;
#547 = ORIENTED_EDGE ( 'NONE', *, *, #6209, .T. ) ;
#548 = EDGE_LOOP ( 'NONE', ( #5413, #4722, #1391, #7552 ) ) ;
#549 = CARTESIAN_POINT ( 'NONE',  ( 1.476351351351353314, 1.694144144144144493, 0.4510000000000000120 ) ) ;
#550 = PLANE ( 'NONE',  #4603 ) ;
#551 = LINE ( 'NONE', #2371, #5830 ) ;
#552 = VERTEX_POINT ( 'NONE', #4201 ) ;
#553 = AXIS2_PLACEMENT_3D ( 'NONE', #516, #3998, #3418 ) ;
#554 = CARTESIAN_POINT ( 'NONE',  ( 1.931351351351352941, -0.2508558558558547924, 0.05099999999999998979 ) ) ;
#555 = LINE ( 'NONE', #5285, #4631 ) ;
#556 = ORIENTED_EDGE ( 'NONE', *, *, #5675, .T. ) ;
#557 = DIRECTION ( 'NONE',  ( -1.000000000000000000, 0.000000000000000000, 0.000000000000000000 ) ) ;
#558 = DIRECTION ( 'NONE',  ( 4.724353296277261913E-17, 1.000000000000000000, 0.000000000000000000 ) ) ;
#559 = ORIENTED_EDGE ( 'NONE', *, *, #3278, .T. ) ;
#560 = ORIENTED_EDGE ( 'NONE', *, *, #3853, .F. ) ;
#561 = ORIENTED_EDGE ( 'NONE', *, *, #6625, .F. ) ;
#562 = DIRECTION ( 'NONE',  ( -1.000000000000000000, -7.930164461608261179E-17, 0.000000000000000000 ) ) ;
#563 = ORIENTED_EDGE ( 'NONE', *, *, #6013, .T. ) ;
#564 = CARTESIAN_POINT ( 'NONE',  ( 0.7213513513513527542, -0.2508558558558548479, 0.4500000000000000111 ) ) ;
#565 = EDGE_CURVE ( 'NONE', #15, #5210, #1880, .T. ) ;
#566 = EDGE_CURVE ( 'NONE', #2941, #2917, #1952, .T. ) ;
#567 = FACE_OUTER_BOUND ( 'NONE', #2850, .T. ) ;
#568 = VECTOR ( 'NONE', #7351, 1.000000000000000000 ) ;
#569 = EDGE_CURVE ( 'NONE', #3812, #616, #4352, .T. ) ;
#570 = EDGE_CURVE ( 'NONE', #1089, #1004, #1298, .T. ) ;
#571 = DIRECTION ( 'NONE',  ( -0.000000000000000000, -0.000000000000000000, -1.000000000000000000 ) ) ;
#572 = ORIENTED_EDGE ( 'NONE', *, *, #5119, .F. ) ;
#573 = ORIENTED_EDGE ( 'NONE', *, *, #1337, .T. ) ;
#574 = CARTESIAN_POINT ( 'NONE',  ( -0.9236486486486471525, -1.905855855855854708, 0.2520000000000000018 ) ) ;
#575 = LINE ( 'NONE', #5920, #528 ) ;
#576 = AXIS2_PLACEMENT_3D ( 'NONE', #4514, #5684, #374 ) ;
#577 = EDGE_CURVE ( 'NONE', #5327, #6526, #718, .T. ) ;
#578 = DIRECTION ( 'NONE',  ( -0.000000000000000000, -0.000000000000000000, -1.000000000000000000 ) ) ;
#579 = ORIENTED_EDGE ( 'NONE', *, *, #2927, .F. ) ;
#580 = CARTESIAN_POINT ( 'NONE',  ( 0.000000000000000000, -0.2508558558558546814, 0.05100000000000000366 ) ) ;
#581 = AXIS2_PLACEMENT_3D ( 'NONE', #364, #5815, #7605 ) ;
#582 = CARTESIAN_POINT ( 'NONE',  ( -1.243648648648647104, 1.372892555011814508, 0.4510000000000000120 ) ) ;
#583 = PLANE ( 'NONE',  #4590 ) ;
#584 = LINE ( 'NONE', #1668, #3195 ) ;
#585 = DIRECTION ( 'NONE',  ( 1.000000000000000000, -9.570888143320318106E-17, 0.000000000000000000 ) ) ;
#586 = ORIENTED_EDGE ( 'NONE', *, *, #3668, .T. ) ;
#587 = ORIENTED_EDGE ( 'NONE', *, *, #6552, .F. ) ;
#588 = DIRECTION ( 'NONE',  ( 1.000000000000000000, 0.000000000000000000, -0.000000000000000000 ) ) ;
#589 = EDGE_CURVE ( 'NONE', #4489, #640, #3963, .T. ) ;
#590 = DIRECTION ( 'NONE',  ( 1.000000000000000000, 0.000000000000000000, 0.000000000000000000 ) ) ;
#591 = DIRECTION ( 'NONE',  ( 1.000000000000000000, 2.220446049250313081E-16, -0.000000000000000000 ) ) ;
#592 = ORIENTED_EDGE ( 'NONE', *, *, #7152, .T. ) ;
#593 = DIRECTION ( 'NONE',  ( -1.000000000000000000, -0.000000000000000000, -0.000000000000000000 ) ) ;
#594 = CARTESIAN_POINT ( 'NONE',  ( -0.05364864864864694882, -1.016194908877152026, 0.6510000000000003562 ) ) ;
#595 = ORIENTED_EDGE ( 'NONE', *, *, #1459, .F. ) ;
#596 = LINE ( 'NONE', #1757, #4721 ) ;
#597 = DIRECTION ( 'NONE',  ( 3.172065784643304472E-16, 1.000000000000000000, -0.000000000000000000 ) ) ;
#598 = VERTEX_POINT ( 'NONE', #944 ) ;
#599 = EDGE_LOOP ( 'NONE', ( #4708, #4549, #2490, #308 ) ) ;
#600 = VERTEX_POINT ( 'NONE', #5678 ) ;
#601 = CARTESIAN_POINT ( 'NONE',  ( -2.867919202630825559, -2.620885740052331769, 0.05100000000000000366 ) ) ;
#602 = EDGE_CURVE ( 'NONE', #1681, #5286, #291, .T. ) ;
#603 = VERTEX_POINT ( 'NONE', #3306 ) ;
#604 = CARTESIAN_POINT ( 'NONE',  ( -1.618648648648647104, -2.600855855855854770, 0.05000000000000000278 ) ) ;
#605 = EDGE_CURVE ( 'NONE', #7171, #5299, #3844, .T. ) ;
#606 = CARTESIAN_POINT ( 'NONE',  ( 0.6175675675675675880, 1.078378378378379576, 0.05100000000000000366 ) ) ;
#607 = CARTESIAN_POINT ( 'NONE',  ( -1.243648648648647104, -2.225855855855854770, 0.2520000000000000018 ) ) ;
#608 = VECTOR ( 'NONE', #1085, 1.000000000000000000 ) ;
#609 = VERTEX_POINT ( 'NONE', #6834 ) ;
#610 = ADVANCED_FACE ( 'NONE', ( #2649 ), #368, .T. ) ;
#611 = ORIENTED_EDGE ( 'NONE', *, *, #7665, .T. ) ;
#612 = LINE ( 'NONE', #4675, #6523 ) ;
#613 = VECTOR ( 'NONE', #938, 1.000000000000000000 ) ;
#614 = CARTESIAN_POINT ( 'NONE',  ( -0.8936486486486470149, -2.225855855855854770, 0.2520000000000000018 ) ) ;
#615 = VECTOR ( 'NONE', #7169, 1.000000000000000000 ) ;
#616 = VERTEX_POINT ( 'NONE', #7459 ) ;
#617 = LINE ( 'NONE', #5345, #3503 ) ;
#618 = EDGE_CURVE ( 'NONE', #1351, #1436, #3923, .T. ) ;
#619 = ORIENTED_EDGE ( 'NONE', *, *, #2502, .T. ) ;
#620 = CARTESIAN_POINT ( 'NONE',  ( 0.2775173507698049380, 1.404144144144144235, 0.2520000000000000018 ) ) ;
#621 = CARTESIAN_POINT ( 'NONE',  ( -1.242844139922891555, 0.5241441441441452298, 0.2520000000000000018 ) ) ;
#622 = CARTESIAN_POINT ( 'NONE',  ( -0.01248264923019514090, 1.404144144144144235, 0.2520000000000000018 ) ) ;
#623 = DIRECTION ( 'NONE',  ( 0.000000000000000000, -0.000000000000000000, -1.000000000000000000 ) ) ;
#624 = DIRECTION ( 'NONE',  ( 0.000000000000000000, -0.000000000000000000, 1.000000000000000000 ) ) ;
#625 = ORIENTED_EDGE ( 'NONE', *, *, #881, .T. ) ;
#626 = AXIS2_PLACEMENT_3D ( 'NONE', #3985, #7479, #6315 ) ;
#627 = VECTOR ( 'NONE', #2564, 1.000000000000000000 ) ;
#628 = VERTEX_POINT ( 'NONE', #405 ) ;
#629 = DIRECTION ( 'NONE',  ( 1.000000000000000000, 0.000000000000000000, 0.000000000000000000 ) ) ;
#630 = CARTESIAN_POINT ( 'NONE',  ( 0.000000000000000000, 0.000000000000000000, 0.05100000000000000366 ) ) ;
#631 = DIRECTION ( 'NONE',  ( -0.000000000000000000, 1.000000000000000000, -0.000000000000000000 ) ) ;
#632 = VERTEX_POINT ( 'NONE', #4974 ) ;
#633 = DIRECTION ( 'NONE',  ( -0.000000000000000000, -0.000000000000000000, -1.000000000000000000 ) ) ;
#634 = CARTESIAN_POINT ( 'NONE',  ( 0.000000000000000000, 0.000000000000000000, 0.6510000000000003562 ) ) ;
#635 = AXIS2_PLACEMENT_3D ( 'NONE', #1585, #4452, #3947 ) ;
#636 = EDGE_LOOP ( 'NONE', ( #592, #7129, #2562, #5319 ) ) ;
#637 = DIRECTION ( 'NONE',  ( -2.166288828536891256E-16, 1.000000000000000000, -0.000000000000000000 ) ) ;
#638 = ORIENTED_EDGE ( 'NONE', *, *, #4477, .T. ) ;
#639 = ORIENTED_EDGE ( 'NONE', *, *, #400, .F. ) ;
#640 = VERTEX_POINT ( 'NONE', #2146 ) ;
#641 = DIRECTION ( 'NONE',  ( -1.586032892321652236E-16, 1.000000000000000000, -0.000000000000000000 ) ) ;
#642 = EDGE_CURVE ( 'NONE', #2517, #3166, #7498, .T. ) ;
#643 = VECTOR ( 'NONE', #2414, 1.000000000000000000 ) ;
#644 = VECTOR ( 'NONE', #6691, 1.000000000000000000 ) ;
#645 = EDGE_LOOP ( 'NONE', ( #4759, #4513, #3281, #2486 ) ) ;
#646 = CARTESIAN_POINT ( 'NONE',  ( 1.186351351351352834, -0.9958558558558545659, 0.4500000000000000111 ) ) ;
#647 = VECTOR ( 'NONE', #5441, 1.000000000000000000 ) ;
#648 = AXIS2_PLACEMENT_3D ( 'NONE', #3236, #2659, #2699 ) ;
#649 = AXIS2_PLACEMENT_3D ( 'NONE', #3338, #1440, #7414 ) ;
#650 = LINE ( 'NONE', #6533, #7075 ) ;
#651 = VERTEX_POINT ( 'NONE', #2027 ) ;
#652 = LINE ( 'NONE', #3007, #6146 ) ;
#653 = LINE ( 'NONE', #5381, #1506 ) ;
#654 = EDGE_CURVE ( 'NONE', #4438, #5978, #4389, .T. ) ;
#655 = ORIENTED_EDGE ( 'NONE', *, *, #4320, .F. ) ;
#656 = LINE ( 'NONE', #6615, #779 ) ;
#657 = VERTEX_POINT ( 'NONE', #4507 ) ;
#658 = CARTESIAN_POINT ( 'NONE',  ( 1.913785313619750461, -2.650960111606672331, 0.05000000000000000278 ) ) ;
#659 = DIRECTION ( 'NONE',  ( -0.000000000000000000, -0.000000000000000000, -1.000000000000000000 ) ) ;
#660 = CARTESIAN_POINT ( 'NONE',  ( -0.4510550733494790299, 0.9478925550118144638, 0.2510000000000000009 ) ) ;
#661 = LINE ( 'NONE', #2402, #3038 ) ;
#662 = EDGE_CURVE ( 'NONE', #827, #2469, #1600, .T. ) ;
#663 = CARTESIAN_POINT ( 'NONE',  ( 0.2513513513513532249, 0.4941441441441443150, 0.4510000000000000120 ) ) ;
#664 = ORIENTED_EDGE ( 'NONE', *, *, #1784, .T. ) ;
#665 = EDGE_CURVE ( 'NONE', #598, #2745, #5130, .T. ) ;
#666 = EDGE_LOOP ( 'NONE', ( #70, #1940, #1374, #7655, #5662, #6527, #1174, #6328, #1072, #5702 ) ) ;
#667 = CARTESIAN_POINT ( 'NONE',  ( -1.668648648648647148, -1.450855855855854637, 0.4500000000000000111 ) ) ;
#668 = VECTOR ( 'NONE', #624, 1.000000000000000000 ) ;
#669 = CARTESIAN_POINT ( 'NONE',  ( 1.913785313619750461, -2.650960111606672331, 0.05100000000000000366 ) ) ;
#670 = EDGE_LOOP ( 'NONE', ( #214, #595, #5357, #3524 ) ) ;
#671 = DIRECTION ( 'NONE',  ( 1.000000000000000000, 0.000000000000000000, 0.000000000000000000 ) ) ;
#672 = CARTESIAN_POINT ( 'NONE',  ( -0.4786486486486469794, -0.2508558558558546814, 0.05000000000000000278 ) ) ;
#673 = CARTESIAN_POINT ( 'NONE',  ( -1.618648648648647104, -2.600855855855854770, 0.05100000000000000366 ) ) ;
#674 = VECTOR ( 'NONE', #585, 1.000000000000000000 ) ;
#675 = DIRECTION ( 'NONE',  ( -0.000000000000000000, 0.000000000000000000, -1.000000000000000000 ) ) ;
#676 = VERTEX_POINT ( 'NONE', #3384 ) ;
#677 = AXIS2_PLACEMENT_3D ( 'NONE', #6452, #4129, #4749 ) ;
#678 = ORIENTED_EDGE ( 'NONE', *, *, #3314, .T. ) ;
#679 = VERTEX_POINT ( 'NONE', #5751 ) ;
#680 = CARTESIAN_POINT ( 'NONE',  ( 1.817567567567565545, 1.078378378378379576, 0.05100000000000000366 ) ) ;
#681 = VECTOR ( 'NONE', #7456, 1.000000000000000000 ) ;
#682 = DIRECTION ( 'NONE',  ( 0.000000000000000000, -0.000000000000000000, -1.000000000000000000 ) ) ;
#683 = DIRECTION ( 'NONE',  ( 1.000000000000000000, 0.000000000000000000, 0.000000000000000000 ) ) ;
#684 = DIRECTION ( 'NONE',  ( -0.000000000000000000, 1.000000000000000000, -0.000000000000000000 ) ) ;
#685 = EDGE_CURVE ( 'NONE', #4534, #4004, #2605, .T. ) ;
#686 = ORIENTED_EDGE ( 'NONE', *, *, #5762, .F. ) ;
#687 = CARTESIAN_POINT ( 'NONE',  ( -1.668648648648647148, 2.149144144144145230, 0.05100000000000000366 ) ) ;
#688 = DIRECTION ( 'NONE',  ( 0.000000000000000000, 0.000000000000000000, 1.000000000000000000 ) ) ;
#689 = VERTEX_POINT ( 'NONE', #6751 ) ;
#690 = LINE ( 'NONE', #3050, #4745 ) ;
#691 = VERTEX_POINT ( 'NONE', #6791 ) ;
#692 = DIRECTION ( 'NONE',  ( 1.000000000000000000, -1.456030196229713880E-16, 0.000000000000000000 ) ) ;
#693 = EDGE_CURVE ( 'NONE', #2012, #7189, #6219, .T. ) ;
#694 = DIRECTION ( 'NONE',  ( 1.000000000000000000, 0.000000000000000000, 0.000000000000000000 ) ) ;
#695 = LINE ( 'NONE', #79, #260 ) ;
#696 = CARTESIAN_POINT ( 'NONE',  ( -0.4674826492301951686, 2.148025372459793303, 0.05100000000000000366 ) ) ;
#697 = AXIS2_PLACEMENT_3D ( 'NONE', #1920, #3660, #4901 ) ;
#698 = CLOSED_SHELL ( 'NONE', ( #3484, #3327, #6140, #6830, #754, #69, #5350, #6979, #3002, #1309, #1800, #6531, #3555, #82, #3840, #5075, #7286, #1270, #927, #5486, #6882, #2068, #2115, #3595, #1934, #4779, #2811, #3113, #6998, #3792, #6508, #1449, #3028, #6622, #1839, #6960, #4408, #527, #1864, #3875, #1321, #5909, #4127, #1652, #3401, #4553, #4912, #3780, #7487, #4057, #6459, #1343, #3265, #6551, #940, #4482, #6624, #4538, #3182, #3201, #5976, #4483, #5080, #4816, #2876, #2152, #3718, #414, #4066, #6382, #2834, #5178, #5487, #3870, #6723, #3498, #3000, #7460, #4234, #330, #5107, #7442, #7526, #1077, #1675, #610, #4109, #5572, #2705, #2503, #5016, #110, #6916, #6002, #4242, #2765, #1017, #7182, #3009, #5201, #2003, #3411, #7428, #3118, #480, #6016, #4521, #2969, #1269, #5442, #7260, #54, #4728, #717, #6603, #7540, #541, #2074, #2350, #5395, #375, #2458, #1146, #5916, #4911, #6708, #2740, #818, #5843, #4260, #1670, #1087, #7234, #898, #5105, #4008, #1061, #2310, #7205, #4301, #277, #505, #4867, #7576, #6294, #1125, #2451, #5524, #3475, #1369, #302, #7586, #5416, #2038, #987, #2261, #991, #2741, #5796, #7216, #3811, #3712, #4819, #1299, #4718, #5705, #4381, #1882, #4677, #139, #3309, #3769, #3247, #2920, #6156, #5631, #2217, #5864, #4016, #3795, #3313, #843, #3400, #5493, #3241, #6390, #3822, #2082, #5914, #866, #158, #5231, #422, #5444, #2868, #2663, #4431, #2985, #4136, #1734, #3730, #7344, #1540, #6809, #1154, #2292, #5923, #6645, #7516, #6148, #5987, #4205, #6424, #5766 ) ) ;
#699 = VERTEX_POINT ( 'NONE', #2690 ) ;
#700 = ORIENTED_EDGE ( 'NONE', *, *, #5363, .T. ) ;
#701 = CARTESIAN_POINT ( 'NONE',  ( 0.000000000000000000, 0.000000000000000000, 0.2520000000000000018 ) ) ;
#702 = EDGE_CURVE ( 'NONE', #3956, #2004, #6173, .T. ) ;
#703 = EDGE_CURVE ( 'NONE', #3191, #7140, #5601, .T. ) ;
#704 = VECTOR ( 'NONE', #823, 1.000000000000000000 ) ;
#705 = DIRECTION ( 'NONE',  ( -0.000000000000000000, 1.000000000000000000, -0.000000000000000000 ) ) ;
#706 = ORIENTED_EDGE ( 'NONE', *, *, #1649, .F. ) ;
#707 = CARTESIAN_POINT ( 'NONE',  ( -1.668648648648647148, -2.650855855855854593, 0.05100000000000000366 ) ) ;
#708 = LINE ( 'NONE', #1248, #1992 ) ;
#709 = DIRECTION ( 'NONE',  ( 0.000000000000000000, -1.000000000000000000, 0.000000000000000000 ) ) ;
#710 = VECTOR ( 'NONE', #305, 1.000000000000000000 ) ;
#711 = APPLICATION_PROTOCOL_DEFINITION ( 'draft international standard', 'automotive_design', 1998, #6330 ) ;
#712 = DIRECTION ( 'NONE',  ( -1.000000000000000000, 0.000000000000000000, 0.000000000000000000 ) ) ;
#713 = VERTEX_POINT ( 'NONE', #3269 ) ;
#714 = ORIENTED_EDGE ( 'NONE', *, *, #1712, .F. ) ;
#715 = ORIENTED_EDGE ( 'NONE', *, *, #3160, .F. ) ;
#716 = PLANE ( 'NONE',  #4325 ) ;
#717 = ADVANCED_FACE ( 'NONE', ( #1523 ), #3886, .T. ) ;
#718 = LINE ( 'NONE', #3074, #3359 ) ;
#719 = PLANE ( 'NONE',  #7350 ) ;
#720 = LINE ( 'NONE', #2600, #6456 ) ;
#721 = VERTEX_POINT ( 'NONE', #4464 ) ;
#722 = LINE ( 'NONE', #1996, #4032 ) ;
#723 = DIRECTION ( 'NONE',  ( 1.000000000000000000, 0.000000000000000000, 0.000000000000000000 ) ) ;
#724 = EDGE_CURVE ( 'NONE', #1798, #5477, #6258, .T. ) ;
#725 = ORIENTED_EDGE ( 'NONE', *, *, #3519, .F. ) ;
#726 = CARTESIAN_POINT ( 'NONE',  ( 3.126837698566487411, 3.348351809431109327, 0.05000000000000000278 ) ) ;
#727 = ORIENTED_EDGE ( 'NONE', *, *, #893, .F. ) ;
#728 = LINE ( 'NONE', #3124, #3303 ) ;
#729 = PLANE ( 'NONE',  #5219 ) ;
#730 = DIRECTION ( 'NONE',  ( 0.000000000000000000, -0.000000000000000000, 1.000000000000000000 ) ) ;
#731 = DIRECTION ( 'NONE',  ( 1.000000000000000000, 0.000000000000000000, 0.000000000000000000 ) ) ;
#732 = EDGE_CURVE ( 'NONE', #53, #1828, #4966, .T. ) ;
#733 = EDGE_LOOP ( 'NONE', ( #4370, #6890, #1858, #5732, #2768 ) ) ;
#734 = EDGE_LOOP ( 'NONE', ( #4413, #3944, #4068, #2110 ) ) ;
#735 = FACE_BOUND ( 'NONE', #4791, .T. ) ;
#736 = CARTESIAN_POINT ( 'NONE',  ( 1.931351351351352941, 3.349139388805733919, 0.05100000000000000366 ) ) ;
#737 = EDGE_LOOP ( 'NONE', ( #5180, #3746, #6296, #6147 ) ) ;
#738 = FACE_OUTER_BOUND ( 'NONE', #1974, .T. ) ;
#739 = EDGE_CURVE ( 'NONE', #3588, #6783, #4458, .T. ) ;
#740 = LINE ( 'NONE', #777, #3145 ) ;
#741 = CARTESIAN_POINT ( 'NONE',  ( -1.618648648648647104, -0.2508558558558546814, 0.05100000000000000366 ) ) ;
#742 = ORIENTED_EDGE ( 'NONE', *, *, #45, .F. ) ;
#743 = APPLICATION_PROTOCOL_DEFINITION ( 'draft international standard', 'automotive_design', 1998, #1419 ) ;
#744 = CARTESIAN_POINT ( 'NONE',  ( -2.382432432432432634, 1.128378378378379621, 0.1499999999999999944 ) ) ;
#745 = ADVANCED_FACE ( 'NONE', ( #2021 ), #7412, .F. ) ;
#746 = ORIENTED_EDGE ( 'NONE', *, *, #7119, .F. ) ;
#747 = ORIENTED_EDGE ( 'NONE', *, *, #6714, .T. ) ;
#748 = VERTEX_POINT ( 'NONE', #2098 ) ;
#749 = DIRECTION ( 'NONE',  ( -0.000000000000000000, 0.000000000000000000, -1.000000000000000000 ) ) ;
#750 = LINE ( 'NONE', #5553, #6272 ) ;
#751 = DIRECTION ( 'NONE',  ( -0.000000000000000000, 1.000000000000000000, -0.000000000000000000 ) ) ;
#752 = EDGE_CURVE ( 'NONE', #4184, #2613, #3761, .T. ) ;
#753 = CARTESIAN_POINT ( 'NONE',  ( 0.2775173507698048825, 1.694144144144144049, 0.2520000000000000018 ) ) ;
#754 = ADVANCED_FACE ( 'NONE', ( #2061, #2718 ), #1403, .F. ) ;
#755 = AXIS2_PLACEMENT_3D ( 'NONE', #1865, #6592, #3490 ) ;
#756 = VECTOR ( 'NONE', #922, 1.000000000000000000 ) ;
#757 = EDGE_LOOP ( 'NONE', ( #2137, #4468, #5052, #3098 ) ) ;
#758 = EDGE_LOOP ( 'NONE', ( #1873, #2747, #7616, #4898 ) ) ;
#759 = LINE ( 'NONE', #1267, #1075 ) ;
#760 = CARTESIAN_POINT ( 'NONE',  ( 3.452553062395283724E-17, -0.2508558558558549589, 0.4500000000000000111 ) ) ;
#761 = AXIS2_PLACEMENT_3D ( 'NONE', #376, #2732, #7102 ) ;
#762 = VECTOR ( 'NONE', #4070, 1.000000000000000000 ) ;
#763 = ORIENTED_EDGE ( 'NONE', *, *, #99, .T. ) ;
#764 = LINE ( 'NONE', #4401, #7089 ) ;
#765 = ORIENTED_EDGE ( 'NONE', *, *, #3220, .F. ) ;
#766 = CARTESIAN_POINT ( 'NONE',  ( -1.242844139922891555, 0.1741441441441452520, 0.2520000000000000018 ) ) ;
#767 = FACE_OUTER_BOUND ( 'NONE', #3952, .T. ) ;
#768 = DIRECTION ( 'NONE',  ( -0.000000000000000000, -0.000000000000000000, -1.000000000000000000 ) ) ;
#769 = DIRECTION ( 'NONE',  ( -0.000000000000000000, -0.000000000000000000, -1.000000000000000000 ) ) ;
#770 = ORIENTED_EDGE ( 'NONE', *, *, #5197, .F. ) ;
#771 = ORIENTED_EDGE ( 'NONE', *, *, #3136, .F. ) ;
#772 = DIRECTION ( 'NONE',  ( -0.000000000000000000, 0.000000000000000000, 1.000000000000000000 ) ) ;
#773 = EDGE_CURVE ( 'NONE', #2598, #3448, #1986, .T. ) ;
#774 = CARTESIAN_POINT ( 'NONE',  ( 1.883785313619750434, -2.650960111606672331, 0.05100000000000000366 ) ) ;
#775 = ORIENTED_EDGE ( 'NONE', *, *, #5452, .T. ) ;
#776 = CARTESIAN_POINT ( 'NONE',  ( 1.476351351351352870, -2.195855855855854966, 0.2520000000000000018 ) ) ;
#777 = CARTESIAN_POINT ( 'NONE',  ( -2.868382539233230055, 3.348907565514117834, 0.1500000000000000222 ) ) ;
#778 = FACE_OUTER_BOUND ( 'NONE', #3130, .T. ) ;
#779 = VECTOR ( 'NONE', #3012, 1.000000000000000000 ) ;
#780 = ORIENTED_EDGE ( 'NONE', *, *, #2205, .F. ) ;
#781 =( LENGTH_UNIT ( ) NAMED_UNIT ( * ) SI_UNIT ( $, .METRE. ) );
#782 = DIRECTION ( 'NONE',  ( 0.000000000000000000, -1.000000000000000000, 0.000000000000000000 ) ) ;
#783 = ORIENTED_EDGE ( 'NONE', *, *, #266, .F. ) ;
#784 = ORIENTED_EDGE ( 'NONE', *, *, #2353, .F. ) ;
#785 = LINE ( 'NONE', #4197, #2967 ) ;
#786 = AXIS2_PLACEMENT_3D ( 'NONE', #6373, #4467, #3887 ) ;
#787 = FACE_OUTER_BOUND ( 'NONE', #6092, .T. ) ;
#788 = FACE_OUTER_BOUND ( 'NONE', #3424, .T. ) ;
#789 = VECTOR ( 'NONE', #6137, 1.000000000000000000 ) ;
#790 = DIRECTION ( 'NONE',  ( -0.000000000000000000, 1.000000000000000000, -0.000000000000000000 ) ) ;
#791 = VECTOR ( 'NONE', #3523, 1.000000000000000000 ) ;
#792 = EDGE_LOOP ( 'NONE', ( #5291, #3069, #2306, #763 ) ) ;
#793 = EDGE_CURVE ( 'NONE', #5865, #5255, #6827, .T. ) ;
#794 = ORIENTED_EDGE ( 'NONE', *, *, #7281, .T. ) ;
#795 = DIRECTION ( 'NONE',  ( 1.000000000000000000, -9.251858538542971581E-17, 0.000000000000000000 ) ) ;
#796 = CARTESIAN_POINT ( 'NONE',  ( -0.06864864864864672622, 0.1741441441441443361, 0.4510000000000000120 ) ) ;
#797 = EDGE_CURVE ( 'NONE', #4457, #689, #6251, .T. ) ;
#798 = VERTEX_POINT ( 'NONE', #1554 ) ;
#799 = CARTESIAN_POINT ( 'NONE',  ( 0.7010708180236888687, -1.441194908877152070, 0.6510000000000003562 ) ) ;
#800 = VERTEX_POINT ( 'NONE', #3300 ) ;
#801 = CARTESIAN_POINT ( 'NONE',  ( 1.901351351351352914, 2.149144144144145230, 0.05100000000000000366 ) ) ;
#802 = VECTOR ( 'NONE', #5971, 1.000000000000000000 ) ;
#803 = LINE ( 'NONE', #3322, #1993 ) ;
#804 = PLANE ( 'NONE',  #3849 ) ;
#805 = EDGE_CURVE ( 'NONE', #6953, #3151, #6746, .T. ) ;
#806 = VECTOR ( 'NONE', #3932, 1.000000000000000000 ) ;
#807 = ORIENTED_EDGE ( 'NONE', *, *, #4349, .F. ) ;
#808 = ORIENTED_EDGE ( 'NONE', *, *, #724, .F. ) ;
#809 = FACE_OUTER_BOUND ( 'NONE', #7601, .T. ) ;
#810 = FACE_OUTER_BOUND ( 'NONE', #3227, .T. ) ;
#811 = VERTEX_POINT ( 'NONE', #5593 ) ;
#812 = CARTESIAN_POINT ( 'NONE',  ( 0.000000000000000000, 0.000000000000000000, 0.000000000000000000 ) ) ;
#813 = DIRECTION ( 'NONE',  ( -0.000000000000000000, -0.000000000000000000, -1.000000000000000000 ) ) ;
#814 = CARTESIAN_POINT ( 'NONE',  ( -1.213648648648647077, -2.195855855855854966, 0.2510000000000000009 ) ) ;
#815 = CARTESIAN_POINT ( 'NONE',  ( -1.618648648648647104, -1.450855855855854637, 0.05100000000000000366 ) ) ;
#816 =( LENGTH_UNIT ( ) NAMED_UNIT ( * ) SI_UNIT ( $, .METRE. ) );
#817 = DIRECTION ( 'NONE',  ( -0.000000000000000000, 0.000000000000000000, 1.000000000000000000 ) ) ;
#818 = ADVANCED_FACE ( 'NONE', ( #5006 ), #3260, .F. ) ;
#819 = ORIENTED_EDGE ( 'NONE', *, *, #5793, .T. ) ;
#820 = VERTEX_POINT ( 'NONE', #6285 ) ;
#821 = VECTOR ( 'NONE', #1395, 1.000000000000000000 ) ;
#822 = DIRECTION ( 'NONE',  ( 1.000000000000000000, 0.000000000000000000, -0.000000000000000000 ) ) ;
#823 = DIRECTION ( 'NONE',  ( -0.000000000000000000, -0.000000000000000000, -1.000000000000000000 ) ) ;
#824 = VECTOR ( 'NONE', #6076, 1.000000000000000000 ) ;
#825 = PLANE ( 'NONE',  #2987 ) ;
#826 = CARTESIAN_POINT ( 'NONE',  ( -1.668648648648647148, 0.000000000000000000, 0.4500000000000000111 ) ) ;
#827 = VERTEX_POINT ( 'NONE', #4345 ) ;
#828 = CARTESIAN_POINT ( 'NONE',  ( 1.931351351351352941, 2.149144144144145230, 0.05100000000000000366 ) ) ;
#829 = EDGE_LOOP ( 'NONE', ( #2153, #6513, #556, #2661, #4215, #6593, #6260, #5549 ) ) ;
#830 = EDGE_CURVE ( 'NONE', #3696, #156, #7372, .T. ) ;
#831 = VERTEX_POINT ( 'NONE', #2139 ) ;
#832 = DIRECTION ( 'NONE',  ( 0.000000000000000000, -0.000000000000000000, -1.000000000000000000 ) ) ;
#833 = CARTESIAN_POINT ( 'NONE',  ( 0.000000000000000000, 0.000000000000000000, 0.6520000000000003570 ) ) ;
#834 = EDGE_CURVE ( 'NONE', #699, #628, #5634, .T. ) ;
#835 = VERTEX_POINT ( 'NONE', #4499 ) ;
#836 = ADVANCED_FACE ( 'NONE', ( #4383 ), #3837, .F. ) ;
#837 = LINE ( 'NONE', #3738, #2908 ) ;
#838 = ORIENTED_EDGE ( 'NONE', *, *, #2687, .F. ) ;
#839 = CARTESIAN_POINT ( 'NONE',  ( 0.2763513513513530806, -2.195855855855854966, 0.4510000000000000120 ) ) ;
#840 = DIRECTION ( 'NONE',  ( 1.000000000000000000, 0.000000000000000000, 0.000000000000000000 ) ) ;
#841 = CARTESIAN_POINT ( 'NONE',  ( -0.05364864864864699046, -0.6661949088771521588, 0.6510000000000003562 ) ) ;
#842 = ORIENTED_EDGE ( 'NONE', *, *, #4082, .T. ) ;
#843 = ADVANCED_FACE ( 'NONE', ( #398 ), #973, .T. ) ;
#844 = ORIENTED_EDGE ( 'NONE', *, *, #5674, .T. ) ;
#845 = PLANE ( 'NONE',  #1109 ) ;
#846 = LINE ( 'NONE', #3709, #4455 ) ;
#847 = AXIS2_PLACEMENT_3D ( 'NONE', #2135, #1550, #2676 ) ;
#848 = ORIENTED_EDGE ( 'NONE', *, *, #5754, .T. ) ;
#849 = CARTESIAN_POINT ( 'NONE',  ( 0.000000000000000000, -1.450855855855854637, 0.4500000000000000111 ) ) ;
#850 = LINE ( 'NONE', #1547, #3103 ) ;
#851 = FACE_OUTER_BOUND ( 'NONE', #3613, .T. ) ;
#852 = PLANE ( 'NONE',  #5183 ) ;
#853 = LINE ( 'NONE', #1471, #5735 ) ;
#854 = AXIS2_PLACEMENT_3D ( 'NONE', #3707, #588, #1972 ) ;
#855 = ORIENTED_EDGE ( 'NONE', *, *, #577, .F. ) ;
#856 = ORIENTED_EDGE ( 'NONE', *, *, #5754, .F. ) ;
#857 = DIRECTION ( 'NONE',  ( -1.000000000000000000, -0.000000000000000000, -0.000000000000000000 ) ) ;
#858 = DIRECTION ( 'NONE',  ( 0.000000000000000000, -1.000000000000000000, 0.000000000000000000 ) ) ;
#859 = PLANE ( 'NONE',  #7008 ) ;
#860 = VECTOR ( 'NONE', #963, 1.000000000000000000 ) ;
#861 = PLANE ( 'NONE',  #6369 ) ;
#862 = CARTESIAN_POINT ( 'NONE',  ( 1.931351351351352941, -1.450855855855854637, 0.4500000000000000111 ) ) ;
#863 = CARTESIAN_POINT ( 'NONE',  ( 3.667567567567565856, 0.7283783783783795984, 0.1509999999999999953 ) ) ;
#864 = CARTESIAN_POINT ( 'NONE',  ( 1.476351351351353314, 1.404144144144144679, 0.4500000000000000111 ) ) ;
#866 = ADVANCED_FACE ( 'NONE', ( #5551 ), #7603, .F. ) ;
#865 = ORIENTED_EDGE ( 'NONE', *, *, #7041, .F. ) ;
#867 = FACE_OUTER_BOUND ( 'NONE', #5868, .T. ) ;
#868 = STYLED_ITEM ( 'NONE', ( #3405 ), #2770 ) ;
#869 = VECTOR ( 'NONE', #986, 1.000000000000000000 ) ;
#870 = EDGE_LOOP ( 'NONE', ( #1959, #6680, #5017, #5420 ) ) ;
#871 = ORIENTED_EDGE ( 'NONE', *, *, #662, .F. ) ;
#872 = DIRECTION ( 'NONE',  ( 0.000000000000000000, 1.000000000000000000, 0.000000000000000000 ) ) ;
#873 = DIRECTION ( 'NONE',  ( -0.000000000000000000, 0.000000000000000000, 1.000000000000000000 ) ) ;
#874 = VECTOR ( 'NONE', #4228, 1.000000000000000000 ) ;
#875 = ORIENTED_EDGE ( 'NONE', *, *, #979, .T. ) ;
#876 = PRODUCT_DEFINITION_FORMATION_WITH_SPECIFIED_SOURCE ( 'ANY', '', #5466, .NOT_KNOWN. ) ;
#877 = DIRECTION ( 'NONE',  ( 0.000000000000000000, 0.000000000000000000, -1.000000000000000000 ) ) ;
#878 = VECTOR ( 'NONE', #768, 1.000000000000000000 ) ;
#879 = EDGE_LOOP ( 'NONE', ( #6384, #4117, #4342, #7395 ) ) ;
#880 = CARTESIAN_POINT ( 'NONE',  ( -0.8936486486486471259, 1.722892555011814375, 0.4510000000000000120 ) ) ;
#881 = EDGE_CURVE ( 'NONE', #4259, #4035, #5122, .T. ) ;
#882 = VECTOR ( 'NONE', #6618, 1.000000000000000000 ) ;
#883 = DIRECTION ( 'NONE',  ( -0.000000000000000000, 1.000000000000000000, -0.000000000000000000 ) ) ;
#884 = CARTESIAN_POINT ( 'NONE',  ( 3.667567567567565412, 1.128378378378379621, 0.1499999999999999944 ) ) ;
#885 = ORIENTED_EDGE ( 'NONE', *, *, #6196, .F. ) ;
#886 = VERTEX_POINT ( 'NONE', #1710 ) ;
#887 = DIRECTION ( 'NONE',  ( 0.000000000000000000, 0.000000000000000000, -1.000000000000000000 ) ) ;
#888 = VECTOR ( 'NONE', #5182, 1.000000000000000000 ) ;
#889 = AXIS2_PLACEMENT_3D ( 'NONE', #399, #2757, #6867 ) ;
#890 = LINE ( 'NONE', #1428, #1241 ) ;
#891 = ORIENTED_EDGE ( 'NONE', *, *, #3150, .T. ) ;
#892 = PLANE ( 'NONE',  #7383 ) ;
#893 = EDGE_CURVE ( 'NONE', #1208, #2245, #5781, .T. ) ;
#894 = DIRECTION ( 'NONE',  ( -1.000000000000000000, -0.000000000000000000, -0.000000000000000000 ) ) ;
#895 = FACE_OUTER_BOUND ( 'NONE', #3217, .T. ) ;
#896 = CARTESIAN_POINT ( 'NONE',  ( -1.668648648648647148, -1.450855855855854637, 0.4500000000000000111 ) ) ;
#897 = CARTESIAN_POINT ( 'NONE',  ( 3.126837698566487411, 3.348351809431109327, 0.05000000000000000278 ) ) ;
#898 = ADVANCED_FACE ( 'NONE', ( #7525 ), #471, .T. ) ;
#899 = ADVANCED_FACE ( 'NONE', ( #4616 ), #2904, .T. ) ;
#900 = ORIENTED_EDGE ( 'NONE', *, *, #1386, .F. ) ;
#901 = ORIENTED_EDGE ( 'NONE', *, *, #5820, .T. ) ;
#902 = CARTESIAN_POINT ( 'NONE',  ( 3.617567567567565590, 1.128378378378379621, 0.1499999999999999944 ) ) ;
#903 = DIRECTION ( 'NONE',  ( -0.000000000000000000, -1.000000000000000000, -0.000000000000000000 ) ) ;
#904 = CARTESIAN_POINT ( 'NONE',  ( 1.170752172914886202, 0.2127057713251167548, 0.6510000000000003562 ) ) ;
#905 = LINE ( 'NONE', #980, #4134 ) ;
#906 = LINE ( 'NONE', #3921, #546 ) ;
#907 = DIRECTION ( 'NONE',  ( 4.724353296277261913E-17, 1.000000000000000000, 0.000000000000000000 ) ) ;
#908 = DIRECTION ( 'NONE',  ( 2.220446049250320969E-15, -1.000000000000000000, 0.000000000000000000 ) ) ;
#909 = ORIENTED_EDGE ( 'NONE', *, *, #175, .T. ) ;
#910 = DIRECTION ( 'NONE',  ( 1.000000000000000000, 0.000000000000000000, 0.000000000000000000 ) ) ;
#911 = EDGE_LOOP ( 'NONE', ( #4121, #4510, #6160, #1473 ) ) ;
#912 = ORIENTED_EDGE ( 'NONE', *, *, #489, .T. ) ;
#913 = VECTOR ( 'NONE', #6321, 1.000000000000000000 ) ;
#914 = DIRECTION ( 'NONE',  ( 0.000000000000000000, -0.000000000000000000, 1.000000000000000000 ) ) ;
#915 = LINE ( 'NONE', #2078, #1756 ) ;
#916 = VECTOR ( 'NONE', #3920, 1.000000000000000000 ) ;
#917 = EDGE_CURVE ( 'NONE', #1188, #7136, #5278, .T. ) ;
#918 = LINE ( 'NONE', #5022, #7502 ) ;
#919 = VECTOR ( 'NONE', #6405, 1.000000000000000000 ) ;
#920 = VERTEX_POINT ( 'NONE', #3953 ) ;
#921 = CARTESIAN_POINT ( 'NONE',  ( -2.918648648648647370, 3.349144144144144963, 0.000000000000000000 ) ) ;
#922 = DIRECTION ( 'NONE',  ( -0.000000000000000000, -0.000000000000000000, -1.000000000000000000 ) ) ;
#923 = FACE_OUTER_BOUND ( 'NONE', #1376, .T. ) ;
#924 = ORIENTED_EDGE ( 'NONE', *, *, #4198, .T. ) ;
#925 = VERTEX_POINT ( 'NONE', #1747 ) ;
#926 = DIRECTION ( 'NONE',  ( -0.000000000000000000, -0.000000000000000000, -1.000000000000000000 ) ) ;
#927 = ADVANCED_FACE ( 'NONE', ( #6401, #1122 ), #5238, .T. ) ;
#928 = DIRECTION ( 'NONE',  ( -0.000000000000000000, -0.000000000000000000, -1.000000000000000000 ) ) ;
#929 = VERTEX_POINT ( 'NONE', #2257 ) ;
#930 = LINE ( 'NONE', #6089, #7004 ) ;
#931 = LINE ( 'NONE', #3293, #1373 ) ;
#932 = CARTESIAN_POINT ( 'NONE',  ( -1.667844139922891600, 0.9478925550118144638, 0.2510000000000000009 ) ) ;
#933 = DIRECTION ( 'NONE',  ( -0.000000000000000000, -0.000000000000000000, -1.000000000000000000 ) ) ;
#934 = DIRECTION ( 'NONE',  ( 1.000000000000000000, 0.000000000000000000, 0.000000000000000000 ) ) ;
#935 = EDGE_LOOP ( 'NONE', ( #7269, #3852, #1795, #3951 ) ) ;
#936 = EDGE_CURVE ( 'NONE', #3152, #6376, #6940, .T. ) ;
#937 = ORIENTED_EDGE ( 'NONE', *, *, #2792, .T. ) ;
#938 = DIRECTION ( 'NONE',  ( 1.000000000000000000, 0.000000000000000000, 0.000000000000000000 ) ) ;
#939 = CARTESIAN_POINT ( 'NONE',  ( -2.918648648648647370, 3.349144144144144963, 0.000000000000000000 ) ) ;
#940 = ADVANCED_FACE ( 'NONE', ( #7490 ), #6324, .F. ) ;
#941 = LINE ( 'NONE', #5240, #1938 ) ;
#942 = DIRECTION ( 'NONE',  ( 0.000000000000000000, -1.000000000000000000, 0.000000000000000000 ) ) ;
#943 = CARTESIAN_POINT ( 'NONE',  ( -2.382432432432432634, 1.128378378378379621, 0.1499999999999999944 ) ) ;
#944 = CARTESIAN_POINT ( 'NONE',  ( 1.506351351351352896, -0.6758558558558547258, 0.4500000000000000111 ) ) ;
#945 = DIRECTION ( 'NONE',  ( -0.000000000000000000, -0.000000000000000000, -1.000000000000000000 ) ) ;
#946 = VECTOR ( 'NONE', #7594, 1.000000000000000000 ) ;
#947 = VERTEX_POINT ( 'NONE', #6475 ) ;
#948 = ORIENTED_EDGE ( 'NONE', *, *, #1180, .T. ) ;
#949 = CARTESIAN_POINT ( 'NONE',  ( -0.8928441399228915776, 0.5241441441441452298, 0.2520000000000000018 ) ) ;
#950 = EDGE_CURVE ( 'NONE', #227, #3827, #2795, .T. ) ;
#951 = AXIS2_PLACEMENT_3D ( 'NONE', #2565, #1476, #6674 ) ;
#952 = ORIENTED_EDGE ( 'NONE', *, *, #182, .T. ) ;
#953 = DIRECTION ( 'NONE',  ( -1.000000000000000000, 0.000000000000000000, -0.000000000000000000 ) ) ;
#954 = DIRECTION ( 'NONE',  ( 1.000000000000000000, 0.000000000000000000, -0.000000000000000000 ) ) ;
#955 = VECTOR ( 'NONE', #3398, 1.000000000000000000 ) ;
#956 = LINE ( 'NONE', #6884, #6261 ) ;
#957 = ORIENTED_EDGE ( 'NONE', *, *, #7077, .T. ) ;
#958 = FACE_OUTER_BOUND ( 'NONE', #4696, .T. ) ;
#959 = ADVANCED_FACE ( 'NONE', ( #7563, #3993 ), #3376, .F. ) ;
#960 = CARTESIAN_POINT ( 'NONE',  ( -0.9228441399228916042, 0.4941441441441452032, 0.2520000000000000018 ) ) ;
#961 = EDGE_CURVE ( 'NONE', #6337, #1970, #5812, .T. ) ;
#962 = VERTEX_POINT ( 'NONE', #5893 ) ;
#963 = DIRECTION ( 'NONE',  ( -0.000000000000000000, -0.000000000000000000, -1.000000000000000000 ) ) ;
#964 = PLANE ( 'NONE',  #2236 ) ;
#965 = ORIENTED_EDGE ( 'NONE', *, *, #1607, .F. ) ;
#966 = DIRECTION ( 'NONE',  ( -0.000000000000000000, 0.000000000000000000, -1.000000000000000000 ) ) ;
#967 = PLANE ( 'NONE',  #3845 ) ;
#968 = LINE ( 'NONE', #5116, #5577 ) ;
#969 = CARTESIAN_POINT ( 'NONE',  ( 1.881351351351352674, -1.450855855855854637, 0.05000000000000000278 ) ) ;
#970 = PLANE ( 'NONE',  #7095 ) ;
#971 = ORIENTED_EDGE ( 'NONE', *, *, #1768, .F. ) ;
#972 = VERTEX_POINT ( 'NONE', #510 ) ;
#973 = PLANE ( 'NONE',  #4689 ) ;
#974 = CARTESIAN_POINT ( 'NONE',  ( 3.667567567567565856, -0.9216216216216202017, 0.000000000000000000 ) ) ;
#975 = PLANE ( 'NONE',  #7069 ) ;
#976 = EDGE_CURVE ( 'NONE', #6295, #5657, #2867, .T. ) ;
#977 = ORIENTED_EDGE ( 'NONE', *, *, #4859, .F. ) ;
#978 = AXIS2_PLACEMENT_3D ( 'NONE', #1439, #6168, #1517 ) ;
#979 = EDGE_CURVE ( 'NONE', #4279, #5558, #1016, .T. ) ;
#980 = CARTESIAN_POINT ( 'NONE',  ( -0.8936486486486472369, 1.372892555011814508, 0.4510000000000000120 ) ) ;
#981 = CARTESIAN_POINT ( 'NONE',  ( -1.668914624007974412, -2.620885740052331325, 0.05100000000000000366 ) ) ;
#982 = DIRECTION ( 'NONE',  ( -1.000000000000000000, -0.000000000000000000, -0.000000000000000000 ) ) ;
#983 = CARTESIAN_POINT ( 'NONE',  ( 3.617567567567566034, -0.9216216216216202017, 0.04899999999999998801 ) ) ;
#984 = VERTEX_POINT ( 'NONE', #4692 ) ;
#985 = ORIENTED_EDGE ( 'NONE', *, *, #2579, .F. ) ;
#986 = DIRECTION ( 'NONE',  ( 1.850371707708593823E-16, -1.000000000000000000, 0.000000000000000000 ) ) ;
#987 = ADVANCED_FACE ( 'NONE', ( #7055 ), #3025, .T. ) ;
#988 = ORIENTED_EDGE ( 'NONE', *, *, #6186, .T. ) ;
#989 = FACE_BOUND ( 'NONE', #2942, .T. ) ;
#990 = EDGE_CURVE ( 'NONE', #118, #6348, #3643, .T. ) ;
#991 = ADVANCED_FACE ( 'NONE', ( #2479, #735 ), #2442, .T. ) ;
#992 = PLANE ( 'NONE',  #272 ) ;
#993 = VECTOR ( 'NONE', #1723, 1.000000000000000000 ) ;
#994 = CARTESIAN_POINT ( 'NONE',  ( 0.000000000000000000, 0.000000000000000000, 0.6510000000000003562 ) ) ;
#995 = ORIENTED_EDGE ( 'NONE', *, *, #251, .T. ) ;
#996 = CARTESIAN_POINT ( 'NONE',  ( 0.2763513513513530251, -1.905855855855854708, 0.4510000000000000120 ) ) ;
#997 = EDGE_CURVE ( 'NONE', #2454, #1400, #3606, .T. ) ;
#998 = LINE ( 'NONE', #7040, #1622 ) ;
#999 = VECTOR ( 'NONE', #3255, 1.000000000000000000 ) ;
#1000 = ORIENTED_EDGE ( 'NONE', *, *, #7188, .F. ) ;
#1001 = FACE_OUTER_BOUND ( 'NONE', #3336, .T. ) ;
#1002 = VECTOR ( 'NONE', #3163, 1.000000000000000000 ) ;
#1003 = FACE_OUTER_BOUND ( 'NONE', #4088, .T. ) ;
#1004 = VERTEX_POINT ( 'NONE', #4147 ) ;
#1005 = DIRECTION ( 'NONE',  ( -0.000000000000000000, -0.000000000000000000, -1.000000000000000000 ) ) ;
#1006 = EDGE_CURVE ( 'NONE', #4949, #3992, #1826, .T. ) ;
#1007 = VECTOR ( 'NONE', #6028, 1.000000000000000000 ) ;
#1008 = CARTESIAN_POINT ( 'NONE',  ( 1.186351351351352834, -2.195855855855854966, 0.2510000000000000009 ) ) ;
#1009 = DIRECTION ( 'NONE',  ( 0.000000000000000000, -0.000000000000000000, 1.000000000000000000 ) ) ;
#1010 = LINE ( 'NONE', #2251, #6502 ) ;
#1011 = CARTESIAN_POINT ( 'NONE',  ( -1.667844139922891600, 0.9478925550118144638, 0.05100000000000000366 ) ) ;
#1012 = EDGE_LOOP ( 'NONE', ( #417, #518, #3569, #4735 ) ) ;
#1013 = VECTOR ( 'NONE', #5303, 1.000000000000000000 ) ;
#1014 = VECTOR ( 'NONE', #2347, 1.000000000000000000 ) ;
#1015 = ORIENTED_EDGE ( 'NONE', *, *, #4496, .F. ) ;
#1016 = LINE ( 'NONE', #2328, #1964 ) ;
#1017 = ADVANCED_FACE ( 'NONE', ( #1862, #5358 ), #5393, .T. ) ;
#1018 = DIRECTION ( 'NONE',  ( -1.000000000000000000, -2.166288828536891256E-16, 0.000000000000000000 ) ) ;
#1019 = LINE ( 'NONE', #4576, #3914 ) ;
#1020 = ORIENTED_EDGE ( 'NONE', *, *, #2176, .F. ) ;
#1021 = ORIENTED_EDGE ( 'NONE', *, *, #6625, .T. ) ;
#1022 = LINE ( 'NONE', #5084, #681 ) ;
#1023 = PLANE ( 'NONE',  #7352 ) ;
#1024 = PRODUCT_DEFINITION_SHAPE ( 'NONE', 'NONE',  #5279 ) ;
#1025 = CARTESIAN_POINT ( 'NONE',  ( 1.140752172914886176, 0.5327057713251168725, 0.6510000000000003562 ) ) ;
#1026 = DIRECTION ( 'NONE',  ( -0.000000000000000000, 0.000000000000000000, 1.000000000000000000 ) ) ;
#1027 = ORIENTED_EDGE ( 'NONE', *, *, #3917, .F. ) ;
#1028 = ORIENTED_EDGE ( 'NONE', *, *, #5503, .T. ) ;
#1029 = ORIENTED_EDGE ( 'NONE', *, *, #3628, .F. ) ;
#1030 = DIRECTION ( 'NONE',  ( 1.000000000000000000, 0.000000000000000000, 0.000000000000000000 ) ) ;
#1031 = VERTEX_POINT ( 'NONE', #5428 ) ;
#1032 = DIRECTION ( 'NONE',  ( 3.172065784643305458E-16, 1.000000000000000000, -0.000000000000000000 ) ) ;
#1033 = EDGE_CURVE ( 'NONE', #6295, #984, #1282, .T. ) ;
#1034 = CARTESIAN_POINT ( 'NONE',  ( 1.140752172914886176, 0.5327057713251168725, 0.6510000000000003562 ) ) ;
#1035 = EDGE_CURVE ( 'NONE', #2917, #2738, #2943, .T. ) ;
#1036 = VECTOR ( 'NONE', #7292, 1.000000000000000000 ) ;
#1037 = VERTEX_POINT ( 'NONE', #2407 ) ;
#1038 = LINE ( 'NONE', #2081, #4287 ) ;
#1039 = DIRECTION ( 'NONE',  ( 0.000000000000000000, -1.000000000000000000, 0.000000000000000000 ) ) ;
#1040 = VECTOR ( 'NONE', #1917, 1.000000000000000000 ) ;
#1041 = ORIENTED_EDGE ( 'NONE', *, *, #3442, .F. ) ;
#1042 = VECTOR ( 'NONE', #5009, 1.000000000000000000 ) ;
#1043 = CARTESIAN_POINT ( 'NONE',  ( -0.1824324324324324564, 1.078378378378379576, 0.05000000000000000278 ) ) ;
#1044 = FILL_AREA_STYLE ('',( #5147 ) ) ;
#1045 = CARTESIAN_POINT ( 'NONE',  ( -1.213648648648647077, -0.7058558558558547524, 0.4500000000000000111 ) ) ;
#1046 = EDGE_CURVE ( 'NONE', #6939, #1447, #1205, .T. ) ;
#1047 = CARTESIAN_POINT ( 'NONE',  ( -0.1824324324324324564, 1.078378378378379576, 0.05100000000000000366 ) ) ;
#1048 = LINE ( 'NONE', #3521, #6937 ) ;
#1049 = DIRECTION ( 'NONE',  ( 0.000000000000000000, -0.000000000000000000, 1.000000000000000000 ) ) ;
#1050 = CARTESIAN_POINT ( 'NONE',  ( -2.382432432432432190, -0.8716216216216201573, 0.04899999999999998801 ) ) ;
#1051 = ORIENTED_EDGE ( 'NONE', *, *, #4210, .F. ) ;
#1052 = ORIENTED_EDGE ( 'NONE', *, *, #2602, .T. ) ;
#1053 = DIRECTION ( 'NONE',  ( -1.000000000000000000, 0.000000000000000000, 0.000000000000000000 ) ) ;
#1054 = CARTESIAN_POINT ( 'NONE',  ( 3.667567567567565412, 1.128378378378379621, 0.1499999999999999944 ) ) ;
#1055 = DIRECTION ( 'NONE',  ( 1.000000000000000000, 1.850371707708594563E-16, -0.000000000000000000 ) ) ;
#1056 = EDGE_LOOP ( 'NONE', ( #7091, #7206, #5449, #6719, #3388, #1761 ) ) ;
#1057 = VECTOR ( 'NONE', #1278, 1.000000000000000000 ) ;
#1058 = CARTESIAN_POINT ( 'NONE',  ( 0.000000000000000000, -1.450855855855854637, 0.4500000000000000111 ) ) ;
#1059 = LINE ( 'NONE', #1791, #4252 ) ;
#1060 = ORIENTED_EDGE ( 'NONE', *, *, #7000, .F. ) ;
#1061 = ADVANCED_FACE ( 'NONE', ( #3674, #4185 ), #1900, .T. ) ;
#1062 = EDGE_CURVE ( 'NONE', #6075, #4900, #4262, .T. ) ;
#1063 = ORIENTED_EDGE ( 'NONE', *, *, #6388, .T. ) ;
#1064 = EDGE_LOOP ( 'NONE', ( #2331, #6167, #856, #2302 ) ) ;
#1065 = ORIENTED_EDGE ( 'NONE', *, *, #5960, .F. ) ;
#1066 = FACE_BOUND ( 'NONE', #1139, .T. ) ;
#1067 = ORIENTED_EDGE ( 'NONE', *, *, #7232, .F. ) ;
#1068 = LINE ( 'NONE', #1726, #5409 ) ;
#1069 = CARTESIAN_POINT ( 'NONE',  ( 0.7157521729148861311, 0.9427075103593078875, 0.6510000000000003562 ) ) ;
#1070 = AXIS2_PLACEMENT_3D ( 'NONE', #7306, #2571, #3046 ) ;
#1071 = DIRECTION ( 'NONE',  ( -1.000000000000000000, 0.000000000000000000, 0.000000000000000000 ) ) ;
#1072 = ORIENTED_EDGE ( 'NONE', *, *, #2512, .T. ) ;
#1073 = DIRECTION ( 'NONE',  ( 1.000000000000000000, -3.172065784643303486E-16, 0.000000000000000000 ) ) ;
#1074 = EDGE_CURVE ( 'NONE', #6964, #3218, #5463, .T. ) ;
#1075 = VECTOR ( 'NONE', #1887, 1.000000000000000000 ) ;
#1076 = LINE ( 'NONE', #3435, #1883 ) ;
#1077 = ADVANCED_FACE ( 'NONE', ( #2982 ), #4732, .T. ) ;
#1078 = EDGE_CURVE ( 'NONE', #3977, #1720, #1244, .T. ) ;
#1079 = DIRECTION ( 'NONE',  ( -0.000000000000000000, 0.000000000000000000, 1.000000000000000000 ) ) ;
#1080 = LINE ( 'NONE', #499, #5330 ) ;
#1081 = CARTESIAN_POINT ( 'NONE',  ( 1.506351351351353340, 1.374144144144144652, 0.4510000000000000120 ) ) ;
#1082 = EDGE_CURVE ( 'NONE', #1785, #2191, #1937, .T. ) ;
#1083 = CARTESIAN_POINT ( 'NONE',  ( 1.883785313619750434, -2.650960111606672331, 0.05100000000000000366 ) ) ;
#1084 = LINE ( 'NONE', #2861, #257 ) ;
#1085 = DIRECTION ( 'NONE',  ( 0.000000000000000000, -1.000000000000000000, 0.000000000000000000 ) ) ;
#1086 = LINE ( 'NONE', #4613, #2522 ) ;
#1087 = ADVANCED_FACE ( 'NONE', ( #6660 ), #1353, .T. ) ;
#1088 = VERTEX_POINT ( 'NONE', #4447 ) ;
#1089 = VERTEX_POINT ( 'NONE', #6814 ) ;
#1090 = DIRECTION ( 'NONE',  ( 0.000000000000000000, 0.000000000000000000, 1.000000000000000000 ) ) ;
#1091 = FACE_OUTER_BOUND ( 'NONE', #1346, .T. ) ;
#1092 = DIRECTION ( 'NONE',  ( 0.000000000000000000, -0.000000000000000000, 1.000000000000000000 ) ) ;
#1093 = ORIENTED_EDGE ( 'NONE', *, *, #752, .F. ) ;
#1094 = DIRECTION ( 'NONE',  ( -1.000000000000000000, -0.000000000000000000, -0.000000000000000000 ) ) ;
#1095 = DIRECTION ( 'NONE',  ( -0.000000000000000000, -1.000000000000000000, -0.000000000000000000 ) ) ;
#1096 = EDGE_LOOP ( 'NONE', ( #3672, #2001, #439, #7420 ) ) ;
#1097 = ORIENTED_EDGE ( 'NONE', *, *, #125, .T. ) ;
#1098 = ORIENTED_EDGE ( 'NONE', *, *, #961, .T. ) ;
#1099 = ORIENTED_EDGE ( 'NONE', *, *, #1555, .T. ) ;
#1100 = CARTESIAN_POINT ( 'NONE',  ( -1.667844139922891600, 0.9478925550118144638, 0.2510000000000000009 ) ) ;
#1101 = EDGE_CURVE ( 'NONE', #7120, #2245, #5507, .T. ) ;
#1102 = ORIENTED_EDGE ( 'NONE', *, *, #1807, .F. ) ;
#1103 = PLANE ( 'NONE',  #6387 ) ;
#1104 = PLANE ( 'NONE',  #6725 ) ;
#1105 = DIRECTION ( 'NONE',  ( -0.000000000000000000, -0.000000000000000000, -1.000000000000000000 ) ) ;
#1106 = EDGE_CURVE ( 'NONE', #3710, #2233, #7402, .T. ) ;
#1107 = ORIENTED_EDGE ( 'NONE', *, *, #6566, .F. ) ;
#1108 = LINE ( 'NONE', #178, #1815 ) ;
#1109 = AXIS2_PLACEMENT_3D ( 'NONE', #310, #6734, #2128 ) ;
#1110 = PLANE ( 'NONE',  #2992 ) ;
#1111 = DIRECTION ( 'NONE',  ( 1.000000000000000000, 1.850371707708593823E-16, -0.000000000000000000 ) ) ;
#1112 = VECTOR ( 'NONE', #2895, 1.000000000000000000 ) ;
#1113 = DIRECTION ( 'NONE',  ( 1.456030196229713880E-16, 1.000000000000000000, -0.000000000000000000 ) ) ;
#1114 = DIRECTION ( 'NONE',  ( -0.000000000000000000, 1.000000000000000000, -0.000000000000000000 ) ) ;
#1115 = LINE ( 'NONE', #5308, #4224 ) ;
#1116 = CARTESIAN_POINT ( 'NONE',  ( -1.668914624007974412, -2.650885740052331574, 0.05100000000000000366 ) ) ;
#1117 = LINE ( 'NONE', #4727, #5391 ) ;
#1118 = LINE ( 'NONE', #2252, #1533 ) ;
#1119 = AXIS2_PLACEMENT_3D ( 'NONE', #1788, #2330, #6018 ) ;
#1120 = ORIENTED_EDGE ( 'NONE', *, *, #6498, .T. ) ;
#1121 = ORIENTED_EDGE ( 'NONE', *, *, #7038, .F. ) ;
#1122 = FACE_OUTER_BOUND ( 'NONE', #164, .T. ) ;
#1123 = VECTOR ( 'NONE', #2937, 1.000000000000000000 ) ;
#1124 = LINE ( 'NONE', #1711, #5093 ) ;
#1125 = ADVANCED_FACE ( 'NONE', ( #2707 ), #4953, .T. ) ;
#1126 = EDGE_CURVE ( 'NONE', #2039, #371, #7320, .T. ) ;
#1127 = CARTESIAN_POINT ( 'NONE',  ( 0.2963513513513529873, -0.6661949088771521588, 0.6520000000000003570 ) ) ;
#1128 = VERTEX_POINT ( 'NONE', #3825 ) ;
#1129 = VECTOR ( 'NONE', #5501, 1.000000000000000000 ) ;
#1130 = EDGE_CURVE ( 'NONE', #5295, #1240, #3865, .T. ) ;
#1131 = CARTESIAN_POINT ( 'NONE',  ( -0.4674826492301951686, 2.148025372459793303, 0.05100000000000000366 ) ) ;
#1132 = EDGE_CURVE ( 'NONE', #3463, #603, #6158, .T. ) ;
#1133 = CARTESIAN_POINT ( 'NONE',  ( 0.7290204228011620824, 2.148025372459793303, 0.05100000000000000366 ) ) ;
#1134 = ORIENTED_EDGE ( 'NONE', *, *, #5267, .T. ) ;
#1135 = VECTOR ( 'NONE', #4661, 1.000000000000000000 ) ;
#1136 = DIRECTION ( 'NONE',  ( 0.000000000000000000, 1.000000000000000000, 0.000000000000000000 ) ) ;
#1137 = LINE ( 'NONE', #2838, #6477 ) ;
#1138 = AXIS2_PLACEMENT_3D ( 'NONE', #2926, #102, #68 ) ;
#1139 = EDGE_LOOP ( 'NONE', ( #4882, #5550, #3197, #900 ) ) ;
#1140 = VERTEX_POINT ( 'NONE', #6200 ) ;
#1141 = ORIENTED_EDGE ( 'NONE', *, *, #4620, .F. ) ;
#1142 = DIRECTION ( 'NONE',  ( 1.000000000000000000, 7.930164461608261179E-17, 0.000000000000000000 ) ) ;
#1143 = AXIS2_PLACEMENT_3D ( 'NONE', #5547, #2523, #7214 ) ;
#1144 = EDGE_LOOP ( 'NONE', ( #3239, #1203, #166, #1725 ) ) ;
#1145 = CARTESIAN_POINT ( 'NONE',  ( -1.243648648648647104, -2.225855855855854770, 0.2510000000000000009 ) ) ;
#1146 = ADVANCED_FACE ( 'NONE', ( #809 ), #5066, .T. ) ;
#1147 = CARTESIAN_POINT ( 'NONE',  ( -0.01248264923019514090, 1.404144144144144235, 0.2520000000000000018 ) ) ;
#1148 = FACE_BOUND ( 'NONE', #3368, .T. ) ;
#1149 = ORIENTED_EDGE ( 'NONE', *, *, #6429, .F. ) ;
#1150 = EDGE_LOOP ( 'NONE', ( #7389, #5439, #2008, #5133 ) ) ;
#1151 = FACE_OUTER_BOUND ( 'NONE', #2526, .T. ) ;
#1152 = AXIS2_PLACEMENT_3D ( 'NONE', #5844, #3366, #538 ) ;
#1153 = PLANE ( 'NONE',  #6342 ) ;
#1154 = ADVANCED_FACE ( 'NONE', ( #5540 ), #2585, .F. ) ;
#1155 = DIRECTION ( 'NONE',  ( -0.000000000000000000, 0.000000000000000000, -1.000000000000000000 ) ) ;
#1156 = ORIENTED_EDGE ( 'NONE', *, *, #7528, .T. ) ;
#1157 = DIRECTION ( 'NONE',  ( 0.000000000000000000, -0.000000000000000000, -1.000000000000000000 ) ) ;
#1158 = VECTOR ( 'NONE', #2960, 1.000000000000000000 ) ;
#1159 = CARTESIAN_POINT ( 'NONE',  ( -0.04364864864864698157, -1.875855855855854681, 0.4500000000000000111 ) ) ;
#1160 = DIRECTION ( 'NONE',  ( 1.000000000000000000, 0.000000000000000000, 0.000000000000000000 ) ) ;
#1161 = CARTESIAN_POINT ( 'NONE',  ( 0.2663513513513530162, -0.9861949088771519989, 0.6520000000000003570 ) ) ;
#1162 = LINE ( 'NONE', #6397, #2775 ) ;
#1163 = VECTOR ( 'NONE', #4545, 1.000000000000000000 ) ;
#1164 = ORIENTED_EDGE ( 'NONE', *, *, #1232, .F. ) ;
#1165 = ORIENTED_EDGE ( 'NONE', *, *, #7575, .F. ) ;
#1166 = DIRECTION ( 'NONE',  ( 1.000000000000000000, 0.000000000000000000, 0.000000000000000000 ) ) ;
#1167 = EDGE_CURVE ( 'NONE', #2917, #1214, #3131, .T. ) ;
#1168 = FACE_OUTER_BOUND ( 'NONE', #7196, .T. ) ;
#1169 = FACE_OUTER_BOUND ( 'NONE', #6709, .T. ) ;
#1170 = ORIENTED_EDGE ( 'NONE', *, *, #5876, .F. ) ;
#1171 = VECTOR ( 'NONE', #5321, 1.000000000000000000 ) ;
#1172 = PLANE ( 'NONE',  #2892 ) ;
#1173 = DIRECTION ( 'NONE',  ( 0.000000000000000000, 0.000000000000000000, 1.000000000000000000 ) ) ;
#1174 = ORIENTED_EDGE ( 'NONE', *, *, #2197, .T. ) ;
#1175 = CARTESIAN_POINT ( 'NONE',  ( 0.7010708180236888687, -0.2619442023300436184, 0.6510000000000003562 ) ) ;
#1176 = SURFACE_STYLE_FILL_AREA ( #5288 ) ;
#1177 = ORIENTED_EDGE ( 'NONE', *, *, #3502, .T. ) ;
#1178 = ORIENTED_EDGE ( 'NONE', *, *, #4970, .T. ) ;
#1179 = ORIENTED_EDGE ( 'NONE', *, *, #5685, .T. ) ;
#1180 = EDGE_CURVE ( 'NONE', #1254, #1317, #2087, .T. ) ;
#1181 = LINE ( 'NONE', #5212, #2596 ) ;
#1182 = ORIENTED_EDGE ( 'NONE', *, *, #4620, .T. ) ;
#1183 = CARTESIAN_POINT ( 'NONE',  ( 1.931351351351352941, -1.450855855855854637, 0.4500000000000000111 ) ) ;
#1184 = CARTESIAN_POINT ( 'NONE',  ( -0.4686486486486471925, 2.099144144144145407, 0.05100000000000000366 ) ) ;
#1185 = AXIS2_PLACEMENT_3D ( 'NONE', #1654, #3468, #490 ) ;
#1186 = ADVANCED_FACE ( 'NONE', ( #3748 ), #195, .F. ) ;
#1187 = CARTESIAN_POINT ( 'NONE',  ( -1.667844139922891600, 0.9478925550118144638, 0.2510000000000000009 ) ) ;
#1188 = VERTEX_POINT ( 'NONE', #3207 ) ;
#1189 = ORIENTED_EDGE ( 'NONE', *, *, #5170, .T. ) ;
#1190 = CARTESIAN_POINT ( 'NONE',  ( 0.2763513513513530806, -2.195855855855854966, 0.4510000000000000120 ) ) ;
#1191 = LINE ( 'NONE', #2966, #6216 ) ;
#1192 = AXIS2_PLACEMENT_3D ( 'NONE', #5019, #4434, #914 ) ;
#1193 = CARTESIAN_POINT ( 'NONE',  ( -0.9236486486486471525, -0.9958558558558545659, 0.4510000000000000120 ) ) ;
#1194 = AXIS2_PLACEMENT_3D ( 'NONE', #262, #3667, #3053 ) ;
#1195 = ORIENTED_EDGE ( 'NONE', *, *, #4014, .F. ) ;
#1196 = CARTESIAN_POINT ( 'NONE',  ( -1.382432432432432412, 0.07837837837837957622, 0.05000000000000000278 ) ) ;
#1197 = VECTOR ( 'NONE', #7045, 1.000000000000000000 ) ;
#1198 = CARTESIAN_POINT ( 'NONE',  ( 1.881351351351352674, -2.600855855855854770, 0.05100000000000000366 ) ) ;
#1199 = CARTESIAN_POINT ( 'NONE',  ( 1.186351351351352834, -2.195855855855854966, 0.2520000000000000018 ) ) ;
#1200 = DIRECTION ( 'NONE',  ( 0.000000000000000000, -0.000000000000000000, 1.000000000000000000 ) ) ;
#1201 = ADVANCED_FACE ( 'NONE', ( #2552 ), #845, .T. ) ;
#1202 = DIRECTION ( 'NONE',  ( -0.000000000000000000, 0.000000000000000000, -1.000000000000000000 ) ) ;
#1203 = ORIENTED_EDGE ( 'NONE', *, *, #834, .F. ) ;
#1204 = ORIENTED_EDGE ( 'NONE', *, *, #2243, .T. ) ;
#1205 = LINE ( 'NONE', #4223, #1229 ) ;
#1206 = DIRECTION ( 'NONE',  ( -0.000000000000000000, -0.000000000000000000, -1.000000000000000000 ) ) ;
#1207 = DIRECTION ( 'NONE',  ( 1.000000000000000000, 0.000000000000000000, 0.000000000000000000 ) ) ;
#1208 = VERTEX_POINT ( 'NONE', #1427 ) ;
#1209 = CARTESIAN_POINT ( 'NONE',  ( 3.126837698566487411, 3.348351809431109327, 0.1500000000000000222 ) ) ;
#1210 = DIRECTION ( 'NONE',  ( 1.000000000000000000, 2.166288828536891256E-16, -0.000000000000000000 ) ) ;
#1211 = ORIENTED_EDGE ( 'NONE', *, *, #5777, .F. ) ;
#1212 = CARTESIAN_POINT ( 'NONE',  ( 1.140752172914886176, 0.5327057713251168725, 0.6520000000000003570 ) ) ;
#1213 = CARTESIAN_POINT ( 'NONE',  ( 0.2963513513513530429, -1.016194908877152026, 0.6520000000000003570 ) ) ;
#1214 = VERTEX_POINT ( 'NONE', #4916 ) ;
#1215 = ORIENTED_EDGE ( 'NONE', *, *, #702, .F. ) ;
#1216 = ORIENTED_EDGE ( 'NONE', *, *, #4051, .T. ) ;
#1217 = DIRECTION ( 'NONE',  ( -0.000000000000000000, -0.000000000000000000, -1.000000000000000000 ) ) ;
#1218 = EDGE_CURVE ( 'NONE', #616, #6123, #7280, .T. ) ;
#1219 = ORIENTED_EDGE ( 'NONE', *, *, #1950, .F. ) ;
#1220 = PLANE ( 'NONE',  #3043 ) ;
#1221 = CARTESIAN_POINT ( 'NONE',  ( -0.4686486486486469705, -2.650855855855854593, 0.05099999999999998979 ) ) ;
#1222 = LINE ( 'NONE', #1264, #31 ) ;
#1223 = EDGE_CURVE ( 'NONE', #1400, #7071, #4411, .T. ) ;
#1224 = VECTOR ( 'NONE', #2752, 1.000000000000000000 ) ;
#1225 = EDGE_CURVE ( 'NONE', #4315, #6760, #6774, .T. ) ;
#1226 = ORIENTED_EDGE ( 'NONE', *, *, #4181, .F. ) ;
#1227 = DIRECTION ( 'NONE',  ( -0.000000000000000000, -1.000000000000000000, -0.000000000000000000 ) ) ;
#1228 = CARTESIAN_POINT ( 'NONE',  ( -1.243648648648647104, -1.025855855855854593, 0.4510000000000000120 ) ) ;
#1229 = VECTOR ( 'NONE', #7208, 1.000000000000000000 ) ;
#1230 = EDGE_LOOP ( 'NONE', ( #522, #4667, #1352, #3878 ) ) ;
#1231 = PLANE ( 'NONE',  #1520 ) ;
#1232 = EDGE_CURVE ( 'NONE', #87, #3696, #5660, .T. ) ;
#1233 = AXIS2_PLACEMENT_3D ( 'NONE', #5620, #2010, #4371 ) ;
#1234 = ORIENTED_EDGE ( 'NONE', *, *, #732, .T. ) ;
#1235 = CARTESIAN_POINT ( 'NONE',  ( -1.618648648648647104, -2.600855855855854770, 0.05100000000000000366 ) ) ;
#1236 = CARTESIAN_POINT ( 'NONE',  ( 1.931351351351352941, 3.349139388805733919, 0.05100000000000000366 ) ) ;
#1237 = DIRECTION ( 'NONE',  ( 1.000000000000000000, 1.192185798255202152E-16, -0.000000000000000000 ) ) ;
#1238 = LINE ( 'NONE', #6081, #5761 ) ;
#1239 = DIRECTION ( 'NONE',  ( 0.000000000000000000, 0.000000000000000000, 1.000000000000000000 ) ) ;
#1240 = VERTEX_POINT ( 'NONE', #4058 ) ;
#1241 = VECTOR ( 'NONE', #3785, 1.000000000000000000 ) ;
#1242 = VECTOR ( 'NONE', #526, 1.000000000000000000 ) ;
#1243 = ORIENTED_EDGE ( 'NONE', *, *, #6904, .T. ) ;
#1244 = LINE ( 'NONE', #4880, #7545 ) ;
#1245 = CARTESIAN_POINT ( 'NONE',  ( 0.7063513513513532960, -0.2508558558558557916, 0.4500000000000000111 ) ) ;
#1246 = ORIENTED_EDGE ( 'NONE', *, *, #1878, .T. ) ;
#1247 = DIRECTION ( 'NONE',  ( 0.000000000000000000, 0.000000000000000000, -1.000000000000000000 ) ) ;
#1248 = CARTESIAN_POINT ( 'NONE',  ( -0.4686486486486468039, -8.671742003153214163E-17, 0.05100000000000000366 ) ) ;
#1249 = VECTOR ( 'NONE', #631, 1.000000000000000000 ) ;
#1250 = ORIENTED_EDGE ( 'NONE', *, *, #3587, .T. ) ;
#1251 = DIRECTION ( 'NONE',  ( -0.000000000000000000, 1.000000000000000000, -0.000000000000000000 ) ) ;
#1252 = EDGE_CURVE ( 'NONE', #6348, #115, #425, .T. ) ;
#1253 = ORIENTED_EDGE ( 'NONE', *, *, #1456, .F. ) ;
#1254 = VERTEX_POINT ( 'NONE', #1043 ) ;
#1255 = ORIENTED_EDGE ( 'NONE', *, *, #6429, .T. ) ;
#1256 = LINE ( 'NONE', #680, #5950 ) ;
#1257 = AXIS2_PLACEMENT_3D ( 'NONE', #1199, #5352, #730 ) ;
#1258 = VECTOR ( 'NONE', #5544, 1.000000000000000000 ) ;
#1259 = LINE ( 'NONE', #6604, #267 ) ;
#1260 = DIRECTION ( 'NONE',  ( 0.000000000000000000, -0.000000000000000000, -1.000000000000000000 ) ) ;
#1261 = VECTOR ( 'NONE', #4239, 1.000000000000000000 ) ;
#1262 = VECTOR ( 'NONE', #2913, 1.000000000000000000 ) ;
#1263 = AXIS2_PLACEMENT_3D ( 'NONE', #3415, #2796, #2869 ) ;
#1264 = CARTESIAN_POINT ( 'NONE',  ( -0.4510550733494790299, 0.9478925550118144638, 0.05100000000000000366 ) ) ;
#1265 = EDGE_CURVE ( 'NONE', #628, #7588, #2318, .T. ) ;
#1266 = EDGE_LOOP ( 'NONE', ( #838, #770, #2588, #572, #7401, #587, #309, #2390, #6151, #2391 ) ) ;
#1267 = CARTESIAN_POINT ( 'NONE',  ( -0.4686486486486471925, 2.149144144144145230, 0.4500000000000000111 ) ) ;
#1268 = DIRECTION ( 'NONE',  ( -1.000000000000000000, -0.000000000000000000, -0.000000000000000000 ) ) ;
#1269 = ADVANCED_FACE ( 'NONE', ( #7005 ), #6275, .F. ) ;
#1270 = ADVANCED_FACE ( 'NONE', ( #6967 ), #2893, .T. ) ;
#1271 = ORIENTED_EDGE ( 'NONE', *, *, #5213, .F. ) ;
#1272 = EDGE_CURVE ( 'NONE', #6105, #2264, #5110, .T. ) ;
#1273 = DIRECTION ( 'NONE',  ( 0.000000000000000000, -0.000000000000000000, 1.000000000000000000 ) ) ;
#1274 = ORIENTED_EDGE ( 'NONE', *, *, #3072, .F. ) ;
#1275 = DIRECTION ( 'NONE',  ( 0.000000000000000000, 1.000000000000000000, -0.000000000000000000 ) ) ;
#1276 = DIRECTION ( 'NONE',  ( -1.000000000000000000, -0.000000000000000000, -0.000000000000000000 ) ) ;
#1277 = CARTESIAN_POINT ( 'NONE',  ( 1.506351351351353340, 1.724144144144144519, 0.4500000000000000111 ) ) ;
#1278 = DIRECTION ( 'NONE',  ( 0.000000000000000000, 1.000000000000000000, -0.000000000000000000 ) ) ;
#1279 = VERTEX_POINT ( 'NONE', #5693 ) ;
#1280 = EDGE_CURVE ( 'NONE', #1619, #4588, #3940, .T. ) ;
#1281 = ORIENTED_EDGE ( 'NONE', *, *, #2231, .T. ) ;
#1282 = LINE ( 'NONE', #116, #5186 ) ;
#1283 = VECTOR ( 'NONE', #3178, 1.000000000000000000 ) ;
#1284 = CARTESIAN_POINT ( 'NONE',  ( 1.506351351351353340, 1.724144144144144519, 0.4510000000000000120 ) ) ;
#1285 = ORIENTED_EDGE ( 'NONE', *, *, #6894, .F. ) ;
#1286 = DIRECTION ( 'NONE',  ( -0.000000000000000000, -0.000000000000000000, -1.000000000000000000 ) ) ;
#1287 = CARTESIAN_POINT ( 'NONE',  ( -1.243648648648647104, -1.875855855855854681, 0.2520000000000000018 ) ) ;
#1288 = CARTESIAN_POINT ( 'NONE',  ( -0.4779485211280458667, -2.600855855855854770, 0.05100000000000000366 ) ) ;
#1289 = VECTOR ( 'NONE', #2297, 1.000000000000000000 ) ;
#1290 =( NAMED_UNIT ( * ) SI_UNIT ( $, .STERADIAN. ) SOLID_ANGLE_UNIT ( ) );
#1291 = LINE ( 'NONE', #1399, #4249 ) ;
#1292 = ORIENTED_EDGE ( 'NONE', *, *, #1621, .T. ) ;
#1293 = ORIENTED_EDGE ( 'NONE', *, *, #1502, .F. ) ;
#1294 = ORIENTED_EDGE ( 'NONE', *, *, #1280, .T. ) ;
#1295 = CARTESIAN_POINT ( 'NONE',  ( 1.156351351351352807, -1.025855855855854593, 0.4510000000000000120 ) ) ;
#1296 = VECTOR ( 'NONE', #942, 1.000000000000000000 ) ;
#1297 = EDGE_CURVE ( 'NONE', #6132, #3642, #461, .T. ) ;
#1298 = LINE ( 'NONE', #3654, #1007 ) ;
#1299 = ADVANCED_FACE ( 'NONE', ( #2856 ), #386, .T. ) ;
#1300 = PLANE ( 'NONE',  #7474 ) ;
#1301 = PLANE ( 'NONE',  #5349 ) ;
#1302 = VERTEX_POINT ( 'NONE', #6422 ) ;
#1303 = ORIENTED_EDGE ( 'NONE', *, *, #5197, .T. ) ;
#1304 = FACE_OUTER_BOUND ( 'NONE', #388, .T. ) ;
#1305 = EDGE_CURVE ( 'NONE', #6994, #7341, #5146, .T. ) ;
#1306 = DIRECTION ( 'NONE',  ( -0.000000000000000000, -0.000000000000000000, -1.000000000000000000 ) ) ;
#1307 = ORIENTED_EDGE ( 'NONE', *, *, #3928, .F. ) ;
#1308 = DIRECTION ( 'NONE',  ( -0.000000000000000000, -0.000000000000000000, 1.000000000000000000 ) ) ;
#1309 = ADVANCED_FACE ( 'NONE', ( #2203, #2783 ), #5730, .T. ) ;
#1310 = VERTEX_POINT ( 'NONE', #3902 ) ;
#1311 = CARTESIAN_POINT ( 'NONE',  ( 1.931351351351352941, -2.650855855855854593, 0.05100000000000000366 ) ) ;
#1312 = EDGE_CURVE ( 'NONE', #691, #6180, #3437, .T. ) ;
#1313 = LINE ( 'NONE', #3125, #2857 ) ;
#1314 = DIRECTION ( 'NONE',  ( -1.192185798255202152E-16, 1.000000000000000000, 0.000000000000000000 ) ) ;
#1315 = DIRECTION ( 'NONE',  ( 0.000000000000000000, -0.000000000000000000, -1.000000000000000000 ) ) ;
#1316 = AXIS2_PLACEMENT_3D ( 'NONE', #6995, #4164, #6415 ) ;
#1317 = VERTEX_POINT ( 'NONE', #5269 ) ;
#1318 = ORIENTED_EDGE ( 'NONE', *, *, #2639, .F. ) ;
#1319 = DIRECTION ( 'NONE',  ( -0.000000000000000000, 0.000000000000000000, 1.000000000000000000 ) ) ;
#1320 = AXIS2_PLACEMENT_3D ( 'NONE', #2645, #5008, #7297 ) ;
#1321 = ADVANCED_FACE ( 'NONE', ( #7591 ), #6311, .F. ) ;
#1322 = CARTESIAN_POINT ( 'NONE',  ( -0.9236486486486471525, 1.692892555011814348, 0.4500000000000000111 ) ) ;
#1323 = ORIENTED_EDGE ( 'NONE', *, *, #4297, .T. ) ;
#1324 = ADVANCED_FACE ( 'NONE', ( #1001 ), #1580, .T. ) ;
#1325 = DIRECTION ( 'NONE',  ( -0.000000000000000000, 0.000000000000000000, 1.000000000000000000 ) ) ;
#1326 = FACE_OUTER_BOUND ( 'NONE', #5174, .T. ) ;
#1327 = ORIENTED_EDGE ( 'NONE', *, *, #7375, .F. ) ;
#1328 = AXIS2_PLACEMENT_3D ( 'NONE', #6689, #3741, #6729 ) ;
#1329 = DIRECTION ( 'NONE',  ( 0.000000000000000000, 0.000000000000000000, 1.000000000000000000 ) ) ;
#1330 = FACE_OUTER_BOUND ( 'NONE', #6765, .T. ) ;
#1331 = ORIENTED_EDGE ( 'NONE', *, *, #185, .F. ) ;
#1332 = ORIENTED_EDGE ( 'NONE', *, *, #4597, .F. ) ;
#1333 = ORIENTED_EDGE ( 'NONE', *, *, #4788, .F. ) ;
#1334 = LINE ( 'NONE', #6673, #6679 ) ;
#1335 = DIRECTION ( 'NONE',  ( -0.000000000000000000, 0.000000000000000000, 1.000000000000000000 ) ) ;
#1336 = LINE ( 'NONE', #1953, #4131 ) ;
#1337 = EDGE_CURVE ( 'NONE', #2704, #3747, #6928, .T. ) ;
#1338 = VERTEX_POINT ( 'NONE', #3403 ) ;
#1339 = EDGE_LOOP ( 'NONE', ( #2453, #3035, #1835, #2657 ) ) ;
#1340 = PLANE ( 'NONE',  #91 ) ;
#1341 = CARTESIAN_POINT ( 'NONE',  ( 1.186351351351352834, -2.195855855855854966, 0.2520000000000000018 ) ) ;
#1342 = ORIENTED_EDGE ( 'NONE', *, *, #1101, .T. ) ;
#1343 = ADVANCED_FACE ( 'NONE', ( #39 ), #1231, .F. ) ;
#1344 = LINE ( 'NONE', #5611, #3154 ) ;
#1345 = VECTOR ( 'NONE', #7379, 1.000000000000000000 ) ;
#1346 = EDGE_LOOP ( 'NONE', ( #6869, #1041, #4942, #5769 ) ) ;
#1347 = DIRECTION ( 'NONE',  ( 0.000000000000000000, -1.000000000000000000, 0.000000000000000000 ) ) ;
#1348 = DIRECTION ( 'NONE',  ( 9.251858538542972814E-17, 1.000000000000000000, -0.000000000000000000 ) ) ;
#1349 = CARTESIAN_POINT ( 'NONE',  ( 1.931351351351352941, 3.349139388805733919, 0.05100000000000000366 ) ) ;
#1350 = LINE ( 'NONE', #3601, #802 ) ;
#1351 = VERTEX_POINT ( 'NONE', #4175 ) ;
#1352 = ORIENTED_EDGE ( 'NONE', *, *, #1132, .F. ) ;
#1353 = PLANE ( 'NONE',  #854 ) ;
#1354 = DIRECTION ( 'NONE',  ( 0.000000000000000000, 1.000000000000000000, 0.000000000000000000 ) ) ;
#1355 = ORIENTED_EDGE ( 'NONE', *, *, #1401, .F. ) ;
#1356 = FACE_OUTER_BOUND ( 'NONE', #2767, .T. ) ;
#1357 = PLANE ( 'NONE',  #5504 ) ;
#1358 = CARTESIAN_POINT ( 'NONE',  ( 1.931351351351352941, 0.000000000000000000, 0.4500000000000000111 ) ) ;
#1359 = VERTEX_POINT ( 'NONE', #5964 ) ;
#1360 = DIRECTION ( 'NONE',  ( -1.000000000000000000, 0.000000000000000000, 0.000000000000000000 ) ) ;
#1361 = AXIS2_PLACEMENT_3D ( 'NONE', #7258, #1949, #749 ) ;
#1362 = VERTEX_POINT ( 'NONE', #6505 ) ;
#1363 = VERTEX_POINT ( 'NONE', #3594 ) ;
#1364 = ORIENTED_EDGE ( 'NONE', *, *, #5869, .F. ) ;
#1365 = EDGE_CURVE ( 'NONE', #5872, #7359, #7082, .T. ) ;
#1366 = FACE_OUTER_BOUND ( 'NONE', #879, .T. ) ;
#1367 = EDGE_CURVE ( 'NONE', #4322, #2488, #4831, .T. ) ;
#1368 = PLANE ( 'NONE',  #1320 ) ;
#1369 = ADVANCED_FACE ( 'NONE', ( #4137 ), #2466, .F. ) ;
#1370 = CARTESIAN_POINT ( 'NONE',  ( -8.781347354308064491E-17, 0.9491441441441443860, 0.05000000000000000278 ) ) ;
#1371 = DIRECTION ( 'NONE',  ( 0.000000000000000000, -1.000000000000000000, 0.000000000000000000 ) ) ;
#1372 = AXIS2_PLACEMENT_3D ( 'NONE', #2055, #6245, #5699 ) ;
#1373 = VECTOR ( 'NONE', #356, 1.000000000000000000 ) ;
#1374 = ORIENTED_EDGE ( 'NONE', *, *, #6236, .F. ) ;
#1375 = EDGE_CURVE ( 'NONE', #5757, #3747, #6539, .T. ) ;
#1376 = EDGE_LOOP ( 'NONE', ( #18, #5142, #664, #3248 ) ) ;
#1377 = FACE_OUTER_BOUND ( 'NONE', #3024, .T. ) ;
#1378 = AXIS2_PLACEMENT_3D ( 'NONE', #2726, #1563, #7339 ) ;
#1379 = CARTESIAN_POINT ( 'NONE',  ( 1.476351351351352870, -0.7058558558558547524, 0.4510000000000000120 ) ) ;
#1380 = VECTOR ( 'NONE', #5096, 1.000000000000000000 ) ;
#1381 = VECTOR ( 'NONE', #7018, 1.000000000000000000 ) ;
#1382 = ORIENTED_EDGE ( 'NONE', *, *, #4584, .F. ) ;
#1383 = DIRECTION ( 'NONE',  ( -0.000000000000000000, 0.000000000000000000, -1.000000000000000000 ) ) ;
#1384 = ORIENTED_EDGE ( 'NONE', *, *, #4167, .T. ) ;
#1385 = FACE_BOUND ( 'NONE', #2949, .T. ) ;
#1386 = EDGE_CURVE ( 'NONE', #4963, #7107, #656, .T. ) ;
#1387 = DIRECTION ( 'NONE',  ( -0.000000000000000000, -0.000000000000000000, -1.000000000000000000 ) ) ;
#1388 = CARTESIAN_POINT ( 'NONE',  ( -1.212844139922891529, 0.2041441441441452787, 0.2510000000000000009 ) ) ;
#1389 = DIRECTION ( 'NONE',  ( -0.000000000000000000, -0.000000000000000000, -1.000000000000000000 ) ) ;
#1390 = ORIENTED_EDGE ( 'NONE', *, *, #6229, .F. ) ;
#1391 = ORIENTED_EDGE ( 'NONE', *, *, #7391, .F. ) ;
#1392 = DIRECTION ( 'NONE',  ( 0.000000000000000000, -0.000000000000000000, 1.000000000000000000 ) ) ;
#1393 = DIRECTION ( 'NONE',  ( 1.000000000000000000, 0.000000000000000000, 0.000000000000000000 ) ) ;
#1394 = EDGE_LOOP ( 'NONE', ( #4392, #3847, #1956, #1178 ) ) ;
#1395 = DIRECTION ( 'NONE',  ( -0.000000000000000000, -0.000000000000000000, -1.000000000000000000 ) ) ;
#1396 = LINE ( 'NONE', #2591, #519 ) ;
#1397 = PLANE ( 'NONE',  #2485 ) ;
#1398 = EDGE_LOOP ( 'NONE', ( #6705, #7278, #7577, #2946 ) ) ;
#1399 = CARTESIAN_POINT ( 'NONE',  ( -0.9236486486486471525, -1.905855855855854708, 0.2510000000000000009 ) ) ;
#1400 = VERTEX_POINT ( 'NONE', #5922 ) ;
#1401 = EDGE_CURVE ( 'NONE', #2680, #1359, #2974, .T. ) ;
#1402 = ORIENTED_EDGE ( 'NONE', *, *, #7193, .T. ) ;
#1403 = PLANE ( 'NONE',  #978 ) ;
#1404 = VECTOR ( 'NONE', #3373, 1.000000000000000000 ) ;
#1405 = LINE ( 'NONE', #6135, #704 ) ;
#1406 = LINE ( 'NONE', #7222, #647 ) ;
#1407 = AXIS2_PLACEMENT_3D ( 'NONE', #7585, #2924, #7657 ) ;
#1408 = DIRECTION ( 'NONE',  ( 0.000000000000000000, 0.000000000000000000, -1.000000000000000000 ) ) ;
#1409 = EDGE_CURVE ( 'NONE', #7123, #5162, #4213, .T. ) ;
#1410 = ORIENTED_EDGE ( 'NONE', *, *, #7166, .T. ) ;
#1411 = VECTOR ( 'NONE', #2333, 1.000000000000000000 ) ;
#1412 = EDGE_LOOP ( 'NONE', ( #354, #47, #5563, #5315 ) ) ;
#1413 = ORIENTED_EDGE ( 'NONE', *, *, #1375, .F. ) ;
#1414 = CARTESIAN_POINT ( 'NONE',  ( -0.02364864864864699157, -0.9861949088771519989, 0.6520000000000003570 ) ) ;
#1415 = EDGE_CURVE ( 'NONE', #6132, #2488, #3081, .T. ) ;
#1416 = LINE ( 'NONE', #4435, #5965 ) ;
#1417 = ORIENTED_EDGE ( 'NONE', *, *, #4274, .F. ) ;
#1418 = PLANE ( 'NONE',  #1771 ) ;
#1419 = APPLICATION_CONTEXT ( 'automotive_design' ) ;
#1420 = ORIENTED_EDGE ( 'NONE', *, *, #6794, .F. ) ;
#1421 = CARTESIAN_POINT ( 'NONE',  ( -0.4632964566313568788, -1.441194908877152070, 0.6510000000000003562 ) ) ;
#1422 = AXIS2_PLACEMENT_3D ( 'NONE', #1741, #2824, #6935 ) ;
#1423 = LINE ( 'NONE', #4326, #3974 ) ;
#1424 = DIRECTION ( 'NONE',  ( 0.000000000000000000, -0.000000000000000000, -1.000000000000000000 ) ) ;
#1425 = EDGE_LOOP ( 'NONE', ( #3681, #6724, #6464, #2189 ) ) ;
#1426 = ORIENTED_EDGE ( 'NONE', *, *, #7592, .T. ) ;
#1427 = CARTESIAN_POINT ( 'NONE',  ( 0.6175675675675673659, 1.078378378378379576, 0.05100000000000000366 ) ) ;
#1428 = CARTESIAN_POINT ( 'NONE',  ( 1.506351351351352896, -0.6758558558558547258, 0.4500000000000000111 ) ) ;
#1429 = ORIENTED_EDGE ( 'NONE', *, *, #3728, .T. ) ;
#1430 = CARTESIAN_POINT ( 'NONE',  ( 1.156351351351353252, 1.374144144144144652, 0.4500000000000000111 ) ) ;
#1431 = EDGE_CURVE ( 'NONE', #3420, #3209, #617, .T. ) ;
#1432 = FACE_OUTER_BOUND ( 'NONE', #427, .T. ) ;
#1433 = CARTESIAN_POINT ( 'NONE',  ( 0.000000000000000000, 0.000000000000000000, 0.05100000000000000366 ) ) ;
#1434 = LINE ( 'NONE', #2714, #1689 ) ;
#1435 = FACE_OUTER_BOUND ( 'NONE', #6432, .T. ) ;
#1436 = VERTEX_POINT ( 'NONE', #2970 ) ;
#1437 = ORIENTED_EDGE ( 'NONE', *, *, #1602, .T. ) ;
#1438 = AXIS2_PLACEMENT_3D ( 'NONE', #4317, #6682, #4280 ) ;
#1439 = CARTESIAN_POINT ( 'NONE',  ( 0.000000000000000000, 0.000000000000000000, 0.2510000000000000009 ) ) ;
#1440 = DIRECTION ( 'NONE',  ( 1.000000000000000000, 0.000000000000000000, 0.000000000000000000 ) ) ;
#1441 = LINE ( 'NONE', #7259, #5656 ) ;
#1442 = AXIS2_PLACEMENT_3D ( 'NONE', #4873, #3162, #1963 ) ;
#1443 = DIRECTION ( 'NONE',  ( 1.000000000000000000, 0.000000000000000000, 0.000000000000000000 ) ) ;
#1444 = DIRECTION ( 'NONE',  ( 0.000000000000000000, -1.000000000000000000, 0.000000000000000000 ) ) ;
#1445 = CARTESIAN_POINT ( 'NONE',  ( 1.460752172914886238, 0.5027057713251168458, 0.6520000000000003570 ) ) ;
#1446 = CARTESIAN_POINT ( 'NONE',  ( -1.212844139922891529, 0.4941441441441452032, 0.2520000000000000018 ) ) ;
#1447 = VERTEX_POINT ( 'NONE', #2934 ) ;
#1448 = DIRECTION ( 'NONE',  ( -0.000000000000000000, 0.000000000000000000, 1.000000000000000000 ) ) ;
#1449 = ADVANCED_FACE ( 'NONE', ( #5383 ), #5882, .F. ) ;
#1450 = VERTEX_POINT ( 'NONE', #3631 ) ;
#1451 = VERTEX_POINT ( 'NONE', #1193 ) ;
#1452 = CARTESIAN_POINT ( 'NONE',  ( 1.140752172914886176, 0.1827057713251167559, 0.6520000000000003570 ) ) ;
#1453 = CARTESIAN_POINT ( 'NONE',  ( 0.000000000000000000, 0.000000000000000000, 0.4500000000000000111 ) ) ;
#1454 = EDGE_LOOP ( 'NONE', ( #7371, #2441, #6623, #2394 ) ) ;
#1455 = CARTESIAN_POINT ( 'NONE',  ( -1.661268387826372095, -1.459372486768057531, 0.2510000000000000009 ) ) ;
#1456 = EDGE_CURVE ( 'NONE', #3685, #721, #2505, .T. ) ;
#1457 = EDGE_LOOP ( 'NONE', ( #3970, #924, #6431, #3683, #1911 ) ) ;
#1458 = DIRECTION ( 'NONE',  ( 0.000000000000000000, 0.000000000000000000, 1.000000000000000000 ) ) ;
#1459 = EDGE_CURVE ( 'NONE', #4614, #7588, #690, .T. ) ;
#1460 = CARTESIAN_POINT ( 'NONE',  ( -1.618648648648647104, -2.600855855855854770, 0.05000000000000000278 ) ) ;
#1461 = DIRECTION ( 'NONE',  ( -1.000000000000000000, -0.000000000000000000, -0.000000000000000000 ) ) ;
#1462 = ORIENTED_EDGE ( 'NONE', *, *, #5341, .T. ) ;
#1463 = VERTEX_POINT ( 'NONE', #3516 ) ;
#1464 = CARTESIAN_POINT ( 'NONE',  ( 0.6175675675675675880, 1.078378378378379576, 0.05000000000000000278 ) ) ;
#1465 = PLANE ( 'NONE',  #2351 ) ;
#1466 = ORIENTED_EDGE ( 'NONE', *, *, #1401, .T. ) ;
#1467 = FACE_OUTER_BOUND ( 'NONE', #2046, .T. ) ;
#1468 = CARTESIAN_POINT ( 'NONE',  ( -1.618648648648647104, 2.099144144144145407, 0.05100000000000000366 ) ) ;
#1469 = CARTESIAN_POINT ( 'NONE',  ( -0.01248264923019517733, 1.694144144144144049, 0.2520000000000000018 ) ) ;
#1470 = DIRECTION ( 'NONE',  ( 0.000000000000000000, -1.000000000000000000, 0.000000000000000000 ) ) ;
#1471 = CARTESIAN_POINT ( 'NONE',  ( -0.4779485211280458667, -1.459372486768057531, 0.05100000000000000366 ) ) ;
#1472 = ORIENTED_EDGE ( 'NONE', *, *, #990, .T. ) ;
#1473 = ORIENTED_EDGE ( 'NONE', *, *, #6470, .T. ) ;
#1474 = CARTESIAN_POINT ( 'NONE',  ( 3.181351351351352275, -4.100855855855855658, 0.05000000000000000278 ) ) ;
#1475 = DIRECTION ( 'NONE',  ( -0.000000000000000000, -0.000000000000000000, -1.000000000000000000 ) ) ;
#1476 = DIRECTION ( 'NONE',  ( 1.000000000000000000, 1.850371707708594809E-16, -0.000000000000000000 ) ) ;
#1477 = VECTOR ( 'NONE', #3288, 1.000000000000000000 ) ;
#1478 = CARTESIAN_POINT ( 'NONE',  ( 1.156351351351352807, -1.875855855855854681, 0.2520000000000000018 ) ) ;
#1479 = CARTESIAN_POINT ( 'NONE',  ( -0.1824324324324324009, 0.7783783783783795318, 0.05100000000000000366 ) ) ;
#1480 = DIRECTION ( 'NONE',  ( 1.850371707708594563E-16, -1.000000000000000000, 0.000000000000000000 ) ) ;
#1481 = EDGE_CURVE ( 'NONE', #6526, #4990, #5419, .T. ) ;
#1482 =( LENGTH_UNIT ( ) NAMED_UNIT ( * ) SI_UNIT ( $, .METRE. ) );
#1483 = ORIENTED_EDGE ( 'NONE', *, *, #1613, .F. ) ;
#1484 = CARTESIAN_POINT ( 'NONE',  ( -1.661268387826372095, -2.638672188960770271, 0.05100000000000000366 ) ) ;
#1485 = VECTOR ( 'NONE', #3943, 1.000000000000000000 ) ;
#1486 = VECTOR ( 'NONE', #6755, 1.000000000000000000 ) ;
#1487 = ORIENTED_EDGE ( 'NONE', *, *, #565, .F. ) ;
#1488 = ORIENTED_EDGE ( 'NONE', *, *, #6236, .T. ) ;
#1489 = FACE_BOUND ( 'NONE', #4814, .T. ) ;
#1490 = DIRECTION ( 'NONE',  ( 0.000000000000000000, -0.000000000000000000, 1.000000000000000000 ) ) ;
#1491 = AXIS2_PLACEMENT_3D ( 'NONE', #6905, #1593, #3061 ) ;
#1492 = EDGE_CURVE ( 'NONE', #5576, #1925, #7122, .T. ) ;
#1493 = VECTOR ( 'NONE', #5805, 1.000000000000000000 ) ;
#1494 = DIRECTION ( 'NONE',  ( -0.000000000000000000, -1.000000000000000000, -0.000000000000000000 ) ) ;
#1495 = VECTOR ( 'NONE', #6961, 1.000000000000000000 ) ;
#1496 = EDGE_LOOP ( 'NONE', ( #7167, #706, #3610, #5446 ) ) ;
#1497 = LINE ( 'NONE', #418, #1696 ) ;
#1498 = AXIS2_PLACEMENT_3D ( 'NONE', #4399, #4939, #3772 ) ;
#1499 = DIRECTION ( 'NONE',  ( -0.000000000000000000, -0.000000000000000000, -1.000000000000000000 ) ) ;
#1500 = LINE ( 'NONE', #7544, #4839 ) ;
#1501 = EDGE_CURVE ( 'NONE', #533, #984, #7198, .T. ) ;
#1502 = EDGE_CURVE ( 'NONE', #5984, #4395, #2040, .T. ) ;
#1503 = VERTEX_POINT ( 'NONE', #259 ) ;
#1504 = ORIENTED_EDGE ( 'NONE', *, *, #4247, .F. ) ;
#1505 = CARTESIAN_POINT ( 'NONE',  ( 0.000000000000000000, 0.000000000000000000, 0.2510000000000000009 ) ) ;
#1506 = VECTOR ( 'NONE', #3627, 1.000000000000000000 ) ;
#1507 = DIRECTION ( 'NONE',  ( 1.000000000000000000, 0.000000000000000000, 0.000000000000000000 ) ) ;
#1508 = EDGE_LOOP ( 'NONE', ( #2928, #5370, #1107, #2627 ) ) ;
#1509 = CARTESIAN_POINT ( 'NONE',  ( 1.490752172914886264, 0.5327057713251167614, 0.6520000000000003570 ) ) ;
#1510 = CARTESIAN_POINT ( 'NONE',  ( 1.476351351351353314, 1.694144144144144493, 0.4500000000000000111 ) ) ;
#1511 = LINE ( 'NONE', #2172, #6812 ) ;
#1512 = LINE ( 'NONE', #5039, #7162 ) ;
#1513 = DIRECTION ( 'NONE',  ( -1.000000000000000000, -0.000000000000000000, -0.000000000000000000 ) ) ;
#1514 = ADVANCED_FACE ( 'NONE', ( #2621 ), #1418, .T. ) ;
#1515 = ORIENTED_EDGE ( 'NONE', *, *, #5997, .F. ) ;
#1516 = ORIENTED_EDGE ( 'NONE', *, *, #2272, .F. ) ;
#1517 = DIRECTION ( 'NONE',  ( -1.000000000000000000, 0.000000000000000000, 0.000000000000000000 ) ) ;
#1518 = LINE ( 'NONE', #3881, #4973 ) ;
#1519 = CARTESIAN_POINT ( 'NONE',  ( 1.156351351351352807, -1.875855855855854681, 0.2510000000000000009 ) ) ;
#1520 = AXIS2_PLACEMENT_3D ( 'NONE', #7158, #3556, #1155 ) ;
#1521 = LINE ( 'NONE', #244, #6860 ) ;
#1522 = CARTESIAN_POINT ( 'NONE',  ( -1.668648648648647148, -0.2508558558558546814, 0.05100000000000000366 ) ) ;
#1523 = FACE_OUTER_BOUND ( 'NONE', #176, .T. ) ;
#1524 = ORIENTED_EDGE ( 'NONE', *, *, #6193, .T. ) ;
#1525 = ORIENTED_EDGE ( 'NONE', *, *, #1492, .F. ) ;
#1526 = CARTESIAN_POINT ( 'NONE',  ( -0.4779485211280458667, -1.459372486768057531, 0.2510000000000000009 ) ) ;
#1527 = EDGE_CURVE ( 'NONE', #5779, #4132, #4361, .T. ) ;
#1528 = ORIENTED_EDGE ( 'NONE', *, *, #2305, .T. ) ;
#1529 = AXIS2_PLACEMENT_3D ( 'NONE', #5982, #1872, #1945 ) ;
#1530 = DIRECTION ( 'NONE',  ( 0.000000000000000000, 0.000000000000000000, -1.000000000000000000 ) ) ;
#1531 = EDGE_CURVE ( 'NONE', #4357, #2377, #764, .T. ) ;
#1532 =( NAMED_UNIT ( * ) SI_UNIT ( $, .STERADIAN. ) SOLID_ANGLE_UNIT ( ) );
#1533 = VECTOR ( 'NONE', #5850, 1.000000000000000000 ) ;
#1534 = CARTESIAN_POINT ( 'NONE',  ( 1.186351351351352834, -0.9958558558558545659, 0.4510000000000000120 ) ) ;
#1535 = VECTOR ( 'NONE', #633, 1.000000000000000000 ) ;
#1536 = ORIENTED_EDGE ( 'NONE', *, *, #7274, .T. ) ;
#1537 = LINE ( 'NONE', #2161, #5031 ) ;
#1538 = CARTESIAN_POINT ( 'NONE',  ( -1.668648648648647148, 0.9491441441441452742, 0.4500000000000000111 ) ) ;
#1539 = ORIENTED_EDGE ( 'NONE', *, *, #1415, .T. ) ;
#1540 = ADVANCED_FACE ( 'NONE', ( #3240 ), #3858, .F. ) ;
#1541 = ORIENTED_EDGE ( 'NONE', *, *, #3903, .T. ) ;
#1542 = DIRECTION ( 'NONE',  ( -0.000000000000000000, -0.000000000000000000, -1.000000000000000000 ) ) ;
#1543 = EDGE_CURVE ( 'NONE', #4395, #6646, #837, .T. ) ;
#1544 =( NAMED_UNIT ( * ) PLANE_ANGLE_UNIT ( ) SI_UNIT ( $, .RADIAN. ) );
#1545 = ORIENTED_EDGE ( 'NONE', *, *, #1035, .F. ) ;
#1546 = CARTESIAN_POINT ( 'NONE',  ( 1.476351351351352870, -0.9958558558558545659, 0.4500000000000000111 ) ) ;
#1547 = CARTESIAN_POINT ( 'NONE',  ( 3.176837698566487234, 3.348351809431109327, 0.1500000000000000222 ) ) ;
#1548 = DIRECTION ( 'NONE',  ( -0.000000000000000000, -0.000000000000000000, -1.000000000000000000 ) ) ;
#1549 = VECTOR ( 'NONE', #1494, 1.000000000000000000 ) ;
#1550 = DIRECTION ( 'NONE',  ( 0.000000000000000000, 0.000000000000000000, -1.000000000000000000 ) ) ;
#1551 = CARTESIAN_POINT ( 'NONE',  ( -1.382432432432432412, 1.078378378378379576, 0.05100000000000000366 ) ) ;
#1552 = ORIENTED_EDGE ( 'NONE', *, *, #3928, .T. ) ;
#1553 = VERTEX_POINT ( 'NONE', #5496 ) ;
#1554 = CARTESIAN_POINT ( 'NONE',  ( 1.156351351351353252, 1.724144144144144519, 0.4500000000000000111 ) ) ;
#1555 = EDGE_CURVE ( 'NONE', #3597, #1677, #3196, .T. ) ;
#1556 = CARTESIAN_POINT ( 'NONE',  ( -0.9236486486486471525, -2.195855855855854966, 0.2520000000000000018 ) ) ;
#1557 = EDGE_CURVE ( 'NONE', #4674, #2769, #2542, .T. ) ;
#1558 = CARTESIAN_POINT ( 'NONE',  ( 2.617567567567565590, 0.2783783783783795318, 0.05100000000000000366 ) ) ;
#1559 = EDGE_CURVE ( 'NONE', #1037, #4588, #6651, .T. ) ;
#1560 = EDGE_LOOP ( 'NONE', ( #1579, #5633, #6283, #4160 ) ) ;
#1561 = FACE_OUTER_BOUND ( 'NONE', #7110, .T. ) ;
#1562 = DIRECTION ( 'NONE',  ( -1.000000000000000000, 0.000000000000000000, 0.000000000000000000 ) ) ;
#1563 = DIRECTION ( 'NONE',  ( -0.000000000000000000, 0.000000000000000000, 1.000000000000000000 ) ) ;
#1564 = LINE ( 'NONE', #5714, #4989 ) ;
#1565 = VECTOR ( 'NONE', #7506, 1.000000000000000000 ) ;
#1566 = EDGE_LOOP ( 'NONE', ( #771, #4176, #7625, #5211 ) ) ;
#1567 = EDGE_LOOP ( 'NONE', ( #6977, #2105, #5612, #48, #6710, #1849, #204, #619 ) ) ;
#1568 = FACE_BOUND ( 'NONE', #7562, .T. ) ;
#1569 = VECTOR ( 'NONE', #3264, 1.000000000000000000 ) ;
#1570 = ORIENTED_EDGE ( 'NONE', *, *, #4928, .T. ) ;
#1571 = LINE ( 'NONE', #3235, #3543 ) ;
#1572 = DIRECTION ( 'NONE',  ( 1.850371707708594316E-16, -1.000000000000000000, 0.000000000000000000 ) ) ;
#1573 = CARTESIAN_POINT ( 'NONE',  ( 1.506351351351353340, 1.724144144144144519, 0.4510000000000000120 ) ) ;
#1574 = EDGE_CURVE ( 'NONE', #3890, #2963, #1344, .T. ) ;
#1575 = VERTEX_POINT ( 'NONE', #6803 ) ;
#1576 = DIRECTION ( 'NONE',  ( 1.914177628664061649E-16, -1.000000000000000000, 0.000000000000000000 ) ) ;
#1577 = DIRECTION ( 'NONE',  ( 1.000000000000000000, 3.172065784643304472E-16, 0.000000000000000000 ) ) ;
#1578 = EDGE_CURVE ( 'NONE', #5790, #1363, #2002, .T. ) ;
#1579 = ORIENTED_EDGE ( 'NONE', *, *, #3428, .F. ) ;
#1580 = PLANE ( 'NONE',  #1152 ) ;
#1581 = PLANE ( 'NONE',  #626 ) ;
#1582 = ORIENTED_EDGE ( 'NONE', *, *, #3348, .F. ) ;
#1583 = DIRECTION ( 'NONE',  ( -1.000000000000000000, 0.000000000000000000, -0.000000000000000000 ) ) ;
#1584 = DIRECTION ( 'NONE',  ( 1.000000000000000000, 0.000000000000000000, 0.000000000000000000 ) ) ;
#1585 = CARTESIAN_POINT ( 'NONE',  ( 0.7313513513513529851, 0.000000000000000000, 0.4500000000000000111 ) ) ;
#1586 = CARTESIAN_POINT ( 'NONE',  ( 1.817567567567565545, 1.078378378378379576, 0.05100000000000000366 ) ) ;
#1587 = DIRECTION ( 'NONE',  ( 0.000000000000000000, -1.000000000000000000, 0.000000000000000000 ) ) ;
#1588 = VERTEX_POINT ( 'NONE', #5532 ) ;
#1589 = VERTEX_POINT ( 'NONE', #7310 ) ;
#1590 = CARTESIAN_POINT ( 'NONE',  ( -2.918382539233228989, 3.348907565514117834, 0.1500000000000000222 ) ) ;
#1591 = VECTOR ( 'NONE', #2056, 1.000000000000000000 ) ;
#1592 = DIRECTION ( 'NONE',  ( 1.000000000000000000, 0.000000000000000000, 0.000000000000000000 ) ) ;
#1593 = DIRECTION ( 'NONE',  ( -1.000000000000000000, 0.000000000000000000, 0.000000000000000000 ) ) ;
#1594 = EDGE_LOOP ( 'NONE', ( #2047, #5277, #3652, #2073 ) ) ;
#1595 = ORIENTED_EDGE ( 'NONE', *, *, #5653, .T. ) ;
#1596 = AXIS2_PLACEMENT_3D ( 'NONE', #549, #6902, #1090 ) ;
#1597 = LINE ( 'NONE', #5598, #1042 ) ;
#1598 = LINE ( 'NONE', #404, #5254 ) ;
#1599 = VECTOR ( 'NONE', #3565, 1.000000000000000000 ) ;
#1600 = LINE ( 'NONE', #5011, #6338 ) ;
#1601 = LINE ( 'NONE', #3964, #6356 ) ;
#1602 = EDGE_CURVE ( 'NONE', #6732, #6647, #183, .T. ) ;
#1603 = VERTEX_POINT ( 'NONE', #2660 ) ;
#1604 = VERTEX_POINT ( 'NONE', #219 ) ;
#1605 = ORIENTED_EDGE ( 'NONE', *, *, #6811, .F. ) ;
#1606 = LINE ( 'NONE', #5328, #7554 ) ;
#1607 = EDGE_CURVE ( 'NONE', #6414, #294, #2575, .T. ) ;
#1608 = ORIENTED_EDGE ( 'NONE', *, *, #2095, .F. ) ;
#1609 = DIRECTION ( 'NONE',  ( -1.000000000000000000, 0.000000000000000000, -0.000000000000000000 ) ) ;
#1610 = VECTOR ( 'NONE', #426, 1.000000000000000000 ) ;
#1611 = VECTOR ( 'NONE', #6222, 1.000000000000000000 ) ;
#1612 = DIRECTION ( 'NONE',  ( -0.000000000000000000, -0.000000000000000000, -1.000000000000000000 ) ) ;
#1613 = EDGE_CURVE ( 'NONE', #3537, #6034, #4941, .T. ) ;
#1614 = ORIENTED_EDGE ( 'NONE', *, *, #1074, .F. ) ;
#1615 = CARTESIAN_POINT ( 'NONE',  ( -1.242844139922891555, 0.1741441441441452520, 0.2510000000000000009 ) ) ;
#1616 = VECTOR ( 'NONE', #6518, 1.000000000000000000 ) ;
#1617 = CARTESIAN_POINT ( 'NONE',  ( -0.04248264923019513806, 1.374144144144144208, 0.2520000000000000018 ) ) ;
#1618 = VECTOR ( 'NONE', #3545, 1.000000000000000000 ) ;
#1619 = VERTEX_POINT ( 'NONE', #7270 ) ;
#1620 = DIRECTION ( 'NONE',  ( -0.000000000000000000, -0.000000000000000000, -1.000000000000000000 ) ) ;
#1621 = EDGE_CURVE ( 'NONE', #4072, #831, #918, .T. ) ;
#1622 = VECTOR ( 'NONE', #5103, 1.000000000000000000 ) ;
#1623 = FACE_OUTER_BOUND ( 'NONE', #3375, .T. ) ;
#1624 = EDGE_CURVE ( 'NONE', #4588, #304, #6073, .T. ) ;
#1625 = FACE_OUTER_BOUND ( 'NONE', #6718, .T. ) ;
#1626 = VECTOR ( 'NONE', #751, 1.000000000000000000 ) ;
#1627 = FACE_OUTER_BOUND ( 'NONE', #1903, .T. ) ;
#1628 = CARTESIAN_POINT ( 'NONE',  ( 1.170752172914886202, 0.5027057713251168458, 0.6510000000000003562 ) ) ;
#1629 = DIRECTION ( 'NONE',  ( 0.000000000000000000, -1.000000000000000000, 0.000000000000000000 ) ) ;
#1630 = PLANE ( 'NONE',  #4871 ) ;
#1631 = ORIENTED_EDGE ( 'NONE', *, *, #3810, .T. ) ;
#1632 = VECTOR ( 'NONE', #4359, 1.000000000000000000 ) ;
#1633 = VECTOR ( 'NONE', #2140, 1.000000000000000000 ) ;
#1634 = VERTEX_POINT ( 'NONE', #1960 ) ;
#1635 = DIRECTION ( 'NONE',  ( -0.000000000000000000, -0.000000000000000000, -1.000000000000000000 ) ) ;
#1636 = PLANE ( 'NONE',  #1263 ) ;
#1637 = LINE ( 'NONE', #1558, #2553 ) ;
#1638 = ORIENTED_EDGE ( 'NONE', *, *, #1559, .F. ) ;
#1639 = PLANE ( 'NONE',  #5260 ) ;
#1640 = LINE ( 'NONE', #2836, #3022 ) ;
#1641 = ORIENTED_EDGE ( 'NONE', *, *, #1691, .F. ) ;
#1642 = CARTESIAN_POINT ( 'NONE',  ( 0.000000000000000000, 0.000000000000000000, 0.2510000000000000009 ) ) ;
#1643 = EDGE_CURVE ( 'NONE', #3619, #5246, #2079, .T. ) ;
#1644 = ORIENTED_EDGE ( 'NONE', *, *, #6350, .T. ) ;
#1645 = ORIENTED_EDGE ( 'NONE', *, *, #3848, .T. ) ;
#1646 = VERTEX_POINT ( 'NONE', #3318 ) ;
#1647 = LINE ( 'NONE', #7030, #6191 ) ;
#1648 = EDGE_CURVE ( 'NONE', #2738, #4665, #956, .T. ) ;
#1649 = EDGE_CURVE ( 'NONE', #5030, #1031, #4516, .T. ) ;
#1650 = ORIENTED_EDGE ( 'NONE', *, *, #4694, .T. ) ;
#1651 = DIRECTION ( 'NONE',  ( -0.000000000000000000, 0.000000000000000000, 1.000000000000000000 ) ) ;
#1652 = ADVANCED_FACE ( 'NONE', ( #415 ), #5100, .T. ) ;
#1653 = LINE ( 'NONE', #6692, #5957 ) ;
#1654 = CARTESIAN_POINT ( 'NONE',  ( 1.156351351351353252, 1.724144144144144519, 0.4510000000000000120 ) ) ;
#1655 = STYLED_ITEM ( 'NONE', ( #521 ), #5470 ) ;
#1656 = ORIENTED_EDGE ( 'NONE', *, *, #5559, .T. ) ;
#1657 = CARTESIAN_POINT ( 'NONE',  ( -0.05364864864864699046, -0.6661949088771521588, 0.6520000000000003570 ) ) ;
#1658 = EDGE_CURVE ( 'NONE', #6647, #5646, #5059, .T. ) ;
#1659 = VECTOR ( 'NONE', #1707, 1.000000000000000000 ) ;
#1660 = CARTESIAN_POINT ( 'NONE',  ( 1.460752172914886238, 0.5027057713251168458, 0.6520000000000003570 ) ) ;
#1661 = AXIS2_PLACEMENT_3D ( 'NONE', #5374, #7151, #2273 ) ;
#1662 = VECTOR ( 'NONE', #5398, 1.000000000000000000 ) ;
#1663 = CARTESIAN_POINT ( 'NONE',  ( 0.7010708180236888687, -1.441194908877152070, 0.05100000000000000366 ) ) ;
#1664 = CARTESIAN_POINT ( 'NONE',  ( 1.156351351351352807, -0.6758558558558547258, 0.4500000000000000111 ) ) ;
#1665 = PLANE ( 'NONE',  #2803 ) ;
#1666 = CARTESIAN_POINT ( 'NONE',  ( -0.4686486486486471925, 2.099144144144145407, 0.05100000000000000366 ) ) ;
#1667 = LINE ( 'NONE', #2938, #6198 ) ;
#1668 = CARTESIAN_POINT ( 'NONE',  ( 1.817567567567565545, 1.078378378378379576, 0.05100000000000000366 ) ) ;
#1669 = PLANE ( 'NONE',  #1782 ) ;
#1670 = ADVANCED_FACE ( 'NONE', ( #4637 ), #5688, .F. ) ;
#1671 = ORIENTED_EDGE ( 'NONE', *, *, #3938, .T. ) ;
#1672 = VERTEX_POINT ( 'NONE', #2117 ) ;
#1673 = DIRECTION ( 'NONE',  ( -0.000000000000000000, -0.000000000000000000, -1.000000000000000000 ) ) ;
#1674 = DIRECTION ( 'NONE',  ( 1.000000000000000000, 0.000000000000000000, 0.000000000000000000 ) ) ;
#1675 = ADVANCED_FACE ( 'NONE', ( #1693 ), #2777, .T. ) ;
#1676 = CARTESIAN_POINT ( 'NONE',  ( -1.668653815138664065, 2.149178435024714506, 0.05100000000000000366 ) ) ;
#1677 = VERTEX_POINT ( 'NONE', #7509 ) ;
#1678 = DIRECTION ( 'NONE',  ( 1.000000000000000000, 0.000000000000000000, 0.000000000000000000 ) ) ;
#1679 = LINE ( 'NONE', #6371, #2157 ) ;
#1680 = VERTEX_POINT ( 'NONE', #3358 ) ;
#1681 = VERTEX_POINT ( 'NONE', #1034 ) ;
#1682 = ORIENTED_EDGE ( 'NONE', *, *, #5305, .F. ) ;
#1683 = VERTEX_POINT ( 'NONE', #2198 ) ;
#1684 = ADVANCED_BREP_SHAPE_REPRESENTATION ( '', ( #5470, #5320, #145 ), #4350 ) ;
#1685 = CARTESIAN_POINT ( 'NONE',  ( 3.617567567567566034, -0.4716216216216202461, 0.1499999999999999944 ) ) ;
#1686 = ORIENTED_EDGE ( 'NONE', *, *, #4856, .F. ) ;
#1687 = FACE_OUTER_BOUND ( 'NONE', #4682, .T. ) ;
#1688 = VECTOR ( 'NONE', #2013, 1.000000000000000000 ) ;
#1689 = VECTOR ( 'NONE', #1470, 1.000000000000000000 ) ;
#1690 = DIRECTION ( 'NONE',  ( 0.000000000000000000, -1.000000000000000000, 0.000000000000000000 ) ) ;
#1691 = EDGE_CURVE ( 'NONE', #2004, #4879, #5763, .T. ) ;
#1692 = VECTOR ( 'NONE', #5271, 1.000000000000000000 ) ;
#1693 = FACE_OUTER_BOUND ( 'NONE', #350, .T. ) ;
#1694 = ORIENTED_EDGE ( 'NONE', *, *, #2168, .F. ) ;
#1695 = DIRECTION ( 'NONE',  ( -0.000000000000000000, 0.000000000000000000, -1.000000000000000000 ) ) ;
#1696 = VECTOR ( 'NONE', #2779, 1.000000000000000000 ) ;
#1697 = FACE_OUTER_BOUND ( 'NONE', #666, .T. ) ;
#1698 = ADVANCED_FACE ( 'NONE', ( #4015 ), #4478, .F. ) ;
#1699 = DIRECTION ( 'NONE',  ( 1.000000000000000000, 0.000000000000000000, 0.000000000000000000 ) ) ;
#1700 = EDGE_CURVE ( 'NONE', #4991, #533, #5220, .T. ) ;
#1701 = EDGE_CURVE ( 'NONE', #657, #4768, #5838, .T. ) ;
#1702 = LINE ( 'NONE', #4059, #7301 ) ;
#1703 = DIRECTION ( 'NONE',  ( 9.654113257610057838E-17, 1.000000000000000000, -0.000000000000000000 ) ) ;
#1704 = DIRECTION ( 'NONE',  ( 7.930164461608258714E-17, -1.000000000000000000, 0.000000000000000000 ) ) ;
#1705 = LINE ( 'NONE', #2250, #3973 ) ;
#1706 = CARTESIAN_POINT ( 'NONE',  ( -1.618648648648647104, -2.600855855855854770, 0.05000000000000000278 ) ) ;
#1707 = DIRECTION ( 'NONE',  ( 0.000000000000000000, 0.000000000000000000, 1.000000000000000000 ) ) ;
#1708 = VERTEX_POINT ( 'NONE', #6417 ) ;
#1709 = VERTEX_POINT ( 'NONE', #532 ) ;
#1710 = CARTESIAN_POINT ( 'NONE',  ( 1.186351351351353278, 1.694144144144144493, 0.4500000000000000111 ) ) ;
#1711 = CARTESIAN_POINT ( 'NONE',  ( 1.817567567567565545, 1.078378378378379576, 0.05100000000000000366 ) ) ;
#1712 = EDGE_CURVE ( 'NONE', #3048, #7168, #6305, .T. ) ;
#1713 = CARTESIAN_POINT ( 'NONE',  ( -1.661268387826372095, -1.459372486768057531, 0.2510000000000000009 ) ) ;
#1714 = ORIENTED_EDGE ( 'NONE', *, *, #2498, .T. ) ;
#1715 = LINE ( 'NONE', #5164, #179 ) ;
#1716 = LINE ( 'NONE', #1133, #300 ) ;
#1717 = EDGE_LOOP ( 'NONE', ( #7606, #7305, #563, #2693 ) ) ;
#1718 = LINE ( 'NONE', #1212, #7449 ) ;
#1719 = PLANE ( 'NONE',  #4368 ) ;
#1720 = VERTEX_POINT ( 'NONE', #5723 ) ;
#1721 = ORIENTED_EDGE ( 'NONE', *, *, #6209, .F. ) ;
#1722 = ORIENTED_EDGE ( 'NONE', *, *, #4935, .F. ) ;
#1723 = DIRECTION ( 'NONE',  ( -0.000000000000000000, -0.000000000000000000, -1.000000000000000000 ) ) ;
#1724 = EDGE_CURVE ( 'NONE', #6224, #3447, #6383, .T. ) ;
#1725 = ORIENTED_EDGE ( 'NONE', *, *, #45, .T. ) ;
#1726 = CARTESIAN_POINT ( 'NONE',  ( 1.186351351351352834, -0.7058558558558547524, 0.4510000000000000120 ) ) ;
#1727 = LINE ( 'NONE', #2884, #4010 ) ;
#1728 = CARTESIAN_POINT ( 'NONE',  ( -1.618648648648647104, -2.600855855855854770, 0.05100000000000000366 ) ) ;
#1729 = VERTEX_POINT ( 'NONE', #3975 ) ;
#1730 = VERTEX_POINT ( 'NONE', #5798 ) ;
#1731 = DIRECTION ( 'NONE',  ( -0.000000000000000000, -0.000000000000000000, -1.000000000000000000 ) ) ;
#1732 = CARTESIAN_POINT ( 'NONE',  ( -0.04248264923019513806, 1.374144144144144208, 0.2510000000000000009 ) ) ;
#1733 = AXIS2_PLACEMENT_3D ( 'NONE', #7464, #4512, #910 ) ;
#1734 = ADVANCED_FACE ( 'NONE', ( #454 ), #2813, .F. ) ;
#1735 = DIRECTION ( 'NONE',  ( 1.000000000000000000, 0.000000000000000000, 0.000000000000000000 ) ) ;
#1736 = ORIENTED_EDGE ( 'NONE', *, *, #6802, .F. ) ;
#1737 = CARTESIAN_POINT ( 'NONE',  ( -1.213648648648647077, -1.905855855855854708, 0.2520000000000000018 ) ) ;
#1738 = CARTESIAN_POINT ( 'NONE',  ( -0.8936486486486470149, -2.225855855855854770, 0.2510000000000000009 ) ) ;
#1739 = CARTESIAN_POINT ( 'NONE',  ( 1.186351351351353278, 1.694144144144144493, 0.4500000000000000111 ) ) ;
#1740 = CARTESIAN_POINT ( 'NONE',  ( 3.181351351351352275, 3.349144144144144963, 0.05000000000000000278 ) ) ;
#1741 = CARTESIAN_POINT ( 'NONE',  ( -0.04248264923019517969, 1.724144144144144075, 0.2520000000000000018 ) ) ;
#1742 = EDGE_CURVE ( 'NONE', #800, #5196, #6999, .T. ) ;
#1743 = LINE ( 'NONE', #504, #668 ) ;
#1744 = VECTOR ( 'NONE', #6779, 1.000000000000000000 ) ;
#1745 = ORIENTED_EDGE ( 'NONE', *, *, #2819, .F. ) ;
#1746 = ORIENTED_EDGE ( 'NONE', *, *, #4783, .F. ) ;
#1747 = CARTESIAN_POINT ( 'NONE',  ( -0.9236486486486471525, -1.905855855855854708, 0.2510000000000000009 ) ) ;
#1748 = VECTOR ( 'NONE', #6126, 1.000000000000000000 ) ;
#1749 = CARTESIAN_POINT ( 'NONE',  ( 3.667567567567565412, 0.7283783783783794874, 0.1499999999999999944 ) ) ;
#1750 = FACE_OUTER_BOUND ( 'NONE', #5397, .T. ) ;
#1751 = ORIENTED_EDGE ( 'NONE', *, *, #185, .T. ) ;
#1752 = EDGE_CURVE ( 'NONE', #7219, #7410, #6963, .T. ) ;
#1753 = CARTESIAN_POINT ( 'NONE',  ( -2.432432432432432456, 1.078378378378379576, 0.05000000000000000278 ) ) ;
#1754 = DIRECTION ( 'NONE',  ( 1.000000000000000000, 0.000000000000000000, 0.000000000000000000 ) ) ;
#1755 = VERTEX_POINT ( 'NONE', #7076 ) ;
#1756 = VECTOR ( 'NONE', #5020, 1.000000000000000000 ) ;
#1757 = CARTESIAN_POINT ( 'NONE',  ( 1.186351351351352834, -0.7058558558558547524, 0.4500000000000000111 ) ) ;
#1758 = DIRECTION ( 'NONE',  ( 0.000000000000000000, 1.000000000000000000, 0.000000000000000000 ) ) ;
#1759 = VECTOR ( 'NONE', #6214, 1.000000000000000000 ) ;
#1760 = ORIENTED_EDGE ( 'NONE', *, *, #739, .F. ) ;
#1761 = ORIENTED_EDGE ( 'NONE', *, *, #3749, .F. ) ;
#1762 = ORIENTED_EDGE ( 'NONE', *, *, #241, .F. ) ;
#1763 = LINE ( 'NONE', #483, #2848 ) ;
#1764 = ORIENTED_EDGE ( 'NONE', *, *, #4870, .T. ) ;
#1765 = LINE ( 'NONE', #564, #453 ) ;
#1766 = CARTESIAN_POINT ( 'NONE',  ( -1.242844139922891555, 0.1741441441441452520, 0.2510000000000000009 ) ) ;
#1767 = LINE ( 'NONE', #4241, #1014 ) ;
#1768 = EDGE_CURVE ( 'NONE', #5112, #2626, #7114, .T. ) ;
#1769 = VERTEX_POINT ( 'NONE', #1885 ) ;
#1770 = PLANE ( 'NONE',  #6763 ) ;
#1771 = AXIS2_PLACEMENT_3D ( 'NONE', #5650, #6149, #1383 ) ;
#1772 = CARTESIAN_POINT ( 'NONE',  ( -1.213648648648647077, 1.692892555011814348, 0.4510000000000000120 ) ) ;
#1773 =( GEOMETRIC_REPRESENTATION_CONTEXT ( 3 ) GLOBAL_UNCERTAINTY_ASSIGNED_CONTEXT ( ( #383 ) ) GLOBAL_UNIT_ASSIGNED_CONTEXT ( ( #1482, #2069, #406 ) ) REPRESENTATION_CONTEXT ( 'NONE', 'WORKASPACE' ) );
#1774 = DIRECTION ( 'NONE',  ( 0.000000000000000000, 1.000000000000000000, 0.000000000000000000 ) ) ;
#1775 = ORIENTED_EDGE ( 'NONE', *, *, #1415, .F. ) ;
#1776 = PLANE ( 'NONE',  #5817 ) ;
#1777 = COLOUR_RGB ( '',0.7921568627450980005, 0.8196078431372548767, 0.9333333333333333481 ) ;
#1778 = CARTESIAN_POINT ( 'NONE',  ( 8.781347354308070654E-17, 0.9491441441441451632, 0.4500000000000000111 ) ) ;
#1779 = CARTESIAN_POINT ( 'NONE',  ( 3.667567567567565856, -0.4716216216216201906, 0.1509999999999999953 ) ) ;
#1780 = FACE_OUTER_BOUND ( 'NONE', #6514, .T. ) ;
#1781 = FACE_OUTER_BOUND ( 'NONE', #4078, .T. ) ;
#1782 = AXIS2_PLACEMENT_3D ( 'NONE', #4027, #3446, #5311 ) ;
#1783 = ORIENTED_EDGE ( 'NONE', *, *, #335, .F. ) ;
#1784 = EDGE_CURVE ( 'NONE', #820, #6672, #4822, .T. ) ;
#1785 = VERTEX_POINT ( 'NONE', #4711 ) ;
#1786 = CARTESIAN_POINT ( 'NONE',  ( -0.01364864864864699309, -1.905855855855854708, 0.4510000000000000120 ) ) ;
#1787 = DIRECTION ( 'NONE',  ( -0.000000000000000000, -0.000000000000000000, -1.000000000000000000 ) ) ;
#1788 = CARTESIAN_POINT ( 'NONE',  ( -2.432432432432432456, 1.078378378378379576, 0.1499999999999999944 ) ) ;
#1789 = ORIENTED_EDGE ( 'NONE', *, *, #4540, .T. ) ;
#1790 = DIRECTION ( 'NONE',  ( -1.000000000000000000, 0.000000000000000000, -0.000000000000000000 ) ) ;
#1791 = CARTESIAN_POINT ( 'NONE',  ( -2.868382539233229167, -4.100766735799657781, 0.1500000000000000222 ) ) ;
#1792 = EDGE_LOOP ( 'NONE', ( #1686, #4193, #7343, #6474 ) ) ;
#1793 = CARTESIAN_POINT ( 'NONE',  ( 1.919291799940615606, -0.2422942286748832330, 0.6510000000000003562 ) ) ;
#1794 = DIRECTION ( 'NONE',  ( -1.000000000000000000, 9.570888143320318106E-17, 0.000000000000000000 ) ) ;
#1796 = EDGE_CURVE ( 'NONE', #1088, #2301, #7153, .T. ) ;
#1795 = ORIENTED_EDGE ( 'NONE', *, *, #5257, .F. ) ;
#1797 = ORIENTED_EDGE ( 'NONE', *, *, #752, .T. ) ;
#1798 = VERTEX_POINT ( 'NONE', #5877 ) ;
#1799 = CARTESIAN_POINT ( 'NONE',  ( -0.9236486486486471525, -1.905855855855854708, 0.2520000000000000018 ) ) ;
#1800 = ADVANCED_FACE ( 'NONE', ( #4169, #5335, #1148 ), #7623, .T. ) ;
#1801 = EDGE_CURVE ( 'NONE', #6368, #7090, #1767, .T. ) ;
#1802 = VECTOR ( 'NONE', #1389, 1.000000000000000000 ) ;
#1803 = ORIENTED_EDGE ( 'NONE', *, *, #2423, .T. ) ;
#1804 = CARTESIAN_POINT ( 'NONE',  ( -1.243648648648647104, 1.372892555011814508, 0.4510000000000000120 ) ) ;
#1805 = DIRECTION ( 'NONE',  ( -0.000000000000000000, -0.000000000000000000, -1.000000000000000000 ) ) ;
#1806 = VECTOR ( 'NONE', #6921, 1.000000000000000000 ) ;
#1807 = EDGE_CURVE ( 'NONE', #7090, #4155, #4204, .T. ) ;
#1808 = DIRECTION ( 'NONE',  ( -1.000000000000000000, -0.000000000000000000, -0.000000000000000000 ) ) ;
#1809 = EDGE_LOOP ( 'NONE', ( #808, #3760, #5590, #6632 ) ) ;
#1810 = FACE_OUTER_BOUND ( 'NONE', #7177, .T. ) ;
#1811 = FACE_OUTER_BOUND ( 'NONE', #181, .T. ) ;
#1812 = ORIENTED_EDGE ( 'NONE', *, *, #2176, .T. ) ;
#1813 = VECTOR ( 'NONE', #389, 1.000000000000000000 ) ;
#1814 = DIRECTION ( 'NONE',  ( -3.172065784643304472E-16, -1.000000000000000000, 0.000000000000000000 ) ) ;
#1815 = VECTOR ( 'NONE', #6070, 1.000000000000000000 ) ;
#1816 = ORIENTED_EDGE ( 'NONE', *, *, #2358, .T. ) ;
#1817 = DIRECTION ( 'NONE',  ( 0.000000000000000000, -0.000000000000000000, -1.000000000000000000 ) ) ;
#1818 = EDGE_CURVE ( 'NONE', #118, #6810, #650, .T. ) ;
#1819 = FACE_OUTER_BOUND ( 'NONE', #7571, .T. ) ;
#1820 = DIRECTION ( 'NONE',  ( -0.000000000000000000, -0.000000000000000000, -1.000000000000000000 ) ) ;
#1821 = CARTESIAN_POINT ( 'NONE',  ( 3.176837698566487234, 3.348351809431109327, 0.1500000000000000222 ) ) ;
#1822 = CARTESIAN_POINT ( 'NONE',  ( 3.617567567567566034, -0.4716216216216202461, 0.1509999999999999953 ) ) ;
#1823 = ORIENTED_EDGE ( 'NONE', *, *, #1954, .T. ) ;
#1824 = APPLICATION_CONTEXT ( 'automotive_design' ) ;
#1825 = VERTEX_POINT ( 'NONE', #4673 ) ;
#1826 = LINE ( 'NONE', #49, #1599 ) ;
#1827 = PLANE ( 'NONE',  #5453 ) ;
#1828 = VERTEX_POINT ( 'NONE', #32 ) ;
#1829 = CARTESIAN_POINT ( 'NONE',  ( 0.7010708180236888687, -0.2619442023300436184, 0.6510000000000003562 ) ) ;
#1830 = CARTESIAN_POINT ( 'NONE',  ( 0.7213513513513527542, 1.334768131857904925E-16, 0.05000000000000000278 ) ) ;
#1831 = VERTEX_POINT ( 'NONE', #3042 ) ;
#1832 =( NAMED_UNIT ( * ) PLANE_ANGLE_UNIT ( ) SI_UNIT ( $, .RADIAN. ) );
#1833 = DIRECTION ( 'NONE',  ( -0.000000000000000000, 0.000000000000000000, -1.000000000000000000 ) ) ;
#1834 = VERTEX_POINT ( 'NONE', #2961 ) ;
#1835 = ORIENTED_EDGE ( 'NONE', *, *, #5136, .F. ) ;
#1836 = ORIENTED_EDGE ( 'NONE', *, *, #739, .T. ) ;
#1837 = CARTESIAN_POINT ( 'NONE',  ( -1.668914624007974412, -2.620885740052331325, 0.05100000000000000366 ) ) ;
#1838 = ORIENTED_EDGE ( 'NONE', *, *, #1431, .F. ) ;
#1839 = ADVANCED_FACE ( 'NONE', ( #6457 ), #4130, .T. ) ;
#1840 = CARTESIAN_POINT ( 'NONE',  ( 0.000000000000000000, 0.000000000000000000, 0.4510000000000000120 ) ) ;
#1841 = ADVANCED_FACE ( 'NONE', ( #6499 ), #2461, .F. ) ;
#1842 = LINE ( 'NONE', #1766, #1618 ) ;
#1843 = DIRECTION ( 'NONE',  ( -0.000000000000000000, -0.000000000000000000, -1.000000000000000000 ) ) ;
#1844 = AXIS2_PLACEMENT_3D ( 'NONE', #6822, #4453, #3256 ) ;
#1845 = VERTEX_POINT ( 'NONE', #6572 ) ;
#1846 = DIRECTION ( 'NONE',  ( 1.000000000000000000, 0.000000000000000000, -0.000000000000000000 ) ) ;
#1847 = LINE ( 'NONE', #614, #1013 ) ;
#1848 = VECTOR ( 'NONE', #4769, 1.000000000000000000 ) ;
#1849 = ORIENTED_EDGE ( 'NONE', *, *, #1691, .T. ) ;
#1850 = EDGE_CURVE ( 'NONE', #3633, #6407, #1222, .T. ) ;
#1851 = DIRECTION ( 'NONE',  ( -0.000000000000000000, -0.000000000000000000, 1.000000000000000000 ) ) ;
#1852 = AXIS2_PLACEMENT_3D ( 'NONE', #1505, #772, #4487 ) ;
#1853 = VERTEX_POINT ( 'NONE', #1187 ) ;
#1854 = CARTESIAN_POINT ( 'NONE',  ( 3.176837698566488122, -4.100459402700869838, 0.1500000000000000222 ) ) ;
#1855 = CARTESIAN_POINT ( 'NONE',  ( 0.000000000000000000, 0.000000000000000000, 0.4500000000000000111 ) ) ;
#1856 = CARTESIAN_POINT ( 'NONE',  ( 0.2813513513513531961, 0.5241441441441443416, 0.4510000000000000120 ) ) ;
#1857 = FACE_OUTER_BOUND ( 'NONE', #1919, .T. ) ;
#1858 = ORIENTED_EDGE ( 'NONE', *, *, #1968, .T. ) ;
#1859 = VECTOR ( 'NONE', #6004, 1.000000000000000000 ) ;
#1860 = VECTOR ( 'NONE', #3501, 1.000000000000000000 ) ;
#1861 = ORIENTED_EDGE ( 'NONE', *, *, #7564, .T. ) ;
#1862 = FACE_OUTER_BOUND ( 'NONE', #1096, .T. ) ;
#1863 = EDGE_CURVE ( 'NONE', #3877, #689, #7187, .T. ) ;
#1864 = ADVANCED_FACE ( 'NONE', ( #6608 ), #1301, .T. ) ;
#1865 = CARTESIAN_POINT ( 'NONE',  ( 0.000000000000000000, 0.000000000000000000, 0.05100000000000000366 ) ) ;
#1866 = ORIENTED_EDGE ( 'NONE', *, *, #642, .F. ) ;
#1867 = CARTESIAN_POINT ( 'NONE',  ( 3.617567567567566034, -0.4716216216216202461, 0.1509999999999999953 ) ) ;
#1868 = CARTESIAN_POINT ( 'NONE',  ( 1.156351351351352807, -1.875855855855854681, 0.2520000000000000018 ) ) ;
#1869 = VECTOR ( 'NONE', #4530, 1.000000000000000000 ) ;
#1870 = CARTESIAN_POINT ( 'NONE',  ( 1.928964900017874129, -1.452608405685351434, 0.2510000000000000009 ) ) ;
#1871 = APPLICATION_PROTOCOL_DEFINITION ( 'draft international standard', 'automotive_design', 1998, #2761 ) ;
#1872 = DIRECTION ( 'NONE',  ( -1.000000000000000000, 0.000000000000000000, 0.000000000000000000 ) ) ;
#1873 = ORIENTED_EDGE ( 'NONE', *, *, #2900, .T. ) ;
#1874 = ORIENTED_EDGE ( 'NONE', *, *, #7226, .F. ) ;
#1875 = EDGE_LOOP ( 'NONE', ( #3806, #7531, #5617, #2640 ) ) ;
#1876 = CARTESIAN_POINT ( 'NONE',  ( 1.506351351351352896, -0.6758558558558547258, 0.4510000000000000120 ) ) ;
#1877 = AXIS2_PLACEMENT_3D ( 'NONE', #622, #2976, #43 ) ;
#1878 = EDGE_CURVE ( 'NONE', #3997, #6337, #5298, .T. ) ;
#1879 = VECTOR ( 'NONE', #6318, 1.000000000000000000 ) ;
#1880 = LINE ( 'NONE', #3622, #4598 ) ;
#1881 = CARTESIAN_POINT ( 'NONE',  ( 1.928964900017874129, -1.452608405685351434, 0.05100000000000000366 ) ) ;
#1882 = ADVANCED_FACE ( 'NONE', ( #5913 ), #3586, .F. ) ;
#1883 = VECTOR ( 'NONE', #2853, 1.000000000000000000 ) ;
#1884 = EDGE_CURVE ( 'NONE', #2888, #3161, #5007, .T. ) ;
#1885 = CARTESIAN_POINT ( 'NONE',  ( 1.476351351351352870, -1.905855855855854708, 0.2520000000000000018 ) ) ;
#1886 = ORIENTED_EDGE ( 'NONE', *, *, #1167, .T. ) ;
#1887 = DIRECTION ( 'NONE',  ( -0.000000000000000000, -0.000000000000000000, -1.000000000000000000 ) ) ;
#1888 = CARTESIAN_POINT ( 'NONE',  ( 0.000000000000000000, 0.000000000000000000, 0.05100000000000000366 ) ) ;
#1889 = ORIENTED_EDGE ( 'NONE', *, *, #5752, .F. ) ;
#1890 = EDGE_CURVE ( 'NONE', #4155, #2778, #3263, .T. ) ;
#1891 = CARTESIAN_POINT ( 'NONE',  ( 0.7157521729148861311, -0.2422942286748832330, 0.05100000000000000366 ) ) ;
#1892 = EDGE_CURVE ( 'NONE', #2704, #6083, #6747, .T. ) ;
#1893 = VERTEX_POINT ( 'NONE', #322 ) ;
#1894 = LINE ( 'NONE', #801, #6398 ) ;
#1895 = CARTESIAN_POINT ( 'NONE',  ( -1.243648648648647104, 1.722892555011814375, 0.4500000000000000111 ) ) ;
#1896 = FACE_OUTER_BOUND ( 'NONE', #339, .T. ) ;
#1897 = FACE_OUTER_BOUND ( 'NONE', #7027, .T. ) ;
#1898 = VERTEX_POINT ( 'NONE', #1556 ) ;
#1899 = VERTEX_POINT ( 'NONE', #5079 ) ;
#1900 = PLANE ( 'NONE',  #237 ) ;
#1901 =( GEOMETRIC_REPRESENTATION_CONTEXT ( 3 ) GLOBAL_UNCERTAINTY_ASSIGNED_CONTEXT ( ( #5104 ) ) GLOBAL_UNIT_ASSIGNED_CONTEXT ( ( #4740, #4192, #478 ) ) REPRESENTATION_CONTEXT ( 'NONE', 'WORKASPACE' ) );
#1902 = CARTESIAN_POINT ( 'NONE',  ( -0.02364864864864699157, -0.6961949088771521854, 0.6520000000000003570 ) ) ;
#1903 = EDGE_LOOP ( 'NONE', ( #4852, #4000, #5461, #4558 ) ) ;
#1904 = CARTESIAN_POINT ( 'NONE',  ( -1.618648648648647104, -2.600855855855854770, 0.05100000000000000366 ) ) ;
#1905 = EDGE_CURVE ( 'NONE', #4009, #361, #5124, .T. ) ;
#1906 = PLANE ( 'NONE',  #4091 ) ;
#1907 = VERTEX_POINT ( 'NONE', #7453 ) ;
#1908 = VECTOR ( 'NONE', #5046, 1.000000000000000000 ) ;
#1909 = CARTESIAN_POINT ( 'NONE',  ( 1.931351351351352941, 2.149144144144145230, 0.05100000000000000366 ) ) ;
#1910 = ORIENTED_EDGE ( 'NONE', *, *, #4437, .T. ) ;
#1911 = ORIENTED_EDGE ( 'NONE', *, *, #5262, .T. ) ;
#1912 = ORIENTED_EDGE ( 'NONE', *, *, #3278, .F. ) ;
#1913 = CARTESIAN_POINT ( 'NONE',  ( -0.4686486486486471925, 2.099144144144145407, 0.05000000000000000278 ) ) ;
#1914 = AXIS2_PLACEMENT_3D ( 'NONE', #7326, #6739, #5664 ) ;
#1915 = FACE_OUTER_BOUND ( 'NONE', #6754, .T. ) ;
#1916 = EDGE_CURVE ( 'NONE', #676, #3420, #2062, .T. ) ;
#1917 = DIRECTION ( 'NONE',  ( 1.000000000000000000, 0.000000000000000000, 0.000000000000000000 ) ) ;
#1918 = ORIENTED_EDGE ( 'NONE', *, *, #3378, .F. ) ;
#1919 = EDGE_LOOP ( 'NONE', ( #7179, #5526, #7514, #1923 ) ) ;
#1920 = CARTESIAN_POINT ( 'NONE',  ( 0.000000000000000000, -1.450855855855854637, 0.4500000000000000111 ) ) ;
#1921 = VECTOR ( 'NONE', #1612, 1.000000000000000000 ) ;
#1922 = LINE ( 'NONE', #6536, #5837 ) ;
#1923 = ORIENTED_EDGE ( 'NONE', *, *, #328, .T. ) ;
#1924 = DIRECTION ( 'NONE',  ( -0.000000000000000000, 1.000000000000000000, -0.000000000000000000 ) ) ;
#1925 = VERTEX_POINT ( 'NONE', #974 ) ;
#1926 = CARTESIAN_POINT ( 'NONE',  ( -0.4674826492301951131, 2.099144144144145407, 0.05100000000000000366 ) ) ;
#1927 = DIRECTION ( 'NONE',  ( -1.000000000000000000, -0.000000000000000000, -0.000000000000000000 ) ) ;
#1928 = CARTESIAN_POINT ( 'NONE',  ( 0.000000000000000000, -1.450855855855854637, 0.4500000000000000111 ) ) ;
#1929 = DIRECTION ( 'NONE',  ( -3.172065784643305458E-16, -1.000000000000000000, 0.000000000000000000 ) ) ;
#1930 = EDGE_CURVE ( 'NONE', #7588, #4429, #2683, .T. ) ;
#1931 = VECTOR ( 'NONE', #5697, 1.000000000000000000 ) ;
#1932 = EDGE_CURVE ( 'NONE', #5196, #5246, #7373, .T. ) ;
#1933 = EDGE_LOOP ( 'NONE', ( #715, #5995, #7503, #3090 ) ) ;
#1934 = ADVANCED_FACE ( 'NONE', ( #363 ), #4423, .T. ) ;
#1935 = EDGE_CURVE ( 'NONE', #4279, #3209, #5635, .T. ) ;
#1936 = EDGE_LOOP ( 'NONE', ( #7294, #848, #1971, #2877, #2085 ) ) ;
#1937 = LINE ( 'NONE', #4296, #4199 ) ;
#1938 = VECTOR ( 'NONE', #7454, 1.000000000000000000 ) ;
#1939 = CARTESIAN_POINT ( 'NONE',  ( 1.928964900017874129, -1.452608405685351434, 0.05100000000000000366 ) ) ;
#1940 = ORIENTED_EDGE ( 'NONE', *, *, #6839, .F. ) ;
#1941 = DIRECTION ( 'NONE',  ( 0.000000000000000000, -1.000000000000000000, 0.000000000000000000 ) ) ;
#1942 = CARTESIAN_POINT ( 'NONE',  ( -0.4436486486486466707, -8.209149076226062317E-17, 0.05000000000000000278 ) ) ;
#1943 = DIRECTION ( 'NONE',  ( 1.000000000000000000, 0.000000000000000000, -0.000000000000000000 ) ) ;
#1944 = ORIENTED_EDGE ( 'NONE', *, *, #2620, .F. ) ;
#1945 = DIRECTION ( 'NONE',  ( 0.000000000000000000, 0.000000000000000000, 1.000000000000000000 ) ) ;
#1946 = EDGE_LOOP ( 'NONE', ( #1515, #639, #678, #625 ) ) ;
#1947 = ORIENTED_EDGE ( 'NONE', *, *, #6223, .T. ) ;
#1948 = ORIENTED_EDGE ( 'NONE', *, *, #797, .T. ) ;
#1949 = DIRECTION ( 'NONE',  ( 1.000000000000000000, 0.000000000000000000, -0.000000000000000000 ) ) ;
#1950 = EDGE_CURVE ( 'NONE', #6760, #509, #5706, .T. ) ;
#1951 = FACE_OUTER_BOUND ( 'NONE', #4604, .T. ) ;
#1952 = LINE ( 'NONE', #6676, #2372 ) ;
#1953 = CARTESIAN_POINT ( 'NONE',  ( 1.901351351351352914, 2.149144144144145230, 0.05100000000000000366 ) ) ;
#1954 = EDGE_CURVE ( 'NONE', #1089, #4112, #1518, .T. ) ;
#1955 = ORIENTED_EDGE ( 'NONE', *, *, #2408, .T. ) ;
#1956 = ORIENTED_EDGE ( 'NONE', *, *, #5243, .F. ) ;
#1957 = PLANE ( 'NONE',  #1438 ) ;
#1958 = CARTESIAN_POINT ( 'NONE',  ( -0.01364864864864695666, -2.195855855855854966, 0.4510000000000000120 ) ) ;
#1959 = ORIENTED_EDGE ( 'NONE', *, *, #6125, .T. ) ;
#1960 = CARTESIAN_POINT ( 'NONE',  ( -0.02364864864864699157, -0.9861949088771519989, 0.6510000000000003562 ) ) ;
#1961 = AXIS2_PLACEMENT_3D ( 'NONE', #7296, #2599, #3796 ) ;
#1962 = ORIENTED_EDGE ( 'NONE', *, *, #2423, .F. ) ;
#1963 = DIRECTION ( 'NONE',  ( 1.000000000000000000, 0.000000000000000000, 0.000000000000000000 ) ) ;
#1964 = VECTOR ( 'NONE', #5742, 1.000000000000000000 ) ;
#1965 = ADVANCED_FACE ( 'NONE', ( #7491 ), #6903, .T. ) ;
#1966 = CARTESIAN_POINT ( 'NONE',  ( -0.4779485211280458667, -1.459372486768057531, 0.05100000000000000366 ) ) ;
#1967 = DIRECTION ( 'NONE',  ( -0.000000000000000000, -0.000000000000000000, -1.000000000000000000 ) ) ;
#1968 = EDGE_CURVE ( 'NONE', #115, #7219, #3838, .T. ) ;
#1969 = LINE ( 'NONE', #4910, #4145 ) ;
#1970 = VERTEX_POINT ( 'NONE', #242 ) ;
#1971 = ORIENTED_EDGE ( 'NONE', *, *, #2305, .F. ) ;
#1972 = DIRECTION ( 'NONE',  ( -0.000000000000000000, 0.000000000000000000, -1.000000000000000000 ) ) ;
#1973 = CARTESIAN_POINT ( 'NONE',  ( -2.918648648648647370, 3.349144144144144963, 0.05000000000000000278 ) ) ;
#1974 = EDGE_LOOP ( 'NONE', ( #451, #4627, #1293, #507 ) ) ;
#1975 = ADVANCED_FACE ( 'NONE', ( #4539 ), #2720, .T. ) ;
#1976 = PLANE ( 'NONE',  #2188 ) ;
#1977 = DIRECTION ( 'NONE',  ( 0.000000000000000000, 0.000000000000000000, 1.000000000000000000 ) ) ;
#1978 = LINE ( 'NONE', #1830, #7435 ) ;
#1979 = ORIENTED_EDGE ( 'NONE', *, *, #4630, .T. ) ;
#1980 = SHAPE_DEFINITION_REPRESENTATION ( #5099, #3006 ) ;
#1981 = DIRECTION ( 'NONE',  ( -0.000000000000000000, 0.000000000000000000, -1.000000000000000000 ) ) ;
#1982 = VECTOR ( 'NONE', #928, 1.000000000000000000 ) ;
#1983 = VECTOR ( 'NONE', #7148, 1.000000000000000000 ) ;
#1984 = ORIENTED_EDGE ( 'NONE', *, *, #6298, .F. ) ;
#1985 = VERTEX_POINT ( 'NONE', #3954 ) ;
#1986 = LINE ( 'NONE', #3337, #5687 ) ;
#1987 = CARTESIAN_POINT ( 'NONE',  ( 1.881351351351352896, -0.2508558558558546814, 0.05100000000000000366 ) ) ;
#1988 = EDGE_CURVE ( 'NONE', #53, #4316, #720, .T. ) ;
#1989 = DIRECTION ( 'NONE',  ( 1.000000000000000000, 9.251858538542972814E-17, 0.000000000000000000 ) ) ;
#1990 = FACE_OUTER_BOUND ( 'NONE', #3991, .T. ) ;
#1991 = ORIENTED_EDGE ( 'NONE', *, *, #1578, .T. ) ;
#1992 = VECTOR ( 'NONE', #5980, 1.000000000000000000 ) ;
#1993 = VECTOR ( 'NONE', #1387, 1.000000000000000000 ) ;
#1994 = ORIENTED_EDGE ( 'NONE', *, *, #1935, .T. ) ;
#1995 = ORIENTED_EDGE ( 'NONE', *, *, #7274, .F. ) ;
#1996 = CARTESIAN_POINT ( 'NONE',  ( -0.06864864864864676786, 0.5241441441441443416, 0.4510000000000000120 ) ) ;
#1997 = VECTOR ( 'NONE', #6910, 1.000000000000000000 ) ;
#1998 = FACE_OUTER_BOUND ( 'NONE', #5945, .T. ) ;
#1999 = VECTOR ( 'NONE', #3472, 1.000000000000000000 ) ;
#2000 = VECTOR ( 'NONE', #858, 1.000000000000000000 ) ;
#2001 = ORIENTED_EDGE ( 'NONE', *, *, #5257, .T. ) ;
#2002 = LINE ( 'NONE', #5568, #191 ) ;
#2003 = ADVANCED_FACE ( 'NONE', ( #7335 ), #4384, .F. ) ;
#2004 = VERTEX_POINT ( 'NONE', #1749 ) ;
#2005 = FACE_OUTER_BOUND ( 'NONE', #4089, .T. ) ;
#2006 = LINE ( 'NONE', #2703, #1002 ) ;
#2007 = CARTESIAN_POINT ( 'NONE',  ( -0.4686486486486469705, 0.000000000000000000, 0.4500000000000000111 ) ) ;
#2008 = ORIENTED_EDGE ( 'NONE', *, *, #6569, .F. ) ;
#2009 = ORIENTED_EDGE ( 'NONE', *, *, #2497, .F. ) ;
#2010 = DIRECTION ( 'NONE',  ( 0.000000000000000000, -1.000000000000000000, 0.000000000000000000 ) ) ;
#2011 = LINE ( 'NONE', #1322, #3215 ) ;
#2012 = VERTEX_POINT ( 'NONE', #7093 ) ;
#2013 = DIRECTION ( 'NONE',  ( -1.000000000000000000, -0.000000000000000000, -0.000000000000000000 ) ) ;
#2014 = CARTESIAN_POINT ( 'NONE',  ( -0.03864864864864676897, 0.4941441441441443150, 0.4510000000000000120 ) ) ;
#2015 = CARTESIAN_POINT ( 'NONE',  ( 0.2775173507698049380, 1.404144144144144235, 0.2510000000000000009 ) ) ;
#2016 = LINE ( 'NONE', #6741, #3813 ) ;
#2017 = LINE ( 'NONE', #4232, #2887 ) ;
#2018 = EDGE_CURVE ( 'NONE', #6444, #4457, #6941, .T. ) ;
#2019 = ORIENTED_EDGE ( 'NONE', *, *, #4364, .T. ) ;
#2020 = ORIENTED_EDGE ( 'NONE', *, *, #1312, .F. ) ;
#2021 = FACE_OUTER_BOUND ( 'NONE', #5237, .T. ) ;
#2022 = PRESENTATION_LAYER_ASSIGNMENT (  '', '', ( #1655 ) ) ;
#2023 = CARTESIAN_POINT ( 'NONE',  ( -0.4686486486486469705, 0.000000000000000000, 0.05000000000000000278 ) ) ;
#2024 = CARTESIAN_POINT ( 'NONE',  ( 1.928964900017874129, -2.649473361566354157, 0.2510000000000000009 ) ) ;
#2025 = LINE ( 'NONE', #4387, #5127 ) ;
#2026 = CARTESIAN_POINT ( 'NONE',  ( -0.4674826492301951686, 2.148025372459793303, 0.05100000000000000366 ) ) ;
#2027 = CARTESIAN_POINT ( 'NONE',  ( -1.213648648648647077, -2.195855855855854966, 0.2520000000000000018 ) ) ;
#2028 = VECTOR ( 'NONE', #1371, 1.000000000000000000 ) ;
#2029 = CARTESIAN_POINT ( 'NONE',  ( 1.881351351351352674, -2.600855855855854770, 0.05100000000000000366 ) ) ;
#2030 = EDGE_CURVE ( 'NONE', #276, #1730, #1124, .T. ) ;
#2031 = ORIENTED_EDGE ( 'NONE', *, *, #1106, .T. ) ;
#2032 = VECTOR ( 'NONE', #1095, 1.000000000000000000 ) ;
#2033 = PLANE ( 'NONE',  #1733 ) ;
#2034 = ORIENTED_EDGE ( 'NONE', *, *, #936, .F. ) ;
#2035 = ORIENTED_EDGE ( 'NONE', *, *, #2075, .T. ) ;
#2036 = PLANE ( 'NONE',  #85 ) ;
#2037 = PLANE ( 'NONE',  #3725 ) ;
#2038 = ADVANCED_FACE ( 'NONE', ( #1091 ), #4108, .T. ) ;
#2039 = VERTEX_POINT ( 'NONE', #6434 ) ;
#2040 = LINE ( 'NONE', #6726, #536 ) ;
#2041 = ORIENTED_EDGE ( 'NONE', *, *, #1218, .F. ) ;
#2042 = PLANE ( 'NONE',  #1328 ) ;
#2043 = VECTOR ( 'NONE', #2324, 1.000000000000000000 ) ;
#2044 = LINE ( 'NONE', #4365, #5342 ) ;
#2045 = CARTESIAN_POINT ( 'NONE',  ( -1.213648648648647077, -0.7058558558558547524, 0.4510000000000000120 ) ) ;
#2046 = EDGE_LOOP ( 'NONE', ( #1382, #7242, #6554, #5799 ) ) ;
#2047 = ORIENTED_EDGE ( 'NONE', *, *, #6863, .T. ) ;
#2048 = DIRECTION ( 'NONE',  ( -1.000000000000000000, 0.000000000000000000, 0.000000000000000000 ) ) ;
#2049 = EDGE_CURVE ( 'NONE', #7175, #2637, #6365, .T. ) ;
#2050 = LINE ( 'NONE', #1939, #3590 ) ;
#2051 = ORIENTED_EDGE ( 'NONE', *, *, #3820, .F. ) ;
#2052 = VECTOR ( 'NONE', #4049, 1.000000000000000000 ) ;
#2053 = DIRECTION ( 'NONE',  ( 1.850371707708594070E-16, -1.000000000000000000, 0.000000000000000000 ) ) ;
#2054 = CARTESIAN_POINT ( 'NONE',  ( -1.243648648648647104, -1.025855855855854593, 0.4510000000000000120 ) ) ;
#2055 = CARTESIAN_POINT ( 'NONE',  ( 1.928964900017874129, -1.452608405685351434, 0.2510000000000000009 ) ) ;
#2056 = DIRECTION ( 'NONE',  ( 0.000000000000000000, -1.000000000000000000, 0.000000000000000000 ) ) ;
#2057 = LINE ( 'NONE', #2678, #5866 ) ;
#2058 = ORIENTED_EDGE ( 'NONE', *, *, #1905, .F. ) ;
#2059 = VERTEX_POINT ( 'NONE', #3489 ) ;
#2060 = VECTOR ( 'NONE', #485, 1.000000000000000000 ) ;
#2061 = FACE_OUTER_BOUND ( 'NONE', #6600, .T. ) ;
#2062 = LINE ( 'NONE', #3916, #6086 ) ;
#2063 = CARTESIAN_POINT ( 'NONE',  ( 0.6175675675675675880, 0.7783783783783795318, 0.05100000000000000366 ) ) ;
#2064 = AXIS2_PLACEMENT_3D ( 'NONE', #996, #2739, #1576 ) ;
#2065 = LINE ( 'NONE', #3304, #1908 ) ;
#2066 = LINE ( 'NONE', #3383, #2279 ) ;
#2067 = CARTESIAN_POINT ( 'NONE',  ( 1.881351351351352674, -2.600855855855854770, 0.05100000000000000366 ) ) ;
#2068 = ADVANCED_FACE ( 'NONE', ( #3450 ), #4617, .T. ) ;
#2069 =( NAMED_UNIT ( * ) PLANE_ANGLE_UNIT ( ) SI_UNIT ( $, .RADIAN. ) );
#2070 = ORIENTED_EDGE ( 'NONE', *, *, #2909, .T. ) ;
#2071 = DIRECTION ( 'NONE',  ( -1.000000000000000000, 0.000000000000000000, 0.000000000000000000 ) ) ;
#2072 = ADVANCED_FACE ( 'NONE', ( #1168 ), #550, .F. ) ;
#2073 = ORIENTED_EDGE ( 'NONE', *, *, #5621, .T. ) ;
#2074 = ADVANCED_FACE ( 'NONE', ( #4693 ), #1636, .F. ) ;
#2075 = EDGE_CURVE ( 'NONE', #798, #4316, #7527, .T. ) ;
#2076 = ORIENTED_EDGE ( 'NONE', *, *, #3868, .T. ) ;
#2077 = FACE_BOUND ( 'NONE', #201, .T. ) ;
#2078 = CARTESIAN_POINT ( 'NONE',  ( -1.243648648648647104, -1.025855855855854593, 0.4510000000000000120 ) ) ;
#2079 = LINE ( 'NONE', #4436, #5881 ) ;
#2080 = ORIENTED_EDGE ( 'NONE', *, *, #6811, .T. ) ;
#2081 = CARTESIAN_POINT ( 'NONE',  ( 1.881351351351352674, -2.600855855855854770, 0.05100000000000000366 ) ) ;
#2082 = ADVANCED_FACE ( 'NONE', ( #512 ), #4575, .F. ) ;
#2083 = DIRECTION ( 'NONE',  ( 1.000000000000000000, 0.000000000000000000, 0.000000000000000000 ) ) ;
#2084 = CARTESIAN_POINT ( 'NONE',  ( -0.9228441399228916042, 0.2041441441441452509, 0.2520000000000000018 ) ) ;
#2085 = ORIENTED_EDGE ( 'NONE', *, *, #5818, .T. ) ;
#2086 = ORIENTED_EDGE ( 'NONE', *, *, #2460, .T. ) ;
#2087 = LINE ( 'NONE', #7361, #2843 ) ;
#2088 = PLANE ( 'NONE',  #7181 ) ;
#2089 = ORIENTED_EDGE ( 'NONE', *, *, #6794, .T. ) ;
#2090 = LINE ( 'NONE', #198, #5021 ) ;
#2091 = DIRECTION ( 'NONE',  ( 0.000000000000000000, -0.000000000000000000, -1.000000000000000000 ) ) ;
#2092 = FACE_OUTER_BOUND ( 'NONE', #1508, .T. ) ;
#2093 = PLANE ( 'NONE',  #4194 ) ;
#2094 = CARTESIAN_POINT ( 'NONE',  ( -0.03864864864864676897, 0.4941441441441443150, 0.4500000000000000111 ) ) ;
#2095 = EDGE_CURVE ( 'NONE', #7510, #2888, #7056, .T. ) ;
#2096 = ORIENTED_EDGE ( 'NONE', *, *, #950, .F. ) ;
#2097 = ORIENTED_EDGE ( 'NONE', *, *, #2776, .F. ) ;
#2098 = CARTESIAN_POINT ( 'NONE',  ( -0.8928441399228916886, 0.1741441441441452520, 0.2510000000000000009 ) ) ;
#2099 = CARTESIAN_POINT ( 'NONE',  ( -1.242844139922891555, 0.5241441441441452298, 0.2510000000000000009 ) ) ;
#2100 = DIRECTION ( 'NONE',  ( 0.000000000000000000, -0.000000000000000000, 1.000000000000000000 ) ) ;
#2101 = CARTESIAN_POINT ( 'NONE',  ( -1.213648648648647077, -1.905855855855854708, 0.2520000000000000018 ) ) ;
#2102 = PLANE ( 'NONE',  #6850 ) ;
#2103 = CARTESIAN_POINT ( 'NONE',  ( 0.000000000000000000, -2.650855855855854593, 0.4500000000000000111 ) ) ;
#2104 = CARTESIAN_POINT ( 'NONE',  ( 1.156351351351352807, -0.6758558558558547258, 0.4500000000000000111 ) ) ;
#2105 = ORIENTED_EDGE ( 'NONE', *, *, #5559, .F. ) ;
#2106 = EDGE_CURVE ( 'NONE', #3105, #6132, #3995, .T. ) ;
#2107 = EDGE_LOOP ( 'NONE', ( #7217, #2382, #7052, #3551 ) ) ;
#2108 = LINE ( 'NONE', #1526, #9 ) ;
#2109 = VECTOR ( 'NONE', #2516, 1.000000000000000000 ) ;
#2110 = ORIENTED_EDGE ( 'NONE', *, *, #3250, .T. ) ;
#2111 = DIRECTION ( 'NONE',  ( -0.000000000000000000, -0.000000000000000000, -1.000000000000000000 ) ) ;
#2112 = CARTESIAN_POINT ( 'NONE',  ( -1.243648648648647104, 1.722892555011814375, 0.4510000000000000120 ) ) ;
#2113 = EDGE_CURVE ( 'NONE', #6879, #3836, #3377, .T. ) ;
#2114 = AXIS2_PLACEMENT_3D ( 'NONE', #3568, #14, #4150 ) ;
#2115 = ADVANCED_FACE ( 'NONE', ( #6981 ), #5744, .T. ) ;
#2116 = VECTOR ( 'NONE', #3702, 1.000000000000000000 ) ;
#2117 = CARTESIAN_POINT ( 'NONE',  ( -1.243648648648647104, -2.225855855855854770, 0.2520000000000000018 ) ) ;
#2118 = VECTOR ( 'NONE', #1461, 1.000000000000000000 ) ;
#2119 = ORIENTED_EDGE ( 'NONE', *, *, #2534, .F. ) ;
#2120 = DIRECTION ( 'NONE',  ( -0.000000000000000000, -0.000000000000000000, -1.000000000000000000 ) ) ;
#2121 = AXIS2_PLACEMENT_3D ( 'NONE', #2112, #7348, #7392 ) ;
#2122 = CARTESIAN_POINT ( 'NONE',  ( 1.913785313619750683, -4.100310651257746741, 0.05000000000000000278 ) ) ;
#2123 = VECTOR ( 'NONE', #1475, 1.000000000000000000 ) ;
#2124 = EDGE_CURVE ( 'NONE', #1363, #1351, #12, .T. ) ;
#2125 = EDGE_LOOP ( 'NONE', ( #6914, #1332, #6185, #4470 ) ) ;
#2126 = EDGE_CURVE ( 'NONE', #6000, #5051, #4733, .T. ) ;
#2127 = ORIENTED_EDGE ( 'NONE', *, *, #7194, .T. ) ;
#2128 = DIRECTION ( 'NONE',  ( 1.000000000000000000, 0.000000000000000000, 0.000000000000000000 ) ) ;
#2129 = AXIS2_PLACEMENT_3D ( 'NONE', #7252, #1329, #3177 ) ;
#2130 = CARTESIAN_POINT ( 'NONE',  ( 1.881351351351352896, -0.2422942286748832330, 0.05100000000000000366 ) ) ;
#2131 = VERTEX_POINT ( 'NONE', #6325 ) ;
#2132 = LINE ( 'NONE', #1081, #946 ) ;
#2133 = DIRECTION ( 'NONE',  ( 4.724353296277261913E-17, 1.000000000000000000, 0.000000000000000000 ) ) ;
#2134 = LINE ( 'NONE', #2751, #999 ) ;
#2135 = CARTESIAN_POINT ( 'NONE',  ( 0.000000000000000000, 0.000000000000000000, 0.05100000000000000366 ) ) ;
#2136 = CARTESIAN_POINT ( 'NONE',  ( 1.186351351351352834, -0.7058558558558547524, 0.4510000000000000120 ) ) ;
#2137 = ORIENTED_EDGE ( 'NONE', *, *, #2113, .T. ) ;
#2138 = ORIENTED_EDGE ( 'NONE', *, *, #7166, .F. ) ;
#2139 = CARTESIAN_POINT ( 'NONE',  ( -1.243648648648647104, -1.025855855855854593, 0.4500000000000000111 ) ) ;
#2140 = DIRECTION ( 'NONE',  ( -0.000000000000000000, -0.000000000000000000, -1.000000000000000000 ) ) ;
#2141 = DIRECTION ( 'NONE',  ( -0.000000000000000000, -0.000000000000000000, -1.000000000000000000 ) ) ;
#2142 = ORIENTED_EDGE ( 'NONE', *, *, #5098, .F. ) ;
#2143 = VECTOR ( 'NONE', #5185, 1.000000000000000000 ) ;
#2144 = LINE ( 'NONE', #2910, #3515 ) ;
#2145 = CARTESIAN_POINT ( 'NONE',  ( 0.000000000000000000, 0.000000000000000000, 0.4500000000000000111 ) ) ;
#2146 = CARTESIAN_POINT ( 'NONE',  ( -0.4686486486486469705, -2.650855855855854593, 0.4500000000000000111 ) ) ;
#2147 = CARTESIAN_POINT ( 'NONE',  ( 1.140752172914886176, 0.5327057713251168725, 0.6510000000000003562 ) ) ;
#2148 = VERTEX_POINT ( 'NONE', #437 ) ;
#2149 = VECTOR ( 'NONE', #2226, 1.000000000000000000 ) ;
#2150 = ORIENTED_EDGE ( 'NONE', *, *, #3587, .F. ) ;
#2151 = DIRECTION ( 'NONE',  ( -0.000000000000000000, -0.000000000000000000, -1.000000000000000000 ) ) ;
#2152 = ADVANCED_FACE ( 'NONE', ( #2984 ), #5359, .F. ) ;
#2153 = ORIENTED_EDGE ( 'NONE', *, *, #589, .F. ) ;
#2154 = AXIS2_PLACEMENT_3D ( 'NONE', #3655, #2533, #1408 ) ;
#2155 = CARTESIAN_POINT ( 'NONE',  ( -0.01248264923019517733, 1.694144144144144049, 0.2510000000000000009 ) ) ;
#2156 = DIRECTION ( 'NONE',  ( -1.000000000000000000, -0.000000000000000000, -0.000000000000000000 ) ) ;
#2157 = VECTOR ( 'NONE', #476, 1.000000000000000000 ) ;
#2158 = CARTESIAN_POINT ( 'NONE',  ( 0.7157521729148861311, 0.9427075103593078875, 0.6510000000000003562 ) ) ;
#2159 = VECTOR ( 'NONE', #88, 1.000000000000000000 ) ;
#2160 = ORIENTED_EDGE ( 'NONE', *, *, #3502, .F. ) ;
#2161 = CARTESIAN_POINT ( 'NONE',  ( -0.01364864864864695666, -2.195855855855854966, 0.4510000000000000120 ) ) ;
#2162 = FACE_OUTER_BOUND ( 'NONE', #2303, .T. ) ;
#2163 = UNCERTAINTY_MEASURE_WITH_UNIT (LENGTH_MEASURE( 1.000000000000000082E-05 ), #3534, 'distance_accuracy_value', 'NONE');
#2164 = EDGE_LOOP ( 'NONE', ( #5498, #5241, #7144, #2968 ) ) ;
#2165 = CARTESIAN_POINT ( 'NONE',  ( 0.000000000000000000, -1.450855855855854637, 0.05100000000000000366 ) ) ;
#2166 = CARTESIAN_POINT ( 'NONE',  ( 0.2663513513513530162, -0.6961949088771521854, 0.6520000000000003570 ) ) ;
#2167 = ORIENTED_EDGE ( 'NONE', *, *, #4320, .T. ) ;
#2168 = EDGE_CURVE ( 'NONE', #1140, #3190, #3567, .T. ) ;
#2169 = CARTESIAN_POINT ( 'NONE',  ( -2.918648648648646482, -4.100855855855854770, 0.05000000000000000278 ) ) ;
#2170 = ADVANCED_FACE ( 'NONE', ( #5936 ), #6516, .T. ) ;
#2171 = CARTESIAN_POINT ( 'NONE',  ( -2.382432432432432634, 1.078378378378379576, 0.05100000000000000366 ) ) ;
#2172 = CARTESIAN_POINT ( 'NONE',  ( -0.9236486486486471525, 1.692892555011814348, 0.4510000000000000120 ) ) ;
#2173 = AXIS2_PLACEMENT_3D ( 'NONE', #994, #6843, #4556 ) ;
#2174 = DIRECTION ( 'NONE',  ( -1.000000000000000000, -0.000000000000000000, -0.000000000000000000 ) ) ;
#2175 = CARTESIAN_POINT ( 'NONE',  ( -0.8936486486486471259, -1.875855855855854681, 0.2520000000000000018 ) ) ;
#2176 = EDGE_CURVE ( 'NONE', #6400, #2131, #3805, .T. ) ;
#2177 = ORIENTED_EDGE ( 'NONE', *, *, #5436, .T. ) ;
#2178 = ORIENTED_EDGE ( 'NONE', *, *, #2432, .F. ) ;
#2179 = DIRECTION ( 'NONE',  ( -0.000000000000000000, -0.000000000000000000, -1.000000000000000000 ) ) ;
#2180 = CARTESIAN_POINT ( 'NONE',  ( -1.618648648648647104, -2.600855855855854770, 0.05100000000000000366 ) ) ;
#2181 = PLANE ( 'NONE',  #1491 ) ;
#2182 = ORIENTED_EDGE ( 'NONE', *, *, #4386, .T. ) ;
#2183 = ORIENTED_EDGE ( 'NONE', *, *, #6103, .T. ) ;
#2184 = CARTESIAN_POINT ( 'NONE',  ( -0.1824324324324324009, 0.7783783783783795318, 0.05100000000000000366 ) ) ;
#2185 = CARTESIAN_POINT ( 'NONE',  ( 1.881351351351352674, -2.600855855855854770, 0.05000000000000000278 ) ) ;
#2186 = DIRECTION ( 'NONE',  ( -1.000000000000000000, 0.000000000000000000, -0.000000000000000000 ) ) ;
#2187 = FACE_BOUND ( 'NONE', #7505, .T. ) ;
#2188 = AXIS2_PLACEMENT_3D ( 'NONE', #3869, #4957, #4997 ) ;
#2190 = EDGE_CURVE ( 'NONE', #640, #5169, #4393, .T. ) ;
#2189 = ORIENTED_EDGE ( 'NONE', *, *, #2095, .T. ) ;
#2191 = VERTEX_POINT ( 'NONE', #2729 ) ;
#2192 = ORIENTED_EDGE ( 'NONE', *, *, #7051, .T. ) ;
#2193 = DIRECTION ( 'NONE',  ( -0.000000000000000000, -1.000000000000000000, -0.000000000000000000 ) ) ;
#2194 = VECTOR ( 'NONE', #6231, 1.000000000000000000 ) ;
#2195 = EDGE_LOOP ( 'NONE', ( #5759, #5249, #7488, #5301 ) ) ;
#2196 = DIRECTION ( 'NONE',  ( -0.000000000000000000, -0.000000000000000000, -1.000000000000000000 ) ) ;
#2197 = EDGE_CURVE ( 'NONE', #6348, #5790, #3892, .T. ) ;
#2198 = CARTESIAN_POINT ( 'NONE',  ( -0.9236486486486471525, -0.7058558558558547524, 0.4500000000000000111 ) ) ;
#2199 = EDGE_LOOP ( 'NONE', ( #2397, #3459, #1524, #76, #2981 ) ) ;
#2200 = DIRECTION ( 'NONE',  ( 0.000000000000000000, 0.000000000000000000, 1.000000000000000000 ) ) ;
#2201 = CARTESIAN_POINT ( 'NONE',  ( 1.186351351351353278, 1.404144144144144679, 0.4510000000000000120 ) ) ;
#2202 = ORIENTED_EDGE ( 'NONE', *, *, #2410, .T. ) ;
#2203 = FACE_OUTER_BOUND ( 'NONE', #106, .T. ) ;
#2204 = SURFACE_SIDE_STYLE ('',( #4022 ) ) ;
#2205 = EDGE_CURVE ( 'NONE', #1004, #373, #3850, .T. ) ;
#2206 = LINE ( 'NONE', #6317, #5028 ) ;
#2207 = CARTESIAN_POINT ( 'NONE',  ( -0.4674826492301951686, 0.9497722133673791589, 0.05100000000000000366 ) ) ;
#2208 = LINE ( 'NONE', #2823, #6687 ) ;
#2209 = DIRECTION ( 'NONE',  ( -0.000000000000000000, 1.000000000000000000, -0.000000000000000000 ) ) ;
#2210 = FACE_OUTER_BOUND ( 'NONE', #4544, .T. ) ;
#2211 = EDGE_CURVE ( 'NONE', #713, #676, #7342, .T. ) ;
#2212 = ORIENTED_EDGE ( 'NONE', *, *, #5013, .F. ) ;
#2213 = ORIENTED_EDGE ( 'NONE', *, *, #224, .F. ) ;
#2214 = DIRECTION ( 'NONE',  ( 0.000000000000000000, 0.000000000000000000, 1.000000000000000000 ) ) ;
#2215 = VECTOR ( 'NONE', #3409, 1.000000000000000000 ) ;
#2216 = DIRECTION ( 'NONE',  ( -1.000000000000000000, 0.000000000000000000, 0.000000000000000000 ) ) ;
#2217 = ADVANCED_FACE ( 'NONE', ( #867, #1568 ), #4552, .T. ) ;
#2218 = LINE ( 'NONE', #6326, #211 ) ;
#2219 = VERTEX_POINT ( 'NONE', #3273 ) ;
#2220 = EDGE_LOOP ( 'NONE', ( #2826, #2212, #2759, #4985 ) ) ;
#2221 =( REPRESENTATION_RELATIONSHIP ('NONE','NONE', #6178, #4335 ) REPRESENTATION_RELATIONSHIP_WITH_TRANSFORMATION ( #3099 )SHAPE_REPRESENTATION_RELATIONSHIP( ) );
#2222 = CARTESIAN_POINT ( 'NONE',  ( -1.618648648648647104, -1.450855855855854637, 0.05000000000000000278 ) ) ;
#2223 = LINE ( 'NONE', #594, #5748 ) ;
#2224 = VECTOR ( 'NONE', #2828, 1.000000000000000000 ) ;
#2225 = ORIENTED_EDGE ( 'NONE', *, *, #3428, .T. ) ;
#2226 = DIRECTION ( 'NONE',  ( 0.000000000000000000, -1.000000000000000000, 0.000000000000000000 ) ) ;
#2227 = ORIENTED_EDGE ( 'NONE', *, *, #6486, .F. ) ;
#2228 = EDGE_LOOP ( 'NONE', ( #5623, #5509, #6181, #6667 ) ) ;
#2229 = ORIENTED_EDGE ( 'NONE', *, *, #1033, .T. ) ;
#2230 = CARTESIAN_POINT ( 'NONE',  ( -1.382432432432432412, 0.07837837837837957622, 0.05100000000000000366 ) ) ;
#2231 = EDGE_CURVE ( 'NONE', #1709, #1755, #6139, .T. ) ;
#2232 = AXIS2_PLACEMENT_3D ( 'NONE', #5802, #3325, #7553 ) ;
#2233 = VERTEX_POINT ( 'NONE', #3351 ) ;
#2234 = DIRECTION ( 'NONE',  ( 1.000000000000000000, 0.000000000000000000, 0.000000000000000000 ) ) ;
#2235 = DIRECTION ( 'NONE',  ( 0.000000000000000000, -1.000000000000000000, 0.000000000000000000 ) ) ;
#2236 = AXIS2_PLACEMENT_3D ( 'NONE', #7439, #3438, #1507 ) ;
#2237 = VECTOR ( 'NONE', #2151, 1.000000000000000000 ) ;
#2238 = CARTESIAN_POINT ( 'NONE',  ( 1.476351351351352870, -1.905855855855854708, 0.2510000000000000009 ) ) ;
#2239 = ORIENTED_EDGE ( 'NONE', *, *, #7112, .T. ) ;
#2240 = CARTESIAN_POINT ( 'NONE',  ( -1.668648648648647148, -2.650855855855854593, 0.05100000000000000366 ) ) ;
#2241 = VECTOR ( 'NONE', #1548, 1.000000000000000000 ) ;
#2242 = DIRECTION ( 'NONE',  ( 0.000000000000000000, 1.000000000000000000, 0.000000000000000000 ) ) ;
#2243 = EDGE_CURVE ( 'NONE', #6221, #7104, #3229, .T. ) ;
#2244 = VECTOR ( 'NONE', #3055, 1.000000000000000000 ) ;
#2245 = VERTEX_POINT ( 'NONE', #3189 ) ;
#2246 = CARTESIAN_POINT ( 'NONE',  ( 0.000000000000000000, 0.000000000000000000, 0.05000000000000000278 ) ) ;
#2247 = VECTOR ( 'NONE', #894, 1.000000000000000000 ) ;
#2248 = LINE ( 'NONE', #4609, #2681 ) ;
#2249 = DIRECTION ( 'NONE',  ( -1.000000000000000000, -0.000000000000000000, -0.000000000000000000 ) ) ;
#2250 = CARTESIAN_POINT ( 'NONE',  ( 1.140752172914886176, 0.1827057713251167559, 0.6520000000000003570 ) ) ;
#2251 = CARTESIAN_POINT ( 'NONE',  ( 1.140752172914886176, 0.1827057713251167559, 0.6520000000000003570 ) ) ;
#2252 = CARTESIAN_POINT ( 'NONE',  ( 0.7213513513513529762, -1.450855855855854637, 0.4500000000000000111 ) ) ;
#2253 = EDGE_LOOP ( 'NONE', ( #312, #7639, #62, #2543 ) ) ;
#2254 = VECTOR ( 'NONE', #6309, 1.000000000000000000 ) ;
#2255 = VECTOR ( 'NONE', #7604, 1.000000000000000000 ) ;
#2256 = VERTEX_POINT ( 'NONE', #6795 ) ;
#2257 = CARTESIAN_POINT ( 'NONE',  ( 3.617567567567566034, -0.4716216216216202461, 0.1509999999999999953 ) ) ;
#2258 = CARTESIAN_POINT ( 'NONE',  ( 1.919291799940615606, -0.2422942286748832330, 0.05100000000000000366 ) ) ;
#2259 = DIRECTION ( 'NONE',  ( -0.000000000000000000, -0.000000000000000000, -1.000000000000000000 ) ) ;
#2260 = ORIENTED_EDGE ( 'NONE', *, *, #7507, .T. ) ;
#2261 = ADVANCED_FACE ( 'NONE', ( #3927 ), #2033, .T. ) ;
#2262 = DIRECTION ( 'NONE',  ( 0.000000000000000000, -0.000000000000000000, 1.000000000000000000 ) ) ;
#2263 = CARTESIAN_POINT ( 'NONE',  ( 3.181351351351352275, 3.349144144144144963, 0.05000000000000000278 ) ) ;
#2264 = VERTEX_POINT ( 'NONE', #1484 ) ;
#2265 = CARTESIAN_POINT ( 'NONE',  ( -1.212844139922891529, 0.2041441441441452787, 0.2520000000000000018 ) ) ;
#2266 = EDGE_LOOP ( 'NONE', ( #2954, #6141, #2178, #1120 ) ) ;
#2267 = ORIENTED_EDGE ( 'NONE', *, *, #685, .F. ) ;
#2268 = ORIENTED_EDGE ( 'NONE', *, *, #7243, .T. ) ;
#2269 = CARTESIAN_POINT ( 'NONE',  ( -2.382432432432432634, 0.07837837837837957622, 0.05100000000000000366 ) ) ;
#2270 = ORIENTED_EDGE ( 'NONE', *, *, #2695, .F. ) ;
#2271 = LINE ( 'NONE', #7621, #5406 ) ;
#2272 = EDGE_CURVE ( 'NONE', #3448, #2256, #6297, .T. ) ;
#2273 = DIRECTION ( 'NONE',  ( 0.000000000000000000, -0.000000000000000000, -1.000000000000000000 ) ) ;
#2274 = EDGE_CURVE ( 'NONE', #7123, #6939, #6838, .T. ) ;
#2275 = DIRECTION ( 'NONE',  ( 1.532028304060159970E-16, -1.000000000000000000, 0.000000000000000000 ) ) ;
#2276 = VECTOR ( 'NONE', #5753, 1.000000000000000000 ) ;
#2277 = ORIENTED_EDGE ( 'NONE', *, *, #3102, .T. ) ;
#2278 = CARTESIAN_POINT ( 'NONE',  ( -0.8928441399228915776, 0.5241441441441452298, 0.2510000000000000009 ) ) ;
#2279 = VECTOR ( 'NONE', #1444, 1.000000000000000000 ) ;
#2280 = LINE ( 'NONE', #4019, #4230 ) ;
#2281 = VECTOR ( 'NONE', #4847, 1.000000000000000000 ) ;
#2282 = DIRECTION ( 'NONE',  ( -0.000000000000000000, -0.000000000000000000, -1.000000000000000000 ) ) ;
#2283 = LINE ( 'NONE', #4177, #6564 ) ;
#2284 = DIRECTION ( 'NONE',  ( 0.000000000000000000, -1.000000000000000000, 0.000000000000000000 ) ) ;
#2285 = CARTESIAN_POINT ( 'NONE',  ( -0.4632964566313568788, -1.441194908877152070, 0.6510000000000003562 ) ) ;
#2286 = DIRECTION ( 'NONE',  ( -1.000000000000000000, 0.000000000000000000, 0.000000000000000000 ) ) ;
#2287 = CARTESIAN_POINT ( 'NONE',  ( -0.04248264923019517969, 1.724144144144144075, 0.2510000000000000009 ) ) ;
#2288 = DIRECTION ( 'NONE',  ( 1.000000000000000000, 0.000000000000000000, -0.000000000000000000 ) ) ;
#2289 = ORIENTED_EDGE ( 'NONE', *, *, #6714, .F. ) ;
#2290 = VERTEX_POINT ( 'NONE', #5015 ) ;
#2291 = DIRECTION ( 'NONE',  ( -1.000000000000000000, 0.000000000000000000, 0.000000000000000000 ) ) ;
#2292 = ADVANCED_FACE ( 'NONE', ( #5718 ), #7385, .F. ) ;
#2293 = CARTESIAN_POINT ( 'NONE',  ( -2.918382539233228989, -4.100766735799657781, 0.1500000000000000222 ) ) ;
#2294 = DIRECTION ( 'NONE',  ( 1.189524669241239115E-16, -1.000000000000000000, 0.000000000000000000 ) ) ;
#2295 = ORIENTED_EDGE ( 'NONE', *, *, #3203, .T. ) ;
#2296 = CARTESIAN_POINT ( 'NONE',  ( 1.186351351351353278, 1.404144144144144679, 0.4510000000000000120 ) ) ;
#2297 = DIRECTION ( 'NONE',  ( 1.256179068810790265E-16, -1.000000000000000000, 0.000000000000000000 ) ) ;
#2298 = ORIENTED_EDGE ( 'NONE', *, *, #3348, .T. ) ;
#2299 = PLANE ( 'NONE',  #4601 ) ;
#2300 = DIRECTION ( 'NONE',  ( 0.000000000000000000, -0.000000000000000000, -1.000000000000000000 ) ) ;
#2301 = VERTEX_POINT ( 'NONE', #6915 ) ;
#2302 = ORIENTED_EDGE ( 'NONE', *, *, #3233, .F. ) ;
#2303 = EDGE_LOOP ( 'NONE', ( #6069, #3939, #6522, #1204 ) ) ;
#2304 = DIRECTION ( 'NONE',  ( 1.000000000000000000, 0.000000000000000000, 0.000000000000000000 ) ) ;
#2305 = EDGE_CURVE ( 'NONE', #5779, #1588, #2108, .T. ) ;
#2306 = ORIENTED_EDGE ( 'NONE', *, *, #335, .T. ) ;
#2307 = DIRECTION ( 'NONE',  ( -0.000000000000000000, -0.000000000000000000, -1.000000000000000000 ) ) ;
#2308 = VECTOR ( 'NONE', #2959, 1.000000000000000000 ) ;
#2309 = CARTESIAN_POINT ( 'NONE',  ( 0.7324691333359016898, -1.452608405685351434, 0.05100000000000000366 ) ) ;
#2310 = ADVANCED_FACE ( 'NONE', ( #334 ), #2694, .F. ) ;
#2311 = VECTOR ( 'NONE', #7019, 1.000000000000000000 ) ;
#2312 = DIRECTION ( 'NONE',  ( -9.251858538542972814E-17, 1.000000000000000000, 0.000000000000000000 ) ) ;
#2313 = EDGE_CURVE ( 'NONE', #3191, #533, #5053, .T. ) ;
#2314 = EDGE_LOOP ( 'NONE', ( #3773, #4765, #1912, #1426 ) ) ;
#2315 = FACE_OUTER_BOUND ( 'NONE', #5513, .T. ) ;
#2316 = VECTOR ( 'NONE', #4439, 1.000000000000000000 ) ;
#2317 = LINE ( 'NONE', #2891, #3237 ) ;
#2318 = LINE ( 'NONE', #4679, #5566 ) ;
#2319 = EDGE_CURVE ( 'NONE', #6636, #2827, #372, .T. ) ;
#2320 = DIRECTION ( 'NONE',  ( -0.000000000000000000, -0.000000000000000000, -1.000000000000000000 ) ) ;
#2321 = CARTESIAN_POINT ( 'NONE',  ( -1.212844139922891529, 0.4941441441441452032, 0.2520000000000000018 ) ) ;
#2322 = DIRECTION ( 'NONE',  ( -0.000000000000000000, 0.000000000000000000, -1.000000000000000000 ) ) ;
#2323 = DIRECTION ( 'NONE',  ( 0.000000000000000000, -1.000000000000000000, 0.000000000000000000 ) ) ;
#2324 = DIRECTION ( 'NONE',  ( 1.000000000000000000, 0.000000000000000000, 0.000000000000000000 ) ) ;
#2325 = DIRECTION ( 'NONE',  ( 0.000000000000000000, -0.000000000000000000, 1.000000000000000000 ) ) ;
#2326 = EDGE_LOOP ( 'NONE', ( #6082, #4940, #1195, #3143 ) ) ;
#2327 = ORIENTED_EDGE ( 'NONE', *, *, #7271, .T. ) ;
#2328 = CARTESIAN_POINT ( 'NONE',  ( -1.668653815138664065, 3.349109615115158700, 0.05100000000000000366 ) ) ;
#2329 = DIRECTION ( 'NONE',  ( 0.000000000000000000, 1.000000000000000000, 0.000000000000000000 ) ) ;
#2330 = DIRECTION ( 'NONE',  ( 0.000000000000000000, -1.000000000000000000, 0.000000000000000000 ) ) ;
#2331 = ORIENTED_EDGE ( 'NONE', *, *, #1752, .F. ) ;
#2332 = CARTESIAN_POINT ( 'NONE',  ( -1.668914624007974412, -2.650885740052331574, 0.05100000000000000366 ) ) ;
#2333 = DIRECTION ( 'NONE',  ( -0.000000000000000000, 1.000000000000000000, -0.000000000000000000 ) ) ;
#2334 = ORIENTED_EDGE ( 'NONE', *, *, #2474, .T. ) ;
#2335 = EDGE_CURVE ( 'NONE', #4503, #156, #1763, .T. ) ;
#2336 = DIRECTION ( 'NONE',  ( -0.000000000000000000, 0.000000000000000000, -1.000000000000000000 ) ) ;
#2337 = PLANE ( 'NONE',  #3262 ) ;
#2338 = ORIENTED_EDGE ( 'NONE', *, *, #3583, .F. ) ;
#2339 = ORIENTED_EDGE ( 'NONE', *, *, #6009, .T. ) ;
#2340 = EDGE_LOOP ( 'NONE', ( #3500, #6558, #6901, #5670, #842 ) ) ;
#2341 = CARTESIAN_POINT ( 'NONE',  ( -1.213648648648647077, -2.195855855855854966, 0.2520000000000000018 ) ) ;
#2342 = EDGE_CURVE ( 'NONE', #1853, #5336, #3539, .T. ) ;
#2343 = VECTOR ( 'NONE', #1635, 1.000000000000000000 ) ;
#2344 = VERTEX_POINT ( 'NONE', #449 ) ;
#2345 = DIRECTION ( 'NONE',  ( -0.000000000000000000, 1.000000000000000000, 0.000000000000000000 ) ) ;
#2346 = CARTESIAN_POINT ( 'NONE',  ( -1.668914624007974412, -2.650885740052331574, 0.05100000000000000366 ) ) ;
#2347 = DIRECTION ( 'NONE',  ( -0.000000000000000000, -1.000000000000000000, -0.000000000000000000 ) ) ;
#2348 = ORIENTED_EDGE ( 'NONE', *, *, #4826, .F. ) ;
#2349 = LINE ( 'NONE', #4090, #342 ) ;
#2350 = ADVANCED_FACE ( 'NONE', ( #4589 ), #2881, .F. ) ;
#2351 = AXIS2_PLACEMENT_3D ( 'NONE', #1902, #3676, #4263 ) ;
#2352 = DIRECTION ( 'NONE',  ( -0.000000000000000000, -0.000000000000000000, -1.000000000000000000 ) ) ;
#2353 = EDGE_CURVE ( 'NONE', #5286, #108, #3461, .T. ) ;
#2354 = VECTOR ( 'NONE', #1217, 1.000000000000000000 ) ;
#2355 = DIRECTION ( 'NONE',  ( 0.000000000000000000, -1.000000000000000000, 0.000000000000000000 ) ) ;
#2356 = ORIENTED_EDGE ( 'NONE', *, *, #1130, .T. ) ;
#2357 = FACE_OUTER_BOUND ( 'NONE', #2340, .T. ) ;
#2358 = EDGE_CURVE ( 'NONE', #6810, #6034, #5173, .T. ) ;
#2359 = LINE ( 'NONE', #3599, #4343 ) ;
#2360 = FACE_OUTER_BOUND ( 'NONE', #5692, .T. ) ;
#2361 = CARTESIAN_POINT ( 'NONE',  ( -0.4674826492301951686, 2.148025372459793303, 0.2510000000000000009 ) ) ;
#2362 = EDGE_CURVE ( 'NONE', #5941, #4457, #2918, .T. ) ;
#2363 = LINE ( 'NONE', #5890, #674 ) ;
#2364 = EDGE_CURVE ( 'NONE', #6221, #4044, #5792, .T. ) ;
#2365 = AXIS2_PLACEMENT_3D ( 'NONE', #3612, #3714, #4848 ) ;
#2366 = ORIENTED_EDGE ( 'NONE', *, *, #130, .T. ) ;
#2367 = ORIENTED_EDGE ( 'NONE', *, *, #37, .F. ) ;
#2368 = DIRECTION ( 'NONE',  ( 0.000000000000000000, -0.000000000000000000, -1.000000000000000000 ) ) ;
#2369 = AXIS2_PLACEMENT_3D ( 'NONE', #233, #6703, #6204 ) ;
#2370 = CARTESIAN_POINT ( 'NONE',  ( -1.668648648648647148, -2.650855855855854593, 0.05000000000000000278 ) ) ;
#2371 = CARTESIAN_POINT ( 'NONE',  ( -0.9236486486486471525, -1.905855855855854708, 0.2520000000000000018 ) ) ;
#2372 = VECTOR ( 'NONE', #3727, 1.000000000000000000 ) ;
#2373 = ORIENTED_EDGE ( 'NONE', *, *, #979, .F. ) ;
#2374 = LINE ( 'NONE', #3382, #919 ) ;
#2375 = EDGE_CURVE ( 'NONE', #651, #1898, #5293, .T. ) ;
#2376 = CARTESIAN_POINT ( 'NONE',  ( -1.668914624007974412, -2.650885740052331574, 0.05100000000000000366 ) ) ;
#2377 = VERTEX_POINT ( 'NONE', #6412 ) ;
#2378 = VECTOR ( 'NONE', #637, 1.000000000000000000 ) ;
#2379 = VECTOR ( 'NONE', #1787, 1.000000000000000000 ) ;
#2380 = ORIENTED_EDGE ( 'NONE', *, *, #1578, .F. ) ;
#2381 = ORIENTED_EDGE ( 'NONE', *, *, #2124, .T. ) ;
#2382 = ORIENTED_EDGE ( 'NONE', *, *, #917, .F. ) ;
#2383 = DIRECTION ( 'NONE',  ( -7.930164461608261179E-17, 1.000000000000000000, 0.000000000000000000 ) ) ;
#2384 = EDGE_LOOP ( 'NONE', ( #4212, #7149, #5041, #2462, #6352, #6579 ) ) ;
#2385 = LINE ( 'NONE', #4634, #4278 ) ;
#2386 = EDGE_CURVE ( 'NONE', #5477, #361, #6955, .T. ) ;
#2387 = CARTESIAN_POINT ( 'NONE',  ( 3.176837698566488122, -4.100459402700869838, 0.05000000000000000278 ) ) ;
#2388 = DIRECTION ( 'NONE',  ( 0.000000000000000000, 1.000000000000000000, -0.000000000000000000 ) ) ;
#2389 = EDGE_CURVE ( 'NONE', #7434, #1785, #1647, .T. ) ;
#2390 = ORIENTED_EDGE ( 'NONE', *, *, #3698, .T. ) ;
#2391 = ORIENTED_EDGE ( 'NONE', *, *, #4914, .F. ) ;
#2392 = DIRECTION ( 'NONE',  ( -1.000000000000000000, 0.000000000000000000, 0.000000000000000000 ) ) ;
#2393 = DIRECTION ( 'NONE',  ( -1.000000000000000000, -0.000000000000000000, -0.000000000000000000 ) ) ;
#2394 = ORIENTED_EDGE ( 'NONE', *, *, #4861, .T. ) ;
#2395 = VECTOR ( 'NONE', #4379, 1.000000000000000000 ) ;
#2396 = CARTESIAN_POINT ( 'NONE',  ( 1.506351351351352896, -1.025855855855854593, 0.4510000000000000120 ) ) ;
#2397 = ORIENTED_EDGE ( 'NONE', *, *, #193, .F. ) ;
#2398 = CARTESIAN_POINT ( 'NONE',  ( 0.2763513513513530251, -1.905855855855854708, 0.4510000000000000120 ) ) ;
#2399 = VECTOR ( 'NONE', #213, 1.000000000000000000 ) ;
#2400 = FACE_BOUND ( 'NONE', #3645, .T. ) ;
#2401 = LINE ( 'NONE', #1388, #7191 ) ;
#2402 = CARTESIAN_POINT ( 'NONE',  ( -2.918382539233228989, 3.348907565514117834, 0.1500000000000000222 ) ) ;
#2403 = FACE_OUTER_BOUND ( 'NONE', #2266, .T. ) ;
#2404 = VECTOR ( 'NONE', #2863, 1.000000000000000000 ) ;
#2405 = ORIENTED_EDGE ( 'NONE', *, *, #3848, .F. ) ;
#2406 = EDGE_LOOP ( 'NONE', ( #6399, #7567, #5323, #5479 ) ) ;
#2407 = CARTESIAN_POINT ( 'NONE',  ( 0.7010708180236888687, -1.441194908877152070, 0.6510000000000003562 ) ) ;
#2408 = EDGE_CURVE ( 'NONE', #962, #1214, #1181, .T. ) ;
#2409 = DIRECTION ( 'NONE',  ( -0.000000000000000000, 0.000000000000000000, -1.000000000000000000 ) ) ;
#2410 = EDGE_CURVE ( 'NONE', #1831, #7538, #3426, .T. ) ;
#2411 = CARTESIAN_POINT ( 'NONE',  ( -0.04248264923019517969, 1.724144144144144075, 0.2510000000000000009 ) ) ;
#2412 = ORIENTED_EDGE ( 'NONE', *, *, #7159, .F. ) ;
#2413 = FACE_BOUND ( 'NONE', #1933, .T. ) ;
#2414 = DIRECTION ( 'NONE',  ( 1.000000000000000000, 0.000000000000000000, 0.000000000000000000 ) ) ;
#2415 = ORIENTED_EDGE ( 'NONE', *, *, #4678, .T. ) ;
#2416 =( NAMED_UNIT ( * ) PLANE_ANGLE_UNIT ( ) SI_UNIT ( $, .RADIAN. ) );
#2417 = VERTEX_POINT ( 'NONE', #601 ) ;
#2418 = ORIENTED_EDGE ( 'NONE', *, *, #2854, .F. ) ;
#2419 = VERTEX_POINT ( 'NONE', #6992 ) ;
#2420 = LINE ( 'NONE', #1295, #4706 ) ;
#2421 = VECTOR ( 'NONE', #150, 1.000000000000000000 ) ;
#2422 = EDGE_LOOP ( 'NONE', ( #4170, #3172, #7067, #2903 ) ) ;
#2423 = EDGE_CURVE ( 'NONE', #835, #2915, #4744, .T. ) ;
#2424 = LINE ( 'NONE', #3003, #3107 ) ;
#2425 = DIRECTION ( 'NONE',  ( -0.000000000000000000, 0.000000000000000000, -1.000000000000000000 ) ) ;
#2426 = ORIENTED_EDGE ( 'NONE', *, *, #3736, .T. ) ;
#2427 = DIRECTION ( 'NONE',  ( 1.000000000000000000, 0.000000000000000000, 0.000000000000000000 ) ) ;
#2428 = CARTESIAN_POINT ( 'NONE',  ( -0.4674826492301951686, 2.148025372459793303, 0.2510000000000000009 ) ) ;
#2429 = EDGE_CURVE ( 'NONE', #2754, #6879, #6490, .T. ) ;
#2430 = EDGE_LOOP ( 'NONE', ( #4809, #4261, #912, #1823 ) ) ;
#2431 = VECTOR ( 'NONE', #7032, 1.000000000000000000 ) ;
#2432 = EDGE_CURVE ( 'NONE', #929, #5462, #1606, .T. ) ;
#2433 = CARTESIAN_POINT ( 'NONE',  ( 3.617567567567566034, -0.8716216216216201573, 0.04899999999999998801 ) ) ;
#2434 = VECTOR ( 'NONE', #2427, 1.000000000000000000 ) ;
#2435 = EDGE_LOOP ( 'NONE', ( #5236, #5708, #2041, #2527 ) ) ;
#2436 = PLANE ( 'NONE',  #6929 ) ;
#2437 = PLANE ( 'NONE',  #7070 ) ;
#2438 = PLANE ( 'NONE',  #6821 ) ;
#2439 = CARTESIAN_POINT ( 'NONE',  ( 1.901351351351352914, 2.149144144144145230, 0.05000000000000000278 ) ) ;
#2440 = EDGE_LOOP ( 'NONE', ( #2722, #2270, #3804, #5184 ) ) ;
#2441 = ORIENTED_EDGE ( 'NONE', *, *, #5667, .T. ) ;
#2442 = PLANE ( 'NONE',  #2957 ) ;
#2443 = DIRECTION ( 'NONE',  ( 1.000000000000000000, 0.000000000000000000, 0.000000000000000000 ) ) ;
#2444 = ORIENTED_EDGE ( 'NONE', *, *, #793, .T. ) ;
#2445 = EDGE_CURVE ( 'NONE', #3447, #5163, #23, .T. ) ;
#2446 = FACE_OUTER_BOUND ( 'NONE', #1792, .T. ) ;
#2447 = LINE ( 'NONE', #1868, #874 ) ;
#2448 = VERTEX_POINT ( 'NONE', #4046 ) ;
#2449 = SHAPE_DEFINITION_REPRESENTATION ( #6764, #4335 ) ;
#2450 = PLANE ( 'NONE',  #171 ) ;
#2451 = ADVANCED_FACE ( 'NONE', ( #5829, #1066 ), #7580, .T. ) ;
#2452 = ORIENTED_EDGE ( 'NONE', *, *, #4110, .T. ) ;
#2453 = ORIENTED_EDGE ( 'NONE', *, *, #3657, .F. ) ;
#2454 = VERTEX_POINT ( 'NONE', #4629 ) ;
#2455 = ADVANCED_FACE ( 'NONE', ( #5480 ), #3620, .F. ) ;
#2456 = DIRECTION ( 'NONE',  ( 2.166288828536891009E-16, -1.000000000000000000, 0.000000000000000000 ) ) ;
#2457 = CARTESIAN_POINT ( 'NONE',  ( 0.7157521729148861311, 0.9427075103593078875, 0.05100000000000000366 ) ) ;
#2458 = ADVANCED_FACE ( 'NONE', ( #167 ), #3106, .T. ) ;
#2459 = CARTESIAN_POINT ( 'NONE',  ( 1.156351351351352807, -0.6758558558558547258, 0.4510000000000000120 ) ) ;
#2460 = EDGE_CURVE ( 'NONE', #1128, #820, #6639, .T. ) ;
#2461 = PLANE ( 'NONE',  #3982 ) ;
#2462 = ORIENTED_EDGE ( 'NONE', *, *, #7000, .T. ) ;
#2463 = LINE ( 'NONE', #3855, #3422 ) ;
#2464 = DIRECTION ( 'NONE',  ( -1.000000000000000000, -3.703815796601320752E-16, 0.000000000000000000 ) ) ;
#2465 = VERTEX_POINT ( 'NONE', #4782 ) ;
#2466 = PLANE ( 'NONE',  #6104 ) ;
#2467 = EDGE_CURVE ( 'NONE', #4184, #4509, #4892, .T. ) ;
#2468 = VECTOR ( 'NONE', #1699, 1.000000000000000000 ) ;
#2469 = VERTEX_POINT ( 'NONE', #6602 ) ;
#2470 = FACE_OUTER_BOUND ( 'NONE', #7066, .T. ) ;
#2471 = DIRECTION ( 'NONE',  ( -1.000000000000000000, 4.724353296277261913E-17, 0.000000000000000000 ) ) ;
#2472 = LINE ( 'NONE', #1856, #878 ) ;
#2473 = LINE ( 'NONE', #3704, #3767 ) ;
#2474 = EDGE_CURVE ( 'NONE', #5327, #7255, #2420, .T. ) ;
#2475 = ORIENTED_EDGE ( 'NONE', *, *, #7391, .T. ) ;
#2476 = VECTOR ( 'NONE', #275, 1.000000000000000000 ) ;
#2477 = VECTOR ( 'NONE', #5560, 1.000000000000000000 ) ;
#2478 = ORIENTED_EDGE ( 'NONE', *, *, #3395, .T. ) ;
#2479 = FACE_OUTER_BOUND ( 'NONE', #6344, .T. ) ;
#2480 = ADVANCED_FACE ( 'NONE', ( #6099 ), #207, .F. ) ;
#2481 = LINE ( 'NONE', #2945, #7186 ) ;
#2482 = ORIENTED_EDGE ( 'NONE', *, *, #5177, .F. ) ;
#2483 = DIRECTION ( 'NONE',  ( -0.000000000000000000, -0.000000000000000000, -1.000000000000000000 ) ) ;
#2484 = DIRECTION ( 'NONE',  ( -0.000000000000000000, 0.000000000000000000, -1.000000000000000000 ) ) ;
#2485 = AXIS2_PLACEMENT_3D ( 'NONE', #1287, #2520, #2484 ) ;
#2486 = ORIENTED_EDGE ( 'NONE', *, *, #2638, .T. ) ;
#2487 = CARTESIAN_POINT ( 'NONE',  ( -0.04364864864864698157, -1.875855855855854681, 0.4510000000000000120 ) ) ;
#2488 = VERTEX_POINT ( 'NONE', #1913 ) ;
#2489 = AXIS2_PLACEMENT_3D ( 'NONE', #4140, #5500, #4217 ) ;
#2490 = ORIENTED_EDGE ( 'NONE', *, *, #1502, .T. ) ;
#2491 = ORIENTED_EDGE ( 'NONE', *, *, #1818, .T. ) ;
#2492 = CARTESIAN_POINT ( 'NONE',  ( 0.2963513513513529873, -0.6661949088771521588, 0.6520000000000003570 ) ) ;
#2493 = VECTOR ( 'NONE', #1967, 1.000000000000000000 ) ;
#2494 = VECTOR ( 'NONE', #7268, 1.000000000000000000 ) ;
#2495 = DIRECTION ( 'NONE',  ( 0.000000000000000000, -1.000000000000000000, 0.000000000000000000 ) ) ;
#2496 = DIRECTION ( 'NONE',  ( 1.000000000000000000, 0.000000000000000000, 0.000000000000000000 ) ) ;
#2497 = EDGE_CURVE ( 'NONE', #2598, #1720, #6026, .T. ) ;
#2498 = EDGE_CURVE ( 'NONE', #5076, #1553, #1334, .T. ) ;
#2499 = ORIENTED_EDGE ( 'NONE', *, *, #459, .T. ) ;
#2500 = LINE ( 'NONE', #7267, #7257 ) ;
#2501 = CARTESIAN_POINT ( 'NONE',  ( -1.668914624007974412, -2.620885740052331325, 0.05100000000000000366 ) ) ;
#2502 = EDGE_CURVE ( 'NONE', #4206, #6849, #64, .T. ) ;
#2503 = ADVANCED_FACE ( 'NONE', ( #1366 ), #716, .F. ) ;
#2504 = ORIENTED_EDGE ( 'NONE', *, *, #2831, .F. ) ;
#2505 = LINE ( 'NONE', #4869, #3739 ) ;
#2506 = VECTOR ( 'NONE', #1620, 1.000000000000000000 ) ;
#2507 = ORIENTED_EDGE ( 'NONE', *, *, #4440, .F. ) ;
#2508 = DIRECTION ( 'NONE',  ( 0.000000000000000000, 0.000000000000000000, -1.000000000000000000 ) ) ;
#2509 = DIRECTION ( 'NONE',  ( 1.000000000000000000, 0.000000000000000000, -0.000000000000000000 ) ) ;
#2510 = DIRECTION ( 'NONE',  ( -1.000000000000000000, -0.000000000000000000, -0.000000000000000000 ) ) ;
#2511 = LINE ( 'NONE', #696, #7117 ) ;
#2512 = EDGE_CURVE ( 'NONE', #5169, #6659, #3070, .T. ) ;
#2513 = ORIENTED_EDGE ( 'NONE', *, *, #6195, .T. ) ;
#2514 = ORIENTED_EDGE ( 'NONE', *, *, #4441, .T. ) ;
#2515 = DIRECTION ( 'NONE',  ( 0.000000000000000000, -0.000000000000000000, 1.000000000000000000 ) ) ;
#2516 = DIRECTION ( 'NONE',  ( -1.532028304060159970E-16, 1.000000000000000000, -0.000000000000000000 ) ) ;
#2517 = VERTEX_POINT ( 'NONE', #5440 ) ;
#2518 = CARTESIAN_POINT ( 'NONE',  ( -1.243648648648647104, -0.6758558558558547258, 0.4510000000000000120 ) ) ;
#2519 = PLANE ( 'NONE',  #5628 ) ;
#2520 = DIRECTION ( 'NONE',  ( 1.000000000000000000, 0.000000000000000000, -0.000000000000000000 ) ) ;
#2521 = ORIENTED_EDGE ( 'NONE', *, *, #6782, .F. ) ;
#2522 = VECTOR ( 'NONE', #468, 1.000000000000000000 ) ;
#2523 = DIRECTION ( 'NONE',  ( 0.000000000000000000, 0.000000000000000000, 1.000000000000000000 ) ) ;
#2524 = LINE ( 'NONE', #1909, #1283 ) ;
#2525 = PRODUCT_DEFINITION ( 'UNKNOWN', '', #7065, #7381 ) ;
#2526 = EDGE_LOOP ( 'NONE', ( #2227, #1149, #1595, #747 ) ) ;
#2527 = ORIENTED_EDGE ( 'NONE', *, *, #6573, .T. ) ;
#2528 = ORIENTED_EDGE ( 'NONE', *, *, #7098, .T. ) ;
#2529 = CARTESIAN_POINT ( 'NONE',  ( 0.2513513513513532249, 0.4941441441441443150, 0.4510000000000000120 ) ) ;
#2530 = VECTOR ( 'NONE', #6520, 1.000000000000000000 ) ;
#2531 = CARTESIAN_POINT ( 'NONE',  ( -0.03864864864864676897, 0.2041441441441443350, 0.4500000000000000111 ) ) ;
#2532 = DIRECTION ( 'NONE',  ( -0.000000000000000000, -0.000000000000000000, -1.000000000000000000 ) ) ;
#2533 = DIRECTION ( 'NONE',  ( 1.000000000000000000, 0.000000000000000000, 0.000000000000000000 ) ) ;
#2534 = EDGE_CURVE ( 'NONE', #6003, #632, #128, .T. ) ;
#2535 = ORIENTED_EDGE ( 'NONE', *, *, #7121, .T. ) ;
#2536 = ORIENTED_EDGE ( 'NONE', *, *, #7627, .T. ) ;
#2537 = DIRECTION ( 'NONE',  ( -1.000000000000000000, -0.000000000000000000, -0.000000000000000000 ) ) ;
#2538 = VECTOR ( 'NONE', #343, 1.000000000000000000 ) ;
#2539 = DIRECTION ( 'NONE',  ( -0.000000000000000000, 0.000000000000000000, 1.000000000000000000 ) ) ;
#2540 = VERTEX_POINT ( 'NONE', #1799 ) ;
#2541 = EDGE_CURVE ( 'NONE', #402, #3218, #785, .T. ) ;
#2542 = LINE ( 'NONE', #6187, #6504 ) ;
#2543 = ORIENTED_EDGE ( 'NONE', *, *, #1742, .T. ) ;
#2544 = CARTESIAN_POINT ( 'NONE',  ( -2.918648648648646482, -4.100855855855854770, 0.05000000000000000278 ) ) ;
#2545 = CARTESIAN_POINT ( 'NONE',  ( -1.212844139922891529, 0.4941441441441452032, 0.2510000000000000009 ) ) ;
#2546 = PLANE ( 'NONE',  #1877 ) ;
#2547 = DIRECTION ( 'NONE',  ( 0.000000000000000000, 1.000000000000000000, 0.000000000000000000 ) ) ;
#2548 = AXIS2_PLACEMENT_3D ( 'NONE', #6648, #5996, #104 ) ;
#2549 = ORIENTED_EDGE ( 'NONE', *, *, #7607, .F. ) ;
#2550 = EDGE_CURVE ( 'NONE', #1672, #3575, #4273, .T. ) ;
#2551 = ORIENTED_EDGE ( 'NONE', *, *, #3938, .F. ) ;
#2552 = FACE_OUTER_BOUND ( 'NONE', #599, .T. ) ;
#2553 = VECTOR ( 'NONE', #2259, 1.000000000000000000 ) ;
#2554 = DIRECTION ( 'NONE',  ( 0.000000000000000000, -0.000000000000000000, 1.000000000000000000 ) ) ;
#2555 = ORIENTED_EDGE ( 'NONE', *, *, #299, .F. ) ;
#2556 = PLANE ( 'NONE',  #5281 ) ;
#2557 = DIRECTION ( 'NONE',  ( -1.000000000000000000, 0.000000000000000000, 0.000000000000000000 ) ) ;
#2558 = PLANE ( 'NONE',  #4214 ) ;
#2559 = ORIENTED_EDGE ( 'NONE', *, *, #4798, .F. ) ;
#2560 = DIRECTION ( 'NONE',  ( 1.000000000000000000, 0.000000000000000000, 0.000000000000000000 ) ) ;
#2561 = PLANE ( 'NONE',  #5489 ) ;
#2562 = ORIENTED_EDGE ( 'NONE', *, *, #3959, .T. ) ;
#2563 = ORIENTED_EDGE ( 'NONE', *, *, #2880, .F. ) ;
#2564 = DIRECTION ( 'NONE',  ( -0.000000000000000000, -0.000000000000000000, -1.000000000000000000 ) ) ;
#2565 = CARTESIAN_POINT ( 'NONE',  ( 0.7213513513513527542, 1.334768131857904925E-16, 0.4500000000000000111 ) ) ;
#2566 = PLANE ( 'NONE',  #4967 ) ;
#2567 = CARTESIAN_POINT ( 'NONE',  ( 0.7290204228011620824, 0.9497722133673791589, 0.2510000000000000009 ) ) ;
#2568 = EDGE_CURVE ( 'NONE', #3232, #2419, #4238, .T. ) ;
#2569 = ORIENTED_EDGE ( 'NONE', *, *, #2655, .T. ) ;
#2570 = ORIENTED_EDGE ( 'NONE', *, *, #6413, .F. ) ;
#2571 = DIRECTION ( 'NONE',  ( 0.000000000000000000, 1.000000000000000000, 0.000000000000000000 ) ) ;
#2572 = DIRECTION ( 'NONE',  ( 1.376309534659284821E-16, -1.000000000000000000, 0.000000000000000000 ) ) ;
#2573 = ORIENTED_EDGE ( 'NONE', *, *, #5062, .T. ) ;
#2574 = VECTOR ( 'NONE', #5234, 1.000000000000000000 ) ;
#2575 = LINE ( 'NONE', #4905, #568 ) ;
#2576 = AXIS2_PLACEMENT_3D ( 'NONE', #4030, #2291, #2214 ) ;
#2577 = EDGE_LOOP ( 'NONE', ( #4915, #4474, #6547, #5378 ) ) ;
#2578 = CARTESIAN_POINT ( 'NONE',  ( 1.140752172914886176, 0.5327057713251168725, 0.6520000000000003570 ) ) ;
#2579 = EDGE_CURVE ( 'NONE', #4395, #276, #1256, .T. ) ;
#2580 = AXIS2_PLACEMENT_3D ( 'NONE', #4069, #4653, #5159 ) ;
#2581 = CARTESIAN_POINT ( 'NONE',  ( 0.000000000000000000, -1.450855855855854637, 0.05000000000000000278 ) ) ;
#2582 = CARTESIAN_POINT ( 'NONE',  ( -1.213648648648647077, 1.692892555011814348, 0.4500000000000000111 ) ) ;
#2583 = ORIENTED_EDGE ( 'NONE', *, *, #3261, .T. ) ;
#2584 = ORIENTED_EDGE ( 'NONE', *, *, #7624, .T. ) ;
#2585 = PLANE ( 'NONE',  #3462 ) ;
#2586 = EDGE_CURVE ( 'NONE', #5657, #6879, #5407, .T. ) ;
#2587 = DIRECTION ( 'NONE',  ( -0.000000000000000000, 1.000000000000000000, -0.000000000000000000 ) ) ;
#2588 = ORIENTED_EDGE ( 'NONE', *, *, #830, .F. ) ;
#2589 = CARTESIAN_POINT ( 'NONE',  ( 1.170752172914886202, 0.5027057713251168458, 0.6510000000000003562 ) ) ;
#2590 = EDGE_CURVE ( 'NONE', #2219, #4498, #4995, .T. ) ;
#2591 = CARTESIAN_POINT ( 'NONE',  ( 1.170752172914886202, 0.5027057713251168458, 0.6520000000000003570 ) ) ;
#2592 = DIRECTION ( 'NONE',  ( -0.000000000000000000, -0.000000000000000000, -1.000000000000000000 ) ) ;
#2593 = LINE ( 'NONE', #3333, #6919 ) ;
#2594 = CARTESIAN_POINT ( 'NONE',  ( 1.156351351351352807, -0.6758558558558547258, 0.4510000000000000120 ) ) ;
#2595 = VECTOR ( 'NONE', #4372, 1.000000000000000000 ) ;
#2596 = VECTOR ( 'NONE', #4705, 1.000000000000000000 ) ;
#2597 = ORIENTED_EDGE ( 'NONE', *, *, #3044, .F. ) ;
#2598 = VERTEX_POINT ( 'NONE', #3826 ) ;
#2599 = DIRECTION ( 'NONE',  ( 0.000000000000000000, 1.000000000000000000, -0.000000000000000000 ) ) ;
#2600 = CARTESIAN_POINT ( 'NONE',  ( 1.156351351351353252, 1.374144144144144652, 0.4510000000000000120 ) ) ;
#2601 = LINE ( 'NONE', #2024, #3548 ) ;
#2602 = EDGE_CURVE ( 'NONE', #7448, #962, #196, .T. ) ;
#2603 = VECTOR ( 'NONE', #7048, 1.000000000000000000 ) ;
#2604 = DIRECTION ( 'NONE',  ( -1.000000000000000000, -0.000000000000000000, -0.000000000000000000 ) ) ;
#2605 = LINE ( 'NONE', #5048, #5931 ) ;
#2606 = LINE ( 'NONE', #7340, #1040 ) ;
#2607 = ORIENTED_EDGE ( 'NONE', *, *, #5267, .F. ) ;
#2608 = VECTOR ( 'NONE', #4593, 1.000000000000000000 ) ;
#2609 = CARTESIAN_POINT ( 'NONE',  ( -1.668648648648647148, -2.650855855855854593, 0.05100000000000000366 ) ) ;
#2610 =( REPRESENTATION_RELATIONSHIP ('NONE','NONE', #6178, #3006 ) REPRESENTATION_RELATIONSHIP_WITH_TRANSFORMATION ( #4231 )SHAPE_REPRESENTATION_RELATIONSHIP( ) );
#2611 = VECTOR ( 'NONE', #6351, 1.000000000000000000 ) ;
#2612 = ORIENTED_EDGE ( 'NONE', *, *, #2389, .F. ) ;
#2613 = VERTEX_POINT ( 'NONE', #3171 ) ;
#2614 = PLANE ( 'NONE',  #1070 ) ;
#2615 = AXIS2_PLACEMENT_3D ( 'NONE', #1840, #1335, #7184 ) ;
#2616 = LINE ( 'NONE', #1341, #4844 ) ;
#2617 = VECTOR ( 'NONE', #1306, 1.000000000000000000 ) ;
#2618 = AXIS2_PLACEMENT_3D ( 'NONE', #5782, #2216, #5317 ) ;
#2619 = ORIENTED_EDGE ( 'NONE', *, *, #2781, .F. ) ;
#2620 = EDGE_CURVE ( 'NONE', #4990, #598, #890, .T. ) ;
#2621 = FACE_OUTER_BOUND ( 'NONE', #4486, .T. ) ;
#2622 = ORIENTED_EDGE ( 'NONE', *, *, #2168, .T. ) ;
#2623 = CARTESIAN_POINT ( 'NONE',  ( 3.667567567567565412, 1.128378378378379621, 0.000000000000000000 ) ) ;
#2624 = CARTESIAN_POINT ( 'NONE',  ( 1.506351351351352896, -2.225855855855854770, 0.2520000000000000018 ) ) ;
#2625 = LINE ( 'NONE', #7398, #2118 ) ;
#2626 = VERTEX_POINT ( 'NONE', #4954 ) ;
#2627 = ORIENTED_EDGE ( 'NONE', *, *, #2342, .T. ) ;
#2628 = CARTESIAN_POINT ( 'NONE',  ( 0.000000000000000000, -1.450855855855854637, 0.05100000000000000366 ) ) ;
#2629 = EDGE_CURVE ( 'NONE', #6760, #4772, #3751, .T. ) ;
#2630 = LINE ( 'NONE', #6087, #2595 ) ;
#2631 = ORIENTED_EDGE ( 'NONE', *, *, #5727, .T. ) ;
#2632 = DIRECTION ( 'NONE',  ( 1.000000000000000000, 0.000000000000000000, -0.000000000000000000 ) ) ;
#2633 = DIRECTION ( 'NONE',  ( -1.192376064322233222E-16, 1.000000000000000000, -0.000000000000000000 ) ) ;
#2634 = PLANE ( 'NONE',  #635 ) ;
#2635 = LINE ( 'NONE', #7367, #230 ) ;
#2636 = LINE ( 'NONE', #3874, #913 ) ;
#2637 = VERTEX_POINT ( 'NONE', #3133 ) ;
#2638 = EDGE_CURVE ( 'NONE', #373, #691, #2011, .T. ) ;
#2639 = EDGE_CURVE ( 'NONE', #5210, #87, #2670, .T. ) ;
#2640 = ORIENTED_EDGE ( 'NONE', *, *, #1006, .T. ) ;
#2641 = CARTESIAN_POINT ( 'NONE',  ( 1.156351351351352807, -1.875855855855854681, 0.2520000000000000018 ) ) ;
#2642 = ADVANCED_FACE ( 'NONE', ( #6122 ), #1465, .T. ) ;
#2643 = AXIS2_PLACEMENT_3D ( 'NONE', #6669, #1981, #1360 ) ;
#2644 = DIRECTION ( 'NONE',  ( 0.000000000000000000, -0.000000000000000000, 1.000000000000000000 ) ) ;
#2645 = CARTESIAN_POINT ( 'NONE',  ( 0.7290204228011620824, 2.148025372459793303, 0.2510000000000000009 ) ) ;
#2646 = AXIS2_PLACEMENT_3D ( 'NONE', #663, #7128, #1239 ) ;
#2647 = CARTESIAN_POINT ( 'NONE',  ( 1.460752172914886238, 0.2127057713251167548, 0.6520000000000003570 ) ) ;
#2648 = DIRECTION ( 'NONE',  ( 4.724353296277261913E-17, 1.000000000000000000, 0.000000000000000000 ) ) ;
#2649 = FACE_OUTER_BOUND ( 'NONE', #645, .T. ) ;
#2650 = VECTOR ( 'NONE', #2496, 1.000000000000000000 ) ;
#2651 = DIRECTION ( 'NONE',  ( -0.000000000000000000, -0.000000000000000000, -1.000000000000000000 ) ) ;
#2652 = ORIENTED_EDGE ( 'NONE', *, *, #6096, .T. ) ;
#2653 = VECTOR ( 'NONE', #2872, 1.000000000000000000 ) ;
#2654 = CARTESIAN_POINT ( 'NONE',  ( -0.8936486486486471259, -0.6758558558558546148, 0.4510000000000000120 ) ) ;
#2655 = EDGE_CURVE ( 'NONE', #1451, #4236, #846, .T. ) ;
#2656 = ORIENTED_EDGE ( 'NONE', *, *, #4752, .F. ) ;
#2657 = ORIENTED_EDGE ( 'NONE', *, *, #6255, .F. ) ;
#2658 = DIRECTION ( 'NONE',  ( -1.000000000000000000, 0.000000000000000000, 0.000000000000000000 ) ) ;
#2659 = DIRECTION ( 'NONE',  ( 0.000000000000000000, -1.000000000000000000, 0.000000000000000000 ) ) ;
#2660 = CARTESIAN_POINT ( 'NONE',  ( -0.4686486486486469705, 0.9491441441441451632, 0.4500000000000000111 ) ) ;
#2661 = ORIENTED_EDGE ( 'NONE', *, *, #4367, .F. ) ;
#2662 = LINE ( 'NONE', #5025, #4168 ) ;
#2663 = ADVANCED_FACE ( 'NONE', ( #810 ), #4332, .F. ) ;
#2664 = CARTESIAN_POINT ( 'NONE',  ( -0.8928441399228916886, 0.1741441441441452520, 0.2520000000000000018 ) ) ;
#2665 = DIRECTION ( 'NONE',  ( 1.000000000000000000, -9.570888143320318106E-17, 0.000000000000000000 ) ) ;
#2666 = EDGE_CURVE ( 'NONE', #6939, #4259, #3251, .T. ) ;
#2667 = ORIENTED_EDGE ( 'NONE', *, *, #3453, .T. ) ;
#2668 = EDGE_LOOP ( 'NONE', ( #6040, #6989, #4587, #7465 ) ) ;
#2669 = CARTESIAN_POINT ( 'NONE',  ( -2.918382539233228989, 3.348907565514117834, 0.1500000000000000222 ) ) ;
#2670 = LINE ( 'NONE', #6159, #6678 ) ;
#2671 = ORIENTED_EDGE ( 'NONE', *, *, #3814, .T. ) ;
#2672 = VECTOR ( 'NONE', #1032, 1.000000000000000000 ) ;
#2673 = CARTESIAN_POINT ( 'NONE',  ( 0.7324691333359016898, -2.649473361566354157, 0.05100000000000000366 ) ) ;
#2674 = FACE_OUTER_BOUND ( 'NONE', #5069, .T. ) ;
#2675 = LINE ( 'NONE', #5072, #2241 ) ;
#2676 = DIRECTION ( 'NONE',  ( -1.000000000000000000, 0.000000000000000000, -0.000000000000000000 ) ) ;
#2677 = EDGE_CURVE ( 'NONE', #5120, #2772, #2630, .T. ) ;
#2678 = CARTESIAN_POINT ( 'NONE',  ( 1.476351351351352870, -0.7058558558558547524, 0.4510000000000000120 ) ) ;
#2679 = VERTEX_POINT ( 'NONE', #5622 ) ;
#2680 = VERTEX_POINT ( 'NONE', #5508 ) ;
#2681 = VECTOR ( 'NONE', #6969, 1.000000000000000000 ) ;
#2682 = CARTESIAN_POINT ( 'NONE',  ( 1.170752172914886202, 0.5027057713251168458, 0.6520000000000003570 ) ) ;
#2683 = LINE ( 'NONE', #939, #6343 ) ;
#2684 = PLANE ( 'NONE',  #6392 ) ;
#2685 = EDGE_CURVE ( 'NONE', #4813, #4357, #6736, .T. ) ;
#2686 = VECTOR ( 'NONE', #7589, 1.000000000000000000 ) ;
#2687 = EDGE_CURVE ( 'NONE', #4955, #4913, #2050, .T. ) ;
#2688 = FACE_OUTER_BOUND ( 'NONE', #5506, .T. ) ;
#2689 = FACE_OUTER_BOUND ( 'NONE', #6987, .T. ) ;
#2690 = CARTESIAN_POINT ( 'NONE',  ( 3.181351351351352275, -4.100855855855855658, 0.05000000000000000278 ) ) ;
#2691 = DIRECTION ( 'NONE',  ( 0.000000000000000000, -1.000000000000000000, 0.000000000000000000 ) ) ;
#2692 = ORIENTED_EDGE ( 'NONE', *, *, #5834, .T. ) ;
#2693 = ORIENTED_EDGE ( 'NONE', *, *, #4148, .T. ) ;
#2694 = PLANE ( 'NONE',  #4828 ) ;
#2695 = EDGE_CURVE ( 'NONE', #4448, #6212, #7362, .T. ) ;
#2696 = ORIENTED_EDGE ( 'NONE', *, *, #2353, .T. ) ;
#2697 = CARTESIAN_POINT ( 'NONE',  ( -0.4779485211280458667, -2.638672188960770271, 0.2510000000000000009 ) ) ;
#2698 = EDGE_CURVE ( 'NONE', #3232, #4315, #5468, .T. ) ;
#2699 = DIRECTION ( 'NONE',  ( 0.000000000000000000, -0.000000000000000000, -1.000000000000000000 ) ) ;
#2700 = DIRECTION ( 'NONE',  ( -0.000000000000000000, -0.000000000000000000, -1.000000000000000000 ) ) ;
#2701 = VERTEX_POINT ( 'NONE', #1973 ) ;
#2702 = DIRECTION ( 'NONE',  ( 4.724353296277261913E-17, 1.000000000000000000, 0.000000000000000000 ) ) ;
#2703 = CARTESIAN_POINT ( 'NONE',  ( 3.176837698566488122, -4.100459402700869838, 0.1500000000000000222 ) ) ;
#2704 = VERTEX_POINT ( 'NONE', #4881 ) ;
#2705 = ADVANCED_FACE ( 'NONE', ( #7246 ), #4298, .F. ) ;
#2706 = VERTEX_POINT ( 'NONE', #6700 ) ;
#2707 = FACE_OUTER_BOUND ( 'NONE', #4582, .T. ) ;
#2708 = VECTOR ( 'NONE', #907, 1.000000000000000000 ) ;
#2709 = DIRECTION ( 'NONE',  ( -0.000000000000000000, 0.000000000000000000, 1.000000000000000000 ) ) ;
#2710 = ORIENTED_EDGE ( 'NONE', *, *, #6293, .T. ) ;
#2711 = PLANE ( 'NONE',  #3658 ) ;
#2712 = LINE ( 'NONE', #7443, #6815 ) ;
#2713 = DIRECTION ( 'NONE',  ( 1.000000000000000000, 0.000000000000000000, 0.000000000000000000 ) ) ;
#2714 = CARTESIAN_POINT ( 'NONE',  ( 1.186351351351352834, -1.905855855855854708, 0.2520000000000000018 ) ) ;
#2715 = DIRECTION ( 'NONE',  ( -0.000000000000000000, 0.000000000000000000, 1.000000000000000000 ) ) ;
#2716 = ORIENTED_EDGE ( 'NONE', *, *, #3979, .T. ) ;
#2717 = ORIENTED_EDGE ( 'NONE', *, *, #4441, .F. ) ;
#2718 = FACE_BOUND ( 'NONE', #6616, .T. ) ;
#2719 = EDGE_CURVE ( 'NONE', #4236, #1683, #4917, .T. ) ;
#2720 = PLANE ( 'NONE',  #6585 ) ;
#2721 = DIRECTION ( 'NONE',  ( -0.000000000000000000, 1.000000000000000000, -0.000000000000000000 ) ) ;
#2722 = ORIENTED_EDGE ( 'NONE', *, *, #3638, .F. ) ;
#2723 = CARTESIAN_POINT ( 'NONE',  ( -1.213648648648647077, -0.9958558558558545659, 0.4510000000000000120 ) ) ;
#2724 = CARTESIAN_POINT ( 'NONE',  ( 0.7063513513513532960, 6.535062781211384249E-17, 0.05000000000000000278 ) ) ;
#2725 = VECTOR ( 'NONE', #2304, 1.000000000000000000 ) ;
#2726 = CARTESIAN_POINT ( 'NONE',  ( 0.000000000000000000, 0.000000000000000000, 0.4500000000000000111 ) ) ;
#2727 = ORIENTED_EDGE ( 'NONE', *, *, #3544, .F. ) ;
#2728 = EDGE_LOOP ( 'NONE', ( #1303, #2150, #655, #5369 ) ) ;
#2729 = CARTESIAN_POINT ( 'NONE',  ( 0.2813513513513531961, 0.5241441441441443416, 0.4510000000000000120 ) ) ;
#2730 = ORIENTED_EDGE ( 'NONE', *, *, #2929, .F. ) ;
#2731 = FACE_OUTER_BOUND ( 'NONE', #1150, .T. ) ;
#2732 = DIRECTION ( 'NONE',  ( 0.000000000000000000, -1.000000000000000000, 0.000000000000000000 ) ) ;
#2733 = AXIS2_PLACEMENT_3D ( 'NONE', #6467, #2286, #4726 ) ;
#2734 = VECTOR ( 'NONE', #347, 1.000000000000000000 ) ;
#2735 = ADVANCED_FACE ( 'NONE', ( #1623 ), #964, .T. ) ;
#2736 = CARTESIAN_POINT ( 'NONE',  ( -0.9236486486486471525, 1.692892555011814348, 0.4510000000000000120 ) ) ;
#2737 = EDGE_CURVE ( 'NONE', #5872, #5065, #6241, .T. ) ;
#2738 = VERTEX_POINT ( 'NONE', #6931 ) ;
#2739 = DIRECTION ( 'NONE',  ( -1.000000000000000000, -1.914177628664061649E-16, 0.000000000000000000 ) ) ;
#2740 = ADVANCED_FACE ( 'NONE', ( #4525, #3367 ), #1581, .T. ) ;
#2741 = ADVANCED_FACE ( 'NONE', ( #1003 ), #2088, .F. ) ;
#2742 = VECTOR ( 'NONE', #1268, 1.000000000000000000 ) ;
#2743 = PLANE ( 'NONE',  #4096 ) ;
#2744 = AXIS2_PLACEMENT_3D ( 'NONE', #2293, #2329, #5280 ) ;
#2745 = VERTEX_POINT ( 'NONE', #1664 ) ;
#2746 = DIRECTION ( 'NONE',  ( -1.000000000000000000, 0.000000000000000000, 0.000000000000000000 ) ) ;
#2747 = ORIENTED_EDGE ( 'NONE', *, *, #2243, .F. ) ;
#2748 = CARTESIAN_POINT ( 'NONE',  ( 1.919291799940615606, -0.2422942286748832330, 0.6510000000000003562 ) ) ;
#2749 = EDGE_CURVE ( 'NONE', #470, #7083, #7517, .T. ) ;
#2750 = CARTESIAN_POINT ( 'NONE',  ( 0.2963513513513530429, -1.016194908877152026, 0.6510000000000003562 ) ) ;
#2751 = CARTESIAN_POINT ( 'NONE',  ( -0.1824324324324324564, 1.078378378378379576, 0.05100000000000000366 ) ) ;
#2752 = DIRECTION ( 'NONE',  ( -0.000000000000000000, -0.000000000000000000, -1.000000000000000000 ) ) ;
#2753 = CARTESIAN_POINT ( 'NONE',  ( -0.4779485211280458667, -1.459372486768057531, 0.2510000000000000009 ) ) ;
#2754 = VERTEX_POINT ( 'NONE', #2130 ) ;
#2755 = ORIENTED_EDGE ( 'NONE', *, *, #6875, .T. ) ;
#2756 = CARTESIAN_POINT ( 'NONE',  ( 0.7063513513513532960, -0.2508558558558557916, 0.4500000000000000111 ) ) ;
#2757 = DIRECTION ( 'NONE',  ( -0.000000000000000000, 0.000000000000000000, 1.000000000000000000 ) ) ;
#2758 = DIRECTION ( 'NONE',  ( 0.000000000000000000, -0.000000000000000000, 1.000000000000000000 ) ) ;
#2759 = ORIENTED_EDGE ( 'NONE', *, *, #2695, .T. ) ;
#2760 = VECTOR ( 'NONE', #7235, 1.000000000000000000 ) ;
#2761 = APPLICATION_CONTEXT ( 'automotive_design' ) ;
#2762 = DIRECTION ( 'NONE',  ( 0.000000000000000000, -0.000000000000000000, 1.000000000000000000 ) ) ;
#2763 = DIRECTION ( 'NONE',  ( 9.251858538542971581E-17, -1.000000000000000000, 0.000000000000000000 ) ) ;
#2764 = CARTESIAN_POINT ( 'NONE',  ( -0.04364864864864698157, -1.875855855855854681, 0.4510000000000000120 ) ) ;
#2765 = ADVANCED_FACE ( 'NONE', ( #6391 ), #4488, .T. ) ;
#2766 = PRESENTATION_STYLE_ASSIGNMENT (( #3385 ) ) ;
#2767 = EDGE_LOOP ( 'NONE', ( #1063, #3104, #5469, #6958, #7079 ) ) ;
#2768 = ORIENTED_EDGE ( 'NONE', *, *, #2880, .T. ) ;
#2769 = VERTEX_POINT ( 'NONE', #6852 ) ;
#2770 = MANIFOLD_SOLID_BREP ( 'Cut-Extrude1', #4033 ) ;
#2771 = CARTESIAN_POINT ( 'NONE',  ( -0.4686486486486469705, -2.650855855855854593, 0.4500000000000000111 ) ) ;
#2772 = VERTEX_POINT ( 'NONE', #4607 ) ;
#2773 = MECHANICAL_DESIGN_GEOMETRIC_PRESENTATION_REPRESENTATION (  '', ( #4500 ), #1773 ) ;
#2774 = PLANE ( 'NONE',  #1192 ) ;
#2775 = VECTOR ( 'NONE', #545, 1.000000000000000000 ) ;
#2776 = EDGE_CURVE ( 'NONE', #3001, #1037, #353, .T. ) ;
#2777 = PLANE ( 'NONE',  #5519 ) ;
#2778 = VERTEX_POINT ( 'NONE', #6968 ) ;
#2779 = DIRECTION ( 'NONE',  ( -1.000000000000000000, 0.000000000000000000, 0.000000000000000000 ) ) ;
#2780 = CARTESIAN_POINT ( 'NONE',  ( -1.618648648648647104, -1.459372486768057531, 0.05100000000000000366 ) ) ;
#2781 = EDGE_CURVE ( 'NONE', #1730, #7171, #1080, .T. ) ;
#2782 = EDGE_LOOP ( 'NONE', ( #2907, #5867, #3168, #4625 ) ) ;
#2783 = FACE_BOUND ( 'NONE', #2164, .T. ) ;
#2784 = VECTOR ( 'NONE', #1049, 1.000000000000000000 ) ;
#2785 = DIRECTION ( 'NONE',  ( 1.000000000000000000, 0.000000000000000000, 0.000000000000000000 ) ) ;
#2786 = ORIENTED_EDGE ( 'NONE', *, *, #2445, .F. ) ;
#2787 = LINE ( 'NONE', #5189, #4904 ) ;
#2788 = FACE_OUTER_BOUND ( 'NONE', #636, .T. ) ;
#2789 = DIRECTION ( 'NONE',  ( -1.000000000000000000, -0.000000000000000000, -0.000000000000000000 ) ) ;
#2790 = LINE ( 'NONE', #1706, #3937 ) ;
#2791 = CARTESIAN_POINT ( 'NONE',  ( -0.9236486486486471525, -0.9958558558558545659, 0.4510000000000000120 ) ) ;
#2792 = EDGE_CURVE ( 'NONE', #4674, #6772, #7403, .T. ) ;
#2793 = ORIENTED_EDGE ( 'NONE', *, *, #3150, .F. ) ;
#2794 = ORIENTED_EDGE ( 'NONE', *, *, #6785, .F. ) ;
#2795 = LINE ( 'NONE', #3526, #2224 ) ;
#2796 = DIRECTION ( 'NONE',  ( 1.000000000000000000, 1.189524669241239115E-16, -0.000000000000000000 ) ) ;
#2797 = DIRECTION ( 'NONE',  ( -0.000000000000000000, 0.000000000000000000, 1.000000000000000000 ) ) ;
#2798 = ORIENTED_EDGE ( 'NONE', *, *, #488, .T. ) ;
#2799 = VERTEX_POINT ( 'NONE', #3289 ) ;
#2800 = CARTESIAN_POINT ( 'NONE',  ( -2.432432432432432012, -0.9216216216216202017, 0.1499999999999999944 ) ) ;
#2801 = DIRECTION ( 'NONE',  ( -0.000000000000000000, 0.000000000000000000, 1.000000000000000000 ) ) ;
#2802 = ORIENTED_EDGE ( 'NONE', *, *, #1916, .F. ) ;
#2803 = AXIS2_PLACEMENT_3D ( 'NONE', #6855, #1703, #2821 ) ;
#2804 = EDGE_LOOP ( 'NONE', ( #7318, #385, #4120, #6695 ) ) ;
#2805 = ORIENTED_EDGE ( 'NONE', *, *, #2429, .F. ) ;
#2806 = ORIENTED_EDGE ( 'NONE', *, *, #2550, .F. ) ;
#2807 = CARTESIAN_POINT ( 'NONE',  ( 1.140752172914886176, 0.1827057713251167559, 0.6510000000000003562 ) ) ;
#2808 = VECTOR ( 'NONE', #2120, 1.000000000000000000 ) ;
#2809 = ORIENTED_EDGE ( 'NONE', *, *, #6492, .F. ) ;
#2810 = CARTESIAN_POINT ( 'NONE',  ( 1.156351351351352807, -2.225855855855854770, 0.2510000000000000009 ) ) ;
#2811 = ADVANCED_FACE ( 'NONE', ( #5661 ), #3015, .F. ) ;
#2812 = CARTESIAN_POINT ( 'NONE',  ( 1.881351351351352674, -2.600855855855854770, 0.05100000000000000366 ) ) ;
#2813 = PLANE ( 'NONE',  #5465 ) ;
#2814 = ORIENTED_EDGE ( 'NONE', *, *, #6686, .F. ) ;
#2815 = DIRECTION ( 'NONE',  ( -1.189524669241239608E-16, 1.000000000000000000, 0.000000000000000000 ) ) ;
#2816 = CARTESIAN_POINT ( 'NONE',  ( 0.7313513513513529851, -1.450855855855854637, 0.4500000000000000111 ) ) ;
#2817 = ORIENTED_EDGE ( 'NONE', *, *, #7094, .F. ) ;
#2818 = DIRECTION ( 'NONE',  ( 0.000000000000000000, 0.000000000000000000, 1.000000000000000000 ) ) ;
#2819 = EDGE_CURVE ( 'NONE', #2419, #609, #3634, .T. ) ;
#2820 =( LENGTH_UNIT ( ) NAMED_UNIT ( * ) SI_UNIT ( $, .METRE. ) );
#2821 = DIRECTION ( 'NONE',  ( -1.000000000000000000, 9.654113257610057838E-17, 0.000000000000000000 ) ) ;
#2822 = FACE_OUTER_BOUND ( 'NONE', #6037, .T. ) ;
#2823 = CARTESIAN_POINT ( 'NONE',  ( -2.432432432432432456, 1.078378378378379576, 0.1499999999999999944 ) ) ;
#2824 = DIRECTION ( 'NONE',  ( 0.000000000000000000, -1.000000000000000000, 0.000000000000000000 ) ) ;
#2825 = CARTESIAN_POINT ( 'NONE',  ( 0.000000000000000000, -0.2508558558558557916, 0.4500000000000000111 ) ) ;
#2826 = ORIENTED_EDGE ( 'NONE', *, *, #7006, .F. ) ;
#2827 = VERTEX_POINT ( 'NONE', #1196 ) ;
#2828 = DIRECTION ( 'NONE',  ( -0.000000000000000000, -0.000000000000000000, -1.000000000000000000 ) ) ;
#2829 = VECTOR ( 'NONE', #2939, 1.000000000000000000 ) ;
#2830 = DIRECTION ( 'NONE',  ( 2.166288828536891256E-16, -1.000000000000000000, 0.000000000000000000 ) ) ;
#2831 = EDGE_CURVE ( 'NONE', #5910, #628, #5385, .T. ) ;
#2832 = FACE_OUTER_BOUND ( 'NONE', #6024, .T. ) ;
#2833 = ORIENTED_EDGE ( 'NONE', *, *, #6894, .T. ) ;
#2834 = ADVANCED_FACE ( 'NONE', ( #77 ), #2436, .F. ) ;
#2835 = LINE ( 'NONE', #2296, #7608 ) ;
#2836 = CARTESIAN_POINT ( 'NONE',  ( -1.618648648648647104, -2.600855855855854770, 0.05100000000000000366 ) ) ;
#2837 = EDGE_LOOP ( 'NONE', ( #2667, #6409, #6737, #6922 ) ) ;
#2838 = CARTESIAN_POINT ( 'NONE',  ( 1.881351351351352674, -2.600855855855854770, 0.05000000000000000278 ) ) ;
#2839 = ORIENTED_EDGE ( 'NONE', *, *, #3628, .T. ) ;
#2840 = ORIENTED_EDGE ( 'NONE', *, *, #1602, .F. ) ;
#2841 = ORIENTED_EDGE ( 'NONE', *, *, #5724, .T. ) ;
#2842 = CARTESIAN_POINT ( 'NONE',  ( -0.06864864864864672622, 0.1741441441441443361, 0.4510000000000000120 ) ) ;
#2843 = VECTOR ( 'NONE', #2048, 1.000000000000000000 ) ;
#2844 = VERTEX_POINT ( 'NONE', #4797 ) ;
#2845 = DIRECTION ( 'NONE',  ( -0.000000000000000000, -0.000000000000000000, -1.000000000000000000 ) ) ;
#2846 = DIRECTION ( 'NONE',  ( 0.000000000000000000, 0.000000000000000000, 1.000000000000000000 ) ) ;
#2847 = VECTOR ( 'NONE', #6775, 1.000000000000000000 ) ;
#2848 = VECTOR ( 'NONE', #6341, 1.000000000000000000 ) ;
#2849 = CARTESIAN_POINT ( 'NONE',  ( -1.242844139922891555, 0.1741441441441452520, 0.2520000000000000018 ) ) ;
#2850 = EDGE_LOOP ( 'NONE', ( #5252, #1216, #2793, #6813, #3691 ) ) ;
#2851 = FACE_OUTER_BOUND ( 'NONE', #2326, .T. ) ;
#2852 = VECTOR ( 'NONE', #3988, 1.000000000000000000 ) ;
#2853 = DIRECTION ( 'NONE',  ( -1.000000000000000000, -0.000000000000000000, -0.000000000000000000 ) ) ;
#2854 = EDGE_CURVE ( 'NONE', #6647, #1831, #5348, .T. ) ;
#2855 = VECTOR ( 'NONE', #6233, 1.000000000000000000 ) ;
#2856 = FACE_OUTER_BOUND ( 'NONE', #7043, .T. ) ;
#2857 = VECTOR ( 'NONE', #694, 1.000000000000000000 ) ;
#2858 = DIRECTION ( 'NONE',  ( 0.000000000000000000, -1.000000000000000000, 0.000000000000000000 ) ) ;
#2859 = CARTESIAN_POINT ( 'NONE',  ( -1.243648648648647104, 1.722892555011814375, 0.4510000000000000120 ) ) ;
#2860 = CARTESIAN_POINT ( 'NONE',  ( 0.000000000000000000, 0.000000000000000000, 0.05100000000000000366 ) ) ;
#2861 = CARTESIAN_POINT ( 'NONE',  ( -0.03864864864864676897, 0.2041441441441443350, 0.4500000000000000111 ) ) ;
#2862 = CARTESIAN_POINT ( 'NONE',  ( -0.02364864864864699157, -0.6961949088771521854, 0.6510000000000003562 ) ) ;
#2863 = DIRECTION ( 'NONE',  ( -0.000000000000000000, -0.000000000000000000, -1.000000000000000000 ) ) ;
#2864 = ORIENTED_EDGE ( 'NONE', *, *, #703, .F. ) ;
#2865 = VECTOR ( 'NONE', #2352, 1.000000000000000000 ) ;
#2866 = VERTEX_POINT ( 'NONE', #7161 ) ;
#2867 = LINE ( 'NONE', #7641, #6920 ) ;
#2868 = ADVANCED_FACE ( 'NONE', ( #6584 ), #1776, .F. ) ;
#2869 = DIRECTION ( 'NONE',  ( -1.189524669241239115E-16, 1.000000000000000000, 0.000000000000000000 ) ) ;
#2870 = CARTESIAN_POINT ( 'NONE',  ( 1.170752172914886202, 0.2127057713251167548, 0.6520000000000003570 ) ) ;
#2871 = VERTEX_POINT ( 'NONE', #620 ) ;
#2872 = DIRECTION ( 'NONE',  ( 0.000000000000000000, -1.000000000000000000, 0.000000000000000000 ) ) ;
#2873 = CARTESIAN_POINT ( 'NONE',  ( 3.176837698566488122, -4.100459402700869838, 0.1500000000000000222 ) ) ;
#2874 = ORIENTED_EDGE ( 'NONE', *, *, #1459, .T. ) ;
#2875 = CARTESIAN_POINT ( 'NONE',  ( -0.4786486486486470349, -8.856779173924079092E-17, 0.4500000000000000111 ) ) ;
#2876 = ADVANCED_FACE ( 'NONE', ( #2357 ), #7631, .F. ) ;
#2877 = ORIENTED_EDGE ( 'NONE', *, *, #3959, .F. ) ;
#2878 = ORIENTED_EDGE ( 'NONE', *, *, #226, .T. ) ;
#2879 = ORIENTED_EDGE ( 'NONE', *, *, #4061, .F. ) ;
#2880 = EDGE_CURVE ( 'NONE', #7410, #7090, #7593, .T. ) ;
#2881 = PLANE ( 'NONE',  #6066 ) ;
#2882 = EDGE_LOOP ( 'NONE', ( #152, #2019, #5609, #3234 ) ) ;
#2883 = CARTESIAN_POINT ( 'NONE',  ( 0.7313513513513534292, 2.099144144144145407, 0.05100000000000000366 ) ) ;
#2884 = CARTESIAN_POINT ( 'NONE',  ( -1.213648648648647077, -1.905855855855854708, 0.2510000000000000009 ) ) ;
#2885 = EDGE_CURVE ( 'NONE', #3575, #3977, #3598, .T. ) ;
#2886 = DIRECTION ( 'NONE',  ( 1.000000000000000000, 9.251858538542972814E-17, -0.000000000000000000 ) ) ;
#2887 = VECTOR ( 'NONE', #782, 1.000000000000000000 ) ;
#2888 = VERTEX_POINT ( 'NONE', #5229 ) ;
#2889 = CARTESIAN_POINT ( 'NONE',  ( -1.638653815138664038, 3.349109615115158700, 0.05000000000000000278 ) ) ;
#2890 = VECTOR ( 'NONE', #3225, 1.000000000000000000 ) ;
#2891 = CARTESIAN_POINT ( 'NONE',  ( -0.03864864864864676897, 0.4941441441441443150, 0.4500000000000000111 ) ) ;
#2892 = AXIS2_PLACEMENT_3D ( 'NONE', #2332, #5785, #4153 ) ;
#2893 = PLANE ( 'NONE',  #6557 ) ;
#2894 = EDGE_CURVE ( 'NONE', #5516, #2517, #2283, .T. ) ;
#2895 = DIRECTION ( 'NONE',  ( -1.532028304060159970E-16, 1.000000000000000000, -0.000000000000000000 ) ) ;
#2896 = CARTESIAN_POINT ( 'NONE',  ( -0.4779485211280458667, -1.459372486768057531, 0.2510000000000000009 ) ) ;
#2897 = CARTESIAN_POINT ( 'NONE',  ( 1.156351351351353252, 1.724144144144144519, 0.4510000000000000120 ) ) ;
#2898 = LINE ( 'NONE', #4063, #6570 ) ;
#2899 = DIRECTION ( 'NONE',  ( -0.000000000000000000, -0.000000000000000000, -1.000000000000000000 ) ) ;
#2900 = EDGE_CURVE ( 'NONE', #6097, #7104, #4644, .T. ) ;
#2901 = CARTESIAN_POINT ( 'NONE',  ( 1.881351351351352896, -0.2508558558558546814, 0.05100000000000000366 ) ) ;
#2902 = ORIENTED_EDGE ( 'NONE', *, *, #5261, .T. ) ;
#2903 = ORIENTED_EDGE ( 'NONE', *, *, #1218, .T. ) ;
#2904 = PLANE ( 'NONE',  #2576 ) ;
#2905 = CARTESIAN_POINT ( 'NONE',  ( -1.242844139922891555, 0.5241441441441452298, 0.2520000000000000018 ) ) ;
#2906 = CARTESIAN_POINT ( 'NONE',  ( 0.7313513513513532072, 0.9491441441441444971, 0.4500000000000000111 ) ) ;
#2907 = ORIENTED_EDGE ( 'NONE', *, *, #6752, .T. ) ;
#2908 = VECTOR ( 'NONE', #6766, 1.000000000000000000 ) ;
#2909 = EDGE_CURVE ( 'NONE', #1828, #657, #6465, .T. ) ;
#2910 = CARTESIAN_POINT ( 'NONE',  ( -1.618648648648647104, 2.099144144144145407, 0.05100000000000000366 ) ) ;
#2911 = DIRECTION ( 'NONE',  ( -0.000000000000000000, 1.000000000000000000, -0.000000000000000000 ) ) ;
#2912 = ORIENTED_EDGE ( 'NONE', *, *, #732, .F. ) ;
#2913 = DIRECTION ( 'NONE',  ( 0.000000000000000000, 0.000000000000000000, 1.000000000000000000 ) ) ;
#2914 = FACE_OUTER_BOUND ( 'NONE', #2199, .T. ) ;
#2915 = VERTEX_POINT ( 'NONE', #41 ) ;
#2916 = EDGE_LOOP ( 'NONE', ( #1541, #7036, #5478, #4362 ) ) ;
#2917 = VERTEX_POINT ( 'NONE', #2398 ) ;
#2918 = LINE ( 'NONE', #6447, #993 ) ;
#2919 = EDGE_CURVE ( 'NONE', #7411, #3812, #1702, .T. ) ;
#2920 = ADVANCED_FACE ( 'NONE', ( #5845 ), #539, .T. ) ;
#2921 = ORIENTED_EDGE ( 'NONE', *, *, #5727, .F. ) ;
#2922 = CARTESIAN_POINT ( 'NONE',  ( 1.928964900017874129, -1.452608405685351434, 0.2510000000000000009 ) ) ;
#2923 = AXIS2_PLACEMENT_3D ( 'NONE', #6161, #2632, #3173 ) ;
#2924 = DIRECTION ( 'NONE',  ( 0.000000000000000000, 1.000000000000000000, 0.000000000000000000 ) ) ;
#2925 = VECTOR ( 'NONE', #4645, 1.000000000000000000 ) ;
#2926 = CARTESIAN_POINT ( 'NONE',  ( -0.4686486486486468039, -8.671742003153214163E-17, 0.4500000000000000111 ) ) ;
#2927 = EDGE_CURVE ( 'NONE', #6034, #4409, #5885, .T. ) ;
#2928 = ORIENTED_EDGE ( 'NONE', *, *, #5752, .T. ) ;
#2929 = EDGE_CURVE ( 'NONE', #4138, #2012, #4723, .T. ) ;
#2930 = VERTEX_POINT ( 'NONE', #2544 ) ;
#2931 = DIRECTION ( 'NONE',  ( 0.000000000000000000, 0.000000000000000000, 1.000000000000000000 ) ) ;
#2932 = EDGE_CURVE ( 'NONE', #1907, #146, #4907, .T. ) ;
#2933 = CARTESIAN_POINT ( 'NONE',  ( 1.186351351351353278, 1.694144144144144493, 0.4510000000000000120 ) ) ;
#2934 = CARTESIAN_POINT ( 'NONE',  ( -0.4436486486486466152, -0.2508558558558557916, 0.05000000000000000278 ) ) ;
#2935 = VERTEX_POINT ( 'NONE', #2578 ) ;
#2936 = DIRECTION ( 'NONE',  ( 1.000000000000000000, -0.000000000000000000, 0.000000000000000000 ) ) ;
#2937 = DIRECTION ( 'NONE',  ( 0.000000000000000000, 0.000000000000000000, 1.000000000000000000 ) ) ;
#2938 = CARTESIAN_POINT ( 'NONE',  ( -1.213648648648647077, -1.905855855855854708, 0.2520000000000000018 ) ) ;
#2939 = DIRECTION ( 'NONE',  ( 0.000000000000000000, -1.000000000000000000, 0.000000000000000000 ) ) ;
#2940 = FACE_OUTER_BOUND ( 'NONE', #2782, .T. ) ;
#2941 = VERTEX_POINT ( 'NONE', #839 ) ;
#2942 = EDGE_LOOP ( 'NONE', ( #284, #4497, #3120, #5791 ) ) ;
#2943 = LINE ( 'NONE', #1786, #3580 ) ;
#2944 = DIRECTION ( 'NONE',  ( 0.000000000000000000, 0.000000000000000000, -1.000000000000000000 ) ) ;
#2945 = CARTESIAN_POINT ( 'NONE',  ( -0.4686486486486469705, -1.450855855855854637, 0.4500000000000000111 ) ) ;
#2946 = ORIENTED_EDGE ( 'NONE', *, *, #773, .T. ) ;
#2947 = DIRECTION ( 'NONE',  ( 0.000000000000000000, 1.000000000000000000, 0.000000000000000000 ) ) ;
#2948 = PLANE ( 'NONE',  #5497 ) ;
#2949 = EDGE_LOOP ( 'NONE', ( #524, #5904, #6088, #7501 ) ) ;
#2950 = CARTESIAN_POINT ( 'NONE',  ( -0.8936486486486471259, -0.6758558558558546148, 0.4510000000000000120 ) ) ;
#2951 = EDGE_CURVE ( 'NONE', #1925, #5295, #7313, .T. ) ;
#2952 = ORIENTED_EDGE ( 'NONE', *, *, #7507, .F. ) ;
#2953 = EDGE_LOOP ( 'NONE', ( #5533, #5290, #2225, #995 ) ) ;
#2954 = ORIENTED_EDGE ( 'NONE', *, *, #2386, .T. ) ;
#2955 = DIRECTION ( 'NONE',  ( 1.000000000000000000, 0.000000000000000000, 0.000000000000000000 ) ) ;
#2956 = AXIS2_PLACEMENT_3D ( 'NONE', #5704, #321, #6866 ) ;
#2957 = AXIS2_PLACEMENT_3D ( 'NONE', #701, #4804, #6627 ) ;
#2958 = ORIENTED_EDGE ( 'NONE', *, *, #5062, .F. ) ;
#2959 = DIRECTION ( 'NONE',  ( -0.000000000000000000, -0.000000000000000000, -1.000000000000000000 ) ) ;
#2960 = DIRECTION ( 'NONE',  ( 2.220446049250313081E-16, -1.000000000000000000, 0.000000000000000000 ) ) ;
#2961 = CARTESIAN_POINT ( 'NONE',  ( -0.04364864864864695382, -2.225855855855854770, 0.4510000000000000120 ) ) ;
#2962 = ORIENTED_EDGE ( 'NONE', *, *, #98, .T. ) ;
#2963 = VERTEX_POINT ( 'NONE', #4403 ) ;
#2964 = FACE_OUTER_BOUND ( 'NONE', #3732, .T. ) ;
#2965 = VECTOR ( 'NONE', #7282, 1.000000000000000000 ) ;
#2966 = CARTESIAN_POINT ( 'NONE',  ( -0.02364864864864699157, -0.6961949088771521854, 0.6510000000000003562 ) ) ;
#2967 = VECTOR ( 'NONE', #3144, 1.000000000000000000 ) ;
#2968 = ORIENTED_EDGE ( 'NONE', *, *, #2900, .F. ) ;
#2969 = ADVANCED_FACE ( 'NONE', ( #2470 ), #4834, .F. ) ;
#2970 = CARTESIAN_POINT ( 'NONE',  ( 1.931351351351352941, 3.349139388805733919, 0.05000000000000000278 ) ) ;
#2971 = EDGE_CURVE ( 'NONE', #509, #972, #4943, .T. ) ;
#2972 = ORIENTED_EDGE ( 'NONE', *, *, #288, .F. ) ;
#2973 = DIRECTION ( 'NONE',  ( -0.000000000000000000, 0.000000000000000000, 1.000000000000000000 ) ) ;
#2974 = LINE ( 'NONE', #2433, #6471 ) ;
#2975 = LINE ( 'NONE', #4874, #263 ) ;
#2976 = DIRECTION ( 'NONE',  ( 0.000000000000000000, 1.000000000000000000, 0.000000000000000000 ) ) ;
#2977 = CARTESIAN_POINT ( 'NONE',  ( 1.156351351351352807, -1.025855855855854593, 0.4500000000000000111 ) ) ;
#2978 = LINE ( 'NONE', #2901, #1659 ) ;
#2979 = AXIS2_PLACEMENT_3D ( 'NONE', #5585, #3909, #5545 ) ;
#2980 = ORIENTED_EDGE ( 'NONE', *, *, #1265, .F. ) ;
#2981 = ORIENTED_EDGE ( 'NONE', *, *, #5294, .T. ) ;
#2982 = FACE_OUTER_BOUND ( 'NONE', #6361, .T. ) ;
#2983 = AXIS2_PLACEMENT_3D ( 'NONE', #1778, #1348, #7163 ) ;
#2984 = FACE_OUTER_BOUND ( 'NONE', #4097, .T. ) ;
#2985 = ADVANCED_FACE ( 'NONE', ( #5534 ), #3198, .F. ) ;
#2986 = DIRECTION ( 'NONE',  ( -0.000000000000000000, 1.000000000000000000, -0.000000000000000000 ) ) ;
#2987 = AXIS2_PLACEMENT_3D ( 'NONE', #3111, #4275, #1989 ) ;
#2988 = ORIENTED_EDGE ( 'NONE', *, *, #1807, .T. ) ;
#2989 = CARTESIAN_POINT ( 'NONE',  ( -0.02364864864864699157, -0.6961949088771521854, 0.6520000000000003570 ) ) ;
#2990 = CARTESIAN_POINT ( 'NONE',  ( -0.01364864864864695666, -2.195855855855854966, 0.4510000000000000120 ) ) ;
#2991 = ORIENTED_EDGE ( 'NONE', *, *, #7627, .F. ) ;
#2992 = AXIS2_PLACEMENT_3D ( 'NONE', #2201, #2242, #7003 ) ;
#2993 = LINE ( 'NONE', #1793, #5092 ) ;
#2994 = FILL_AREA_STYLE_COLOUR ( '', #6847 ) ;
#2995 = VECTOR ( 'NONE', #3221, 1.000000000000000000 ) ;
#2996 = ORIENTED_EDGE ( 'NONE', *, *, #4680, .T. ) ;
#2997 = ORIENTED_EDGE ( 'NONE', *, *, #5503, .F. ) ;
#2998 = VERTEX_POINT ( 'NONE', #1926 ) ;
#2999 = DIRECTION ( 'NONE',  ( -0.000000000000000000, -0.000000000000000000, -1.000000000000000000 ) ) ;
#3000 = ADVANCED_FACE ( 'NONE', ( #3083, #1385 ), #3776, .T. ) ;
#3001 = VERTEX_POINT ( 'NONE', #1421 ) ;
#3002 = ADVANCED_FACE ( 'NONE', ( #2005, #5570 ), #4323, .T. ) ;
#3003 = CARTESIAN_POINT ( 'NONE',  ( -0.4632964566313568788, -0.2619442023300436184, 0.05100000000000000366 ) ) ;
#3004 = DIRECTION ( 'NONE',  ( 1.000000000000000000, 0.000000000000000000, 0.000000000000000000 ) ) ;
#3005 = ORIENTED_EDGE ( 'NONE', *, *, #2749, .T. ) ;
#3006 = SHAPE_REPRESENTATION ( 'martial zone', ( #145 ), #3114 ) ;
#3007 = CARTESIAN_POINT ( 'NONE',  ( 1.156351351351352807, -0.6758558558558547258, 0.4510000000000000120 ) ) ;
#3008 = CARTESIAN_POINT ( 'NONE',  ( -1.382432432432432634, 1.078378378378379576, 0.05100000000000000366 ) ) ;
#3009 = ADVANCED_FACE ( 'NONE', ( #7237 ), #2042, .F. ) ;
#3010 = ORIENTED_EDGE ( 'NONE', *, *, #3675, .T. ) ;
#3011 = VECTOR ( 'NONE', #6861, 1.000000000000000000 ) ;
#3012 = DIRECTION ( 'NONE',  ( -0.000000000000000000, 1.000000000000000000, -0.000000000000000000 ) ) ;
#3013 = EDGE_CURVE ( 'NONE', #4357, #6400, #1894, .T. ) ;
#3014 = ORIENTED_EDGE ( 'NONE', *, *, #7426, .F. ) ;
#3015 = PLANE ( 'NONE',  #4208 ) ;
#3016 = VECTOR ( 'NONE', #6292, 1.000000000000000000 ) ;
#3017 = LINE ( 'NONE', #6586, #4466 ) ;
#3018 = CARTESIAN_POINT ( 'NONE',  ( 1.170752172914886202, 0.2127057713251167548, 0.6510000000000003562 ) ) ;
#3019 = DIRECTION ( 'NONE',  ( 0.000000000000000000, -1.000000000000000000, 0.000000000000000000 ) ) ;
#3020 = EDGE_CURVE ( 'NONE', #6210, #4534, #4363, .T. ) ;
#3021 = DIRECTION ( 'NONE',  ( -1.110223024625160485E-15, 1.000000000000000000, 0.000000000000000000 ) ) ;
#3022 = VECTOR ( 'NONE', #3267, 1.000000000000000000 ) ;
#3023 = ORIENTED_EDGE ( 'NONE', *, *, #7551, .T. ) ;
#3024 = EDGE_LOOP ( 'NONE', ( #3423, #3259, #5126, #1947 ) ) ;
#3025 = PLANE ( 'NONE',  #4934 ) ;
#3026 = DIRECTION ( 'NONE',  ( -0.000000000000000000, -0.000000000000000000, -1.000000000000000000 ) ) ;
#3027 = ORIENTED_EDGE ( 'NONE', *, *, #6856, .T. ) ;
#3028 = ADVANCED_FACE ( 'NONE', ( #7354 ), #4289, .F. ) ;
#3029 = PLANE ( 'NONE',  #5001 ) ;
#3030 = DIRECTION ( 'NONE',  ( 0.000000000000000000, -1.000000000000000000, 0.000000000000000000 ) ) ;
#3031 = VERTEX_POINT ( 'NONE', #3700 ) ;
#3032 = PRODUCT_CONTEXT ( 'NONE', #5242, 'mechanical' ) ;
#3033 = LINE ( 'NONE', #4810, #5373 ) ;
#3034 = ORIENTED_EDGE ( 'NONE', *, *, #6174, .F. ) ;
#3035 = ORIENTED_EDGE ( 'NONE', *, *, #5682, .F. ) ;
#3036 = ORIENTED_EDGE ( 'NONE', *, *, #4826, .T. ) ;
#3037 = DIRECTION ( 'NONE',  ( -1.000000000000000000, -0.000000000000000000, -0.000000000000000000 ) ) ;
#3038 = VECTOR ( 'NONE', #3056, 1.000000000000000000 ) ;
#3039 = CARTESIAN_POINT ( 'NONE',  ( -1.213648648648647077, -2.195855855855854966, 0.2520000000000000018 ) ) ;
#3040 = FACE_OUTER_BOUND ( 'NONE', #1266, .T. ) ;
#3041 = EDGE_CURVE ( 'NONE', #4122, #1907, #5421, .T. ) ;
#3042 = CARTESIAN_POINT ( 'NONE',  ( -2.382432432432432190, 0.07837837837837957622, 0.05100000000000000366 ) ) ;
#3043 = AXIS2_PLACEMENT_3D ( 'NONE', #3582, #6050, #232 ) ;
#3044 = EDGE_CURVE ( 'NONE', #2540, #925, #6152, .T. ) ;
#3045 = ORIENTED_EDGE ( 'NONE', *, *, #4680, .F. ) ;
#3046 = DIRECTION ( 'NONE',  ( 0.000000000000000000, -0.000000000000000000, 1.000000000000000000 ) ) ;
#3047 = CARTESIAN_POINT ( 'NONE',  ( 1.170752172914886202, 0.5027057713251168458, 0.6520000000000003570 ) ) ;
#3048 = VERTEX_POINT ( 'NONE', #766 ) ;
#3049 = VECTOR ( 'NONE', #243, 1.000000000000000000 ) ;
#3050 = CARTESIAN_POINT ( 'NONE',  ( 3.181351351351352275, 3.349144144144144963, 0.05000000000000000278 ) ) ;
#3051 = VECTOR ( 'NONE', #147, 1.000000000000000000 ) ;
#3052 = ORIENTED_EDGE ( 'NONE', *, *, #976, .T. ) ;
#3053 = DIRECTION ( 'NONE',  ( 1.000000000000000000, 0.000000000000000000, 0.000000000000000000 ) ) ;
#3054 = FACE_OUTER_BOUND ( 'NONE', #3770, .T. ) ;
#3055 = DIRECTION ( 'NONE',  ( -0.000000000000000000, 1.000000000000000000, -0.000000000000000000 ) ) ;
#3056 = DIRECTION ( 'NONE',  ( 0.000000000000000000, -1.000000000000000000, 0.000000000000000000 ) ) ;
#3057 = EDGE_LOOP ( 'NONE', ( #3335, #6237, #6188, #5747 ) ) ;
#3058 = EDGE_CURVE ( 'NONE', #2871, #1088, #728, .T. ) ;
#3059 = ORIENTED_EDGE ( 'NONE', *, *, #2018, .T. ) ;
#3060 = DIRECTION ( 'NONE',  ( -0.000000000000000000, -0.000000000000000000, -1.000000000000000000 ) ) ;
#3061 = DIRECTION ( 'NONE',  ( 0.000000000000000000, 0.000000000000000000, 1.000000000000000000 ) ) ;
#3062 = ORIENTED_EDGE ( 'NONE', *, *, #7413, .F. ) ;
#3063 = CARTESIAN_POINT ( 'NONE',  ( 0.2513513513513532249, 0.4941441441441443150, 0.4510000000000000120 ) ) ;
#3064 = CARTESIAN_POINT ( 'NONE',  ( 1.901351351351352914, 3.349139388805733919, 0.05100000000000000366 ) ) ;
#3065 = ORIENTED_EDGE ( 'NONE', *, *, #7309, .T. ) ;
#3066 = CARTESIAN_POINT ( 'NONE',  ( -0.4510550733494790299, 0.9478925550118144638, 0.2510000000000000009 ) ) ;
#3067 = ORIENTED_EDGE ( 'NONE', *, *, #2498, .F. ) ;
#3068 = EDGE_LOOP ( 'NONE', ( #3957, #5221, #3593, #4739 ) ) ;
#3069 = ORIENTED_EDGE ( 'NONE', *, *, #793, .F. ) ;
#3070 = LINE ( 'NONE', #5986, #1983 ) ;
#3071 = EDGE_CURVE ( 'NONE', #4429, #5910, #3321, .T. ) ;
#3072 = EDGE_CURVE ( 'NONE', #3448, #1672, #6845, .T. ) ;
#3073 = EDGE_CURVE ( 'NONE', #7538, #2827, #2662, .T. ) ;
#3074 = CARTESIAN_POINT ( 'NONE',  ( 1.156351351351352807, -1.025855855855854593, 0.4510000000000000120 ) ) ;
#3075 = DIRECTION ( 'NONE',  ( 1.000000000000000000, 0.000000000000000000, 0.000000000000000000 ) ) ;
#3076 = ADVANCED_FACE ( 'NONE', ( #5613 ), #6923, .F. ) ;
#3077 = ORIENTED_EDGE ( 'NONE', *, *, #589, .T. ) ;
#3078 = CARTESIAN_POINT ( 'NONE',  ( 8.781347354308070654E-17, 0.9491441441441451632, 0.4500000000000000111 ) ) ;
#3079 = CARTESIAN_POINT ( 'NONE',  ( -2.868382539233229167, -4.100766735799657781, 0.05000000000000000278 ) ) ;
#3080 = VERTEX_POINT ( 'NONE', #3978 ) ;
#3081 = LINE ( 'NONE', #4758, #3122 ) ;
#3082 = ORIENTED_EDGE ( 'NONE', *, *, #4450, .T. ) ;
#3083 = FACE_OUTER_BOUND ( 'NONE', #4572, .T. ) ;
#3084 = EDGE_CURVE ( 'NONE', #4079, #2754, #1038, .T. ) ;
#3085 = PLANE ( 'NONE',  #2489 ) ;
#3086 = CARTESIAN_POINT ( 'NONE',  ( 3.667567567567565412, 1.128378378378379621, 0.1499999999999999944 ) ) ;
#3087 = DIRECTION ( 'NONE',  ( -0.000000000000000000, -0.000000000000000000, -1.000000000000000000 ) ) ;
#3088 = ORIENTED_EDGE ( 'NONE', *, *, #4386, .F. ) ;
#3089 = COLOUR_RGB ( '',0.7921568627450980005, 0.8196078431372548767, 0.9333333333333333481 ) ;
#3090 = ORIENTED_EDGE ( 'NONE', *, *, #3453, .F. ) ;
#3091 = CARTESIAN_POINT ( 'NONE',  ( 1.186351351351353278, 1.404144144144144679, 0.4510000000000000120 ) ) ;
#3092 = CARTESIAN_POINT ( 'NONE',  ( -0.01248264923019514090, 1.404144144144144235, 0.2510000000000000009 ) ) ;
#3093 = ORIENTED_EDGE ( 'NONE', *, *, #4115, .T. ) ;
#3094 = LINE ( 'NONE', #2922, #2308 ) ;
#3095 = LINE ( 'NONE', #5472, #3639 ) ;
#3096 = DIRECTION ( 'NONE',  ( 1.000000000000000000, 0.000000000000000000, 0.000000000000000000 ) ) ;
#3097 = VECTOR ( 'NONE', #3030, 1.000000000000000000 ) ;
#3098 = ORIENTED_EDGE ( 'NONE', *, *, #2586, .T. ) ;
#3099 = ITEM_DEFINED_TRANSFORMATION ( 'NONE', 'NONE', #2129,  #145 ) ;
#3100 = DIRECTION ( 'NONE',  ( -0.000000000000000000, 1.000000000000000000, -0.000000000000000000 ) ) ;
#3102 = EDGE_CURVE ( 'NONE', #1128, #3685, #5690, .T. ) ;
#3101 = EDGE_LOOP ( 'NONE', ( #3027, #5005, #3933, #844 ) ) ;
#3103 = VECTOR ( 'NONE', #2633, 1.000000000000000000 ) ;
#3104 = ORIENTED_EDGE ( 'NONE', *, *, #318, .T. ) ;
#3105 = VERTEX_POINT ( 'NONE', #5726 ) ;
#3106 = PLANE ( 'NONE',  #3834 ) ;
#3107 = VECTOR ( 'NONE', #4710, 1.000000000000000000 ) ;
#3108 = DIRECTION ( 'NONE',  ( 1.000000000000000000, 0.000000000000000000, 0.000000000000000000 ) ) ;
#3109 = VECTOR ( 'NONE', #3981, 1.000000000000000000 ) ;
#3110 = VECTOR ( 'NONE', #1808, 1.000000000000000000 ) ;
#3111 = CARTESIAN_POINT ( 'NONE',  ( -8.781347354308063258E-17, 0.9491441441441443860, 0.4500000000000000111 ) ) ;
#3112 = DIRECTION ( 'NONE',  ( -0.000000000000000000, -0.000000000000000000, -1.000000000000000000 ) ) ;
#3113 = ADVANCED_FACE ( 'NONE', ( #5061 ), #456, .F. ) ;
#3114 =( GEOMETRIC_REPRESENTATION_CONTEXT ( 3 ) GLOBAL_UNCERTAINTY_ASSIGNED_CONTEXT ( ( #6889 ) ) GLOBAL_UNIT_ASSIGNED_CONTEXT ( ( #816, #1832, #1290 ) ) REPRESENTATION_CONTEXT ( 'NONE', 'WORKASPACE' ) );
#3115 = ORIENTED_EDGE ( 'NONE', *, *, #508, .F. ) ;
#3116 = ORIENTED_EDGE ( 'NONE', *, *, #4585, .T. ) ;
#3117 = CARTESIAN_POINT ( 'NONE',  ( -1.213648648648647077, -0.9958558558558545659, 0.4510000000000000120 ) ) ;
#3118 = ADVANCED_FACE ( 'NONE', ( #5181 ), #7430, .T. ) ;
#3119 = DIRECTION ( 'NONE',  ( -0.000000000000000000, 0.000000000000000000, -1.000000000000000000 ) ) ;
#3120 = ORIENTED_EDGE ( 'NONE', *, *, #4391, .F. ) ;
#3121 = DIRECTION ( 'NONE',  ( 1.000000000000000000, 0.000000000000000000, 0.000000000000000000 ) ) ;
#3122 = VECTOR ( 'NONE', #4720, 1.000000000000000000 ) ;
#3123 = EDGE_LOOP ( 'NONE', ( #2607, #4903, #5961, #6793 ) ) ;
#3124 = CARTESIAN_POINT ( 'NONE',  ( 0.2775173507698048825, 1.694144144144144049, 0.2520000000000000018 ) ) ;
#3125 = CARTESIAN_POINT ( 'NONE',  ( -1.661268387826372095, -2.638672188960770271, 0.2510000000000000009 ) ) ;
#3126 = CARTESIAN_POINT ( 'NONE',  ( -1.667844139922891600, 0.9478925550118144638, 0.2510000000000000009 ) ) ;
#3127 = PLANE ( 'NONE',  #4766 ) ;
#3128 = VECTOR ( 'NONE', #5902, 1.000000000000000000 ) ;
#3129 = ORIENTED_EDGE ( 'NONE', *, *, #7388, .T. ) ;
#3130 = EDGE_LOOP ( 'NONE', ( #1156, #2806, #1274, #6817 ) ) ;
#3131 = LINE ( 'NONE', #3249, #7549 ) ;
#3132 = VECTOR ( 'NONE', #5443, 1.000000000000000000 ) ;
#3133 = CARTESIAN_POINT ( 'NONE',  ( -1.212844139922891529, 0.2041441441441452787, 0.2510000000000000009 ) ) ;
#3134 = ORIENTED_EDGE ( 'NONE', *, *, #508, .T. ) ;
#3135 = DIRECTION ( 'NONE',  ( 1.000000000000000000, 0.000000000000000000, -0.000000000000000000 ) ) ;
#3136 = EDGE_CURVE ( 'NONE', #2778, #1893, #7396, .T. ) ;
#3137 = DIRECTION ( 'NONE',  ( -0.000000000000000000, -0.000000000000000000, -1.000000000000000000 ) ) ;
#3138 = CARTESIAN_POINT ( 'NONE',  ( -0.4510550733494790299, -0.2478776232719740735, 0.2510000000000000009 ) ) ;
#3139 = ORIENTED_EDGE ( 'NONE', *, *, #1272, .T. ) ;
#3140 = VECTOR ( 'NONE', #6908, 1.000000000000000000 ) ;
#3141 = CARTESIAN_POINT ( 'NONE',  ( 0.3063513513513530517, -2.225855855855854770, 0.4510000000000000120 ) ) ;
#3142 = ORIENTED_EDGE ( 'NONE', *, *, #2497, .T. ) ;
#3143 = ORIENTED_EDGE ( 'NONE', *, *, #1232, .T. ) ;
#3144 = DIRECTION ( 'NONE',  ( -1.000000000000000000, -0.000000000000000000, -0.000000000000000000 ) ) ;
#3145 = VECTOR ( 'NONE', #1286, 1.000000000000000000 ) ;
#3146 = LINE ( 'NONE', #6829, #1569 ) ;
#3147 = LINE ( 'NONE', #5408, #1626 ) ;
#3148 = LINE ( 'NONE', #6175, #3750 ) ;
#3149 = VECTOR ( 'NONE', #3087, 1.000000000000000000 ) ;
#3150 = EDGE_CURVE ( 'NONE', #4396, #3633, #380, .T. ) ;
#3151 = VERTEX_POINT ( 'NONE', #880 ) ;
#3152 = VERTEX_POINT ( 'NONE', #4559 ) ;
#3153 = LINE ( 'NONE', #7229, #5149 ) ;
#3154 = VECTOR ( 'NONE', #3697, 1.000000000000000000 ) ;
#3155 = FACE_OUTER_BOUND ( 'NONE', #6288, .T. ) ;
#3156 = ORIENTED_EDGE ( 'NONE', *, *, #6038, .T. ) ;
#3157 = EDGE_CURVE ( 'NONE', #4432, #2941, #1537, .T. ) ;
#3158 = DIRECTION ( 'NONE',  ( -0.000000000000000000, -0.000000000000000000, -1.000000000000000000 ) ) ;
#3159 = EDGE_CURVE ( 'NONE', #5137, #3867, #3899, .T. ) ;
#3160 = EDGE_CURVE ( 'NONE', #1970, #2866, #6270, .T. ) ;
#3161 = VERTEX_POINT ( 'NONE', #1615 ) ;
#3162 = DIRECTION ( 'NONE',  ( -0.000000000000000000, 0.000000000000000000, 1.000000000000000000 ) ) ;
#3163 = DIRECTION ( 'NONE',  ( -0.000000000000000000, -0.000000000000000000, -1.000000000000000000 ) ) ;
#3164 = CARTESIAN_POINT ( 'NONE',  ( 1.156351351351352807, -0.6758558558558547258, 0.4510000000000000120 ) ) ;
#3165 = AXIS2_PLACEMENT_3D ( 'NONE', #812, #278, #3135 ) ;
#3166 = VERTEX_POINT ( 'NONE', #6886 ) ;
#3167 = ADVANCED_FACE ( 'NONE', ( #958 ), #4600, .F. ) ;
#3168 = ORIENTED_EDGE ( 'NONE', *, *, #2666, .F. ) ;
#3169 = VECTOR ( 'NONE', #1731, 1.000000000000000000 ) ;
#3170 = DIRECTION ( 'NONE',  ( -0.000000000000000000, 1.000000000000000000, -0.000000000000000000 ) ) ;
#3171 = CARTESIAN_POINT ( 'NONE',  ( 1.931351351351352941, 2.149144144144145230, 0.4500000000000000111 ) ) ;
#3172 = ORIENTED_EDGE ( 'NONE', *, *, #2919, .T. ) ;
#3173 = DIRECTION ( 'NONE',  ( -0.000000000000000000, 0.000000000000000000, -1.000000000000000000 ) ) ;
#3174 = DIRECTION ( 'NONE',  ( 0.000000000000000000, 1.000000000000000000, 0.000000000000000000 ) ) ;
#3175 = FACE_BOUND ( 'NONE', #2440, .T. ) ;
#3176 = FACE_OUTER_BOUND ( 'NONE', #2422, .T. ) ;
#3177 = DIRECTION ( 'NONE',  ( 1.000000000000000000, 0.000000000000000000, 0.000000000000000000 ) ) ;
#3178 = DIRECTION ( 'NONE',  ( 0.000000000000000000, 1.000000000000000000, 0.000000000000000000 ) ) ;
#3179 = ORIENTED_EDGE ( 'NONE', *, *, #6438, .F. ) ;
#3180 = ORIENTED_EDGE ( 'NONE', *, *, #6756, .T. ) ;
#3181 = DIRECTION ( 'NONE',  ( -0.000000000000000000, 0.000000000000000000, -1.000000000000000000 ) ) ;
#3182 = ADVANCED_FACE ( 'NONE', ( #5102 ), #7472, .F. ) ;
#3183 = CARTESIAN_POINT ( 'NONE',  ( -1.638653815138664038, 3.349109615115158700, 0.05100000000000000366 ) ) ;
#3184 = DIRECTION ( 'NONE',  ( -0.000000000000000000, -0.000000000000000000, -1.000000000000000000 ) ) ;
#3185 = PLANE ( 'NONE',  #2615 ) ;
#3186 = EDGE_CURVE ( 'NONE', #4913, #5947, #1497, .T. ) ;
#3187 = LINE ( 'NONE', #4390, #5994 ) ;
#3188 = ORIENTED_EDGE ( 'NONE', *, *, #5989, .F. ) ;
#3189 = CARTESIAN_POINT ( 'NONE',  ( 0.6175675675675673659, 1.078378378378379576, 0.05000000000000000278 ) ) ;
#3190 = VERTEX_POINT ( 'NONE', #6501 ) ;
#3191 = VERTEX_POINT ( 'NONE', #5800 ) ;
#3192 = CARTESIAN_POINT ( 'NONE',  ( -1.382432432432432634, 1.078378378378379576, 0.05000000000000000278 ) ) ;
#3193 = CARTESIAN_POINT ( 'NONE',  ( 1.140752172914886176, 0.5327057713251168725, 0.6520000000000003570 ) ) ;
#3194 = ORIENTED_EDGE ( 'NONE', *, *, #5492, .T. ) ;
#3195 = VECTOR ( 'NONE', #503, 1.000000000000000000 ) ;
#3196 = LINE ( 'NONE', #6113, #3897 ) ;
#3197 = ORIENTED_EDGE ( 'NONE', *, *, #3969, .F. ) ;
#3198 = PLANE ( 'NONE',  #6644 ) ;
#3199 = AXIS2_PLACEMENT_3D ( 'NONE', #6550, #153, #2515 ) ;
#3200 = DIRECTION ( 'NONE',  ( 1.000000000000000000, -0.000000000000000000, -0.000000000000000000 ) ) ;
#3201 = ADVANCED_FACE ( 'NONE', ( #2851 ), #7002, .F. ) ;
#3202 = DIRECTION ( 'NONE',  ( 1.189524669241239608E-16, -1.000000000000000000, 0.000000000000000000 ) ) ;
#3203 = EDGE_CURVE ( 'NONE', #5558, #4190, #612, .T. ) ;
#3204 = ORIENTED_EDGE ( 'NONE', *, *, #5305, .T. ) ;
#3205 = VECTOR ( 'NONE', #228, 1.000000000000000000 ) ;
#3206 = ORIENTED_EDGE ( 'NONE', *, *, #5341, .F. ) ;
#3207 = CARTESIAN_POINT ( 'NONE',  ( 3.617567567567566034, 0.7283783783783794874, 0.1509999999999999953 ) ) ;
#3208 = DIRECTION ( 'NONE',  ( 0.000000000000000000, -1.000000000000000000, 0.000000000000000000 ) ) ;
#3209 = VERTEX_POINT ( 'NONE', #2889 ) ;
#3210 = CARTESIAN_POINT ( 'NONE',  ( -0.05364864864864699046, -0.6661949088771521588, 0.6520000000000003570 ) ) ;
#3211 = CARTESIAN_POINT ( 'NONE',  ( -0.4686486486486469705, -2.600855855855854770, 0.05100000000000000366 ) ) ;
#3212 = PLANE ( 'NONE',  #2979 ) ;
#3213 = DIRECTION ( 'NONE',  ( 0.000000000000000000, -1.000000000000000000, 0.000000000000000000 ) ) ;
#3214 = LINE ( 'NONE', #4454, #6605 ) ;
#3215 = VECTOR ( 'NONE', #2587, 1.000000000000000000 ) ;
#3216 = VECTOR ( 'NONE', #7617, 1.000000000000000000 ) ;
#3217 = EDGE_LOOP ( 'NONE', ( #529, #3349, #3425, #1487, #1250 ) ) ;
#3218 = VERTEX_POINT ( 'NONE', #6419 ) ;
#3219 = DIRECTION ( 'NONE',  ( -0.000000000000000000, -0.000000000000000000, -1.000000000000000000 ) ) ;
#3220 = EDGE_CURVE ( 'NONE', #2941, #962, #7037, .T. ) ;
#3221 = DIRECTION ( 'NONE',  ( -1.000000000000000000, -0.000000000000000000, -0.000000000000000000 ) ) ;
#3222 = DIRECTION ( 'NONE',  ( 1.000000000000000000, 0.000000000000000000, 0.000000000000000000 ) ) ;
#3223 = VECTOR ( 'NONE', #3096, 1.000000000000000000 ) ;
#3224 = CARTESIAN_POINT ( 'NONE',  ( -0.1824324324324324009, 0.7783783783783795318, 0.05000000000000000278 ) ) ;
#3225 = DIRECTION ( 'NONE',  ( 0.000000000000000000, -1.000000000000000000, 0.000000000000000000 ) ) ;
#3226 = DIRECTION ( 'NONE',  ( -0.000000000000000000, -0.000000000000000000, -1.000000000000000000 ) ) ;
#3227 = EDGE_LOOP ( 'NONE', ( #7272, #4586, #4730, #5878 ) ) ;
#3228 = VECTOR ( 'NONE', #6007, 1.000000000000000000 ) ;
#3229 = LINE ( 'NONE', #2654, #5573 ) ;
#3230 = EDGE_CURVE ( 'NONE', #304, #2915, #2349, .T. ) ;
#3231 = VECTOR ( 'NONE', #3480, 1.000000000000000000 ) ;
#3232 = VERTEX_POINT ( 'NONE', #6535 ) ;
#3233 = EDGE_CURVE ( 'NONE', #7410, #21, #5265, .T. ) ;
#3234 = ORIENTED_EDGE ( 'NONE', *, *, #6538, .T. ) ;
#3235 = CARTESIAN_POINT ( 'NONE',  ( 3.176837698566487234, 3.348351809431109327, 0.1500000000000000222 ) ) ;
#3236 = CARTESIAN_POINT ( 'NONE',  ( -1.213648648648647077, 1.692892555011814348, 0.4510000000000000120 ) ) ;
#3237 = VECTOR ( 'NONE', #1039, 1.000000000000000000 ) ;
#3238 = VECTOR ( 'NONE', #7642, 1.000000000000000000 ) ;
#3239 = ORIENTED_EDGE ( 'NONE', *, *, #2831, .T. ) ;
#3240 = FACE_OUTER_BOUND ( 'NONE', #3625, .T. ) ;
#3241 = ADVANCED_FACE ( 'NONE', ( #1151 ), #492, .T. ) ;
#3242 = ORIENTED_EDGE ( 'NONE', *, *, #6926, .T. ) ;
#3243 = DIRECTION ( 'NONE',  ( 0.000000000000000000, 1.000000000000000000, 0.000000000000000000 ) ) ;
#3244 = LINE ( 'NONE', #7275, #2734 ) ;
#3245 = CARTESIAN_POINT ( 'NONE',  ( 1.186351351351353278, 1.404144144144144679, 0.4500000000000000111 ) ) ;
#3246 = ORIENTED_EDGE ( 'NONE', *, *, #3160, .T. ) ;
#3247 = ADVANCED_FACE ( 'NONE', ( #2315 ), #4640, .T. ) ;
#3248 = ORIENTED_EDGE ( 'NONE', *, *, #5223, .T. ) ;
#3249 = CARTESIAN_POINT ( 'NONE',  ( 0.2763513513513530251, -1.905855855855854708, 0.4510000000000000120 ) ) ;
#3250 = EDGE_CURVE ( 'NONE', #6123, #2465, #3470, .T. ) ;
#3251 = LINE ( 'NONE', #5541, #6806 ) ;
#3252 = EDGE_LOOP ( 'NONE', ( #5215, #124, #34, #6650 ) ) ;
#3253 = DIRECTION ( 'NONE',  ( 0.000000000000000000, 1.000000000000000000, 0.000000000000000000 ) ) ;
#3254 = CARTESIAN_POINT ( 'NONE',  ( -0.02364864864864699157, -0.6961949088771521854, 0.6520000000000003570 ) ) ;
#3255 = DIRECTION ( 'NONE',  ( 1.850371707708594070E-16, -1.000000000000000000, 0.000000000000000000 ) ) ;
#3256 = DIRECTION ( 'NONE',  ( -0.000000000000000000, 0.000000000000000000, -1.000000000000000000 ) ) ;
#3257 = PLANE ( 'NONE',  #3387 ) ;
#3258 = ORIENTED_EDGE ( 'NONE', *, *, #3585, .T. ) ;
#3259 = ORIENTED_EDGE ( 'NONE', *, *, #4113, .F. ) ;
#3260 = PLANE ( 'NONE',  #365 ) ;
#3261 = EDGE_CURVE ( 'NONE', #5163, #3190, #7080, .T. ) ;
#3262 = AXIS2_PLACEMENT_3D ( 'NONE', #7063, #1758, #4119 ) ;
#3263 = LINE ( 'NONE', #2023, #7450 ) ;
#3264 = DIRECTION ( 'NONE',  ( -0.000000000000000000, -0.000000000000000000, -1.000000000000000000 ) ) ;
#3265 = ADVANCED_FACE ( 'NONE', ( #2964 ), #1770, .F. ) ;
#3266 = VECTOR ( 'NONE', #6909, 1.000000000000000000 ) ;
#3267 = DIRECTION ( 'NONE',  ( 1.000000000000000000, 0.000000000000000000, 0.000000000000000000 ) ) ;
#3268 = CARTESIAN_POINT ( 'NONE',  ( 3.667567567567565856, -0.9216216216216202017, 0.1499999999999999944 ) ) ;
#3269 = CARTESIAN_POINT ( 'NONE',  ( -1.668653815138664065, 3.349109615115158700, 0.05000000000000000278 ) ) ;
#3270 = SURFACE_STYLE_FILL_AREA ( #3846 ) ;
#3271 = ORIENTED_EDGE ( 'NONE', *, *, #1531, .F. ) ;
#3272 = VECTOR ( 'NONE', #1094, 1.000000000000000000 ) ;
#3273 = CARTESIAN_POINT ( 'NONE',  ( -0.01248264923019514090, 1.404144144144144235, 0.2510000000000000009 ) ) ;
#3274 = ORIENTED_EDGE ( 'NONE', *, *, #4113, .T. ) ;
#3275 = VERTEX_POINT ( 'NONE', #71 ) ;
#3276 = FACE_OUTER_BOUND ( 'NONE', #6560, .T. ) ;
#3277 = DIRECTION ( 'NONE',  ( 1.000000000000000000, 1.376309534659284821E-16, 0.000000000000000000 ) ) ;
#3278 = EDGE_CURVE ( 'NONE', #4433, #5474, #652, .T. ) ;
#3279 = PRODUCT_RELATED_PRODUCT_CATEGORY ( 'part', '', ( #3922 ) ) ;
#3280 = DIRECTION ( 'NONE',  ( 0.000000000000000000, -1.000000000000000000, 0.000000000000000000 ) ) ;
#3281 = ORIENTED_EDGE ( 'NONE', *, *, #288, .T. ) ;
#3282 = CARTESIAN_POINT ( 'NONE',  ( 0.2513513513513532249, 0.2041441441441443350, 0.4510000000000000120 ) ) ;
#3283 = CARTESIAN_POINT ( 'NONE',  ( 3.617567567567565590, 0.7283783783783794874, 0.1499999999999999944 ) ) ;
#3284 = CARTESIAN_POINT ( 'NONE',  ( -0.03864864864864676897, 0.4941441441441443150, 0.4510000000000000120 ) ) ;
#3285 = EDGE_CURVE ( 'NONE', #748, #1755, #4754, .T. ) ;
#3286 = EDGE_LOOP ( 'NONE', ( #7283, #2051, #4158, #1189 ) ) ;
#3287 = ORIENTED_EDGE ( 'NONE', *, *, #133, .T. ) ;
#3288 = DIRECTION ( 'NONE',  ( -1.000000000000000000, 0.000000000000000000, 0.000000000000000000 ) ) ;
#3289 = CARTESIAN_POINT ( 'NONE',  ( -2.382432432432432190, -0.9216216216216202017, 0.1499999999999999944 ) ) ;
#3290 = ORIENTED_EDGE ( 'NONE', *, *, #2776, .T. ) ;
#3291 = AXIS2_PLACEMENT_3D ( 'NONE', #6895, #3292, #1583 ) ;
#3292 = DIRECTION ( 'NONE',  ( 0.000000000000000000, 0.000000000000000000, -1.000000000000000000 ) ) ;
#3293 = CARTESIAN_POINT ( 'NONE',  ( 0.000000000000000000, -0.2508558558558557916, 0.05000000000000000278 ) ) ;
#3294 = CARTESIAN_POINT ( 'NONE',  ( 1.186351351351352834, -2.195855855855854966, 0.2520000000000000018 ) ) ;
#3295 = PLANE ( 'NONE',  #847 ) ;
#3296 = DIRECTION ( 'NONE',  ( 1.000000000000000000, 0.000000000000000000, 0.000000000000000000 ) ) ;
#3297 = EDGE_LOOP ( 'NONE', ( #4803, #7399, #333, #6836 ) ) ;
#3298 = ORIENTED_EDGE ( 'NONE', *, *, #5227, .F. ) ;
#3299 = VECTOR ( 'NONE', #2294, 1.000000000000000000 ) ;
#3300 = CARTESIAN_POINT ( 'NONE',  ( 1.476351351351352870, -2.195855855855854966, 0.2510000000000000009 ) ) ;
#3301 = CARTESIAN_POINT ( 'NONE',  ( 0.000000000000000000, 0.000000000000000000, 0.1499999999999999944 ) ) ;
#3302 = CARTESIAN_POINT ( 'NONE',  ( -2.432432432432432456, 1.128378378378379621, 0.1499999999999999944 ) ) ;
#3303 = VECTOR ( 'NONE', #5499, 1.000000000000000000 ) ;
#3304 = CARTESIAN_POINT ( 'NONE',  ( -1.661268387826372095, -1.459372486768057531, 0.05100000000000000366 ) ) ;
#3305 = CARTESIAN_POINT ( 'NONE',  ( 0.000000000000000000, 0.000000000000000000, 0.05100000000000000366 ) ) ;
#3306 = CARTESIAN_POINT ( 'NONE',  ( 0.3075173507698048536, 1.724144144144144075, 0.2520000000000000018 ) ) ;
#3307 = DIRECTION ( 'NONE',  ( 1.000000000000000000, 0.000000000000000000, 0.000000000000000000 ) ) ;
#3308 = EDGE_CURVE ( 'NONE', #2844, #1362, #7626, .T. ) ;
#3309 = ADVANCED_FACE ( 'NONE', ( #4792 ), #7155, .T. ) ;
#3310 = ORIENTED_EDGE ( 'NONE', *, *, #5376, .F. ) ;
#3311 = ORIENTED_EDGE ( 'NONE', *, *, #3159, .F. ) ;
#3312 = DIRECTION ( 'NONE',  ( -1.189524669241239608E-16, 1.000000000000000000, 0.000000000000000000 ) ) ;
#3313 = ADVANCED_FACE ( 'NONE', ( #1810 ), #4054, .F. ) ;
#3314 = EDGE_CURVE ( 'NONE', #3604, #4259, #1108, .T. ) ;
#3315 = ORIENTED_EDGE ( 'NONE', *, *, #936, .T. ) ;
#3316 = DIRECTION ( 'NONE',  ( 0.000000000000000000, -1.000000000000000000, 0.000000000000000000 ) ) ;
#3317 = LINE ( 'NONE', #5247, #2378 ) ;
#3318 = CARTESIAN_POINT ( 'NONE',  ( 3.176837698566487234, 3.348351809431109327, 0.1500000000000000222 ) ) ;
#3319 = EDGE_CURVE ( 'NONE', #3463, #6049, #137, .T. ) ;
#3320 = ORIENTED_EDGE ( 'NONE', *, *, #6686, .T. ) ;
#3321 = LINE ( 'NONE', #921, #7638 ) ;
#3322 = CARTESIAN_POINT ( 'NONE',  ( 1.931351351351352941, 2.149144144144145230, 0.05100000000000000366 ) ) ;
#3323 = UNCERTAINTY_MEASURE_WITH_UNIT (LENGTH_MEASURE( 1.000000000000000082E-05 ), #781, 'distance_accuracy_value', 'NONE');
#3324 = ORIENTED_EDGE ( 'NONE', *, *, #1365, .F. ) ;
#3325 = DIRECTION ( 'NONE',  ( 0.000000000000000000, 1.000000000000000000, 0.000000000000000000 ) ) ;
#3326 = VECTOR ( 'NONE', #5043, 1.000000000000000000 ) ;
#3327 = ADVANCED_FACE ( 'NONE', ( #7190 ), #1340, .F. ) ;
#3328 = CARTESIAN_POINT ( 'NONE',  ( -2.382432432432432190, -0.8716216216216201573, 0.04899999999999998801 ) ) ;
#3329 = VERTEX_POINT ( 'NONE', #6035 ) ;
#3330 = DIRECTION ( 'NONE',  ( -0.000000000000000000, -0.000000000000000000, -1.000000000000000000 ) ) ;
#3331 = CARTESIAN_POINT ( 'NONE',  ( -2.432432432432432456, 1.128378378378379621, 0.000000000000000000 ) ) ;
#3332 = LINE ( 'NONE', #814, #1744 ) ;
#3333 = CARTESIAN_POINT ( 'NONE',  ( -1.661268387826372095, -1.459372486768057531, 0.05100000000000000366 ) ) ;
#3334 = CARTESIAN_POINT ( 'NONE',  ( -1.667844139922891600, -0.2478776232719740735, 0.2510000000000000009 ) ) ;
#3335 = ORIENTED_EDGE ( 'NONE', *, *, #1375, .T. ) ;
#3336 = EDGE_LOOP ( 'NONE', ( #3538, #1355, #6284, #700, #4444, #4690, #7312, #7289, #6658, #2183 ) ) ;
#3337 = CARTESIAN_POINT ( 'NONE',  ( -1.243648648648647104, -1.875855855855854681, 0.2520000000000000018 ) ) ;
#3338 = CARTESIAN_POINT ( 'NONE',  ( -1.618648648648647104, -2.600855855855854770, 0.05100000000000000366 ) ) ;
#3339 = CARTESIAN_POINT ( 'NONE',  ( -1.243648648648647104, 1.372892555011814508, 0.4510000000000000120 ) ) ;
#3340 = ORIENTED_EDGE ( 'NONE', *, *, #602, .T. ) ;
#3341 = VECTOR ( 'NONE', #2320, 1.000000000000000000 ) ;
#3342 = LINE ( 'NONE', #1478, #4378 ) ;
#3343 = DIRECTION ( 'NONE',  ( -0.000000000000000000, -0.000000000000000000, -1.000000000000000000 ) ) ;
#3344 = VECTOR ( 'NONE', #2456, 1.000000000000000000 ) ;
#3345 = CARTESIAN_POINT ( 'NONE',  ( 1.931351351351352941, -2.650855855855854593, 0.05000000000000000278 ) ) ;
#3346 = EDGE_CURVE ( 'NONE', #679, #3759, #759, .T. ) ;
#3347 = CARTESIAN_POINT ( 'NONE',  ( 3.667567567567565412, 1.128378378378379621, 0.000000000000000000 ) ) ;
#3348 = EDGE_CURVE ( 'NONE', #2191, #920, #722, .T. ) ;
#3349 = ORIENTED_EDGE ( 'NONE', *, *, #3186, .T. ) ;
#3350 = VERTEX_POINT ( 'NONE', #3771 ) ;
#3351 = CARTESIAN_POINT ( 'NONE',  ( 1.931351351351352941, -1.450855855855854637, 0.05099999999999998979 ) ) ;
#3352 = ORIENTED_EDGE ( 'NONE', *, *, #3020, .T. ) ;
#3353 = DIRECTION ( 'NONE',  ( -0.000000000000000000, -0.000000000000000000, -1.000000000000000000 ) ) ;
#3354 = EDGE_CURVE ( 'NONE', #1825, #600, #2500, .T. ) ;
#3355 = CARTESIAN_POINT ( 'NONE',  ( 1.156351351351353252, 1.724144144144144519, 0.4500000000000000111 ) ) ;
#3356 = VECTOR ( 'NONE', #2323, 1.000000000000000000 ) ;
#3357 = VECTOR ( 'NONE', #6232, 1.000000000000000000 ) ;
#3358 = CARTESIAN_POINT ( 'NONE',  ( 1.476351351351352870, -0.9958558558558545659, 0.4510000000000000120 ) ) ;
#3359 = VECTOR ( 'NONE', #131, 1.000000000000000000 ) ;
#3360 = ORIENTED_EDGE ( 'NONE', *, *, #1916, .T. ) ;
#3361 = DIRECTION ( 'NONE',  ( -0.000000000000000000, 0.000000000000000000, -1.000000000000000000 ) ) ;
#3362 = EDGE_CURVE ( 'NONE', #2290, #2637, #3153, .T. ) ;
#3363 = DIRECTION ( 'NONE',  ( 1.256179068810792237E-16, -1.000000000000000000, 0.000000000000000000 ) ) ;
#3364 = VECTOR ( 'NONE', #3624, 1.000000000000000000 ) ;
#3365 = ORIENTED_EDGE ( 'NONE', *, *, #1006, .F. ) ;
#3366 = DIRECTION ( 'NONE',  ( -1.000000000000000000, -2.166288828536891256E-16, 0.000000000000000000 ) ) ;
#3367 = FACE_BOUND ( 'NONE', #5985, .T. ) ;
#3368 = EDGE_LOOP ( 'NONE', ( #7016, #4017, #7370, #7647 ) ) ;
#3369 = LINE ( 'NONE', #7009, #7262 ) ;
#3370 = CARTESIAN_POINT ( 'NONE',  ( -1.668648648648647148, -0.2508558558558546814, 0.4500000000000000111 ) ) ;
#3371 = DIRECTION ( 'NONE',  ( 1.000000000000000000, 0.000000000000000000, 0.000000000000000000 ) ) ;
#3372 = FACE_OUTER_BOUND ( 'NONE', #4360, .T. ) ;
#3373 = DIRECTION ( 'NONE',  ( 0.000000000000000000, -1.000000000000000000, 0.000000000000000000 ) ) ;
#3374 = VERTEX_POINT ( 'NONE', #3693 ) ;
#3375 = EDGE_LOOP ( 'NONE', ( #1910, #5082, #4369, #3651 ) ) ;
#3376 = PLANE ( 'NONE',  #3942 ) ;
#3377 = LINE ( 'NONE', #2258, #1381 ) ;
#3378 = EDGE_CURVE ( 'NONE', #6212, #6445, #6610, .T. ) ;
#3379 = CARTESIAN_POINT ( 'NONE',  ( -0.4786486486486470349, -8.856779173924079092E-17, 0.4500000000000000111 ) ) ;
#3380 = ORIENTED_EDGE ( 'NONE', *, *, #5632, .F. ) ;
#3381 = ORIENTED_EDGE ( 'NONE', *, *, #2389, .T. ) ;
#3382 = CARTESIAN_POINT ( 'NONE',  ( 1.913785313619750461, -2.650960111606672331, 0.05100000000000000366 ) ) ;
#3383 = CARTESIAN_POINT ( 'NONE',  ( 1.156351351351353252, 1.724144144144144519, 0.4510000000000000120 ) ) ;
#3384 = CARTESIAN_POINT ( 'NONE',  ( -1.668653815138664065, 2.149178435024714506, 0.05000000000000000278 ) ) ;
#3385 = SURFACE_STYLE_USAGE ( .BOTH. , #5641 ) ;
#3386 = ORIENTED_EDGE ( 'NONE', *, *, #5106, .F. ) ;
#3387 = AXIS2_PLACEMENT_3D ( 'NONE', #5629, #5118, #317 ) ;
#3388 = ORIENTED_EDGE ( 'NONE', *, *, #4812, .F. ) ;
#3389 = ORIENTED_EDGE ( 'NONE', *, *, #5450, .F. ) ;
#3390 = CARTESIAN_POINT ( 'NONE',  ( 0.000000000000000000, 0.000000000000000000, 0.2520000000000000018 ) ) ;
#3391 = ORIENTED_EDGE ( 'NONE', *, *, #6252, .F. ) ;
#3392 = VECTOR ( 'NONE', #2651, 1.000000000000000000 ) ;
#3393 = FACE_BOUND ( 'NONE', #5606, .T. ) ;
#3394 = VECTOR ( 'NONE', #7022, 1.000000000000000000 ) ;
#3395 = EDGE_CURVE ( 'NONE', #1317, #2827, #5527, .T. ) ;
#3396 = DIRECTION ( 'NONE',  ( 0.000000000000000000, -0.000000000000000000, 1.000000000000000000 ) ) ;
#3397 = ORIENTED_EDGE ( 'NONE', *, *, #7475, .F. ) ;
#3398 = DIRECTION ( 'NONE',  ( -0.000000000000000000, -0.000000000000000000, -1.000000000000000000 ) ) ;
#3399 = CARTESIAN_POINT ( 'NONE',  ( 1.506351351351352896, -1.875855855855854681, 0.2520000000000000018 ) ) ;
#3400 = ADVANCED_FACE ( 'NONE', ( #1377 ), #2614, .T. ) ;
#3401 = ADVANCED_FACE ( 'NONE', ( #1304 ), #5490, .F. ) ;
#3402 = VERTEX_POINT ( 'NONE', #4938 ) ;
#3403 = CARTESIAN_POINT ( 'NONE',  ( -0.04248264923019517969, 1.724144144144144075, 0.2520000000000000018 ) ) ;
#3404 = AXIS2_PLACEMENT_3D ( 'NONE', #1821, #3637, #1315 ) ;
#3405 = PRESENTATION_STYLE_ASSIGNMENT (( #4566 ) ) ;
#3406 = CARTESIAN_POINT ( 'NONE',  ( -0.9228441399228916042, 0.4941441441441452032, 0.2520000000000000018 ) ) ;
#3407 = DIRECTION ( 'NONE',  ( 7.930164461608258714E-17, -1.000000000000000000, 0.000000000000000000 ) ) ;
#3408 = DIRECTION ( 'NONE',  ( -1.000000000000000000, -3.172065784643303486E-16, 0.000000000000000000 ) ) ;
#3409 = DIRECTION ( 'NONE',  ( -1.586032892321651743E-16, 1.000000000000000000, -0.000000000000000000 ) ) ;
#3410 = CARTESIAN_POINT ( 'NONE',  ( 0.7324691333359016898, -2.600855855855854770, 0.05100000000000000366 ) ) ;
#3411 = ADVANCED_FACE ( 'NONE', ( #3626 ), #1957, .T. ) ;
#3412 = ORIENTED_EDGE ( 'NONE', *, *, #4597, .T. ) ;
#3413 = ORIENTED_EDGE ( 'NONE', *, *, #4948, .F. ) ;
#3414 = CARTESIAN_POINT ( 'NONE',  ( -1.243648648648647104, 1.722892555011814375, 0.4500000000000000111 ) ) ;
#3415 = CARTESIAN_POINT ( 'NONE',  ( -0.06864864864864676786, 0.5241441441441443416, 0.4510000000000000120 ) ) ;
#3416 = CARTESIAN_POINT ( 'NONE',  ( -0.06864864864864676786, 0.5241441441441443416, 0.4510000000000000120 ) ) ;
#3417 = VERTEX_POINT ( 'NONE', #3734 ) ;
#3418 = DIRECTION ( 'NONE',  ( 0.000000000000000000, -0.000000000000000000, -1.000000000000000000 ) ) ;
#3419 = LINE ( 'NONE', #4580, #3883 ) ;
#3420 = VERTEX_POINT ( 'NONE', #4980 ) ;
#3421 = FACE_OUTER_BOUND ( 'NONE', #3057, .T. ) ;
#3422 = VECTOR ( 'NONE', #2196, 1.000000000000000000 ) ;
#3423 = ORIENTED_EDGE ( 'NONE', *, *, #4817, .F. ) ;
#3424 = EDGE_LOOP ( 'NONE', ( #3919, #74, #4623, #5906 ) ) ;
#3425 = ORIENTED_EDGE ( 'NONE', *, *, #3979, .F. ) ;
#3426 = LINE ( 'NONE', #2269, #5331 ) ;
#3427 = AXIS2_PLACEMENT_3D ( 'NONE', #6385, #534, #1073 ) ;
#3428 = EDGE_CURVE ( 'NONE', #1634, #4657, #6108, .T. ) ;
#3429 = EDGE_LOOP ( 'NONE', ( #1177, #4554, #4796, #4691, #5530, #3413 ) ) ;
#3430 = CARTESIAN_POINT ( 'NONE',  ( 0.3063513513513530517, -2.225855855855854770, 0.4510000000000000120 ) ) ;
#3431 = DIRECTION ( 'NONE',  ( -0.000000000000000000, -0.000000000000000000, -1.000000000000000000 ) ) ;
#3432 = DIRECTION ( 'NONE',  ( 0.000000000000000000, 0.000000000000000000, 1.000000000000000000 ) ) ;
#3433 = ORIENTED_EDGE ( 'NONE', *, *, #6595, .T. ) ;
#3434 = DIRECTION ( 'NONE',  ( 0.000000000000000000, 0.000000000000000000, 1.000000000000000000 ) ) ;
#3435 = CARTESIAN_POINT ( 'NONE',  ( -0.06864864864864676786, 0.5241441441441443416, 0.4500000000000000111 ) ) ;
#3436 = EDGE_CURVE ( 'NONE', #2448, #1603, #7347, .T. ) ;
#3437 = LINE ( 'NONE', #5228, #2143 ) ;
#3438 = DIRECTION ( 'NONE',  ( -0.000000000000000000, 0.000000000000000000, 1.000000000000000000 ) ) ;
#3439 = EDGE_CURVE ( 'NONE', #1279, #470, #4358, .T. ) ;
#3440 = ADVANCED_FACE ( 'NONE', ( #255 ), #6575, .F. ) ;
#3441 = DIRECTION ( 'NONE',  ( -1.000000000000000000, -0.000000000000000000, -0.000000000000000000 ) ) ;
#3442 = EDGE_CURVE ( 'NONE', #4963, #5603, #2463, .T. ) ;
#3443 = CARTESIAN_POINT ( 'NONE',  ( -2.432432432432432012, -0.9216216216216202017, 0.1499999999999999944 ) ) ;
#3444 = CARTESIAN_POINT ( 'NONE',  ( 0.2663513513513530162, -0.9861949088771519989, 0.6510000000000003562 ) ) ;
#3445 = LINE ( 'NONE', #3522, #5926 ) ;
#3446 = DIRECTION ( 'NONE',  ( -1.000000000000000000, -1.192237920446390406E-16, 0.000000000000000000 ) ) ;
#3447 = VERTEX_POINT ( 'NONE', #2810 ) ;
#3448 = VERTEX_POINT ( 'NONE', #3894 ) ;
#3449 = CARTESIAN_POINT ( 'NONE',  ( 0.000000000000000000, 0.000000000000000000, 0.6510000000000003562 ) ) ;
#3450 = FACE_OUTER_BOUND ( 'NONE', #7097, .T. ) ;
#3451 = DIRECTION ( 'NONE',  ( 1.000000000000000000, -9.654113257610057838E-17, 0.000000000000000000 ) ) ;
#3452 = ORIENTED_EDGE ( 'NONE', *, *, #1624, .T. ) ;
#3453 = EDGE_CURVE ( 'NONE', #2866, #258, #7424, .T. ) ;
#3454 = PLANE ( 'NONE',  #4511 ) ;
#3455 = LINE ( 'NONE', #5165, #3394 ) ;
#3456 = VERTEX_POINT ( 'NONE', #2155 ) ;
#3457 = LINE ( 'NONE', #3574, #3880 ) ;
#3458 = VERTEX_POINT ( 'NONE', #1452 ) ;
#3459 = ORIENTED_EDGE ( 'NONE', *, *, #269, .T. ) ;
#3460 = ORIENTED_EDGE ( 'NONE', *, *, #7046, .T. ) ;
#3461 = LINE ( 'NONE', #2807, #3216 ) ;
#3462 = AXIS2_PLACEMENT_3D ( 'NONE', #7437, #6851, #887 ) ;
#3463 = VERTEX_POINT ( 'NONE', #4555 ) ;
#3464 = CARTESIAN_POINT ( 'NONE',  ( 1.186351351351352834, -1.905855855855854708, 0.2520000000000000018 ) ) ;
#3465 = CARTESIAN_POINT ( 'NONE',  ( -1.667844139922891600, -0.2478776232719740735, 0.05100000000000000366 ) ) ;
#3466 = AXIS2_PLACEMENT_3D ( 'NONE', #6423, #3478, #1817 ) ;
#3467 = EDGE_CURVE ( 'NONE', #2039, #3402, #3808, .T. ) ;
#3468 = DIRECTION ( 'NONE',  ( 0.000000000000000000, -1.000000000000000000, 0.000000000000000000 ) ) ;
#3469 = ORIENTED_EDGE ( 'NONE', *, *, #3354, .T. ) ;
#3470 = LINE ( 'NONE', #4715, #6032 ) ;
#3471 = VECTOR ( 'NONE', #3680, 1.000000000000000000 ) ;
#3472 = DIRECTION ( 'NONE',  ( 1.000000000000000000, 0.000000000000000000, 0.000000000000000000 ) ) ;
#3473 = VECTOR ( 'NONE', #6509, 1.000000000000000000 ) ;
#3474 = VECTOR ( 'NONE', #6656, 1.000000000000000000 ) ;
#3475 = ADVANCED_FACE ( 'NONE', ( #6798 ), #3971, .F. ) ;
#3476 = DIRECTION ( 'NONE',  ( -1.850371707708593823E-16, 1.000000000000000000, 0.000000000000000000 ) ) ;
#3477 = VECTOR ( 'NONE', #7307, 1.000000000000000000 ) ;
#3478 = DIRECTION ( 'NONE',  ( 0.000000000000000000, -1.000000000000000000, 0.000000000000000000 ) ) ;
#3479 = LINE ( 'NONE', #4684, #1197 ) ;
#3480 = DIRECTION ( 'NONE',  ( -0.000000000000000000, -0.000000000000000000, -1.000000000000000000 ) ) ;
#3481 = LINE ( 'NONE', #1779, #4338 ) ;
#3482 = LINE ( 'NONE', #6320, #2043 ) ;
#3483 = CARTESIAN_POINT ( 'NONE',  ( -1.243648648648647104, -1.875855855855854681, 0.2510000000000000009 ) ) ;
#3484 = ADVANCED_FACE ( 'NONE', ( #4397, #989, #340, #6345, #2077, #1489, #3393 ), #5760, .T. ) ;
#3485 = ORIENTED_EDGE ( 'NONE', *, *, #5258, .F. ) ;
#3486 = EDGE_CURVE ( 'NONE', #1646, #947, #1571, .T. ) ;
#3487 = ORIENTED_EDGE ( 'NONE', *, *, #1649, .T. ) ;
#3488 = DIRECTION ( 'NONE',  ( 0.000000000000000000, -1.000000000000000000, 0.000000000000000000 ) ) ;
#3489 = CARTESIAN_POINT ( 'NONE',  ( 0.7313513513513529851, -2.600855855855854770, 0.05100000000000000366 ) ) ;
#3490 = DIRECTION ( 'NONE',  ( 1.000000000000000000, 0.000000000000000000, 0.000000000000000000 ) ) ;
#3491 = ORIENTED_EDGE ( 'NONE', *, *, #6061, .F. ) ;
#3492 = CARTESIAN_POINT ( 'NONE',  ( 0.000000000000000000, 0.000000000000000000, 0.6510000000000003562 ) ) ;
#3493 = LINE ( 'NONE', #2263, #1411 ) ;
#3494 = ORIENTED_EDGE ( 'NONE', *, *, #6782, .T. ) ;
#3495 = CARTESIAN_POINT ( 'NONE',  ( -1.212844139922891529, 0.4941441441441452032, 0.2520000000000000018 ) ) ;
#3496 = PLANE ( 'NONE',  #3630 ) ;
#3498 = ADVANCED_FACE ( 'NONE', ( #2731 ), #2036, .T. ) ;
#3497 = ORIENTED_EDGE ( 'NONE', *, *, #5431, .T. ) ;
#3499 = VERTEX_POINT ( 'NONE', #452 ) ;
#3500 = ORIENTED_EDGE ( 'NONE', *, *, #4859, .T. ) ;
#3501 = DIRECTION ( 'NONE',  ( -0.000000000000000000, -0.000000000000000000, -1.000000000000000000 ) ) ;
#3502 = EDGE_CURVE ( 'NONE', #1463, #6414, #4475, .T. ) ;
#3503 = VECTOR ( 'NONE', #1774, 1.000000000000000000 ) ;
#3504 = ORIENTED_EDGE ( 'NONE', *, *, #3728, .F. ) ;
#3505 = CARTESIAN_POINT ( 'NONE',  ( -1.618648648648647104, 2.099144144144145407, 0.05100000000000000366 ) ) ;
#3506 = AXIS2_PLACEMENT_3D ( 'NONE', #1642, #1026, #3307 ) ;
#3507 = CARTESIAN_POINT ( 'NONE',  ( -2.382432432432432190, -0.9216216216216202017, 0.04899999999999998801 ) ) ;
#3508 = DIRECTION ( 'NONE',  ( 1.000000000000000000, 0.000000000000000000, 0.000000000000000000 ) ) ;
#3509 = VECTOR ( 'NONE', #5402, 1.000000000000000000 ) ;
#3510 = ORIENTED_EDGE ( 'NONE', *, *, #3736, .F. ) ;
#3511 = ORIENTED_EDGE ( 'NONE', *, *, #7400, .F. ) ;
#3512 = DIRECTION ( 'NONE',  ( 0.000000000000000000, -0.000000000000000000, -1.000000000000000000 ) ) ;
#3513 = VECTOR ( 'NONE', #6406, 1.000000000000000000 ) ;
#3514 = PLANE ( 'NONE',  #3980 ) ;
#3515 = VECTOR ( 'NONE', #593, 1.000000000000000000 ) ;
#3516 = CARTESIAN_POINT ( 'NONE',  ( 1.931351351351352941, -0.2508558558558547924, 0.4500000000000000111 ) ) ;
#3517 = ORIENTED_EDGE ( 'NONE', *, *, #7382, .T. ) ;
#3518 = DIRECTION ( 'NONE',  ( -0.000000000000000000, 1.000000000000000000, -0.000000000000000000 ) ) ;
#3519 = EDGE_CURVE ( 'NONE', #2517, #4591, #5095, .T. ) ;
#3520 = CARTESIAN_POINT ( 'NONE',  ( 1.817567567567565545, 0.2783783783783795318, 0.05100000000000000366 ) ) ;
#3521 = CARTESIAN_POINT ( 'NONE',  ( 0.000000000000000000, 2.149144144144145230, 0.4500000000000000111 ) ) ;
#3522 = CARTESIAN_POINT ( 'NONE',  ( 0.2663513513513530162, -0.6961949088771521854, 0.6510000000000003562 ) ) ;
#3523 = DIRECTION ( 'NONE',  ( 1.189524669241239115E-16, -1.000000000000000000, 0.000000000000000000 ) ) ;
#3524 = ORIENTED_EDGE ( 'NONE', *, *, #834, .T. ) ;
#3525 = EDGE_LOOP ( 'NONE', ( #4309, #4226, #2980, #2504 ) ) ;
#3526 = CARTESIAN_POINT ( 'NONE',  ( 1.186351351351352834, -0.7058558558558547524, 0.4510000000000000120 ) ) ;
#3527 = CARTESIAN_POINT ( 'NONE',  ( -1.618648648648647104, -2.600855855855854770, 0.05100000000000000366 ) ) ;
#3528 = DIRECTION ( 'NONE',  ( 0.000000000000000000, 0.000000000000000000, 1.000000000000000000 ) ) ;
#3529 = ORIENTED_EDGE ( 'NONE', *, *, #5394, .F. ) ;
#3530 = VECTOR ( 'NONE', #877, 1.000000000000000000 ) ;
#3531 = PLANE ( 'NONE',  #553 ) ;
#3532 = FACE_OUTER_BOUND ( 'NONE', #6671, .T. ) ;
#3533 = ORIENTED_EDGE ( 'NONE', *, *, #2075, .F. ) ;
#3534 =( LENGTH_UNIT ( ) NAMED_UNIT ( * ) SI_UNIT ( $, .METRE. ) );
#3535 = DIRECTION ( 'NONE',  ( -3.172065784643304472E-16, -1.000000000000000000, 0.000000000000000000 ) ) ;
#3536 = ORIENTED_EDGE ( 'NONE', *, *, #3020, .F. ) ;
#3537 = VERTEX_POINT ( 'NONE', #6761 ) ;
#3538 = ORIENTED_EDGE ( 'NONE', *, *, #7046, .F. ) ;
#3539 = LINE ( 'NONE', #1100, #3962 ) ;
#3540 = ORIENTED_EDGE ( 'NONE', *, *, #2698, .F. ) ;
#3541 = CARTESIAN_POINT ( 'NONE',  ( 0.2513513513513532249, 0.2041441441441443350, 0.4500000000000000111 ) ) ;
#3542 = ADVANCED_FACE ( 'NONE', ( #297 ), #6182, .F. ) ;
#3543 = VECTOR ( 'NONE', #2658, 1.000000000000000000 ) ;
#3544 = EDGE_CURVE ( 'NONE', #2613, #3499, #6880, .T. ) ;
#3545 = DIRECTION ( 'NONE',  ( 1.000000000000000000, 0.000000000000000000, 0.000000000000000000 ) ) ;
#3546 = ADVANCED_FACE ( 'NONE', ( #6841 ), #2774, .T. ) ;
#3547 = VECTOR ( 'NONE', #1347, 1.000000000000000000 ) ;
#3548 = VECTOR ( 'NONE', #6748, 1.000000000000000000 ) ;
#3549 = DIRECTION ( 'NONE',  ( -0.000000000000000000, -0.000000000000000000, -1.000000000000000000 ) ) ;
#3550 = ORIENTED_EDGE ( 'NONE', *, *, #1892, .F. ) ;
#3551 = ORIENTED_EDGE ( 'NONE', *, *, #702, .T. ) ;
#3552 = CARTESIAN_POINT ( 'NONE',  ( -1.661268387826372095, -2.638672188960770271, 0.2510000000000000009 ) ) ;
#3553 = DIRECTION ( 'NONE',  ( -1.000000000000000000, -0.000000000000000000, -0.000000000000000000 ) ) ;
#3554 = VERTEX_POINT ( 'NONE', #2697 ) ;
#3555 = ADVANCED_FACE ( 'NONE', ( #3276 ), #5138, .F. ) ;
#3556 = DIRECTION ( 'NONE',  ( 1.000000000000000000, 0.000000000000000000, -0.000000000000000000 ) ) ;
#3557 = ORIENTED_EDGE ( 'NONE', *, *, #1988, .F. ) ;
#3558 = DIRECTION ( 'NONE',  ( 0.000000000000000000, -1.000000000000000000, 0.000000000000000000 ) ) ;
#3559 = CARTESIAN_POINT ( 'NONE',  ( -0.01248264923019517733, 1.694144144144144049, 0.2520000000000000018 ) ) ;
#3560 = LINE ( 'NONE', #5928, #7568 ) ;
#3561 = CARTESIAN_POINT ( 'NONE',  ( 1.476351351351353314, 1.694144144144144493, 0.4510000000000000120 ) ) ;
#3562 = CARTESIAN_POINT ( 'NONE',  ( 1.156351351351352807, -2.225855855855854770, 0.2520000000000000018 ) ) ;
#3563 = ORIENTED_EDGE ( 'NONE', *, *, #5820, .F. ) ;
#3564 = ORIENTED_EDGE ( 'NONE', *, *, #6854, .F. ) ;
#3565 = DIRECTION ( 'NONE',  ( -0.000000000000000000, -0.000000000000000000, -1.000000000000000000 ) ) ;
#3566 = EDGE_CURVE ( 'NONE', #21, #6659, #5833, .T. ) ;
#3567 = LINE ( 'NONE', #7133, #4473 ) ;
#3568 = CARTESIAN_POINT ( 'NONE',  ( 0.3075173507698048536, 1.724144144144144075, 0.2520000000000000018 ) ) ;
#3569 = ORIENTED_EDGE ( 'NONE', *, *, #7475, .T. ) ;
#3570 = LINE ( 'NONE', #5362, #4636 ) ;
#3571 = LINE ( 'NONE', #7100, #2032 ) ;
#3572 = ORIENTED_EDGE ( 'NONE', *, *, #2364, .T. ) ;
#3573 = LINE ( 'NONE', #2875, #395 ) ;
#3574 = CARTESIAN_POINT ( 'NONE',  ( -0.4674826492301951686, 2.148025372459793303, 0.05100000000000000366 ) ) ;
#3575 = VERTEX_POINT ( 'NONE', #1145 ) ;
#3576 = VECTOR ( 'NONE', #2899, 1.000000000000000000 ) ;
#3577 = ORIENTED_EDGE ( 'NONE', *, *, #7152, .F. ) ;
#3578 = ORIENTED_EDGE ( 'NONE', *, *, #4956, .F. ) ;
#3579 = DIRECTION ( 'NONE',  ( -0.000000000000000000, 1.000000000000000000, -0.000000000000000000 ) ) ;
#3580 = VECTOR ( 'NONE', #7131, 1.000000000000000000 ) ;
#3581 = ORIENTED_EDGE ( 'NONE', *, *, #7264, .F. ) ;
#3582 = CARTESIAN_POINT ( 'NONE',  ( 0.000000000000000000, 0.000000000000000000, 0.04899999999999998801 ) ) ;
#3583 = EDGE_CURVE ( 'NONE', #409, #1729, #7584, .T. ) ;
#3584 = LINE ( 'NONE', #1446, #6980 ) ;
#3585 = EDGE_CURVE ( 'NONE', #4438, #1729, #1765, .T. ) ;
#3586 = PLANE ( 'NONE',  #7322 ) ;
#3587 = EDGE_CURVE ( 'NONE', #15, #4955, #3094, .T. ) ;
#3588 = VERTEX_POINT ( 'NONE', #5333 ) ;
#3589 = CARTESIAN_POINT ( 'NONE',  ( -1.213648648648647077, -1.905855855855854708, 0.2520000000000000018 ) ) ;
#3590 = VECTOR ( 'NONE', #5034, 1.000000000000000000 ) ;
#3591 = DIRECTION ( 'NONE',  ( -0.000000000000000000, -0.000000000000000000, -1.000000000000000000 ) ) ;
#3592 = VECTOR ( 'NONE', #5870, 1.000000000000000000 ) ;
#3593 = ORIENTED_EDGE ( 'NONE', *, *, #5889, .T. ) ;
#3594 = CARTESIAN_POINT ( 'NONE',  ( -1.668648648648647148, -2.650855855855854593, 0.05000000000000000278 ) ) ;
#3595 = ADVANCED_FACE ( 'NONE', ( #7072 ), #530, .T. ) ;
#3596 = VECTOR ( 'NONE', #4266, 1.000000000000000000 ) ;
#3597 = VERTEX_POINT ( 'NONE', #4671 ) ;
#3598 = LINE ( 'NONE', #5967, #1859 ) ;
#3599 = CARTESIAN_POINT ( 'NONE',  ( -0.4686486486486469705, 0.9491441441441451632, 0.4500000000000000111 ) ) ;
#3600 = CARTESIAN_POINT ( 'NONE',  ( 1.881351351351352674, -2.600855855855854770, 0.05000000000000000278 ) ) ;
#3601 = CARTESIAN_POINT ( 'NONE',  ( -0.04248264923019517969, 1.724144144144144075, 0.2520000000000000018 ) ) ;
#3602 = PLANE ( 'NONE',  #7109 ) ;
#3603 = VECTOR ( 'NONE', #3202, 1.000000000000000000 ) ;
#3604 = VERTEX_POINT ( 'NONE', #7656 ) ;
#3605 = ORIENTED_EDGE ( 'NONE', *, *, #5682, .T. ) ;
#3606 = LINE ( 'NONE', #6012, #615 ) ;
#3607 = VECTOR ( 'NONE', #6896, 1.000000000000000000 ) ;
#3608 = LINE ( 'NONE', #52, #7311 ) ;
#3609 = VECTOR ( 'NONE', #5482, 1.000000000000000000 ) ;
#3610 = ORIENTED_EDGE ( 'NONE', *, *, #6255, .T. ) ;
#3611 = DIRECTION ( 'NONE',  ( -1.000000000000000000, -0.000000000000000000, -0.000000000000000000 ) ) ;
#3612 = CARTESIAN_POINT ( 'NONE',  ( 0.6175675675675675880, 1.078378378378379576, 0.05100000000000000366 ) ) ;
#3613 = EDGE_LOOP ( 'NONE', ( #3617, #4319, #2177, #3572 ) ) ;
#3614 = AXIS2_PLACEMENT_3D ( 'NONE', #341, #5058, #3119 ) ;
#3615 = CARTESIAN_POINT ( 'NONE',  ( -2.432432432432432012, -0.9216216216216202017, 0.000000000000000000 ) ) ;
#3616 = AXIS2_PLACEMENT_3D ( 'NONE', #5813, #5856, #472 ) ;
#3617 = ORIENTED_EDGE ( 'NONE', *, *, #6346, .T. ) ;
#3618 = ORIENTED_EDGE ( 'NONE', *, *, #990, .F. ) ;
#3619 = VERTEX_POINT ( 'NONE', #3464 ) ;
#3620 = PLANE ( 'NONE',  #7183 ) ;
#3621 = ADVANCED_FACE ( 'NONE', ( #7542 ), #28, .T. ) ;
#3622 = CARTESIAN_POINT ( 'NONE',  ( 1.928964900017874129, -1.452608405685351434, 0.2510000000000000009 ) ) ;
#3623 = FACE_OUTER_BOUND ( 'NONE', #261, .T. ) ;
#3624 = DIRECTION ( 'NONE',  ( -1.000000000000000000, -0.000000000000000000, -0.000000000000000000 ) ) ;
#3625 = EDGE_LOOP ( 'NONE', ( #136, #5891, #1211, #1650 ) ) ;
#3626 = FACE_OUTER_BOUND ( 'NONE', #1717, .T. ) ;
#3627 = DIRECTION ( 'NONE',  ( 1.000000000000000000, -9.251858538542972814E-17, 0.000000000000000000 ) ) ;
#3628 = EDGE_CURVE ( 'NONE', #1899, #1970, #6495, .T. ) ;
#3629 = VERTEX_POINT ( 'NONE', #4011 ) ;
#3630 = AXIS2_PLACEMENT_3D ( 'NONE', #2265, #5825, #1794 ) ;
#3631 = CARTESIAN_POINT ( 'NONE',  ( 0.2663513513513530162, -0.6961949088771521854, 0.6510000000000003562 ) ) ;
#3632 = VECTOR ( 'NONE', #367, 1.000000000000000000 ) ;
#3633 = VERTEX_POINT ( 'NONE', #4126 ) ;
#3634 = LINE ( 'NONE', #658, #1112 ) ;
#3635 = LINE ( 'NONE', #6006, #6449 ) ;
#3636 = DIRECTION ( 'NONE',  ( -0.000000000000000000, -0.000000000000000000, -1.000000000000000000 ) ) ;
#3637 = DIRECTION ( 'NONE',  ( 0.000000000000000000, -1.000000000000000000, 0.000000000000000000 ) ) ;
#3638 = EDGE_CURVE ( 'NONE', #6212, #1451, #2271, .T. ) ;
#3639 = VECTOR ( 'NONE', #4807, 1.000000000000000000 ) ;
#3640 = ORIENTED_EDGE ( 'NONE', *, *, #7298, .F. ) ;
#3641 = ADVANCED_FACE ( 'NONE', ( #738 ), #6379, .F. ) ;
#3642 = VERTEX_POINT ( 'NONE', #2883 ) ;
#3643 = LINE ( 'NONE', #667, #6548 ) ;
#3644 = LINE ( 'NONE', #1127, #1616 ) ;
#3645 = EDGE_LOOP ( 'NONE', ( #7602, #3533, #6773, #7480 ) ) ;
#3646 = DIRECTION ( 'NONE',  ( 0.000000000000000000, -1.000000000000000000, 0.000000000000000000 ) ) ;
#3647 = CARTESIAN_POINT ( 'NONE',  ( -8.781347354308064491E-17, 0.9491441441441443860, 0.05100000000000000366 ) ) ;
#3648 = LINE ( 'NONE', #6019, #5023 ) ;
#3649 = CARTESIAN_POINT ( 'NONE',  ( -1.668653815138664065, 3.349109615115158700, 0.05100000000000000366 ) ) ;
#3650 = ORIENTED_EDGE ( 'NONE', *, *, #5300, .T. ) ;
#3651 = ORIENTED_EDGE ( 'NONE', *, *, #5194, .T. ) ;
#3652 = ORIENTED_EDGE ( 'NONE', *, *, #6800, .F. ) ;
#3653 = CARTESIAN_POINT ( 'NONE',  ( -0.03864864864864676897, 0.4941441441441443150, 0.4510000000000000120 ) ) ;
#3654 = CARTESIAN_POINT ( 'NONE',  ( -1.213648648648647077, 1.402892555011814535, 0.4510000000000000120 ) ) ;
#3655 = CARTESIAN_POINT ( 'NONE',  ( 0.7157521729148861311, -0.2422942286748832330, 0.6510000000000003562 ) ) ;
#3656 = CARTESIAN_POINT ( 'NONE',  ( 0.7063513513513532960, 6.535062781211384249E-17, 0.4500000000000000111 ) ) ;
#3657 = EDGE_CURVE ( 'NONE', #227, #5030, #1068, .T. ) ;
#3658 = AXIS2_PLACEMENT_3D ( 'NONE', #6278, #2284, #5070 ) ;
#3659 = EDGE_LOOP ( 'NONE', ( #6316, #3034, #5839, #3650 ) ) ;
#3660 = DIRECTION ( 'NONE',  ( 0.000000000000000000, 1.000000000000000000, 0.000000000000000000 ) ) ;
#3661 = DIRECTION ( 'NONE',  ( 1.000000000000000000, 0.000000000000000000, -0.000000000000000000 ) ) ;
#3662 = VERTEX_POINT ( 'NONE', #1183 ) ;
#3663 = VECTOR ( 'NONE', #3945, 1.000000000000000000 ) ;
#3664 = CARTESIAN_POINT ( 'NONE',  ( -0.8928441399228915776, 0.5241441441441452298, 0.2520000000000000018 ) ) ;
#3665 = AXIS2_PLACEMENT_3D ( 'NONE', #1657, #5143, #2815 ) ;
#3666 = ORIENTED_EDGE ( 'NONE', *, *, #7468, .T. ) ;
#3667 = DIRECTION ( 'NONE',  ( -0.000000000000000000, 0.000000000000000000, 1.000000000000000000 ) ) ;
#3668 = EDGE_CURVE ( 'NONE', #5516, #1362, #4084, .T. ) ;
#3669 = CARTESIAN_POINT ( 'NONE',  ( -1.213648648648647077, -0.7058558558558547524, 0.4500000000000000111 ) ) ;
#3670 = LINE ( 'NONE', #4141, #6944 ) ;
#3671 = LINE ( 'NONE', #6044, #3149 ) ;
#3672 = ORIENTED_EDGE ( 'NONE', *, *, #6800, .T. ) ;
#3673 = ORIENTED_EDGE ( 'NONE', *, *, #773, .F. ) ;
#3674 = FACE_OUTER_BOUND ( 'NONE', #2882, .T. ) ;
#3675 = EDGE_CURVE ( 'NONE', #2417, #4373, #2385, .T. ) ;
#3676 = DIRECTION ( 'NONE',  ( 0.000000000000000000, -1.000000000000000000, 0.000000000000000000 ) ) ;
#3677 = ORIENTED_EDGE ( 'NONE', *, *, #1954, .F. ) ;
#3678 = ADVANCED_FACE ( 'NONE', ( #1687 ), #1103, .F. ) ;
#3679 = CARTESIAN_POINT ( 'NONE',  ( 0.7157521729148861311, -0.2422942286748832330, 0.05100000000000000366 ) ) ;
#3680 = DIRECTION ( 'NONE',  ( 0.000000000000000000, -1.000000000000000000, 0.000000000000000000 ) ) ;
#3681 = ORIENTED_EDGE ( 'NONE', *, *, #1884, .T. ) ;
#3682 = LINE ( 'NONE', #3066, #3509 ) ;
#3683 = ORIENTED_EDGE ( 'NONE', *, *, #459, .F. ) ;
#3684 = ORIENTED_EDGE ( 'NONE', *, *, #7432, .T. ) ;
#3685 = VERTEX_POINT ( 'NONE', #3541 ) ;
#3686 = CARTESIAN_POINT ( 'NONE',  ( -2.432432432432432456, 1.128378378378379621, 0.1499999999999999944 ) ) ;
#3687 = EDGE_CURVE ( 'NONE', #3152, #6444, #5911, .T. ) ;
#3688 = CARTESIAN_POINT ( 'NONE',  ( 3.617567567567565590, 1.078378378378379576, 0.05000000000000000278 ) ) ;
#3689 = FACE_OUTER_BOUND ( 'NONE', #127, .T. ) ;
#3690 = VECTOR ( 'NONE', #4927, 1.000000000000000000 ) ;
#3691 = ORIENTED_EDGE ( 'NONE', *, *, #2126, .T. ) ;
#3692 = EDGE_LOOP ( 'NONE', ( #5171, #2031, #4479, #5578, #3242, #7363 ) ) ;
#3693 = CARTESIAN_POINT ( 'NONE',  ( 1.506351351351353340, 1.374144144144144652, 0.4500000000000000111 ) ) ;
#3694 = FACE_OUTER_BOUND ( 'NONE', #4125, .T. ) ;
#3695 = ADVANCED_FACE ( 'NONE', ( #7111 ), #1220, .T. ) ;
#3696 = VERTEX_POINT ( 'NONE', #2673 ) ;
#3697 = DIRECTION ( 'NONE',  ( -0.000000000000000000, 1.000000000000000000, -0.000000000000000000 ) ) ;
#3698 = EDGE_CURVE ( 'NONE', #3867, #2233, #5582, .T. ) ;
#3699 = ORIENTED_EDGE ( 'NONE', *, *, #5262, .F. ) ;
#3700 = CARTESIAN_POINT ( 'NONE',  ( -1.638653815138664038, 2.149178435024714506, 0.05100000000000000366 ) ) ;
#3701 = VECTOR ( 'NONE', #4123, 1.000000000000000000 ) ;
#3702 = DIRECTION ( 'NONE',  ( -1.000000000000000000, -0.000000000000000000, -0.000000000000000000 ) ) ;
#3703 = LINE ( 'NONE', #5458, #4220 ) ;
#3704 = CARTESIAN_POINT ( 'NONE',  ( 1.919291799940615606, 0.9427075103593078875, 0.6510000000000003562 ) ) ;
#3705 = ORIENTED_EDGE ( 'NONE', *, *, #6573, .F. ) ;
#3706 = EDGE_LOOP ( 'NONE', ( #6990, #4854, #1614, #6339, #6374, #5567, #448, #1797, #2239, #1020 ) ) ;
#3707 = CARTESIAN_POINT ( 'NONE',  ( 1.186351351351353278, 1.694144144144144493, 0.4510000000000000120 ) ) ;
#3708 = PRODUCT_DEFINITION_FORMATION_WITH_SPECIFIED_SOURCE ( 'ANY', '', #3922, .NOT_KNOWN. ) ;
#3709 = CARTESIAN_POINT ( 'NONE',  ( -0.9236486486486471525, -0.7058558558558547524, 0.4510000000000000120 ) ) ;
#3710 = VERTEX_POINT ( 'NONE', #7325 ) ;
#3711 = LINE ( 'NONE', #5543, #6883 ) ;
#3712 = ADVANCED_FACE ( 'NONE', ( #4414 ), #1976, .T. ) ;
#3713 = FACE_OUTER_BOUND ( 'NONE', #1936, .T. ) ;
#3714 = DIRECTION ( 'NONE',  ( -1.000000000000000000, 0.000000000000000000, 0.000000000000000000 ) ) ;
#3715 = AXIS2_PLACEMENT_3D ( 'NONE', #1284, #5857, #3528 ) ;
#3716 = ORIENTED_EDGE ( 'NONE', *, *, #4557, .T. ) ;
#3717 = DIRECTION ( 'NONE',  ( -0.000000000000000000, 0.000000000000000000, -1.000000000000000000 ) ) ;
#3718 = ADVANCED_FACE ( 'NONE', ( #1356 ), #5036, .F. ) ;
#3719 = EDGE_LOOP ( 'NONE', ( #6589, #3929, #579, #4849, #446, #6540 ) ) ;
#3720 = VECTOR ( 'NONE', #7315, 1.000000000000000000 ) ;
#3721 = ORIENTED_EDGE ( 'NONE', *, *, #25, .F. ) ;
#3722 = ORIENTED_EDGE ( 'NONE', *, *, #5294, .F. ) ;
#3723 = DIRECTION ( 'NONE',  ( 0.000000000000000000, 0.000000000000000000, 1.000000000000000000 ) ) ;
#3724 = DIRECTION ( 'NONE',  ( -0.000000000000000000, -0.000000000000000000, -1.000000000000000000 ) ) ;
#3725 = AXIS2_PLACEMENT_3D ( 'NONE', #1453, #2539, #3809 ) ;
#3726 = VECTOR ( 'NONE', #3004, 1.000000000000000000 ) ;
#3727 = DIRECTION ( 'NONE',  ( -1.914177628664061403E-16, 1.000000000000000000, -0.000000000000000000 ) ) ;
#3728 = EDGE_CURVE ( 'NONE', #1254, #1845, #3711, .T. ) ;
#3729 = DIRECTION ( 'NONE',  ( 1.586032892321651743E-16, -1.000000000000000000, 0.000000000000000000 ) ) ;
#3730 = ADVANCED_FACE ( 'NONE', ( #5510 ), #892, .F. ) ;
#3731 = EDGE_CURVE ( 'NONE', #3031, #4279, #2090, .T. ) ;
#3732 = EDGE_LOOP ( 'NONE', ( #4741, #114, #6235, #3139 ) ) ;
#3733 = ORIENTED_EDGE ( 'NONE', *, *, #2951, .T. ) ;
#3734 = CARTESIAN_POINT ( 'NONE',  ( 1.460752172914886238, 0.5027057713251168458, 0.6510000000000003562 ) ) ;
#3735 = LINE ( 'NONE', #6110, #6825 ) ;
#3736 = EDGE_CURVE ( 'NONE', #4267, #7218, #4334, .T. ) ;
#3737 = EDGE_LOOP ( 'NONE', ( #2507, #2952, #3716, #5427 ) ) ;
#3738 = CARTESIAN_POINT ( 'NONE',  ( 2.617567567567565590, 1.078378378378379576, 0.05100000000000000366 ) ) ;
#3739 = VECTOR ( 'NONE', #6001, 1.000000000000000000 ) ;
#3740 = ORIENTED_EDGE ( 'NONE', *, *, #1850, .F. ) ;
#3741 = DIRECTION ( 'NONE',  ( 0.000000000000000000, 1.000000000000000000, 0.000000000000000000 ) ) ;
#3742 = LINE ( 'NONE', #6769, #3720 ) ;
#3743 = DIRECTION ( 'NONE',  ( -1.000000000000000000, -0.000000000000000000, -0.000000000000000000 ) ) ;
#3744 = EDGE_CURVE ( 'NONE', #4316, #3374, #4919, .T. ) ;
#3745 = VECTOR ( 'NONE', #1587, 1.000000000000000000 ) ;
#3746 = ORIENTED_EDGE ( 'NONE', *, *, #182, .F. ) ;
#3747 = VERTEX_POINT ( 'NONE', #7364 ) ;
#3748 = FACE_OUTER_BOUND ( 'NONE', #7652, .T. ) ;
#3749 = EDGE_CURVE ( 'NONE', #4184, #4330, #930, .T. ) ;
#3750 = VECTOR ( 'NONE', #6065, 1.000000000000000000 ) ;
#3751 = LINE ( 'NONE', #774, #2965 ) ;
#3752 = EDGE_LOOP ( 'NONE', ( #2573, #5024, #714, #4841 ) ) ;
#3753 = FACE_OUTER_BOUND ( 'NONE', #4222, .T. ) ;
#3754 = DIRECTION ( 'NONE',  ( 0.000000000000000000, -0.000000000000000000, 1.000000000000000000 ) ) ;
#3755 = PLANE ( 'NONE',  #2365 ) ;
#3756 = PLANE ( 'NONE',  #4562 ) ;
#3757 = AXIS2_PLACEMENT_3D ( 'NONE', #2145, #2801, #6172 ) ;
#3758 = DIRECTION ( 'NONE',  ( 1.000000000000000000, 0.000000000000000000, 0.000000000000000000 ) ) ;
#3759 = VERTEX_POINT ( 'NONE', #6203 ) ;
#3760 = ORIENTED_EDGE ( 'NONE', *, *, #266, .T. ) ;
#3761 = LINE ( 'NONE', #7333, #613 ) ;
#3762 = LINE ( 'NONE', #5045, #4663 ) ;
#3763 = CARTESIAN_POINT ( 'NONE',  ( -2.432432432432432456, 1.128378378378379621, 0.1499999999999999944 ) ) ;
#3764 = DIRECTION ( 'NONE',  ( 1.192376064322233222E-16, -1.000000000000000000, 0.000000000000000000 ) ) ;
#3765 = EDGE_LOOP ( 'NONE', ( #6177, #3529, #5717, #1944 ) ) ;
#3766 = CARTESIAN_POINT ( 'NONE',  ( -0.04248264923019517969, 1.724144144144144075, 0.2520000000000000018 ) ) ;
#3767 = VECTOR ( 'NONE', #769, 1.000000000000000000 ) ;
#3768 = VERTEX_POINT ( 'NONE', #2589 ) ;
#3769 = ADVANCED_FACE ( 'NONE', ( #1467 ), #3787, .T. ) ;
#3770 = EDGE_LOOP ( 'NONE', ( #5014, #1995, #4305, #2874 ) ) ;
#3771 = CARTESIAN_POINT ( 'NONE',  ( -0.4779485211280458667, -2.638672188960770271, 0.05100000000000000366 ) ) ;
#3772 = DIRECTION ( 'NONE',  ( -1.000000000000000000, 0.000000000000000000, -0.000000000000000000 ) ) ;
#3773 = ORIENTED_EDGE ( 'NONE', *, *, #665, .T. ) ;
#3774 = CARTESIAN_POINT ( 'NONE',  ( 1.913785313619750683, -4.100310651257746741, 0.05100000000000000366 ) ) ;
#3775 = ORIENTED_EDGE ( 'NONE', *, *, #4950, .F. ) ;
#3776 = PLANE ( 'NONE',  #1442 ) ;
#3777 = CARTESIAN_POINT ( 'NONE',  ( -0.04364864864864698157, -1.875855855855854681, 0.4510000000000000120 ) ) ;
#3778 = CARTESIAN_POINT ( 'NONE',  ( 1.186351351351352834, -0.9958558558558545659, 0.4510000000000000120 ) ) ;
#3779 = AXIS2_PLACEMENT_3D ( 'NONE', #3930, #412, #6265 ) ;
#3780 = ADVANCED_FACE ( 'NONE', ( #7284 ), #5624, .F. ) ;
#3781 = ORIENTED_EDGE ( 'NONE', *, *, #3041, .F. ) ;
#3782 = VERTEX_POINT ( 'NONE', #776 ) ;
#3783 = AXIS2_PLACEMENT_3D ( 'NONE', #4519, #6308, #3361 ) ;
#3784 = DIRECTION ( 'NONE',  ( 0.000000000000000000, 1.000000000000000000, 0.000000000000000000 ) ) ;
#3785 = DIRECTION ( 'NONE',  ( -0.000000000000000000, 1.000000000000000000, -0.000000000000000000 ) ) ;
#3786 = ORIENTED_EDGE ( 'NONE', *, *, #5997, .T. ) ;
#3787 = PLANE ( 'NONE',  #6517 ) ;
#3788 = LINE ( 'NONE', #4998, #4595 ) ;
#3789 = CARTESIAN_POINT ( 'NONE',  ( 0.7313513513513529851, -2.650855855855854593, 0.4500000000000000111 ) ) ;
#3790 = DIRECTION ( 'NONE',  ( -1.000000000000000000, -0.000000000000000000, -0.000000000000000000 ) ) ;
#3791 = CARTESIAN_POINT ( 'NONE',  ( 0.000000000000000000, -1.450855855855854637, 0.4500000000000000111 ) ) ;
#3792 = ADVANCED_FACE ( 'NONE', ( #313 ), #4883, .F. ) ;
#3793 = ORIENTED_EDGE ( 'NONE', *, *, #6005, .T. ) ;
#3794 = ORIENTED_EDGE ( 'NONE', *, *, #1890, .F. ) ;
#3795 = ADVANCED_FACE ( 'NONE', ( #4449 ), #2556, .F. ) ;
#3796 = DIRECTION ( 'NONE',  ( 0.000000000000000000, 0.000000000000000000, 1.000000000000000000 ) ) ;
#3797 = CARTESIAN_POINT ( 'NONE',  ( -0.04364864864864698157, -1.875855855855854681, 0.4510000000000000120 ) ) ;
#3798 = LINE ( 'NONE', #169, #338 ) ;
#3799 = DIRECTION ( 'NONE',  ( 0.000000000000000000, -0.000000000000000000, -1.000000000000000000 ) ) ;
#3800 = CARTESIAN_POINT ( 'NONE',  ( -0.01364864864864699309, -1.905855855855854708, 0.4510000000000000120 ) ) ;
#3801 = CARTESIAN_POINT ( 'NONE',  ( 0.7213513513513527542, 1.334768131857904925E-16, 0.4500000000000000111 ) ) ;
#3802 = DIRECTION ( 'NONE',  ( -1.000000000000000000, 0.000000000000000000, 0.000000000000000000 ) ) ;
#3803 = PRODUCT_DEFINITION_CONTEXT ( 'detailed design', #7221, 'design' ) ;
#3804 = ORIENTED_EDGE ( 'NONE', *, *, #5003, .F. ) ;
#3805 = LINE ( 'NONE', #828, #1486 ) ;
#3806 = ORIENTED_EDGE ( 'NONE', *, *, #7194, .F. ) ;
#3807 = ORIENTED_EDGE ( 'NONE', *, *, #273, .T. ) ;
#3808 = LINE ( 'NONE', #7390, #1565 ) ;
#3809 = DIRECTION ( 'NONE',  ( 1.000000000000000000, 0.000000000000000000, 0.000000000000000000 ) ) ;
#3810 = EDGE_CURVE ( 'NONE', #4044, #4072, #157, .T. ) ;
#3811 = ADVANCED_FACE ( 'NONE', ( #3753 ), #2711, .F. ) ;
#3812 = VERTEX_POINT ( 'NONE', #4060 ) ;
#3813 = VECTOR ( 'NONE', #6164, 1.000000000000000000 ) ;
#3814 = EDGE_CURVE ( 'NONE', #1709, #7510, #5150, .T. ) ;
#3815 = DIRECTION ( 'NONE',  ( -0.000000000000000000, -1.000000000000000000, -0.000000000000000000 ) ) ;
#3816 = ORIENTED_EDGE ( 'NONE', *, *, #6388, .F. ) ;
#3817 = DIRECTION ( 'NONE',  ( 1.000000000000000000, 0.000000000000000000, 0.000000000000000000 ) ) ;
#3818 = CARTESIAN_POINT ( 'NONE',  ( 1.881351351351352896, 0.9491441441441441640, 0.05100000000000000366 ) ) ;
#3819 = LINE ( 'NONE', #2582, #5218 ) ;
#3820 = EDGE_CURVE ( 'NONE', #7107, #3629, #5733, .T. ) ;
#3821 = ORIENTED_EDGE ( 'NONE', *, *, #5452, .F. ) ;
#3822 = ADVANCED_FACE ( 'NONE', ( #6425 ), #7441, .F. ) ;
#3823 = VECTOR ( 'NONE', #2818, 1.000000000000000000 ) ;
#3824 = ORIENTED_EDGE ( 'NONE', *, *, #5467, .T. ) ;
#3825 = CARTESIAN_POINT ( 'NONE',  ( 0.2513513513513532249, 0.2041441441441443350, 0.4510000000000000120 ) ) ;
#3826 = CARTESIAN_POINT ( 'NONE',  ( -0.8936486486486471259, -1.875855855855854681, 0.2520000000000000018 ) ) ;
#3827 = VERTEX_POINT ( 'NONE', #6355 ) ;
#3828 = CARTESIAN_POINT ( 'NONE',  ( 1.913785313619750461, -2.650960111606672331, 0.05100000000000000366 ) ) ;
#3829 = PLANE ( 'NONE',  #1914 ) ;
#3830 = CARTESIAN_POINT ( 'NONE',  ( 0.7313513513513532072, 2.149144144144145230, 0.05100000000000000366 ) ) ;
#3831 = DIRECTION ( 'NONE',  ( 0.000000000000000000, -0.000000000000000000, -1.000000000000000000 ) ) ;
#3832 = FACE_BOUND ( 'NONE', #3297, .T. ) ;
#3833 = VECTOR ( 'NONE', #5187, 1.000000000000000000 ) ;
#3834 = AXIS2_PLACEMENT_3D ( 'NONE', #3653, #6528, #4855 ) ;
#3835 = EDGE_LOOP ( 'NONE', ( #7620, #4522, #4075, #4891 ) ) ;
#3836 = VERTEX_POINT ( 'NONE', #5772 ) ;
#3837 = PLANE ( 'NONE',  #2956 ) ;
#3838 = LINE ( 'NONE', #2180, #5600 ) ;
#3839 = CARTESIAN_POINT ( 'NONE',  ( -1.243648648648647104, 1.722892555011814375, 0.4510000000000000120 ) ) ;
#3840 = ADVANCED_FACE ( 'NONE', ( #1625 ), #7555, .F. ) ;
#3841 = VECTOR ( 'NONE', #7086, 1.000000000000000000 ) ;
#3842 = CARTESIAN_POINT ( 'NONE',  ( -0.01248264923019517733, 1.694144144144144049, 0.2520000000000000018 ) ) ;
#3843 = DIRECTION ( 'NONE',  ( 1.000000000000000000, 3.703815796601320752E-16, 0.000000000000000000 ) ) ;
#3844 = LINE ( 'NONE', #5086, #4347 ) ;
#3845 = AXIS2_PLACEMENT_3D ( 'NONE', #6857, #7482, #6244 ) ;
#3846 = FILL_AREA_STYLE ('',( #5088 ) ) ;
#3848 = EDGE_CURVE ( 'NONE', #1828, #3374, #2132, .T. ) ;
#3847 = ORIENTED_EDGE ( 'NONE', *, *, #2474, .F. ) ;
#3849 = AXIS2_PLACEMENT_3D ( 'NONE', #2007, #4366, #2846 ) ;
#3850 = LINE ( 'NONE', #293, #5822 ) ;
#3851 = AXIS2_PLACEMENT_3D ( 'NONE', #1198, #2471, #148 ) ;
#3852 = ORIENTED_EDGE ( 'NONE', *, *, #3668, .F. ) ;
#3853 = EDGE_CURVE ( 'NONE', #1898, #6877, #5804, .T. ) ;
#3854 = ORIENTED_EDGE ( 'NONE', *, *, #6997, .T. ) ;
#3855 = CARTESIAN_POINT ( 'NONE',  ( -0.9228441399228916042, 0.2041441441441452509, 0.2520000000000000018 ) ) ;
#3856 = PLANE ( 'NONE',  #1498 ) ;
#3857 = VECTOR ( 'NONE', #7156, 1.000000000000000000 ) ;
#3858 = PLANE ( 'NONE',  #7241 ) ;
#3859 = ORIENTED_EDGE ( 'NONE', *, *, #4585, .F. ) ;
#3860 = CARTESIAN_POINT ( 'NONE',  ( -0.4510550733494790299, -0.2478776232719740735, 0.2510000000000000009 ) ) ;
#3861 = CARTESIAN_POINT ( 'NONE',  ( 1.817567567567565545, 0.2783783783783795318, 0.05000000000000000278 ) ) ;
#3862 = LINE ( 'NONE', #265, #2608 ) ;
#3863 = EDGE_LOOP ( 'NONE', ( #1429, #435, #5729, #3093 ) ) ;
#3864 = ORIENTED_EDGE ( 'NONE', *, *, #5425, .T. ) ;
#3865 = LINE ( 'NONE', #6239, #3205 ) ;
#3866 =( NAMED_UNIT ( * ) SI_UNIT ( $, .STERADIAN. ) SOLID_ANGLE_UNIT ( ) );
#3867 = VERTEX_POINT ( 'NONE', #500 ) ;
#3868 = EDGE_CURVE ( 'NONE', #3151, #3997, #5113, .T. ) ;
#3869 = CARTESIAN_POINT ( 'NONE',  ( 1.186351351351352834, -1.905855855855854708, 0.2520000000000000018 ) ) ;
#3870 = ADVANCED_FACE ( 'NONE', ( #3986 ), #4023, .F. ) ;
#3871 = DIRECTION ( 'NONE',  ( -0.000000000000000000, 1.000000000000000000, -0.000000000000000000 ) ) ;
#3872 = FACE_OUTER_BOUND ( 'NONE', #1064, .T. ) ;
#3873 = FACE_OUTER_BOUND ( 'NONE', #2220, .T. ) ;
#3874 = CARTESIAN_POINT ( 'NONE',  ( -2.867919202630825559, -2.650885740052331574, 0.05100000000000000366 ) ) ;
#3875 = ADVANCED_FACE ( 'NONE', ( #428 ), #1665, .T. ) ;
#3876 = EDGE_CURVE ( 'NONE', #7341, #6776, #2787, .T. ) ;
#3877 = VERTEX_POINT ( 'NONE', #355 ) ;
#3878 = ORIENTED_EDGE ( 'NONE', *, *, #3319, .T. ) ;
#3879 = CARTESIAN_POINT ( 'NONE',  ( 1.476351351351353314, 1.404144144144144679, 0.4510000000000000120 ) ) ;
#3880 = VECTOR ( 'NONE', #5788, 1.000000000000000000 ) ;
#3881 = CARTESIAN_POINT ( 'NONE',  ( -1.213648648648647077, 1.402892555011814535, 0.4510000000000000120 ) ) ;
#3882 = DIRECTION ( 'NONE',  ( 1.000000000000000000, 0.000000000000000000, 0.000000000000000000 ) ) ;
#3883 = VECTOR ( 'NONE', #6947, 1.000000000000000000 ) ;
#3884 = DIRECTION ( 'NONE',  ( 1.189524669241239608E-16, -1.000000000000000000, 0.000000000000000000 ) ) ;
#3885 = LINE ( 'NONE', #2185, #4007 ) ;
#3886 = PLANE ( 'NONE',  #7290 ) ;
#3887 = DIRECTION ( 'NONE',  ( 1.586032892321652236E-16, -1.000000000000000000, 0.000000000000000000 ) ) ;
#3889 = EDGE_CURVE ( 'NONE', #2930, #699, #7481, .T. ) ;
#3888 = ORIENTED_EDGE ( 'NONE', *, *, #618, .T. ) ;
#3890 = VERTEX_POINT ( 'NONE', #1546 ) ;
#3891 = VECTOR ( 'NONE', #4737, 1.000000000000000000 ) ;
#3892 = LINE ( 'NONE', #2609, #1611 ) ;
#3893 = ORIENTED_EDGE ( 'NONE', *, *, #299, .T. ) ;
#3894 = CARTESIAN_POINT ( 'NONE',  ( -1.243648648648647104, -1.875855855855854681, 0.2520000000000000018 ) ) ;
#3895 = PRODUCT_RELATED_PRODUCT_CATEGORY ( 'part', '', ( #5466 ) ) ;
#3896 = CARTESIAN_POINT ( 'NONE',  ( 3.667567567567565412, 1.128378378378379621, 0.1499999999999999944 ) ) ;
#3897 = VECTOR ( 'NONE', #3815, 1.000000000000000000 ) ;
#3898 = ORIENTED_EDGE ( 'NONE', *, *, #6571, .T. ) ;
#3899 = LINE ( 'NONE', #2240, #2194 ) ;
#3900 = CARTESIAN_POINT ( 'NONE',  ( 1.490752172914886264, 0.5327057713251167614, 0.6510000000000003562 ) ) ;
#3901 = ORIENTED_EDGE ( 'NONE', *, *, #3439, .F. ) ;
#3902 = CARTESIAN_POINT ( 'NONE',  ( -0.1824324324324324564, 1.078378378378379576, 0.05100000000000000366 ) ) ;
#3903 = EDGE_CURVE ( 'NONE', #108, #7071, #6932, .T. ) ;
#3904 = CARTESIAN_POINT ( 'NONE',  ( 1.156351351351352807, -1.875855855855854681, 0.2520000000000000018 ) ) ;
#3905 = EDGE_LOOP ( 'NONE', ( #3901, #2921, #3821, #6202 ) ) ;
#3906 = VECTOR ( 'NONE', #3353, 1.000000000000000000 ) ;
#3907 = CARTESIAN_POINT ( 'NONE',  ( -1.242844139922891555, 0.5241441441441452298, 0.2520000000000000018 ) ) ;
#3908 = CARTESIAN_POINT ( 'NONE',  ( -0.05364864864864694882, -1.016194908877152026, 0.6520000000000003570 ) ) ;
#3909 = DIRECTION ( 'NONE',  ( -0.000000000000000000, 0.000000000000000000, 1.000000000000000000 ) ) ;
#3910 = DIRECTION ( 'NONE',  ( 0.000000000000000000, -1.000000000000000000, 0.000000000000000000 ) ) ;
#3911 = DIRECTION ( 'NONE',  ( -1.000000000000000000, -0.000000000000000000, -0.000000000000000000 ) ) ;
#3912 = VERTEX_POINT ( 'NONE', #1045 ) ;
#3913 = ORIENTED_EDGE ( 'NONE', *, *, #154, .T. ) ;
#3914 = VECTOR ( 'NONE', #7529, 1.000000000000000000 ) ;
#3915 = DIRECTION ( 'NONE',  ( -2.166288828536891256E-16, 1.000000000000000000, -0.000000000000000000 ) ) ;
#3916 = CARTESIAN_POINT ( 'NONE',  ( -1.668653815138664065, 2.149178435024714506, 0.05000000000000000278 ) ) ;
#3917 = EDGE_CURVE ( 'NONE', #2871, #4498, #2206, .T. ) ;
#3918 = FACE_OUTER_BOUND ( 'NONE', #7031, .T. ) ;
#3919 = ORIENTED_EDGE ( 'NONE', *, *, #133, .F. ) ;
#3920 = DIRECTION ( 'NONE',  ( -0.000000000000000000, -0.000000000000000000, -1.000000000000000000 ) ) ;
#3921 = CARTESIAN_POINT ( 'NONE',  ( 3.452553062395283724E-17, -0.2508558558558549589, 0.05100000000000000366 ) ) ;
#3922 = PRODUCT ( 'mehuia forest', 'mehuia forest', '', ( #4340 ) ) ;
#3923 = LINE ( 'NONE', #3345, #5344 ) ;
#3924 = LINE ( 'NONE', #983, #4626 ) ;
#3925 = EDGE_LOOP ( 'NONE', ( #6561, #4794, #3315, #2710, #1099, #5004 ) ) ;
#3926 = EDGE_LOOP ( 'NONE', ( #6230, #4543, #3605, #4518 ) ) ;
#3927 = FACE_OUTER_BOUND ( 'NONE', #5094, .T. ) ;
#3928 = EDGE_CURVE ( 'NONE', #4190, #676, #3369, .T. ) ;
#3929 = ORIENTED_EDGE ( 'NONE', *, *, #7664, .T. ) ;
#3930 = CARTESIAN_POINT ( 'NONE',  ( 0.000000000000000000, 0.000000000000000000, 0.05000000000000000278 ) ) ;
#3931 = DIRECTION ( 'NONE',  ( -0.000000000000000000, -0.000000000000000000, -1.000000000000000000 ) ) ;
#3932 = DIRECTION ( 'NONE',  ( -0.000000000000000000, -0.000000000000000000, -1.000000000000000000 ) ) ;
#3933 = ORIENTED_EDGE ( 'NONE', *, *, #6735, .T. ) ;
#3934 = CARTESIAN_POINT ( 'NONE',  ( 3.181351351351352275, 3.349144144144144963, 0.05000000000000000278 ) ) ;
#3935 = LINE ( 'NONE', #5225, #2254 ) ;
#3936 = UNCERTAINTY_MEASURE_WITH_UNIT (LENGTH_MEASURE( 1.000000000000000082E-05 ), #2820, 'distance_accuracy_value', 'NONE');
#3937 = VECTOR ( 'NONE', #5154, 1.000000000000000000 ) ;
#3938 = EDGE_CURVE ( 'NONE', #7101, #5163, #2248, .T. ) ;
#3939 = ORIENTED_EDGE ( 'NONE', *, *, #3810, .F. ) ;
#3940 = LINE ( 'NONE', #1663, #7174 ) ;
#3941 = AXIS2_PLACEMENT_3D ( 'NONE', #1590, #6978, #436 ) ;
#3942 = AXIS2_PLACEMENT_3D ( 'NONE', #3449, #6363, #1053 ) ;
#3943 = DIRECTION ( 'NONE',  ( 0.000000000000000000, -1.000000000000000000, 0.000000000000000000 ) ) ;
#3944 = ORIENTED_EDGE ( 'NONE', *, *, #5300, .F. ) ;
#3945 = DIRECTION ( 'NONE',  ( -0.000000000000000000, 1.000000000000000000, -0.000000000000000000 ) ) ;
#3946 = LINE ( 'NONE', #1047, #6578 ) ;
#3947 = DIRECTION ( 'NONE',  ( 0.000000000000000000, 0.000000000000000000, 1.000000000000000000 ) ) ;
#3948 = FACE_OUTER_BOUND ( 'NONE', #911, .T. ) ;
#3949 = CONTEXT_DEPENDENT_SHAPE_REPRESENTATION ( #2610, #6699 ) ;
#3950 = DIRECTION ( 'NONE',  ( -1.000000000000000000, -0.000000000000000000, -0.000000000000000000 ) ) ;
#3951 = ORIENTED_EDGE ( 'NONE', *, *, #253, .T. ) ;
#3952 = EDGE_LOOP ( 'NONE', ( #1093, #7611, #3581, #2727 ) ) ;
#3953 = CARTESIAN_POINT ( 'NONE',  ( -0.06864864864864676786, 0.5241441441441443416, 0.4510000000000000120 ) ) ;
#3954 = CARTESIAN_POINT ( 'NONE',  ( -0.04364864864864698157, -1.875855855855854681, 0.4500000000000000111 ) ) ;
#3955 = PLANE ( 'NONE',  #4041 ) ;
#3956 = VERTEX_POINT ( 'NONE', #7633 ) ;
#3957 = ORIENTED_EDGE ( 'NONE', *, *, #4870, .F. ) ;
#3958 = AXIS2_PLACEMENT_3D ( 'NONE', #1737, #4098, #1157 ) ;
#3959 = EDGE_CURVE ( 'NONE', #3554, #5779, #5846, .T. ) ;
#3960 = DIRECTION ( 'NONE',  ( -1.000000000000000000, -0.000000000000000000, -0.000000000000000000 ) ) ;
#3961 = CARTESIAN_POINT ( 'NONE',  ( -0.4786486486486469794, -0.2508558558558546814, 0.4500000000000000111 ) ) ;
#3962 = VECTOR ( 'NONE', #5253, 1.000000000000000000 ) ;
#3963 = LINE ( 'NONE', #2103, #5594 ) ;
#3964 = CARTESIAN_POINT ( 'NONE',  ( -1.668653815138664065, 3.349109615115158700, 0.05000000000000000278 ) ) ;
#3965 = ORIENTED_EDGE ( 'NONE', *, *, #464, .T. ) ;
#3966 = ORIENTED_EDGE ( 'NONE', *, *, #1700, .T. ) ;
#3967 = EDGE_LOOP ( 'NONE', ( #477, #6954, #5861, #3824 ) ) ;
#3968 = CARTESIAN_POINT ( 'NONE',  ( 1.156351351351352807, -2.225855855855854770, 0.2510000000000000009 ) ) ;
#3969 = EDGE_CURVE ( 'NONE', #7107, #1, #540, .T. ) ;
#3970 = ORIENTED_EDGE ( 'NONE', *, *, #6061, .T. ) ;
#3971 = PLANE ( 'NONE',  #576 ) ;
#3972 = EDGE_CURVE ( 'NONE', #3151, #258, #3479, .T. ) ;
#3973 = VECTOR ( 'NONE', #5273, 1.000000000000000000 ) ;
#3974 = VECTOR ( 'NONE', #5614, 1.000000000000000000 ) ;
#3975 = CARTESIAN_POINT ( 'NONE',  ( 0.7213513513513527542, -0.2508558558558548479, 0.05000000000000000278 ) ) ;
#3976 = VECTOR ( 'NONE', #4312, 1.000000000000000000 ) ;
#3977 = VERTEX_POINT ( 'NONE', #1738 ) ;
#3978 = CARTESIAN_POINT ( 'NONE',  ( -0.9236486486486471525, -0.9958558558558545659, 0.4500000000000000111 ) ) ;
#3979 = EDGE_CURVE ( 'NONE', #5210, #5947, #4100, .T. ) ;
#3980 = AXIS2_PLACEMENT_3D ( 'NONE', #1958, #4318, #1490 ) ;
#3981 = DIRECTION ( 'NONE',  ( -0.000000000000000000, -1.000000000000000000, -0.000000000000000000 ) ) ;
#3982 = AXIS2_PLACEMENT_3D ( 'NONE', #4750, #6033, #2425 ) ;
#3983 = ORIENTED_EDGE ( 'NONE', *, *, #6716, .T. ) ;
#3984 = CARTESIAN_POINT ( 'NONE',  ( 0.000000000000000000, 0.000000000000000000, 0.4500000000000000111 ) ) ;
#3985 = CARTESIAN_POINT ( 'NONE',  ( 0.000000000000000000, 0.000000000000000000, 0.4510000000000000120 ) ) ;
#3986 = FACE_OUTER_BOUND ( 'NONE', #757, .T. ) ;
#3987 = DIRECTION ( 'NONE',  ( -0.000000000000000000, 0.000000000000000000, 1.000000000000000000 ) ) ;
#3988 = DIRECTION ( 'NONE',  ( 0.000000000000000000, 1.000000000000000000, 0.000000000000000000 ) ) ;
#3989 = LINE ( 'NONE', #467, #7495 ) ;
#3990 = CARTESIAN_POINT ( 'NONE',  ( 1.476351351351353314, 1.404144144144144679, 0.4510000000000000120 ) ) ;
#3991 = EDGE_LOOP ( 'NONE', ( #7200, #5018, #2138, #3966 ) ) ;
#3992 = VERTEX_POINT ( 'NONE', #2531 ) ;
#3993 = FACE_BOUND ( 'NONE', #5740, .T. ) ;
#3994 = EDGE_CURVE ( 'NONE', #3190, #6783, #6100, .T. ) ;
#3995 = LINE ( 'NONE', #7565, #4724 ) ;
#3996 = LINE ( 'NONE', #5673, #6888 ) ;
#3997 = VERTEX_POINT ( 'NONE', #3839 ) ;
#3998 = DIRECTION ( 'NONE',  ( 0.000000000000000000, -1.000000000000000000, 0.000000000000000000 ) ) ;
#3999 = CARTESIAN_POINT ( 'NONE',  ( 0.000000000000000000, 0.000000000000000000, 0.2510000000000000009 ) ) ;
#4000 = ORIENTED_EDGE ( 'NONE', *, *, #1225, .T. ) ;
#4001 = LINE ( 'NONE', #5602, #7105 ) ;
#4002 = VERTEX_POINT ( 'NONE', #904 ) ;
#4003 = VECTOR ( 'NONE', #327, 1.000000000000000000 ) ;
#4004 = VERTEX_POINT ( 'NONE', #208 ) ;
#4005 = ORIENTED_EDGE ( 'NONE', *, *, #602, .F. ) ;
#4006 = DIRECTION ( 'NONE',  ( 1.000000000000000000, 1.110223024625160485E-15, 0.000000000000000000 ) ) ;
#4007 = VECTOR ( 'NONE', #2648, 1.000000000000000000 ) ;
#4008 = ADVANCED_FACE ( 'NONE', ( #4929 ), #7415, .T. ) ;
#4009 = VERTEX_POINT ( 'NONE', #4348 ) ;
#4010 = VECTOR ( 'NONE', #5259, 1.000000000000000000 ) ;
#4011 = CARTESIAN_POINT ( 'NONE',  ( -0.9228441399228916042, 0.4941441441441452032, 0.2510000000000000009 ) ) ;
#4012 = DIRECTION ( 'NONE',  ( 0.000000000000000000, -0.000000000000000000, -1.000000000000000000 ) ) ;
#4013 = AXIS2_PLACEMENT_3D ( 'NONE', #2184, #4972, #2762 ) ;
#4014 = EDGE_CURVE ( 'NONE', #87, #4503, #2601, .T. ) ;
#4015 = FACE_OUTER_BOUND ( 'NONE', #2953, .T. ) ;
#4016 = ADVANCED_FACE ( 'NONE', ( #787 ), #859, .F. ) ;
#4017 = ORIENTED_EDGE ( 'NONE', *, *, #6863, .F. ) ;
#4018 = DIRECTION ( 'NONE',  ( 1.000000000000000000, 0.000000000000000000, 0.000000000000000000 ) ) ;
#4019 = CARTESIAN_POINT ( 'NONE',  ( -0.01248264923019517733, 1.694144144144144049, 0.2510000000000000009 ) ) ;
#4020 = CARTESIAN_POINT ( 'NONE',  ( 0.7313513513513534292, 2.099144144144145407, 0.05100000000000000366 ) ) ;
#4021 = EDGE_CURVE ( 'NONE', #5558, #713, #3146, .T. ) ;
#4022 = SURFACE_STYLE_FILL_AREA ( #1044 ) ;
#4023 = PLANE ( 'NONE',  #6267 ) ;
#4024 = LINE ( 'NONE', #2285, #3231 ) ;
#4025 = CARTESIAN_POINT ( 'NONE',  ( -0.01364864864864699309, -1.905855855855854708, 0.4500000000000000111 ) ) ;
#4026 = LINE ( 'NONE', #5274, #4932 ) ;
#4027 = CARTESIAN_POINT ( 'NONE',  ( -2.868382539233230055, 3.348907565514117834, 0.1500000000000000222 ) ) ;
#4028 = ORIENTED_EDGE ( 'NONE', *, *, #605, .T. ) ;
#4029 = EDGE_LOOP ( 'NONE', ( #66, #7530, #3194, #559 ) ) ;
#4030 = CARTESIAN_POINT ( 'NONE',  ( 0.2663513513513530162, -0.6961949088771521854, 0.6520000000000003570 ) ) ;
#4031 = CARTESIAN_POINT ( 'NONE',  ( -1.667844139922891600, -0.2478776232719740735, 0.2510000000000000009 ) ) ;
#4032 = VECTOR ( 'NONE', #5447, 1.000000000000000000 ) ;
#4033 = CLOSED_SHELL ( 'NONE', ( #1975, #1965, #4356, #6059, #836, #3167, #2072, #1186, #4346, #5538, #1324, #3542, #4290, #3621, #2480, #369, #3641, #1201, #3440, #6273, #4398, #4250, #5919, #5386, #2735, #3678, #3695 ) ) ;
#4034 = LINE ( 'NONE', #3416, #3299 ) ;
#4035 = VERTEX_POINT ( 'NONE', #5637 ) ;
#4036 = CARTESIAN_POINT ( 'NONE',  ( -0.8936486486486472369, -1.025855855855854593, 0.4510000000000000120 ) ) ;
#4037 = CARTESIAN_POINT ( 'NONE',  ( -0.01364864864864699309, -1.905855855855854708, 0.4500000000000000111 ) ) ;
#4038 = ORIENTED_EDGE ( 'NONE', *, *, #6421, .F. ) ;
#4039 = EDGE_CURVE ( 'NONE', #640, #3275, #3798, .T. ) ;
#4040 = LINE ( 'NONE', #19, #168 ) ;
#4041 = AXIS2_PLACEMENT_3D ( 'NONE', #3379, #1055, #5783 ) ;
#4042 = EDGE_CURVE ( 'NONE', #4498, #3329, #1441, .T. ) ;
#4043 = ORIENTED_EDGE ( 'NONE', *, *, #2030, .F. ) ;
#4044 = VERTEX_POINT ( 'NONE', #4894 ) ;
#4045 = ORIENTED_EDGE ( 'NONE', *, *, #7331, .F. ) ;
#4046 = CARTESIAN_POINT ( 'NONE',  ( -1.668648648648647148, 0.9491441441441452742, 0.4500000000000000111 ) ) ;
#4047 = VECTOR ( 'NONE', #4760, 1.000000000000000000 ) ;
#4048 = ORIENTED_EDGE ( 'NONE', *, *, #7137, .T. ) ;
#4049 = DIRECTION ( 'NONE',  ( -0.000000000000000000, -0.000000000000000000, -1.000000000000000000 ) ) ;
#4050 = LINE ( 'NONE', #2346, #6364 ) ;
#4051 = EDGE_CURVE ( 'NONE', #1677, #3633, #750, .T. ) ;
#4052 = CARTESIAN_POINT ( 'NONE',  ( -2.382432432432432634, 1.078378378378379576, 0.05100000000000000366 ) ) ;
#4053 = ORIENTED_EDGE ( 'NONE', *, *, #6454, .T. ) ;
#4054 = PLANE ( 'NONE',  #3427 ) ;
#4055 = EDGE_CURVE ( 'NONE', #1672, #2148, #5520, .T. ) ;
#4056 = FACE_OUTER_BOUND ( 'NONE', #270, .T. ) ;
#4057 = ADVANCED_FACE ( 'NONE', ( #1951 ), #4311, .F. ) ;
#4058 = CARTESIAN_POINT ( 'NONE',  ( -2.432432432432432456, 1.128378378378379621, 0.000000000000000000 ) ) ;
#4059 = CARTESIAN_POINT ( 'NONE',  ( -2.918382539233228989, -4.100766735799657781, 0.1500000000000000222 ) ) ;
#4060 = CARTESIAN_POINT ( 'NONE',  ( -2.868382539233229167, -4.100766735799657781, 0.1500000000000000222 ) ) ;
#4061 = EDGE_CURVE ( 'NONE', #7218, #600, #3762, .T. ) ;
#4062 = DIRECTION ( 'NONE',  ( 1.000000000000000000, 0.000000000000000000, 0.000000000000000000 ) ) ;
#4063 = CARTESIAN_POINT ( 'NONE',  ( -1.668648648648647148, 2.149144144144145230, 0.05100000000000000366 ) ) ;
#4064 = CARTESIAN_POINT ( 'NONE',  ( -0.8936486486486471259, 1.722892555011814375, 0.4500000000000000111 ) ) ;
#4065 = PLANE ( 'NONE',  #6607 ) ;
#4066 = ADVANCED_FACE ( 'NONE', ( #287 ), #1368, .F. ) ;
#4067 = ORIENTED_EDGE ( 'NONE', *, *, #464, .F. ) ;
#4068 = ORIENTED_EDGE ( 'NONE', *, *, #352, .F. ) ;
#4069 = CARTESIAN_POINT ( 'NONE',  ( 0.000000000000000000, 0.000000000000000000, 0.05000000000000000278 ) ) ;
#4070 = DIRECTION ( 'NONE',  ( 1.000000000000000000, 0.000000000000000000, 0.000000000000000000 ) ) ;
#4071 = LINE ( 'NONE', #6435, #7560 ) ;
#4072 = VERTEX_POINT ( 'NONE', #7374 ) ;
#4073 = LINE ( 'NONE', #475, #1171 ) ;
#4074 = CARTESIAN_POINT ( 'NONE',  ( -1.661268387826372095, -2.638672188960770271, 0.2510000000000000009 ) ) ;
#4075 = ORIENTED_EDGE ( 'NONE', *, *, #5814, .F. ) ;
#4076 = FACE_OUTER_BOUND ( 'NONE', #4811, .T. ) ;
#4077 = CARTESIAN_POINT ( 'NONE',  ( 3.617567567567565590, 1.078378378378379576, 0.1499999999999999944 ) ) ;
#4078 = EDGE_LOOP ( 'NONE', ( #3340, #1141, #7078, #4446 ) ) ;
#4079 = VERTEX_POINT ( 'NONE', #1987 ) ;
#4080 = EDGE_LOOP ( 'NONE', ( #3898, #5630, #7644, #7349 ) ) ;
#4081 = CARTESIAN_POINT ( 'NONE',  ( -1.668648648648647148, -0.2508558558558546814, 0.4500000000000000111 ) ) ;
#4082 = EDGE_CURVE ( 'NONE', #1302, #6407, #1405, .T. ) ;
#4083 = ORIENTED_EDGE ( 'NONE', *, *, #5944, .T. ) ;
#4084 = LINE ( 'NONE', #3430, #2052 ) ;
#4085 = CARTESIAN_POINT ( 'NONE',  ( 1.506351351351352896, -2.225855855855854770, 0.2510000000000000009 ) ) ;
#4086 = CARTESIAN_POINT ( 'NONE',  ( -0.05364864864864694882, -1.016194908877152026, 0.6520000000000003570 ) ) ;
#4087 = EDGE_CURVE ( 'NONE', #4918, #7120, #6788, .T. ) ;
#4088 = EDGE_LOOP ( 'NONE', ( #2902, #6225, #4713, #1836 ) ) ;
#4089 = EDGE_LOOP ( 'NONE', ( #5605, #686, #5109, #5696 ) ) ;
#4090 = CARTESIAN_POINT ( 'NONE',  ( 0.7010708180236888687, -0.2619442023300436184, 0.05100000000000000366 ) ) ;
#4091 = AXIS2_PLACEMENT_3D ( 'NONE', #4885, #4921, #4337 ) ;
#4092 = LINE ( 'NONE', #5767, #3109 ) ;
#4093 = VECTOR ( 'NONE', #4101, 1.000000000000000000 ) ;
#4094 = AXIS2_PLACEMENT_3D ( 'NONE', #3284, #6194, #4012 ) ;
#4095 = CARTESIAN_POINT ( 'NONE',  ( -0.4436486486486468372, 0.9491441441441442750, 0.4500000000000000111 ) ) ;
#4096 = AXIS2_PLACEMENT_3D ( 'NONE', #1617, #5728, #7628 ) ;
#4097 = EDGE_LOOP ( 'NONE', ( #5438, #977, #3740, #6534 ) ) ;
#4098 = DIRECTION ( 'NONE',  ( 0.000000000000000000, -1.000000000000000000, 0.000000000000000000 ) ) ;
#4099 = VECTOR ( 'NONE', #4596, 1.000000000000000000 ) ;
#4100 = LINE ( 'NONE', #6215, #6642 ) ;
#4101 = DIRECTION ( 'NONE',  ( -1.000000000000000000, -0.000000000000000000, -0.000000000000000000 ) ) ;
#4102 = LINE ( 'NONE', #1628, #3356 ) ;
#4103 = CARTESIAN_POINT ( 'NONE',  ( -0.04364864864864695382, -2.225855855855854770, 0.4510000000000000120 ) ) ;
#4104 = DIRECTION ( 'NONE',  ( -1.000000000000000000, -0.000000000000000000, -0.000000000000000000 ) ) ;
#4105 = ORIENTED_EDGE ( 'NONE', *, *, #6306, .F. ) ;
#4106 = ORIENTED_EDGE ( 'NONE', *, *, #273, .F. ) ;
#4107 = CARTESIAN_POINT ( 'NONE',  ( -1.661268387826372095, -1.459372486768057531, 0.2510000000000000009 ) ) ;
#4108 = PLANE ( 'NONE',  #2618 ) ;
#4109 = ADVANCED_FACE ( 'NONE', ( #4424, #323 ), #2684, .T. ) ;
#4110 = EDGE_CURVE ( 'NONE', #920, #7434, #4034, .T. ) ;
#4111 = PLANE ( 'NONE',  #755 ) ;
#4112 = VERTEX_POINT ( 'NONE', #6287 ) ;
#4113 = EDGE_CURVE ( 'NONE', #4138, #4002, #5707, .T. ) ;
#4114 = CARTESIAN_POINT ( 'NONE',  ( -1.618648648648647104, -0.2508558558558546814, 0.05000000000000000278 ) ) ;
#4115 = EDGE_CURVE ( 'NONE', #1310, #1254, #1019, .T. ) ;
#4116 = FACE_OUTER_BOUND ( 'NONE', #5542, .T. ) ;
#4117 = ORIENTED_EDGE ( 'NONE', *, *, #7592, .F. ) ;
#4118 = LINE ( 'NONE', #1175, #1380 ) ;
#4119 = DIRECTION ( 'NONE',  ( 0.000000000000000000, -0.000000000000000000, 1.000000000000000000 ) ) ;
#4120 = ORIENTED_EDGE ( 'NONE', *, *, #6240, .T. ) ;
#4121 = ORIENTED_EDGE ( 'NONE', *, *, #535, .T. ) ;
#4122 = VERTEX_POINT ( 'NONE', #7566 ) ;
#4123 = DIRECTION ( 'NONE',  ( -0.000000000000000000, -0.000000000000000000, -1.000000000000000000 ) ) ;
#4124 = VECTOR ( 'NONE', #2355, 1.000000000000000000 ) ;
#4125 = EDGE_LOOP ( 'NONE', ( #6907, #2535, #394, #2426 ) ) ;
#4126 = CARTESIAN_POINT ( 'NONE',  ( -0.4510550733494790299, -0.2478776232719740735, 0.05100000000000000366 ) ) ;
#4127 = ADVANCED_FACE ( 'NONE', ( #6367 ), #3955, .T. ) ;
#4128 = AXIS2_PLACEMENT_3D ( 'NONE', #4851, #6055, #3717 ) ;
#4129 = DIRECTION ( 'NONE',  ( 0.000000000000000000, 0.000000000000000000, -1.000000000000000000 ) ) ;
#4130 = PLANE ( 'NONE',  #1138 ) ;
#4131 = VECTOR ( 'NONE', #3112, 1.000000000000000000 ) ;
#4132 = VERTEX_POINT ( 'NONE', #1713 ) ;
#4133 = DIRECTION ( 'NONE',  ( 0.000000000000000000, 1.000000000000000000, -0.000000000000000000 ) ) ;
#4134 = VECTOR ( 'NONE', #324, 1.000000000000000000 ) ;
#4135 = PLANE ( 'NONE',  #5224 ) ;
#4136 = ADVANCED_FACE ( 'NONE', ( #2832 ), #5161, .T. ) ;
#4137 = FACE_OUTER_BOUND ( 'NONE', #5955, .T. ) ;
#4138 = VERTEX_POINT ( 'NONE', #2870 ) ;
#4139 = DIRECTION ( 'NONE',  ( 0.000000000000000000, 0.000000000000000000, 1.000000000000000000 ) ) ;
#4140 = CARTESIAN_POINT ( 'NONE',  ( -2.918648648648647370, 3.349144144144144963, 0.05000000000000000278 ) ) ;
#4141 = CARTESIAN_POINT ( 'NONE',  ( 0.7313513513513532072, 0.9491441441441444971, 0.4500000000000000111 ) ) ;
#4142 = CARTESIAN_POINT ( 'NONE',  ( 0.7290204228011620824, 2.148025372459793303, 0.05100000000000000366 ) ) ;
#4143 = CARTESIAN_POINT ( 'NONE',  ( -0.4779485211280458667, -2.638672188960770271, 0.2510000000000000009 ) ) ;
#4144 = ORIENTED_EDGE ( 'NONE', *, *, #1988, .T. ) ;
#4145 = VECTOR ( 'NONE', #7277, 1.000000000000000000 ) ;
#4146 = EDGE_LOOP ( 'NONE', ( #1253, #143, #2086, #7534 ) ) ;
#4147 = CARTESIAN_POINT ( 'NONE',  ( -0.9236486486486471525, 1.402892555011814535, 0.4510000000000000120 ) ) ;
#4148 = EDGE_CURVE ( 'NONE', #4432, #7448, #2218, .T. ) ;
#4149 = DIRECTION ( 'NONE',  ( -0.000000000000000000, 0.000000000000000000, 1.000000000000000000 ) ) ;
#4150 = DIRECTION ( 'NONE',  ( 1.586032892321652729E-16, -1.000000000000000000, 0.000000000000000000 ) ) ;
#4151 = ORIENTED_EDGE ( 'NONE', *, *, #4021, .T. ) ;
#4152 = VECTOR ( 'NONE', #7427, 1.000000000000000000 ) ;
#4153 = DIRECTION ( 'NONE',  ( 0.000000000000000000, 0.000000000000000000, 1.000000000000000000 ) ) ;
#4154 = DIRECTION ( 'NONE',  ( -0.000000000000000000, -0.000000000000000000, -1.000000000000000000 ) ) ;
#4155 = VERTEX_POINT ( 'NONE', #6942 ) ;
#4156 = LINE ( 'NONE', #7025, #5464 ) ;
#4157 = CARTESIAN_POINT ( 'NONE',  ( -2.867919202630825559, -2.620885740052331769, 0.05100000000000000366 ) ) ;
#4158 = ORIENTED_EDGE ( 'NONE', *, *, #3969, .T. ) ;
#4159 = ORIENTED_EDGE ( 'NONE', *, *, #2971, .T. ) ;
#4160 = ORIENTED_EDGE ( 'NONE', *, *, #212, .T. ) ;
#4161 = EDGE_CURVE ( 'NONE', #7207, #6049, #473, .T. ) ;
#4162 = DIRECTION ( 'NONE',  ( -1.000000000000000000, -1.586032892321652729E-16, 0.000000000000000000 ) ) ;
#4163 = ORIENTED_EDGE ( 'NONE', *, *, #7041, .T. ) ;
#4164 = DIRECTION ( 'NONE',  ( -1.000000000000000000, 0.000000000000000000, 0.000000000000000000 ) ) ;
#4165 = VECTOR ( 'NONE', #6721, 1.000000000000000000 ) ;
#4166 = DIRECTION ( 'NONE',  ( 1.000000000000000000, 0.000000000000000000, 0.000000000000000000 ) ) ;
#4167 = EDGE_CURVE ( 'NONE', #5162, #811, #5081, .T. ) ;
#4168 = VECTOR ( 'NONE', #7548, 1.000000000000000000 ) ;
#4169 = FACE_BOUND ( 'NONE', #3765, .T. ) ;
#4170 = ORIENTED_EDGE ( 'NONE', *, *, #352, .T. ) ;
#4171 = ORIENTED_EDGE ( 'NONE', *, *, #3972, .T. ) ;
#4172 = DIRECTION ( 'NONE',  ( 0.000000000000000000, 1.000000000000000000, 0.000000000000000000 ) ) ;
#4173 = CARTESIAN_POINT ( 'NONE',  ( -1.668914624007974412, -2.620885740052331325, 0.05000000000000000278 ) ) ;
#4174 = ORIENTED_EDGE ( 'NONE', *, *, #6366, .F. ) ;
#4175 = CARTESIAN_POINT ( 'NONE',  ( 1.931351351351352941, -2.650855855855854593, 0.05000000000000000278 ) ) ;
#4176 = ORIENTED_EDGE ( 'NONE', *, *, #4297, .F. ) ;
#4177 = CARTESIAN_POINT ( 'NONE',  ( 0.3063513513513529962, -1.875855855855854681, 0.4510000000000000120 ) ) ;
#4178 = DIRECTION ( 'NONE',  ( 0.000000000000000000, -1.000000000000000000, 0.000000000000000000 ) ) ;
#4179 = FACE_OUTER_BOUND ( 'NONE', #7254, .T. ) ;
#4180 = CARTESIAN_POINT ( 'NONE',  ( 0.7313513513513529851, 0.000000000000000000, 0.4500000000000000111 ) ) ;
#4181 = EDGE_CURVE ( 'NONE', #5984, #5299, #1637, .T. ) ;
#4182 = CARTESIAN_POINT ( 'NONE',  ( -0.9236486486486471525, 1.692892555011814348, 0.4510000000000000120 ) ) ;
#4183 = ORIENTED_EDGE ( 'NONE', *, *, #1890, .T. ) ;
#4184 = VERTEX_POINT ( 'NONE', #6982 ) ;
#4185 = FACE_BOUND ( 'NONE', #2125, .T. ) ;
#4186 = CARTESIAN_POINT ( 'NONE',  ( 0.000000000000000000, 0.000000000000000000, 0.1499999999999999944 ) ) ;
#4187 = ORIENTED_EDGE ( 'NONE', *, *, #1180, .F. ) ;
#4188 = DIRECTION ( 'NONE',  ( 1.000000000000000000, 0.000000000000000000, 0.000000000000000000 ) ) ;
#4189 = DIRECTION ( 'NONE',  ( 1.850371707708594563E-16, -1.000000000000000000, 0.000000000000000000 ) ) ;
#4190 = VERTEX_POINT ( 'NONE', #1676 ) ;
#4191 = DIRECTION ( 'NONE',  ( 1.000000000000000000, 0.000000000000000000, 0.000000000000000000 ) ) ;
#4192 =( NAMED_UNIT ( * ) PLANE_ANGLE_UNIT ( ) SI_UNIT ( $, .RADIAN. ) );
#4193 = ORIENTED_EDGE ( 'NONE', *, *, #2719, .F. ) ;
#4194 = AXIS2_PLACEMENT_3D ( 'NONE', #5700, #6246, #7408 ) ;
#4195 = ORIENTED_EDGE ( 'NONE', *, *, #1543, .T. ) ;
#4196 = VERTEX_POINT ( 'NONE', #438 ) ;
#4197 = CARTESIAN_POINT ( 'NONE',  ( -1.668648648648647148, 2.149144144144145230, 0.05000000000000000278 ) ) ;
#4198 = EDGE_CURVE ( 'NONE', #5264, #371, #941, .T. ) ;
#4199 = VECTOR ( 'NONE', #6515, 1.000000000000000000 ) ;
#4200 = EDGE_LOOP ( 'NONE', ( #5064, #4299, #7054, #5645 ) ) ;
#4201 = CARTESIAN_POINT ( 'NONE',  ( -0.03864864864864676897, 0.4941441441441443150, 0.4500000000000000111 ) ) ;
#4202 = CARTESIAN_POINT ( 'NONE',  ( 0.2813513513513532516, 0.1741441441441443638, 0.4500000000000000111 ) ) ;
#4203 = VECTOR ( 'NONE', #496, 1.000000000000000000 ) ;
#4204 = LINE ( 'NONE', #5375, #3726 ) ;
#4205 = ADVANCED_FACE ( 'NONE', ( #4502 ), #4541, .F. ) ;
#4206 = VERTEX_POINT ( 'NONE', #3302 ) ;
#4207 = DIRECTION ( 'NONE',  ( 0.000000000000000000, -1.000000000000000000, 0.000000000000000000 ) ) ;
#4208 = AXIS2_PLACEMENT_3D ( 'NONE', #4683, #1113, #4216 ) ;
#4209 = LINE ( 'NONE', #4173, #6455 ) ;
#4210 = EDGE_CURVE ( 'NONE', #2344, #3417, #3996, .T. ) ;
#4211 = AXIS2_PLACEMENT_3D ( 'NONE', #3390, #5758, #4668 ) ;
#4212 = ORIENTED_EDGE ( 'NONE', *, *, #4450, .F. ) ;
#4213 = LINE ( 'NONE', #4095, #6842 ) ;
#4214 = AXIS2_PLACEMENT_3D ( 'NONE', #6052, #1943, #4304 ) ;
#4215 = ORIENTED_EDGE ( 'NONE', *, *, #4948, .T. ) ;
#4216 = DIRECTION ( 'NONE',  ( -1.000000000000000000, 1.456030196229713880E-16, 0.000000000000000000 ) ) ;
#4217 = DIRECTION ( 'NONE',  ( 0.000000000000000000, -0.000000000000000000, -1.000000000000000000 ) ) ;
#4218 = CARTESIAN_POINT ( 'NONE',  ( 1.476351351351353314, 1.694144144144144493, 0.4500000000000000111 ) ) ;
#4219 = PLANE ( 'NONE',  #3404 ) ;
#4220 = VECTOR ( 'NONE', #2510, 1.000000000000000000 ) ;
#4221 = ORIENTED_EDGE ( 'NONE', *, *, #3073, .F. ) ;
#4222 = EDGE_LOOP ( 'NONE', ( #4833, #1760, #885, #2622 ) ) ;
#4223 = CARTESIAN_POINT ( 'NONE',  ( -0.4436486486486466152, -0.2508558558558557916, 0.4500000000000000111 ) ) ;
#4224 = VECTOR ( 'NONE', #1584, 1.000000000000000000 ) ;
#4225 = LINE ( 'NONE', #5282, #1249 ) ;
#4226 = ORIENTED_EDGE ( 'NONE', *, *, #1930, .F. ) ;
#4227 = FACE_OUTER_BOUND ( 'NONE', #225, .T. ) ;
#4228 = DIRECTION ( 'NONE',  ( 0.000000000000000000, -1.000000000000000000, 0.000000000000000000 ) ) ;
#4229 = ORIENTED_EDGE ( 'NONE', *, *, #7575, .T. ) ;
#4230 = VECTOR ( 'NONE', #3363, 1.000000000000000000 ) ;
#4231 = ITEM_DEFINED_TRANSFORMATION ( 'NONE', 'NONE', #1143,  #145 ) ;
#4232 = CARTESIAN_POINT ( 'NONE',  ( 0.7313513513513532072, 0.000000000000000000, 0.05100000000000000366 ) ) ;
#4233 = VECTOR ( 'NONE', #5412, 1.000000000000000000 ) ;
#4234 = ADVANCED_FACE ( 'NONE', ( #3918 ), #975, .F. ) ;
#4235 = ORIENTED_EDGE ( 'NONE', *, *, #2685, .T. ) ;
#4236 = VERTEX_POINT ( 'NONE', #5125 ) ;
#4237 = EDGE_LOOP ( 'NONE', ( #6340, #7421, #855, #2334 ) ) ;
#4238 = LINE ( 'NONE', #6563, #4945 ) ;
#4239 = DIRECTION ( 'NONE',  ( -1.192237920446390406E-16, 1.000000000000000000, -0.000000000000000000 ) ) ;
#4240 = LINE ( 'NONE', #753, #5495 ) ;
#4241 = CARTESIAN_POINT ( 'NONE',  ( -1.618648648648647104, -2.600855855855854770, 0.05000000000000000278 ) ) ;
#4242 = ADVANCED_FACE ( 'NONE', ( #7492 ), #2181, .T. ) ;
#4243 = ORIENTED_EDGE ( 'NONE', *, *, #7331, .T. ) ;
#4244 = DIRECTION ( 'NONE',  ( -0.000000000000000000, -0.000000000000000000, -1.000000000000000000 ) ) ;
#4245 = DIRECTION ( 'NONE',  ( -0.000000000000000000, 0.000000000000000000, -1.000000000000000000 ) ) ;
#4246 = EDGE_CURVE ( 'NONE', #5462, #3956, #4225, .T. ) ;
#4247 = EDGE_CURVE ( 'NONE', #5404, #4267, #3644, .T. ) ;
#4248 = EDGE_LOOP ( 'NONE', ( #3807, #5858, #1504, #4048 ) ) ;
#4249 = VECTOR ( 'NONE', #1251, 1.000000000000000000 ) ;
#4250 = ADVANCED_FACE ( 'NONE', ( #7209 ), #4111, .T. ) ;
#4251 = DIRECTION ( 'NONE',  ( -0.000000000000000000, -1.000000000000000000, -0.000000000000000000 ) ) ;
#4252 = VECTOR ( 'NONE', #4154, 1.000000000000000000 ) ;
#4253 = EDGE_LOOP ( 'NONE', ( #2814, #7493, #7384, #1525 ) ) ;
#4254 = CARTESIAN_POINT ( 'NONE',  ( -1.213648648648647077, -1.905855855855854708, 0.2520000000000000018 ) ) ;
#4255 = DIRECTION ( 'NONE',  ( 1.000000000000000000, 0.000000000000000000, 0.000000000000000000 ) ) ;
#4256 = CARTESIAN_POINT ( 'NONE',  ( 0.7313513513513529851, -2.650855855855854593, 0.4500000000000000111 ) ) ;
#4257 = CARTESIAN_POINT ( 'NONE',  ( -1.661268387826372095, -1.459372486768057531, 0.05100000000000000366 ) ) ;
#4258 = VECTOR ( 'NONE', #7021, 1.000000000000000000 ) ;
#4259 = VERTEX_POINT ( 'NONE', #1245 ) ;
#4260 = ADVANCED_FACE ( 'NONE', ( #5896 ), #7057, .F. ) ;
#4261 = ORIENTED_EDGE ( 'NONE', *, *, #7382, .F. ) ;
#4262 = LINE ( 'NONE', #3091, #4565 ) ;
#4263 = DIRECTION ( 'NONE',  ( 0.000000000000000000, -0.000000000000000000, -1.000000000000000000 ) ) ;
#4264 = ORIENTED_EDGE ( 'NONE', *, *, #1272, .F. ) ;
#4265 = DIRECTION ( 'NONE',  ( 0.000000000000000000, 1.000000000000000000, 0.000000000000000000 ) ) ;
#4266 = DIRECTION ( 'NONE',  ( -0.000000000000000000, -0.000000000000000000, 1.000000000000000000 ) ) ;
#4267 = VERTEX_POINT ( 'NONE', #7170 ) ;
#4268 = APPLICATION_PROTOCOL_DEFINITION ( 'draft international standard', 'automotive_design', 1998, #5242 ) ;
#4269 = DIRECTION ( 'NONE',  ( 0.000000000000000000, 1.000000000000000000, 0.000000000000000000 ) ) ;
#4270 = EDGE_LOOP ( 'NONE', ( #6728, #2289, #7064, #3274 ) ) ;
#4271 = EDGE_LOOP ( 'NONE', ( #4670, #1745, #2817, #4823 ) ) ;
#4272 = ORIENTED_EDGE ( 'NONE', *, *, #5589, .F. ) ;
#4273 = LINE ( 'NONE', #5371, #627 ) ;
#4274 = EDGE_CURVE ( 'NONE', #5299, #6646, #6478, .T. ) ;
#4275 = DIRECTION ( 'NONE',  ( 9.251858538542972814E-17, -1.000000000000000000, 0.000000000000000000 ) ) ;
#4276 = CARTESIAN_POINT ( 'NONE',  ( 1.140752172914886176, 0.1827057713251167559, 0.6510000000000003562 ) ) ;
#4277 = ORIENTED_EDGE ( 'NONE', *, *, #7650, .F. ) ;
#4278 = VECTOR ( 'NONE', #5795, 1.000000000000000000 ) ;
#4279 = VERTEX_POINT ( 'NONE', #117 ) ;
#4280 = DIRECTION ( 'NONE',  ( -1.256179068810790265E-16, 1.000000000000000000, 0.000000000000000000 ) ) ;
#4281 = EDGE_CURVE ( 'NONE', #1898, #2540, #551, .T. ) ;
#4282 = CARTESIAN_POINT ( 'NONE',  ( 1.881351351351352896, 0.9491441441441441640, 0.05100000000000000366 ) ) ;
#4283 = ORIENTED_EDGE ( 'NONE', *, *, #4736, .F. ) ;
#4284 = VECTOR ( 'NONE', #3451, 1.000000000000000000 ) ;
#4285 = DIRECTION ( 'NONE',  ( -0.000000000000000000, -0.000000000000000000, -1.000000000000000000 ) ) ;
#4286 = EDGE_CURVE ( 'NONE', #5167, #2871, #3608, .T. ) ;
#4287 = VECTOR ( 'NONE', #2702, 1.000000000000000000 ) ;
#4288 = EDGE_LOOP ( 'NONE', ( #2339, #1234, #2070, #6864 ) ) ;
#4289 = PLANE ( 'NONE',  #7393 ) ;
#4290 = ADVANCED_FACE ( 'NONE', ( #1169 ), #5429, .T. ) ;
#4291 = LINE ( 'NONE', #1895, #2116 ) ;
#4292 = LINE ( 'NONE', #112, #7445 ) ;
#4293 = DIRECTION ( 'NONE',  ( -0.000000000000000000, 1.000000000000000000, -0.000000000000000000 ) ) ;
#4294 = ORIENTED_EDGE ( 'NONE', *, *, #7285, .T. ) ;
#4295 = ORIENTED_EDGE ( 'NONE', *, *, #344, .T. ) ;
#4296 = CARTESIAN_POINT ( 'NONE',  ( 0.2813513513513531961, 0.5241441441441443416, 0.4510000000000000120 ) ) ;
#4297 = EDGE_CURVE ( 'NONE', #3275, #2778, #2481, .T. ) ;
#4298 = PLANE ( 'NONE',  #6190 ) ;
#4299 = ORIENTED_EDGE ( 'NONE', *, *, #328, .F. ) ;
#4300 = DIRECTION ( 'NONE',  ( 0.000000000000000000, 1.000000000000000000, 0.000000000000000000 ) ) ;
#4301 = ADVANCED_FACE ( 'NONE', ( #5318 ), #4845, .F. ) ;
#4302 = EDGE_CURVE ( 'NONE', #268, #7207, #5937, .T. ) ;
#4303 = CARTESIAN_POINT ( 'NONE',  ( -2.867919202630825559, -2.620885740052331769, 0.05000000000000000278 ) ) ;
#4304 = DIRECTION ( 'NONE',  ( -0.000000000000000000, 0.000000000000000000, -1.000000000000000000 ) ) ;
#4305 = ORIENTED_EDGE ( 'NONE', *, *, #6904, .F. ) ;
#4306 = FACE_OUTER_BOUND ( 'NONE', #1425, .T. ) ;
#4307 = ORIENTED_EDGE ( 'NONE', *, *, #3698, .F. ) ;
#4308 = ORIENTED_EDGE ( 'NONE', *, *, #251, .F. ) ;
#4309 = ORIENTED_EDGE ( 'NONE', *, *, #3071, .F. ) ;
#4310 = CARTESIAN_POINT ( 'NONE',  ( -0.8936486486486471259, -1.875855855855854681, 0.2520000000000000018 ) ) ;
#4311 = PLANE ( 'NONE',  #951 ) ;
#4312 = DIRECTION ( 'NONE',  ( 0.000000000000000000, -1.000000000000000000, 0.000000000000000000 ) ) ;
#4313 = LINE ( 'NONE', #2459, #2028 ) ;
#4314 = VECTOR ( 'NONE', #6711, 1.000000000000000000 ) ;
#4315 = VERTEX_POINT ( 'NONE', #669 ) ;
#4316 = VERTEX_POINT ( 'NONE', #4771 ) ;
#4317 = CARTESIAN_POINT ( 'NONE',  ( -0.01364864864864699309, -1.905855855855854708, 0.4510000000000000120 ) ) ;
#4318 = DIRECTION ( 'NONE',  ( 0.000000000000000000, 1.000000000000000000, 0.000000000000000000 ) ) ;
#4319 = ORIENTED_EDGE ( 'NONE', *, *, #7334, .T. ) ;
#4320 = EDGE_CURVE ( 'NONE', #4503, #15, #4071, .T. ) ;
#4321 = DIRECTION ( 'NONE',  ( -0.000000000000000000, -0.000000000000000000, -1.000000000000000000 ) ) ;
#4322 = VERTEX_POINT ( 'NONE', #5360 ) ;
#4323 = PLANE ( 'NONE',  #1194 ) ;
#4324 = AXIS2_PLACEMENT_3D ( 'NONE', #6892, #2709, #2785 ) ;
#4325 = AXIS2_PLACEMENT_3D ( 'NONE', #1876, #4815, #3723 ) ;
#4326 = CARTESIAN_POINT ( 'NONE',  ( 3.176837698566488122, -4.100459402700869838, 0.05000000000000000278 ) ) ;
#4327 = PLANE ( 'NONE',  #515 ) ;
#4328 = CARTESIAN_POINT ( 'NONE',  ( 1.186351351351353278, 1.694144144144144493, 0.4510000000000000120 ) ) ;
#4329 = ORIENTED_EDGE ( 'NONE', *, *, #7358, .F. ) ;
#4330 = VERTEX_POINT ( 'NONE', #2906 ) ;
#4331 = DIRECTION ( 'NONE',  ( -0.000000000000000000, -0.000000000000000000, -1.000000000000000000 ) ) ;
#4332 = PLANE ( 'NONE',  #5694 ) ;
#4333 = EDGE_LOOP ( 'NONE', ( #3116, #5725, #2652, #1243 ) ) ;
#4334 = LINE ( 'NONE', #3210, #1688 ) ;
#4335 = SHAPE_REPRESENTATION ( 'mehuia forest', ( #145 ), #4350 ) ;
#4336 = DIRECTION ( 'NONE',  ( -0.000000000000000000, 1.000000000000000000, -0.000000000000000000 ) ) ;
#4337 = DIRECTION ( 'NONE',  ( 0.000000000000000000, -0.000000000000000000, -1.000000000000000000 ) ) ;
#4338 = VECTOR ( 'NONE', #5848, 1.000000000000000000 ) ;
#4339 = ORIENTED_EDGE ( 'NONE', *, *, #976, .F. ) ;
#4340 = PRODUCT_CONTEXT ( 'NONE', #6330, 'mechanical' ) ;
#4341 = CARTESIAN_POINT ( 'NONE',  ( 0.7157521729148861311, -0.2422942286748832330, 0.6510000000000003562 ) ) ;
#4342 = ORIENTED_EDGE ( 'NONE', *, *, #5492, .F. ) ;
#4343 = VECTOR ( 'NONE', #7085, 1.000000000000000000 ) ;
#4344 = ORIENTED_EDGE ( 'NONE', *, *, #2602, .F. ) ;
#4345 = CARTESIAN_POINT ( 'NONE',  ( -2.867919202630825559, -2.650885740052331574, 0.05000000000000000278 ) ) ;
#4346 = ADVANCED_FACE ( 'NONE', ( #7643 ), #1827, .T. ) ;
#4347 = VECTOR ( 'NONE', #6872, 1.000000000000000000 ) ;
#4348 = CARTESIAN_POINT ( 'NONE',  ( 3.667567567567565856, -0.9216216216216202017, 0.1499999999999999944 ) ) ;
#4349 = EDGE_CURVE ( 'NONE', #6849, #2799, #86, .T. ) ;
#4350 =( GEOMETRIC_REPRESENTATION_CONTEXT ( 3 ) GLOBAL_UNCERTAINTY_ASSIGNED_CONTEXT ( ( #2163 ) ) GLOBAL_UNIT_ASSIGNED_CONTEXT ( ( #3534, #2416, #1532 ) ) REPRESENTATION_CONTEXT ( 'NONE', 'WORKASPACE' ) );
#4351 = VECTOR ( 'NONE', #3549, 1.000000000000000000 ) ;
#4352 = LINE ( 'NONE', #6101, #1261 ) ;
#4353 = CARTESIAN_POINT ( 'NONE',  ( 0.3063513513513529962, -1.875855855855854681, 0.4510000000000000120 ) ) ;
#4354 = ORIENTED_EDGE ( 'NONE', *, *, #4812, .T. ) ;
#4355 = ORIENTED_EDGE ( 'NONE', *, *, #535, .F. ) ;
#4356 = ADVANCED_FACE ( 'NONE', ( #1750 ), #4805, .T. ) ;
#4357 = VERTEX_POINT ( 'NONE', #3064 ) ;
#4358 = LINE ( 'NONE', #1414, #4527 ) ;
#4359 = DIRECTION ( 'NONE',  ( -1.000000000000000000, 3.172065784643303486E-16, -0.000000000000000000 ) ) ;
#4360 = EDGE_LOOP ( 'NONE', ( #901, #1608, #7154, #1281 ) ) ;
#4361 = LINE ( 'NONE', #1455, #2760 ) ;
#4362 = ORIENTED_EDGE ( 'NONE', *, *, #450, .T. ) ;
#4363 = LINE ( 'NONE', #4254, #7512 ) ;
#4364 = EDGE_CURVE ( 'NONE', #6837, #3463, #6704, .T. ) ;
#4365 = CARTESIAN_POINT ( 'NONE',  ( 0.2963513513513530429, -1.016194908877152026, 0.6520000000000003570 ) ) ;
#4366 = DIRECTION ( 'NONE',  ( -1.000000000000000000, 0.000000000000000000, 0.000000000000000000 ) ) ;
#4367 = EDGE_CURVE ( 'NONE', #1463, #3662, #6666, .T. ) ;
#4368 = AXIS2_PLACEMENT_3D ( 'NONE', #5863, #7103, #2300 ) ;
#4369 = ORIENTED_EDGE ( 'NONE', *, *, #4246, .T. ) ;
#4370 = ORIENTED_EDGE ( 'NONE', *, *, #1801, .F. ) ;
#4371 = DIRECTION ( 'NONE',  ( 0.000000000000000000, -0.000000000000000000, -1.000000000000000000 ) ) ;
#4372 = DIRECTION ( 'NONE',  ( -1.192376064322233222E-16, 1.000000000000000000, -0.000000000000000000 ) ) ;
#4373 = VERTEX_POINT ( 'NONE', #5364 ) ;
#4374 = DIRECTION ( 'NONE',  ( 1.000000000000000000, 0.000000000000000000, 0.000000000000000000 ) ) ;
#4375 = LINE ( 'NONE', #6279, #1748 ) ;
#4376 = CARTESIAN_POINT ( 'NONE',  ( 0.7010708180236888687, -1.441194908877152070, 0.05100000000000000366 ) ) ;
#4377 = LINE ( 'NONE', #5627, #2215 ) ;
#4378 = VECTOR ( 'NONE', #2604, 1.000000000000000000 ) ;
#4379 = DIRECTION ( 'NONE',  ( 1.000000000000000000, -9.654113257610057838E-17, 0.000000000000000000 ) ) ;
#4380 = ORIENTED_EDGE ( 'NONE', *, *, #3071, .T. ) ;
#4381 = ADVANCED_FACE ( 'NONE', ( #778 ), #1397, .F. ) ;
#4382 = ORIENTED_EDGE ( 'NONE', *, *, #3157, .T. ) ;
#4383 = FACE_OUTER_BOUND ( 'NONE', #4420, .T. ) ;
#4384 = PLANE ( 'NONE',  #5968 ) ;
#4385 = CARTESIAN_POINT ( 'NONE',  ( 0.000000000000000000, 0.000000000000000000, 0.4500000000000000111 ) ) ;
#4386 = EDGE_CURVE ( 'NONE', #5065, #2799, #6556, .T. ) ;
#4387 = CARTESIAN_POINT ( 'NONE',  ( -0.9236486486486471525, -0.7058558558558547524, 0.4500000000000000111 ) ) ;
#4388 = LINE ( 'NONE', #2724, #5992 ) ;
#4389 = LINE ( 'NONE', #3801, #5716 ) ;
#4390 = CARTESIAN_POINT ( 'NONE',  ( -0.04364864864864695382, -2.225855855855854770, 0.4510000000000000120 ) ) ;
#4391 = EDGE_CURVE ( 'NONE', #6776, #2465, #7212, .T. ) ;
#4392 = ORIENTED_EDGE ( 'NONE', *, *, #5394, .T. ) ;
#4393 = LINE ( 'NONE', #2771, #2237 ) ;
#4394 = AXIS2_PLACEMENT_3D ( 'NONE', #431, #1629, #6973 ) ;
#4395 = VERTEX_POINT ( 'NONE', #6631 ) ;
#4396 = VERTEX_POINT ( 'NONE', #3138 ) ;
#4397 = FACE_OUTER_BOUND ( 'NONE', #4333, .T. ) ;
#4398 = ADVANCED_FACE ( 'NONE', ( #1326 ), #3755, .F. ) ;
#4399 = CARTESIAN_POINT ( 'NONE',  ( 0.000000000000000000, 0.000000000000000000, 0.05100000000000000366 ) ) ;
#4400 = EDGE_LOOP ( 'NONE', ( #349, #3036, #3386, #6458 ) ) ;
#4401 = CARTESIAN_POINT ( 'NONE',  ( 1.901351351351352914, 3.349139388805733919, 0.05100000000000000366 ) ) ;
#4402 = ORIENTED_EDGE ( 'NONE', *, *, #5589, .T. ) ;
#4403 = CARTESIAN_POINT ( 'NONE',  ( 1.476351351351352870, -0.7058558558558547524, 0.4500000000000000111 ) ) ;
#4404 = DIRECTION ( 'NONE',  ( -2.166288828536891256E-16, 1.000000000000000000, -0.000000000000000000 ) ) ;
#4405 = CARTESIAN_POINT ( 'NONE',  ( 0.6175675675675675880, 0.7783783783783795318, 0.05100000000000000366 ) ) ;
#4406 = VECTOR ( 'NONE', #2307, 1.000000000000000000 ) ;
#4407 = ORIENTED_EDGE ( 'NONE', *, *, #4082, .F. ) ;
#4408 = ADVANCED_FACE ( 'NONE', ( #5512 ), #2558, .F. ) ;
#4409 = VERTEX_POINT ( 'NONE', #741 ) ;
#4410 = AXIS2_PLACEMENT_3D ( 'NONE', #7661, #5379, #3512 ) ;
#4411 = LINE ( 'NONE', #271, #6801 ) ;
#4412 = DIRECTION ( 'NONE',  ( -0.000000000000000000, 0.000000000000000000, -1.000000000000000000 ) ) ;
#4413 = ORIENTED_EDGE ( 'NONE', *, *, #5354, .T. ) ;
#4414 = FACE_OUTER_BOUND ( 'NONE', #6446, .T. ) ;
#4415 = EDGE_CURVE ( 'NONE', #5051, #1677, #5433, .T. ) ;
#4416 = PLANE ( 'NONE',  #2369 ) ;
#4417 = PLANE ( 'NONE',  #4832 ) ;
#4418 = LINE ( 'NONE', #7484, #6176 ) ;
#4419 = LINE ( 'NONE', #3791, #416 ) ;
#4420 = EDGE_LOOP ( 'NONE', ( #3320, #2809, #6011, #40 ) ) ;
#4421 = ORIENTED_EDGE ( 'NONE', *, *, #5136, .T. ) ;
#4422 = DIRECTION ( 'NONE',  ( 1.000000000000000000, -0.000000000000000000, -0.000000000000000000 ) ) ;
#4423 = PLANE ( 'NONE',  #649 ) ;
#4424 = FACE_OUTER_BOUND ( 'NONE', #4029, .T. ) ;
#4425 = LINE ( 'NONE', #6789, #7477 ) ;
#4426 = DIRECTION ( 'NONE',  ( 3.703815796601320752E-16, -1.000000000000000000, 0.000000000000000000 ) ) ;
#4427 = DIRECTION ( 'NONE',  ( 0.000000000000000000, -1.000000000000000000, 0.000000000000000000 ) ) ;
#4428 = PRODUCT_DEFINITION_CONTEXT ( 'detailed design', #2761, 'design' ) ;
#4429 = VERTEX_POINT ( 'NONE', #120 ) ;
#4430 = CARTESIAN_POINT ( 'NONE',  ( -1.668653815138664065, 2.149178435024714506, 0.05100000000000000366 ) ) ;
#4431 = ADVANCED_FACE ( 'NONE', ( #6091 ), #1906, .F. ) ;
#4432 = VERTEX_POINT ( 'NONE', #2990 ) ;
#4433 = VERTEX_POINT ( 'NONE', #56 ) ;
#4434 = DIRECTION ( 'NONE',  ( 0.000000000000000000, 1.000000000000000000, 0.000000000000000000 ) ) ;
#4435 = CARTESIAN_POINT ( 'NONE',  ( 1.186351351351353278, 1.694144144144144493, 0.4510000000000000120 ) ) ;
#4436 = CARTESIAN_POINT ( 'NONE',  ( 1.186351351351352834, -1.905855855855854708, 0.2520000000000000018 ) ) ;
#4437 = EDGE_CURVE ( 'NONE', #1188, #929, #7173, .T. ) ;
#4438 = VERTEX_POINT ( 'NONE', #4774 ) ;
#4439 = DIRECTION ( 'NONE',  ( 1.000000000000000000, 0.000000000000000000, 0.000000000000000000 ) ) ;
#4440 = EDGE_CURVE ( 'NONE', #6767, #800, #7288, .T. ) ;
#4441 = EDGE_CURVE ( 'NONE', #1729, #1893, #1978, .T. ) ;
#4442 = CARTESIAN_POINT ( 'NONE',  ( -0.05364864864864694882, -1.016194908877152026, 0.6520000000000003570 ) ) ;
#4443 = DIRECTION ( 'NONE',  ( -1.000000000000000000, 0.000000000000000000, 0.000000000000000000 ) ) ;
#4444 = ORIENTED_EDGE ( 'NONE', *, *, #724, .T. ) ;
#4445 = VECTOR ( 'NONE', #2282, 1.000000000000000000 ) ;
#4446 = ORIENTED_EDGE ( 'NONE', *, *, #7607, .T. ) ;
#4447 = CARTESIAN_POINT ( 'NONE',  ( 0.2775173507698048825, 1.694144144144144049, 0.2520000000000000018 ) ) ;
#4448 = VERTEX_POINT ( 'NONE', #89 ) ;
#4449 = FACE_OUTER_BOUND ( 'NONE', #2916, .T. ) ;
#4450 = EDGE_CURVE ( 'NONE', #3759, #5101, #708, .T. ) ;
#4451 = CARTESIAN_POINT ( 'NONE',  ( -2.382432432432432634, 1.078378378378379576, 0.1499999999999999944 ) ) ;
#4452 = DIRECTION ( 'NONE',  ( -1.000000000000000000, 0.000000000000000000, 0.000000000000000000 ) ) ;
#4453 = DIRECTION ( 'NONE',  ( 1.000000000000000000, 0.000000000000000000, -0.000000000000000000 ) ) ;
#4454 = CARTESIAN_POINT ( 'NONE',  ( 1.170752172914886202, 0.5027057713251168458, 0.6520000000000003570 ) ) ;
#4455 = VECTOR ( 'NONE', #6048, 1.000000000000000000 ) ;
#4456 = ORIENTED_EDGE ( 'NONE', *, *, #6109, .F. ) ;
#4457 = VERTEX_POINT ( 'NONE', #672 ) ;
#4458 = LINE ( 'NONE', #2641, #3326 ) ;
#4459 = CARTESIAN_POINT ( 'NONE',  ( 3.667567567567565412, 1.128378378378379621, 0.1499999999999999944 ) ) ;
#4460 = DIRECTION ( 'NONE',  ( -0.000000000000000000, 0.000000000000000000, 1.000000000000000000 ) ) ;
#4461 = VECTOR ( 'NONE', #2713, 1.000000000000000000 ) ;
#4462 = DIRECTION ( 'NONE',  ( 0.000000000000000000, 0.000000000000000000, 1.000000000000000000 ) ) ;
#4463 = DIRECTION ( 'NONE',  ( -1.000000000000000000, 0.000000000000000000, 0.000000000000000000 ) ) ;
#4464 = CARTESIAN_POINT ( 'NONE',  ( 0.2513513513513532249, 0.4941441441441443150, 0.4500000000000000111 ) ) ;
#4465 = EDGE_CURVE ( 'NONE', #3588, #6224, #2447, .T. ) ;
#4466 = VECTOR ( 'NONE', #1276, 1.000000000000000000 ) ;
#4467 = DIRECTION ( 'NONE',  ( -1.000000000000000000, -1.586032892321652236E-16, 0.000000000000000000 ) ) ;
#4468 = ORIENTED_EDGE ( 'NONE', *, *, #344, .F. ) ;
#4469 = VECTOR ( 'NONE', #3743, 1.000000000000000000 ) ;
#4470 = ORIENTED_EDGE ( 'NONE', *, *, #3058, .F. ) ;
#4471 = DIRECTION ( 'NONE',  ( -0.000000000000000000, -0.000000000000000000, -1.000000000000000000 ) ) ;
#4472 = VECTOR ( 'NONE', #5958, 1.000000000000000000 ) ;
#4473 = VECTOR ( 'NONE', #1206, 1.000000000000000000 ) ;
#4474 = ORIENTED_EDGE ( 'NONE', *, *, #6186, .F. ) ;
#4475 = LINE ( 'NONE', #6301, #5771 ) ;
#4476 = PLANE ( 'NONE',  #5346 ) ;
#4477 = EDGE_CURVE ( 'NONE', #294, #7140, #6596, .T. ) ;
#4478 = PLANE ( 'NONE',  #2173 ) ;
#4479 = ORIENTED_EDGE ( 'NONE', *, *, #5944, .F. ) ;
#4480 = CARTESIAN_POINT ( 'NONE',  ( 0.000000000000000000, -1.450855855855854637, 0.05000000000000000278 ) ) ;
#4481 = CARTESIAN_POINT ( 'NONE',  ( 0.6175675675675675880, 0.7783783783783795318, 0.05000000000000000278 ) ) ;
#4482 = ADVANCED_FACE ( 'NONE', ( #3872 ), #4417, .F. ) ;
#4483 = ADVANCED_FACE ( 'NONE', ( #2092 ), #391, .F. ) ;
#4484 = EDGE_LOOP ( 'NONE', ( #1751, #2380, #6796, #3618, #2491, #1816, #1483, #865, #6138, #7130 ) ) ;
#4485 = VECTOR ( 'NONE', #5304, 1.000000000000000000 ) ;
#4486 = EDGE_LOOP ( 'NONE', ( #2213, #561, #2631, #2962 ) ) ;
#4487 = DIRECTION ( 'NONE',  ( 1.000000000000000000, 0.000000000000000000, 0.000000000000000000 ) ) ;
#4488 = PLANE ( 'NONE',  #4324 ) ;
#4489 = VERTEX_POINT ( 'NONE', #3789 ) ;
#4490 = CARTESIAN_POINT ( 'NONE',  ( -0.9236486486486471525, -2.195855855855854966, 0.2520000000000000018 ) ) ;
#4491 = VECTOR ( 'NONE', #6094, 1.000000000000000000 ) ;
#4492 = FACE_OUTER_BOUND ( 'NONE', #870, .T. ) ;
#4493 = DIRECTION ( 'NONE',  ( -1.000000000000000000, -9.251858538542972814E-17, 0.000000000000000000 ) ) ;
#4494 = FACE_OUTER_BOUND ( 'NONE', #1454, .T. ) ;
#4495 = LINE ( 'NONE', #2791, #3011 ) ;
#4496 = EDGE_CURVE ( 'NONE', #3997, #1899, #234, .T. ) ;
#4497 = ORIENTED_EDGE ( 'NONE', *, *, #5354, .F. ) ;
#4498 = VERTEX_POINT ( 'NONE', #2015 ) ;
#4499 = CARTESIAN_POINT ( 'NONE',  ( -0.4632964566313568788, -0.2619442023300436184, 0.6510000000000003562 ) ) ;
#4500 = STYLED_ITEM ( 'NONE', ( #2766 ), #5320 ) ;
#4501 = DIRECTION ( 'NONE',  ( 1.000000000000000000, -0.000000000000000000, -0.000000000000000000 ) ) ;
#4502 = FACE_OUTER_BOUND ( 'NONE', #3967, .T. ) ;
#4503 = VERTEX_POINT ( 'NONE', #6280 ) ;
#4504 = AXIS2_PLACEMENT_3D ( 'NONE', #3305, #6750, #4463 ) ;
#4505 = LINE ( 'NONE', #5638, #3140 ) ;
#4506 = DIRECTION ( 'NONE',  ( 4.724353296277261913E-17, 1.000000000000000000, 0.000000000000000000 ) ) ;
#4507 = CARTESIAN_POINT ( 'NONE',  ( 1.506351351351353340, 1.724144144144144519, 0.4510000000000000120 ) ) ;
#4508 = PLANE ( 'NONE',  #3506 ) ;
#4509 = VERTEX_POINT ( 'NONE', #3830 ) ;
#4510 = ORIENTED_EDGE ( 'NONE', *, *, #336, .F. ) ;
#4511 = AXIS2_PLACEMENT_3D ( 'NONE', #3492, #7645, #1790 ) ;
#4512 = DIRECTION ( 'NONE',  ( -0.000000000000000000, 0.000000000000000000, 1.000000000000000000 ) ) ;
#4513 = ORIENTED_EDGE ( 'NONE', *, *, #4896, .T. ) ;
#4514 = CARTESIAN_POINT ( 'NONE',  ( -1.242844139922891555, 0.1741441441441452520, 0.2520000000000000018 ) ) ;
#4515 = EDGE_CURVE ( 'NONE', #1004, #5921, #1511, .T. ) ;
#4516 = LINE ( 'NONE', #1534, #4152 ) ;
#4517 = VECTOR ( 'NONE', #6268, 1.000000000000000000 ) ;
#4518 = ORIENTED_EDGE ( 'NONE', *, *, #950, .T. ) ;
#4519 = CARTESIAN_POINT ( 'NONE',  ( 0.7324691333359016898, -1.452608405685351434, 0.2510000000000000009 ) ) ;
#4520 = LINE ( 'NONE', #6925, #888 ) ;
#4521 = ADVANCED_FACE ( 'NONE', ( #851, #3175 ), #3212, .T. ) ;
#4522 = ORIENTED_EDGE ( 'NONE', *, *, #7528, .F. ) ;
#4523 = CARTESIAN_POINT ( 'NONE',  ( -1.661268387826372095, -2.638672188960770271, 0.2510000000000000009 ) ) ;
#4524 = EDGE_CURVE ( 'NONE', #1310, #2679, #2134, .T. ) ;
#4525 = FACE_OUTER_BOUND ( 'NONE', #4288, .T. ) ;
#4526 = ORIENTED_EDGE ( 'NONE', *, *, #3638, .T. ) ;
#4527 = VECTOR ( 'NONE', #5564, 1.000000000000000000 ) ;
#4528 = CARTESIAN_POINT ( 'NONE',  ( 1.490752172914886264, 0.5327057713251167614, 0.6510000000000003562 ) ) ;
#4529 = DIRECTION ( 'NONE',  ( 2.166288828536891256E-16, -1.000000000000000000, 0.000000000000000000 ) ) ;
#4530 = DIRECTION ( 'NONE',  ( 0.000000000000000000, -1.000000000000000000, 0.000000000000000000 ) ) ;
#4531 = FACE_OUTER_BOUND ( 'NONE', #6436, .T. ) ;
#4532 = DIRECTION ( 'NONE',  ( -3.172065784643303486E-16, 1.000000000000000000, -0.000000000000000000 ) ) ;
#4533 = VECTOR ( 'NONE', #5414, 1.000000000000000000 ) ;
#4534 = VERTEX_POINT ( 'NONE', #6205 ) ;
#4535 = EDGE_LOOP ( 'NONE', ( #6460, #4038, #6242, #3666 ) ) ;
#4536 = VECTOR ( 'NONE', #3184, 1.000000000000000000 ) ;
#4537 = CARTESIAN_POINT ( 'NONE',  ( 0.6175675675675675880, 1.078378378378379576, 0.05100000000000000366 ) ) ;
#4538 = ADVANCED_FACE ( 'NONE', ( #895 ), #6858, .F. ) ;
#4539 = FACE_OUTER_BOUND ( 'NONE', #1567, .T. ) ;
#4540 = EDGE_CURVE ( 'NONE', #3031, #3420, #968, .T. ) ;
#4541 = PLANE ( 'NONE',  #581 ) ;
#4542 = EDGE_CURVE ( 'NONE', #4196, #5076, #4959, .T. ) ;
#4543 = ORIENTED_EDGE ( 'NONE', *, *, #5644, .F. ) ;
#4544 = EDGE_LOOP ( 'NONE', ( #4784, #2405, #2912, #4144 ) ) ;
#4545 = DIRECTION ( 'NONE',  ( 1.000000000000000000, 0.000000000000000000, 0.000000000000000000 ) ) ;
#4546 = LINE ( 'NONE', #7417, #2890 ) ;
#4547 = DIRECTION ( 'NONE',  ( 0.000000000000000000, -1.000000000000000000, 0.000000000000000000 ) ) ;
#4548 = CARTESIAN_POINT ( 'NONE',  ( -0.4674826492301951686, 0.9497722133673791589, 0.05100000000000000366 ) ) ;
#4549 = ORIENTED_EDGE ( 'NONE', *, *, #5855, .T. ) ;
#4550 = ORIENTED_EDGE ( 'NONE', *, *, #2231, .F. ) ;
#4551 = ORIENTED_EDGE ( 'NONE', *, *, #3084, .T. ) ;
#4552 = PLANE ( 'NONE',  #5207 ) ;
#4553 = ADVANCED_FACE ( 'NONE', ( #5665 ), #2634, .F. ) ;
#4554 = ORIENTED_EDGE ( 'NONE', *, *, #5989, .T. ) ;
#4555 = CARTESIAN_POINT ( 'NONE',  ( 0.3075173507698049091, 1.374144144144144208, 0.2520000000000000018 ) ) ;
#4556 = DIRECTION ( 'NONE',  ( -1.000000000000000000, 0.000000000000000000, 0.000000000000000000 ) ) ;
#4557 = EDGE_CURVE ( 'NONE', #481, #3782, #6820, .T. ) ;
#4558 = ORIENTED_EDGE ( 'NONE', *, *, #5777, .T. ) ;
#4559 = CARTESIAN_POINT ( 'NONE',  ( -1.618648648648647104, 0.9491441441441450522, 0.05000000000000000278 ) ) ;
#4560 = DIRECTION ( 'NONE',  ( 3.172065784643304472E-16, -1.000000000000000000, 0.000000000000000000 ) ) ;
#4561 = EDGE_CURVE ( 'NONE', #5921, #691, #2675, .T. ) ;
#4562 = AXIS2_PLACEMENT_3D ( 'NONE', #5117, #3910, #5546 ) ;
#4563 = ORIENTED_EDGE ( 'NONE', *, *, #5685, .F. ) ;
#4564 = CARTESIAN_POINT ( 'NONE',  ( 3.126837698566487411, -4.100459402700869838, 0.1500000000000000222 ) ) ;
#4565 = VECTOR ( 'NONE', #7245, 1.000000000000000000 ) ;
#4566 = SURFACE_STYLE_USAGE ( .BOTH. , #2204 ) ;
#4567 = DIRECTION ( 'NONE',  ( -0.000000000000000000, -0.000000000000000000, -1.000000000000000000 ) ) ;
#4568 = CARTESIAN_POINT ( 'NONE',  ( 1.901351351351352914, 2.149144144144145230, 0.05000000000000000278 ) ) ;
#4569 = LINE ( 'NONE', #6358, #2603 ) ;
#4570 = PLANE ( 'NONE',  #1422 ) ;
#4571 = LINE ( 'NONE', #3483, #6493 ) ;
#4572 = EDGE_LOOP ( 'NONE', ( #238, #5361, #6375, #2076 ) ) ;
#4573 = ORIENTED_EDGE ( 'NONE', *, *, #6945, .F. ) ;
#4574 = CARTESIAN_POINT ( 'NONE',  ( 3.617567567567566034, 0.7283783783783794874, 0.1509999999999999953 ) ) ;
#4575 = PLANE ( 'NONE',  #2744 ) ;
#4576 = CARTESIAN_POINT ( 'NONE',  ( -0.1824324324324324564, 1.078378378378379576, 0.05100000000000000366 ) ) ;
#4577 = ORIENTED_EDGE ( 'NONE', *, *, #4632, .T. ) ;
#4578 = VECTOR ( 'NONE', #3558, 1.000000000000000000 ) ;
#4579 = FACE_OUTER_BOUND ( 'NONE', #1566, .T. ) ;
#4580 = CARTESIAN_POINT ( 'NONE',  ( -0.01248264923019514090, 1.404144144144144235, 0.2520000000000000018 ) ) ;
#4581 = VECTOR ( 'NONE', #5681, 1.000000000000000000 ) ;
#4582 = EDGE_LOOP ( 'NONE', ( #2268, #4775, #5703, #6322 ) ) ;
#4583 = FACE_OUTER_BOUND ( 'NONE', #5658, .T. ) ;
#4584 = EDGE_CURVE ( 'NONE', #4004, #6877, #3332, .T. ) ;
#4585 = EDGE_CURVE ( 'NONE', #2701, #2930, #6740, .T. ) ;
#4586 = ORIENTED_EDGE ( 'NONE', *, *, #3486, .T. ) ;
#4587 = ORIENTED_EDGE ( 'NONE', *, *, #6336, .F. ) ;
#4588 = VERTEX_POINT ( 'NONE', #4376 ) ;
#4589 = FACE_OUTER_BOUND ( 'NONE', #5417, .T. ) ;
#4590 = AXIS2_PLACEMENT_3D ( 'NONE', #5191, #7557, #502 ) ;
#4591 = VERTEX_POINT ( 'NONE', #4999 ) ;
#4592 = CARTESIAN_POINT ( 'NONE',  ( 0.000000000000000000, 0.000000000000000000, 0.05100000000000000366 ) ) ;
#4593 = DIRECTION ( 'NONE',  ( 1.000000000000000000, -0.000000000000000000, 0.000000000000000000 ) ) ;
#4594 = AXIS2_PLACEMENT_3D ( 'NONE', #660, #7276, #4800 ) ;
#4595 = VECTOR ( 'NONE', #390, 1.000000000000000000 ) ;
#4596 = DIRECTION ( 'NONE',  ( -0.000000000000000000, 1.000000000000000000, -0.000000000000000000 ) ) ;
#4597 = EDGE_CURVE ( 'NONE', #2301, #5167, #6163, .T. ) ;
#4598 = VECTOR ( 'NONE', #7261, 1.000000000000000000 ) ;
#4599 = EDGE_LOOP ( 'NONE', ( #2536, #2119, #6133, #6681 ) ) ;
#4600 = PLANE ( 'NONE',  #7141 ) ;
#4601 = AXIS2_PLACEMENT_3D ( 'NONE', #3495, #954, #2336 ) ;
#4602 = CARTESIAN_POINT ( 'NONE',  ( -2.918648648648647370, 3.349144144144144963, 0.05000000000000000278 ) ) ;
#4603 = AXIS2_PLACEMENT_3D ( 'NONE', #1054, #1018, #2830 ) ;
#4604 = EDGE_LOOP ( 'NONE', ( #2514, #1170, #57, #3258 ) ) ;
#4605 = DIRECTION ( 'NONE',  ( 1.000000000000000000, 0.000000000000000000, -0.000000000000000000 ) ) ;
#4606 = EDGE_CURVE ( 'NONE', #2540, #6210, #1667, .T. ) ;
#4607 = CARTESIAN_POINT ( 'NONE',  ( 3.176837698566487234, 3.348351809431109327, 0.05000000000000000278 ) ) ;
#4608 = EDGE_CURVE ( 'NONE', #3768, #4002, #4102, .T. ) ;
#4609 = CARTESIAN_POINT ( 'NONE',  ( 1.506351351351352896, -2.225855855855854770, 0.2520000000000000018 ) ) ;
#4610 = DIRECTION ( 'NONE',  ( -0.000000000000000000, -1.000000000000000000, -0.000000000000000000 ) ) ;
#4611 = DIRECTION ( 'NONE',  ( -1.000000000000000000, 0.000000000000000000, 0.000000000000000000 ) ) ;
#4612 = DIRECTION ( 'NONE',  ( 1.000000000000000000, 0.000000000000000000, 0.000000000000000000 ) ) ;
#4613 = CARTESIAN_POINT ( 'NONE',  ( 3.126837698566487411, 3.348351809431109327, 0.1500000000000000222 ) ) ;
#4614 = VERTEX_POINT ( 'NONE', #1740 ) ;
#4615 = ORIENTED_EDGE ( 'NONE', *, *, #7413, .T. ) ;
#4616 = FACE_OUTER_BOUND ( 'NONE', #6489, .T. ) ;
#4617 = PLANE ( 'NONE',  #3616 ) ;
#4618 = CARTESIAN_POINT ( 'NONE',  ( -0.04248264923019513806, 1.374144144144144208, 0.2510000000000000009 ) ) ;
#4619 = EDGE_LOOP ( 'NONE', ( #4862, #4878, #4243, #7213 ) ) ;
#4620 = EDGE_CURVE ( 'NONE', #3458, #5286, #1705, .T. ) ;
#4621 = CARTESIAN_POINT ( 'NONE',  ( -1.212844139922891529, 0.4941441441441452032, 0.2510000000000000009 ) ) ;
#4622 = FACE_OUTER_BOUND ( 'NONE', #4599, .T. ) ;
#4623 = ORIENTED_EDGE ( 'NONE', *, *, #1035, .T. ) ;
#4624 = DIRECTION ( 'NONE',  ( -1.000000000000000000, 3.172065784643304472E-16, 0.000000000000000000 ) ) ;
#4625 = ORIENTED_EDGE ( 'NONE', *, *, #1046, .T. ) ;
#4626 = VECTOR ( 'NONE', #6911, 1.000000000000000000 ) ;
#4627 = ORIENTED_EDGE ( 'NONE', *, *, #1543, .F. ) ;
#4628 = ORIENTED_EDGE ( 'NONE', *, *, #4167, .F. ) ;
#4629 = CARTESIAN_POINT ( 'NONE',  ( 1.490752172914886264, 0.1827057713251167559, 0.6520000000000003570 ) ) ;
#4630 = EDGE_CURVE ( 'NONE', #3710, #146, #4569, .T. ) ;
#4631 = VECTOR ( 'NONE', #517, 1.000000000000000000 ) ;
#4632 = EDGE_CURVE ( 'NONE', #4509, #3759, #2898, .T. ) ;
#4633 = ORIENTED_EDGE ( 'NONE', *, *, #1950, .T. ) ;
#4634 = CARTESIAN_POINT ( 'NONE',  ( -2.867919202630825559, -2.650885740052331574, 0.05100000000000000366 ) ) ;
#4635 = CARTESIAN_POINT ( 'NONE',  ( -1.382432432432432634, 1.078378378378379576, 0.05100000000000000366 ) ) ;
#4636 = VECTOR ( 'NONE', #4265, 1.000000000000000000 ) ;
#4637 = FACE_OUTER_BOUND ( 'NONE', #6599, .T. ) ;
#4638 = ADVANCED_FACE ( 'NONE', ( #2360 ), #6395, .F. ) ;
#4639 = ORIENTED_EDGE ( 'NONE', *, *, #5106, .T. ) ;
#4640 = PLANE ( 'NONE',  #5529 ) ;
#4641 = EDGE_CURVE ( 'NONE', #831, #6097, #7011, .T. ) ;
#4642 = DIRECTION ( 'NONE',  ( -0.000000000000000000, 1.000000000000000000, -0.000000000000000000 ) ) ;
#4643 = CARTESIAN_POINT ( 'NONE',  ( -2.918382539233228989, -4.100766735799657781, 0.05000000000000000278 ) ) ;
#4644 = LINE ( 'NONE', #7044, #5204 ) ;
#4645 = DIRECTION ( 'NONE',  ( 1.000000000000000000, -1.456030196229713880E-16, 0.000000000000000000 ) ) ;
#4646 = LINE ( 'NONE', #1666, #1123 ) ;
#4647 = DIRECTION ( 'NONE',  ( -1.000000000000000000, -0.000000000000000000, -0.000000000000000000 ) ) ;
#4648 = DIRECTION ( 'NONE',  ( 0.000000000000000000, -1.000000000000000000, 0.000000000000000000 ) ) ;
#4649 = LINE ( 'NONE', #6936, #6114 ) ;
#4650 = EDGE_CURVE ( 'NONE', #7434, #4196, #4686, .T. ) ;
#4651 = ORIENTED_EDGE ( 'NONE', *, *, #2932, .F. ) ;
#4652 = ORIENTED_EDGE ( 'NONE', *, *, #4367, .T. ) ;
#4653 = DIRECTION ( 'NONE',  ( 0.000000000000000000, 0.000000000000000000, 1.000000000000000000 ) ) ;
#4654 = DIRECTION ( 'NONE',  ( -0.000000000000000000, 1.000000000000000000, 0.000000000000000000 ) ) ;
#4655 = VECTOR ( 'NONE', #3441, 1.000000000000000000 ) ;
#4656 = CARTESIAN_POINT ( 'NONE',  ( 1.170752172914886202, 0.2127057713251167548, 0.6520000000000003570 ) ) ;
#4657 = VERTEX_POINT ( 'NONE', #3444 ) ;
#4658 = CARTESIAN_POINT ( 'NONE',  ( -1.618648648648647104, 0.9491441441441450522, 0.05100000000000000366 ) ) ;
#4659 = CARTESIAN_POINT ( 'NONE',  ( 1.186351351351353278, 1.694144144144144493, 0.4510000000000000120 ) ) ;
#4660 = ORIENTED_EDGE ( 'NONE', *, *, #269, .F. ) ;
#4661 = DIRECTION ( 'NONE',  ( -1.000000000000000000, -0.000000000000000000, -0.000000000000000000 ) ) ;
#4662 = CARTESIAN_POINT ( 'NONE',  ( 3.617567567567566034, -0.4716216216216202461, 0.1499999999999999944 ) ) ;
#4663 = VECTOR ( 'NONE', #5596, 1.000000000000000000 ) ;
#4664 = EDGE_CURVE ( 'NONE', #6964, #679, #1048, .T. ) ;
#4665 = VERTEX_POINT ( 'NONE', #4025 ) ;
#4666 = ORIENTED_EDGE ( 'NONE', *, *, #6962, .T. ) ;
#4667 = ORIENTED_EDGE ( 'NONE', *, *, #6470, .F. ) ;
#4668 = DIRECTION ( 'NONE',  ( 1.000000000000000000, 0.000000000000000000, 0.000000000000000000 ) ) ;
#4669 = VECTOR ( 'NONE', #6461, 1.000000000000000000 ) ;
#4670 = ORIENTED_EDGE ( 'NONE', *, *, #5188, .F. ) ;
#4671 = CARTESIAN_POINT ( 'NONE',  ( -1.618648648648647104, 0.9478925550118146859, 0.05100000000000000366 ) ) ;
#4672 = PLANE ( 'NONE',  #677 ) ;
#4673 = CARTESIAN_POINT ( 'NONE',  ( 0.2963513513513529873, -0.6661949088771521588, 0.6510000000000003562 ) ) ;
#4674 = VERTEX_POINT ( 'NONE', #5153 ) ;
#4675 = CARTESIAN_POINT ( 'NONE',  ( -1.668653815138664065, 2.149178435024714506, 0.05100000000000000366 ) ) ;
#4676 = DIRECTION ( 'NONE',  ( -1.000000000000000000, 0.000000000000000000, 0.000000000000000000 ) ) ;
#4677 = ADVANCED_FACE ( 'NONE', ( #6427 ), #466, .F. ) ;
#4678 = EDGE_CURVE ( 'NONE', #5437, #6732, #2208, .T. ) ;
#4679 = CARTESIAN_POINT ( 'NONE',  ( 3.181351351351352275, 3.349144144144144963, 0.000000000000000000 ) ) ;
#4680 = EDGE_CURVE ( 'NONE', #3992, #3685, #1084, .T. ) ;
#4681 = EDGE_CURVE ( 'NONE', #1575, #6003, #4, .T. ) ;
#4682 = EDGE_LOOP ( 'NONE', ( #4746, #3324, #2656, #1466 ) ) ;
#4683 = CARTESIAN_POINT ( 'NONE',  ( -2.918648648648646482, -4.100855855855854770, 0.05000000000000000278 ) ) ;
#4684 = CARTESIAN_POINT ( 'NONE',  ( -0.8936486486486471259, 1.722892555011814375, 0.4510000000000000120 ) ) ;
#4685 = CARTESIAN_POINT ( 'NONE',  ( -0.04364864864864698157, -1.875855855855854681, 0.4510000000000000120 ) ) ;
#4686 = LINE ( 'NONE', #543, #4716 ) ;
#4687 = LINE ( 'NONE', #7598, #486 ) ;
#4688 = DIRECTION ( 'NONE',  ( 0.000000000000000000, -0.000000000000000000, 1.000000000000000000 ) ) ;
#4689 = AXIS2_PLACEMENT_3D ( 'NONE', #2682, #822, #3181 ) ;
#4690 = ORIENTED_EDGE ( 'NONE', *, *, #6498, .F. ) ;
#4691 = ORIENTED_EDGE ( 'NONE', *, *, #3583, .T. ) ;
#4692 = CARTESIAN_POINT ( 'NONE',  ( 0.7157521729148861311, -0.2422942286748832330, 0.05100000000000000366 ) ) ;
#4693 = FACE_OUTER_BOUND ( 'NONE', #7436, .T. ) ;
#4694 = EDGE_CURVE ( 'NONE', #4772, #972, #5737, .T. ) ;
#4695 = CARTESIAN_POINT ( 'NONE',  ( -1.382432432432432634, 1.078378378378379576, 0.05100000000000000366 ) ) ;
#4696 = EDGE_LOOP ( 'NONE', ( #6488, #2182, #807, #6485, #6906, #6717, #783, #7324 ) ) ;
#4697 = CARTESIAN_POINT ( 'NONE',  ( 1.460752172914886238, 0.5027057713251168458, 0.6520000000000003570 ) ) ;
#4698 = CARTESIAN_POINT ( 'NONE',  ( 3.617567567567565590, 1.078378378378379576, 0.1499999999999999944 ) ) ;
#4699 = EDGE_LOOP ( 'NONE', ( #5884, #7615, #7279, #4339, #2229 ) ) ;
#4700 = CARTESIAN_POINT ( 'NONE',  ( 3.181351351351352275, 3.349144144144144963, 0.000000000000000000 ) ) ;
#4701 = SURFACE_STYLE_USAGE ( .BOTH. , #7649 ) ;
#4702 = ORIENTED_EDGE ( 'NONE', *, *, #5610, .F. ) ;
#4703 = ORIENTED_EDGE ( 'NONE', *, *, #1607, .T. ) ;
#4704 = ORIENTED_EDGE ( 'NONE', *, *, #6752, .F. ) ;
#4705 = DIRECTION ( 'NONE',  ( -1.914177628664061403E-16, 1.000000000000000000, -0.000000000000000000 ) ) ;
#4706 = VECTOR ( 'NONE', #5948, 1.000000000000000000 ) ;
#4707 = EDGE_CURVE ( 'NONE', #5462, #361, #3481, .T. ) ;
#4708 = ORIENTED_EDGE ( 'NONE', *, *, #184, .T. ) ;
#4709 = DIRECTION ( 'NONE',  ( 0.000000000000000000, -0.000000000000000000, 1.000000000000000000 ) ) ;
#4710 = DIRECTION ( 'NONE',  ( 0.000000000000000000, -1.000000000000000000, 0.000000000000000000 ) ) ;
#4711 = CARTESIAN_POINT ( 'NONE',  ( 0.2813513513513532516, 0.1741441441441443638, 0.4510000000000000120 ) ) ;
#4712 = AXIS2_PLACEMENT_3D ( 'NONE', #4923, #6020, #6093 ) ;
#4713 = ORIENTED_EDGE ( 'NONE', *, *, #4465, .F. ) ;
#4714 = ORIENTED_EDGE ( 'NONE', *, *, #2737, .T. ) ;
#4715 = CARTESIAN_POINT ( 'NONE',  ( -2.918382539233228989, 3.348907565514117834, 0.1500000000000000222 ) ) ;
#4716 = VECTOR ( 'NONE', #430, 1.000000000000000000 ) ;
#4717 = LINE ( 'NONE', #5880, #4971 ) ;
#4718 = ADVANCED_FACE ( 'NONE', ( #5887 ), #583, .T. ) ;
#4719 = VECTOR ( 'NONE', #3200, 1.000000000000000000 ) ;
#4720 = DIRECTION ( 'NONE',  ( -1.000000000000000000, -0.000000000000000000, -0.000000000000000000 ) ) ;
#4721 = VECTOR ( 'NONE', #5287, 1.000000000000000000 ) ;
#4722 = ORIENTED_EDGE ( 'NONE', *, *, #5467, .F. ) ;
#4723 = LINE ( 'NONE', #7084, #4047 ) ;
#4724 = VECTOR ( 'NONE', #4654, 1.000000000000000000 ) ;
#4725 = DIRECTION ( 'NONE',  ( -0.000000000000000000, 0.000000000000000000, 1.000000000000000000 ) ) ;
#4726 = DIRECTION ( 'NONE',  ( 0.000000000000000000, 0.000000000000000000, 1.000000000000000000 ) ) ;
#4727 = CARTESIAN_POINT ( 'NONE',  ( 0.2963513513513529873, -0.6661949088771521588, 0.6510000000000003562 ) ) ;
#4728 = ADVANCED_FACE ( 'NONE', ( #6972 ), #5233, .T. ) ;
#4729 = PLANE ( 'NONE',  #4992 ) ;
#4730 = ORIENTED_EDGE ( 'NONE', *, *, #5908, .T. ) ;
#4731 = ORIENTED_EDGE ( 'NONE', *, *, #7564, .F. ) ;
#4732 = PLANE ( 'NONE',  #3199 ) ;
#4733 = LINE ( 'NONE', #4031, #2379 ) ;
#4734 = DIRECTION ( 'NONE',  ( 1.189524669241239608E-16, -1.000000000000000000, 0.000000000000000000 ) ) ;
#4735 = ORIENTED_EDGE ( 'NONE', *, *, #1062, .T. ) ;
#4736 = EDGE_CURVE ( 'NONE', #4489, #5137, #6934, .T. ) ;
#4737 = DIRECTION ( 'NONE',  ( -1.000000000000000000, -0.000000000000000000, -0.000000000000000000 ) ) ;
#4738 = DIRECTION ( 'NONE',  ( -0.000000000000000000, 0.000000000000000000, 1.000000000000000000 ) ) ;
#4739 = ORIENTED_EDGE ( 'NONE', *, *, #3442, .T. ) ;
#4740 =( LENGTH_UNIT ( ) NAMED_UNIT ( * ) SI_UNIT ( $, .METRE. ) );
#4741 = ORIENTED_EDGE ( 'NONE', *, *, #6839, .T. ) ;
#4742 = EDGE_LOOP ( 'NONE', ( #5523, #765, #5816, #1886 ) ) ;
#4743 = ORIENTED_EDGE ( 'NONE', *, *, #6293, .F. ) ;
#4744 = LINE ( 'NONE', #7068, #3701 ) ;
#4745 = VECTOR ( 'NONE', #6463, 1.000000000000000000 ) ;
#4746 = ORIENTED_EDGE ( 'NONE', *, *, #4928, .F. ) ;
#4747 = DIRECTION ( 'NONE',  ( -0.000000000000000000, -1.000000000000000000, -0.000000000000000000 ) ) ;
#4748 = VECTOR ( 'NONE', #282, 1.000000000000000000 ) ;
#4749 = DIRECTION ( 'NONE',  ( -1.000000000000000000, 0.000000000000000000, -0.000000000000000000 ) ) ;
#4750 = CARTESIAN_POINT ( 'NONE',  ( -0.4632964566313568788, -0.2619442023300436184, 0.6510000000000003562 ) ) ;
#4751 = ORIENTED_EDGE ( 'NONE', *, *, #5515, .F. ) ;
#4752 = EDGE_CURVE ( 'NONE', #2680, #5872, #695, .T. ) ;
#4753 = ORIENTED_EDGE ( 'NONE', *, *, #569, .F. ) ;
#4754 = LINE ( 'NONE', #2278, #5659 ) ;
#4755 = AXIS2_PLACEMENT_3D ( 'NONE', #634, #17, #7570 ) ;
#4756 = DIRECTION ( 'NONE',  ( 0.000000000000000000, 0.000000000000000000, -1.000000000000000000 ) ) ;
#4757 = VERTEX_POINT ( 'NONE', #4218 ) ;
#4758 = CARTESIAN_POINT ( 'NONE',  ( -1.618648648648647104, 2.099144144144145407, 0.05000000000000000278 ) ) ;
#4759 = ORIENTED_EDGE ( 'NONE', *, *, #1312, .T. ) ;
#4760 = DIRECTION ( 'NONE',  ( 1.000000000000000000, 0.000000000000000000, 0.000000000000000000 ) ) ;
#4761 = LINE ( 'NONE', #621, #5831 ) ;
#4762 = LINE ( 'NONE', #1928, #3474 ) ;
#4763 = DIRECTION ( 'NONE',  ( 0.000000000000000000, 1.000000000000000000, 0.000000000000000000 ) ) ;
#4764 = PLANE ( 'NONE',  #6727 ) ;
#4765 = ORIENTED_EDGE ( 'NONE', *, *, #4970, .F. ) ;
#4766 = AXIS2_PLACEMENT_3D ( 'NONE', #113, #7165, #1929 ) ;
#4767 = EDGE_CURVE ( 'NONE', #5603, #3629, #6619, .T. ) ;
#4768 = VERTEX_POINT ( 'NONE', #1277 ) ;
#4769 = DIRECTION ( 'NONE',  ( -0.000000000000000000, -0.000000000000000000, -1.000000000000000000 ) ) ;
#4770 = DIRECTION ( 'NONE',  ( 1.000000000000000000, 0.000000000000000000, 0.000000000000000000 ) ) ;
#4771 = CARTESIAN_POINT ( 'NONE',  ( 1.156351351351353252, 1.374144144144144652, 0.4500000000000000111 ) ) ;
#4772 = VERTEX_POINT ( 'NONE', #7126 ) ;
#4773 = LINE ( 'NONE', #119, #1662 ) ;
#4774 = CARTESIAN_POINT ( 'NONE',  ( 0.7213513513513527542, -0.2508558558558548479, 0.4500000000000000111 ) ) ;
#4775 = ORIENTED_EDGE ( 'NONE', *, *, #2590, .T. ) ;
#4776 =( NAMED_UNIT ( * ) SI_UNIT ( $, .STERADIAN. ) SOLID_ANGLE_UNIT ( ) );
#4777 = DIRECTION ( 'NONE',  ( 1.000000000000000000, 0.000000000000000000, -0.000000000000000000 ) ) ;
#4779 = ADVANCED_FACE ( 'NONE', ( #4179 ), #2438, .F. ) ;
#4778 = ORIENTED_EDGE ( 'NONE', *, *, #1367, .F. ) ;
#4780 = EDGE_LOOP ( 'NONE', ( #4830, #1219, #5485, #6310 ) ) ;
#4781 = ORIENTED_EDGE ( 'NONE', *, *, #6174, .T. ) ;
#4782 = CARTESIAN_POINT ( 'NONE',  ( -2.918382539233228989, 3.348907565514117834, 0.05000000000000000278 ) ) ;
#4783 = EDGE_CURVE ( 'NONE', #4190, #3031, #4292, .T. ) ;
#4784 = ORIENTED_EDGE ( 'NONE', *, *, #3744, .T. ) ;
#4785 = CARTESIAN_POINT ( 'NONE',  ( -0.01364864864864699309, -1.905855855855854708, 0.4510000000000000120 ) ) ;
#4786 = VECTOR ( 'NONE', #4864, 1.000000000000000000 ) ;
#4787 = CARTESIAN_POINT ( 'NONE',  ( -2.382432432432432190, -0.9216216216216202017, 0.04899999999999998801 ) ) ;
#4788 = EDGE_CURVE ( 'NONE', #2191, #1553, #2472, .T. ) ;
#4789 = VECTOR ( 'NONE', #7273, 1.000000000000000000 ) ;
#4790 = DIRECTION ( 'NONE',  ( -0.000000000000000000, 0.000000000000000000, 1.000000000000000000 ) ) ;
#4791 = EDGE_LOOP ( 'NONE', ( #5917, #2367, #3578, #5292 ) ) ;
#4792 = FACE_OUTER_BOUND ( 'NONE', #295, .T. ) ;
#4793 = CARTESIAN_POINT ( 'NONE',  ( -1.618648648648647104, -2.600855855855854770, 0.05100000000000000366 ) ) ;
#4794 = ORIENTED_EDGE ( 'NONE', *, *, #3687, .F. ) ;
#4795 = DIRECTION ( 'NONE',  ( -1.000000000000000000, 3.172065784643304472E-16, 0.000000000000000000 ) ) ;
#4796 = ORIENTED_EDGE ( 'NONE', *, *, #5803, .F. ) ;
#4797 = CARTESIAN_POINT ( 'NONE',  ( -0.04364864864864695382, -2.225855855855854770, 0.4500000000000000111 ) ) ;
#4798 = EDGE_CURVE ( 'NONE', #118, #3877, #4762, .T. ) ;
#4799 = CARTESIAN_POINT ( 'NONE',  ( 1.476351351351352870, -2.195855855855854966, 0.2520000000000000018 ) ) ;
#4800 = DIRECTION ( 'NONE',  ( 0.000000000000000000, 0.000000000000000000, 1.000000000000000000 ) ) ;
#4801 = LINE ( 'NONE', #4257, #5139 ) ;
#4802 = VERTEX_POINT ( 'NONE', #3600 ) ;
#4803 = ORIENTED_EDGE ( 'NONE', *, *, #2375, .F. ) ;
#4804 = DIRECTION ( 'NONE',  ( -0.000000000000000000, 0.000000000000000000, 1.000000000000000000 ) ) ;
#4805 = PLANE ( 'NONE',  #1119 ) ;
#4806 = ORIENTED_EDGE ( 'NONE', *, *, #1082, .F. ) ;
#4807 = DIRECTION ( 'NONE',  ( -1.586032892321652729E-16, 1.000000000000000000, -0.000000000000000000 ) ) ;
#4808 = CARTESIAN_POINT ( 'NONE',  ( -2.382432432432432190, -0.9216216216216202017, 0.04899999999999998801 ) ) ;
#4809 = ORIENTED_EDGE ( 'NONE', *, *, #4896, .F. ) ;
#4810 = CARTESIAN_POINT ( 'NONE',  ( 0.7010708180236888687, -0.2619442023300436184, 0.6510000000000003562 ) ) ;
#4812 = EDGE_CURVE ( 'NONE', #4330, #3105, #3670, .T. ) ;
#4811 = EDGE_LOOP ( 'NONE', ( #3469, #2879, #3510, #5789 ) ) ;
#4813 = VERTEX_POINT ( 'NONE', #1349 ) ;
#4814 = EDGE_LOOP ( 'NONE', ( #1682, #5313, #6614, #1331, #6519, #2521 ) ) ;
#4815 = DIRECTION ( 'NONE',  ( -1.000000000000000000, 0.000000000000000000, 0.000000000000000000 ) ) ;
#4816 = ADVANCED_FACE ( 'NONE', ( #1896 ), #5970, .F. ) ;
#4817 = EDGE_CURVE ( 'NONE', #4002, #2344, #6510, .T. ) ;
#4818 = LINE ( 'NONE', #6567, #3976 ) ;
#4819 = ADVANCED_FACE ( 'NONE', ( #6587 ), #7164, .T. ) ;
#4820 = LINE ( 'NONE', #5483, #61 ) ;
#4821 = VECTOR ( 'NONE', #6697, 1.000000000000000000 ) ;
#4822 = LINE ( 'NONE', #5954, #3364 ) ;
#4823 = ORIENTED_EDGE ( 'NONE', *, *, #2971, .F. ) ;
#4824 = CARTESIAN_POINT ( 'NONE',  ( 0.3075173507698049091, 1.374144144144144208, 0.2520000000000000018 ) ) ;
#4825 = VECTOR ( 'NONE', #6276, 1.000000000000000000 ) ;
#4826 = EDGE_CURVE ( 'NONE', #1831, #6636, #5388, .T. ) ;
#4827 = CARTESIAN_POINT ( 'NONE',  ( -0.8928441399228915776, 0.5241441441441452298, 0.2520000000000000018 ) ) ;
#4828 = AXIS2_PLACEMENT_3D ( 'NONE', #3766, #248, #3312 ) ;
#4829 = ORIENTED_EDGE ( 'NONE', *, *, #3354, .F. ) ;
#4830 = ORIENTED_EDGE ( 'NONE', *, *, #5188, .T. ) ;
#4831 = LINE ( 'NONE', #6039, #4485 ) ;
#4832 = AXIS2_PLACEMENT_3D ( 'NONE', #1433, #7444, #5038 ) ;
#4833 = ORIENTED_EDGE ( 'NONE', *, *, #3994, .T. ) ;
#4834 = PLANE ( 'NONE',  #457 ) ;
#4835 = VECTOR ( 'NONE', #4836, 1.000000000000000000 ) ;
#4836 = DIRECTION ( 'NONE',  ( -0.000000000000000000, -0.000000000000000000, -1.000000000000000000 ) ) ;
#4837 = DIRECTION ( 'NONE',  ( -1.000000000000000000, -0.000000000000000000, -0.000000000000000000 ) ) ;
#4838 = LINE ( 'NONE', #7204, #2421 ) ;
#4839 = VECTOR ( 'NONE', #3431, 1.000000000000000000 ) ;
#4840 = ORIENTED_EDGE ( 'NONE', *, *, #1431, .T. ) ;
#4841 = ORIENTED_EDGE ( 'NONE', *, *, #6491, .T. ) ;
#4842 = DIRECTION ( 'NONE',  ( -0.000000000000000000, -0.000000000000000000, -1.000000000000000000 ) ) ;
#4843 = EDGE_CURVE ( 'NONE', #4879, #5295, #5423, .T. ) ;
#4844 = VECTOR ( 'NONE', #6799, 1.000000000000000000 ) ;
#4845 = PLANE ( 'NONE',  #2114 ) ;
#4846 = ORIENTED_EDGE ( 'NONE', *, *, #2677, .F. ) ;
#4847 = DIRECTION ( 'NONE',  ( -0.000000000000000000, -0.000000000000000000, -1.000000000000000000 ) ) ;
#4848 = DIRECTION ( 'NONE',  ( 0.000000000000000000, 0.000000000000000000, 1.000000000000000000 ) ) ;
#4849 = ORIENTED_EDGE ( 'NONE', *, *, #2358, .F. ) ;
#4850 = VECTOR ( 'NONE', #6649, 1.000000000000000000 ) ;
#4851 = CARTESIAN_POINT ( 'NONE',  ( -1.242844139922891555, 0.5241441441441452298, 0.2520000000000000018 ) ) ;
#4852 = ORIENTED_EDGE ( 'NONE', *, *, #2698, .T. ) ;
#4853 = ORIENTED_EDGE ( 'NONE', *, *, #2049, .T. ) ;
#4854 = ORIENTED_EDGE ( 'NONE', *, *, #2541, .T. ) ;
#4855 = DIRECTION ( 'NONE',  ( -0.000000000000000000, 0.000000000000000000, -1.000000000000000000 ) ) ;
#4856 = EDGE_CURVE ( 'NONE', #1683, #3912, #3560, .T. ) ;
#4857 = CARTESIAN_POINT ( 'NONE',  ( -0.8936486486486472369, -1.025855855855854593, 0.4510000000000000120 ) ) ;
#4858 = CARTESIAN_POINT ( 'NONE',  ( 0.000000000000000000, -0.2508558558558546814, 0.4500000000000000111 ) ) ;
#4859 = EDGE_CURVE ( 'NONE', #6407, #3597, #3703, .T. ) ;
#4860 = AXIS2_PLACEMENT_3D ( 'NONE', #3984, #1079, #6891 ) ;
#4861 = EDGE_CURVE ( 'NONE', #1302, #1853, #4875, .T. ) ;
#4862 = ORIENTED_EDGE ( 'NONE', *, *, #5674, .F. ) ;
#4863 = ORIENTED_EDGE ( 'NONE', *, *, #1082, .T. ) ;
#4864 = DIRECTION ( 'NONE',  ( 2.220446049250313081E-16, -1.000000000000000000, 0.000000000000000000 ) ) ;
#4865 = LINE ( 'NONE', #36, #7199 ) ;
#4866 = ORIENTED_EDGE ( 'NONE', *, *, #4650, .T. ) ;
#4867 = ADVANCED_FACE ( 'NONE', ( #7239 ), #2546, .T. ) ;
#4868 = VECTOR ( 'NONE', #3911, 1.000000000000000000 ) ;
#4869 = CARTESIAN_POINT ( 'NONE',  ( 0.2513513513513532249, 0.4941441441441443150, 0.4500000000000000111 ) ) ;
#4870 = EDGE_CURVE ( 'NONE', #2637, #5603, #2401, .T. ) ;
#4871 = AXIS2_PLACEMENT_3D ( 'NONE', #6512, #2288, #1202 ) ;
#4872 = ORIENTED_EDGE ( 'NONE', *, *, #3073, .T. ) ;
#4873 = CARTESIAN_POINT ( 'NONE',  ( 0.000000000000000000, 0.000000000000000000, 0.4510000000000000120 ) ) ;
#4874 = CARTESIAN_POINT ( 'NONE',  ( 0.7313513513513529851, -1.450855855855854637, 0.4500000000000000111 ) ) ;
#4875 = LINE ( 'NONE', #3126, #1129 ) ;
#4876 = FACE_OUTER_BOUND ( 'NONE', #2837, .T. ) ;
#4877 = VECTOR ( 'NONE', #6480, 1.000000000000000000 ) ;
#4878 = ORIENTED_EDGE ( 'NONE', *, *, #99, .F. ) ;
#4879 = VERTEX_POINT ( 'NONE', #884 ) ;
#4880 = CARTESIAN_POINT ( 'NONE',  ( -0.8936486486486471259, -1.875855855855854681, 0.2510000000000000009 ) ) ;
#4881 = CARTESIAN_POINT ( 'NONE',  ( 3.126837698566487411, -4.100459402700869838, 0.1500000000000000222 ) ) ;
#4882 = ORIENTED_EDGE ( 'NONE', *, *, #5889, .F. ) ;
#4883 = PLANE ( 'NONE',  #3165 ) ;
#4884 = FACE_OUTER_BOUND ( 'NONE', #5276, .T. ) ;
#4885 = CARTESIAN_POINT ( 'NONE',  ( 1.931351351351352941, 3.349139388805733919, 0.05100000000000000366 ) ) ;
#4886 = ORIENTED_EDGE ( 'NONE', *, *, #5054, .T. ) ;
#4887 = PRODUCT_CONTEXT ( 'NONE', #1419, 'mechanical' ) ;
#4888 = CARTESIAN_POINT ( 'NONE',  ( -0.9228441399228916042, 0.2041441441441452509, 0.2510000000000000009 ) ) ;
#4889 = ORIENTED_EDGE ( 'NONE', *, *, #6862, .F. ) ;
#4890 = ORIENTED_EDGE ( 'NONE', *, *, #212, .F. ) ;
#4891 = ORIENTED_EDGE ( 'NONE', *, *, #1078, .F. ) ;
#4892 = LINE ( 'NONE', #6060, #7053 ) ;
#4893 = VECTOR ( 'NONE', #4285, 1.000000000000000000 ) ;
#4894 = CARTESIAN_POINT ( 'NONE',  ( -1.243648648648647104, -0.6758558558558547258, 0.4510000000000000120 ) ) ;
#4895 = DIRECTION ( 'NONE',  ( -1.000000000000000000, -0.000000000000000000, -0.000000000000000000 ) ) ;
#4896 = EDGE_CURVE ( 'NONE', #6180, #4112, #3819, .T. ) ;
#4897 = CARTESIAN_POINT ( 'NONE',  ( 3.176837698566487234, 3.348351809431109327, 0.1500000000000000222 ) ) ;
#4898 = ORIENTED_EDGE ( 'NONE', *, *, #6421, .T. ) ;
#4899 = VECTOR ( 'NONE', #3316, 1.000000000000000000 ) ;
#4900 = VERTEX_POINT ( 'NONE', #3245 ) ;
#4901 = DIRECTION ( 'NONE',  ( 0.000000000000000000, -0.000000000000000000, 1.000000000000000000 ) ) ;
#4902 = CARTESIAN_POINT ( 'NONE',  ( -1.213648648648647077, -1.905855855855854708, 0.2520000000000000018 ) ) ;
#4903 = ORIENTED_EDGE ( 'NONE', *, *, #6759, .F. ) ;
#4904 = VECTOR ( 'NONE', #5663, 1.000000000000000000 ) ;
#4905 = CARTESIAN_POINT ( 'NONE',  ( 1.931351351351352941, -2.650855855855854593, 0.05100000000000000366 ) ) ;
#4906 = ORIENTED_EDGE ( 'NONE', *, *, #4650, .F. ) ;
#4907 = LINE ( 'NONE', #5455, #4789 ) ;
#4908 = DIRECTION ( 'NONE',  ( 0.000000000000000000, -1.000000000000000000, 0.000000000000000000 ) ) ;
#4909 = DIRECTION ( 'NONE',  ( -1.000000000000000000, -0.000000000000000000, -0.000000000000000000 ) ) ;
#4910 = CARTESIAN_POINT ( 'NONE',  ( 0.7290204228011620824, 2.148025372459793303, 0.2510000000000000009 ) ) ;
#4911 = ADVANCED_FACE ( 'NONE', ( #923 ), #4947, .T. ) ;
#4912 = ADVANCED_FACE ( 'NONE', ( #5615 ), #804, .T. ) ;
#4913 = VERTEX_POINT ( 'NONE', #7357 ) ;
#4914 = EDGE_CURVE ( 'NONE', #4913, #3710, #348, .T. ) ;
#4915 = ORIENTED_EDGE ( 'NONE', *, *, #2590, .F. ) ;
#4916 = CARTESIAN_POINT ( 'NONE',  ( 0.2763513513513530251, -1.905855855855854708, 0.4500000000000000111 ) ) ;
#4917 = LINE ( 'NONE', #6354, #4825 ) ;
#4918 = VERTEX_POINT ( 'NONE', #4405 ) ;
#4919 = LINE ( 'NONE', #1430, #6025 ) ;
#4920 = LINE ( 'NONE', #159, #5998 ) ;
#4921 = DIRECTION ( 'NONE',  ( 0.000000000000000000, -1.000000000000000000, 0.000000000000000000 ) ) ;
#4922 = ORIENTED_EDGE ( 'NONE', *, *, #2550, .T. ) ;
#4923 = CARTESIAN_POINT ( 'NONE',  ( 0.000000000000000000, 0.000000000000000000, 0.000000000000000000 ) ) ;
#4924 = CARTESIAN_POINT ( 'NONE',  ( -0.01248264923019517733, 1.694144144144144049, 0.2510000000000000009 ) ) ;
#4925 = ORIENTED_EDGE ( 'NONE', *, *, #7426, .T. ) ;
#4926 = ORIENTED_EDGE ( 'NONE', *, *, #1935, .F. ) ;
#4927 = DIRECTION ( 'NONE',  ( 3.172065784643305458E-16, 1.000000000000000000, -0.000000000000000000 ) ) ;
#4928 = EDGE_CURVE ( 'NONE', #7359, #1359, #3862, .T. ) ;
#4929 = FACE_OUTER_BOUND ( 'NONE', #3101, .T. ) ;
#4930 = FACE_OUTER_BOUND ( 'NONE', #6274, .T. ) ;
#4931 = CARTESIAN_POINT ( 'NONE',  ( 0.7324691333359016898, -1.452608405685351434, 0.2510000000000000009 ) ) ;
#4932 = VECTOR ( 'NONE', #7049, 1.000000000000000000 ) ;
#4933 = VECTOR ( 'NONE', #1673, 1.000000000000000000 ) ;
#4934 = AXIS2_PLACEMENT_3D ( 'NONE', #5975, #6047, #2368 ) ;
#4935 = EDGE_CURVE ( 'NONE', #1785, #5076, #1500, .T. ) ;
#4936 = EDGE_LOOP ( 'NONE', ( #1721, #3504, #948, #2478, #4221, #2080, #1570, #3460, #6046, #1417, #5172, #2619, #5973, #6629 ) ) ;
#4937 = ORIENTED_EDGE ( 'NONE', *, *, #5793, .F. ) ;
#4938 = CARTESIAN_POINT ( 'NONE',  ( -0.4674826492301951686, 2.148025372459793303, 0.2510000000000000009 ) ) ;
#4939 = DIRECTION ( 'NONE',  ( 0.000000000000000000, 0.000000000000000000, -1.000000000000000000 ) ) ;
#4940 = ORIENTED_EDGE ( 'NONE', *, *, #2335, .F. ) ;
#4941 = LINE ( 'NONE', #301, #1549 ) ;
#4942 = ORIENTED_EDGE ( 'NONE', *, *, #1386, .T. ) ;
#4943 = LINE ( 'NONE', #7201, #3547 ) ;
#4944 =( GEOMETRIC_REPRESENTATION_CONTEXT ( 3 ) GLOBAL_UNCERTAINTY_ASSIGNED_CONTEXT ( ( #3936 ) ) GLOBAL_UNIT_ASSIGNED_CONTEXT ( ( #2820, #1544, #3866 ) ) REPRESENTATION_CONTEXT ( 'NONE', 'WORKASPACE' ) );
#4945 = VECTOR ( 'NONE', #7108, 1.000000000000000000 ) ;
#4946 = PLANE ( 'NONE',  #4964 ) ;
#4947 = PLANE ( 'NONE',  #4094 ) ;
#4948 = EDGE_CURVE ( 'NONE', #1463, #4438, #5655, .T. ) ;
#4949 = VERTEX_POINT ( 'NONE', #5176 ) ;
#4950 = EDGE_CURVE ( 'NONE', #7218, #5112, #1653, .T. ) ;
#4951 = VECTOR ( 'NONE', #4493, 1.000000000000000000 ) ;
#4952 = ORIENTED_EDGE ( 'NONE', *, *, #5855, .F. ) ;
#4953 = PLANE ( 'NONE',  #1852 ) ;
#4954 = CARTESIAN_POINT ( 'NONE',  ( -0.05364864864864694882, -1.016194908877152026, 0.6510000000000003562 ) ) ;
#4955 = VERTEX_POINT ( 'NONE', #6380 ) ;
#4956 = EDGE_CURVE ( 'NONE', #1769, #3619, #2625, .T. ) ;
#4957 = DIRECTION ( 'NONE',  ( 1.000000000000000000, 0.000000000000000000, -0.000000000000000000 ) ) ;
#4958 = LINE ( 'NONE', #3331, #1258 ) ;
#4959 = LINE ( 'NONE', #5626, #5083 ) ;
#4960 = VECTOR ( 'NONE', #7327, 1.000000000000000000 ) ;
#4961 = DIRECTION ( 'NONE',  ( -0.000000000000000000, 0.000000000000000000, 1.000000000000000000 ) ) ;
#4962 = FACE_OUTER_BOUND ( 'NONE', #1394, .T. ) ;
#4963 = VERTEX_POINT ( 'NONE', #2084 ) ;
#4964 = AXIS2_PLACEMENT_3D ( 'NONE', #3777, #6966, #537 ) ;
#4965 = ORIENTED_EDGE ( 'NONE', *, *, #7264, .T. ) ;
#4966 = LINE ( 'NONE', #7452, #4314 ) ;
#4967 = AXIS2_PLACEMENT_3D ( 'NONE', #245, #6136, #6641 ) ;
#4968 = DIRECTION ( 'NONE',  ( -0.000000000000000000, -0.000000000000000000, -1.000000000000000000 ) ) ;
#4969 = CARTESIAN_POINT ( 'NONE',  ( 1.140752172914886176, 0.1827057713251167559, 0.6520000000000003570 ) ) ;
#4970 = EDGE_CURVE ( 'NONE', #5474, #2745, #487, .T. ) ;
#4971 = VECTOR ( 'NONE', #7118, 1.000000000000000000 ) ;
#4972 = DIRECTION ( 'NONE',  ( 0.000000000000000000, 1.000000000000000000, 0.000000000000000000 ) ) ;
#4973 = VECTOR ( 'NONE', #6253, 1.000000000000000000 ) ;
#4974 = CARTESIAN_POINT ( 'NONE',  ( -1.668914624007974412, -2.620885740052331325, 0.05000000000000000278 ) ) ;
#4975 = PLANE ( 'NONE',  #2154 ) ;
#4976 = ORIENTED_EDGE ( 'NONE', *, *, #1062, .F. ) ;
#4977 = DIRECTION ( 'NONE',  ( -0.000000000000000000, -0.000000000000000000, -1.000000000000000000 ) ) ;
#4978 = ORIENTED_EDGE ( 'NONE', *, *, #2445, .T. ) ;
#4979 = ORIENTED_EDGE ( 'NONE', *, *, #6581, .F. ) ;
#4980 = CARTESIAN_POINT ( 'NONE',  ( -1.638653815138664038, 2.149178435024714506, 0.05000000000000000278 ) ) ;
#4981 = CARTESIAN_POINT ( 'NONE',  ( -1.242844139922891555, 0.5241441441441452298, 0.2520000000000000018 ) ) ;
#4982 = ORIENTED_EDGE ( 'NONE', *, *, #7077, .F. ) ;
#4983 = CARTESIAN_POINT ( 'NONE',  ( -2.382432432432432634, 1.078378378378379576, 0.1499999999999999944 ) ) ;
#4984 = EDGE_CURVE ( 'NONE', #2772, #5757, #5797, .T. ) ;
#4985 = ORIENTED_EDGE ( 'NONE', *, *, #3378, .T. ) ;
#4986 = DIRECTION ( 'NONE',  ( 1.000000000000000000, 0.000000000000000000, -0.000000000000000000 ) ) ;
#4987 = CARTESIAN_POINT ( 'NONE',  ( -0.8936486486486471259, -0.6758558558558546148, 0.4500000000000000111 ) ) ;
#4988 = CARTESIAN_POINT ( 'NONE',  ( 3.176837698566487234, 3.348351809431109327, 0.05000000000000000278 ) ) ;
#4989 = VECTOR ( 'NONE', #2691, 1.000000000000000000 ) ;
#4990 = VERTEX_POINT ( 'NONE', #6808 ) ;
#4991 = VERTEX_POINT ( 'NONE', #1069 ) ;
#4992 = AXIS2_PLACEMENT_3D ( 'NONE', #3562, #5930, #6974 ) ;
#4993 = DIRECTION ( 'NONE',  ( 1.000000000000000000, -0.000000000000000000, 0.000000000000000000 ) ) ;
#4994 = VECTOR ( 'NONE', #6496, 1.000000000000000000 ) ;
#4995 = LINE ( 'NONE', #3092, #2847 ) ;
#4996 = EDGE_LOOP ( 'NONE', ( #3913, #122, #4982, #5755, #1528 ) ) ;
#4997 = DIRECTION ( 'NONE',  ( -0.000000000000000000, 0.000000000000000000, -1.000000000000000000 ) ) ;
#4998 = CARTESIAN_POINT ( 'NONE',  ( 0.7010708180236888687, -0.2619442023300436184, 0.6510000000000003562 ) ) ;
#4999 = CARTESIAN_POINT ( 'NONE',  ( 0.3063513513513529962, -1.875855855855854681, 0.4500000000000000111 ) ) ;
#5000 = CARTESIAN_POINT ( 'NONE',  ( 0.7324691333359016898, -2.649473361566354157, 0.2510000000000000009 ) ) ;
#5001 = AXIS2_PLACEMENT_3D ( 'NONE', #7287, #2557, #1977 ) ;
#5002 = CARTESIAN_POINT ( 'NONE',  ( 9.163145065364935199E-17, 0.9491441441441442750, 0.4500000000000000111 ) ) ;
#5003 = EDGE_CURVE ( 'NONE', #4236, #4448, #7316, .T. ) ;
#5004 = ORIENTED_EDGE ( 'NONE', *, *, #7226, .T. ) ;
#5005 = ORIENTED_EDGE ( 'NONE', *, *, #7038, .T. ) ;
#5006 = FACE_OUTER_BOUND ( 'NONE', #6277, .T. ) ;
#5007 = LINE ( 'NONE', #2099, #2000 ) ;
#5008 = DIRECTION ( 'NONE',  ( -1.000000000000000000, 0.000000000000000000, 0.000000000000000000 ) ) ;
#5009 = DIRECTION ( 'NONE',  ( 0.000000000000000000, -1.000000000000000000, 0.000000000000000000 ) ) ;
#5010 = CARTESIAN_POINT ( 'NONE',  ( 2.617567567567565590, 0.2783783783783795318, 0.05100000000000000366 ) ) ;
#5011 = CARTESIAN_POINT ( 'NONE',  ( -1.668914624007974412, -2.650885740052331574, 0.05000000000000000278 ) ) ;
#5012 = LINE ( 'NONE', #7380, #3016 ) ;
#5013 = EDGE_CURVE ( 'NONE', #4448, #3912, #6118, .T. ) ;
#5014 = ORIENTED_EDGE ( 'NONE', *, *, #1930, .T. ) ;
#5015 = CARTESIAN_POINT ( 'NONE',  ( -1.212844139922891529, 0.2041441441441452787, 0.2520000000000000018 ) ) ;
#5016 = ADVANCED_FACE ( 'NONE', ( #5536 ), #4327, .F. ) ;
#5017 = ORIENTED_EDGE ( 'NONE', *, *, #7121, .F. ) ;
#5018 = ORIENTED_EDGE ( 'NONE', *, *, #1033, .F. ) ;
#5019 = CARTESIAN_POINT ( 'NONE',  ( -0.02364864864864699157, -0.9861949088771519989, 0.6520000000000003570 ) ) ;
#5020 = DIRECTION ( 'NONE',  ( -0.000000000000000000, -0.000000000000000000, -1.000000000000000000 ) ) ;
#5021 = VECTOR ( 'NONE', #7405, 1.000000000000000000 ) ;
#5022 = CARTESIAN_POINT ( 'NONE',  ( -1.243648648648647104, -0.6758558558558547258, 0.4500000000000000111 ) ) ;
#5023 = VECTOR ( 'NONE', #709, 1.000000000000000000 ) ;
#5024 = ORIENTED_EDGE ( 'NONE', *, *, #226, .F. ) ;
#5025 = CARTESIAN_POINT ( 'NONE',  ( -2.382432432432432634, 0.07837837837837957622, 0.05000000000000000278 ) ) ;
#5026 = CARTESIAN_POINT ( 'NONE',  ( 0.7157521729148861311, -0.2422942286748832330, 0.6510000000000003562 ) ) ;
#5027 = CARTESIAN_POINT ( 'NONE',  ( 3.452553062395283724E-17, -0.2508558558558549589, 0.4500000000000000111 ) ) ;
#5028 = VECTOR ( 'NONE', #1005, 1.000000000000000000 ) ;
#5029 = ORIENTED_EDGE ( 'NONE', *, *, #2362, .F. ) ;
#5030 = VERTEX_POINT ( 'NONE', #3778 ) ;
#5031 = VECTOR ( 'NONE', #5652, 1.000000000000000000 ) ;
#5032 = CARTESIAN_POINT ( 'NONE',  ( 1.913785313619750461, -2.650960111606672331, 0.05100000000000000366 ) ) ;
#5033 = EDGE_CURVE ( 'NONE', #600, #2626, #6154, .T. ) ;
#5034 = DIRECTION ( 'NONE',  ( -1.000000000000000000, 0.000000000000000000, 0.000000000000000000 ) ) ;
#5035 = EDGE_LOOP ( 'NONE', ( #162, #7115, #6323, #4922 ) ) ;
#5036 = PLANE ( 'NONE',  #2923 ) ;
#5037 = CARTESIAN_POINT ( 'NONE',  ( 0.7157521729148861311, 0.9427075103593078875, 0.6510000000000003562 ) ) ;
#5038 = DIRECTION ( 'NONE',  ( 1.000000000000000000, 0.000000000000000000, 0.000000000000000000 ) ) ;
#5039 = CARTESIAN_POINT ( 'NONE',  ( -2.918648648648646482, -4.100855855855854770, 0.05000000000000000278 ) ) ;
#5040 = LINE ( 'NONE', #7447, #4868 ) ;
#5041 = ORIENTED_EDGE ( 'NONE', *, *, #6306, .T. ) ;
#5042 = ORIENTED_EDGE ( 'NONE', *, *, #7232, .T. ) ;
#5043 = DIRECTION ( 'NONE',  ( -0.000000000000000000, -0.000000000000000000, -1.000000000000000000 ) ) ;
#5044 = DIRECTION ( 'NONE',  ( 0.000000000000000000, 1.000000000000000000, -0.000000000000000000 ) ) ;
#5045 = CARTESIAN_POINT ( 'NONE',  ( -0.05364864864864699046, -0.6661949088771521588, 0.6520000000000003570 ) ) ;
#5046 = DIRECTION ( 'NONE',  ( 0.000000000000000000, -1.000000000000000000, 0.000000000000000000 ) ) ;
#5047 = CARTESIAN_POINT ( 'NONE',  ( 1.186351351351352834, -0.9958558558558545659, 0.4510000000000000120 ) ) ;
#5048 = CARTESIAN_POINT ( 'NONE',  ( -1.213648648648647077, -1.905855855855854708, 0.2510000000000000009 ) ) ;
#5049 = EDGE_CURVE ( 'NONE', #5065, #5454, #5575, .T. ) ;
#5050 = DIRECTION ( 'NONE',  ( 1.000000000000000000, 2.220446049250320969E-15, 0.000000000000000000 ) ) ;
#5051 = VERTEX_POINT ( 'NONE', #3465 ) ;
#5052 = ORIENTED_EDGE ( 'NONE', *, *, #7624, .F. ) ;
#5053 = LINE ( 'NONE', #7422, #4581 ) ;
#5054 = EDGE_CURVE ( 'NONE', #5921, #1708, #5912, .T. ) ;
#5055 = ORIENTED_EDGE ( 'NONE', *, *, #5960, .T. ) ;
#5056 = CARTESIAN_POINT ( 'NONE',  ( 0.000000000000000000, 0.000000000000000000, 0.05100000000000000366 ) ) ;
#5057 = EDGE_CURVE ( 'NONE', #2915, #1619, #2424, .T. ) ;
#5058 = DIRECTION ( 'NONE',  ( 1.000000000000000000, 0.000000000000000000, -0.000000000000000000 ) ) ;
#5059 = LINE ( 'NONE', #4052, #4517 ) ;
#5060 = ORIENTED_EDGE ( 'NONE', *, *, #4515, .T. ) ;
#5061 = FACE_OUTER_BOUND ( 'NONE', #670, .T. ) ;
#5062 = EDGE_CURVE ( 'NONE', #3161, #748, #1842, .T. ) ;
#5063 = CARTESIAN_POINT ( 'NONE',  ( -1.661268387826372095, -1.459372486768057531, 0.2510000000000000009 ) ) ;
#5064 = ORIENTED_EDGE ( 'NONE', *, *, #2677, .T. ) ;
#5065 = VERTEX_POINT ( 'NONE', #4787 ) ;
#5066 = PLANE ( 'NONE',  #5809 ) ;
#5067 = VECTOR ( 'NONE', #1030, 1.000000000000000000 ) ;
#5068 = DIRECTION ( 'NONE',  ( 1.000000000000000000, 0.000000000000000000, -0.000000000000000000 ) ) ;
#5069 = EDGE_LOOP ( 'NONE', ( #1861, #6418, #5826, #3640, #4295 ) ) ;
#5070 = DIRECTION ( 'NONE',  ( 0.000000000000000000, -0.000000000000000000, -1.000000000000000000 ) ) ;
#5071 = LINE ( 'NONE', #3254, #6247 ) ;
#5072 = CARTESIAN_POINT ( 'NONE',  ( -0.9236486486486471525, 1.692892555011814348, 0.4510000000000000120 ) ) ;
#5073 = CARTESIAN_POINT ( 'NONE',  ( 1.156351351351353252, 1.374144144144144652, 0.4510000000000000120 ) ) ;
#5074 = CARTESIAN_POINT ( 'NONE',  ( 1.919291799940615606, -0.2422942286748832330, 0.6510000000000003562 ) ) ;
#5075 = ADVANCED_FACE ( 'NONE', ( #3040 ), #4672, .F. ) ;
#5076 = VERTEX_POINT ( 'NONE', #4202 ) ;
#5077 = ORIENTED_EDGE ( 'NONE', *, *, #1643, .F. ) ;
#5078 = CARTESIAN_POINT ( 'NONE',  ( -0.8936486486486471259, 1.722892555011814375, 0.4510000000000000120 ) ) ;
#5079 = CARTESIAN_POINT ( 'NONE',  ( -1.243648648648647104, 1.372892555011814508, 0.4510000000000000120 ) ) ;
#5080 = ADVANCED_FACE ( 'NONE', ( #567 ), #5874, .F. ) ;
#5081 = LINE ( 'NONE', #5745, #4284 ) ;
#5082 = ORIENTED_EDGE ( 'NONE', *, *, #2432, .T. ) ;
#5083 = VECTOR ( 'NONE', #6897, 1.000000000000000000 ) ;
#5084 = CARTESIAN_POINT ( 'NONE',  ( -0.4686486486486468039, -8.671742003153214163E-17, 0.4500000000000000111 ) ) ;
#5085 = FACE_OUTER_BOUND ( 'NONE', #6157, .T. ) ;
#5086 = CARTESIAN_POINT ( 'NONE',  ( 1.817567567567565545, 0.2783783783783795318, 0.05000000000000000278 ) ) ;
#5087 = AXIS2_PLACEMENT_3D ( 'NONE', #3908, #3174, #3754 ) ;
#5088 = FILL_AREA_STYLE_COLOUR ( '', #1777 ) ;
#5089 = ORIENTED_EDGE ( 'NONE', *, *, #5376, .T. ) ;
#5090 = ORIENTED_EDGE ( 'NONE', *, *, #6103, .F. ) ;
#5091 = CARTESIAN_POINT ( 'NONE',  ( -1.243648648648647104, -1.875855855855854681, 0.2520000000000000018 ) ) ;
#5092 = VECTOR ( 'NONE', #1136, 1.000000000000000000 ) ;
#5093 = VECTOR ( 'NONE', #6402, 1.000000000000000000 ) ;
#5094 = EDGE_LOOP ( 'NONE', ( #4853, #1764, #126, #6893 ) ) ;
#5095 = LINE ( 'NONE', #5175, #3906 ) ;
#5096 = DIRECTION ( 'NONE',  ( -0.000000000000000000, -0.000000000000000000, -1.000000000000000000 ) ) ;
#5097 = EDGE_CURVE ( 'NONE', #1031, #3890, #5952, .T. ) ;
#5098 = EDGE_CURVE ( 'NONE', #4918, #1208, #5297, .T. ) ;
#5099 = PRODUCT_DEFINITION_SHAPE ( 'NONE', 'NONE',  #2525 ) ;
#5100 = PLANE ( 'NONE',  #5268 ) ;
#5101 = VERTEX_POINT ( 'NONE', #1184 ) ;
#5102 = FACE_OUTER_BOUND ( 'NONE', #218, .T. ) ;
#5103 = DIRECTION ( 'NONE',  ( -1.000000000000000000, 9.251858538542972814E-17, 0.000000000000000000 ) ) ;
#5104 = UNCERTAINTY_MEASURE_WITH_UNIT (LENGTH_MEASURE( 1.000000000000000082E-05 ), #4740, 'distance_accuracy_value', 'NONE');
#5105 = ADVANCED_FACE ( 'NONE', ( #6996 ), #531, .T. ) ;
#5106 = EDGE_CURVE ( 'NONE', #5646, #6636, #6568, .T. ) ;
#5107 = ADVANCED_FACE ( 'NONE', ( #3623 ), #1104, .F. ) ;
#5108 = VECTOR ( 'NONE', #4251, 1.000000000000000000 ) ;
#5109 = ORIENTED_EDGE ( 'NONE', *, *, #2274, .T. ) ;
#5110 = LINE ( 'NONE', #4523, #860 ) ;
#5111 = CARTESIAN_POINT ( 'NONE',  ( 0.7010708180236888687, -1.441194908877152070, 0.6510000000000003562 ) ) ;
#5112 = VERTEX_POINT ( 'NONE', #6416 ) ;
#5113 = LINE ( 'NONE', #2859, #1931 ) ;
#5114 = AXIS2_PLACEMENT_3D ( 'NONE', #5476, #817, #3758 ) ;
#5115 = FACE_OUTER_BOUND ( 'NONE', #2728, .T. ) ;
#5116 = CARTESIAN_POINT ( 'NONE',  ( -1.638653815138664038, 2.149178435024714506, 0.05100000000000000366 ) ) ;
#5117 = CARTESIAN_POINT ( 'NONE',  ( 1.186351351351352834, -0.7058558558558547524, 0.4510000000000000120 ) ) ;
#5118 = DIRECTION ( 'NONE',  ( 0.000000000000000000, -0.000000000000000000, 1.000000000000000000 ) ) ;
#5119 = EDGE_CURVE ( 'NONE', #5900, #3696, #29, .T. ) ;
#5120 = VERTEX_POINT ( 'NONE', #2387 ) ;
#5121 = ORIENTED_EDGE ( 'NONE', *, *, #7355, .F. ) ;
#5122 = LINE ( 'NONE', #2756, #2343 ) ;
#5123 = VECTOR ( 'NONE', #5334, 1.000000000000000000 ) ;
#5124 = LINE ( 'NONE', #4459, #1759 ) ;
#5125 = CARTESIAN_POINT ( 'NONE',  ( -0.9236486486486471525, -0.7058558558558547524, 0.4510000000000000120 ) ) ;
#5126 = ORIENTED_EDGE ( 'NONE', *, *, #2929, .T. ) ;
#5127 = VECTOR ( 'NONE', #7416, 1.000000000000000000 ) ;
#5128 = DIRECTION ( 'NONE',  ( 0.000000000000000000, -1.000000000000000000, 0.000000000000000000 ) ) ;
#5129 = LINE ( 'NONE', #3800, #3632 ) ;
#5130 = LINE ( 'NONE', #6333, #7317 ) ;
#5131 = EDGE_CURVE ( 'NONE', #1575, #2469, #4050, .T. ) ;
#5132 = EDGE_LOOP ( 'NONE', ( #2958, #6983, #3563, #6022 ) ) ;
#5133 = ORIENTED_EDGE ( 'NONE', *, *, #1501, .F. ) ;
#5134 = EDGE_LOOP ( 'NONE', ( #4651, #3781, #474, #3864 ) ) ;
#5135 = CARTESIAN_POINT ( 'NONE',  ( -0.4436486486486466707, -8.209149076226062317E-17, 0.4500000000000000111 ) ) ;
#5136 = EDGE_CURVE ( 'NONE', #1680, #7561, #5991, .T. ) ;
#5137 = VERTEX_POINT ( 'NONE', #5835 ) ;
#5138 = PLANE ( 'NONE',  #5525 ) ;
#5139 = VECTOR ( 'NONE', #6620, 1.000000000000000000 ) ;
#5140 = CARTESIAN_POINT ( 'NONE',  ( 0.000000000000000000, -0.2508558558558546814, 0.4500000000000000111 ) ) ;
#5141 = VECTOR ( 'NONE', #1105, 1.000000000000000000 ) ;
#5142 = ORIENTED_EDGE ( 'NONE', *, *, #6621, .F. ) ;
#5143 = DIRECTION ( 'NONE',  ( 1.000000000000000000, 1.189524669241239608E-16, -0.000000000000000000 ) ) ;
#5144 = LINE ( 'NONE', #6420, #1999 ) ;
#5145 = ORIENTED_EDGE ( 'NONE', *, *, #3013, .F. ) ;
#5146 = LINE ( 'NONE', #4643, #2468 ) ;
#5147 = FILL_AREA_STYLE_COLOUR ( '', #3089 ) ;
#5148 = ORIENTED_EDGE ( 'NONE', *, *, #4542, .T. ) ;
#5149 = VECTOR ( 'NONE', #6144, 1.000000000000000000 ) ;
#5150 = LINE ( 'NONE', #3907, #4655 ) ;
#5151 = EDGE_CURVE ( 'NONE', #925, #4534, #1727, .T. ) ;
#5152 = FACE_BOUND ( 'NONE', #3835, .T. ) ;
#5153 = CARTESIAN_POINT ( 'NONE',  ( -0.4674826492301951686, 0.9497722133673791589, 0.2510000000000000009 ) ) ;
#5154 = DIRECTION ( 'NONE',  ( 1.000000000000000000, 0.000000000000000000, 0.000000000000000000 ) ) ;
#5155 = CARTESIAN_POINT ( 'NONE',  ( 0.000000000000000000, 0.000000000000000000, 0.2520000000000000018 ) ) ;
#5156 = AXIS2_PLACEMENT_3D ( 'NONE', #3934, #7511, #2200 ) ;
#5157 = EDGE_LOOP ( 'NONE', ( #4978, #2551, #1067, #5810 ) ) ;
#5158 = ORIENTED_EDGE ( 'NONE', *, *, #6552, .T. ) ;
#5159 = DIRECTION ( 'NONE',  ( 1.000000000000000000, 0.000000000000000000, -0.000000000000000000 ) ) ;
#5160 = DIRECTION ( 'NONE',  ( 0.000000000000000000, -0.000000000000000000, -1.000000000000000000 ) ) ;
#5161 = PLANE ( 'NONE',  #6029 ) ;
#5162 = VERTEX_POINT ( 'NONE', #7622 ) ;
#5163 = VERTEX_POINT ( 'NONE', #4085 ) ;
#5164 = CARTESIAN_POINT ( 'NONE',  ( -0.1824324324324324009, 0.7783783783783795318, 0.05100000000000000366 ) ) ;
#5165 = CARTESIAN_POINT ( 'NONE',  ( -1.243648648648647104, -0.6758558558558547258, 0.4500000000000000111 ) ) ;
#5166 = PRODUCT_DEFINITION_SHAPE ( 'NONE', 'NONE',  #7666 ) ;
#5167 = VERTEX_POINT ( 'NONE', #1147 ) ;
#5168 = CARTESIAN_POINT ( 'NONE',  ( 3.617567567567566034, 0.7283783783783794874, 0.1509999999999999953 ) ) ;
#5170 = EDGE_CURVE ( 'NONE', #1, #7175, #3584, .T. ) ;
#5169 = VERTEX_POINT ( 'NONE', #1221 ) ;
#5171 = ORIENTED_EDGE ( 'NONE', *, *, #4630, .F. ) ;
#5172 = ORIENTED_EDGE ( 'NONE', *, *, #605, .F. ) ;
#5173 = LINE ( 'NONE', #4081, #6565 ) ;
#5174 = EDGE_LOOP ( 'NONE', ( #1342, #727, #2142, #6652 ) ) ;
#5175 = CARTESIAN_POINT ( 'NONE',  ( 0.3063513513513529962, -1.875855855855854681, 0.4510000000000000120 ) ) ;
#5176 = CARTESIAN_POINT ( 'NONE',  ( -0.03864864864864676897, 0.2041441441441443350, 0.4510000000000000120 ) ) ;
#5177 = EDGE_CURVE ( 'NONE', #1088, #3329, #4240, .T. ) ;
#5178 = ADVANCED_FACE ( 'NONE', ( #1990 ), #4975, .F. ) ;
#5179 = CARTESIAN_POINT ( 'NONE',  ( 1.913785313619750461, -2.650960111606672331, 0.05100000000000000366 ) ) ;
#5180 = ORIENTED_EDGE ( 'NONE', *, *, #1932, .F. ) ;
#5181 = FACE_OUTER_BOUND ( 'NONE', #4742, .T. ) ;
#5182 = DIRECTION ( 'NONE',  ( -1.000000000000000000, -9.251858538542971581E-17, 0.000000000000000000 ) ) ;
#5183 = AXIS2_PLACEMENT_3D ( 'NONE', #6780, #3213, #3831 ) ;
#5184 = ORIENTED_EDGE ( 'NONE', *, *, #2655, .F. ) ;
#5185 = DIRECTION ( 'NONE',  ( -1.000000000000000000, -0.000000000000000000, -0.000000000000000000 ) ) ;
#5186 = VECTOR ( 'NONE', #4842, 1.000000000000000000 ) ;
#5187 = DIRECTION ( 'NONE',  ( 1.000000000000000000, -0.000000000000000000, -0.000000000000000000 ) ) ;
#5188 = EDGE_CURVE ( 'NONE', #609, #509, #4820, .T. ) ;
#5189 = CARTESIAN_POINT ( 'NONE',  ( -2.868382539233230055, 3.348907565514117834, 0.05000000000000000278 ) ) ;
#5190 = CARTESIAN_POINT ( 'NONE',  ( -2.868382539233230055, 3.348907565514117834, 0.05000000000000000278 ) ) ;
#5191 = CARTESIAN_POINT ( 'NONE',  ( 1.186351351351352834, -1.905855855855854708, 0.2520000000000000018 ) ) ;
#5192 = LINE ( 'NONE', #1161, #3576 ) ;
#5193 = CARTESIAN_POINT ( 'NONE',  ( -2.918648648648646482, -4.100855855855854770, 0.000000000000000000 ) ) ;
#5194 = EDGE_CURVE ( 'NONE', #3956, #1188, #6606, .T. ) ;
#5195 = VECTOR ( 'NONE', #4993, 1.000000000000000000 ) ;
#5196 = VERTEX_POINT ( 'NONE', #6753 ) ;
#5197 = EDGE_CURVE ( 'NONE', #156, #4955, #7185, .T. ) ;
#5198 = ORIENTED_EDGE ( 'NONE', *, *, #1365, .T. ) ;
#5199 = DIRECTION ( 'NONE',  ( -0.000000000000000000, 0.000000000000000000, 1.000000000000000000 ) ) ;
#5200 = CARTESIAN_POINT ( 'NONE',  ( 1.156351351351353252, 1.724144144144144519, 0.4500000000000000111 ) ) ;
#5201 = ADVANCED_FACE ( 'NONE', ( #3689 ), #1300, .F. ) ;
#5202 = CARTESIAN_POINT ( 'NONE',  ( 0.000000000000000000, 0.000000000000000000, 0.4510000000000000120 ) ) ;
#5203 = EDGE_LOOP ( 'NONE', ( #6943, #1962, #4702, #611 ) ) ;
#5204 = VECTOR ( 'NONE', #7007, 1.000000000000000000 ) ;
#5205 = LINE ( 'NONE', #1753, #4258 ) ;
#5206 = DIRECTION ( 'NONE',  ( 1.000000000000000000, 0.000000000000000000, 0.000000000000000000 ) ) ;
#5207 = AXIS2_PLACEMENT_3D ( 'NONE', #6878, #1448, #6263 ) ;
#5208 = EDGE_LOOP ( 'NONE', ( #3786, #4704, #514, #1384 ) ) ;
#5209 = ORIENTED_EDGE ( 'NONE', *, *, #4246, .F. ) ;
#5210 = VERTEX_POINT ( 'NONE', #4931 ) ;
#5211 = ORIENTED_EDGE ( 'NONE', *, *, #5876, .T. ) ;
#5212 = CARTESIAN_POINT ( 'NONE',  ( 0.2763513513513530251, -1.905855855855854708, 0.4500000000000000111 ) ) ;
#5213 = EDGE_CURVE ( 'NONE', #2448, #6964, #5556, .T. ) ;
#5214 = VECTOR ( 'NONE', #2443, 1.000000000000000000 ) ;
#5215 = ORIENTED_EDGE ( 'NONE', *, *, #7006, .T. ) ;
#5216 = DIRECTION ( 'NONE',  ( 1.000000000000000000, 0.000000000000000000, 0.000000000000000000 ) ) ;
#5217 = CARTESIAN_POINT ( 'NONE',  ( -1.213648648648647077, -0.7058558558558547524, 0.4510000000000000120 ) ) ;
#5218 = VECTOR ( 'NONE', #2235, 1.000000000000000000 ) ;
#5219 = AXIS2_PLACEMENT_3D ( 'NONE', #1855, #4725, #4255 ) ;
#5220 = LINE ( 'NONE', #2158, #5141 ) ;
#5221 = ORIENTED_EDGE ( 'NONE', *, *, #3362, .F. ) ;
#5222 = DIRECTION ( 'NONE',  ( -0.000000000000000000, -0.000000000000000000, -1.000000000000000000 ) ) ;
#5223 = EDGE_CURVE ( 'NONE', #6672, #552, #3148, .T. ) ;
#5224 = AXIS2_PLACEMENT_3D ( 'NONE', #6503, #3661, #4245 ) ;
#5225 = CARTESIAN_POINT ( 'NONE',  ( 1.931351351351352941, 0.9491441441441446081, 0.4500000000000000111 ) ) ;
#5226 = AXIS2_PLACEMENT_3D ( 'NONE', #50, #4149, #4770 ) ;
#5227 = EDGE_CURVE ( 'NONE', #6400, #402, #1336, .T. ) ;
#5228 = CARTESIAN_POINT ( 'NONE',  ( -1.213648648648647077, 1.692892555011814348, 0.4500000000000000111 ) ) ;
#5229 = CARTESIAN_POINT ( 'NONE',  ( -1.242844139922891555, 0.5241441441441452298, 0.2510000000000000009 ) ) ;
#5230 = DIRECTION ( 'NONE',  ( 1.000000000000000000, 0.000000000000000000, -0.000000000000000000 ) ) ;
#5231 = ADVANCED_FACE ( 'NONE', ( #6102 ), #719, .F. ) ;
#5232 = CARTESIAN_POINT ( 'NONE',  ( -1.213648648648647077, -0.9958558558558545659, 0.4500000000000000111 ) ) ;
#5233 = PLANE ( 'NONE',  #506 ) ;
#5234 = DIRECTION ( 'NONE',  ( -0.000000000000000000, -0.000000000000000000, -1.000000000000000000 ) ) ;
#5235 = DIRECTION ( 'NONE',  ( 0.000000000000000000, 1.000000000000000000, 0.000000000000000000 ) ) ;
#5236 = ORIENTED_EDGE ( 'NONE', *, *, #4391, .T. ) ;
#5237 = EDGE_LOOP ( 'NONE', ( #1294, #1638, #2097, #2089 ) ) ;
#5238 = PLANE ( 'NONE',  #2580 ) ;
#5239 = CARTESIAN_POINT ( 'NONE',  ( 0.000000000000000000, -0.2508558558558546814, 0.05000000000000000278 ) ) ;
#5240 = CARTESIAN_POINT ( 'NONE',  ( 0.7290204228011620824, 2.148025372459793303, 0.05100000000000000366 ) ) ;
#5241 = ORIENTED_EDGE ( 'NONE', *, *, #1621, .F. ) ;
#5242 = APPLICATION_CONTEXT ( 'automotive_design' ) ;
#5243 = EDGE_CURVE ( 'NONE', #5474, #5327, #4313, .T. ) ;
#5244 = CARTESIAN_POINT ( 'NONE',  ( 1.901351351351353136, 2.149144144144145230, 0.05100000000000000366 ) ) ;
#5245 = PLANE ( 'NONE',  #7600 ) ;
#5246 = VERTEX_POINT ( 'NONE', #5522 ) ;
#5247 = CARTESIAN_POINT ( 'NONE',  ( 3.617567567567565590, 1.128378378378379621, 0.1499999999999999944 ) ) ;
#5248 = CARTESIAN_POINT ( 'NONE',  ( 1.156351351351352807, -0.6758558558558547258, 0.4510000000000000120 ) ) ;
#5249 = ORIENTED_EDGE ( 'NONE', *, *, #13, .T. ) ;
#5250 = AXIS2_PLACEMENT_3D ( 'NONE', #2950, #4624, #3535 ) ;
#5251 = ORIENTED_EDGE ( 'NONE', *, *, #1078, .T. ) ;
#5252 = ORIENTED_EDGE ( 'NONE', *, *, #4415, .T. ) ;
#5253 = DIRECTION ( 'NONE',  ( -0.000000000000000000, -0.000000000000000000, -1.000000000000000000 ) ) ;
#5254 = VECTOR ( 'NONE', #4506, 1.000000000000000000 ) ;
#5255 = VERTEX_POINT ( 'NONE', #864 ) ;
#5256 = CARTESIAN_POINT ( 'NONE',  ( 3.452553062395283724E-17, -0.2508558558558549589, 0.05000000000000000278 ) ) ;
#5257 = EDGE_CURVE ( 'NONE', #1834, #5516, #3187, .T. ) ;
#5258 = EDGE_CURVE ( 'NONE', #6810, #5941, #132, .T. ) ;
#5259 = DIRECTION ( 'NONE',  ( -1.000000000000000000, -0.000000000000000000, -0.000000000000000000 ) ) ;
#5260 = AXIS2_PLACEMENT_3D ( 'NONE', #1058, #2947, #2262 ) ;
#5261 = EDGE_CURVE ( 'NONE', #6783, #3447, #246, .T. ) ;
#5262 = EDGE_CURVE ( 'NONE', #2769, #2706, #7300, .T. ) ;
#5263 = CARTESIAN_POINT ( 'NONE',  ( 0.000000000000000000, 0.000000000000000000, 0.4500000000000000111 ) ) ;
#5264 = VERTEX_POINT ( 'NONE', #7224 ) ;
#5265 = LINE ( 'NONE', #5302, #4669 ) ;
#5266 = FACE_OUTER_BOUND ( 'NONE', #440, .T. ) ;
#5267 = EDGE_CURVE ( 'NONE', #4949, #1128, #2606, .T. ) ;
#5268 = AXIS2_PLACEMENT_3D ( 'NONE', #5140, #378, #3396 ) ;
#5269 = CARTESIAN_POINT ( 'NONE',  ( -1.382432432432432634, 1.078378378378379576, 0.05000000000000000278 ) ) ;
#5270 = CARTESIAN_POINT ( 'NONE',  ( -2.918648648648646482, -4.100855855855854770, 0.000000000000000000 ) ) ;
#5271 = DIRECTION ( 'NONE',  ( -1.000000000000000000, -0.000000000000000000, -0.000000000000000000 ) ) ;
#5272 = CARTESIAN_POINT ( 'NONE',  ( -0.03864864864864676897, 0.4941441441441443150, 0.4510000000000000120 ) ) ;
#5273 = DIRECTION ( 'NONE',  ( -0.000000000000000000, -0.000000000000000000, -1.000000000000000000 ) ) ;
#5274 = CARTESIAN_POINT ( 'NONE',  ( -1.668648648648647148, -2.650855855855854593, 0.05000000000000000278 ) ) ;
#5275 = PLANE ( 'NONE',  #6975 ) ;
#5276 = EDGE_LOOP ( 'NONE', ( #4937, #1102, #2563, #60, #7 ) ) ;
#5277 = ORIENTED_EDGE ( 'NONE', *, *, #253, .F. ) ;
#5278 = LINE ( 'NONE', #4574, #5933 ) ;
#5279 = PRODUCT_DEFINITION ( 'UNKNOWN', '', #876, #4428 ) ;
#5280 = DIRECTION ( 'NONE',  ( 0.000000000000000000, -0.000000000000000000, 1.000000000000000000 ) ) ;
#5281 = AXIS2_PLACEMENT_3D ( 'NONE', #1509, #7248, #6702 ) ;
#5282 = CARTESIAN_POINT ( 'NONE',  ( 3.667567567567565856, 0.7283783783783795984, 0.1509999999999999953 ) ) ;
#5283 = ORIENTED_EDGE ( 'NONE', *, *, #3657, .T. ) ;
#5284 = FACE_OUTER_BOUND ( 'NONE', #1412, .T. ) ;
#5285 = CARTESIAN_POINT ( 'NONE',  ( 0.000000000000000000, -1.450855855855854637, 0.4500000000000000111 ) ) ;
#5286 = VERTEX_POINT ( 'NONE', #4276 ) ;
#5287 = DIRECTION ( 'NONE',  ( 0.000000000000000000, -1.000000000000000000, 0.000000000000000000 ) ) ;
#5288 = FILL_AREA_STYLE ('',( #2994 ) ) ;
#5289 = VECTOR ( 'NONE', #1114, 1.000000000000000000 ) ;
#5290 = ORIENTED_EDGE ( 'NONE', *, *, #224, .T. ) ;
#5291 = ORIENTED_EDGE ( 'NONE', *, *, #6735, .F. ) ;
#5292 = ORIENTED_EDGE ( 'NONE', *, *, #6595, .F. ) ;
#5293 = LINE ( 'NONE', #2341, #5067 ) ;
#5294 = EDGE_CURVE ( 'NONE', #7145, #4802, #6643, .T. ) ;
#5295 = VERTEX_POINT ( 'NONE', #3347 ) ;
#5296 = DIRECTION ( 'NONE',  ( 0.000000000000000000, -0.000000000000000000, -1.000000000000000000 ) ) ;
#5297 = LINE ( 'NONE', #606, #4994 ) ;
#5298 = LINE ( 'NONE', #7658, #4351 ) ;
#5299 = VERTEX_POINT ( 'NONE', #6835 ) ;
#5300 = EDGE_CURVE ( 'NONE', #7411, #6994, #4001, .T. ) ;
#5301 = ORIENTED_EDGE ( 'NONE', *, *, #3186, .F. ) ;
#5302 = CARTESIAN_POINT ( 'NONE',  ( -1.618648648648647104, -2.600855855855854770, 0.05100000000000000366 ) ) ;
#5303 = DIRECTION ( 'NONE',  ( -0.000000000000000000, -0.000000000000000000, -1.000000000000000000 ) ) ;
#5304 = DIRECTION ( 'NONE',  ( -1.850371707708593823E-16, 1.000000000000000000, 0.000000000000000000 ) ) ;
#5305 = EDGE_CURVE ( 'NONE', #1436, #2377, #5012, .T. ) ;
#5306 = EDGE_LOOP ( 'NONE', ( #3854, #6824, #4925, #2671 ) ) ;
#5307 = DIRECTION ( 'NONE',  ( 1.000000000000000000, 0.000000000000000000, 0.000000000000000000 ) ) ;
#5308 = CARTESIAN_POINT ( 'NONE',  ( -1.661268387826372095, -2.638672188960770271, 0.05100000000000000366 ) ) ;
#5309 = CARTESIAN_POINT ( 'NONE',  ( 1.883785313619750434, -4.100310651257746741, 0.05100000000000000366 ) ) ;
#5310 = DIRECTION ( 'NONE',  ( 1.000000000000000000, 0.000000000000000000, 0.000000000000000000 ) ) ;
#5311 = DIRECTION ( 'NONE',  ( 1.192237920446390406E-16, -1.000000000000000000, 0.000000000000000000 ) ) ;
#5312 = VECTOR ( 'NONE', #4422, 1.000000000000000000 ) ;
#5313 = ORIENTED_EDGE ( 'NONE', *, *, #618, .F. ) ;
#5314 = VECTOR ( 'NONE', #5199, 1.000000000000000000 ) ;
#5315 = ORIENTED_EDGE ( 'NONE', *, *, #5734, .T. ) ;
#5316 = DIRECTION ( 'NONE',  ( 1.000000000000000000, 0.000000000000000000, 0.000000000000000000 ) ) ;
#5317 = DIRECTION ( 'NONE',  ( 0.000000000000000000, 0.000000000000000000, 1.000000000000000000 ) ) ;
#5318 = FACE_OUTER_BOUND ( 'NONE', #1230, .T. ) ;
#5319 = ORIENTED_EDGE ( 'NONE', *, *, #1527, .T. ) ;
#5320 = MANIFOLD_SOLID_BREP ( 'Boss-Extrude25', #698 ) ;
#5321 = DIRECTION ( 'NONE',  ( -0.000000000000000000, -0.000000000000000000, -1.000000000000000000 ) ) ;
#5322 = LINE ( 'NONE', #7646, #424 ) ;
#5323 = ORIENTED_EDGE ( 'NONE', *, *, #4817, .T. ) ;
#5324 = FACE_OUTER_BOUND ( 'NONE', #3068, .T. ) ;
#5325 = ORIENTED_EDGE ( 'NONE', *, *, #5033, .F. ) ;
#5326 = ORIENTED_EDGE ( 'NONE', *, *, #1801, .T. ) ;
#5327 = VERTEX_POINT ( 'NONE', #6873 ) ;
#5328 = CARTESIAN_POINT ( 'NONE',  ( 3.617567567567566034, -0.4716216216216202461, 0.1509999999999999953 ) ) ;
#5329 = EDGE_CURVE ( 'NONE', #6772, #2706, #7461, .T. ) ;
#5330 = VECTOR ( 'NONE', #2858, 1.000000000000000000 ) ;
#5331 = VECTOR ( 'NONE', #5907, 1.000000000000000000 ) ;
#5332 = ORIENTED_EDGE ( 'NONE', *, *, #3876, .T. ) ;
#5333 = CARTESIAN_POINT ( 'NONE',  ( 1.156351351351352807, -1.875855855855854681, 0.2520000000000000018 ) ) ;
#5334 = DIRECTION ( 'NONE',  ( 0.000000000000000000, -1.000000000000000000, 0.000000000000000000 ) ) ;
#5335 = FACE_OUTER_BOUND ( 'NONE', #829, .T. ) ;
#5336 = VERTEX_POINT ( 'NONE', #6259 ) ;
#5337 = ORIENTED_EDGE ( 'NONE', *, *, #450, .F. ) ;
#5338 = DIRECTION ( 'NONE',  ( -1.000000000000000000, -0.000000000000000000, -0.000000000000000000 ) ) ;
#5339 = VECTOR ( 'NONE', #5473, 1.000000000000000000 ) ;
#5340 = LINE ( 'NONE', #2428, #2865 ) ;
#5341 = EDGE_CURVE ( 'NONE', #7071, #1681, #6792, .T. ) ;
#5342 = VECTOR ( 'NONE', #1499, 1.000000000000000000 ) ;
#5343 = ORIENTED_EDGE ( 'NONE', *, *, #6346, .F. ) ;
#5344 = VECTOR ( 'NONE', #5712, 1.000000000000000000 ) ;
#5345 = CARTESIAN_POINT ( 'NONE',  ( -1.638653815138664038, 2.149178435024714506, 0.05000000000000000278 ) ) ;
#5346 = AXIS2_PLACEMENT_3D ( 'NONE', #760, #2572, #3277 ) ;
#5347 = ORIENTED_EDGE ( 'NONE', *, *, #1863, .F. ) ;
#5348 = LINE ( 'NONE', #2, #4578 ) ;
#5349 = AXIS2_PLACEMENT_3D ( 'NONE', #3656, #2886, #2312 ) ;
#5350 = ADVANCED_FACE ( 'NONE', ( #7499, #2187 ), #4508, .T. ) ;
#5351 = LINE ( 'NONE', #6042, #511 ) ;
#5352 = DIRECTION ( 'NONE',  ( 0.000000000000000000, 1.000000000000000000, 0.000000000000000000 ) ) ;
#5353 = CARTESIAN_POINT ( 'NONE',  ( 1.881351351351352674, -0.2508558558558546814, 0.05000000000000000278 ) ) ;
#5354 = EDGE_CURVE ( 'NONE', #2465, #6994, #1564, .T. ) ;
#5355 = LINE ( 'NONE', #4143, #2404 ) ;
#5356 = EDGE_LOOP ( 'NONE', ( #3204, #3271, #5741, #2833 ) ) ;
#5357 = ORIENTED_EDGE ( 'NONE', *, *, #6096, .F. ) ;
#5358 = FACE_BOUND ( 'NONE', #5746, .T. ) ;
#5359 = PLANE ( 'NONE',  #5226 ) ;
#5360 = CARTESIAN_POINT ( 'NONE',  ( -0.4686486486486469705, 0.9491441441441451632, 0.05000000000000000278 ) ) ;
#5361 = ORIENTED_EDGE ( 'NONE', *, *, #6802, .T. ) ;
#5362 = CARTESIAN_POINT ( 'NONE',  ( 0.7313513513513529851, 0.000000000000000000, 0.05100000000000000366 ) ) ;
#5363 = EDGE_CURVE ( 'NONE', #5454, #1798, #3924, .T. ) ;
#5364 = CARTESIAN_POINT ( 'NONE',  ( -2.867919202630825559, -2.650885740052331574, 0.05100000000000000366 ) ) ;
#5365 = CARTESIAN_POINT ( 'NONE',  ( -1.212844139922891529, 0.4941441441441452032, 0.2520000000000000018 ) ) ;
#5366 = CARTESIAN_POINT ( 'NONE',  ( -1.668914624007974412, -2.650885740052331574, 0.05000000000000000278 ) ) ;
#5367 = CARTESIAN_POINT ( 'NONE',  ( 3.667567567567565856, -0.4716216216216201906, 0.1509999999999999953 ) ) ;
#5368 = ORIENTED_EDGE ( 'NONE', *, *, #4694, .F. ) ;
#5369 = ORIENTED_EDGE ( 'NONE', *, *, #2335, .T. ) ;
#5370 = ORIENTED_EDGE ( 'NONE', *, *, #2126, .F. ) ;
#5371 = CARTESIAN_POINT ( 'NONE',  ( -1.243648648648647104, -2.225855855855854770, 0.2520000000000000018 ) ) ;
#5372 = ORIENTED_EDGE ( 'NONE', *, *, #3157, .F. ) ;
#5373 = VECTOR ( 'NONE', #712, 1.000000000000000000 ) ;
#5374 = CARTESIAN_POINT ( 'NONE',  ( 1.186351351351353278, 1.694144144144144493, 0.4510000000000000120 ) ) ;
#5375 = CARTESIAN_POINT ( 'NONE',  ( -1.618648648648647104, -2.600855855855854770, 0.05000000000000000278 ) ) ;
#5376 = EDGE_CURVE ( 'NONE', #3209, #713, #1601, .T. ) ;
#5377 = VECTOR ( 'NONE', #790, 1.000000000000000000 ) ;
#5378 = ORIENTED_EDGE ( 'NONE', *, *, #3917, .T. ) ;
#5379 = DIRECTION ( 'NONE',  ( 0.000000000000000000, -1.000000000000000000, 0.000000000000000000 ) ) ;
#5380 = VECTOR ( 'NONE', #5711, 1.000000000000000000 ) ;
#5381 = CARTESIAN_POINT ( 'NONE',  ( 8.781347354308071886E-17, 0.9491441441441451632, 0.05100000000000000366 ) ) ;
#5382 = EDGE_LOOP ( 'NONE', ( #3564, #1918, #4526, #1179 ) ) ;
#5383 = FACE_OUTER_BOUND ( 'NONE', #6684, .T. ) ;
#5384 = ORIENTED_EDGE ( 'NONE', *, *, #7376, .F. ) ;
#5385 = LINE ( 'NONE', #5270, #249 ) ;
#5386 = ADVANCED_FACE ( 'NONE', ( #6220 ), #445, .F. ) ;
#5387 = LINE ( 'NONE', #3559, #135 ) ;
#5388 = LINE ( 'NONE', #149, #3228 ) ;
#5389 = CARTESIAN_POINT ( 'NONE',  ( -0.9236486486486471525, 1.402892555011814535, 0.4500000000000000111 ) ) ;
#5390 = ORIENTED_EDGE ( 'NONE', *, *, #4542, .F. ) ;
#5391 = VECTOR ( 'NONE', #7636, 1.000000000000000000 ) ;
#5392 = VERTEX_POINT ( 'NONE', #7535 ) ;
#5393 = PLANE ( 'NONE',  #6304 ) ;
#5394 = EDGE_CURVE ( 'NONE', #2745, #7255, #7419, .T. ) ;
#5395 = ADVANCED_FACE ( 'NONE', ( #4583 ), #6950, .F. ) ;
#5396 = DIRECTION ( 'NONE',  ( 1.000000000000000000, 0.000000000000000000, 0.000000000000000000 ) ) ;
#5397 = EDGE_LOOP ( 'NONE', ( #4187, #7210, #2794, #6637, #5669, #4043, #985, #4195, #3179, #5090, #2415, #1437, #7308, #5897 ) ) ;
#5398 = DIRECTION ( 'NONE',  ( 0.000000000000000000, -1.000000000000000000, 0.000000000000000000 ) ) ;
#5399 = CARTESIAN_POINT ( 'NONE',  ( 1.186351351351352834, -2.195855855855854966, 0.2510000000000000009 ) ) ;
#5400 = DIRECTION ( 'NONE',  ( -1.000000000000000000, 0.000000000000000000, 0.000000000000000000 ) ) ;
#5401 = SHAPE_DEFINITION_REPRESENTATION ( #1024, #6178 ) ;
#5402 = DIRECTION ( 'NONE',  ( -0.000000000000000000, 1.000000000000000000, -0.000000000000000000 ) ) ;
#5403 = ORIENTED_EDGE ( 'NONE', *, *, #5431, .F. ) ;
#5404 = VERTEX_POINT ( 'NONE', #1213 ) ;
#5405 = EDGE_LOOP ( 'NONE', ( #5251, #2009, #7463, #3065 ) ) ;
#5406 = VECTOR ( 'NONE', #5216, 1.000000000000000000 ) ;
#5407 = LINE ( 'NONE', #97, #497 ) ;
#5408 = CARTESIAN_POINT ( 'NONE',  ( 1.506351351351352896, -1.875855855855854681, 0.2520000000000000018 ) ) ;
#5409 = VECTOR ( 'NONE', #6530, 1.000000000000000000 ) ;
#5410 = CARTESIAN_POINT ( 'NONE',  ( 1.156351351351352807, -1.875855855855854681, 0.2510000000000000009 ) ) ;
#5411 = AXIS2_PLACEMENT_3D ( 'NONE', #5879, #4133, #3434 ) ;
#5412 = DIRECTION ( 'NONE',  ( 0.000000000000000000, -1.000000000000000000, 0.000000000000000000 ) ) ;
#5413 = ORIENTED_EDGE ( 'NONE', *, *, #7376, .T. ) ;
#5414 = DIRECTION ( 'NONE',  ( -0.000000000000000000, -0.000000000000000000, -1.000000000000000000 ) ) ;
#5415 = DIRECTION ( 'NONE',  ( -1.000000000000000000, -0.000000000000000000, -0.000000000000000000 ) ) ;
#5416 = ADVANCED_FACE ( 'NONE', ( #5324 ), #3496, .T. ) ;
#5417 = EDGE_LOOP ( 'NONE', ( #5148, #1722, #2612, #4866 ) ) ;
#5418 = ADVANCED_FACE ( 'NONE', ( #6443 ), #1719, .F. ) ;
#5419 = LINE ( 'NONE', #2396, #413 ) ;
#5420 = ORIENTED_EDGE ( 'NONE', *, *, #1768, .T. ) ;
#5421 = LINE ( 'NONE', #6189, #7014 ) ;
#5422 = CARTESIAN_POINT ( 'NONE',  ( -0.4436486486486466152, -0.2508558558558557916, 0.4500000000000000111 ) ) ;
#5423 = LINE ( 'NONE', #3086, #5586 ) ;
#5424 = DIRECTION ( 'NONE',  ( 0.000000000000000000, -1.000000000000000000, 0.000000000000000000 ) ) ;
#5425 = EDGE_CURVE ( 'NONE', #4802, #146, #1137, .T. ) ;
#5426 = ORIENTED_EDGE ( 'NONE', *, *, #6125, .F. ) ;
#5427 = ORIENTED_EDGE ( 'NONE', *, *, #6945, .T. ) ;
#5428 = CARTESIAN_POINT ( 'NONE',  ( 1.186351351351352834, -0.9958558558558545659, 0.4500000000000000111 ) ) ;
#5429 = PLANE ( 'NONE',  #134 ) ;
#5430 = ORIENTED_EDGE ( 'NONE', *, *, #7024, .T. ) ;
#5431 = EDGE_CURVE ( 'NONE', #371, #5932, #3457, .T. ) ;
#5432 = FACE_OUTER_BOUND ( 'NONE', #4484, .T. ) ;
#5433 = LINE ( 'NONE', #200, #643 ) ;
#5434 = ORIENTED_EDGE ( 'NONE', *, *, #2629, .F. ) ;
#5435 = LINE ( 'NONE', #2487, #6720 ) ;
#5436 = EDGE_CURVE ( 'NONE', #491, #6221, #7143, .T. ) ;
#5437 = VERTEX_POINT ( 'NONE', #4077 ) ;
#5438 = ORIENTED_EDGE ( 'NONE', *, *, #1555, .F. ) ;
#5439 = ORIENTED_EDGE ( 'NONE', *, *, #6756, .F. ) ;
#5440 = CARTESIAN_POINT ( 'NONE',  ( 0.3063513513513529962, -1.875855855855854681, 0.4510000000000000120 ) ) ;
#5441 = DIRECTION ( 'NONE',  ( -1.000000000000000000, 0.000000000000000000, 0.000000000000000000 ) ) ;
#5442 = ADVANCED_FACE ( 'NONE', ( #7026 ), #59, .F. ) ;
#5443 = DIRECTION ( 'NONE',  ( -1.000000000000000000, -2.220446049250320969E-15, -0.000000000000000000 ) ) ;
#5444 = ADVANCED_FACE ( 'NONE', ( #3421 ), #6484, .F. ) ;
#5445 = VECTOR ( 'NONE', #5579, 1.000000000000000000 ) ;
#5446 = ORIENTED_EDGE ( 'NONE', *, *, #6077, .T. ) ;
#5447 = DIRECTION ( 'NONE',  ( -1.000000000000000000, -0.000000000000000000, -0.000000000000000000 ) ) ;
#5448 = CARTESIAN_POINT ( 'NONE',  ( -2.382432432432432190, -0.8716216216216201573, 0.05000000000000000278 ) ) ;
#5449 = ORIENTED_EDGE ( 'NONE', *, *, #1297, .F. ) ;
#5450 = EDGE_CURVE ( 'NONE', #3827, #1031, #596, .T. ) ;
#5451 = CARTESIAN_POINT ( 'NONE',  ( -1.668648648648647148, -2.650855855855854593, 0.05100000000000000366 ) ) ;
#5452 = EDGE_CURVE ( 'NONE', #7083, #6609, #4040, .T. ) ;
#5453 = AXIS2_PLACEMENT_3D ( 'NONE', #4186, #6553, #5396 ) ;
#5454 = VERTEX_POINT ( 'NONE', #5943 ) ;
#5455 = CARTESIAN_POINT ( 'NONE',  ( 0.000000000000000000, -1.450855855855854637, 0.05000000000000000278 ) ) ;
#5456 = VECTOR ( 'NONE', #6357, 1.000000000000000000 ) ;
#5457 = LINE ( 'NONE', #3669, #3473 ) ;
#5458 = CARTESIAN_POINT ( 'NONE',  ( -1.667844139922891600, 0.9478925550118144638, 0.05100000000000000366 ) ) ;
#5459 = CARTESIAN_POINT ( 'NONE',  ( -0.4674826492301951686, 0.9497722133673791589, 0.2510000000000000009 ) ) ;
#5460 = VECTOR ( 'NONE', #683, 1.000000000000000000 ) ;
#5461 = ORIENTED_EDGE ( 'NONE', *, *, #2629, .T. ) ;
#5462 = VERTEX_POINT ( 'NONE', #5367 ) ;
#5463 = LINE ( 'NONE', #11, #1848 ) ;
#5464 = VECTOR ( 'NONE', #3931, 1.000000000000000000 ) ;
#5465 = AXIS2_PLACEMENT_3D ( 'NONE', #5179, #7546, #2275 ) ;
#5466 = PRODUCT ( 'martial plus forest zones', 'martial plus forest zones', '', ( #3032 ) ) ;
#5467 = EDGE_CURVE ( 'NONE', #2417, #6590, #7613, .T. ) ;
#5468 = LINE ( 'NONE', #155, #2109 ) ;
#5469 = ORIENTED_EDGE ( 'NONE', *, *, #2792, .F. ) ;
#5470 = MANIFOLD_SOLID_BREP ( 'Boss-Extrude21[1]', #332 ) ;
#5471 = DIRECTION ( 'NONE',  ( 0.000000000000000000, -0.000000000000000000, 1.000000000000000000 ) ) ;
#5472 = CARTESIAN_POINT ( 'NONE',  ( 0.3075173507698048536, 1.724144144144144075, 0.2510000000000000009 ) ) ;
#5473 = DIRECTION ( 'NONE',  ( -1.000000000000000000, -0.000000000000000000, -0.000000000000000000 ) ) ;
#5474 = VERTEX_POINT ( 'NONE', #5248 ) ;
#5475 = CONTEXT_DEPENDENT_SHAPE_REPRESENTATION ( #2221, #5166 ) ;
#5476 = CARTESIAN_POINT ( 'NONE',  ( 0.000000000000000000, 0.000000000000000000, 0.000000000000000000 ) ) ;
#5477 = VERTEX_POINT ( 'NONE', #4662 ) ;
#5478 = ORIENTED_EDGE ( 'NONE', *, *, #997, .F. ) ;
#5479 = ORIENTED_EDGE ( 'NONE', *, *, #4210, .T. ) ;
#5480 = FACE_OUTER_BOUND ( 'NONE', #4248, .T. ) ;
#5481 = CARTESIAN_POINT ( 'NONE',  ( -1.243648648648647104, -2.225855855855854770, 0.2520000000000000018 ) ) ;
#5482 = DIRECTION ( 'NONE',  ( -0.000000000000000000, -0.000000000000000000, -1.000000000000000000 ) ) ;
#5483 = CARTESIAN_POINT ( 'NONE',  ( 1.913785313619750461, -2.650960111606672331, 0.05000000000000000278 ) ) ;
#5484 = VECTOR ( 'NONE', #1735, 1.000000000000000000 ) ;
#5485 = ORIENTED_EDGE ( 'NONE', *, *, #1225, .F. ) ;
#5486 = ADVANCED_FACE ( 'NONE', ( #2914 ), #2337, .T. ) ;
#5487 = ADVANCED_FACE ( 'NONE', ( #6634 ), #2561, .F. ) ;
#5488 = ORIENTED_EDGE ( 'NONE', *, *, #6013, .F. ) ;
#5489 = AXIS2_PLACEMENT_3D ( 'NONE', #4341, #4269, #7176 ) ;
#5490 = PLANE ( 'NONE',  #697 ) ;
#5491 = CARTESIAN_POINT ( 'NONE',  ( -1.243648648648647104, -1.875855855855854681, 0.2510000000000000009 ) ) ;
#5492 = EDGE_CURVE ( 'NONE', #6526, #4433, #5548, .T. ) ;
#5493 = ADVANCED_FACE ( 'NONE', ( #1330 ), #6598, .T. ) ;
#5494 = ORIENTED_EDGE ( 'NONE', *, *, #1574, .T. ) ;
#5495 = VECTOR ( 'NONE', #172, 1.000000000000000000 ) ;
#5496 = CARTESIAN_POINT ( 'NONE',  ( 0.2813513513513531961, 0.5241441441441443416, 0.4500000000000000111 ) ) ;
#5497 = AXIS2_PLACEMENT_3D ( 'NONE', #3999, #4738, #5206 ) ;
#5498 = ORIENTED_EDGE ( 'NONE', *, *, #4641, .F. ) ;
#5499 = DIRECTION ( 'NONE',  ( -1.914177628664064607E-16, 1.000000000000000000, -0.000000000000000000 ) ) ;
#5500 = DIRECTION ( 'NONE',  ( 0.000000000000000000, -1.000000000000000000, 0.000000000000000000 ) ) ;
#5501 = DIRECTION ( 'NONE',  ( -1.000000000000000000, -0.000000000000000000, -0.000000000000000000 ) ) ;
#5502 = CARTESIAN_POINT ( 'NONE',  ( 3.667567567567565856, -0.4716216216216201906, 0.1499999999999999944 ) ) ;
#5503 = EDGE_CURVE ( 'NONE', #6877, #925, #1291, .T. ) ;
#5504 = AXIS2_PLACEMENT_3D ( 'NONE', #707, #4188, #1247 ) ;
#5505 = ORIENTED_EDGE ( 'NONE', *, *, #5057, .F. ) ;
#5506 = EDGE_LOOP ( 'NONE', ( #547, #6840, #6601, #7001 ) ) ;
#5507 = LINE ( 'NONE', #1464, #121 ) ;
#5508 = CARTESIAN_POINT ( 'NONE',  ( 3.617567567567566034, -0.8716216216216201573, 0.04899999999999998801 ) ) ;
#5509 = ORIENTED_EDGE ( 'NONE', *, *, #6875, .F. ) ;
#5510 = FACE_OUTER_BOUND ( 'NONE', #4780, .T. ) ;
#5511 = CARTESIAN_POINT ( 'NONE',  ( 1.506351351351352896, -1.025855855855854593, 0.4510000000000000120 ) ) ;
#5512 = FACE_OUTER_BOUND ( 'NONE', #1056, .T. ) ;
#5513 = EDGE_LOOP ( 'NONE', ( #2997, #560, #6058, #7614 ) ) ;
#5514 = FACE_OUTER_BOUND ( 'NONE', #2253, .T. ) ;
#5515 = EDGE_CURVE ( 'NONE', #4396, #1302, #3682, .T. ) ;
#5516 = VERTEX_POINT ( 'NONE', #3141 ) ;
#5517 = ORIENTED_EDGE ( 'NONE', *, *, #6413, .T. ) ;
#5518 = DIRECTION ( 'NONE',  ( 1.586032892321652729E-16, -1.000000000000000000, 0.000000000000000000 ) ) ;
#5519 = AXIS2_PLACEMENT_3D ( 'NONE', #2736, #1071, #3432 ) ;
#5520 = LINE ( 'NONE', #5481, #7387 ) ;
#5521 = FACE_BOUND ( 'NONE', #3123, .T. ) ;
#5522 = CARTESIAN_POINT ( 'NONE',  ( 1.186351351351352834, -1.905855855855854708, 0.2510000000000000009 ) ) ;
#5523 = ORIENTED_EDGE ( 'NONE', *, *, #2408, .F. ) ;
#5524 = ADVANCED_FACE ( 'NONE', ( #4306 ), #7329, .F. ) ;
#5525 = AXIS2_PLACEMENT_3D ( 'NONE', #5056, #1530, #953 ) ;
#5526 = ORIENTED_EDGE ( 'NONE', *, *, #6613, .F. ) ;
#5527 = LINE ( 'NONE', #3192, #4786 ) ;
#5528 = LINE ( 'NONE', #5491, #3477 ) ;
#5529 = AXIS2_PLACEMENT_3D ( 'NONE', #574, #2392, #2931 ) ;
#5530 = ORIENTED_EDGE ( 'NONE', *, *, #3585, .F. ) ;
#5531 = EDGE_CURVE ( 'NONE', #4509, #3642, #2017, .T. ) ;
#5532 = CARTESIAN_POINT ( 'NONE',  ( -0.4779485211280458667, -1.459372486768057531, 0.05100000000000000366 ) ) ;
#5533 = ORIENTED_EDGE ( 'NONE', *, *, #7358, .T. ) ;
#5534 = FACE_OUTER_BOUND ( 'NONE', #6095, .T. ) ;
#5535 = LINE ( 'NONE', #1966, #6334 ) ;
#5536 = FACE_OUTER_BOUND ( 'NONE', #2314, .T. ) ;
#5537 = ORIENTED_EDGE ( 'NONE', *, *, #3058, .T. ) ;
#5538 = ADVANCED_FACE ( 'NONE', ( #93 ), #236, .F. ) ;
#5539 = ORIENTED_EDGE ( 'NONE', *, *, #6077, .F. ) ;
#5540 = FACE_OUTER_BOUND ( 'NONE', #6804, .T. ) ;
#5541 = CARTESIAN_POINT ( 'NONE',  ( 0.000000000000000000, -0.2508558558558557916, 0.4500000000000000111 ) ) ;
#5542 = EDGE_LOOP ( 'NONE', ( #1410, #3052, #2584, #6300 ) ) ;
#5543 = CARTESIAN_POINT ( 'NONE',  ( -0.1824324324324324564, 1.078378378378379576, 0.05000000000000000278 ) ) ;
#5544 = DIRECTION ( 'NONE',  ( 2.166288828536891009E-16, -1.000000000000000000, 0.000000000000000000 ) ) ;
#5545 = DIRECTION ( 'NONE',  ( 1.000000000000000000, 0.000000000000000000, 0.000000000000000000 ) ) ;
#5546 = DIRECTION ( 'NONE',  ( 0.000000000000000000, -0.000000000000000000, -1.000000000000000000 ) ) ;
#5547 = CARTESIAN_POINT ( 'NONE',  ( 0.9964675596898904253, 6.982810963557293249, 3.908348168590301430 ) ) ;
#5548 = LINE ( 'NONE', #6707, #7470 ) ;
#5549 = ORIENTED_EDGE ( 'NONE', *, *, #4039, .F. ) ;
#5550 = ORIENTED_EDGE ( 'NONE', *, *, #6240, .F. ) ;
#5551 = FACE_OUTER_BOUND ( 'NONE', #2435, .T. ) ;
#5552 = CARTESIAN_POINT ( 'NONE',  ( 3.176837698566488122, -4.100459402700869838, 0.1500000000000000222 ) ) ;
#5553 = CARTESIAN_POINT ( 'NONE',  ( -1.667844139922891600, -0.2478776232719740735, 0.05100000000000000366 ) ) ;
#5554 = CARTESIAN_POINT ( 'NONE',  ( 0.7157521729148861311, -0.2422942286748832330, 0.6510000000000003562 ) ) ;
#5555 = LINE ( 'NONE', #3039, #3609 ) ;
#5556 = LINE ( 'NONE', #826, #6487 ) ;
#5557 = AXIS2_PLACEMENT_3D ( 'NONE', #316, #4961, #358 ) ;
#5559 = EDGE_CURVE ( 'NONE', #6732, #2799, #6130, .T. ) ;
#5558 = VERTEX_POINT ( 'NONE', #3649 ) ;
#5560 = DIRECTION ( 'NONE',  ( -0.000000000000000000, -0.000000000000000000, -1.000000000000000000 ) ) ;
#5561 = AXIS2_PLACEMENT_3D ( 'NONE', #4107, #3488, #7017 ) ;
#5562 = ORIENTED_EDGE ( 'NONE', *, *, #3994, .F. ) ;
#5563 = ORIENTED_EDGE ( 'NONE', *, *, #7098, .F. ) ;
#5564 = DIRECTION ( 'NONE',  ( 1.000000000000000000, 0.000000000000000000, 0.000000000000000000 ) ) ;
#5565 = PLANE ( 'NONE',  #648 ) ;
#5566 = VECTOR ( 'NONE', #6389, 1.000000000000000000 ) ;
#5567 = ORIENTED_EDGE ( 'NONE', *, *, #4632, .F. ) ;
#5568 = CARTESIAN_POINT ( 'NONE',  ( -1.668648648648647148, -2.650855855855854593, 0.05100000000000000366 ) ) ;
#5569 = EDGE_LOOP ( 'NONE', ( #6951, #1420, #3721, #1803 ) ) ;
#5570 = FACE_BOUND ( 'NONE', #5924, .T. ) ;
#5571 = VECTOR ( 'NONE', #2936, 1.000000000000000000 ) ;
#5572 = ADVANCED_FACE ( 'NONE', ( #4962 ), #2450, .F. ) ;
#5573 = VECTOR ( 'NONE', #5604, 1.000000000000000000 ) ;
#5574 = CARTESIAN_POINT ( 'NONE',  ( 3.617567567567565590, 1.128378378378379621, 0.05000000000000000278 ) ) ;
#5575 = LINE ( 'NONE', #3507, #5460 ) ;
#5576 = VERTEX_POINT ( 'NONE', #3615 ) ;
#5577 = VECTOR ( 'NONE', #2592, 1.000000000000000000 ) ;
#5578 = ORIENTED_EDGE ( 'NONE', *, *, #5675, .F. ) ;
#5579 = DIRECTION ( 'NONE',  ( -1.000000000000000000, -0.000000000000000000, -0.000000000000000000 ) ) ;
#5580 = CARTESIAN_POINT ( 'NONE',  ( 0.000000000000000000, 0.000000000000000000, 0.1500000000000000222 ) ) ;
#5581 = ORIENTED_EDGE ( 'NONE', *, *, #4752, .T. ) ;
#5582 = LINE ( 'NONE', #6664, #6638 ) ;
#5583 = EDGE_CURVE ( 'NONE', #4267, #1825, #6021, .T. ) ;
#5584 = DIRECTION ( 'NONE',  ( -0.000000000000000000, -0.000000000000000000, -1.000000000000000000 ) ) ;
#5585 = CARTESIAN_POINT ( 'NONE',  ( 0.000000000000000000, 0.000000000000000000, 0.4510000000000000120 ) ) ;
#5586 = VECTOR ( 'NONE', #7203, 1.000000000000000000 ) ;
#5587 = PLANE ( 'NONE',  #1844 ) ;
#5588 = LINE ( 'NONE', #6282, #3745 ) ;
#5589 = EDGE_CURVE ( 'NONE', #2131, #4813, #2524, .T. ) ;
#5590 = ORIENTED_EDGE ( 'NONE', *, *, #1905, .T. ) ;
#5591 = VECTOR ( 'NONE', #1704, 1.000000000000000000 ) ;
#5592 = ORIENTED_EDGE ( 'NONE', *, *, #4664, .F. ) ;
#5593 = CARTESIAN_POINT ( 'NONE',  ( 0.7063513513513531850, 0.9491441441441441640, 0.05000000000000000278 ) ) ;
#5594 = VECTOR ( 'NONE', #2186, 1.000000000000000000 ) ;
#5595 = DIRECTION ( 'NONE',  ( 0.000000000000000000, 1.000000000000000000, 0.000000000000000000 ) ) ;
#5596 = DIRECTION ( 'NONE',  ( -0.000000000000000000, -0.000000000000000000, -1.000000000000000000 ) ) ;
#5597 = VECTOR ( 'NONE', #557, 1.000000000000000000 ) ;
#5598 = CARTESIAN_POINT ( 'NONE',  ( -1.212844139922891529, 0.4941441441441452032, 0.2520000000000000018 ) ) ;
#5599 = LINE ( 'NONE', #3268, #3266 ) ;
#5600 = VECTOR ( 'NONE', #903, 1.000000000000000000 ) ;
#5601 = LINE ( 'NONE', #2067, #2708 ) ;
#5602 = CARTESIAN_POINT ( 'NONE',  ( -2.918382539233228989, -4.100766735799657781, 0.1500000000000000222 ) ) ;
#5603 = VERTEX_POINT ( 'NONE', #4888 ) ;
#5604 = DIRECTION ( 'NONE',  ( -0.000000000000000000, -0.000000000000000000, -1.000000000000000000 ) ) ;
#5605 = ORIENTED_EDGE ( 'NONE', *, *, #3314, .F. ) ;
#5606 = EDGE_LOOP ( 'NONE', ( #5384, #2991, #871, #4456 ) ) ;
#5607 = DIRECTION ( 'NONE',  ( 0.000000000000000000, 0.000000000000000000, -1.000000000000000000 ) ) ;
#5608 = PLANE ( 'NONE',  #2121 ) ;
#5609 = ORIENTED_EDGE ( 'NONE', *, *, #1132, .T. ) ;
#5610 = EDGE_CURVE ( 'NONE', #6494, #835, #3033, .T. ) ;
#5611 = CARTESIAN_POINT ( 'NONE',  ( 1.476351351351352870, -0.7058558558558547524, 0.4500000000000000111 ) ) ;
#5612 = ORIENTED_EDGE ( 'NONE', *, *, #4678, .F. ) ;
#5613 = FACE_OUTER_BOUND ( 'NONE', #20, .T. ) ;
#5614 = DIRECTION ( 'NONE',  ( 1.000000000000000000, -0.000000000000000000, -0.000000000000000000 ) ) ;
#5615 = FACE_OUTER_BOUND ( 'NONE', #7228, .T. ) ;
#5616 = VECTOR ( 'NONE', #4532, 1.000000000000000000 ) ;
#5617 = ORIENTED_EDGE ( 'NONE', *, *, #6759, .T. ) ;
#5618 = ORIENTED_EDGE ( 'NONE', *, *, #4798, .T. ) ;
#5619 = AXIS2_PLACEMENT_3D ( 'NONE', #7457, #4426, #3843 ) ;
#5620 = CARTESIAN_POINT ( 'NONE',  ( -2.432432432432432456, 1.128378378378379621, 0.1499999999999999944 ) ) ;
#5621 = EDGE_CURVE ( 'NONE', #3166, #1985, #5435, .T. ) ;
#5622 = CARTESIAN_POINT ( 'NONE',  ( -0.1824324324324324009, 0.7783783783783795318, 0.05100000000000000366 ) ) ;
#5623 = ORIENTED_EDGE ( 'NONE', *, *, #2781, .T. ) ;
#5624 = PLANE ( 'NONE',  #6142 ) ;
#5625 = DIRECTION ( 'NONE',  ( 0.000000000000000000, -0.000000000000000000, 1.000000000000000000 ) ) ;
#5626 = CARTESIAN_POINT ( 'NONE',  ( -0.06864864864864672622, 0.1741441441441443361, 0.4500000000000000111 ) ) ;
#5627 = CARTESIAN_POINT ( 'NONE',  ( 0.3063513513513529962, -1.875855855855854681, 0.4500000000000000111 ) ) ;
#5628 = AXIS2_PLACEMENT_3D ( 'NONE', #7211, #3646, #6630 ) ;
#5629 = CARTESIAN_POINT ( 'NONE',  ( 0.000000000000000000, 0.000000000000000000, 0.05100000000000000366 ) ) ;
#5630 = ORIENTED_EDGE ( 'NONE', *, *, #1046, .F. ) ;
#5631 = ADVANCED_FACE ( 'NONE', ( #5514 ), #7253, .F. ) ;
#5632 = EDGE_CURVE ( 'NONE', #3329, #3456, #203, .T. ) ;
#5633 = ORIENTED_EDGE ( 'NONE', *, *, #98, .F. ) ;
#5634 = LINE ( 'NONE', #1474, #6303 ) ;
#5635 = LINE ( 'NONE', #3183, #1633 ) ;
#5636 = EDGE_CURVE ( 'NONE', #2148, #2598, #5739, .T. ) ;
#5637 = CARTESIAN_POINT ( 'NONE',  ( 0.7063513513513532960, -0.2508558558558557916, 0.05000000000000000278 ) ) ;
#5638 = CARTESIAN_POINT ( 'NONE',  ( 1.931351351351352941, -2.650855855855854593, 0.05100000000000000366 ) ) ;
#5639 = PLANE ( 'NONE',  #5619 ) ;
#5640 = CARTESIAN_POINT ( 'NONE',  ( -0.9236486486486471525, -0.7058558558558547524, 0.4510000000000000120 ) ) ;
#5641 = SURFACE_SIDE_STYLE ('',( #3270 ) ) ;
#5642 = ORIENTED_EDGE ( 'NONE', *, *, #4014, .T. ) ;
#5643 = DIRECTION ( 'NONE',  ( 0.000000000000000000, 1.000000000000000000, 0.000000000000000000 ) ) ;
#5644 = EDGE_CURVE ( 'NONE', #7561, #2963, #2057, .T. ) ;
#5645 = ORIENTED_EDGE ( 'NONE', *, *, #7132, .T. ) ;
#5646 = VERTEX_POINT ( 'NONE', #1551 ) ;
#5647 = CARTESIAN_POINT ( 'NONE',  ( -0.8936486486486471259, 1.722892555011814375, 0.4500000000000000111 ) ) ;
#5648 = FACE_OUTER_BOUND ( 'NONE', #6072, .T. ) ;
#5649 = AXIS2_PLACEMENT_3D ( 'NONE', #3505, #6959, #5296 ) ;
#5650 = CARTESIAN_POINT ( 'NONE',  ( -0.02364864864864699157, -0.6961949088771521854, 0.6520000000000003570 ) ) ;
#5651 = ORIENTED_EDGE ( 'NONE', *, *, #4843, .T. ) ;
#5652 = DIRECTION ( 'NONE',  ( 1.000000000000000000, 0.000000000000000000, 0.000000000000000000 ) ) ;
#5653 = EDGE_CURVE ( 'NONE', #7189, #7332, #3214, .T. ) ;
#5654 = CARTESIAN_POINT ( 'NONE',  ( -0.4436486486486468372, 0.9491441441441442750, 0.4500000000000000111 ) ) ;
#5655 = LINE ( 'NONE', #5027, #6206 ) ;
#5656 = VECTOR ( 'NONE', #6712, 1.000000000000000000 ) ;
#5657 = VERTEX_POINT ( 'NONE', #5074 ) ;
#5658 = EDGE_LOOP ( 'NONE', ( #1714, #1333, #4806, #83 ) ) ;
#5659 = VECTOR ( 'NONE', #35, 1.000000000000000000 ) ;
#5660 = LINE ( 'NONE', #7478, #4445 ) ;
#5661 = FACE_OUTER_BOUND ( 'NONE', #1144, .T. ) ;
#5662 = ORIENTED_EDGE ( 'NONE', *, *, #1968, .F. ) ;
#5663 = DIRECTION ( 'NONE',  ( -1.192237920446390406E-16, 1.000000000000000000, -0.000000000000000000 ) ) ;
#5664 = DIRECTION ( 'NONE',  ( 0.000000000000000000, 0.000000000000000000, 1.000000000000000000 ) ) ;
#5665 = FACE_OUTER_BOUND ( 'NONE', #7440, .T. ) ;
#5666 = CARTESIAN_POINT ( 'NONE',  ( 1.140752172914886176, 0.5327057713251168725, 0.6520000000000003570 ) ) ;
#5667 = EDGE_CURVE ( 'NONE', #6000, #4396, #7369, .T. ) ;
#5668 = LINE ( 'NONE', #359, #7346 ) ;
#5669 = ORIENTED_EDGE ( 'NONE', *, *, #495, .F. ) ;
#5670 = ORIENTED_EDGE ( 'NONE', *, *, #4861, .F. ) ;
#5671 = DIRECTION ( 'NONE',  ( 1.850371707708594316E-16, -1.000000000000000000, 0.000000000000000000 ) ) ;
#5672 = DIRECTION ( 'NONE',  ( -0.000000000000000000, 0.000000000000000000, 1.000000000000000000 ) ) ;
#5673 = CARTESIAN_POINT ( 'NONE',  ( 1.460752172914886238, 0.5027057713251168458, 0.6510000000000003562 ) ) ;
#5674 = EDGE_CURVE ( 'NONE', #4757, #886, #5040, .T. ) ;
#5675 = EDGE_CURVE ( 'NONE', #7236, #3662, #4419, .T. ) ;
#5676 = CARTESIAN_POINT ( 'NONE',  ( -1.668648648648647148, -1.450855855855854637, 0.05100000000000000366 ) ) ;
#5677 = DIRECTION ( 'NONE',  ( -1.000000000000000000, -1.376309534659284821E-16, 0.000000000000000000 ) ) ;
#5678 = CARTESIAN_POINT ( 'NONE',  ( -0.05364864864864699046, -0.6661949088771521588, 0.6510000000000003562 ) ) ;
#5679 = ORIENTED_EDGE ( 'NONE', *, *, #3203, .F. ) ;
#5680 = ORIENTED_EDGE ( 'NONE', *, *, #7119, .T. ) ;
#5681 = DIRECTION ( 'NONE',  ( -1.000000000000000000, -0.000000000000000000, -0.000000000000000000 ) ) ;
#5682 = EDGE_CURVE ( 'NONE', #7561, #227, #6165, .T. ) ;
#5683 = ORIENTED_EDGE ( 'NONE', *, *, #4914, .T. ) ;
#5684 = DIRECTION ( 'NONE',  ( 0.000000000000000000, 1.000000000000000000, 0.000000000000000000 ) ) ;
#5685 = EDGE_CURVE ( 'NONE', #1451, #3080, #4495, .T. ) ;
#5686 = CARTESIAN_POINT ( 'NONE',  ( 0.2775173507698048825, 1.694144144144144049, 0.2520000000000000018 ) ) ;
#5687 = VECTOR ( 'NONE', #857, 1.000000000000000000 ) ;
#5688 = PLANE ( 'NONE',  #1185 ) ;
#5689 = ORIENTED_EDGE ( 'NONE', *, *, #1252, .T. ) ;
#5690 = LINE ( 'NONE', #3282, #955 ) ;
#5691 = PLANE ( 'NONE',  #7581 ) ;
#5692 = EDGE_LOOP ( 'NONE', ( #3452, #7386, #177, #460 ) ) ;
#5693 = CARTESIAN_POINT ( 'NONE',  ( -0.02364864864864699157, -0.9861949088771519989, 0.6520000000000003570 ) ) ;
#5694 = AXIS2_PLACEMENT_3D ( 'NONE', #5580, #4412, #7323 ) ;
#5695 = VECTOR ( 'NONE', #2955, 1.000000000000000000 ) ;
#5696 = ORIENTED_EDGE ( 'NONE', *, *, #2666, .T. ) ;
#5697 = DIRECTION ( 'NONE',  ( -1.000000000000000000, -0.000000000000000000, -0.000000000000000000 ) ) ;
#5698 = PLANE ( 'NONE',  #5087 ) ;
#5699 = DIRECTION ( 'NONE',  ( 0.000000000000000000, -0.000000000000000000, -1.000000000000000000 ) ) ;
#5700 = CARTESIAN_POINT ( 'NONE',  ( 0.000000000000000000, 0.000000000000000000, 0.2510000000000000009 ) ) ;
#5701 = LINE ( 'NONE', #2094, #51 ) ;
#5702 = ORIENTED_EDGE ( 'NONE', *, *, #3566, .F. ) ;
#5703 = ORIENTED_EDGE ( 'NONE', *, *, #4042, .T. ) ;
#5704 = CARTESIAN_POINT ( 'NONE',  ( -2.432432432432432456, 1.128378378378379621, 0.1499999999999999944 ) ) ;
#5705 = ADVANCED_FACE ( 'NONE', ( #6781, #3832 ), #970, .T. ) ;
#5706 = LINE ( 'NONE', #6787, #2123 ) ;
#5707 = LINE ( 'NONE', #4656, #2311 ) ;
#5708 = ORIENTED_EDGE ( 'NONE', *, *, #3250, .F. ) ;
#5709 = AXIS2_PLACEMENT_3D ( 'NONE', #7520, #3408, #5774 ) ;
#5710 = LINE ( 'NONE', #2647, #916 ) ;
#5711 = DIRECTION ( 'NONE',  ( -0.000000000000000000, -0.000000000000000000, -1.000000000000000000 ) ) ;
#5712 = DIRECTION ( 'NONE',  ( 0.000000000000000000, 1.000000000000000000, 0.000000000000000000 ) ) ;
#5713 = VECTOR ( 'NONE', #6153, 1.000000000000000000 ) ;
#5714 = CARTESIAN_POINT ( 'NONE',  ( -2.918382539233228989, 3.348907565514117834, 0.05000000000000000278 ) ) ;
#5715 = ORIENTED_EDGE ( 'NONE', *, *, #4681, .T. ) ;
#5716 = VECTOR ( 'NONE', #1480, 1.000000000000000000 ) ;
#5717 = ORIENTED_EDGE ( 'NONE', *, *, #665, .F. ) ;
#5718 = FACE_OUTER_BOUND ( 'NONE', #6948, .T. ) ;
#5719 = VECTOR ( 'NONE', #58, 1.000000000000000000 ) ;
#5720 = VECTOR ( 'NONE', #1674, 1.000000000000000000 ) ;
#5721 = ORIENTED_EDGE ( 'NONE', *, *, #7368, .F. ) ;
#5722 = CARTESIAN_POINT ( 'NONE',  ( 1.931351351351352941, 0.000000000000000000, 0.4500000000000000111 ) ) ;
#5723 = CARTESIAN_POINT ( 'NONE',  ( -0.8936486486486471259, -1.875855855855854681, 0.2510000000000000009 ) ) ;
#5724 = EDGE_CURVE ( 'NONE', #5947, #5900, #5588, .T. ) ;
#5725 = ORIENTED_EDGE ( 'NONE', *, *, #3889, .T. ) ;
#5726 = CARTESIAN_POINT ( 'NONE',  ( 0.7313513513513532072, 0.9491441441441444971, 0.05000000000000000278 ) ) ;
#5727 = EDGE_CURVE ( 'NONE', #6609, #1279, #7409, .T. ) ;
#5728 = DIRECTION ( 'NONE',  ( 0.000000000000000000, 1.000000000000000000, 0.000000000000000000 ) ) ;
#5729 = ORIENTED_EDGE ( 'NONE', *, *, #4524, .F. ) ;
#5730 = PLANE ( 'NONE',  #4860 ) ;
#5731 = DIRECTION ( 'NONE',  ( -0.000000000000000000, 0.000000000000000000, -1.000000000000000000 ) ) ;
#5732 = ORIENTED_EDGE ( 'NONE', *, *, #1752, .T. ) ;
#5733 = LINE ( 'NONE', #3406, #1813 ) ;
#5734 = EDGE_CURVE ( 'NONE', #4373, #827, #2636, .T. ) ;
#5735 = VECTOR ( 'NONE', #7522, 1.000000000000000000 ) ;
#5736 = PLANE ( 'NONE',  #5959 ) ;
#5737 = LINE ( 'NONE', #5309, #3841 ) ;
#5738 = PLANE ( 'NONE',  #4394 ) ;
#5739 = LINE ( 'NONE', #2175, #5616 ) ;
#5740 = EDGE_LOOP ( 'NONE', ( #5325, #4829, #4106, #5426 ) ) ;
#5741 = ORIENTED_EDGE ( 'NONE', *, *, #2685, .F. ) ;
#5742 = DIRECTION ( 'NONE',  ( -1.000000000000000000, -0.000000000000000000, -0.000000000000000000 ) ) ;
#5743 = VECTOR ( 'NONE', #4166, 1.000000000000000000 ) ;
#5744 = PLANE ( 'NONE',  #7582 ) ;
#5745 = CARTESIAN_POINT ( 'NONE',  ( 9.163145065364935199E-17, 0.9491441441441442750, 0.05000000000000000278 ) ) ;
#5746 = EDGE_LOOP ( 'NONE', ( #5372, #5488, #1545, #379 ) ) ;
#5747 = ORIENTED_EDGE ( 'NONE', *, *, #6613, .T. ) ;
#5748 = VECTOR ( 'NONE', #1754, 1.000000000000000000 ) ;
#5749 = DIRECTION ( 'NONE',  ( 1.000000000000000000, 0.000000000000000000, 0.000000000000000000 ) ) ;
#5750 = FACE_OUTER_BOUND ( 'NONE', #2195, .T. ) ;
#5751 = CARTESIAN_POINT ( 'NONE',  ( -0.4686486486486471925, 2.149144144144145230, 0.4500000000000000111 ) ) ;
#5752 = EDGE_CURVE ( 'NONE', #5336, #5051, #432, .T. ) ;
#5753 = DIRECTION ( 'NONE',  ( 1.000000000000000000, 0.000000000000000000, 0.000000000000000000 ) ) ;
#5754 = EDGE_CURVE ( 'NONE', #21, #1588, #853, .T. ) ;
#5755 = ORIENTED_EDGE ( 'NONE', *, *, #1527, .F. ) ;
#5756 = EDGE_LOOP ( 'NONE', ( #33, #4053, #7651, #7353 ) ) ;
#5757 = VERTEX_POINT ( 'NONE', #897 ) ;
#5758 = DIRECTION ( 'NONE',  ( -0.000000000000000000, 0.000000000000000000, 1.000000000000000000 ) ) ;
#5759 = ORIENTED_EDGE ( 'NONE', *, *, #6005, .F. ) ;
#5760 = PLANE ( 'NONE',  #3779 ) ;
#5761 = VECTOR ( 'NONE', #6545, 1.000000000000000000 ) ;
#5762 = EDGE_CURVE ( 'NONE', #7123, #3604, #7486, .T. ) ;
#5763 = LINE ( 'NONE', #3896, #6876 ) ;
#5764 = ORIENTED_EDGE ( 'NONE', *, *, #7051, .F. ) ;
#5765 = CARTESIAN_POINT ( 'NONE',  ( -1.243648648648647104, 1.372892555011814508, 0.4500000000000000111 ) ) ;
#5766 = ADVANCED_FACE ( 'NONE', ( #1435 ), #3257, .T. ) ;
#5767 = CARTESIAN_POINT ( 'NONE',  ( -1.618648648648647104, -2.600855855855854770, 0.05100000000000000366 ) ) ;
#5768 = EDGE_CURVE ( 'NONE', #721, #552, #5701, .T. ) ;
#5769 = ORIENTED_EDGE ( 'NONE', *, *, #3820, .T. ) ;
#5770 = DIRECTION ( 'NONE',  ( 1.000000000000000000, -0.000000000000000000, -0.000000000000000000 ) ) ;
#5771 = VECTOR ( 'NONE', #2111, 1.000000000000000000 ) ;
#5772 = CARTESIAN_POINT ( 'NONE',  ( 1.919291799940615606, 0.9427075103593078875, 0.05100000000000000366 ) ) ;
#5773 = CARTESIAN_POINT ( 'NONE',  ( -0.9236486486486471525, -2.195855855855854966, 0.2510000000000000009 ) ) ;
#5774 = DIRECTION ( 'NONE',  ( 3.172065784643303486E-16, -1.000000000000000000, 0.000000000000000000 ) ) ;
#5775 = CARTESIAN_POINT ( 'NONE',  ( 1.186351351351352834, -0.7058558558558547524, 0.4510000000000000120 ) ) ;
#5776 = LINE ( 'NONE', #7013, #174 ) ;
#5777 = EDGE_CURVE ( 'NONE', #4772, #3232, #5668, .T. ) ;
#5778 = AXIS2_PLACEMENT_3D ( 'NONE', #3589, #1846, #1695 ) ;
#5779 = VERTEX_POINT ( 'NONE', #2753 ) ;
#5780 = EDGE_LOOP ( 'NONE', ( #7429, #2597, #7541, #3352 ) ) ;
#5781 = LINE ( 'NONE', #4537, #4933 ) ;
#5782 = CARTESIAN_POINT ( 'NONE',  ( -0.9228441399228916042, 0.4941441441441452032, 0.2520000000000000018 ) ) ;
#5783 = DIRECTION ( 'NONE',  ( -1.850371707708594563E-16, 1.000000000000000000, 0.000000000000000000 ) ) ;
#5784 = ORIENTED_EDGE ( 'NONE', *, *, #1850, .T. ) ;
#5785 = DIRECTION ( 'NONE',  ( 0.000000000000000000, 1.000000000000000000, -0.000000000000000000 ) ) ;
#5786 = DIRECTION ( 'NONE',  ( -1.000000000000000000, -2.220446049250320969E-15, -0.000000000000000000 ) ) ;
#5787 = ORIENTED_EDGE ( 'NONE', *, *, #4302, .F. ) ;
#5788 = DIRECTION ( 'NONE',  ( -1.000000000000000000, -0.000000000000000000, -0.000000000000000000 ) ) ;
#5789 = ORIENTED_EDGE ( 'NONE', *, *, #5583, .T. ) ;
#5790 = VERTEX_POINT ( 'NONE', #6248 ) ;
#5791 = ORIENTED_EDGE ( 'NONE', *, *, #3876, .F. ) ;
#5792 = LINE ( 'NONE', #7539, #1242 ) ;
#5793 = EDGE_CURVE ( 'NONE', #4155, #6659, #1743, .T. ) ;
#5794 = ORIENTED_EDGE ( 'NONE', *, *, #4148, .F. ) ;
#5795 = DIRECTION ( 'NONE',  ( -0.000000000000000000, -1.000000000000000000, -0.000000000000000000 ) ) ;
#5796 = ADVANCED_FACE ( 'NONE', ( #7599 ), #4729, .F. ) ;
#5797 = LINE ( 'NONE', #4988, #5836 ) ;
#5798 = CARTESIAN_POINT ( 'NONE',  ( 1.817567567567564879, 1.078378378378379576, 0.05000000000000000278 ) ) ;
#5799 = ORIENTED_EDGE ( 'NONE', *, *, #3853, .T. ) ;
#5800 = CARTESIAN_POINT ( 'NONE',  ( 1.881351351351352896, 0.9427075103593076655, 0.05100000000000000366 ) ) ;
#5801 = LINE ( 'NONE', #494, #7321 ) ;
#5802 = CARTESIAN_POINT ( 'NONE',  ( -1.243648648648647104, -1.025855855855854593, 0.4510000000000000120 ) ) ;
#5803 = EDGE_CURVE ( 'NONE', #409, #4079, #2978, .T. ) ;
#5804 = LINE ( 'NONE', #4490, #7629 ) ;
#5805 = DIRECTION ( 'NONE',  ( 1.000000000000000000, 0.000000000000000000, 0.000000000000000000 ) ) ;
#5806 = CARTESIAN_POINT ( 'NONE',  ( -1.243648648648647104, -1.025855855855854593, 0.4500000000000000111 ) ) ;
#5807 = LINE ( 'NONE', #2361, #6542 ) ;
#5808 = CARTESIAN_POINT ( 'NONE',  ( 1.156351351351353252, 1.374144144144144652, 0.4510000000000000120 ) ) ;
#5809 = AXIS2_PLACEMENT_3D ( 'NONE', #6084, #3784, #1392 ) ;
#5810 = ORIENTED_EDGE ( 'NONE', *, *, #1724, .T. ) ;
#5811 = ORIENTED_EDGE ( 'NONE', *, *, #2211, .F. ) ;
#5812 = LINE ( 'NONE', #3414, #7293 ) ;
#5813 = CARTESIAN_POINT ( 'NONE',  ( 1.881351351351352674, -2.600855855855854770, 0.05100000000000000366 ) ) ;
#5814 = EDGE_CURVE ( 'NONE', #1720, #2256, #4571, .T. ) ;
#5815 = DIRECTION ( 'NONE',  ( 1.000000000000000000, 0.000000000000000000, 0.000000000000000000 ) ) ;
#5816 = ORIENTED_EDGE ( 'NONE', *, *, #566, .T. ) ;
#5817 = AXIS2_PLACEMENT_3D ( 'NONE', #1854, #1275, #4139 ) ;
#5818 = EDGE_CURVE ( 'NONE', #3554, #3350, #5355, .T. ) ;
#5819 = LINE ( 'NONE', #16, #3891 ) ;
#5820 = EDGE_CURVE ( 'NONE', #1755, #2888, #4649, .T. ) ;
#5821 = CARTESIAN_POINT ( 'NONE',  ( -0.8936486486486472369, -1.025855855855854593, 0.4500000000000000111 ) ) ;
#5822 = VECTOR ( 'NONE', #4977, 1.000000000000000000 ) ;
#5823 = ORIENTED_EDGE ( 'NONE', *, *, #2909, .F. ) ;
#5824 = LINE ( 'NONE', #5901, #5597 ) ;
#5825 = DIRECTION ( 'NONE',  ( 9.570888143320318106E-17, 1.000000000000000000, -0.000000000000000000 ) ) ;
#5826 = ORIENTED_EDGE ( 'NONE', *, *, #1700, .F. ) ;
#5827 = ORIENTED_EDGE ( 'NONE', *, *, #7243, .F. ) ;
#5828 = ORIENTED_EDGE ( 'NONE', *, *, #3868, .F. ) ;
#5829 = FACE_OUTER_BOUND ( 'NONE', #5306, .T. ) ;
#5830 = VECTOR ( 'NONE', #705, 1.000000000000000000 ) ;
#5831 = VECTOR ( 'NONE', #4178, 1.000000000000000000 ) ;
#5832 = ORIENTED_EDGE ( 'NONE', *, *, #5869, .T. ) ;
#5833 = LINE ( 'NONE', #5873, #2431 ) ;
#5834 = EDGE_CURVE ( 'NONE', #3374, #4768, #5776, .T. ) ;
#5835 = CARTESIAN_POINT ( 'NONE',  ( 0.7313513513513529851, -2.650855855855854593, 0.05099999999999998979 ) ) ;
#5836 = VECTOR ( 'NONE', #4443, 1.000000000000000000 ) ;
#5837 = VECTOR ( 'NONE', #3591, 1.000000000000000000 ) ;
#5838 = LINE ( 'NONE', #1573, #806 ) ;
#5839 = ORIENTED_EDGE ( 'NONE', *, *, #2919, .F. ) ;
#5840 = CARTESIAN_POINT ( 'NONE',  ( 1.506351351351352896, -1.875855855855854681, 0.2510000000000000009 ) ) ;
#5841 =( GEOMETRIC_REPRESENTATION_CONTEXT ( 3 ) GLOBAL_UNCERTAINTY_ASSIGNED_CONTEXT ( ( #3323 ) ) GLOBAL_UNIT_ASSIGNED_CONTEXT ( ( #781, #6633, #4776 ) ) REPRESENTATION_CONTEXT ( 'NONE', 'WORKASPACE' ) );
#5842 = CARTESIAN_POINT ( 'NONE',  ( 1.186351351351352834, -0.7058558558558547524, 0.4500000000000000111 ) ) ;
#5843 = ADVANCED_FACE ( 'NONE', ( #2210 ), #4065, .F. ) ;
#5844 = CARTESIAN_POINT ( 'NONE',  ( 3.617567567567565590, 1.128378378378379621, 0.1499999999999999944 ) ) ;
#5845 = FACE_OUTER_BOUND ( 'NONE', #5780, .T. ) ;
#5846 = LINE ( 'NONE', #2896, #5289 ) ;
#5847 = DIRECTION ( 'NONE',  ( -1.000000000000000000, 0.000000000000000000, 0.000000000000000000 ) ) ;
#5848 = DIRECTION ( 'NONE',  ( -0.000000000000000000, -0.000000000000000000, -1.000000000000000000 ) ) ;
#5849 = CARTESIAN_POINT ( 'NONE',  ( -0.8928441399228916886, 0.1741441441441452520, 0.2520000000000000018 ) ) ;
#5850 = DIRECTION ( 'NONE',  ( -0.000000000000000000, -0.000000000000000000, -1.000000000000000000 ) ) ;
#5851 = VECTOR ( 'NONE', #1308, 1.000000000000000000 ) ;
#5852 = ORIENTED_EDGE ( 'NONE', *, *, #4788, .T. ) ;
#5853 = ORIENTED_EDGE ( 'NONE', *, *, #4843, .F. ) ;
#5854 = DIRECTION ( 'NONE',  ( 0.000000000000000000, -1.000000000000000000, 0.000000000000000000 ) ) ;
#5855 = EDGE_CURVE ( 'NONE', #283, #5984, #1162, .T. ) ;
#5856 = DIRECTION ( 'NONE',  ( -1.000000000000000000, 4.724353296277261913E-17, 0.000000000000000000 ) ) ;
#5857 = DIRECTION ( 'NONE',  ( -1.000000000000000000, 0.000000000000000000, 0.000000000000000000 ) ) ;
#5858 = ORIENTED_EDGE ( 'NONE', *, *, #5583, .F. ) ;
#5859 = CARTESIAN_POINT ( 'NONE',  ( -0.4510550733494790299, 0.9478925550118144638, 0.05100000000000000366 ) ) ;
#5860 = CARTESIAN_POINT ( 'NONE',  ( 1.186351351351353278, 1.404144144144144679, 0.4510000000000000120 ) ) ;
#5861 = ORIENTED_EDGE ( 'NONE', *, *, #3675, .F. ) ;
#5862 = DIRECTION ( 'NONE',  ( -0.000000000000000000, -0.000000000000000000, -1.000000000000000000 ) ) ;
#5863 = CARTESIAN_POINT ( 'NONE',  ( 0.7010708180236888687, -0.2619442023300436184, 0.6510000000000003562 ) ) ;
#5864 = ADVANCED_FACE ( 'NONE', ( #1781 ), #1630, .F. ) ;
#5865 = VERTEX_POINT ( 'NONE', #3990 ) ;
#5866 = VECTOR ( 'NONE', #6742, 1.000000000000000000 ) ;
#5867 = ORIENTED_EDGE ( 'NONE', *, *, #881, .F. ) ;
#5868 = EDGE_LOOP ( 'NONE', ( #1097, #3893, #6327, #3684 ) ) ;
#5869 = EDGE_CURVE ( 'NONE', #6506, #4196, #6360, .T. ) ;
#5870 = DIRECTION ( 'NONE',  ( 1.000000000000000000, 1.110223024625160485E-15, 0.000000000000000000 ) ) ;
#5871 = VECTOR ( 'NONE', #3343, 1.000000000000000000 ) ;
#5872 = VERTEX_POINT ( 'NONE', #1050 ) ;
#5873 = CARTESIAN_POINT ( 'NONE',  ( -1.618648648648647104, -2.600855855855854770, 0.05100000000000000366 ) ) ;
#5874 = PLANE ( 'NONE',  #1407 ) ;
#5875 = VECTOR ( 'NONE', #6370, 1.000000000000000000 ) ;
#5876 = EDGE_CURVE ( 'NONE', #5978, #1893, #1118, .T. ) ;
#5877 = CARTESIAN_POINT ( 'NONE',  ( 3.617567567567566034, -0.9216216216216202017, 0.1499999999999999944 ) ) ;
#5878 = ORIENTED_EDGE ( 'NONE', *, *, #1892, .T. ) ;
#5879 = CARTESIAN_POINT ( 'NONE',  ( 1.928964900017874129, -2.649473361566354157, 0.2510000000000000009 ) ) ;
#5880 = CARTESIAN_POINT ( 'NONE',  ( -1.668648648648647148, -2.650855855855854593, 0.05100000000000000366 ) ) ;
#5881 = VECTOR ( 'NONE', #2700, 1.000000000000000000 ) ;
#5882 = PLANE ( 'NONE',  #161 ) ;
#5883 = PRODUCT_RELATED_PRODUCT_CATEGORY ( 'part', '', ( #7458 ) ) ;
#5884 = ORIENTED_EDGE ( 'NONE', *, *, #6569, .T. ) ;
#5885 = LINE ( 'NONE', #580, #5571 ) ;
#5886 = LINE ( 'NONE', #4685, #5591 ) ;
#5887 = FACE_OUTER_BOUND ( 'NONE', #737, .T. ) ;
#5888 = LINE ( 'NONE', #4103, #2574 ) ;
#5889 = EDGE_CURVE ( 'NONE', #2290, #4963, #2363, .T. ) ;
#5890 = CARTESIAN_POINT ( 'NONE',  ( -1.212844139922891529, 0.2041441441441452787, 0.2520000000000000018 ) ) ;
#5891 = ORIENTED_EDGE ( 'NONE', *, *, #2568, .F. ) ;
#5892 = ORIENTED_EDGE ( 'NONE', *, *, #3519, .T. ) ;
#5893 = CARTESIAN_POINT ( 'NONE',  ( 0.2763513513513530806, -2.195855855855854966, 0.4500000000000000111 ) ) ;
#5894 = DIRECTION ( 'NONE',  ( 0.000000000000000000, -1.000000000000000000, 0.000000000000000000 ) ) ;
#5895 = VECTOR ( 'NONE', #4244, 1.000000000000000000 ) ;
#5896 = FACE_OUTER_BOUND ( 'NONE', #6500, .T. ) ;
#5897 = ORIENTED_EDGE ( 'NONE', *, *, #7368, .T. ) ;
#5898 = LINE ( 'NONE', #4697, #5875 ) ;
#5899 = LINE ( 'NONE', #4698, #3513 ) ;
#5900 = VERTEX_POINT ( 'NONE', #3410 ) ;
#5901 = CARTESIAN_POINT ( 'NONE',  ( 0.000000000000000000, 0.9478925550118144638, 0.05100000000000000366 ) ) ;
#5902 = DIRECTION ( 'NONE',  ( -0.000000000000000000, -0.000000000000000000, -1.000000000000000000 ) ) ;
#5903 = AXIS2_PLACEMENT_3D ( 'NONE', #4385, #4460, #3882 ) ;
#5904 = ORIENTED_EDGE ( 'NONE', *, *, #5054, .F. ) ;
#5905 = ORIENTED_EDGE ( 'NONE', *, *, #1878, .F. ) ;
#5906 = ORIENTED_EDGE ( 'NONE', *, *, #1648, .T. ) ;
#5907 = DIRECTION ( 'NONE',  ( -0.000000000000000000, -0.000000000000000000, -1.000000000000000000 ) ) ;
#5908 = EDGE_CURVE ( 'NONE', #947, #2704, #1086, .T. ) ;
#5909 = ADVANCED_FACE ( 'NONE', ( #2940 ), #5275, .F. ) ;
#5910 = VERTEX_POINT ( 'NONE', #5193 ) ;
#5911 = LINE ( 'NONE', #604, #7508 ) ;
#5912 = LINE ( 'NONE', #7073, #6453 ) ;
#5913 = FACE_OUTER_BOUND ( 'NONE', #5035, .T. ) ;
#5914 = ADVANCED_FACE ( 'NONE', ( #7559 ), #1669, .F. ) ;
#5915 = ORIENTED_EDGE ( 'NONE', *, *, #6196, .T. ) ;
#5916 = ADVANCED_FACE ( 'NONE', ( #6 ), #7088, .T. ) ;
#5917 = ORIENTED_EDGE ( 'NONE', *, *, #4557, .F. ) ;
#5918 = DIRECTION ( 'NONE',  ( 0.000000000000000000, -0.000000000000000000, 1.000000000000000000 ) ) ;
#5919 = ADVANCED_FACE ( 'NONE', ( #2403 ), #4764, .F. ) ;
#5920 = CARTESIAN_POINT ( 'NONE',  ( 0.7157521729148861311, 0.9427075103593078875, 0.6510000000000003562 ) ) ;
#5921 = VERTEX_POINT ( 'NONE', #4182 ) ;
#5922 = CARTESIAN_POINT ( 'NONE',  ( 1.490752172914886264, 0.5327057713251167614, 0.6520000000000003570 ) ) ;
#5923 = ADVANCED_FACE ( 'NONE', ( #6546 ), #3602, .F. ) ;
#5924 = EDGE_LOOP ( 'NONE', ( #5390, #1364, #484, #3067 ) ) ;
#5925 = CARTESIAN_POINT ( 'NONE',  ( 0.000000000000000000, 0.000000000000000000, 0.05100000000000000366 ) ) ;
#5926 = VECTOR ( 'NONE', #2209, 1.000000000000000000 ) ;
#5927 = CARTESIAN_POINT ( 'NONE',  ( -0.8936486486486472369, 1.372892555011814508, 0.4510000000000000120 ) ) ;
#5928 = CARTESIAN_POINT ( 'NONE',  ( -1.213648648648647077, -0.7058558558558547524, 0.4500000000000000111 ) ) ;
#5929 = FACE_OUTER_BOUND ( 'NONE', #7653, .T. ) ;
#5930 = DIRECTION ( 'NONE',  ( 0.000000000000000000, 1.000000000000000000, 0.000000000000000000 ) ) ;
#5931 = VECTOR ( 'NONE', #4427, 1.000000000000000000 ) ;
#5932 = VERTEX_POINT ( 'NONE', #2026 ) ;
#5933 = VECTOR ( 'NONE', #2179, 1.000000000000000000 ) ;
#5934 = ORIENTED_EDGE ( 'NONE', *, *, #565, .T. ) ;
#5935 = CARTESIAN_POINT ( 'NONE',  ( 0.000000000000000000, 0.000000000000000000, 0.4510000000000000120 ) ) ;
#5936 = FACE_OUTER_BOUND ( 'NONE', #96, .T. ) ;
#5937 = LINE ( 'NONE', #2411, #6448 ) ;
#5938 = ORIENTED_EDGE ( 'NONE', *, *, #6771, .F. ) ;
#5939 = LINE ( 'NONE', #1942, #6497 ) ;
#5940 = FACE_BOUND ( 'NONE', #220, .T. ) ;
#5941 = VERTEX_POINT ( 'NONE', #3961 ) ;
#5942 = DIRECTION ( 'NONE',  ( -1.000000000000000000, -1.914177628664064607E-16, 0.000000000000000000 ) ) ;
#5943 = CARTESIAN_POINT ( 'NONE',  ( 3.617567567567566034, -0.9216216216216202017, 0.04899999999999998801 ) ) ;
#5944 = EDGE_CURVE ( 'NONE', #3662, #2233, #6332, .T. ) ;
#5945 = EDGE_LOOP ( 'NONE', ( #2020, #7330, #4886, #3517 ) ) ;
#5946 = ORIENTED_EDGE ( 'NONE', *, *, #2319, .T. ) ;
#5947 = VERTEX_POINT ( 'NONE', #7338 ) ;
#5948 = DIRECTION ( 'NONE',  ( -0.000000000000000000, -0.000000000000000000, -1.000000000000000000 ) ) ;
#5949 = PRESENTATION_LAYER_ASSIGNMENT (  '', '', ( #868 ) ) ;
#5950 = VECTOR ( 'NONE', #3037, 1.000000000000000000 ) ;
#5951 = ORIENTED_EDGE ( 'NONE', *, *, #130, .F. ) ;
#5952 = LINE ( 'NONE', #646, #5743 ) ;
#5953 = VECTOR ( 'NONE', #7139, 1.000000000000000000 ) ;
#5954 = CARTESIAN_POINT ( 'NONE',  ( -0.03864864864864676897, 0.4941441441441443150, 0.4510000000000000120 ) ) ;
#5955 = EDGE_LOOP ( 'NONE', ( #6197, #4550, #3014, #2878 ) ) ;
#5956 = DIRECTION ( 'NONE',  ( -1.000000000000000000, 0.000000000000000000, 0.000000000000000000 ) ) ;
#5957 = VECTOR ( 'NONE', #6770, 1.000000000000000000 ) ;
#5958 = DIRECTION ( 'NONE',  ( -1.000000000000000000, -3.703815796601320752E-16, 0.000000000000000000 ) ) ;
#5959 = AXIS2_PLACEMENT_3D ( 'NONE', #2860, #2322, #5847 ) ;
#5960 = EDGE_CURVE ( 'NONE', #409, #7266, #3885, .T. ) ;
#5961 = ORIENTED_EDGE ( 'NONE', *, *, #1784, .F. ) ;
#5962 = EDGE_CURVE ( 'NONE', #2679, #1845, #6218, .T. ) ;
#5963 = AXIS2_PLACEMENT_3D ( 'NONE', #4785, #2495, #682 ) ;
#5964 = CARTESIAN_POINT ( 'NONE',  ( 3.617567567567566034, -0.8716216216216201573, 0.05000000000000000278 ) ) ;
#5965 = VECTOR ( 'NONE', #6762, 1.000000000000000000 ) ;
#5966 = ORIENTED_EDGE ( 'NONE', *, *, #1863, .T. ) ;
#5967 = CARTESIAN_POINT ( 'NONE',  ( -1.243648648648647104, -2.225855855855854770, 0.2510000000000000009 ) ) ;
#5968 = AXIS2_PLACEMENT_3D ( 'NONE', #3797, #6169, #5160 ) ;
#5969 = DIRECTION ( 'NONE',  ( -0.000000000000000000, 0.000000000000000000, -1.000000000000000000 ) ) ;
#5970 = PLANE ( 'NONE',  #4594 ) ;
#5971 = DIRECTION ( 'NONE',  ( -0.000000000000000000, -0.000000000000000000, -1.000000000000000000 ) ) ;
#5972 = CARTESIAN_POINT ( 'NONE',  ( -1.638653815138664038, 2.149178435024714506, 0.05100000000000000366 ) ) ;
#5973 = ORIENTED_EDGE ( 'NONE', *, *, #495, .T. ) ;
#5974 = ORIENTED_EDGE ( 'NONE', *, *, #2894, .F. ) ;
#5975 = CARTESIAN_POINT ( 'NONE',  ( -1.212844139922891529, 0.4941441441441452032, 0.2520000000000000018 ) ) ;
#5976 = ADVANCED_FACE ( 'NONE', ( #5750 ), #6290, .T. ) ;
#5977 = DIRECTION ( 'NONE',  ( -2.220446049250313081E-16, 1.000000000000000000, 0.000000000000000000 ) ) ;
#5978 = VERTEX_POINT ( 'NONE', #6790 ) ;
#5979 = LINE ( 'NONE', #1867, #1535 ) ;
#5980 = DIRECTION ( 'NONE',  ( 1.850371707708593823E-16, -1.000000000000000000, 0.000000000000000000 ) ) ;
#5981 = LINE ( 'NONE', #2862, #608 ) ;
#5982 = CARTESIAN_POINT ( 'NONE',  ( 1.460752172914886238, 0.5027057713251168458, 0.6520000000000003570 ) ) ;
#5983 = ORIENTED_EDGE ( 'NONE', *, *, #3261, .F. ) ;
#5984 = VERTEX_POINT ( 'NONE', #5010 ) ;
#5985 = EDGE_LOOP ( 'NONE', ( #2570, #3397, #4045, #1783 ) ) ;
#5986 = CARTESIAN_POINT ( 'NONE',  ( -0.4686486486486469705, 0.000000000000000000, 0.05100000000000000366 ) ) ;
#5987 = ADVANCED_FACE ( 'NONE', ( #443 ), #5639, .F. ) ;
#5988 = LINE ( 'NONE', #1370, #30 ) ;
#5989 = EDGE_CURVE ( 'NONE', #6414, #4079, #906, .T. ) ;
#5990 = MECHANICAL_DESIGN_GEOMETRIC_PRESENTATION_REPRESENTATION (  '', ( #1655 ), #1901 ) ;
#5991 = LINE ( 'NONE', #7113, #421 ) ;
#5992 = VECTOR ( 'NONE', #2763, 1.000000000000000000 ) ;
#5993 = CARTESIAN_POINT ( 'NONE',  ( -0.01248264923019517733, 1.694144144144144049, 0.2520000000000000018 ) ) ;
#5994 = VECTOR ( 'NONE', #3075, 1.000000000000000000 ) ;
#5995 = ORIENTED_EDGE ( 'NONE', *, *, #961, .F. ) ;
#5996 = DIRECTION ( 'NONE',  ( 1.000000000000000000, 1.850371707708594070E-16, -0.000000000000000000 ) ) ;
#5997 = EDGE_CURVE ( 'NONE', #811, #4035, #4388, .T. ) ;
#5998 = VECTOR ( 'NONE', #4336, 1.000000000000000000 ) ;
#5999 = CARTESIAN_POINT ( 'NONE',  ( -2.918382539233228989, -4.100766735799657781, 0.1500000000000000222 ) ) ;
#6000 = VERTEX_POINT ( 'NONE', #6833 ) ;
#6001 = DIRECTION ( 'NONE',  ( -0.000000000000000000, 1.000000000000000000, -0.000000000000000000 ) ) ;
#6002 = ADVANCED_FACE ( 'NONE', ( #6871 ), #1023, .T. ) ;
#6003 = VERTEX_POINT ( 'NONE', #981 ) ;
#6004 = DIRECTION ( 'NONE',  ( 1.000000000000000000, 0.000000000000000000, 0.000000000000000000 ) ) ;
#6005 = EDGE_CURVE ( 'NONE', #7145, #4913, #1598, .T. ) ;
#6006 = CARTESIAN_POINT ( 'NONE',  ( 1.186351351351353278, 1.404144144144144679, 0.4500000000000000111 ) ) ;
#6007 = DIRECTION ( 'NONE',  ( 1.000000000000000000, 0.000000000000000000, 0.000000000000000000 ) ) ;
#6008 = CARTESIAN_POINT ( 'NONE',  ( -0.06864864864864676786, 0.5241441441441443416, 0.4510000000000000120 ) ) ;
#6009 = EDGE_CURVE ( 'NONE', #1503, #53, #2066, .T. ) ;
#6010 = ORIENTED_EDGE ( 'NONE', *, *, #3903, .F. ) ;
#6011 = ORIENTED_EDGE ( 'NONE', *, *, #2502, .F. ) ;
#6012 = CARTESIAN_POINT ( 'NONE',  ( 1.490752172914886264, 0.5327057713251167614, 0.6520000000000003570 ) ) ;
#6013 = EDGE_CURVE ( 'NONE', #2738, #4432, #5129, .T. ) ;
#6014 = DIRECTION ( 'NONE',  ( -0.000000000000000000, 1.000000000000000000, -0.000000000000000000 ) ) ;
#6015 = EDGE_LOOP ( 'NONE', ( #525, #1027, #5537, #6155 ) ) ;
#6016 = ADVANCED_FACE ( 'NONE', ( #5085 ), #7497, .T. ) ;
#6017 = CARTESIAN_POINT ( 'NONE',  ( -0.06864864864864676786, 0.5241441441441443416, 0.4500000000000000111 ) ) ;
#6018 = DIRECTION ( 'NONE',  ( 0.000000000000000000, -0.000000000000000000, -1.000000000000000000 ) ) ;
#6019 = CARTESIAN_POINT ( 'NONE',  ( -0.4632964566313568788, -0.2619442023300436184, 0.6510000000000003562 ) ) ;
#6020 = DIRECTION ( 'NONE',  ( 0.000000000000000000, 0.000000000000000000, 1.000000000000000000 ) ) ;
#6021 = LINE ( 'NONE', #163, #6107 ) ;
#6022 = ORIENTED_EDGE ( 'NONE', *, *, #3285, .F. ) ;
#6023 = ORIENTED_EDGE ( 'NONE', *, *, #6716, .F. ) ;
#6024 = EDGE_LOOP ( 'NONE', ( #4402, #4235, #6525, #1812 ) ) ;
#6025 = VECTOR ( 'NONE', #4374, 1.000000000000000000 ) ;
#6026 = LINE ( 'NONE', #4310, #2354 ) ;
#6027 = VECTOR ( 'NONE', #5400, 1.000000000000000000 ) ;
#6028 = DIRECTION ( 'NONE',  ( 1.000000000000000000, 0.000000000000000000, 0.000000000000000000 ) ) ;
#6029 = AXIS2_PLACEMENT_3D ( 'NONE', #6403, #1092, #6868 ) ;
#6030 = DIRECTION ( 'NONE',  ( 0.000000000000000000, 1.000000000000000000, -0.000000000000000000 ) ) ;
#6031 = EDGE_CURVE ( 'NONE', #5246, #6767, #4546, .T. ) ;
#6032 = VECTOR ( 'NONE', #5222, 1.000000000000000000 ) ;
#6033 = DIRECTION ( 'NONE',  ( 1.000000000000000000, 0.000000000000000000, -0.000000000000000000 ) ) ;
#6034 = VERTEX_POINT ( 'NONE', #1522 ) ;
#6035 = CARTESIAN_POINT ( 'NONE',  ( 0.2775173507698048825, 1.694144144144144049, 0.2510000000000000009 ) ) ;
#6036 = DIRECTION ( 'NONE',  ( -1.000000000000000000, 0.000000000000000000, -0.000000000000000000 ) ) ;
#6037 = EDGE_LOOP ( 'NONE', ( #3793, #5683, #1979, #6120, #3722 ) ) ;
#6038 = EDGE_CURVE ( 'NONE', #4009, #1925, #5599, .T. ) ;
#6039 = CARTESIAN_POINT ( 'NONE',  ( -0.4686486486486468039, -8.671742003153214163E-17, 0.05000000000000000278 ) ) ;
#6040 = ORIENTED_EDGE ( 'NONE', *, *, #4302, .T. ) ;
#6041 = DIRECTION ( 'NONE',  ( 0.000000000000000000, 1.000000000000000000, -0.000000000000000000 ) ) ;
#6042 = CARTESIAN_POINT ( 'NONE',  ( -2.918648648648647370, 3.349144144144144963, 0.05000000000000000278 ) ) ;
#6043 = DIRECTION ( 'NONE',  ( 1.000000000000000000, 0.000000000000000000, 0.000000000000000000 ) ) ;
#6044 = CARTESIAN_POINT ( 'NONE',  ( 1.490752172914886264, 0.1827057713251167559, 0.6520000000000003570 ) ) ;
#6045 = ORIENTED_EDGE ( 'NONE', *, *, #1574, .F. ) ;
#6046 = ORIENTED_EDGE ( 'NONE', *, *, #6438, .T. ) ;
#6047 = DIRECTION ( 'NONE',  ( 0.000000000000000000, -1.000000000000000000, 0.000000000000000000 ) ) ;
#6048 = DIRECTION ( 'NONE',  ( -0.000000000000000000, 1.000000000000000000, -0.000000000000000000 ) ) ;
#6049 = VERTEX_POINT ( 'NONE', #325 ) ;
#6050 = DIRECTION ( 'NONE',  ( -0.000000000000000000, 0.000000000000000000, 1.000000000000000000 ) ) ;
#6051 = DIRECTION ( 'NONE',  ( 1.850371707708593823E-16, -1.000000000000000000, 0.000000000000000000 ) ) ;
#6052 = CARTESIAN_POINT ( 'NONE',  ( 0.7313513513513532072, 0.000000000000000000, 0.4500000000000000111 ) ) ;
#6053 = ORIENTED_EDGE ( 'NONE', *, *, #2737, .F. ) ;
#6054 = VECTOR ( 'NONE', #3226, 1.000000000000000000 ) ;
#6055 = DIRECTION ( 'NONE',  ( 1.000000000000000000, 0.000000000000000000, -0.000000000000000000 ) ) ;
#6056 = ORIENTED_EDGE ( 'NONE', *, *, #6063, .T. ) ;
#6057 = ORIENTED_EDGE ( 'NONE', *, *, #3395, .F. ) ;
#6058 = ORIENTED_EDGE ( 'NONE', *, *, #4281, .T. ) ;
#6059 = ADVANCED_FACE ( 'NONE', ( #2689 ), #2102, .T. ) ;
#6060 = CARTESIAN_POINT ( 'NONE',  ( 0.7313513513513532072, 2.149144144144145230, 0.4500000000000000111 ) ) ;
#6061 = EDGE_CURVE ( 'NONE', #2706, #5264, #1716, .T. ) ;
#6062 = EDGE_CURVE ( 'NONE', #3275, #5978, #555, .T. ) ;
#6063 = EDGE_CURVE ( 'NONE', #4665, #7448, #7533, .T. ) ;
#6064 = CARTESIAN_POINT ( 'NONE',  ( 1.186351351351352834, -2.195855855855854966, 0.2520000000000000018 ) ) ;
#6065 = DIRECTION ( 'NONE',  ( -0.000000000000000000, -0.000000000000000000, -1.000000000000000000 ) ) ;
#6066 = AXIS2_PLACEMENT_3D ( 'NONE', #2842, #2383, #562 ) ;
#6067 = ORIENTED_EDGE ( 'NONE', *, *, #1557, .T. ) ;
#6068 = EDGE_CURVE ( 'NONE', #2004, #7136, #5322, .T. ) ;
#6069 = ORIENTED_EDGE ( 'NONE', *, *, #6150, .T. ) ;
#6070 = DIRECTION ( 'NONE',  ( 9.251858538542971581E-17, -1.000000000000000000, 0.000000000000000000 ) ) ;
#6071 = FACE_OUTER_BOUND ( 'NONE', #2430, .T. ) ;
#6072 = EDGE_LOOP ( 'NONE', ( #2295, #252, #6874, #875 ) ) ;
#6073 = LINE ( 'NONE', #7394, #2538 ) ;
#6074 = VECTOR ( 'NONE', #7366, 1.000000000000000000 ) ;
#6075 = VERTEX_POINT ( 'NONE', #5860 ) ;
#6076 = DIRECTION ( 'NONE',  ( -0.000000000000000000, -0.000000000000000000, -1.000000000000000000 ) ) ;
#6077 = EDGE_CURVE ( 'NONE', #1680, #3890, #1679, .T. ) ;
#6078 = VECTOR ( 'NONE', #4404, 1.000000000000000000 ) ;
#6079 = CARTESIAN_POINT ( 'NONE',  ( -1.668648648648647148, 2.149144144144145230, 0.4500000000000000111 ) ) ;
#6080 = CARTESIAN_POINT ( 'NONE',  ( -2.918648648648647370, 3.349144144144144963, 0.05000000000000000278 ) ) ;
#6081 = CARTESIAN_POINT ( 'NONE',  ( 3.176837698566487234, 3.348351809431109327, 0.1500000000000000222 ) ) ;
#6082 = ORIENTED_EDGE ( 'NONE', *, *, #830, .T. ) ;
#6083 = VERTEX_POINT ( 'NONE', #2873 ) ;
#6084 = CARTESIAN_POINT ( 'NONE',  ( -0.03864864864864676897, 0.2041441441441443350, 0.4510000000000000120 ) ) ;
#6085 = VECTOR ( 'NONE', #6386, 1.000000000000000000 ) ;
#6086 = VECTOR ( 'NONE', #6286, 1.000000000000000000 ) ;
#6087 = CARTESIAN_POINT ( 'NONE',  ( 3.176837698566487234, 3.348351809431109327, 0.05000000000000000278 ) ) ;
#6088 = ORIENTED_EDGE ( 'NONE', *, *, #4515, .F. ) ;
#6089 = CARTESIAN_POINT ( 'NONE',  ( 0.7313513513513532072, 0.000000000000000000, 0.4500000000000000111 ) ) ;
#6090 = LINE ( 'NONE', #3679, #2159 ) ;
#6091 = FACE_OUTER_BOUND ( 'NONE', #5356, .T. ) ;
#6092 = EDGE_LOOP ( 'NONE', ( #2696, #5337, #2555, #1182 ) ) ;
#6093 = DIRECTION ( 'NONE',  ( 1.000000000000000000, 0.000000000000000000, 0.000000000000000000 ) ) ;
#6094 = DIRECTION ( 'NONE',  ( 2.166288828536891256E-16, -1.000000000000000000, 0.000000000000000000 ) ) ;
#6096 = EDGE_CURVE ( 'NONE', #699, #4614, #3493, .T. ) ;
#6095 = EDGE_LOOP ( 'NONE', ( #3494, #3298, #5145, #7523 ) ) ;
#6097 = VERTEX_POINT ( 'NONE', #5821 ) ;
#6098 = EDGE_LOOP ( 'NONE', ( #1775, #6404, #3983, #1644, #6441, #5938 ) ) ;
#6099 = FACE_OUTER_BOUND ( 'NONE', #2228, .T. ) ;
#6100 = LINE ( 'NONE', #1519, #3049 ) ;
#6101 = CARTESIAN_POINT ( 'NONE',  ( -2.868382539233230055, 3.348907565514117834, 0.1500000000000000222 ) ) ;
#6102 = FACE_OUTER_BOUND ( 'NONE', #4200, .T. ) ;
#6103 = EDGE_CURVE ( 'NONE', #5437, #479, #5899, .T. ) ;
#6104 = AXIS2_PLACEMENT_3D ( 'NONE', #3664, #4795, #1814 ) ;
#6105 = VERTEX_POINT ( 'NONE', #4074 ) ;
#6106 = EDGE_LOOP ( 'NONE', ( #151, #331, #1866, #5892 ) ) ;
#6107 = VECTOR ( 'NONE', #7215, 1.000000000000000000 ) ;
#6108 = LINE ( 'NONE', #216, #4165 ) ;
#6109 = EDGE_CURVE ( 'NONE', #6590, #827, #3571, .T. ) ;
#6110 = CARTESIAN_POINT ( 'NONE',  ( 0.7157521729148861311, 0.9427075103593078875, 0.05100000000000000366 ) ) ;
#6111 = ORIENTED_EDGE ( 'NONE', *, *, #318, .F. ) ;
#6112 = PRESENTATION_LAYER_ASSIGNMENT (  '', '', ( #4500 ) ) ;
#6113 = CARTESIAN_POINT ( 'NONE',  ( -1.618648648648647104, -2.600855855855854770, 0.05100000000000000366 ) ) ;
#6114 = VECTOR ( 'NONE', #7050, 1.000000000000000000 ) ;
#6115 = VERTEX_POINT ( 'NONE', #4659 ) ;
#6116 = CARTESIAN_POINT ( 'NONE',  ( -1.243648648648647104, -0.6758558558558547258, 0.4510000000000000120 ) ) ;
#6117 = FACE_OUTER_BOUND ( 'NONE', #1594, .T. ) ;
#6118 = LINE ( 'NONE', #2045, #2493 ) ;
#6119 = ORIENTED_EDGE ( 'NONE', *, *, #2410, .F. ) ;
#6120 = ORIENTED_EDGE ( 'NONE', *, *, #5425, .F. ) ;
#6121 = CARTESIAN_POINT ( 'NONE',  ( 0.7290204228011620824, 2.148025372459793303, 0.2510000000000000009 ) ) ;
#6122 = FACE_OUTER_BOUND ( 'NONE', #7197, .T. ) ;
#6123 = VERTEX_POINT ( 'NONE', #6986 ) ;
#6124 = DIRECTION ( 'NONE',  ( 0.000000000000000000, 1.000000000000000000, 0.000000000000000000 ) ) ;
#6125 = EDGE_CURVE ( 'NONE', #2626, #6701, #2223, .T. ) ;
#6126 = DIRECTION ( 'NONE',  ( -0.000000000000000000, -0.000000000000000000, -1.000000000000000000 ) ) ;
#6127 = CARTESIAN_POINT ( 'NONE',  ( -0.04248264923019513806, 1.374144144144144208, 0.2520000000000000018 ) ) ;
#6128 = CARTESIAN_POINT ( 'NONE',  ( 1.928964900017874129, -2.649473361566354157, 0.05100000000000000366 ) ) ;
#6129 = SHAPE_REPRESENTATION_RELATIONSHIP ( 'NONE' , 'NONE' ,  #4335, #1684 ) ;
#6130 = LINE ( 'NONE', #744, #4491 ) ;
#6131 = VECTOR ( 'NONE', #731, 1.000000000000000000 ) ;
#6132 = VERTEX_POINT ( 'NONE', #6440 ) ;
#6133 = ORIENTED_EDGE ( 'NONE', *, *, #4681, .F. ) ;
#6134 = DIRECTION ( 'NONE',  ( 1.000000000000000000, 0.000000000000000000, -0.000000000000000000 ) ) ;
#6135 = CARTESIAN_POINT ( 'NONE',  ( -0.4510550733494790299, 0.9478925550118144638, 0.2510000000000000009 ) ) ;
#6136 = DIRECTION ( 'NONE',  ( 1.000000000000000000, 1.256179068810792237E-16, -0.000000000000000000 ) ) ;
#6137 = DIRECTION ( 'NONE',  ( -0.000000000000000000, -0.000000000000000000, -1.000000000000000000 ) ) ;
#6138 = ORIENTED_EDGE ( 'NONE', *, *, #5213, .T. ) ;
#6139 = LINE ( 'NONE', #949, #377 ) ;
#6140 = ADVANCED_FACE ( 'NONE', ( #4116, #5940 ), #6481, .F. ) ;
#6141 = ORIENTED_EDGE ( 'NONE', *, *, #4707, .F. ) ;
#6142 = AXIS2_PLACEMENT_3D ( 'NONE', #849, #4300, #5471 ) ;
#6143 = ORIENTED_EDGE ( 'NONE', *, *, #523, .F. ) ;
#6144 = DIRECTION ( 'NONE',  ( -0.000000000000000000, -0.000000000000000000, -1.000000000000000000 ) ) ;
#6145 = CARTESIAN_POINT ( 'NONE',  ( -2.382432432432432190, 0.07837837837837957622, 0.05000000000000000278 ) ) ;
#6146 = VECTOR ( 'NONE', #5338, 1.000000000000000000 ) ;
#6147 = ORIENTED_EDGE ( 'NONE', *, *, #1643, .T. ) ;
#6148 = ADVANCED_FACE ( 'NONE', ( #4622 ), #5245, .F. ) ;
#6149 = DIRECTION ( 'NONE',  ( 1.000000000000000000, 0.000000000000000000, -0.000000000000000000 ) ) ;
#6150 = EDGE_CURVE ( 'NONE', #7104, #4072, #3455, .T. ) ;
#6151 = ORIENTED_EDGE ( 'NONE', *, *, #1106, .F. ) ;
#6152 = LINE ( 'NONE', #109, #824 ) ;
#6153 = DIRECTION ( 'NONE',  ( 1.000000000000000000, -0.000000000000000000, -0.000000000000000000 ) ) ;
#6154 = LINE ( 'NONE', #841, #3603 ) ;
#6155 = ORIENTED_EDGE ( 'NONE', *, *, #5177, .T. ) ;
#6156 = ADVANCED_FACE ( 'NONE', ( #3532 ), #2948, .T. ) ;
#6157 = EDGE_LOOP ( 'NONE', ( #6056, #1052, #1955, #3287 ) ) ;
#6158 = LINE ( 'NONE', #351, #4821 ) ;
#6159 = CARTESIAN_POINT ( 'NONE',  ( 0.7324691333359016898, -1.452608405685351434, 0.2510000000000000009 ) ) ;
#6160 = ORIENTED_EDGE ( 'NONE', *, *, #6538, .F. ) ;
#6161 = CARTESIAN_POINT ( 'NONE',  ( -0.4674826492301951686, 2.148025372459793303, 0.2510000000000000009 ) ) ;
#6162 = FACE_OUTER_BOUND ( 'NONE', #6844, .T. ) ;
#6163 = LINE ( 'NONE', #1469, #6074 ) ;
#6164 = DIRECTION ( 'NONE',  ( -0.000000000000000000, -0.000000000000000000, -1.000000000000000000 ) ) ;
#6165 = LINE ( 'NONE', #2136, #7595 ) ;
#6166 = ORIENTED_EDGE ( 'NONE', *, *, #3041, .T. ) ;
#6167 = ORIENTED_EDGE ( 'NONE', *, *, #154, .F. ) ;
#6168 = DIRECTION ( 'NONE',  ( -0.000000000000000000, 0.000000000000000000, -1.000000000000000000 ) ) ;
#6169 = DIRECTION ( 'NONE',  ( 0.000000000000000000, -1.000000000000000000, 0.000000000000000000 ) ) ;
#6170 = DIRECTION ( 'NONE',  ( 0.000000000000000000, 1.000000000000000000, -0.000000000000000000 ) ) ;
#6171 = CARTESIAN_POINT ( 'NONE',  ( -1.243648648648647104, -0.6758558558558547258, 0.4510000000000000120 ) ) ;
#6172 = DIRECTION ( 'NONE',  ( 1.000000000000000000, 0.000000000000000000, 0.000000000000000000 ) ) ;
#6173 = LINE ( 'NONE', #863, #6054 ) ;
#6174 = EDGE_CURVE ( 'NONE', #3812, #7341, #1059, .T. ) ;
#6175 = CARTESIAN_POINT ( 'NONE',  ( -0.03864864864864676897, 0.4941441441441443150, 0.4510000000000000120 ) ) ;
#6176 = VECTOR ( 'NONE', #3790, 1.000000000000000000 ) ;
#6177 = ORIENTED_EDGE ( 'NONE', *, *, #381, .F. ) ;
#6178 = SHAPE_REPRESENTATION ( 'martial plus forest zones', ( #4712, #2129, #1143 ), #5841 ) ;
#6179 = DIRECTION ( 'NONE',  ( -0.000000000000000000, -0.000000000000000000, -1.000000000000000000 ) ) ;
#6180 = VERTEX_POINT ( 'NONE', #6521 ) ;
#6181 = ORIENTED_EDGE ( 'NONE', *, *, #184, .F. ) ;
#6182 = PLANE ( 'NONE',  #206 ) ;
#6183 = LINE ( 'NONE', #4902, #2494 ) ;
#6184 = VECTOR ( 'NONE', #4331, 1.000000000000000000 ) ;
#6185 = ORIENTED_EDGE ( 'NONE', *, *, #1796, .F. ) ;
#6186 = EDGE_CURVE ( 'NONE', #5167, #2219, #3419, .T. ) ;
#6187 = CARTESIAN_POINT ( 'NONE',  ( -0.4674826492301951686, 0.9497722133673791589, 0.2510000000000000009 ) ) ;
#6188 = ORIENTED_EDGE ( 'NONE', *, *, #5908, .F. ) ;
#6189 = CARTESIAN_POINT ( 'NONE',  ( 0.7313513513513529851, 0.000000000000000000, 0.05000000000000000278 ) ) ;
#6190 = AXIS2_PLACEMENT_3D ( 'NONE', #6661, #1354, #2554 ) ;
#6191 = VECTOR ( 'NONE', #1142, 1.000000000000000000 ) ;
#6192 = CARTESIAN_POINT ( 'NONE',  ( 1.881351351351352674, -2.600855855855854770, 0.05100000000000000366 ) ) ;
#6193 = EDGE_CURVE ( 'NONE', #2059, #5900, #1640, .T. ) ;
#6194 = DIRECTION ( 'NONE',  ( 0.000000000000000000, -1.000000000000000000, 0.000000000000000000 ) ) ;
#6195 = EDGE_CURVE ( 'NONE', #3867, #1351, #4505, .T. ) ;
#6196 = EDGE_CURVE ( 'NONE', #1140, #3588, #3342, .T. ) ;
#6197 = ORIENTED_EDGE ( 'NONE', *, *, #3285, .T. ) ;
#6198 = VECTOR ( 'NONE', #2789, 1.000000000000000000 ) ;
#6199 = ORIENTED_EDGE ( 'NONE', *, *, #4161, .F. ) ;
#6200 = CARTESIAN_POINT ( 'NONE',  ( 1.506351351351352896, -1.875855855855854681, 0.2520000000000000018 ) ) ;
#6201 = DIRECTION ( 'NONE',  ( 1.000000000000000000, 0.000000000000000000, 0.000000000000000000 ) ) ;
#6202 = ORIENTED_EDGE ( 'NONE', *, *, #2749, .F. ) ;
#6203 = CARTESIAN_POINT ( 'NONE',  ( -0.4686486486486471925, 2.149144144144145230, 0.05099999999999998979 ) ) ;
#6204 = DIRECTION ( 'NONE',  ( 1.000000000000000000, 0.000000000000000000, 0.000000000000000000 ) ) ;
#6205 = CARTESIAN_POINT ( 'NONE',  ( -1.213648648648647077, -1.905855855855854708, 0.2510000000000000009 ) ) ;
#6206 = VECTOR ( 'NONE', #307, 1.000000000000000000 ) ;
#6207 = FACE_OUTER_BOUND ( 'NONE', #3926, .T. ) ;
#6208 = CARTESIAN_POINT ( 'NONE',  ( -0.02364864864864699157, -0.6961949088771521854, 0.6520000000000003570 ) ) ;
#6209 = EDGE_CURVE ( 'NONE', #1845, #7120, #7496, .T. ) ;
#6210 = VERTEX_POINT ( 'NONE', #2101 ) ;
#6211 = VECTOR ( 'NONE', #4529, 1.000000000000000000 ) ;
#6212 = VERTEX_POINT ( 'NONE', #2723 ) ;
#6213 = CARTESIAN_POINT ( 'NONE',  ( 1.928964900017874129, -2.649473361566354157, 0.05100000000000000366 ) ) ;
#6214 = DIRECTION ( 'NONE',  ( -2.166288828536891009E-16, 1.000000000000000000, -0.000000000000000000 ) ) ;
#6215 = CARTESIAN_POINT ( 'NONE',  ( 0.7324691333359016898, -1.452608405685351434, 0.2510000000000000009 ) ) ;
#6216 = VECTOR ( 'NONE', #5415, 1.000000000000000000 ) ;
#6217 = PLANE ( 'NONE',  #4013 ) ;
#6218 = LINE ( 'NONE', #1479, #5380 ) ;
#6219 = LINE ( 'NONE', #1445, #1345 ) ;
#6220 = FACE_OUTER_BOUND ( 'NONE', #2107, .T. ) ;
#6221 = VERTEX_POINT ( 'NONE', #366 ) ;
#6222 = DIRECTION ( 'NONE',  ( -0.000000000000000000, -1.000000000000000000, -0.000000000000000000 ) ) ;
#6223 = EDGE_CURVE ( 'NONE', #2012, #2344, #5710, .T. ) ;
#6224 = VERTEX_POINT ( 'NONE', #6289 ) ;
#6225 = ORIENTED_EDGE ( 'NONE', *, *, #1724, .F. ) ;
#6226 = CARTESIAN_POINT ( 'NONE',  ( -2.382432432432432634, 0.07837837837837957622, 0.05100000000000000366 ) ) ;
#6227 = LINE ( 'NONE', #3193, #1632 ) ;
#6228 = DIRECTION ( 'NONE',  ( 0.000000000000000000, 0.000000000000000000, 1.000000000000000000 ) ) ;
#6229 = EDGE_CURVE ( 'NONE', #6368, #115, #289, .T. ) ;
#6230 = ORIENTED_EDGE ( 'NONE', *, *, #7193, .F. ) ;
#6231 = DIRECTION ( 'NONE',  ( 1.000000000000000000, 0.000000000000000000, 0.000000000000000000 ) ) ;
#6232 = DIRECTION ( 'NONE',  ( 1.000000000000000000, 0.000000000000000000, 0.000000000000000000 ) ) ;
#6233 = DIRECTION ( 'NONE',  ( 4.724353296277261913E-17, 1.000000000000000000, 0.000000000000000000 ) ) ;
#6234 = AXIS2_PLACEMENT_3D ( 'NONE', #6988, #4777, #1833 ) ;
#6235 = ORIENTED_EDGE ( 'NONE', *, *, #6993, .F. ) ;
#6236 = EDGE_CURVE ( 'NONE', #5392, #2264, #2065, .T. ) ;
#6237 = ORIENTED_EDGE ( 'NONE', *, *, #1337, .F. ) ;
#6238 = VECTOR ( 'NONE', #3960, 1.000000000000000000 ) ;
#6239 = CARTESIAN_POINT ( 'NONE',  ( -2.432432432432432456, 1.128378378378379621, 0.000000000000000000 ) ) ;
#6240 = EDGE_CURVE ( 'NONE', #1, #2290, #1597, .T. ) ;
#6241 = LINE ( 'NONE', #3328, #1485 ) ;
#6242 = ORIENTED_EDGE ( 'NONE', *, *, #7334, .F. ) ;
#6243 = DIRECTION ( 'NONE',  ( 0.000000000000000000, -0.000000000000000000, -1.000000000000000000 ) ) ;
#6244 = DIRECTION ( 'NONE',  ( 0.000000000000000000, -0.000000000000000000, -1.000000000000000000 ) ) ;
#6245 = DIRECTION ( 'NONE',  ( 0.000000000000000000, -1.000000000000000000, 0.000000000000000000 ) ) ;
#6246 = DIRECTION ( 'NONE',  ( -0.000000000000000000, 0.000000000000000000, 1.000000000000000000 ) ) ;
#6247 = VECTOR ( 'NONE', #813, 1.000000000000000000 ) ;
#6248 = CARTESIAN_POINT ( 'NONE',  ( -1.668648648648647148, -2.650855855855854593, 0.05100000000000000366 ) ) ;
#6249 = ORIENTED_EDGE ( 'NONE', *, *, #5097, .T. ) ;
#6250 = ORIENTED_EDGE ( 'NONE', *, *, #7432, .F. ) ;
#6251 = LINE ( 'NONE', #240, #7662 ) ;
#6252 = EDGE_CURVE ( 'NONE', #2998, #5101, #7377, .T. ) ;
#6253 = DIRECTION ( 'NONE',  ( -0.000000000000000000, -0.000000000000000000, -1.000000000000000000 ) ) ;
#6254 = DIRECTION ( 'NONE',  ( 1.000000000000000000, 0.000000000000000000, 0.000000000000000000 ) ) ;
#6255 = EDGE_CURVE ( 'NONE', #5030, #1680, #4425, .T. ) ;
#6256 = LINE ( 'NONE', #6171, #1296 ) ;
#6257 = DIRECTION ( 'NONE',  ( 0.000000000000000000, -0.000000000000000000, 1.000000000000000000 ) ) ;
#6258 = LINE ( 'NONE', #902, #7039 ) ;
#6259 = CARTESIAN_POINT ( 'NONE',  ( -1.667844139922891600, 0.9478925550118144638, 0.05100000000000000366 ) ) ;
#6260 = ORIENTED_EDGE ( 'NONE', *, *, #6062, .F. ) ;
#6261 = VECTOR ( 'NONE', #6347, 1.000000000000000000 ) ;
#6262 = ORIENTED_EDGE ( 'NONE', *, *, #1701, .T. ) ;
#6263 = DIRECTION ( 'NONE',  ( 1.000000000000000000, 0.000000000000000000, 0.000000000000000000 ) ) ;
#6264 = ORIENTED_EDGE ( 'NONE', *, *, #1409, .F. ) ;
#6265 = DIRECTION ( 'NONE',  ( 1.000000000000000000, 0.000000000000000000, -0.000000000000000000 ) ) ;
#6266 = LINE ( 'NONE', #3355, #1135 ) ;
#6267 = AXIS2_PLACEMENT_3D ( 'NONE', #2748, #463, #7518 ) ;
#6268 = DIRECTION ( 'NONE',  ( 1.000000000000000000, 0.000000000000000000, 0.000000000000000000 ) ) ;
#6269 = ORIENTED_EDGE ( 'NONE', *, *, #1796, .T. ) ;
#6270 = LINE ( 'NONE', #5765, #2316 ) ;
#6271 = LINE ( 'NONE', #264, #5713 ) ;
#6272 = VECTOR ( 'NONE', #3108, 1.000000000000000000 ) ;
#6273 = ADVANCED_FACE ( 'NONE', ( #2688 ), #6217, .F. ) ;
#6274 = EDGE_LOOP ( 'NONE', ( #5827, #7500, #3412, #988 ) ) ;
#6275 = PLANE ( 'NONE',  #2232 ) ;
#6276 = DIRECTION ( 'NONE',  ( -0.000000000000000000, -0.000000000000000000, -1.000000000000000000 ) ) ;
#6277 = EDGE_LOOP ( 'NONE', ( #2035, #3557, #247, #2192 ) ) ;
#6278 = CARTESIAN_POINT ( 'NONE',  ( 1.156351351351352807, -1.875855855855854681, 0.2520000000000000018 ) ) ;
#6279 = CARTESIAN_POINT ( 'NONE',  ( -0.04248264923019513806, 1.374144144144144208, 0.2520000000000000018 ) ) ;
#6280 = CARTESIAN_POINT ( 'NONE',  ( 1.928964900017874129, -2.649473361566354157, 0.2510000000000000009 ) ) ;
#6281 = LINE ( 'NONE', #5666, #1591 ) ;
#6282 = CARTESIAN_POINT ( 'NONE',  ( 0.7324691333359016898, -1.452608405685351434, 0.05100000000000000366 ) ) ;
#6283 = ORIENTED_EDGE ( 'NONE', *, *, #3439, .T. ) ;
#6284 = ORIENTED_EDGE ( 'NONE', *, *, #7285, .F. ) ;
#6285 = CARTESIAN_POINT ( 'NONE',  ( 0.2513513513513532249, 0.4941441441441443150, 0.4510000000000000120 ) ) ;
#6286 = DIRECTION ( 'NONE',  ( 1.000000000000000000, 0.000000000000000000, 0.000000000000000000 ) ) ;
#6287 = CARTESIAN_POINT ( 'NONE',  ( -1.213648648648647077, 1.402892555011814535, 0.4500000000000000111 ) ) ;
#6288 = EDGE_LOOP ( 'NONE', ( #1098, #1029, #1015, #1246 ) ) ;
#6289 = CARTESIAN_POINT ( 'NONE',  ( 1.156351351351352807, -2.225855855855854770, 0.2520000000000000018 ) ) ;
#6290 = PLANE ( 'NONE',  #4504 ) ;
#6291 = DIRECTION ( 'NONE',  ( 1.000000000000000000, -0.000000000000000000, -0.000000000000000000 ) ) ;
#6292 = DIRECTION ( 'NONE',  ( -1.000000000000000000, 0.000000000000000000, 0.000000000000000000 ) ) ;
#6293 = EDGE_CURVE ( 'NONE', #6376, #3597, #6870, .T. ) ;
#6294 = ADVANCED_FACE ( 'NONE', ( #1561 ), #861, .T. ) ;
#6295 = VERTEX_POINT ( 'NONE', #5554 ) ;
#6296 = ORIENTED_EDGE ( 'NONE', *, *, #4956, .T. ) ;
#6297 = LINE ( 'NONE', #5091, #2477 ) ;
#6298 = EDGE_CURVE ( 'NONE', #6953, #2866, #905, .T. ) ;
#6299 = ADVANCED_BREP_SHAPE_REPRESENTATION ( '', ( #2770, #145 ), #3114 ) ;
#6300 = ORIENTED_EDGE ( 'NONE', *, *, #7298, .T. ) ;
#6301 = CARTESIAN_POINT ( 'NONE',  ( 1.931351351351352941, -0.2508558558558547924, 0.4500000000000000111 ) ) ;
#6302 = DIRECTION ( 'NONE',  ( 0.000000000000000000, 0.000000000000000000, 1.000000000000000000 ) ) ;
#6303 = VECTOR ( 'NONE', #6786, 1.000000000000000000 ) ;
#6304 = AXIS2_PLACEMENT_3D ( 'NONE', #5935, #6591, #5316 ) ;
#6305 = LINE ( 'NONE', #2849, #1806 ) ;
#6306 = EDGE_CURVE ( 'NONE', #679, #1603, #1022, .T. ) ;
#6307 = ORIENTED_EDGE ( 'NONE', *, *, #2512, .F. ) ;
#6308 = DIRECTION ( 'NONE',  ( 1.000000000000000000, 0.000000000000000000, -0.000000000000000000 ) ) ;
#6309 = DIRECTION ( 'NONE',  ( -0.000000000000000000, -0.000000000000000000, -1.000000000000000000 ) ) ;
#6310 = ORIENTED_EDGE ( 'NONE', *, *, #6366, .T. ) ;
#6311 = PLANE ( 'NONE',  #7467 ) ;
#6312 = VECTOR ( 'NONE', #3518, 1.000000000000000000 ) ;
#6313 = VECTOR ( 'NONE', #2999, 1.000000000000000000 ) ;
#6314 = EDGE_CURVE ( 'NONE', #3080, #1683, #2025, .T. ) ;
#6315 = DIRECTION ( 'NONE',  ( 1.000000000000000000, 0.000000000000000000, 0.000000000000000000 ) ) ;
#6316 = ORIENTED_EDGE ( 'NONE', *, *, #1305, .T. ) ;
#6317 = CARTESIAN_POINT ( 'NONE',  ( 0.2775173507698049380, 1.404144144144144235, 0.2520000000000000018 ) ) ;
#6318 = DIRECTION ( 'NONE',  ( 0.000000000000000000, -1.000000000000000000, 0.000000000000000000 ) ) ;
#6319 = DIRECTION ( 'NONE',  ( 0.000000000000000000, 1.000000000000000000, 0.000000000000000000 ) ) ;
#6320 = CARTESIAN_POINT ( 'NONE',  ( -1.213648648648647077, 1.402892555011814535, 0.4500000000000000111 ) ) ;
#6321 = DIRECTION ( 'NONE',  ( -0.000000000000000000, -0.000000000000000000, -1.000000000000000000 ) ) ;
#6322 = ORIENTED_EDGE ( 'NONE', *, *, #5632, .T. ) ;
#6323 = ORIENTED_EDGE ( 'NONE', *, *, #4055, .F. ) ;
#6324 = PLANE ( 'NONE',  #5561 ) ;
#6325 = CARTESIAN_POINT ( 'NONE',  ( 1.931351351351352941, 2.149144144144145230, 0.05100000000000000366 ) ) ;
#6326 = CARTESIAN_POINT ( 'NONE',  ( -0.01364864864864695666, -2.195855855855854966, 0.4510000000000000120 ) ) ;
#6327 = ORIENTED_EDGE ( 'NONE', *, *, #997, .T. ) ;
#6328 = ORIENTED_EDGE ( 'NONE', *, *, #7304, .T. ) ;
#6329 = AXIS2_PLACEMENT_3D ( 'NONE', #932, #315, #7407 ) ;
#6330 = APPLICATION_CONTEXT ( 'automotive_design' ) ;
#6331 = CARTESIAN_POINT ( 'NONE',  ( -1.618648648648647104, 2.099144144144145407, 0.05100000000000000366 ) ) ;
#6332 = LINE ( 'NONE', #862, #5871 ) ;
#6333 = CARTESIAN_POINT ( 'NONE',  ( 1.156351351351352807, -0.6758558558558547258, 0.4500000000000000111 ) ) ;
#6334 = VECTOR ( 'NONE', #883, 1.000000000000000000 ) ;
#6335 = DIRECTION ( 'NONE',  ( -1.000000000000000000, -0.000000000000000000, -0.000000000000000000 ) ) ;
#6336 = EDGE_CURVE ( 'NONE', #1338, #6837, #1521, .T. ) ;
#6337 = VERTEX_POINT ( 'NONE', #6749 ) ;
#6338 = VECTOR ( 'NONE', #6291, 1.000000000000000000 ) ;
#6339 = ORIENTED_EDGE ( 'NONE', *, *, #4664, .T. ) ;
#6340 = ORIENTED_EDGE ( 'NONE', *, *, #381, .T. ) ;
#6341 = DIRECTION ( 'NONE',  ( -0.000000000000000000, -0.000000000000000000, -1.000000000000000000 ) ) ;
#6342 = AXIS2_PLACEMENT_3D ( 'NONE', #382, #4560, #1577 ) ;
#6343 = VECTOR ( 'NONE', #286, 1.000000000000000000 ) ;
#6344 = EDGE_LOOP ( 'NONE', ( #6826, #5042, #3134, #5915 ) ) ;
#6345 = FACE_BOUND ( 'NONE', #4271, .T. ) ;
#6346 = EDGE_CURVE ( 'NONE', #4044, #6670, #6256, .T. ) ;
#6347 = DIRECTION ( 'NONE',  ( -0.000000000000000000, -0.000000000000000000, -1.000000000000000000 ) ) ;
#6348 = VERTEX_POINT ( 'NONE', #5676 ) ;
#6349 = DIRECTION ( 'NONE',  ( 1.192185798255201906E-16, -1.000000000000000000, 0.000000000000000000 ) ) ;
#6350 = EDGE_CURVE ( 'NONE', #5264, #2998, #2144, .T. ) ;
#6351 = DIRECTION ( 'NONE',  ( -1.000000000000000000, -0.000000000000000000, -0.000000000000000000 ) ) ;
#6352 = ORIENTED_EDGE ( 'NONE', *, *, #1367, .T. ) ;
#6353 = DIRECTION ( 'NONE',  ( 0.000000000000000000, 0.000000000000000000, 1.000000000000000000 ) ) ;
#6354 = CARTESIAN_POINT ( 'NONE',  ( -0.9236486486486471525, -0.7058558558558547524, 0.4510000000000000120 ) ) ;
#6355 = CARTESIAN_POINT ( 'NONE',  ( 1.186351351351352834, -0.7058558558558547524, 0.4500000000000000111 ) ) ;
#6356 = VECTOR ( 'NONE', #6335, 1.000000000000000000 ) ;
#6357 = DIRECTION ( 'NONE',  ( 0.000000000000000000, -1.000000000000000000, 0.000000000000000000 ) ) ;
#6358 = CARTESIAN_POINT ( 'NONE',  ( 1.881351351351352674, -1.450855855855854637, 0.05100000000000000366 ) ) ;
#6359 = LINE ( 'NONE', #5849, #7543 ) ;
#6360 = LINE ( 'NONE', #6430, #791 ) ;
#6361 = EDGE_LOOP ( 'NONE', ( #2972, #3677, #6411, #360 ) ) ;
#6362 = ORIENTED_EDGE ( 'NONE', *, *, #1280, .F. ) ;
#6363 = DIRECTION ( 'NONE',  ( -0.000000000000000000, 0.000000000000000000, -1.000000000000000000 ) ) ;
#6364 = VECTOR ( 'NONE', #1805, 1.000000000000000000 ) ;
#6365 = LINE ( 'NONE', #6476, #396 ) ;
#6366 = EDGE_CURVE ( 'NONE', #4315, #609, #2374, .T. ) ;
#6367 = FACE_OUTER_BOUND ( 'NONE', #7157, .T. ) ;
#6368 = VERTEX_POINT ( 'NONE', #2222 ) ;
#6369 = AXIS2_PLACEMENT_3D ( 'NONE', #3842, #5128, #3799 ) ;
#6370 = DIRECTION ( 'NONE',  ( -0.000000000000000000, -0.000000000000000000, -1.000000000000000000 ) ) ;
#6371 = CARTESIAN_POINT ( 'NONE',  ( 1.476351351351352870, -0.9958558558558545659, 0.4510000000000000120 ) ) ;
#6372 = ORIENTED_EDGE ( 'NONE', *, *, #7112, .F. ) ;
#6373 = CARTESIAN_POINT ( 'NONE',  ( 0.2813513513513531961, 0.5241441441441443416, 0.4510000000000000120 ) ) ;
#6374 = ORIENTED_EDGE ( 'NONE', *, *, #3346, .T. ) ;
#6375 = ORIENTED_EDGE ( 'NONE', *, *, #805, .T. ) ;
#6376 = VERTEX_POINT ( 'NONE', #4658 ) ;
#6377 = CARTESIAN_POINT ( 'NONE',  ( 0.7157521729148861311, -0.2422942286748832330, 0.05100000000000000366 ) ) ;
#6378 = ORIENTED_EDGE ( 'NONE', *, *, #4198, .F. ) ;
#6379 = PLANE ( 'NONE',  #1316 ) ;
#6380 = CARTESIAN_POINT ( 'NONE',  ( 1.928964900017874129, -1.452608405685351434, 0.05100000000000000366 ) ) ;
#6381 = VECTOR ( 'NONE', #4293, 1.000000000000000000 ) ;
#6382 = ADVANCED_FACE ( 'NONE', ( #7609 ), #3531, .F. ) ;
#6383 = LINE ( 'NONE', #7587, #1921 ) ;
#6384 = ORIENTED_EDGE ( 'NONE', *, *, #2620, .T. ) ;
#6385 = CARTESIAN_POINT ( 'NONE',  ( 1.140752172914886176, 0.5327057713251168725, 0.6520000000000003570 ) ) ;
#6386 = DIRECTION ( 'NONE',  ( -0.000000000000000000, -0.000000000000000000, -1.000000000000000000 ) ) ;
#6387 = AXIS2_PLACEMENT_3D ( 'NONE', #6451, #2345, #4709 ) ;
#6388 = EDGE_CURVE ( 'NONE', #5932, #2998, #7569, .T. ) ;
#6389 = DIRECTION ( 'NONE',  ( -0.000000000000000000, 1.000000000000000000, -0.000000000000000000 ) ) ;
#6390 = ADVANCED_FACE ( 'NONE', ( #6946 ), #3454, .F. ) ;
#6391 = FACE_OUTER_BOUND ( 'NONE', #292, .T. ) ;
#6392 = AXIS2_PLACEMENT_3D ( 'NONE', #5202, #2797, #513 ) ;
#6393 = CARTESIAN_POINT ( 'NONE',  ( -2.918382539233228989, 3.348907565514117834, 0.1500000000000000222 ) ) ;
#6394 = CARTESIAN_POINT ( 'NONE',  ( -0.04248264923019513806, 1.374144144144144208, 0.2520000000000000018 ) ) ;
#6395 = PLANE ( 'NONE',  #2733 ) ;
#6396 = DIRECTION ( 'NONE',  ( -0.000000000000000000, -0.000000000000000000, -1.000000000000000000 ) ) ;
#6397 = CARTESIAN_POINT ( 'NONE',  ( 1.817567567567565545, 0.2783783783783795318, 0.05100000000000000366 ) ) ;
#6398 = VECTOR ( 'NONE', #6768, 1.000000000000000000 ) ;
#6399 = ORIENTED_EDGE ( 'NONE', *, *, #6486, .T. ) ;
#6400 = VERTEX_POINT ( 'NONE', #5244 ) ;
#6401 = FACE_BOUND ( 'NONE', #5208, .T. ) ;
#6402 = DIRECTION ( 'NONE',  ( -0.000000000000000000, -0.000000000000000000, -1.000000000000000000 ) ) ;
#6403 = CARTESIAN_POINT ( 'NONE',  ( 0.000000000000000000, 0.000000000000000000, 0.05100000000000000366 ) ) ;
#6404 = ORIENTED_EDGE ( 'NONE', *, *, #1297, .T. ) ;
#6405 = DIRECTION ( 'NONE',  ( -0.000000000000000000, -0.000000000000000000, -1.000000000000000000 ) ) ;
#6406 = DIRECTION ( 'NONE',  ( 0.000000000000000000, 0.000000000000000000, -1.000000000000000000 ) ) ;
#6407 = VERTEX_POINT ( 'NONE', #5859 ) ;
#6408 = DIRECTION ( 'NONE',  ( -1.000000000000000000, -0.000000000000000000, -0.000000000000000000 ) ) ;
#6409 = ORIENTED_EDGE ( 'NONE', *, *, #3972, .F. ) ;
#6410 = EDGE_LOOP ( 'NONE', ( #4872, #7536, #2348, #2202 ) ) ;
#6411 = ORIENTED_EDGE ( 'NONE', *, *, #570, .T. ) ;
#6412 = CARTESIAN_POINT ( 'NONE',  ( 1.901351351351352914, 3.349139388805733919, 0.05000000000000000278 ) ) ;
#6413 = EDGE_CURVE ( 'NONE', #6075, #5865, #2835, .T. ) ;
#6414 = VERTEX_POINT ( 'NONE', #554 ) ;
#6415 = DIRECTION ( 'NONE',  ( 0.000000000000000000, 0.000000000000000000, 1.000000000000000000 ) ) ;
#6416 = CARTESIAN_POINT ( 'NONE',  ( -0.05364864864864694882, -1.016194908877152026, 0.6520000000000003570 ) ) ;
#6417 = CARTESIAN_POINT ( 'NONE',  ( -1.213648648648647077, 1.692892555011814348, 0.4510000000000000120 ) ) ;
#6418 = ORIENTED_EDGE ( 'NONE', *, *, #2313, .T. ) ;
#6419 = CARTESIAN_POINT ( 'NONE',  ( -1.668648648648647148, 2.149144144144145230, 0.05000000000000000278 ) ) ;
#6420 = CARTESIAN_POINT ( 'NONE',  ( 1.156351351351352807, -2.225855855855854770, 0.2520000000000000018 ) ) ;
#6421 = EDGE_CURVE ( 'NONE', #491, #6097, #7059, .T. ) ;
#6422 = CARTESIAN_POINT ( 'NONE',  ( -0.4510550733494790299, 0.9478925550118144638, 0.2510000000000000009 ) ) ;
#6423 = CARTESIAN_POINT ( 'NONE',  ( -1.667844139922891600, 0.9478925550118144638, 0.2510000000000000009 ) ) ;
#6424 = ADVANCED_FACE ( 'NONE', ( #5284 ), #1172, .F. ) ;
#6425 = FACE_OUTER_BOUND ( 'NONE', #734, .T. ) ;
#6426 = PLANE ( 'NONE',  #7572 ) ;
#6427 = FACE_OUTER_BOUND ( 'NONE', #5405, .T. ) ;
#6428 = CARTESIAN_POINT ( 'NONE',  ( 0.7313513513513529851, -2.600855855855854770, 0.05100000000000000366 ) ) ;
#6429 = EDGE_CURVE ( 'NONE', #7189, #3417, #5898, .T. ) ;
#6430 = CARTESIAN_POINT ( 'NONE',  ( -0.06864864864864676786, 0.5241441441441443416, 0.4500000000000000111 ) ) ;
#6431 = ORIENTED_EDGE ( 'NONE', *, *, #1126, .F. ) ;
#6432 = EDGE_LOOP ( 'NONE', ( #5715, #2475, #3010, #2528 ) ) ;
#6433 = CARTESIAN_POINT ( 'NONE',  ( -1.618648648648647104, 0.9491441441441450522, 0.05100000000000000366 ) ) ;
#6434 = CARTESIAN_POINT ( 'NONE',  ( 0.7290204228011620824, 2.148025372459793303, 0.2510000000000000009 ) ) ;
#6435 = CARTESIAN_POINT ( 'NONE',  ( 1.928964900017874129, -1.452608405685351434, 0.2510000000000000009 ) ) ;
#6436 = EDGE_LOOP ( 'NONE', ( #3816, #5403, #6378, #6023, #6529, #4577, #3082, #3391 ) ) ;
#6437 = MECHANICAL_DESIGN_GEOMETRIC_PRESENTATION_REPRESENTATION (  '', ( #868 ), #4944 ) ;
#6438 = EDGE_CURVE ( 'NONE', #479, #6646, #5205, .T. ) ;
#6439 = LINE ( 'NONE', #7099, #2530 ) ;
#6440 = CARTESIAN_POINT ( 'NONE',  ( 0.7313513513513534292, 2.099144144144145407, 0.05000000000000000278 ) ) ;
#6441 = ORIENTED_EDGE ( 'NONE', *, *, #6252, .T. ) ;
#6442 = PLANE ( 'NONE',  #761 ) ;
#6443 = FACE_OUTER_BOUND ( 'NONE', #5203, .T. ) ;
#6444 = VERTEX_POINT ( 'NONE', #4114 ) ;
#6445 = VERTEX_POINT ( 'NONE', #6985 ) ;
#6446 = EDGE_LOOP ( 'NONE', ( #7455, #5077, #6900, #2260 ) ) ;
#6447 = CARTESIAN_POINT ( 'NONE',  ( -0.4786486486486469794, -0.2508558558558546814, 0.4500000000000000111 ) ) ;
#6448 = VECTOR ( 'NONE', #4734, 1.000000000000000000 ) ;
#6449 = VECTOR ( 'NONE', #840, 1.000000000000000000 ) ;
#6450 = ORIENTED_EDGE ( 'NONE', *, *, #7468, .F. ) ;
#6451 = CARTESIAN_POINT ( 'NONE',  ( -2.382432432432432190, -0.8716216216216201573, 0.04899999999999998801 ) ) ;
#6452 = CARTESIAN_POINT ( 'NONE',  ( 0.000000000000000000, 0.000000000000000000, 0.05100000000000000366 ) ) ;
#6453 = VECTOR ( 'NONE', #67, 1.000000000000000000 ) ;
#6454 = EDGE_CURVE ( 'NONE', #2679, #4918, #1715, .T. ) ;
#6455 = VECTOR ( 'NONE', #2464, 1.000000000000000000 ) ;
#6456 = VECTOR ( 'NONE', #4968, 1.000000000000000000 ) ;
#6457 = FACE_OUTER_BOUND ( 'NONE', #2384, .T. ) ;
#6458 = ORIENTED_EDGE ( 'NONE', *, *, #1658, .F. ) ;
#6459 = ADVANCED_FACE ( 'NONE', ( #4579 ), #1639, .T. ) ;
#6460 = ORIENTED_EDGE ( 'NONE', *, *, #4641, .T. ) ;
#6461 = DIRECTION ( 'NONE',  ( 1.000000000000000000, 0.000000000000000000, 0.000000000000000000 ) ) ;
#6462 = CARTESIAN_POINT ( 'NONE',  ( 1.156351351351352807, -1.025855855855854593, 0.4500000000000000111 ) ) ;
#6463 = DIRECTION ( 'NONE',  ( -0.000000000000000000, -0.000000000000000000, -1.000000000000000000 ) ) ;
#6464 = ORIENTED_EDGE ( 'NONE', *, *, #6997, .F. ) ;
#6465 = LINE ( 'NONE', #7124, #6312 ) ;
#6466 = LINE ( 'NONE', #1159, #7195 ) ;
#6467 = CARTESIAN_POINT ( 'NONE',  ( 0.7010708180236888687, -0.2619442023300436184, 0.6510000000000003562 ) ) ;
#6468 = CARTESIAN_POINT ( 'NONE',  ( 1.817567567567565545, 0.2783783783783795318, 0.05100000000000000366 ) ) ;
#6469 = DIRECTION ( 'NONE',  ( -0.000000000000000000, 1.000000000000000000, -0.000000000000000000 ) ) ;
#6470 = EDGE_CURVE ( 'NONE', #603, #7106, #4073, .T. ) ;
#6471 = VECTOR ( 'NONE', #1851, 1.000000000000000000 ) ;
#6472 = EDGE_LOOP ( 'NONE', ( #6045, #5539, #4421, #7058 ) ) ;
#6473 = EDGE_CURVE ( 'NONE', #3629, #7175, #7532, .T. ) ;
#6474 = ORIENTED_EDGE ( 'NONE', *, *, #5013, .T. ) ;
#6475 = CARTESIAN_POINT ( 'NONE',  ( 3.126837698566487411, 3.348351809431109327, 0.1500000000000000222 ) ) ;
#6476 = CARTESIAN_POINT ( 'NONE',  ( -1.212844139922891529, 0.4941441441441452032, 0.2510000000000000009 ) ) ;
#6477 = VECTOR ( 'NONE', #558, 1.000000000000000000 ) ;
#6478 = LINE ( 'NONE', #7135, #384 ) ;
#6479 = ORIENTED_EDGE ( 'NONE', *, *, #4021, .F. ) ;
#6480 = DIRECTION ( 'NONE',  ( -0.000000000000000000, -0.000000000000000000, -1.000000000000000000 ) ) ;
#6481 = PLANE ( 'NONE',  #4755 ) ;
#6482 = ORIENTED_EDGE ( 'NONE', *, *, #25, .T. ) ;
#6483 = FACE_OUTER_BOUND ( 'NONE', #2804, .T. ) ;
#6484 = PLANE ( 'NONE',  #6234 ) ;
#6486 = EDGE_CURVE ( 'NONE', #3417, #3768, #5819, .T. ) ;
#6485 = ORIENTED_EDGE ( 'NONE', *, *, #6492, .T. ) ;
#6487 = VECTOR ( 'NONE', #6030, 1.000000000000000000 ) ;
#6488 = ORIENTED_EDGE ( 'NONE', *, *, #5049, .F. ) ;
#6489 = EDGE_LOOP ( 'NONE', ( #4308, #4890, #3005, #3129 ) ) ;
#6490 = LINE ( 'NONE', #6377, #5695 ) ;
#6491 = EDGE_CURVE ( 'NONE', #3048, #3161, #6439, .T. ) ;
#6492 = EDGE_CURVE ( 'NONE', #6849, #5576, #442, .T. ) ;
#6493 = VECTOR ( 'NONE', #4104, 1.000000000000000000 ) ;
#6494 = VERTEX_POINT ( 'NONE', #1829 ) ;
#6495 = LINE ( 'NONE', #1804, #4406 ) ;
#6496 = DIRECTION ( 'NONE',  ( -0.000000000000000000, 1.000000000000000000, -0.000000000000000000 ) ) ;
#6497 = VECTOR ( 'NONE', #6051, 1.000000000000000000 ) ;
#6498 = EDGE_CURVE ( 'NONE', #929, #5477, #5979, .T. ) ;
#6499 = FACE_OUTER_BOUND ( 'NONE', #5569, .T. ) ;
#6500 = EDGE_LOOP ( 'NONE', ( #2692, #95, #5823, #1645 ) ) ;
#6501 = CARTESIAN_POINT ( 'NONE',  ( 1.506351351351352896, -1.875855855855854681, 0.2510000000000000009 ) ) ;
#6502 = VECTOR ( 'NONE', #4612, 1.000000000000000000 ) ;
#6503 = CARTESIAN_POINT ( 'NONE',  ( 1.883785313619750434, -2.650960111606672331, 0.05100000000000000366 ) ) ;
#6504 = VECTOR ( 'NONE', #3121, 1.000000000000000000 ) ;
#6505 = CARTESIAN_POINT ( 'NONE',  ( 0.3063513513513530517, -2.225855855855854770, 0.4500000000000000111 ) ) ;
#6506 = VERTEX_POINT ( 'NONE', #6017 ) ;
#6507 = DIRECTION ( 'NONE',  ( -1.586032892321651743E-16, 1.000000000000000000, -0.000000000000000000 ) ) ;
#6508 = ADVANCED_FACE ( 'NONE', ( #5432 ), #1357, .F. ) ;
#6509 = DIRECTION ( 'NONE',  ( 0.000000000000000000, -1.000000000000000000, 0.000000000000000000 ) ) ;
#6510 = LINE ( 'NONE', #3018, #138 ) ;
#6511 = PLANE ( 'NONE',  #72 ) ;
#6512 = CARTESIAN_POINT ( 'NONE',  ( 1.140752172914886176, 0.5327057713251168725, 0.6520000000000003570 ) ) ;
#6513 = ORIENTED_EDGE ( 'NONE', *, *, #433, .T. ) ;
#6514 = EDGE_LOOP ( 'NONE', ( #794, #5951, #1582, #5852 ) ) ;
#6515 = DIRECTION ( 'NONE',  ( -1.586032892321652236E-16, 1.000000000000000000, -0.000000000000000000 ) ) ;
#6516 = PLANE ( 'NONE',  #250 ) ;
#6517 = AXIS2_PLACEMENT_3D ( 'NONE', #6777, #3253, #6818 ) ;
#6518 = DIRECTION ( 'NONE',  ( -1.586032892321652729E-16, 1.000000000000000000, -0.000000000000000000 ) ) ;
#6519 = ORIENTED_EDGE ( 'NONE', *, *, #2541, .F. ) ;
#6520 = DIRECTION ( 'NONE',  ( -0.000000000000000000, -0.000000000000000000, -1.000000000000000000 ) ) ;
#6521 = CARTESIAN_POINT ( 'NONE',  ( -1.213648648648647077, 1.692892555011814348, 0.4500000000000000111 ) ) ;
#6522 = ORIENTED_EDGE ( 'NONE', *, *, #2364, .F. ) ;
#6523 = VECTOR ( 'NONE', #1227, 1.000000000000000000 ) ;
#6524 = DIRECTION ( 'NONE',  ( 1.914177628664064607E-16, -1.000000000000000000, 0.000000000000000000 ) ) ;
#6525 = ORIENTED_EDGE ( 'NONE', *, *, #3013, .T. ) ;
#6526 = VERTEX_POINT ( 'NONE', #5511 ) ;
#6527 = ORIENTED_EDGE ( 'NONE', *, *, #1252, .F. ) ;
#6528 = DIRECTION ( 'NONE',  ( 1.000000000000000000, 0.000000000000000000, -0.000000000000000000 ) ) ;
#6529 = ORIENTED_EDGE ( 'NONE', *, *, #5531, .F. ) ;
#6530 = DIRECTION ( 'NONE',  ( 0.000000000000000000, -1.000000000000000000, 0.000000000000000000 ) ) ;
#6531 = ADVANCED_FACE ( 'NONE', ( #4227, #2413 ), #6594, .T. ) ;
#6532 = DIRECTION ( 'NONE',  ( -0.000000000000000000, 1.000000000000000000, -0.000000000000000000 ) ) ;
#6533 = CARTESIAN_POINT ( 'NONE',  ( -1.668648648648647148, 0.000000000000000000, 0.4500000000000000111 ) ) ;
#6534 = ORIENTED_EDGE ( 'NONE', *, *, #4051, .F. ) ;
#6535 = CARTESIAN_POINT ( 'NONE',  ( 1.913785313619750683, -4.100310651257746741, 0.05100000000000000366 ) ) ;
#6536 = CARTESIAN_POINT ( 'NONE',  ( 0.2663513513513530162, -0.6961949088771521854, 0.6520000000000003570 ) ) ;
#6537 = ORIENTED_EDGE ( 'NONE', *, *, #1818, .F. ) ;
#6538 = EDGE_CURVE ( 'NONE', #603, #1338, #199, .T. ) ;
#6539 = LINE ( 'NONE', #726, #4124 ) ;
#6540 = ORIENTED_EDGE ( 'NONE', *, *, #2362, .T. ) ;
#6541 = DIRECTION ( 'NONE',  ( 1.000000000000000000, 0.000000000000000000, 0.000000000000000000 ) ) ;
#6542 = VECTOR ( 'NONE', #4648, 1.000000000000000000 ) ;
#6543 = LINE ( 'NONE', #4799, #4835 ) ;
#6544 = CARTESIAN_POINT ( 'NONE',  ( -0.9228441399228916042, 0.4941441441441452032, 0.2510000000000000009 ) ) ;
#6545 = DIRECTION ( 'NONE',  ( -0.000000000000000000, -0.000000000000000000, -1.000000000000000000 ) ) ;
#6546 = FACE_OUTER_BOUND ( 'NONE', #7462, .T. ) ;
#6547 = ORIENTED_EDGE ( 'NONE', *, *, #4286, .T. ) ;
#6548 = VECTOR ( 'NONE', #3060, 1.000000000000000000 ) ;
#6549 = ORIENTED_EDGE ( 'NONE', *, *, #7574, .T. ) ;
#6550 = CARTESIAN_POINT ( 'NONE',  ( -1.213648648648647077, 1.402892555011814535, 0.4510000000000000120 ) ) ;
#6551 = ADVANCED_FACE ( 'NONE', ( #3713 ), #3029, .F. ) ;
#6552 = EDGE_CURVE ( 'NONE', #5137, #2059, #3570, .T. ) ;
#6553 = DIRECTION ( 'NONE',  ( -0.000000000000000000, 0.000000000000000000, 1.000000000000000000 ) ) ;
#6554 = ORIENTED_EDGE ( 'NONE', *, *, #2375, .T. ) ;
#6555 = CARTESIAN_POINT ( 'NONE',  ( -0.04248264923019517969, 1.724144144144144075, 0.2520000000000000018 ) ) ;
#6556 = LINE ( 'NONE', #4808, #3596 ) ;
#6557 = AXIS2_PLACEMENT_3D ( 'NONE', #2246, #7630, #4605 ) ;
#6558 = ORIENTED_EDGE ( 'NONE', *, *, #7650, .T. ) ;
#6559 = DIRECTION ( 'NONE',  ( 1.000000000000000000, 0.000000000000000000, -0.000000000000000000 ) ) ;
#6560 = EDGE_LOOP ( 'NONE', ( #2805, #6583, #3188, #4703, #638, #2864, #4731, #320 ) ) ;
#6561 = ORIENTED_EDGE ( 'NONE', *, *, #7664, .F. ) ;
#6562 = ORIENTED_EDGE ( 'NONE', *, *, #2568, .T. ) ;
#6563 = CARTESIAN_POINT ( 'NONE',  ( 1.913785313619750683, -4.100310651257746741, 0.05100000000000000366 ) ) ;
#6564 = VECTOR ( 'NONE', #6507, 1.000000000000000000 ) ;
#6565 = VECTOR ( 'NONE', #7654, 1.000000000000000000 ) ;
#6566 = EDGE_CURVE ( 'NONE', #1853, #6000, #4773, .T. ) ;
#6567 = CARTESIAN_POINT ( 'NONE',  ( -1.213648648648647077, 1.692892555011814348, 0.4510000000000000120 ) ) ;
#6568 = LINE ( 'NONE', #4635, #1158 ) ;
#6569 = EDGE_CURVE ( 'NONE', #984, #2754, #6090, .T. ) ;
#6570 = VECTOR ( 'NONE', #4647, 1.000000000000000000 ) ;
#6571 = EDGE_CURVE ( 'NONE', #5162, #1447, #5939, .T. ) ;
#6572 = CARTESIAN_POINT ( 'NONE',  ( -0.1824324324324324009, 0.7783783783783795318, 0.05000000000000000278 ) ) ;
#6573 = EDGE_CURVE ( 'NONE', #616, #6776, #740, .T. ) ;
#6574 = ORIENTED_EDGE ( 'NONE', *, *, #3687, .T. ) ;
#6575 = PLANE ( 'NONE',  #2548 ) ;
#6576 = VECTOR ( 'NONE', #1820, 1.000000000000000000 ) ;
#6577 = LINE ( 'NONE', #2933, #2742 ) ;
#6578 = VECTOR ( 'NONE', #2249, 1.000000000000000000 ) ;
#6579 = ORIENTED_EDGE ( 'NONE', *, *, #6771, .T. ) ;
#6580 = DIRECTION ( 'NONE',  ( -0.000000000000000000, -0.000000000000000000, -1.000000000000000000 ) ) ;
#6581 = EDGE_CURVE ( 'NONE', #6049, #7106, #3095, .T. ) ;
#6582 = VECTOR ( 'NONE', #688, 1.000000000000000000 ) ;
#6583 = ORIENTED_EDGE ( 'NONE', *, *, #3084, .F. ) ;
#6584 = FACE_OUTER_BOUND ( 'NONE', #7061, .T. ) ;
#6585 = AXIS2_PLACEMENT_3D ( 'NONE', #3301, #5672, #1592 ) ;
#6586 = CARTESIAN_POINT ( 'NONE',  ( -0.04364864864864698157, -1.875855855855854681, 0.4500000000000000111 ) ) ;
#6587 = FACE_OUTER_BOUND ( 'NONE', #3737, .T. ) ;
#6588 = LINE ( 'NONE', #4180, #1057 ) ;
#6589 = ORIENTED_EDGE ( 'NONE', *, *, #2018, .F. ) ;
#6590 = VERTEX_POINT ( 'NONE', #4303 ) ;
#6591 = DIRECTION ( 'NONE',  ( -0.000000000000000000, 0.000000000000000000, 1.000000000000000000 ) ) ;
#6592 = DIRECTION ( 'NONE',  ( -0.000000000000000000, 0.000000000000000000, 1.000000000000000000 ) ) ;
#6593 = ORIENTED_EDGE ( 'NONE', *, *, #654, .T. ) ;
#6594 = PLANE ( 'NONE',  #303 ) ;
#6595 = EDGE_CURVE ( 'NONE', #3782, #1769, #4920, .T. ) ;
#6596 = LINE ( 'NONE', #3647, #4951 ) ;
#6597 = LINE ( 'NONE', #673, #6027 ) ;
#6598 = PLANE ( 'NONE',  #1529 ) ;
#6599 = EDGE_LOOP ( 'NONE', ( #6549, #5764, #4889, #6262 ) ) ;
#6600 = EDGE_LOOP ( 'NONE', ( #2167, #5934, #6635, #5642 ) ) ;
#6601 = ORIENTED_EDGE ( 'NONE', *, *, #6454, .F. ) ;
#6602 = CARTESIAN_POINT ( 'NONE',  ( -1.668914624007974412, -2.650885740052331574, 0.05000000000000000278 ) ) ;
#6603 = ADVANCED_FACE ( 'NONE', ( #2446 ), #2519, .T. ) ;
#6604 = CARTESIAN_POINT ( 'NONE',  ( -0.04248264923019517969, 1.724144144144144075, 0.2510000000000000009 ) ) ;
#6605 = VECTOR ( 'NONE', #1513, 1.000000000000000000 ) ;
#6606 = LINE ( 'NONE', #6677, #3132 ) ;
#6607 = AXIS2_PLACEMENT_3D ( 'NONE', #5808, #5235, #2325 ) ;
#6608 = FACE_OUTER_BOUND ( 'NONE', #1946, .T. ) ;
#6609 = VERTEX_POINT ( 'NONE', #2989 ) ;
#6610 = LINE ( 'NONE', #3117, #5895 ) ;
#6611 = AXIS2_PLACEMENT_3D ( 'NONE', #1904, #6665, #5625 ) ;
#6612 = LINE ( 'NONE', #1772, #3857 ) ;
#6613 = EDGE_CURVE ( 'NONE', #947, #5757, #7172, .T. ) ;
#6614 = ORIENTED_EDGE ( 'NONE', *, *, #2124, .F. ) ;
#6615 = CARTESIAN_POINT ( 'NONE',  ( -0.9228441399228916042, 0.4941441441441452032, 0.2520000000000000018 ) ) ;
#6616 = EDGE_LOOP ( 'NONE', ( #7233, #5562, #5983, #2786 ) ) ;
#6617 = DIRECTION ( 'NONE',  ( -0.000000000000000000, 0.000000000000000000, -1.000000000000000000 ) ) ;
#6618 = DIRECTION ( 'NONE',  ( -0.000000000000000000, -0.000000000000000000, -1.000000000000000000 ) ) ;
#6619 = LINE ( 'NONE', #6544, #2244 ) ;
#6620 = DIRECTION ( 'NONE',  ( -1.000000000000000000, -0.000000000000000000, -0.000000000000000000 ) ) ;
#6621 = EDGE_CURVE ( 'NONE', #820, #721, #55, .T. ) ;
#6622 = ADVANCED_FACE ( 'NONE', ( #4884 ), #7138, .T. ) ;
#6623 = ORIENTED_EDGE ( 'NONE', *, *, #5515, .T. ) ;
#6624 = ADVANCED_FACE ( 'NONE', ( #5115 ), #3829, .F. ) ;
#6625 = EDGE_CURVE ( 'NONE', #6609, #1604, #5071, .T. ) ;
#6626 = ORIENTED_EDGE ( 'NONE', *, *, #4561, .T. ) ;
#6627 = DIRECTION ( 'NONE',  ( 1.000000000000000000, 0.000000000000000000, 0.000000000000000000 ) ) ;
#6628 = DIRECTION ( 'NONE',  ( 0.000000000000000000, -1.000000000000000000, 0.000000000000000000 ) ) ;
#6629 = ORIENTED_EDGE ( 'NONE', *, *, #1101, .F. ) ;
#6630 = DIRECTION ( 'NONE',  ( 0.000000000000000000, -0.000000000000000000, -1.000000000000000000 ) ) ;
#6631 = CARTESIAN_POINT ( 'NONE',  ( 2.617567567567565590, 1.078378378378379576, 0.05100000000000000366 ) ) ;
#6632 = ORIENTED_EDGE ( 'NONE', *, *, #2386, .F. ) ;
#6633 =( NAMED_UNIT ( * ) PLANE_ANGLE_UNIT ( ) SI_UNIT ( $, .RADIAN. ) );
#6634 = FACE_OUTER_BOUND ( 'NONE', #4699, .T. ) ;
#6635 = ORIENTED_EDGE ( 'NONE', *, *, #2639, .T. ) ;
#6636 = VERTEX_POINT ( 'NONE', #6778 ) ;
#6637 = ORIENTED_EDGE ( 'NONE', *, *, #893, .T. ) ;
#6638 = VECTOR ( 'NONE', #6124, 1.000000000000000000 ) ;
#6639 = LINE ( 'NONE', #2529, #498 ) ;
#6640 = ADVANCED_FACE ( 'NONE', ( #4492 ), #5698, .F. ) ;
#6641 = DIRECTION ( 'NONE',  ( -1.256179068810792237E-16, 1.000000000000000000, 0.000000000000000000 ) ) ;
#6642 = VECTOR ( 'NONE', #3724, 1.000000000000000000 ) ;
#6643 = LINE ( 'NONE', #2029, #3392 ) ;
#6644 = AXIS2_PLACEMENT_3D ( 'NONE', #187, #3817, #2508 ) ;
#6645 = ADVANCED_FACE ( 'NONE', ( #6162 ), #967, .F. ) ;
#6646 = VERTEX_POINT ( 'NONE', #7365 ) ;
#6647 = VERTEX_POINT ( 'NONE', #2171 ) ;
#6648 = CARTESIAN_POINT ( 'NONE',  ( -0.1824324324324324564, 1.078378378378379576, 0.05100000000000000366 ) ) ;
#6649 = DIRECTION ( 'NONE',  ( 3.172065784643304472E-16, 1.000000000000000000, -0.000000000000000000 ) ) ;
#6650 = ORIENTED_EDGE ( 'NONE', *, *, #4856, .T. ) ;
#6651 = LINE ( 'NONE', #799, #4893 ) ;
#6652 = ORIENTED_EDGE ( 'NONE', *, *, #4087, .T. ) ;
#6653 = DIRECTION ( 'NONE',  ( -1.000000000000000000, 0.000000000000000000, 0.000000000000000000 ) ) ;
#6654 = EDGE_CURVE ( 'NONE', #6083, #1646, #850, .T. ) ;
#6655 = FACE_OUTER_BOUND ( 'NONE', #239, .T. ) ;
#6656 = DIRECTION ( 'NONE',  ( 1.000000000000000000, 0.000000000000000000, 0.000000000000000000 ) ) ;
#6657 = LINE ( 'NONE', #3561, #6381 ) ;
#6658 = ORIENTED_EDGE ( 'NONE', *, *, #7618, .T. ) ;
#6659 = VERTEX_POINT ( 'NONE', #3211 ) ;
#6660 = FACE_OUTER_BOUND ( 'NONE', #1012, .T. ) ;
#6661 = CARTESIAN_POINT ( 'NONE',  ( 1.156351351351352807, -1.025855855855854593, 0.4510000000000000120 ) ) ;
#6662 = ORIENTED_EDGE ( 'NONE', *, *, #685, .T. ) ;
#6663 = EDGE_CURVE ( 'NONE', #1037, #6494, #3788, .T. ) ;
#6664 = CARTESIAN_POINT ( 'NONE',  ( 1.931351351351352941, -2.650855855855854593, 0.05100000000000000366 ) ) ;
#6665 = DIRECTION ( 'NONE',  ( 0.000000000000000000, 1.000000000000000000, 0.000000000000000000 ) ) ;
#6666 = LINE ( 'NONE', #1358, #3471 ) ;
#6667 = ORIENTED_EDGE ( 'NONE', *, *, #2030, .T. ) ;
#6668 = VECTOR ( 'NONE', #3219, 1.000000000000000000 ) ;
#6669 = CARTESIAN_POINT ( 'NONE',  ( 0.000000000000000000, 0.000000000000000000, 0.2510000000000000009 ) ) ;
#6670 = VERTEX_POINT ( 'NONE', #2054 ) ;
#6671 = EDGE_LOOP ( 'NONE', ( #6662, #447, #1028, #7524 ) ) ;
#6672 = VERTEX_POINT ( 'NONE', #2014 ) ;
#6673 = CARTESIAN_POINT ( 'NONE',  ( 0.2813513513513531961, 0.5241441441441443416, 0.4500000000000000111 ) ) ;
#6674 = DIRECTION ( 'NONE',  ( -1.850371707708594809E-16, 1.000000000000000000, 0.000000000000000000 ) ) ;
#6675 = EDGE_CURVE ( 'NONE', #6837, #7207, #4375, .T. ) ;
#6676 = CARTESIAN_POINT ( 'NONE',  ( 0.2763513513513530251, -1.905855855855854708, 0.4510000000000000120 ) ) ;
#6677 = CARTESIAN_POINT ( 'NONE',  ( 3.617567567567566034, 0.7283783783783794874, 0.1509999999999999953 ) ) ;
#6678 = VECTOR ( 'NONE', #3208, 1.000000000000000000 ) ;
#6679 = VECTOR ( 'NONE', #641, 1.000000000000000000 ) ;
#6680 = ORIENTED_EDGE ( 'NONE', *, *, #7137, .F. ) ;
#6681 = ORIENTED_EDGE ( 'NONE', *, *, #5131, .T. ) ;
#6682 = DIRECTION ( 'NONE',  ( 1.000000000000000000, 1.256179068810790265E-16, -0.000000000000000000 ) ) ;
#6683 = PLANE ( 'NONE',  #3614 ) ;
#6684 = EDGE_LOOP ( 'NONE', ( #2381, #6757, #3311, #4283, #3077, #6991, #6885, #1991 ) ) ;
#6685 = DIRECTION ( 'NONE',  ( 0.000000000000000000, 1.000000000000000000, -0.000000000000000000 ) ) ;
#6686 = EDGE_CURVE ( 'NONE', #1240, #5576, #4958, .T. ) ;
#6687 = VECTOR ( 'NONE', #4611, 1.000000000000000000 ) ;
#6688 = ORIENTED_EDGE ( 'NONE', *, *, #5329, .T. ) ;
#6689 = CARTESIAN_POINT ( 'NONE',  ( -0.04364864864864695382, -2.225855855855854770, 0.4510000000000000120 ) ) ;
#6690 = VECTOR ( 'NONE', #3871, 1.000000000000000000 ) ;
#6691 = DIRECTION ( 'NONE',  ( -0.000000000000000000, -1.000000000000000000, -0.000000000000000000 ) ) ;
#6692 = CARTESIAN_POINT ( 'NONE',  ( -0.05364864864864699046, -0.6661949088771521588, 0.6520000000000003570 ) ) ;
#6693 = LINE ( 'NONE', #4328, #1802 ) ;
#6694 = VECTOR ( 'NONE', #4547, 1.000000000000000000 ) ;
#6695 = ORIENTED_EDGE ( 'NONE', *, *, #3362, .T. ) ;
#6696 = ORIENTED_EDGE ( 'NONE', *, *, #1742, .F. ) ;
#6697 = DIRECTION ( 'NONE',  ( -1.586032892321652729E-16, 1.000000000000000000, -0.000000000000000000 ) ) ;
#6698 = AXIS2_PLACEMENT_3D ( 'NONE', #5263, #4790, #3508 ) ;
#6699 = PRODUCT_DEFINITION_SHAPE ( 'NONE', 'NONE',  #7667 ) ;
#6700 = CARTESIAN_POINT ( 'NONE',  ( 0.7290204228011620824, 0.9497722133673791589, 0.05100000000000000366 ) ) ;
#6701 = VERTEX_POINT ( 'NONE', #2750 ) ;
#6702 = DIRECTION ( 'NONE',  ( 0.000000000000000000, 0.000000000000000000, 1.000000000000000000 ) ) ;
#6703 = DIRECTION ( 'NONE',  ( -0.000000000000000000, 0.000000000000000000, 1.000000000000000000 ) ) ;
#6704 = LINE ( 'NONE', #6127, #3223 ) ;
#6705 = ORIENTED_EDGE ( 'NONE', *, *, #3072, .T. ) ;
#6706 = CARTESIAN_POINT ( 'NONE',  ( 0.000000000000000000, 0.000000000000000000, 0.000000000000000000 ) ) ;
#6707 = CARTESIAN_POINT ( 'NONE',  ( 1.506351351351352896, -0.6758558558558547258, 0.4510000000000000120 ) ) ;
#6708 = ADVANCED_FACE ( 'NONE', ( #1432 ), #4416, .T. ) ;
#6709 = EDGE_LOOP ( 'NONE', ( #6057, #5721, #4639, #5946 ) ) ;
#6710 = ORIENTED_EDGE ( 'NONE', *, *, #6068, .F. ) ;
#6711 = DIRECTION ( 'NONE',  ( 1.000000000000000000, 0.000000000000000000, 0.000000000000000000 ) ) ;
#6712 = DIRECTION ( 'NONE',  ( -1.914177628664064607E-16, 1.000000000000000000, -0.000000000000000000 ) ) ;
#6713 = PLANE ( 'NONE',  #5963 ) ;
#6714 = EDGE_CURVE ( 'NONE', #7332, #3768, #1396, .T. ) ;
#6715 = DIRECTION ( 'NONE',  ( -0.000000000000000000, -0.000000000000000000, -1.000000000000000000 ) ) ;
#6716 = EDGE_CURVE ( 'NONE', #3642, #5264, #279, .T. ) ;
#6717 = ORIENTED_EDGE ( 'NONE', *, *, #6038, .F. ) ;
#6718 = EDGE_LOOP ( 'NONE', ( #6912, #1889, #4277, #4743, #3511, #165, #7029, #1874 ) ) ;
#6719 = ORIENTED_EDGE ( 'NONE', *, *, #2106, .F. ) ;
#6720 = VECTOR ( 'NONE', #123, 1.000000000000000000 ) ;
#6721 = DIRECTION ( 'NONE',  ( 1.000000000000000000, 0.000000000000000000, 0.000000000000000000 ) ) ;
#6722 = FACE_BOUND ( 'NONE', #3905, .T. ) ;
#6723 = ADVANCED_FACE ( 'NONE', ( #2674 ), #314, .F. ) ;
#6724 = ORIENTED_EDGE ( 'NONE', *, *, #6491, .F. ) ;
#6725 = AXIS2_PLACEMENT_3D ( 'NONE', #7033, #1690, #1260 ) ;
#6726 = CARTESIAN_POINT ( 'NONE',  ( 2.617567567567565590, 1.078378378378379576, 0.05100000000000000366 ) ) ;
#6727 = AXIS2_PLACEMENT_3D ( 'NONE', #1822, #3021, #46 ) ;
#6728 = ORIENTED_EDGE ( 'NONE', *, *, #4608, .F. ) ;
#6729 = DIRECTION ( 'NONE',  ( 0.000000000000000000, -0.000000000000000000, 1.000000000000000000 ) ) ;
#6730 = CARTESIAN_POINT ( 'NONE',  ( 0.3075173507698048536, 1.724144144144144075, 0.2510000000000000009 ) ) ;
#6731 = DIRECTION ( 'NONE',  ( 0.000000000000000000, -1.000000000000000000, 0.000000000000000000 ) ) ;
#6732 = VERTEX_POINT ( 'NONE', #4451 ) ;
#6733 = ORIENTED_EDGE ( 'NONE', *, *, #2190, .F. ) ;
#6734 = DIRECTION ( 'NONE',  ( -0.000000000000000000, 0.000000000000000000, 1.000000000000000000 ) ) ;
#6735 = EDGE_CURVE ( 'NONE', #5255, #4757, #6819, .T. ) ;
#6736 = LINE ( 'NONE', #736, #2476 ) ;
#6737 = ORIENTED_EDGE ( 'NONE', *, *, #805, .F. ) ;
#6738 = DIRECTION ( 'NONE',  ( 0.000000000000000000, -1.000000000000000000, 0.000000000000000000 ) ) ;
#6739 = DIRECTION ( 'NONE',  ( -1.000000000000000000, 0.000000000000000000, 0.000000000000000000 ) ) ;
#6740 = LINE ( 'NONE', #280, #4960 ) ;
#6741 = CARTESIAN_POINT ( 'NONE',  ( -0.06864864864864676786, 0.5241441441441443416, 0.4510000000000000120 ) ) ;
#6742 = DIRECTION ( 'NONE',  ( -0.000000000000000000, -0.000000000000000000, -1.000000000000000000 ) ) ;
#6743 = AXIS2_PLACEMENT_3D ( 'NONE', #5459, #4763, #7127 ) ;
#6744 = ORIENTED_EDGE ( 'NONE', *, *, #2211, .T. ) ;
#6745 = ORIENTED_EDGE ( 'NONE', *, *, #6314, .F. ) ;
#6746 = LINE ( 'NONE', #5078, #3690 ) ;
#6747 = LINE ( 'NONE', #5552, #142 ) ;
#6748 = DIRECTION ( 'NONE',  ( 1.000000000000000000, -0.000000000000000000, -0.000000000000000000 ) ) ;
#6749 = CARTESIAN_POINT ( 'NONE',  ( -1.243648648648647104, 1.722892555011814375, 0.4500000000000000111 ) ) ;
#6750 = DIRECTION ( 'NONE',  ( -0.000000000000000000, 0.000000000000000000, -1.000000000000000000 ) ) ;
#6751 = CARTESIAN_POINT ( 'NONE',  ( -0.4786486486486467573, -1.450855855855854637, 0.05000000000000000278 ) ) ;
#6752 = EDGE_CURVE ( 'NONE', #1447, #4035, #931, .T. ) ;
#6753 = CARTESIAN_POINT ( 'NONE',  ( 1.476351351351352870, -1.905855855855854708, 0.2510000000000000009 ) ) ;
#6754 = EDGE_LOOP ( 'NONE', ( #6913, #6797, #4965, #4354, #3965, #4615 ) ) ;
#6755 = DIRECTION ( 'NONE',  ( 1.000000000000000000, -0.000000000000000000, -0.000000000000000000 ) ) ;
#6756 = EDGE_CURVE ( 'NONE', #2754, #3191, #2712, .T. ) ;
#6757 = ORIENTED_EDGE ( 'NONE', *, *, #6195, .F. ) ;
#6758 = AXIS2_PLACEMENT_3D ( 'NONE', #4592, #1651, #2234 ) ;
#6759 = EDGE_CURVE ( 'NONE', #6672, #4949, #7596, .T. ) ;
#6760 = VERTEX_POINT ( 'NONE', #1083 ) ;
#6761 = CARTESIAN_POINT ( 'NONE',  ( -1.668648648648647148, 0.9491441441441452742, 0.05099999999999998979 ) ) ;
#6762 = DIRECTION ( 'NONE',  ( 0.000000000000000000, -1.000000000000000000, 0.000000000000000000 ) ) ;
#6763 = AXIS2_PLACEMENT_3D ( 'NONE', #3552, #4172, #5918 ) ;
#6764 = PRODUCT_DEFINITION_SHAPE ( 'NONE', 'NONE',  #6924 ) ;
#6765 = EDGE_LOOP ( 'NONE', ( #1051, #186, #411, #1255 ) ) ;
#6766 = DIRECTION ( 'NONE',  ( -0.000000000000000000, -0.000000000000000000, -1.000000000000000000 ) ) ;
#6767 = VERTEX_POINT ( 'NONE', #1008 ) ;
#6768 = DIRECTION ( 'NONE',  ( -0.000000000000000000, -1.000000000000000000, -0.000000000000000000 ) ) ;
#6769 = CARTESIAN_POINT ( 'NONE',  ( -1.661268387826372095, -1.459372486768057531, 0.2510000000000000009 ) ) ;
#6770 = DIRECTION ( 'NONE',  ( 1.189524669241239608E-16, -1.000000000000000000, 0.000000000000000000 ) ) ;
#6771 = EDGE_CURVE ( 'NONE', #2488, #5101, #4646, .T. ) ;
#6772 = VERTEX_POINT ( 'NONE', #2207 ) ;
#6773 = ORIENTED_EDGE ( 'NONE', *, *, #7574, .F. ) ;
#6774 = LINE ( 'NONE', #5032, #1477 ) ;
#6775 = DIRECTION ( 'NONE',  ( 1.000000000000000000, 0.000000000000000000, 0.000000000000000000 ) ) ;
#6776 = VERTEX_POINT ( 'NONE', #5190 ) ;
#6777 = CARTESIAN_POINT ( 'NONE',  ( -1.213648648648647077, -2.195855855855854966, 0.2520000000000000018 ) ) ;
#6778 = CARTESIAN_POINT ( 'NONE',  ( -1.382432432432432412, 0.07837837837837957622, 0.05100000000000000366 ) ) ;
#6779 = DIRECTION ( 'NONE',  ( 1.000000000000000000, 0.000000000000000000, 0.000000000000000000 ) ) ;
#6780 = CARTESIAN_POINT ( 'NONE',  ( -1.243648648648647104, -1.875855855855854681, 0.2520000000000000018 ) ) ;
#6781 = FACE_OUTER_BOUND ( 'NONE', #1398, .T. ) ;
#6782 = EDGE_CURVE ( 'NONE', #2377, #402, #7556, .T. ) ;
#6783 = VERTEX_POINT ( 'NONE', #7010 ) ;
#6784 = EDGE_LOOP ( 'NONE', ( #6927, #7583, #6482, #3290 ) ) ;
#6785 = EDGE_CURVE ( 'NONE', #1208, #1310, #3946, .T. ) ;
#6786 = DIRECTION ( 'NONE',  ( -0.000000000000000000, -0.000000000000000000, -1.000000000000000000 ) ) ;
#6787 = CARTESIAN_POINT ( 'NONE',  ( 1.883785313619750434, -2.650960111606672331, 0.05100000000000000366 ) ) ;
#6788 = LINE ( 'NONE', #2063, #4536 ) ;
#6789 = CARTESIAN_POINT ( 'NONE',  ( 1.186351351351352834, -0.9958558558558545659, 0.4510000000000000120 ) ) ;
#6790 = CARTESIAN_POINT ( 'NONE',  ( 0.7213513513513529762, -1.450855855855854637, 0.4500000000000000111 ) ) ;
#6791 = CARTESIAN_POINT ( 'NONE',  ( -0.9236486486486471525, 1.692892555011814348, 0.4500000000000000111 ) ) ;
#6792 = LINE ( 'NONE', #2147, #4003 ) ;
#6793 = ORIENTED_EDGE ( 'NONE', *, *, #2460, .F. ) ;
#6794 = EDGE_CURVE ( 'NONE', #3001, #1619, #4024, .T. ) ;
#6795 = CARTESIAN_POINT ( 'NONE',  ( -1.243648648648647104, -1.875855855855854681, 0.2510000000000000009 ) ) ;
#6796 = ORIENTED_EDGE ( 'NONE', *, *, #2197, .F. ) ;
#6797 = ORIENTED_EDGE ( 'NONE', *, *, #7271, .F. ) ;
#6798 = FACE_OUTER_BOUND ( 'NONE', #3752, .T. ) ;
#6799 = DIRECTION ( 'NONE',  ( -0.000000000000000000, -0.000000000000000000, -1.000000000000000000 ) ) ;
#6800 = EDGE_CURVE ( 'NONE', #3166, #1834, #5886, .T. ) ;
#6801 = VECTOR ( 'NONE', #926, 1.000000000000000000 ) ;
#6802 = EDGE_CURVE ( 'NONE', #1899, #6953, #6933, .T. ) ;
#6803 = CARTESIAN_POINT ( 'NONE',  ( -1.668914624007974412, -2.650885740052331574, 0.05100000000000000366 ) ) ;
#6804 = EDGE_LOOP ( 'NONE', ( #6744, #1307, #5679, #4151 ) ) ;
#6805 = DIRECTION ( 'NONE',  ( 0.000000000000000000, -0.000000000000000000, 1.000000000000000000 ) ) ;
#6806 = VECTOR ( 'NONE', #6201, 1.000000000000000000 ) ;
#6807 = CARTESIAN_POINT ( 'NONE',  ( 0.2663513513513530162, -0.6961949088771521854, 0.6520000000000003570 ) ) ;
#6808 = CARTESIAN_POINT ( 'NONE',  ( 1.506351351351352896, -1.025855855855854593, 0.4500000000000000111 ) ) ;
#6809 = ADVANCED_FACE ( 'NONE', ( #1627 ), #5736, .F. ) ;
#6810 = VERTEX_POINT ( 'NONE', #3370 ) ;
#6811 = EDGE_CURVE ( 'NONE', #7538, #7359, #7047, .T. ) ;
#6812 = VECTOR ( 'NONE', #357, 1.000000000000000000 ) ;
#6813 = ORIENTED_EDGE ( 'NONE', *, *, #5667, .F. ) ;
#6814 = CARTESIAN_POINT ( 'NONE',  ( -1.213648648648647077, 1.402892555011814535, 0.4510000000000000120 ) ) ;
#6815 = VECTOR ( 'NONE', #2133, 1.000000000000000000 ) ;
#6816 = CARTESIAN_POINT ( 'NONE',  ( -0.4674826492301951686, 0.9497722133673791589, 0.2510000000000000009 ) ) ;
#6817 = ORIENTED_EDGE ( 'NONE', *, *, #2272, .T. ) ;
#6818 = DIRECTION ( 'NONE',  ( 0.000000000000000000, -0.000000000000000000, 1.000000000000000000 ) ) ;
#6819 = LINE ( 'NONE', #1510, #6690 ) ;
#6820 = LINE ( 'NONE', #3294, #4461 ) ;
#6821 = AXIS2_PLACEMENT_3D ( 'NONE', #6080, #1237, #1314 ) ;
#6822 = CARTESIAN_POINT ( 'NONE',  ( -1.213648648648647077, -0.7058558558558547524, 0.4510000000000000120 ) ) ;
#6823 = DIRECTION ( 'NONE',  ( -1.000000000000000000, -0.000000000000000000, -0.000000000000000000 ) ) ;
#6824 = ORIENTED_EDGE ( 'NONE', *, *, #1712, .T. ) ;
#6825 = VECTOR ( 'NONE', #2156, 1.000000000000000000 ) ;
#6826 = ORIENTED_EDGE ( 'NONE', *, *, #4465, .T. ) ;
#6827 = LINE ( 'NONE', #3879, #6668 ) ;
#6828 = CARTESIAN_POINT ( 'NONE',  ( 1.186351351351352834, -1.905855855855854708, 0.2510000000000000009 ) ) ;
#6829 = CARTESIAN_POINT ( 'NONE',  ( -1.668653815138664065, 3.349109615115158700, 0.05100000000000000366 ) ) ;
#6830 = ADVANCED_FACE ( 'NONE', ( #2788, #5152 ), #6426, .T. ) ;
#6831 = AXIS2_PLACEMENT_3D ( 'NONE', #6706, #7142, #2560 ) ;
#6832 = CARTESIAN_POINT ( 'NONE',  ( -1.618648648648647104, -2.600855855855854770, 0.05100000000000000366 ) ) ;
#6833 = CARTESIAN_POINT ( 'NONE',  ( -1.667844139922891600, -0.2478776232719740735, 0.2510000000000000009 ) ) ;
#6834 = CARTESIAN_POINT ( 'NONE',  ( 1.913785313619750461, -2.650960111606672331, 0.05000000000000000278 ) ) ;
#6835 = CARTESIAN_POINT ( 'NONE',  ( 2.617567567567565590, 0.2783783783783795318, 0.05000000000000000278 ) ) ;
#6836 = ORIENTED_EDGE ( 'NONE', *, *, #4281, .F. ) ;
#6837 = VERTEX_POINT ( 'NONE', #6394 ) ;
#6838 = LINE ( 'NONE', #5135, #869 ) ;
#6839 = EDGE_CURVE ( 'NONE', #2264, #3350, #1115, .T. ) ;
#6840 = ORIENTED_EDGE ( 'NONE', *, *, #4087, .F. ) ;
#6841 = FACE_OUTER_BOUND ( 'NONE', #1560, .T. ) ;
#6842 = VECTOR ( 'NONE', #6580, 1.000000000000000000 ) ;
#6843 = DIRECTION ( 'NONE',  ( -0.000000000000000000, 0.000000000000000000, -1.000000000000000000 ) ) ;
#6844 = EDGE_LOOP ( 'NONE', ( #5089, #6479, #2373, #1994 ) ) ;
#6845 = LINE ( 'NONE', #346, #710 ) ;
#6846 = LINE ( 'NONE', #5026, #644 ) ;
#6847 = COLOUR_RGB ( '',0.7921568627450980005, 0.8196078431372548767, 0.9333333333333333481 ) ;
#6848 = ORIENTED_EDGE ( 'NONE', *, *, #5049, .T. ) ;
#6849 = VERTEX_POINT ( 'NONE', #3443 ) ;
#6850 = AXIS2_PLACEMENT_3D ( 'NONE', #943, #1210, #7060 ) ;
#6851 = DIRECTION ( 'NONE',  ( 1.000000000000000000, 0.000000000000000000, 0.000000000000000000 ) ) ;
#6852 = CARTESIAN_POINT ( 'NONE',  ( 0.7290204228011620824, 0.9497722133673791589, 0.2510000000000000009 ) ) ;
#6853 = ORIENTED_EDGE ( 'NONE', *, *, #3436, .F. ) ;
#6854 = EDGE_CURVE ( 'NONE', #6445, #3080, #3, .T. ) ;
#6855 = CARTESIAN_POINT ( 'NONE',  ( 9.163145065364935199E-17, 0.9491441441441442750, 0.4500000000000000111 ) ) ;
#6856 = EDGE_CURVE ( 'NONE', #886, #4900, #542, .T. ) ;
#6857 = CARTESIAN_POINT ( 'NONE',  ( -1.668653815138664065, 3.349109615115158700, 0.05100000000000000366 ) ) ;
#6858 = PLANE ( 'NONE',  #1372 ) ;
#6859 = DIRECTION ( 'NONE',  ( -0.000000000000000000, -0.000000000000000000, -1.000000000000000000 ) ) ;
#6860 = VECTOR ( 'NONE', #3884, 1.000000000000000000 ) ;
#6861 = DIRECTION ( 'NONE',  ( -0.000000000000000000, -0.000000000000000000, -1.000000000000000000 ) ) ;
#6862 = EDGE_CURVE ( 'NONE', #657, #1503, #501, .T. ) ;
#6863 = EDGE_CURVE ( 'NONE', #1985, #2844, #6466, .T. ) ;
#6864 = ORIENTED_EDGE ( 'NONE', *, *, #6862, .T. ) ;
#6865 = ORIENTED_EDGE ( 'NONE', *, *, #5768, .T. ) ;
#6866 = DIRECTION ( 'NONE',  ( -2.166288828536891256E-16, 1.000000000000000000, 0.000000000000000000 ) ) ;
#6867 = DIRECTION ( 'NONE',  ( 1.000000000000000000, 0.000000000000000000, 0.000000000000000000 ) ) ;
#6868 = DIRECTION ( 'NONE',  ( 1.000000000000000000, 0.000000000000000000, -0.000000000000000000 ) ) ;
#6869 = ORIENTED_EDGE ( 'NONE', *, *, #4767, .F. ) ;
#6870 = LINE ( 'NONE', #6832, #7225 ) ;
#6871 = FACE_OUTER_BOUND ( 'NONE', #1496, .T. ) ;
#6872 = DIRECTION ( 'NONE',  ( 1.000000000000000000, 0.000000000000000000, 0.000000000000000000 ) ) ;
#6873 = CARTESIAN_POINT ( 'NONE',  ( 1.156351351351352807, -1.025855855855854593, 0.4510000000000000120 ) ) ;
#6875 = EDGE_CURVE ( 'NONE', #283, #7171, #7519, .T. ) ;
#6874 = ORIENTED_EDGE ( 'NONE', *, *, #3731, .T. ) ;
#6876 = VECTOR ( 'NONE', #7469, 1.000000000000000000 ) ;
#6877 = VERTEX_POINT ( 'NONE', #5773 ) ;
#6878 = CARTESIAN_POINT ( 'NONE',  ( 0.000000000000000000, 0.000000000000000000, 0.6520000000000003570 ) ) ;
#6879 = VERTEX_POINT ( 'NONE', #465 ) ;
#6880 = LINE ( 'NONE', #5722, #4899 ) ;
#6881 = CARTESIAN_POINT ( 'NONE',  ( 0.000000000000000000, 0.000000000000000000, 0.000000000000000000 ) ) ;
#6882 = ADVANCED_FACE ( 'NONE', ( #2822 ), #111, .T. ) ;
#6883 = VECTOR ( 'NONE', #2053, 1.000000000000000000 ) ;
#6884 = CARTESIAN_POINT ( 'NONE',  ( -0.01364864864864699309, -1.905855855855854708, 0.4510000000000000120 ) ) ;
#6885 = ORIENTED_EDGE ( 'NONE', *, *, #7304, .F. ) ;
#6886 = CARTESIAN_POINT ( 'NONE',  ( -0.04364864864864698157, -1.875855855855854681, 0.4510000000000000120 ) ) ;
#6887 = CARTESIAN_POINT ( 'NONE',  ( 1.881351351351352896, 0.9491441441441446081, 0.05000000000000000278 ) ) ;
#6888 = VECTOR ( 'NONE', #2721, 1.000000000000000000 ) ;
#6889 = UNCERTAINTY_MEASURE_WITH_UNIT (LENGTH_MEASURE( 1.000000000000000082E-05 ), #816, 'distance_accuracy_value', 'NONE');
#6890 = ORIENTED_EDGE ( 'NONE', *, *, #6229, .T. ) ;
#6891 = DIRECTION ( 'NONE',  ( 1.000000000000000000, 0.000000000000000000, 0.000000000000000000 ) ) ;
#6892 = CARTESIAN_POINT ( 'NONE',  ( 0.000000000000000000, 0.000000000000000000, 0.4500000000000000111 ) ) ;
#6893 = ORIENTED_EDGE ( 'NONE', *, *, #6473, .T. ) ;
#6894 = EDGE_CURVE ( 'NONE', #4813, #1436, #78, .T. ) ;
#6895 = CARTESIAN_POINT ( 'NONE',  ( 0.000000000000000000, 0.000000000000000000, 0.05100000000000000366 ) ) ;
#6896 = DIRECTION ( 'NONE',  ( -0.000000000000000000, -0.000000000000000000, -1.000000000000000000 ) ) ;
#6897 = DIRECTION ( 'NONE',  ( 1.000000000000000000, 7.930164461608261179E-17, 0.000000000000000000 ) ) ;
#6898 = FACE_OUTER_BOUND ( 'NONE', #397, .T. ) ;
#6899 = DIRECTION ( 'NONE',  ( 1.000000000000000000, 0.000000000000000000, 0.000000000000000000 ) ) ;
#6900 = ORIENTED_EDGE ( 'NONE', *, *, #37, .T. ) ;
#6901 = ORIENTED_EDGE ( 'NONE', *, *, #2342, .F. ) ;
#6902 = DIRECTION ( 'NONE',  ( -1.000000000000000000, 0.000000000000000000, 0.000000000000000000 ) ) ;
#6903 = PLANE ( 'NONE',  #889 ) ;
#6904 = EDGE_CURVE ( 'NONE', #4614, #2701, #5351, .T. ) ;
#6905 = CARTESIAN_POINT ( 'NONE',  ( 1.476351351351352870, -0.7058558558558547524, 0.4510000000000000120 ) ) ;
#6906 = ORIENTED_EDGE ( 'NONE', *, *, #1492, .T. ) ;
#6907 = ORIENTED_EDGE ( 'NONE', *, *, #4950, .T. ) ;
#6908 = DIRECTION ( 'NONE',  ( -0.000000000000000000, -0.000000000000000000, -1.000000000000000000 ) ) ;
#6909 = DIRECTION ( 'NONE',  ( -0.000000000000000000, -0.000000000000000000, -1.000000000000000000 ) ) ;
#6910 = DIRECTION ( 'NONE',  ( -1.000000000000000000, -0.000000000000000000, -0.000000000000000000 ) ) ;
#6911 = DIRECTION ( 'NONE',  ( -0.000000000000000000, -0.000000000000000000, 1.000000000000000000 ) ) ;
#6912 = ORIENTED_EDGE ( 'NONE', *, *, #4415, .F. ) ;
#6913 = ORIENTED_EDGE ( 'NONE', *, *, #4477, .F. ) ;
#6914 = ORIENTED_EDGE ( 'NONE', *, *, #4286, .F. ) ;
#6915 = CARTESIAN_POINT ( 'NONE',  ( -0.01248264923019517733, 1.694144144144144049, 0.2520000000000000018 ) ) ;
#6916 = ADVANCED_FACE ( 'NONE', ( #6655 ), #2437, .T. ) ;
#6917 = ORIENTED_EDGE ( 'NONE', *, *, #4707, .T. ) ;
#6918 = CARTESIAN_POINT ( 'NONE',  ( 0.000000000000000000, 0.000000000000000000, 0.05100000000000000366 ) ) ;
#6919 = VECTOR ( 'NONE', #2174, 1.000000000000000000 ) ;
#6920 = VECTOR ( 'NONE', #1166, 1.000000000000000000 ) ;
#6921 = DIRECTION ( 'NONE',  ( 1.000000000000000000, 0.000000000000000000, 0.000000000000000000 ) ) ;
#6922 = ORIENTED_EDGE ( 'NONE', *, *, #6298, .T. ) ;
#6923 = PLANE ( 'NONE',  #3665 ) ;
#6924 = PRODUCT_DEFINITION ( 'UNKNOWN', '', #3708, #3803 ) ;
#6925 = CARTESIAN_POINT ( 'NONE',  ( -8.781347354308063258E-17, 0.9491441441441443860, 0.4500000000000000111 ) ) ;
#6926 = EDGE_CURVE ( 'NONE', #7236, #1907, #2975, .T. ) ;
#6927 = ORIENTED_EDGE ( 'NONE', *, *, #6663, .T. ) ;
#6928 = LINE ( 'NONE', #4564, #2506 ) ;
#6929 = AXIS2_PLACEMENT_3D ( 'NONE', #5925, #2973, #6541 ) ;
#6930 = VECTOR ( 'NONE', #2193, 1.000000000000000000 ) ;
#6931 = CARTESIAN_POINT ( 'NONE',  ( -0.01364864864864699309, -1.905855855855854708, 0.4510000000000000120 ) ) ;
#6932 = LINE ( 'NONE', #4528, #3663 ) ;
#6933 = LINE ( 'NONE', #582, #7438 ) ;
#6934 = LINE ( 'NONE', #4256, #6576 ) ;
#6935 = DIRECTION ( 'NONE',  ( 0.000000000000000000, -0.000000000000000000, -1.000000000000000000 ) ) ;
#6936 = CARTESIAN_POINT ( 'NONE',  ( -1.242844139922891555, 0.5241441441441452298, 0.2510000000000000009 ) ) ;
#6937 = VECTOR ( 'NONE', #3371, 1.000000000000000000 ) ;
#6938 = EDGE_LOOP ( 'NONE', ( #7404, #3491, #7423, #6111 ) ) ;
#6939 = VERTEX_POINT ( 'NONE', #5422 ) ;
#6940 = LINE ( 'NONE', #6433, #5314 ) ;
#6941 = LINE ( 'NONE', #5239, #762 ) ;
#6942 = CARTESIAN_POINT ( 'NONE',  ( -0.4686486486486469705, -2.600855855855854770, 0.05000000000000000278 ) ) ;
#6943 = ORIENTED_EDGE ( 'NONE', *, *, #3230, .T. ) ;
#6944 = VECTOR ( 'NONE', #3636, 1.000000000000000000 ) ;
#6945 = EDGE_CURVE ( 'NONE', #3782, #800, #6543, .T. ) ;
#6946 = FACE_OUTER_BOUND ( 'NONE', #2406, .T. ) ;
#6947 = DIRECTION ( 'NONE',  ( -0.000000000000000000, -0.000000000000000000, -1.000000000000000000 ) ) ;
#6948 = EDGE_LOOP ( 'NONE', ( #3360, #205, #1746, #1552 ) ) ;
#6949 = VECTOR ( 'NONE', #4610, 1.000000000000000000 ) ;
#6950 = PLANE ( 'NONE',  #786 ) ;
#6951 = ORIENTED_EDGE ( 'NONE', *, *, #5057, .T. ) ;
#6952 = VECTOR ( 'NONE', #2532, 1.000000000000000000 ) ;
#6953 = VERTEX_POINT ( 'NONE', #5927 ) ;
#6954 = ORIENTED_EDGE ( 'NONE', *, *, #5734, .F. ) ;
#6955 = LINE ( 'NONE', #1685, #3592 ) ;
#6956 = AXIS2_PLACEMENT_3D ( 'NONE', #1888, #4756, #6036 ) ;
#6957 = VECTOR ( 'NONE', #1843, 1.000000000000000000 ) ;
#6958 = ORIENTED_EDGE ( 'NONE', *, *, #175, .F. ) ;
#6959 = DIRECTION ( 'NONE',  ( 0.000000000000000000, -1.000000000000000000, 0.000000000000000000 ) ) ;
#6960 = ADVANCED_FACE ( 'NONE', ( #1819 ), #7202, .F. ) ;
#6961 = DIRECTION ( 'NONE',  ( -0.000000000000000000, -0.000000000000000000, -1.000000000000000000 ) ) ;
#6962 = EDGE_CURVE ( 'NONE', #258, #6337, #4291, .T. ) ;
#6963 = LINE ( 'NONE', #1728, #4233 ) ;
#6964 = VERTEX_POINT ( 'NONE', #6079 ) ;
#6965 = CARTESIAN_POINT ( 'NONE',  ( -2.432432432432432012, -0.9216216216216202017, 0.1499999999999999944 ) ) ;
#6966 = DIRECTION ( 'NONE',  ( 1.000000000000000000, 7.930164461608258714E-17, -0.000000000000000000 ) ) ;
#6967 = FACE_OUTER_BOUND ( 'NONE', #5134, .T. ) ;
#6968 = CARTESIAN_POINT ( 'NONE',  ( -0.4686486486486469705, -1.450855855855854637, 0.05000000000000000278 ) ) ;
#6969 = DIRECTION ( 'NONE',  ( -0.000000000000000000, -0.000000000000000000, -1.000000000000000000 ) ) ;
#6970 = VECTOR ( 'NONE', #597, 1.000000000000000000 ) ;
#6971 = CARTESIAN_POINT ( 'NONE',  ( 0.000000000000000000, 0.000000000000000000, 0.2510000000000000009 ) ) ;
#6972 = FACE_OUTER_BOUND ( 'NONE', #5382, .T. ) ;
#6973 = DIRECTION ( 'NONE',  ( 0.000000000000000000, -0.000000000000000000, -1.000000000000000000 ) ) ;
#6974 = DIRECTION ( 'NONE',  ( 0.000000000000000000, -0.000000000000000000, 1.000000000000000000 ) ) ;
#6975 = AXIS2_PLACEMENT_3D ( 'NONE', #2825, #7637, #4688 ) ;
#6976 = ORIENTED_EDGE ( 'NONE', *, *, #7388, .F. ) ;
#6977 = ORIENTED_EDGE ( 'NONE', *, *, #4349, .T. ) ;
#6978 = DIRECTION ( 'NONE',  ( 0.000000000000000000, -1.000000000000000000, 0.000000000000000000 ) ) ;
#6979 = ADVANCED_FACE ( 'NONE', ( #767, #2400 ), #729, .T. ) ;
#6980 = VECTOR ( 'NONE', #6715, 1.000000000000000000 ) ;
#6981 = FACE_OUTER_BOUND ( 'NONE', #733, .T. ) ;
#6982 = CARTESIAN_POINT ( 'NONE',  ( 0.7313513513513532072, 2.149144144144145230, 0.4500000000000000111 ) ) ;
#6983 = ORIENTED_EDGE ( 'NONE', *, *, #1884, .F. ) ;
#6984 = VECTOR ( 'NONE', #2483, 1.000000000000000000 ) ;
#6985 = CARTESIAN_POINT ( 'NONE',  ( -1.213648648648647077, -0.9958558558558545659, 0.4500000000000000111 ) ) ;
#6986 = CARTESIAN_POINT ( 'NONE',  ( -2.918382539233228989, 3.348907565514117834, 0.1500000000000000222 ) ) ;
#6987 = EDGE_LOOP ( 'NONE', ( #1605, #6119, #2418, #2840, #1656, #3088, #6053, #5198 ) ) ;
#6988 = CARTESIAN_POINT ( 'NONE',  ( 3.126837698566487411, 3.348351809431109327, 0.1500000000000000222 ) ) ;
#6989 = ORIENTED_EDGE ( 'NONE', *, *, #6675, .F. ) ;
#6990 = ORIENTED_EDGE ( 'NONE', *, *, #5227, .T. ) ;
#6991 = ORIENTED_EDGE ( 'NONE', *, *, #2190, .T. ) ;
#6992 = CARTESIAN_POINT ( 'NONE',  ( 1.913785313619750683, -4.100310651257746741, 0.05000000000000000278 ) ) ;
#6993 = EDGE_CURVE ( 'NONE', #6105, #3554, #1313, .T. ) ;
#6994 = VERTEX_POINT ( 'NONE', #7125 ) ;
#6995 = CARTESIAN_POINT ( 'NONE',  ( 2.617567567567565590, 1.078378378378379576, 0.05100000000000000366 ) ) ;
#6996 = FACE_OUTER_BOUND ( 'NONE', #4619, .T. ) ;
#6997 = EDGE_CURVE ( 'NONE', #7510, #3048, #4761, .T. ) ;
#6998 = ADVANCED_FACE ( 'NONE', ( #3054 ), #3085, .F. ) ;
#6999 = LINE ( 'NONE', #2238, #4099 ) ;
#7000 = EDGE_CURVE ( 'NONE', #1603, #4322, #2359, .T. ) ;
#7001 = ORIENTED_EDGE ( 'NONE', *, *, #5962, .T. ) ;
#7002 = PLANE ( 'NONE',  #5411 ) ;
#7003 = DIRECTION ( 'NONE',  ( 0.000000000000000000, -0.000000000000000000, 1.000000000000000000 ) ) ;
#7004 = VECTOR ( 'NONE', #6738, 1.000000000000000000 ) ;
#7005 = FACE_OUTER_BOUND ( 'NONE', #4535, .T. ) ;
#7006 = EDGE_CURVE ( 'NONE', #3912, #6445, #5457, .T. ) ;
#7007 = DIRECTION ( 'NONE',  ( 3.172065784643304472E-16, 1.000000000000000000, -0.000000000000000000 ) ) ;
#7008 = AXIS2_PLACEMENT_3D ( 'NONE', #4969, #7336, #2100 ) ;
#7009 = CARTESIAN_POINT ( 'NONE',  ( -1.668653815138664065, 2.149178435024714506, 0.05100000000000000366 ) ) ;
#7010 = CARTESIAN_POINT ( 'NONE',  ( 1.156351351351352807, -1.875855855855854681, 0.2510000000000000009 ) ) ;
#7011 = LINE ( 'NONE', #5806, #24 ) ;
#7012 = LINE ( 'NONE', #5, #2829 ) ;
#7013 = CARTESIAN_POINT ( 'NONE',  ( 1.506351351351353340, 1.724144144144144519, 0.4500000000000000111 ) ) ;
#7014 = VECTOR ( 'NONE', #6041, 1.000000000000000000 ) ;
#7015 = EDGE_LOOP ( 'NONE', ( #2452, #3381, #4863, #2298 ) ) ;
#7016 = ORIENTED_EDGE ( 'NONE', *, *, #3308, .F. ) ;
#7017 = DIRECTION ( 'NONE',  ( 0.000000000000000000, -0.000000000000000000, -1.000000000000000000 ) ) ;
#7018 = DIRECTION ( 'NONE',  ( 0.000000000000000000, 1.000000000000000000, 0.000000000000000000 ) ) ;
#7019 = DIRECTION ( 'NONE',  ( -0.000000000000000000, -0.000000000000000000, -1.000000000000000000 ) ) ;
#7020 = ORIENTED_EDGE ( 'NONE', *, *, #7400, .T. ) ;
#7021 = DIRECTION ( 'NONE',  ( -1.000000000000000000, 0.000000000000000000, 0.000000000000000000 ) ) ;
#7022 = DIRECTION ( 'NONE',  ( -1.000000000000000000, -3.172065784643304472E-16, -0.000000000000000000 ) ) ;
#7023 = ORIENTED_EDGE ( 'NONE', *, *, #173, .T. ) ;
#7024 = EDGE_CURVE ( 'NONE', #2301, #3456, #5387, .T. ) ;
#7025 = CARTESIAN_POINT ( 'NONE',  ( 1.506351351351352896, -0.6758558558558547258, 0.4510000000000000120 ) ) ;
#7026 = FACE_OUTER_BOUND ( 'NONE', #758, .T. ) ;
#7027 = EDGE_LOOP ( 'NONE', ( #6688, #3699, #194, #937 ) ) ;
#7028 = ORIENTED_EDGE ( 'NONE', *, *, #3436, .T. ) ;
#7029 = ORIENTED_EDGE ( 'NONE', *, *, #2927, .T. ) ;
#7030 = CARTESIAN_POINT ( 'NONE',  ( -0.06864864864864672622, 0.1741441441441443361, 0.4510000000000000120 ) ) ;
#7031 = EDGE_LOOP ( 'NONE', ( #3246, #1984, #1736, #2839 ) ) ;
#7032 = DIRECTION ( 'NONE',  ( 1.000000000000000000, 0.000000000000000000, 0.000000000000000000 ) ) ;
#7033 = CARTESIAN_POINT ( 'NONE',  ( -1.243648648648647104, 1.722892555011814375, 0.4510000000000000120 ) ) ;
#7034 = EDGE_CURVE ( 'NONE', #4591, #1985, #3017, .T. ) ;
#7035 = CARTESIAN_POINT ( 'NONE',  ( -0.4786486486486467573, -1.450855855855854637, 0.4500000000000000111 ) ) ;
#7036 = ORIENTED_EDGE ( 'NONE', *, *, #1223, .F. ) ;
#7037 = LINE ( 'NONE', #1190, #3169 ) ;
#7038 = EDGE_CURVE ( 'NONE', #4900, #5255, #3635, .T. ) ;
#7039 = VECTOR ( 'NONE', #3915, 1.000000000000000000 ) ;
#7040 = CARTESIAN_POINT ( 'NONE',  ( 8.781347354308071886E-17, 0.9491441441441451632, 0.05000000000000000278 ) ) ;
#7041 = EDGE_CURVE ( 'NONE', #2448, #3537, #222, .T. ) ;
#7042 = CARTESIAN_POINT ( 'NONE',  ( -0.4436486486486466707, -8.209149076226062317E-17, 0.4500000000000000111 ) ) ;
#7043 = EDGE_LOOP ( 'NONE', ( #6696, #4573, #3433, #952 ) ) ;
#7044 = CARTESIAN_POINT ( 'NONE',  ( -0.8936486486486471259, -0.6758558558558546148, 0.4500000000000000111 ) ) ;
#7045 = DIRECTION ( 'NONE',  ( -0.000000000000000000, -0.000000000000000000, -1.000000000000000000 ) ) ;
#7046 = EDGE_CURVE ( 'NONE', #1359, #479, #7433, .T. ) ;
#7047 = LINE ( 'NONE', #429, #6211 ) ;
#7048 = DIRECTION ( 'NONE',  ( 0.000000000000000000, 0.000000000000000000, -1.000000000000000000 ) ) ;
#7049 = DIRECTION ( 'NONE',  ( -0.000000000000000000, -1.000000000000000000, -0.000000000000000000 ) ) ;
#7050 = DIRECTION ( 'NONE',  ( -1.000000000000000000, -0.000000000000000000, -0.000000000000000000 ) ) ;
#7051 = EDGE_CURVE ( 'NONE', #1503, #798, #3244, .T. ) ;
#7052 = ORIENTED_EDGE ( 'NONE', *, *, #5194, .F. ) ;
#7053 = VECTOR ( 'NONE', #7220, 1.000000000000000000 ) ;
#7054 = ORIENTED_EDGE ( 'NONE', *, *, #6654, .F. ) ;
#7055 = FACE_OUTER_BOUND ( 'NONE', #3286, .T. ) ;
#7056 = LINE ( 'NONE', #2905, #3238 ) ;
#7057 = PLANE ( 'NONE',  #3715 ) ;
#7058 = ORIENTED_EDGE ( 'NONE', *, *, #5644, .T. ) ;
#7059 = LINE ( 'NONE', #4036, #4877 ) ;
#7060 = DIRECTION ( 'NONE',  ( -2.166288828536891256E-16, 1.000000000000000000, 0.000000000000000000 ) ) ;
#7061 = EDGE_LOOP ( 'NONE', ( #7494, #7476, #3550, #573 ) ) ;
#7062 = LINE ( 'NONE', #5366, #5719 ) ;
#7063 = CARTESIAN_POINT ( 'NONE',  ( -1.618648648648647104, -2.600855855855854770, 0.05100000000000000366 ) ) ;
#7064 = ORIENTED_EDGE ( 'NONE', *, *, #241, .T. ) ;
#7065 = PRODUCT_DEFINITION_FORMATION_WITH_SPECIFIED_SOURCE ( 'ANY', '', #7458, .NOT_KNOWN. ) ;
#7066 = EDGE_LOOP ( 'NONE', ( #1292, #6450, #5343, #1631 ) ) ;
#7067 = ORIENTED_EDGE ( 'NONE', *, *, #569, .T. ) ;
#7068 = CARTESIAN_POINT ( 'NONE',  ( -0.4632964566313568788, -0.2619442023300436184, 0.6510000000000003562 ) ) ;
#7069 = AXIS2_PLACEMENT_3D ( 'NONE', #3339, #401, #2758 ) ;
#7070 = AXIS2_PLACEMENT_3D ( 'NONE', #42, #2509, #5969 ) ;
#7071 = VERTEX_POINT ( 'NONE', #3900 ) ;
#7072 = FACE_OUTER_BOUND ( 'NONE', #6098, .T. ) ;
#7073 = CARTESIAN_POINT ( 'NONE',  ( -1.213648648648647077, 1.692892555011814348, 0.4510000000000000120 ) ) ;
#7074 = VECTOR ( 'NONE', #723, 1.000000000000000000 ) ;
#7075 = VECTOR ( 'NONE', #2388, 1.000000000000000000 ) ;
#7076 = CARTESIAN_POINT ( 'NONE',  ( -0.8928441399228915776, 0.5241441441441452298, 0.2510000000000000009 ) ) ;
#7077 = EDGE_CURVE ( 'NONE', #4132, #5392, #3742, .T. ) ;
#7078 = ORIENTED_EDGE ( 'NONE', *, *, #125, .F. ) ;
#7079 = ORIENTED_EDGE ( 'NONE', *, *, #7355, .T. ) ;
#7080 = LINE ( 'NONE', #5840, #2686 ) ;
#7081 = LINE ( 'NONE', #3008, #2617 ) ;
#7082 = LINE ( 'NONE', #144, #5851 ) ;
#7083 = VERTEX_POINT ( 'NONE', #6807 ) ;
#7084 = CARTESIAN_POINT ( 'NONE',  ( 1.170752172914886202, 0.2127057713251167548, 0.6520000000000003570 ) ) ;
#7085 = DIRECTION ( 'NONE',  ( -0.000000000000000000, -0.000000000000000000, -1.000000000000000000 ) ) ;
#7086 = DIRECTION ( 'NONE',  ( -0.000000000000000000, -0.000000000000000000, -1.000000000000000000 ) ) ;
#7087 = PLANE ( 'NONE',  #441 ) ;
#7088 = PLANE ( 'NONE',  #2646 ) ;
#7089 = VECTOR ( 'NONE', #4321, 1.000000000000000000 ) ;
#7090 = VERTEX_POINT ( 'NONE', #1460 ) ;
#7091 = ORIENTED_EDGE ( 'NONE', *, *, #2467, .T. ) ;
#7092 = DIRECTION ( 'NONE',  ( -3.172065784643303486E-16, 1.000000000000000000, -0.000000000000000000 ) ) ;
#7093 = CARTESIAN_POINT ( 'NONE',  ( 1.460752172914886238, 0.2127057713251167548, 0.6520000000000003570 ) ) ;
#7094 = EDGE_CURVE ( 'NONE', #972, #2419, #306, .T. ) ;
#7095 = AXIS2_PLACEMENT_3D ( 'NONE', #5155, #2715, #934 ) ;
#7096 = CARTESIAN_POINT ( 'NONE',  ( -2.432432432432432012, -0.9216216216216202017, 0.1499999999999999944 ) ) ;
#7097 = EDGE_LOOP ( 'NONE', ( #1065, #7547, #4551, #3180, #408, #3062 ) ) ;
#7098 = EDGE_CURVE ( 'NONE', #4373, #1575, #6271, .T. ) ;
#7099 = CARTESIAN_POINT ( 'NONE',  ( -1.242844139922891555, 0.1741441441441452520, 0.2520000000000000018 ) ) ;
#7100 = CARTESIAN_POINT ( 'NONE',  ( -2.867919202630825559, -2.650885740052331574, 0.05000000000000000278 ) ) ;
#7101 = VERTEX_POINT ( 'NONE', #2624 ) ;
#7102 = DIRECTION ( 'NONE',  ( 0.000000000000000000, -0.000000000000000000, -1.000000000000000000 ) ) ;
#7103 = DIRECTION ( 'NONE',  ( 0.000000000000000000, -1.000000000000000000, 0.000000000000000000 ) ) ;
#7104 = VERTEX_POINT ( 'NONE', #4987 ) ;
#7105 = VECTOR ( 'NONE', #945, 1.000000000000000000 ) ;
#7106 = VERTEX_POINT ( 'NONE', #6730 ) ;
#7107 = VERTEX_POINT ( 'NONE', #960 ) ;
#7108 = DIRECTION ( 'NONE',  ( -0.000000000000000000, -0.000000000000000000, -1.000000000000000000 ) ) ;
#7109 = AXIS2_PLACEMENT_3D ( 'NONE', #5972, #1562, #290 ) ;
#7110 = EDGE_LOOP ( 'NONE', ( #3380, #2482, #6269, #5430 ) ) ;
#7111 = FACE_OUTER_BOUND ( 'NONE', #7451, .T. ) ;
#7112 = EDGE_CURVE ( 'NONE', #2613, #2131, #803, .T. ) ;
#7113 = CARTESIAN_POINT ( 'NONE',  ( 1.476351351351352870, -0.7058558558558547524, 0.4510000000000000120 ) ) ;
#7114 = LINE ( 'NONE', #4086, #6957 ) ;
#7115 = ORIENTED_EDGE ( 'NONE', *, *, #7309, .F. ) ;
#7116 = CARTESIAN_POINT ( 'NONE',  ( -0.04364864864864695382, -2.225855855855854770, 0.4500000000000000111 ) ) ;
#7117 = VECTOR ( 'NONE', #5424, 1.000000000000000000 ) ;
#7118 = DIRECTION ( 'NONE',  ( 1.000000000000000000, 0.000000000000000000, 0.000000000000000000 ) ) ;
#7119 = EDGE_CURVE ( 'NONE', #6368, #689, #188, .T. ) ;
#7120 = VERTEX_POINT ( 'NONE', #4481 ) ;
#7121 = EDGE_CURVE ( 'NONE', #5112, #5404, #7356, .T. ) ;
#7122 = LINE ( 'NONE', #107, #5484 ) ;
#7123 = VERTEX_POINT ( 'NONE', #5654 ) ;
#7124 = CARTESIAN_POINT ( 'NONE',  ( 1.506351351351353340, 1.724144144144144519, 0.4510000000000000120 ) ) ;
#7125 = CARTESIAN_POINT ( 'NONE',  ( -2.918382539233228989, -4.100766735799657781, 0.05000000000000000278 ) ) ;
#7126 = CARTESIAN_POINT ( 'NONE',  ( 1.883785313619750434, -4.100310651257746741, 0.05100000000000000366 ) ) ;
#7127 = DIRECTION ( 'NONE',  ( 0.000000000000000000, -0.000000000000000000, 1.000000000000000000 ) ) ;
#7128 = DIRECTION ( 'NONE',  ( -1.000000000000000000, 0.000000000000000000, 0.000000000000000000 ) ) ;
#7129 = ORIENTED_EDGE ( 'NONE', *, *, #6993, .T. ) ;
#7130 = ORIENTED_EDGE ( 'NONE', *, *, #1074, .T. ) ;
#7131 = DIRECTION ( 'NONE',  ( -1.000000000000000000, -0.000000000000000000, -0.000000000000000000 ) ) ;
#7132 = EDGE_CURVE ( 'NONE', #6083, #5120, #2006, .T. ) ;
#7133 = CARTESIAN_POINT ( 'NONE',  ( 1.506351351351352896, -1.875855855855854681, 0.2520000000000000018 ) ) ;
#7134 = VECTOR ( 'NONE', #795, 1.000000000000000000 ) ;
#7135 = CARTESIAN_POINT ( 'NONE',  ( 2.617567567567565590, 1.078378378378379576, 0.05000000000000000278 ) ) ;
#7136 = VERTEX_POINT ( 'NONE', #3283 ) ;
#7137 = EDGE_CURVE ( 'NONE', #5404, #6701, #2044, .T. ) ;
#7138 = PLANE ( 'NONE',  #6611 ) ;
#7139 = DIRECTION ( 'NONE',  ( 1.000000000000000000, 0.000000000000000000, 0.000000000000000000 ) ) ;
#7140 = VERTEX_POINT ( 'NONE', #3818 ) ;
#7141 = AXIS2_PLACEMENT_3D ( 'NONE', #6965, #3243, #6805 ) ;
#7142 = DIRECTION ( 'NONE',  ( 0.000000000000000000, 0.000000000000000000, 1.000000000000000000 ) ) ;
#7143 = LINE ( 'NONE', #7573, #6970 ) ;
#7144 = ORIENTED_EDGE ( 'NONE', *, *, #6150, .F. ) ;
#7145 = VERTEX_POINT ( 'NONE', #6192 ) ;
#7146 = ORIENTED_EDGE ( 'NONE', *, *, #1223, .T. ) ;
#7147 = EDGE_CURVE ( 'NONE', #3350, #21, #5535, .T. ) ;
#7148 = DIRECTION ( 'NONE',  ( 0.000000000000000000, 1.000000000000000000, 0.000000000000000000 ) ) ;
#7149 = ORIENTED_EDGE ( 'NONE', *, *, #3346, .F. ) ;
#7150 = FACE_OUTER_BOUND ( 'NONE', #7015, .T. ) ;
#7151 = DIRECTION ( 'NONE',  ( 0.000000000000000000, -1.000000000000000000, 0.000000000000000000 ) ) ;
#7152 = EDGE_CURVE ( 'NONE', #4132, #6105, #7397, .T. ) ;
#7153 = LINE ( 'NONE', #5993, #3110 ) ;
#7154 = ORIENTED_EDGE ( 'NONE', *, *, #3814, .F. ) ;
#7155 = PLANE ( 'NONE',  #5778 ) ;
#7156 = DIRECTION ( 'NONE',  ( -0.000000000000000000, -0.000000000000000000, -1.000000000000000000 ) ) ;
#7157 = EDGE_LOOP ( 'NONE', ( #254, #5029, #4229, #5966 ) ) ;
#7158 = CARTESIAN_POINT ( 'NONE',  ( -1.661268387826372095, -1.459372486768057531, 0.2510000000000000009 ) ) ;
#7159 = EDGE_CURVE ( 'NONE', #3747, #5120, #1423, .T. ) ;
#7160 = ORIENTED_EDGE ( 'NONE', *, *, #400, .T. ) ;
#7161 = CARTESIAN_POINT ( 'NONE',  ( -0.8936486486486472369, 1.372892555011814508, 0.4500000000000000111 ) ) ;
#7162 = VECTOR ( 'NONE', #933, 1.000000000000000000 ) ;
#7163 = DIRECTION ( 'NONE',  ( -1.000000000000000000, 9.251858538542972814E-17, 0.000000000000000000 ) ) ;
#7164 = PLANE ( 'NONE',  #1257 ) ;
#7165 = DIRECTION ( 'NONE',  ( -1.000000000000000000, 3.172065784643305458E-16, 0.000000000000000000 ) ) ;
#7166 = EDGE_CURVE ( 'NONE', #4991, #6295, #6846, .T. ) ;
#7167 = ORIENTED_EDGE ( 'NONE', *, *, #5097, .F. ) ;
#7168 = VERTEX_POINT ( 'NONE', #2664 ) ;
#7169 = DIRECTION ( 'NONE',  ( -0.000000000000000000, 1.000000000000000000, -0.000000000000000000 ) ) ;
#7170 = CARTESIAN_POINT ( 'NONE',  ( 0.2963513513513529873, -0.6661949088771521588, 0.6520000000000003570 ) ) ;
#7171 = VERTEX_POINT ( 'NONE', #3861 ) ;
#7172 = LINE ( 'NONE', #1209, #6984 ) ;
#7173 = LINE ( 'NONE', #160, #3097 ) ;
#7174 = VECTOR ( 'NONE', #5770, 1.000000000000000000 ) ;
#7175 = VERTEX_POINT ( 'NONE', #2545 ) ;
#7176 = DIRECTION ( 'NONE',  ( 0.000000000000000000, -0.000000000000000000, 1.000000000000000000 ) ) ;
#7177 = EDGE_LOOP ( 'NONE', ( #1462, #2549, #6250, #7146 ) ) ;
#7178 = ORIENTED_EDGE ( 'NONE', *, *, #3467, .F. ) ;
#7179 = ORIENTED_EDGE ( 'NONE', *, *, #4984, .T. ) ;
#7180 = DIRECTION ( 'NONE',  ( -0.000000000000000000, -0.000000000000000000, -1.000000000000000000 ) ) ;
#7181 = AXIS2_PLACEMENT_3D ( 'NONE', #3904, #5068, #5731 ) ;
#7182 = ADVANCED_FACE ( 'NONE', ( #6117 ), #4946, .F. ) ;
#7183 = AXIS2_PLACEMENT_3D ( 'NONE', #2492, #4162, #5518 ) ;
#7184 = DIRECTION ( 'NONE',  ( 1.000000000000000000, 0.000000000000000000, 0.000000000000000000 ) ) ;
#7185 = LINE ( 'NONE', #1881, #5377 ) ;
#7186 = VECTOR ( 'NONE', #3026, 1.000000000000000000 ) ;
#7187 = LINE ( 'NONE', #7035, #274 ) ;
#7188 = EDGE_CURVE ( 'NONE', #4322, #3152, #998, .T. ) ;
#7189 = VERTEX_POINT ( 'NONE', #1660 ) ;
#7190 = FACE_OUTER_BOUND ( 'NONE', #3706, .T. ) ;
#7191 = VECTOR ( 'NONE', #2665, 1.000000000000000000 ) ;
#7192 = FACE_OUTER_BOUND ( 'NONE', #215, .T. ) ;
#7193 = EDGE_CURVE ( 'NONE', #2963, #3827, #419, .T. ) ;
#7194 = EDGE_CURVE ( 'NONE', #552, #3992, #2317, .T. ) ;
#7195 = VECTOR ( 'NONE', #3407, 1.000000000000000000 ) ;
#7196 = EDGE_LOOP ( 'NONE', ( #3733, #5853, #1641, #1215, #5209, #6917, #2058, #3156 ) ) ;
#7197 = EDGE_LOOP ( 'NONE', ( #4329, #6976, #775, #1021 ) ) ;
#7198 = LINE ( 'NONE', #1891, #5108 ) ;
#7199 = VECTOR ( 'NONE', #2393, 1.000000000000000000 ) ;
#7200 = ORIENTED_EDGE ( 'NONE', *, *, #1501, .T. ) ;
#7201 = CARTESIAN_POINT ( 'NONE',  ( 1.883785313619750434, -2.650960111606672331, 0.05000000000000000278 ) ) ;
#7202 = PLANE ( 'NONE',  #2983 ) ;
#7203 = DIRECTION ( 'NONE',  ( -0.000000000000000000, -0.000000000000000000, -1.000000000000000000 ) ) ;
#7204 = CARTESIAN_POINT ( 'NONE',  ( 0.7063513513513531850, 0.9491441441441441640, 0.4500000000000000111 ) ) ;
#7205 = ADVANCED_FACE ( 'NONE', ( #5266 ), #2743, .F. ) ;
#7206 = ORIENTED_EDGE ( 'NONE', *, *, #5531, .T. ) ;
#7207 = VERTEX_POINT ( 'NONE', #1732 ) ;
#7208 = DIRECTION ( 'NONE',  ( -0.000000000000000000, -0.000000000000000000, -1.000000000000000000 ) ) ;
#7209 = FACE_OUTER_BOUND ( 'NONE', #5756, .T. ) ;
#7210 = ORIENTED_EDGE ( 'NONE', *, *, #4115, .F. ) ;
#7211 = CARTESIAN_POINT ( 'NONE',  ( -1.213648648648647077, -0.7058558558558547524, 0.4510000000000000120 ) ) ;
#7212 = LINE ( 'NONE', #7250, #5339 ) ;
#7213 = ORIENTED_EDGE ( 'NONE', *, *, #462, .T. ) ;
#7214 = DIRECTION ( 'NONE',  ( 1.000000000000000000, 0.000000000000000000, 0.000000000000000000 ) ) ;
#7215 = DIRECTION ( 'NONE',  ( -0.000000000000000000, -0.000000000000000000, -1.000000000000000000 ) ) ;
#7216 = ADVANCED_FACE ( 'NONE', ( #4056 ), #5691, .F. ) ;
#7217 = ORIENTED_EDGE ( 'NONE', *, *, #6068, .T. ) ;
#7218 = VERTEX_POINT ( 'NONE', #7590 ) ;
#7219 = VERTEX_POINT ( 'NONE', #2780 ) ;
#7220 = DIRECTION ( 'NONE',  ( -0.000000000000000000, -0.000000000000000000, -1.000000000000000000 ) ) ;
#7221 = APPLICATION_CONTEXT ( 'automotive_design' ) ;
#7222 = CARTESIAN_POINT ( 'NONE',  ( -2.432432432432432456, 1.078378378378379576, 0.05000000000000000278 ) ) ;
#7223 = VECTOR ( 'NONE', #6899, 1.000000000000000000 ) ;
#7224 = CARTESIAN_POINT ( 'NONE',  ( 0.7290204228011620824, 2.099144144144145407, 0.05100000000000000366 ) ) ;
#7225 = VECTOR ( 'NONE', #7337, 1.000000000000000000 ) ;
#7226 = EDGE_CURVE ( 'NONE', #1677, #4409, #4092, .T. ) ;
#7227 = VERTEX_POINT ( 'NONE', #458 ) ;
#7228 = EDGE_LOOP ( 'NONE', ( #6307, #6733, #7319, #1323, #3794, #819 ) ) ;
#7229 = CARTESIAN_POINT ( 'NONE',  ( -1.212844139922891529, 0.2041441441441452787, 0.2520000000000000018 ) ) ;
#7230 = VECTOR ( 'NONE', #3611, 1.000000000000000000 ) ;
#7231 = LINE ( 'NONE', #4282, #6582 ) ;
#7232 = EDGE_CURVE ( 'NONE', #6224, #7101, #5144, .T. ) ;
#7233 = ORIENTED_EDGE ( 'NONE', *, *, #5261, .F. ) ;
#7234 = ADVANCED_FACE ( 'NONE', ( #7513 ), #1110, .T. ) ;
#7235 = DIRECTION ( 'NONE',  ( -1.000000000000000000, -0.000000000000000000, -0.000000000000000000 ) ) ;
#7236 = VERTEX_POINT ( 'NONE', #2816 ) ;
#7237 = FACE_OUTER_BOUND ( 'NONE', #935, .T. ) ;
#7238 = DIRECTION ( 'NONE',  ( -0.000000000000000000, -0.000000000000000000, -1.000000000000000000 ) ) ;
#7239 = FACE_OUTER_BOUND ( 'NONE', #2577, .T. ) ;
#7240 = CARTESIAN_POINT ( 'NONE',  ( 0.7010708180236888687, -0.2619442023300436184, 0.05100000000000000366 ) ) ;
#7241 = AXIS2_PLACEMENT_3D ( 'NONE', #3774, #6685, #6228 ) ;
#7242 = ORIENTED_EDGE ( 'NONE', *, *, #488, .F. ) ;
#7243 = EDGE_CURVE ( 'NONE', #3456, #2219, #2280, .T. ) ;
#7244 = ORIENTED_EDGE ( 'NONE', *, *, #6675, .T. ) ;
#7245 = DIRECTION ( 'NONE',  ( -0.000000000000000000, -0.000000000000000000, -1.000000000000000000 ) ) ;
#7246 = FACE_OUTER_BOUND ( 'NONE', #4237, .T. ) ;
#7247 = ORIENTED_EDGE ( 'NONE', *, *, #4736, .T. ) ;
#7248 = DIRECTION ( 'NONE',  ( -1.000000000000000000, 0.000000000000000000, 0.000000000000000000 ) ) ;
#7249 = CARTESIAN_POINT ( 'NONE',  ( 0.000000000000000000, 0.000000000000000000, 0.4500000000000000111 ) ) ;
#7250 = CARTESIAN_POINT ( 'NONE',  ( -2.918382539233228989, 3.348907565514117834, 0.05000000000000000278 ) ) ;
#7251 = ORIENTED_EDGE ( 'NONE', *, *, #3319, .F. ) ;
#7252 = CARTESIAN_POINT ( 'NONE',  ( 1.482683775906104229, 2.712045197791528750, 3.908348168590301430 ) ) ;
#7253 = PLANE ( 'NONE',  #2643 ) ;
#7254 = EDGE_LOOP ( 'NONE', ( #4380, #742, #3859, #1536 ) ) ;
#7255 = VERTEX_POINT ( 'NONE', #6462 ) ;
#7256 = EDGE_LOOP ( 'NONE', ( #7265, #4174, #3540, #6562 ) ) ;
#7257 = VECTOR ( 'NONE', #2537, 1.000000000000000000 ) ;
#7258 = CARTESIAN_POINT ( 'NONE',  ( 1.817567567567565545, 1.078378378378379576, 0.05100000000000000366 ) ) ;
#7259 = CARTESIAN_POINT ( 'NONE',  ( 0.2775173507698048825, 1.694144144144144049, 0.2510000000000000009 ) ) ;
#7260 = ADVANCED_FACE ( 'NONE', ( #2162 ), #1153, .F. ) ;
#7261 = DIRECTION ( 'NONE',  ( -1.000000000000000000, 0.000000000000000000, 0.000000000000000000 ) ) ;
#7262 = VECTOR ( 'NONE', #4567, 1.000000000000000000 ) ;
#7263 = DIRECTION ( 'NONE',  ( -1.000000000000000000, -1.192376064322233222E-16, 0.000000000000000000 ) ) ;
#7264 = EDGE_CURVE ( 'NONE', #3499, #4330, #4520, .T. ) ;
#7265 = ORIENTED_EDGE ( 'NONE', *, *, #2819, .T. ) ;
#7266 = VERTEX_POINT ( 'NONE', #6887 ) ;
#7267 = CARTESIAN_POINT ( 'NONE',  ( -0.05364864864864699046, -0.6661949088771521588, 0.6510000000000003562 ) ) ;
#7268 = DIRECTION ( 'NONE',  ( 0.000000000000000000, -1.000000000000000000, 0.000000000000000000 ) ) ;
#7269 = ORIENTED_EDGE ( 'NONE', *, *, #3308, .T. ) ;
#7270 = CARTESIAN_POINT ( 'NONE',  ( -0.4632964566313568788, -1.441194908877152070, 0.05100000000000000366 ) ) ;
#7271 = EDGE_CURVE ( 'NONE', #3499, #294, #3935, .T. ) ;
#7272 = ORIENTED_EDGE ( 'NONE', *, *, #6654, .T. ) ;
#7273 = DIRECTION ( 'NONE',  ( 1.000000000000000000, 0.000000000000000000, 0.000000000000000000 ) ) ;
#7274 = EDGE_CURVE ( 'NONE', #2701, #4429, #7550, .T. ) ;
#7275 = CARTESIAN_POINT ( 'NONE',  ( 1.156351351351353252, 1.724144144144144519, 0.4510000000000000120 ) ) ;
#7276 = DIRECTION ( 'NONE',  ( -1.000000000000000000, 0.000000000000000000, 0.000000000000000000 ) ) ;
#7277 = DIRECTION ( 'NONE',  ( -0.000000000000000000, 1.000000000000000000, -0.000000000000000000 ) ) ;
#7278 = ORIENTED_EDGE ( 'NONE', *, *, #4055, .T. ) ;
#7279 = ORIENTED_EDGE ( 'NONE', *, *, #2586, .F. ) ;
#7280 = LINE ( 'NONE', #2669, #5445 ) ;
#7281 = EDGE_CURVE ( 'NONE', #1553, #6506, #1076, .T. ) ;
#7282 = DIRECTION ( 'NONE',  ( 0.000000000000000000, -1.000000000000000000, 0.000000000000000000 ) ) ;
#7283 = ORIENTED_EDGE ( 'NONE', *, *, #6473, .F. ) ;
#7284 = FACE_OUTER_BOUND ( 'NONE', #3692, .T. ) ;
#7285 = EDGE_CURVE ( 'NONE', #5454, #2680, #5801, .T. ) ;
#7286 = ADVANCED_FACE ( 'NONE', ( #1697 ), #73, .F. ) ;
#7287 = CARTESIAN_POINT ( 'NONE',  ( -0.4779485211280458667, -1.459372486768057531, 0.2510000000000000009 ) ) ;
#7288 = LINE ( 'NONE', #5399, #5953 ) ;
#7289 = ORIENTED_EDGE ( 'NONE', *, *, #917, .T. ) ;
#7290 = AXIS2_PLACEMENT_3D ( 'NONE', #5640, #326, #7418 ) ;
#7291 = SHAPE_REPRESENTATION_RELATIONSHIP ( 'NONE' , 'NONE' ,  #3006, #6299 ) ;
#7292 = DIRECTION ( 'NONE',  ( -1.000000000000000000, -0.000000000000000000, -0.000000000000000000 ) ) ;
#7293 = VECTOR ( 'NONE', #5854, 1.000000000000000000 ) ;
#7294 = ORIENTED_EDGE ( 'NONE', *, *, #7147, .T. ) ;
#7295 = ORIENTED_EDGE ( 'NONE', *, *, #5450, .T. ) ;
#7296 = CARTESIAN_POINT ( 'NONE',  ( 0.7010708180236888687, -1.441194908877152070, 0.6510000000000003562 ) ) ;
#7297 = DIRECTION ( 'NONE',  ( 0.000000000000000000, 0.000000000000000000, 1.000000000000000000 ) ) ;
#7298 = EDGE_CURVE ( 'NONE', #7227, #4991, #575, .T. ) ;
#7299 = CARTESIAN_POINT ( 'NONE',  ( 1.883785313619750434, -2.650960111606672331, 0.05000000000000000278 ) ) ;
#7300 = LINE ( 'NONE', #2567, #789 ) ;
#7301 = VECTOR ( 'NONE', #5307, 1.000000000000000000 ) ;
#7302 = AXIS2_PLACEMENT_3D ( 'NONE', #4430, #5643, #410 ) ;
#7303 = ORIENTED_EDGE ( 'NONE', *, *, #4984, .F. ) ;
#7304 = EDGE_CURVE ( 'NONE', #5790, #5169, #4717, .T. ) ;
#7305 = ORIENTED_EDGE ( 'NONE', *, *, #1648, .F. ) ;
#7306 = CARTESIAN_POINT ( 'NONE',  ( 1.170752172914886202, 0.2127057713251167548, 0.6520000000000003570 ) ) ;
#7307 = DIRECTION ( 'NONE',  ( 0.000000000000000000, -1.000000000000000000, 0.000000000000000000 ) ) ;
#7308 = ORIENTED_EDGE ( 'NONE', *, *, #1658, .T. ) ;
#7309 = EDGE_CURVE ( 'NONE', #2148, #3977, #1847, .T. ) ;
#7310 = CARTESIAN_POINT ( 'NONE',  ( 1.476351351351353314, 1.694144144144144493, 0.4510000000000000120 ) ) ;
#7311 = VECTOR ( 'NONE', #1207, 1.000000000000000000 ) ;
#7312 = ORIENTED_EDGE ( 'NONE', *, *, #4437, .F. ) ;
#7313 = LINE ( 'NONE', #2623, #3051 ) ;
#7314 = VECTOR ( 'NONE', #4908, 1.000000000000000000 ) ;
#7315 = DIRECTION ( 'NONE',  ( -0.000000000000000000, -0.000000000000000000, -1.000000000000000000 ) ) ;
#7316 = LINE ( 'NONE', #5217, #4469 ) ;
#7317 = VECTOR ( 'NONE', #982, 1.000000000000000000 ) ;
#7318 = ORIENTED_EDGE ( 'NONE', *, *, #2049, .F. ) ;
#7319 = ORIENTED_EDGE ( 'NONE', *, *, #4039, .T. ) ;
#7320 = LINE ( 'NONE', #6121, #6184 ) ;
#7321 = VECTOR ( 'NONE', #4642, 1.000000000000000000 ) ;
#7322 = AXIS2_PLACEMENT_3D ( 'NONE', #607, #5595, #2644 ) ;
#7323 = DIRECTION ( 'NONE',  ( -1.000000000000000000, 0.000000000000000000, 0.000000000000000000 ) ) ;
#7324 = ORIENTED_EDGE ( 'NONE', *, *, #5363, .F. ) ;
#7325 = CARTESIAN_POINT ( 'NONE',  ( 1.881351351351352674, -1.450855855855854637, 0.05100000000000000366 ) ) ;
#7326 = CARTESIAN_POINT ( 'NONE',  ( 1.928964900017874129, -1.452608405685351434, 0.2510000000000000009 ) ) ;
#7327 = DIRECTION ( 'NONE',  ( 1.192185798255201906E-16, -1.000000000000000000, 0.000000000000000000 ) ) ;
#7328 = FACE_BOUND ( 'NONE', #5132, .T. ) ;
#7329 = PLANE ( 'NONE',  #4128 ) ;
#7330 = ORIENTED_EDGE ( 'NONE', *, *, #4561, .F. ) ;
#7331 = EDGE_CURVE ( 'NONE', #1589, #6115, #6577, .T. ) ;
#7332 = VERTEX_POINT ( 'NONE', #3047 ) ;
#7333 = CARTESIAN_POINT ( 'NONE',  ( 0.000000000000000000, 2.149144144144145230, 0.4500000000000000111 ) ) ;
#7334 = EDGE_CURVE ( 'NONE', #6670, #491, #7663, .T. ) ;
#7335 = FACE_OUTER_BOUND ( 'NONE', #6106, .T. ) ;
#7336 = DIRECTION ( 'NONE',  ( 0.000000000000000000, 1.000000000000000000, 0.000000000000000000 ) ) ;
#7337 = DIRECTION ( 'NONE',  ( -0.000000000000000000, -1.000000000000000000, -0.000000000000000000 ) ) ;
#7338 = CARTESIAN_POINT ( 'NONE',  ( 0.7324691333359016898, -1.452608405685351434, 0.05100000000000000366 ) ) ;
#7339 = DIRECTION ( 'NONE',  ( 1.000000000000000000, 0.000000000000000000, 0.000000000000000000 ) ) ;
#7340 = CARTESIAN_POINT ( 'NONE',  ( -0.03864864864864676897, 0.2041441441441443350, 0.4510000000000000120 ) ) ;
#7341 = VERTEX_POINT ( 'NONE', #3079 ) ;
#7342 = LINE ( 'NONE', #7504, #6930 ) ;
#7343 = ORIENTED_EDGE ( 'NONE', *, *, #5003, .T. ) ;
#7344 = ADVANCED_FACE ( 'NONE', ( #1811 ), #4135, .F. ) ;
#7345 = ORIENTED_EDGE ( 'NONE', *, *, #3467, .T. ) ;
#7346 = VECTOR ( 'NONE', #393, 1.000000000000000000 ) ;
#7347 = LINE ( 'NONE', #3078, #7134 ) ;
#7348 = DIRECTION ( 'NONE',  ( 1.000000000000000000, 0.000000000000000000, -0.000000000000000000 ) ) ;
#7349 = ORIENTED_EDGE ( 'NONE', *, *, #1409, .T. ) ;
#7350 = AXIS2_PLACEMENT_3D ( 'NONE', #4897, #7263, #3764 ) ;
#7351 = DIRECTION ( 'NONE',  ( 0.000000000000000000, 1.000000000000000000, 0.000000000000000000 ) ) ;
#7352 = AXIS2_PLACEMENT_3D ( 'NONE', #5047, #7378, #6257 ) ;
#7353 = ORIENTED_EDGE ( 'NONE', *, *, #6785, .T. ) ;
#7354 = FACE_OUTER_BOUND ( 'NONE', #7471, .T. ) ;
#7355 = EDGE_CURVE ( 'NONE', #3402, #5932, #5340, .T. ) ;
#7356 = LINE ( 'NONE', #4442, #26 ) ;
#7357 = CARTESIAN_POINT ( 'NONE',  ( 1.881351351351352674, -1.452608405685351434, 0.05100000000000000366 ) ) ;
#7358 = EDGE_CURVE ( 'NONE', #1450, #1604, #1191, .T. ) ;
#7359 = VERTEX_POINT ( 'NONE', #5448 ) ;
#7360 = ORIENTED_EDGE ( 'NONE', *, *, #2106, .T. ) ;
#7361 = CARTESIAN_POINT ( 'NONE',  ( -2.432432432432432456, 1.078378378378379576, 0.05000000000000000278 ) ) ;
#7362 = LINE ( 'NONE', #311, #8 ) ;
#7363 = ORIENTED_EDGE ( 'NONE', *, *, #2932, .T. ) ;
#7364 = CARTESIAN_POINT ( 'NONE',  ( 3.126837698566487411, -4.100459402700869838, 0.05000000000000000278 ) ) ;
#7365 = CARTESIAN_POINT ( 'NONE',  ( 2.617567567567565590, 1.078378378378379576, 0.05000000000000000278 ) ) ;
#7366 = DIRECTION ( 'NONE',  ( 1.256179068810792237E-16, -1.000000000000000000, 0.000000000000000000 ) ) ;
#7367 = CARTESIAN_POINT ( 'NONE',  ( 1.476351351351353314, 1.694144144144144493, 0.4510000000000000120 ) ) ;
#7368 = EDGE_CURVE ( 'NONE', #5646, #1317, #7081, .T. ) ;
#7369 = LINE ( 'NONE', #3334, #7223 ) ;
#7370 = ORIENTED_EDGE ( 'NONE', *, *, #7034, .F. ) ;
#7371 = ORIENTED_EDGE ( 'NONE', *, *, #6566, .T. ) ;
#7372 = LINE ( 'NONE', #6213, #5312 ) ;
#7373 = LINE ( 'NONE', #6828, #2995 ) ;
#7374 = CARTESIAN_POINT ( 'NONE',  ( -1.243648648648647104, -0.6758558558558547258, 0.4500000000000000111 ) ) ;
#7375 = EDGE_CURVE ( 'NONE', #4879, #4206, #4865, .T. ) ;
#7376 = EDGE_CURVE ( 'NONE', #632, #6590, #4209, .T. ) ;
#7377 = LINE ( 'NONE', #6331, #6238 ) ;
#7378 = DIRECTION ( 'NONE',  ( 0.000000000000000000, 1.000000000000000000, 0.000000000000000000 ) ) ;
#7379 = DIRECTION ( 'NONE',  ( -0.000000000000000000, 1.000000000000000000, -0.000000000000000000 ) ) ;
#7380 = CARTESIAN_POINT ( 'NONE',  ( 1.931351351351352941, 3.349139388805733919, 0.05000000000000000278 ) ) ;
#7381 = PRODUCT_DEFINITION_CONTEXT ( 'detailed design', #1824, 'design' ) ;
#7382 = EDGE_CURVE ( 'NONE', #1708, #6180, #6612, .T. ) ;
#7383 = AXIS2_PLACEMENT_3D ( 'NONE', #3828, #1941, #6243 ) ;
#7384 = ORIENTED_EDGE ( 'NONE', *, *, #2951, .F. ) ;
#7385 = PLANE ( 'NONE',  #7302 ) ;
#7386 = ORIENTED_EDGE ( 'NONE', *, *, #7665, .F. ) ;
#7387 = VECTOR ( 'NONE', #3222, 1.000000000000000000 ) ;
#7388 = EDGE_CURVE ( 'NONE', #7083, #1450, #1922, .T. ) ;
#7389 = ORIENTED_EDGE ( 'NONE', *, *, #2313, .F. ) ;
#7390 = CARTESIAN_POINT ( 'NONE',  ( -0.4674826492301951686, 2.148025372459793303, 0.2510000000000000009 ) ) ;
#7391 = EDGE_CURVE ( 'NONE', #6003, #2417, #140, .T. ) ;
#7392 = DIRECTION ( 'NONE',  ( -0.000000000000000000, 0.000000000000000000, -1.000000000000000000 ) ) ;
#7393 = AXIS2_PLACEMENT_3D ( 'NONE', #1311, #6653, #1458 ) ;
#7394 = CARTESIAN_POINT ( 'NONE',  ( 0.7010708180236888687, -0.2619442023300436184, 0.05100000000000000366 ) ) ;
#7395 = ORIENTED_EDGE ( 'NONE', *, *, #1481, .T. ) ;
#7396 = LINE ( 'NONE', #4480, #209 ) ;
#7397 = LINE ( 'NONE', #5063, #7314 ) ;
#7398 = CARTESIAN_POINT ( 'NONE',  ( 1.186351351351352834, -1.905855855855854708, 0.2520000000000000018 ) ) ;
#7399 = ORIENTED_EDGE ( 'NONE', *, *, #7551, .F. ) ;
#7400 = EDGE_CURVE ( 'NONE', #3537, #6376, #653, .T. ) ;
#7401 = ORIENTED_EDGE ( 'NONE', *, *, #6193, .F. ) ;
#7402 = LINE ( 'NONE', #2628, #5195 ) ;
#7403 = LINE ( 'NONE', #6816, #1982 ) ;
#7404 = ORIENTED_EDGE ( 'NONE', *, *, #6350, .F. ) ;
#7405 = DIRECTION ( 'NONE',  ( 0.000000000000000000, 1.000000000000000000, 0.000000000000000000 ) ) ;
#7406 = DIRECTION ( 'NONE',  ( 0.000000000000000000, -1.000000000000000000, 0.000000000000000000 ) ) ;
#7407 = DIRECTION ( 'NONE',  ( -0.000000000000000000, 0.000000000000000000, -1.000000000000000000 ) ) ;
#7408 = DIRECTION ( 'NONE',  ( 1.000000000000000000, 0.000000000000000000, 0.000000000000000000 ) ) ;
#7409 = LINE ( 'NONE', #6208, #4748 ) ;
#7410 = VERTEX_POINT ( 'NONE', #4793 ) ;
#7411 = VERTEX_POINT ( 'NONE', #5999 ) ;
#7412 = PLANE ( 'NONE',  #1961 ) ;
#7413 = EDGE_CURVE ( 'NONE', #7266, #7140, #7231, .T. ) ;
#7414 = DIRECTION ( 'NONE',  ( 0.000000000000000000, 0.000000000000000000, -1.000000000000000000 ) ) ;
#7415 = PLANE ( 'NONE',  #5903 ) ;
#7416 = DIRECTION ( 'NONE',  ( -0.000000000000000000, 1.000000000000000000, -0.000000000000000000 ) ) ;
#7417 = CARTESIAN_POINT ( 'NONE',  ( 1.186351351351352834, -1.905855855855854708, 0.2510000000000000009 ) ) ;
#7418 = DIRECTION ( 'NONE',  ( 0.000000000000000000, 0.000000000000000000, 1.000000000000000000 ) ) ;
#7419 = LINE ( 'NONE', #2104, #2149 ) ;
#7420 = ORIENTED_EDGE ( 'NONE', *, *, #642, .T. ) ;
#7421 = ORIENTED_EDGE ( 'NONE', *, *, #1481, .F. ) ;
#7422 = CARTESIAN_POINT ( 'NONE',  ( 0.7157521729148861311, 0.9427075103593078875, 0.05100000000000000366 ) ) ;
#7423 = ORIENTED_EDGE ( 'NONE', *, *, #5329, .F. ) ;
#7424 = LINE ( 'NONE', #5647, #2672 ) ;
#7425 = PLANE ( 'NONE',  #141 ) ;
#7426 = EDGE_CURVE ( 'NONE', #7168, #1709, #105, .T. ) ;
#7427 = DIRECTION ( 'NONE',  ( -0.000000000000000000, -0.000000000000000000, -1.000000000000000000 ) ) ;
#7428 = ADVANCED_FACE ( 'NONE', ( #7192 ), #3514, .T. ) ;
#7429 = ORIENTED_EDGE ( 'NONE', *, *, #5151, .F. ) ;
#7430 = PLANE ( 'NONE',  #2064 ) ;
#7431 = ADVANCED_FACE ( 'NONE', ( #3694, #6722 ), #7425, .T. ) ;
#7432 = EDGE_CURVE ( 'NONE', #1400, #2935, #6227, .T. ) ;
#7433 = LINE ( 'NONE', #5574, #6078 ) ;
#7434 = VERTEX_POINT ( 'NONE', #796 ) ;
#7435 = VECTOR ( 'NONE', #4189, 1.000000000000000000 ) ;
#7436 = EDGE_LOOP ( 'NONE', ( #5832, #4906, #63, #2366 ) ) ;
#7437 = CARTESIAN_POINT ( 'NONE',  ( -1.668653815138664065, 2.149178435024714506, 0.05100000000000000366 ) ) ;
#7438 = VECTOR ( 'NONE', #7634, 1.000000000000000000 ) ;
#7439 = CARTESIAN_POINT ( 'NONE',  ( 0.000000000000000000, 0.000000000000000000, 0.1509999999999999953 ) ) ;
#7440 = EDGE_LOOP ( 'NONE', ( #7247, #5158, #4660, #6166, #7537, #482 ) ) ;
#7441 = PLANE ( 'NONE',  #329 ) ;
#7442 = ADVANCED_FACE ( 'NONE', ( #1998 ), #5565, .T. ) ;
#7443 = CARTESIAN_POINT ( 'NONE',  ( 1.881351351351352674, -2.600855855855854770, 0.05100000000000000366 ) ) ;
#7444 = DIRECTION ( 'NONE',  ( -0.000000000000000000, 0.000000000000000000, 1.000000000000000000 ) ) ;
#7445 = VECTOR ( 'NONE', #189, 1.000000000000000000 ) ;
#7446 = LINE ( 'NONE', #281, #1224 ) ;
#7447 = CARTESIAN_POINT ( 'NONE',  ( 1.186351351351353278, 1.694144144144144493, 0.4500000000000000111 ) ) ;
#7448 = VERTEX_POINT ( 'NONE', #217 ) ;
#7449 = VECTOR ( 'NONE', #5862, 1.000000000000000000 ) ;
#7450 = VECTOR ( 'NONE', #5044, 1.000000000000000000 ) ;
#7451 = EDGE_LOOP ( 'NONE', ( #4714, #6848, #4294, #5581 ) ) ;
#7452 = CARTESIAN_POINT ( 'NONE',  ( 1.156351351351353252, 1.374144144144144652, 0.4510000000000000120 ) ) ;
#7453 = CARTESIAN_POINT ( 'NONE',  ( 0.7313513513513529851, -1.450855855855854637, 0.05000000000000000278 ) ) ;
#7454 = DIRECTION ( 'NONE',  ( -0.000000000000000000, 1.000000000000000000, -0.000000000000000000 ) ) ;
#7455 = ORIENTED_EDGE ( 'NONE', *, *, #6031, .F. ) ;
#7456 = DIRECTION ( 'NONE',  ( 1.850371707708593823E-16, -1.000000000000000000, 0.000000000000000000 ) ) ;
#7457 = CARTESIAN_POINT ( 'NONE',  ( -1.668914624007974412, -2.620885740052331325, 0.05100000000000000366 ) ) ;
#7458 = PRODUCT ( 'martial zone', 'martial zone', '', ( #4887 ) ) ;
#7459 = CARTESIAN_POINT ( 'NONE',  ( -2.868382539233230055, 3.348907565514117834, 0.1500000000000000222 ) ) ;
#7460 = ADVANCED_FACE ( 'NONE', ( #3155 ), #5608, .F. ) ;
#7461 = LINE ( 'NONE', #4548, #2276 ) ;
#7462 = EDGE_LOOP ( 'NONE', ( #4840, #4926, #337, #1789 ) ) ;
#7463 = ORIENTED_EDGE ( 'NONE', *, *, #5636, .F. ) ;
#7464 = CARTESIAN_POINT ( 'NONE',  ( 0.000000000000000000, 0.000000000000000000, 0.2510000000000000009 ) ) ;
#7465 = ORIENTED_EDGE ( 'NONE', *, *, #336, .T. ) ;
#7466 = DIRECTION ( 'NONE',  ( 0.000000000000000000, -0.000000000000000000, 1.000000000000000000 ) ) ;
#7467 = AXIS2_PLACEMENT_3D ( 'NONE', #7042, #1111, #3476 ) ;
#7468 = EDGE_CURVE ( 'NONE', #6670, #831, #915, .T. ) ;
#7469 = DIRECTION ( 'NONE',  ( -2.166288828536891009E-16, 1.000000000000000000, -0.000000000000000000 ) ) ;
#7470 = VECTOR ( 'NONE', #3100, 1.000000000000000000 ) ;
#7471 = EDGE_LOOP ( 'NONE', ( #965, #2160, #4652, #4083, #4307, #2513, #3888, #1285, #4272, #6372, #444, #2327 ) ) ;
#7472 = PLANE ( 'NONE',  #3783 ) ;
#7473 = DIRECTION ( 'NONE',  ( 0.000000000000000000, 0.000000000000000000, 1.000000000000000000 ) ) ;
#7474 = AXIS2_PLACEMENT_3D ( 'NONE', #4353, #101, #3729 ) ;
#7475 = EDGE_CURVE ( 'NONE', #6115, #6075, #1416, .T. ) ;
#7476 = ORIENTED_EDGE ( 'NONE', *, *, #7132, .F. ) ;
#7477 = VECTOR ( 'NONE', #1443, 1.000000000000000000 ) ;
#7478 = CARTESIAN_POINT ( 'NONE',  ( 0.7324691333359016898, -2.649473361566354157, 0.2510000000000000009 ) ) ;
#7479 = DIRECTION ( 'NONE',  ( -0.000000000000000000, 0.000000000000000000, 1.000000000000000000 ) ) ;
#7480 = ORIENTED_EDGE ( 'NONE', *, *, #5834, .F. ) ;
#7481 = LINE ( 'NONE', #2169, #2925 ) ;
#7482 = DIRECTION ( 'NONE',  ( 0.000000000000000000, -1.000000000000000000, 0.000000000000000000 ) ) ;
#7483 = CARTESIAN_POINT ( 'NONE',  ( -1.243648648648647104, 1.722892555011814375, 0.4510000000000000120 ) ) ;
#7484 = CARTESIAN_POINT ( 'NONE',  ( -0.01364864864864699309, -1.905855855855854708, 0.4500000000000000111 ) ) ;
#7485 = VECTOR ( 'NONE', #3137, 1.000000000000000000 ) ;
#7486 = LINE ( 'NONE', #5002, #2395 ) ;
#7487 = ADVANCED_FACE ( 'NONE', ( #256 ), #4476, .F. ) ;
#7488 = ORIENTED_EDGE ( 'NONE', *, *, #5724, .F. ) ;
#7489 = EDGE_LOOP ( 'NONE', ( #7303, #4846, #2412, #1413 ) ) ;
#7490 = FACE_OUTER_BOUND ( 'NONE', #4996, .T. ) ;
#7491 = FACE_OUTER_BOUND ( 'NONE', #4936, .T. ) ;
#7492 = FACE_OUTER_BOUND ( 'NONE', #6472, .T. ) ;
#7493 = ORIENTED_EDGE ( 'NONE', *, *, #1130, .F. ) ;
#7494 = ORIENTED_EDGE ( 'NONE', *, *, #7159, .T. ) ;
#7495 = VECTOR ( 'NONE', #5310, 1.000000000000000000 ) ;
#7496 = LINE ( 'NONE', #3224, #1163 ) ;
#7497 = PLANE ( 'NONE',  #3757 ) ;
#7498 = LINE ( 'NONE', #2764, #1997 ) ;
#7499 = FACE_OUTER_BOUND ( 'NONE', #7660, .T. ) ;
#7500 = ORIENTED_EDGE ( 'NONE', *, *, #7024, .F. ) ;
#7501 = ORIENTED_EDGE ( 'NONE', *, *, #570, .F. ) ;
#7502 = VECTOR ( 'NONE', #3280, 1.000000000000000000 ) ;
#7503 = ORIENTED_EDGE ( 'NONE', *, *, #6962, .F. ) ;
#7504 = CARTESIAN_POINT ( 'NONE',  ( -1.668653815138664065, 2.149178435024714506, 0.05000000000000000278 ) ) ;
#7505 = EDGE_LOOP ( 'NONE', ( #6199, #5787, #4355, #4979 ) ) ;
#7506 = DIRECTION ( 'NONE',  ( -1.000000000000000000, -0.000000000000000000, -0.000000000000000000 ) ) ;
#7507 = EDGE_CURVE ( 'NONE', #481, #6767, #2616, .T. ) ;
#7508 = VECTOR ( 'NONE', #4747, 1.000000000000000000 ) ;
#7509 = CARTESIAN_POINT ( 'NONE',  ( -1.618648648648647104, -0.2478776232719739347, 0.05100000000000000366 ) ) ;
#7510 = VERTEX_POINT ( 'NONE', #4981 ) ;
#7511 = DIRECTION ( 'NONE',  ( -1.000000000000000000, 0.000000000000000000, 0.000000000000000000 ) ) ;
#7512 = VECTOR ( 'NONE', #221, 1.000000000000000000 ) ;
#7513 = FACE_OUTER_BOUND ( 'NONE', #27, .T. ) ;
#7514 = ORIENTED_EDGE ( 'NONE', *, *, #3486, .F. ) ;
#7515 = CARTESIAN_POINT ( 'NONE',  ( 1.476351351351352870, -1.905855855855854708, 0.2520000000000000018 ) ) ;
#7516 = ADVANCED_FACE ( 'NONE', ( #5648 ), #3856, .F. ) ;
#7517 = LINE ( 'NONE', #2166, #1610 ) ;
#7518 = DIRECTION ( 'NONE',  ( 0.000000000000000000, 0.000000000000000000, 1.000000000000000000 ) ) ;
#7519 = LINE ( 'NONE', #3520, #3607 ) ;
#7520 = CARTESIAN_POINT ( 'NONE',  ( -0.8936486486486471259, -1.875855855855854681, 0.2520000000000000018 ) ) ;
#7521 = DIRECTION ( 'NONE',  ( -0.000000000000000000, -0.000000000000000000, -1.000000000000000000 ) ) ;
#7522 = DIRECTION ( 'NONE',  ( -0.000000000000000000, 1.000000000000000000, -0.000000000000000000 ) ) ;
#7523 = ORIENTED_EDGE ( 'NONE', *, *, #1531, .T. ) ;
#7524 = ORIENTED_EDGE ( 'NONE', *, *, #5151, .T. ) ;
#7525 = FACE_OUTER_BOUND ( 'NONE', #792, .T. ) ;
#7526 = ADVANCED_FACE ( 'NONE', ( #6071 ), #6683, .T. ) ;
#7527 = LINE ( 'NONE', #5200, #2255 ) ;
#7528 = EDGE_CURVE ( 'NONE', #2256, #3575, #5528, .T. ) ;
#7529 = DIRECTION ( 'NONE',  ( -0.000000000000000000, -0.000000000000000000, -1.000000000000000000 ) ) ;
#7530 = ORIENTED_EDGE ( 'NONE', *, *, #577, .T. ) ;
#7531 = ORIENTED_EDGE ( 'NONE', *, *, #5223, .F. ) ;
#7532 = LINE ( 'NONE', #4621, #3272 ) ;
#7533 = LINE ( 'NONE', #4037, #1289 ) ;
#7534 = ORIENTED_EDGE ( 'NONE', *, *, #6621, .T. ) ;
#7535 = CARTESIAN_POINT ( 'NONE',  ( -1.661268387826372095, -1.459372486768057531, 0.05100000000000000366 ) ) ;
#7536 = ORIENTED_EDGE ( 'NONE', *, *, #2319, .F. ) ;
#7537 = ORIENTED_EDGE ( 'NONE', *, *, #6926, .F. ) ;
#7538 = VERTEX_POINT ( 'NONE', #6145 ) ;
#7539 = CARTESIAN_POINT ( 'NONE',  ( -1.243648648648647104, -0.6758558558558547258, 0.4510000000000000120 ) ) ;
#7540 = ADVANCED_FACE ( 'NONE', ( #180 ), #2037, .T. ) ;
#7541 = ORIENTED_EDGE ( 'NONE', *, *, #4606, .T. ) ;
#7542 = FACE_OUTER_BOUND ( 'NONE', #4400, .T. ) ;
#7543 = VECTOR ( 'NONE', #6396, 1.000000000000000000 ) ;
#7544 = CARTESIAN_POINT ( 'NONE',  ( 0.2813513513513532516, 0.1741441441441443638, 0.4510000000000000120 ) ) ;
#7545 = VECTOR ( 'NONE', #7092, 1.000000000000000000 ) ;
#7546 = DIRECTION ( 'NONE',  ( -1.000000000000000000, -1.532028304060159970E-16, 0.000000000000000000 ) ) ;
#7547 = ORIENTED_EDGE ( 'NONE', *, *, #5803, .T. ) ;
#7548 = DIRECTION ( 'NONE',  ( 1.000000000000000000, 0.000000000000000000, 0.000000000000000000 ) ) ;
#7549 = VECTOR ( 'NONE', #1542, 1.000000000000000000 ) ;
#7550 = LINE ( 'NONE', #4602, #6085 ) ;
#7551 = EDGE_CURVE ( 'NONE', #6210, #651, #6183, .T. ) ;
#7552 = ORIENTED_EDGE ( 'NONE', *, *, #2534, .T. ) ;
#7553 = DIRECTION ( 'NONE',  ( 0.000000000000000000, -0.000000000000000000, 1.000000000000000000 ) ) ;
#7554 = VECTOR ( 'NONE', #4006, 1.000000000000000000 ) ;
#7555 = PLANE ( 'NONE',  #3291 ) ;
#7556 = LINE ( 'NONE', #4568, #6949 ) ;
#7557 = DIRECTION ( 'NONE',  ( 0.000000000000000000, -1.000000000000000000, 0.000000000000000000 ) ) ;
#7558 = CARTESIAN_POINT ( 'NONE',  ( 1.931351351351352941, 0.9491441441441441640, 0.05100000000000000366 ) ) ;
#7559 = FACE_OUTER_BOUND ( 'NONE', #81, .T. ) ;
#7560 = VECTOR ( 'NONE', #2986, 1.000000000000000000 ) ;
#7561 = VERTEX_POINT ( 'NONE', #1379 ) ;
#7562 = EDGE_LOOP ( 'NONE', ( #2730, #1762, #197, #469 ) ) ;
#7563 = FACE_OUTER_BOUND ( 'NONE', #6784, .T. ) ;
#7564 = EDGE_CURVE ( 'NONE', #3836, #3191, #3735, .T. ) ;
#7565 = CARTESIAN_POINT ( 'NONE',  ( 0.7313513513513532072, 0.000000000000000000, 0.05000000000000000278 ) ) ;
#7566 = CARTESIAN_POINT ( 'NONE',  ( 0.7313513513513529851, -2.600855855855854770, 0.05000000000000000278 ) ) ;
#7567 = ORIENTED_EDGE ( 'NONE', *, *, #4608, .T. ) ;
#7568 = VECTOR ( 'NONE', #4837, 1.000000000000000000 ) ;
#7569 = LINE ( 'NONE', #1131, #2653 ) ;
#7570 = DIRECTION ( 'NONE',  ( -1.000000000000000000, 0.000000000000000000, -0.000000000000000000 ) ) ;
#7571 = EDGE_LOOP ( 'NONE', ( #4163, #7020, #2034, #1000, #1060, #6853 ) ) ;
#7572 = AXIS2_PLACEMENT_3D ( 'NONE', #6971, #3987, #4062 ) ;
#7573 = CARTESIAN_POINT ( 'NONE',  ( -0.8936486486486471259, -0.6758558558558546148, 0.4510000000000000120 ) ) ;
#7574 = EDGE_CURVE ( 'NONE', #4768, #798, #6266, .T. ) ;
#7575 = EDGE_CURVE ( 'NONE', #5941, #3877, #3573, .T. ) ;
#7576 = ADVANCED_FACE ( 'NONE', ( #7612 ), #992, .T. ) ;
#7577 = ORIENTED_EDGE ( 'NONE', *, *, #5636, .T. ) ;
#7578 = ORIENTED_EDGE ( 'NONE', *, *, #2638, .F. ) ;
#7579 = ORIENTED_EDGE ( 'NONE', *, *, #5762, .T. ) ;
#7580 = PLANE ( 'NONE',  #4211 ) ;
#7581 = AXIS2_PLACEMENT_3D ( 'NONE', #3399, #4676, #7473 ) ;
#7582 = AXIS2_PLACEMENT_3D ( 'NONE', #3527, #590, #2944 ) ;
#7583 = ORIENTED_EDGE ( 'NONE', *, *, #5610, .T. ) ;
#7584 = LINE ( 'NONE', #5256, #2060 ) ;
#7585 = CARTESIAN_POINT ( 'NONE',  ( -1.667844139922891600, -0.2478776232719740735, 0.2510000000000000009 ) ) ;
#7586 = ADVANCED_FACE ( 'NONE', ( #6483 ), #2299, .T. ) ;
#7587 = CARTESIAN_POINT ( 'NONE',  ( 1.156351351351352807, -2.225855855855854770, 0.2520000000000000018 ) ) ;
#7588 = VERTEX_POINT ( 'NONE', #4700 ) ;
#7589 = DIRECTION ( 'NONE',  ( -0.000000000000000000, 1.000000000000000000, -0.000000000000000000 ) ) ;
#7590 = CARTESIAN_POINT ( 'NONE',  ( -0.05364864864864699046, -0.6661949088771521588, 0.6520000000000003570 ) ) ;
#7591 = FACE_OUTER_BOUND ( 'NONE', #4080, .T. ) ;
#7592 = EDGE_CURVE ( 'NONE', #4433, #598, #4156, .T. ) ;
#7593 = LINE ( 'NONE', #1235, #3341 ) ;
#7594 = DIRECTION ( 'NONE',  ( -0.000000000000000000, -0.000000000000000000, -1.000000000000000000 ) ) ;
#7595 = VECTOR ( 'NONE', #3950, 1.000000000000000000 ) ;
#7596 = LINE ( 'NONE', #5272, #1879 ) ;
#7597 = CARTESIAN_POINT ( 'NONE',  ( -1.213648648648647077, -0.9958558558558545659, 0.4510000000000000120 ) ) ;
#7598 = CARTESIAN_POINT ( 'NONE',  ( 1.476351351351352870, -1.905855855855854708, 0.2520000000000000018 ) ) ;
#7599 = FACE_OUTER_BOUND ( 'NONE', #5157, .T. ) ;
#7600 = AXIS2_PLACEMENT_3D ( 'NONE', #2376, #7610, #1173 ) ;
#7601 = EDGE_LOOP ( 'NONE', ( #3045, #3365, #1134, #2277 ) ) ;
#7602 = ORIENTED_EDGE ( 'NONE', *, *, #3744, .F. ) ;
#7603 = PLANE ( 'NONE',  #3941 ) ;
#7604 = DIRECTION ( 'NONE',  ( 0.000000000000000000, -1.000000000000000000, 0.000000000000000000 ) ) ;
#7605 = DIRECTION ( 'NONE',  ( 0.000000000000000000, 0.000000000000000000, -1.000000000000000000 ) ) ;
#7606 = ORIENTED_EDGE ( 'NONE', *, *, #6063, .F. ) ;
#7607 = EDGE_CURVE ( 'NONE', #2935, #1681, #1718, .T. ) ;
#7608 = VECTOR ( 'NONE', #5749, 1.000000000000000000 ) ;
#7609 = FACE_OUTER_BOUND ( 'NONE', #192, .T. ) ;
#7610 = DIRECTION ( 'NONE',  ( -1.000000000000000000, 0.000000000000000000, 0.000000000000000000 ) ) ;
#7611 = ORIENTED_EDGE ( 'NONE', *, *, #3749, .T. ) ;
#7612 = FACE_OUTER_BOUND ( 'NONE', #6015, .T. ) ;
#7613 = LINE ( 'NONE', #4157, #3128 ) ;
#7614 = ORIENTED_EDGE ( 'NONE', *, *, #3044, .T. ) ;
#7615 = ORIENTED_EDGE ( 'NONE', *, *, #2429, .T. ) ;
#7616 = ORIENTED_EDGE ( 'NONE', *, *, #5436, .F. ) ;
#7617 = DIRECTION ( 'NONE',  ( 1.000000000000000000, 0.000000000000000000, 0.000000000000000000 ) ) ;
#7618 = EDGE_CURVE ( 'NONE', #7136, #5437, #3317, .T. ) ;
#7619 = ADVANCED_FACE ( 'NONE', ( #4076 ), #6442, .F. ) ;
#7620 = ORIENTED_EDGE ( 'NONE', *, *, #2885, .F. ) ;
#7621 = CARTESIAN_POINT ( 'NONE',  ( -1.213648648648647077, -0.9958558558558545659, 0.4510000000000000120 ) ) ;
#7622 = CARTESIAN_POINT ( 'NONE',  ( -0.4436486486486468372, 0.9491441441441442750, 0.05000000000000000278 ) ) ;
#7623 = PLANE ( 'NONE',  #6698 ) ;
#7624 = EDGE_CURVE ( 'NONE', #5657, #7227, #2993, .T. ) ;
#7625 = ORIENTED_EDGE ( 'NONE', *, *, #6062, .T. ) ;
#7626 = LINE ( 'NONE', #7116, #2434 ) ;
#7627 = EDGE_CURVE ( 'NONE', #2469, #632, #7062, .T. ) ;
#7628 = DIRECTION ( 'NONE',  ( 0.000000000000000000, -0.000000000000000000, 1.000000000000000000 ) ) ;
#7629 = VECTOR ( 'NONE', #3330, 1.000000000000000000 ) ;
#7630 = DIRECTION ( 'NONE',  ( 0.000000000000000000, 0.000000000000000000, 1.000000000000000000 ) ) ;
#7631 = PLANE ( 'NONE',  #3466 ) ;
#7632 = VECTOR ( 'NONE', #6254, 1.000000000000000000 ) ;
#7633 = CARTESIAN_POINT ( 'NONE',  ( 3.667567567567565856, 0.7283783783783795984, 0.1509999999999999953 ) ) ;
#7634 = DIRECTION ( 'NONE',  ( 1.000000000000000000, 0.000000000000000000, 0.000000000000000000 ) ) ;
#7635 = DIRECTION ( 'NONE',  ( 1.000000000000000000, 0.000000000000000000, 0.000000000000000000 ) ) ;
#7636 = DIRECTION ( 'NONE',  ( -1.586032892321652729E-16, 1.000000000000000000, -0.000000000000000000 ) ) ;
#7637 = DIRECTION ( 'NONE',  ( 0.000000000000000000, 1.000000000000000000, 0.000000000000000000 ) ) ;
#7638 = VECTOR ( 'NONE', #6349, 1.000000000000000000 ) ;
#7639 = ORIENTED_EDGE ( 'NONE', *, *, #6031, .T. ) ;
#7640 = EDGE_LOOP ( 'NONE', ( #4628, #6264, #7579, #7160 ) ) ;
#7641 = CARTESIAN_POINT ( 'NONE',  ( 0.7157521729148861311, -0.2422942286748832330, 0.6510000000000003562 ) ) ;
#7642 = DIRECTION ( 'NONE',  ( -0.000000000000000000, -0.000000000000000000, -1.000000000000000000 ) ) ;
#7643 = FACE_OUTER_BOUND ( 'NONE', #1809, .T. ) ;
#7644 = ORIENTED_EDGE ( 'NONE', *, *, #2274, .F. ) ;
#7645 = DIRECTION ( 'NONE',  ( 0.000000000000000000, 0.000000000000000000, -1.000000000000000000 ) ) ;
#7646 = CARTESIAN_POINT ( 'NONE',  ( 3.617567567567566034, 0.7283783783783794874, 0.1499999999999999944 ) ) ;
#7647 = ORIENTED_EDGE ( 'NONE', *, *, #173, .F. ) ;
#7648 = LINE ( 'NONE', #520, #1262 ) ;
#7649 = SURFACE_SIDE_STYLE ('',( #1176 ) ) ;
#7650 = EDGE_CURVE ( 'NONE', #3597, #5336, #5824, .T. ) ;
#7651 = ORIENTED_EDGE ( 'NONE', *, *, #5098, .T. ) ;
#7652 = EDGE_LOOP ( 'NONE', ( #2356, #6143, #1327, #5651 ) ) ;
#7653 = EDGE_LOOP ( 'NONE', ( #4028, #1226, #4952, #2755 ) ) ;
#7654 = DIRECTION ( 'NONE',  ( -0.000000000000000000, -0.000000000000000000, -1.000000000000000000 ) ) ;
#7655 = ORIENTED_EDGE ( 'NONE', *, *, #420, .F. ) ;
#7656 = CARTESIAN_POINT ( 'NONE',  ( 0.7063513513513531850, 0.9491441441441441640, 0.4500000000000000111 ) ) ;
#7657 = DIRECTION ( 'NONE',  ( 0.000000000000000000, -0.000000000000000000, 1.000000000000000000 ) ) ;
#7658 = CARTESIAN_POINT ( 'NONE',  ( -1.243648648648647104, 1.722892555011814375, 0.4510000000000000120 ) ) ;
#7659 = ORIENTED_EDGE ( 'NONE', *, *, #3230, .F. ) ;
#7660 = EDGE_LOOP ( 'NONE', ( #909, #6067, #2499, #7345 ) ) ;
#7661 = CARTESIAN_POINT ( 'NONE',  ( 1.170752172914886202, 0.5027057713251168458, 0.6520000000000003570 ) ) ;
#7662 = VECTOR ( 'NONE', #5671, 1.000000000000000000 ) ;
#7663 = LINE ( 'NONE', #1228, #7074 ) ;
#7664 = EDGE_CURVE ( 'NONE', #6444, #4409, #7648, .T. ) ;
#7665 = EDGE_CURVE ( 'NONE', #6494, #304, #4118, .T. ) ;
#7666 = NEXT_ASSEMBLY_USAGE_OCCURRENCE ( 'NAUO1', ' ', ' ', #5279, #6924, $ ) ;
#7667 = NEXT_ASSEMBLY_USAGE_OCCURRENCE ( 'NAUO2', ' ', ' ', #5279, #2525, $ ) ;
ENDSEC;
END-ISO-10303-21;
