ISO-10303-21;
HEADER;
FILE_DESCRIPTION (( 'STEP AP214' ),
    '1' );
FILE_NAME ('mehuia forest.STEP',
    '2026-01-18T09:47:22',
    ( '' ),
    ( '' ),
    'SwSTEP 2.0',
    'SolidWorks 2025',
    '' );
FILE_SCHEMA (( 'AUTOMOTIVE_DESIGN' ));
ENDSEC;

DATA;
#1 = DIRECTION ( 'NONE',  ( -0.000000000000000000, 1.000000000000000000, -0.000000000000000000 ) ) ;
#2 = VERTEX_POINT ( 'NONE', #5894 ) ;
#3 = PLANE ( 'NONE',  #911 ) ;
#4 = ORIENTED_EDGE ( 'NONE', *, *, #5841, .F. ) ;
#5 = CARTESIAN_POINT ( 'NONE',  ( -1242.844139922891600, 524.1441441441452298, 252.0000000000000000 ) ) ;
#6 = EDGE_CURVE ( 'NONE', #2395, #3623, #3965, .T. ) ;
#7 = CARTESIAN_POINT ( 'NONE',  ( -1661.268387826372191, -2638.672188960770200, 251.0000000000000000 ) ) ;
#8 = FACE_OUTER_BOUND ( 'NONE', #562, .T. ) ;
#9 = VECTOR ( 'NONE', #4091, 1000.000000000000000 ) ;
#10 = EDGE_CURVE ( 'NONE', #265, #6005, #1371, .T. ) ;
#11 = VECTOR ( 'NONE', #1306, 1000.000000000000000 ) ;
#12 = EDGE_CURVE ( 'NONE', #3315, #5929, #4933, .T. ) ;
#13 = LINE ( 'NONE', #5771, #1986 ) ;
#14 = VECTOR ( 'NONE', #3385, 1000.000000000000000 ) ;
#15 = VECTOR ( 'NONE', #1679, 1000.000000000000000 ) ;
#16 = AXIS2_PLACEMENT_3D ( 'NONE', #5415, #3212, #2186 ) ;
#17 = EDGE_CURVE ( 'NONE', #152, #2298, #4861, .T. ) ;
#18 = AXIS2_PLACEMENT_3D ( 'NONE', #2021, #3075, #6235 ) ;
#19 = ORIENTED_EDGE ( 'NONE', *, *, #2889, .T. ) ;
#20 = LINE ( 'NONE', #4552, #5668 ) ;
#21 = LINE ( 'NONE', #5738, #6456 ) ;
#22 = ORIENTED_EDGE ( 'NONE', *, *, #3157, .T. ) ;
#23 = LINE ( 'NONE', #5849, #4363 ) ;
#24 = VECTOR ( 'NONE', #1280, 1000.000000000000000 ) ;
#25 = AXIS2_PLACEMENT_3D ( 'NONE', #5314, #4701, #4239 ) ;
#26 = PLANE ( 'NONE',  #1697 ) ;
#27 = VERTEX_POINT ( 'NONE', #5414 ) ;
#28 = DIRECTION ( 'NONE',  ( 0.000000000000000000, -1.000000000000000000, 0.000000000000000000 ) ) ;
#29 = DIRECTION ( 'NONE',  ( 0.000000000000000000, -1.000000000000000000, 0.000000000000000000 ) ) ;
#30 = DIRECTION ( 'NONE',  ( 1.000000000000000000, 0.000000000000000000, 0.000000000000000000 ) ) ;
#31 = CARTESIAN_POINT ( 'NONE',  ( 0.000000000000000000, 0.000000000000000000, 51.00000000000000711 ) ) ;
#32 = DIRECTION ( 'NONE',  ( -0.000000000000000000, -0.000000000000000000, -1.000000000000000000 ) ) ;
#33 = VECTOR ( 'NONE', #3713, 1000.000000000000000 ) ;
#34 = VECTOR ( 'NONE', #2842, 1000.000000000000000 ) ;
#35 = VERTEX_POINT ( 'NONE', #4427 ) ;
#36 = ORIENTED_EDGE ( 'NONE', *, *, #4393, .T. ) ;
#37 = FACE_BOUND ( 'NONE', #4168, .T. ) ;
#38 = DIRECTION ( 'NONE',  ( 1.000000000000000000, 0.000000000000000000, 0.000000000000000000 ) ) ;
#39 = PLANE ( 'NONE',  #6227 ) ;
#40 = ORIENTED_EDGE ( 'NONE', *, *, #304, .F. ) ;
#41 = PLANE ( 'NONE',  #3417 ) ;
#42 = VERTEX_POINT ( 'NONE', #4891 ) ;
#43 = CARTESIAN_POINT ( 'NONE',  ( -443.6486486486466561, -8.209149076226061992E-14, 450.0000000000000000 ) ) ;
#44 = DIRECTION ( 'NONE',  ( -0.000000000000000000, -0.000000000000000000, -1.000000000000000000 ) ) ;
#45 = VERTEX_POINT ( 'NONE', #5511 ) ;
#46 = LINE ( 'NONE', #4114, #4645 ) ;
#47 = CARTESIAN_POINT ( 'NONE',  ( -1212.844139922891600, 204.1441441441452866, 252.0000000000000000 ) ) ;
#48 = EDGE_CURVE ( 'NONE', #448, #1836, #3449, .T. ) ;
#49 = ADVANCED_FACE ( 'NONE', ( #2329, #1846 ), #3927, .T. ) ;
#50 = EDGE_LOOP ( 'NONE', ( #6542, #4821, #5594, #833 ) ) ;
#51 = CARTESIAN_POINT ( 'NONE',  ( 3.452553062395283591E-14, -250.8558558558549691, 51.00000000000000711 ) ) ;
#52 = EDGE_LOOP ( 'NONE', ( #3131, #2681, #2594, #6128 ) ) ;
#53 = FACE_OUTER_BOUND ( 'NONE', #5083, .T. ) ;
#54 = PLANE ( 'NONE',  #4309 ) ;
#55 = EDGE_LOOP ( 'NONE', ( #3669, #1129, #6050, #1802 ) ) ;
#56 = DIRECTION ( 'NONE',  ( 1.000000000000000000, 0.000000000000000000, -0.000000000000000000 ) ) ;
#57 = LINE ( 'NONE', #1714, #2755 ) ;
#58 = LINE ( 'NONE', #2255, #1780 ) ;
#59 = ADVANCED_FACE ( 'NONE', ( #4496 ), #2393, .F. ) ;
#60 = DIRECTION ( 'NONE',  ( -0.000000000000000000, -0.000000000000000000, -1.000000000000000000 ) ) ;
#61 = DIRECTION ( 'NONE',  ( -0.000000000000000000, -0.000000000000000000, -1.000000000000000000 ) ) ;
#62 = ORIENTED_EDGE ( 'NONE', *, *, #1529, .T. ) ;
#63 = ORIENTED_EDGE ( 'NONE', *, *, #1232, .T. ) ;
#64 = ADVANCED_FACE ( 'NONE', ( #1331 ), #3419, .T. ) ;
#65 = CARTESIAN_POINT ( 'NONE',  ( -12.48264923019517703, 1694.144144144144093, 251.0000000000000000 ) ) ;
#66 = CARTESIAN_POINT ( 'NONE',  ( -12.48264923019514150, 1404.144144144144320, 252.0000000000000000 ) ) ;
#67 = CARTESIAN_POINT ( 'NONE',  ( 3126.837698566487234, -4100.459402700869759, 150.0000000000000284 ) ) ;
#68 = DIRECTION ( 'NONE',  ( 1.000000000000000000, 0.000000000000000000, 0.000000000000000000 ) ) ;
#69 = VERTEX_POINT ( 'NONE', #1881 ) ;
#70 = CARTESIAN_POINT ( 'NONE',  ( -1242.844139922891600, 524.1441441441452298, 252.0000000000000000 ) ) ;
#71 = ORIENTED_EDGE ( 'NONE', *, *, #4766, .T. ) ;
#72 = FILL_AREA_STYLE ('',( #5939 ) ) ;
#73 = CARTESIAN_POINT ( 'NONE',  ( -1213.648648648647168, -2195.855855855854770, 252.0000000000000000 ) ) ;
#74 = ADVANCED_FACE ( 'NONE', ( #6063 ), #3581, .F. ) ;
#75 = ORIENTED_EDGE ( 'NONE', *, *, #2991, .F. ) ;
#76 = DIRECTION ( 'NONE',  ( 0.000000000000000000, -0.000000000000000000, 1.000000000000000000 ) ) ;
#77 = VECTOR ( 'NONE', #2039, 1000.000000000000000 ) ;
#78 = PLANE ( 'NONE',  #2418 ) ;
#79 = EDGE_LOOP ( 'NONE', ( #648, #6379, #5601, #5587 ) ) ;
#80 = LINE ( 'NONE', #51, #555 ) ;
#81 = ORIENTED_EDGE ( 'NONE', *, *, #3020, .T. ) ;
#82 = EDGE_CURVE ( 'NONE', #69, #2004, #3612, .T. ) ;
#83 = CARTESIAN_POINT ( 'NONE',  ( -1242.844139922891600, 524.1441441441452298, 252.0000000000000000 ) ) ;
#84 = CARTESIAN_POINT ( 'NONE',  ( 307.5173507698048638, 1724.144144144144093, 252.0000000000000000 ) ) ;
#85 = CARTESIAN_POINT ( 'NONE',  ( 0.000000000000000000, 0.000000000000000000, 450.0000000000000000 ) ) ;
#86 = EDGE_LOOP ( 'NONE', ( #6270, #3960, #5203, #169 ) ) ;
#87 = DIRECTION ( 'NONE',  ( 0.000000000000000000, -0.000000000000000000, 1.000000000000000000 ) ) ;
#88 = CARTESIAN_POINT ( 'NONE',  ( 731.3513513513529460, 0.000000000000000000, 50.00000000000000000 ) ) ;
#89 = ORIENTED_EDGE ( 'NONE', *, *, #4080, .F. ) ;
#90 = CARTESIAN_POINT ( 'NONE',  ( -1638.653815138663958, 2149.178435024714418, 50.00000000000000000 ) ) ;
#91 = DIRECTION ( 'NONE',  ( -1.000000000000000000, -0.000000000000000000, -0.000000000000000000 ) ) ;
#92 = EDGE_CURVE ( 'NONE', #6084, #1815, #2592, .T. ) ;
#93 = DIRECTION ( 'NONE',  ( -1.000000000000000000, 0.000000000000000000, 0.000000000000000000 ) ) ;
#94 = EDGE_LOOP ( 'NONE', ( #2696, #5074, #3692, #2918 ) ) ;
#95 = CARTESIAN_POINT ( 'NONE',  ( 0.000000000000000000, 0.000000000000000000, 252.0000000000000000 ) ) ;
#96 = EDGE_CURVE ( 'NONE', #5944, #4131, #364, .T. ) ;
#97 = ORIENTED_EDGE ( 'NONE', *, *, #607, .T. ) ;
#98 = EDGE_CURVE ( 'NONE', #2574, #830, #963, .T. ) ;
#99 = LINE ( 'NONE', #2187, #3542 ) ;
#100 = ORIENTED_EDGE ( 'NONE', *, *, #1066, .T. ) ;
#101 = VECTOR ( 'NONE', #3154, 1000.000000000000000 ) ;
#102 = ADVANCED_FACE ( 'NONE', ( #3480 ), #4123, .T. ) ;
#103 = CARTESIAN_POINT ( 'NONE',  ( 281.3513513513531734, 524.1441441441443203, 451.0000000000000000 ) ) ;
#104 = DIRECTION ( 'NONE',  ( 0.000000000000000000, -1.000000000000000000, 0.000000000000000000 ) ) ;
#105 = ORIENTED_EDGE ( 'NONE', *, *, #4673, .F. ) ;
#106 = DIRECTION ( 'NONE',  ( 1.000000000000000000, 0.000000000000000000, -0.000000000000000000 ) ) ;
#107 = VECTOR ( 'NONE', #5776, 1000.000000000000000 ) ;
#108 = ORIENTED_EDGE ( 'NONE', *, *, #2613, .T. ) ;
#109 = CARTESIAN_POINT ( 'NONE',  ( 251.3513513513532303, 494.1441441441443203, 451.0000000000000000 ) ) ;
#110 = ADVANCED_FACE ( 'NONE', ( #2559 ), #429, .T. ) ;
#111 = CARTESIAN_POINT ( 'NONE',  ( -923.6486486486471676, 1692.892555011814238, 450.0000000000000000 ) ) ;
#112 = VERTEX_POINT ( 'NONE', #4592 ) ;
#113 = CARTESIAN_POINT ( 'NONE',  ( 276.3513513513530597, -2195.855855855854770, 451.0000000000000000 ) ) ;
#114 = DIRECTION ( 'NONE',  ( 1.000000000000000000, 0.000000000000000000, 0.000000000000000000 ) ) ;
#115 = VERTEX_POINT ( 'NONE', #4621 ) ;
#116 = VECTOR ( 'NONE', #3095, 1000.000000000000000 ) ;
#117 = PLANE ( 'NONE',  #4167 ) ;
#118 = ORIENTED_EDGE ( 'NONE', *, *, #3020, .F. ) ;
#119 = DIRECTION ( 'NONE',  ( 0.000000000000000000, -1.000000000000000000, 0.000000000000000000 ) ) ;
#120 = CARTESIAN_POINT ( 'NONE',  ( -893.6486486486471676, -1875.855855855854770, 252.0000000000000000 ) ) ;
#121 = DIRECTION ( 'NONE',  ( -0.000000000000000000, 1.000000000000000000, -0.000000000000000000 ) ) ;
#122 = ORIENTED_EDGE ( 'NONE', *, *, #5187, .F. ) ;
#123 = VECTOR ( 'NONE', #1435, 1000.000000000000000 ) ;
#124 = VECTOR ( 'NONE', #753, 1000.000000000000000 ) ;
#125 = CARTESIAN_POINT ( 'NONE',  ( -1213.648648648647168, -2195.855855855854770, 252.0000000000000000 ) ) ;
#126 = VECTOR ( 'NONE', #858, 1000.000000000000000 ) ;
#127 = DIRECTION ( 'NONE',  ( -1.000000000000000000, -0.000000000000000000, -0.000000000000000000 ) ) ;
#128 = DIRECTION ( 'NONE',  ( -1.000000000000000000, -0.000000000000000000, -0.000000000000000000 ) ) ;
#129 = FACE_OUTER_BOUND ( 'NONE', #4340, .T. ) ;
#130 = LINE ( 'NONE', #6437, #1772 ) ;
#131 = VECTOR ( 'NONE', #145, 1000.000000000000000 ) ;
#132 = AXIS2_PLACEMENT_3D ( 'NONE', #2121, #4299, #671 ) ;
#133 = VECTOR ( 'NONE', #2303, 1000.000000000000000 ) ;
#134 = ORIENTED_EDGE ( 'NONE', *, *, #4916, .F. ) ;
#135 = VECTOR ( 'NONE', #6383, 1000.000000000000000 ) ;
#136 = EDGE_LOOP ( 'NONE', ( #5852, #6532, #6708, #2800 ) ) ;
#137 = LINE ( 'NONE', #3794, #2104 ) ;
#138 = FACE_BOUND ( 'NONE', #2496, .T. ) ;
#139 = EDGE_LOOP ( 'NONE', ( #323, #1384, #5949, #2748 ) ) ;
#140 = ADVANCED_FACE ( 'NONE', ( #3102 ), #5164, .T. ) ;
#141 = VECTOR ( 'NONE', #2606, 1000.000000000000000 ) ;
#142 = VECTOR ( 'NONE', #976, 1000.000000000000000 ) ;
#143 = ADVANCED_FACE ( 'NONE', ( #6158 ), #5040, .F. ) ;
#144 = EDGE_CURVE ( 'NONE', #1624, #5811, #1948, .T. ) ;
#145 = DIRECTION ( 'NONE',  ( 0.000000000000000000, -1.000000000000000000, 0.000000000000000000 ) ) ;
#146 = CARTESIAN_POINT ( 'NONE',  ( -1661.268387826372191, -2638.672188960770200, 251.0000000000000000 ) ) ;
#147 = ORIENTED_EDGE ( 'NONE', *, *, #5630, .F. ) ;
#148 = ORIENTED_EDGE ( 'NONE', *, *, #1817, .F. ) ;
#149 = EDGE_CURVE ( 'NONE', #1414, #5928, #499, .T. ) ;
#150 = FACE_OUTER_BOUND ( 'NONE', #139, .T. ) ;
#151 = LINE ( 'NONE', #73, #2978 ) ;
#152 = VERTEX_POINT ( 'NONE', #394 ) ;
#153 = CARTESIAN_POINT ( 'NONE',  ( 277.5173507698048638, 1694.144144144144093, 252.0000000000000000 ) ) ;
#154 = ORIENTED_EDGE ( 'NONE', *, *, #3773, .T. ) ;
#155 = DIRECTION ( 'NONE',  ( 0.000000000000000000, -1.000000000000000000, 0.000000000000000000 ) ) ;
#156 = VECTOR ( 'NONE', #2332, 1000.000000000000000 ) ;
#157 = VERTEX_POINT ( 'NONE', #6129 ) ;
#158 = DIRECTION ( 'NONE',  ( 1.000000000000000000, 0.000000000000000000, 0.000000000000000000 ) ) ;
#159 = VECTOR ( 'NONE', #4094, 1000.000000000000000 ) ;
#160 = EDGE_LOOP ( 'NONE', ( #1239, #6392, #4764, #5964, #5418 ) ) ;
#161 = PLANE ( 'NONE',  #6529 ) ;
#162 = CARTESIAN_POINT ( 'NONE',  ( 1928.964900017874243, -1452.608405685351499, 251.0000000000000000 ) ) ;
#163 = ORIENTED_EDGE ( 'NONE', *, *, #2535, .T. ) ;
#164 = CARTESIAN_POINT ( 'NONE',  ( -38.64864864864676974, 494.1441441441443203, 451.0000000000000000 ) ) ;
#165 = CARTESIAN_POINT ( 'NONE',  ( -42.48264923019517880, 1724.144144144144093, 251.0000000000000000 ) ) ;
#166 = DIRECTION ( 'NONE',  ( -0.000000000000000000, -0.000000000000000000, -1.000000000000000000 ) ) ;
#167 = DIRECTION ( 'NONE',  ( 1.000000000000000000, 0.000000000000000000, 0.000000000000000000 ) ) ;
#168 = VERTEX_POINT ( 'NONE', #5645 ) ;
#169 = ORIENTED_EDGE ( 'NONE', *, *, #3603, .F. ) ;
#170 = CARTESIAN_POINT ( 'NONE',  ( 732.4691333359016880, -1452.608405685351499, 251.0000000000000000 ) ) ;
#171 = ORIENTED_EDGE ( 'NONE', *, *, #5927, .F. ) ;
#172 = CARTESIAN_POINT ( 'NONE',  ( -923.6486486486471676, -705.8558558558547702, 451.0000000000000000 ) ) ;
#173 = FACE_BOUND ( 'NONE', #6522, .T. ) ;
#174 = DIRECTION ( 'NONE',  ( 1.000000000000000000, 0.000000000000000000, 0.000000000000000000 ) ) ;
#175 = ORIENTED_EDGE ( 'NONE', *, *, #2241, .T. ) ;
#176 = VERTEX_POINT ( 'NONE', #993 ) ;
#177 = EDGE_CURVE ( 'NONE', #1480, #1504, #4059, .T. ) ;
#178 = ADVANCED_FACE ( 'NONE', ( #3067 ), #6641, .T. ) ;
#179 = LINE ( 'NONE', #4317, #688 ) ;
#180 = DIRECTION ( 'NONE',  ( -0.000000000000000000, 0.000000000000000000, 1.000000000000000000 ) ) ;
#181 = CARTESIAN_POINT ( 'NONE',  ( 0.000000000000000000, 0.000000000000000000, 51.00000000000000711 ) ) ;
#182 = EDGE_CURVE ( 'NONE', #3436, #2504, #886, .T. ) ;
#183 = ORIENTED_EDGE ( 'NONE', *, *, #4348, .F. ) ;
#184 = DIRECTION ( 'NONE',  ( -1.000000000000000000, -1.914177628664064607E-16, 0.000000000000000000 ) ) ;
#185 = EDGE_CURVE ( 'NONE', #3198, #1836, #5069, .T. ) ;
#186 = ORIENTED_EDGE ( 'NONE', *, *, #6649, .F. ) ;
#187 = ORIENTED_EDGE ( 'NONE', *, *, #182, .T. ) ;
#188 = ADVANCED_FACE ( 'NONE', ( #3549 ), #1603, .F. ) ;
#189 = EDGE_CURVE ( 'NONE', #3696, #1370, #3674, .T. ) ;
#190 = EDGE_LOOP ( 'NONE', ( #2035, #5500, #2244, #6102 ) ) ;
#191 = CARTESIAN_POINT ( 'NONE',  ( -1668.648648648647168, -2650.855855855854770, 51.00000000000000711 ) ) ;
#192 = CARTESIAN_POINT ( 'NONE',  ( -1243.648648648647168, 1722.892555011814466, 450.0000000000000000 ) ) ;
#193 = ORIENTED_EDGE ( 'NONE', *, *, #433, .T. ) ;
#194 = LINE ( 'NONE', #4358, #2550 ) ;
#195 = VECTOR ( 'NONE', #4291, 1000.000000000000000 ) ;
#196 = LINE ( 'NONE', #2320, #6447 ) ;
#197 = CARTESIAN_POINT ( 'NONE',  ( 1506.351351351352832, -1875.855855855854770, 252.0000000000000000 ) ) ;
#198 = DIRECTION ( 'NONE',  ( -1.000000000000000000, -0.000000000000000000, -0.000000000000000000 ) ) ;
#199 = DIRECTION ( 'NONE',  ( 1.000000000000000000, 0.000000000000000000, 0.000000000000000000 ) ) ;
#200 = EDGE_LOOP ( 'NONE', ( #838, #2935, #2412, #5049 ) ) ;
#201 = DIRECTION ( 'NONE',  ( -0.000000000000000000, 0.000000000000000000, 1.000000000000000000 ) ) ;
#202 = CARTESIAN_POINT ( 'NONE',  ( 0.000000000000000000, 0.000000000000000000, 651.0000000000003411 ) ) ;
#203 = ORIENTED_EDGE ( 'NONE', *, *, #302, .F. ) ;
#204 = DIRECTION ( 'NONE',  ( -0.000000000000000000, -0.000000000000000000, -1.000000000000000000 ) ) ;
#205 = LINE ( 'NONE', #3902, #124 ) ;
#206 = VERTEX_POINT ( 'NONE', #2725 ) ;
#207 = FACE_OUTER_BOUND ( 'NONE', #6502, .T. ) ;
#208 = EDGE_LOOP ( 'NONE', ( #4315, #2231, #3331, #2558 ) ) ;
#209 = VECTOR ( 'NONE', #6281, 1000.000000000000000 ) ;
#210 = LINE ( 'NONE', #2301, #5795 ) ;
#211 = CARTESIAN_POINT ( 'NONE',  ( 306.3513513513530029, -1875.855855855854770, 451.0000000000000000 ) ) ;
#212 = VECTOR ( 'NONE', #5015, 1000.000000000000000 ) ;
#213 = DIRECTION ( 'NONE',  ( 1.000000000000000000, 0.000000000000000000, 0.000000000000000000 ) ) ;
#214 = ORIENTED_EDGE ( 'NONE', *, *, #3872, .F. ) ;
#215 = CARTESIAN_POINT ( 'NONE',  ( -1668.914624007974453, -2650.885740052331585, 51.00000000000000711 ) ) ;
#216 = EDGE_LOOP ( 'NONE', ( #6378, #2279, #3536, #3980 ) ) ;
#217 = FACE_OUTER_BOUND ( 'NONE', #1111, .T. ) ;
#218 = VECTOR ( 'NONE', #2664, 1000.000000000000000 ) ;
#219 = EDGE_CURVE ( 'NONE', #2555, #3578, #5225, .T. ) ;
#220 = ORIENTED_EDGE ( 'NONE', *, *, #1072, .T. ) ;
#221 = ADVANCED_FACE ( 'NONE', ( #5297 ), #1189, .F. ) ;
#222 = EDGE_CURVE ( 'NONE', #6014, #1848, #3199, .T. ) ;
#223 = DIRECTION ( 'NONE',  ( -0.000000000000000000, 0.000000000000000000, 1.000000000000000000 ) ) ;
#224 = CARTESIAN_POINT ( 'NONE',  ( -13.64864864864695626, -2195.855855855854770, 450.0000000000000000 ) ) ;
#225 = ORIENTED_EDGE ( 'NONE', *, *, #728, .T. ) ;
#226 = EDGE_CURVE ( 'NONE', #1078, #6561, #6323, .T. ) ;
#227 = CARTESIAN_POINT ( 'NONE',  ( -463.2964566313568753, -1441.194908877152102, 51.00000000000000711 ) ) ;
#228 = CARTESIAN_POINT ( 'NONE',  ( 1881.351351351352605, -2600.855855855854770, 51.00000000000000711 ) ) ;
#229 = EDGE_LOOP ( 'NONE', ( #2622, #4439, #4429, #2024 ) ) ;
#230 = DIRECTION ( 'NONE',  ( 0.000000000000000000, -1.000000000000000000, 0.000000000000000000 ) ) ;
#231 = PLANE ( 'NONE',  #894 ) ;
#232 = ORIENTED_EDGE ( 'NONE', *, *, #1667, .T. ) ;
#233 = VECTOR ( 'NONE', #744, 1000.000000000000000 ) ;
#234 = DIRECTION ( 'NONE',  ( -0.000000000000000000, -0.000000000000000000, -1.000000000000000000 ) ) ;
#235 = VECTOR ( 'NONE', #2487, 1000.000000000000000 ) ;
#236 = VECTOR ( 'NONE', #6135, 1000.000000000000000 ) ;
#237 = EDGE_LOOP ( 'NONE', ( #3934, #5869, #539, #4653 ) ) ;
#238 = DIRECTION ( 'NONE',  ( -1.000000000000000000, -0.000000000000000000, -0.000000000000000000 ) ) ;
#239 = DIRECTION ( 'NONE',  ( 0.000000000000000000, 0.000000000000000000, 1.000000000000000000 ) ) ;
#240 = FACE_OUTER_BOUND ( 'NONE', #5913, .T. ) ;
#241 = VECTOR ( 'NONE', #4859, 1000.000000000000000 ) ;
#242 = VECTOR ( 'NONE', #6233, 1000.000000000000000 ) ;
#243 = VECTOR ( 'NONE', #3878, 1000.000000000000000 ) ;
#244 = VECTOR ( 'NONE', #2118, 1000.000000000000000 ) ;
#245 = DIRECTION ( 'NONE',  ( 1.000000000000000000, 0.000000000000000000, 0.000000000000000000 ) ) ;
#246 = ORIENTED_EDGE ( 'NONE', *, *, #999, .T. ) ;
#247 = ORIENTED_EDGE ( 'NONE', *, *, #2850, .F. ) ;
#248 = AXIS2_PLACEMENT_3D ( 'NONE', #5662, #6248, #1551 ) ;
#249 = CARTESIAN_POINT ( 'NONE',  ( 715.7521729148861596, -242.2942286748832430, 651.0000000000003411 ) ) ;
#250 = CARTESIAN_POINT ( 'NONE',  ( -53.64864864864694738, -1016.194908877151988, 651.0000000000003411 ) ) ;
#251 = DIRECTION ( 'NONE',  ( 1.000000000000000000, 0.000000000000000000, 0.000000000000000000 ) ) ;
#252 = AXIS2_PLACEMENT_3D ( 'NONE', #5718, #1065, #3207 ) ;
#253 = VERTEX_POINT ( 'NONE', #603 ) ;
#254 = DIRECTION ( 'NONE',  ( -1.000000000000000000, 0.000000000000000000, 0.000000000000000000 ) ) ;
#255 = ORIENTED_EDGE ( 'NONE', *, *, #1321, .T. ) ;
#256 = ORIENTED_EDGE ( 'NONE', *, *, #6605, .T. ) ;
#257 = CARTESIAN_POINT ( 'NONE',  ( -23.64864864864699001, -696.1949088771522156, 651.0000000000003411 ) ) ;
#258 = EDGE_CURVE ( 'NONE', #6726, #1370, #3164, .T. ) ;
#259 = AXIS2_PLACEMENT_3D ( 'NONE', #5106, #1513, #1927 ) ;
#260 = DIRECTION ( 'NONE',  ( -0.000000000000000000, -0.000000000000000000, -1.000000000000000000 ) ) ;
#261 = VERTEX_POINT ( 'NONE', #1674 ) ;
#262 = EDGE_CURVE ( 'NONE', #5722, #2788, #4822, .T. ) ;
#263 = CARTESIAN_POINT ( 'NONE',  ( 1186.351351351352832, -705.8558558558547702, 450.0000000000000000 ) ) ;
#264 = DIRECTION ( 'NONE',  ( 1.000000000000000000, 0.000000000000000000, 0.000000000000000000 ) ) ;
#265 = VERTEX_POINT ( 'NONE', #5741 ) ;
#266 = DIRECTION ( 'NONE',  ( -0.000000000000000000, 1.000000000000000000, -0.000000000000000000 ) ) ;
#267 = ORIENTED_EDGE ( 'NONE', *, *, #339, .T. ) ;
#268 = ORIENTED_EDGE ( 'NONE', *, *, #1161, .T. ) ;
#269 = DIRECTION ( 'NONE',  ( 0.000000000000000000, -1.000000000000000000, 0.000000000000000000 ) ) ;
#270 = ORIENTED_EDGE ( 'NONE', *, *, #2323, .T. ) ;
#271 = EDGE_CURVE ( 'NONE', #2489, #5693, #2623, .T. ) ;
#272 = DIRECTION ( 'NONE',  ( -0.000000000000000000, 0.000000000000000000, 1.000000000000000000 ) ) ;
#273 = CARTESIAN_POINT ( 'NONE',  ( -468.6486486486469971, 949.1441441441451161, 450.0000000000000000 ) ) ;
#274 = DIRECTION ( 'NONE',  ( -0.000000000000000000, -0.000000000000000000, -1.000000000000000000 ) ) ;
#275 = CARTESIAN_POINT ( 'NONE',  ( 1186.351351351352832, -705.8558558558547702, 451.0000000000000000 ) ) ;
#276 = CARTESIAN_POINT ( 'NONE',  ( 307.5173507698049207, 1374.144144144144320, 251.0000000000000000 ) ) ;
#277 = EDGE_CURVE ( 'NONE', #2344, #1486, #6369, .T. ) ;
#278 = ORIENTED_EDGE ( 'NONE', *, *, #177, .F. ) ;
#279 = ORIENTED_EDGE ( 'NONE', *, *, #4627, .T. ) ;
#280 = CARTESIAN_POINT ( 'NONE',  ( 1170.752172914886160, 502.7057713251168707, 652.0000000000003411 ) ) ;
#281 = DIRECTION ( 'NONE',  ( -0.000000000000000000, 0.000000000000000000, 1.000000000000000000 ) ) ;
#282 = VERTEX_POINT ( 'NONE', #5816 ) ;
#283 = DIRECTION ( 'NONE',  ( -0.000000000000000000, -0.000000000000000000, -1.000000000000000000 ) ) ;
#284 = ORIENTED_EDGE ( 'NONE', *, *, #1975, .T. ) ;
#285 = ORIENTED_EDGE ( 'NONE', *, *, #797, .F. ) ;
#286 = LINE ( 'NONE', #6462, #3515 ) ;
#287 = DIRECTION ( 'NONE',  ( 1.000000000000000000, -1.456030196229713880E-16, 0.000000000000000000 ) ) ;
#288 = FACE_BOUND ( 'NONE', #79, .T. ) ;
#289 = LINE ( 'NONE', #6531, #561 ) ;
#290 = ORIENTED_EDGE ( 'NONE', *, *, #5271, .F. ) ;
#291 = DIRECTION ( 'NONE',  ( 0.000000000000000000, -1.000000000000000000, 0.000000000000000000 ) ) ;
#292 = CARTESIAN_POINT ( 'NONE',  ( 296.3513513513530029, -666.1949088771521019, 652.0000000000003411 ) ) ;
#293 = ORIENTED_EDGE ( 'NONE', *, *, #2520, .F. ) ;
#294 = PLANE ( 'NONE',  #3716 ) ;
#295 = EDGE_CURVE ( 'NONE', #3090, #5316, #3234, .T. ) ;
#296 = EDGE_LOOP ( 'NONE', ( #5514, #6538, #3233, #6174 ) ) ;
#297 = ORIENTED_EDGE ( 'NONE', *, *, #5933, .T. ) ;
#298 = DIRECTION ( 'NONE',  ( -1.000000000000000000, -0.000000000000000000, -0.000000000000000000 ) ) ;
#299 = ORIENTED_EDGE ( 'NONE', *, *, #1987, .T. ) ;
#300 = CARTESIAN_POINT ( 'NONE',  ( -1213.648648648647168, -705.8558558558547702, 450.0000000000000000 ) ) ;
#301 = PLANE ( 'NONE',  #2542 ) ;
#302 = EDGE_CURVE ( 'NONE', #4791, #1224, #2077, .T. ) ;
#303 = CARTESIAN_POINT ( 'NONE',  ( 281.3513513513531734, 524.1441441441443203, 451.0000000000000000 ) ) ;
#304 = EDGE_CURVE ( 'NONE', #261, #4770, #3781, .T. ) ;
#305 = EDGE_CURVE ( 'NONE', #1747, #6382, #23, .T. ) ;
#306 = ORIENTED_EDGE ( 'NONE', *, *, #6104, .T. ) ;
#307 = ORIENTED_EDGE ( 'NONE', *, *, #2612, .T. ) ;
#308 = EDGE_CURVE ( 'NONE', #1170, #1386, #4154, .T. ) ;
#309 = FACE_BOUND ( 'NONE', #5308, .T. ) ;
#310 = VERTEX_POINT ( 'NONE', #3647 ) ;
#311 = DIRECTION ( 'NONE',  ( -0.000000000000000000, 1.000000000000000000, -0.000000000000000000 ) ) ;
#312 = ORIENTED_EDGE ( 'NONE', *, *, #2405, .F. ) ;
#313 = ORIENTED_EDGE ( 'NONE', *, *, #5086, .F. ) ;
#314 = VECTOR ( 'NONE', #5512, 1000.000000000000000 ) ;
#315 = ORIENTED_EDGE ( 'NONE', *, *, #738, .T. ) ;
#316 = CARTESIAN_POINT ( 'NONE',  ( -1213.648648648647168, -2195.855855855854770, 252.0000000000000000 ) ) ;
#317 = VECTOR ( 'NONE', #1469, 1000.000000000000000 ) ;
#318 = DIRECTION ( 'NONE',  ( -1.000000000000000000, -0.000000000000000000, -0.000000000000000000 ) ) ;
#319 = CARTESIAN_POINT ( 'NONE',  ( -467.4826492301951930, 949.7722133673792086, 251.0000000000000000 ) ) ;
#320 = FACE_BOUND ( 'NONE', #237, .T. ) ;
#321 = ORIENTED_EDGE ( 'NONE', *, *, #5022, .F. ) ;
#322 = CARTESIAN_POINT ( 'NONE',  ( 1919.291799940615647, 942.7075103593078893, 651.0000000000003411 ) ) ;
#323 = ORIENTED_EDGE ( 'NONE', *, *, #3719, .F. ) ;
#324 = CARTESIAN_POINT ( 'NONE',  ( 1931.351351351352832, 2149.144144144145230, 51.00000000000000711 ) ) ;
#325 = CARTESIAN_POINT ( 'NONE',  ( 1186.351351351352832, -2195.855855855854770, 252.0000000000000000 ) ) ;
#326 = ORIENTED_EDGE ( 'NONE', *, *, #4370, .T. ) ;
#327 = CARTESIAN_POINT ( 'NONE',  ( 8.781347354308070654E-14, 949.1441441441451161, 450.0000000000000000 ) ) ;
#328 = CARTESIAN_POINT ( 'NONE',  ( -42.48264923019517880, 1724.144144144144093, 252.0000000000000000 ) ) ;
#329 = DIRECTION ( 'NONE',  ( 1.000000000000000000, 0.000000000000000000, 0.000000000000000000 ) ) ;
#330 = VECTOR ( 'NONE', #4713, 1000.000000000000000 ) ;
#331 = VECTOR ( 'NONE', #808, 1000.000000000000000 ) ;
#332 = LINE ( 'NONE', #793, #4227 ) ;
#333 = VERTEX_POINT ( 'NONE', #5712 ) ;
#334 = DIRECTION ( 'NONE',  ( 1.000000000000000000, 0.000000000000000000, 0.000000000000000000 ) ) ;
#335 = VERTEX_POINT ( 'NONE', #3129 ) ;
#336 = EDGE_CURVE ( 'NONE', #1067, #3936, #6258, .T. ) ;
#337 = ADVANCED_FACE ( 'NONE', ( #53 ), #2144, .T. ) ;
#338 = VECTOR ( 'NONE', #2894, 1000.000000000000000 ) ;
#339 = EDGE_CURVE ( 'NONE', #6187, #1278, #6022, .T. ) ;
#340 = VECTOR ( 'NONE', #4228, 1000.000000000000000 ) ;
#341 = VECTOR ( 'NONE', #2338, 1000.000000000000000 ) ;
#342 = CARTESIAN_POINT ( 'NONE',  ( -1242.844139922891600, 174.1441441441452582, 251.0000000000000000 ) ) ;
#343 = CARTESIAN_POINT ( 'NONE',  ( 0.000000000000000000, 0.000000000000000000, 450.0000000000000000 ) ) ;
#344 = VERTEX_POINT ( 'NONE', #6399 ) ;
#345 = FACE_OUTER_BOUND ( 'NONE', #4372, .T. ) ;
#346 = ORIENTED_EDGE ( 'NONE', *, *, #3907, .F. ) ;
#347 = VECTOR ( 'NONE', #723, 1000.000000000000000 ) ;
#348 = VECTOR ( 'NONE', #6290, 1000.000000000000000 ) ;
#349 = ORIENTED_EDGE ( 'NONE', *, *, #1907, .F. ) ;
#350 = EDGE_CURVE ( 'NONE', #2880, #3163, #771, .T. ) ;
#351 = EDGE_CURVE ( 'NONE', #2786, #1363, #5441, .T. ) ;
#352 = AXIS2_PLACEMENT_3D ( 'NONE', #1077, #3052, #5152 ) ;
#353 = VECTOR ( 'NONE', #760, 1000.000000000000000 ) ;
#354 = ORIENTED_EDGE ( 'NONE', *, *, #5148, .F. ) ;
#355 = CARTESIAN_POINT ( 'NONE',  ( 1476.351351351352832, -1905.855855855854770, 251.0000000000000000 ) ) ;
#356 = EDGE_CURVE ( 'NONE', #5163, #498, #5948, .T. ) ;
#357 = FACE_OUTER_BOUND ( 'NONE', #506, .T. ) ;
#358 = LINE ( 'NONE', #43, #1441 ) ;
#359 = CARTESIAN_POINT ( 'NONE',  ( -1638.653815138663958, 2149.178435024714418, 50.00000000000000000 ) ) ;
#360 = VERTEX_POINT ( 'NONE', #5379 ) ;
#361 = PLANE ( 'NONE',  #3721 ) ;
#362 = DIRECTION ( 'NONE',  ( -0.000000000000000000, -0.000000000000000000, -1.000000000000000000 ) ) ;
#363 = EDGE_LOOP ( 'NONE', ( #931, #995, #6451, #1866 ) ) ;
#364 = LINE ( 'NONE', #4024, #1968 ) ;
#365 = LINE ( 'NONE', #4805, #420 ) ;
#366 = DIRECTION ( 'NONE',  ( -1.000000000000000000, -0.000000000000000000, -0.000000000000000000 ) ) ;
#367 = CARTESIAN_POINT ( 'NONE',  ( 729.0204228011621126, 949.7722133673792086, 251.0000000000000000 ) ) ;
#368 = ORIENTED_EDGE ( 'NONE', *, *, #82, .T. ) ;
#369 = CARTESIAN_POINT ( 'NONE',  ( -892.8441399228915998, 524.1441441441452298, 251.0000000000000000 ) ) ;
#370 = CARTESIAN_POINT ( 'NONE',  ( 1476.351351351352832, -705.8558558558547702, 451.0000000000000000 ) ) ;
#371 = VECTOR ( 'NONE', #1169, 1000.000000000000000 ) ;
#372 = DIRECTION ( 'NONE',  ( -0.000000000000000000, -0.000000000000000000, -1.000000000000000000 ) ) ;
#373 = FACE_OUTER_BOUND ( 'NONE', #439, .T. ) ;
#374 = ORIENTED_EDGE ( 'NONE', *, *, #481, .F. ) ;
#375 = ORIENTED_EDGE ( 'NONE', *, *, #4605, .F. ) ;
#376 = LINE ( 'NONE', #3974, #4698 ) ;
#377 = ORIENTED_EDGE ( 'NONE', *, *, #4587, .T. ) ;
#378 = CARTESIAN_POINT ( 'NONE',  ( -1618.648648648647168, -2600.855855855854770, 51.00000000000000711 ) ) ;
#379 = FACE_OUTER_BOUND ( 'NONE', #1345, .T. ) ;
#380 = ORIENTED_EDGE ( 'NONE', *, *, #4915, .T. ) ;
#381 = CARTESIAN_POINT ( 'NONE',  ( 701.0708180236888438, -261.9442023300435949, 651.0000000000003411 ) ) ;
#382 = ADVANCED_FACE ( 'NONE', ( #2251 ), #161, .T. ) ;
#383 = VERTEX_POINT ( 'NONE', #6495 ) ;
#384 = ORIENTED_EDGE ( 'NONE', *, *, #3359, .F. ) ;
#385 = ADVANCED_FACE ( 'NONE', ( #1745, #288 ), #3814, .T. ) ;
#386 = LINE ( 'NONE', #4518, #4685 ) ;
#387 = ADVANCED_FACE ( 'NONE', ( #5476, #1361 ), #2890, .T. ) ;
#388 = LINE ( 'NONE', #2038, #1539 ) ;
#389 = EDGE_CURVE ( 'NONE', #4012, #4748, #2855, .T. ) ;
#390 = EDGE_LOOP ( 'NONE', ( #5701, #100, #3490, #4298 ) ) ;
#391 = DIRECTION ( 'NONE',  ( -0.000000000000000000, -0.000000000000000000, -1.000000000000000000 ) ) ;
#392 = DIRECTION ( 'NONE',  ( 0.000000000000000000, 0.000000000000000000, 1.000000000000000000 ) ) ;
#393 = EDGE_LOOP ( 'NONE', ( #6690, #4755, #3908, #5145 ) ) ;
#394 = CARTESIAN_POINT ( 'NONE',  ( 721.3513513513529460, -1450.855855855854543, 450.0000000000000000 ) ) ;
#395 = FACE_OUTER_BOUND ( 'NONE', #6612, .T. ) ;
#396 = ORIENTED_EDGE ( 'NONE', *, *, #5426, .T. ) ;
#397 = CARTESIAN_POINT ( 'NONE',  ( 0.000000000000000000, 0.000000000000000000, 450.0000000000000000 ) ) ;
#398 = LINE ( 'NONE', #3133, #2859 ) ;
#399 = LINE ( 'NONE', #1956, #4690 ) ;
#400 = LINE ( 'NONE', #2500, #5676 ) ;
#401 = DIRECTION ( 'NONE',  ( 0.000000000000000000, -0.000000000000000000, -1.000000000000000000 ) ) ;
#402 = AXIS2_PLACEMENT_3D ( 'NONE', #3841, #5914, #6458 ) ;
#403 = ORIENTED_EDGE ( 'NONE', *, *, #3144, .T. ) ;
#404 = DIRECTION ( 'NONE',  ( -0.000000000000000000, 0.000000000000000000, 1.000000000000000000 ) ) ;
#405 = ORIENTED_EDGE ( 'NONE', *, *, #4676, .F. ) ;
#406 = LINE ( 'NONE', #6273, #4584 ) ;
#407 = LINE ( 'NONE', #342, #3176 ) ;
#408 = VERTEX_POINT ( 'NONE', #3304 ) ;
#409 = DIRECTION ( 'NONE',  ( 0.000000000000000000, 0.000000000000000000, 1.000000000000000000 ) ) ;
#410 = LINE ( 'NONE', #3563, #212 ) ;
#411 = ORIENTED_EDGE ( 'NONE', *, *, #763, .T. ) ;
#412 = DIRECTION ( 'NONE',  ( 0.000000000000000000, -0.000000000000000000, 1.000000000000000000 ) ) ;
#413 = CARTESIAN_POINT ( 'NONE',  ( 1931.351351351352832, -1450.855855855854543, 450.0000000000000000 ) ) ;
#414 = ORIENTED_EDGE ( 'NONE', *, *, #4110, .F. ) ;
#415 = VERTEX_POINT ( 'NONE', #2922 ) ;
#416 = CARTESIAN_POINT ( 'NONE',  ( 281.3513513513531734, 524.1441441441443203, 450.0000000000000000 ) ) ;
#417 = LINE ( 'NONE', #1495, #2092 ) ;
#418 = LINE ( 'NONE', #2516, #3701 ) ;
#419 = EDGE_CURVE ( 'NONE', #4191, #3009, #4449, .T. ) ;
#420 = VECTOR ( 'NONE', #2268, 1000.000000000000000 ) ;
#421 = CARTESIAN_POINT ( 'NONE',  ( 1170.752172914886160, 212.7057713251167570, 651.0000000000003411 ) ) ;
#422 = CARTESIAN_POINT ( 'NONE',  ( -1243.648648648647168, 1372.892555011814466, 451.0000000000000000 ) ) ;
#423 = ADVANCED_FACE ( 'NONE', ( #1222, #5921 ), #2792, .T. ) ;
#424 = EDGE_CURVE ( 'NONE', #4288, #3055, #2354, .T. ) ;
#425 = VERTEX_POINT ( 'NONE', #3406 ) ;
#426 = CARTESIAN_POINT ( 'NONE',  ( -2867.919202630825566, -2620.885740052331585, 51.00000000000000711 ) ) ;
#427 = ORIENTED_EDGE ( 'NONE', *, *, #2364, .F. ) ;
#428 = ADVANCED_FACE ( 'NONE', ( #1839, #1259 ), #4953, .F. ) ;
#429 = PLANE ( 'NONE',  #5549 ) ;
#430 = CARTESIAN_POINT ( 'NONE',  ( 1931.351351351352832, -2650.855855855854770, 51.00000000000000711 ) ) ;
#431 = VERTEX_POINT ( 'NONE', #6530 ) ;
#433 = EDGE_CURVE ( 'NONE', #2956, #3037, #1777, .T. ) ;
#432 = LINE ( 'NONE', #1849, #1237 ) ;
#434 = LINE ( 'NONE', #5168, #4593 ) ;
#435 = DIRECTION ( 'NONE',  ( 0.000000000000000000, -1.000000000000000000, 0.000000000000000000 ) ) ;
#436 = EDGE_CURVE ( 'NONE', #206, #152, #2822, .T. ) ;
#437 = DIRECTION ( 'NONE',  ( 0.000000000000000000, 0.000000000000000000, -1.000000000000000000 ) ) ;
#438 = LINE ( 'NONE', #3588, #4917 ) ;
#439 = EDGE_LOOP ( 'NONE', ( #2962, #2373, #1234, #1219 ) ) ;
#440 = FACE_OUTER_BOUND ( 'NONE', #5278, .T. ) ;
#441 = VERTEX_POINT ( 'NONE', #1811 ) ;
#442 = VECTOR ( 'NONE', #5810, 1000.000000000000000 ) ;
#443 = CARTESIAN_POINT ( 'NONE',  ( 0.000000000000000000, 0.000000000000000000, 251.0000000000000000 ) ) ;
#444 = ORIENTED_EDGE ( 'NONE', *, *, #6678, .F. ) ;
#445 = CARTESIAN_POINT ( 'NONE',  ( 732.4691333359016880, -1452.608405685351499, 51.00000000000000711 ) ) ;
#446 = ORIENTED_EDGE ( 'NONE', *, *, #4115, .F. ) ;
#447 = AXIS2_PLACEMENT_3D ( 'NONE', #1972, #2009, #881 ) ;
#448 = VERTEX_POINT ( 'NONE', #1971 ) ;
#449 = AXIS2_PLACEMENT_3D ( 'NONE', #584, #6385, #4703 ) ;
#450 = AXIS2_PLACEMENT_3D ( 'NONE', #5598, #2544, #5078 ) ;
#451 = CARTESIAN_POINT ( 'NONE',  ( 1156.351351351352832, -1875.855855855854770, 252.0000000000000000 ) ) ;
#452 = AXIS2_PLACEMENT_3D ( 'NONE', #4118, #2587, #5641 ) ;
#453 = VECTOR ( 'NONE', #4655, 1000.000000000000000 ) ;
#454 = VECTOR ( 'NONE', #1472, 1000.000000000000000 ) ;
#455 = DIRECTION ( 'NONE',  ( 0.000000000000000000, 0.000000000000000000, 1.000000000000000000 ) ) ;
#456 = CARTESIAN_POINT ( 'NONE',  ( 1140.752172914886160, 532.7057713251168707, 652.0000000000003411 ) ) ;
#457 = AXIS2_PLACEMENT_3D ( 'NONE', #5362, #2266, #695 ) ;
#458 = CARTESIAN_POINT ( 'NONE',  ( -1213.648648648647168, -705.8558558558547702, 451.0000000000000000 ) ) ;
#459 = VERTEX_POINT ( 'NONE', #5063 ) ;
#460 = EDGE_CURVE ( 'NONE', #754, #157, #3471, .T. ) ;
#461 = LINE ( 'NONE', #6635, #9 ) ;
#462 = EDGE_LOOP ( 'NONE', ( #6062, #1583, #2262, #4125 ) ) ;
#463 = ADVANCED_FACE ( 'NONE', ( #5576 ), #5640, .F. ) ;
#464 = DIRECTION ( 'NONE',  ( -0.000000000000000000, -0.000000000000000000, -1.000000000000000000 ) ) ;
#465 = DIRECTION ( 'NONE',  ( 9.251858538542972814E-17, -1.000000000000000000, 0.000000000000000000 ) ) ;
#466 = ORIENTED_EDGE ( 'NONE', *, *, #436, .F. ) ;
#467 = CARTESIAN_POINT ( 'NONE',  ( -42.48264923019513617, 1374.144144144144320, 252.0000000000000000 ) ) ;
#468 = DIRECTION ( 'NONE',  ( 1.189524669241239608E-16, -1.000000000000000000, 0.000000000000000000 ) ) ;
#469 = DIRECTION ( 'NONE',  ( 1.000000000000000000, -0.000000000000000000, -0.000000000000000000 ) ) ;
#470 = LINE ( 'NONE', #2568, #6330 ) ;
#471 = CARTESIAN_POINT ( 'NONE',  ( -467.4826492301951930, 949.7722133673792086, 251.0000000000000000 ) ) ;
#472 = EDGE_CURVE ( 'NONE', #1076, #2174, #4015, .T. ) ;
#473 = LINE ( 'NONE', #6101, #6074 ) ;
#474 = VERTEX_POINT ( 'NONE', #3503 ) ;
#475 = CARTESIAN_POINT ( 'NONE',  ( -468.6486486486469971, 0.000000000000000000, 450.0000000000000000 ) ) ;
#476 = ADVANCED_FACE ( 'NONE', ( #357 ), #4088, .T. ) ;
#477 = ORIENTED_EDGE ( 'NONE', *, *, #5885, .F. ) ;
#478 = VECTOR ( 'NONE', #2772, 1000.000000000000000 ) ;
#479 = DIRECTION ( 'NONE',  ( -1.000000000000000000, -0.000000000000000000, -0.000000000000000000 ) ) ;
#480 = EDGE_CURVE ( 'NONE', #4417, #3968, #6083, .T. ) ;
#481 = EDGE_CURVE ( 'NONE', #1385, #5202, #4117, .T. ) ;
#482 = CARTESIAN_POINT ( 'NONE',  ( -1668.653815138663958, 3349.109615115158704, 50.00000000000000000 ) ) ;
#483 = VECTOR ( 'NONE', #1090, 1000.000000000000000 ) ;
#484 = CARTESIAN_POINT ( 'NONE',  ( -1213.648648648647168, 1692.892555011814238, 451.0000000000000000 ) ) ;
#485 = FACE_BOUND ( 'NONE', #910, .T. ) ;
#486 = ORIENTED_EDGE ( 'NONE', *, *, #3222, .F. ) ;
#487 = DIRECTION ( 'NONE',  ( 1.000000000000000000, 0.000000000000000000, -0.000000000000000000 ) ) ;
#488 = DIRECTION ( 'NONE',  ( 0.000000000000000000, 1.000000000000000000, 0.000000000000000000 ) ) ;
#489 = ORIENTED_EDGE ( 'NONE', *, *, #3864, .T. ) ;
#490 = EDGE_LOOP ( 'NONE', ( #3248, #1520, #6368, #2716 ) ) ;
#491 = CARTESIAN_POINT ( 'NONE',  ( -1668.653815138663958, 2149.178435024714418, 51.00000000000000711 ) ) ;
#492 = CARTESIAN_POINT ( 'NONE',  ( 1186.351351351352832, -705.8558558558547702, 451.0000000000000000 ) ) ;
#493 = CARTESIAN_POINT ( 'NONE',  ( 1931.351351351352832, -2650.855855855854770, 51.00000000000000711 ) ) ;
#494 = CARTESIAN_POINT ( 'NONE',  ( 1881.351351351352832, 942.7075103593076619, 51.00000000000000711 ) ) ;
#495 = ORIENTED_EDGE ( 'NONE', *, *, #424, .T. ) ;
#496 = DIRECTION ( 'NONE',  ( -0.000000000000000000, 1.000000000000000000, -0.000000000000000000 ) ) ;
#497 = LINE ( 'NONE', #6088, #1798 ) ;
#498 = VERTEX_POINT ( 'NONE', #4580 ) ;
#499 = LINE ( 'NONE', #6730, #759 ) ;
#500 = FACE_OUTER_BOUND ( 'NONE', #2878, .T. ) ;
#501 = EDGE_LOOP ( 'NONE', ( #940, #5631, #5679, #3173 ) ) ;
#502 = FACE_OUTER_BOUND ( 'NONE', #6190, .T. ) ;
#503 = LINE ( 'NONE', #2597, #3729 ) ;
#504 = DIRECTION ( 'NONE',  ( -0.000000000000000000, 0.000000000000000000, 1.000000000000000000 ) ) ;
#505 = CARTESIAN_POINT ( 'NONE',  ( 276.3513513513530029, -1905.855855855854770, 451.0000000000000000 ) ) ;
#506 = EDGE_LOOP ( 'NONE', ( #813, #1040, #2743, #4396 ) ) ;
#507 = CARTESIAN_POINT ( 'NONE',  ( -1213.648648648647168, 1692.892555011814238, 450.0000000000000000 ) ) ;
#508 = EDGE_LOOP ( 'NONE', ( #3180, #2919, #3466, #566 ) ) ;
#509 = ADVANCED_FACE ( 'NONE', ( #957 ), #3059, .T. ) ;
#510 = CARTESIAN_POINT ( 'NONE',  ( 0.000000000000000000, 0.000000000000000000, 0.000000000000000000 ) ) ;
#511 = ADVANCED_FACE ( 'NONE', ( #2554 ), #1423, .F. ) ;
#512 = EDGE_CURVE ( 'NONE', #2513, #2901, #879, .T. ) ;
#513 = CARTESIAN_POINT ( 'NONE',  ( 9.163145065364935169E-14, 949.1441441441443203, 450.0000000000000000 ) ) ;
#514 = ORIENTED_EDGE ( 'NONE', *, *, #6509, .T. ) ;
#515 = PLANE ( 'NONE',  #5907 ) ;
#516 = ORIENTED_EDGE ( 'NONE', *, *, #5966, .F. ) ;
#517 = VECTOR ( 'NONE', #4436, 1000.000000000000000 ) ;
#518 = EDGE_CURVE ( 'NONE', #1776, #2713, #985, .T. ) ;
#519 = CARTESIAN_POINT ( 'NONE',  ( -38.64864864864676974, 204.1441441441443487, 451.0000000000000000 ) ) ;
#520 = EDGE_CURVE ( 'NONE', #6340, #4668, #3987, .T. ) ;
#521 = LINE ( 'NONE', #2610, #5434 ) ;
#522 = FACE_OUTER_BOUND ( 'NONE', #4225, .T. ) ;
#523 = LINE ( 'NONE', #2614, #3491 ) ;
#524 = CARTESIAN_POINT ( 'NONE',  ( 1928.964900017874243, -1452.608405685351499, 51.00000000000000711 ) ) ;
#525 = ORIENTED_EDGE ( 'NONE', *, *, #2364, .T. ) ;
#526 = DIRECTION ( 'NONE',  ( -1.850371707708594563E-16, 1.000000000000000000, 0.000000000000000000 ) ) ;
#527 = LINE ( 'NONE', #1631, #3079 ) ;
#528 = ORIENTED_EDGE ( 'NONE', *, *, #5898, .T. ) ;
#529 = DIRECTION ( 'NONE',  ( -0.000000000000000000, -0.000000000000000000, -1.000000000000000000 ) ) ;
#530 = DIRECTION ( 'NONE',  ( -0.000000000000000000, 0.000000000000000000, 1.000000000000000000 ) ) ;
#531 = ORIENTED_EDGE ( 'NONE', *, *, #4348, .T. ) ;
#532 = CARTESIAN_POINT ( 'NONE',  ( -1667.844139922891600, -247.8776232719740733, 251.0000000000000000 ) ) ;
#533 = LINE ( 'NONE', #3043, #3842 ) ;
#534 = LINE ( 'NONE', #6704, #236 ) ;
#535 = CARTESIAN_POINT ( 'NONE',  ( -1667.844139922891600, -247.8776232719740733, 251.0000000000000000 ) ) ;
#536 = VECTOR ( 'NONE', #3877, 1000.000000000000000 ) ;
#537 = DIRECTION ( 'NONE',  ( -0.000000000000000000, 1.000000000000000000, -0.000000000000000000 ) ) ;
#538 = EDGE_LOOP ( 'NONE', ( #3551, #5527, #6398, #3659 ) ) ;
#539 = ORIENTED_EDGE ( 'NONE', *, *, #4145, .F. ) ;
#540 = FACE_BOUND ( 'NONE', #4837, .T. ) ;
#541 = VECTOR ( 'NONE', #631, 1000.000000000000000 ) ;
#542 = DIRECTION ( 'NONE',  ( -1.000000000000000000, 0.000000000000000000, 0.000000000000000000 ) ) ;
#543 = CARTESIAN_POINT ( 'NONE',  ( 1928.964900017874243, -1452.608405685351499, 251.0000000000000000 ) ) ;
#544 = CARTESIAN_POINT ( 'NONE',  ( -922.8441399228915998, 494.1441441441452298, 252.0000000000000000 ) ) ;
#545 = EDGE_CURVE ( 'NONE', #1646, #6671, #388, .T. ) ;
#546 = FACE_OUTER_BOUND ( 'NONE', #1501, .T. ) ;
#547 = ORIENTED_EDGE ( 'NONE', *, *, #3861, .F. ) ;
#548 = DIRECTION ( 'NONE',  ( 0.000000000000000000, 0.000000000000000000, -1.000000000000000000 ) ) ;
#549 = ORIENTED_EDGE ( 'NONE', *, *, #4871, .T. ) ;
#550 = EDGE_CURVE ( 'NONE', #2771, #3776, #1022, .T. ) ;
#551 = DIRECTION ( 'NONE',  ( 0.000000000000000000, -0.000000000000000000, 1.000000000000000000 ) ) ;
#552 = DIRECTION ( 'NONE',  ( 1.000000000000000000, 0.000000000000000000, 0.000000000000000000 ) ) ;
#553 = VECTOR ( 'NONE', #2615, 1000.000000000000000 ) ;
#554 = AXIS2_PLACEMENT_3D ( 'NONE', #1467, #2964, #392 ) ;
#555 = VECTOR ( 'NONE', #2141, 1000.000000000000000 ) ;
#556 = DIRECTION ( 'NONE',  ( -1.000000000000000000, -0.000000000000000000, -0.000000000000000000 ) ) ;
#557 = EDGE_CURVE ( 'NONE', #1760, #6060, #5089, .T. ) ;
#558 = FACE_OUTER_BOUND ( 'NONE', #2764, .T. ) ;
#559 = AXIS2_PLACEMENT_3D ( 'NONE', #5421, #5489, #751 ) ;
#560 = VECTOR ( 'NONE', #5535, 1000.000000000000000 ) ;
#561 = VECTOR ( 'NONE', #6023, 1000.000000000000000 ) ;
#562 = EDGE_LOOP ( 'NONE', ( #5677, #2588, #2111, #270 ) ) ;
#563 = EDGE_CURVE ( 'NONE', #441, #4294, #418, .T. ) ;
#564 = DIRECTION ( 'NONE',  ( -0.000000000000000000, -0.000000000000000000, -1.000000000000000000 ) ) ;
#565 = LINE ( 'NONE', #2662, #5461 ) ;
#566 = ORIENTED_EDGE ( 'NONE', *, *, #563, .T. ) ;
#567 = DIRECTION ( 'NONE',  ( 0.000000000000000000, -0.000000000000000000, -1.000000000000000000 ) ) ;
#568 = VECTOR ( 'NONE', #2744, 1000.000000000000000 ) ;
#569 = AXIS2_PLACEMENT_3D ( 'NONE', #6521, #907, #5053 ) ;
#570 = LINE ( 'NONE', #6291, #6040 ) ;
#571 = VERTEX_POINT ( 'NONE', #6630 ) ;
#572 = PLANE ( 'NONE',  #3307 ) ;
#573 = CARTESIAN_POINT ( 'NONE',  ( 701.0708180236888438, -261.9442023300435949, 651.0000000000003411 ) ) ;
#574 = LINE ( 'NONE', #2669, #1118 ) ;
#575 = CARTESIAN_POINT ( 'NONE',  ( 1901.351351351353060, 2149.144144144145230, 51.00000000000000711 ) ) ;
#576 = LINE ( 'NONE', #2672, #5912 ) ;
#577 = VECTOR ( 'NONE', #4219, 1000.000000000000000 ) ;
#578 = ORIENTED_EDGE ( 'NONE', *, *, #3603, .T. ) ;
#579 = ORIENTED_EDGE ( 'NONE', *, *, #3152, .F. ) ;
#580 = LINE ( 'NONE', #1138, #371 ) ;
#581 = EDGE_CURVE ( 'NONE', #1916, #2184, #2008, .T. ) ;
#582 = FACE_OUTER_BOUND ( 'NONE', #5252, .T. ) ;
#583 = DIRECTION ( 'NONE',  ( 1.000000000000000000, -9.654113257610057838E-17, 0.000000000000000000 ) ) ;
#584 = CARTESIAN_POINT ( 'NONE',  ( 731.3513513513531734, 0.000000000000000000, 450.0000000000000000 ) ) ;
#585 = ORIENTED_EDGE ( 'NONE', *, *, #1700, .F. ) ;
#586 = DIRECTION ( 'NONE',  ( 0.000000000000000000, -0.000000000000000000, -1.000000000000000000 ) ) ;
#587 = FACE_OUTER_BOUND ( 'NONE', #2512, .T. ) ;
#588 = EDGE_LOOP ( 'NONE', ( #6695, #3278, #531, #3893 ) ) ;
#589 = VECTOR ( 'NONE', #685, 1000.000000000000000 ) ;
#590 = EDGE_CURVE ( 'NONE', #168, #3708, #6602, .T. ) ;
#591 = DIRECTION ( 'NONE',  ( 1.000000000000000000, 0.000000000000000000, 0.000000000000000000 ) ) ;
#592 = ADVANCED_FACE ( 'NONE', ( #6363 ), #4740, .F. ) ;
#593 = CARTESIAN_POINT ( 'NONE',  ( -2918.648648648647395, 3349.144144144144775, 50.00000000000000000 ) ) ;
#594 = ORIENTED_EDGE ( 'NONE', *, *, #644, .F. ) ;
#595 = LINE ( 'NONE', #5188, #1838 ) ;
#596 = CARTESIAN_POINT ( 'NONE',  ( -43.64864864864695448, -2225.855855855854770, 451.0000000000000000 ) ) ;
#597 = CARTESIAN_POINT ( 'NONE',  ( -2918.382539233229181, 3348.907565514117778, 50.00000000000000000 ) ) ;
#598 = EDGE_CURVE ( 'NONE', #1756, #4839, #1564, .T. ) ;
#599 = ORIENTED_EDGE ( 'NONE', *, *, #6430, .T. ) ;
#600 = ADVANCED_FACE ( 'NONE', ( #5706 ), #78, .F. ) ;
#601 = LINE ( 'NONE', #664, #2659 ) ;
#602 = ORIENTED_EDGE ( 'NONE', *, *, #6686, .F. ) ;
#603 = CARTESIAN_POINT ( 'NONE',  ( -53.64864864864699001, -666.1949088771521019, 651.0000000000003411 ) ) ;
#604 = DIRECTION ( 'NONE',  ( 0.000000000000000000, 1.000000000000000000, -0.000000000000000000 ) ) ;
#605 = DIRECTION ( 'NONE',  ( 1.000000000000000000, 0.000000000000000000, 0.000000000000000000 ) ) ;
#606 = ORIENTED_EDGE ( 'NONE', *, *, #900, .F. ) ;
#607 = EDGE_CURVE ( 'NONE', #6241, #1554, #3156, .T. ) ;
#608 = DIRECTION ( 'NONE',  ( 0.000000000000000000, -1.000000000000000000, 0.000000000000000000 ) ) ;
#609 = CARTESIAN_POINT ( 'NONE',  ( 701.0708180236888438, -261.9442023300435949, 651.0000000000003411 ) ) ;
#610 = CARTESIAN_POINT ( 'NONE',  ( -1213.648648648647168, 1692.892555011814238, 451.0000000000000000 ) ) ;
#611 = DIRECTION ( 'NONE',  ( 0.000000000000000000, -0.000000000000000000, 1.000000000000000000 ) ) ;
#612 = CARTESIAN_POINT ( 'NONE',  ( 1186.351351351353287, 1694.144144144144548, 450.0000000000000000 ) ) ;
#613 = CARTESIAN_POINT ( 'NONE',  ( 277.5173507698048638, 1694.144144144144093, 252.0000000000000000 ) ) ;
#614 = ORIENTED_EDGE ( 'NONE', *, *, #4150, .F. ) ;
#615 = ORIENTED_EDGE ( 'NONE', *, *, #945, .F. ) ;
#616 = DIRECTION ( 'NONE',  ( -1.000000000000000000, 0.000000000000000000, 0.000000000000000000 ) ) ;
#617 = ORIENTED_EDGE ( 'NONE', *, *, #3705, .T. ) ;
#618 = CARTESIAN_POINT ( 'NONE',  ( 1881.351351351352605, -2600.855855855854770, 50.00000000000000000 ) ) ;
#619 = ORIENTED_EDGE ( 'NONE', *, *, #4897, .F. ) ;
#620 = EDGE_LOOP ( 'NONE', ( #5076, #3428, #3347, #444, #4704, #3453, #979, #897, #6472, #279 ) ) ;
#621 = SURFACE_STYLE_FILL_AREA ( #72 ) ;
#622 = FACE_OUTER_BOUND ( 'NONE', #3888, .T. ) ;
#623 = VERTEX_POINT ( 'NONE', #2166 ) ;
#624 = DIRECTION ( 'NONE',  ( 1.914177628664064607E-16, -1.000000000000000000, 0.000000000000000000 ) ) ;
#625 = VECTOR ( 'NONE', #1931, 1000.000000000000000 ) ;
#626 = DIRECTION ( 'NONE',  ( -0.000000000000000000, -0.000000000000000000, -1.000000000000000000 ) ) ;
#627 = ORIENTED_EDGE ( 'NONE', *, *, #2995, .T. ) ;
#628 = LINE ( 'NONE', #3259, #4274 ) ;
#629 = EDGE_CURVE ( 'NONE', #1855, #1769, #5734, .T. ) ;
#630 = ORIENTED_EDGE ( 'NONE', *, *, #5711, .F. ) ;
#631 = DIRECTION ( 'NONE',  ( -0.000000000000000000, -0.000000000000000000, -1.000000000000000000 ) ) ;
#632 = LINE ( 'NONE', #5778, #5705 ) ;
#633 = ORIENTED_EDGE ( 'NONE', *, *, #6064, .T. ) ;
#634 = EDGE_CURVE ( 'NONE', #1885, #2395, #2139, .T. ) ;
#635 = APPLICATION_PROTOCOL_DEFINITION ( 'draft international standard', 'automotive_design', 1998, #4492 ) ;
#636 = ADVANCED_FACE ( 'NONE', ( #558 ), #4674, .T. ) ;
#637 = FACE_OUTER_BOUND ( 'NONE', #3737, .T. ) ;
#638 = DIRECTION ( 'NONE',  ( 1.000000000000000000, -0.000000000000000000, -0.000000000000000000 ) ) ;
#639 = AXIS2_PLACEMENT_3D ( 'NONE', #1969, #6020, #6629 ) ;
#640 = CARTESIAN_POINT ( 'NONE',  ( -1618.648648648647168, -250.8558558558546849, 50.00000000000000000 ) ) ;
#641 = CARTESIAN_POINT ( 'NONE',  ( 731.3513513513529460, -2600.855855855854770, 51.00000000000000711 ) ) ;
#642 = CARTESIAN_POINT ( 'NONE',  ( 306.3513513513530597, -2225.855855855854770, 451.0000000000000000 ) ) ;
#643 = LINE ( 'NONE', #4333, #2858 ) ;
#644 = EDGE_CURVE ( 'NONE', #5448, #866, #6252, .T. ) ;
#645 = ORIENTED_EDGE ( 'NONE', *, *, #5891, .F. ) ;
#646 = EDGE_LOOP ( 'NONE', ( #4233, #5394, #4401, #5499 ) ) ;
#647 = LINE ( 'NONE', #3277, #6469 ) ;
#648 = ORIENTED_EDGE ( 'NONE', *, *, #2613, .F. ) ;
#649 = EDGE_CURVE ( 'NONE', #1967, #1426, #13, .T. ) ;
#650 = AXIS2_PLACEMENT_3D ( 'NONE', #2507, #2448, #4539 ) ;
#651 = LINE ( 'NONE', #2709, #5128 ) ;
#652 = CARTESIAN_POINT ( 'NONE',  ( 306.3513513513530029, -1875.855855855854770, 450.0000000000000000 ) ) ;
#653 = VERTEX_POINT ( 'NONE', #597 ) ;
#654 = VECTOR ( 'NONE', #840, 1000.000000000000000 ) ;
#655 = EDGE_LOOP ( 'NONE', ( #6300, #3427, #414, #1737 ) ) ;
#656 = CARTESIAN_POINT ( 'NONE',  ( -2918.382539233229181, -4100.766735799657909, 150.0000000000000284 ) ) ;
#657 = CARTESIAN_POINT ( 'NONE',  ( -1618.648648648647168, -2600.855855855854770, 50.00000000000000000 ) ) ;
#658 = DIRECTION ( 'NONE',  ( 0.000000000000000000, -1.000000000000000000, 0.000000000000000000 ) ) ;
#659 = ORIENTED_EDGE ( 'NONE', *, *, #3914, .F. ) ;
#660 = DIRECTION ( 'NONE',  ( -0.000000000000000000, -0.000000000000000000, -1.000000000000000000 ) ) ;
#661 = ORIENTED_EDGE ( 'NONE', *, *, #1023, .F. ) ;
#662 = VERTEX_POINT ( 'NONE', #3125 ) ;
#663 = AXIS2_PLACEMENT_3D ( 'NONE', #1531, #3579, #526 ) ;
#664 = CARTESIAN_POINT ( 'NONE',  ( -8.781347354308064343E-14, 949.1441441441444340, 51.00000000000000711 ) ) ;
#665 = DIRECTION ( 'NONE',  ( 0.000000000000000000, -1.000000000000000000, 0.000000000000000000 ) ) ;
#666 = DIRECTION ( 'NONE',  ( 0.000000000000000000, -1.000000000000000000, 0.000000000000000000 ) ) ;
#667 = ORIENTED_EDGE ( 'NONE', *, *, #629, .T. ) ;
#668 = AXIS2_PLACEMENT_3D ( 'NONE', #3754, #1135, #5275 ) ;
#669 = DIRECTION ( 'NONE',  ( 1.000000000000000000, 0.000000000000000000, 0.000000000000000000 ) ) ;
#670 = VECTOR ( 'NONE', #6351, 1000.000000000000000 ) ;
#671 = DIRECTION ( 'NONE',  ( -1.000000000000000000, 0.000000000000000000, 0.000000000000000000 ) ) ;
#672 = AXIS2_PLACEMENT_3D ( 'NONE', #975, #6683, #942 ) ;
#673 = CARTESIAN_POINT ( 'NONE',  ( -467.4826492301951930, 2148.025372459793289, 251.0000000000000000 ) ) ;
#674 = ORIENTED_EDGE ( 'NONE', *, *, #5538, .F. ) ;
#675 = LINE ( 'NONE', #1095, #2207 ) ;
#676 = DIRECTION ( 'NONE',  ( -0.000000000000000000, -1.000000000000000000, -0.000000000000000000 ) ) ;
#677 = DIRECTION ( 'NONE',  ( 0.000000000000000000, 0.000000000000000000, 1.000000000000000000 ) ) ;
#678 = VECTOR ( 'NONE', #791, 1000.000000000000000 ) ;
#679 = EDGE_CURVE ( 'NONE', #5493, #6277, #2687, .T. ) ;
#680 = VECTOR ( 'NONE', #2081, 1000.000000000000000 ) ;
#681 = ORIENTED_EDGE ( 'NONE', *, *, #4271, .F. ) ;
#682 = AXIS2_PLACEMENT_3D ( 'NONE', #3520, #3454, #825 ) ;
#683 = ORIENTED_EDGE ( 'NONE', *, *, #4934, .F. ) ;
#684 = CARTESIAN_POINT ( 'NONE',  ( 1506.351351351353287, 1374.144144144144548, 451.0000000000000000 ) ) ;
#685 = DIRECTION ( 'NONE',  ( 0.000000000000000000, -0.000000000000000000, 1.000000000000000000 ) ) ;
#686 = ORIENTED_EDGE ( 'NONE', *, *, #219, .T. ) ;
#687 = CARTESIAN_POINT ( 'NONE',  ( 1156.351351351353287, 1374.144144144144548, 451.0000000000000000 ) ) ;
#688 = VECTOR ( 'NONE', #2269, 1000.000000000000000 ) ;
#689 = AXIS2_PLACEMENT_3D ( 'NONE', #343, #281, #6044 ) ;
#690 = EDGE_CURVE ( 'NONE', #4095, #4209, #3641, .T. ) ;
#691 = EDGE_CURVE ( 'NONE', #3598, #6176, #4777, .T. ) ;
#692 = EDGE_CURVE ( 'NONE', #45, #2880, #2658, .T. ) ;
#693 = PLANE ( 'NONE',  #1015 ) ;
#694 = ORIENTED_EDGE ( 'NONE', *, *, #5595, .F. ) ;
#695 = DIRECTION ( 'NONE',  ( 0.000000000000000000, -0.000000000000000000, 1.000000000000000000 ) ) ;
#696 = EDGE_LOOP ( 'NONE', ( #2692, #2126, #5978, #5632, #4215, #3748, #2931, #4544 ) ) ;
#697 = EDGE_CURVE ( 'NONE', #3611, #4454, #3226, .T. ) ;
#698 = EDGE_CURVE ( 'NONE', #441, #4887, #2718, .T. ) ;
#699 = PLANE ( 'NONE',  #4699 ) ;
#700 = VERTEX_POINT ( 'NONE', #1083 ) ;
#701 = PLANE ( 'NONE',  #6719 ) ;
#702 = ORIENTED_EDGE ( 'NONE', *, *, #3328, .T. ) ;
#703 = VERTEX_POINT ( 'NONE', #5159 ) ;
#704 = CARTESIAN_POINT ( 'NONE',  ( -922.8441399228915998, 204.1441441441452582, 252.0000000000000000 ) ) ;
#705 = PLANE ( 'NONE',  #5318 ) ;
#706 = VECTOR ( 'NONE', #4998, 1000.000000000000000 ) ;
#707 = VERTEX_POINT ( 'NONE', #494 ) ;
#708 = CARTESIAN_POINT ( 'NONE',  ( -463.2964566313568753, -261.9442023300435949, 651.0000000000003411 ) ) ;
#709 = CARTESIAN_POINT ( 'NONE',  ( 732.4691333359016880, -2600.855855855854770, 51.00000000000000711 ) ) ;
#710 = VERTEX_POINT ( 'NONE', #4147 ) ;
#711 = PLANE ( 'NONE',  #1227 ) ;
#712 = CARTESIAN_POINT ( 'NONE',  ( -1243.648648648647168, -2225.855855855854770, 251.0000000000000000 ) ) ;
#713 = DIRECTION ( 'NONE',  ( 0.000000000000000000, -1.000000000000000000, 0.000000000000000000 ) ) ;
#714 = CARTESIAN_POINT ( 'NONE',  ( 1931.351351351352832, 0.000000000000000000, 450.0000000000000000 ) ) ;
#715 = ORIENTED_EDGE ( 'NONE', *, *, #4186, .T. ) ;
#716 = EDGE_LOOP ( 'NONE', ( #1045, #1289, #4848, #4940 ) ) ;
#717 = CARTESIAN_POINT ( 'NONE',  ( 1476.351351351352832, -2195.855855855854770, 252.0000000000000000 ) ) ;
#718 = ORIENTED_EDGE ( 'NONE', *, *, #5969, .T. ) ;
#719 = CARTESIAN_POINT ( 'NONE',  ( 266.3513513513530029, -696.1949088771522156, 652.0000000000003411 ) ) ;
#720 = LINE ( 'NONE', #1853, #3083 ) ;
#721 = CARTESIAN_POINT ( 'NONE',  ( -443.6486486486465992, -250.8558558558557934, 450.0000000000000000 ) ) ;
#722 = EDGE_LOOP ( 'NONE', ( #1136, #5537, #2824, #3874 ) ) ;
#723 = DIRECTION ( 'NONE',  ( 0.000000000000000000, 1.000000000000000000, 0.000000000000000000 ) ) ;
#724 = ORIENTED_EDGE ( 'NONE', *, *, #1901, .F. ) ;
#725 = EDGE_CURVE ( 'NONE', #2156, #2469, #6725, .T. ) ;
#726 = LINE ( 'NONE', #5427, #4387 ) ;
#727 = ADVANCED_FACE ( 'NONE', ( #4185 ), #1596, .T. ) ;
#728 = EDGE_CURVE ( 'NONE', #5098, #2162, #1878, .T. ) ;
#729 = DIRECTION ( 'NONE',  ( 0.000000000000000000, -0.000000000000000000, 1.000000000000000000 ) ) ;
#730 = LINE ( 'NONE', #1177, #4912 ) ;
#731 = EDGE_LOOP ( 'NONE', ( #3945, #6409, #3194, #863 ) ) ;
#732 = CARTESIAN_POINT ( 'NONE',  ( -1618.648648648647168, -2600.855855855854770, 50.00000000000000000 ) ) ;
#733 = ADVANCED_FACE ( 'NONE', ( #6086 ), #5953, .F. ) ;
#734 = ORIENTED_EDGE ( 'NONE', *, *, #2991, .T. ) ;
#735 = ORIENTED_EDGE ( 'NONE', *, *, #6085, .T. ) ;
#736 = AXIS2_PLACEMENT_3D ( 'NONE', #2916, #5056, #3498 ) ;
#737 = DIRECTION ( 'NONE',  ( 0.000000000000000000, 1.000000000000000000, 0.000000000000000000 ) ) ;
#738 = EDGE_CURVE ( 'NONE', #3708, #707, #3892, .T. ) ;
#739 = DIRECTION ( 'NONE',  ( -0.000000000000000000, -0.000000000000000000, -1.000000000000000000 ) ) ;
#740 = CARTESIAN_POINT ( 'NONE',  ( -468.6486486486468266, -8.671742003153213916E-14, 450.0000000000000000 ) ) ;
#741 = ORIENTED_EDGE ( 'NONE', *, *, #2413, .T. ) ;
#742 = CARTESIAN_POINT ( 'NONE',  ( 307.5173507698048638, 1724.144144144144093, 251.0000000000000000 ) ) ;
#743 = DIRECTION ( 'NONE',  ( 0.000000000000000000, 1.000000000000000000, 0.000000000000000000 ) ) ;
#744 = DIRECTION ( 'NONE',  ( -1.914177628664061403E-16, 1.000000000000000000, -0.000000000000000000 ) ) ;
#745 = ORIENTED_EDGE ( 'NONE', *, *, #5509, .F. ) ;
#746 = ORIENTED_EDGE ( 'NONE', *, *, #738, .F. ) ;
#747 = CARTESIAN_POINT ( 'NONE',  ( -1668.914624007974453, -2650.885740052331585, 51.00000000000000711 ) ) ;
#748 = ORIENTED_EDGE ( 'NONE', *, *, #697, .F. ) ;
#749 = DIRECTION ( 'NONE',  ( 1.000000000000000000, 0.000000000000000000, 0.000000000000000000 ) ) ;
#750 = DIRECTION ( 'NONE',  ( -1.850371707708594809E-16, 1.000000000000000000, 0.000000000000000000 ) ) ;
#751 = DIRECTION ( 'NONE',  ( -3.172065784643305458E-16, -1.000000000000000000, 0.000000000000000000 ) ) ;
#752 = DIRECTION ( 'NONE',  ( -0.000000000000000000, -0.000000000000000000, -1.000000000000000000 ) ) ;
#753 = DIRECTION ( 'NONE',  ( -1.000000000000000000, -0.000000000000000000, -0.000000000000000000 ) ) ;
#754 = VERTEX_POINT ( 'NONE', #4993 ) ;
#755 = ORIENTED_EDGE ( 'NONE', *, *, #1450, .T. ) ;
#756 = VECTOR ( 'NONE', #4116, 1000.000000000000000 ) ;
#757 = DIRECTION ( 'NONE',  ( -0.000000000000000000, -0.000000000000000000, -1.000000000000000000 ) ) ;
#758 = EDGE_CURVE ( 'NONE', #4451, #3389, #1816, .T. ) ;
#759 = VECTOR ( 'NONE', #1431, 1000.000000000000000 ) ;
#760 = DIRECTION ( 'NONE',  ( 1.000000000000000000, 0.000000000000000000, 0.000000000000000000 ) ) ;
#761 = ORIENTED_EDGE ( 'NONE', *, *, #6570, .F. ) ;
#762 = DIRECTION ( 'NONE',  ( 0.000000000000000000, 0.000000000000000000, -1.000000000000000000 ) ) ;
#763 = EDGE_CURVE ( 'NONE', #6396, #5918, #883, .T. ) ;
#764 = EDGE_LOOP ( 'NONE', ( #4166, #1854, #3780, #818 ) ) ;
#765 = DIRECTION ( 'NONE',  ( -0.000000000000000000, -0.000000000000000000, -1.000000000000000000 ) ) ;
#766 = VECTOR ( 'NONE', #2460, 1000.000000000000000 ) ;
#767 = ORIENTED_EDGE ( 'NONE', *, *, #692, .T. ) ;
#768 = CARTESIAN_POINT ( 'NONE',  ( 706.3513513513532871, -250.8558558558557934, 450.0000000000000000 ) ) ;
#769 = CARTESIAN_POINT ( 'NONE',  ( -2918.382539233229181, -4100.766735799657909, 50.00000000000000000 ) ) ;
#770 = EDGE_CURVE ( 'NONE', #1869, #4417, #5483, .T. ) ;
#771 = LINE ( 'NONE', #4327, #6424 ) ;
#772 = EDGE_LOOP ( 'NONE', ( #2912, #1512, #4878, #2072 ) ) ;
#773 = LINE ( 'NONE', #1813, #6117 ) ;
#774 = FACE_OUTER_BOUND ( 'NONE', #3287, .T. ) ;
#775 = VECTOR ( 'NONE', #2181, 1000.000000000000000 ) ;
#776 = ADVANCED_FACE ( 'NONE', ( #6471 ), #2361, .T. ) ;
#777 = ORIENTED_EDGE ( 'NONE', *, *, #5329, .F. ) ;
#778 = FACE_OUTER_BOUND ( 'NONE', #696, .T. ) ;
#779 = EDGE_LOOP ( 'NONE', ( #5197, #4738, #3580, #256 ) ) ;
#780 = VECTOR ( 'NONE', #3209, 1000.000000000000000 ) ;
#781 = VERTEX_POINT ( 'NONE', #3378 ) ;
#782 = VECTOR ( 'NONE', #2710, 1000.000000000000000 ) ;
#783 = VECTOR ( 'NONE', #5281, 1000.000000000000000 ) ;
#784 = CARTESIAN_POINT ( 'NONE',  ( -13.64864864864699356, -1905.855855855854770, 450.0000000000000000 ) ) ;
#785 = EDGE_LOOP ( 'NONE', ( #6640, #4438, #5452, #5310 ) ) ;
#786 = DIRECTION ( 'NONE',  ( -1.850371707708593823E-16, 1.000000000000000000, 0.000000000000000000 ) ) ;
#787 = LINE ( 'NONE', #5518, #14 ) ;
#788 = DIRECTION ( 'NONE',  ( -0.000000000000000000, -1.000000000000000000, -0.000000000000000000 ) ) ;
#789 = AXIS2_PLACEMENT_3D ( 'NONE', #844, #4453, #264 ) ;
#790 = VECTOR ( 'NONE', #3998, 1000.000000000000000 ) ;
#791 = DIRECTION ( 'NONE',  ( 0.000000000000000000, -1.000000000000000000, 0.000000000000000000 ) ) ;
#792 = VECTOR ( 'NONE', #5588, 1000.000000000000000 ) ;
#793 = CARTESIAN_POINT ( 'NONE',  ( -1668.648648648647168, 949.1441441441452298, 450.0000000000000000 ) ) ;
#794 = EDGE_LOOP ( 'NONE', ( #899, #2719, #1396, #5406 ) ) ;
#795 = ORIENTED_EDGE ( 'NONE', *, *, #1941, .T. ) ;
#796 = VECTOR ( 'NONE', #4611, 1000.000000000000000 ) ;
#797 = EDGE_CURVE ( 'NONE', #4454, #6624, #1428, .T. ) ;
#798 = VECTOR ( 'NONE', #5727, 1000.000000000000000 ) ;
#799 = FACE_OUTER_BOUND ( 'NONE', #2359, .T. ) ;
#800 = DIRECTION ( 'NONE',  ( 0.000000000000000000, -0.000000000000000000, -1.000000000000000000 ) ) ;
#801 = ORIENTED_EDGE ( 'NONE', *, *, #5470, .T. ) ;
#802 = PLANE ( 'NONE',  #4440 ) ;
#803 = DIRECTION ( 'NONE',  ( -1.850371707708593823E-16, 1.000000000000000000, 0.000000000000000000 ) ) ;
#804 = EDGE_LOOP ( 'NONE', ( #108, #6687, #3368, #4008 ) ) ;
#805 = ADVANCED_FACE ( 'NONE', ( #778 ), #4493, .F. ) ;
#806 = ORIENTED_EDGE ( 'NONE', *, *, #5711, .T. ) ;
#807 = LINE ( 'NONE', #2849, #1560 ) ;
#808 = DIRECTION ( 'NONE',  ( 0.000000000000000000, -1.000000000000000000, 0.000000000000000000 ) ) ;
#809 = CARTESIAN_POINT ( 'NONE',  ( 0.000000000000000000, 0.000000000000000000, 450.0000000000000000 ) ) ;
#810 = EDGE_CURVE ( 'NONE', #1719, #1863, #925, .T. ) ;
#811 = DIRECTION ( 'NONE',  ( -1.000000000000000000, 0.000000000000000000, -0.000000000000000000 ) ) ;
#812 = DIRECTION ( 'NONE',  ( -0.000000000000000000, -0.000000000000000000, -1.000000000000000000 ) ) ;
#813 = ORIENTED_EDGE ( 'NONE', *, *, #1408, .F. ) ;
#814 = DIRECTION ( 'NONE',  ( 1.000000000000000000, 0.000000000000000000, 0.000000000000000000 ) ) ;
#815 = CARTESIAN_POINT ( 'NONE',  ( 1186.351351351353287, 1404.144144144144775, 451.0000000000000000 ) ) ;
#816 = EDGE_CURVE ( 'NONE', #1753, #6396, #6606, .T. ) ;
#817 = EDGE_CURVE ( 'NONE', #2086, #2127, #5066, .T. ) ;
#818 = ORIENTED_EDGE ( 'NONE', *, *, #3116, .T. ) ;
#819 = AXIS2_PLACEMENT_3D ( 'NONE', #85, #530, #2116 ) ;
#820 = DIRECTION ( 'NONE',  ( 1.000000000000000000, 9.251858538542972814E-17, -0.000000000000000000 ) ) ;
#821 = ORIENTED_EDGE ( 'NONE', *, *, #2699, .F. ) ;
#822 = CARTESIAN_POINT ( 'NONE',  ( 0.000000000000000000, 0.000000000000000000, 51.00000000000000711 ) ) ;
#823 = CARTESIAN_POINT ( 'NONE',  ( -2918.382539233229181, 3348.907565514117778, 150.0000000000000284 ) ) ;
#824 = EDGE_LOOP ( 'NONE', ( #755, #1279, #645, #5018 ) ) ;
#825 = DIRECTION ( 'NONE',  ( 1.000000000000000000, 0.000000000000000000, 0.000000000000000000 ) ) ;
#826 = DIRECTION ( 'NONE',  ( -0.000000000000000000, -0.000000000000000000, -1.000000000000000000 ) ) ;
#827 = LINE ( 'NONE', #6512, #341 ) ;
#828 = CARTESIAN_POINT ( 'NONE',  ( 1186.351351351352832, -2195.855855855854770, 251.0000000000000000 ) ) ;
#829 = ORIENTED_EDGE ( 'NONE', *, *, #5802, .F. ) ;
#830 = VERTEX_POINT ( 'NONE', #5986 ) ;
#831 = DIRECTION ( 'NONE',  ( -0.000000000000000000, 1.000000000000000000, -0.000000000000000000 ) ) ;
#832 = DIRECTION ( 'NONE',  ( -0.000000000000000000, -0.000000000000000000, -1.000000000000000000 ) ) ;
#833 = ORIENTED_EDGE ( 'NONE', *, *, #1618, .T. ) ;
#834 = FACE_OUTER_BOUND ( 'NONE', #764, .T. ) ;
#835 = LINE ( 'NONE', #6490, #3298 ) ;
#836 = ORIENTED_EDGE ( 'NONE', *, *, #2315, .T. ) ;
#837 = VERTEX_POINT ( 'NONE', #2963 ) ;
#838 = ORIENTED_EDGE ( 'NONE', *, *, #3872, .T. ) ;
#839 = LINE ( 'NONE', #6571, #3622 ) ;
#840 = DIRECTION ( 'NONE',  ( -0.000000000000000000, -0.000000000000000000, -1.000000000000000000 ) ) ;
#841 = DIRECTION ( 'NONE',  ( -0.000000000000000000, 1.000000000000000000, -0.000000000000000000 ) ) ;
#842 = DIRECTION ( 'NONE',  ( -0.000000000000000000, -0.000000000000000000, -1.000000000000000000 ) ) ;
#843 = DIRECTION ( 'NONE',  ( 1.000000000000000000, 0.000000000000000000, 0.000000000000000000 ) ) ;
#844 = CARTESIAN_POINT ( 'NONE',  ( 0.000000000000000000, 0.000000000000000000, 450.0000000000000000 ) ) ;
#845 = EDGE_LOOP ( 'NONE', ( #3034, #3217, #3401, #1314 ) ) ;
#846 = EDGE_CURVE ( 'NONE', #4107, #2992, #1914, .T. ) ;
#847 = DIRECTION ( 'NONE',  ( -9.251858538542972814E-17, 1.000000000000000000, 0.000000000000000000 ) ) ;
#848 = ORIENTED_EDGE ( 'NONE', *, *, #5757, .F. ) ;
#849 = ADVANCED_FACE ( 'NONE', ( #4959 ), #294, .T. ) ;
#850 = CARTESIAN_POINT ( 'NONE',  ( -1213.648648648647168, -705.8558558558547702, 451.0000000000000000 ) ) ;
#851 = FACE_OUTER_BOUND ( 'NONE', #4540, .T. ) ;
#852 = VECTOR ( 'NONE', #1315, 1000.000000000000000 ) ;
#853 = LINE ( 'NONE', #3828, #156 ) ;
#854 = VERTEX_POINT ( 'NONE', #6029 ) ;
#855 = CARTESIAN_POINT ( 'NONE',  ( 1490.752172914886160, 532.7057713251167570, 652.0000000000003411 ) ) ;
#856 = LINE ( 'NONE', #6068, #790 ) ;
#857 = PLANE ( 'NONE',  #6116 ) ;
#858 = DIRECTION ( 'NONE',  ( 1.189524669241239115E-16, -1.000000000000000000, 0.000000000000000000 ) ) ;
#859 = FACE_OUTER_BOUND ( 'NONE', #1091, .T. ) ;
#860 = EDGE_CURVE ( 'NONE', #1346, #2617, #3447, .T. ) ;
#861 = DIRECTION ( 'NONE',  ( -0.000000000000000000, -0.000000000000000000, -1.000000000000000000 ) ) ;
#862 = DIRECTION ( 'NONE',  ( 1.000000000000000000, 0.000000000000000000, 0.000000000000000000 ) ) ;
#863 = ORIENTED_EDGE ( 'NONE', *, *, #4840, .F. ) ;
#864 = PLANE ( 'NONE',  #1206 ) ;
#865 = ADVANCED_FACE ( 'NONE', ( #6061, #5036 ), #361, .T. ) ;
#866 = VERTEX_POINT ( 'NONE', #5093 ) ;
#867 = DIRECTION ( 'NONE',  ( 0.000000000000000000, 1.000000000000000000, 0.000000000000000000 ) ) ;
#868 = CARTESIAN_POINT ( 'NONE',  ( 1156.351351351353287, 1724.144144144144548, 450.0000000000000000 ) ) ;
#869 = ORIENTED_EDGE ( 'NONE', *, *, #1565, .T. ) ;
#870 = LINE ( 'NONE', #3362, #6631 ) ;
#871 = CARTESIAN_POINT ( 'NONE',  ( 1170.752172914886160, 502.7057713251168707, 651.0000000000003411 ) ) ;
#872 = EDGE_LOOP ( 'NONE', ( #2237, #5985, #1218, #4536, #741, #4322 ) ) ;
#873 = CARTESIAN_POINT ( 'NONE',  ( -23.64864864864699001, -986.1949088771519882, 651.0000000000003411 ) ) ;
#874 = VERTEX_POINT ( 'NONE', #426 ) ;
#875 = EDGE_LOOP ( 'NONE', ( #396, #4995, #1801, #6535 ) ) ;
#876 = ORIENTED_EDGE ( 'NONE', *, *, #3062, .F. ) ;
#877 = LINE ( 'NONE', #316, #3175 ) ;
#878 = AXIS2_PLACEMENT_3D ( 'NONE', #809, #3338, #3373 ) ;
#879 = LINE ( 'NONE', #5609, #1970 ) ;
#880 = DIRECTION ( 'NONE',  ( -0.000000000000000000, 1.000000000000000000, -0.000000000000000000 ) ) ;
#881 = DIRECTION ( 'NONE',  ( -1.000000000000000000, 0.000000000000000000, 0.000000000000000000 ) ) ;
#882 = EDGE_LOOP ( 'NONE', ( #3355, #4665, #5378, #4727, #6604 ) ) ;
#883 = LINE ( 'NONE', #2425, #1326 ) ;
#884 = DIRECTION ( 'NONE',  ( -0.000000000000000000, -0.000000000000000000, -1.000000000000000000 ) ) ;
#885 = ORIENTED_EDGE ( 'NONE', *, *, #4273, .F. ) ;
#886 = LINE ( 'NONE', #5585, #6310 ) ;
#887 = LINE ( 'NONE', #5586, #1913 ) ;
#888 = VERTEX_POINT ( 'NONE', #5192 ) ;
#889 = CARTESIAN_POINT ( 'NONE',  ( -1243.648648648647168, -1875.855855855854770, 251.0000000000000000 ) ) ;
#890 = PLANE ( 'NONE',  #2430 ) ;
#891 = DIRECTION ( 'NONE',  ( -0.000000000000000000, -0.000000000000000000, -1.000000000000000000 ) ) ;
#892 = CARTESIAN_POINT ( 'NONE',  ( 3176.837698566487234, 3348.351809431109359, 150.0000000000000284 ) ) ;
#893 = ADVANCED_FACE ( 'NONE', ( #6221 ), #5678, .T. ) ;
#894 = AXIS2_PLACEMENT_3D ( 'NONE', #5926, #5859, #1267 ) ;
#895 = VECTOR ( 'NONE', #5903, 1000.000000000000000 ) ;
#896 = DIRECTION ( 'NONE',  ( -0.000000000000000000, -0.000000000000000000, -1.000000000000000000 ) ) ;
#897 = ORIENTED_EDGE ( 'NONE', *, *, #2846, .F. ) ;
#898 = CARTESIAN_POINT ( 'NONE',  ( -893.6486486486472813, -1025.855855855854543, 450.0000000000000000 ) ) ;
#899 = ORIENTED_EDGE ( 'NONE', *, *, #4076, .T. ) ;
#900 = EDGE_CURVE ( 'NONE', #1327, #5493, #3546, .T. ) ;
#901 = VECTOR ( 'NONE', #4561, 1000.000000000000000 ) ;
#902 = AXIS2_PLACEMENT_3D ( 'NONE', #5001, #1887, #786 ) ;
#903 = AXIS2_PLACEMENT_3D ( 'NONE', #31, #437, #4626 ) ;
#904 = EDGE_CURVE ( 'NONE', #3040, #425, #5125, .T. ) ;
#905 = CARTESIAN_POINT ( 'NONE',  ( 1913.785313619750696, -4100.310651257746940, 51.00000000000000711 ) ) ;
#906 = LINE ( 'NONE', #6520, #2616 ) ;
#907 = DIRECTION ( 'NONE',  ( -0.000000000000000000, 0.000000000000000000, 1.000000000000000000 ) ) ;
#908 = ORIENTED_EDGE ( 'NONE', *, *, #305, .F. ) ;
#909 = FACE_OUTER_BOUND ( 'NONE', #55, .T. ) ;
#910 = EDGE_LOOP ( 'NONE', ( #1192, #5484, #2814, #761 ) ) ;
#911 = AXIS2_PLACEMENT_3D ( 'NONE', #2133, #3150, #548 ) ;
#912 = VECTOR ( 'NONE', #5399, 1000.000000000000000 ) ;
#913 = AXIS2_PLACEMENT_3D ( 'NONE', #3306, #604, #2793 ) ;
#914 = VERTEX_POINT ( 'NONE', #2618 ) ;
#915 = EDGE_CURVE ( 'NONE', #5958, #3764, #6254, .T. ) ;
#916 = EDGE_CURVE ( 'NONE', #4551, #6340, #4189, .T. ) ;
#917 = AXIS2_PLACEMENT_3D ( 'NONE', #2075, #6222, #3127 ) ;
#918 = ORIENTED_EDGE ( 'NONE', *, *, #4916, .T. ) ;
#919 = PLANE ( 'NONE',  #3722 ) ;
#920 = DIRECTION ( 'NONE',  ( 0.000000000000000000, 1.000000000000000000, 0.000000000000000000 ) ) ;
#921 = FACE_OUTER_BOUND ( 'NONE', #1530, .T. ) ;
#922 = CARTESIAN_POINT ( 'NONE',  ( -12.48264923019517703, 1694.144144144144093, 251.0000000000000000 ) ) ;
#923 = CARTESIAN_POINT ( 'NONE',  ( -1243.648648648647168, -1875.855855855854770, 252.0000000000000000 ) ) ;
#924 = EDGE_LOOP ( 'NONE', ( #1262, #3801, #2328, #4420 ) ) ;
#925 = LINE ( 'NONE', #6501, #5893 ) ;
#926 = CARTESIAN_POINT ( 'NONE',  ( 1901.351351351352832, 2149.144144144145230, 50.00000000000000000 ) ) ;
#927 = PLANE ( 'NONE',  #2206 ) ;
#928 = ORIENTED_EDGE ( 'NONE', *, *, #350, .T. ) ;
#929 = DIRECTION ( 'NONE',  ( 1.586032892321651743E-16, -1.000000000000000000, 0.000000000000000000 ) ) ;
#930 = FACE_OUTER_BOUND ( 'NONE', #6343, .T. ) ;
#931 = ORIENTED_EDGE ( 'NONE', *, *, #1102, .F. ) ;
#932 = DIRECTION ( 'NONE',  ( -1.000000000000000000, -3.172065784643304472E-16, -0.000000000000000000 ) ) ;
#933 = DIRECTION ( 'NONE',  ( 1.000000000000000000, -9.654113257610057838E-17, 0.000000000000000000 ) ) ;
#934 = VECTOR ( 'NONE', #5312, 1000.000000000000000 ) ;
#935 = CARTESIAN_POINT ( 'NONE',  ( 1186.351351351352832, -1905.855855855854770, 252.0000000000000000 ) ) ;
#936 = LINE ( 'NONE', #4161, #2537 ) ;
#937 = DIRECTION ( 'NONE',  ( -1.000000000000000000, -1.376309534659284821E-16, 0.000000000000000000 ) ) ;
#938 = ORIENTED_EDGE ( 'NONE', *, *, #5061, .F. ) ;
#939 = PLANE ( 'NONE',  #2459 ) ;
#940 = ORIENTED_EDGE ( 'NONE', *, *, #6739, .F. ) ;
#941 = LINE ( 'NONE', #5596, #6658 ) ;
#942 = DIRECTION ( 'NONE',  ( 0.000000000000000000, 0.000000000000000000, -1.000000000000000000 ) ) ;
#943 = ORIENTED_EDGE ( 'NONE', *, *, #1832, .F. ) ;
#944 = DIRECTION ( 'NONE',  ( -0.000000000000000000, 0.000000000000000000, 1.000000000000000000 ) ) ;
#945 = EDGE_CURVE ( 'NONE', #3436, #5867, #20, .T. ) ;
#946 = EDGE_LOOP ( 'NONE', ( #5542, #1620, #5791, #2409 ) ) ;
#947 = PLANE ( 'NONE',  #3798 ) ;
#948 = CARTESIAN_POINT ( 'NONE',  ( 1186.351351351352832, -705.8558558558547702, 451.0000000000000000 ) ) ;
#949 = ORIENTED_EDGE ( 'NONE', *, *, #2846, .T. ) ;
#950 = ADVANCED_FACE ( 'NONE', ( #2556 ), #4054, .T. ) ;
#951 = ORIENTED_EDGE ( 'NONE', *, *, #3320, .T. ) ;
#952 = EDGE_CURVE ( 'NONE', #5663, #152, #3610, .T. ) ;
#953 = EDGE_CURVE ( 'NONE', #2493, #4218, #4647, .T. ) ;
#954 = CARTESIAN_POINT ( 'NONE',  ( 277.5173507698048638, 1694.144144144144093, 252.0000000000000000 ) ) ;
#955 = ADVANCED_FACE ( 'NONE', ( #3670 ), #5737, .T. ) ;
#956 = EDGE_CURVE ( 'NONE', #4046, #5381, #5612, .T. ) ;
#957 = FACE_OUTER_BOUND ( 'NONE', #2877, .T. ) ;
#958 = LINE ( 'NONE', #422, #3627 ) ;
#959 = EDGE_LOOP ( 'NONE', ( #1178, #2013, #5998, #4247, #3398, #3558, #918, #374 ) ) ;
#960 = DIRECTION ( 'NONE',  ( 0.000000000000000000, -1.000000000000000000, 0.000000000000000000 ) ) ;
#961 = CARTESIAN_POINT ( 'NONE',  ( -68.64864864864672711, 174.1441441441443487, 451.0000000000000000 ) ) ;
#962 = ORIENTED_EDGE ( 'NONE', *, *, #3810, .T. ) ;
#963 = LINE ( 'NONE', #3038, #4463 ) ;
#964 = CARTESIAN_POINT ( 'NONE',  ( -1667.844139922891600, 947.8925550118144656, 251.0000000000000000 ) ) ;
#965 = ORIENTED_EDGE ( 'NONE', *, *, #4467, .F. ) ;
#966 = LINE ( 'NONE', #1982, #454 ) ;
#967 = LINE ( 'NONE', #6097, #1553 ) ;
#968 = FACE_OUTER_BOUND ( 'NONE', #4365, .T. ) ;
#969 = DIRECTION ( 'NONE',  ( 0.000000000000000000, 0.000000000000000000, -1.000000000000000000 ) ) ;
#970 = LINE ( 'NONE', #2052, #1290 ) ;
#971 = VECTOR ( 'NONE', #2611, 1000.000000000000000 ) ;
#972 = ORIENTED_EDGE ( 'NONE', *, *, #956, .F. ) ;
#973 = ORIENTED_EDGE ( 'NONE', *, *, #4673, .T. ) ;
#974 = DIRECTION ( 'NONE',  ( -1.000000000000000000, -0.000000000000000000, -0.000000000000000000 ) ) ;
#975 = CARTESIAN_POINT ( 'NONE',  ( -1618.648648648647168, -2600.855855855854770, 51.00000000000000711 ) ) ;
#976 = DIRECTION ( 'NONE',  ( -0.000000000000000000, -0.000000000000000000, -1.000000000000000000 ) ) ;
#977 = EDGE_LOOP ( 'NONE', ( #6652, #6440, #405, #1899 ) ) ;
#978 = DIRECTION ( 'NONE',  ( 0.000000000000000000, -0.000000000000000000, -1.000000000000000000 ) ) ;
#979 = ORIENTED_EDGE ( 'NONE', *, *, #4929, .F. ) ;
#980 = ORIENTED_EDGE ( 'NONE', *, *, #2892, .F. ) ;
#981 = EDGE_CURVE ( 'NONE', #700, #3824, #2073, .T. ) ;
#982 = EDGE_CURVE ( 'NONE', #4815, #4932, #461, .T. ) ;
#983 = VECTOR ( 'NONE', #2353, 1000.000000000000000 ) ;
#984 = LINE ( 'NONE', #2106, #2384 ) ;
#985 = LINE ( 'NONE', #6664, #2955 ) ;
#986 = ADVANCED_FACE ( 'NONE', ( #6156 ), #4121, .F. ) ;
#987 = CARTESIAN_POINT ( 'NONE',  ( 701.0708180236888438, -1441.194908877152102, 651.0000000000003411 ) ) ;
#988 = ORIENTED_EDGE ( 'NONE', *, *, #904, .T. ) ;
#989 = ADVANCED_FACE ( 'NONE', ( #3274 ), #231, .F. ) ;
#990 = DIRECTION ( 'NONE',  ( -0.000000000000000000, 0.000000000000000000, -1.000000000000000000 ) ) ;
#991 = VECTOR ( 'NONE', #1057, 1000.000000000000000 ) ;
#992 = ORIENTED_EDGE ( 'NONE', *, *, #4393, .F. ) ;
#993 = CARTESIAN_POINT ( 'NONE',  ( -2918.648648648647395, 3349.144144144144775, 50.00000000000000000 ) ) ;
#994 = CARTESIAN_POINT ( 'NONE',  ( 0.000000000000000000, 947.8925550118144656, 51.00000000000000711 ) ) ;
#995 = ORIENTED_EDGE ( 'NONE', *, *, #339, .F. ) ;
#996 = DIRECTION ( 'NONE',  ( -1.000000000000000000, -0.000000000000000000, -0.000000000000000000 ) ) ;
#997 = EDGE_CURVE ( 'NONE', #5409, #6338, #130, .T. ) ;
#998 = DIRECTION ( 'NONE',  ( -0.000000000000000000, -0.000000000000000000, -1.000000000000000000 ) ) ;
#999 = EDGE_CURVE ( 'NONE', #1385, #2771, #2325, .T. ) ;
#1000 = CARTESIAN_POINT ( 'NONE',  ( -53.64864864864694738, -1016.194908877151988, 652.0000000000003411 ) ) ;
#1001 = CARTESIAN_POINT ( 'NONE',  ( -478.6486486486467697, -1450.855855855854543, 50.00000000000000000 ) ) ;
#1002 = PLANE ( 'NONE',  #1347 ) ;
#1003 = ORIENTED_EDGE ( 'NONE', *, *, #6430, .F. ) ;
#1004 = LINE ( 'NONE', #5144, #2071 ) ;
#1005 = ORIENTED_EDGE ( 'NONE', *, *, #6017, .F. ) ;
#1006 = CARTESIAN_POINT ( 'NONE',  ( -1618.648648648647168, -2600.855855855854770, 51.00000000000000711 ) ) ;
#1007 = DIRECTION ( 'NONE',  ( 1.000000000000000000, 0.000000000000000000, 0.000000000000000000 ) ) ;
#1008 = LINE ( 'NONE', #4106, #2250 ) ;
#1009 = ORIENTED_EDGE ( 'NONE', *, *, #2058, .F. ) ;
#1010 = FACE_OUTER_BOUND ( 'NONE', #1181, .T. ) ;
#1011 = ORIENTED_EDGE ( 'NONE', *, *, #1450, .F. ) ;
#1012 = EDGE_CURVE ( 'NONE', #1059, #854, #5307, .T. ) ;
#1013 = VECTOR ( 'NONE', #372, 1000.000000000000000 ) ;
#1014 = ORIENTED_EDGE ( 'NONE', *, *, #997, .T. ) ;
#1015 = AXIS2_PLACEMENT_3D ( 'NONE', #4768, #2778, #4836 ) ;
#1016 = VECTOR ( 'NONE', #788, 1000.000000000000000 ) ;
#1017 = SURFACE_SIDE_STYLE ('',( #6494 ) ) ;
#1018 = VECTOR ( 'NONE', #5357, 1000.000000000000000 ) ;
#1019 = VECTOR ( 'NONE', #5410, 1000.000000000000000 ) ;
#1020 = VECTOR ( 'NONE', #3264, 1000.000000000000000 ) ;
#1021 = DIRECTION ( 'NONE',  ( -0.000000000000000000, -0.000000000000000000, -1.000000000000000000 ) ) ;
#1022 = LINE ( 'NONE', #4987, #6427 ) ;
#1023 = EDGE_CURVE ( 'NONE', #2395, #5330, #3241, .T. ) ;
#1024 = VECTOR ( 'NONE', #1581, 1000.000000000000000 ) ;
#1025 = ORIENTED_EDGE ( 'NONE', *, *, #4934, .T. ) ;
#1026 = CARTESIAN_POINT ( 'NONE',  ( 0.000000000000000000, -1450.855855855854543, 450.0000000000000000 ) ) ;
#1027 = EDGE_CURVE ( 'NONE', #2441, #1923, #4759, .T. ) ;
#1028 = ORIENTED_EDGE ( 'NONE', *, *, #6615, .T. ) ;
#1029 = DIRECTION ( 'NONE',  ( -1.000000000000000000, -1.586032892321651743E-16, 0.000000000000000000 ) ) ;
#1030 = LINE ( 'NONE', #430, #706 ) ;
#1031 = EDGE_LOOP ( 'NONE', ( #547, #3324, #1834, #3534 ) ) ;
#1032 = EDGE_CURVE ( 'NONE', #5571, #1076, #5342, .T. ) ;
#1033 = PLANE ( 'NONE',  #3527 ) ;
#1034 = EDGE_CURVE ( 'NONE', #4770, #2441, #4263, .T. ) ;
#1035 = CARTESIAN_POINT ( 'NONE',  ( -1668.648648648647168, -250.8558558558546849, 450.0000000000000000 ) ) ;
#1036 = LINE ( 'NONE', #4725, #4377 ) ;
#1037 = LINE ( 'NONE', #505, #6121 ) ;
#1038 = ADVANCED_FACE ( 'NONE', ( #6377 ), #4397, .F. ) ;
#1039 = ORIENTED_EDGE ( 'NONE', *, *, #5933, .F. ) ;
#1040 = ORIENTED_EDGE ( 'NONE', *, *, #4515, .F. ) ;
#1041 = DIRECTION ( 'NONE',  ( -1.000000000000000000, 0.000000000000000000, 0.000000000000000000 ) ) ;
#1042 = EDGE_CURVE ( 'NONE', #3519, #2513, #3346, .T. ) ;
#1043 = ORIENTED_EDGE ( 'NONE', *, *, #1947, .T. ) ;
#1044 = CARTESIAN_POINT ( 'NONE',  ( -1668.653815138663958, 2149.178435024714418, 51.00000000000000711 ) ) ;
#1045 = ORIENTED_EDGE ( 'NONE', *, *, #295, .T. ) ;
#1046 = EDGE_LOOP ( 'NONE', ( #1373, #6018, #6666, #5180 ) ) ;
#1047 = CARTESIAN_POINT ( 'NONE',  ( 0.000000000000000000, 0.000000000000000000, 450.0000000000000000 ) ) ;
#1048 = LINE ( 'NONE', #519, #6087 ) ;
#1049 = DIRECTION ( 'NONE',  ( 0.000000000000000000, 0.000000000000000000, 1.000000000000000000 ) ) ;
#1050 = CARTESIAN_POINT ( 'NONE',  ( -1668.653815138663958, 3349.109615115158704, 51.00000000000000711 ) ) ;
#1051 = CARTESIAN_POINT ( 'NONE',  ( -477.9485211280458543, -1459.372486768057570, 251.0000000000000000 ) ) ;
#1052 = ORIENTED_EDGE ( 'NONE', *, *, #6313, .T. ) ;
#1053 = DIRECTION ( 'NONE',  ( 1.000000000000000000, 0.000000000000000000, 0.000000000000000000 ) ) ;
#1054 = CARTESIAN_POINT ( 'NONE',  ( -1667.844139922891600, -247.8776232719740733, 51.00000000000000711 ) ) ;
#1055 = VERTEX_POINT ( 'NONE', #2734 ) ;
#1056 = UNCERTAINTY_MEASURE_WITH_UNIT (LENGTH_MEASURE( 1.000000000000000082E-05 ), #3639, 'distance_accuracy_value', 'NONE');
#1057 = DIRECTION ( 'NONE',  ( -0.000000000000000000, -1.000000000000000000, -0.000000000000000000 ) ) ;
#1058 = DIRECTION ( 'NONE',  ( -1.532028304060159970E-16, 1.000000000000000000, -0.000000000000000000 ) ) ;
#1059 = VERTEX_POINT ( 'NONE', #3862 ) ;
#1060 = PLANE ( 'NONE',  #5669 ) ;
#1061 = DIRECTION ( 'NONE',  ( -0.000000000000000000, 1.000000000000000000, -0.000000000000000000 ) ) ;
#1062 = LINE ( 'NONE', #5102, #2097 ) ;
#1063 = EDGE_CURVE ( 'NONE', #6257, #5761, #2258, .T. ) ;
#1064 = DIRECTION ( 'NONE',  ( -1.000000000000000000, 0.000000000000000000, -0.000000000000000000 ) ) ;
#1065 = DIRECTION ( 'NONE',  ( -0.000000000000000000, 0.000000000000000000, -1.000000000000000000 ) ) ;
#1066 = EDGE_CURVE ( 'NONE', #2632, #5571, #5788, .T. ) ;
#1067 = VERTEX_POINT ( 'NONE', #1752 ) ;
#1068 = ORIENTED_EDGE ( 'NONE', *, *, #545, .F. ) ;
#1069 = LINE ( 'NONE', #3140, #3097 ) ;
#1070 = PLANE ( 'NONE',  #5782 ) ;
#1071 = CARTESIAN_POINT ( 'NONE',  ( 3126.837698566487234, 3348.351809431109359, 150.0000000000000284 ) ) ;
#1072 = EDGE_CURVE ( 'NONE', #6286, #6277, #643, .T. ) ;
#1073 = FACE_OUTER_BOUND ( 'NONE', #6450, .T. ) ;
#1074 = ADVANCED_FACE ( 'NONE', ( #1787 ), #2291, .F. ) ;
#1075 = DIRECTION ( 'NONE',  ( -0.000000000000000000, -0.000000000000000000, -1.000000000000000000 ) ) ;
#1076 = VERTEX_POINT ( 'NONE', #2799 ) ;
#1077 = CARTESIAN_POINT ( 'NONE',  ( -1212.844139922891600, 204.1441441441452866, 252.0000000000000000 ) ) ;
#1078 = VERTEX_POINT ( 'NONE', #613 ) ;
#1079 = AXIS2_PLACEMENT_3D ( 'NONE', #5405, #2307, #4386 ) ;
#1080 = EDGE_CURVE ( 'NONE', #3390, #6111, #5824, .T. ) ;
#1081 =( NAMED_UNIT ( * ) PLANE_ANGLE_UNIT ( ) SI_UNIT ( $, .RADIAN. ) );
#1082 = CARTESIAN_POINT ( 'NONE',  ( 0.000000000000000000, 0.000000000000000000, 251.0000000000000000 ) ) ;
#1083 = CARTESIAN_POINT ( 'NONE',  ( 1476.351351351352832, -1905.855855855854770, 252.0000000000000000 ) ) ;
#1084 = ORIENTED_EDGE ( 'NONE', *, *, #1395, .F. ) ;
#1085 = CARTESIAN_POINT ( 'NONE',  ( -1668.648648648647168, 2149.144144144145230, 51.00000000000000711 ) ) ;
#1086 = DIRECTION ( 'NONE',  ( -3.172065784643303486E-16, 1.000000000000000000, -0.000000000000000000 ) ) ;
#1087 = EDGE_LOOP ( 'NONE', ( #2737, #659, #6301, #5485 ) ) ;
#1088 = VECTOR ( 'NONE', #4003, 1000.000000000000000 ) ;
#1089 = DIRECTION ( 'NONE',  ( -1.000000000000000000, -0.000000000000000000, -0.000000000000000000 ) ) ;
#1090 = DIRECTION ( 'NONE',  ( -0.000000000000000000, 1.000000000000000000, -0.000000000000000000 ) ) ;
#1091 = EDGE_LOOP ( 'NONE', ( #4201, #4695, #4353, #2169 ) ) ;
#1092 = LINE ( 'NONE', #5744, #244 ) ;
#1093 = DIRECTION ( 'NONE',  ( 0.000000000000000000, -1.000000000000000000, 0.000000000000000000 ) ) ;
#1094 = DIRECTION ( 'NONE',  ( -0.000000000000000000, -0.000000000000000000, -1.000000000000000000 ) ) ;
#1095 = CARTESIAN_POINT ( 'NONE',  ( 1913.785313619750468, -2650.960111606672399, 51.00000000000000711 ) ) ;
#1096 = DIRECTION ( 'NONE',  ( -0.000000000000000000, 1.000000000000000000, -0.000000000000000000 ) ) ;
#1097 = DIRECTION ( 'NONE',  ( -0.000000000000000000, -0.000000000000000000, -1.000000000000000000 ) ) ;
#1098 = PLANE ( 'NONE',  #2599 ) ;
#1099 = ORIENTED_EDGE ( 'NONE', *, *, #2000, .F. ) ;
#1100 = ORIENTED_EDGE ( 'NONE', *, *, #4743, .T. ) ;
#1101 = FACE_BOUND ( 'NONE', #6073, .T. ) ;
#1102 = EDGE_CURVE ( 'NONE', #1278, #3599, #4828, .T. ) ;
#1103 = LINE ( 'NONE', #67, #1990 ) ;
#1104 = PLANE ( 'NONE',  #2751 ) ;
#1105 = ORIENTED_EDGE ( 'NONE', *, *, #2997, .F. ) ;
#1106 = LINE ( 'NONE', #6416, #347 ) ;
#1107 = VERTEX_POINT ( 'NONE', #1645 ) ;
#1108 = EDGE_CURVE ( 'NONE', #1933, #69, #3714, .T. ) ;
#1109 = ADVANCED_FACE ( 'NONE', ( #240 ), #1274, .F. ) ;
#1110 = CARTESIAN_POINT ( 'NONE',  ( 1476.351351351352832, -1905.855855855854770, 252.0000000000000000 ) ) ;
#1111 = EDGE_LOOP ( 'NONE', ( #735, #148, #5055, #3301 ) ) ;
#1112 = CARTESIAN_POINT ( 'NONE',  ( -1243.648648648647168, 1722.892555011814466, 451.0000000000000000 ) ) ;
#1113 = AXIS2_PLACEMENT_3D ( 'NONE', #3668, #4931, #3992 ) ;
#1114 = VECTOR ( 'NONE', #479, 1000.000000000000000 ) ;
#1115 = ADVANCED_FACE ( 'NONE', ( #4968 ), #4432, .F. ) ;
#1116 = VECTOR ( 'NONE', #4134, 1000.000000000000000 ) ;
#1117 = DIRECTION ( 'NONE',  ( -0.000000000000000000, -0.000000000000000000, -1.000000000000000000 ) ) ;
#1118 = VECTOR ( 'NONE', #2151, 1000.000000000000000 ) ;
#1119 = AXIS2_PLACEMENT_3D ( 'NONE', #1131, #608, #2175 ) ;
#1120 = VECTOR ( 'NONE', #4834, 1000.000000000000000 ) ;
#1121 = ORIENTED_EDGE ( 'NONE', *, *, #2281, .T. ) ;
#1122 = LINE ( 'NONE', #5223, #1460 ) ;
#1123 = VERTEX_POINT ( 'NONE', #1404 ) ;
#1124 = CARTESIAN_POINT ( 'NONE',  ( -38.64864864864676974, 204.1441441441443487, 451.0000000000000000 ) ) ;
#1125 = AXIS2_PLACEMENT_3D ( 'NONE', #6007, #1965, #4044 ) ;
#1126 = VECTOR ( 'NONE', #2131, 1000.000000000000000 ) ;
#1127 = LINE ( 'NONE', #2762, #2756 ) ;
#1128 = CARTESIAN_POINT ( 'NONE',  ( -923.6486486486471676, -705.8558558558547702, 450.0000000000000000 ) ) ;
#1129 = ORIENTED_EDGE ( 'NONE', *, *, #351, .F. ) ;
#1130 = CARTESIAN_POINT ( 'NONE',  ( -467.4826492301951930, 2148.025372459793289, 51.00000000000000711 ) ) ;
#1131 = CARTESIAN_POINT ( 'NONE',  ( -12.48264923019517703, 1694.144144144144093, 252.0000000000000000 ) ) ;
#1132 = CARTESIAN_POINT ( 'NONE',  ( -1213.648648648647168, 1402.892555011814466, 450.0000000000000000 ) ) ;
#1133 = CARTESIAN_POINT ( 'NONE',  ( -23.64864864864699001, -696.1949088771522156, 652.0000000000003411 ) ) ;
#1134 = CARTESIAN_POINT ( 'NONE',  ( -1668.648648648647168, -250.8558558558546849, 450.0000000000000000 ) ) ;
#1135 = DIRECTION ( 'NONE',  ( 0.000000000000000000, 1.000000000000000000, 0.000000000000000000 ) ) ;
#1136 = ORIENTED_EDGE ( 'NONE', *, *, #2457, .F. ) ;
#1137 = ORIENTED_EDGE ( 'NONE', *, *, #308, .T. ) ;
#1138 = CARTESIAN_POINT ( 'NONE',  ( -13.64864864864695626, -2195.855855855854770, 451.0000000000000000 ) ) ;
#1139 = DIRECTION ( 'NONE',  ( 1.000000000000000000, 0.000000000000000000, 0.000000000000000000 ) ) ;
#1140 = FACE_OUTER_BOUND ( 'NONE', #1271, .T. ) ;
#1141 = VERTEX_POINT ( 'NONE', #1303 ) ;
#1142 = VECTOR ( 'NONE', #2601, 1000.000000000000000 ) ;
#1143 = VERTEX_POINT ( 'NONE', #6586 ) ;
#1144 = AXIS2_PLACEMENT_3D ( 'NONE', #5713, #6259, #3201 ) ;
#1145 = ADVANCED_FACE ( 'NONE', ( #2905 ), #1824, .F. ) ;
#1146 = CARTESIAN_POINT ( 'NONE',  ( 731.3513513513531734, 2149.144144144145230, 450.0000000000000000 ) ) ;
#1147 = DIRECTION ( 'NONE',  ( -1.192237920446390406E-16, 1.000000000000000000, -0.000000000000000000 ) ) ;
#1148 = ORIENTED_EDGE ( 'NONE', *, *, #6691, .T. ) ;
#1149 = CARTESIAN_POINT ( 'NONE',  ( 1931.351351351352832, -2650.855855855854770, 51.00000000000000711 ) ) ;
#1150 = EDGE_CURVE ( 'NONE', #4095, #2711, #787, .T. ) ;
#1151 = ADVANCED_FACE ( 'NONE', ( #5002 ), #857, .F. ) ;
#1152 = CARTESIAN_POINT ( 'NONE',  ( -23.64864864864699001, -696.1949088771522156, 652.0000000000003411 ) ) ;
#1153 = ORIENTED_EDGE ( 'NONE', *, *, #1012, .F. ) ;
#1154 = ADVANCED_FACE ( 'NONE', ( #4939 ), #3486, .F. ) ;
#1155 = DIRECTION ( 'NONE',  ( 0.000000000000000000, -1.000000000000000000, 0.000000000000000000 ) ) ;
#1156 = EDGE_LOOP ( 'NONE', ( #1678, #5689, #5363, #4136 ) ) ;
#1157 = DIRECTION ( 'NONE',  ( -0.000000000000000000, -0.000000000000000000, -1.000000000000000000 ) ) ;
#1158 = LINE ( 'NONE', #3235, #3434 ) ;
#1159 = ORIENTED_EDGE ( 'NONE', *, *, #4765, .T. ) ;
#1160 = CARTESIAN_POINT ( 'NONE',  ( 731.3513513513529460, -1450.855855855854543, 50.00000000000000000 ) ) ;
#1161 = EDGE_CURVE ( 'NONE', #5545, #5628, #2835, .T. ) ;
#1162 = CARTESIAN_POINT ( 'NONE',  ( 1928.964900017874243, -2649.473361566354015, 251.0000000000000000 ) ) ;
#1163 = CARTESIAN_POINT ( 'NONE',  ( -1668.653815138663958, 2149.178435024714418, 51.00000000000000711 ) ) ;
#1164 = DIRECTION ( 'NONE',  ( 0.000000000000000000, -0.000000000000000000, -1.000000000000000000 ) ) ;
#1165 = DIRECTION ( 'NONE',  ( 0.000000000000000000, 0.000000000000000000, 1.000000000000000000 ) ) ;
#1166 = EDGE_LOOP ( 'NONE', ( #6554, #633, #6700, #801 ) ) ;
#1167 = DIRECTION ( 'NONE',  ( 1.000000000000000000, 0.000000000000000000, 0.000000000000000000 ) ) ;
#1168 = VERTEX_POINT ( 'NONE', #4501 ) ;
#1169 = DIRECTION ( 'NONE',  ( 1.000000000000000000, 0.000000000000000000, 0.000000000000000000 ) ) ;
#1170 = VERTEX_POINT ( 'NONE', #1922 ) ;
#1171 = CARTESIAN_POINT ( 'NONE',  ( 1186.351351351352832, -2195.855855855854770, 252.0000000000000000 ) ) ;
#1172 = LINE ( 'NONE', #5245, #1555 ) ;
#1173 = ORIENTED_EDGE ( 'NONE', *, *, #1240, .F. ) ;
#1174 = VERTEX_POINT ( 'NONE', #6069 ) ;
#1175 = DIRECTION ( 'NONE',  ( -1.000000000000000000, -0.000000000000000000, -0.000000000000000000 ) ) ;
#1176 = CARTESIAN_POINT ( 'NONE',  ( -451.0550733494790165, 947.8925550118144656, 251.0000000000000000 ) ) ;
#1177 = CARTESIAN_POINT ( 'NONE',  ( 0.000000000000000000, -1450.855855855854543, 450.0000000000000000 ) ) ;
#1178 = ORIENTED_EDGE ( 'NONE', *, *, #2813, .F. ) ;
#1179 = LINE ( 'NONE', #4346, #3678 ) ;
#1180 = AXIS2_PLACEMENT_3D ( 'NONE', #3697, #6209, #76 ) ;
#1181 = EDGE_LOOP ( 'NONE', ( #4478, #247, #667, #3632 ) ) ;
#1182 = EDGE_CURVE ( 'NONE', #4444, #2235, #3871, .T. ) ;
#1183 = EDGE_CURVE ( 'NONE', #5555, #1637, #5045, .T. ) ;
#1184 = VERTEX_POINT ( 'NONE', #1851 ) ;
#1185 = PLANE ( 'NONE',  #4564 ) ;
#1186 = CARTESIAN_POINT ( 'NONE',  ( -1638.653815138663958, 2149.178435024714418, 51.00000000000000711 ) ) ;
#1187 = CARTESIAN_POINT ( 'NONE',  ( -53.64864864864699001, -666.1949088771521019, 651.0000000000003411 ) ) ;
#1188 = ORIENTED_EDGE ( 'NONE', *, *, #1641, .T. ) ;
#1189 = PLANE ( 'NONE',  #3495 ) ;
#1190 = ADVANCED_FACE ( 'NONE', ( #3932 ), #5993, .F. ) ;
#1191 = FACE_OUTER_BOUND ( 'NONE', #5183, .T. ) ;
#1192 = ORIENTED_EDGE ( 'NONE', *, *, #6058, .F. ) ;
#1193 = LINE ( 'NONE', #3818, #1782 ) ;
#1194 = FACE_OUTER_BOUND ( 'NONE', #5884, .T. ) ;
#1195 = EDGE_CURVE ( 'NONE', #1168, #5944, #533, .T. ) ;
#1196 = CARTESIAN_POINT ( 'NONE',  ( -1667.844139922891600, 947.8925550118144656, 51.00000000000000711 ) ) ;
#1197 = CARTESIAN_POINT ( 'NONE',  ( -1661.268387826372191, -1459.372486768057570, 51.00000000000000711 ) ) ;
#1198 = CARTESIAN_POINT ( 'NONE',  ( 701.0708180236888438, -261.9442023300435949, 651.0000000000003411 ) ) ;
#1199 = EDGE_LOOP ( 'NONE', ( #5446, #4292, #3210, #6634, #2864 ) ) ;
#1200 = ORIENTED_EDGE ( 'NONE', *, *, #5173, .F. ) ;
#1201 = EDGE_CURVE ( 'NONE', #1724, #5693, #2627, .T. ) ;
#1202 = EDGE_CURVE ( 'NONE', #344, #4491, #399, .T. ) ;
#1203 = CARTESIAN_POINT ( 'NONE',  ( -2918.648648648647395, 3349.144144144144775, 50.00000000000000000 ) ) ;
#1204 = ORIENTED_EDGE ( 'NONE', *, *, #1641, .F. ) ;
#1205 = CARTESIAN_POINT ( 'NONE',  ( 1881.351351351352605, -2600.855855855854770, 50.00000000000000000 ) ) ;
#1206 = AXIS2_PLACEMENT_3D ( 'NONE', #6198, #2573, #2981 ) ;
#1207 = LINE ( 'NONE', #1692, #782 ) ;
#1208 = ORIENTED_EDGE ( 'NONE', *, *, #1182, .F. ) ;
#1209 = FACE_OUTER_BOUND ( 'NONE', #872, .T. ) ;
#1210 = AXIS2_PLACEMENT_3D ( 'NONE', #4222, #6289, #1634 ) ;
#1211 = ORIENTED_EDGE ( 'NONE', *, *, #3360, .T. ) ;
#1212 = LINE ( 'NONE', #1763, #4245 ) ;
#1213 = DIRECTION ( 'NONE',  ( -1.000000000000000000, -0.000000000000000000, -0.000000000000000000 ) ) ;
#1214 = CARTESIAN_POINT ( 'NONE',  ( -43.64864864864695448, -2225.855855855854770, 450.0000000000000000 ) ) ;
#1215 = ORIENTED_EDGE ( 'NONE', *, *, #5973, .T. ) ;
#1216 = FACE_OUTER_BOUND ( 'NONE', #5726, .T. ) ;
#1217 = VECTOR ( 'NONE', #114, 1000.000000000000000 ) ;
#1218 = ORIENTED_EDGE ( 'NONE', *, *, #3898, .T. ) ;
#1219 = ORIENTED_EDGE ( 'NONE', *, *, #144, .T. ) ;
#1220 = VECTOR ( 'NONE', #6601, 1000.000000000000000 ) ;
#1221 = ORIENTED_EDGE ( 'NONE', *, *, #1390, .T. ) ;
#1222 = FACE_OUTER_BOUND ( 'NONE', #2356, .T. ) ;
#1223 = FACE_OUTER_BOUND ( 'NONE', #393, .T. ) ;
#1224 = VERTEX_POINT ( 'NONE', #4128 ) ;
#1225 = AXIS2_PLACEMENT_3D ( 'NONE', #4896, #3999, #3456 ) ;
#1226 = APPLICATION_PROTOCOL_DEFINITION ( 'draft international standard', 'automotive_design', 1998, #4148 ) ;
#1227 = AXIS2_PLACEMENT_3D ( 'NONE', #4686, #29, #1639 ) ;
#1228 = CARTESIAN_POINT ( 'NONE',  ( -1242.844139922891600, 174.1441441441452582, 252.0000000000000000 ) ) ;
#1229 = VECTOR ( 'NONE', #1304, 1000.000000000000000 ) ;
#1230 = LINE ( 'NONE', #2222, #3513 ) ;
#1231 = FACE_OUTER_BOUND ( 'NONE', #1767, .T. ) ;
#1232 = EDGE_CURVE ( 'NONE', #2711, #3483, #4032, .T. ) ;
#1233 = DIRECTION ( 'NONE',  ( 1.000000000000000000, 0.000000000000000000, 0.000000000000000000 ) ) ;
#1234 = ORIENTED_EDGE ( 'NONE', *, *, #5120, .F. ) ;
#1235 = VECTOR ( 'NONE', #937, 1000.000000000000000 ) ;
#1236 = EDGE_LOOP ( 'NONE', ( #2362, #5090, #5611, #6292 ) ) ;
#1237 = VECTOR ( 'NONE', #932, 1000.000000000000000 ) ;
#1238 = EDGE_CURVE ( 'NONE', #4045, #1754, #4098, .T. ) ;
#1239 = ORIENTED_EDGE ( 'NONE', *, *, #2142, .F. ) ;
#1240 = EDGE_CURVE ( 'NONE', #2260, #4936, #967, .T. ) ;
#1241 = DIRECTION ( 'NONE',  ( -1.000000000000000000, -0.000000000000000000, -0.000000000000000000 ) ) ;
#1242 = EDGE_LOOP ( 'NONE', ( #5338, #3852, #3742, #2832 ) ) ;
#1243 = AXIS2_PLACEMENT_3D ( 'NONE', #1580, #3656, #5273 ) ;
#1244 = PRODUCT_RELATED_PRODUCT_CATEGORY ( 'part', '', ( #6130 ) ) ;
#1245 = DIRECTION ( 'NONE',  ( 1.000000000000000000, 0.000000000000000000, 0.000000000000000000 ) ) ;
#1246 = ORIENTED_EDGE ( 'NONE', *, *, #982, .T. ) ;
#1247 = ORIENTED_EDGE ( 'NONE', *, *, #6639, .F. ) ;
#1248 = CARTESIAN_POINT ( 'NONE',  ( -893.6486486486470540, -2225.855855855854770, 252.0000000000000000 ) ) ;
#1249 = ADVANCED_FACE ( 'NONE', ( #6163 ), #1538, .F. ) ;
#1250 = PLANE ( 'NONE',  #1419 ) ;
#1251 = DIRECTION ( 'NONE',  ( 1.000000000000000000, 0.000000000000000000, 0.000000000000000000 ) ) ;
#1252 = ORIENTED_EDGE ( 'NONE', *, *, #3099, .F. ) ;
#1253 = DIRECTION ( 'NONE',  ( 1.000000000000000000, 0.000000000000000000, 0.000000000000000000 ) ) ;
#1254 = ORIENTED_EDGE ( 'NONE', *, *, #6711, .T. ) ;
#1255 = PLANE ( 'NONE',  #1617 ) ;
#1256 = ORIENTED_EDGE ( 'NONE', *, *, #4924, .F. ) ;
#1257 = DIRECTION ( 'NONE',  ( 0.000000000000000000, 1.000000000000000000, 0.000000000000000000 ) ) ;
#1258 = VERTEX_POINT ( 'NONE', #2020 ) ;
#1259 = FACE_BOUND ( 'NONE', #1465, .T. ) ;
#1260 = PLANE ( 'NONE',  #6448 ) ;
#1261 = CARTESIAN_POINT ( 'NONE',  ( 296.3513513513530597, -1016.194908877151988, 651.0000000000003411 ) ) ;
#1262 = ORIENTED_EDGE ( 'NONE', *, *, #4587, .F. ) ;
#1263 =( NAMED_UNIT ( * ) PLANE_ANGLE_UNIT ( ) SI_UNIT ( $, .RADIAN. ) );
#1264 = LINE ( 'NONE', #3411, #2319 ) ;
#1265 = DIRECTION ( 'NONE',  ( 0.000000000000000000, 0.000000000000000000, 1.000000000000000000 ) ) ;
#1266 = LINE ( 'NONE', #3345, #4286 ) ;
#1267 = DIRECTION ( 'NONE',  ( 0.000000000000000000, -0.000000000000000000, -1.000000000000000000 ) ) ;
#1268 = EDGE_LOOP ( 'NONE', ( #4347, #3792, #6145, #427 ) ) ;
#1269 = EDGE_LOOP ( 'NONE', ( #6386, #4264, #4266, #4235 ) ) ;
#1270 = CARTESIAN_POINT ( 'NONE',  ( 1919.291799940615647, -242.2942286748832430, 51.00000000000000711 ) ) ;
#1271 = EDGE_LOOP ( 'NONE', ( #972, #5068, #1246, #5752 ) ) ;
#1272 = EDGE_CURVE ( 'NONE', #1284, #1719, #3522, .T. ) ;
#1273 = PLANE ( 'NONE',  #3410 ) ;
#1274 = PLANE ( 'NONE',  #5121 ) ;
#1275 = DIRECTION ( 'NONE',  ( -0.000000000000000000, -0.000000000000000000, -1.000000000000000000 ) ) ;
#1276 = EDGE_CURVE ( 'NONE', #42, #4516, #6234, .T. ) ;
#1277 = LINE ( 'NONE', #5067, #2961 ) ;
#1278 = VERTEX_POINT ( 'NONE', #3012 ) ;
#1279 = ORIENTED_EDGE ( 'NONE', *, *, #5766, .F. ) ;
#1280 = DIRECTION ( 'NONE',  ( -1.000000000000000000, -0.000000000000000000, -0.000000000000000000 ) ) ;
#1281 = ADVANCED_FACE ( 'NONE', ( #3654 ), #4065, .F. ) ;
#1282 = DIRECTION ( 'NONE',  ( 0.000000000000000000, -1.000000000000000000, 0.000000000000000000 ) ) ;
#1283 = CARTESIAN_POINT ( 'NONE',  ( -12.48264923019517703, 1694.144144144144093, 252.0000000000000000 ) ) ;
#1284 = VERTEX_POINT ( 'NONE', #2049 ) ;
#1285 = LINE ( 'NONE', #2717, #5633 ) ;
#1286 = ORIENTED_EDGE ( 'NONE', *, *, #2331, .F. ) ;
#1287 = ADVANCED_FACE ( 'NONE', ( #5687 ), #3554, .T. ) ;
#1288 = EDGE_CURVE ( 'NONE', #5861, #1363, #1062, .T. ) ;
#1289 = ORIENTED_EDGE ( 'NONE', *, *, #4714, .T. ) ;
#1290 = VECTOR ( 'NONE', #896, 1000.000000000000000 ) ;
#1291 = DIRECTION ( 'NONE',  ( 1.256179068810790265E-16, -1.000000000000000000, 0.000000000000000000 ) ) ;
#1292 = DIRECTION ( 'NONE',  ( -0.000000000000000000, -0.000000000000000000, -1.000000000000000000 ) ) ;
#1293 = ORIENTED_EDGE ( 'NONE', *, *, #2847, .T. ) ;
#1294 = DIRECTION ( 'NONE',  ( 1.000000000000000000, 1.192185798255202152E-16, -0.000000000000000000 ) ) ;
#1295 = DIRECTION ( 'NONE',  ( 1.000000000000000000, 1.376309534659284821E-16, 0.000000000000000000 ) ) ;
#1296 = VERTEX_POINT ( 'NONE', #5169 ) ;
#1297 = CARTESIAN_POINT ( 'NONE',  ( 706.3513513513532871, 6.535062781211383746E-14, 450.0000000000000000 ) ) ;
#1298 = ORIENTED_EDGE ( 'NONE', *, *, #4627, .F. ) ;
#1299 = CARTESIAN_POINT ( 'NONE',  ( 1156.351351351352832, -675.8558558558547702, 451.0000000000000000 ) ) ;
#1300 = FACE_OUTER_BOUND ( 'NONE', #3065, .T. ) ;
#1301 = ORIENTED_EDGE ( 'NONE', *, *, #3861, .T. ) ;
#1302 = CARTESIAN_POINT ( 'NONE',  ( 1919.291799940615647, 942.7075103593078893, 651.0000000000003411 ) ) ;
#1303 = CARTESIAN_POINT ( 'NONE',  ( 306.3513513513530597, -2225.855855855854770, 450.0000000000000000 ) ) ;
#1304 = DIRECTION ( 'NONE',  ( 0.000000000000000000, -1.000000000000000000, 0.000000000000000000 ) ) ;
#1305 = DIRECTION ( 'NONE',  ( 0.000000000000000000, 1.000000000000000000, 0.000000000000000000 ) ) ;
#1306 = DIRECTION ( 'NONE',  ( -0.000000000000000000, -0.000000000000000000, -1.000000000000000000 ) ) ;
#1307 = ORIENTED_EDGE ( 'NONE', *, *, #2985, .T. ) ;
#1308 = ORIENTED_EDGE ( 'NONE', *, *, #982, .F. ) ;
#1310 = EDGE_CURVE ( 'NONE', #5942, #4202, #6703, .T. ) ;
#1309 = VECTOR ( 'NONE', #44, 1000.000000000000000 ) ;
#1311 = VECTOR ( 'NONE', #665, 1000.000000000000000 ) ;
#1312 = CARTESIAN_POINT ( 'NONE',  ( 281.3513513513532303, 174.1441441441443772, 450.0000000000000000 ) ) ;
#1313 = EDGE_CURVE ( 'NONE', #3845, #2215, #503, .T. ) ;
#1314 = ORIENTED_EDGE ( 'NONE', *, *, #1655, .T. ) ;
#1315 = DIRECTION ( 'NONE',  ( -1.000000000000000000, 9.251858538542972814E-17, 0.000000000000000000 ) ) ;
#1316 = EDGE_CURVE ( 'NONE', #3344, #1141, #5199, .T. ) ;
#1317 = ORIENTED_EDGE ( 'NONE', *, *, #1318, .F. ) ;
#1318 = EDGE_CURVE ( 'NONE', #6516, #4476, #1577, .T. ) ;
#1319 = LINE ( 'NONE', #2209, #4866 ) ;
#1320 = EDGE_LOOP ( 'NONE', ( #1592, #1039, #5739, #1568 ) ) ;
#1321 = EDGE_CURVE ( 'NONE', #5761, #1426, #5270, .T. ) ;
#1322 = DIRECTION ( 'NONE',  ( 1.000000000000000000, 0.000000000000000000, 0.000000000000000000 ) ) ;
#1323 = ORIENTED_EDGE ( 'NONE', *, *, #3143, .T. ) ;
#1324 = CARTESIAN_POINT ( 'NONE',  ( -2868.382539233230091, 3348.907565514117778, 150.0000000000000284 ) ) ;
#1325 = FACE_OUTER_BOUND ( 'NONE', #824, .T. ) ;
#1326 = VECTOR ( 'NONE', #2896, 1000.000000000000000 ) ;
#1327 = VERTEX_POINT ( 'NONE', #2698 ) ;
#1328 = CARTESIAN_POINT ( 'NONE',  ( 1883.785313619750468, -2650.960111606672399, 51.00000000000000711 ) ) ;
#1329 = VERTEX_POINT ( 'NONE', #3238 ) ;
#1330 = VECTOR ( 'NONE', #4889, 1000.000000000000000 ) ;
#1331 = FACE_OUTER_BOUND ( 'NONE', #4220, .T. ) ;
#1332 = VECTOR ( 'NONE', #68, 1000.000000000000000 ) ;
#1333 = CARTESIAN_POINT ( 'NONE',  ( 1186.351351351352832, -2195.855855855854770, 252.0000000000000000 ) ) ;
#1334 = VECTOR ( 'NONE', #5272, 1000.000000000000000 ) ;
#1335 = PLANE ( 'NONE',  #5260 ) ;
#1336 = ORIENTED_EDGE ( 'NONE', *, *, #5606, .F. ) ;
#1337 = DIRECTION ( 'NONE',  ( -0.000000000000000000, 1.000000000000000000, -0.000000000000000000 ) ) ;
#1338 = LINE ( 'NONE', #2335, #2211 ) ;
#1339 = CARTESIAN_POINT ( 'NONE',  ( -1243.648648648647168, -1875.855855855854770, 252.0000000000000000 ) ) ;
#1340 = DIRECTION ( 'NONE',  ( 0.000000000000000000, -0.000000000000000000, 1.000000000000000000 ) ) ;
#1341 = VECTOR ( 'NONE', #5830, 1000.000000000000000 ) ;
#1342 = AXIS2_PLACEMENT_3D ( 'NONE', #1228, #1607, #3168 ) ;
#1343 = VECTOR ( 'NONE', #5450, 1000.000000000000000 ) ;
#1344 = VECTOR ( 'NONE', #4499, 1000.000000000000000 ) ;
#1345 = EDGE_LOOP ( 'NONE', ( #1499, #3978, #6031, #2551 ) ) ;
#1346 = VERTEX_POINT ( 'NONE', #2766 ) ;
#1347 = AXIS2_PLACEMENT_3D ( 'NONE', #5653, #5552, #3014 ) ;
#1348 = VECTOR ( 'NONE', #4538, 1000.000000000000000 ) ;
#1349 = CARTESIAN_POINT ( 'NONE',  ( -467.4826492301951930, 2148.025372459793289, 251.0000000000000000 ) ) ;
#1350 = DIRECTION ( 'NONE',  ( -0.000000000000000000, -0.000000000000000000, -1.000000000000000000 ) ) ;
#1351 = ORIENTED_EDGE ( 'NONE', *, *, #3260, .F. ) ;
#1352 = DIRECTION ( 'NONE',  ( -0.000000000000000000, 1.000000000000000000, -0.000000000000000000 ) ) ;
#1353 = ORIENTED_EDGE ( 'NONE', *, *, #5515, .F. ) ;
#1354 = CARTESIAN_POINT ( 'NONE',  ( -42.48264923019517880, 1724.144144144144093, 252.0000000000000000 ) ) ;
#1355 = ADVANCED_FACE ( 'NONE', ( #3169 ), #2122, .F. ) ;
#1356 = ORIENTED_EDGE ( 'NONE', *, *, #6550, .T. ) ;
#1357 = ADVANCED_FACE ( 'NONE', ( #1194 ), #5303, .T. ) ;
#1358 = EDGE_CURVE ( 'NONE', #4957, #1346, #3711, .T. ) ;
#1359 = CARTESIAN_POINT ( 'NONE',  ( -1243.648648648647168, -1025.855855855854543, 450.0000000000000000 ) ) ;
#1360 = VECTOR ( 'NONE', #5930, 1000.000000000000000 ) ;
#1361 = FACE_BOUND ( 'NONE', #731, .T. ) ;
#1362 = LINE ( 'NONE', #5503, #3731 ) ;
#1363 = VERTEX_POINT ( 'NONE', #3205 ) ;
#1364 = LINE ( 'NONE', #4990, #4060 ) ;
#1365 = LINE ( 'NONE', #3443, #1668 ) ;
#1366 = ORIENTED_EDGE ( 'NONE', *, *, #981, .F. ) ;
#1367 = VECTOR ( 'NONE', #3382, 1000.000000000000000 ) ;
#1368 = EDGE_CURVE ( 'NONE', #5663, #3009, #58, .T. ) ;
#1369 = CARTESIAN_POINT ( 'NONE',  ( -2867.919202630825566, -2650.885740052331585, 50.00000000000000000 ) ) ;
#1370 = VERTEX_POINT ( 'NONE', #5383 ) ;
#1371 = LINE ( 'NONE', #2801, #4569 ) ;
#1372 = DIRECTION ( 'NONE',  ( 9.251858538542971581E-17, -1.000000000000000000, 0.000000000000000000 ) ) ;
#1373 = ORIENTED_EDGE ( 'NONE', *, *, #4819, .T. ) ;
#1374 = CARTESIAN_POINT ( 'NONE',  ( 715.7521729148861596, 942.7075103593078893, 51.00000000000000711 ) ) ;
#1375 = CARTESIAN_POINT ( 'NONE',  ( 1186.351351351352832, -705.8558558558547702, 450.0000000000000000 ) ) ;
#1376 = CARTESIAN_POINT ( 'NONE',  ( -1243.648648648647168, -1025.855855855854543, 451.0000000000000000 ) ) ;
#1377 = ORIENTED_EDGE ( 'NONE', *, *, #3074, .F. ) ;
#1378 = ORIENTED_EDGE ( 'NONE', *, *, #1565, .F. ) ;
#1379 = AXIS2_PLACEMENT_3D ( 'NONE', #4609, #6685, #2032 ) ;
#1380 = LINE ( 'NONE', #2159, #1116 ) ;
#1381 = DIRECTION ( 'NONE',  ( 1.000000000000000000, 0.000000000000000000, -0.000000000000000000 ) ) ;
#1382 = ORIENTED_EDGE ( 'NONE', *, *, #2240, .T. ) ;
#1383 = LINE ( 'NONE', #3432, #625 ) ;
#1384 = ORIENTED_EDGE ( 'NONE', *, *, #2177, .F. ) ;
#1385 = VERTEX_POINT ( 'NONE', #4331 ) ;
#1386 = VERTEX_POINT ( 'NONE', #712 ) ;
#1387 = LINE ( 'NONE', #2819, #2098 ) ;
#1388 = CARTESIAN_POINT ( 'NONE',  ( -1667.844139922891600, -247.8776232719740733, 251.0000000000000000 ) ) ;
#1389 = CARTESIAN_POINT ( 'NONE',  ( -1668.653815138663958, 3349.109615115158704, 50.00000000000000000 ) ) ;
#1390 = EDGE_CURVE ( 'NONE', #6413, #4612, #3269, .T. ) ;
#1391 = CARTESIAN_POINT ( 'NONE',  ( 296.3513513513530597, -1016.194908877151988, 652.0000000000003411 ) ) ;
#1392 = DIRECTION ( 'NONE',  ( 0.000000000000000000, -0.000000000000000000, 1.000000000000000000 ) ) ;
#1393 = ORIENTED_EDGE ( 'NONE', *, *, #2027, .F. ) ;
#1394 = CARTESIAN_POINT ( 'NONE',  ( -12.48264923019514150, 1404.144144144144320, 252.0000000000000000 ) ) ;
#1395 = EDGE_CURVE ( 'NONE', #6014, #3623, #4687, .T. ) ;
#1396 = ORIENTED_EDGE ( 'NONE', *, *, #5054, .F. ) ;
#1397 = DIRECTION ( 'NONE',  ( 1.000000000000000000, 0.000000000000000000, -0.000000000000000000 ) ) ;
#1398 = VECTOR ( 'NONE', #6625, 1000.000000000000000 ) ;
#1399 = CARTESIAN_POINT ( 'NONE',  ( 1881.351351351352832, 949.1441441441446614, 50.00000000000000000 ) ) ;
#1400 = VERTEX_POINT ( 'NONE', #6404 ) ;
#1401 = EDGE_CURVE ( 'NONE', #6111, #2786, #1749, .T. ) ;
#1402 = FACE_BOUND ( 'NONE', #6168, .T. ) ;
#1403 = FACE_OUTER_BOUND ( 'NONE', #6319, .T. ) ;
#1404 = CARTESIAN_POINT ( 'NONE',  ( -1667.844139922891600, 947.8925550118144656, 51.00000000000000711 ) ) ;
#1405 = LINE ( 'NONE', #275, #1229 ) ;
#1406 = DIRECTION ( 'NONE',  ( 0.000000000000000000, -1.000000000000000000, 0.000000000000000000 ) ) ;
#1407 = EDGE_CURVE ( 'NONE', #344, #6503, #1230, .T. ) ;
#1408 = EDGE_CURVE ( 'NONE', #4852, #1919, #4300, .T. ) ;
#1409 = ORIENTED_EDGE ( 'NONE', *, *, #550, .F. ) ;
#1410 = CARTESIAN_POINT ( 'NONE',  ( 0.000000000000000000, 0.000000000000000000, 651.0000000000003411 ) ) ;
#1411 = ORIENTED_EDGE ( 'NONE', *, *, #1703, .F. ) ;
#1412 = CARTESIAN_POINT ( 'NONE',  ( 0.000000000000000000, -1450.855855855854543, 450.0000000000000000 ) ) ;
#1413 = DIRECTION ( 'NONE',  ( -0.000000000000000000, 1.000000000000000000, -0.000000000000000000 ) ) ;
#1414 = VERTEX_POINT ( 'NONE', #1715 ) ;
#1415 = DIRECTION ( 'NONE',  ( 9.654113257610057838E-17, 1.000000000000000000, -0.000000000000000000 ) ) ;
#1416 = ORIENTED_EDGE ( 'NONE', *, *, #4238, .T. ) ;
#1417 = ORIENTED_EDGE ( 'NONE', *, *, #5173, .T. ) ;
#1418 = CARTESIAN_POINT ( 'NONE',  ( -1668.648648648647168, -2650.855855855854770, 50.00000000000000000 ) ) ;
#1419 = AXIS2_PLACEMENT_3D ( 'NONE', #6418, #4772, #591 ) ;
#1420 = EDGE_LOOP ( 'NONE', ( #6706, #2382, #3021, #1928 ) ) ;
#1421 = DIRECTION ( 'NONE',  ( -0.000000000000000000, -0.000000000000000000, -1.000000000000000000 ) ) ;
#1422 = VECTOR ( 'NONE', #1322, 1000.000000000000000 ) ;
#1423 = PLANE ( 'NONE',  #2083 ) ;
#1424 = FACE_OUTER_BOUND ( 'NONE', #6656, .T. ) ;
#1425 = PLANE ( 'NONE',  #6327 ) ;
#1426 = VERTEX_POINT ( 'NONE', #6265 ) ;
#1427 = VECTOR ( 'NONE', #318, 1000.000000000000000 ) ;
#1428 = LINE ( 'NONE', #5447, #3070 ) ;
#1429 = LINE ( 'NONE', #6449, #1547 ) ;
#1430 = ORIENTED_EDGE ( 'NONE', *, *, #2360, .T. ) ;
#1431 = DIRECTION ( 'NONE',  ( -0.000000000000000000, -0.000000000000000000, -1.000000000000000000 ) ) ;
#1432 = LINE ( 'NONE', #1980, #159 ) ;
#1433 = VERTEX_POINT ( 'NONE', #1680 ) ;
#1434 = DIRECTION ( 'NONE',  ( -1.000000000000000000, 9.251858538542972814E-17, 0.000000000000000000 ) ) ;
#1435 = DIRECTION ( 'NONE',  ( -1.000000000000000000, 0.000000000000000000, 0.000000000000000000 ) ) ;
#1436 = EDGE_CURVE ( 'NONE', #2829, #4839, #1608, .T. ) ;
#1437 = DIRECTION ( 'NONE',  ( 0.000000000000000000, 1.000000000000000000, 0.000000000000000000 ) ) ;
#1438 = PLANE ( 'NONE',  #4494 ) ;
#1439 = AXIS2_PLACEMENT_3D ( 'NONE', #2589, #960, #6667 ) ;
#1440 = ADVANCED_FACE ( 'NONE', ( #5745 ), #5336, .F. ) ;
#1441 = VECTOR ( 'NONE', #4016, 1000.000000000000000 ) ;
#1442 = EDGE_CURVE ( 'NONE', #3040, #4901, #574, .T. ) ;
#1443 = ORIENTED_EDGE ( 'NONE', *, *, #2066, .F. ) ;
#1444 = VECTOR ( 'NONE', #4230, 1000.000000000000000 ) ;
#1445 = DIRECTION ( 'NONE',  ( 0.000000000000000000, 1.000000000000000000, -0.000000000000000000 ) ) ;
#1446 = EDGE_LOOP ( 'NONE', ( #2808, #908, #3658, #5124 ) ) ;
#1447 = CARTESIAN_POINT ( 'NONE',  ( -893.6486486486471676, -675.8558558558546565, 450.0000000000000000 ) ) ;
#1448 = VECTOR ( 'NONE', #30, 1000.000000000000000 ) ;
#1449 = VECTOR ( 'NONE', #826, 1000.000000000000000 ) ;
#1450 = EDGE_CURVE ( 'NONE', #4253, #1174, #4229, .T. ) ;
#1451 = AXIS2_PLACEMENT_3D ( 'NONE', #2232, #3760, #749 ) ;
#1452 = CARTESIAN_POINT ( 'NONE',  ( -1243.648648648647168, 1372.892555011814466, 451.0000000000000000 ) ) ;
#1453 = CARTESIAN_POINT ( 'NONE',  ( 306.3513513513530029, -1875.855855855854770, 450.0000000000000000 ) ) ;
#1454 = ORIENTED_EDGE ( 'NONE', *, *, #5271, .T. ) ;
#1455 = LINE ( 'NONE', #5017, #3906 ) ;
#1456 = ORIENTED_EDGE ( 'NONE', *, *, #3778, .F. ) ;
#1457 = VECTOR ( 'NONE', #757, 1000.000000000000000 ) ;
#1458 = ORIENTED_EDGE ( 'NONE', *, *, #4321, .T. ) ;
#1459 = ADVANCED_FACE ( 'NONE', ( #3750 ), #6374, .F. ) ;
#1460 = VECTOR ( 'NONE', #2113, 1000.000000000000000 ) ;
#1461 = VECTOR ( 'NONE', #5528, 1000.000000000000000 ) ;
#1462 = LINE ( 'NONE', #5532, #4376 ) ;
#1463 = DIRECTION ( 'NONE',  ( 1.000000000000000000, 1.189524669241239608E-16, -0.000000000000000000 ) ) ;
#1464 = DIRECTION ( 'NONE',  ( 1.000000000000000000, 0.000000000000000000, -0.000000000000000000 ) ) ;
#1465 = EDGE_LOOP ( 'NONE', ( #5495, #6322, #5283, #446 ) ) ;
#1466 = LINE ( 'NONE', #926, #3854 ) ;
#1467 = CARTESIAN_POINT ( 'NONE',  ( -451.0550733494790165, 947.8925550118144656, 251.0000000000000000 ) ) ;
#1468 = EDGE_LOOP ( 'NONE', ( #2474, #154, #2910, #3460, #5510 ) ) ;
#1469 = DIRECTION ( 'NONE',  ( 0.000000000000000000, -1.000000000000000000, 0.000000000000000000 ) ) ;
#1470 = FACE_OUTER_BOUND ( 'NONE', #4718, .T. ) ;
#1471 = EDGE_LOOP ( 'NONE', ( #2146, #4744, #6197, #3726 ) ) ;
#1472 = DIRECTION ( 'NONE',  ( 1.000000000000000000, -0.000000000000000000, 0.000000000000000000 ) ) ;
#1473 = LINE ( 'NONE', #2596, #6010 ) ;
#1474 = AXIS2_PLACEMENT_3D ( 'NONE', #6342, #3757, #4935 ) ;
#1475 = CARTESIAN_POINT ( 'NONE',  ( -923.6486486486471676, 1692.892555011814238, 451.0000000000000000 ) ) ;
#1476 = FACE_BOUND ( 'NONE', #4976, .T. ) ;
#1477 = DIRECTION ( 'NONE',  ( -0.000000000000000000, -0.000000000000000000, -1.000000000000000000 ) ) ;
#1478 = EDGE_LOOP ( 'NONE', ( #2267, #187, #6077, #3922, #193 ) ) ;
#1479 = DIRECTION ( 'NONE',  ( 1.000000000000000000, 0.000000000000000000, 0.000000000000000000 ) ) ;
#1480 = VERTEX_POINT ( 'NONE', #3921 ) ;
#1481 = ADVANCED_FACE ( 'NONE', ( #6499 ), #2322, .F. ) ;
#1482 = LINE ( 'NONE', #1006, #6113 ) ;
#1483 = EDGE_CURVE ( 'NONE', #2184, #5080, #4395, .T. ) ;
#1484 = DIRECTION ( 'NONE',  ( -1.000000000000000000, -0.000000000000000000, -0.000000000000000000 ) ) ;
#1485 = LINE ( 'NONE', #5626, #142 ) ;
#1486 = VERTEX_POINT ( 'NONE', #6434 ) ;
#1487 = PLANE ( 'NONE',  #6127 ) ;
#1488 = LINE ( 'NONE', #4082, #3187 ) ;
#1489 = ORIENTED_EDGE ( 'NONE', *, *, #6389, .T. ) ;
#1490 = ORIENTED_EDGE ( 'NONE', *, *, #6261, .T. ) ;
#1491 = ADVANCED_FACE ( 'NONE', ( #1325 ), #5984, .F. ) ;
#1492 = EDGE_CURVE ( 'NONE', #1107, #6340, #6468, .T. ) ;
#1493 = CARTESIAN_POINT ( 'NONE',  ( 732.4691333359016880, -1452.608405685351499, 251.0000000000000000 ) ) ;
#1494 = PRESENTATION_STYLE_ASSIGNMENT (( #2067 ) ) ;
#1495 = CARTESIAN_POINT ( 'NONE',  ( -893.6486486486471676, -1875.855855855854770, 251.0000000000000000 ) ) ;
#1496 = EDGE_CURVE ( 'NONE', #5838, #4380, #1814, .T. ) ;
#1497 = DIRECTION ( 'NONE',  ( -0.000000000000000000, -0.000000000000000000, -1.000000000000000000 ) ) ;
#1498 = LINE ( 'NONE', #987, #4583 ) ;
#1499 = ORIENTED_EDGE ( 'NONE', *, *, #5022, .T. ) ;
#1500 = ADVANCED_FACE ( 'NONE', ( #4956 ), #5924, .F. ) ;
#1501 = EDGE_LOOP ( 'NONE', ( #4423, #3811, #965, #4530 ) ) ;
#1502 = CARTESIAN_POINT ( 'NONE',  ( -1668.653815138663958, 2149.178435024714418, 51.00000000000000711 ) ) ;
#1503 = DIRECTION ( 'NONE',  ( 0.000000000000000000, 1.000000000000000000, 0.000000000000000000 ) ) ;
#1504 = VERTEX_POINT ( 'NONE', #3343 ) ;
#1505 = FACE_BOUND ( 'NONE', #2383, .T. ) ;
#1506 = DIRECTION ( 'NONE',  ( 0.000000000000000000, -1.000000000000000000, 0.000000000000000000 ) ) ;
#1507 = DIRECTION ( 'NONE',  ( 1.000000000000000000, 0.000000000000000000, 0.000000000000000000 ) ) ;
#1508 = DIRECTION ( 'NONE',  ( 0.000000000000000000, 1.000000000000000000, 0.000000000000000000 ) ) ;
#1509 = LINE ( 'NONE', #5172, #1235 ) ;
#1510 = FACE_OUTER_BOUND ( 'NONE', #4072, .T. ) ;
#1511 = VECTOR ( 'NONE', #311, 1000.000000000000000 ) ;
#1512 = ORIENTED_EDGE ( 'NONE', *, *, #5976, .F. ) ;
#1513 = DIRECTION ( 'NONE',  ( 1.000000000000000000, 1.256179068810790265E-16, -0.000000000000000000 ) ) ;
#1514 = ORIENTED_EDGE ( 'NONE', *, *, #3116, .F. ) ;
#1515 = DIRECTION ( 'NONE',  ( 1.000000000000000000, 0.000000000000000000, -0.000000000000000000 ) ) ;
#1516 = ORIENTED_EDGE ( 'NONE', *, *, #6598, .T. ) ;
#1517 = ORIENTED_EDGE ( 'NONE', *, *, #4709, .F. ) ;
#1518 = DIRECTION ( 'NONE',  ( 1.000000000000000000, 0.000000000000000000, 0.000000000000000000 ) ) ;
#1519 = EDGE_CURVE ( 'NONE', #4466, #1542, #2389, .T. ) ;
#1520 = ORIENTED_EDGE ( 'NONE', *, *, #797, .T. ) ;
#1521 = VERTEX_POINT ( 'NONE', #3474 ) ;
#1522 = EDGE_CURVE ( 'NONE', #707, #4218, #1910, .T. ) ;
#1523 = DIRECTION ( 'NONE',  ( -0.000000000000000000, -0.000000000000000000, -1.000000000000000000 ) ) ;
#1524 = CARTESIAN_POINT ( 'NONE',  ( -23.64864864864699001, -986.1949088771519882, 652.0000000000003411 ) ) ;
#1525 = EDGE_CURVE ( 'NONE', #206, #3316, #3376, .T. ) ;
#1526 = ADVANCED_FACE ( 'NONE', ( #5445, #774, #320 ), #2863, .T. ) ;
#1527 = DIRECTION ( 'NONE',  ( -1.000000000000000000, 0.000000000000000000, 0.000000000000000000 ) ) ;
#1528 = VECTOR ( 'NONE', #2651, 1000.000000000000000 ) ;
#1529 = EDGE_CURVE ( 'NONE', #5971, #2033, #4490, .T. ) ;
#1530 = EDGE_LOOP ( 'NONE', ( #594, #3500, #1661, #122, #602, #1336, #495, #4942, #5194, #1791 ) ) ;
#1531 = CARTESIAN_POINT ( 'NONE',  ( -478.6486486486470540, -8.856779173924079230E-14, 450.0000000000000000 ) ) ;
#1532 = AXIS2_PLACEMENT_3D ( 'NONE', #3514, #1397, #5543 ) ;
#1533 = ORIENTED_EDGE ( 'NONE', *, *, #5258, .T. ) ;
#1534 = DIRECTION ( 'NONE',  ( 1.000000000000000000, 0.000000000000000000, -0.000000000000000000 ) ) ;
#1535 = LINE ( 'NONE', #6611, #2242 ) ;
#1536 = ORIENTED_EDGE ( 'NONE', *, *, #3366, .F. ) ;
#1537 = LINE ( 'NONE', #6701, #4919 ) ;
#1538 = PLANE ( 'NONE',  #4382 ) ;
#1539 = VECTOR ( 'NONE', #3030, 1000.000000000000000 ) ;
#1540 = LINE ( 'NONE', #3619, #5359 ) ;
#1541 = CARTESIAN_POINT ( 'NONE',  ( 1931.351351351352832, 949.1441441441446614, 450.0000000000000000 ) ) ;
#1542 = VERTEX_POINT ( 'NONE', #2358 ) ;
#1543 = PLANE ( 'NONE',  #4994 ) ;
#1544 = ORIENTED_EDGE ( 'NONE', *, *, #98, .T. ) ;
#1545 = FACE_OUTER_BOUND ( 'NONE', #4620, .T. ) ;
#1546 = VECTOR ( 'NONE', #564, 1000.000000000000000 ) ;
#1547 = VECTOR ( 'NONE', #362, 1000.000000000000000 ) ;
#1548 = CARTESIAN_POINT ( 'NONE',  ( 701.0708180236888438, -261.9442023300435949, 651.0000000000003411 ) ) ;
#1549 = FACE_OUTER_BOUND ( 'NONE', #3595, .T. ) ;
#1550 = EDGE_LOOP ( 'NONE', ( #5987, #3151, #2415, #4846, #3528 ) ) ;
#1551 = DIRECTION ( 'NONE',  ( 0.000000000000000000, -0.000000000000000000, -1.000000000000000000 ) ) ;
#1552 = ORIENTED_EDGE ( 'NONE', *, *, #2928, .T. ) ;
#1553 = VECTOR ( 'NONE', #3586, 1000.000000000000000 ) ;
#1554 = VERTEX_POINT ( 'NONE', #2926 ) ;
#1555 = VECTOR ( 'NONE', #104, 1000.000000000000000 ) ;
#1556 = CARTESIAN_POINT ( 'NONE',  ( -468.6486486486469971, -2600.855855855854770, 50.00000000000000000 ) ) ;
#1557 = VECTOR ( 'NONE', #1484, 1000.000000000000000 ) ;
#1558 = DIRECTION ( 'NONE',  ( -0.000000000000000000, -0.000000000000000000, -1.000000000000000000 ) ) ;
#1559 = VECTOR ( 'NONE', #2720, 1000.000000000000000 ) ;
#1560 = VECTOR ( 'NONE', #6527, 1000.000000000000000 ) ;
#1561 = VECTOR ( 'NONE', #1626, 1000.000000000000000 ) ;
#1562 = VECTOR ( 'NONE', #6613, 1000.000000000000000 ) ;
#1563 = CARTESIAN_POINT ( 'NONE',  ( -1618.648648648647168, -2600.855855855854770, 51.00000000000000711 ) ) ;
#1564 = LINE ( 'NONE', #4290, #5337 ) ;
#1565 = EDGE_CURVE ( 'NONE', #4830, #4962, #1365, .T. ) ;
#1566 = AXIS2_PLACEMENT_3D ( 'NONE', #4638, #488, #2644 ) ;
#1567 = ADVANCED_FACE ( 'NONE', ( #1785 ), #5506, .T. ) ;
#1568 = ORIENTED_EDGE ( 'NONE', *, *, #5474, .T. ) ;
#1569 = DIRECTION ( 'NONE',  ( 1.000000000000000000, 0.000000000000000000, -0.000000000000000000 ) ) ;
#1570 = ORIENTED_EDGE ( 'NONE', *, *, #3143, .F. ) ;
#1571 = ADVANCED_FACE ( 'NONE', ( #5536 ), #4857, .F. ) ;
#1572 = CARTESIAN_POINT ( 'NONE',  ( -1668.914624007974453, -2620.885740052331130, 51.00000000000000711 ) ) ;
#1573 = CARTESIAN_POINT ( 'NONE',  ( 1913.785313619750468, -2650.960111606672399, 51.00000000000000711 ) ) ;
#1574 = EDGE_LOOP ( 'NONE', ( #2980, #5614, #1121, #4475 ) ) ;
#1575 = CARTESIAN_POINT ( 'NONE',  ( 3.452553062395283591E-14, -250.8558558558549691, 450.0000000000000000 ) ) ;
#1576 = LINE ( 'NONE', #5138, #3843 ) ;
#1577 = LINE ( 'NONE', #3134, #4479 ) ;
#1578 = EDGE_CURVE ( 'NONE', #3390, #5065, #1498, .T. ) ;
#1579 = DIRECTION ( 'NONE',  ( -1.000000000000000000, 0.000000000000000000, -0.000000000000000000 ) ) ;
#1580 = CARTESIAN_POINT ( 'NONE',  ( -1618.648648648647168, -2600.855855855854770, 51.00000000000000711 ) ) ;
#1581 = DIRECTION ( 'NONE',  ( -1.000000000000000000, -0.000000000000000000, -0.000000000000000000 ) ) ;
#1582 = FACE_OUTER_BOUND ( 'NONE', #501, .T. ) ;
#1583 = ORIENTED_EDGE ( 'NONE', *, *, #6307, .T. ) ;
#1584 = ORIENTED_EDGE ( 'NONE', *, *, #1276, .T. ) ;
#1585 = ADVANCED_FACE ( 'NONE', ( #3504 ), #1425, .F. ) ;
#1586 = CARTESIAN_POINT ( 'NONE',  ( -1668.914624007974453, -2650.885740052331585, 51.00000000000000711 ) ) ;
#1587 = LINE ( 'NONE', #5624, #1664 ) ;
#1588 = VECTOR ( 'NONE', #605, 1000.000000000000000 ) ;
#1589 = CARTESIAN_POINT ( 'NONE',  ( 1928.964900017874243, -1452.608405685351499, 251.0000000000000000 ) ) ;
#1590 = ORIENTED_EDGE ( 'NONE', *, *, #4897, .T. ) ;
#1591 = DIRECTION ( 'NONE',  ( 0.000000000000000000, 0.000000000000000000, -1.000000000000000000 ) ) ;
#1592 = ORIENTED_EDGE ( 'NONE', *, *, #5304, .T. ) ;
#1593 = DIRECTION ( 'NONE',  ( -0.000000000000000000, 0.000000000000000000, 1.000000000000000000 ) ) ;
#1594 = CARTESIAN_POINT ( 'NONE',  ( -68.64864864864676974, 524.1441441441443203, 451.0000000000000000 ) ) ;
#1595 = DIRECTION ( 'NONE',  ( 0.000000000000000000, -0.000000000000000000, -1.000000000000000000 ) ) ;
#1596 = PLANE ( 'NONE',  #1113 ) ;
#1597 = VERTEX_POINT ( 'NONE', #359 ) ;
#1598 = DIRECTION ( 'NONE',  ( 1.000000000000000000, 0.000000000000000000, 0.000000000000000000 ) ) ;
#1599 = CARTESIAN_POINT ( 'NONE',  ( 1490.752172914886160, 182.7057713251167570, 652.0000000000003411 ) ) ;
#1600 = ADVANCED_FACE ( 'NONE', ( #6633 ), #3642, .F. ) ;
#1601 = ORIENTED_EDGE ( 'NONE', *, *, #6605, .F. ) ;
#1602 = ADVANCED_FACE ( 'NONE', ( #3001 ), #4050, .T. ) ;
#1603 = PLANE ( 'NONE',  #3386 ) ;
#1604 = DIRECTION ( 'NONE',  ( 0.000000000000000000, 0.000000000000000000, 1.000000000000000000 ) ) ;
#1605 = VERTEX_POINT ( 'NONE', #5610 ) ;
#1606 = LINE ( 'NONE', #3105, #5579 ) ;
#1607 = DIRECTION ( 'NONE',  ( 0.000000000000000000, 1.000000000000000000, 0.000000000000000000 ) ) ;
#1608 = LINE ( 'NONE', #3680, #3183 ) ;
#1609 = CARTESIAN_POINT ( 'NONE',  ( 731.3513513513534008, 2099.144144144145230, 50.00000000000000000 ) ) ;
#1610 = CARTESIAN_POINT ( 'NONE',  ( 1156.351351351352832, -675.8558558558547702, 451.0000000000000000 ) ) ;
#1611 = ADVANCED_FACE ( 'NONE', ( #5034 ), #3576, .T. ) ;
#1612 = ORIENTED_EDGE ( 'NONE', *, *, #4709, .T. ) ;
#1613 = EDGE_CURVE ( 'NONE', #6051, #2829, #958, .T. ) ;
#1614 = ORIENTED_EDGE ( 'NONE', *, *, #2490, .F. ) ;
#1615 = DIRECTION ( 'NONE',  ( -1.000000000000000000, 0.000000000000000000, 0.000000000000000000 ) ) ;
#1616 = DIRECTION ( 'NONE',  ( 0.000000000000000000, -1.000000000000000000, 0.000000000000000000 ) ) ;
#1617 = AXIS2_PLACEMENT_3D ( 'NONE', #4818, #155, #1705 ) ;
#1618 = EDGE_CURVE ( 'NONE', #6051, #1756, #4582, .T. ) ;
#1619 = LINE ( 'NONE', #4662, #3724 ) ;
#1620 = ORIENTED_EDGE ( 'NONE', *, *, #1492, .F. ) ;
#1621 = DIRECTION ( 'NONE',  ( 0.000000000000000000, 0.000000000000000000, 1.000000000000000000 ) ) ;
#1622 = ORIENTED_EDGE ( 'NONE', *, *, #690, .F. ) ;
#1623 = DIRECTION ( 'NONE',  ( -0.000000000000000000, 0.000000000000000000, -1.000000000000000000 ) ) ;
#1624 = VERTEX_POINT ( 'NONE', #2461 ) ;
#1625 = DIRECTION ( 'NONE',  ( 0.000000000000000000, -1.000000000000000000, 0.000000000000000000 ) ) ;
#1626 = DIRECTION ( 'NONE',  ( 1.000000000000000000, 0.000000000000000000, 0.000000000000000000 ) ) ;
#1627 = VERTEX_POINT ( 'NONE', #4521 ) ;
#1628 = PLANE ( 'NONE',  #1180 ) ;
#1629 = CARTESIAN_POINT ( 'NONE',  ( -43.64864864864698291, -1875.855855855854770, 451.0000000000000000 ) ) ;
#1630 = ORIENTED_EDGE ( 'NONE', *, *, #6720, .F. ) ;
#1631 = CARTESIAN_POINT ( 'NONE',  ( 0.000000000000000000, -1450.855855855854543, 50.00000000000000000 ) ) ;
#1632 = EDGE_LOOP ( 'NONE', ( #1912, #2830, #3904, #2079 ) ) ;
#1633 = VECTOR ( 'NONE', #3122, 1000.000000000000000 ) ;
#1634 = DIRECTION ( 'NONE',  ( 0.000000000000000000, 0.000000000000000000, 1.000000000000000000 ) ) ;
#1635 = LINE ( 'NONE', #5380, #3517 ) ;
#1636 = FACE_OUTER_BOUND ( 'NONE', #1632, .T. ) ;
#1637 = VERTEX_POINT ( 'NONE', #1418 ) ;
#1638 = CARTESIAN_POINT ( 'NONE',  ( -1213.648648648647168, 1402.892555011814466, 451.0000000000000000 ) ) ;
#1639 = DIRECTION ( 'NONE',  ( 0.000000000000000000, -0.000000000000000000, -1.000000000000000000 ) ) ;
#1640 = DIRECTION ( 'NONE',  ( 0.000000000000000000, -0.000000000000000000, -1.000000000000000000 ) ) ;
#1641 = EDGE_CURVE ( 'NONE', #2344, #874, #5945, .T. ) ;
#1642 = DIRECTION ( 'NONE',  ( 0.000000000000000000, 1.000000000000000000, -0.000000000000000000 ) ) ;
#1643 = CARTESIAN_POINT ( 'NONE',  ( 1140.752172914886160, 532.7057713251168707, 652.0000000000003411 ) ) ;
#1644 = AXIS2_PLACEMENT_3D ( 'NONE', #5955, #6580, #5988 ) ;
#1645 = CARTESIAN_POINT ( 'NONE',  ( 1506.351351351352832, -675.8558558558547702, 451.0000000000000000 ) ) ;
#1646 = VERTEX_POINT ( 'NONE', #1354 ) ;
#1647 = FACE_OUTER_BOUND ( 'NONE', #462, .T. ) ;
#1648 = EDGE_LOOP ( 'NONE', ( #3676, #4589, #4559, #5655 ) ) ;
#1649 = PLANE ( 'NONE',  #1474 ) ;
#1650 = ADVANCED_FACE ( 'NONE', ( #582 ), #5797, .F. ) ;
#1651 = EDGE_CURVE ( 'NONE', #1753, #3081, #2190, .T. ) ;
#1652 = EDGE_CURVE ( 'NONE', #1885, #5860, #6304, .T. ) ;
#1653 = VERTEX_POINT ( 'NONE', #4174 ) ;
#1654 = EDGE_LOOP ( 'NONE', ( #3715, #4010, #1068, #3356 ) ) ;
#1655 = EDGE_CURVE ( 'NONE', #1521, #6426, #3723, .T. ) ;
#1656 = DIRECTION ( 'NONE',  ( -1.914177628664064607E-16, 1.000000000000000000, -0.000000000000000000 ) ) ;
#1657 = VECTOR ( 'NONE', #3790, 1000.000000000000000 ) ;
#1658 = EDGE_CURVE ( 'NONE', #3611, #335, #651, .T. ) ;
#1659 = CARTESIAN_POINT ( 'NONE',  ( -477.9485211280458543, -2600.855855855854770, 51.00000000000000711 ) ) ;
#1660 = CARTESIAN_POINT ( 'NONE',  ( -1618.648648648647168, -1450.855855855854543, 50.00000000000000000 ) ) ;
#1661 = ORIENTED_EDGE ( 'NONE', *, *, #6021, .F. ) ;
#1662 = CARTESIAN_POINT ( 'NONE',  ( 307.5173507698048638, 1724.144144144144093, 252.0000000000000000 ) ) ;
#1663 = VECTOR ( 'NONE', #1507, 1000.000000000000000 ) ;
#1664 = VECTOR ( 'NONE', #974, 1000.000000000000000 ) ;
#1665 = VECTOR ( 'NONE', #2874, 1000.000000000000000 ) ;
#1666 = DIRECTION ( 'NONE',  ( -0.000000000000000000, -0.000000000000000000, -1.000000000000000000 ) ) ;
#1667 = EDGE_CURVE ( 'NONE', #3913, #4612, #1689, .T. ) ;
#1668 = VECTOR ( 'NONE', #4360, 1000.000000000000000 ) ;
#1669 = VECTOR ( 'NONE', #4097, 1000.000000000000000 ) ;
#1670 = AXIS2_PLACEMENT_3D ( 'NONE', #5477, #5442, #811 ) ;
#1671 = ORIENTED_EDGE ( 'NONE', *, *, #5651, .F. ) ;
#1672 = LINE ( 'NONE', #3743, #2100 ) ;
#1673 = ORIENTED_EDGE ( 'NONE', *, *, #5756, .T. ) ;
#1674 = CARTESIAN_POINT ( 'NONE',  ( -2868.382539233229181, -4100.766735799657909, 150.0000000000000284 ) ) ;
#1675 = VECTOR ( 'NONE', #6518, 1000.000000000000000 ) ;
#1676 = DIRECTION ( 'NONE',  ( 1.586032892321652729E-16, -1.000000000000000000, 0.000000000000000000 ) ) ;
#1677 = FACE_OUTER_BOUND ( 'NONE', #2757, .T. ) ;
#1678 = ORIENTED_EDGE ( 'NONE', *, *, #2270, .F. ) ;
#1679 = DIRECTION ( 'NONE',  ( -0.000000000000000000, -0.000000000000000000, -1.000000000000000000 ) ) ;
#1680 = CARTESIAN_POINT ( 'NONE',  ( 1881.351351351352605, -1450.855855855854543, 50.00000000000000000 ) ) ;
#1681 = CARTESIAN_POINT ( 'NONE',  ( -1661.268387826372191, -1459.372486768057570, 51.00000000000000711 ) ) ;
#1682 = CARTESIAN_POINT ( 'NONE',  ( 1186.351351351352832, -995.8558558558545428, 451.0000000000000000 ) ) ;
#1683 = CARTESIAN_POINT ( 'NONE',  ( 1460.752172914886160, 502.7057713251168707, 651.0000000000003411 ) ) ;
#1684 = ORIENTED_EDGE ( 'NONE', *, *, #4786, .F. ) ;
#1685 = ORIENTED_EDGE ( 'NONE', *, *, #1442, .F. ) ;
#1686 = CARTESIAN_POINT ( 'NONE',  ( -468.6486486486469971, -2600.855855855854770, 51.00000000000000711 ) ) ;
#1687 = EDGE_LOOP ( 'NONE', ( #4458, #5143, #4954, #3478 ) ) ;
#1688 = FACE_BOUND ( 'NONE', #6577, .T. ) ;
#1689 = LINE ( 'NONE', #4835, #2210 ) ;
#1690 = DIRECTION ( 'NONE',  ( 1.850371707708594563E-16, -1.000000000000000000, 0.000000000000000000 ) ) ;
#1691 = ADVANCED_FACE ( 'NONE', ( #4312, #173 ), #4205, .F. ) ;
#1692 = CARTESIAN_POINT ( 'NONE',  ( -13.64864864864695626, -2195.855855855854770, 451.0000000000000000 ) ) ;
#1693 = ORIENTED_EDGE ( 'NONE', *, *, #1655, .F. ) ;
#1694 = AXIS2_PLACEMENT_3D ( 'NONE', #2706, #4831, #2634 ) ;
#1695 = EDGE_LOOP ( 'NONE', ( #1830, #105, #5430, #3078 ) ) ;
#1696 = EDGE_CURVE ( 'NONE', #2304, #4045, #6384, .T. ) ;
#1697 = AXIS2_PLACEMENT_3D ( 'NONE', #4193, #3747, #1604 ) ;
#1698 = FACE_OUTER_BOUND ( 'NONE', #5424, .T. ) ;
#1699 = CARTESIAN_POINT ( 'NONE',  ( -43.64864864864695448, -2225.855855855854770, 451.0000000000000000 ) ) ;
#1700 = EDGE_CURVE ( 'NONE', #3623, #5047, #2638, .T. ) ;
#1701 = ORIENTED_EDGE ( 'NONE', *, *, #6600, .F. ) ;
#1702 = LINE ( 'NONE', #3771, #2708 ) ;
#1703 = EDGE_CURVE ( 'NONE', #1363, #4748, #3689, .T. ) ;
#1704 = DIRECTION ( 'NONE',  ( 1.850371707708593823E-16, -1.000000000000000000, 0.000000000000000000 ) ) ;
#1705 = DIRECTION ( 'NONE',  ( 0.000000000000000000, -0.000000000000000000, -1.000000000000000000 ) ) ;
#1706 = VERTEX_POINT ( 'NONE', #3426 ) ;
#1707 = EDGE_CURVE ( 'NONE', #1916, #571, #2875, .T. ) ;
#1708 = FACE_OUTER_BOUND ( 'NONE', #3903, .T. ) ;
#1709 = ORIENTED_EDGE ( 'NONE', *, *, #2275, .T. ) ;
#1710 = CARTESIAN_POINT ( 'NONE',  ( 276.3513513513530029, -1905.855855855854770, 451.0000000000000000 ) ) ;
#1711 = DIRECTION ( 'NONE',  ( -1.000000000000000000, 0.000000000000000000, 0.000000000000000000 ) ) ;
#1712 = DIRECTION ( 'NONE',  ( -1.000000000000000000, -1.192376064322233222E-16, 0.000000000000000000 ) ) ;
#1713 = VERTEX_POINT ( 'NONE', #276 ) ;
#1714 = CARTESIAN_POINT ( 'NONE',  ( -1668.648648648647168, 2149.144144144145230, 51.00000000000000711 ) ) ;
#1715 = CARTESIAN_POINT ( 'NONE',  ( 729.0204228011621126, 2148.025372459793289, 251.0000000000000000 ) ) ;
#1716 = DIRECTION ( 'NONE',  ( 0.000000000000000000, 1.000000000000000000, 0.000000000000000000 ) ) ;
#1717 = CARTESIAN_POINT ( 'NONE',  ( 1476.351351351353287, 1694.144144144144548, 450.0000000000000000 ) ) ;
#1718 = CARTESIAN_POINT ( 'NONE',  ( -2918.382539233229181, 3348.907565514117778, 150.0000000000000284 ) ) ;
#1719 = VERTEX_POINT ( 'NONE', #5490 ) ;
#1720 = CARTESIAN_POINT ( 'NONE',  ( 0.000000000000000000, -1450.855855855854543, 50.00000000000000000 ) ) ;
#1721 = ORIENTED_EDGE ( 'NONE', *, *, #277, .F. ) ;
#1722 = DIRECTION ( 'NONE',  ( 0.000000000000000000, -1.000000000000000000, 0.000000000000000000 ) ) ;
#1723 = CARTESIAN_POINT ( 'NONE',  ( 721.3513513513529460, -1450.855855855854543, 50.00000000000000000 ) ) ;
#1724 = VERTEX_POINT ( 'NONE', #828 ) ;
#1725 = FACE_OUTER_BOUND ( 'NONE', #4817, .T. ) ;
#1726 = EDGE_CURVE ( 'NONE', #3993, #1433, #2340, .T. ) ;
#1727 = CARTESIAN_POINT ( 'NONE',  ( 1931.351351351352832, -2650.855855855854770, 50.00000000000000000 ) ) ;
#1728 = DIRECTION ( 'NONE',  ( 1.189524669241239608E-16, -1.000000000000000000, 0.000000000000000000 ) ) ;
#1729 = EDGE_LOOP ( 'NONE', ( #2735, #5764, #4524, #6365 ) ) ;
#1730 = ORIENTED_EDGE ( 'NONE', *, *, #1987, .F. ) ;
#1731 = LINE ( 'NONE', #3803, #6665 ) ;
#1732 = DIRECTION ( 'NONE',  ( 0.000000000000000000, 1.000000000000000000, 0.000000000000000000 ) ) ;
#1733 = DIRECTION ( 'NONE',  ( -0.000000000000000000, 1.000000000000000000, -0.000000000000000000 ) ) ;
#1734 = ORIENTED_EDGE ( 'NONE', *, *, #1817, .T. ) ;
#1735 = CARTESIAN_POINT ( 'NONE',  ( -12.48264923019517703, 1694.144144144144093, 251.0000000000000000 ) ) ;
#1736 = AXIS2_PLACEMENT_3D ( 'NONE', #5290, #4909, #5839 ) ;
#1737 = ORIENTED_EDGE ( 'NONE', *, *, #4321, .F. ) ;
#1738 = CARTESIAN_POINT ( 'NONE',  ( -893.6486486486471676, 1722.892555011814466, 450.0000000000000000 ) ) ;
#1739 = EDGE_CURVE ( 'NONE', #6187, #27, #720, .T. ) ;
#1740 = ORIENTED_EDGE ( 'NONE', *, *, #5844, .T. ) ;
#1741 = EDGE_CURVE ( 'NONE', #5644, #5050, #2907, .T. ) ;
#1742 = EDGE_CURVE ( 'NONE', #6166, #3538, #3971, .T. ) ;
#1743 = CARTESIAN_POINT ( 'NONE',  ( -1618.648648648647168, -2600.855855855854770, 51.00000000000000711 ) ) ;
#1744 = ORIENTED_EDGE ( 'NONE', *, *, #3360, .F. ) ;
#1745 = FACE_OUTER_BOUND ( 'NONE', #5530, .T. ) ;
#1746 = LINE ( 'NONE', #4854, #1020 ) ;
#1747 = VERTEX_POINT ( 'NONE', #2911 ) ;
#1748 = DIRECTION ( 'NONE',  ( -0.000000000000000000, -0.000000000000000000, -1.000000000000000000 ) ) ;
#1749 = LINE ( 'NONE', #609, #3621 ) ;
#1750 = CARTESIAN_POINT ( 'NONE',  ( 1931.351351351352832, 0.000000000000000000, 450.0000000000000000 ) ) ;
#1751 = EDGE_CURVE ( 'NONE', #1504, #4253, #3229, .T. ) ;
#1752 = CARTESIAN_POINT ( 'NONE',  ( 715.7521729148861596, 942.7075103593078893, 651.0000000000003411 ) ) ;
#1753 = VERTEX_POINT ( 'NONE', #3777 ) ;
#1754 = VERTEX_POINT ( 'NONE', #5843 ) ;
#1755 = LINE ( 'NONE', #5896, #3982 ) ;
#1756 = VERTEX_POINT ( 'NONE', #5561 ) ;
#1757 = CARTESIAN_POINT ( 'NONE',  ( -38.64864864864676974, 494.1441441441443203, 451.0000000000000000 ) ) ;
#1758 = VECTOR ( 'NONE', #4977, 1000.000000000000000 ) ;
#1759 = LINE ( 'NONE', #3511, #5895 ) ;
#1760 = VERTEX_POINT ( 'NONE', #4606 ) ;
#1761 = VECTOR ( 'NONE', #1819, 1000.000000000000000 ) ;
#1762 = EDGE_LOOP ( 'NONE', ( #5175, #4996, #6223, #4 ) ) ;
#1763 = CARTESIAN_POINT ( 'NONE',  ( 281.3513513513532303, 174.1441441441443772, 451.0000000000000000 ) ) ;
#1764 = CARTESIAN_POINT ( 'NONE',  ( -922.8441399228915998, 494.1441441441452298, 251.0000000000000000 ) ) ;
#1765 = CARTESIAN_POINT ( 'NONE',  ( -468.6486486486469971, -2650.855855855854770, 450.0000000000000000 ) ) ;
#1766 = CARTESIAN_POINT ( 'NONE',  ( 1913.785313619750468, -2650.960111606672399, 50.00000000000000000 ) ) ;
#1767 = EDGE_LOOP ( 'NONE', ( #2277, #4663, #4109, #6428 ) ) ;
#1768 = PLANE ( 'NONE',  #402 ) ;
#1769 = VERTEX_POINT ( 'NONE', #704 ) ;
#1770 = CARTESIAN_POINT ( 'NONE',  ( -451.0550733494790165, -247.8776232719740733, 51.00000000000000711 ) ) ;
#1771 = ORIENTED_EDGE ( 'NONE', *, *, #1856, .T. ) ;
#1772 = VECTOR ( 'NONE', #5889, 1000.000000000000000 ) ;
#1773 = VECTOR ( 'NONE', #880, 1000.000000000000000 ) ;
#1774 = MANIFOLD_SOLID_BREP ( 'Boss-Extrude25', #2407 ) ;
#1775 = ADVANCED_FACE ( 'NONE', ( #4085 ), #1185, .T. ) ;
#1776 = VERTEX_POINT ( 'NONE', #1594 ) ;
#1777 = LINE ( 'NONE', #2314, #4894 ) ;
#1778 = CARTESIAN_POINT ( 'NONE',  ( -922.8441399228915998, 494.1441441441452298, 252.0000000000000000 ) ) ;
#1779 = ORIENTED_EDGE ( 'NONE', *, *, #6181, .T. ) ;
#1780 = VECTOR ( 'NONE', #3787, 1000.000000000000000 ) ;
#1781 = EDGE_CURVE ( 'NONE', #2162, #5848, #6152, .T. ) ;
#1782 = VECTOR ( 'NONE', #2668, 1000.000000000000000 ) ;
#1783 = LINE ( 'NONE', #742, #4807 ) ;
#1784 = VECTOR ( 'NONE', #5652, 1000.000000000000000 ) ;
#1785 = FACE_OUTER_BOUND ( 'NONE', #5213, .T. ) ;
#1786 = ORIENTED_EDGE ( 'NONE', *, *, #1707, .T. ) ;
#1787 = FACE_OUTER_BOUND ( 'NONE', #2605, .T. ) ;
#1788 = VECTOR ( 'NONE', #4705, 1000.000000000000000 ) ;
#1789 = VERTEX_POINT ( 'NONE', #416 ) ;
#1790 = VECTOR ( 'NONE', #2396, 1000.000000000000000 ) ;
#1791 = ORIENTED_EDGE ( 'NONE', *, *, #6313, .F. ) ;
#1792 = LINE ( 'NONE', #4862, #4941 ) ;
#1793 = ORIENTED_EDGE ( 'NONE', *, *, #6464, .F. ) ;
#1794 = EDGE_CURVE ( 'NONE', #703, #3598, #3571, .T. ) ;
#1795 = DIRECTION ( 'NONE',  ( 1.192185798255201906E-16, -1.000000000000000000, 0.000000000000000000 ) ) ;
#1796 = CARTESIAN_POINT ( 'NONE',  ( -893.6486486486471676, -675.8558558558546565, 451.0000000000000000 ) ) ;
#1797 = CARTESIAN_POINT ( 'NONE',  ( 732.4691333359016880, -1452.608405685351499, 251.0000000000000000 ) ) ;
#1798 = VECTOR ( 'NONE', #2590, 1000.000000000000000 ) ;
#1799 = DIRECTION ( 'NONE',  ( 1.532028304060159970E-16, -1.000000000000000000, 0.000000000000000000 ) ) ;
#1800 = EDGE_CURVE ( 'NONE', #2452, #1902, #521, .T. ) ;
#1801 = ORIENTED_EDGE ( 'NONE', *, *, #5216, .T. ) ;
#1802 = ORIENTED_EDGE ( 'NONE', *, *, #5554, .T. ) ;
#1803 =( NAMED_UNIT ( * ) PLANE_ANGLE_UNIT ( ) SI_UNIT ( $, .RADIAN. ) );
#1804 = FACE_OUTER_BOUND ( 'NONE', #6148, .T. ) ;
#1805 = ORIENTED_EDGE ( 'NONE', *, *, #6473, .F. ) ;
#1806 = DIRECTION ( 'NONE',  ( -0.000000000000000000, 0.000000000000000000, 1.000000000000000000 ) ) ;
#1807 = ORIENTED_EDGE ( 'NONE', *, *, #1800, .T. ) ;
#1808 = EDGE_CURVE ( 'NONE', #2387, #6516, #4214, .T. ) ;
#1809 = ORIENTED_EDGE ( 'NONE', *, *, #4903, .F. ) ;
#1810 = LINE ( 'NONE', #3371, #5365 ) ;
#1811 = CARTESIAN_POINT ( 'NONE',  ( -477.9485211280458543, -1459.372486768057570, 251.0000000000000000 ) ) ;
#1812 = ORIENTED_EDGE ( 'NONE', *, *, #5725, .T. ) ;
#1813 = CARTESIAN_POINT ( 'NONE',  ( 1901.351351351352832, 2149.144144144145230, 51.00000000000000711 ) ) ;
#1814 = LINE ( 'NONE', #2421, #5026 ) ;
#1815 = VERTEX_POINT ( 'NONE', #5116 ) ;
#1816 = LINE ( 'NONE', #322, #2091 ) ;
#1817 = EDGE_CURVE ( 'NONE', #2915, #310, #4671, .T. ) ;
#1818 = ORIENTED_EDGE ( 'NONE', *, *, #3476, .T. ) ;
#1819 = DIRECTION ( 'NONE',  ( -0.000000000000000000, -0.000000000000000000, -1.000000000000000000 ) ) ;
#1820 = CARTESIAN_POINT ( 'NONE',  ( 0.000000000000000000, -250.8558558558546849, 450.0000000000000000 ) ) ;
#1821 = ORIENTED_EDGE ( 'NONE', *, *, #1238, .T. ) ;
#1822 = DIRECTION ( 'NONE',  ( -1.192376064322233222E-16, 1.000000000000000000, -0.000000000000000000 ) ) ;
#1823 = DIRECTION ( 'NONE',  ( -1.189524669241239608E-16, 1.000000000000000000, 0.000000000000000000 ) ) ;
#1824 = PLANE ( 'NONE',  #2317 ) ;
#1825 = ADVANCED_FACE ( 'NONE', ( #2552 ), #4113, .T. ) ;
#1826 = CARTESIAN_POINT ( 'NONE',  ( -23.64864864864699001, -986.1949088771519882, 651.0000000000003411 ) ) ;
#1827 = EDGE_CURVE ( 'NONE', #5010, #6160, #6178, .T. ) ;
#1828 = DIRECTION ( 'NONE',  ( -0.000000000000000000, -0.000000000000000000, -1.000000000000000000 ) ) ;
#1829 = CARTESIAN_POINT ( 'NONE',  ( 1156.351351351352832, -2225.855855855854770, 252.0000000000000000 ) ) ;
#1830 = ORIENTED_EDGE ( 'NONE', *, *, #5688, .T. ) ;
#1831 = ORIENTED_EDGE ( 'NONE', *, *, #691, .T. ) ;
#1832 = EDGE_CURVE ( 'NONE', #5525, #4551, #3602, .T. ) ;
#1833 = LINE ( 'NONE', #1962, #5243 ) ;
#1834 = ORIENTED_EDGE ( 'NONE', *, *, #581, .T. ) ;
#1835 = CARTESIAN_POINT ( 'NONE',  ( -923.6486486486471676, -705.8558558558547702, 450.0000000000000000 ) ) ;
#1836 = VERTEX_POINT ( 'NONE', #5666 ) ;
#1837 = ORIENTED_EDGE ( 'NONE', *, *, #3864, .F. ) ;
#1838 = VECTOR ( 'NONE', #1021, 1000.000000000000000 ) ;
#1839 = FACE_OUTER_BOUND ( 'NONE', #3984, .T. ) ;
#1840 = ORIENTED_EDGE ( 'NONE', *, *, #5092, .F. ) ;
#1841 = CARTESIAN_POINT ( 'NONE',  ( -1618.648648648647168, -1459.372486768057570, 51.00000000000000711 ) ) ;
#1842 = DIRECTION ( 'NONE',  ( 1.000000000000000000, 0.000000000000000000, 0.000000000000000000 ) ) ;
#1843 = ORIENTED_EDGE ( 'NONE', *, *, #4766, .F. ) ;
#1844 = DIRECTION ( 'NONE',  ( 0.000000000000000000, 1.000000000000000000, 0.000000000000000000 ) ) ;
#1845 = VERTEX_POINT ( 'NONE', #2136 ) ;
#1846 = FACE_BOUND ( 'NONE', #86, .T. ) ;
#1847 = LINE ( 'NONE', #5417, #5155 ) ;
#1848 = VERTEX_POINT ( 'NONE', #2584 ) ;
#1849 = CARTESIAN_POINT ( 'NONE',  ( -1243.648648648647168, -675.8558558558547702, 450.0000000000000000 ) ) ;
#1850 = DIRECTION ( 'NONE',  ( 0.000000000000000000, -0.000000000000000000, 1.000000000000000000 ) ) ;
#1851 = CARTESIAN_POINT ( 'NONE',  ( 732.4691333359016880, -2649.473361566354015, 51.00000000000000711 ) ) ;
#1852 = LINE ( 'NONE', #303, #1883 ) ;
#1853 = CARTESIAN_POINT ( 'NONE',  ( 1186.351351351352832, -995.8558558558545428, 451.0000000000000000 ) ) ;
#1854 = ORIENTED_EDGE ( 'NONE', *, *, #6435, .F. ) ;
#1855 = VERTEX_POINT ( 'NONE', #4641 ) ;
#1856 = EDGE_CURVE ( 'NONE', #261, #2406, #6721, .T. ) ;
#1857 = STYLED_ITEM ( 'NONE', ( #6454 ), #1938 ) ;
#1858 = ADVANCED_FACE ( 'NONE', ( #1698 ), #6314, .T. ) ;
#1859 = ADVANCED_FACE ( 'NONE', ( #3290 ), #6359, .F. ) ;
#1860 = DIRECTION ( 'NONE',  ( 1.000000000000000000, 0.000000000000000000, 0.000000000000000000 ) ) ;
#1861 = VECTOR ( 'NONE', #1292, 1000.000000000000000 ) ;
#1862 = PLANE ( 'NONE',  #2219 ) ;
#1863 = VERTEX_POINT ( 'NONE', #1659 ) ;
#1864 = LINE ( 'NONE', #6109, #5733 ) ;
#1865 = CARTESIAN_POINT ( 'NONE',  ( 1913.785313619750468, -2650.960111606672399, 51.00000000000000711 ) ) ;
#1866 = ORIENTED_EDGE ( 'NONE', *, *, #5353, .T. ) ;
#1867 = DIRECTION ( 'NONE',  ( -1.000000000000000000, -3.703815796601320752E-16, 0.000000000000000000 ) ) ;
#1868 = ADVANCED_FACE ( 'NONE', ( #2714, #5398 ), #1250, .T. ) ;
#1869 = VERTEX_POINT ( 'NONE', #1765 ) ;
#1870 = CARTESIAN_POINT ( 'NONE',  ( 307.5173507698049207, 1374.144144144144320, 252.0000000000000000 ) ) ;
#1871 = CARTESIAN_POINT ( 'NONE',  ( -443.6486486486468266, 949.1441441441443203, 50.00000000000000000 ) ) ;
#1872 = DIRECTION ( 'NONE',  ( -1.000000000000000000, 0.000000000000000000, 0.000000000000000000 ) ) ;
#1873 = ORIENTED_EDGE ( 'NONE', *, *, #4568, .T. ) ;
#1874 = DIRECTION ( 'NONE',  ( -0.000000000000000000, -0.000000000000000000, -1.000000000000000000 ) ) ;
#1875 = CARTESIAN_POINT ( 'NONE',  ( 721.3513513513527187, -250.8558558558548555, 450.0000000000000000 ) ) ;
#1876 = VECTOR ( 'NONE', #6186, 1000.000000000000000 ) ;
#1877 = ORIENTED_EDGE ( 'NONE', *, *, #1525, .T. ) ;
#1878 = LINE ( 'NONE', #1369, #4904 ) ;
#1879 = ORIENTED_EDGE ( 'NONE', *, *, #4508, .F. ) ;
#1880 = AXIS2_PLACEMENT_3D ( 'NONE', #1475, #4598, #5619 ) ;
#1881 = CARTESIAN_POINT ( 'NONE',  ( -43.64864864864698291, -1875.855855855854770, 451.0000000000000000 ) ) ;
#1882 = VECTOR ( 'NONE', #5094, 1000.000000000000000 ) ;
#1883 = VECTOR ( 'NONE', #5519, 1000.000000000000000 ) ;
#1884 = CARTESIAN_POINT ( 'NONE',  ( 1476.351351351352832, -1905.855855855854770, 251.0000000000000000 ) ) ;
#1885 = VERTEX_POINT ( 'NONE', #1146 ) ;
#1886 = FACE_OUTER_BOUND ( 'NONE', #3046, .T. ) ;
#1887 = DIRECTION ( 'NONE',  ( 1.000000000000000000, 1.850371707708593823E-16, -0.000000000000000000 ) ) ;
#1888 = DIRECTION ( 'NONE',  ( -0.000000000000000000, 0.000000000000000000, -1.000000000000000000 ) ) ;
#1889 = LINE ( 'NONE', #1376, #4800 ) ;
#1890 = VECTOR ( 'NONE', #4464, 1000.000000000000000 ) ;
#1891 = AXIS2_PLACEMENT_3D ( 'NONE', #125, #4723, #87 ) ;
#1892 = VECTOR ( 'NONE', #1147, 1000.000000000000000 ) ;
#1893 = DIRECTION ( 'NONE',  ( 4.724353296277261913E-17, 1.000000000000000000, 0.000000000000000000 ) ) ;
#1894 = VECTOR ( 'NONE', #3856, 1000.000000000000000 ) ;
#1895 = ORIENTED_EDGE ( 'NONE', *, *, #3645, .F. ) ;
#1896 = ORIENTED_EDGE ( 'NONE', *, *, #5013, .T. ) ;
#1897 = VECTOR ( 'NONE', #3312, 1000.000000000000000 ) ;
#1898 = DIRECTION ( 'NONE',  ( 0.000000000000000000, -1.000000000000000000, 0.000000000000000000 ) ) ;
#1899 = ORIENTED_EDGE ( 'NONE', *, *, #4104, .T. ) ;
#1900 = CARTESIAN_POINT ( 'NONE',  ( 1156.351351351352832, -1875.855855855854770, 252.0000000000000000 ) ) ;
#1901 = EDGE_CURVE ( 'NONE', #408, #3776, #4343, .T. ) ;
#1902 = VERTEX_POINT ( 'NONE', #3837 ) ;
#1903 = ORIENTED_EDGE ( 'NONE', *, *, #3445, .F. ) ;
#1904 = EDGE_CURVE ( 'NONE', #1627, #5838, #5870, .T. ) ;
#1905 = ORIENTED_EDGE ( 'NONE', *, *, #5719, .F. ) ;
#1906 = DIRECTION ( 'NONE',  ( -0.000000000000000000, -0.000000000000000000, -1.000000000000000000 ) ) ;
#1907 = EDGE_CURVE ( 'NONE', #6503, #176, #2811, .T. ) ;
#1908 = DIRECTION ( 'NONE',  ( 0.000000000000000000, 0.000000000000000000, 1.000000000000000000 ) ) ;
#1909 = DIRECTION ( 'NONE',  ( -1.000000000000000000, -0.000000000000000000, -0.000000000000000000 ) ) ;
#1910 = LINE ( 'NONE', #228, #5789 ) ;
#1911 = EDGE_CURVE ( 'NONE', #2004, #3344, #3804, .T. ) ;
#1912 = ORIENTED_EDGE ( 'NONE', *, *, #5927, .T. ) ;
#1913 = VECTOR ( 'NONE', #3518, 1000.000000000000000 ) ;
#1914 = LINE ( 'NONE', #1328, #4792 ) ;
#1915 = ORIENTED_EDGE ( 'NONE', *, *, #4557, .T. ) ;
#1916 = VERTEX_POINT ( 'NONE', #3768 ) ;
#1917 = LINE ( 'NONE', #5041, #3848 ) ;
#1918 = PLANE ( 'NONE',  #5813 ) ;
#1919 = VERTEX_POINT ( 'NONE', #4812 ) ;
#1920 = LINE ( 'NONE', #1374, #4282 ) ;
#1921 = FACE_OUTER_BOUND ( 'NONE', #1654, .T. ) ;
#1922 = CARTESIAN_POINT ( 'NONE',  ( -1243.648648648647168, -2225.855855855854770, 252.0000000000000000 ) ) ;
#1923 = VERTEX_POINT ( 'NONE', #5368 ) ;
#1924 = CARTESIAN_POINT ( 'NONE',  ( 1883.785313619750468, -2650.960111606672399, 51.00000000000000711 ) ) ;
#1925 = DIRECTION ( 'NONE',  ( -0.000000000000000000, -0.000000000000000000, -1.000000000000000000 ) ) ;
#1926 = ORIENTED_EDGE ( 'NONE', *, *, #5725, .F. ) ;
#1927 = DIRECTION ( 'NONE',  ( -1.256179068810790265E-16, 1.000000000000000000, 0.000000000000000000 ) ) ;
#1928 = ORIENTED_EDGE ( 'NONE', *, *, #3099, .T. ) ;
#1929 = CARTESIAN_POINT ( 'NONE',  ( 0.000000000000000000, 0.000000000000000000, 150.0000000000000284 ) ) ;
#1930 = ORIENTED_EDGE ( 'NONE', *, *, #4025, .T. ) ;
#1931 = DIRECTION ( 'NONE',  ( -1.000000000000000000, -0.000000000000000000, -0.000000000000000000 ) ) ;
#1932 = VERTEX_POINT ( 'NONE', #2201 ) ;
#1933 = VERTEX_POINT ( 'NONE', #211 ) ;
#1934 = ORIENTED_EDGE ( 'NONE', *, *, #6394, .F. ) ;
#1935 = CARTESIAN_POINT ( 'NONE',  ( 1919.291799940615647, -242.2942286748832430, 651.0000000000003411 ) ) ;
#1936 = CARTESIAN_POINT ( 'NONE',  ( 715.7521729148861596, -242.2942286748832430, 51.00000000000000711 ) ) ;
#1937 = EDGE_CURVE ( 'NONE', #6160, #1719, #2302, .T. ) ;
#1938 = MANIFOLD_SOLID_BREP ( 'Boss-Extrude21[1]', #3273 ) ;
#1939 = EDGE_CURVE ( 'NONE', #3436, #3037, #4284, .T. ) ;
#1940 = ADVANCED_FACE ( 'NONE', ( #150 ), #6390, .F. ) ;
#1941 = EDGE_CURVE ( 'NONE', #3090, #6657, #3393, .T. ) ;
#1942 = VECTOR ( 'NONE', #6362, 1000.000000000000000 ) ;
#1943 = ORIENTED_EDGE ( 'NONE', *, *, #545, .T. ) ;
#1944 = DIRECTION ( 'NONE',  ( 1.000000000000000000, 0.000000000000000000, 0.000000000000000000 ) ) ;
#1945 = CARTESIAN_POINT ( 'NONE',  ( 266.3513513513530029, -986.1949088771519882, 651.0000000000003411 ) ) ;
#1946 = EDGE_LOOP ( 'NONE', ( #1099, #777, #4640, #5153 ) ) ;
#1947 = EDGE_CURVE ( 'NONE', #4804, #703, #4537, .T. ) ;
#1948 = LINE ( 'NONE', #1502, #6200 ) ;
#1949 = CARTESIAN_POINT ( 'NONE',  ( 0.000000000000000000, 0.000000000000000000, 450.0000000000000000 ) ) ;
#1950 = VECTOR ( 'NONE', #2349, 1000.000000000000000 ) ;
#1951 = EDGE_CURVE ( 'NONE', #474, #4555, #2841, .T. ) ;
#1952 = DIRECTION ( 'NONE',  ( -1.000000000000000000, 0.000000000000000000, 0.000000000000000000 ) ) ;
#1953 = ORIENTED_EDGE ( 'NONE', *, *, #5968, .F. ) ;
#1954 = CARTESIAN_POINT ( 'NONE',  ( 3126.837698566487234, 3348.351809431109359, 50.00000000000000000 ) ) ;
#1955 = LINE ( 'NONE', #3072, #453 ) ;
#1956 = CARTESIAN_POINT ( 'NONE',  ( 3181.351351351352150, -4100.855855855855225, 50.00000000000000000 ) ) ;
#1957 = DIRECTION ( 'NONE',  ( 1.000000000000000000, 0.000000000000000000, 0.000000000000000000 ) ) ;
#1958 = ORIENTED_EDGE ( 'NONE', *, *, #3435, .F. ) ;
#1959 = CARTESIAN_POINT ( 'NONE',  ( 1506.351351351352832, -675.8558558558547702, 451.0000000000000000 ) ) ;
#1960 = ORIENTED_EDGE ( 'NONE', *, *, #5885, .T. ) ;
#1961 = EDGE_CURVE ( 'NONE', #333, #4930, #4944, .T. ) ;
#1962 = CARTESIAN_POINT ( 'NONE',  ( 3176.837698566488143, -4100.459402700869759, 150.0000000000000284 ) ) ;
#1963 = EDGE_LOOP ( 'NONE', ( #1960, #5387, #3875, #6332 ) ) ;
#1964 = DIRECTION ( 'NONE',  ( 0.000000000000000000, -1.000000000000000000, 0.000000000000000000 ) ) ;
#1965 = DIRECTION ( 'NONE',  ( 1.000000000000000000, 0.000000000000000000, -0.000000000000000000 ) ) ;
#1966 = ORIENTED_EDGE ( 'NONE', *, *, #6232, .T. ) ;
#1967 = VERTEX_POINT ( 'NONE', #280 ) ;
#1968 = VECTOR ( 'NONE', #464, 1000.000000000000000 ) ;
#1969 = CARTESIAN_POINT ( 'NONE',  ( -38.64864864864676974, 494.1441441441443203, 451.0000000000000000 ) ) ;
#1970 = VECTOR ( 'NONE', #6693, 1000.000000000000000 ) ;
#1971 = CARTESIAN_POINT ( 'NONE',  ( -1213.648648648647168, -705.8558558558547702, 451.0000000000000000 ) ) ;
#1972 = CARTESIAN_POINT ( 'NONE',  ( 0.000000000000000000, 0.000000000000000000, 150.0000000000000284 ) ) ;
#1973 = ORIENTED_EDGE ( 'NONE', *, *, #2066, .T. ) ;
#1974 = VECTOR ( 'NONE', #1497, 1000.000000000000000 ) ;
#1975 = EDGE_CURVE ( 'NONE', #1863, #4887, #2378, .T. ) ;
#1976 = FACE_OUTER_BOUND ( 'NONE', #490, .T. ) ;
#1977 = EDGE_LOOP ( 'NONE', ( #5905, #5700, #466, #1877 ) ) ;
#1978 = EDGE_CURVE ( 'NONE', #5330, #5860, #906, .T. ) ;
#1979 = DIRECTION ( 'NONE',  ( -0.000000000000000000, -0.000000000000000000, -1.000000000000000000 ) ) ;
#1980 = CARTESIAN_POINT ( 'NONE',  ( 701.0708180236888438, -261.9442023300435949, 51.00000000000000711 ) ) ;
#1981 = ORIENTED_EDGE ( 'NONE', *, *, #3685, .F. ) ;
#1982 = CARTESIAN_POINT ( 'NONE',  ( 0.000000000000000000, -1450.855855855854543, 51.00000000000000711 ) ) ;
#1983 = CARTESIAN_POINT ( 'NONE',  ( 1931.351351351352832, 3349.139388805734143, 50.00000000000000000 ) ) ;
#1984 = CARTESIAN_POINT ( 'NONE',  ( -1668.653815138663958, 2149.178435024714418, 50.00000000000000000 ) ) ;
#1985 = DIRECTION ( 'NONE',  ( 0.000000000000000000, -1.000000000000000000, 0.000000000000000000 ) ) ;
#1986 = VECTOR ( 'NONE', #1117, 1000.000000000000000 ) ;
#1987 = EDGE_CURVE ( 'NONE', #2546, #5469, #5052, .T. ) ;
#1988 = VECTOR ( 'NONE', #5696, 1000.000000000000000 ) ;
#1989 = ORIENTED_EDGE ( 'NONE', *, *, #3152, .T. ) ;
#1990 = VECTOR ( 'NONE', #2130, 1000.000000000000000 ) ;
#1991 = DIRECTION ( 'NONE',  ( -0.000000000000000000, 0.000000000000000000, -1.000000000000000000 ) ) ;
#1992 = EDGE_CURVE ( 'NONE', #4516, #1724, #5526, .T. ) ;
#1993 = ORIENTED_EDGE ( 'NONE', *, *, #4519, .F. ) ;
#1994 = CARTESIAN_POINT ( 'NONE',  ( -2867.919202630825566, -2650.885740052331585, 51.00000000000000711 ) ) ;
#1995 = AXIS2_PLACEMENT_3D ( 'NONE', #4928, #6534, #1265 ) ;
#1996 = VECTOR ( 'NONE', #933, 1000.000000000000000 ) ;
#1997 = VECTOR ( 'NONE', #238, 1000.000000000000000 ) ;
#1998 = EDGE_CURVE ( 'NONE', #4946, #6084, #870, .T. ) ;
#1999 = CARTESIAN_POINT ( 'NONE',  ( -1212.844139922891600, 494.1441441441452298, 251.0000000000000000 ) ) ;
#2000 = EDGE_CURVE ( 'NONE', #854, #2390, #3124, .T. ) ;
#2001 = PLANE ( 'NONE',  #4456 ) ;
#2002 = ORIENTED_EDGE ( 'NONE', *, *, #634, .F. ) ;
#2003 = LINE ( 'NONE', #2034, #141 ) ;
#2004 = VERTEX_POINT ( 'NONE', #596 ) ;
#2005 = VECTOR ( 'NONE', #5691, 1000.000000000000000 ) ;
#2006 = EDGE_LOOP ( 'NONE', ( #1843, #5647, #3093, #2316 ) ) ;
#2007 = CARTESIAN_POINT ( 'NONE',  ( -1212.844139922891600, 494.1441441441452298, 252.0000000000000000 ) ) ;
#2008 = LINE ( 'NONE', #2486, #766 ) ;
#2009 = DIRECTION ( 'NONE',  ( -0.000000000000000000, 0.000000000000000000, -1.000000000000000000 ) ) ;
#2010 = ORIENTED_EDGE ( 'NONE', *, *, #302, .T. ) ;
#2011 = CARTESIAN_POINT ( 'NONE',  ( 266.3513513513530029, -696.1949088771522156, 651.0000000000003411 ) ) ;
#2012 = AXIS2_PLACEMENT_3D ( 'NONE', #95, #5309, #1167 ) ;
#2013 = ORIENTED_EDGE ( 'NONE', *, *, #4203, .F. ) ;
#2014 = DIRECTION ( 'NONE',  ( -1.000000000000000000, 0.000000000000000000, 0.000000000000000000 ) ) ;
#2015 = CARTESIAN_POINT ( 'NONE',  ( 3176.837698566488143, -4100.459402700869759, 150.0000000000000284 ) ) ;
#2016 = ORIENTED_EDGE ( 'NONE', *, *, #3493, .F. ) ;
#2017 = DIRECTION ( 'NONE',  ( -0.000000000000000000, -0.000000000000000000, -1.000000000000000000 ) ) ;
#2018 = CARTESIAN_POINT ( 'NONE',  ( 1913.785313619750696, -4100.310651257746940, 50.00000000000000000 ) ) ;
#2019 = AXIS2_PLACEMENT_3D ( 'NONE', #2971, #4622, #4124 ) ;
#2020 = CARTESIAN_POINT ( 'NONE',  ( -893.6486486486470540, -2225.855855855854770, 251.0000000000000000 ) ) ;
#2021 = CARTESIAN_POINT ( 'NONE',  ( -1638.653815138663958, 2149.178435024714418, 51.00000000000000711 ) ) ;
#2022 = CARTESIAN_POINT ( 'NONE',  ( 266.3513513513530029, -696.1949088771522156, 651.0000000000003411 ) ) ;
#2023 = EDGE_CURVE ( 'NONE', #3913, #1055, #523, .T. ) ;
#2024 = ORIENTED_EDGE ( 'NONE', *, *, #3062, .T. ) ;
#2025 = CARTESIAN_POINT ( 'NONE',  ( -1243.648648648647168, -1875.855855855854770, 252.0000000000000000 ) ) ;
#2026 = ORIENTED_EDGE ( 'NONE', *, *, #728, .F. ) ;
#2027 = EDGE_CURVE ( 'NONE', #1902, #2033, #5731, .T. ) ;
#2028 = CARTESIAN_POINT ( 'NONE',  ( 0.000000000000000000, -250.8558558558557934, 450.0000000000000000 ) ) ;
#2029 = ADVANCED_FACE ( 'NONE', ( #5286 ), #5665, .F. ) ;
#2030 = EDGE_CURVE ( 'NONE', #2555, #2452, #1048, .T. ) ;
#2031 = CARTESIAN_POINT ( 'NONE',  ( 1156.351351351352832, -1025.855855855854543, 451.0000000000000000 ) ) ;
#2032 = DIRECTION ( 'NONE',  ( 0.000000000000000000, 0.000000000000000000, 1.000000000000000000 ) ) ;
#2033 = VERTEX_POINT ( 'NONE', #5217 ) ;
#2034 = CARTESIAN_POINT ( 'NONE',  ( -68.64864864864676974, 524.1441441441443203, 450.0000000000000000 ) ) ;
#2035 = ORIENTED_EDGE ( 'NONE', *, *, #2119, .F. ) ;
#2036 = ORIENTED_EDGE ( 'NONE', *, *, #1080, .F. ) ;
#2037 = LINE ( 'NONE', #2655, #2276 ) ;
#2038 = CARTESIAN_POINT ( 'NONE',  ( -42.48264923019517880, 1724.144144144144093, 252.0000000000000000 ) ) ;
#2039 = DIRECTION ( 'NONE',  ( 1.000000000000000000, 0.000000000000000000, 0.000000000000000000 ) ) ;
#2040 = DIRECTION ( 'NONE',  ( 0.000000000000000000, -0.000000000000000000, -1.000000000000000000 ) ) ;
#2041 = ORIENTED_EDGE ( 'NONE', *, *, #4710, .T. ) ;
#2042 = DIRECTION ( 'NONE',  ( 0.000000000000000000, 0.000000000000000000, 1.000000000000000000 ) ) ;
#2043 = VERTEX_POINT ( 'NONE', #1766 ) ;
#2044 = DIRECTION ( 'NONE',  ( -0.000000000000000000, 0.000000000000000000, -1.000000000000000000 ) ) ;
#2045 = PLANE ( 'NONE',  #3214 ) ;
#2046 = ORIENTED_EDGE ( 'NONE', *, *, #5721, .T. ) ;
#2047 = DIRECTION ( 'NONE',  ( -1.000000000000000000, -0.000000000000000000, -0.000000000000000000 ) ) ;
#2048 = CARTESIAN_POINT ( 'NONE',  ( 1506.351351351352832, -1025.855855855854543, 450.0000000000000000 ) ) ;
#2049 = CARTESIAN_POINT ( 'NONE',  ( -477.9485211280458543, -2638.672188960770200, 251.0000000000000000 ) ) ;
#2050 = LINE ( 'NONE', #5591, #3507 ) ;
#2051 = LINE ( 'NONE', #892, #2867 ) ;
#2052 = CARTESIAN_POINT ( 'NONE',  ( -1212.844139922891600, 204.1441441441452866, 252.0000000000000000 ) ) ;
#2053 = VECTOR ( 'NONE', #4847, 1000.000000000000000 ) ;
#2054 = EDGE_LOOP ( 'NONE', ( #6493, #4460, #3015, #6139 ) ) ;
#2055 = LINE ( 'NONE', #475, #5925 ) ;
#2056 = VERTEX_POINT ( 'NONE', #6076 ) ;
#2057 = CARTESIAN_POINT ( 'NONE',  ( -1668.653815138663958, 3349.109615115158704, 51.00000000000000711 ) ) ;
#2058 = EDGE_CURVE ( 'NONE', #2, #1967, #410, .T. ) ;
#2059 = ORIENTED_EDGE ( 'NONE', *, *, #3773, .F. ) ;
#2060 = DIRECTION ( 'NONE',  ( -0.000000000000000000, 0.000000000000000000, -1.000000000000000000 ) ) ;
#2061 = LINE ( 'NONE', #413, #1788 ) ;
#2062 = ORIENTED_EDGE ( 'NONE', *, *, #1310, .F. ) ;
#2063 = ADVANCED_FACE ( 'NONE', ( #379 ), #2478, .F. ) ;
#2064 = ORIENTED_EDGE ( 'NONE', *, *, #2484, .T. ) ;
#2065 = ADVANCED_FACE ( 'NONE', ( #4572 ), #2001, .F. ) ;
#2066 = EDGE_CURVE ( 'NONE', #1885, #1327, #365, .T. ) ;
#2067 = SURFACE_STYLE_USAGE ( .BOTH. , #1017 ) ;
#2068 = DIRECTION ( 'NONE',  ( 0.000000000000000000, 1.000000000000000000, 0.000000000000000000 ) ) ;
#2069 = ADVANCED_FACE ( 'NONE', ( #3802 ), #6610, .T. ) ;
#2070 = CARTESIAN_POINT ( 'NONE',  ( -53.64864864864699001, -666.1949088771521019, 652.0000000000003411 ) ) ;
#2071 = VECTOR ( 'NONE', #1479, 1000.000000000000000 ) ;
#2072 = ORIENTED_EDGE ( 'NONE', *, *, #4186, .F. ) ;
#2073 = LINE ( 'NONE', #3064, #1546 ) ;
#2074 = VECTOR ( 'NONE', #234, 1000.000000000000000 ) ;
#2075 = CARTESIAN_POINT ( 'NONE',  ( 1881.351351351352605, -2600.855855855854770, 51.00000000000000711 ) ) ;
#2076 = ORIENTED_EDGE ( 'NONE', *, *, #2444, .F. ) ;
#2077 = LINE ( 'NONE', #1710, #5108 ) ;
#2078 = LINE ( 'NONE', #1573, #6366 ) ;
#2079 = ORIENTED_EDGE ( 'NONE', *, *, #2457, .T. ) ;
#2080 = CARTESIAN_POINT ( 'NONE',  ( -892.8441399228915998, 524.1441441441452298, 251.0000000000000000 ) ) ;
#2081 = DIRECTION ( 'NONE',  ( -0.000000000000000000, -0.000000000000000000, -1.000000000000000000 ) ) ;
#2082 = DIRECTION ( 'NONE',  ( -0.000000000000000000, -0.000000000000000000, -1.000000000000000000 ) ) ;
#2083 = AXIS2_PLACEMENT_3D ( 'NONE', #6120, #1463, #5670 ) ;
#2084 = PLANE ( 'NONE',  #2432 ) ;
#2085 = DIRECTION ( 'NONE',  ( -0.000000000000000000, -0.000000000000000000, -1.000000000000000000 ) ) ;
#2086 = VERTEX_POINT ( 'NONE', #2932 ) ;
#2087 = AXIS2_PLACEMENT_3D ( 'NONE', #1629, #3774, #3192 ) ;
#2088 = EDGE_LOOP ( 'NONE', ( #5906, #4057, #5828, #3333 ) ) ;
#2089 = LINE ( 'NONE', #1586, #3323 ) ;
#2090 = DIRECTION ( 'NONE',  ( 0.000000000000000000, 0.000000000000000000, 1.000000000000000000 ) ) ;
#2091 = VECTOR ( 'NONE', #391, 1000.000000000000000 ) ;
#2092 = VECTOR ( 'NONE', #4047, 1000.000000000000000 ) ;
#2093 = DIRECTION ( 'NONE',  ( -0.000000000000000000, 0.000000000000000000, 1.000000000000000000 ) ) ;
#2094 = ORIENTED_EDGE ( 'NONE', *, *, #4790, .T. ) ;
#2095 = FACE_OUTER_BOUND ( 'NONE', #2944, .T. ) ;
#2096 = ORIENTED_EDGE ( 'NONE', *, *, #4548, .T. ) ;
#2097 = VECTOR ( 'NONE', #2529, 1000.000000000000000 ) ;
#2098 = VECTOR ( 'NONE', #5979, 1000.000000000000000 ) ;
#2099 = LINE ( 'NONE', #3638, #4159 ) ;
#2100 = VECTOR ( 'NONE', #2721, 1000.000000000000000 ) ;
#2101 = CARTESIAN_POINT ( 'NONE',  ( -1213.648648648647168, -1905.855855855854770, 252.0000000000000000 ) ) ;
#2102 = EDGE_CURVE ( 'NONE', #4294, #5010, #4026, .T. ) ;
#2103 = VECTOR ( 'NONE', #1097, 1000.000000000000000 ) ;
#2104 = VECTOR ( 'NONE', #1722, 1000.000000000000000 ) ;
#2105 = VECTOR ( 'NONE', #2017, 1000.000000000000000 ) ;
#2106 = CARTESIAN_POINT ( 'NONE',  ( 1881.351351351352605, -2600.855855855854770, 51.00000000000000711 ) ) ;
#2107 = CARTESIAN_POINT ( 'NONE',  ( -1213.648648648647168, -995.8558558558545428, 451.0000000000000000 ) ) ;
#2108 = VECTOR ( 'NONE', #6267, 1000.000000000000000 ) ;
#2109 = VECTOR ( 'NONE', #4907, 1000.000000000000000 ) ;
#2110 = EDGE_CURVE ( 'NONE', #4209, #3483, #1212, .T. ) ;
#2111 = ORIENTED_EDGE ( 'NONE', *, *, #6394, .T. ) ;
#2112 = EDGE_CURVE ( 'NONE', #874, #5098, #3325, .T. ) ;
#2113 = DIRECTION ( 'NONE',  ( -0.000000000000000000, 1.000000000000000000, -0.000000000000000000 ) ) ;
#2114 = ORIENTED_EDGE ( 'NONE', *, *, #6486, .T. ) ;
#2115 = CARTESIAN_POINT ( 'NONE',  ( -2868.382539233230091, 3348.907565514117778, 150.0000000000000284 ) ) ;
#2116 = DIRECTION ( 'NONE',  ( 1.000000000000000000, 0.000000000000000000, 0.000000000000000000 ) ) ;
#2117 = ORIENTED_EDGE ( 'NONE', *, *, #6136, .F. ) ;
#2118 = DIRECTION ( 'NONE',  ( -0.000000000000000000, -0.000000000000000000, -1.000000000000000000 ) ) ;
#2119 = EDGE_CURVE ( 'NONE', #4444, #781, #4997, .T. ) ;
#2120 = ADVANCED_FACE ( 'NONE', ( #6072 ), #864, .F. ) ;
#2121 = CARTESIAN_POINT ( 'NONE',  ( 0.000000000000000000, 0.000000000000000000, 51.00000000000000711 ) ) ;
#2122 = PLANE ( 'NONE',  #6446 ) ;
#2123 = CARTESIAN_POINT ( 'NONE',  ( 1156.351351351353287, 1724.144144144144548, 450.0000000000000000 ) ) ;
#2124 = LINE ( 'NONE', #4200, #2108 ) ;
#2125 = DIRECTION ( 'NONE',  ( -0.000000000000000000, 0.000000000000000000, -1.000000000000000000 ) ) ;
#2126 = ORIENTED_EDGE ( 'NONE', *, *, #3657, .F. ) ;
#2127 = VERTEX_POINT ( 'NONE', #898 ) ;
#2128 = LINE ( 'NONE', #2739, #5051 ) ;
#2129 = CARTESIAN_POINT ( 'NONE',  ( -1667.844139922891600, -247.8776232719740733, 251.0000000000000000 ) ) ;
#2130 = DIRECTION ( 'NONE',  ( -0.000000000000000000, -0.000000000000000000, -1.000000000000000000 ) ) ;
#2131 = DIRECTION ( 'NONE',  ( -0.000000000000000000, 1.000000000000000000, -0.000000000000000000 ) ) ;
#2132 = ORIENTED_EDGE ( 'NONE', *, *, #5011, .F. ) ;
#2133 = CARTESIAN_POINT ( 'NONE',  ( 715.7521729148861596, -242.2942286748832430, 651.0000000000003411 ) ) ;
#2134 = ORIENTED_EDGE ( 'NONE', *, *, #3741, .F. ) ;
#2135 = CARTESIAN_POINT ( 'NONE',  ( -1638.653815138663958, 3349.109615115158704, 51.00000000000000711 ) ) ;
#2136 = CARTESIAN_POINT ( 'NONE',  ( 3176.837698566487234, 3348.351809431109359, 150.0000000000000284 ) ) ;
#2137 = ORIENTED_EDGE ( 'NONE', *, *, #3573, .T. ) ;
#2138 = FACE_OUTER_BOUND ( 'NONE', #508, .T. ) ;
#2139 = LINE ( 'NONE', #6285, #1217 ) ;
#2140 = ORIENTED_EDGE ( 'NONE', *, *, #4477, .T. ) ;
#2141 = DIRECTION ( 'NONE',  ( -1.000000000000000000, -1.376309534659284821E-16, 0.000000000000000000 ) ) ;
#2142 = EDGE_CURVE ( 'NONE', #6413, #3993, #1004, .T. ) ;
#2143 = ORIENTED_EDGE ( 'NONE', *, *, #4633, .T. ) ;
#2144 = PLANE ( 'NONE',  #1210 ) ;
#2145 = CARTESIAN_POINT ( 'NONE',  ( 0.000000000000000000, 0.000000000000000000, 51.00000000000000711 ) ) ;
#2146 = ORIENTED_EDGE ( 'NONE', *, *, #1904, .T. ) ;
#2147 = ADVANCED_FACE ( 'NONE', ( #6651 ), #5009, .F. ) ;
#2148 = DIRECTION ( 'NONE',  ( -0.000000000000000000, -1.000000000000000000, -0.000000000000000000 ) ) ;
#2149 = ADVANCED_FACE ( 'NONE', ( #5556 ), #1543, .F. ) ;
#2150 = CARTESIAN_POINT ( 'NONE',  ( 1170.752172914886160, 212.7057713251167570, 652.0000000000003411 ) ) ;
#2151 = DIRECTION ( 'NONE',  ( -0.000000000000000000, -0.000000000000000000, -1.000000000000000000 ) ) ;
#2152 = DIRECTION ( 'NONE',  ( -1.000000000000000000, -0.000000000000000000, -0.000000000000000000 ) ) ;
#2153 = CARTESIAN_POINT ( 'NONE',  ( 1913.785313619750696, -4100.310651257746940, 51.00000000000000711 ) ) ;
#2154 = EDGE_CURVE ( 'NONE', #5555, #4417, #2475, .T. ) ;
#2155 = ORIENTED_EDGE ( 'NONE', *, *, #2112, .F. ) ;
#2156 = VERTEX_POINT ( 'NONE', #6680 ) ;
#2157 = DIRECTION ( 'NONE',  ( -1.586032892321652236E-16, 1.000000000000000000, -0.000000000000000000 ) ) ;
#2158 = VECTOR ( 'NONE', #765, 1000.000000000000000 ) ;
#2159 = CARTESIAN_POINT ( 'NONE',  ( -1243.648648648647168, -1875.855855855854770, 251.0000000000000000 ) ) ;
#2160 = EDGE_LOOP ( 'NONE', ( #1417, #1052, #5779, #2909, #4334 ) ) ;
#2161 = PLANE ( 'NONE',  #2652 ) ;
#2162 = VERTEX_POINT ( 'NONE', #5656 ) ;
#2163 = CARTESIAN_POINT ( 'NONE',  ( -38.64864864864676974, 494.1441441441443203, 450.0000000000000000 ) ) ;
#2164 = ORIENTED_EDGE ( 'NONE', *, *, #5940, .F. ) ;
#2165 = DIRECTION ( 'NONE',  ( 1.256179068810790265E-16, -1.000000000000000000, 0.000000000000000000 ) ) ;
#2166 = CARTESIAN_POINT ( 'NONE',  ( 731.3513513513529460, -2650.855855855854770, 450.0000000000000000 ) ) ;
#2167 = ORIENTED_EDGE ( 'NONE', *, *, #4716, .F. ) ;
#2168 = PLANE ( 'NONE',  #5249 ) ;
#2169 = ORIENTED_EDGE ( 'NONE', *, *, #5520, .T. ) ;
#2170 = VECTOR ( 'NONE', #1282, 1000.000000000000000 ) ;
#2171 = CARTESIAN_POINT ( 'NONE',  ( -2918.648648648646486, -4100.855855855854315, 50.00000000000000000 ) ) ;
#2172 = DIRECTION ( 'NONE',  ( 1.000000000000000000, 0.000000000000000000, -0.000000000000000000 ) ) ;
#2173 = PLANE ( 'NONE',  #819 ) ;
#2174 = VERTEX_POINT ( 'NONE', #4132 ) ;
#2175 = DIRECTION ( 'NONE',  ( 0.000000000000000000, -0.000000000000000000, -1.000000000000000000 ) ) ;
#2176 = DIRECTION ( 'NONE',  ( 0.000000000000000000, -1.000000000000000000, 0.000000000000000000 ) ) ;
#2177 = EDGE_CURVE ( 'NONE', #4887, #4679, #3016, .T. ) ;
#2178 = DIRECTION ( 'NONE',  ( 0.000000000000000000, -1.000000000000000000, 0.000000000000000000 ) ) ;
#2179 = CARTESIAN_POINT ( 'NONE',  ( -468.6486486486471676, 2149.144144144145230, 50.99999999999999289 ) ) ;
#2180 = VECTOR ( 'NONE', #6474, 1000.000000000000000 ) ;
#2181 = DIRECTION ( 'NONE',  ( -0.000000000000000000, 1.000000000000000000, -0.000000000000000000 ) ) ;
#2182 = ADVANCED_FACE ( 'NONE', ( #6619 ), #4503, .T. ) ;
#2183 = DIRECTION ( 'NONE',  ( 1.000000000000000000, 0.000000000000000000, 0.000000000000000000 ) ) ;
#2184 = VERTEX_POINT ( 'NONE', #3080 ) ;
#2185 = VERTEX_POINT ( 'NONE', #2025 ) ;
#2186 = DIRECTION ( 'NONE',  ( 0.000000000000000000, -0.000000000000000000, -1.000000000000000000 ) ) ;
#2187 = CARTESIAN_POINT ( 'NONE',  ( 1928.964900017874243, -1452.608405685351499, 51.00000000000000711 ) ) ;
#2188 = ORIENTED_EDGE ( 'NONE', *, *, #816, .T. ) ;
#2189 = EDGE_CURVE ( 'NONE', #5525, #1107, #4073, .T. ) ;
#2190 = LINE ( 'NONE', #66, #1341 ) ;
#2191 = EDGE_CURVE ( 'NONE', #1869, #5663, #2055, .T. ) ;
#2192 = CARTESIAN_POINT ( 'NONE',  ( -893.6486486486471676, -675.8558558558546565, 450.0000000000000000 ) ) ;
#2193 = ORIENTED_EDGE ( 'NONE', *, *, #4146, .F. ) ;
#2194 = FACE_OUTER_BOUND ( 'NONE', #5982, .T. ) ;
#2195 = ORIENTED_EDGE ( 'NONE', *, *, #3101, .F. ) ;
#2196 = CARTESIAN_POINT ( 'NONE',  ( 1506.351351351352832, -1875.855855855854770, 252.0000000000000000 ) ) ;
#2197 = AXIS2_PLACEMENT_3D ( 'NONE', #5581, #1844, #4525 ) ;
#2198 = AXIS2_PLACEMENT_3D ( 'NONE', #4258, #3785, #669 ) ;
#2199 = ADVANCED_FACE ( 'NONE', ( #3590 ), #6707, .F. ) ;
#2200 = ADVANCED_FACE ( 'NONE', ( #440 ), #6590, .T. ) ;
#2201 = CARTESIAN_POINT ( 'NONE',  ( 1156.351351351353287, 1724.144144144144548, 450.0000000000000000 ) ) ;
#2202 = DIRECTION ( 'NONE',  ( -0.000000000000000000, 1.000000000000000000, -0.000000000000000000 ) ) ;
#2203 = VERTEX_POINT ( 'NONE', #3529 ) ;
#2204 = CARTESIAN_POINT ( 'NONE',  ( 0.000000000000000000, 0.000000000000000000, 51.00000000000000711 ) ) ;
#2205 = AXIS2_PLACEMENT_3D ( 'NONE', #1339, #3424, #5139 ) ;
#2206 = AXIS2_PLACEMENT_3D ( 'NONE', #3831, #4900, #1799 ) ;
#2207 = VECTOR ( 'NONE', #166, 1000.000000000000000 ) ;
#2208 = DIRECTION ( 'NONE',  ( -0.000000000000000000, 0.000000000000000000, 1.000000000000000000 ) ) ;
#2209 = CARTESIAN_POINT ( 'NONE',  ( 1156.351351351352832, -1025.855855855854543, 451.0000000000000000 ) ) ;
#2210 = VECTOR ( 'NONE', #3761, 1000.000000000000000 ) ;
#2211 = VECTOR ( 'NONE', #3870, 1000.000000000000000 ) ;
#2212 = VECTOR ( 'NONE', #5817, 1000.000000000000000 ) ;
#2213 = ORIENTED_EDGE ( 'NONE', *, *, #6475, .F. ) ;
#2214 = FACE_OUTER_BOUND ( 'NONE', #4660, .T. ) ;
#2215 = VERTEX_POINT ( 'NONE', #6138 ) ;
#2216 = CARTESIAN_POINT ( 'NONE',  ( 1476.351351351352832, -2195.855855855854770, 252.0000000000000000 ) ) ;
#2217 = VECTOR ( 'NONE', #3136, 1000.000000000000000 ) ;
#2218 = ADVANCED_FACE ( 'NONE', ( #5593 ), #939, .T. ) ;
#2219 = AXIS2_PLACEMENT_3D ( 'NONE', #2408, #4472, #6107 ) ;
#2220 = CARTESIAN_POINT ( 'NONE',  ( 0.000000000000000000, 0.000000000000000000, 251.0000000000000000 ) ) ;
#2221 = ORIENTED_EDGE ( 'NONE', *, *, #3657, .T. ) ;
#2222 = CARTESIAN_POINT ( 'NONE',  ( 3181.351351351352150, 3349.144144144144775, 50.00000000000000000 ) ) ;
#2223 = DIRECTION ( 'NONE',  ( -3.172065784643304472E-16, -1.000000000000000000, 0.000000000000000000 ) ) ;
#2224 = FACE_OUTER_BOUND ( 'NONE', #160, .T. ) ;
#2225 = CARTESIAN_POINT ( 'NONE',  ( 276.3513513513530029, -1905.855855855854770, 450.0000000000000000 ) ) ;
#2226 = PLANE ( 'NONE',  #3577 ) ;
#2227 = ORIENTED_EDGE ( 'NONE', *, *, #6122, .T. ) ;
#2228 = FACE_BOUND ( 'NONE', #4335, .T. ) ;
#2229 = ORIENTED_EDGE ( 'NONE', *, *, #2360, .F. ) ;
#2230 = DIRECTION ( 'NONE',  ( 1.000000000000000000, 0.000000000000000000, 0.000000000000000000 ) ) ;
#2231 = ORIENTED_EDGE ( 'NONE', *, *, #5353, .F. ) ;
#2232 = CARTESIAN_POINT ( 'NONE',  ( 0.000000000000000000, 0.000000000000000000, 451.0000000000000000 ) ) ;
#2233 = ADVANCED_FACE ( 'NONE', ( #1647, #2228 ), #4761, .T. ) ;
#2234 = EDGE_LOOP ( 'NONE', ( #949, #1709, #1377, #1570, #3126, #4504 ) ) ;
#2235 = VERTEX_POINT ( 'NONE', #507 ) ;
#2236 = AXIS2_PLACEMENT_3D ( 'NONE', #4267, #4236, #2230 ) ;
#2237 = ORIENTED_EDGE ( 'NONE', *, *, #4279, .F. ) ;
#2238 = EDGE_CURVE ( 'NONE', #3009, #2298, #4306, .T. ) ;
#2239 = CARTESIAN_POINT ( 'NONE',  ( -2918.648648648646486, -4100.855855855854315, 50.00000000000000000 ) ) ;
#2240 = EDGE_CURVE ( 'NONE', #431, #6654, #4659, .T. ) ;
#2241 = EDGE_CURVE ( 'NONE', #5389, #6497, #5862, .T. ) ;
#2242 = VECTOR ( 'NONE', #3482, 1000.000000000000000 ) ;
#2243 = LINE ( 'NONE', #4318, #4808 ) ;
#2244 = ORIENTED_EDGE ( 'NONE', *, *, #5634, .F. ) ;
#2245 = CARTESIAN_POINT ( 'NONE',  ( -38.64864864864676974, 494.1441441441443203, 450.0000000000000000 ) ) ;
#2246 = ADVANCED_FACE ( 'NONE', ( #3174 ), #3718, .F. ) ;
#2247 = ORIENTED_EDGE ( 'NONE', *, *, #419, .T. ) ;
#2248 = ORIENTED_EDGE ( 'NONE', *, *, #952, .T. ) ;
#2249 = ORIENTED_EDGE ( 'NONE', *, *, #4511, .F. ) ;
#2250 = VECTOR ( 'NONE', #6170, 1000.000000000000000 ) ;
#2251 = FACE_OUTER_BOUND ( 'NONE', #2462, .T. ) ;
#2252 = PLANE ( 'NONE',  #2979 ) ;
#2253 = ORIENTED_EDGE ( 'NONE', *, *, #5968, .T. ) ;
#2254 = DIRECTION ( 'NONE',  ( -1.000000000000000000, 3.172065784643303486E-16, -0.000000000000000000 ) ) ;
#2255 = CARTESIAN_POINT ( 'NONE',  ( -468.6486486486469971, -1450.855855855854543, 450.0000000000000000 ) ) ;
#2256 = PLANE ( 'NONE',  #2639 ) ;
#2257 = LINE ( 'NONE', #642, #1897 ) ;
#2258 = LINE ( 'NONE', #1683, #3288 ) ;
#2259 = EDGE_LOOP ( 'NONE', ( #186, #5698, #2818, #4512, #683, #2803, #2343, #3501 ) ) ;
#2260 = VERTEX_POINT ( 'NONE', #5827 ) ;
#2261 = LINE ( 'NONE', #170, #3653 ) ;
#2262 = ORIENTED_EDGE ( 'NONE', *, *, #5625, .T. ) ;
#2263 = LINE ( 'NONE', #1757, #1997 ) ;
#2264 = CARTESIAN_POINT ( 'NONE',  ( -1243.648648648647168, 1722.892555011814466, 450.0000000000000000 ) ) ;
#2265 = ORIENTED_EDGE ( 'NONE', *, *, #3728, .F. ) ;
#2266 = DIRECTION ( 'NONE',  ( 0.000000000000000000, 1.000000000000000000, 0.000000000000000000 ) ) ;
#2267 = ORIENTED_EDGE ( 'NONE', *, *, #1939, .F. ) ;
#2268 = DIRECTION ( 'NONE',  ( -0.000000000000000000, -0.000000000000000000, -1.000000000000000000 ) ) ;
#2269 = DIRECTION ( 'NONE',  ( 1.000000000000000000, -0.000000000000000000, 0.000000000000000000 ) ) ;
#2270 = EDGE_CURVE ( 'NONE', #2043, #1706, #2128, .T. ) ;
#2271 = DIRECTION ( 'NONE',  ( 1.000000000000000000, 0.000000000000000000, 0.000000000000000000 ) ) ;
#2272 = DIRECTION ( 'NONE',  ( -0.000000000000000000, 0.000000000000000000, 1.000000000000000000 ) ) ;
#2273 = ORIENTED_EDGE ( 'NONE', *, *, #2908, .F. ) ;
#2274 = LINE ( 'NONE', #215, #5853 ) ;
#2275 = EDGE_CURVE ( 'NONE', #2633, #333, #5794, .T. ) ;
#2276 = VECTOR ( 'NONE', #2686, 1000.000000000000000 ) ;
#2277 = ORIENTED_EDGE ( 'NONE', *, *, #6570, .T. ) ;
#2278 = CARTESIAN_POINT ( 'NONE',  ( 1476.351351351352832, -705.8558558558547702, 451.0000000000000000 ) ) ;
#2279 = ORIENTED_EDGE ( 'NONE', *, *, #1911, .F. ) ;
#2280 = CARTESIAN_POINT ( 'NONE',  ( 1186.351351351352832, -705.8558558558547702, 451.0000000000000000 ) ) ;
#2281 = EDGE_CURVE ( 'NONE', #5238, #4791, #580, .T. ) ;
#2282 = ORIENTED_EDGE ( 'NONE', *, *, #5606, .T. ) ;
#2283 = DIRECTION ( 'NONE',  ( 0.000000000000000000, 0.000000000000000000, 1.000000000000000000 ) ) ;
#2284 = CARTESIAN_POINT ( 'NONE',  ( -468.6486486486471676, 2099.144144144145230, 51.00000000000000711 ) ) ;
#2285 = VERTEX_POINT ( 'NONE', #65 ) ;
#2286 = PLANE ( 'NONE',  #2647 ) ;
#2287 = DIRECTION ( 'NONE',  ( -1.000000000000000000, 0.000000000000000000, 0.000000000000000000 ) ) ;
#2288 = EDGE_CURVE ( 'NONE', #4257, #2427, #2089, .T. ) ;
#2289 = CARTESIAN_POINT ( 'NONE',  ( 251.3513513513532303, 204.1441441441443487, 450.0000000000000000 ) ) ;
#2290 = PLANE ( 'NONE',  #4814 ) ;
#2291 = PLANE ( 'NONE',  #668 ) ;
#2292 = ORIENTED_EDGE ( 'NONE', *, *, #1310, .T. ) ;
#2293 = DIRECTION ( 'NONE',  ( 1.000000000000000000, 0.000000000000000000, 0.000000000000000000 ) ) ;
#2294 = LINE ( 'NONE', #4459, #4302 ) ;
#2295 = ORIENTED_EDGE ( 'NONE', *, *, #5403, .T. ) ;
#2296 = DIRECTION ( 'NONE',  ( -0.000000000000000000, -0.000000000000000000, -1.000000000000000000 ) ) ;
#2297 = LINE ( 'NONE', #6125, #4799 ) ;
#2298 = VERTEX_POINT ( 'NONE', #1723 ) ;
#2299 = VECTOR ( 'NONE', #4192, 1000.000000000000000 ) ;
#2300 = ORIENTED_EDGE ( 'NONE', *, *, #2928, .F. ) ;
#2301 = CARTESIAN_POINT ( 'NONE',  ( 277.5173507698048638, 1694.144144144144093, 251.0000000000000000 ) ) ;
#2302 = LINE ( 'NONE', #4378, #4773 ) ;
#2303 = DIRECTION ( 'NONE',  ( -0.000000000000000000, -0.000000000000000000, -1.000000000000000000 ) ) ;
#2304 = VERTEX_POINT ( 'NONE', #2675 ) ;
#2305 = DIRECTION ( 'NONE',  ( 1.256179068810792237E-16, -1.000000000000000000, 0.000000000000000000 ) ) ;
#2306 = ORIENTED_EDGE ( 'NONE', *, *, #5625, .F. ) ;
#2307 = DIRECTION ( 'NONE',  ( 0.000000000000000000, 1.000000000000000000, 0.000000000000000000 ) ) ;
#2308 = ADVANCED_FACE ( 'NONE', ( #5204, #6381, #37, #4729, #540, #3244, #138 ), #4763, .T. ) ;
#2309 = ORIENTED_EDGE ( 'NONE', *, *, #2897, .T. ) ;
#2310 = VECTOR ( 'NONE', #167, 1000.000000000000000 ) ;
#2311 = AXIS2_PLACEMENT_3D ( 'NONE', #510, #2090, #1515 ) ;
#2312 = VECTOR ( 'NONE', #60, 1000.000000000000000 ) ;
#2313 = CARTESIAN_POINT ( 'NONE',  ( -1242.844139922891600, 524.1441441441452298, 252.0000000000000000 ) ) ;
#2314 = CARTESIAN_POINT ( 'NONE',  ( -1618.648648648647168, -2600.855855855854770, 51.00000000000000711 ) ) ;
#2315 = EDGE_CURVE ( 'NONE', #5080, #1329, #5279, .T. ) ;
#2316 = ORIENTED_EDGE ( 'NONE', *, *, #916, .F. ) ;
#2317 = AXIS2_PLACEMENT_3D ( 'NONE', #3353, #6545, #4405 ) ;
#2318 = SHAPE_DEFINITION_REPRESENTATION ( #6179, #5878 ) ;
#2319 = VECTOR ( 'NONE', #843, 1000.000000000000000 ) ;
#2320 = CARTESIAN_POINT ( 'NONE',  ( 3126.837698566487234, 3348.351809431109359, 150.0000000000000284 ) ) ;
#2321 = VECTOR ( 'NONE', #1275, 1000.000000000000000 ) ;
#2322 = PLANE ( 'NONE',  #6215 ) ;
#2323 = EDGE_CURVE ( 'NONE', #2, #5761, #4204, .T. ) ;
#2324 = ORIENTED_EDGE ( 'NONE', *, *, #4271, .T. ) ;
#2325 = LINE ( 'NONE', #4789, #2310 ) ;
#2326 = AXIS2_PLACEMENT_3D ( 'NONE', #5465, #4542, #803 ) ;
#2327 = VECTOR ( 'NONE', #1, 1000.000000000000000 ) ;
#2328 = ORIENTED_EDGE ( 'NONE', *, *, #2030, .T. ) ;
#2329 = FACE_OUTER_BOUND ( 'NONE', #6445, .T. ) ;
#2330 = DIRECTION ( 'NONE',  ( 0.000000000000000000, 1.000000000000000000, 0.000000000000000000 ) ) ;
#2331 = EDGE_CURVE ( 'NONE', #866, #5521, #99, .T. ) ;
#2332 = DIRECTION ( 'NONE',  ( -0.000000000000000000, -0.000000000000000000, -1.000000000000000000 ) ) ;
#2333 = ORIENTED_EDGE ( 'NONE', *, *, #2110, .F. ) ;
#2334 = LINE ( 'NONE', #4403, #2862 ) ;
#2335 = CARTESIAN_POINT ( 'NONE',  ( 1506.351351351353287, 1724.144144144144548, 451.0000000000000000 ) ) ;
#2336 = VECTOR ( 'NONE', #5847, 1000.000000000000000 ) ;
#2337 = VECTOR ( 'NONE', #6049, 1000.000000000000000 ) ;
#2338 = DIRECTION ( 'NONE',  ( 3.172065784643304472E-16, 1.000000000000000000, -0.000000000000000000 ) ) ;
#2339 = CARTESIAN_POINT ( 'NONE',  ( -2918.382539233229181, 3348.907565514117778, 150.0000000000000284 ) ) ;
#2340 = LINE ( 'NONE', #6514, #4806 ) ;
#2341 = CARTESIAN_POINT ( 'NONE',  ( -1667.844139922891600, -247.8776232719740733, 51.00000000000000711 ) ) ;
#2342 = CARTESIAN_POINT ( 'NONE',  ( -443.6486486486468266, 949.1441441441443203, 450.0000000000000000 ) ) ;
#2343 = ORIENTED_EDGE ( 'NONE', *, *, #679, .T. ) ;
#2344 = VERTEX_POINT ( 'NONE', #3688 ) ;
#2345 = VECTOR ( 'NONE', #1372, 1000.000000000000000 ) ;
#2346 = CARTESIAN_POINT ( 'NONE',  ( 1186.351351351352832, -1905.855855855854770, 251.0000000000000000 ) ) ;
#2347 = FACE_OUTER_BOUND ( 'NONE', #3322, .T. ) ;
#2348 = ORIENTED_EDGE ( 'NONE', *, *, #2453, .F. ) ;
#2349 = DIRECTION ( 'NONE',  ( 1.000000000000000000, -0.000000000000000000, -0.000000000000000000 ) ) ;
#2350 = ORIENTED_EDGE ( 'NONE', *, *, #3027, .T. ) ;
#2351 = AXIS2_PLACEMENT_3D ( 'NONE', #202, #4892, #5486 ) ;
#2352 = ORIENTED_EDGE ( 'NONE', *, *, #6486, .F. ) ;
#2353 = DIRECTION ( 'NONE',  ( -1.000000000000000000, -0.000000000000000000, -0.000000000000000000 ) ) ;
#2354 = LINE ( 'NONE', #191, #1422 ) ;
#2355 = DIRECTION ( 'NONE',  ( -0.000000000000000000, 0.000000000000000000, 1.000000000000000000 ) ) ;
#2356 = EDGE_LOOP ( 'NONE', ( #4576, #4920, #81, #5289 ) ) ;
#2357 = LINE ( 'NONE', #4421, #5027 ) ;
#2358 = CARTESIAN_POINT ( 'NONE',  ( -1243.648648648647168, -675.8558558558547702, 451.0000000000000000 ) ) ;
#2359 = EDGE_LOOP ( 'NONE', ( #4042, #6132, #2248, #4984 ) ) ;
#2360 = EDGE_CURVE ( 'NONE', #5879, #1933, #647, .T. ) ;
#2361 = PLANE ( 'NONE',  #3615 ) ;
#2362 = ORIENTED_EDGE ( 'NONE', *, *, #1998, .F. ) ;
#2363 = UNCERTAINTY_MEASURE_WITH_UNIT (LENGTH_MEASURE( 1.000000000000000082E-05 ), #2784, 'distance_accuracy_value', 'NONE');
#2364 = EDGE_CURVE ( 'NONE', #3483, #1789, #1069, .T. ) ;
#2365 = ORIENTED_EDGE ( 'NONE', *, *, #5397, .T. ) ;
#2366 = ADVANCED_FACE ( 'NONE', ( #5350, #1101 ), #3213, .T. ) ;
#2367 = DIRECTION ( 'NONE',  ( 0.000000000000000000, 1.000000000000000000, 0.000000000000000000 ) ) ;
#2368 = ORIENTED_EDGE ( 'NONE', *, *, #4886, .T. ) ;
#2369 = CARTESIAN_POINT ( 'NONE',  ( 1881.351351351352832, -250.8558558558546849, 51.00000000000000711 ) ) ;
#2370 = CARTESIAN_POINT ( 'NONE',  ( -1213.648648648647168, 1692.892555011814238, 451.0000000000000000 ) ) ;
#2371 = CARTESIAN_POINT ( 'NONE',  ( 296.3513513513530029, -666.1949088771521019, 652.0000000000003411 ) ) ;
#2372 = CARTESIAN_POINT ( 'NONE',  ( -1213.648648648647168, 1692.892555011814238, 450.0000000000000000 ) ) ;
#2373 = ORIENTED_EDGE ( 'NONE', *, *, #3694, .F. ) ;
#2374 = EDGE_CURVE ( 'NONE', #4191, #3968, #4308, .T. ) ;
#2375 = ADVANCED_FACE ( 'NONE', ( #6302 ), #1649, .F. ) ;
#2376 = ORIENTED_EDGE ( 'NONE', *, *, #3111, .T. ) ;
#2377 = EDGE_CURVE ( 'NONE', #6516, #3598, #853, .T. ) ;
#2378 = LINE ( 'NONE', #2913, #1758 ) ;
#2379 = FACE_OUTER_BOUND ( 'NONE', #1031, .T. ) ;
#2380 = EDGE_LOOP ( 'NONE', ( #6240, #4323, #5057, #6515 ) ) ;
#2381 = FACE_OUTER_BOUND ( 'NONE', #5084, .T. ) ;
#2382 = ORIENTED_EDGE ( 'NONE', *, *, #6232, .F. ) ;
#2383 = EDGE_LOOP ( 'NONE', ( #163, #6565, #3765, #4470 ) ) ;
#2384 = VECTOR ( 'NONE', #6317, 1000.000000000000000 ) ;
#2385 = DIRECTION ( 'NONE',  ( 0.000000000000000000, -1.000000000000000000, 0.000000000000000000 ) ) ;
#2386 = DIRECTION ( 'NONE',  ( -0.000000000000000000, 0.000000000000000000, 1.000000000000000000 ) ) ;
#2387 = VERTEX_POINT ( 'NONE', #4428 ) ;
#2388 = LINE ( 'NONE', #2925, #4911 ) ;
#2389 = LINE ( 'NONE', #3890, #3402 ) ;
#2390 = VERTEX_POINT ( 'NONE', #784 ) ;
#2391 = CARTESIAN_POINT ( 'NONE',  ( 1186.351351351352832, -1905.855855855854770, 252.0000000000000000 ) ) ;
#2392 = ORIENTED_EDGE ( 'NONE', *, *, #5671, .T. ) ;
#2393 = PLANE ( 'NONE',  #1644 ) ;
#2394 = LINE ( 'NONE', #1884, #1367 ) ;
#2395 = VERTEX_POINT ( 'NONE', #4965 ) ;
#2396 = DIRECTION ( 'NONE',  ( 0.000000000000000000, -1.000000000000000000, 0.000000000000000000 ) ) ;
#2397 = ADVANCED_FACE ( 'NONE', ( #6033 ), #1335, .F. ) ;
#2398 = DIRECTION ( 'NONE',  ( 3.172065784643304472E-16, -1.000000000000000000, 0.000000000000000000 ) ) ;
#2399 = ADVANCED_FACE ( 'NONE', ( #3452 ), #4400, .F. ) ;
#2400 = DIRECTION ( 'NONE',  ( 1.000000000000000000, 0.000000000000000000, 0.000000000000000000 ) ) ;
#2401 = ORIENTED_EDGE ( 'NONE', *, *, #3533, .T. ) ;
#2402 = VERTEX_POINT ( 'NONE', #2802 ) ;
#2403 =( GEOMETRIC_REPRESENTATION_CONTEXT ( 3 ) GLOBAL_UNCERTAINTY_ASSIGNED_CONTEXT ( ( #2363 ) ) GLOBAL_UNIT_ASSIGNED_CONTEXT ( ( #2784, #1803, #4736 ) ) REPRESENTATION_CONTEXT ( 'NONE', 'WORKASPACE' ) );
#2404 = EDGE_CURVE ( 'NONE', #4506, #4735, #2870, .T. ) ;
#2405 = EDGE_CURVE ( 'NONE', #6005, #5202, #2294, .T. ) ;
#2406 = VERTEX_POINT ( 'NONE', #3317 ) ;
#2407 = CLOSED_SHELL ( 'NONE', ( #2308, #5261, #5809, #2946, #428, #3609, #387, #385, #2670, #6525, #1526, #865, #5798, #3357, #5836, #6357, #5367, #3184, #6724, #5482, #5550, #3991, #6059, #5207, #2994, #4749, #2650, #2567, #2246, #4269, #5114, #805, #1355, #3733, #4409, #6557, #3940, #2525, #776, #3195, #5293, #733, #893, #2426, #5214, #4283, #3649, #4441, #1481, #4468, #5060, #5298, #5356, #2689, #1249, #1940, #74, #5341, #1151, #4425, #4631, #6345, #6717, #4029, #2120, #3032, #1440, #2149, #986, #5100, #2865, #5087, #3141, #2397, #989, #5560, #423, #5404, #5845, #1154, #4066, #5345, #110, #476, #1287, #6519, #6425, #6723, #2498, #3196, #3266, #1825, #5126, #5391, #4442, #2069, #6407, #592, #600, #143, #2065, #2200, #2783, #2182, #950, #4221, #1868, #3231, #5091, #2063, #4402, #1602, #1567, #509, #3651, #4112, #2366, #1115, #6484, #1650, #221, #3772, #3451, #382, #6674, #3540, #3607, #3113, #1859, #3925, #6296, #3564, #1611, #337, #140, #1858, #3397, #4433, #1074, #6231, #2539, #3405, #2604, #3061, #4669, #636, #49, #5251, #4603, #5904, #2199, #178, #5179, #5673, #3901, #2218, #3568, #3367, #2947, #1571, #2733, #955, #3314, #1775, #849, #2233, #1190, #3720, #4389, #1585, #6513, #4617, #4103, #727, #6355, #2609, #6055, #1109, #1459, #6150, #1145, #102, #2816, #2902, #1357, #2399, #6208, #4149, #2724, #188, #3525, #2656, #3532, #6142, #6299, #1600, #5608, #2860, #2657, #4079, #4664, #59, #3681, #5429, #2029, #5746, #5772, #2942, #2375, #1038, #3866, #2578, #1500, #64 ) ) ;
#2408 = CARTESIAN_POINT ( 'NONE',  ( -38.64864864864676974, 204.1441441441443487, 451.0000000000000000 ) ) ;
#2409 = ORIENTED_EDGE ( 'NONE', *, *, #1832, .T. ) ;
#2410 = CARTESIAN_POINT ( 'NONE',  ( 1490.752172914886160, 532.7057713251167570, 651.0000000000003411 ) ) ;
#2411 = ORIENTED_EDGE ( 'NONE', *, *, #550, .T. ) ;
#2412 = ORIENTED_EDGE ( 'NONE', *, *, #4915, .F. ) ;
#2413 = EDGE_CURVE ( 'NONE', #4649, #6277, #3895, .T. ) ;
#2414 = EDGE_CURVE ( 'NONE', #3759, #3163, #1847, .T. ) ;
#2415 = ORIENTED_EDGE ( 'NONE', *, *, #433, .F. ) ;
#2416 = CARTESIAN_POINT ( 'NONE',  ( -1213.648648648647168, 1402.892555011814466, 450.0000000000000000 ) ) ;
#2417 = FACE_OUTER_BOUND ( 'NONE', #3448, .T. ) ;
#2418 = AXIS2_PLACEMENT_3D ( 'NONE', #6212, #4217, #5256 ) ;
#2419 = DIRECTION ( 'NONE',  ( -0.000000000000000000, 0.000000000000000000, -1.000000000000000000 ) ) ;
#2420 = CARTESIAN_POINT ( 'NONE',  ( 706.3513513513532871, -250.8558558558557934, 450.0000000000000000 ) ) ;
#2421 = CARTESIAN_POINT ( 'NONE',  ( 729.0204228011621126, 2148.025372459793289, 51.00000000000000711 ) ) ;
#2422 = AXIS2_PLACEMENT_3D ( 'NONE', #2702, #93, #4304 ) ;
#2423 = VECTOR ( 'NONE', #4049, 1000.000000000000000 ) ;
#2424 = ORIENTED_EDGE ( 'NONE', *, *, #3024, .F. ) ;
#2425 = CARTESIAN_POINT ( 'NONE',  ( 277.5173507698049207, 1404.144144144144320, 252.0000000000000000 ) ) ;
#2426 = ADVANCED_FACE ( 'NONE', ( #1300 ), #6444, .T. ) ;
#2427 = VERTEX_POINT ( 'NONE', #747 ) ;
#2428 = AXIS2_PLACEMENT_3D ( 'NONE', #4991, #743, #5411 ) ;
#2429 = CARTESIAN_POINT ( 'NONE',  ( 0.000000000000000000, 0.000000000000000000, 252.0000000000000000 ) ) ;
#2430 = AXIS2_PLACEMENT_3D ( 'NONE', #3899, #6585, #239 ) ;
#2431 = PLANE ( 'NONE',  #3516 ) ;
#2432 = AXIS2_PLACEMENT_3D ( 'NONE', #5103, #504, #4099 ) ;
#2433 = DIRECTION ( 'NONE',  ( 1.000000000000000000, 0.000000000000000000, 0.000000000000000000 ) ) ;
#2434 = ORIENTED_EDGE ( 'NONE', *, *, #5292, .F. ) ;
#2435 = LINE ( 'NONE', #3969, #1562 ) ;
#2436 = CARTESIAN_POINT ( 'NONE',  ( -468.6486486486471676, 2149.144144144145230, 450.0000000000000000 ) ) ;
#2437 = CARTESIAN_POINT ( 'NONE',  ( -1668.653815138663958, 2149.178435024714418, 51.00000000000000711 ) ) ;
#2438 = VECTOR ( 'NONE', #4359, 1000.000000000000000 ) ;
#2439 = AXIS2_PLACEMENT_3D ( 'NONE', #181, #2684, #6391 ) ;
#2440 = VECTOR ( 'NONE', #4369, 1000.000000000000000 ) ;
#2441 = VERTEX_POINT ( 'NONE', #823 ) ;
#2442 = CARTESIAN_POINT ( 'NONE',  ( -1661.268387826372191, -1459.372486768057570, 51.00000000000000711 ) ) ;
#2443 = EDGE_LOOP ( 'NONE', ( #4305, #5481, #3808, #4623 ) ) ;
#2444 = EDGE_CURVE ( 'NONE', #1646, #1346, #2900, .T. ) ;
#2445 = AXIS2_PLACEMENT_3D ( 'NONE', #3118, #1518, #1591 ) ;
#2446 = DIRECTION ( 'NONE',  ( -0.000000000000000000, 0.000000000000000000, 1.000000000000000000 ) ) ;
#2447 = FACE_OUTER_BOUND ( 'NONE', #3117, .T. ) ;
#2448 = DIRECTION ( 'NONE',  ( -1.000000000000000000, 3.172065784643304472E-16, 0.000000000000000000 ) ) ;
#2449 = EDGE_CURVE ( 'NONE', #4604, #5521, #2261, .T. ) ;
#2450 = EDGE_LOOP ( 'NONE', ( #3499, #6742, #2348, #4534 ) ) ;
#2451 = PLANE ( 'NONE',  #3469 ) ;
#2452 = VERTEX_POINT ( 'NONE', #4367 ) ;
#2453 = EDGE_CURVE ( 'NONE', #2886, #6051, #1792, .T. ) ;
#2454 = ORIENTED_EDGE ( 'NONE', *, *, #2455, .F. ) ;
#2455 = EDGE_CURVE ( 'NONE', #1414, #3090, #6541, .T. ) ;
#2456 = VERTEX_POINT ( 'NONE', #1270 ) ;
#2457 = EDGE_CURVE ( 'NONE', #5693, #3824, #2394, .T. ) ;
#2458 = LINE ( 'NONE', #6119, #3950 ) ;
#2459 = AXIS2_PLACEMENT_3D ( 'NONE', #5075, #404, #5277 ) ;
#2460 = DIRECTION ( 'NONE',  ( 0.000000000000000000, -1.000000000000000000, 0.000000000000000000 ) ) ;
#2461 = CARTESIAN_POINT ( 'NONE',  ( -1668.653815138663958, 2149.178435024714418, 51.00000000000000711 ) ) ;
#2462 = EDGE_LOOP ( 'NONE', ( #2690, #745, #1807, #5224 ) ) ;
#2463 = CARTESIAN_POINT ( 'NONE',  ( 0.000000000000000000, 0.000000000000000000, 450.0000000000000000 ) ) ;
#2464 = FACE_OUTER_BOUND ( 'NONE', #5938, .T. ) ;
#2465 = ORIENTED_EDGE ( 'NONE', *, *, #4467, .T. ) ;
#2466 = DIRECTION ( 'NONE',  ( 1.000000000000000000, 0.000000000000000000, -0.000000000000000000 ) ) ;
#2467 = LINE ( 'NONE', #5376, #1561 ) ;
#2468 = PLANE ( 'NONE',  #4514 ) ;
#2469 = VERTEX_POINT ( 'NONE', #2831 ) ;
#2470 = LINE ( 'NONE', #855, #1344 ) ;
#2471 = DIRECTION ( 'NONE',  ( -1.000000000000000000, 0.000000000000000000, 0.000000000000000000 ) ) ;
#2472 = LINE ( 'NONE', #5422, #126 ) ;
#2473 = CARTESIAN_POINT ( 'NONE',  ( -13.64864864864699356, -1905.855855855854770, 451.0000000000000000 ) ) ;
#2474 = ORIENTED_EDGE ( 'NONE', *, *, #6600, .T. ) ;
#2475 = LINE ( 'NONE', #4535, #4354 ) ;
#2476 = ORIENTED_EDGE ( 'NONE', *, *, #98, .F. ) ;
#2477 = CARTESIAN_POINT ( 'NONE',  ( -1243.648648648647168, -675.8558558558547702, 450.0000000000000000 ) ) ;
#2478 = PLANE ( 'NONE',  #650 ) ;
#2479 = ORIENTED_EDGE ( 'NONE', *, *, #4591, .T. ) ;
#2480 = CARTESIAN_POINT ( 'NONE',  ( 1931.351351351352832, 3349.139388805734143, 51.00000000000000711 ) ) ;
#2481 = EDGE_LOOP ( 'NONE', ( #5035, #290, #1903, #6643 ) ) ;
#2482 = ORIENTED_EDGE ( 'NONE', *, *, #1947, .F. ) ;
#2483 = EDGE_CURVE ( 'NONE', #112, #5555, #5513, .T. ) ;
#2484 = EDGE_CURVE ( 'NONE', #700, #42, #1755, .T. ) ;
#2485 = DIRECTION ( 'NONE',  ( -0.000000000000000000, -0.000000000000000000, -1.000000000000000000 ) ) ;
#2486 = CARTESIAN_POINT ( 'NONE',  ( 1186.351351351353287, 1694.144144144144548, 451.0000000000000000 ) ) ;
#2487 = DIRECTION ( 'NONE',  ( -1.000000000000000000, -0.000000000000000000, -0.000000000000000000 ) ) ;
#2488 = VECTOR ( 'NONE', #2165, 1000.000000000000000 ) ;
#2489 = VERTEX_POINT ( 'NONE', #717 ) ;
#2490 = EDGE_CURVE ( 'NONE', #1168, #1184, #3068, .T. ) ;
#2491 = CARTESIAN_POINT ( 'NONE',  ( -468.6486486486469971, -2650.855855855854770, 450.0000000000000000 ) ) ;
#2492 = CARTESIAN_POINT ( 'NONE',  ( 1883.785313619750468, -2650.960111606672399, 51.00000000000000711 ) ) ;
#2493 = VERTEX_POINT ( 'NONE', #1399 ) ;
#2494 = CARTESIAN_POINT ( 'NONE',  ( -1213.648648648647168, -705.8558558558547702, 450.0000000000000000 ) ) ;
#2495 = CARTESIAN_POINT ( 'NONE',  ( -12.48264923019514150, 1404.144144144144320, 252.0000000000000000 ) ) ;
#2496 = EDGE_LOOP ( 'NONE', ( #1958, #619, #4100, #2026 ) ) ;
#2497 = DIRECTION ( 'NONE',  ( 9.251858538542972814E-17, 1.000000000000000000, -0.000000000000000000 ) ) ;
#2498 = ADVANCED_FACE ( 'NONE', ( #395 ), #1918, .F. ) ;
#2499 = DIRECTION ( 'NONE',  ( 1.000000000000000000, 7.930164461608261179E-17, 0.000000000000000000 ) ) ;
#2500 = CARTESIAN_POINT ( 'NONE',  ( -12.48264923019514150, 1404.144144144144320, 251.0000000000000000 ) ) ;
#2501 = DIRECTION ( 'NONE',  ( -0.000000000000000000, -0.000000000000000000, -1.000000000000000000 ) ) ;
#2502 = ORIENTED_EDGE ( 'NONE', *, *, #2983, .T. ) ;
#2503 = DIRECTION ( 'NONE',  ( 0.000000000000000000, 1.000000000000000000, 0.000000000000000000 ) ) ;
#2504 = VERTEX_POINT ( 'NONE', #4529 ) ;
#2505 = DIRECTION ( 'NONE',  ( 1.000000000000000000, 0.000000000000000000, 0.000000000000000000 ) ) ;
#2506 = FACE_OUTER_BOUND ( 'NONE', #94, .T. ) ;
#2507 = CARTESIAN_POINT ( 'NONE',  ( -893.6486486486471676, -675.8558558558546565, 451.0000000000000000 ) ) ;
#2508 = ORIENTED_EDGE ( 'NONE', *, *, #607, .F. ) ;
#2509 = DIRECTION ( 'NONE',  ( 1.000000000000000000, 0.000000000000000000, -0.000000000000000000 ) ) ;
#2510 = FACE_OUTER_BOUND ( 'NONE', #4326, .T. ) ;
#2511 = VECTOR ( 'NONE', #2746, 1000.000000000000000 ) ;
#2512 = EDGE_LOOP ( 'NONE', ( #6459, #4004, #5564, #3508 ) ) ;
#2513 = VERTEX_POINT ( 'NONE', #5646 ) ;
#2514 = AXIS2_PLACEMENT_3D ( 'NONE', #5615, #1029, #929 ) ;
#2515 = DIRECTION ( 'NONE',  ( 1.000000000000000000, 3.703815796601320752E-16, 0.000000000000000000 ) ) ;
#2516 = CARTESIAN_POINT ( 'NONE',  ( -1661.268387826372191, -1459.372486768057570, 251.0000000000000000 ) ) ;
#2517 = EDGE_CURVE ( 'NONE', #4930, #1123, #6131, .T. ) ;
#2518 = ORIENTED_EDGE ( 'NONE', *, *, #480, .F. ) ;
#2519 = DIRECTION ( 'NONE',  ( 1.000000000000000000, 0.000000000000000000, 0.000000000000000000 ) ) ;
#2520 = EDGE_CURVE ( 'NONE', #5065, #5861, #1432, .T. ) ;
#2521 = ORIENTED_EDGE ( 'NONE', *, *, #1522, .F. ) ;
#2522 = CARTESIAN_POINT ( 'NONE',  ( 1170.752172914886160, 502.7057713251168707, 652.0000000000003411 ) ) ;
#2523 = CARTESIAN_POINT ( 'NONE',  ( -38.64864864864676974, 494.1441441441443203, 451.0000000000000000 ) ) ;
#2524 = EDGE_LOOP ( 'NONE', ( #806, #6205, #3863, #5775 ) ) ;
#2525 = ADVANCED_FACE ( 'NONE', ( #6093 ), #2045, .T. ) ;
#2526 = LINE ( 'NONE', #1638, #5908 ) ;
#2527 = EDGE_CURVE ( 'NONE', #4649, #1627, #887, .T. ) ;
#2528 = CARTESIAN_POINT ( 'NONE',  ( 715.7521729148861596, 942.7075103593078893, 651.0000000000003411 ) ) ;
#2529 = DIRECTION ( 'NONE',  ( -1.000000000000000000, 0.000000000000000000, 0.000000000000000000 ) ) ;
#2530 = ORIENTED_EDGE ( 'NONE', *, *, #5437, .T. ) ;
#2531 = PLANE ( 'NONE',  #2970 ) ;
#2532 = AXIS2_PLACEMENT_3D ( 'NONE', #197, #2287, #6694 ) ;
#2533 = VECTOR ( 'NONE', #2635, 1000.000000000000000 ) ;
#2534 = LINE ( 'NONE', #4130, #5301 ) ;
#2535 = EDGE_CURVE ( 'NONE', #4018, #6679, #1535, .T. ) ;
#2536 = ORIENTED_EDGE ( 'NONE', *, *, #5358, .T. ) ;
#2537 = VECTOR ( 'NONE', #4067, 1000.000000000000000 ) ;
#2538 = VERTEX_POINT ( 'NONE', #2561 ) ;
#2539 = ADVANCED_FACE ( 'NONE', ( #5616 ), #5544, .F. ) ;
#2540 = CARTESIAN_POINT ( 'NONE',  ( 1881.351351351352832, -250.8558558558546849, 51.00000000000000711 ) ) ;
#2541 = AXIS2_PLACEMENT_3D ( 'NONE', #2777, #6274, #542 ) ;
#2542 = AXIS2_PLACEMENT_3D ( 'NONE', #3384, #2398, #4462 ) ;
#2543 = VECTOR ( 'NONE', #1795, 1000.000000000000000 ) ;
#2544 = DIRECTION ( 'NONE',  ( -0.000000000000000000, 0.000000000000000000, 1.000000000000000000 ) ) ;
#2545 = PLANE ( 'NONE',  #3188 ) ;
#2546 = VERTEX_POINT ( 'NONE', #964 ) ;
#2547 = DIRECTION ( 'NONE',  ( 1.000000000000000000, 0.000000000000000000, -0.000000000000000000 ) ) ;
#2548 = VERTEX_POINT ( 'NONE', #2015 ) ;
#2549 = VECTOR ( 'NONE', #1175, 1000.000000000000000 ) ;
#2550 = VECTOR ( 'NONE', #3858, 1000.000000000000000 ) ;
#2551 = ORIENTED_EDGE ( 'NONE', *, *, #817, .T. ) ;
#2552 = FACE_OUTER_BOUND ( 'NONE', #5529, .T. ) ;
#2553 = CARTESIAN_POINT ( 'NONE',  ( -1618.648648648647168, -2600.855855855854770, 51.00000000000000711 ) ) ;
#2554 = FACE_OUTER_BOUND ( 'NONE', #4820, .T. ) ;
#2555 = VERTEX_POINT ( 'NONE', #6189 ) ;
#2556 = FACE_OUTER_BOUND ( 'NONE', #1946, .T. ) ;
#2557 = VECTOR ( 'NONE', #6272, 1000.000000000000000 ) ;
#2558 = ORIENTED_EDGE ( 'NONE', *, *, #2738, .T. ) ;
#2559 = FACE_OUTER_BOUND ( 'NONE', #4414, .T. ) ;
#2560 = VECTOR ( 'NONE', #158, 1000.000000000000000 ) ;
#2561 = CARTESIAN_POINT ( 'NONE',  ( -1638.653815138663958, 3349.109615115158704, 51.00000000000000711 ) ) ;
#2562 = EDGE_LOOP ( 'NONE', ( #1200, #1014, #346, #1286 ) ) ;
#2563 = CARTESIAN_POINT ( 'NONE',  ( -468.6486486486469971, 949.1441441441451161, 450.0000000000000000 ) ) ;
#2564 = CARTESIAN_POINT ( 'NONE',  ( -43.64864864864698291, -1875.855855855854770, 450.0000000000000000 ) ) ;
#2565 = AXIS2_PLACEMENT_3D ( 'NONE', #2495, #4558, #4062 ) ;
#2566 = CARTESIAN_POINT ( 'NONE',  ( 1186.351351351352832, -2195.855855855854770, 251.0000000000000000 ) ) ;
#2567 = ADVANCED_FACE ( 'NONE', ( #1470 ), #2468, .F. ) ;
#2568 = CARTESIAN_POINT ( 'NONE',  ( 1156.351351351352832, -1875.855855855854770, 252.0000000000000000 ) ) ;
#2569 = ADVANCED_FACE ( 'NONE', ( #3039 ), #3550, .T. ) ;
#2570 = DIRECTION ( 'NONE',  ( 0.000000000000000000, -1.000000000000000000, 0.000000000000000000 ) ) ;
#2571 = EDGE_CURVE ( 'NONE', #5628, #3006, #1030, .T. ) ;
#2572 = VERTEX_POINT ( 'NONE', #325 ) ;
#2573 = DIRECTION ( 'NONE',  ( 0.000000000000000000, -1.000000000000000000, 0.000000000000000000 ) ) ;
#2574 = VERTEX_POINT ( 'NONE', #2523 ) ;
#2575 = PLANE ( 'NONE',  #2311 ) ;
#2576 = CARTESIAN_POINT ( 'NONE',  ( 1476.351351351352832, -705.8558558558547702, 451.0000000000000000 ) ) ;
#2577 = DIRECTION ( 'NONE',  ( 1.000000000000000000, 0.000000000000000000, 0.000000000000000000 ) ) ;
#2578 = ADVANCED_FACE ( 'NONE', ( #4595 ), #6582, .F. ) ;
#2579 = ORIENTED_EDGE ( 'NONE', *, *, #4886, .F. ) ;
#2580 = CARTESIAN_POINT ( 'NONE',  ( 701.0708180236888438, -1441.194908877152102, 51.00000000000000711 ) ) ;
#2581 = ORIENTED_EDGE ( 'NONE', *, *, #1696, .T. ) ;
#2582 = VERTEX_POINT ( 'NONE', #3995 ) ;
#2583 = DIRECTION ( 'NONE',  ( 0.000000000000000000, 0.000000000000000000, -1.000000000000000000 ) ) ;
#2584 = CARTESIAN_POINT ( 'NONE',  ( 1901.351351351352832, 2149.144144144145230, 50.00000000000000000 ) ) ;
#2585 = CARTESIAN_POINT ( 'NONE',  ( 0.000000000000000000, 0.000000000000000000, 51.00000000000000711 ) ) ;
#2586 = CARTESIAN_POINT ( 'NONE',  ( 0.000000000000000000, 0.000000000000000000, 251.0000000000000000 ) ) ;
#2587 = DIRECTION ( 'NONE',  ( 0.000000000000000000, 1.000000000000000000, 0.000000000000000000 ) ) ;
#2588 = ORIENTED_EDGE ( 'NONE', *, *, #2897, .F. ) ;
#2589 = CARTESIAN_POINT ( 'NONE',  ( -13.64864864864699356, -1905.855855855854770, 451.0000000000000000 ) ) ;
#2590 = DIRECTION ( 'NONE',  ( 0.000000000000000000, 0.000000000000000000, -1.000000000000000000 ) ) ;
#2591 = ORIENTED_EDGE ( 'NONE', *, *, #6566, .T. ) ;
#2592 = LINE ( 'NONE', #4093, #317 ) ;
#2593 = DIRECTION ( 'NONE',  ( -0.000000000000000000, -0.000000000000000000, -1.000000000000000000 ) ) ;
#2594 = ORIENTED_EDGE ( 'NONE', *, *, #4319, .T. ) ;
#2595 = PLANE ( 'NONE',  #2763 ) ;
#2596 = CARTESIAN_POINT ( 'NONE',  ( -1667.844139922891600, 947.8925550118144656, 251.0000000000000000 ) ) ;
#2597 = CARTESIAN_POINT ( 'NONE',  ( -1212.844139922891600, 494.1441441441452298, 252.0000000000000000 ) ) ;
#2598 = FACE_OUTER_BOUND ( 'NONE', #50, .T. ) ;
#2599 = AXIS2_PLACEMENT_3D ( 'NONE', #2585, #5637, #3640 ) ;
#2600 = ORIENTED_EDGE ( 'NONE', *, *, #763, .F. ) ;
#2601 = DIRECTION ( 'NONE',  ( 1.000000000000000000, 0.000000000000000000, 0.000000000000000000 ) ) ;
#2602 = VERTEX_POINT ( 'NONE', #367 ) ;
#2603 = DIRECTION ( 'NONE',  ( 0.000000000000000000, 0.000000000000000000, 1.000000000000000000 ) ) ;
#2604 = ADVANCED_FACE ( 'NONE', ( #930 ), #3008, .T. ) ;
#2605 = EDGE_LOOP ( 'NONE', ( #6579, #2579, #2790, #6229 ) ) ;
#2606 = DIRECTION ( 'NONE',  ( 1.189524669241239115E-16, -1.000000000000000000, 0.000000000000000000 ) ) ;
#2607 = ORIENTED_EDGE ( 'NONE', *, *, #1652, .T. ) ;
#2608 = EDGE_CURVE ( 'NONE', #6060, #5811, #632, .T. ) ;
#2609 = ADVANCED_FACE ( 'NONE', ( #1636 ), #4224, .F. ) ;
#2610 = CARTESIAN_POINT ( 'NONE',  ( 251.3513513513532303, 494.1441441441443203, 451.0000000000000000 ) ) ;
#2611 = DIRECTION ( 'NONE',  ( 1.000000000000000000, 0.000000000000000000, 0.000000000000000000 ) ) ;
#2612 = EDGE_CURVE ( 'NONE', #4466, #4023, #570, .T. ) ;
#2613 = EDGE_CURVE ( 'NONE', #5685, #5958, #3783, .T. ) ;
#2614 = CARTESIAN_POINT ( 'NONE',  ( 0.000000000000000000, -1450.855855855854543, 450.0000000000000000 ) ) ;
#2615 = DIRECTION ( 'NONE',  ( 0.000000000000000000, -1.000000000000000000, 0.000000000000000000 ) ) ;
#2616 = VECTOR ( 'NONE', #6043, 1000.000000000000000 ) ;
#2617 = VERTEX_POINT ( 'NONE', #5165 ) ;
#2618 = CARTESIAN_POINT ( 'NONE',  ( -43.64864864864698291, -1875.855855855854770, 450.0000000000000000 ) ) ;
#2619 = AXIS2_PLACEMENT_3D ( 'NONE', #6429, #4355, #3918 ) ;
#2620 = DIRECTION ( 'NONE',  ( -1.000000000000000000, -9.251858538542972814E-17, 0.000000000000000000 ) ) ;
#2621 = EDGE_CURVE ( 'NONE', #6624, #3198, #2727, .T. ) ;
#2622 = ORIENTED_EDGE ( 'NONE', *, *, #1080, .T. ) ;
#2623 = LINE ( 'NONE', #2216, #6098 ) ;
#2624 = ORIENTED_EDGE ( 'NONE', *, *, #5898, .F. ) ;
#2625 = CARTESIAN_POINT ( 'NONE',  ( -1243.648648648647168, -1875.855855855854770, 252.0000000000000000 ) ) ;
#2626 = LINE ( 'NONE', #2564, #1669 ) ;
#2627 = LINE ( 'NONE', #2566, #1663 ) ;
#2628 = AXIS2_PLACEMENT_3D ( 'NONE', #4048, #1527, #1908 ) ;
#2629 = CARTESIAN_POINT ( 'NONE',  ( 0.000000000000000000, 0.000000000000000000, 51.00000000000000711 ) ) ;
#2630 = CARTESIAN_POINT ( 'NONE',  ( 1156.351351351352832, -1875.855855855854770, 251.0000000000000000 ) ) ;
#2631 = CARTESIAN_POINT ( 'NONE',  ( 1901.351351351352832, 2149.144144144145230, 51.00000000000000711 ) ) ;
#2632 = VERTEX_POINT ( 'NONE', #4155 ) ;
#2633 = VERTEX_POINT ( 'NONE', #2695 ) ;
#2634 = DIRECTION ( 'NONE',  ( 1.000000000000000000, 0.000000000000000000, -0.000000000000000000 ) ) ;
#2635 = DIRECTION ( 'NONE',  ( 1.000000000000000000, 0.000000000000000000, 0.000000000000000000 ) ) ;
#2636 = VECTOR ( 'NONE', #3698, 1000.000000000000000 ) ;
#2637 = AXIS2_PLACEMENT_3D ( 'NONE', #1047, #1593, #3153 ) ;
#2638 = LINE ( 'NONE', #5865, #1018 ) ;
#2639 = AXIS2_PLACEMENT_3D ( 'NONE', #4787, #5305, #2223 ) ;
#2640 = FACE_OUTER_BOUND ( 'NONE', #5965, .T. ) ;
#2641 = CARTESIAN_POINT ( 'NONE',  ( 1881.351351351352605, -2600.855855855854770, 51.00000000000000711 ) ) ;
#2642 = CARTESIAN_POINT ( 'NONE',  ( 715.7521729148861596, -242.2942286748832430, 651.0000000000003411 ) ) ;
#2643 = EDGE_LOOP ( 'NONE', ( #5720, #6090, #3374, #6202 ) ) ;
#2644 = DIRECTION ( 'NONE',  ( 0.000000000000000000, -0.000000000000000000, 1.000000000000000000 ) ) ;
#2645 = EDGE_LOOP ( 'NONE', ( #2661, #2062, #2143, #2309 ) ) ;
#2646 = VECTOR ( 'NONE', #3310, 1000.000000000000000 ) ;
#2647 = AXIS2_PLACEMENT_3D ( 'NONE', #6498, #1294, #6025 ) ;
#2648 = CARTESIAN_POINT ( 'NONE',  ( 706.3513513513531734, 949.1441441441442066, 450.0000000000000000 ) ) ;
#2649 = VECTOR ( 'NONE', #6405, 1000.000000000000000 ) ;
#2650 = ADVANCED_FACE ( 'NONE', ( #5851 ), #3707, .F. ) ;
#2651 = DIRECTION ( 'NONE',  ( -0.000000000000000000, -0.000000000000000000, -1.000000000000000000 ) ) ;
#2652 = AXIS2_PLACEMENT_3D ( 'NONE', #4734, #3833, #3286 ) ;
#2653 = VECTOR ( 'NONE', #4064, 1000.000000000000000 ) ;
#2654 = ORIENTED_EDGE ( 'NONE', *, *, #692, .F. ) ;
#2655 = CARTESIAN_POINT ( 'NONE',  ( 1186.351351351353287, 1404.144144144144775, 450.0000000000000000 ) ) ;
#2656 = ADVANCED_FACE ( 'NONE', ( #6228 ), #5226, .F. ) ;
#2657 = ADVANCED_FACE ( 'NONE', ( #500 ), #4652, .T. ) ;
#2658 = LINE ( 'NONE', #1152, #553 ) ;
#2659 = VECTOR ( 'NONE', #2620, 1000.000000000000000 ) ;
#2660 = EDGE_CURVE ( 'NONE', #3270, #6524, #2078, .T. ) ;
#2661 = ORIENTED_EDGE ( 'NONE', *, *, #2809, .F. ) ;
#2662 = CARTESIAN_POINT ( 'NONE',  ( -1668.653815138663958, 2149.178435024714418, 50.00000000000000000 ) ) ;
#2663 = EDGE_LOOP ( 'NONE', ( #4908, #5507, #4135, #4278 ) ) ;
#2664 = DIRECTION ( 'NONE',  ( -1.192237920446390406E-16, 1.000000000000000000, -0.000000000000000000 ) ) ;
#2665 = CARTESIAN_POINT ( 'NONE',  ( -68.64864864864676974, 524.1441441441443203, 450.0000000000000000 ) ) ;
#2666 = ORIENTED_EDGE ( 'NONE', *, *, #4316, .T. ) ;
#2667 = CARTESIAN_POINT ( 'NONE',  ( -467.4826492301951930, 2148.025372459793289, 51.00000000000000711 ) ) ;
#2668 = DIRECTION ( 'NONE',  ( 0.000000000000000000, -1.000000000000000000, 0.000000000000000000 ) ) ;
#2669 = CARTESIAN_POINT ( 'NONE',  ( -892.8441399228917135, 174.1441441441452582, 252.0000000000000000 ) ) ;
#2670 = ADVANCED_FACE ( 'NONE', ( #3130, #5196 ), #2173, .T. ) ;
#2671 = LINE ( 'NONE', #1681, #5784 ) ;
#2672 = CARTESIAN_POINT ( 'NONE',  ( 251.3513513513532303, 204.1441441441443487, 451.0000000000000000 ) ) ;
#2673 = EDGE_LOOP ( 'NONE', ( #1805, #1173, #3119, #214 ) ) ;
#2674 = ORIENTED_EDGE ( 'NONE', *, *, #1742, .T. ) ;
#2675 = CARTESIAN_POINT ( 'NONE',  ( 1931.351351351352832, -2650.855855855854770, 50.00000000000000000 ) ) ;
#2676 = AXIS2_PLACEMENT_3D ( 'NONE', #1203, #6242, #5753 ) ;
#2677 = PLANE ( 'NONE',  #25 ) ;
#2678 = DIRECTION ( 'NONE',  ( -1.000000000000000000, 0.000000000000000000, 0.000000000000000000 ) ) ;
#2679 = ORIENTED_EDGE ( 'NONE', *, *, #5756, .F. ) ;
#2680 = PLANE ( 'NONE',  #3962 ) ;
#2681 = ORIENTED_EDGE ( 'NONE', *, *, #1276, .F. ) ;
#2682 = DIRECTION ( 'NONE',  ( -0.000000000000000000, -0.000000000000000000, -1.000000000000000000 ) ) ;
#2683 = CARTESIAN_POINT ( 'NONE',  ( -43.64864864864695448, -2225.855855855854770, 451.0000000000000000 ) ) ;
#2684 = DIRECTION ( 'NONE',  ( 0.000000000000000000, 0.000000000000000000, -1.000000000000000000 ) ) ;
#2685 = ORIENTED_EDGE ( 'NONE', *, *, #6615, .F. ) ;
#2686 = DIRECTION ( 'NONE',  ( 1.000000000000000000, 0.000000000000000000, 0.000000000000000000 ) ) ;
#2687 = LINE ( 'NONE', #4643, #5118 ) ;
#2688 = EDGE_CURVE ( 'NONE', #6306, #1059, #4256, .T. ) ;
#2689 = ADVANCED_FACE ( 'NONE', ( #1677 ), #26, .F. ) ;
#2690 = ORIENTED_EDGE ( 'NONE', *, *, #1529, .F. ) ;
#2691 = LINE ( 'NONE', #4252, #3531 ) ;
#2692 = ORIENTED_EDGE ( 'NONE', *, *, #6136, .T. ) ;
#2693 = DIRECTION ( 'NONE',  ( 0.000000000000000000, -1.000000000000000000, 0.000000000000000000 ) ) ;
#2694 = LINE ( 'NONE', #4223, #348 ) ;
#2695 = CARTESIAN_POINT ( 'NONE',  ( -1668.648648648647168, 949.1441441441452298, 50.99999999999999289 ) ) ;
#2696 = ORIENTED_EDGE ( 'NONE', *, *, #185, .F. ) ;
#2697 = DIRECTION ( 'NONE',  ( -1.000000000000000000, 0.000000000000000000, 0.000000000000000000 ) ) ;
#2698 = CARTESIAN_POINT ( 'NONE',  ( 731.3513513513531734, 2149.144144144145230, 51.00000000000000711 ) ) ;
#2699 = EDGE_CURVE ( 'NONE', #1542, #2402, #1158, .T. ) ;
#2700 = LINE ( 'NONE', #1133, #5232 ) ;
#2701 = DIRECTION ( 'NONE',  ( 1.000000000000000000, 0.000000000000000000, -0.000000000000000000 ) ) ;
#2702 = CARTESIAN_POINT ( 'NONE',  ( -1668.914624007974453, -2650.885740052331585, 51.00000000000000711 ) ) ;
#2703 = ORIENTED_EDGE ( 'NONE', *, *, #460, .T. ) ;
#2704 = EDGE_LOOP ( 'NONE', ( #1153, #2424, #2010, #4502 ) ) ;
#2705 = EDGE_CURVE ( 'NONE', #27, #6079, #5299, .T. ) ;
#2706 = CARTESIAN_POINT ( 'NONE',  ( 0.000000000000000000, 0.000000000000000000, 50.00000000000000000 ) ) ;
#2707 = ORIENTED_EDGE ( 'NONE', *, *, #1751, .T. ) ;
#2708 = VECTOR ( 'NONE', #660, 1000.000000000000000 ) ;
#2709 = CARTESIAN_POINT ( 'NONE',  ( -1213.648648648647168, -995.8558558558545428, 451.0000000000000000 ) ) ;
#2710 = DIRECTION ( 'NONE',  ( -0.000000000000000000, -0.000000000000000000, -1.000000000000000000 ) ) ;
#2711 = VERTEX_POINT ( 'NONE', #3165 ) ;
#2712 = DIRECTION ( 'NONE',  ( 0.000000000000000000, -1.000000000000000000, 0.000000000000000000 ) ) ;
#2713 = VERTEX_POINT ( 'NONE', #2665 ) ;
#2714 = FACE_OUTER_BOUND ( 'NONE', #1963, .T. ) ;
#2715 = CARTESIAN_POINT ( 'NONE',  ( -2868.382539233230091, 3348.907565514117778, 50.00000000000000000 ) ) ;
#2716 = ORIENTED_EDGE ( 'NONE', *, *, #185, .T. ) ;
#2717 = CARTESIAN_POINT ( 'NONE',  ( -1618.648648648647168, 949.1441441441450024, 51.00000000000000711 ) ) ;
#2718 = LINE ( 'NONE', #1051, #116 ) ;
#2719 = ORIENTED_EDGE ( 'NONE', *, *, #6140, .F. ) ;
#2720 = DIRECTION ( 'NONE',  ( 1.000000000000000000, 0.000000000000000000, 0.000000000000000000 ) ) ;
#2721 = DIRECTION ( 'NONE',  ( -0.000000000000000000, -0.000000000000000000, -1.000000000000000000 ) ) ;
#2722 = ORIENTED_EDGE ( 'NONE', *, *, #3944, .F. ) ;
#2724 = ADVANCED_FACE ( 'NONE', ( #4720 ), #54, .F. ) ;
#2723 = AXIS2_PLACEMENT_3D ( 'NONE', #1949, #6388, #6540 ) ;
#2725 = CARTESIAN_POINT ( 'NONE',  ( 721.3513513513527187, -250.8558558558548555, 450.0000000000000000 ) ) ;
#2726 = FACE_OUTER_BOUND ( 'NONE', #2927, .T. ) ;
#2727 = LINE ( 'NONE', #1128, #3107 ) ;
#2728 = VERTEX_POINT ( 'NONE', #5876 ) ;
#2729 = LINE ( 'NONE', #3309, #5682 ) ;
#2730 = DIRECTION ( 'NONE',  ( -1.000000000000000000, 0.000000000000000000, 0.000000000000000000 ) ) ;
#2731 = LINE ( 'NONE', #3311, #1444 ) ;
#2732 = CARTESIAN_POINT ( 'NONE',  ( 731.3513513513534008, 2099.144144144145230, 51.00000000000000711 ) ) ;
#2733 = ADVANCED_FACE ( 'NONE', ( #217 ), #1255, .F. ) ;
#2734 = CARTESIAN_POINT ( 'NONE',  ( 1931.351351351352832, -1450.855855855854543, 450.0000000000000000 ) ) ;
#2735 = ORIENTED_EDGE ( 'NONE', *, *, #2404, .F. ) ;
#2736 = EDGE_CURVE ( 'NONE', #5929, #888, #1319, .T. ) ;
#2737 = ORIENTED_EDGE ( 'NONE', *, *, #3705, .F. ) ;
#2738 = EDGE_CURVE ( 'NONE', #6079, #3693, #4849, .T. ) ;
#2739 = CARTESIAN_POINT ( 'NONE',  ( 1913.785313619750468, -2650.960111606672399, 50.00000000000000000 ) ) ;
#2740 = ORIENTED_EDGE ( 'NONE', *, *, #2738, .F. ) ;
#2741 = LINE ( 'NONE', #6308, #670 ) ;
#2742 = ORIENTED_EDGE ( 'NONE', *, *, #1522, .T. ) ;
#2743 = ORIENTED_EDGE ( 'NONE', *, *, #6632, .T. ) ;
#2744 = DIRECTION ( 'NONE',  ( 1.000000000000000000, 0.000000000000000000, 0.000000000000000000 ) ) ;
#2745 = VECTOR ( 'NONE', #2042, 1000.000000000000000 ) ;
#2746 = DIRECTION ( 'NONE',  ( -0.000000000000000000, -1.000000000000000000, -0.000000000000000000 ) ) ;
#2747 = CARTESIAN_POINT ( 'NONE',  ( 1156.351351351352832, -1875.855855855854770, 252.0000000000000000 ) ) ;
#2748 = ORIENTED_EDGE ( 'NONE', *, *, #3570, .F. ) ;
#2749 = DIRECTION ( 'NONE',  ( 0.000000000000000000, 1.000000000000000000, 0.000000000000000000 ) ) ;
#2750 = VECTOR ( 'NONE', #2082, 1000.000000000000000 ) ;
#2751 = AXIS2_PLACEMENT_3D ( 'NONE', #5315, #3179, #3247 ) ;
#2752 = VECTOR ( 'NONE', #5888, 1000.000000000000000 ) ;
#2753 = EDGE_LOOP ( 'NONE', ( #403, #6729, #2797, #4426 ) ) ;
#2754 = VECTOR ( 'NONE', #4644, 1000.000000000000000 ) ;
#2755 = VECTOR ( 'NONE', #1748, 1000.000000000000000 ) ;
#2756 = VECTOR ( 'NONE', #4296, 1000.000000000000000 ) ;
#2757 = EDGE_LOOP ( 'NONE', ( #3182, #284, #4038, #6395, #3088 ) ) ;
#2758 = CARTESIAN_POINT ( 'NONE',  ( 1156.351351351353287, 1724.144144144144548, 451.0000000000000000 ) ) ;
#2759 = VERTEX_POINT ( 'NONE', #5975 ) ;
#2760 = DIRECTION ( 'NONE',  ( 1.000000000000000000, 0.000000000000000000, 0.000000000000000000 ) ) ;
#2761 = VECTOR ( 'NONE', #6737, 1000.000000000000000 ) ;
#2762 = CARTESIAN_POINT ( 'NONE',  ( 1490.752172914886160, 182.7057713251167570, 652.0000000000003411 ) ) ;
#2763 = AXIS2_PLACEMENT_3D ( 'NONE', #4654, #6733, #56 ) ;
#2764 = EDGE_LOOP ( 'NONE', ( #4527, #6716, #3548, #2953 ) ) ;
#2765 = LINE ( 'NONE', #4825, #2968 ) ;
#2766 = CARTESIAN_POINT ( 'NONE',  ( -42.48264923019517880, 1724.144144144144093, 251.0000000000000000 ) ) ;
#2767 = CARTESIAN_POINT ( 'NONE',  ( 1506.351351351353287, 1374.144144144144548, 450.0000000000000000 ) ) ;
#2768 = LINE ( 'NONE', #1134, #2217 ) ;
#2769 = CARTESIAN_POINT ( 'NONE',  ( 1490.752172914886160, 532.7057713251167570, 652.0000000000003411 ) ) ;
#2770 = ORIENTED_EDGE ( 'NONE', *, *, #1034, .T. ) ;
#2771 = VERTEX_POINT ( 'NONE', #1770 ) ;
#2772 = DIRECTION ( 'NONE',  ( 1.000000000000000000, -9.251858538542972814E-17, 0.000000000000000000 ) ) ;
#2773 = ORIENTED_EDGE ( 'NONE', *, *, #1436, .T. ) ;
#2774 = LINE ( 'NONE', #719, #1120 ) ;
#2775 = EDGE_CURVE ( 'NONE', #4294, #5402, #3846, .T. ) ;
#2776 = EDGE_CURVE ( 'NONE', #4973, #5389, #3255, .T. ) ;
#2777 = CARTESIAN_POINT ( 'NONE',  ( 0.000000000000000000, 0.000000000000000000, 651.0000000000003411 ) ) ;
#2778 = DIRECTION ( 'NONE',  ( -1.000000000000000000, 4.724353296277261913E-17, 0.000000000000000000 ) ) ;
#2779 = ORIENTED_EDGE ( 'NONE', *, *, #12, .F. ) ;
#2780 = VERTEX_POINT ( 'NONE', #1738 ) ;
#2781 = LINE ( 'NONE', #2239, #3635 ) ;
#2782 = AXIS2_PLACEMENT_3D ( 'NONE', #5684, #4027, #5097 ) ;
#2783 = ADVANCED_FACE ( 'NONE', ( #5326 ), #3809, .T. ) ;
#2784 =( LENGTH_UNIT ( ) NAMED_UNIT ( * ) SI_UNIT ( .MILLI., .METRE. ) );
#2785 = CARTESIAN_POINT ( 'NONE',  ( 0.000000000000000000, 0.000000000000000000, 252.0000000000000000 ) ) ;
#2786 = VERTEX_POINT ( 'NONE', #3882 ) ;
#2787 = CARTESIAN_POINT ( 'NONE',  ( 1931.351351351352832, 949.1441441441442066, 51.00000000000000711 ) ) ;
#2788 = VERTEX_POINT ( 'NONE', #5946 ) ;
#2789 = DIRECTION ( 'NONE',  ( 1.192237920446390406E-16, -1.000000000000000000, 0.000000000000000000 ) ) ;
#2790 = ORIENTED_EDGE ( 'NONE', *, *, #2941, .F. ) ;
#2791 = DIRECTION ( 'NONE',  ( 0.000000000000000000, -0.000000000000000000, 1.000000000000000000 ) ) ;
#2792 = PLANE ( 'NONE',  #3161 ) ;
#2793 = DIRECTION ( 'NONE',  ( 0.000000000000000000, 0.000000000000000000, 1.000000000000000000 ) ) ;
#2794 = ORIENTED_EDGE ( 'NONE', *, *, #4751, .T. ) ;
#2795 = CARTESIAN_POINT ( 'NONE',  ( 1919.291799940615647, -242.2942286748832430, 51.00000000000000711 ) ) ;
#2796 = CARTESIAN_POINT ( 'NONE',  ( 1506.351351351352832, -675.8558558558547702, 451.0000000000000000 ) ) ;
#2797 = ORIENTED_EDGE ( 'NONE', *, *, #4958, .T. ) ;
#2798 = LINE ( 'NONE', #90, #1334 ) ;
#2799 = CARTESIAN_POINT ( 'NONE',  ( 1490.752172914886160, 532.7057713251167570, 652.0000000000003411 ) ) ;
#2800 = ORIENTED_EDGE ( 'NONE', *, *, #2850, .T. ) ;
#2801 = CARTESIAN_POINT ( 'NONE',  ( -1618.648648648647168, -2600.855855855854770, 50.00000000000000000 ) ) ;
#2802 = CARTESIAN_POINT ( 'NONE',  ( -1243.648648648647168, -675.8558558558547702, 450.0000000000000000 ) ) ;
#2803 = ORIENTED_EDGE ( 'NONE', *, *, #900, .T. ) ;
#2804 = PLANE ( 'NONE',  #1451 ) ;
#2805 = DIRECTION ( 'NONE',  ( 0.000000000000000000, -1.000000000000000000, 0.000000000000000000 ) ) ;
#2806 = DIRECTION ( 'NONE',  ( 1.000000000000000000, -9.570888143320318106E-17, 0.000000000000000000 ) ) ;
#2807 = ORIENTED_EDGE ( 'NONE', *, *, #4743, .F. ) ;
#2808 = ORIENTED_EDGE ( 'NONE', *, *, #6261, .F. ) ;
#2809 = EDGE_CURVE ( 'NONE', #4202, #6257, #3399, .T. ) ;
#2810 = VECTOR ( 'NONE', #3911, 1000.000000000000000 ) ;
#2811 = LINE ( 'NONE', #5910, #3158 ) ;
#2812 = DIRECTION ( 'NONE',  ( -1.000000000000000000, -3.703815796601320752E-16, 0.000000000000000000 ) ) ;
#2813 = EDGE_CURVE ( 'NONE', #5522, #1385, #4581, .T. ) ;
#2814 = ORIENTED_EDGE ( 'NONE', *, *, #258, .F. ) ;
#2815 = DIRECTION ( 'NONE',  ( 3.172065784643305458E-16, 1.000000000000000000, -0.000000000000000000 ) ) ;
#2816 = ADVANCED_FACE ( 'NONE', ( #6587 ), #5962, .T. ) ;
#2817 = ORIENTED_EDGE ( 'NONE', *, *, #1827, .F. ) ;
#2818 = ORIENTED_EDGE ( 'NONE', *, *, #5397, .F. ) ;
#2819 = CARTESIAN_POINT ( 'NONE',  ( 3176.837698566488143, -4100.459402700869759, 50.00000000000000000 ) ) ;
#2820 = PRODUCT_DEFINITION ( 'UNKNOWN', '', #4069, #4650 ) ;
#2821 = CARTESIAN_POINT ( 'NONE',  ( -1243.648648648647168, -2225.855855855854770, 252.0000000000000000 ) ) ;
#2822 = LINE ( 'NONE', #4390, #3935 ) ;
#2823 = LINE ( 'NONE', #162, #5683 ) ;
#2824 = ORIENTED_EDGE ( 'NONE', *, *, #5595, .T. ) ;
#2825 = LINE ( 'NONE', #5950, #4487 ) ;
#2826 = DIRECTION ( 'NONE',  ( -1.000000000000000000, -3.172065784643304472E-16, -0.000000000000000000 ) ) ;
#2827 = DIRECTION ( 'NONE',  ( 0.000000000000000000, -1.000000000000000000, 0.000000000000000000 ) ) ;
#2828 = AXIS2_PLACEMENT_3D ( 'NONE', #3559, #4566, #5622 ) ;
#2829 = VERTEX_POINT ( 'NONE', #3387 ) ;
#2830 = ORIENTED_EDGE ( 'NONE', *, *, #1992, .T. ) ;
#2831 = CARTESIAN_POINT ( 'NONE',  ( -53.64864864864699001, -666.1949088771521019, 652.0000000000003411 ) ) ;
#2832 = ORIENTED_EDGE ( 'NONE', *, *, #1492, .T. ) ;
#2833 = LINE ( 'NONE', #5899, #2440 ) ;
#2834 = LINE ( 'NONE', #1375, #5237 ) ;
#2835 = LINE ( 'NONE', #2938, #3949 ) ;
#2836 = VECTOR ( 'NONE', #4556, 1000.000000000000000 ) ;
#2837 = CARTESIAN_POINT ( 'NONE',  ( -2918.648648648646486, -4100.855855855854315, 50.00000000000000000 ) ) ;
#2838 = LINE ( 'NONE', #5541, #5355 ) ;
#2839 = ORIENTED_EDGE ( 'NONE', *, *, #4146, .T. ) ;
#2840 = ORIENTED_EDGE ( 'NONE', *, *, #3479, .T. ) ;
#2841 = LINE ( 'NONE', #3494, #3262 ) ;
#2842 = DIRECTION ( 'NONE',  ( -1.586032892321651743E-16, 1.000000000000000000, -0.000000000000000000 ) ) ;
#2843 = ORIENTED_EDGE ( 'NONE', *, *, #6027, .T. ) ;
#2844 = CARTESIAN_POINT ( 'NONE',  ( -893.6486486486471676, 1722.892555011814466, 451.0000000000000000 ) ) ;
#2845 = ORIENTED_EDGE ( 'NONE', *, *, #4508, .T. ) ;
#2846 = EDGE_CURVE ( 'NONE', #3340, #2633, #332, .T. ) ;
#2847 = EDGE_CURVE ( 'NONE', #2235, #4852, #2876, .T. ) ;
#2848 = ORIENTED_EDGE ( 'NONE', *, *, #6, .F. ) ;
#2849 = CARTESIAN_POINT ( 'NONE',  ( 1186.351351351352832, -705.8558558558547702, 451.0000000000000000 ) ) ;
#2850 = EDGE_CURVE ( 'NONE', #1855, #1815, #970, .T. ) ;
#2851 = VECTOR ( 'NONE', #6682, 1000.000000000000000 ) ;
#2852 = EDGE_CURVE ( 'NONE', #2786, #4012, #473, .T. ) ;
#2853 = VECTOR ( 'NONE', #583, 1000.000000000000000 ) ;
#2854 = DIRECTION ( 'NONE',  ( -1.000000000000000000, -0.000000000000000000, -0.000000000000000000 ) ) ;
#2855 = LINE ( 'NONE', #5882, #654 ) ;
#2856 = EDGE_CURVE ( 'NONE', #4491, #2260, #2534, .T. ) ;
#2857 = ORIENTED_EDGE ( 'NONE', *, *, #2736, .T. ) ;
#2858 = VECTOR ( 'NONE', #677, 1000.000000000000000 ) ;
#2859 = VECTOR ( 'NONE', #6702, 1000.000000000000000 ) ;
#2860 = ADVANCED_FACE ( 'NONE', ( #5750 ), #2226, .F. ) ;
#2861 = CARTESIAN_POINT ( 'NONE',  ( 266.3513513513530029, -986.1949088771519882, 652.0000000000003411 ) ) ;
#2862 = VECTOR ( 'NONE', #1822, 1000.000000000000000 ) ;
#2863 = PLANE ( 'NONE',  #789 ) ;
#2864 = ORIENTED_EDGE ( 'NONE', *, *, #6140, .T. ) ;
#2865 = ADVANCED_FACE ( 'NONE', ( #1582 ), #1098, .F. ) ;
#2866 = DIRECTION ( 'NONE',  ( 0.000000000000000000, -0.000000000000000000, 1.000000000000000000 ) ) ;
#2867 = VECTOR ( 'NONE', #2501, 1000.000000000000000 ) ;
#2868 = ORIENTED_EDGE ( 'NONE', *, *, #4110, .T. ) ;
#2869 = ORIENTED_EDGE ( 'NONE', *, *, #2776, .F. ) ;
#2870 = LINE ( 'NONE', #5388, #2345 ) ;
#2871 = ORIENTED_EDGE ( 'NONE', *, *, #2608, .F. ) ;
#2872 = PLANE ( 'NONE',  #5790 ) ;
#2873 = DIRECTION ( 'NONE',  ( 1.000000000000000000, 0.000000000000000000, -0.000000000000000000 ) ) ;
#2874 = DIRECTION ( 'NONE',  ( 1.850371707708593823E-16, -1.000000000000000000, 0.000000000000000000 ) ) ;
#2875 = LINE ( 'NONE', #4434, #6008 ) ;
#2876 = LINE ( 'NONE', #2372, #517 ) ;
#2877 = EDGE_LOOP ( 'NONE', ( #5246, #2685, #715, #4102 ) ) ;
#2878 = EDGE_LOOP ( 'NONE', ( #3395, #5413, #4194, #5071 ) ) ;
#2879 = LINE ( 'NONE', #4945, #6348 ) ;
#2880 = VERTEX_POINT ( 'NONE', #1524 ) ;
#2881 = PLANE ( 'NONE',  #736 ) ;
#2882 = DIRECTION ( 'NONE',  ( -1.532028304060159970E-16, 1.000000000000000000, -0.000000000000000000 ) ) ;
#2883 = VECTOR ( 'NONE', #5980, 1000.000000000000000 ) ;
#2884 = ORIENTED_EDGE ( 'NONE', *, *, #5013, .F. ) ;
#2885 = AXIS2_PLACEMENT_3D ( 'NONE', #6371, #1712, #5266 ) ;
#2886 = VERTEX_POINT ( 'NONE', #1112 ) ;
#2887 = DIRECTION ( 'NONE',  ( 0.000000000000000000, 1.000000000000000000, -0.000000000000000000 ) ) ;
#2888 = CARTESIAN_POINT ( 'NONE',  ( 731.3513513513529460, -1450.855855855854543, 450.0000000000000000 ) ) ;
#2889 = EDGE_CURVE ( 'NONE', #5584, #1296, #2037, .T. ) ;
#2890 = PLANE ( 'NONE',  #3601 ) ;
#2891 = ORIENTED_EDGE ( 'NONE', *, *, #2191, .T. ) ;
#2892 = EDGE_CURVE ( 'NONE', #3055, #6654, #5732, .T. ) ;
#2893 = LINE ( 'NONE', #263, #3628 ) ;
#2894 = DIRECTION ( 'NONE',  ( -0.000000000000000000, -0.000000000000000000, -1.000000000000000000 ) ) ;
#2895 = ORIENTED_EDGE ( 'NONE', *, *, #4961, .F. ) ;
#2896 = DIRECTION ( 'NONE',  ( -0.000000000000000000, -0.000000000000000000, -1.000000000000000000 ) ) ;
#2897 = EDGE_CURVE ( 'NONE', #115, #6257, #4642, .T. ) ;
#2898 = ORIENTED_EDGE ( 'NONE', *, *, #1856, .F. ) ;
#2899 = DIRECTION ( 'NONE',  ( -0.000000000000000000, -1.000000000000000000, -0.000000000000000000 ) ) ;
#2900 = LINE ( 'NONE', #3867, #6143 ) ;
#2901 = VERTEX_POINT ( 'NONE', #6722 ) ;
#2902 = ADVANCED_FACE ( 'NONE', ( #8 ), #5769, .T. ) ;
#2903 = LINE ( 'NONE', #4030, #792 ) ;
#2904 = FACE_OUTER_BOUND ( 'NONE', #3881, .T. ) ;
#2905 = FACE_OUTER_BOUND ( 'NONE', #779, .T. ) ;
#2906 = CARTESIAN_POINT ( 'NONE',  ( -1618.648648648647168, -2600.855855855854770, 51.00000000000000711 ) ) ;
#2907 = LINE ( 'NONE', #4970, #1890 ) ;
#2908 = EDGE_CURVE ( 'NONE', #2390, #6306, #3058, .T. ) ;
#2909 = ORIENTED_EDGE ( 'NONE', *, *, #1726, .F. ) ;
#2910 = ORIENTED_EDGE ( 'NONE', *, *, #4523, .F. ) ;
#2911 = CARTESIAN_POINT ( 'NONE',  ( -1668.648648648647168, 2149.144144144145230, 450.0000000000000000 ) ) ;
#2912 = ORIENTED_EDGE ( 'NONE', *, *, #1658, .F. ) ;
#2913 = CARTESIAN_POINT ( 'NONE',  ( -477.9485211280458543, -1459.372486768057570, 51.00000000000000711 ) ) ;
#2914 = CARTESIAN_POINT ( 'NONE',  ( 1156.351351351352832, -2225.855855855854770, 252.0000000000000000 ) ) ;
#2915 = VERTEX_POINT ( 'NONE', #5704 ) ;
#2916 = CARTESIAN_POINT ( 'NONE',  ( 1506.351351351352832, -675.8558558558547702, 451.0000000000000000 ) ) ;
#2917 = ORIENTED_EDGE ( 'NONE', *, *, #6614, .T. ) ;
#2918 = ORIENTED_EDGE ( 'NONE', *, *, #48, .T. ) ;
#2919 = ORIENTED_EDGE ( 'NONE', *, *, #3983, .T. ) ;
#2920 = AXIS2_PLACEMENT_3D ( 'NONE', #2204, #1806, #1253 ) ;
#2921 = LINE ( 'NONE', #1388, #3403 ) ;
#2922 = CARTESIAN_POINT ( 'NONE',  ( 1490.752172914886160, 532.7057713251167570, 651.0000000000003411 ) ) ;
#2923 = CARTESIAN_POINT ( 'NONE',  ( 277.5173507698049207, 1404.144144144144320, 252.0000000000000000 ) ) ;
#2924 = LINE ( 'NONE', #5, #2423 ) ;
#2925 = CARTESIAN_POINT ( 'NONE',  ( 1883.785313619750468, -2650.960111606672399, 50.00000000000000000 ) ) ;
#2926 = CARTESIAN_POINT ( 'NONE',  ( -893.6486486486471676, -1875.855855855854770, 251.0000000000000000 ) ) ;
#2927 = EDGE_LOOP ( 'NONE', ( #3700, #3242, #4711, #2368 ) ) ;
#2928 = EDGE_CURVE ( 'NONE', #4349, #3708, #984, .T. ) ;
#2929 = DIRECTION ( 'NONE',  ( -0.000000000000000000, -1.000000000000000000, -0.000000000000000000 ) ) ;
#2930 = VERTEX_POINT ( 'NONE', #4739 ) ;
#2931 = ORIENTED_EDGE ( 'NONE', *, *, #2154, .F. ) ;
#2932 = CARTESIAN_POINT ( 'NONE',  ( -893.6486486486472813, -1025.855855855854543, 451.0000000000000000 ) ) ;
#2933 = CARTESIAN_POINT ( 'NONE',  ( 1156.351351351352832, -675.8558558558547702, 451.0000000000000000 ) ) ;
#2934 = DIRECTION ( 'NONE',  ( -0.000000000000000000, -0.000000000000000000, -1.000000000000000000 ) ) ;
#2935 = ORIENTED_EDGE ( 'NONE', *, *, #1202, .F. ) ;
#2936 = CARTESIAN_POINT ( 'NONE',  ( 1913.785313619750468, -2650.960111606672399, 51.00000000000000711 ) ) ;
#2937 = FACE_OUTER_BOUND ( 'NONE', #3243, .T. ) ;
#2938 = CARTESIAN_POINT ( 'NONE',  ( 1931.351351351352832, -250.8558558558547986, 450.0000000000000000 ) ) ;
#2939 = EDGE_CURVE ( 'NONE', #3037, #4191, #46, .T. ) ;
#2940 = PLANE ( 'NONE',  #5468 ) ;
#2941 = EDGE_CURVE ( 'NONE', #6671, #837, #3155, .T. ) ;
#2942 = ADVANCED_FACE ( 'NONE', ( #5117 ), #5667, .F. ) ;
#2943 = ORIENTED_EDGE ( 'NONE', *, *, #3820, .F. ) ;
#2944 = EDGE_LOOP ( 'NONE', ( #3545, #3929, #4721, #5059 ) ) ;
#2945 = AXIS2_PLACEMENT_3D ( 'NONE', #492, #1625, #4143 ) ;
#2946 = ADVANCED_FACE ( 'NONE', ( #2138, #3667 ), #4144, .T. ) ;
#2947 = ADVANCED_FACE ( 'NONE', ( #4216 ), #1628, .F. ) ;
#2948 = CARTESIAN_POINT ( 'NONE',  ( 1186.351351351352832, -705.8558558558547702, 451.0000000000000000 ) ) ;
#2949 = VECTOR ( 'NONE', #1157, 1000.000000000000000 ) ;
#2950 = DIRECTION ( 'NONE',  ( 0.000000000000000000, -1.000000000000000000, 0.000000000000000000 ) ) ;
#2951 = ORIENTED_EDGE ( 'NONE', *, *, #2571, .F. ) ;
#2952 = DIRECTION ( 'NONE',  ( 1.000000000000000000, 0.000000000000000000, -0.000000000000000000 ) ) ;
#2953 = ORIENTED_EDGE ( 'NONE', *, *, #4212, .T. ) ;
#2954 = ORIENTED_EDGE ( 'NONE', *, *, #6639, .T. ) ;
#2955 = VECTOR ( 'NONE', #4616, 1000.000000000000000 ) ;
#2956 = VERTEX_POINT ( 'NONE', #2553 ) ;
#2957 = DIRECTION ( 'NONE',  ( 3.703815796601320752E-16, -1.000000000000000000, 0.000000000000000000 ) ) ;
#2958 = DIRECTION ( 'NONE',  ( -0.000000000000000000, -1.000000000000000000, -0.000000000000000000 ) ) ;
#2959 = LINE ( 'NONE', #4213, #5569 ) ;
#2960 = VECTOR ( 'NONE', #496, 1000.000000000000000 ) ;
#2961 = VECTOR ( 'NONE', #884, 1000.000000000000000 ) ;
#2962 = ORIENTED_EDGE ( 'NONE', *, *, #5638, .T. ) ;
#2963 = CARTESIAN_POINT ( 'NONE',  ( 307.5173507698049207, 1374.144144144144320, 252.0000000000000000 ) ) ;
#2964 = DIRECTION ( 'NONE',  ( -1.000000000000000000, 0.000000000000000000, 0.000000000000000000 ) ) ;
#2965 = EDGE_LOOP ( 'NONE', ( #2954, #1293, #6164, #5284 ) ) ;
#2966 = VECTOR ( 'NONE', #199, 1000.000000000000000 ) ;
#2967 = DIRECTION ( 'NONE',  ( 0.000000000000000000, 0.000000000000000000, 1.000000000000000000 ) ) ;
#2968 = VECTOR ( 'NONE', #2254, 1000.000000000000000 ) ;
#2969 = DIRECTION ( 'NONE',  ( -0.000000000000000000, -0.000000000000000000, -1.000000000000000000 ) ) ;
#2970 = AXIS2_PLACEMENT_3D ( 'NONE', #6736, #6266, #1064 ) ;
#2971 = CARTESIAN_POINT ( 'NONE',  ( -42.48264923019517880, 1724.144144144144093, 252.0000000000000000 ) ) ;
#2972 = ORIENTED_EDGE ( 'NONE', *, *, #2483, .T. ) ;
#2973 = CARTESIAN_POINT ( 'NONE',  ( -451.0550733494790165, 947.8925550118144656, 251.0000000000000000 ) ) ;
#2974 = FACE_OUTER_BOUND ( 'NONE', #208, .T. ) ;
#2975 = CARTESIAN_POINT ( 'NONE',  ( 1140.752172914886160, 532.7057713251168707, 652.0000000000003411 ) ) ;
#2976 = ORIENTED_EDGE ( 'NONE', *, *, #6678, .T. ) ;
#2977 = VECTOR ( 'NONE', #4758, 1000.000000000000000 ) ;
#2978 = VECTOR ( 'NONE', #4246, 1000.000000000000000 ) ;
#2979 = AXIS2_PLACEMENT_3D ( 'NONE', #4328, #666, #4823 ) ;
#2980 = ORIENTED_EDGE ( 'NONE', *, *, #2688, .F. ) ;
#2981 = DIRECTION ( 'NONE',  ( 0.000000000000000000, -0.000000000000000000, -1.000000000000000000 ) ) ;
#2982 = EDGE_LOOP ( 'NONE', ( #2951, #6066, #528, #5161, #980, #2221, #2581, #579, #585, #2848, #4999, #4618 ) ) ;
#2983 = EDGE_CURVE ( 'NONE', #176, #4936, #595, .T. ) ;
#2984 = VECTOR ( 'NONE', #6637, 1000.000000000000000 ) ;
#2985 = EDGE_CURVE ( 'NONE', #3285, #4957, #4248, .T. ) ;
#2986 = DIRECTION ( 'NONE',  ( -0.000000000000000000, -0.000000000000000000, -1.000000000000000000 ) ) ;
#2987 = DIRECTION ( 'NONE',  ( 0.000000000000000000, -1.000000000000000000, 0.000000000000000000 ) ) ;
#2988 = CARTESIAN_POINT ( 'NONE',  ( 3126.837698566487234, -4100.459402700869759, 50.00000000000000000 ) ) ;
#2989 = ORIENTED_EDGE ( 'NONE', *, *, #4786, .T. ) ;
#2990 = PLANE ( 'NONE',  #5250 ) ;
#2991 = EDGE_CURVE ( 'NONE', #1386, #1258, #6692, .T. ) ;
#2992 = VERTEX_POINT ( 'NONE', #3094 ) ;
#2993 = ORIENTED_EDGE ( 'NONE', *, *, #6185, .T. ) ;
#2994 = ADVANCED_FACE ( 'NONE', ( #522 ), #5157, .T. ) ;
#2995 = EDGE_CURVE ( 'NONE', #2033, #830, #4381, .T. ) ;
#2996 = DIRECTION ( 'NONE',  ( 0.000000000000000000, -0.000000000000000000, -1.000000000000000000 ) ) ;
#2997 = EDGE_CURVE ( 'NONE', #1863, #3968, #3365, .T. ) ;
#2998 = CARTESIAN_POINT ( 'NONE',  ( 1156.351351351352832, -675.8558558558547702, 450.0000000000000000 ) ) ;
#2999 = PLANE ( 'NONE',  #4384 ) ;
#3000 = DIRECTION ( 'NONE',  ( -1.000000000000000000, -0.000000000000000000, -0.000000000000000000 ) ) ;
#3001 = FACE_OUTER_BOUND ( 'NONE', #3335, .T. ) ;
#3002 = ORIENTED_EDGE ( 'NONE', *, *, #5891, .T. ) ;
#3003 = DIRECTION ( 'NONE',  ( 4.724353296277261913E-17, 1.000000000000000000, 0.000000000000000000 ) ) ;
#3004 = LINE ( 'NONE', #5193, #4707 ) ;
#3005 = LINE ( 'NONE', #2342, #895 ) ;
#3006 = VERTEX_POINT ( 'NONE', #2787 ) ;
#3007 = DIRECTION ( 'NONE',  ( -0.000000000000000000, -0.000000000000000000, -1.000000000000000000 ) ) ;
#3008 = PLANE ( 'NONE',  #2565 ) ;
#3009 = VERTEX_POINT ( 'NONE', #5401 ) ;
#3010 = CARTESIAN_POINT ( 'NONE',  ( -68.64864864864672711, 174.1441441441443487, 451.0000000000000000 ) ) ;
#3011 = CARTESIAN_POINT ( 'NONE',  ( -1213.648648648647168, -2195.855855855854770, 252.0000000000000000 ) ) ;
#3012 = CARTESIAN_POINT ( 'NONE',  ( 1186.351351351352832, -995.8558558558545428, 450.0000000000000000 ) ) ;
#3013 = DIRECTION ( 'NONE',  ( 0.000000000000000000, -0.000000000000000000, 1.000000000000000000 ) ) ;
#3014 = DIRECTION ( 'NONE',  ( 0.000000000000000000, -0.000000000000000000, 1.000000000000000000 ) ) ;
#3015 = ORIENTED_EDGE ( 'NONE', *, *, #4522, .T. ) ;
#3016 = LINE ( 'NONE', #2442, #1088 ) ;
#3017 = ORIENTED_EDGE ( 'NONE', *, *, #4515, .T. ) ;
#3018 = LINE ( 'NONE', #3592, #6328 ) ;
#3019 = FACE_BOUND ( 'NONE', #538, .T. ) ;
#3020 = EDGE_CURVE ( 'NONE', #2829, #6155, #5431, .T. ) ;
#3021 = ORIENTED_EDGE ( 'NONE', *, *, #1066, .F. ) ;
#3022 = DIRECTION ( 'NONE',  ( -0.000000000000000000, 0.000000000000000000, -1.000000000000000000 ) ) ;
#3023 = DIRECTION ( 'NONE',  ( -0.000000000000000000, -0.000000000000000000, -1.000000000000000000 ) ) ;
#3024 = EDGE_CURVE ( 'NONE', #4791, #1059, #5874, .T. ) ;
#3025 = ORIENTED_EDGE ( 'NONE', *, *, #6566, .F. ) ;
#3026 = ORIENTED_EDGE ( 'NONE', *, *, #5170, .T. ) ;
#3027 = EDGE_CURVE ( 'NONE', #2427, #2344, #2274, .T. ) ;
#3028 = LINE ( 'NONE', #1935, #4865 ) ;
#3029 = EDGE_CURVE ( 'NONE', #2285, #3081, #6393, .T. ) ;
#3030 = DIRECTION ( 'NONE',  ( 1.189524669241239608E-16, -1.000000000000000000, 0.000000000000000000 ) ) ;
#3031 = VECTOR ( 'NONE', #2305, 1000.000000000000000 ) ;
#3032 = ADVANCED_FACE ( 'NONE', ( #3807 ), #3880, .F. ) ;
#3033 = ADVANCED_FACE ( 'NONE', ( #1216 ), #5324, .F. ) ;
#3034 = ORIENTED_EDGE ( 'NONE', *, *, #3444, .F. ) ;
#3035 = CARTESIAN_POINT ( 'NONE',  ( 1506.351351351353287, 1724.144144144144548, 450.0000000000000000 ) ) ;
#3036 = DIRECTION ( 'NONE',  ( -1.000000000000000000, 0.000000000000000000, 0.000000000000000000 ) ) ;
#3037 = VERTEX_POINT ( 'NONE', #732 ) ;
#3038 = CARTESIAN_POINT ( 'NONE',  ( -38.64864864864676974, 494.1441441441443203, 451.0000000000000000 ) ) ;
#3039 = FACE_OUTER_BOUND ( 'NONE', #588, .T. ) ;
#3040 = VERTEX_POINT ( 'NONE', #4816 ) ;
#3041 = CARTESIAN_POINT ( 'NONE',  ( -1213.648648648647168, -1905.855855855854770, 252.0000000000000000 ) ) ;
#3042 = CARTESIAN_POINT ( 'NONE',  ( 3181.351351351352150, -4100.855855855855225, 0.000000000000000000 ) ) ;
#3043 = CARTESIAN_POINT ( 'NONE',  ( 1928.964900017874243, -2649.473361566354015, 251.0000000000000000 ) ) ;
#3044 = PLANE ( 'NONE',  #4694 ) ;
#3045 = DIRECTION ( 'NONE',  ( -1.000000000000000000, 0.000000000000000000, -0.000000000000000000 ) ) ;
#3046 = EDGE_LOOP ( 'NONE', ( #1378, #6172, #6157, #5008 ) ) ;
#3047 = CARTESIAN_POINT ( 'NONE',  ( -1242.844139922891600, 524.1441441441452298, 252.0000000000000000 ) ) ;
#3048 = ORIENTED_EDGE ( 'NONE', *, *, #557, .T. ) ;
#3049 = FACE_OUTER_BOUND ( 'NONE', #1687, .T. ) ;
#3050 = DIRECTION ( 'NONE',  ( 0.000000000000000000, -1.000000000000000000, 0.000000000000000000 ) ) ;
#3051 = ORIENTED_EDGE ( 'NONE', *, *, #3985, .T. ) ;
#3052 = DIRECTION ( 'NONE',  ( 9.570888143320318106E-17, 1.000000000000000000, -0.000000000000000000 ) ) ;
#3053 =( GEOMETRIC_REPRESENTATION_CONTEXT ( 3 ) GLOBAL_UNCERTAINTY_ASSIGNED_CONTEXT ( ( #1056 ) ) GLOBAL_UNIT_ASSIGNED_CONTEXT ( ( #3639, #1081, #5703 ) ) REPRESENTATION_CONTEXT ( 'NONE', 'WORKASPACE' ) );
#3054 = ORIENTED_EDGE ( 'NONE', *, *, #1751, .F. ) ;
#3055 = VERTEX_POINT ( 'NONE', #1149 ) ;
#3056 = AXIS2_PLACEMENT_3D ( 'NONE', #822, #6539, #3865 ) ;
#3057 = DIRECTION ( 'NONE',  ( -0.000000000000000000, 1.000000000000000000, -0.000000000000000000 ) ) ;
#3058 = LINE ( 'NONE', #4712, #2488 ) ;
#3059 = PLANE ( 'NONE',  #2628 ) ;
#3060 = EDGE_CURVE ( 'NONE', #5047, #5621, #1179, .T. ) ;
#3061 = ADVANCED_FACE ( 'NONE', ( #3293 ), #701, .T. ) ;
#3062 = EDGE_CURVE ( 'NONE', #4012, #3390, #4289, .T. ) ;
#3063 = ORIENTED_EDGE ( 'NONE', *, *, #5671, .F. ) ;
#3064 = CARTESIAN_POINT ( 'NONE',  ( 1476.351351351352832, -1905.855855855854770, 252.0000000000000000 ) ) ;
#3065 = EDGE_LOOP ( 'NONE', ( #3114, #4979, #134, #3245, #4833, #3149 ) ) ;
#3066 = ADVANCED_FACE ( 'NONE', ( #5943 ), #1768, .T. ) ;
#3067 = FACE_OUTER_BOUND ( 'NONE', #136, .T. ) ;
#3068 = LINE ( 'NONE', #6699, #6684 ) ;
#3069 = ORIENTED_EDGE ( 'NONE', *, *, #6711, .F. ) ;
#3070 = VECTOR ( 'NONE', #4424, 1000.000000000000000 ) ;
#3071 = LINE ( 'NONE', #1130, #6453 ) ;
#3072 = CARTESIAN_POINT ( 'NONE',  ( 731.3513513513529460, 0.000000000000000000, 450.0000000000000000 ) ) ;
#3073 = DIRECTION ( 'NONE',  ( 0.000000000000000000, -0.000000000000000000, 1.000000000000000000 ) ) ;
#3074 = EDGE_CURVE ( 'NONE', #265, #333, #1285, .T. ) ;
#3075 = DIRECTION ( 'NONE',  ( -1.000000000000000000, 0.000000000000000000, 0.000000000000000000 ) ) ;
#3076 = VECTOR ( 'NONE', #6646, 1000.000000000000000 ) ;
#3077 = AXIS2_PLACEMENT_3D ( 'NONE', #5393, #4056, #245 ) ;
#3078 = ORIENTED_EDGE ( 'NONE', *, *, #4080, .T. ) ;
#3079 = VECTOR ( 'NONE', #5774, 1000.000000000000000 ) ;
#3080 = CARTESIAN_POINT ( 'NONE',  ( 1186.351351351353287, 1404.144144144144775, 451.0000000000000000 ) ) ;
#3081 = VERTEX_POINT ( 'NONE', #6489 ) ;
#3082 = DIRECTION ( 'NONE',  ( -0.000000000000000000, -1.000000000000000000, -0.000000000000000000 ) ) ;
#3083 = VECTOR ( 'NONE', #2400, 1000.000000000000000 ) ;
#3084 = VECTOR ( 'NONE', #3585, 1000.000000000000000 ) ;
#3085 = AXIS2_PLACEMENT_3D ( 'NONE', #3010, #5072, #6035 ) ;
#3086 = PLANE ( 'NONE',  #672 ) ;
#3087 = LINE ( 'NONE', #3917, #3555 ) ;
#3088 = ORIENTED_EDGE ( 'NONE', *, *, #1272, .T. ) ;
#3089 = PLANE ( 'NONE',  #352 ) ;
#3090 = VERTEX_POINT ( 'NONE', #3738 ) ;
#3091 = VECTOR ( 'NONE', #4575, 1000.000000000000000 ) ;
#3092 = VECTOR ( 'NONE', #1350, 1000.000000000000000 ) ;
#3093 = ORIENTED_EDGE ( 'NONE', *, *, #520, .F. ) ;
#3094 = CARTESIAN_POINT ( 'NONE',  ( 1883.785313619750468, -4100.310651257746940, 51.00000000000000711 ) ) ;
#3095 = DIRECTION ( 'NONE',  ( -0.000000000000000000, -0.000000000000000000, -1.000000000000000000 ) ) ;
#3096 = EDGE_LOOP ( 'NONE', ( #255, #1818, #5947, #3265 ) ) ;
#3097 = VECTOR ( 'NONE', #2157, 1000.000000000000000 ) ;
#3098 = CARTESIAN_POINT ( 'NONE',  ( -2918.382539233229181, 3348.907565514117778, 150.0000000000000284 ) ) ;
#3099 = EDGE_CURVE ( 'NONE', #2632, #3538, #5808, .T. ) ;
#3100 = ORIENTED_EDGE ( 'NONE', *, *, #5940, .T. ) ;
#3101 = EDGE_CURVE ( 'NONE', #4962, #5867, #1702, .T. ) ;
#3102 = FACE_OUTER_BOUND ( 'NONE', #5154, .T. ) ;
#3103 = DIRECTION ( 'NONE',  ( 0.000000000000000000, -0.000000000000000000, 1.000000000000000000 ) ) ;
#3104 = ORIENTED_EDGE ( 'NONE', *, *, #6058, .T. ) ;
#3105 = CARTESIAN_POINT ( 'NONE',  ( -1213.648648648647168, 1692.892555011814238, 450.0000000000000000 ) ) ;
#3106 = CARTESIAN_POINT ( 'NONE',  ( -8.781347354308064343E-14, 949.1441441441444340, 50.00000000000000000 ) ) ;
#3107 = VECTOR ( 'NONE', #121, 1000.000000000000000 ) ;
#3108 = CARTESIAN_POINT ( 'NONE',  ( -1661.268387826372191, -1459.372486768057570, 251.0000000000000000 ) ) ;
#3109 = FACE_OUTER_BOUND ( 'NONE', #6597, .T. ) ;
#3110 = PLANE ( 'NONE',  #4068 ) ;
#3111 = EDGE_CURVE ( 'NONE', #4002, #415, #3396, .T. ) ;
#3112 = ORIENTED_EDGE ( 'NONE', *, *, #5767, .F. ) ;
#3113 = ADVANCED_FACE ( 'NONE', ( #834 ), #947, .F. ) ;
#3114 = ORIENTED_EDGE ( 'NONE', *, *, #6509, .F. ) ;
#3115 = EDGE_CURVE ( 'NONE', #3936, #168, #1455, .T. ) ;
#3116 = EDGE_CURVE ( 'NONE', #5644, #1932, #4947, .T. ) ;
#3117 = EDGE_LOOP ( 'NONE', ( #6045, #3377, #3883, #2770 ) ) ;
#3118 = CARTESIAN_POINT ( 'NONE',  ( -1668.648648648647168, -2650.855855855854770, 51.00000000000000711 ) ) ;
#3119 = ORIENTED_EDGE ( 'NONE', *, *, #2856, .F. ) ;
#3120 = ORIENTED_EDGE ( 'NONE', *, *, #3029, .F. ) ;
#3121 = DIRECTION ( 'NONE',  ( 0.000000000000000000, -1.000000000000000000, 0.000000000000000000 ) ) ;
#3122 = DIRECTION ( 'NONE',  ( 1.000000000000000000, -0.000000000000000000, -0.000000000000000000 ) ) ;
#3123 = CARTESIAN_POINT ( 'NONE',  ( 1460.752172914886160, 502.7057713251168707, 652.0000000000003411 ) ) ;
#3124 = LINE ( 'NONE', #5770, #756 ) ;
#3125 = CARTESIAN_POINT ( 'NONE',  ( 1506.351351351353287, 1724.144144144144548, 451.0000000000000000 ) ) ;
#3126 = ORIENTED_EDGE ( 'NONE', *, *, #6691, .F. ) ;
#3127 = DIRECTION ( 'NONE',  ( -4.724353296277261913E-17, -1.000000000000000000, 0.000000000000000000 ) ) ;
#3128 = ORIENTED_EDGE ( 'NONE', *, *, #4115, .T. ) ;
#3129 = CARTESIAN_POINT ( 'NONE',  ( -923.6486486486471676, -995.8558558558545428, 451.0000000000000000 ) ) ;
#3130 = FACE_OUTER_BOUND ( 'NONE', #1729, .T. ) ;
#3131 = ORIENTED_EDGE ( 'NONE', *, *, #1992, .F. ) ;
#3132 = CARTESIAN_POINT ( 'NONE',  ( -923.6486486486471676, -995.8558558558545428, 450.0000000000000000 ) ) ;
#3133 = CARTESIAN_POINT ( 'NONE',  ( -1242.844139922891600, 524.1441441441452298, 252.0000000000000000 ) ) ;
#3134 = CARTESIAN_POINT ( 'NONE',  ( -1213.648648648647168, -1905.855855855854770, 252.0000000000000000 ) ) ;
#3135 = PLANE ( 'NONE',  #18 ) ;
#3136 = DIRECTION ( 'NONE',  ( -0.000000000000000000, -0.000000000000000000, -1.000000000000000000 ) ) ;
#3137 = VECTOR ( 'NONE', #4614, 1000.000000000000000 ) ;
#3138 = ORIENTED_EDGE ( 'NONE', *, *, #956, .T. ) ;
#3139 = ORIENTED_EDGE ( 'NONE', *, *, #3820, .T. ) ;
#3140 = CARTESIAN_POINT ( 'NONE',  ( 281.3513513513531734, 524.1441441441443203, 450.0000000000000000 ) ) ;
#3141 = ADVANCED_FACE ( 'NONE', ( #345 ), #2451, .F. ) ;
#3142 = LINE ( 'NONE', #5109, #5460 ) ;
#3143 = EDGE_CURVE ( 'NONE', #4120, #265, #6046, .T. ) ;
#3144 = EDGE_CURVE ( 'NONE', #2915, #3519, #6523, .T. ) ;
#3145 = DIRECTION ( 'NONE',  ( -0.000000000000000000, -0.000000000000000000, -1.000000000000000000 ) ) ;
#3146 = LINE ( 'NONE', #1171, #4906 ) ;
#3147 = CARTESIAN_POINT ( 'NONE',  ( -1213.648648648647168, -995.8558558558545428, 451.0000000000000000 ) ) ;
#3148 = CARTESIAN_POINT ( 'NONE',  ( -468.6486486486469971, -2600.855855855854770, 51.00000000000000711 ) ) ;
#3149 = ORIENTED_EDGE ( 'NONE', *, *, #6564, .T. ) ;
#3150 = DIRECTION ( 'NONE',  ( 1.000000000000000000, 0.000000000000000000, 0.000000000000000000 ) ) ;
#3151 = ORIENTED_EDGE ( 'NONE', *, *, #2939, .F. ) ;
#3152 = EDGE_CURVE ( 'NONE', #5047, #4045, #6595, .T. ) ;
#3153 = DIRECTION ( 'NONE',  ( 1.000000000000000000, 0.000000000000000000, 0.000000000000000000 ) ) ;
#3154 = DIRECTION ( 'NONE',  ( -0.000000000000000000, -0.000000000000000000, -1.000000000000000000 ) ) ;
#3155 = LINE ( 'NONE', #6283, #971 ) ;
#3156 = LINE ( 'NONE', #5220, #6207 ) ;
#3157 = EDGE_CURVE ( 'NONE', #6155, #2780, #1864, .T. ) ;
#3158 = VECTOR ( 'NONE', #1213, 1000.000000000000000 ) ;
#3159 = ORIENTED_EDGE ( 'NONE', *, *, #1978, .F. ) ;
#3160 = CARTESIAN_POINT ( 'NONE',  ( 1186.351351351352832, -1905.855855855854770, 252.0000000000000000 ) ) ;
#3161 = AXIS2_PLACEMENT_3D ( 'NONE', #4882, #223, #5408 ) ;
#3162 = LINE ( 'NONE', #6321, #2336 ) ;
#3163 = VERTEX_POINT ( 'NONE', #873 ) ;
#3164 = LINE ( 'NONE', #5264, #4141 ) ;
#3165 = CARTESIAN_POINT ( 'NONE',  ( -68.64864864864672711, 174.1441441441443487, 450.0000000000000000 ) ) ;
#3166 = EDGE_LOOP ( 'NONE', ( #225, #3812, #4465, #4211 ) ) ;
#3167 = CARTESIAN_POINT ( 'NONE',  ( -38.64864864864676974, 494.1441441441443203, 451.0000000000000000 ) ) ;
#3168 = DIRECTION ( 'NONE',  ( 0.000000000000000000, -0.000000000000000000, 1.000000000000000000 ) ) ;
#3169 = FACE_OUTER_BOUND ( 'NONE', #2982, .T. ) ;
#3170 = LINE ( 'NONE', #610, #5574 ) ;
#3171 = DIRECTION ( 'NONE',  ( 0.000000000000000000, -0.000000000000000000, 1.000000000000000000 ) ) ;
#3172 = ORIENTED_EDGE ( 'NONE', *, *, #3739, .F. ) ;
#3173 = ORIENTED_EDGE ( 'NONE', *, *, #2527, .F. ) ;
#3174 = FACE_OUTER_BOUND ( 'NONE', #5916, .T. ) ;
#3175 = VECTOR ( 'NONE', #1421, 1000.000000000000000 ) ;
#3176 = VECTOR ( 'NONE', #1007, 1000.000000000000000 ) ;
#3177 = CARTESIAN_POINT ( 'NONE',  ( -1661.268387826372191, -2638.672188960770200, 51.00000000000000711 ) ) ;
#3178 = EDGE_CURVE ( 'NONE', #5928, #6657, #1383, .T. ) ;
#3179 = DIRECTION ( 'NONE',  ( -1.000000000000000000, 0.000000000000000000, 0.000000000000000000 ) ) ;
#3180 = ORIENTED_EDGE ( 'NONE', *, *, #2102, .T. ) ;
#3181 = CARTESIAN_POINT ( 'NONE',  ( -13.64864864864695626, -2195.855855855854770, 451.0000000000000000 ) ) ;
#3182 = ORIENTED_EDGE ( 'NONE', *, *, #810, .T. ) ;
#3183 = VECTOR ( 'NONE', #1094, 1000.000000000000000 ) ;
#3184 = ADVANCED_FACE ( 'NONE', ( #2381 ), #802, .T. ) ;
#3185 = AXIS2_PLACEMENT_3D ( 'NONE', #328, #4500, #1823 ) ;
#3186 = VECTOR ( 'NONE', #4624, 1000.000000000000000 ) ;
#3187 = VECTOR ( 'NONE', #3023, 1000.000000000000000 ) ;
#3188 = AXIS2_PLACEMENT_3D ( 'NONE', #3562, #944, #2577 ) ;
#3189 = EDGE_LOOP ( 'NONE', ( #6260, #3350, #578, #6461 ) ) ;
#3190 = DIRECTION ( 'NONE',  ( 1.000000000000000000, 0.000000000000000000, 0.000000000000000000 ) ) ;
#3191 = EDGE_CURVE ( 'NONE', #6271, #653, #3464, .T. ) ;
#3192 = DIRECTION ( 'NONE',  ( -7.930164461608258714E-17, 1.000000000000000000, 0.000000000000000000 ) ) ;
#3193 = VECTOR ( 'NONE', #4726, 1000.000000000000000 ) ;
#3194 = ORIENTED_EDGE ( 'NONE', *, *, #1358, .F. ) ;
#3195 = ADVANCED_FACE ( 'NONE', ( #4574 ), #3537, .T. ) ;
#3196 = ADVANCED_FACE ( 'NONE', ( #3942 ), #2881, .F. ) ;
#3197 = CARTESIAN_POINT ( 'NONE',  ( -922.8441399228915998, 494.1441441441452298, 252.0000000000000000 ) ) ;
#3198 = VERTEX_POINT ( 'NONE', #1835 ) ;
#3199 = LINE ( 'NONE', #5195, #541 ) ;
#3200 = CARTESIAN_POINT ( 'NONE',  ( 1506.351351351352832, -675.8558558558547702, 450.0000000000000000 ) ) ;
#3201 = DIRECTION ( 'NONE',  ( -1.000000000000000000, 1.456030196229713880E-16, 0.000000000000000000 ) ) ;
#3202 = ORIENTED_EDGE ( 'NONE', *, *, #4963, .T. ) ;
#3203 = DIRECTION ( 'NONE',  ( 0.000000000000000000, -0.000000000000000000, -1.000000000000000000 ) ) ;
#3204 = PLANE ( 'NONE',  #1119 ) ;
#3205 = CARTESIAN_POINT ( 'NONE',  ( -463.2964566313568753, -261.9442023300435949, 51.00000000000000711 ) ) ;
#3206 = AXIS2_PLACEMENT_3D ( 'NONE', #3047, #6167, #3625 ) ;
#3207 = DIRECTION ( 'NONE',  ( -1.000000000000000000, 0.000000000000000000, 0.000000000000000000 ) ) ;
#3208 = CARTESIAN_POINT ( 'NONE',  ( -451.0550733494790165, -247.8776232719740733, 251.0000000000000000 ) ) ;
#3209 = DIRECTION ( 'NONE',  ( 0.000000000000000000, -1.000000000000000000, 0.000000000000000000 ) ) ;
#3210 = ORIENTED_EDGE ( 'NONE', *, *, #2449, .F. ) ;
#3211 = ORIENTED_EDGE ( 'NONE', *, *, #2889, .F. ) ;
#3212 = DIRECTION ( 'NONE',  ( 0.000000000000000000, -1.000000000000000000, 0.000000000000000000 ) ) ;
#3213 = PLANE ( 'NONE',  #2236 ) ;
#3214 = AXIS2_PLACEMENT_3D ( 'NONE', #6642, #465, #6670 ) ;
#3215 = CARTESIAN_POINT ( 'NONE',  ( 731.3513513513531734, 0.000000000000000000, 450.0000000000000000 ) ) ;
#3216 = LINE ( 'NONE', #6305, #4489 ) ;
#3217 = ORIENTED_EDGE ( 'NONE', *, *, #6709, .F. ) ;
#3218 = ORIENTED_EDGE ( 'NONE', *, *, #419, .F. ) ;
#3219 = DIRECTION ( 'NONE',  ( -1.586032892321652236E-16, 1.000000000000000000, -0.000000000000000000 ) ) ;
#3220 = DIRECTION ( 'NONE',  ( 1.000000000000000000, 0.000000000000000000, 0.000000000000000000 ) ) ;
#3221 = DIRECTION ( 'NONE',  ( -0.000000000000000000, -0.000000000000000000, -1.000000000000000000 ) ) ;
#3222 = EDGE_CURVE ( 'NONE', #6123, #2387, #6006, .T. ) ;
#3223 = LINE ( 'NONE', #2715, #1892 ) ;
#3224 = EDGE_LOOP ( 'NONE', ( #4883, #1393, #3446, #1544 ) ) ;
#3225 = DIRECTION ( 'NONE',  ( -1.000000000000000000, -0.000000000000000000, -0.000000000000000000 ) ) ;
#3226 = LINE ( 'NONE', #2107, #5019 ) ;
#3227 = EDGE_CURVE ( 'NONE', #2617, #1713, #4474, .T. ) ;
#3228 = ORIENTED_EDGE ( 'NONE', *, *, #4187, .F. ) ;
#3229 = LINE ( 'NONE', #250, #1559 ) ;
#3230 = ADVANCED_FACE ( 'NONE', ( #909 ), #2990, .F. ) ;
#3231 = ADVANCED_FACE ( 'NONE', ( #6146 ), #1487, .F. ) ;
#3232 = CARTESIAN_POINT ( 'NONE',  ( 1931.351351351352832, -250.8558558558547986, 50.99999999999999289 ) ) ;
#3233 = ORIENTED_EDGE ( 'NONE', *, *, #1034, .F. ) ;
#3234 = LINE ( 'NONE', #4295, #1311 ) ;
#3235 = CARTESIAN_POINT ( 'NONE',  ( -1243.648648648647168, -675.8558558558547702, 451.0000000000000000 ) ) ;
#3236 = ORIENTED_EDGE ( 'NONE', *, *, #6263, .F. ) ;
#3237 = FACE_OUTER_BOUND ( 'NONE', #785, .T. ) ;
#3238 = CARTESIAN_POINT ( 'NONE',  ( 1476.351351351353287, 1694.144144144144548, 451.0000000000000000 ) ) ;
#3239 = CARTESIAN_POINT ( 'NONE',  ( 277.5173507698049207, 1404.144144144144320, 251.0000000000000000 ) ) ;
#3240 = PLANE ( 'NONE',  #5692 ) ;
#3241 = LINE ( 'NONE', #714, #5344 ) ;
#3242 = ORIENTED_EDGE ( 'NONE', *, *, #2985, .F. ) ;
#3243 = EDGE_LOOP ( 'NONE', ( #3465, #2508, #2306, #3253 ) ) ;
#3244 = FACE_BOUND ( 'NONE', #6436, .T. ) ;
#3245 = ORIENTED_EDGE ( 'NONE', *, *, #5392, .F. ) ;
#3246 = DIRECTION ( 'NONE',  ( 1.586032892321652236E-16, -1.000000000000000000, 0.000000000000000000 ) ) ;
#3247 = DIRECTION ( 'NONE',  ( 0.000000000000000000, 0.000000000000000000, 1.000000000000000000 ) ) ;
#3248 = ORIENTED_EDGE ( 'NONE', *, *, #6603, .T. ) ;
#3249 = ORIENTED_EDGE ( 'NONE', *, *, #3144, .F. ) ;
#3250 = DIRECTION ( 'NONE',  ( 0.000000000000000000, -1.000000000000000000, 0.000000000000000000 ) ) ;
#3251 = SURFACE_SIDE_STYLE ('',( #621 ) ) ;
#3252 = FACE_OUTER_BOUND ( 'NONE', #924, .T. ) ;
#3253 = ORIENTED_EDGE ( 'NONE', *, *, #4961, .T. ) ;
#3254 = EDGE_LOOP ( 'NONE', ( #2041, #2434, #4630, #6628 ) ) ;
#3255 = LINE ( 'NONE', #5917, #5735 ) ;
#3256 = ORIENTED_EDGE ( 'NONE', *, *, #1525, .F. ) ;
#3257 = FILL_AREA_STYLE ('',( #5438 ) ) ;
#3258 = CARTESIAN_POINT ( 'NONE',  ( 1476.351351351352832, -705.8558558558547702, 450.0000000000000000 ) ) ;
#3259 = CARTESIAN_POINT ( 'NONE',  ( 3176.837698566487234, 3348.351809431109359, 150.0000000000000284 ) ) ;
#3260 = EDGE_CURVE ( 'NONE', #6524, #4107, #6203, .T. ) ;
#3261 = ORIENTED_EDGE ( 'NONE', *, *, #691, .F. ) ;
#3262 = VECTOR ( 'NONE', #4412, 1000.000000000000000 ) ;
#3263 = DIRECTION ( 'NONE',  ( 0.000000000000000000, -0.000000000000000000, -1.000000000000000000 ) ) ;
#3264 = DIRECTION ( 'NONE',  ( -0.000000000000000000, -0.000000000000000000, -1.000000000000000000 ) ) ;
#3265 = ORIENTED_EDGE ( 'NONE', *, *, #1063, .T. ) ;
#3266 = ADVANCED_FACE ( 'NONE', ( #6011 ), #5349, .F. ) ;
#3267 = EDGE_CURVE ( 'NONE', #2215, #1855, #137, .T. ) ;
#3268 = CARTESIAN_POINT ( 'NONE',  ( 732.4691333359016880, -1452.608405685351499, 251.0000000000000000 ) ) ;
#3269 = LINE ( 'NONE', #88, #6551 ) ;
#3270 = VERTEX_POINT ( 'NONE', #6380 ) ;
#3271 = CARTESIAN_POINT ( 'NONE',  ( 701.0708180236888438, -1441.194908877152102, 51.00000000000000711 ) ) ;
#3272 = CARTESIAN_POINT ( 'NONE',  ( 729.0204228011621126, 2148.025372459793289, 51.00000000000000711 ) ) ;
#3273 = CLOSED_SHELL ( 'NONE', ( #1691, #4601, #3230, #463, #6003, #3066, #5812, #511, #1281, #1491, #3033, #5205, #2569, #4017, #5137, #2147 ) ) ;
#3274 = FACE_OUTER_BOUND ( 'NONE', #1468, .T. ) ;
#3275 = ORIENTED_EDGE ( 'NONE', *, *, #5254, .F. ) ;
#3276 = ORIENTED_EDGE ( 'NONE', *, *, #1937, .F. ) ;
#3277 = CARTESIAN_POINT ( 'NONE',  ( 306.3513513513530029, -1875.855855855854770, 451.0000000000000000 ) ) ;
#3278 = ORIENTED_EDGE ( 'NONE', *, *, #350, .F. ) ;
#3279 = VECTOR ( 'NONE', #2958, 1000.000000000000000 ) ;
#3280 = EDGE_CURVE ( 'NONE', #5714, #5958, #6341, .T. ) ;
#3281 = DIRECTION ( 'NONE',  ( 4.724353296277261913E-17, 1.000000000000000000, 0.000000000000000000 ) ) ;
#3282 = LINE ( 'NONE', #4237, #5132 ) ;
#3283 = VECTOR ( 'NONE', #5291, 1000.000000000000000 ) ;
#3284 = FACE_OUTER_BOUND ( 'NONE', #4565, .T. ) ;
#3285 = VERTEX_POINT ( 'NONE', #6504 ) ;
#3286 = DIRECTION ( 'NONE',  ( 0.000000000000000000, -0.000000000000000000, -1.000000000000000000 ) ) ;
#3287 = EDGE_LOOP ( 'NONE', ( #4543, #5343, #6361, #2624, #1254, #3475, #3850, #6483 ) ) ;
#3288 = VECTOR ( 'NONE', #5412, 1000.000000000000000 ) ;
#3289 = VECTOR ( 'NONE', #3470, 1000.000000000000000 ) ;
#3290 = FACE_OUTER_BOUND ( 'NONE', #804, .T. ) ;
#3291 = LINE ( 'NONE', #6315, #243 ) ;
#3292 = ORIENTED_EDGE ( 'NONE', *, *, #277, .T. ) ;
#3293 = FACE_OUTER_BOUND ( 'NONE', #3996, .T. ) ;
#3294 = VECTOR ( 'NONE', #1842, 1000.000000000000000 ) ;
#3295 = VECTOR ( 'NONE', #5854, 1000.000000000000000 ) ;
#3296 = VECTOR ( 'NONE', #752, 1000.000000000000000 ) ;
#3297 = ORIENTED_EDGE ( 'NONE', *, *, #1012, .T. ) ;
#3298 = VECTOR ( 'NONE', #2882, 1000.000000000000000 ) ;
#3299 = AXIS2_PLACEMENT_3D ( 'NONE', #1283, #3363, #4813 ) ;
#3300 = VECTOR ( 'NONE', #4560, 1000.000000000000000 ) ;
#3301 = ORIENTED_EDGE ( 'NONE', *, *, #356, .T. ) ;
#3302 = DIRECTION ( 'NONE',  ( 0.000000000000000000, -1.000000000000000000, 0.000000000000000000 ) ) ;
#3303 = ORIENTED_EDGE ( 'NONE', *, *, #4871, .F. ) ;
#3304 = CARTESIAN_POINT ( 'NONE',  ( -451.0550733494790165, 947.8925550118144656, 251.0000000000000000 ) ) ;
#3305 = AXIS2_PLACEMENT_3D ( 'NONE', #5762, #106, #5868 ) ;
#3306 = CARTESIAN_POINT ( 'NONE',  ( 3176.837698566488143, -4100.459402700869759, 150.0000000000000284 ) ) ;
#3307 = AXIS2_PLACEMENT_3D ( 'NONE', #532, #4096, #6161 ) ;
#3308 = ORIENTED_EDGE ( 'NONE', *, *, #3739, .T. ) ;
#3309 = CARTESIAN_POINT ( 'NONE',  ( 731.3513513513531734, 0.000000000000000000, 50.00000000000000000 ) ) ;
#3310 = DIRECTION ( 'NONE',  ( -1.000000000000000000, -0.000000000000000000, -0.000000000000000000 ) ) ;
#3311 = CARTESIAN_POINT ( 'NONE',  ( 1186.351351351352832, -1905.855855855854770, 251.0000000000000000 ) ) ;
#3312 = DIRECTION ( 'NONE',  ( -0.000000000000000000, -0.000000000000000000, -1.000000000000000000 ) ) ;
#3313 = CARTESIAN_POINT ( 'NONE',  ( -2918.382539233229181, 3348.907565514117778, 150.0000000000000284 ) ) ;
#3314 = ADVANCED_FACE ( 'NONE', ( #851 ), #2431, .T. ) ;
#3315 = VERTEX_POINT ( 'NONE', #2933 ) ;
#3316 = VERTEX_POINT ( 'NONE', #3481 ) ;
#3317 = CARTESIAN_POINT ( 'NONE',  ( -2868.382539233229181, -4100.766735799657909, 50.00000000000000000 ) ) ;
#3318 = EDGE_LOOP ( 'NONE', ( #2411, #724, #2352, #5707 ) ) ;
#3319 = EDGE_CURVE ( 'NONE', #4451, #1067, #1917, .T. ) ;
#3320 = EDGE_CURVE ( 'NONE', #5050, #5714, #2467, .T. ) ;
#3321 = CARTESIAN_POINT ( 'NONE',  ( 1928.964900017874243, -2649.473361566354015, 51.00000000000000711 ) ) ;
#3322 = EDGE_LOOP ( 'NONE', ( #1211, #377, #62, #627 ) ) ;
#3323 = VECTOR ( 'NONE', #4696, 1000.000000000000000 ) ;
#3324 = ORIENTED_EDGE ( 'NONE', *, *, #1707, .F. ) ;
#3325 = LINE ( 'NONE', #3450, #314 ) ;
#3326 = CARTESIAN_POINT ( 'NONE',  ( -478.6486486486467697, -1450.855855855854543, 450.0000000000000000 ) ) ;
#3327 = EDGE_CURVE ( 'NONE', #1284, #441, #5636, .T. ) ;
#3328 = EDGE_CURVE ( 'NONE', #176, #5722, #6455, .T. ) ;
#3329 = CARTESIAN_POINT ( 'NONE',  ( 1156.351351351353287, 1374.144144144144548, 451.0000000000000000 ) ) ;
#3330 = CARTESIAN_POINT ( 'NONE',  ( -1638.653815138663958, 2149.178435024714418, 51.00000000000000711 ) ) ;
#3331 = ORIENTED_EDGE ( 'NONE', *, *, #2705, .T. ) ;
#3332 = DIRECTION ( 'NONE',  ( -0.000000000000000000, 0.000000000000000000, 1.000000000000000000 ) ) ;
#3333 = ORIENTED_EDGE ( 'NONE', *, *, #3685, .T. ) ;
#3334 = DIRECTION ( 'NONE',  ( -1.192376064322233222E-16, 1.000000000000000000, -0.000000000000000000 ) ) ;
#3335 = EDGE_LOOP ( 'NONE', ( #4366, #4513, #3672, #4960 ) ) ;
#3336 = LINE ( 'NONE', #1186, #2883 ) ;
#3337 = ORIENTED_EDGE ( 'NONE', *, *, #4591, .F. ) ;
#3338 = DIRECTION ( 'NONE',  ( -0.000000000000000000, 0.000000000000000000, 1.000000000000000000 ) ) ;
#3339 = LINE ( 'NONE', #6370, #2212 ) ;
#3340 = VERTEX_POINT ( 'NONE', #3734 ) ;
#3341 =( NAMED_UNIT ( * ) SI_UNIT ( $, .STERADIAN. ) SOLID_ANGLE_UNIT ( ) );
#3342 = DIRECTION ( 'NONE',  ( -0.000000000000000000, -0.000000000000000000, -1.000000000000000000 ) ) ;
#3343 = CARTESIAN_POINT ( 'NONE',  ( -53.64864864864694738, -1016.194908877151988, 651.0000000000003411 ) ) ;
#3344 = VERTEX_POINT ( 'NONE', #1214 ) ;
#3345 = CARTESIAN_POINT ( 'NONE',  ( 1883.785313619750468, -4100.310651257746940, 51.00000000000000711 ) ) ;
#3346 = LINE ( 'NONE', #6335, #6210 ) ;
#3347 = ORIENTED_EDGE ( 'NONE', *, *, #2483, .F. ) ;
#3348 = ORIENTED_EDGE ( 'NONE', *, *, #3328, .F. ) ;
#3349 = CARTESIAN_POINT ( 'NONE',  ( 1919.291799940615647, -242.2942286748832430, 651.0000000000003411 ) ) ;
#3350 = ORIENTED_EDGE ( 'NONE', *, *, #4071, .F. ) ;
#3351 = LINE ( 'NONE', #687, #5366 ) ;
#3352 = DIRECTION ( 'NONE',  ( 1.000000000000000000, 1.850371707708594809E-16, -0.000000000000000000 ) ) ;
#3353 = CARTESIAN_POINT ( 'NONE',  ( 1140.752172914886160, 532.7057713251168707, 652.0000000000003411 ) ) ;
#3354 = CARTESIAN_POINT ( 'NONE',  ( -468.6486486486469971, 949.1441441441451161, 50.00000000000000000 ) ) ;
#3355 = ORIENTED_EDGE ( 'NONE', *, *, #2177, .T. ) ;
#3356 = ORIENTED_EDGE ( 'NONE', *, *, #2444, .T. ) ;
#3357 = ADVANCED_FACE ( 'NONE', ( #5288 ), #5805, .F. ) ;
#3358 = CARTESIAN_POINT ( 'NONE',  ( 266.3513513513530029, -696.1949088771522156, 652.0000000000003411 ) ) ;
#3359 = EDGE_CURVE ( 'NONE', #2572, #2489, #3805, .T. ) ;
#3360 = EDGE_CURVE ( 'NONE', #830, #3578, #3838, .T. ) ;
#3361 = AXIS2_PLACEMENT_3D ( 'NONE', #1050, #5253, #1595 ) ;
#3362 = CARTESIAN_POINT ( 'NONE',  ( -1212.844139922891600, 494.1441441441452298, 251.0000000000000000 ) ) ;
#3363 = DIRECTION ( 'NONE',  ( 1.000000000000000000, 1.256179068810792237E-16, -0.000000000000000000 ) ) ;
#3364 = ORIENTED_EDGE ( 'NONE', *, *, #4319, .F. ) ;
#3365 = LINE ( 'NONE', #4415, #6284 ) ;
#3366 = EDGE_CURVE ( 'NONE', #4476, #6123, #151, .T. ) ;
#3367 = ADVANCED_FACE ( 'NONE', ( #1804 ), #5322, .F. ) ;
#3368 = ORIENTED_EDGE ( 'NONE', *, *, #3320, .F. ) ;
#3369 = CARTESIAN_POINT ( 'NONE',  ( -1668.914624007974453, -2620.885740052331130, 51.00000000000000711 ) ) ;
#3370 = ORIENTED_EDGE ( 'NONE', *, *, #2939, .T. ) ;
#3371 = CARTESIAN_POINT ( 'NONE',  ( -1668.648648648647168, 0.000000000000000000, 450.0000000000000000 ) ) ;
#3372 = LINE ( 'NONE', #5439, #3673 ) ;
#3373 = DIRECTION ( 'NONE',  ( 1.000000000000000000, 0.000000000000000000, 0.000000000000000000 ) ) ;
#3374 = ORIENTED_EDGE ( 'NONE', *, *, #3983, .F. ) ;
#3375 = CARTESIAN_POINT ( 'NONE',  ( 307.5173507698048638, 1724.144144144144093, 252.0000000000000000 ) ) ;
#3376 = LINE ( 'NONE', #1875, #6660 ) ;
#3377 = ORIENTED_EDGE ( 'NONE', *, *, #5011, .T. ) ;
#3378 = CARTESIAN_POINT ( 'NONE',  ( -1213.648648648647168, 1402.892555011814466, 451.0000000000000000 ) ) ;
#3379 = AXIS2_PLACEMENT_3D ( 'NONE', #3329, #1732, #729 ) ;
#3380 = ORIENTED_EDGE ( 'NONE', *, *, #336, .T. ) ;
#3381 = ORIENTED_EDGE ( 'NONE', *, *, #262, .F. ) ;
#3382 = DIRECTION ( 'NONE',  ( -0.000000000000000000, 1.000000000000000000, -0.000000000000000000 ) ) ;
#3383 = ORIENTED_EDGE ( 'NONE', *, *, #4751, .F. ) ;
#3384 = CARTESIAN_POINT ( 'NONE',  ( -1243.648648648647168, -675.8558558558547702, 451.0000000000000000 ) ) ;
#3385 = DIRECTION ( 'NONE',  ( -0.000000000000000000, -0.000000000000000000, -1.000000000000000000 ) ) ;
#3386 = AXIS2_PLACEMENT_3D ( 'NONE', #3704, #2693, #567 ) ;
#3387 = CARTESIAN_POINT ( 'NONE',  ( -893.6486486486472813, 1372.892555011814466, 451.0000000000000000 ) ) ;
#3388 = CARTESIAN_POINT ( 'NONE',  ( 1931.351351351352832, 3349.139388805734143, 50.00000000000000000 ) ) ;
#3389 = VERTEX_POINT ( 'NONE', #4379 ) ;
#3390 = VERTEX_POINT ( 'NONE', #5872 ) ;
#3391 = DIRECTION ( 'NONE',  ( -0.000000000000000000, -0.000000000000000000, -1.000000000000000000 ) ) ;
#3392 = EDGE_CURVE ( 'NONE', #4257, #2162, #3291, .T. ) ;
#3393 = LINE ( 'NONE', #1349, #4667 ) ;
#3394 = LINE ( 'NONE', #2477, #5371 ) ;
#3395 = ORIENTED_EDGE ( 'NONE', *, *, #1700, .T. ) ;
#3396 = LINE ( 'NONE', #2410, #6505 ) ;
#3397 = ADVANCED_FACE ( 'NONE', ( #622, #5369 ), #699, .T. ) ;
#3398 = ORIENTED_EDGE ( 'NONE', *, *, #2275, .F. ) ;
#3399 = LINE ( 'NONE', #421, #77 ) ;
#3400 = EDGE_CURVE ( 'NONE', #2215, #6084, #6420, .T. ) ;
#3401 = ORIENTED_EDGE ( 'NONE', *, *, #5634, .T. ) ;
#3402 = VECTOR ( 'NONE', #2826, 1000.000000000000000 ) ;
#3403 = VECTOR ( 'NONE', #1906, 1000.000000000000000 ) ;
#3404 = VECTOR ( 'NONE', #713, 1000.000000000000000 ) ;
#3405 = ADVANCED_FACE ( 'NONE', ( #5941 ), #5911, .T. ) ;
#3406 = CARTESIAN_POINT ( 'NONE',  ( -892.8441399228915998, 524.1441441441452298, 252.0000000000000000 ) ) ;
#3407 = CARTESIAN_POINT ( 'NONE',  ( 0.000000000000000000, 0.000000000000000000, 251.0000000000000000 ) ) ;
#3408 = EDGE_LOOP ( 'NONE', ( #5800, #6485, #4646, #5386 ) ) ;
#3409 = AXIS2_PLACEMENT_3D ( 'NONE', #458, #1464, #3544 ) ;
#3410 = AXIS2_PLACEMENT_3D ( 'NONE', #5453, #3352, #750 ) ;
#3411 = CARTESIAN_POINT ( 'NONE',  ( -1213.648648648647168, -2195.855855855854770, 251.0000000000000000 ) ) ;
#3412 = VECTOR ( 'NONE', #4967, 1000.000000000000000 ) ;
#3413 = DIRECTION ( 'NONE',  ( 1.376309534659284821E-16, -1.000000000000000000, 0.000000000000000000 ) ) ;
#3414 = EDGE_CURVE ( 'NONE', #474, #4962, #730, .T. ) ;
#3415 = ORIENTED_EDGE ( 'NONE', *, *, #3827, .F. ) ;
#3416 = DIRECTION ( 'NONE',  ( 0.000000000000000000, -1.000000000000000000, 0.000000000000000000 ) ) ;
#3417 = AXIS2_PLACEMENT_3D ( 'NONE', #948, #2547, #1623 ) ;
#3418 = ORIENTED_EDGE ( 'NONE', *, *, #1939, .T. ) ;
#3419 = PLANE ( 'NONE',  #3056 ) ;
#3420 = DIRECTION ( 'NONE',  ( 0.000000000000000000, 0.000000000000000000, 1.000000000000000000 ) ) ;
#3421 = VERTEX_POINT ( 'NONE', #3330 ) ;
#3422 = CARTESIAN_POINT ( 'NONE',  ( 3181.351351351352150, 3349.144144144144775, 50.00000000000000000 ) ) ;
#3423 = FACE_OUTER_BOUND ( 'NONE', #1977, .T. ) ;
#3424 = DIRECTION ( 'NONE',  ( 1.000000000000000000, 0.000000000000000000, -0.000000000000000000 ) ) ;
#3425 = LINE ( 'NONE', #2906, #1016 ) ;
#3426 = CARTESIAN_POINT ( 'NONE',  ( 1883.785313619750468, -2650.960111606672399, 50.00000000000000000 ) ) ;
#3427 = ORIENTED_EDGE ( 'NONE', *, *, #6269, .F. ) ;
#3428 = ORIENTED_EDGE ( 'NONE', *, *, #1183, .F. ) ;
#3429 = VECTOR ( 'NONE', #5915, 1000.000000000000000 ) ;
#3430 = DIRECTION ( 'NONE',  ( 0.000000000000000000, -1.000000000000000000, 0.000000000000000000 ) ) ;
#3431 = ORIENTED_EDGE ( 'NONE', *, *, #2699, .T. ) ;
#3432 = CARTESIAN_POINT ( 'NONE',  ( -467.4826492301951930, 2148.025372459793289, 51.00000000000000711 ) ) ;
#3433 = EDGE_LOOP ( 'NONE', ( #3261, #6596, #6024, #962 ) ) ;
#3434 = VECTOR ( 'NONE', #3675, 1000.000000000000000 ) ;
#3435 = EDGE_CURVE ( 'NONE', #1486, #5098, #2243, .T. ) ;
#3436 = VERTEX_POINT ( 'NONE', #1660 ) ;
#3437 = CARTESIAN_POINT ( 'NONE',  ( -892.8441399228917135, 174.1441441441452582, 251.0000000000000000 ) ) ;
#3438 = DIRECTION ( 'NONE',  ( -0.000000000000000000, -0.000000000000000000, -1.000000000000000000 ) ) ;
#3439 = CARTESIAN_POINT ( 'NONE',  ( 0.000000000000000000, 0.000000000000000000, 251.0000000000000000 ) ) ;
#3440 = EDGE_CURVE ( 'NONE', #2406, #6271, #3223, .T. ) ;
#3441 = ORIENTED_EDGE ( 'NONE', *, *, #2705, .F. ) ;
#3442 = CARTESIAN_POINT ( 'NONE',  ( 8.781347354308070654E-14, 949.1441441441451161, 450.0000000000000000 ) ) ;
#3443 = CARTESIAN_POINT ( 'NONE',  ( -478.6486486486470540, -8.856779173924079230E-14, 450.0000000000000000 ) ) ;
#3444 = EDGE_CURVE ( 'NONE', #1919, #6426, #4774, .T. ) ;
#3445 = EDGE_CURVE ( 'NONE', #2004, #5879, #4285, .T. ) ;
#3446 = ORIENTED_EDGE ( 'NONE', *, *, #6464, .T. ) ;
#3447 = LINE ( 'NONE', #5539, #3943 ) ;
#3448 = EDGE_LOOP ( 'NONE', ( #5374, #2155, #1204, #3292 ) ) ;
#3449 = LINE ( 'NONE', #850, #2074 ) ;
#3450 = CARTESIAN_POINT ( 'NONE',  ( -2867.919202630825566, -2620.885740052331585, 51.00000000000000711 ) ) ;
#3451 = ADVANCED_FACE ( 'NONE', ( #3252 ), #1862, .T. ) ;
#3452 = FACE_OUTER_BOUND ( 'NONE', #3096, .T. ) ;
#3453 = ORIENTED_EDGE ( 'NONE', *, *, #5392, .T. ) ;
#3454 = DIRECTION ( 'NONE',  ( -0.000000000000000000, 0.000000000000000000, 1.000000000000000000 ) ) ;
#3455 = PLANE ( 'NONE',  #4383 ) ;
#3456 = DIRECTION ( 'NONE',  ( -1.189524669241239115E-16, 1.000000000000000000, 0.000000000000000000 ) ) ;
#3457 = EDGE_CURVE ( 'NONE', #6108, #2548, #6075, .T. ) ;
#3458 = LINE ( 'NONE', #2371, #5902 ) ;
#3459 = ORIENTED_EDGE ( 'NONE', *, *, #3222, .T. ) ;
#3460 = ORIENTED_EDGE ( 'NONE', *, *, #3319, .F. ) ;
#3461 = PLANE ( 'NONE',  #450 ) ;
#3462 = LINE ( 'NONE', #378, #1348 ) ;
#3463 = ORIENTED_EDGE ( 'NONE', *, *, #4605, .T. ) ;
#3464 = LINE ( 'NONE', #5464, #2810 ) ;
#3465 = ORIENTED_EDGE ( 'NONE', *, *, #3778, .T. ) ;
#3466 = ORIENTED_EDGE ( 'NONE', *, *, #3327, .T. ) ;
#3467 = ORIENTED_EDGE ( 'NONE', *, *, #2238, .T. ) ;
#3468 = LINE ( 'NONE', #6019, #5370 ) ;
#3469 = AXIS2_PLACEMENT_3D ( 'NONE', #5081, #4541, #412 ) ;
#3470 = DIRECTION ( 'NONE',  ( 0.000000000000000000, -1.000000000000000000, 0.000000000000000000 ) ) ;
#3471 = LINE ( 'NONE', #6182, #1974 ) ;
#3472 = LINE ( 'NONE', #5534, #235 ) ;
#3473 = LINE ( 'NONE', #3375, #560 ) ;
#3474 = CARTESIAN_POINT ( 'NONE',  ( -923.6486486486471676, 1692.892555011814238, 451.0000000000000000 ) ) ;
#3475 = ORIENTED_EDGE ( 'NONE', *, *, #436, .T. ) ;
#3476 = EDGE_CURVE ( 'NONE', #1426, #4202, #6487, .T. ) ;
#3477 = CARTESIAN_POINT ( 'NONE',  ( 1881.351351351352605, -2600.855855855854770, 51.00000000000000711 ) ) ;
#3478 = ORIENTED_EDGE ( 'NONE', *, *, #5292, .T. ) ;
#3479 = EDGE_CURVE ( 'NONE', #1480, #5801, #3909, .T. ) ;
#3480 = FACE_OUTER_BOUND ( 'NONE', #4950, .T. ) ;
#3481 = CARTESIAN_POINT ( 'NONE',  ( 721.3513513513527187, -250.8558558558548555, 50.00000000000000000 ) ) ;
#3482 = DIRECTION ( 'NONE',  ( 9.251858538542971581E-17, -1.000000000000000000, 0.000000000000000000 ) ) ;
#3483 = VERTEX_POINT ( 'NONE', #1312 ) ;
#3484 = FACE_OUTER_BOUND ( 'NONE', #2234, .T. ) ;
#3485 = PLANE ( 'NONE',  #6216 ) ;
#3486 = PLANE ( 'NONE',  #559 ) ;
#3487 = CARTESIAN_POINT ( 'NONE',  ( -1243.648648648647168, -1025.855855855854543, 450.0000000000000000 ) ) ;
#3488 = ORIENTED_EDGE ( 'NONE', *, *, #4568, .F. ) ;
#3489 = EDGE_CURVE ( 'NONE', #1141, #3981, #6556, .T. ) ;
#3490 = ORIENTED_EDGE ( 'NONE', *, *, #1032, .T. ) ;
#3491 = VECTOR ( 'NONE', #3220, 1000.000000000000000 ) ;
#3492 = DIRECTION ( 'NONE',  ( 0.000000000000000000, -0.000000000000000000, 1.000000000000000000 ) ) ;
#3493 = EDGE_CURVE ( 'NONE', #2402, #3806, #3394, .T. ) ;
#3494 = CARTESIAN_POINT ( 'NONE',  ( -1668.648648648647168, 0.000000000000000000, 450.0000000000000000 ) ) ;
#3495 = AXIS2_PLACEMENT_3D ( 'NONE', #4745, #119, #3263 ) ;
#3496 = CARTESIAN_POINT ( 'NONE',  ( 1186.351351351353287, 1694.144144144144548, 451.0000000000000000 ) ) ;
#3497 = ORIENTED_EDGE ( 'NONE', *, *, #2000, .T. ) ;
#3498 = DIRECTION ( 'NONE',  ( 0.000000000000000000, 0.000000000000000000, 1.000000000000000000 ) ) ;
#3499 = ORIENTED_EDGE ( 'NONE', *, *, #6269, .T. ) ;
#3500 = ORIENTED_EDGE ( 'NONE', *, *, #4076, .F. ) ;
#3501 = ORIENTED_EDGE ( 'NONE', *, *, #2413, .F. ) ;
#3502 = CARTESIAN_POINT ( 'NONE',  ( 1506.351351351353287, 1724.144144144144548, 450.0000000000000000 ) ) ;
#3503 = CARTESIAN_POINT ( 'NONE',  ( -1668.648648648647168, -1450.855855855854543, 450.0000000000000000 ) ) ;
#3504 = FACE_OUTER_BOUND ( 'NONE', #4373, .T. ) ;
#3505 = AXIS2_PLACEMENT_3D ( 'NONE', #4019, #3509, #2866 ) ;
#3506 = VECTOR ( 'NONE', #2806, 1000.000000000000000 ) ;
#3507 = VECTOR ( 'NONE', #3556, 1000.000000000000000 ) ;
#3508 = ORIENTED_EDGE ( 'NONE', *, *, #189, .T. ) ;
#3509 = DIRECTION ( 'NONE',  ( 0.000000000000000000, 1.000000000000000000, 0.000000000000000000 ) ) ;
#3510 = DIRECTION ( 'NONE',  ( -0.000000000000000000, -0.000000000000000000, -1.000000000000000000 ) ) ;
#3511 = CARTESIAN_POINT ( 'NONE',  ( 1928.964900017874243, -1452.608405685351499, 51.00000000000000711 ) ) ;
#3512 = VERTEX_POINT ( 'NONE', #2988 ) ;
#3513 = VECTOR ( 'NONE', #6295, 1000.000000000000000 ) ;
#3514 = CARTESIAN_POINT ( 'NONE',  ( -1212.844139922891600, 494.1441441441452298, 252.0000000000000000 ) ) ;
#3515 = VECTOR ( 'NONE', #6052, 1000.000000000000000 ) ;
#3516 = AXIS2_PLACEMENT_3D ( 'NONE', #1333, #2330, #4964 ) ;
#3517 = VECTOR ( 'NONE', #3706, 1000.000000000000000 ) ;
#3518 = DIRECTION ( 'NONE',  ( 0.000000000000000000, -1.000000000000000000, 0.000000000000000000 ) ) ;
#3519 = VERTEX_POINT ( 'NONE', #2914 ) ;
#3520 = CARTESIAN_POINT ( 'NONE',  ( 0.000000000000000000, 0.000000000000000000, 450.0000000000000000 ) ) ;
#3521 = LINE ( 'NONE', #5589, #5901 ) ;
#3522 = LINE ( 'NONE', #5590, #901 ) ;
#3523 = CARTESIAN_POINT ( 'NONE',  ( 729.0204228011621126, 949.7722133673792086, 51.00000000000000711 ) ) ;
#3524 = FACE_OUTER_BOUND ( 'NONE', #5592, .T. ) ;
#3525 = ADVANCED_FACE ( 'NONE', ( #2447 ), #5494, .T. ) ;
#3526 = VECTOR ( 'NONE', #4034, 1000.000000000000000 ) ;
#3527 = AXIS2_PLACEMENT_3D ( 'NONE', #3167, #28, #3203 ) ;
#3528 = ORIENTED_EDGE ( 'NONE', *, *, #2997, .T. ) ;
#3529 = CARTESIAN_POINT ( 'NONE',  ( -1243.648648648647168, -1025.855855855854543, 451.0000000000000000 ) ) ;
#3530 = EDGE_LOOP ( 'NONE', ( #6219, #2365, #4783, #5016, #1489 ) ) ;
#3531 = VECTOR ( 'NONE', #1086, 1000.000000000000000 ) ;
#3532 = ADVANCED_FACE ( 'NONE', ( #5462 ), #5428, .F. ) ;
#3533 = EDGE_CURVE ( 'NONE', #3599, #3693, #2879, .T. ) ;
#3534 = ORIENTED_EDGE ( 'NONE', *, *, #4198, .T. ) ;
#3535 = DIRECTION ( 'NONE',  ( -0.000000000000000000, -0.000000000000000000, -1.000000000000000000 ) ) ;
#3536 = ORIENTED_EDGE ( 'NONE', *, *, #82, .F. ) ;
#3537 = PLANE ( 'NONE',  #6617 ) ;
#3538 = VERTEX_POINT ( 'NONE', #5014 ) ;
#3539 = ORIENTED_EDGE ( 'NONE', *, *, #5348, .T. ) ;
#3540 = ADVANCED_FACE ( 'NONE', ( #2347 ), #3977, .T. ) ;
#3541 = CARTESIAN_POINT ( 'NONE',  ( -922.8441399228915998, 494.1441441441452298, 252.0000000000000000 ) ) ;
#3542 = VECTOR ( 'NONE', #1615, 1000.000000000000000 ) ;
#3543 = DIRECTION ( 'NONE',  ( 0.000000000000000000, 1.000000000000000000, 0.000000000000000000 ) ) ;
#3544 = DIRECTION ( 'NONE',  ( -0.000000000000000000, 0.000000000000000000, -1.000000000000000000 ) ) ;
#3545 = ORIENTED_EDGE ( 'NONE', *, *, #5709, .T. ) ;
#3546 = LINE ( 'NONE', #1085, #1876 ) ;
#3547 = CARTESIAN_POINT ( 'NONE',  ( -1243.648648648647168, 1722.892555011814466, 451.0000000000000000 ) ) ;
#3548 = ORIENTED_EDGE ( 'NONE', *, *, #4972, .T. ) ;
#3549 = FACE_OUTER_BOUND ( 'NONE', #296, .T. ) ;
#3550 = PLANE ( 'NONE',  #2782 ) ;
#3551 = ORIENTED_EDGE ( 'NONE', *, *, #1483, .F. ) ;
#3552 = LINE ( 'NONE', #300, #1790 ) ;
#3553 = CARTESIAN_POINT ( 'NONE',  ( 1186.351351351352832, -1905.855855855854770, 251.0000000000000000 ) ) ;
#3554 = PLANE ( 'NONE',  #1880 ) ;
#3555 = VECTOR ( 'NONE', #5919, 1000.000000000000000 ) ;
#3556 = DIRECTION ( 'NONE',  ( 1.000000000000000000, 0.000000000000000000, 0.000000000000000000 ) ) ;
#3557 = FACE_OUTER_BOUND ( 'NONE', #1199, .T. ) ;
#3558 = ORIENTED_EDGE ( 'NONE', *, *, #4929, .T. ) ;
#3559 = CARTESIAN_POINT ( 'NONE',  ( 276.3513513513530029, -1905.855855855854770, 451.0000000000000000 ) ) ;
#3560 = ORIENTED_EDGE ( 'NONE', *, *, #1800, .F. ) ;
#3561 = LINE ( 'NONE', #868, #4052 ) ;
#3562 = CARTESIAN_POINT ( 'NONE',  ( 0.000000000000000000, 0.000000000000000000, 451.0000000000000000 ) ) ;
#3563 = CARTESIAN_POINT ( 'NONE',  ( 1170.752172914886160, 502.7057713251168707, 652.0000000000003411 ) ) ;
#3564 = ADVANCED_FACE ( 'NONE', ( #2379 ), #4978, .T. ) ;
#3565 = ORIENTED_EDGE ( 'NONE', *, *, #810, .F. ) ;
#3566 = FACE_OUTER_BOUND ( 'NONE', #4778, .T. ) ;
#3567 = ORIENTED_EDGE ( 'NONE', *, *, #2527, .T. ) ;
#3568 = ADVANCED_FACE ( 'NONE', ( #4443, #309 ), #5563, .T. ) ;
#3569 = ORIENTED_EDGE ( 'NONE', *, *, #4550, .F. ) ;
#3570 = EDGE_CURVE ( 'NONE', #2956, #1863, #3462, .T. ) ;
#3571 = LINE ( 'NONE', #3666, #5871 ) ;
#3572 = CARTESIAN_POINT ( 'NONE',  ( -1618.648648648647168, 2099.144144144145230, 51.00000000000000711 ) ) ;
#3573 = EDGE_CURVE ( 'NONE', #2174, #6166, #6623, .T. ) ;
#3574 = EDGE_CURVE ( 'NONE', #2548, #4973, #1833, .T. ) ;
#3575 = CARTESIAN_POINT ( 'NONE',  ( -468.6486486486469971, 0.000000000000000000, 51.00000000000000711 ) ) ;
#3576 = PLANE ( 'NONE',  #452 ) ;
#3577 = AXIS2_PLACEMENT_3D ( 'NONE', #2631, #2183, #3791 ) ;
#3578 = VERTEX_POINT ( 'NONE', #4413 ) ;
#3579 = DIRECTION ( 'NONE',  ( 1.000000000000000000, 1.850371707708594563E-16, -0.000000000000000000 ) ) ;
#3580 = ORIENTED_EDGE ( 'NONE', *, *, #472, .F. ) ;
#3581 = PLANE ( 'NONE',  #4888 ) ;
#3582 = DIRECTION ( 'NONE',  ( 0.000000000000000000, -0.000000000000000000, 1.000000000000000000 ) ) ;
#3583 = ORIENTED_EDGE ( 'NONE', *, *, #5023, .T. ) ;
#3584 = LINE ( 'NONE', #4195, #5239 ) ;
#3585 = DIRECTION ( 'NONE',  ( -0.000000000000000000, -0.000000000000000000, -1.000000000000000000 ) ) ;
#3586 = DIRECTION ( 'NONE',  ( -1.000000000000000000, -0.000000000000000000, -0.000000000000000000 ) ) ;
#3587 = CARTESIAN_POINT ( 'NONE',  ( 1156.351351351352832, -675.8558558558547702, 451.0000000000000000 ) ) ;
#3588 = CARTESIAN_POINT ( 'NONE',  ( 1476.351351351352832, -995.8558558558545428, 451.0000000000000000 ) ) ;
#3589 = VERTEX_POINT ( 'NONE', #5209 ) ;
#3590 = FACE_OUTER_BOUND ( 'NONE', #5457, .T. ) ;
#3591 = ORIENTED_EDGE ( 'NONE', *, *, #3319, .T. ) ;
#3592 = CARTESIAN_POINT ( 'NONE',  ( 715.7521729148861596, -242.2942286748832430, 51.00000000000000711 ) ) ;
#3593 = DIRECTION ( 'NONE',  ( 1.000000000000000000, -0.000000000000000000, -0.000000000000000000 ) ) ;
#3594 = PLANE ( 'NONE',  #6016 ) ;
#3595 = EDGE_LOOP ( 'NONE', ( #4122, #951, #2465, #5832 ) ) ;
#3596 = FACE_OUTER_BOUND ( 'NONE', #620, .T. ) ;
#3597 = COLOUR_RGB ( '',0.7921568627450980005, 0.8196078431372548767, 0.9333333333333333481 ) ;
#3598 = VERTEX_POINT ( 'NONE', #3631 ) ;
#3599 = VERTEX_POINT ( 'NONE', #5178 ) ;
#3600 = EDGE_CURVE ( 'NONE', #2901, #498, #6201, .T. ) ;
#3601 = AXIS2_PLACEMENT_3D ( 'NONE', #3439, #2386, #4853 ) ;
#3602 = LINE ( 'NONE', #4183, #101 ) ;
#3603 = EDGE_CURVE ( 'NONE', #1769, #3845, #4207, .T. ) ;
#3604 = DIRECTION ( 'NONE',  ( 1.000000000000000000, 0.000000000000000000, 0.000000000000000000 ) ) ;
#3605 = VECTOR ( 'NONE', #5119, 1000.000000000000000 ) ;
#3606 = DIRECTION ( 'NONE',  ( -1.000000000000000000, 3.172065784643303486E-16, -0.000000000000000000 ) ) ;
#3607 = ADVANCED_FACE ( 'NONE', ( #1549, #3019 ), #2545, .T. ) ;
#3608 = ORIENTED_EDGE ( 'NONE', *, *, #4324, .T. ) ;
#3609 = ADVANCED_FACE ( 'NONE', ( #4636, #485 ), #4571, .T. ) ;
#3610 = LINE ( 'NONE', #1026, #5228 ) ;
#3611 = VERTEX_POINT ( 'NONE', #3147 ) ;
#3612 = LINE ( 'NONE', #4651, #5440 ) ;
#3613 = CARTESIAN_POINT ( 'NONE',  ( 3181.351351351352150, 3349.144144144144775, 50.00000000000000000 ) ) ;
#3614 = ORIENTED_EDGE ( 'NONE', *, *, #846, .T. ) ;
#3615 = AXIS2_PLACEMENT_3D ( 'NONE', #1297, #820, #847 ) ;
#3616 = CARTESIAN_POINT ( 'NONE',  ( -1668.648648648647168, -1450.855855855854543, 450.0000000000000000 ) ) ;
#3617 = EDGE_CURVE ( 'NONE', #5409, #3993, #4176, .T. ) ;
#3618 = CARTESIAN_POINT ( 'NONE',  ( -1213.648648648647168, 1402.892555011814466, 451.0000000000000000 ) ) ;
#3619 = CARTESIAN_POINT ( 'NONE',  ( -1243.648648648647168, -675.8558558558547702, 451.0000000000000000 ) ) ;
#3620 = FACE_OUTER_BOUND ( 'NONE', #2643, .T. ) ;
#3621 = VECTOR ( 'NONE', #2730, 1000.000000000000000 ) ;
#3622 = VECTOR ( 'NONE', #5501, 1000.000000000000000 ) ;
#3623 = VERTEX_POINT ( 'NONE', #6245 ) ;
#3624 = VECTOR ( 'NONE', #2986, 1000.000000000000000 ) ;
#3625 = DIRECTION ( 'NONE',  ( 0.000000000000000000, -0.000000000000000000, -1.000000000000000000 ) ) ;
#3626 = ORIENTED_EDGE ( 'NONE', *, *, #4435, .F. ) ;
#3627 = VECTOR ( 'NONE', #6183, 1000.000000000000000 ) ;
#3628 = VECTOR ( 'NONE', #291, 1000.000000000000000 ) ;
#3629 = VECTOR ( 'NONE', #1337, 1000.000000000000000 ) ;
#3630 = DIRECTION ( 'NONE',  ( -0.000000000000000000, -0.000000000000000000, -1.000000000000000000 ) ) ;
#3631 = CARTESIAN_POINT ( 'NONE',  ( -1213.648648648647168, -1905.855855855854770, 251.0000000000000000 ) ) ;
#3632 = ORIENTED_EDGE ( 'NONE', *, *, #4071, .T. ) ;
#3633 = LINE ( 'NONE', #5729, #796 ) ;
#3634 = ORIENTED_EDGE ( 'NONE', *, *, #2058, .T. ) ;
#3635 = VECTOR ( 'NONE', #4841, 1000.000000000000000 ) ;
#3636 =( GEOMETRIC_REPRESENTATION_CONTEXT ( 3 ) GLOBAL_UNCERTAINTY_ASSIGNED_CONTEXT ( ( #5740 ) ) GLOBAL_UNIT_ASSIGNED_CONTEXT ( ( #5334, #1263, #3341 ) ) REPRESENTATION_CONTEXT ( 'NONE', 'WORKASPACE' ) );
#3637 = VERTEX_POINT ( 'NONE', #1589 ) ;
#3638 = CARTESIAN_POINT ( 'NONE',  ( 1186.351351351353287, 1404.144144144144775, 451.0000000000000000 ) ) ;
#3639 =( LENGTH_UNIT ( ) NAMED_UNIT ( * ) SI_UNIT ( .MILLI., .METRE. ) );
#3640 = DIRECTION ( 'NONE',  ( 1.000000000000000000, 0.000000000000000000, 0.000000000000000000 ) ) ;
#3641 = LINE ( 'NONE', #5840, #4157 ) ;
#3642 = PLANE ( 'NONE',  #447 ) ;
#3643 = ORIENTED_EDGE ( 'NONE', *, *, #4880, .F. ) ;
#3644 = DIRECTION ( 'NONE',  ( -1.000000000000000000, 0.000000000000000000, 0.000000000000000000 ) ) ;
#3645 = EDGE_CURVE ( 'NONE', #6466, #168, #3662, .T. ) ;
#3646 = EDGE_LOOP ( 'NONE', ( #4418, #4926, #2794, #5605 ) ) ;
#3647 = CARTESIAN_POINT ( 'NONE',  ( 1156.351351351352832, -1875.855855855854770, 251.0000000000000000 ) ) ;
#3648 = ORIENTED_EDGE ( 'NONE', *, *, #4232, .T. ) ;
#3649 = ADVANCED_FACE ( 'NONE', ( #1073 ), #4702, .T. ) ;
#3650 = DIRECTION ( 'NONE',  ( 1.000000000000000000, 0.000000000000000000, 0.000000000000000000 ) ) ;
#3651 = ADVANCED_FACE ( 'NONE', ( #2506 ), #3594, .T. ) ;
#3652 = LINE ( 'NONE', #2018, #242 ) ;
#3653 = VECTOR ( 'NONE', #2934, 1000.000000000000000 ) ;
#3654 = FACE_OUTER_BOUND ( 'NONE', #3879, .T. ) ;
#3655 = PLANE ( 'NONE',  #903 ) ;
#3656 = DIRECTION ( 'NONE',  ( 0.000000000000000000, 1.000000000000000000, 0.000000000000000000 ) ) ;
#3657 = EDGE_CURVE ( 'NONE', #3055, #2304, #1485, .T. ) ;
#3658 = ORIENTED_EDGE ( 'NONE', *, *, #4876, .F. ) ;
#3659 = ORIENTED_EDGE ( 'NONE', *, *, #2315, .F. ) ;
#3660 = CARTESIAN_POINT ( 'NONE',  ( 1476.351351351353287, 1694.144144144144548, 451.0000000000000000 ) ) ;
#3661 = CARTESIAN_POINT ( 'NONE',  ( -1661.268387826372191, -1459.372486768057570, 251.0000000000000000 ) ) ;
#3662 = LINE ( 'NONE', #5079, #798 ) ;
#3663 = EDGE_LOOP ( 'NONE', ( #293, #5897, #1411, #6689 ) ) ;
#3664 = PLANE ( 'NONE',  #2445 ) ;
#3665 = ORIENTED_EDGE ( 'NONE', *, *, #1519, .F. ) ;
#3666 = CARTESIAN_POINT ( 'NONE',  ( -1213.648648648647168, -1905.855855855854770, 251.0000000000000000 ) ) ;
#3667 = FACE_BOUND ( 'NONE', #4855, .T. ) ;
#3668 = CARTESIAN_POINT ( 'NONE',  ( -1213.648648648647168, -1905.855855855854770, 252.0000000000000000 ) ) ;
#3669 = ORIENTED_EDGE ( 'NONE', *, *, #1288, .T. ) ;
#3670 = FACE_OUTER_BOUND ( 'NONE', #52, .T. ) ;
#3671 = CARTESIAN_POINT ( 'NONE',  ( 0.000000000000000000, 0.000000000000000000, 51.00000000000000711 ) ) ;
#3672 = ORIENTED_EDGE ( 'NONE', *, *, #5976, .T. ) ;
#3673 = VECTOR ( 'NONE', #2854, 1000.000000000000000 ) ;
#3674 = LINE ( 'NONE', #83, #107 ) ;
#3675 = DIRECTION ( 'NONE',  ( -0.000000000000000000, -0.000000000000000000, -1.000000000000000000 ) ) ;
#3676 = ORIENTED_EDGE ( 'NONE', *, *, #4070, .T. ) ;
#3677 = LINE ( 'NONE', #6262, #2105 ) ;
#3678 = VECTOR ( 'NONE', #254, 1000.000000000000000 ) ;
#3679 = LINE ( 'NONE', #2150, #340 ) ;
#3680 = CARTESIAN_POINT ( 'NONE',  ( -893.6486486486472813, 1372.892555011814466, 451.0000000000000000 ) ) ;
#3681 = ADVANCED_FACE ( 'NONE', ( #3049 ), #5110, .F. ) ;
#3682 = DIRECTION ( 'NONE',  ( -1.586032892321652729E-16, 1.000000000000000000, -0.000000000000000000 ) ) ;
#3683 = PLANE ( 'NONE',  #252 ) ;
#3684 = CARTESIAN_POINT ( 'NONE',  ( -23.64864864864699001, -696.1949088771522156, 652.0000000000003411 ) ) ;
#3685 = EDGE_CURVE ( 'NONE', #35, #6060, #1008, .T. ) ;
#3686 = ORIENTED_EDGE ( 'NONE', *, *, #2449, .T. ) ;
#3687 = ORIENTED_EDGE ( 'NONE', *, *, #999, .F. ) ;
#3688 = CARTESIAN_POINT ( 'NONE',  ( -1668.914624007974453, -2620.885740052331130, 51.00000000000000711 ) ) ;
#3689 = LINE ( 'NONE', #5758, #678 ) ;
#3690 = EDGE_CURVE ( 'NONE', #6457, #3198, #3087, .T. ) ;
#3691 = CARTESIAN_POINT ( 'NONE',  ( -53.64864864864699001, -666.1949088771521019, 652.0000000000003411 ) ) ;
#3692 = ORIENTED_EDGE ( 'NONE', *, *, #5255, .T. ) ;
#3693 = VERTEX_POINT ( 'NONE', #3258 ) ;
#3694 = EDGE_CURVE ( 'NONE', #3421, #1597, #3336, .T. ) ;
#3695 = AXIS2_PLACEMENT_3D ( 'NONE', #4844, #2446, #1860 ) ;
#3696 = VERTEX_POINT ( 'NONE', #2313 ) ;
#3697 = CARTESIAN_POINT ( 'NONE',  ( 1156.351351351352832, -2225.855855855854770, 252.0000000000000000 ) ) ;
#3698 = DIRECTION ( 'NONE',  ( -1.000000000000000000, 0.000000000000000000, 0.000000000000000000 ) ) ;
#3699 = VECTOR ( 'NONE', #4254, 1000.000000000000000 ) ;
#3700 = ORIENTED_EDGE ( 'NONE', *, *, #4840, .T. ) ;
#3701 = VECTOR ( 'NONE', #6054, 1000.000000000000000 ) ;
#3702 = DIRECTION ( 'NONE',  ( 0.000000000000000000, 1.000000000000000000, 0.000000000000000000 ) ) ;
#3703 = ORIENTED_EDGE ( 'NONE', *, *, #1202, .T. ) ;
#3704 = CARTESIAN_POINT ( 'NONE',  ( -2918.382539233229181, 3348.907565514117778, 150.0000000000000284 ) ) ;
#3705 = EDGE_CURVE ( 'NONE', #4971, #2406, #5846, .T. ) ;
#3706 = DIRECTION ( 'NONE',  ( 4.724353296277261913E-17, 1.000000000000000000, 0.000000000000000000 ) ) ;
#3707 = PLANE ( 'NONE',  #1144 ) ;
#3708 = VERTEX_POINT ( 'NONE', #3851 ) ;
#3709 = DIRECTION ( 'NONE',  ( 0.000000000000000000, -1.000000000000000000, 0.000000000000000000 ) ) ;
#3710 = CARTESIAN_POINT ( 'NONE',  ( 1156.351351351352832, -675.8558558558547702, 450.0000000000000000 ) ) ;
#3711 = LINE ( 'NONE', #165, #2646 ) ;
#3712 = CARTESIAN_POINT ( 'NONE',  ( 701.0708180236888438, -1441.194908877152102, 651.0000000000003411 ) ) ;
#3713 = DIRECTION ( 'NONE',  ( 0.000000000000000000, -1.000000000000000000, 0.000000000000000000 ) ) ;
#3714 = LINE ( 'NONE', #3823, #4270 ) ;
#3715 = ORIENTED_EDGE ( 'NONE', *, *, #860, .T. ) ;
#3716 = AXIS2_PLACEMENT_3D ( 'NONE', #2391, #4455, #3961 ) ;
#3717 = ORIENTED_EDGE ( 'NONE', *, *, #3767, .F. ) ;
#3718 = PLANE ( 'NONE',  #2676 ) ;
#3719 = EDGE_CURVE ( 'NONE', #4679, #2956, #4325, .T. ) ;
#3720 = ADVANCED_FACE ( 'NONE', ( #5377 ), #705, .F. ) ;
#3721 = AXIS2_PLACEMENT_3D ( 'NONE', #2463, #4619, #1053 ) ;
#3722 = AXIS2_PLACEMENT_3D ( 'NONE', #3986, #2957, #2515 ) ;
#3723 = LINE ( 'NONE', #5280, #3955 ) ;
#3724 = VECTOR ( 'NONE', #1139, 1000.000000000000000 ) ;
#3725 = LINE ( 'NONE', #6350, #3849 ) ;
#3726 = ORIENTED_EDGE ( 'NONE', *, *, #5802, .T. ) ;
#3727 = ORIENTED_EDGE ( 'NONE', *, *, #4104, .F. ) ;
#3728 = EDGE_CURVE ( 'NONE', #6079, #6030, #4851, .T. ) ;
#3729 = VECTOR ( 'NONE', #4656, 1000.000000000000000 ) ;
#3730 = VECTOR ( 'NONE', #1874, 1000.000000000000000 ) ;
#3731 = VECTOR ( 'NONE', #841, 1000.000000000000000 ) ;
#3732 = CARTESIAN_POINT ( 'NONE',  ( 3176.837698566488143, -4100.459402700869759, 50.00000000000000000 ) ) ;
#3733 = ADVANCED_FACE ( 'NONE', ( #4922 ), #4352, .T. ) ;
#3734 = CARTESIAN_POINT ( 'NONE',  ( -1668.648648648647168, 949.1441441441452298, 450.0000000000000000 ) ) ;
#3735 = VECTOR ( 'NONE', #6688, 1000.000000000000000 ) ;
#3736 = VECTOR ( 'NONE', #3535, 1000.000000000000000 ) ;
#3737 = EDGE_LOOP ( 'NONE', ( #3104, #1685, #6732, #2703 ) ) ;
#3738 = CARTESIAN_POINT ( 'NONE',  ( -467.4826492301951930, 2148.025372459793289, 251.0000000000000000 ) ) ;
#3739 = EDGE_CURVE ( 'NONE', #5317, #5238, #6463, .T. ) ;
#3740 = CARTESIAN_POINT ( 'NONE',  ( -1213.648648648647168, -1905.855855855854770, 251.0000000000000000 ) ) ;
#3741 = EDGE_CURVE ( 'NONE', #1224, #5317, #3372, .T. ) ;
#3742 = ORIENTED_EDGE ( 'NONE', *, *, #5470, .F. ) ;
#3743 = CARTESIAN_POINT ( 'NONE',  ( -923.6486486486471676, -1905.855855855854770, 252.0000000000000000 ) ) ;
#3744 = ORIENTED_EDGE ( 'NONE', *, *, #10, .T. ) ;
#3745 = DIRECTION ( 'NONE',  ( -0.000000000000000000, -0.000000000000000000, -1.000000000000000000 ) ) ;
#3746 = LINE ( 'NONE', #192, #4809 ) ;
#3747 = DIRECTION ( 'NONE',  ( -1.000000000000000000, 0.000000000000000000, 0.000000000000000000 ) ) ;
#3748 = ORIENTED_EDGE ( 'NONE', *, *, #770, .T. ) ;
#3749 = PLANE ( 'NONE',  #1342 ) ;
#3750 = FACE_OUTER_BOUND ( 'NONE', #1420, .T. ) ;
#3751 = LINE ( 'NONE', #3788, #6553 ) ;
#3752 = FACE_OUTER_BOUND ( 'NONE', #2450, .T. ) ;
#3753 = CARTESIAN_POINT ( 'NONE',  ( -1668.648648648647168, 2149.144144144145230, 51.00000000000000711 ) ) ;
#3754 = CARTESIAN_POINT ( 'NONE',  ( -42.48264923019513617, 1374.144144144144320, 252.0000000000000000 ) ) ;
#3755 = EDGE_LOOP ( 'NONE', ( #1973, #1025, #3236, #375, #3415, #3857 ) ) ;
#3756 = ORIENTED_EDGE ( 'NONE', *, *, #1042, .F. ) ;
#3757 = DIRECTION ( 'NONE',  ( 0.000000000000000000, 0.000000000000000000, -1.000000000000000000 ) ) ;
#3758 = AXIS2_PLACEMENT_3D ( 'NONE', #2145, #3103, #6731 ) ;
#3759 = VERTEX_POINT ( 'NONE', #257 ) ;
#3760 = DIRECTION ( 'NONE',  ( -0.000000000000000000, 0.000000000000000000, 1.000000000000000000 ) ) ;
#3761 = DIRECTION ( 'NONE',  ( -0.000000000000000000, -0.000000000000000000, -1.000000000000000000 ) ) ;
#3762 = FACE_OUTER_BOUND ( 'NONE', #5491, .T. ) ;
#3763 = CARTESIAN_POINT ( 'NONE',  ( 1506.351351351353287, 1724.144144144144548, 451.0000000000000000 ) ) ;
#3764 = VERTEX_POINT ( 'NONE', #3502 ) ;
#3765 = ORIENTED_EDGE ( 'NONE', *, *, #5688, .F. ) ;
#3766 = DIRECTION ( 'NONE',  ( -0.000000000000000000, -1.000000000000000000, -0.000000000000000000 ) ) ;
#3767 = EDGE_CURVE ( 'NONE', #360, #2456, #3028, .T. ) ;
#3768 = CARTESIAN_POINT ( 'NONE',  ( 1186.351351351353287, 1694.144144144144548, 451.0000000000000000 ) ) ;
#3769 = DIRECTION ( 'NONE',  ( 1.000000000000000000, 0.000000000000000000, 0.000000000000000000 ) ) ;
#3770 = ORIENTED_EDGE ( 'NONE', *, *, #5058, .T. ) ;
#3771 = CARTESIAN_POINT ( 'NONE',  ( -478.6486486486467697, -1450.855855855854543, 450.0000000000000000 ) ) ;
#3772 = ADVANCED_FACE ( 'NONE', ( #6053 ), #3952, .T. ) ;
#3773 = EDGE_CURVE ( 'NONE', #707, #6466, #386, .T. ) ;
#3774 = DIRECTION ( 'NONE',  ( 1.000000000000000000, 7.930164461608258714E-17, -0.000000000000000000 ) ) ;
#3775 = CARTESIAN_POINT ( 'NONE',  ( -1661.268387826372191, -1459.372486768057570, 251.0000000000000000 ) ) ;
#3776 = VERTEX_POINT ( 'NONE', #4482 ) ;
#3777 = CARTESIAN_POINT ( 'NONE',  ( -12.48264923019514150, 1404.144144144144320, 252.0000000000000000 ) ) ;
#3778 = EDGE_CURVE ( 'NONE', #1258, #1554, #417, .T. ) ;
#3779 = DIRECTION ( 'NONE',  ( 0.000000000000000000, -0.000000000000000000, -1.000000000000000000 ) ) ;
#3780 = ORIENTED_EDGE ( 'NONE', *, *, #1741, .F. ) ;
#3781 = LINE ( 'NONE', #2115, #218 ) ;
#3782 = DIRECTION ( 'NONE',  ( 0.000000000000000000, -1.000000000000000000, 0.000000000000000000 ) ) ;
#3783 = LINE ( 'NONE', #4782, #1588 ) ;
#3784 = ORIENTED_EDGE ( 'NONE', *, *, #3440, .T. ) ;
#3785 = DIRECTION ( 'NONE',  ( 0.000000000000000000, 0.000000000000000000, 1.000000000000000000 ) ) ;
#3786 = CARTESIAN_POINT ( 'NONE',  ( -38.64864864864676974, 204.1441441441443487, 450.0000000000000000 ) ) ;
#3787 = DIRECTION ( 'NONE',  ( -0.000000000000000000, -0.000000000000000000, -1.000000000000000000 ) ) ;
#3788 = CARTESIAN_POINT ( 'NONE',  ( 1928.964900017874243, -2649.473361566354015, 51.00000000000000711 ) ) ;
#3789 = FACE_OUTER_BOUND ( 'NONE', #363, .T. ) ;
#3790 = DIRECTION ( 'NONE',  ( -1.000000000000000000, -0.000000000000000000, -0.000000000000000000 ) ) ;
#3791 = DIRECTION ( 'NONE',  ( 0.000000000000000000, 0.000000000000000000, -1.000000000000000000 ) ) ;
#3792 = ORIENTED_EDGE ( 'NONE', *, *, #5170, .F. ) ;
#3793 = ORIENTED_EDGE ( 'NONE', *, *, #5187, .T. ) ;
#3794 = CARTESIAN_POINT ( 'NONE',  ( -1212.844139922891600, 494.1441441441452298, 252.0000000000000000 ) ) ;
#3795 = DIRECTION ( 'NONE',  ( -0.000000000000000000, 1.000000000000000000, -0.000000000000000000 ) ) ;
#3796 = ORIENTED_EDGE ( 'NONE', *, *, #1651, .T. ) ;
#3797 = DIRECTION ( 'NONE',  ( 1.000000000000000000, 0.000000000000000000, 0.000000000000000000 ) ) ;
#3798 = AXIS2_PLACEMENT_3D ( 'NONE', #5496, #2952, #3022 ) ;
#3799 = DIRECTION ( 'NONE',  ( 0.000000000000000000, 1.000000000000000000, 0.000000000000000000 ) ) ;
#3800 = ORIENTED_EDGE ( 'NONE', *, *, #4435, .T. ) ;
#3801 = ORIENTED_EDGE ( 'NONE', *, *, #219, .F. ) ;
#3802 = FACE_OUTER_BOUND ( 'NONE', #5095, .T. ) ;
#3803 = CARTESIAN_POINT ( 'NONE',  ( -1668.648648648647168, -2650.855855855854770, 51.00000000000000711 ) ) ;
#3804 = LINE ( 'NONE', #2683, #5540 ) ;
#3805 = LINE ( 'NONE', #4737, #5131 ) ;
#3806 = VERTEX_POINT ( 'NONE', #1359 ) ;
#3807 = FACE_OUTER_BOUND ( 'NONE', #4063, .T. ) ;
#3808 = ORIENTED_EDGE ( 'NONE', *, *, #4958, .F. ) ;
#3809 = PLANE ( 'NONE',  #1079 ) ;
#3810 = EDGE_CURVE ( 'NONE', #4476, #6176, #877, .T. ) ;
#3811 = ORIENTED_EDGE ( 'NONE', *, *, #6220, .F. ) ;
#3812 = ORIENTED_EDGE ( 'NONE', *, *, #3392, .F. ) ;
#3813 = PRESENTATION_LAYER_ASSIGNMENT (  '', '', ( #1857 ) ) ;
#3814 = PLANE ( 'NONE',  #878 ) ;
#3815 = EDGE_CURVE ( 'NONE', #6123, #4804, #839, .T. ) ;
#3816 = CARTESIAN_POINT ( 'NONE',  ( -2868.382539233230091, 3348.907565514117778, 50.00000000000000000 ) ) ;
#3817 = ORIENTED_EDGE ( 'NONE', *, *, #6473, .T. ) ;
#3818 = CARTESIAN_POINT ( 'NONE',  ( -1243.648648648647168, -1875.855855855854770, 252.0000000000000000 ) ) ;
#3819 = DIRECTION ( 'NONE',  ( 0.000000000000000000, -1.000000000000000000, 0.000000000000000000 ) ) ;
#3820 = EDGE_CURVE ( 'NONE', #5469, #5522, #2921, .T. ) ;
#3821 = LINE ( 'NONE', #5747, #6659 ) ;
#3822 = AXIS2_PLACEMENT_3D ( 'NONE', #2522, #1534, #5681 ) ;
#3823 = CARTESIAN_POINT ( 'NONE',  ( -43.64864864864698291, -1875.855855855854770, 451.0000000000000000 ) ) ;
#3824 = VERTEX_POINT ( 'NONE', #355 ) ;
#3825 = ORIENTED_EDGE ( 'NONE', *, *, #2983, .F. ) ;
#3826 = EDGE_LOOP ( 'NONE', ( #1926, #2265, #3441, #4829 ) ) ;
#3827 = EDGE_CURVE ( 'NONE', #5860, #2728, #2458, .T. ) ;
#3828 = CARTESIAN_POINT ( 'NONE',  ( -1213.648648648647168, -1905.855855855854770, 252.0000000000000000 ) ) ;
#3829 = EDGE_LOOP ( 'NONE', ( #6081, #5395, #3297, #3497 ) ) ;
#3830 = VECTOR ( 'NONE', #3606, 1000.000000000000000 ) ;
#3831 = CARTESIAN_POINT ( 'NONE',  ( 1913.785313619750468, -2650.960111606672399, 51.00000000000000711 ) ) ;
#3832 = ORIENTED_EDGE ( 'NONE', *, *, #4198, .F. ) ;
#3833 = DIRECTION ( 'NONE',  ( 0.000000000000000000, -1.000000000000000000, 0.000000000000000000 ) ) ;
#3834 = ORIENTED_EDGE ( 'NONE', *, *, #3414, .F. ) ;
#3835 = CARTESIAN_POINT ( 'NONE',  ( -23.64864864864699001, -696.1949088771522156, 651.0000000000003411 ) ) ;
#3836 = VECTOR ( 'NONE', #287, 1000.000000000000000 ) ;
#3837 = CARTESIAN_POINT ( 'NONE',  ( 251.3513513513532303, 494.1441441441443203, 451.0000000000000000 ) ) ;
#3838 = LINE ( 'NONE', #2163, #6012 ) ;
#3839 = EDGE_CURVE ( 'NONE', #4120, #6286, #1462, .T. ) ;
#3840 = ORIENTED_EDGE ( 'NONE', *, *, #3937, .T. ) ;
#3841 = CARTESIAN_POINT ( 'NONE',  ( 0.000000000000000000, 0.000000000000000000, 51.00000000000000711 ) ) ;
#3842 = VECTOR ( 'NONE', #469, 1000.000000000000000 ) ;
#3843 = VECTOR ( 'NONE', #998, 1000.000000000000000 ) ;
#3844 = VECTOR ( 'NONE', #5046, 1000.000000000000000 ) ;
#3845 = VERTEX_POINT ( 'NONE', #3541 ) ;
#3846 = LINE ( 'NONE', #3775, #195 ) ;
#3847 = AXIS2_PLACEMENT_3D ( 'NONE', #1412, #867, #3492 ) ;
#3848 = VECTOR ( 'NONE', #366, 1000.000000000000000 ) ;
#3849 = VECTOR ( 'NONE', #1690, 1000.000000000000000 ) ;
#3850 = ORIENTED_EDGE ( 'NONE', *, *, #952, .F. ) ;
#3851 = CARTESIAN_POINT ( 'NONE',  ( 1881.351351351352832, -242.2942286748832430, 51.00000000000000711 ) ) ;
#3852 = ORIENTED_EDGE ( 'NONE', *, *, #5864, .F. ) ;
#3853 = CARTESIAN_POINT ( 'NONE',  ( -468.6486486486469971, 0.000000000000000000, 50.00000000000000000 ) ) ;
#3854 = VECTOR ( 'NONE', #4020, 1000.000000000000000 ) ;
#3855 = AXIS2_PLACEMENT_3D ( 'NONE', #5970, #1898, #800 ) ;
#3856 = DIRECTION ( 'NONE',  ( -0.000000000000000000, -0.000000000000000000, -1.000000000000000000 ) ) ;
#3857 = ORIENTED_EDGE ( 'NONE', *, *, #1652, .F. ) ;
#3858 = DIRECTION ( 'NONE',  ( -1.000000000000000000, -0.000000000000000000, -0.000000000000000000 ) ) ;
#3859 = DIRECTION ( 'NONE',  ( -0.000000000000000000, -1.000000000000000000, -0.000000000000000000 ) ) ;
#3860 = DIRECTION ( 'NONE',  ( -0.000000000000000000, 1.000000000000000000, -0.000000000000000000 ) ) ;
#3861 = EDGE_CURVE ( 'NONE', #571, #5584, #4546, .T. ) ;
#3862 = CARTESIAN_POINT ( 'NONE',  ( 276.3513513513530597, -2195.855855855854770, 450.0000000000000000 ) ) ;
#3863 = ORIENTED_EDGE ( 'NONE', *, *, #5006, .T. ) ;
#3864 = EDGE_CURVE ( 'NONE', #1078, #3589, #5088, .T. ) ;
#3865 = DIRECTION ( 'NONE',  ( 1.000000000000000000, 0.000000000000000000, -0.000000000000000000 ) ) ;
#3866 = ADVANCED_FACE ( 'NONE', ( #2417 ), #919, .F. ) ;
#3867 = CARTESIAN_POINT ( 'NONE',  ( -42.48264923019517880, 1724.144144144144093, 252.0000000000000000 ) ) ;
#3868 = ORIENTED_EDGE ( 'NONE', *, *, #5864, .T. ) ;
#3869 = LINE ( 'NONE', #4864, #2543 ) ;
#3870 = DIRECTION ( 'NONE',  ( -0.000000000000000000, 1.000000000000000000, -0.000000000000000000 ) ) ;
#3871 = LINE ( 'NONE', #2370, #4910 ) ;
#3872 = EDGE_CURVE ( 'NONE', #2788, #4491, #4578, .T. ) ;
#3873 = PLANE ( 'NONE',  #6001 ) ;
#3874 = ORIENTED_EDGE ( 'NONE', *, *, #981, .T. ) ;
#3875 = ORIENTED_EDGE ( 'NONE', *, *, #5695, .T. ) ;
#3876 = LINE ( 'NONE', #3835, #24 ) ;
#3877 = DIRECTION ( 'NONE',  ( 1.000000000000000000, 0.000000000000000000, 0.000000000000000000 ) ) ;
#3878 = DIRECTION ( 'NONE',  ( -0.000000000000000000, -0.000000000000000000, -1.000000000000000000 ) ) ;
#3879 = EDGE_LOOP ( 'NONE', ( #2707, #6548, #4868, #5020 ) ) ;
#3880 = PLANE ( 'NONE',  #2920 ) ;
#3881 = EDGE_LOOP ( 'NONE', ( #1356, #821, #3665, #307 ) ) ;
#3882 = CARTESIAN_POINT ( 'NONE',  ( -463.2964566313568753, -261.9442023300435949, 651.0000000000003411 ) ) ;
#3883 = ORIENTED_EDGE ( 'NONE', *, *, #304, .T. ) ;
#3884 = LINE ( 'NONE', #768, #4600 ) ;
#3885 = CARTESIAN_POINT ( 'NONE',  ( -13.64864864864699356, -1905.855855855854770, 451.0000000000000000 ) ) ;
#3886 = CARTESIAN_POINT ( 'NONE',  ( 1506.351351351352832, -1875.855855855854770, 252.0000000000000000 ) ) ;
#3887 = DIRECTION ( 'NONE',  ( 1.000000000000000000, 0.000000000000000000, 0.000000000000000000 ) ) ;
#3888 = EDGE_LOOP ( 'NONE', ( #1943, #5873, #5937, #2989 ) ) ;
#3889 = DIRECTION ( 'NONE',  ( -0.000000000000000000, -0.000000000000000000, -1.000000000000000000 ) ) ;
#3890 = CARTESIAN_POINT ( 'NONE',  ( -1243.648648648647168, -675.8558558558547702, 451.0000000000000000 ) ) ;
#3891 = EDGE_LOOP ( 'NONE', ( #1458, #4133, #118, #2773 ) ) ;
#3892 = LINE ( 'NONE', #3477, #4265 ) ;
#3893 = ORIENTED_EDGE ( 'NONE', *, *, #5475, .T. ) ;
#3894 = CARTESIAN_POINT ( 'NONE',  ( 721.3513513513529460, -1450.855855855854543, 450.0000000000000000 ) ) ;
#3895 = LINE ( 'NONE', #5957, #1360 ) ;
#3896 = ORIENTED_EDGE ( 'NONE', *, *, #295, .F. ) ;
#3897 = FACE_OUTER_BOUND ( 'NONE', #6048, .T. ) ;
#3898 = EDGE_CURVE ( 'NONE', #5473, #4380, #6663, .T. ) ;
#3899 = CARTESIAN_POINT ( 'NONE',  ( 1928.964900017874243, -2649.473361566354015, 251.0000000000000000 ) ) ;
#3900 = LINE ( 'NONE', #5004, #1665 ) ;
#3901 = ADVANCED_FACE ( 'NONE', ( #4014 ), #6082, .T. ) ;
#3902 = CARTESIAN_POINT ( 'NONE',  ( -43.64864864864698291, -1875.855855855854770, 450.0000000000000000 ) ) ;
#3903 = EDGE_LOOP ( 'NONE', ( #1821, #3727, #4053, #1989 ) ) ;
#3904 = ORIENTED_EDGE ( 'NONE', *, *, #1201, .T. ) ;
#3905 = CARTESIAN_POINT ( 'NONE',  ( 1931.351351351352832, 3349.139388805734143, 51.00000000000000711 ) ) ;
#3906 = VECTOR ( 'NONE', #4445, 1000.000000000000000 ) ;
#3907 = EDGE_CURVE ( 'NONE', #5521, #6338, #5062, .T. ) ;
#3908 = ORIENTED_EDGE ( 'NONE', *, *, #3457, .F. ) ;
#3909 = LINE ( 'NONE', #6593, #353 ) ;
#3910 = ORIENTED_EDGE ( 'NONE', *, *, #5258, .F. ) ;
#3911 = DIRECTION ( 'NONE',  ( -1.000000000000000000, -0.000000000000000000, -0.000000000000000000 ) ) ;
#3912 = DIRECTION ( 'NONE',  ( -0.000000000000000000, -0.000000000000000000, -1.000000000000000000 ) ) ;
#3913 = VERTEX_POINT ( 'NONE', #2888 ) ;
#3914 = EDGE_CURVE ( 'NONE', #653, #4971, #6528, .T. ) ;
#3915 = DIRECTION ( 'NONE',  ( -0.000000000000000000, -0.000000000000000000, -1.000000000000000000 ) ) ;
#3916 = VERTEX_POINT ( 'NONE', #1871 ) ;
#3917 = CARTESIAN_POINT ( 'NONE',  ( -923.6486486486471676, -705.8558558558547702, 451.0000000000000000 ) ) ;
#3918 = DIRECTION ( 'NONE',  ( -1.000000000000000000, 0.000000000000000000, 0.000000000000000000 ) ) ;
#3919 = EDGE_LOOP ( 'NONE', ( #4596, #3793, #1614, #4092, #3686 ) ) ;
#3920 = LINE ( 'NONE', #5444, #5573 ) ;
#3921 = CARTESIAN_POINT ( 'NONE',  ( -53.64864864864694738, -1016.194908877151988, 652.0000000000003411 ) ) ;
#3922 = ORIENTED_EDGE ( 'NONE', *, *, #3719, .T. ) ;
#3923 = CARTESIAN_POINT ( 'NONE',  ( -893.6486486486472813, -1025.855855855854543, 451.0000000000000000 ) ) ;
#3924 = VECTOR ( 'NONE', #3221, 1000.000000000000000 ) ;
#3925 = ADVANCED_FACE ( 'NONE', ( #546 ), #6276, .F. ) ;
#3926 = ORIENTED_EDGE ( 'NONE', *, *, #6213, .F. ) ;
#3927 = PLANE ( 'NONE',  #5877 ) ;
#3928 = DIRECTION ( 'NONE',  ( 0.000000000000000000, -1.000000000000000000, 0.000000000000000000 ) ) ;
#3929 = ORIENTED_EDGE ( 'NONE', *, *, #817, .F. ) ;
#3930 = LINE ( 'NONE', #5546, #3412 ) ;
#3931 = CARTESIAN_POINT ( 'NONE',  ( -1213.648648648647168, -995.8558558558545428, 450.0000000000000000 ) ) ;
#3932 = FACE_OUTER_BOUND ( 'NONE', #6714, .T. ) ;
#3933 = LINE ( 'NONE', #3487, #6002 ) ;
#3934 = ORIENTED_EDGE ( 'NONE', *, *, #1316, .F. ) ;
#3935 = VECTOR ( 'NONE', #6465, 1000.000000000000000 ) ;
#3936 = VERTEX_POINT ( 'NONE', #2642 ) ;
#3937 = EDGE_CURVE ( 'NONE', #754, #3040, #2741, .T. ) ;
#3938 = LINE ( 'NONE', #1447, #6347 ) ;
#3939 = CARTESIAN_POINT ( 'NONE',  ( 3176.837698566488143, -4100.459402700869759, 150.0000000000000284 ) ) ;
#3940 = ADVANCED_FACE ( 'NONE', ( #4208 ), #4313, .F. ) ;
#3941 = EDGE_LOOP ( 'NONE', ( #1256, #6034, #2253, #4793 ) ) ;
#3942 = FACE_OUTER_BOUND ( 'NONE', #946, .T. ) ;
#3943 = VECTOR ( 'NONE', #5508, 1000.000000000000000 ) ;
#3944 = EDGE_CURVE ( 'NONE', #2469, #1480, #4732, .T. ) ;
#3945 = ORIENTED_EDGE ( 'NONE', *, *, #3227, .F. ) ;
#3946 = EDGE_CURVE ( 'NONE', #425, #6726, #5866, .T. ) ;
#3947 = ORIENTED_EDGE ( 'NONE', *, *, #5554, .F. ) ;
#3948 = CARTESIAN_POINT ( 'NONE',  ( -477.9485211280458543, -1459.372486768057570, 51.00000000000000711 ) ) ;
#3949 = VECTOR ( 'NONE', #274, 1000.000000000000000 ) ;
#3950 = VECTOR ( 'NONE', #2485, 1000.000000000000000 ) ;
#3951 = VECTOR ( 'NONE', #891, 1000.000000000000000 ) ;
#3952 = PLANE ( 'NONE',  #639 ) ;
#3953 = DIRECTION ( 'NONE',  ( -0.000000000000000000, -0.000000000000000000, -1.000000000000000000 ) ) ;
#3954 = ORIENTED_EDGE ( 'NONE', *, *, #2571, .T. ) ;
#3955 = VECTOR ( 'NONE', #3145, 1000.000000000000000 ) ;
#3956 = VECTOR ( 'NONE', #4452, 1000.000000000000000 ) ;
#3957 = LINE ( 'NONE', #3442, #2438 ) ;
#3958 = VECTOR ( 'NONE', #5995, 1000.000000000000000 ) ;
#3959 = DIRECTION ( 'NONE',  ( -0.000000000000000000, 1.000000000000000000, -0.000000000000000000 ) ) ;
#3960 = ORIENTED_EDGE ( 'NONE', *, *, #3267, .F. ) ;
#3961 = DIRECTION ( 'NONE',  ( 0.000000000000000000, -0.000000000000000000, -1.000000000000000000 ) ) ;
#3962 = AXIS2_PLACEMENT_3D ( 'NONE', #70, #4242, #2125 ) ;
#3963 = VECTOR ( 'NONE', #2950, 1000.000000000000000 ) ;
#3964 = ORIENTED_EDGE ( 'NONE', *, *, #1961, .T. ) ;
#3965 = LINE ( 'NONE', #324, #2180 ) ;
#3966 = CARTESIAN_POINT ( 'NONE',  ( -1661.268387826372191, -1459.372486768057570, 251.0000000000000000 ) ) ;
#3967 = DIRECTION ( 'NONE',  ( -1.000000000000000000, 0.000000000000000000, 0.000000000000000000 ) ) ;
#3968 = VERTEX_POINT ( 'NONE', #3148 ) ;
#3969 = CARTESIAN_POINT ( 'NONE',  ( -478.6486486486469971, -250.8558558558546849, 450.0000000000000000 ) ) ;
#3970 = FACE_OUTER_BOUND ( 'NONE', #5920, .T. ) ;
#3971 = LINE ( 'NONE', #6412, #6560 ) ;
#3972 = ORIENTED_EDGE ( 'NONE', *, *, #1358, .T. ) ;
#3973 = ORIENTED_EDGE ( 'NONE', *, *, #2856, .T. ) ;
#3974 = CARTESIAN_POINT ( 'NONE',  ( -1668.914624007974453, -2650.885740052331585, 51.00000000000000711 ) ) ;
#3975 = LINE ( 'NONE', #2031, #4481 ) ;
#3976 = AXIS2_PLACEMENT_3D ( 'NONE', #1820, #2367, #6506 ) ;
#3977 = PLANE ( 'NONE',  #689 ) ;
#3978 = ORIENTED_EDGE ( 'NONE', *, *, #2612, .F. ) ;
#3979 = DIRECTION ( 'NONE',  ( 0.000000000000000000, -1.000000000000000000, 0.000000000000000000 ) ) ;
#3980 = ORIENTED_EDGE ( 'NONE', *, *, #6470, .T. ) ;
#3981 = VERTEX_POINT ( 'NONE', #652 ) ;
#3982 = VECTOR ( 'NONE', #1241, 1000.000000000000000 ) ;
#3983 = EDGE_CURVE ( 'NONE', #5010, #1284, #4802, .T. ) ;
#3984 = EDGE_LOOP ( 'NONE', ( #4388, #4983, #2993, #6438 ) ) ;
#3985 = EDGE_CURVE ( 'NONE', #5238, #6306, #1207, .T. ) ;
#3986 = CARTESIAN_POINT ( 'NONE',  ( -1668.914624007974453, -2620.885740052331130, 51.00000000000000711 ) ) ;
#3987 = LINE ( 'NONE', #2998, #3605 ) ;
#3988 = CARTESIAN_POINT ( 'NONE',  ( 1156.351351351352832, -1025.855855855854543, 450.0000000000000000 ) ) ;
#3989 = CARTESIAN_POINT ( 'NONE',  ( -1213.648648648647168, -995.8558558558545428, 451.0000000000000000 ) ) ;
#3990 = EDGE_LOOP ( 'NONE', ( #3120, #4949, #2479, #3796 ) ) ;
#3991 = ADVANCED_FACE ( 'NONE', ( #3284 ), #693, .T. ) ;
#3992 = DIRECTION ( 'NONE',  ( 0.000000000000000000, -0.000000000000000000, -1.000000000000000000 ) ) ;
#3993 = VERTEX_POINT ( 'NONE', #618 ) ;
#3994 = CARTESIAN_POINT ( 'NONE',  ( -53.64864864864694738, -1016.194908877151988, 652.0000000000003411 ) ) ;
#3995 = CARTESIAN_POINT ( 'NONE',  ( -923.6486486486471676, 1402.892555011814466, 451.0000000000000000 ) ) ;
#3996 = EDGE_LOOP ( 'NONE', ( #6041, #2600, #5531, #489 ) ) ;
#3997 = PLANE ( 'NONE',  #4594 ) ;
#3998 = DIRECTION ( 'NONE',  ( 0.000000000000000000, -1.000000000000000000, 0.000000000000000000 ) ) ;
#3999 = DIRECTION ( 'NONE',  ( 1.000000000000000000, 1.189524669241239115E-16, -0.000000000000000000 ) ) ;
#4000 = EDGE_LOOP ( 'NONE', ( #1215, #5433, #876, #4028 ) ) ;
#4001 = CARTESIAN_POINT ( 'NONE',  ( -1668.648648648647168, -250.8558558558546849, 51.00000000000000711 ) ) ;
#4002 = VERTEX_POINT ( 'NONE', #5760 ) ;
#4003 = DIRECTION ( 'NONE',  ( -1.000000000000000000, -0.000000000000000000, -0.000000000000000000 ) ) ;
#4004 = ORIENTED_EDGE ( 'NONE', *, *, #460, .F. ) ;
#4005 = ORIENTED_EDGE ( 'NONE', *, *, #6106, .F. ) ;
#4006 = CARTESIAN_POINT ( 'NONE',  ( -923.6486486486471676, -1905.855855855854770, 251.0000000000000000 ) ) ;
#4007 = DIRECTION ( 'NONE',  ( -0.000000000000000000, 0.000000000000000000, 1.000000000000000000 ) ) ;
#4008 = ORIENTED_EDGE ( 'NONE', *, *, #6435, .T. ) ;
#4009 = CARTESIAN_POINT ( 'NONE',  ( 0.000000000000000000, 0.000000000000000000, 50.00000000000000000 ) ) ;
#4010 = ORIENTED_EDGE ( 'NONE', *, *, #6397, .F. ) ;
#4011 = EDGE_LOOP ( 'NONE', ( #5248, #5210, #2213, #6588 ) ) ;
#4012 = VERTEX_POINT ( 'NONE', #5799 ) ;
#4013 = VECTOR ( 'NONE', #4672, 1000.000000000000000 ) ;
#4014 = FACE_OUTER_BOUND ( 'NONE', #1236, .T. ) ;
#4015 = LINE ( 'NONE', #456, #3830 ) ;
#4016 = DIRECTION ( 'NONE',  ( 1.850371707708593823E-16, -1.000000000000000000, 0.000000000000000000 ) ) ;
#4017 = ADVANCED_FACE ( 'NONE', ( #1140 ), #1104, .T. ) ;
#4018 = VERTEX_POINT ( 'NONE', #5282 ) ;
#4019 = CARTESIAN_POINT ( 'NONE',  ( -1668.648648648647168, -2650.855855855854770, 51.00000000000000711 ) ) ;
#4020 = DIRECTION ( 'NONE',  ( -0.000000000000000000, -1.000000000000000000, -0.000000000000000000 ) ) ;
#4021 = DIRECTION ( 'NONE',  ( 0.000000000000000000, 1.000000000000000000, 0.000000000000000000 ) ) ;
#4022 = EDGE_CURVE ( 'NONE', #4668, #888, #1172, .T. ) ;
#4023 = VERTEX_POINT ( 'NONE', #2192 ) ;
#4024 = CARTESIAN_POINT ( 'NONE',  ( 1928.964900017874243, -2649.473361566354015, 251.0000000000000000 ) ) ;
#4025 = EDGE_CURVE ( 'NONE', #383, #6679, #4276, .T. ) ;
#4026 = LINE ( 'NONE', #3966, #5321 ) ;
#4027 = DIRECTION ( 'NONE',  ( 0.000000000000000000, 1.000000000000000000, 0.000000000000000000 ) ) ;
#4028 = ORIENTED_EDGE ( 'NONE', *, *, #389, .T. ) ;
#4029 = ADVANCED_FACE ( 'NONE', ( #4177 ), #6246, .F. ) ;
#4030 = CARTESIAN_POINT ( 'NONE',  ( -478.6486486486470540, -8.856779173924079230E-14, 50.00000000000000000 ) ) ;
#4031 = LINE ( 'NONE', #5101, #1996 ) ;
#4032 = LINE ( 'NONE', #5650, #6000 ) ;
#4033 = DIRECTION ( 'NONE',  ( -0.000000000000000000, -0.000000000000000000, -1.000000000000000000 ) ) ;
#4034 = DIRECTION ( 'NONE',  ( -1.914177628664064607E-16, 1.000000000000000000, -0.000000000000000000 ) ) ;
#4035 = VECTOR ( 'NONE', #6622, 1000.000000000000000 ) ;
#4036 = ORIENTED_EDGE ( 'NONE', *, *, #1150, .T. ) ;
#4037 = DIRECTION ( 'NONE',  ( 0.000000000000000000, -1.000000000000000000, 0.000000000000000000 ) ) ;
#4038 = ORIENTED_EDGE ( 'NONE', *, *, #698, .F. ) ;
#4039 = AXIS2_PLACEMENT_3D ( 'NONE', #1410, #1991, #5048 ) ;
#4040 = CARTESIAN_POINT ( 'NONE',  ( 1931.351351351352832, 949.1441441441446614, 450.0000000000000000 ) ) ;
#4041 = DIRECTION ( 'NONE',  ( -0.000000000000000000, -0.000000000000000000, -1.000000000000000000 ) ) ;
#4042 = ORIENTED_EDGE ( 'NONE', *, *, #2238, .F. ) ;
#4043 = CARTESIAN_POINT ( 'NONE',  ( 9.163145065364935169E-14, 949.1441441441443203, 450.0000000000000000 ) ) ;
#4044 = DIRECTION ( 'NONE',  ( -0.000000000000000000, 0.000000000000000000, -1.000000000000000000 ) ) ;
#4045 = VERTEX_POINT ( 'NONE', #3388 ) ;
#4046 = VERTEX_POINT ( 'NONE', #1945 ) ;
#4047 = DIRECTION ( 'NONE',  ( -3.172065784643303486E-16, 1.000000000000000000, -0.000000000000000000 ) ) ;
#4048 = CARTESIAN_POINT ( 'NONE',  ( -923.6486486486471676, -705.8558558558547702, 451.0000000000000000 ) ) ;
#4049 = DIRECTION ( 'NONE',  ( -1.000000000000000000, -0.000000000000000000, -0.000000000000000000 ) ) ;
#4050 = PLANE ( 'NONE',  #3409 ) ;
#4051 = VECTOR ( 'NONE', #4708, 1000.000000000000000 ) ;
#4052 = VECTOR ( 'NONE', #6169, 1000.000000000000000 ) ;
#4053 = ORIENTED_EDGE ( 'NONE', *, *, #3060, .F. ) ;
#4054 = PLANE ( 'NONE',  #1439 ) ;
#4055 = CARTESIAN_POINT ( 'NONE',  ( 1506.351351351352832, -1025.855855855854543, 451.0000000000000000 ) ) ;
#4056 = DIRECTION ( 'NONE',  ( -0.000000000000000000, 0.000000000000000000, 1.000000000000000000 ) ) ;
#4057 = ORIENTED_EDGE ( 'NONE', *, *, #144, .F. ) ;
#4058 = VECTOR ( 'NONE', #638, 1000.000000000000000 ) ;
#4059 = LINE ( 'NONE', #3994, #5763 ) ;
#4060 = VECTOR ( 'NONE', #1909, 1000.000000000000000 ) ;
#4061 = VECTOR ( 'NONE', #204, 1000.000000000000000 ) ;
#4062 = DIRECTION ( 'NONE',  ( 0.000000000000000000, -0.000000000000000000, 1.000000000000000000 ) ) ;
#4063 = EDGE_LOOP ( 'NONE', ( #681, #2164, #1409, #3687 ) ) ;
#4064 = DIRECTION ( 'NONE',  ( 3.172065784643304472E-16, 1.000000000000000000, -0.000000000000000000 ) ) ;
#4065 = PLANE ( 'NONE',  #4798 ) ;
#4066 = ADVANCED_FACE ( 'NONE', ( #5037 ), #6414, .F. ) ;
#4067 = DIRECTION ( 'NONE',  ( -0.000000000000000000, -1.000000000000000000, -0.000000000000000000 ) ) ;
#4068 = AXIS2_PLACEMENT_3D ( 'NONE', #6676, #1406, #6100 ) ;
#4069 = PRODUCT_DEFINITION_FORMATION_WITH_SPECIFIED_SOURCE ( 'ANY', '', #6130, .NOT_KNOWN. ) ;
#4070 = EDGE_CURVE ( 'NONE', #1789, #2713, #2838, .T. ) ;
#4071 = EDGE_CURVE ( 'NONE', #1769, #1400, #1429, .T. ) ;
#4072 = EDGE_LOOP ( 'NONE', ( #4509, #3202, #1298, #6599, #326, #606, #1443, #6650, #5463, #1084 ) ) ;
#4073 = LINE ( 'NONE', #1959, #5599 ) ;
#4074 = ORIENTED_EDGE ( 'NONE', *, *, #3489, .T. ) ;
#4075 = VECTOR ( 'NONE', #91, 1000.000000000000000 ) ;
#4076 = EDGE_CURVE ( 'NONE', #4131, #5448, #1759, .T. ) ;
#4077 = LINE ( 'NONE', #4105, #1557 ) ;
#4078 = DIRECTION ( 'NONE',  ( 0.000000000000000000, -1.000000000000000000, 0.000000000000000000 ) ) ;
#4079 = ADVANCED_FACE ( 'NONE', ( #4371 ), #927, .F. ) ;
#4080 = EDGE_CURVE ( 'NONE', #6105, #3916, #3005, .T. ) ;
#4081 = ORIENTED_EDGE ( 'NONE', *, *, #725, .T. ) ;
#4082 = CARTESIAN_POINT ( 'NONE',  ( -2868.382539233230091, 3348.907565514117778, 150.0000000000000284 ) ) ;
#4083 = EDGE_LOOP ( 'NONE', ( #6491, #1837, #5819, #3770 ) ) ;
#4084 = ORIENTED_EDGE ( 'NONE', *, *, #5597, .F. ) ;
#4085 = FACE_OUTER_BOUND ( 'NONE', #722, .T. ) ;
#4086 = DIRECTION ( 'NONE',  ( 0.000000000000000000, -1.000000000000000000, 0.000000000000000000 ) ) ;
#4087 = VECTOR ( 'NONE', #5451, 1000.000000000000000 ) ;
#4088 = PLANE ( 'NONE',  #5557 ) ;
#4089 = CARTESIAN_POINT ( 'NONE',  ( -1243.648648648647168, 1372.892555011814466, 451.0000000000000000 ) ) ;
#4090 = VERTEX_POINT ( 'NONE', #721 ) ;
#4091 = DIRECTION ( 'NONE',  ( -0.000000000000000000, 1.000000000000000000, -0.000000000000000000 ) ) ;
#4092 = ORIENTED_EDGE ( 'NONE', *, *, #6185, .F. ) ;
#4093 = CARTESIAN_POINT ( 'NONE',  ( -1212.844139922891600, 494.1441441441452298, 251.0000000000000000 ) ) ;
#4094 = DIRECTION ( 'NONE',  ( -0.000000000000000000, 1.000000000000000000, -0.000000000000000000 ) ) ;
#4095 = VERTEX_POINT ( 'NONE', #961 ) ;
#4096 = DIRECTION ( 'NONE',  ( 0.000000000000000000, 1.000000000000000000, 0.000000000000000000 ) ) ;
#4097 = DIRECTION ( 'NONE',  ( 7.930164461608258714E-17, -1.000000000000000000, 0.000000000000000000 ) ) ;
#4098 = LINE ( 'NONE', #1983, #123 ) ;
#4099 = DIRECTION ( 'NONE',  ( 1.000000000000000000, 0.000000000000000000, 0.000000000000000000 ) ) ;
#4100 = ORIENTED_EDGE ( 'NONE', *, *, #1781, .F. ) ;
#4101 = DIRECTION ( 'NONE',  ( 0.000000000000000000, -0.000000000000000000, 1.000000000000000000 ) ) ;
#4102 = ORIENTED_EDGE ( 'NONE', *, *, #3690, .T. ) ;
#4103 = ADVANCED_FACE ( 'NONE', ( #5936 ), #3873, .T. ) ;
#4104 = EDGE_CURVE ( 'NONE', #5621, #1754, #1277, .T. ) ;
#4105 = CARTESIAN_POINT ( 'NONE',  ( 1156.351351351352832, -1875.855855855854770, 251.0000000000000000 ) ) ;
#4106 = CARTESIAN_POINT ( 'NONE',  ( -1668.653815138663958, 3349.109615115158704, 51.00000000000000711 ) ) ;
#4107 = VERTEX_POINT ( 'NONE', #2492 ) ;
#4108 = DIRECTION ( 'NONE',  ( 4.724353296277261913E-17, 1.000000000000000000, 0.000000000000000000 ) ) ;
#4109 = ORIENTED_EDGE ( 'NONE', *, *, #904, .F. ) ;
#4110 = EDGE_CURVE ( 'NONE', #2780, #5892, #4339, .T. ) ;
#4111 = ORIENTED_EDGE ( 'NONE', *, *, #3027, .F. ) ;
#4112 = ADVANCED_FACE ( 'NONE', ( #1976 ), #4554, .T. ) ;
#4113 = PLANE ( 'NONE',  #2945 ) ;
#4114 = CARTESIAN_POINT ( 'NONE',  ( -1618.648648648647168, -2600.855855855854770, 50.00000000000000000 ) ) ;
#4115 = EDGE_CURVE ( 'NONE', #5300, #2901, #2297, .T. ) ;
#4116 = DIRECTION ( 'NONE',  ( -1.000000000000000000, -0.000000000000000000, -0.000000000000000000 ) ) ;
#4117 = LINE ( 'NONE', #5533, #3279 ) ;
#4118 = CARTESIAN_POINT ( 'NONE',  ( 1186.351351351353287, 1404.144144144144775, 451.0000000000000000 ) ) ;
#4119 = VECTOR ( 'NONE', #2068, 1000.000000000000000 ) ;
#4120 = VERTEX_POINT ( 'NONE', #3354 ) ;
#4121 = PLANE ( 'NONE',  #6320 ) ;
#4122 = ORIENTED_EDGE ( 'NONE', *, *, #1741, .T. ) ;
#4123 = PLANE ( 'NONE',  #3822 ) ;
#4124 = DIRECTION ( 'NONE',  ( 0.000000000000000000, -0.000000000000000000, -1.000000000000000000 ) ) ;
#4125 = ORIENTED_EDGE ( 'NONE', *, *, #6720, .T. ) ;
#4126 = LINE ( 'NONE', #2563, #3186 ) ;
#4127 = LINE ( 'NONE', #3106, #4281 ) ;
#4128 = CARTESIAN_POINT ( 'NONE',  ( 276.3513513513530029, -1905.855855855854770, 451.0000000000000000 ) ) ;
#4129 = DIRECTION ( 'NONE',  ( 0.000000000000000000, 0.000000000000000000, -1.000000000000000000 ) ) ;
#4130 = CARTESIAN_POINT ( 'NONE',  ( 3181.351351351352150, 3349.144144144144775, 0.000000000000000000 ) ) ;
#4131 = VERTEX_POINT ( 'NONE', #3321 ) ;
#4132 = CARTESIAN_POINT ( 'NONE',  ( 1140.752172914886160, 532.7057713251168707, 652.0000000000003411 ) ) ;
#4133 = ORIENTED_EDGE ( 'NONE', *, *, #3157, .F. ) ;
#4134 = DIRECTION ( 'NONE',  ( 0.000000000000000000, -1.000000000000000000, 0.000000000000000000 ) ) ;
#4135 = ORIENTED_EDGE ( 'NONE', *, *, #5216, .F. ) ;
#4136 = ORIENTED_EDGE ( 'NONE', *, *, #4710, .F. ) ;
#4137 = LINE ( 'NONE', #1044, #3091 ) ;
#4138 = VECTOR ( 'NONE', #4037, 1000.000000000000000 ) ;
#4139 = ORIENTED_EDGE ( 'NONE', *, *, #5257, .F. ) ;
#4140 = ORIENTED_EDGE ( 'NONE', *, *, #226, .F. ) ;
#4141 = VECTOR ( 'NONE', #4781, 1000.000000000000000 ) ;
#4142 = EDGE_CURVE ( 'NONE', #1815, #1400, #5963, .T. ) ;
#4143 = DIRECTION ( 'NONE',  ( 0.000000000000000000, -0.000000000000000000, -1.000000000000000000 ) ) ;
#4144 = PLANE ( 'NONE',  #4975 ) ;
#4145 = EDGE_CURVE ( 'NONE', #3981, #914, #205, .T. ) ;
#4146 = EDGE_CURVE ( 'NONE', #3519, #5300, #6482, .T. ) ;
#4147 = CARTESIAN_POINT ( 'NONE',  ( -1668.648648648647168, 2149.144144144145230, 50.00000000000000000 ) ) ;
#4148 = APPLICATION_CONTEXT ( 'automotive_design' ) ;
#4149 = ADVANCED_FACE ( 'NONE', ( #2464 ), #4526, .F. ) ;
#4150 = EDGE_CURVE ( 'NONE', #662, #5644, #3472, .T. ) ;
#4151 = ORIENTED_EDGE ( 'NONE', *, *, #2023, .F. ) ;
#4152 = CARTESIAN_POINT ( 'NONE',  ( 729.0204228011621126, 2148.025372459793289, 251.0000000000000000 ) ) ;
#4153 = ORIENTED_EDGE ( 'NONE', *, *, #679, .F. ) ;
#4154 = LINE ( 'NONE', #6224, #2299 ) ;
#4155 = CARTESIAN_POINT ( 'NONE',  ( 1140.752172914886160, 182.7057713251167570, 652.0000000000003411 ) ) ;
#4156 = ORIENTED_EDGE ( 'NONE', *, *, #6564, .F. ) ;
#4157 = VECTOR ( 'NONE', #4249, 1000.000000000000000 ) ;
#4158 = CARTESIAN_POINT ( 'NONE',  ( 1931.351351351352832, -1450.855855855854543, 50.99999999999999289 ) ) ;
#4159 = VECTOR ( 'NONE', #842, 1000.000000000000000 ) ;
#4160 = DIRECTION ( 'NONE',  ( 1.000000000000000000, 0.000000000000000000, 0.000000000000000000 ) ) ;
#4161 = CARTESIAN_POINT ( 'NONE',  ( -2867.919202630825566, -2650.885740052331585, 51.00000000000000711 ) ) ;
#4162 = CARTESIAN_POINT ( 'NONE',  ( 3181.351351351352150, 3349.144144144144775, 50.00000000000000000 ) ) ;
#4163 = LINE ( 'NONE', #6237, #1024 ) ;
#4164 = AXIS2_PLACEMENT_3D ( 'NONE', #3989, #6057, #1392 ) ;
#4165 = VECTOR ( 'NONE', #5269, 1000.000000000000000 ) ;
#4166 = ORIENTED_EDGE ( 'NONE', *, *, #5806, .T. ) ;
#4167 = AXIS2_PLACEMENT_3D ( 'NONE', #3197, #5262, #4742 ) ;
#4168 = EDGE_LOOP ( 'NONE', ( #5642, #2869, #3643, #354 ) ) ;
#4169 = CARTESIAN_POINT ( 'NONE',  ( 3176.837698566487234, 3348.351809431109359, 50.00000000000000000 ) ) ;
#4170 = LINE ( 'NONE', #4697, #1114 ) ;
#4171 = VECTOR ( 'NONE', #4108, 1000.000000000000000 ) ;
#4172 = VECTOR ( 'NONE', #2202, 1000.000000000000000 ) ;
#4173 = VECTOR ( 'NONE', #3281, 1000.000000000000000 ) ;
#4174 = CARTESIAN_POINT ( 'NONE',  ( -1243.648648648647168, -1875.855855855854770, 251.0000000000000000 ) ) ;
#4175 = CARTESIAN_POINT ( 'NONE',  ( 3126.837698566487234, -4100.459402700869759, 150.0000000000000284 ) ) ;
#4176 = LINE ( 'NONE', #2641, #3736 ) ;
#4177 = FACE_OUTER_BOUND ( 'NONE', #3318, .T. ) ;
#4178 = ORIENTED_EDGE ( 'NONE', *, *, #2414, .F. ) ;
#4179 = PLANE ( 'NONE',  #1566 ) ;
#4180 = ORIENTED_EDGE ( 'NONE', *, *, #5006, .F. ) ;
#4181 = VECTOR ( 'NONE', #2085, 1000.000000000000000 ) ;
#4182 = FACE_OUTER_BOUND ( 'NONE', #3829, .T. ) ;
#4183 = CARTESIAN_POINT ( 'NONE',  ( 1506.351351351352832, -1025.855855855854543, 451.0000000000000000 ) ) ;
#4184 = CARTESIAN_POINT ( 'NONE',  ( 1460.752172914886160, 212.7057713251167570, 652.0000000000003411 ) ) ;
#4185 = FACE_OUTER_BOUND ( 'NONE', #646, .T. ) ;
#4186 = EDGE_CURVE ( 'NONE', #335, #6457, #6280, .T. ) ;
#4187 = EDGE_CURVE ( 'NONE', #425, #3696, #2924, .T. ) ;
#4188 = EDGE_LOOP ( 'NONE', ( #171, #1366, #2064, #1584 ) ) ;
#4189 = LINE ( 'NONE', #5643, #2960 ) ;
#4190 = DIRECTION ( 'NONE',  ( 1.000000000000000000, 0.000000000000000000, 0.000000000000000000 ) ) ;
#4191 = VERTEX_POINT ( 'NONE', #1556 ) ;
#4192 = DIRECTION ( 'NONE',  ( -0.000000000000000000, -0.000000000000000000, -1.000000000000000000 ) ) ;
#4193 = CARTESIAN_POINT ( 'NONE',  ( -477.9485211280458543, -1459.372486768057570, 251.0000000000000000 ) ) ;
#4194 = ORIENTED_EDGE ( 'NONE', *, *, #4676, .T. ) ;
#4195 = CARTESIAN_POINT ( 'NONE',  ( -1668.648648648647168, -2650.855855855854770, 50.00000000000000000 ) ) ;
#4196 = LINE ( 'NONE', #164, #6336 ) ;
#4197 = DIRECTION ( 'NONE',  ( 0.000000000000000000, 1.000000000000000000, -0.000000000000000000 ) ) ;
#4198 = EDGE_CURVE ( 'NONE', #2184, #5584, #2099, .T. ) ;
#4199 = FACE_BOUND ( 'NONE', #1762, .T. ) ;
#4200 = CARTESIAN_POINT ( 'NONE',  ( 0.000000000000000000, -250.8558558558546849, 450.0000000000000000 ) ) ;
#4201 = ORIENTED_EDGE ( 'NONE', *, *, #3914, .T. ) ;
#4202 = VERTEX_POINT ( 'NONE', #4485 ) ;
#4203 = EDGE_CURVE ( 'NONE', #1123, #5522, #2959, .T. ) ;
#4204 = LINE ( 'NONE', #5723, #2557 ) ;
#4205 = PLANE ( 'NONE',  #2541 ) ;
#4206 = CARTESIAN_POINT ( 'NONE',  ( 1490.752172914886160, 532.7057713251167570, 652.0000000000003411 ) ) ;
#4207 = LINE ( 'NONE', #544, #2327 ) ;
#4208 = FACE_OUTER_BOUND ( 'NONE', #3755, .T. ) ;
#4209 = VERTEX_POINT ( 'NONE', #5031 ) ;
#4210 = CARTESIAN_POINT ( 'NONE',  ( 0.000000000000000000, -2650.855855855854770, 450.0000000000000000 ) ) ;
#4211 = ORIENTED_EDGE ( 'NONE', *, *, #2112, .T. ) ;
#4212 = EDGE_CURVE ( 'NONE', #3589, #2285, #5577, .T. ) ;
#4213 = CARTESIAN_POINT ( 'NONE',  ( -1667.844139922891600, 947.8925550118144656, 51.00000000000000711 ) ) ;
#4214 = LINE ( 'NONE', #2101, #209 ) ;
#4215 = ORIENTED_EDGE ( 'NONE', *, *, #5135, .T. ) ;
#4216 = FACE_OUTER_BOUND ( 'NONE', #5025, .T. ) ;
#4217 = DIRECTION ( 'NONE',  ( 0.000000000000000000, 1.000000000000000000, 0.000000000000000000 ) ) ;
#4218 = VERTEX_POINT ( 'NONE', #5064 ) ;
#4219 = DIRECTION ( 'NONE',  ( -1.000000000000000000, -0.000000000000000000, -0.000000000000000000 ) ) ;
#4220 = EDGE_LOOP ( 'NONE', ( #2350, #1188, #1740, #5922 ) ) ;
#4221 = ADVANCED_FACE ( 'NONE', ( #4182 ), #5184, .T. ) ;
#4222 = CARTESIAN_POINT ( 'NONE',  ( 1476.351351351353287, 1694.144144144144548, 451.0000000000000000 ) ) ;
#4223 = CARTESIAN_POINT ( 'NONE',  ( -1243.648648648647168, -2225.855855855854770, 252.0000000000000000 ) ) ;
#4224 = PLANE ( 'NONE',  #6589 ) ;
#4225 = EDGE_LOOP ( 'NONE', ( #312, #5127, #6620, #3964, #2324, #4447 ) ) ;
#4226 = LINE ( 'NONE', #3616, #6013 ) ;
#4227 = VECTOR ( 'NONE', #1828, 1000.000000000000000 ) ;
#4228 = DIRECTION ( 'NONE',  ( 1.000000000000000000, 0.000000000000000000, 0.000000000000000000 ) ) ;
#4229 = LINE ( 'NONE', #4260, #5900 ) ;
#4230 = DIRECTION ( 'NONE',  ( -1.000000000000000000, -0.000000000000000000, -0.000000000000000000 ) ) ;
#4231 = LINE ( 'NONE', #1643, #33 ) ;
#4232 = EDGE_CURVE ( 'NONE', #4506, #4018, #5215, .T. ) ;
#4233 = ORIENTED_EDGE ( 'NONE', *, *, #1794, .F. ) ;
#4234 = EDGE_CURVE ( 'NONE', #6105, #4090, #358, .T. ) ;
#4235 = ORIENTED_EDGE ( 'NONE', *, *, #351, .T. ) ;
#4236 = DIRECTION ( 'NONE',  ( -0.000000000000000000, 0.000000000000000000, 1.000000000000000000 ) ) ;
#4237 = CARTESIAN_POINT ( 'NONE',  ( 1186.351351351353287, 1694.144144144144548, 451.0000000000000000 ) ) ;
#4238 = EDGE_CURVE ( 'NONE', #2538, #1760, #6574, .T. ) ;
#4239 = DIRECTION ( 'NONE',  ( -0.000000000000000000, 0.000000000000000000, -1.000000000000000000 ) ) ;
#4240 = CARTESIAN_POINT ( 'NONE',  ( -892.8441399228915998, 524.1441441441452298, 252.0000000000000000 ) ) ;
#4241 = ORIENTED_EDGE ( 'NONE', *, *, #953, .F. ) ;
#4242 = DIRECTION ( 'NONE',  ( 1.000000000000000000, 0.000000000000000000, -0.000000000000000000 ) ) ;
#4243 = EDGE_LOOP ( 'NONE', ( #6282, #3567, #829, #3896, #795 ) ) ;
#4244 = DIRECTION ( 'NONE',  ( -0.000000000000000000, 1.000000000000000000, -0.000000000000000000 ) ) ;
#4245 = VECTOR ( 'NONE', #2969, 1000.000000000000000 ) ;
#4246 = DIRECTION ( 'NONE',  ( 1.000000000000000000, 0.000000000000000000, 0.000000000000000000 ) ) ;
#4247 = ORIENTED_EDGE ( 'NONE', *, *, #1961, .F. ) ;
#4248 = LINE ( 'NONE', #1662, #3137 ) ;
#4249 = DIRECTION ( 'NONE',  ( 1.000000000000000000, 7.930164461608261179E-17, 0.000000000000000000 ) ) ;
#4250 = VECTOR ( 'NONE', #529, 1000.000000000000000 ) ;
#4251 = EDGE_LOOP ( 'NONE', ( #3817, #3381, #3348, #2502 ) ) ;
#4252 = CARTESIAN_POINT ( 'NONE',  ( -893.6486486486471676, -1875.855855855854770, 252.0000000000000000 ) ) ;
#4253 = VERTEX_POINT ( 'NONE', #1261 ) ;
#4254 = DIRECTION ( 'NONE',  ( -0.000000000000000000, -0.000000000000000000, -1.000000000000000000 ) ) ;
#4255 = CARTESIAN_POINT ( 'NONE',  ( -1667.844139922891600, 947.8925550118144656, 251.0000000000000000 ) ) ;
#4256 = LINE ( 'NONE', #4681, #4615 ) ;
#4257 = VERTEX_POINT ( 'NONE', #1994 ) ;
#4258 = CARTESIAN_POINT ( 'NONE',  ( 0.000000000000000000, 0.000000000000000000, 0.000000000000000000 ) ) ;
#4259 = LINE ( 'NONE', #6329, #15 ) ;
#4260 = CARTESIAN_POINT ( 'NONE',  ( 296.3513513513530029, -666.1949088771521019, 651.0000000000003411 ) ) ;
#4261 = PLANE ( 'NONE',  #5123 ) ;
#4262 = LINE ( 'NONE', #3272, #6015 ) ;
#4263 = LINE ( 'NONE', #1718, #1657 ) ;
#4264 = ORIENTED_EDGE ( 'NONE', *, *, #389, .F. ) ;
#4265 = VECTOR ( 'NONE', #3003, 1000.000000000000000 ) ;
#4266 = ORIENTED_EDGE ( 'NONE', *, *, #2852, .F. ) ;
#4267 = CARTESIAN_POINT ( 'NONE',  ( 0.000000000000000000, 0.000000000000000000, 451.0000000000000000 ) ) ;
#4268 = ORIENTED_EDGE ( 'NONE', *, *, #4819, .F. ) ;
#4269 = ADVANCED_FACE ( 'NONE', ( #5724 ), #2575, .F. ) ;
#4270 = VECTOR ( 'NONE', #4364, 1000.000000000000000 ) ;
#4271 = EDGE_CURVE ( 'NONE', #4930, #1385, #1482, .T. ) ;
#4272 = VECTOR ( 'NONE', #1075, 1000.000000000000000 ) ;
#4273 = EDGE_CURVE ( 'NONE', #5469, #1143, #6141, .T. ) ;
#4274 = VECTOR ( 'NONE', #4717, 1000.000000000000000 ) ;
#4275 = DIRECTION ( 'NONE',  ( 0.000000000000000000, 0.000000000000000000, 1.000000000000000000 ) ) ;
#4276 = LINE ( 'NONE', #5831, #4905 ) ;
#4277 = ORIENTED_EDGE ( 'NONE', *, *, #1321, .F. ) ;
#4278 = ORIENTED_EDGE ( 'NONE', *, *, #3694, .T. ) ;
#4279 = EDGE_CURVE ( 'NONE', #5974, #6286, #4170, .T. ) ;
#4280 = AXIS2_PLACEMENT_3D ( 'NONE', #103, #4730, #3246 ) ;
#4281 = VECTOR ( 'NONE', #5886, 1000.000000000000000 ) ;
#4282 = VECTOR ( 'NONE', #5488, 1000.000000000000000 ) ;
#4283 = ADVANCED_FACE ( 'NONE', ( #1545 ), #1070, .F. ) ;
#4284 = LINE ( 'NONE', #657, #2511 ) ;
#4285 = LINE ( 'NONE', #1699, #4692 ) ;
#4286 = VECTOR ( 'NONE', #3912, 1000.000000000000000 ) ;
#4287 = AXIS2_PLACEMENT_3D ( 'NONE', #1929, #4007, #251 ) ;
#4288 = VERTEX_POINT ( 'NONE', #4661 ) ;
#4289 = LINE ( 'NONE', #6422, #1950 ) ;
#4290 = CARTESIAN_POINT ( 'NONE',  ( -1243.648648648647168, 1372.892555011814466, 450.0000000000000000 ) ) ;
#4291 = DIRECTION ( 'NONE',  ( -0.000000000000000000, -0.000000000000000000, -1.000000000000000000 ) ) ;
#4292 = ORIENTED_EDGE ( 'NONE', *, *, #2331, .T. ) ;
#4293 = PLANE ( 'NONE',  #5583 ) ;
#4294 = VERTEX_POINT ( 'NONE', #3661 ) ;
#4295 = CARTESIAN_POINT ( 'NONE',  ( -467.4826492301951930, 2148.025372459793289, 251.0000000000000000 ) ) ;
#4296 = DIRECTION ( 'NONE',  ( -0.000000000000000000, -0.000000000000000000, -1.000000000000000000 ) ) ;
#4297 = DIRECTION ( 'NONE',  ( -1.000000000000000000, 0.000000000000000000, 0.000000000000000000 ) ) ;
#4298 = ORIENTED_EDGE ( 'NONE', *, *, #472, .T. ) ;
#4299 = DIRECTION ( 'NONE',  ( -0.000000000000000000, 0.000000000000000000, -1.000000000000000000 ) ) ;
#4300 = LINE ( 'NONE', #1132, #1448 ) ;
#4301 = CARTESIAN_POINT ( 'NONE',  ( 1919.291799940615647, -242.2942286748832430, 651.0000000000003411 ) ) ;
#4302 = VECTOR ( 'NONE', #4336, 1000.000000000000000 ) ;
#4303 = PLANE ( 'NONE',  #1243 ) ;
#4304 = DIRECTION ( 'NONE',  ( 0.000000000000000000, 0.000000000000000000, 1.000000000000000000 ) ) ;
#4305 = ORIENTED_EDGE ( 'NONE', *, *, #3600, .T. ) ;
#4306 = LINE ( 'NONE', #1720, #1142 ) ;
#4307 = ORIENTED_EDGE ( 'NONE', *, *, #1108, .F. ) ;
#4308 = LINE ( 'NONE', #1686, #589 ) ;
#4309 = AXIS2_PLACEMENT_3D ( 'NONE', #6492, #6460, #2789 ) ;
#4310 = ORIENTED_EDGE ( 'NONE', *, *, #5597, .T. ) ;
#4311 = CARTESIAN_POINT ( 'NONE',  ( -42.48264923019513617, 1374.144144144144320, 252.0000000000000000 ) ) ;
#4312 = FACE_OUTER_BOUND ( 'NONE', #229, .T. ) ;
#4313 = PLANE ( 'NONE',  #449 ) ;
#4314 = VERTEX_POINT ( 'NONE', #4570 ) ;
#4315 = ORIENTED_EDGE ( 'NONE', *, *, #3533, .F. ) ;
#4316 = EDGE_CURVE ( 'NONE', #1923, #4971, #6243, .T. ) ;
#4317 = CARTESIAN_POINT ( 'NONE',  ( 0.000000000000000000, -250.8558558558546849, 51.00000000000000711 ) ) ;
#4318 = CARTESIAN_POINT ( 'NONE',  ( -1668.914624007974453, -2620.885740052331130, 50.00000000000000000 ) ) ;
#4319 = EDGE_CURVE ( 'NONE', #42, #2572, #941, .T. ) ;
#4320 = ORIENTED_EDGE ( 'NONE', *, *, #2323, .F. ) ;
#4321 = EDGE_CURVE ( 'NONE', #4839, #2780, #406, .T. ) ;
#4322 = ORIENTED_EDGE ( 'NONE', *, *, #1072, .F. ) ;
#4323 = ORIENTED_EDGE ( 'NONE', *, *, #5023, .F. ) ;
#4324 = EDGE_CURVE ( 'NONE', #408, #2546, #1587, .T. ) ;
#4325 = LINE ( 'NONE', #1743, #5702 ) ;
#4326 = EDGE_LOOP ( 'NONE', ( #6568, #4613, #2454, #4398 ) ) ;
#4327 = CARTESIAN_POINT ( 'NONE',  ( -23.64864864864699001, -986.1949088771519882, 652.0000000000003411 ) ) ;
#4328 = CARTESIAN_POINT ( 'NONE',  ( 1156.351351351353287, 1724.144144144144548, 451.0000000000000000 ) ) ;
#4329 = ORIENTED_EDGE ( 'NONE', *, *, #4187, .T. ) ;
#4330 = CARTESIAN_POINT ( 'NONE',  ( -467.4826492301951362, 2099.144144144145230, 51.00000000000000711 ) ) ;
#4331 = CARTESIAN_POINT ( 'NONE',  ( -1618.648648648647168, -247.8776232719739312, 51.00000000000000711 ) ) ;
#4332 = LINE ( 'NONE', #1196, #2752 ) ;
#4333 = CARTESIAN_POINT ( 'NONE',  ( -468.6486486486471676, 2099.144144144145230, 51.00000000000000711 ) ) ;
#4334 = ORIENTED_EDGE ( 'NONE', *, *, #3617, .F. ) ;
#4335 = EDGE_LOOP ( 'NONE', ( #1536, #1317, #5039, #486 ) ) ;
#4336 = DIRECTION ( 'NONE',  ( 0.000000000000000000, 0.000000000000000000, 1.000000000000000000 ) ) ;
#4337 = EDGE_LOOP ( 'NONE', ( #1247, #1693, #5568, #5580 ) ) ;
#4338 = VECTOR ( 'NONE', #3979, 1000.000000000000000 ) ;
#4339 = LINE ( 'NONE', #2264, #1882 ) ;
#4340 = EDGE_LOOP ( 'NONE', ( #6311, #5346, #3614, #2843 ) ) ;
#4341 = ORIENTED_EDGE ( 'NONE', *, *, #1667, .F. ) ;
#4342 = CARTESIAN_POINT ( 'NONE',  ( -2918.648648648647395, 3349.144144144144775, 0.000000000000000000 ) ) ;
#4343 = LINE ( 'NONE', #1176, #3924 ) ;
#4344 = DIRECTION ( 'NONE',  ( 1.000000000000000000, 0.000000000000000000, 0.000000000000000000 ) ) ;
#4345 = ORIENTED_EDGE ( 'NONE', *, *, #6021, .T. ) ;
#4346 = CARTESIAN_POINT ( 'NONE',  ( 1931.351351351352832, 3349.139388805734143, 51.00000000000000711 ) ) ;
#4347 = ORIENTED_EDGE ( 'NONE', *, *, #1232, .F. ) ;
#4348 = EDGE_CURVE ( 'NONE', #2880, #4815, #3142, .T. ) ;
#4349 = VERTEX_POINT ( 'NONE', #2540 ) ;
#4350 = EDGE_CURVE ( 'NONE', #4090, #4735, #5206, .T. ) ;
#4351 = EDGE_CURVE ( 'NONE', #3708, #2456, #3018, .T. ) ;
#4352 = PLANE ( 'NONE',  #5360 ) ;
#4353 = ORIENTED_EDGE ( 'NONE', *, *, #1027, .F. ) ;
#4354 = VECTOR ( 'NONE', #334, 1000.000000000000000 ) ;
#4355 = DIRECTION ( 'NONE',  ( -0.000000000000000000, 0.000000000000000000, -1.000000000000000000 ) ) ;
#4356 = PLANE ( 'NONE',  #6563 ) ;
#4357 = EDGE_LOOP ( 'NONE', ( #299, #5657, #2114, #3608 ) ) ;
#4358 = CARTESIAN_POINT ( 'NONE',  ( -1618.648648648647168, 2099.144144144145230, 51.00000000000000711 ) ) ;
#4359 = DIRECTION ( 'NONE',  ( 1.000000000000000000, -9.251858538542971581E-17, 0.000000000000000000 ) ) ;
#4360 = DIRECTION ( 'NONE',  ( 1.850371707708594316E-16, -1.000000000000000000, 0.000000000000000000 ) ) ;
#4361 = ORIENTED_EDGE ( 'NONE', *, *, #6614, .F. ) ;
#4362 = LINE ( 'NONE', #3271, #2649 ) ;
#4363 = VECTOR ( 'NONE', #2760, 1000.000000000000000 ) ;
#4364 = DIRECTION ( 'NONE',  ( -1.000000000000000000, -0.000000000000000000, -0.000000000000000000 ) ) ;
#4365 = EDGE_LOOP ( 'NONE', ( #6583, #2840, #3002, #4081 ) ) ;
#4366 = ORIENTED_EDGE ( 'NONE', *, *, #6603, .F. ) ;
#4367 = CARTESIAN_POINT ( 'NONE',  ( 251.3513513513532303, 204.1441441441443487, 451.0000000000000000 ) ) ;
#4368 = ORIENTED_EDGE ( 'NONE', *, *, #1238, .F. ) ;
#4369 = DIRECTION ( 'NONE',  ( -0.000000000000000000, -0.000000000000000000, -1.000000000000000000 ) ) ;
#4370 = EDGE_CURVE ( 'NONE', #6382, #5493, #5077, .T. ) ;
#4371 = FACE_OUTER_BOUND ( 'NONE', #1320, .T. ) ;
#4372 = EDGE_LOOP ( 'NONE', ( #4824, #5743, #3717, #2884, #5487 ) ) ;
#4373 = EDGE_LOOP ( 'NONE', ( #2917, #1517, #1630, #97 ) ) ;
#4374 = LINE ( 'NONE', #5803, #6452 ) ;
#4375 = VECTOR ( 'NONE', #6727, 1000.000000000000000 ) ;
#4376 = VECTOR ( 'NONE', #4986, 1000.000000000000000 ) ;
#4377 = VECTOR ( 'NONE', #3682, 1000.000000000000000 ) ;
#4378 = CARTESIAN_POINT ( 'NONE',  ( -1661.268387826372191, -2638.672188960770200, 51.00000000000000711 ) ) ;
#4379 = CARTESIAN_POINT ( 'NONE',  ( 1919.291799940615647, 942.7075103593078893, 51.00000000000000711 ) ) ;
#4380 = VERTEX_POINT ( 'NONE', #6479 ) ;
#4381 = LINE ( 'NONE', #2245, #5190 ) ;
#4382 = AXIS2_PLACEMENT_3D ( 'NONE', #3108, #435, #6673 ) ;
#4383 = AXIS2_PLACEMENT_3D ( 'NONE', #4532, #4431, #4895 ) ;
#4384 = AXIS2_PLACEMENT_3D ( 'NONE', #3407, #2355, #3887 ) ;
#4385 = ORIENTED_EDGE ( 'NONE', *, *, #6644, .F. ) ;
#4386 = DIRECTION ( 'NONE',  ( 0.000000000000000000, -0.000000000000000000, 1.000000000000000000 ) ) ;
#4387 = VECTOR ( 'NONE', #3250, 1000.000000000000000 ) ;
#4388 = ORIENTED_EDGE ( 'NONE', *, *, #5054, .T. ) ;
#4389 = ADVANCED_FACE ( 'NONE', ( #2937 ), #3455, .F. ) ;
#4390 = CARTESIAN_POINT ( 'NONE',  ( 721.3513513513527187, 1.334768131857904905E-13, 450.0000000000000000 ) ) ;
#4391 = VECTOR ( 'NONE', #3171, 1000.000000000000000 ) ;
#4392 = VERTEX_POINT ( 'NONE', #273 ) ;
#4393 = EDGE_CURVE ( 'NONE', #3693, #2759, #2834, .T. ) ;
#4394 = DIRECTION ( 'NONE',  ( -1.586032892321652729E-16, 1.000000000000000000, -0.000000000000000000 ) ) ;
#4395 = LINE ( 'NONE', #815, #3294 ) ;
#4396 = ORIENTED_EDGE ( 'NONE', *, *, #6709, .T. ) ;
#4397 = PLANE ( 'NONE',  #2422 ) ;
#4398 = ORIENTED_EDGE ( 'NONE', *, *, #149, .T. ) ;
#4399 = ORIENTED_EDGE ( 'NONE', *, *, #2736, .F. ) ;
#4400 = PLANE ( 'NONE',  #2351 ) ;
#4401 = ORIENTED_EDGE ( 'NONE', *, *, #1808, .T. ) ;
#4402 = ADVANCED_FACE ( 'NONE', ( #2904 ), #301, .F. ) ;
#4403 = CARTESIAN_POINT ( 'NONE',  ( 3176.837698566487234, 3348.351809431109359, 150.0000000000000284 ) ) ;
#4404 = PLANE ( 'NONE',  #902 ) ;
#4405 = DIRECTION ( 'NONE',  ( 1.000000000000000000, -3.172065784643303486E-16, 0.000000000000000000 ) ) ;
#4406 = CARTESIAN_POINT ( 'NONE',  ( 1506.351351351353287, 1374.144144144144548, 451.0000000000000000 ) ) ;
#4407 = DIRECTION ( 'NONE',  ( -0.000000000000000000, 0.000000000000000000, -1.000000000000000000 ) ) ;
#4408 = CARTESIAN_POINT ( 'NONE',  ( -923.6486486486471676, -1905.855855855854770, 252.0000000000000000 ) ) ;
#4409 = ADVANCED_FACE ( 'NONE', ( #6544 ), #4404, .T. ) ;
#4410 = ORIENTED_EDGE ( 'NONE', *, *, #5311, .F. ) ;
#4411 = ORIENTED_EDGE ( 'NONE', *, *, #1726, .T. ) ;
#4412 = DIRECTION ( 'NONE',  ( 0.000000000000000000, 1.000000000000000000, -0.000000000000000000 ) ) ;
#4413 = CARTESIAN_POINT ( 'NONE',  ( -38.64864864864676974, 204.1441441441443487, 450.0000000000000000 ) ) ;
#4414 = EDGE_LOOP ( 'NONE', ( #5166, #1208, #5327, #3017 ) ) ;
#4415 = CARTESIAN_POINT ( 'NONE',  ( -1618.648648648647168, -2600.855855855854770, 51.00000000000000711 ) ) ;
#4416 = PLANE ( 'NONE',  #1125 ) ;
#4417 = VERTEX_POINT ( 'NONE', #6036 ) ;
#4418 = ORIENTED_EDGE ( 'NONE', *, *, #6475, .T. ) ;
#4419 = CARTESIAN_POINT ( 'NONE',  ( 1186.351351351352832, -995.8558558558545428, 451.0000000000000000 ) ) ;
#4420 = ORIENTED_EDGE ( 'NONE', *, *, #5509, .T. ) ;
#4421 = CARTESIAN_POINT ( 'NONE',  ( -1243.648648648647168, -1025.855855855854543, 451.0000000000000000 ) ) ;
#4422 = CARTESIAN_POINT ( 'NONE',  ( 3.452553062395283591E-14, -250.8558558558549691, 450.0000000000000000 ) ) ;
#4423 = ORIENTED_EDGE ( 'NONE', *, *, #915, .T. ) ;
#4424 = DIRECTION ( 'NONE',  ( 1.000000000000000000, 0.000000000000000000, 0.000000000000000000 ) ) ;
#4425 = ADVANCED_FACE ( 'NONE', ( #3970 ), #890, .F. ) ;
#4426 = ORIENTED_EDGE ( 'NONE', *, *, #5880, .T. ) ;
#4427 = CARTESIAN_POINT ( 'NONE',  ( -1668.653815138663958, 3349.109615115158704, 51.00000000000000711 ) ) ;
#4428 = CARTESIAN_POINT ( 'NONE',  ( -923.6486486486471676, -1905.855855855854770, 252.0000000000000000 ) ) ;
#4429 = ORIENTED_EDGE ( 'NONE', *, *, #2852, .T. ) ;
#4430 = PLANE ( 'NONE',  #6662 ) ;
#4431 = DIRECTION ( 'NONE',  ( -1.000000000000000000, -3.172065784643303486E-16, 0.000000000000000000 ) ) ;
#4432 = PLANE ( 'NONE',  #1225 ) ;
#4433 = ADVANCED_FACE ( 'NONE', ( #1921 ), #5547, .F. ) ;
#4434 = CARTESIAN_POINT ( 'NONE',  ( 1186.351351351353287, 1694.144144144144548, 451.0000000000000000 ) ) ;
#4435 = EDGE_CURVE ( 'NONE', #282, #4349, #5932, .T. ) ;
#4436 = DIRECTION ( 'NONE',  ( 0.000000000000000000, -1.000000000000000000, 0.000000000000000000 ) ) ;
#4437 = EDGE_CURVE ( 'NONE', #1370, #157, #856, .T. ) ;
#4438 = ORIENTED_EDGE ( 'NONE', *, *, #3810, .F. ) ;
#4439 = ORIENTED_EDGE ( 'NONE', *, *, #1401, .T. ) ;
#4440 = AXIS2_PLACEMENT_3D ( 'NONE', #4009, #6078, #2509 ) ;
#4441 = ADVANCED_FACE ( 'NONE', ( #1403 ), #2872, .F. ) ;
#4442 = ADVANCED_FACE ( 'NONE', ( #2974 ), #3485, .T. ) ;
#4443 = FACE_OUTER_BOUND ( 'NONE', #2753, .T. ) ;
#4444 = VERTEX_POINT ( 'NONE', #6510 ) ;
#4445 = DIRECTION ( 'NONE',  ( -0.000000000000000000, -0.000000000000000000, -1.000000000000000000 ) ) ;
#4446 = ORIENTED_EDGE ( 'NONE', *, *, #1651, .F. ) ;
#4447 = ORIENTED_EDGE ( 'NONE', *, *, #481, .T. ) ;
#4448 = DIRECTION ( 'NONE',  ( -1.000000000000000000, -0.000000000000000000, -0.000000000000000000 ) ) ;
#4449 = LINE ( 'NONE', #3853, #4670 ) ;
#4450 = PLANE ( 'NONE',  #1670 ) ;
#4451 = VERTEX_POINT ( 'NONE', #1302 ) ;
#4452 = DIRECTION ( 'NONE',  ( 1.000000000000000000, 0.000000000000000000, 0.000000000000000000 ) ) ;
#4453 = DIRECTION ( 'NONE',  ( -0.000000000000000000, 0.000000000000000000, 1.000000000000000000 ) ) ;
#4454 = VERTEX_POINT ( 'NONE', #3931 ) ;
#4455 = DIRECTION ( 'NONE',  ( 0.000000000000000000, -1.000000000000000000, 0.000000000000000000 ) ) ;
#4456 = AXIS2_PLACEMENT_3D ( 'NONE', #5627, #3050, #6581 ) ;
#4457 = ORIENTED_EDGE ( 'NONE', *, *, #6104, .F. ) ;
#4458 = ORIENTED_EDGE ( 'NONE', *, *, #4517, .T. ) ;
#4459 = CARTESIAN_POINT ( 'NONE',  ( -1618.648648648647168, -250.8558558558546849, 51.00000000000000711 ) ) ;
#4460 = ORIENTED_EDGE ( 'NONE', *, *, #4142, .T. ) ;
#4461 = CARTESIAN_POINT ( 'NONE',  ( -1213.648648648647168, -1905.855855855854770, 252.0000000000000000 ) ) ;
#4462 = DIRECTION ( 'NONE',  ( 1.000000000000000000, 3.172065784643304472E-16, 0.000000000000000000 ) ) ;
#4463 = VECTOR ( 'NONE', #3007, 1000.000000000000000 ) ;
#4464 = DIRECTION ( 'NONE',  ( 0.000000000000000000, -1.000000000000000000, 0.000000000000000000 ) ) ;
#4465 = ORIENTED_EDGE ( 'NONE', *, *, #5844, .F. ) ;
#4466 = VERTEX_POINT ( 'NONE', #1796 ) ;
#4467 = EDGE_CURVE ( 'NONE', #5714, #662, #1338, .T. ) ;
#4468 = ADVANCED_FACE ( 'NONE', ( #3423 ), #1273, .F. ) ;
#4469 = EDGE_CURVE ( 'NONE', #914, #3344, #2626, .T. ) ;
#4470 = ORIENTED_EDGE ( 'NONE', *, *, #4519, .T. ) ;
#4471 = CARTESIAN_POINT ( 'NONE',  ( -1667.844139922891600, 947.8925550118144656, 251.0000000000000000 ) ) ;
#4472 = DIRECTION ( 'NONE',  ( 0.000000000000000000, 1.000000000000000000, 0.000000000000000000 ) ) ;
#4473 = ORIENTED_EDGE ( 'NONE', *, *, #2520, .T. ) ;
#4474 = LINE ( 'NONE', #6559, #1461 ) ;
#4475 = ORIENTED_EDGE ( 'NONE', *, *, #3024, .T. ) ;
#4476 = VERTEX_POINT ( 'NONE', #3011 ) ;
#4477 = EDGE_CURVE ( 'NONE', #3696, #754, #398, .T. ) ;
#4478 = ORIENTED_EDGE ( 'NONE', *, *, #4142, .F. ) ;
#4479 = VECTOR ( 'NONE', #2176, 1000.000000000000000 ) ;
#4480 = VECTOR ( 'NONE', #5575, 1000.000000000000000 ) ;
#4481 = VECTOR ( 'NONE', #2505, 1000.000000000000000 ) ;
#4482 = CARTESIAN_POINT ( 'NONE',  ( -451.0550733494790165, 947.8925550118144656, 51.00000000000000711 ) ) ;
#4483 = DIRECTION ( 'NONE',  ( 1.000000000000000000, 0.000000000000000000, -0.000000000000000000 ) ) ;
#4484 = LINE ( 'NONE', #4311, #4061 ) ;
#4485 = CARTESIAN_POINT ( 'NONE',  ( 1170.752172914886160, 212.7057713251167570, 651.0000000000003411 ) ) ;
#4486 = VECTOR ( 'NONE', #1867, 1000.000000000000000 ) ;
#4487 = VECTOR ( 'NONE', #3342, 1000.000000000000000 ) ;
#4488 = CARTESIAN_POINT ( 'NONE',  ( 1476.351351351353287, 1694.144144144144548, 450.0000000000000000 ) ) ;
#4489 = VECTOR ( 'NONE', #4767, 1000.000000000000000 ) ;
#4490 = LINE ( 'NONE', #6026, #4590 ) ;
#4491 = VERTEX_POINT ( 'NONE', #3042 ) ;
#4492 = APPLICATION_CONTEXT ( 'automotive_design' ) ;
#4493 = PLANE ( 'NONE',  #3505 ) ;
#4494 = AXIS2_PLACEMENT_3D ( 'NONE', #6648, #1985, #401 ) ;
#4495 = EDGE_LOOP ( 'NONE', ( #4890, #4769, #477, #3431 ) ) ;
#4496 = FACE_OUTER_BOUND ( 'NONE', #3254, .T. ) ;
#4497 = DIRECTION ( 'NONE',  ( 0.000000000000000000, 0.000000000000000000, 1.000000000000000000 ) ) ;
#4498 = ORIENTED_EDGE ( 'NONE', *, *, #4790, .F. ) ;
#4499 = DIRECTION ( 'NONE',  ( -0.000000000000000000, -0.000000000000000000, -1.000000000000000000 ) ) ;
#4500 = DIRECTION ( 'NONE',  ( 1.000000000000000000, 1.189524669241239608E-16, -0.000000000000000000 ) ) ;
#4501 = CARTESIAN_POINT ( 'NONE',  ( 732.4691333359016880, -2649.473361566354015, 251.0000000000000000 ) ) ;
#4502 = ORIENTED_EDGE ( 'NONE', *, *, #5329, .T. ) ;
#4503 = PLANE ( 'NONE',  #2828 ) ;
#4504 = ORIENTED_EDGE ( 'NONE', *, *, #4801, .F. ) ;
#4505 = LINE ( 'NONE', #6592, #5032 ) ;
#4506 = VERTEX_POINT ( 'NONE', #6192 ) ;
#4507 = DIRECTION ( 'NONE',  ( -0.000000000000000000, 0.000000000000000000, -1.000000000000000000 ) ) ;
#4508 = EDGE_CURVE ( 'NONE', #2546, #1123, #1473, .T. ) ;
#4509 = ORIENTED_EDGE ( 'NONE', *, *, #222, .T. ) ;
#4510 = CARTESIAN_POINT ( 'NONE',  ( 8.781347354308071916E-14, 949.1441441441451161, 50.00000000000000000 ) ) ;
#4511 = EDGE_CURVE ( 'NONE', #623, #3913, #1955, .T. ) ;
#4512 = ORIENTED_EDGE ( 'NONE', *, *, #3898, .F. ) ;
#4513 = ORIENTED_EDGE ( 'NONE', *, *, #48, .F. ) ;
#4514 = AXIS2_PLACEMENT_3D ( 'NONE', #3613, #1952, #4497 ) ;
#4515 = EDGE_CURVE ( 'NONE', #781, #4852, #6734, .T. ) ;
#4516 = VERTEX_POINT ( 'NONE', #3553 ) ;
#4517 = EDGE_CURVE ( 'NONE', #5113, #4314, #3652, .T. ) ;
#4518 = CARTESIAN_POINT ( 'NONE',  ( 715.7521729148861596, 942.7075103593078893, 51.00000000000000711 ) ) ;
#4519 = EDGE_CURVE ( 'NONE', #3916, #4018, #4031, .T. ) ;
#4520 = DIRECTION ( 'NONE',  ( 0.000000000000000000, -0.000000000000000000, 1.000000000000000000 ) ) ;
#4521 = CARTESIAN_POINT ( 'NONE',  ( -467.4826492301951930, 949.7722133673792086, 51.00000000000000711 ) ) ;
#4522 = EDGE_CURVE ( 'NONE', #1400, #4946, #434, .T. ) ;
#4523 = EDGE_CURVE ( 'NONE', #1067, #6466, #6096, .T. ) ;
#4524 = ORIENTED_EDGE ( 'NONE', *, *, #4234, .T. ) ;
#4525 = DIRECTION ( 'NONE',  ( 0.000000000000000000, -0.000000000000000000, 1.000000000000000000 ) ) ;
#4526 = PLANE ( 'NONE',  #5347 ) ;
#4527 = ORIENTED_EDGE ( 'NONE', *, *, #3029, .T. ) ;
#4528 = CARTESIAN_POINT ( 'NONE',  ( -1213.648648648647168, 1692.892555011814238, 451.0000000000000000 ) ) ;
#4529 = CARTESIAN_POINT ( 'NONE',  ( -1618.648648648647168, -1450.855855855854543, 51.00000000000000711 ) ) ;
#4530 = ORIENTED_EDGE ( 'NONE', *, *, #3280, .T. ) ;
#4531 = DIRECTION ( 'NONE',  ( -0.000000000000000000, 0.000000000000000000, 1.000000000000000000 ) ) ;
#4532 = CARTESIAN_POINT ( 'NONE',  ( -893.6486486486471676, -1875.855855855854770, 252.0000000000000000 ) ) ;
#4533 = DIRECTION ( 'NONE',  ( -0.000000000000000000, -0.000000000000000000, -1.000000000000000000 ) ) ;
#4534 = ORIENTED_EDGE ( 'NONE', *, *, #6213, .T. ) ;
#4535 = CARTESIAN_POINT ( 'NONE',  ( -1668.648648648647168, -2650.855855855854770, 51.00000000000000711 ) ) ;
#4536 = ORIENTED_EDGE ( 'NONE', *, *, #6739, .T. ) ;
#4537 = LINE ( 'NONE', #4006, #4035 ) ;
#4538 = DIRECTION ( 'NONE',  ( 1.000000000000000000, 0.000000000000000000, 0.000000000000000000 ) ) ;
#4539 = DIRECTION ( 'NONE',  ( -3.172065784643304472E-16, -1.000000000000000000, 0.000000000000000000 ) ) ;
#4540 = EDGE_LOOP ( 'NONE', ( #5478, #4795, #5107, #5425 ) ) ;
#4541 = DIRECTION ( 'NONE',  ( 0.000000000000000000, 1.000000000000000000, 0.000000000000000000 ) ) ;
#4542 = DIRECTION ( 'NONE',  ( 1.000000000000000000, 1.850371707708593823E-16, -0.000000000000000000 ) ) ;
#4543 = ORIENTED_EDGE ( 'NONE', *, *, #5135, .F. ) ;
#4544 = ORIENTED_EDGE ( 'NONE', *, *, #1183, .T. ) ;
#4545 = VECTOR ( 'NONE', #3604, 1000.000000000000000 ) ;
#4546 = LINE ( 'NONE', #5607, #3289 ) ;
#4547 = DIRECTION ( 'NONE',  ( 1.000000000000000000, 0.000000000000000000, 0.000000000000000000 ) ) ;
#4548 = EDGE_CURVE ( 'NONE', #1967, #5942, #6162, .T. ) ;
#4549 = EDGE_CURVE ( 'NONE', #5317, #2390, #1576, .T. ) ;
#4550 = EDGE_CURVE ( 'NONE', #253, #1504, #3521, .T. ) ;
#4551 = VERTEX_POINT ( 'NONE', #2048 ) ;
#4552 = CARTESIAN_POINT ( 'NONE',  ( 0.000000000000000000, -1450.855855855854543, 50.00000000000000000 ) ) ;
#4553 = LINE ( 'NONE', #3098, #2984 ) ;
#4554 = PLANE ( 'NONE',  #3077 ) ;
#4555 = VERTEX_POINT ( 'NONE', #1035 ) ;
#4556 = DIRECTION ( 'NONE',  ( -1.000000000000000000, -0.000000000000000000, -0.000000000000000000 ) ) ;
#4557 = EDGE_CURVE ( 'NONE', #2728, #2493, #4127, .T. ) ;
#4558 = DIRECTION ( 'NONE',  ( 0.000000000000000000, 1.000000000000000000, 0.000000000000000000 ) ) ;
#4559 = ORIENTED_EDGE ( 'NONE', *, *, #6358, .F. ) ;
#4560 = DIRECTION ( 'NONE',  ( 1.000000000000000000, 0.000000000000000000, 0.000000000000000000 ) ) ;
#4561 = DIRECTION ( 'NONE',  ( -0.000000000000000000, -0.000000000000000000, -1.000000000000000000 ) ) ;
#4562 = CARTESIAN_POINT ( 'NONE',  ( 731.3513513513531734, 949.1441441441445477, 450.0000000000000000 ) ) ;
#4563 = CARTESIAN_POINT ( 'NONE',  ( 0.000000000000000000, 0.000000000000000000, 51.00000000000000711 ) ) ;
#4564 = AXIS2_PLACEMENT_3D ( 'NONE', #1110, #5186, #1049 ) ;
#4565 = EDGE_LOOP ( 'NONE', ( #1003, #3800, #1552, #315, #2742, #4241 ) ) ;
#4566 = DIRECTION ( 'NONE',  ( -1.000000000000000000, -1.914177628664061896E-16, 0.000000000000000000 ) ) ;
#4567 = EDGE_LOOP ( 'NONE', ( #268, #6477, #3626, #3539, #3256, #3069 ) ) ;
#4568 = EDGE_CURVE ( 'NONE', #2574, #2555, #4196, .T. ) ;
#4569 = VECTOR ( 'NONE', #2899, 1000.000000000000000 ) ;
#4570 = CARTESIAN_POINT ( 'NONE',  ( 1913.785313619750696, -4100.310651257746940, 50.00000000000000000 ) ) ;
#4571 = PLANE ( 'NONE',  #4918 ) ;
#4572 = FACE_OUTER_BOUND ( 'NONE', #5372, .T. ) ;
#4573 = ORIENTED_EDGE ( 'NONE', *, *, #2102, .F. ) ;
#4574 = FACE_OUTER_BOUND ( 'NONE', #6488, .T. ) ;
#4575 = DIRECTION ( 'NONE',  ( 1.000000000000000000, 0.000000000000000000, 0.000000000000000000 ) ) ;
#4576 = ORIENTED_EDGE ( 'NONE', *, *, #2453, .T. ) ;
#4577 = ORIENTED_EDGE ( 'NONE', *, *, #4022, .T. ) ;
#4578 = LINE ( 'NONE', #5029, #3836 ) ;
#4579 = AXIS2_PLACEMENT_3D ( 'NONE', #3160, #1569, #990 ) ;
#4580 = CARTESIAN_POINT ( 'NONE',  ( 1506.351351351352832, -1875.855855855854770, 251.0000000000000000 ) ) ;
#4581 = LINE ( 'NONE', #2341, #5416 ) ;
#4582 = LINE ( 'NONE', #4089, #2754 ) ;
#4583 = VECTOR ( 'NONE', #6214, 1000.000000000000000 ) ;
#4584 = VECTOR ( 'NONE', #6710, 1000.000000000000000 ) ;
#4585 = AXIS2_PLACEMENT_3D ( 'NONE', #2629, #4129, #1579 ) ;
#4586 = ORIENTED_EDGE ( 'NONE', *, *, #5630, .T. ) ;
#4587 = EDGE_CURVE ( 'NONE', #3578, #5971, #6373, .T. ) ;
#4588 = CARTESIAN_POINT ( 'NONE',  ( 1881.351351351352832, 949.1441441441442066, 51.00000000000000711 ) ) ;
#4589 = ORIENTED_EDGE ( 'NONE', *, *, #518, .F. ) ;
#4590 = VECTOR ( 'NONE', #3959, 1000.000000000000000 ) ;
#4591 = EDGE_CURVE ( 'NONE', #6561, #1753, #5820, .T. ) ;
#4592 = CARTESIAN_POINT ( 'NONE',  ( -1668.648648648647168, -1450.855855855854543, 51.00000000000000711 ) ) ;
#4593 = VECTOR ( 'NONE', #1061, 1000.000000000000000 ) ;
#4594 = AXIS2_PLACEMENT_3D ( 'NONE', #397, #4531, #5618 ) ;
#4595 = FACE_OUTER_BOUND ( 'NONE', #3166, .T. ) ;
#4596 = ORIENTED_EDGE ( 'NONE', *, *, #3907, .T. ) ;
#4597 = FACE_OUTER_BOUND ( 'NONE', #5825, .T. ) ;
#4598 = DIRECTION ( 'NONE',  ( -1.000000000000000000, 0.000000000000000000, 0.000000000000000000 ) ) ;
#4599 = DIRECTION ( 'NONE',  ( 1.000000000000000000, 0.000000000000000000, 0.000000000000000000 ) ) ;
#4600 = VECTOR ( 'NONE', #4921, 1000.000000000000000 ) ;
#4601 = ADVANCED_FACE ( 'NONE', ( #5302 ), #6264, .F. ) ;
#4602 = ORIENTED_EDGE ( 'NONE', *, *, #258, .T. ) ;
#4603 = ADVANCED_FACE ( 'NONE', ( #637 ), #3749, .F. ) ;
#4604 = VERTEX_POINT ( 'NONE', #3268 ) ;
#4605 = EDGE_CURVE ( 'NONE', #2728, #5974, #2729, .T. ) ;
#4606 = CARTESIAN_POINT ( 'NONE',  ( -1638.653815138663958, 3349.109615115158704, 50.00000000000000000 ) ) ;
#4607 = EDGE_CURVE ( 'NONE', #2185, #1170, #1193, .T. ) ;
#4608 = FACE_OUTER_BOUND ( 'NONE', #1478, .T. ) ;
#4609 = CARTESIAN_POINT ( 'NONE',  ( 1913.785313619750696, -4100.310651257746940, 51.00000000000000711 ) ) ;
#4610 = ORIENTED_EDGE ( 'NONE', *, *, #4557, .F. ) ;
#4611 = DIRECTION ( 'NONE',  ( 0.000000000000000000, -1.000000000000000000, 0.000000000000000000 ) ) ;
#4612 = VERTEX_POINT ( 'NONE', #1160 ) ;
#4613 = ORIENTED_EDGE ( 'NONE', *, *, #1941, .F. ) ;
#4614 = DIRECTION ( 'NONE',  ( -0.000000000000000000, -0.000000000000000000, -1.000000000000000000 ) ) ;
#4615 = VECTOR ( 'NONE', #6325, 1000.000000000000000 ) ;
#4616 = DIRECTION ( 'NONE',  ( -0.000000000000000000, -0.000000000000000000, -1.000000000000000000 ) ) ;
#4617 = ADVANCED_FACE ( 'NONE', ( #3237 ), #5231, .T. ) ;
#4618 = ORIENTED_EDGE ( 'NONE', *, *, #6042, .T. ) ;
#4619 = DIRECTION ( 'NONE',  ( -0.000000000000000000, 0.000000000000000000, 1.000000000000000000 ) ) ;
#4620 = EDGE_LOOP ( 'NONE', ( #1516, #2282, #6309, #1221, #4341, #2249 ) ) ;
#4621 = CARTESIAN_POINT ( 'NONE',  ( 1460.752172914886160, 212.7057713251167570, 652.0000000000003411 ) ) ;
#4622 = DIRECTION ( 'NONE',  ( 0.000000000000000000, -1.000000000000000000, 0.000000000000000000 ) ) ;
#4623 = ORIENTED_EDGE ( 'NONE', *, *, #512, .T. ) ;
#4624 = DIRECTION ( 'NONE',  ( -0.000000000000000000, -0.000000000000000000, -1.000000000000000000 ) ) ;
#4625 = DIRECTION ( 'NONE',  ( -0.000000000000000000, -0.000000000000000000, -1.000000000000000000 ) ) ;
#4626 = DIRECTION ( 'NONE',  ( -1.000000000000000000, 0.000000000000000000, -0.000000000000000000 ) ) ;
#4627 = EDGE_CURVE ( 'NONE', #1747, #710, #57, .T. ) ;
#4628 = ORIENTED_EDGE ( 'NONE', *, *, #2404, .T. ) ;
#4629 = CARTESIAN_POINT ( 'NONE',  ( -467.4826492301951930, 949.7722133673792086, 251.0000000000000000 ) ) ;
#4630 = ORIENTED_EDGE ( 'NONE', *, *, #846, .F. ) ;
#4631 = ADVANCED_FACE ( 'NONE', ( #5335 ), #6294, .T. ) ;
#4632 = CARTESIAN_POINT ( 'NONE',  ( -2918.382539233229181, -4100.766735799657909, 150.0000000000000284 ) ) ;
#4633 = EDGE_CURVE ( 'NONE', #5942, #115, #3679, .T. ) ;
#4634 = EDGE_CURVE ( 'NONE', #415, #6166, #2765, .T. ) ;
#4635 = CARTESIAN_POINT ( 'NONE',  ( -1213.648648648647168, -2195.855855855854770, 251.0000000000000000 ) ) ;
#4636 = FACE_OUTER_BOUND ( 'NONE', #4357, .T. ) ;
#4637 = ORIENTED_EDGE ( 'NONE', *, *, #2414, .T. ) ;
#4638 = CARTESIAN_POINT ( 'NONE',  ( -1243.648648648647168, -1025.855855855854543, 451.0000000000000000 ) ) ;
#4639 = ORIENTED_EDGE ( 'NONE', *, *, #4279, .T. ) ;
#4640 = ORIENTED_EDGE ( 'NONE', *, *, #3741, .T. ) ;
#4641 = CARTESIAN_POINT ( 'NONE',  ( -1212.844139922891600, 204.1441441441452866, 252.0000000000000000 ) ) ;
#4642 = LINE ( 'NONE', #4184, #4013 ) ;
#4643 = CARTESIAN_POINT ( 'NONE',  ( -468.6486486486468266, -8.671742003153213916E-14, 51.00000000000000711 ) ) ;
#4644 = DIRECTION ( 'NONE',  ( -0.000000000000000000, -0.000000000000000000, -1.000000000000000000 ) ) ;
#4645 = VECTOR ( 'NONE', #3190, 1000.000000000000000 ) ;
#4646 = ORIENTED_EDGE ( 'NONE', *, *, #336, .F. ) ;
#4647 = LINE ( 'NONE', #4588, #2745 ) ;
#4648 = FACE_OUTER_BOUND ( 'NONE', #2160, .T. ) ;
#4649 = VERTEX_POINT ( 'NONE', #4330 ) ;
#4650 = PRODUCT_DEFINITION_CONTEXT ( 'detailed design', #4492, 'design' ) ;
#4651 = CARTESIAN_POINT ( 'NONE',  ( -43.64864864864698291, -1875.855855855854770, 451.0000000000000000 ) ) ;
#4652 = PLANE ( 'NONE',  #3758 ) ;
#4653 = ORIENTED_EDGE ( 'NONE', *, *, #3489, .F. ) ;
#4654 = CARTESIAN_POINT ( 'NONE',  ( 0.000000000000000000, 0.000000000000000000, 50.00000000000000000 ) ) ;
#4655 = DIRECTION ( 'NONE',  ( 0.000000000000000000, 1.000000000000000000, -0.000000000000000000 ) ) ;
#4656 = DIRECTION ( 'NONE',  ( -1.000000000000000000, -0.000000000000000000, -0.000000000000000000 ) ) ;
#4657 = FACE_OUTER_BOUND ( 'NONE', #5728, .T. ) ;
#4658 = EDGE_LOOP ( 'NONE', ( #3972, #2076, #1684, #1307 ) ) ;
#4659 = LINE ( 'NONE', #6741, #3429 ) ;
#4660 = EDGE_LOOP ( 'NONE', ( #2059, #746, #5111, #1895 ) ) ;
#4661 = CARTESIAN_POINT ( 'NONE',  ( 731.3513513513529460, -2650.855855855854770, 50.99999999999999289 ) ) ;
#4662 = CARTESIAN_POINT ( 'NONE',  ( -1668.648648648647168, -2650.855855855854770, 50.00000000000000000 ) ) ;
#4663 = ORIENTED_EDGE ( 'NONE', *, *, #3946, .F. ) ;
#4664 = ADVANCED_FACE ( 'NONE', ( #5382 ), #711, .F. ) ;
#4665 = ORIENTED_EDGE ( 'NONE', *, *, #6017, .T. ) ;
#4666 = DIRECTION ( 'NONE',  ( -1.000000000000000000, 0.000000000000000000, -0.000000000000000000 ) ) ;
#4667 = VECTOR ( 'NONE', #832, 1000.000000000000000 ) ;
#4668 = VERTEX_POINT ( 'NONE', #3710 ) ;
#4669 = ADVANCED_FACE ( 'NONE', ( #5783 ), #3204, .T. ) ;
#4670 = VECTOR ( 'NONE', #4923, 1000.000000000000000 ) ;
#4671 = LINE ( 'NONE', #451, #1309 ) ;
#4672 = DIRECTION ( 'NONE',  ( -0.000000000000000000, -0.000000000000000000, -1.000000000000000000 ) ) ;
#4673 = EDGE_CURVE ( 'NONE', #4090, #383, #4259, .T. ) ;
#4674 = PLANE ( 'NONE',  #6439 ) ;
#4675 = ORIENTED_EDGE ( 'NONE', *, *, #4843, .F. ) ;
#4676 = EDGE_CURVE ( 'NONE', #5621, #6014, #773, .T. ) ;
#4677 = DIRECTION ( 'NONE',  ( -0.000000000000000000, 1.000000000000000000, -0.000000000000000000 ) ) ;
#4678 = CARTESIAN_POINT ( 'NONE',  ( 1186.351351351353287, 1404.144144144144775, 450.0000000000000000 ) ) ;
#4679 = VERTEX_POINT ( 'NONE', #1841 ) ;
#4680 = DIRECTION ( 'NONE',  ( -1.914177628664061403E-16, 1.000000000000000000, -0.000000000000000000 ) ) ;
#4681 = CARTESIAN_POINT ( 'NONE',  ( -13.64864864864695626, -2195.855855855854770, 450.0000000000000000 ) ) ;
#4682 = ORIENTED_EDGE ( 'NONE', *, *, #518, .T. ) ;
#4683 = VECTOR ( 'NONE', #4677, 1000.000000000000000 ) ;
#4684 = DIRECTION ( 'NONE',  ( -0.000000000000000000, 0.000000000000000000, -1.000000000000000000 ) ) ;
#4685 = VECTOR ( 'NONE', #4448, 1000.000000000000000 ) ;
#4686 = CARTESIAN_POINT ( 'NONE',  ( 1913.785313619750468, -2650.960111606672399, 51.00000000000000711 ) ) ;
#4687 = LINE ( 'NONE', #5887, #4058 ) ;
#4688 = DIRECTION ( 'NONE',  ( 0.000000000000000000, -1.000000000000000000, 0.000000000000000000 ) ) ;
#4689 = LINE ( 'NONE', #2153, #4181 ) ;
#4690 = VECTOR ( 'NONE', #4625, 1000.000000000000000 ) ;
#4691 = AXIS2_PLACEMENT_3D ( 'NONE', #573, #2697, #4753 ) ;
#4692 = VECTOR ( 'NONE', #3769, 1000.000000000000000 ) ;
#4693 = ORIENTED_EDGE ( 'NONE', *, *, #2142, .T. ) ;
#4694 = AXIS2_PLACEMENT_3D ( 'NONE', #5717, #1508, #3013 ) ;
#4695 = ORIENTED_EDGE ( 'NONE', *, *, #4316, .F. ) ;
#4696 = DIRECTION ( 'NONE',  ( 1.000000000000000000, -0.000000000000000000, -0.000000000000000000 ) ) ;
#4697 = CARTESIAN_POINT ( 'NONE',  ( -1618.648648648647168, 2099.144144144145230, 50.00000000000000000 ) ) ;
#4698 = VECTOR ( 'NONE', #3391, 1000.000000000000000 ) ;
#4699 = AXIS2_PLACEMENT_3D ( 'NONE', #2785, #2272, #4344 ) ;
#4700 = VECTOR ( 'NONE', #6573, 1000.000000000000000 ) ;
#4701 = DIRECTION ( 'NONE',  ( 1.000000000000000000, 0.000000000000000000, -0.000000000000000000 ) ) ;
#4702 = PLANE ( 'NONE',  #5142 ) ;
#4703 = DIRECTION ( 'NONE',  ( -0.000000000000000000, 0.000000000000000000, -1.000000000000000000 ) ) ;
#4704 = ORIENTED_EDGE ( 'NONE', *, *, #1951, .T. ) ;
#4705 = DIRECTION ( 'NONE',  ( -0.000000000000000000, -0.000000000000000000, -1.000000000000000000 ) ) ;
#4706 = ORIENTED_EDGE ( 'NONE', *, *, #4550, .T. ) ;
#4707 = VECTOR ( 'NONE', #3510, 1000.000000000000000 ) ;
#4708 = DIRECTION ( 'NONE',  ( -0.000000000000000000, -0.000000000000000000, -1.000000000000000000 ) ) ;
#4709 = EDGE_CURVE ( 'NONE', #2185, #1653, #3920, .T. ) ;
#4710 = EDGE_CURVE ( 'NONE', #1706, #5113, #2388, .T. ) ;
#4711 = ORIENTED_EDGE ( 'NONE', *, *, #4811, .F. ) ;
#4712 = CARTESIAN_POINT ( 'NONE',  ( -13.64864864864699356, -1905.855855855854770, 450.0000000000000000 ) ) ;
#4713 = DIRECTION ( 'NONE',  ( -1.000000000000000000, -0.000000000000000000, -0.000000000000000000 ) ) ;
#4714 = EDGE_CURVE ( 'NONE', #5316, #2602, #4955, .T. ) ;
#4715 = ORIENTED_EDGE ( 'NONE', *, *, #5553, .F. ) ;
#4716 = EDGE_CURVE ( 'NONE', #1329, #5498, #2825, .T. ) ;
#4717 = DIRECTION ( 'NONE',  ( -1.000000000000000000, 0.000000000000000000, 0.000000000000000000 ) ) ;
#4718 = EDGE_LOOP ( 'NONE', ( #3973, #5623, #5730, #3703 ) ) ;
#4719 = CARTESIAN_POINT ( 'NONE',  ( 715.7521729148861596, -242.2942286748832430, 651.0000000000003411 ) ) ;
#4720 = FACE_OUTER_BOUND ( 'NONE', #5661, .T. ) ;
#4721 = ORIENTED_EDGE ( 'NONE', *, *, #5765, .F. ) ;
#4722 = FACE_OUTER_BOUND ( 'NONE', #4877, .T. ) ;
#4723 = DIRECTION ( 'NONE',  ( 0.000000000000000000, 1.000000000000000000, 0.000000000000000000 ) ) ;
#4724 = DIRECTION ( 'NONE',  ( 1.000000000000000000, 0.000000000000000000, -0.000000000000000000 ) ) ;
#4725 = CARTESIAN_POINT ( 'NONE',  ( 296.3513513513530029, -666.1949088771521019, 652.0000000000003411 ) ) ;
#4726 = DIRECTION ( 'NONE',  ( 0.000000000000000000, -1.000000000000000000, 0.000000000000000000 ) ) ;
#4727 = ORIENTED_EDGE ( 'NONE', *, *, #563, .F. ) ;
#4728 = EDGE_LOOP ( 'NONE', ( #6618, #5182, #1009, #1934 ) ) ;
#4729 = FACE_BOUND ( 'NONE', #1156, .T. ) ;
#4730 = DIRECTION ( 'NONE',  ( -1.000000000000000000, -1.586032892321652236E-16, 0.000000000000000000 ) ) ;
#4731 = CARTESIAN_POINT ( 'NONE',  ( 1140.752172914886160, 532.7057713251168707, 651.0000000000003411 ) ) ;
#4732 = LINE ( 'NONE', #3691, #6211 ) ;
#4733 = ORIENTED_EDGE ( 'NONE', *, *, #3101, .T. ) ;
#4734 = CARTESIAN_POINT ( 'NONE',  ( -1618.648648648647168, 2099.144144144145230, 51.00000000000000711 ) ) ;
#4735 = VERTEX_POINT ( 'NONE', #2420 ) ;
#4736 =( NAMED_UNIT ( * ) SI_UNIT ( $, .STERADIAN. ) SOLID_ANGLE_UNIT ( ) );
#4737 = CARTESIAN_POINT ( 'NONE',  ( 1186.351351351352832, -2195.855855855854770, 252.0000000000000000 ) ) ;
#4738 = ORIENTED_EDGE ( 'NONE', *, *, #3573, .F. ) ;
#4739 = CARTESIAN_POINT ( 'NONE',  ( 731.3513513513529460, -2600.855855855854770, 51.00000000000000711 ) ) ;
#4740 = PLANE ( 'NONE',  #2087 ) ;
#4741 = ORIENTED_EDGE ( 'NONE', *, *, #770, .F. ) ;
#4742 = DIRECTION ( 'NONE',  ( 0.000000000000000000, 0.000000000000000000, 1.000000000000000000 ) ) ;
#4743 = EDGE_CURVE ( 'NONE', #1296, #5498, #6467, .T. ) ;
#4744 = ORIENTED_EDGE ( 'NONE', *, *, #6389, .F. ) ;
#4745 = CARTESIAN_POINT ( 'NONE',  ( -68.64864864864676974, 524.1441441441443203, 451.0000000000000000 ) ) ;
#4746 = DIRECTION ( 'NONE',  ( -0.000000000000000000, 0.000000000000000000, -1.000000000000000000 ) ) ;
#4747 = DIRECTION ( 'NONE',  ( -0.000000000000000000, -1.000000000000000000, -0.000000000000000000 ) ) ;
#4748 = VERTEX_POINT ( 'NONE', #227 ) ;
#4749 = ADVANCED_FACE ( 'NONE', ( #6575 ), #2286, .F. ) ;
#4750 = PRODUCT_CONTEXT ( 'NONE', #4148, 'mechanical' ) ;
#4751 = EDGE_CURVE ( 'NONE', #6112, #6108, #196, .T. ) ;
#4752 = AXIS2_PLACEMENT_3D ( 'NONE', #3123, #6251, #455 ) ;
#4753 = DIRECTION ( 'NONE',  ( 0.000000000000000000, 0.000000000000000000, 1.000000000000000000 ) ) ;
#4754 = CARTESIAN_POINT ( 'NONE',  ( 1170.752172914886160, 502.7057713251168707, 651.0000000000003411 ) ) ;
#4755 = ORIENTED_EDGE ( 'NONE', *, *, #3574, .F. ) ;
#4756 = LINE ( 'NONE', #4301, #6114 ) ;
#4757 = LINE ( 'NONE', #5235, #5038 ) ;
#4758 = DIRECTION ( 'NONE',  ( -1.000000000000000000, -0.000000000000000000, -0.000000000000000000 ) ) ;
#4759 = LINE ( 'NONE', #3313, #780 ) ;
#4760 = ORIENTED_EDGE ( 'NONE', *, *, #6644, .T. ) ;
#4761 = PLANE ( 'NONE',  #2012 ) ;
#4762 = ORIENTED_EDGE ( 'NONE', *, *, #6550, .F. ) ;
#4763 = PLANE ( 'NONE',  #1694 ) ;
#4764 = ORIENTED_EDGE ( 'NONE', *, *, #6686, .T. ) ;
#4765 = EDGE_CURVE ( 'NONE', #6176, #4804, #1264, .T. ) ;
#4766 = EDGE_CURVE ( 'NONE', #888, #4551, #5479, .T. ) ;
#4767 = DIRECTION ( 'NONE',  ( -0.000000000000000000, 1.000000000000000000, -0.000000000000000000 ) ) ;
#4768 = CARTESIAN_POINT ( 'NONE',  ( 1881.351351351352605, -2600.855855855854770, 51.00000000000000711 ) ) ;
#4769 = ORIENTED_EDGE ( 'NONE', *, *, #4842, .F. ) ;
#4770 = VERTEX_POINT ( 'NONE', #1324 ) ;
#4771 = CARTESIAN_POINT ( 'NONE',  ( -1618.648648648647168, 947.8925550118146930, 51.00000000000000711 ) ) ;
#4772 = DIRECTION ( 'NONE',  ( -0.000000000000000000, 0.000000000000000000, 1.000000000000000000 ) ) ;
#4773 = VECTOR ( 'NONE', #5835, 1000.000000000000000 ) ;
#4774 = LINE ( 'NONE', #111, #4172 ) ;
#4775 = ORIENTED_EDGE ( 'NONE', *, *, #649, .F. ) ;
#4776 = CARTESIAN_POINT ( 'NONE',  ( 1140.752172914886160, 182.7057713251167570, 652.0000000000003411 ) ) ;
#4777 = LINE ( 'NONE', #3740, #442 ) ;
#4778 = EDGE_LOOP ( 'NONE', ( #4498, #3303, #1812, #267 ) ) ;
#4779 = CARTESIAN_POINT ( 'NONE',  ( -468.6486486486469971, -1450.855855855854543, 450.0000000000000000 ) ) ;
#4780 = ORIENTED_EDGE ( 'NONE', *, *, #2484, .F. ) ;
#4781 = DIRECTION ( 'NONE',  ( -1.000000000000000000, -0.000000000000000000, -0.000000000000000000 ) ) ;
#4782 = CARTESIAN_POINT ( 'NONE',  ( 1156.351351351353287, 1374.144144144144548, 450.0000000000000000 ) ) ;
#4783 = ORIENTED_EDGE ( 'NONE', *, *, #149, .F. ) ;
#4784 = DIRECTION ( 'NONE',  ( -0.000000000000000000, 1.000000000000000000, 0.000000000000000000 ) ) ;
#4785 = DIRECTION ( 'NONE',  ( 0.000000000000000000, 0.000000000000000000, 1.000000000000000000 ) ) ;
#4786 = EDGE_CURVE ( 'NONE', #3285, #1646, #1364, .T. ) ;
#4787 = CARTESIAN_POINT ( 'NONE',  ( -892.8441399228915998, 524.1441441441452298, 252.0000000000000000 ) ) ;
#4788 = DIRECTION ( 'NONE',  ( -0.000000000000000000, 0.000000000000000000, -1.000000000000000000 ) ) ;
#4789 = CARTESIAN_POINT ( 'NONE',  ( -1667.844139922891600, -247.8776232719740733, 51.00000000000000711 ) ) ;
#4790 = EDGE_CURVE ( 'NONE', #2759, #1278, #2893, .T. ) ;
#4791 = VERTEX_POINT ( 'NONE', #6056 ) ;
#4792 = VECTOR ( 'NONE', #3416, 1000.000000000000000 ) ;
#4793 = ORIENTED_EDGE ( 'NONE', *, *, #5257, .T. ) ;
#4794 = DIRECTION ( 'NONE',  ( -1.586032892321651743E-16, 1.000000000000000000, -0.000000000000000000 ) ) ;
#4795 = ORIENTED_EDGE ( 'NONE', *, *, #6115, .F. ) ;
#4796 = CARTESIAN_POINT ( 'NONE',  ( 731.3513513513529460, -2600.855855855854770, 50.00000000000000000 ) ) ;
#4797 = EDGE_CURVE ( 'NONE', #5801, #4253, #6533, .T. ) ;
#4798 = AXIS2_PLACEMENT_3D ( 'NONE', #1000, #6134, #3073 ) ;
#4799 = VECTOR ( 'NONE', #1245, 1000.000000000000000 ) ;
#4800 = VECTOR ( 'NONE', #1957, 1000.000000000000000 ) ;
#4801 = EDGE_CURVE ( 'NONE', #3340, #4392, #3957, .T. ) ;
#4802 = LINE ( 'NONE', #146, #1332 ) ;
#4803 = ORIENTED_EDGE ( 'NONE', *, *, #557, .F. ) ;
#4804 = VERTEX_POINT ( 'NONE', #5505 ) ;
#4805 = CARTESIAN_POINT ( 'NONE',  ( 731.3513513513531734, 2149.144144144145230, 450.0000000000000000 ) ) ;
#4806 = VECTOR ( 'NONE', #1893, 1000.000000000000000 ) ;
#4807 = VECTOR ( 'NONE', #4394, 1000.000000000000000 ) ;
#4808 = VECTOR ( 'NONE', #2812, 1000.000000000000000 ) ;
#4809 = VECTOR ( 'NONE', #3782, 1000.000000000000000 ) ;
#4810 = LINE ( 'NONE', #249, #1675 ) ;
#4811 = EDGE_CURVE ( 'NONE', #837, #3285, #3473, .T. ) ;
#4812 = CARTESIAN_POINT ( 'NONE',  ( -923.6486486486471676, 1402.892555011814466, 450.0000000000000000 ) ) ;
#4813 = DIRECTION ( 'NONE',  ( -1.256179068810792237E-16, 1.000000000000000000, 0.000000000000000000 ) ) ;
#4814 = AXIS2_PLACEMENT_3D ( 'NONE', #3753, #230, #1164 ) ;
#4815 = VERTEX_POINT ( 'NONE', #2861 ) ;
#4816 = CARTESIAN_POINT ( 'NONE',  ( -892.8441399228917135, 174.1441441441452582, 252.0000000000000000 ) ) ;
#4817 = EDGE_LOOP ( 'NONE', ( #368, #6028, #1430, #6401 ) ) ;
#4818 = CARTESIAN_POINT ( 'NONE',  ( 1156.351351351352832, -1875.855855855854770, 252.0000000000000000 ) ) ;
#4819 = EDGE_CURVE ( 'NONE', #2456, #3389, #4927, .T. ) ;
#4820 = EDGE_LOOP ( 'NONE', ( #4706, #278, #2722, #5751 ) ) ;
#4821 = ORIENTED_EDGE ( 'NONE', *, *, #1436, .F. ) ;
#4822 = LINE ( 'NONE', #2171, #4250 ) ;
#4823 = DIRECTION ( 'NONE',  ( 0.000000000000000000, -0.000000000000000000, -1.000000000000000000 ) ) ;
#4824 = ORIENTED_EDGE ( 'NONE', *, *, #590, .T. ) ;
#4825 = CARTESIAN_POINT ( 'NONE',  ( 1140.752172914886160, 532.7057713251168707, 651.0000000000003411 ) ) ;
#4826 = CARTESIAN_POINT ( 'NONE',  ( 1170.752172914886160, 502.7057713251168707, 652.0000000000003411 ) ) ;
#4827 = LINE ( 'NONE', #1750, #3404 ) ;
#4828 = LINE ( 'NONE', #6406, #2966 ) ;
#4829 = ORIENTED_EDGE ( 'NONE', *, *, #1739, .F. ) ;
#4830 = VERTEX_POINT ( 'NONE', #4856 ) ;
#4831 = DIRECTION ( 'NONE',  ( 0.000000000000000000, 0.000000000000000000, 1.000000000000000000 ) ) ;
#4832 = VECTOR ( 'NONE', #5133, 1000.000000000000000 ) ;
#4833 = ORIENTED_EDGE ( 'NONE', *, *, #5504, .T. ) ;
#4834 = DIRECTION ( 'NONE',  ( -0.000000000000000000, -0.000000000000000000, -1.000000000000000000 ) ) ;
#4835 = CARTESIAN_POINT ( 'NONE',  ( 731.3513513513529460, -1450.855855855854543, 450.0000000000000000 ) ) ;
#4836 = DIRECTION ( 'NONE',  ( -4.724353296277261913E-17, -1.000000000000000000, 0.000000000000000000 ) ) ;
#4837 = EDGE_LOOP ( 'NONE', ( #5043, #2871, #4803, #516 ) ) ;
#4838 = PLANE ( 'NONE',  #3305 ) ;
#4839 = VERTEX_POINT ( 'NONE', #6433 ) ;
#4840 = EDGE_CURVE ( 'NONE', #1713, #4957, #1783, .T. ) ;
#4841 = DIRECTION ( 'NONE',  ( 1.000000000000000000, -1.456030196229713880E-16, 0.000000000000000000 ) ) ;
#4842 = EDGE_CURVE ( 'NONE', #2203, #3806, #2357, .T. ) ;
#4843 = EDGE_CURVE ( 'NONE', #5402, #6160, #286, .T. ) ;
#4844 = CARTESIAN_POINT ( 'NONE',  ( 0.000000000000000000, 0.000000000000000000, 51.00000000000000711 ) ) ;
#4845 = CARTESIAN_POINT ( 'NONE',  ( -477.9485211280458543, -1459.372486768057570, 251.0000000000000000 ) ) ;
#4846 = ORIENTED_EDGE ( 'NONE', *, *, #3570, .T. ) ;
#4847 = DIRECTION ( 'NONE',  ( -0.000000000000000000, -0.000000000000000000, -1.000000000000000000 ) ) ;
#4848 = ORIENTED_EDGE ( 'NONE', *, *, #6171, .T. ) ;
#4849 = LINE ( 'NONE', #2278, #2158 ) ;
#4850 = EDGE_LOOP ( 'NONE', ( #3026, #6417, #630, #4682 ) ) ;
#4851 = LINE ( 'NONE', #2280, #983 ) ;
#4852 = VERTEX_POINT ( 'NONE', #2416 ) ;
#4853 = DIRECTION ( 'NONE',  ( 1.000000000000000000, 0.000000000000000000, 0.000000000000000000 ) ) ;
#4854 = CARTESIAN_POINT ( 'NONE',  ( 1506.351351351353287, 1724.144144144144548, 451.0000000000000000 ) ) ;
#4855 = EDGE_LOOP ( 'NONE', ( #75, #4457, #4361, #1456 ) ) ;
#4856 = CARTESIAN_POINT ( 'NONE',  ( -478.6486486486469971, -250.8558558558546849, 450.0000000000000000 ) ) ;
#4857 = PLANE ( 'NONE',  #2532 ) ;
#4858 = CARTESIAN_POINT ( 'NONE',  ( 1476.351351351353287, 1404.144144144144775, 451.0000000000000000 ) ) ;
#4859 = DIRECTION ( 'NONE',  ( -0.000000000000000000, 1.000000000000000000, -0.000000000000000000 ) ) ;
#4860 = ORIENTED_EDGE ( 'NONE', *, *, #2270, .T. ) ;
#4861 = LINE ( 'NONE', #3894, #1761 ) ;
#4862 = CARTESIAN_POINT ( 'NONE',  ( -1243.648648648647168, 1722.892555011814466, 451.0000000000000000 ) ) ;
#4863 = ORIENTED_EDGE ( 'NONE', *, *, #6220, .T. ) ;
#4864 = CARTESIAN_POINT ( 'NONE',  ( -2918.648648648647395, 3349.144144144144775, 0.000000000000000000 ) ) ;
#4865 = VECTOR ( 'NONE', #3438, 1000.000000000000000 ) ;
#4866 = VECTOR ( 'NONE', #3915, 1000.000000000000000 ) ;
#4867 = DIRECTION ( 'NONE',  ( 0.000000000000000000, -1.000000000000000000, 0.000000000000000000 ) ) ;
#4868 = ORIENTED_EDGE ( 'NONE', *, *, #3479, .F. ) ;
#4869 = ORIENTED_EDGE ( 'NONE', *, *, #816, .F. ) ;
#4870 = CARTESIAN_POINT ( 'NONE',  ( 307.5173507698048638, 1724.144144144144093, 251.0000000000000000 ) ) ;
#4871 = EDGE_CURVE ( 'NONE', #6030, #2759, #807, .T. ) ;
#4872 = DIRECTION ( 'NONE',  ( -0.000000000000000000, -0.000000000000000000, -1.000000000000000000 ) ) ;
#4873 = DIRECTION ( 'NONE',  ( -0.000000000000000000, 0.000000000000000000, -1.000000000000000000 ) ) ;
#4874 = ORIENTED_EDGE ( 'NONE', *, *, #308, .F. ) ;
#4875 = DIRECTION ( 'NONE',  ( 1.000000000000000000, 0.000000000000000000, 0.000000000000000000 ) ) ;
#4876 = EDGE_CURVE ( 'NONE', #3340, #1747, #1810, .T. ) ;
#4877 = EDGE_LOOP ( 'NONE', ( #5351, #246, #3275, #885, #3139 ) ) ;
#4878 = ORIENTED_EDGE ( 'NONE', *, *, #5255, .F. ) ;
#4879 = DIRECTION ( 'NONE',  ( 0.000000000000000000, -0.000000000000000000, 1.000000000000000000 ) ) ;
#4880 = EDGE_CURVE ( 'NONE', #3512, #4973, #1387, .T. ) ;
#4881 = AXIS2_PLACEMENT_3D ( 'NONE', #6092, #6188, #6609 ) ;
#4882 = CARTESIAN_POINT ( 'NONE',  ( 0.000000000000000000, 0.000000000000000000, 451.0000000000000000 ) ) ;
#4883 = ORIENTED_EDGE ( 'NONE', *, *, #2995, .F. ) ;
#4884 = DIRECTION ( 'NONE',  ( 0.000000000000000000, -1.000000000000000000, 0.000000000000000000 ) ) ;
#4885 = DIRECTION ( 'NONE',  ( -1.000000000000000000, -1.586032892321652729E-16, 0.000000000000000000 ) ) ;
#4886 = EDGE_CURVE ( 'NONE', #837, #1713, #4951, .T. ) ;
#4887 = VERTEX_POINT ( 'NONE', #3948 ) ;
#4888 = AXIS2_PLACEMENT_3D ( 'NONE', #6669, #2014, #5096 ) ;
#4889 = DIRECTION ( 'NONE',  ( 1.000000000000000000, 0.000000000000000000, 0.000000000000000000 ) ) ;
#4890 = ORIENTED_EDGE ( 'NONE', *, *, #3493, .T. ) ;
#4891 = CARTESIAN_POINT ( 'NONE',  ( 1186.351351351352832, -1905.855855855854770, 252.0000000000000000 ) ) ;
#4892 = DIRECTION ( 'NONE',  ( 0.000000000000000000, 0.000000000000000000, -1.000000000000000000 ) ) ;
#4893 = ORIENTED_EDGE ( 'NONE', *, *, #6175, .F. ) ;
#4894 = VECTOR ( 'NONE', #739, 1000.000000000000000 ) ;
#4895 = DIRECTION ( 'NONE',  ( 3.172065784643303486E-16, -1.000000000000000000, 0.000000000000000000 ) ) ;
#4896 = CARTESIAN_POINT ( 'NONE',  ( -68.64864864864676974, 524.1441441441443203, 451.0000000000000000 ) ) ;
#4897 = EDGE_CURVE ( 'NONE', #5848, #1486, #3468, .T. ) ;
#4898 = CARTESIAN_POINT ( 'NONE',  ( -53.64864864864699001, -666.1949088771521019, 652.0000000000003411 ) ) ;
#4899 = CARTESIAN_POINT ( 'NONE',  ( -1243.648648648647168, 1722.892555011814466, 451.0000000000000000 ) ) ;
#4900 = DIRECTION ( 'NONE',  ( -1.000000000000000000, -1.532028304060159970E-16, 0.000000000000000000 ) ) ;
#4901 = VERTEX_POINT ( 'NONE', #3437 ) ;
#4902 = ORIENTED_EDGE ( 'NONE', *, *, #2775, .T. ) ;
#4903 = EDGE_CURVE ( 'NONE', #4735, #6679, #3884, .T. ) ;
#4904 = VECTOR ( 'NONE', #2929, 1000.000000000000000 ) ;
#4905 = VECTOR ( 'NONE', #174, 1000.000000000000000 ) ;
#4906 = VECTOR ( 'NONE', #3630, 1000.000000000000000 ) ;
#4907 = DIRECTION ( 'NONE',  ( 1.000000000000000000, -0.000000000000000000, -0.000000000000000000 ) ) ;
#4908 = ORIENTED_EDGE ( 'NONE', *, *, #5966, .T. ) ;
#4909 = DIRECTION ( 'NONE',  ( 0.000000000000000000, -1.000000000000000000, 0.000000000000000000 ) ) ;
#4910 = VECTOR ( 'NONE', #4533, 1000.000000000000000 ) ;
#4911 = VECTOR ( 'NONE', #4884, 1000.000000000000000 ) ;
#4912 = VECTOR ( 'NONE', #1251, 1000.000000000000000 ) ;
#4913 = VECTOR ( 'NONE', #5850, 1000.000000000000000 ) ;
#4914 = ORIENTED_EDGE ( 'NONE', *, *, #725, .F. ) ;
#4915 = EDGE_CURVE ( 'NONE', #5722, #344, #2781, .T. ) ;
#4916 = EDGE_CURVE ( 'NONE', #5333, #5202, #179, .T. ) ;
#4917 = VECTOR ( 'NONE', #1477, 1000.000000000000000 ) ;
#4918 = AXIS2_PLACEMENT_3D ( 'NONE', #443, #2093, #6713 ) ;
#4919 = VECTOR ( 'NONE', #5198, 1000.000000000000000 ) ;
#4920 = ORIENTED_EDGE ( 'NONE', *, *, #1613, .T. ) ;
#4921 = DIRECTION ( 'NONE',  ( -0.000000000000000000, -0.000000000000000000, -1.000000000000000000 ) ) ;
#4922 = FACE_OUTER_BOUND ( 'NONE', #1550, .T. ) ;
#4923 = DIRECTION ( 'NONE',  ( 0.000000000000000000, 1.000000000000000000, -0.000000000000000000 ) ) ;
#4924 = EDGE_CURVE ( 'NONE', #5381, #3759, #3876, .T. ) ;
#4925 = LINE ( 'NONE', #6496, #4700 ) ;
#4926 = ORIENTED_EDGE ( 'NONE', *, *, #5639, .T. ) ;
#4927 = LINE ( 'NONE', #2795, #1019 ) ;
#4928 = CARTESIAN_POINT ( 'NONE',  ( -1668.914624007974453, -2650.885740052331585, 51.00000000000000711 ) ) ;
#4929 = EDGE_CURVE ( 'NONE', #2633, #5333, #1731, .T. ) ;
#4930 = VERTEX_POINT ( 'NONE', #4771 ) ;
#4931 = DIRECTION ( 'NONE',  ( 0.000000000000000000, -1.000000000000000000, 0.000000000000000000 ) ) ;
#4932 = VERTEX_POINT ( 'NONE', #3358 ) ;
#4933 = LINE ( 'NONE', #1299, #6743 ) ;
#4934 = EDGE_CURVE ( 'NONE', #1327, #5473, #726, .T. ) ;
#4935 = DIRECTION ( 'NONE',  ( -1.000000000000000000, 0.000000000000000000, -0.000000000000000000 ) ) ;
#4936 = VERTEX_POINT ( 'NONE', #4342 ) ;
#4937 = CARTESIAN_POINT ( 'NONE',  ( 0.000000000000000000, 0.000000000000000000, 451.0000000000000000 ) ) ;
#4938 = CARTESIAN_POINT ( 'NONE',  ( 0.000000000000000000, -1450.855855855854543, 450.0000000000000000 ) ) ;
#4939 = FACE_OUTER_BOUND ( 'NONE', #3891, .T. ) ;
#4940 = ORIENTED_EDGE ( 'NONE', *, *, #2455, .T. ) ;
#4941 = VECTOR ( 'NONE', #3928, 1000.000000000000000 ) ;
#4942 = ORIENTED_EDGE ( 'NONE', *, *, #2892, .T. ) ;
#4943 = LINE ( 'NONE', #5559, #3735 ) ;
#4944 = LINE ( 'NONE', #5562, #6738 ) ;
#4945 = CARTESIAN_POINT ( 'NONE',  ( 1476.351351351352832, -705.8558558558547702, 450.0000000000000000 ) ) ;
#4946 = VERTEX_POINT ( 'NONE', #1764 ) ;
#4947 = LINE ( 'NONE', #5602, #6402 ) ;
#4948 = LINE ( 'NONE', #4981, #3526 ) ;
#4949 = ORIENTED_EDGE ( 'NONE', *, *, #5058, .F. ) ;
#4950 = EDGE_LOOP ( 'NONE', ( #6039, #4775, #2096, #2292 ) ) ;
#4951 = LINE ( 'NONE', #1870, #6225 ) ;
#4952 = CARTESIAN_POINT ( 'NONE',  ( -2918.382539233229181, 3348.907565514117778, 50.00000000000000000 ) ) ;
#4953 = PLANE ( 'NONE',  #2619 ) ;
#4954 = ORIENTED_EDGE ( 'NONE', *, *, #6027, .F. ) ;
#4955 = LINE ( 'NONE', #319, #3956 ) ;
#4956 = FACE_OUTER_BOUND ( 'NONE', #2380, .T. ) ;
#4957 = VERTEX_POINT ( 'NONE', #4870 ) ;
#4958 = EDGE_CURVE ( 'NONE', #2513, #5163, #5909, .T. ) ;
#4959 = FACE_OUTER_BOUND ( 'NONE', #4188, .T. ) ;
#4960 = ORIENTED_EDGE ( 'NONE', *, *, #697, .T. ) ;
#4961 = EDGE_CURVE ( 'NONE', #1605, #1258, #6356, .T. ) ;
#4962 = VERTEX_POINT ( 'NONE', #3326 ) ;
#4963 = EDGE_CURVE ( 'NONE', #1848, #710, #5834, .T. ) ;
#4964 = DIRECTION ( 'NONE',  ( 0.000000000000000000, -0.000000000000000000, 1.000000000000000000 ) ) ;
#4965 = CARTESIAN_POINT ( 'NONE',  ( 1931.351351351352832, 2149.144144144145230, 450.0000000000000000 ) ) ;
#4966 = ORIENTED_EDGE ( 'NONE', *, *, #2030, .F. ) ;
#4967 = DIRECTION ( 'NONE',  ( -0.000000000000000000, -0.000000000000000000, -1.000000000000000000 ) ) ;
#4968 = FACE_OUTER_BOUND ( 'NONE', #4850, .T. ) ;
#4969 = LINE ( 'NONE', #5551, #3844 ) ;
#4970 = CARTESIAN_POINT ( 'NONE',  ( 1156.351351351353287, 1724.144144144144548, 451.0000000000000000 ) ) ;
#4971 = VERTEX_POINT ( 'NONE', #6312 ) ;
#4972 = EDGE_CURVE ( 'NONE', #5918, #3589, #210, .T. ) ;
#4973 = VERTEX_POINT ( 'NONE', #3732 ) ;
#4974 = LINE ( 'NONE', #5523, #1457 ) ;
#4975 = AXIS2_PLACEMENT_3D ( 'NONE', #1082, #5219, #552 ) ;
#4976 = EDGE_LOOP ( 'NONE', ( #183, #2654, #1953, #1308 ) ) ;
#4977 = DIRECTION ( 'NONE',  ( -0.000000000000000000, 1.000000000000000000, -0.000000000000000000 ) ) ;
#4978 = PLANE ( 'NONE',  #5796 ) ;
#4979 = ORIENTED_EDGE ( 'NONE', *, *, #2405, .T. ) ;
#4980 = CARTESIAN_POINT ( 'NONE',  ( -923.6486486486471676, -1905.855855855854770, 252.0000000000000000 ) ) ;
#4981 = CARTESIAN_POINT ( 'NONE',  ( 277.5173507698048638, 1694.144144144144093, 252.0000000000000000 ) ) ;
#4982 = ORIENTED_EDGE ( 'NONE', *, *, #5709, .F. ) ;
#4983 = ORIENTED_EDGE ( 'NONE', *, *, #6256, .T. ) ;
#4984 = ORIENTED_EDGE ( 'NONE', *, *, #17, .T. ) ;
#4985 = DIRECTION ( 'NONE',  ( -0.000000000000000000, -0.000000000000000000, -1.000000000000000000 ) ) ;
#4986 = DIRECTION ( 'NONE',  ( -1.850371707708593823E-16, 1.000000000000000000, 0.000000000000000000 ) ) ;
#4987 = CARTESIAN_POINT ( 'NONE',  ( -451.0550733494790165, 947.8925550118144656, 51.00000000000000711 ) ) ;
#4988 = CARTESIAN_POINT ( 'NONE',  ( -468.6486486486471676, 2149.144144144145230, 450.0000000000000000 ) ) ;
#4989 = CARTESIAN_POINT ( 'NONE',  ( -923.6486486486471676, -705.8558558558547702, 451.0000000000000000 ) ) ;
#4990 = CARTESIAN_POINT ( 'NONE',  ( -42.48264923019517880, 1724.144144144144093, 252.0000000000000000 ) ) ;
#4991 = CARTESIAN_POINT ( 'NONE',  ( 1140.752172914886160, 182.7057713251167570, 652.0000000000003411 ) ) ;
#4992 = ORIENTED_EDGE ( 'NONE', *, *, #4924, .T. ) ;
#4993 = CARTESIAN_POINT ( 'NONE',  ( -1242.844139922891600, 174.1441441441452582, 252.0000000000000000 ) ) ;
#4994 = AXIS2_PLACEMENT_3D ( 'NONE', #4629, #2503, #4101 ) ;
#4995 = ORIENTED_EDGE ( 'NONE', *, *, #5120, .T. ) ;
#4996 = ORIENTED_EDGE ( 'NONE', *, *, #4634, .F. ) ;
#4997 = LINE ( 'NONE', #484, #4138 ) ;
#4998 = DIRECTION ( 'NONE',  ( 0.000000000000000000, 1.000000000000000000, 0.000000000000000000 ) ) ;
#4999 = ORIENTED_EDGE ( 'NONE', *, *, #1023, .T. ) ;
#5000 = FACE_OUTER_BOUND ( 'NONE', #2965, .T. ) ;
#5001 = CARTESIAN_POINT ( 'NONE',  ( -468.6486486486468266, -8.671742003153213916E-14, 450.0000000000000000 ) ) ;
#5002 = FACE_OUTER_BOUND ( 'NONE', #3919, .T. ) ;
#5003 = VECTOR ( 'NONE', #3953, 1000.000000000000000 ) ;
#5004 = CARTESIAN_POINT ( 'NONE',  ( -443.6486486486466561, -8.209149076226061992E-14, 50.00000000000000000 ) ) ;
#5005 = DIRECTION ( 'NONE',  ( 1.000000000000000000, 0.000000000000000000, -0.000000000000000000 ) ) ;
#5006 = EDGE_CURVE ( 'NONE', #4209, #2056, #4374, .T. ) ;
#5007 = DIRECTION ( 'NONE',  ( 0.000000000000000000, -0.000000000000000000, 1.000000000000000000 ) ) ;
#5008 = ORIENTED_EDGE ( 'NONE', *, *, #3414, .T. ) ;
#5009 = PLANE ( 'NONE',  #4039 ) ;
#5010 = VERTEX_POINT ( 'NONE', #5285 ) ;
#5011 = EDGE_CURVE ( 'NONE', #1923, #261, #5319, .T. ) ;
#5012 = VECTOR ( 'NONE', #4547, 1000.000000000000000 ) ;
#5013 = EDGE_CURVE ( 'NONE', #3936, #360, #4810, .T. ) ;
#5014 = CARTESIAN_POINT ( 'NONE',  ( 1140.752172914886160, 182.7057713251167570, 651.0000000000003411 ) ) ;
#5015 = DIRECTION ( 'NONE',  ( -1.000000000000000000, -0.000000000000000000, -0.000000000000000000 ) ) ;
#5016 = ORIENTED_EDGE ( 'NONE', *, *, #6171, .F. ) ;
#5017 = CARTESIAN_POINT ( 'NONE',  ( 715.7521729148861596, -242.2942286748832430, 651.0000000000003411 ) ) ;
#5018 = ORIENTED_EDGE ( 'NONE', *, *, #4797, .T. ) ;
#5019 = VECTOR ( 'NONE', #626, 1000.000000000000000 ) ;
#5020 = ORIENTED_EDGE ( 'NONE', *, *, #177, .T. ) ;
#5021 = AXIS2_PLACEMENT_3D ( 'NONE', #3763, #2678, #1621 ) ;
#5022 = EDGE_CURVE ( 'NONE', #2127, #4023, #3938, .T. ) ;
#5023 = EDGE_CURVE ( 'NONE', #2427, #5848, #376, .T. ) ;
#5024 = DIRECTION ( 'NONE',  ( -1.000000000000000000, -0.000000000000000000, -0.000000000000000000 ) ) ;
#5025 = EDGE_LOOP ( 'NONE', ( #3128, #5191, #3756, #2839 ) ) ;
#5026 = VECTOR ( 'NONE', #3860, 1000.000000000000000 ) ;
#5027 = VECTOR ( 'NONE', #4985, 1000.000000000000000 ) ;
#5028 = VECTOR ( 'NONE', #6070, 1000.000000000000000 ) ;
#5029 = CARTESIAN_POINT ( 'NONE',  ( -2918.648648648646486, -4100.855855855854315, 0.000000000000000000 ) ) ;
#5030 = CARTESIAN_POINT ( 'NONE',  ( -463.2964566313568753, -261.9442023300435949, 651.0000000000003411 ) ) ;
#5031 = CARTESIAN_POINT ( 'NONE',  ( 281.3513513513532303, 174.1441441441443772, 451.0000000000000000 ) ) ;
#5032 = VECTOR ( 'NONE', #831, 1000.000000000000000 ) ;
#5033 = VECTOR ( 'NONE', #5648, 1000.000000000000000 ) ;
#5034 = FACE_OUTER_BOUND ( 'NONE', #5150, .T. ) ;
#5035 = ORIENTED_EDGE ( 'NONE', *, *, #1316, .T. ) ;
#5036 = FACE_BOUND ( 'NONE', #655, .T. ) ;
#5037 = FACE_OUTER_BOUND ( 'NONE', #5361, .T. ) ;
#5038 = VECTOR ( 'NONE', #32, 1000.000000000000000 ) ;
#5039 = ORIENTED_EDGE ( 'NONE', *, *, #1808, .F. ) ;
#5040 = PLANE ( 'NONE',  #2514 ) ;
#5041 = CARTESIAN_POINT ( 'NONE',  ( 715.7521729148861596, 942.7075103593078893, 651.0000000000003411 ) ) ;
#5042 = CARTESIAN_POINT ( 'NONE',  ( -2867.919202630825566, -2650.885740052331585, 51.00000000000000711 ) ) ;
#5043 = ORIENTED_EDGE ( 'NONE', *, *, #5638, .F. ) ;
#5044 = PLANE ( 'NONE',  #682 ) ;
#5045 = LINE ( 'NONE', #6511, #1013 ) ;
#5046 = DIRECTION ( 'NONE',  ( -0.000000000000000000, -0.000000000000000000, -1.000000000000000000 ) ) ;
#5047 = VERTEX_POINT ( 'NONE', #3905 ) ;
#5048 = DIRECTION ( 'NONE',  ( -1.000000000000000000, 0.000000000000000000, 0.000000000000000000 ) ) ;
#5049 = ORIENTED_EDGE ( 'NONE', *, *, #262, .T. ) ;
#5050 = VERTEX_POINT ( 'NONE', #5458 ) ;
#5051 = VECTOR ( 'NONE', #616, 1000.000000000000000 ) ;
#5052 = LINE ( 'NONE', #4471, #5654 ) ;
#5053 = DIRECTION ( 'NONE',  ( 1.000000000000000000, 0.000000000000000000, 0.000000000000000000 ) ) ;
#5054 = EDGE_CURVE ( 'NONE', #5944, #3637, #4505, .T. ) ;
#5055 = ORIENTED_EDGE ( 'NONE', *, *, #5880, .F. ) ;
#5056 = DIRECTION ( 'NONE',  ( -1.000000000000000000, 0.000000000000000000, 0.000000000000000000 ) ) ;
#5057 = ORIENTED_EDGE ( 'NONE', *, *, #2288, .F. ) ;
#5058 = EDGE_CURVE ( 'NONE', #6561, #2285, #4974, .T. ) ;
#5059 = ORIENTED_EDGE ( 'NONE', *, *, #4842, .T. ) ;
#5060 = ADVANCED_FACE ( 'NONE', ( #799 ), #5999, .T. ) ;
#5061 = EDGE_CURVE ( 'NONE', #6155, #2886, #4943, .T. ) ;
#5062 = LINE ( 'NONE', #6153, #331 ) ;
#5063 = CARTESIAN_POINT ( 'NONE',  ( -478.6486486486469971, -250.8558558558546849, 50.00000000000000000 ) ) ;
#5064 = CARTESIAN_POINT ( 'NONE',  ( 1881.351351351352832, 949.1441441441442066, 51.00000000000000711 ) ) ;
#5065 = VERTEX_POINT ( 'NONE', #2580 ) ;
#5066 = LINE ( 'NONE', #3923, #5567 ) ;
#5067 = CARTESIAN_POINT ( 'NONE',  ( 1901.351351351352832, 3349.139388805734143, 51.00000000000000711 ) ) ;
#5068 = ORIENTED_EDGE ( 'NONE', *, *, #5475, .F. ) ;
#5069 = LINE ( 'NONE', #2494, #2836 ) ;
#5070 = CARTESIAN_POINT ( 'NONE',  ( 1156.351351351352832, -1025.855855855854543, 451.0000000000000000 ) ) ;
#5071 = ORIENTED_EDGE ( 'NONE', *, *, #1395, .T. ) ;
#5072 = DIRECTION ( 'NONE',  ( -7.930164461608261179E-17, 1.000000000000000000, 0.000000000000000000 ) ) ;
#5073 = CARTESIAN_POINT ( 'NONE',  ( -1668.914624007974453, -2650.885740052331585, 50.00000000000000000 ) ) ;
#5074 = ORIENTED_EDGE ( 'NONE', *, *, #3690, .F. ) ;
#5075 = CARTESIAN_POINT ( 'NONE',  ( 0.000000000000000000, 0.000000000000000000, 251.0000000000000000 ) ) ;
#5076 = ORIENTED_EDGE ( 'NONE', *, *, #6677, .T. ) ;
#5077 = LINE ( 'NONE', #2436, #1449 ) ;
#5078 = DIRECTION ( 'NONE',  ( 1.000000000000000000, 0.000000000000000000, 0.000000000000000000 ) ) ;
#5079 = CARTESIAN_POINT ( 'NONE',  ( 715.7521729148861596, -242.2942286748832430, 51.00000000000000711 ) ) ;
#5080 = VERTEX_POINT ( 'NONE', #6715 ) ;
#5081 = CARTESIAN_POINT ( 'NONE',  ( 715.7521729148861596, -242.2942286748832430, 651.0000000000003411 ) ) ;
#5082 = FACE_OUTER_BOUND ( 'NONE', #3408, .T. ) ;
#5083 = EDGE_LOOP ( 'NONE', ( #2807, #6354, #836, #5259 ) ) ;
#5084 = EDGE_LOOP ( 'NONE', ( #3063, #5240, #4693, #4411 ) ) ;
#5085 = AXIS2_PLACEMENT_3D ( 'NONE', #1563, #5373, #762 ) ;
#5086 = EDGE_CURVE ( 'NONE', #4770, #6271, #1488, .T. ) ;
#5087 = ADVANCED_FACE ( 'NONE', ( #5082 ), #3, .F. ) ;
#5088 = LINE ( 'NONE', #954, #4480 ) ;
#5089 = LINE ( 'NONE', #1389, #1427 ) ;
#5090 = ORIENTED_EDGE ( 'NONE', *, *, #6346, .F. ) ;
#5091 = ADVANCED_FACE ( 'NONE', ( #2095 ), #4179, .F. ) ;
#5092 = EDGE_CURVE ( 'NONE', #1055, #6654, #2061, .T. ) ;
#5093 = CARTESIAN_POINT ( 'NONE',  ( 1881.351351351352605, -1452.608405685351499, 51.00000000000000711 ) ) ;
#5094 = DIRECTION ( 'NONE',  ( -1.000000000000000000, -0.000000000000000000, -0.000000000000000000 ) ) ;
#5095 = EDGE_LOOP ( 'NONE', ( #36, #2094, #5997, #2401 ) ) ;
#5096 = DIRECTION ( 'NONE',  ( 0.000000000000000000, 0.000000000000000000, 1.000000000000000000 ) ) ;
#5097 = DIRECTION ( 'NONE',  ( 0.000000000000000000, -0.000000000000000000, 1.000000000000000000 ) ) ;
#5098 = VERTEX_POINT ( 'NONE', #6204 ) ;
#5099 = LINE ( 'NONE', #6067, #3300 ) ;
#5100 = ADVANCED_FACE ( 'NONE', ( #2510 ), #6173, .F. ) ;
#5101 = CARTESIAN_POINT ( 'NONE',  ( 9.163145065364935169E-14, 949.1441441441443203, 50.00000000000000000 ) ) ;
#5102 = CARTESIAN_POINT ( 'NONE',  ( 701.0708180236888438, -261.9442023300435949, 51.00000000000000711 ) ) ;
#5103 = CARTESIAN_POINT ( 'NONE',  ( 0.000000000000000000, 0.000000000000000000, 652.0000000000003411 ) ) ;
#5104 = MECHANICAL_DESIGN_GEOMETRIC_PRESENTATION_REPRESENTATION (  '', ( #1857 ), #2403 ) ;
#5105 = ORIENTED_EDGE ( 'NONE', *, *, #1696, .F. ) ;
#5106 = CARTESIAN_POINT ( 'NONE',  ( -13.64864864864699356, -1905.855855855854770, 451.0000000000000000 ) ) ;
#5107 = ORIENTED_EDGE ( 'NONE', *, *, #3359, .T. ) ;
#5108 = VECTOR ( 'NONE', #4680, 1000.000000000000000 ) ;
#5109 = CARTESIAN_POINT ( 'NONE',  ( -23.64864864864699001, -986.1949088771519882, 652.0000000000003411 ) ) ;
#5110 = PLANE ( 'NONE',  #1379 ) ;
#5111 = ORIENTED_EDGE ( 'NONE', *, *, #590, .F. ) ;
#5112 = LINE ( 'NONE', #445, #6238 ) ;
#5113 = VERTEX_POINT ( 'NONE', #5629 ) ;
#5114 = ADVANCED_FACE ( 'NONE', ( #3596 ), #3664, .F. ) ;
#5115 = ORIENTED_EDGE ( 'NONE', *, *, #2517, .T. ) ;
#5116 = CARTESIAN_POINT ( 'NONE',  ( -1212.844139922891600, 204.1441441441452866, 251.0000000000000000 ) ) ;
#5117 = FACE_OUTER_BOUND ( 'NONE', #6352, .T. ) ;
#5118 = VECTOR ( 'NONE', #1704, 1000.000000000000000 ) ;
#5119 = DIRECTION ( 'NONE',  ( -1.000000000000000000, -0.000000000000000000, -0.000000000000000000 ) ) ;
#5120 = EDGE_CURVE ( 'NONE', #1624, #3421, #4137, .T. ) ;
#5121 = AXIS2_PLACEMENT_3D ( 'NONE', #2975, #5548, #5454 ) ;
#5122 = AXIS2_PLACEMENT_3D ( 'NONE', #3547, #4867, #5582 ) ;
#5123 = AXIS2_PLACEMENT_3D ( 'NONE', #3712, #1642, #5234 ) ;
#5124 = ORIENTED_EDGE ( 'NONE', *, *, #4801, .T. ) ;
#5125 = LINE ( 'NONE', #6696, #4375 ) ;
#5126 = ADVANCED_FACE ( 'NONE', ( #3566 ), #41, .T. ) ;
#5127 = ORIENTED_EDGE ( 'NONE', *, *, #10, .F. ) ;
#5128 = VECTOR ( 'NONE', #6349, 1000.000000000000000 ) ;
#5129 = DIRECTION ( 'NONE',  ( 7.930164461608258714E-17, -1.000000000000000000, 0.000000000000000000 ) ) ;
#5130 = VECTOR ( 'NONE', #5517, 1000.000000000000000 ) ;
#5131 = VECTOR ( 'NONE', #213, 1000.000000000000000 ) ;
#5132 = VECTOR ( 'NONE', #5024, 1000.000000000000000 ) ;
#5133 = DIRECTION ( 'NONE',  ( -1.000000000000000000, 0.000000000000000000, 0.000000000000000000 ) ) ;
#5134 = EDGE_LOOP ( 'NONE', ( #4074, #4385, #2229, #1454 ) ) ;
#5135 = EDGE_CURVE ( 'NONE', #623, #1869, #5211, .T. ) ;
#5136 = FACE_OUTER_BOUND ( 'NONE', #3224, .T. ) ;
#5137 = ADVANCED_FACE ( 'NONE', ( #5181 ), #515, .T. ) ;
#5138 = CARTESIAN_POINT ( 'NONE',  ( -13.64864864864699356, -1905.855855855854770, 451.0000000000000000 ) ) ;
#5139 = DIRECTION ( 'NONE',  ( -0.000000000000000000, 0.000000000000000000, -1.000000000000000000 ) ) ;
#5140 = CARTESIAN_POINT ( 'NONE',  ( 306.3513513513530597, -2225.855855855854770, 451.0000000000000000 ) ) ;
#5141 = AXIS2_PLACEMENT_3D ( 'NONE', #4563, #969, #3045 ) ;
#5142 = AXIS2_PLACEMENT_3D ( 'NONE', #5600, #5149, #409 ) ;
#5143 = ORIENTED_EDGE ( 'NONE', *, *, #5474, .F. ) ;
#5144 = CARTESIAN_POINT ( 'NONE',  ( -1618.648648648647168, -2600.855855855854770, 50.00000000000000000 ) ) ;
#5145 = ORIENTED_EDGE ( 'NONE', *, *, #6106, .T. ) ;
#5146 = DIRECTION ( 'NONE',  ( 1.000000000000000000, 0.000000000000000000, 0.000000000000000000 ) ) ;
#5147 = FACE_OUTER_BOUND ( 'NONE', #390, .T. ) ;
#5148 = EDGE_CURVE ( 'NONE', #6497, #3512, #3633, .T. ) ;
#5149 = DIRECTION ( 'NONE',  ( -1.000000000000000000, 0.000000000000000000, 0.000000000000000000 ) ) ;
#5150 = EDGE_LOOP ( 'NONE', ( #3211, #3832, #5863, #718 ) ) ;
#5151 = CARTESIAN_POINT ( 'NONE',  ( -1243.648648648647168, -675.8558558558547702, 451.0000000000000000 ) ) ;
#5152 = DIRECTION ( 'NONE',  ( -1.000000000000000000, 9.570888143320318106E-17, 0.000000000000000000 ) ) ;
#5153 = ORIENTED_EDGE ( 'NONE', *, *, #4549, .T. ) ;
#5154 = EDGE_LOOP ( 'NONE', ( #3910, #2167, #1779, #1786 ) ) ;
#5155 = VECTOR ( 'NONE', #269, 1000.000000000000000 ) ;
#5156 = CARTESIAN_POINT ( 'NONE',  ( -1668.914624007974453, -2650.885740052331585, 50.00000000000000000 ) ) ;
#5157 = PLANE ( 'NONE',  #5085 ) ;
#5158 = VECTOR ( 'NONE', #298, 1000.000000000000000 ) ;
#5159 = CARTESIAN_POINT ( 'NONE',  ( -923.6486486486471676, -1905.855855855854770, 251.0000000000000000 ) ) ;
#5160 = DIRECTION ( 'NONE',  ( 0.000000000000000000, -1.000000000000000000, 0.000000000000000000 ) ) ;
#5161 = ORIENTED_EDGE ( 'NONE', *, *, #5092, .T. ) ;
#5162 = CARTESIAN_POINT ( 'NONE',  ( 732.4691333359016880, -1452.608405685351499, 51.00000000000000711 ) ) ;
#5163 = VERTEX_POINT ( 'NONE', #5603 ) ;
#5164 = PLANE ( 'NONE',  #4881 ) ;
#5165 = CARTESIAN_POINT ( 'NONE',  ( -42.48264923019513617, 1374.144144144144320, 251.0000000000000000 ) ) ;
#5166 = ORIENTED_EDGE ( 'NONE', *, *, #2847, .F. ) ;
#5167 = CARTESIAN_POINT ( 'NONE',  ( 1156.351351351352832, -675.8558558558547702, 451.0000000000000000 ) ) ;
#5168 = CARTESIAN_POINT ( 'NONE',  ( -922.8441399228915998, 494.1441441441452298, 251.0000000000000000 ) ) ;
#5169 = CARTESIAN_POINT ( 'NONE',  ( 1476.351351351353287, 1404.144144144144775, 450.0000000000000000 ) ) ;
#5170 = EDGE_CURVE ( 'NONE', #2713, #2711, #2003, .T. ) ;
#5171 = PLANE ( 'NONE',  #4585 ) ;
#5172 = CARTESIAN_POINT ( 'NONE',  ( 3.452553062395283591E-14, -250.8558558558549691, 50.00000000000000000 ) ) ;
#5173 = EDGE_CURVE ( 'NONE', #5409, #866, #5699, .T. ) ;
#5174 = ORIENTED_EDGE ( 'NONE', *, *, #6091, .T. ) ;
#5175 = ORIENTED_EDGE ( 'NONE', *, *, #1742, .F. ) ;
#5176 = CARTESIAN_POINT ( 'NONE',  ( 731.3513513513529460, 0.000000000000000000, 450.0000000000000000 ) ) ;
#5177 = LINE ( 'NONE', #513, #2853 ) ;
#5178 = CARTESIAN_POINT ( 'NONE',  ( 1476.351351351352832, -995.8558558558545428, 450.0000000000000000 ) ) ;
#5179 = ADVANCED_FACE ( 'NONE', ( #1010 ), #3089, .T. ) ;
#5180 = ORIENTED_EDGE ( 'NONE', *, *, #3767, .T. ) ;
#5181 = FACE_OUTER_BOUND ( 'NONE', #3941, .T. ) ;
#5182 = ORIENTED_EDGE ( 'NONE', *, *, #4548, .F. ) ;
#5183 = EDGE_LOOP ( 'NONE', ( #5174, #1514, #614, #4863 ) ) ;
#5184 = PLANE ( 'NONE',  #2637 ) ;
#5185 = DIRECTION ( 'NONE',  ( 1.000000000000000000, 0.000000000000000000, 0.000000000000000000 ) ) ;
#5186 = DIRECTION ( 'NONE',  ( -1.000000000000000000, 0.000000000000000000, 0.000000000000000000 ) ) ;
#5187 = EDGE_CURVE ( 'NONE', #6338, #1184, #5112, .T. ) ;
#5188 = CARTESIAN_POINT ( 'NONE',  ( -2918.648648648647395, 3349.144144144144775, 50.00000000000000000 ) ) ;
#5189 = DIRECTION ( 'NONE',  ( 1.000000000000000000, 0.000000000000000000, 0.000000000000000000 ) ) ;
#5190 = VECTOR ( 'NONE', #3225, 1000.000000000000000 ) ;
#5191 = ORIENTED_EDGE ( 'NONE', *, *, #512, .F. ) ;
#5192 = CARTESIAN_POINT ( 'NONE',  ( 1156.351351351352832, -1025.855855855854543, 450.0000000000000000 ) ) ;
#5193 = CARTESIAN_POINT ( 'NONE',  ( 701.0708180236888438, -261.9442023300435949, 651.0000000000003411 ) ) ;
#5194 = ORIENTED_EDGE ( 'NONE', *, *, #2240, .F. ) ;
#5195 = CARTESIAN_POINT ( 'NONE',  ( 1901.351351351352832, 2149.144144144145230, 51.00000000000000711 ) ) ;
#5196 = FACE_BOUND ( 'NONE', #1268, .T. ) ;
#5197 = ORIENTED_EDGE ( 'NONE', *, *, #4634, .T. ) ;
#5198 = DIRECTION ( 'NONE',  ( -0.000000000000000000, -0.000000000000000000, -1.000000000000000000 ) ) ;
#5199 = LINE ( 'NONE', #6735, #5572 ) ;
#5200 = CARTESIAN_POINT ( 'NONE',  ( 296.3513513513530597, -1016.194908877151988, 652.0000000000003411 ) ) ;
#5201 = LINE ( 'NONE', #1163, #6126 ) ;
#5202 = VERTEX_POINT ( 'NONE', #5247 ) ;
#5203 = ORIENTED_EDGE ( 'NONE', *, *, #1313, .F. ) ;
#5204 = FACE_OUTER_BOUND ( 'NONE', #5855, .T. ) ;
#5205 = ADVANCED_FACE ( 'NONE', ( #207 ), #4838, .T. ) ;
#5206 = LINE ( 'NONE', #2028, #2533 ) ;
#5207 = ADVANCED_FACE ( 'NONE', ( #1209 ), #2161, .T. ) ;
#5208 = CARTESIAN_POINT ( 'NONE',  ( -923.6486486486471676, -2195.855855855854770, 252.0000000000000000 ) ) ;
#5209 = CARTESIAN_POINT ( 'NONE',  ( 277.5173507698048638, 1694.144144144144093, 251.0000000000000000 ) ) ;
#5210 = ORIENTED_EDGE ( 'NONE', *, *, #5358, .F. ) ;
#5211 = LINE ( 'NONE', #4210, #5242 ) ;
#5212 = AXIS2_PLACEMENT_3D ( 'NONE', #491, #5185, #2583 ) ;
#5213 = EDGE_LOOP ( 'NONE', ( #285, #748, #6372, #1028 ) ) ;
#5214 = ADVANCED_FACE ( 'NONE', ( #2194 ), #6353, .F. ) ;
#5215 = LINE ( 'NONE', #2648, #4051 ) ;
#5216 = EDGE_CURVE ( 'NONE', #3421, #2538, #1106, .T. ) ;
#5217 = CARTESIAN_POINT ( 'NONE',  ( 251.3513513513532303, 494.1441441441443203, 450.0000000000000000 ) ) ;
#5218 = CARTESIAN_POINT ( 'NONE',  ( -2868.382539233229181, -4100.766735799657909, 150.0000000000000284 ) ) ;
#5219 = DIRECTION ( 'NONE',  ( -0.000000000000000000, 0.000000000000000000, 1.000000000000000000 ) ) ;
#5220 = CARTESIAN_POINT ( 'NONE',  ( -893.6486486486471676, -1875.855855855854770, 252.0000000000000000 ) ) ;
#5221 = EDGE_LOOP ( 'NONE', ( #175, #2679, #6681, #2536 ) ) ;
#5222 = DIRECTION ( 'NONE',  ( -0.000000000000000000, 1.000000000000000000, -0.000000000000000000 ) ) ;
#5223 = CARTESIAN_POINT ( 'NONE',  ( 1476.351351351352832, -1905.855855855854770, 252.0000000000000000 ) ) ;
#5224 = ORIENTED_EDGE ( 'NONE', *, *, #2027, .T. ) ;
#5225 = LINE ( 'NONE', #1124, #2949 ) ;
#5226 = PLANE ( 'NONE',  #2885 ) ;
#5227 = ORIENTED_EDGE ( 'NONE', *, *, #480, .T. ) ;
#5228 = VECTOR ( 'NONE', #2519, 1000.000000000000000 ) ;
#5229 = CARTESIAN_POINT ( 'NONE',  ( 706.3513513513532871, -250.8558558558557934, 50.00000000000000000 ) ) ;
#5230 = VECTOR ( 'NONE', #812, 1000.000000000000000 ) ;
#5231 = PLANE ( 'NONE',  #1891 ) ;
#5232 = VECTOR ( 'NONE', #128, 1000.000000000000000 ) ;
#5233 = DIRECTION ( 'NONE',  ( -0.000000000000000000, 0.000000000000000000, -1.000000000000000000 ) ) ;
#5234 = DIRECTION ( 'NONE',  ( 0.000000000000000000, 0.000000000000000000, 1.000000000000000000 ) ) ;
#5235 = CARTESIAN_POINT ( 'NONE',  ( 266.3513513513530029, -986.1949088771519882, 652.0000000000003411 ) ) ;
#5236 = VECTOR ( 'NONE', #127, 1000.000000000000000 ) ;
#5237 = VECTOR ( 'NONE', #5992, 1000.000000000000000 ) ;
#5238 = VERTEX_POINT ( 'NONE', #3181 ) ;
#5239 = VECTOR ( 'NONE', #2148, 1000.000000000000000 ) ;
#5240 = ORIENTED_EDGE ( 'NONE', *, *, #1390, .F. ) ;
#5241 = CARTESIAN_POINT ( 'NONE',  ( 8.781347354308071916E-14, 949.1441441441451161, 51.00000000000000711 ) ) ;
#5242 = VECTOR ( 'NONE', #4666, 1000.000000000000000 ) ;
#5243 = VECTOR ( 'NONE', #4041, 1000.000000000000000 ) ;
#5244 = CARTESIAN_POINT ( 'NONE',  ( -443.6486486486468266, 949.1441441441443203, 450.0000000000000000 ) ) ;
#5245 = CARTESIAN_POINT ( 'NONE',  ( 1156.351351351352832, -675.8558558558547702, 450.0000000000000000 ) ) ;
#5246 = ORIENTED_EDGE ( 'NONE', *, *, #2621, .F. ) ;
#5247 = CARTESIAN_POINT ( 'NONE',  ( -1618.648648648647168, -250.8558558558546849, 51.00000000000000711 ) ) ;
#5248 = ORIENTED_EDGE ( 'NONE', *, *, #2776, .T. ) ;
#5249 = AXIS2_PLACEMENT_3D ( 'NONE', #6287, #1155, #3779 ) ;
#5250 = AXIS2_PLACEMENT_3D ( 'NONE', #381, #1964, #586 ) ;
#5251 = ADVANCED_FACE ( 'NONE', ( #587 ), #2680, .F. ) ;
#5252 = EDGE_LOOP ( 'NONE', ( #525, #3112, #4180, #6184 ) ) ;
#5253 = DIRECTION ( 'NONE',  ( 0.000000000000000000, -1.000000000000000000, 0.000000000000000000 ) ) ;
#5254 = EDGE_CURVE ( 'NONE', #1143, #2771, #5749, .T. ) ;
#5255 = EDGE_CURVE ( 'NONE', #6457, #448, #4163, .T. ) ;
#5256 = DIRECTION ( 'NONE',  ( 0.000000000000000000, -0.000000000000000000, 1.000000000000000000 ) ) ;
#5257 = EDGE_CURVE ( 'NONE', #45, #3759, #6268, .T. ) ;
#5258 = EDGE_CURVE ( 'NONE', #5498, #571, #5274, .T. ) ;
#5259 = ORIENTED_EDGE ( 'NONE', *, *, #4716, .T. ) ;
#5260 = AXIS2_PLACEMENT_3D ( 'NONE', #3349, #3967, #3420 ) ;
#5261 = ADVANCED_FACE ( 'NONE', ( #1510 ), #2290, .F. ) ;
#5262 = DIRECTION ( 'NONE',  ( -1.000000000000000000, 0.000000000000000000, 0.000000000000000000 ) ) ;
#5263 = ORIENTED_EDGE ( 'NONE', *, *, #4549, .F. ) ;
#5264 = CARTESIAN_POINT ( 'NONE',  ( -1242.844139922891600, 524.1441441441452298, 251.0000000000000000 ) ) ;
#5265 = FACE_OUTER_BOUND ( 'NONE', #6718, .T. ) ;
#5266 = DIRECTION ( 'NONE',  ( 1.192376064322233222E-16, -1.000000000000000000, 0.000000000000000000 ) ) ;
#5267 = EDGE_LOOP ( 'NONE', ( #1590, #1721, #4111, #3583 ) ) ;
#5268 = LINE ( 'NONE', #1575, #6239 ) ;
#5269 = DIRECTION ( 'NONE',  ( 1.000000000000000000, 0.000000000000000000, 0.000000000000000000 ) ) ;
#5270 = LINE ( 'NONE', #4754, #5236 ) ;
#5271 = EDGE_CURVE ( 'NONE', #5879, #1141, #2257, .T. ) ;
#5272 = DIRECTION ( 'NONE',  ( 0.000000000000000000, 1.000000000000000000, 0.000000000000000000 ) ) ;
#5273 = DIRECTION ( 'NONE',  ( 0.000000000000000000, -0.000000000000000000, 1.000000000000000000 ) ) ;
#5274 = LINE ( 'NONE', #612, #2977 ) ;
#5275 = DIRECTION ( 'NONE',  ( 0.000000000000000000, -0.000000000000000000, 1.000000000000000000 ) ) ;
#5276 = ORIENTED_EDGE ( 'NONE', *, *, #6177, .F. ) ;
#5277 = DIRECTION ( 'NONE',  ( 1.000000000000000000, 0.000000000000000000, 0.000000000000000000 ) ) ;
#5278 = EDGE_LOOP ( 'NONE', ( #2273, #5263, #3308, #3051 ) ) ;
#5279 = LINE ( 'NONE', #3660, #6364 ) ;
#5280 = CARTESIAN_POINT ( 'NONE',  ( -923.6486486486471676, 1692.892555011814238, 451.0000000000000000 ) ) ;
#5281 = DIRECTION ( 'NONE',  ( -0.000000000000000000, -0.000000000000000000, -1.000000000000000000 ) ) ;
#5282 = CARTESIAN_POINT ( 'NONE',  ( 706.3513513513531734, 949.1441441441442066, 50.00000000000000000 ) ) ;
#5283 = ORIENTED_EDGE ( 'NONE', *, *, #3600, .F. ) ;
#5284 = ORIENTED_EDGE ( 'NONE', *, *, #3444, .T. ) ;
#5285 = CARTESIAN_POINT ( 'NONE',  ( -1661.268387826372191, -2638.672188960770200, 251.0000000000000000 ) ) ;
#5286 = FACE_OUTER_BOUND ( 'NONE', #2088, .T. ) ;
#5287 = CARTESIAN_POINT ( 'NONE',  ( 0.000000000000000000, 0.000000000000000000, 450.0000000000000000 ) ) ;
#5288 = FACE_OUTER_BOUND ( 'NONE', #2259, .T. ) ;
#5289 = ORIENTED_EDGE ( 'NONE', *, *, #5061, .T. ) ;
#5290 = CARTESIAN_POINT ( 'NONE',  ( -53.64864864864699001, -666.1949088771521019, 652.0000000000003411 ) ) ;
#5291 = DIRECTION ( 'NONE',  ( 1.000000000000000000, -9.570888143320318106E-17, 0.000000000000000000 ) ) ;
#5292 = EDGE_CURVE ( 'NONE', #2992, #5113, #1266, .T. ) ;
#5293 = ADVANCED_FACE ( 'NONE', ( #5497 ), #6047, .F. ) ;
#5294 = ORIENTED_EDGE ( 'NONE', *, *, #6064, .F. ) ;
#5295 = LINE ( 'NONE', #1187, #577 ) ;
#5296 = ORIENTED_EDGE ( 'NONE', *, *, #1032, .F. ) ;
#5297 = FACE_OUTER_BOUND ( 'NONE', #1648, .T. ) ;
#5298 = ADVANCED_FACE ( 'NONE', ( #6626 ), #4416, .F. ) ;
#5299 = LINE ( 'NONE', #5742, #483 ) ;
#5300 = VERTEX_POINT ( 'NONE', #6110 ) ;
#5301 = VECTOR ( 'NONE', #537, 1000.000000000000000 ) ;
#5302 = FACE_OUTER_BOUND ( 'NONE', #5604, .T. ) ;
#5303 = PLANE ( 'NONE',  #5672 ) ;
#5304 = EDGE_CURVE ( 'NONE', #4314, #2043, #835, .T. ) ;
#5305 = DIRECTION ( 'NONE',  ( -1.000000000000000000, 3.172065784643304472E-16, 0.000000000000000000 ) ) ;
#5306 = LINE ( 'NONE', #641, #4391 ) ;
#5307 = LINE ( 'NONE', #2225, #233 ) ;
#5308 = EDGE_LOOP ( 'NONE', ( #384, #3364, #4780, #694 ) ) ;
#5309 = DIRECTION ( 'NONE',  ( -0.000000000000000000, 0.000000000000000000, 1.000000000000000000 ) ) ;
#5310 = ORIENTED_EDGE ( 'NONE', *, *, #3815, .T. ) ;
#5311 = EDGE_CURVE ( 'NONE', #6396, #1078, #4948, .T. ) ;
#5312 = DIRECTION ( 'NONE',  ( -1.000000000000000000, 0.000000000000000000, 0.000000000000000000 ) ) ;
#5313 = ORIENTED_EDGE ( 'NONE', *, *, #3827, .T. ) ;
#5314 = CARTESIAN_POINT ( 'NONE',  ( 3126.837698566487234, 3348.351809431109359, 150.0000000000000284 ) ) ;
#5315 = CARTESIAN_POINT ( 'NONE',  ( 266.3513513513530029, -696.1949088771522156, 652.0000000000003411 ) ) ;
#5316 = VERTEX_POINT ( 'NONE', #471 ) ;
#5317 = VERTEX_POINT ( 'NONE', #2473 ) ;
#5318 = AXIS2_PLACEMENT_3D ( 'NONE', #2821, #1257, #2791 ) ;
#5319 = LINE ( 'NONE', #656, #568 ) ;
#5320 = SURFACE_STYLE_USAGE ( .BOTH. , #3251 ) ;
#5321 = VECTOR ( 'NONE', #6032, 1000.000000000000000 ) ;
#5322 = PLANE ( 'NONE',  #6226 ) ;
#5323 = ORIENTED_EDGE ( 'NONE', *, *, #4203, .T. ) ;
#5324 = PLANE ( 'NONE',  #1736 ) ;
#5325 = ORIENTED_EDGE ( 'NONE', *, *, #5766, .T. ) ;
#5326 = FACE_OUTER_BOUND ( 'NONE', #1574, .T. ) ;
#5327 = ORIENTED_EDGE ( 'NONE', *, *, #2119, .T. ) ;
#5328 = CARTESIAN_POINT ( 'NONE',  ( 1901.351351351352832, 3349.139388805734143, 51.00000000000000711 ) ) ;
#5329 = EDGE_CURVE ( 'NONE', #1224, #854, #1037, .T. ) ;
#5330 = VERTEX_POINT ( 'NONE', #1541 ) ;
#5331 = CARTESIAN_POINT ( 'NONE',  ( -12.48264923019517703, 1694.144144144144093, 252.0000000000000000 ) ) ;
#5332 = CARTESIAN_POINT ( 'NONE',  ( -468.6486486486471676, 2099.144144144145230, 50.00000000000000000 ) ) ;
#5333 = VERTEX_POINT ( 'NONE', #4001 ) ;
#5334 =( LENGTH_UNIT ( ) NAMED_UNIT ( * ) SI_UNIT ( .MILLI., .METRE. ) );
#5335 = FACE_OUTER_BOUND ( 'NONE', #2562, .T. ) ;
#5336 = PLANE ( 'NONE',  #5354 ) ;
#5337 = VECTOR ( 'NONE', #6318, 1000.000000000000000 ) ;
#5338 = ORIENTED_EDGE ( 'NONE', *, *, #520, .T. ) ;
#5339 = LINE ( 'NONE', #905, #5570 ) ;
#5340 = CARTESIAN_POINT ( 'NONE',  ( -1243.648648648647168, 1722.892555011814466, 451.0000000000000000 ) ) ;
#5341 = ADVANCED_FACE ( 'NONE', ( #3557 ), #3110, .F. ) ;
#5342 = LINE ( 'NONE', #2769, #775 ) ;
#5343 = ORIENTED_EDGE ( 'NONE', *, *, #4511, .T. ) ;
#5344 = VECTOR ( 'NONE', #2827, 1000.000000000000000 ) ;
#5345 = ADVANCED_FACE ( 'NONE', ( #6705 ), #1438, .T. ) ;
#5346 = ORIENTED_EDGE ( 'NONE', *, *, #3260, .T. ) ;
#5347 = AXIS2_PLACEMENT_3D ( 'NONE', #6607, #4021, #551 ) ;
#5348 = EDGE_CURVE ( 'NONE', #282, #3316, #1509, .T. ) ;
#5349 = PLANE ( 'NONE',  #16 ) ;
#5350 = FACE_OUTER_BOUND ( 'NONE', #2524, .T. ) ;
#5351 = ORIENTED_EDGE ( 'NONE', *, *, #2813, .T. ) ;
#5352 = LINE ( 'NONE', #1205, #4173 ) ;
#5353 = EDGE_CURVE ( 'NONE', #27, #3599, #438, .T. ) ;
#5354 = AXIS2_PLACEMENT_3D ( 'NONE', #673, #4724, #5233 ) ;
#5355 = VECTOR ( 'NONE', #6089, 1000.000000000000000 ) ;
#5356 = ADVANCED_FACE ( 'NONE', ( #3620 ), #1002, .F. ) ;
#5357 = DIRECTION ( 'NONE',  ( 0.000000000000000000, 1.000000000000000000, 0.000000000000000000 ) ) ;
#5358 = EDGE_CURVE ( 'NONE', #1845, #5389, #2051, .T. ) ;
#5359 = VECTOR ( 'NONE', #5690, 1000.000000000000000 ) ;
#5360 = AXIS2_PLACEMENT_3D ( 'NONE', #5407, #737, #4879 ) ;
#5361 = EDGE_LOOP ( 'NONE', ( #2868, #3926, #938, #22 ) ) ;
#5362 = CARTESIAN_POINT ( 'NONE',  ( 0.000000000000000000, -1450.855855855854543, 450.0000000000000000 ) ) ;
#5363 = ORIENTED_EDGE ( 'NONE', *, *, #4517, .F. ) ;
#5364 = COLOUR_RGB ( '',0.7921568627450980005, 0.8196078431372548767, 0.9333333333333333481 ) ;
#5365 = VECTOR ( 'NONE', #2887, 1000.000000000000000 ) ;
#5366 = VECTOR ( 'NONE', #2296, 1000.000000000000000 ) ;
#5367 = ADVANCED_FACE ( 'NONE', ( #3524 ), #6195, .F. ) ;
#5368 = CARTESIAN_POINT ( 'NONE',  ( -2918.382539233229181, -4100.766735799657909, 150.0000000000000284 ) ) ;
#5369 = FACE_BOUND ( 'NONE', #5793, .T. ) ;
#5370 = VECTOR ( 'NONE', #6569, 1000.000000000000000 ) ;
#5371 = VECTOR ( 'NONE', #3430, 1000.000000000000000 ) ;
#5372 = EDGE_LOOP ( 'NONE', ( #5456, #6526, #4307, #4760 ) ) ;
#5373 = DIRECTION ( 'NONE',  ( 1.000000000000000000, 0.000000000000000000, 0.000000000000000000 ) ) ;
#5374 = ORIENTED_EDGE ( 'NONE', *, *, #3435, .T. ) ;
#5375 = EDGE_LOOP ( 'NONE', ( #4084, #6432, #5931, #5313, #1915, #5617 ) ) ;
#5376 = CARTESIAN_POINT ( 'NONE',  ( 1156.351351351353287, 1374.144144144144548, 451.0000000000000000 ) ) ;
#5377 = FACE_OUTER_BOUND ( 'NONE', #6071, .T. ) ;
#5378 = ORIENTED_EDGE ( 'NONE', *, *, #2775, .F. ) ;
#5379 = CARTESIAN_POINT ( 'NONE',  ( 1919.291799940615647, -242.2942286748832430, 651.0000000000003411 ) ) ;
#5380 = CARTESIAN_POINT ( 'NONE',  ( 1881.351351351352605, -2600.855855855854770, 51.00000000000000711 ) ) ;
#5381 = VERTEX_POINT ( 'NONE', #2022 ) ;
#5382 = FACE_OUTER_BOUND ( 'NONE', #5768, .T. ) ;
#5383 = CARTESIAN_POINT ( 'NONE',  ( -1242.844139922891600, 524.1441441441452298, 251.0000000000000000 ) ) ;
#5384 = CARTESIAN_POINT ( 'NONE',  ( 1170.752172914886160, 212.7057713251167570, 652.0000000000003411 ) ) ;
#5385 = CARTESIAN_POINT ( 'NONE',  ( 1140.752172914886160, 182.7057713251167570, 652.0000000000003411 ) ) ;
#5386 = ORIENTED_EDGE ( 'NONE', *, *, #4523, .T. ) ;
#5387 = ORIENTED_EDGE ( 'NONE', *, *, #5765, .T. ) ;
#5388 = CARTESIAN_POINT ( 'NONE',  ( 706.3513513513532871, 6.535062781211383746E-14, 450.0000000000000000 ) ) ;
#5389 = VERTEX_POINT ( 'NONE', #5748 ) ;
#5390 = FACE_OUTER_BOUND ( 'NONE', #1166, .T. ) ;
#5391 = ADVANCED_FACE ( 'NONE', ( #3789 ), #3240, .T. ) ;
#5392 = EDGE_CURVE ( 'NONE', #4555, #5333, #2768, .T. ) ;
#5393 = CARTESIAN_POINT ( 'NONE',  ( 0.000000000000000000, 0.000000000000000000, 450.0000000000000000 ) ) ;
#5394 = ORIENTED_EDGE ( 'NONE', *, *, #5675, .F. ) ;
#5395 = ORIENTED_EDGE ( 'NONE', *, *, #2688, .T. ) ;
#5396 = CARTESIAN_POINT ( 'NONE',  ( -1668.648648648647168, 2149.144144144145230, 50.00000000000000000 ) ) ;
#5397 = EDGE_CURVE ( 'NONE', #4380, #5928, #4262, .T. ) ;
#5398 = FACE_BOUND ( 'NONE', #772, .T. ) ;
#5399 = DIRECTION ( 'NONE',  ( 1.192185798255201906E-16, -1.000000000000000000, 0.000000000000000000 ) ) ;
#5400 = ORIENTED_EDGE ( 'NONE', *, *, #6677, .F. ) ;
#5401 = CARTESIAN_POINT ( 'NONE',  ( -468.6486486486469971, -1450.855855855854543, 50.00000000000000000 ) ) ;
#5402 = VERTEX_POINT ( 'NONE', #1197 ) ;
#5403 = EDGE_CURVE ( 'NONE', #6503, #2260, #6334, .T. ) ;
#5404 = ADVANCED_FACE ( 'NONE', ( #3752 ), #5823, .F. ) ;
#5405 = CARTESIAN_POINT ( 'NONE',  ( -13.64864864864695626, -2195.855855855854770, 451.0000000000000000 ) ) ;
#5406 = ORIENTED_EDGE ( 'NONE', *, *, #96, .T. ) ;
#5407 = CARTESIAN_POINT ( 'NONE',  ( -1618.648648648647168, -2600.855855855854770, 51.00000000000000711 ) ) ;
#5408 = DIRECTION ( 'NONE',  ( 1.000000000000000000, 0.000000000000000000, 0.000000000000000000 ) ) ;
#5409 = VERTEX_POINT ( 'NONE', #6376 ) ;
#5410 = DIRECTION ( 'NONE',  ( 0.000000000000000000, 1.000000000000000000, 0.000000000000000000 ) ) ;
#5411 = DIRECTION ( 'NONE',  ( 0.000000000000000000, -0.000000000000000000, 1.000000000000000000 ) ) ;
#5412 = DIRECTION ( 'NONE',  ( -0.000000000000000000, 1.000000000000000000, -0.000000000000000000 ) ) ;
#5413 = ORIENTED_EDGE ( 'NONE', *, *, #3060, .T. ) ;
#5414 = CARTESIAN_POINT ( 'NONE',  ( 1476.351351351352832, -995.8558558558545428, 451.0000000000000000 ) ) ;
#5415 = CARTESIAN_POINT ( 'NONE',  ( 1156.351351351352832, -675.8558558558547702, 451.0000000000000000 ) ) ;
#5416 = VECTOR ( 'NONE', #862, 1000.000000000000000 ) ;
#5417 = CARTESIAN_POINT ( 'NONE',  ( -23.64864864864699001, -696.1949088771522156, 651.0000000000003411 ) ) ;
#5418 = ORIENTED_EDGE ( 'NONE', *, *, #3617, .T. ) ;
#5419 = CARTESIAN_POINT ( 'NONE',  ( 715.7521729148861596, 942.7075103593078893, 51.00000000000000711 ) ) ;
#5420 = DIRECTION ( 'NONE',  ( 0.000000000000000000, 1.000000000000000000, 0.000000000000000000 ) ) ;
#5421 = CARTESIAN_POINT ( 'NONE',  ( -893.6486486486471676, 1722.892555011814466, 451.0000000000000000 ) ) ;
#5422 = CARTESIAN_POINT ( 'NONE',  ( -68.64864864864676974, 524.1441441441443203, 451.0000000000000000 ) ) ;
#5423 = CARTESIAN_POINT ( 'NONE',  ( -1212.844139922891600, 204.1441441441452866, 251.0000000000000000 ) ) ;
#5424 = EDGE_LOOP ( 'NONE', ( #1301, #19, #1100, #1533 ) ) ;
#5425 = ORIENTED_EDGE ( 'NONE', *, *, #271, .T. ) ;
#5426 = EDGE_CURVE ( 'NONE', #35, #1624, #5201, .T. ) ;
#5427 = CARTESIAN_POINT ( 'NONE',  ( 731.3513513513531734, 0.000000000000000000, 51.00000000000000711 ) ) ;
#5428 = PLANE ( 'NONE',  #3855 ) ;
#5429 = ADVANCED_FACE ( 'NONE', ( #129 ), #3683, .F. ) ;
#5430 = ORIENTED_EDGE ( 'NONE', *, *, #4234, .F. ) ;
#5431 = LINE ( 'NONE', #2844, #5956 ) ;
#5432 = EDGE_CURVE ( 'NONE', #6413, #2930, #5306, .T. ) ;
#5433 = ORIENTED_EDGE ( 'NONE', *, *, #1578, .F. ) ;
#5434 = VECTOR ( 'NONE', #3057, 1000.000000000000000 ) ;
#5435 = EDGE_LOOP ( 'NONE', ( #2482, #6247, #3459, #6668 ) ) ;
#5436 = DIRECTION ( 'NONE',  ( -0.000000000000000000, -0.000000000000000000, -1.000000000000000000 ) ) ;
#5437 = EDGE_CURVE ( 'NONE', #310, #5300, #6236, .T. ) ;
#5438 = FILL_AREA_STYLE_COLOUR ( '', #5364 ) ;
#5439 = CARTESIAN_POINT ( 'NONE',  ( -13.64864864864699356, -1905.855855855854770, 451.0000000000000000 ) ) ;
#5440 = VECTOR ( 'NONE', #5129, 1000.000000000000000 ) ;
#5441 = LINE ( 'NONE', #708, #5658 ) ;
#5442 = DIRECTION ( 'NONE',  ( 0.000000000000000000, 0.000000000000000000, -1.000000000000000000 ) ) ;
#5443 = ORIENTED_EDGE ( 'NONE', *, *, #5858, .F. ) ;
#5444 = CARTESIAN_POINT ( 'NONE',  ( -1243.648648648647168, -1875.855855855854770, 252.0000000000000000 ) ) ;
#5445 = FACE_BOUND ( 'NONE', #2006, .T. ) ;
#5446 = ORIENTED_EDGE ( 'NONE', *, *, #644, .T. ) ;
#5447 = CARTESIAN_POINT ( 'NONE',  ( -1213.648648648647168, -995.8558558558545428, 450.0000000000000000 ) ) ;
#5448 = VERTEX_POINT ( 'NONE', #5787 ) ;
#5449 = DIRECTION ( 'NONE',  ( 0.000000000000000000, -1.000000000000000000, 0.000000000000000000 ) ) ;
#5450 = DIRECTION ( 'NONE',  ( -0.000000000000000000, -0.000000000000000000, -1.000000000000000000 ) ) ;
#5451 = DIRECTION ( 'NONE',  ( -0.000000000000000000, -1.000000000000000000, -0.000000000000000000 ) ) ;
#5452 = ORIENTED_EDGE ( 'NONE', *, *, #3366, .T. ) ;
#5453 = CARTESIAN_POINT ( 'NONE',  ( 721.3513513513527187, 1.334768131857904905E-13, 450.0000000000000000 ) ) ;
#5454 = DIRECTION ( 'NONE',  ( -0.000000000000000000, 0.000000000000000000, -1.000000000000000000 ) ) ;
#5455 = CARTESIAN_POINT ( 'NONE',  ( 1156.351351351353287, 1374.144144144144548, 450.0000000000000000 ) ) ;
#5456 = ORIENTED_EDGE ( 'NONE', *, *, #4145, .T. ) ;
#5457 = EDGE_LOOP ( 'NONE', ( #4602, #5990, #3228, #6279 ) ) ;
#5458 = CARTESIAN_POINT ( 'NONE',  ( 1156.351351351353287, 1374.144144144144548, 451.0000000000000000 ) ) ;
#5459 = AXIS2_PLACEMENT_3D ( 'NONE', #292, #4885, #5480 ) ;
#5460 = VECTOR ( 'NONE', #38, 1000.000000000000000 ) ;
#5461 = VECTOR ( 'NONE', #4190, 1000.000000000000000 ) ;
#5462 = FACE_OUTER_BOUND ( 'NONE', #5221, .T. ) ;
#5463 = ORIENTED_EDGE ( 'NONE', *, *, #6, .T. ) ;
#5464 = CARTESIAN_POINT ( 'NONE',  ( -2918.382539233229181, 3348.907565514117778, 50.00000000000000000 ) ) ;
#5465 = CARTESIAN_POINT ( 'NONE',  ( -443.6486486486466561, -8.209149076226061992E-14, 450.0000000000000000 ) ) ;
#5466 = STYLED_ITEM ( 'NONE', ( #1494 ), #1774 ) ;
#5467 = VECTOR ( 'NONE', #1506, 1000.000000000000000 ) ;
#5468 = AXIS2_PLACEMENT_3D ( 'NONE', #2339, #5005, #4407 ) ;
#5469 = VERTEX_POINT ( 'NONE', #535 ) ;
#5470 = EDGE_CURVE ( 'NONE', #1107, #3315, #6298, .T. ) ;
#5471 = VECTOR ( 'NONE', #2682, 1000.000000000000000 ) ;
#5472 = VECTOR ( 'NONE', #2047, 1000.000000000000000 ) ;
#5473 = VERTEX_POINT ( 'NONE', #2732 ) ;
#5474 = EDGE_CURVE ( 'NONE', #3270, #4314, #4689, .T. ) ;
#5475 = EDGE_CURVE ( 'NONE', #4815, #4046, #4757, .T. ) ;
#5476 = FACE_OUTER_BOUND ( 'NONE', #716, .T. ) ;
#5477 = CARTESIAN_POINT ( 'NONE',  ( 0.000000000000000000, 0.000000000000000000, 51.00000000000000711 ) ) ;
#5478 = ORIENTED_EDGE ( 'NONE', *, *, #1201, .F. ) ;
#5479 = LINE ( 'NONE', #3988, #6562 ) ;
#5480 = DIRECTION ( 'NONE',  ( 1.586032892321652729E-16, -1.000000000000000000, 0.000000000000000000 ) ) ;
#5481 = ORIENTED_EDGE ( 'NONE', *, *, #356, .F. ) ;
#5482 = ADVANCED_FACE ( 'NONE', ( #2224 ), #4303, .T. ) ;
#5483 = LINE ( 'NONE', #2491, #5996 ) ;
#5484 = ORIENTED_EDGE ( 'NONE', *, *, #4437, .F. ) ;
#5485 = ORIENTED_EDGE ( 'NONE', *, *, #3440, .F. ) ;
#5486 = DIRECTION ( 'NONE',  ( -1.000000000000000000, 0.000000000000000000, -0.000000000000000000 ) ) ;
#5487 = ORIENTED_EDGE ( 'NONE', *, *, #3115, .T. ) ;
#5488 = DIRECTION ( 'NONE',  ( -1.000000000000000000, -0.000000000000000000, -0.000000000000000000 ) ) ;
#5489 = DIRECTION ( 'NONE',  ( -1.000000000000000000, 3.172065784643305458E-16, 0.000000000000000000 ) ) ;
#5490 = CARTESIAN_POINT ( 'NONE',  ( -477.9485211280458543, -2638.672188960770200, 51.00000000000000711 ) ) ;
#5491 = EDGE_LOOP ( 'NONE', ( #2376, #1601, #5296, #1966 ) ) ;
#5492 = AXIS2_PLACEMENT_3D ( 'NONE', #5042, #2433, #6159 ) ;
#5493 = VERTEX_POINT ( 'NONE', #2179 ) ;
#5494 = PLANE ( 'NONE',  #4287 ) ;
#5495 = ORIENTED_EDGE ( 'NONE', *, *, #5437, .F. ) ;
#5496 = CARTESIAN_POINT ( 'NONE',  ( 1156.351351351353287, 1724.144144144144548, 451.0000000000000000 ) ) ;
#5497 = FACE_OUTER_BOUND ( 'NONE', #1695, .T. ) ;
#5498 = VERTEX_POINT ( 'NONE', #1717 ) ;
#5499 = ORIENTED_EDGE ( 'NONE', *, *, #2377, .T. ) ;
#5500 = ORIENTED_EDGE ( 'NONE', *, *, #5935, .F. ) ;
#5501 = DIRECTION ( 'NONE',  ( -0.000000000000000000, -0.000000000000000000, -1.000000000000000000 ) ) ;
#5502 = CARTESIAN_POINT ( 'NONE',  ( 251.3513513513532303, 494.1441441441443203, 451.0000000000000000 ) ) ;
#5503 = CARTESIAN_POINT ( 'NONE',  ( 1460.752172914886160, 502.7057713251168707, 652.0000000000003411 ) ) ;
#5504 = EDGE_CURVE ( 'NONE', #4555, #4830, #2124, .T. ) ;
#5505 = CARTESIAN_POINT ( 'NONE',  ( -923.6486486486471676, -2195.855855855854770, 251.0000000000000000 ) ) ;
#5506 = PLANE ( 'NONE',  #4164 ) ;
#5507 = ORIENTED_EDGE ( 'NONE', *, *, #4238, .F. ) ;
#5508 = DIRECTION ( 'NONE',  ( 1.189524669241239608E-16, -1.000000000000000000, 0.000000000000000000 ) ) ;
#5509 = EDGE_CURVE ( 'NONE', #2452, #5971, #576, .T. ) ;
#5510 = ORIENTED_EDGE ( 'NONE', *, *, #758, .T. ) ;
#5511 = CARTESIAN_POINT ( 'NONE',  ( -23.64864864864699001, -696.1949088771522156, 652.0000000000003411 ) ) ;
#5512 = DIRECTION ( 'NONE',  ( -0.000000000000000000, -0.000000000000000000, -1.000000000000000000 ) ) ;
#5513 = LINE ( 'NONE', #6476, #4087 ) ;
#5514 = ORIENTED_EDGE ( 'NONE', *, *, #3191, .T. ) ;
#5515 = EDGE_CURVE ( 'NONE', #2174, #2632, #4231, .T. ) ;
#5516 = LINE ( 'NONE', #369, #2653 ) ;
#5517 = DIRECTION ( 'NONE',  ( 0.000000000000000000, 0.000000000000000000, 1.000000000000000000 ) ) ;
#5518 = CARTESIAN_POINT ( 'NONE',  ( -68.64864864864672711, 174.1441441441443487, 451.0000000000000000 ) ) ;
#5519 = DIRECTION ( 'NONE',  ( -0.000000000000000000, -0.000000000000000000, -1.000000000000000000 ) ) ;
#5520 = EDGE_CURVE ( 'NONE', #2441, #653, #4553, .T. ) ;
#5521 = VERTEX_POINT ( 'NONE', #5162 ) ;
#5522 = VERTEX_POINT ( 'NONE', #1054 ) ;
#5523 = CARTESIAN_POINT ( 'NONE',  ( -12.48264923019517703, 1694.144144144144093, 252.0000000000000000 ) ) ;
#5524 = AXIS2_PLACEMENT_3D ( 'NONE', #6481, #1305, #5007 ) ;
#5525 = VERTEX_POINT ( 'NONE', #4055 ) ;
#5526 = LINE ( 'NONE', #2346, #2170 ) ;
#5527 = ORIENTED_EDGE ( 'NONE', *, *, #581, .F. ) ;
#5528 = DIRECTION ( 'NONE',  ( 1.000000000000000000, 0.000000000000000000, 0.000000000000000000 ) ) ;
#5529 = EDGE_LOOP ( 'NONE', ( #992, #2740, #5558, #549 ) ) ;
#5530 = EDGE_LOOP ( 'NONE', ( #2002, #2607, #3159, #661 ) ) ;
#5531 = ORIENTED_EDGE ( 'NONE', *, *, #5311, .T. ) ;
#5532 = CARTESIAN_POINT ( 'NONE',  ( -468.6486486486468266, -8.671742003153213916E-14, 50.00000000000000000 ) ) ;
#5533 = CARTESIAN_POINT ( 'NONE',  ( -1618.648648648647168, -2600.855855855854770, 51.00000000000000711 ) ) ;
#5534 = CARTESIAN_POINT ( 'NONE',  ( 1156.351351351353287, 1724.144144144144548, 451.0000000000000000 ) ) ;
#5535 = DIRECTION ( 'NONE',  ( -1.586032892321652729E-16, 1.000000000000000000, -0.000000000000000000 ) ) ;
#5536 = FACE_OUTER_BOUND ( 'NONE', #2443, .T. ) ;
#5537 = ORIENTED_EDGE ( 'NONE', *, *, #271, .F. ) ;
#5538 = EDGE_CURVE ( 'NONE', #431, #1433, #497, .T. ) ;
#5539 = CARTESIAN_POINT ( 'NONE',  ( -42.48264923019517880, 1724.144144144144093, 251.0000000000000000 ) ) ;
#5540 = VECTOR ( 'NONE', #4872, 1000.000000000000000 ) ;
#5541 = CARTESIAN_POINT ( 'NONE',  ( -68.64864864864676974, 524.1441441441443203, 450.0000000000000000 ) ) ;
#5542 = ORIENTED_EDGE ( 'NONE', *, *, #916, .T. ) ;
#5543 = DIRECTION ( 'NONE',  ( -0.000000000000000000, 0.000000000000000000, -1.000000000000000000 ) ) ;
#5544 = PLANE ( 'NONE',  #2019 ) ;
#5545 = VERTEX_POINT ( 'NONE', #5708 ) ;
#5546 = CARTESIAN_POINT ( 'NONE',  ( 731.3513513513529460, -2650.855855855854770, 450.0000000000000000 ) ) ;
#5547 = PLANE ( 'NONE',  #3185 ) ;
#5548 = DIRECTION ( 'NONE',  ( 1.000000000000000000, 0.000000000000000000, -0.000000000000000000 ) ) ;
#5549 = AXIS2_PLACEMENT_3D ( 'NONE', #4528, #2466, #2044 ) ;
#5550 = ADVANCED_FACE ( 'NONE', ( #4648 ), #6728, .T. ) ;
#5551 = CARTESIAN_POINT ( 'NONE',  ( 3126.837698566487234, 3348.351809431109359, 150.0000000000000284 ) ) ;
#5552 = DIRECTION ( 'NONE',  ( 0.000000000000000000, 1.000000000000000000, 0.000000000000000000 ) ) ;
#5553 = EDGE_CURVE ( 'NONE', #1754, #1848, #1466, .T. ) ;
#5554 = EDGE_CURVE ( 'NONE', #6111, #5861, #3004, .T. ) ;
#5555 = VERTEX_POINT ( 'NONE', #6124 ) ;
#5556 = FACE_OUTER_BOUND ( 'NONE', #1471, .T. ) ;
#5557 = AXIS2_PLACEMENT_3D ( 'NONE', #6572, #920, #4520 ) ;
#5558 = ORIENTED_EDGE ( 'NONE', *, *, #3728, .T. ) ;
#5559 = CARTESIAN_POINT ( 'NONE',  ( -1243.648648648647168, 1722.892555011814466, 451.0000000000000000 ) ) ;
#5560 = ADVANCED_FACE ( 'NONE', ( #2214 ), #4293, .T. ) ;
#5561 = CARTESIAN_POINT ( 'NONE',  ( -1243.648648648647168, 1372.892555011814466, 450.0000000000000000 ) ) ;
#5562 = CARTESIAN_POINT ( 'NONE',  ( -1618.648648648647168, -2600.855855855854770, 51.00000000000000711 ) ) ;
#5563 = PLANE ( 'NONE',  #569 ) ;
#5564 = ORIENTED_EDGE ( 'NONE', *, *, #4477, .F. ) ;
#5565 = DIRECTION ( 'NONE',  ( -1.000000000000000000, 9.654113257610057838E-17, 0.000000000000000000 ) ) ;
#5566 = ORIENTED_EDGE ( 'NONE', *, *, #4351, .F. ) ;
#5567 = VECTOR ( 'NONE', #6578, 1000.000000000000000 ) ;
#5568 = ORIENTED_EDGE ( 'NONE', *, *, #5935, .T. ) ;
#5569 = VECTOR ( 'NONE', #3121, 1000.000000000000000 ) ;
#5570 = VECTOR ( 'NONE', #3593, 1000.000000000000000 ) ;
#5571 = VERTEX_POINT ( 'NONE', #1599 ) ;
#5572 = VECTOR ( 'NONE', #4160, 1000.000000000000000 ) ;
#5573 = VECTOR ( 'NONE', #3889, 1000.000000000000000 ) ;
#5574 = VECTOR ( 'NONE', #198, 1000.000000000000000 ) ;
#5575 = DIRECTION ( 'NONE',  ( -0.000000000000000000, -0.000000000000000000, -1.000000000000000000 ) ) ;
#5576 = FACE_OUTER_BOUND ( 'NONE', #1269, .T. ) ;
#5577 = LINE ( 'NONE', #922, #5674 ) ;
#5578 = VECTOR ( 'NONE', #4244, 1000.000000000000000 ) ;
#5579 = VECTOR ( 'NONE', #996, 1000.000000000000000 ) ;
#5580 = ORIENTED_EDGE ( 'NONE', *, *, #1182, .T. ) ;
#5581 = CARTESIAN_POINT ( 'NONE',  ( 0.000000000000000000, -250.8558558558557934, 450.0000000000000000 ) ) ;
#5582 = DIRECTION ( 'NONE',  ( 0.000000000000000000, -0.000000000000000000, -1.000000000000000000 ) ) ;
#5583 = AXIS2_PLACEMENT_3D ( 'NONE', #3671, #6367, #5814 ) ;
#5584 = VERTEX_POINT ( 'NONE', #4678 ) ;
#5585 = CARTESIAN_POINT ( 'NONE',  ( -1618.648648648647168, -1450.855855855854543, 51.00000000000000711 ) ) ;
#5586 = CARTESIAN_POINT ( 'NONE',  ( -467.4826492301951930, 2148.025372459793289, 51.00000000000000711 ) ) ;
#5587 = ORIENTED_EDGE ( 'NONE', *, *, #915, .F. ) ;
#5588 = DIRECTION ( 'NONE',  ( 1.850371707708594316E-16, -1.000000000000000000, 0.000000000000000000 ) ) ;
#5589 = CARTESIAN_POINT ( 'NONE',  ( -53.64864864864699001, -666.1949088771521019, 651.0000000000003411 ) ) ;
#5590 = CARTESIAN_POINT ( 'NONE',  ( -477.9485211280458543, -2638.672188960770200, 251.0000000000000000 ) ) ;
#5591 = CARTESIAN_POINT ( 'NONE',  ( 1140.752172914886160, 182.7057713251167570, 651.0000000000003411 ) ) ;
#5592 = EDGE_LOOP ( 'NONE', ( #3565, #3276, #4675, #1005, #6591, #3025, #2972, #6288, #5227, #1105 ) ) ;
#5593 = FACE_OUTER_BOUND ( 'NONE', #2054, .T. ) ;
#5594 = ORIENTED_EDGE ( 'NONE', *, *, #1613, .F. ) ;
#5595 = EDGE_CURVE ( 'NONE', #2489, #700, #1122, .T. ) ;
#5596 = CARTESIAN_POINT ( 'NONE',  ( 1186.351351351352832, -1905.855855855854770, 252.0000000000000000 ) ) ;
#5597 = EDGE_CURVE ( 'NONE', #3006, #4218, #601, .T. ) ;
#5598 = CARTESIAN_POINT ( 'NONE',  ( 0.000000000000000000, 0.000000000000000000, 652.0000000000003411 ) ) ;
#5599 = VECTOR ( 'NONE', #6103, 1000.000000000000000 ) ;
#5600 = CARTESIAN_POINT ( 'NONE',  ( -468.6486486486469971, 0.000000000000000000, 450.0000000000000000 ) ) ;
#5601 = ORIENTED_EDGE ( 'NONE', *, *, #6091, .F. ) ;
#5602 = CARTESIAN_POINT ( 'NONE',  ( 1156.351351351353287, 1724.144144144144548, 451.0000000000000000 ) ) ;
#5603 = CARTESIAN_POINT ( 'NONE',  ( 1506.351351351352832, -1875.855855855854770, 252.0000000000000000 ) ) ;
#5604 = EDGE_LOOP ( 'NONE', ( #4473, #3947, #2036, #5807 ) ) ;
#5605 = ORIENTED_EDGE ( 'NONE', *, *, #3457, .T. ) ;
#5606 = EDGE_CURVE ( 'NONE', #4288, #2930, #21, .T. ) ;
#5607 = CARTESIAN_POINT ( 'NONE',  ( 1186.351351351353287, 1694.144144144144548, 450.0000000000000000 ) ) ;
#5608 = ADVANCED_FACE ( 'NONE', ( #1708 ), #2168, .F. ) ;
#5609 = CARTESIAN_POINT ( 'NONE',  ( 1506.351351351352832, -2225.855855855854770, 252.0000000000000000 ) ) ;
#5610 = CARTESIAN_POINT ( 'NONE',  ( -893.6486486486470540, -2225.855855855854770, 252.0000000000000000 ) ) ;
#5611 = ORIENTED_EDGE ( 'NONE', *, *, #1313, .T. ) ;
#5612 = LINE ( 'NONE', #2011, #6547 ) ;
#5613 = DIRECTION ( 'NONE',  ( -0.000000000000000000, 1.000000000000000000, -0.000000000000000000 ) ) ;
#5614 = ORIENTED_EDGE ( 'NONE', *, *, #3985, .F. ) ;
#5615 = CARTESIAN_POINT ( 'NONE',  ( 306.3513513513530029, -1875.855855855854770, 451.0000000000000000 ) ) ;
#5616 = FACE_OUTER_BOUND ( 'NONE', #4658, .T. ) ;
#5617 = ORIENTED_EDGE ( 'NONE', *, *, #953, .T. ) ;
#5618 = DIRECTION ( 'NONE',  ( 1.000000000000000000, 0.000000000000000000, 0.000000000000000000 ) ) ;
#5619 = DIRECTION ( 'NONE',  ( 0.000000000000000000, 0.000000000000000000, 1.000000000000000000 ) ) ;
#5620 = FACE_OUTER_BOUND ( 'NONE', #959, .T. ) ;
#5621 = VERTEX_POINT ( 'NONE', #5328 ) ;
#5622 = DIRECTION ( 'NONE',  ( 1.914177628664061896E-16, -1.000000000000000000, 0.000000000000000000 ) ) ;
#5623 = ORIENTED_EDGE ( 'NONE', *, *, #5403, .F. ) ;
#5624 = CARTESIAN_POINT ( 'NONE',  ( -1667.844139922891600, 947.8925550118144656, 251.0000000000000000 ) ) ;
#5625 = EDGE_CURVE ( 'NONE', #1605, #6241, #2691, .T. ) ;
#5626 = CARTESIAN_POINT ( 'NONE',  ( 1931.351351351352832, -2650.855855855854770, 51.00000000000000711 ) ) ;
#5627 = CARTESIAN_POINT ( 'NONE',  ( -43.64864864864698291, -1875.855855855854770, 451.0000000000000000 ) ) ;
#5628 = VERTEX_POINT ( 'NONE', #3232 ) ;
#5629 = CARTESIAN_POINT ( 'NONE',  ( 1883.785313619750468, -4100.310651257746940, 50.00000000000000000 ) ) ;
#5630 = EDGE_CURVE ( 'NONE', #1174, #253, #5295, .T. ) ;
#5631 = ORIENTED_EDGE ( 'NONE', *, *, #1496, .F. ) ;
#5632 = ORIENTED_EDGE ( 'NONE', *, *, #6598, .F. ) ;
#5633 = VECTOR ( 'NONE', #3332, 1000.000000000000000 ) ;
#5634 = EDGE_CURVE ( 'NONE', #2582, #1521, #3162, .T. ) ;
#5635 = DIRECTION ( 'NONE',  ( -1.000000000000000000, -0.000000000000000000, -0.000000000000000000 ) ) ;
#5636 = LINE ( 'NONE', #4845, #6337 ) ;
#5637 = DIRECTION ( 'NONE',  ( -0.000000000000000000, 0.000000000000000000, 1.000000000000000000 ) ) ;
#5638 = EDGE_CURVE ( 'NONE', #5811, #1597, #565, .T. ) ;
#5639 = EDGE_CURVE ( 'NONE', #1845, #6112, #628, .T. ) ;
#5640 = PLANE ( 'NONE',  #5660 ) ;
#5641 = DIRECTION ( 'NONE',  ( 0.000000000000000000, -0.000000000000000000, 1.000000000000000000 ) ) ;
#5642 = ORIENTED_EDGE ( 'NONE', *, *, #2241, .F. ) ;
#5643 = CARTESIAN_POINT ( 'NONE',  ( 1506.351351351352832, -675.8558558558547702, 450.0000000000000000 ) ) ;
#5644 = VERTEX_POINT ( 'NONE', #2758 ) ;
#5645 = CARTESIAN_POINT ( 'NONE',  ( 715.7521729148861596, -242.2942286748832430, 51.00000000000000711 ) ) ;
#5646 = CARTESIAN_POINT ( 'NONE',  ( 1506.351351351352832, -2225.855855855854770, 252.0000000000000000 ) ) ;
#5647 = ORIENTED_EDGE ( 'NONE', *, *, #4022, .F. ) ;
#5648 = DIRECTION ( 'NONE',  ( -1.000000000000000000, -0.000000000000000000, -0.000000000000000000 ) ) ;
#5649 = DIRECTION ( 'NONE',  ( -0.000000000000000000, -0.000000000000000000, -1.000000000000000000 ) ) ;
#5650 = CARTESIAN_POINT ( 'NONE',  ( -68.64864864864672711, 174.1441441441443487, 450.0000000000000000 ) ) ;
#5651 = EDGE_CURVE ( 'NONE', #5628, #4349, #80, .T. ) ;
#5652 = DIRECTION ( 'NONE',  ( -0.000000000000000000, -0.000000000000000000, -1.000000000000000000 ) ) ;
#5653 = CARTESIAN_POINT ( 'NONE',  ( -1661.268387826372191, -2638.672188960770200, 251.0000000000000000 ) ) ;
#5654 = VECTOR ( 'NONE', #2987, 1000.000000000000000 ) ;
#5655 = ORIENTED_EDGE ( 'NONE', *, *, #5767, .T. ) ;
#5656 = CARTESIAN_POINT ( 'NONE',  ( -2867.919202630825566, -2650.885740052331585, 50.00000000000000000 ) ) ;
#5657 = ORIENTED_EDGE ( 'NONE', *, *, #4273, .T. ) ;
#5658 = VECTOR ( 'NONE', #260, 1000.000000000000000 ) ;
#5659 = FACE_BOUND ( 'NONE', #4728, .T. ) ;
#5660 = AXIS2_PLACEMENT_3D ( 'NONE', #5030, #4483, #2419 ) ;
#5661 = EDGE_LOOP ( 'NONE', ( #3784, #313, #40, #1771 ) ) ;
#5662 = CARTESIAN_POINT ( 'NONE',  ( -467.4826492301951930, 2148.025372459793289, 251.0000000000000000 ) ) ;
#5663 = VERTEX_POINT ( 'NONE', #4779 ) ;
#5664 = ORIENTED_EDGE ( 'NONE', *, *, #2490, .T. ) ;
#5665 = PLANE ( 'NONE',  #5212 ) ;
#5666 = CARTESIAN_POINT ( 'NONE',  ( -1213.648648648647168, -705.8558558558547702, 450.0000000000000000 ) ) ;
#5667 = PLANE ( 'NONE',  #3361 ) ;
#5668 = VECTOR ( 'NONE', #1598, 1000.000000000000000 ) ;
#5669 = AXIS2_PLACEMENT_3D ( 'NONE', #5167, #6672, #4684 ) ;
#5670 = DIRECTION ( 'NONE',  ( -1.189524669241239608E-16, 1.000000000000000000, 0.000000000000000000 ) ) ;
#5671 = EDGE_CURVE ( 'NONE', #4612, #1433, #527, .T. ) ;
#5672 = AXIS2_PLACEMENT_3D ( 'NONE', #4826, #3819, #1640 ) ;
#5673 = ADVANCED_FACE ( 'NONE', ( #6255 ), #117, .T. ) ;
#5674 = VECTOR ( 'NONE', #3000, 1000.000000000000000 ) ;
#5675 = EDGE_CURVE ( 'NONE', #2387, #703, #1672, .T. ) ;
#5676 = VECTOR ( 'NONE', #4599, 1000.000000000000000 ) ;
#5677 = ORIENTED_EDGE ( 'NONE', *, *, #1063, .F. ) ;
#5678 = PLANE ( 'NONE',  #663 ) ;
#5679 = ORIENTED_EDGE ( 'NONE', *, *, #1904, .F. ) ;
#5680 = VECTOR ( 'NONE', #3799, 1000.000000000000000 ) ;
#5681 = DIRECTION ( 'NONE',  ( -0.000000000000000000, 0.000000000000000000, -1.000000000000000000 ) ) ;
#5682 = VECTOR ( 'NONE', #4784, 1000.000000000000000 ) ;
#5683 = VECTOR ( 'NONE', #1711, 1000.000000000000000 ) ;
#5684 = CARTESIAN_POINT ( 'NONE',  ( -23.64864864864699001, -986.1949088771519882, 652.0000000000003411 ) ) ;
#5685 = VERTEX_POINT ( 'NONE', #5455 ) ;
#5686 = DIRECTION ( 'NONE',  ( -0.000000000000000000, -0.000000000000000000, -1.000000000000000000 ) ) ;
#5687 = FACE_OUTER_BOUND ( 'NONE', #845, .T. ) ;
#5688 = EDGE_CURVE ( 'NONE', #3916, #383, #3900, .T. ) ;
#5689 = ORIENTED_EDGE ( 'NONE', *, *, #5304, .F. ) ;
#5690 = DIRECTION ( 'NONE',  ( 0.000000000000000000, -1.000000000000000000, 0.000000000000000000 ) ) ;
#5691 = DIRECTION ( 'NONE',  ( -0.000000000000000000, -0.000000000000000000, -1.000000000000000000 ) ) ;
#5692 = AXIS2_PLACEMENT_3D ( 'NONE', #1682, #5857, #611 ) ;
#5693 = VERTEX_POINT ( 'NONE', #6037 ) ;
#5694 = EDGE_LOOP ( 'NONE', ( #1930, #1809, #6137, #973 ) ) ;
#5695 = EDGE_CURVE ( 'NONE', #2086, #4466, #827, .T. ) ;
#5696 = DIRECTION ( 'NONE',  ( 1.000000000000000000, 0.000000000000000000, 0.000000000000000000 ) ) ;
#5697 = CARTESIAN_POINT ( 'NONE',  ( 1506.351351351352832, -1875.855855855854770, 251.0000000000000000 ) ) ;
#5698 = ORIENTED_EDGE ( 'NONE', *, *, #3178, .F. ) ;
#5699 = LINE ( 'NONE', #6147, #4171 ) ;
#5700 = ORIENTED_EDGE ( 'NONE', *, *, #17, .F. ) ;
#5701 = ORIENTED_EDGE ( 'NONE', *, *, #5515, .T. ) ;
#5702 = VECTOR ( 'NONE', #3302, 1000.000000000000000 ) ;
#5703 =( NAMED_UNIT ( * ) SI_UNIT ( $, .STERADIAN. ) SOLID_ANGLE_UNIT ( ) );
#5704 = CARTESIAN_POINT ( 'NONE',  ( 1156.351351351352832, -1875.855855855854770, 252.0000000000000000 ) ) ;
#5705 = VECTOR ( 'NONE', #4747, 1000.000000000000000 ) ;
#5706 = FACE_OUTER_BOUND ( 'NONE', #2481, .T. ) ;
#5707 = ORIENTED_EDGE ( 'NONE', *, *, #5254, .T. ) ;
#5708 = CARTESIAN_POINT ( 'NONE',  ( 1931.351351351352832, -250.8558558558547986, 450.0000000000000000 ) ) ;
#5709 = EDGE_CURVE ( 'NONE', #3806, #2127, #3933, .T. ) ;
#5710 = ORIENTED_EDGE ( 'NONE', *, *, #4963, .F. ) ;
#5711 = EDGE_CURVE ( 'NONE', #1776, #4095, #2472, .T. ) ;
#5712 = CARTESIAN_POINT ( 'NONE',  ( -1618.648648648647168, 949.1441441441450024, 51.00000000000000711 ) ) ;
#5713 = CARTESIAN_POINT ( 'NONE',  ( -2918.648648648646486, -4100.855855855854315, 50.00000000000000000 ) ) ;
#5714 = VERTEX_POINT ( 'NONE', #4406 ) ;
#5715 = CARTESIAN_POINT ( 'NONE',  ( -1618.648648648647168, -2600.855855855854770, 51.00000000000000711 ) ) ;
#5716 = CARTESIAN_POINT ( 'NONE',  ( 1170.752172914886160, 502.7057713251168707, 652.0000000000003411 ) ) ;
#5717 = CARTESIAN_POINT ( 'NONE',  ( -1243.648648648647168, 1372.892555011814466, 451.0000000000000000 ) ) ;
#5718 = CARTESIAN_POINT ( 'NONE',  ( 0.000000000000000000, 0.000000000000000000, 51.00000000000000711 ) ) ;
#5719 = EDGE_CURVE ( 'NONE', #4107, #1706, #5961, .T. ) ;
#5720 = ORIENTED_EDGE ( 'NONE', *, *, #1937, .T. ) ;
#5721 = EDGE_CURVE ( 'NONE', #3163, #4046, #6546, .T. ) ;
#5722 = VERTEX_POINT ( 'NONE', #2837 ) ;
#5723 = CARTESIAN_POINT ( 'NONE',  ( 1460.752172914886160, 502.7057713251168707, 652.0000000000003411 ) ) ;
#5724 = FACE_OUTER_BOUND ( 'NONE', #2673, .T. ) ;
#5725 = EDGE_CURVE ( 'NONE', #6030, #6187, #1405, .T. ) ;
#5726 = EDGE_LOOP ( 'NONE', ( #4586, #848, #4914, #5325 ) ) ;
#5727 = DIRECTION ( 'NONE',  ( -0.000000000000000000, -1.000000000000000000, -0.000000000000000000 ) ) ;
#5728 = EDGE_LOOP ( 'NONE', ( #3380, #1896, #6080, #3591 ) ) ;
#5729 = CARTESIAN_POINT ( 'NONE',  ( 3126.837698566487234, 3348.351809431109359, 50.00000000000000000 ) ) ;
#5730 = ORIENTED_EDGE ( 'NONE', *, *, #1407, .F. ) ;
#5731 = LINE ( 'NONE', #109, #5755 ) ;
#5732 = LINE ( 'NONE', #493, #4119 ) ;
#5733 = VECTOR ( 'NONE', #5972, 1000.000000000000000 ) ;
#5734 = LINE ( 'NONE', #47, #3283 ) ;
#5735 = VECTOR ( 'NONE', #3334, 1000.000000000000000 ) ;
#5736 = ORIENTED_EDGE ( 'NONE', *, *, #1901, .T. ) ;
#5737 = PLANE ( 'NONE',  #4579 ) ;
#5738 = CARTESIAN_POINT ( 'NONE',  ( 731.3513513513529460, 0.000000000000000000, 51.00000000000000711 ) ) ;
#5739 = ORIENTED_EDGE ( 'NONE', *, *, #2660, .F. ) ;
#5740 = UNCERTAINTY_MEASURE_WITH_UNIT (LENGTH_MEASURE( 1.000000000000000082E-05 ), #5334, 'distance_accuracy_value', 'NONE');
#5741 = CARTESIAN_POINT ( 'NONE',  ( -1618.648648648647168, 949.1441441441450024, 50.00000000000000000 ) ) ;
#5742 = CARTESIAN_POINT ( 'NONE',  ( 1476.351351351352832, -705.8558558558547702, 451.0000000000000000 ) ) ;
#5743 = ORIENTED_EDGE ( 'NONE', *, *, #4351, .T. ) ;
#5744 = CARTESIAN_POINT ( 'NONE',  ( 306.3513513513530029, -1875.855855855854770, 451.0000000000000000 ) ) ;
#5745 = FACE_OUTER_BOUND ( 'NONE', #4243, .T. ) ;
#5746 = ADVANCED_FACE ( 'NONE', ( #373 ), #5994, .F. ) ;
#5747 = CARTESIAN_POINT ( 'NONE',  ( -1213.648648648647168, -705.8558558558547702, 451.0000000000000000 ) ) ;
#5748 = CARTESIAN_POINT ( 'NONE',  ( 3176.837698566487234, 3348.351809431109359, 50.00000000000000000 ) ) ;
#5749 = LINE ( 'NONE', #3208, #2005 ) ;
#5750 = FACE_OUTER_BOUND ( 'NONE', #977, .T. ) ;
#5751 = ORIENTED_EDGE ( 'NONE', *, *, #5757, .T. ) ;
#5752 = ORIENTED_EDGE ( 'NONE', *, *, #6442, .T. ) ;
#5753 = DIRECTION ( 'NONE',  ( 0.000000000000000000, -0.000000000000000000, -1.000000000000000000 ) ) ;
#5754 = EDGE_CURVE ( 'NONE', #2504, #4679, #3425, .T. ) ;
#5755 = VECTOR ( 'NONE', #1558, 1000.000000000000000 ) ;
#5756 = EDGE_CURVE ( 'NONE', #6112, #6497, #4969, .T. ) ;
#5757 = EDGE_CURVE ( 'NONE', #2469, #253, #6616, .T. ) ;
#5758 = CARTESIAN_POINT ( 'NONE',  ( -463.2964566313568753, -261.9442023300435949, 51.00000000000000711 ) ) ;
#5759 = CARTESIAN_POINT ( 'NONE',  ( -893.6486486486471676, 1722.892555011814466, 451.0000000000000000 ) ) ;
#5760 = CARTESIAN_POINT ( 'NONE',  ( 1490.752172914886160, 182.7057713251167570, 651.0000000000003411 ) ) ;
#5761 = VERTEX_POINT ( 'NONE', #6480 ) ;
#5762 = CARTESIAN_POINT ( 'NONE',  ( -23.64864864864699001, -696.1949088771522156, 652.0000000000003411 ) ) ;
#5763 = VECTOR ( 'NONE', #1979, 1000.000000000000000 ) ;
#5764 = ORIENTED_EDGE ( 'NONE', *, *, #6122, .F. ) ;
#5765 = EDGE_CURVE ( 'NONE', #2203, #2086, #1889, .T. ) ;
#5766 = EDGE_CURVE ( 'NONE', #2156, #1174, #3458, .T. ) ;
#5767 = EDGE_CURVE ( 'NONE', #2056, #1789, #1852, .T. ) ;
#5768 = EDGE_LOOP ( 'NONE', ( #4860, #1905, #1351, #297 ) ) ;
#5769 = PLANE ( 'NONE',  #4752 ) ;
#5770 = CARTESIAN_POINT ( 'NONE',  ( -13.64864864864699356, -1905.855855855854770, 450.0000000000000000 ) ) ;
#5771 = CARTESIAN_POINT ( 'NONE',  ( 1170.752172914886160, 502.7057713251168707, 652.0000000000003411 ) ) ;
#5772 = ADVANCED_FACE ( 'NONE', ( #6099 ), #3135, .F. ) ;
#5773 = EDGE_LOOP ( 'NONE', ( #1744, #2476, #1873, #686 ) ) ;
#5774 = DIRECTION ( 'NONE',  ( 1.000000000000000000, 0.000000000000000000, 0.000000000000000000 ) ) ;
#5775 = ORIENTED_EDGE ( 'NONE', *, *, #6358, .T. ) ;
#5776 = DIRECTION ( 'NONE',  ( -0.000000000000000000, -0.000000000000000000, -1.000000000000000000 ) ) ;
#5777 = LINE ( 'NONE', #740, #4913 ) ;
#5778 = CARTESIAN_POINT ( 'NONE',  ( -1668.653815138663958, 2149.178435024714418, 50.00000000000000000 ) ) ;
#5779 = ORIENTED_EDGE ( 'NONE', *, *, #5538, .T. ) ;
#5780 = VECTOR ( 'NONE', #1944, 1000.000000000000000 ) ;
#5781 = DIRECTION ( 'NONE',  ( -1.000000000000000000, -1.376309534659284821E-16, 0.000000000000000000 ) ) ;
#5782 = AXIS2_PLACEMENT_3D ( 'NONE', #5176, #1041, #2603 ) ;
#5783 = FACE_OUTER_BOUND ( 'NONE', #4083, .T. ) ;
#5784 = VECTOR ( 'NONE', #2152, 1000.000000000000000 ) ;
#5785 = CARTESIAN_POINT ( 'NONE',  ( 1931.351351351352832, -2650.855855855854770, 51.00000000000000711 ) ) ;
#5786 = FACE_OUTER_BOUND ( 'NONE', #4000, .T. ) ;
#5787 = CARTESIAN_POINT ( 'NONE',  ( 1928.964900017874243, -1452.608405685351499, 51.00000000000000711 ) ) ;
#5788 = LINE ( 'NONE', #5385, #1330 ) ;
#5789 = VECTOR ( 'NONE', #5951, 1000.000000000000000 ) ;
#5790 = AXIS2_PLACEMENT_3D ( 'NONE', #4938, #5420, #1850 ) ;
#5791 = ORIENTED_EDGE ( 'NONE', *, *, #2189, .F. ) ;
#5792 = AXIS2_PLACEMENT_3D ( 'NONE', #4937, #272, #3797 ) ;
#5793 = EDGE_LOOP ( 'NONE', ( #4869, #3337, #4140, #4410 ) ) ;
#5794 = LINE ( 'NONE', #5241, #478 ) ;
#5795 = VECTOR ( 'NONE', #1656, 1000.000000000000000 ) ;
#5796 = AXIS2_PLACEMENT_3D ( 'NONE', #3496, #1381, #4507 ) ;
#5797 = PLANE ( 'NONE',  #4280 ) ;
#5798 = ADVANCED_FACE ( 'NONE', ( #3109 ), #5171, .F. ) ;
#5799 = CARTESIAN_POINT ( 'NONE',  ( -463.2964566313568753, -1441.194908877152102, 651.0000000000003411 ) ) ;
#5800 = ORIENTED_EDGE ( 'NONE', *, *, #3645, .T. ) ;
#5801 = VERTEX_POINT ( 'NONE', #5200 ) ;
#5802 = EDGE_CURVE ( 'NONE', #5316, #1627, #534, .T. ) ;
#5803 = CARTESIAN_POINT ( 'NONE',  ( 281.3513513513531734, 524.1441441441443203, 451.0000000000000000 ) ) ;
#5804 = CARTESIAN_POINT ( 'NONE',  ( -467.4826492301951930, 949.7722133673792086, 51.00000000000000711 ) ) ;
#5805 = PLANE ( 'NONE',  #2439 ) ;
#5806 = EDGE_CURVE ( 'NONE', #1932, #5685, #6647, .T. ) ;
#5807 = ORIENTED_EDGE ( 'NONE', *, *, #1578, .T. ) ;
#5808 = LINE ( 'NONE', #4776, #1942 ) ;
#5809 = ADVANCED_FACE ( 'NONE', ( #4657, #4199 ), #2531, .F. ) ;
#5810 = DIRECTION ( 'NONE',  ( 0.000000000000000000, -1.000000000000000000, 0.000000000000000000 ) ) ;
#5811 = VERTEX_POINT ( 'NONE', #1984 ) ;
#5812 = ADVANCED_FACE ( 'NONE', ( #968, #1476 ), #2084, .T. ) ;
#5813 = AXIS2_PLACEMENT_3D ( 'NONE', #5070, #1503, #3582 ) ;
#5814 = DIRECTION ( 'NONE',  ( -1.000000000000000000, 0.000000000000000000, -0.000000000000000000 ) ) ;
#5815 = ORIENTED_EDGE ( 'NONE', *, *, #2374, .T. ) ;
#5816 = CARTESIAN_POINT ( 'NONE',  ( 1881.351351351352605, -250.8558558558546849, 50.00000000000000000 ) ) ;
#5817 = DIRECTION ( 'NONE',  ( 0.000000000000000000, 0.000000000000000000, 1.000000000000000000 ) ) ;
#5818 = DIRECTION ( 'NONE',  ( -0.000000000000000000, 0.000000000000000000, -1.000000000000000000 ) ) ;
#5819 = ORIENTED_EDGE ( 'NONE', *, *, #226, .T. ) ;
#5820 = LINE ( 'NONE', #6403, #3295 ) ;
#5821 = DIRECTION ( 'NONE',  ( -1.000000000000000000, 0.000000000000000000, 0.000000000000000000 ) ) ;
#5822 = CARTESIAN_POINT ( 'NONE',  ( 729.0204228011621126, 2148.025372459793289, 51.00000000000000711 ) ) ;
#5823 = PLANE ( 'NONE',  #6567 ) ;
#5824 = LINE ( 'NONE', #1198, #241 ) ;
#5825 = EDGE_LOOP ( 'NONE', ( #4577, #4399, #2779, #3868 ) ) ;
#5826 = ORIENTED_EDGE ( 'NONE', *, *, #1794, .T. ) ;
#5827 = CARTESIAN_POINT ( 'NONE',  ( 3181.351351351352150, 3349.144144144144775, 0.000000000000000000 ) ) ;
#5828 = ORIENTED_EDGE ( 'NONE', *, *, #5426, .F. ) ;
#5829 = CARTESIAN_POINT ( 'NONE',  ( -923.6486486486471676, 1692.892555011814238, 450.0000000000000000 ) ) ;
#5830 = DIRECTION ( 'NONE',  ( -0.000000000000000000, -0.000000000000000000, -1.000000000000000000 ) ) ;
#5831 = CARTESIAN_POINT ( 'NONE',  ( 0.000000000000000000, -250.8558558558557934, 50.00000000000000000 ) ) ;
#5832 = ORIENTED_EDGE ( 'NONE', *, *, #4150, .T. ) ;
#5833 = EDGE_LOOP ( 'NONE', ( #5952, #6408, #4628, #5890 ) ) ;
#5834 = LINE ( 'NONE', #5396, #2549 ) ;
#5835 = DIRECTION ( 'NONE',  ( 1.000000000000000000, 0.000000000000000000, 0.000000000000000000 ) ) ;
#5836 = ADVANCED_FACE ( 'NONE', ( #5620 ), #3655, .F. ) ;
#5837 = DIRECTION ( 'NONE',  ( 1.000000000000000000, 0.000000000000000000, -0.000000000000000000 ) ) ;
#5838 = VERTEX_POINT ( 'NONE', #3523 ) ;
#5839 = DIRECTION ( 'NONE',  ( 0.000000000000000000, -0.000000000000000000, -1.000000000000000000 ) ) ;
#5840 = CARTESIAN_POINT ( 'NONE',  ( -68.64864864864672711, 174.1441441441443487, 451.0000000000000000 ) ) ;
#5841 = EDGE_CURVE ( 'NONE', #3538, #4002, #2050, .T. ) ;
#5842 = ORIENTED_EDGE ( 'NONE', *, *, #945, .T. ) ;
#5843 = CARTESIAN_POINT ( 'NONE',  ( 1901.351351351352832, 3349.139388805734143, 50.00000000000000000 ) ) ;
#5844 = EDGE_CURVE ( 'NONE', #874, #4257, #936, .T. ) ;
#5845 = ADVANCED_FACE ( 'NONE', ( #2598 ), #3044, .F. ) ;
#5846 = LINE ( 'NONE', #769, #2560 ) ;
#5847 = DIRECTION ( 'NONE',  ( -0.000000000000000000, 1.000000000000000000, -0.000000000000000000 ) ) ;
#5848 = VERTEX_POINT ( 'NONE', #5073 ) ;
#5849 = CARTESIAN_POINT ( 'NONE',  ( 0.000000000000000000, 2149.144144144145230, 450.0000000000000000 ) ) ;
#5850 = DIRECTION ( 'NONE',  ( 1.850371707708593823E-16, -1.000000000000000000, 0.000000000000000000 ) ) ;
#5851 = FACE_OUTER_BOUND ( 'NONE', #200, .T. ) ;
#5852 = ORIENTED_EDGE ( 'NONE', *, *, #92, .F. ) ;
#5853 = VECTOR ( 'NONE', #2749, 1000.000000000000000 ) ;
#5854 = DIRECTION ( 'NONE',  ( 1.256179068810792237E-16, -1.000000000000000000, 0.000000000000000000 ) ) ;
#5855 = EDGE_LOOP ( 'NONE', ( #702, #380, #6421, #6608 ) ) ;
#5856 = DIRECTION ( 'NONE',  ( 1.000000000000000000, -0.000000000000000000, -0.000000000000000000 ) ) ;
#5857 = DIRECTION ( 'NONE',  ( 0.000000000000000000, 1.000000000000000000, 0.000000000000000000 ) ) ;
#5858 = EDGE_CURVE ( 'NONE', #3081, #5918, #400, .T. ) ;
#5859 = DIRECTION ( 'NONE',  ( 0.000000000000000000, -1.000000000000000000, 0.000000000000000000 ) ) ;
#5860 = VERTEX_POINT ( 'NONE', #4562 ) ;
#5861 = VERTEX_POINT ( 'NONE', #6675 ) ;
#5862 = LINE ( 'NONE', #4169, #934 ) ;
#5863 = ORIENTED_EDGE ( 'NONE', *, *, #1483, .T. ) ;
#5864 = EDGE_CURVE ( 'NONE', #3315, #4668, #6165, .T. ) ;
#5865 = CARTESIAN_POINT ( 'NONE',  ( 1931.351351351352832, 2149.144144144145230, 51.00000000000000711 ) ) ;
#5866 = LINE ( 'NONE', #4240, #4272 ) ;
#5867 = VERTEX_POINT ( 'NONE', #1001 ) ;
#5868 = DIRECTION ( 'NONE',  ( -0.000000000000000000, 0.000000000000000000, -1.000000000000000000 ) ) ;
#5869 = ORIENTED_EDGE ( 'NONE', *, *, #4469, .F. ) ;
#5870 = LINE ( 'NONE', #5804, #536 ) ;
#5871 = VECTOR ( 'NONE', #5635, 1000.000000000000000 ) ;
#5872 = CARTESIAN_POINT ( 'NONE',  ( 701.0708180236888438, -1441.194908877152102, 651.0000000000003411 ) ) ;
#5873 = ORIENTED_EDGE ( 'NONE', *, *, #2941, .T. ) ;
#5874 = LINE ( 'NONE', #113, #2053 ) ;
#5875 = EDGE_LOOP ( 'NONE', ( #6411, #2817, #4573, #4902 ) ) ;
#5876 = CARTESIAN_POINT ( 'NONE',  ( 731.3513513513531734, 949.1441441441445477, 50.00000000000000000 ) ) ;
#5877 = AXIS2_PLACEMENT_3D ( 'NONE', #2429, #201, #2293 ) ;
#5878 = ADVANCED_BREP_SHAPE_REPRESENTATION ( 'mehuia forest', ( #1938, #1774, #2198 ), #3636 ) ;
#5879 = VERTEX_POINT ( 'NONE', #5140 ) ;
#5880 = EDGE_CURVE ( 'NONE', #5163, #2915, #470, .T. ) ;
#5881 = EDGE_LOOP ( 'NONE', ( #6326, #4156, #869, #4733 ) ) ;
#5882 = CARTESIAN_POINT ( 'NONE',  ( -463.2964566313568753, -1441.194908877152102, 651.0000000000003411 ) ) ;
#5883 = PLANE ( 'NONE',  #913 ) ;
#5884 = EDGE_LOOP ( 'NONE', ( #4277, #4320, #3634, #6740 ) ) ;
#5885 = EDGE_CURVE ( 'NONE', #1542, #2203, #1540, .T. ) ;
#5886 = DIRECTION ( 'NONE',  ( 1.000000000000000000, 9.251858538542972814E-17, -0.000000000000000000 ) ) ;
#5887 = CARTESIAN_POINT ( 'NONE',  ( 1931.351351351352832, 2149.144144144145230, 51.00000000000000711 ) ) ;
#5888 = DIRECTION ( 'NONE',  ( -1.000000000000000000, -0.000000000000000000, -0.000000000000000000 ) ) ;
#5889 = DIRECTION ( 'NONE',  ( -1.000000000000000000, 0.000000000000000000, 0.000000000000000000 ) ) ;
#5890 = ORIENTED_EDGE ( 'NONE', *, *, #4903, .T. ) ;
#5891 = EDGE_CURVE ( 'NONE', #5801, #2156, #1036, .T. ) ;
#5892 = VERTEX_POINT ( 'NONE', #6375 ) ;
#5893 = VECTOR ( 'NONE', #266, 1000.000000000000000 ) ;
#5894 = CARTESIAN_POINT ( 'NONE',  ( 1460.752172914886160, 502.7057713251168707, 652.0000000000003411 ) ) ;
#5895 = VECTOR ( 'NONE', #5613, 1000.000000000000000 ) ;
#5896 = CARTESIAN_POINT ( 'NONE',  ( 1186.351351351352832, -1905.855855855854770, 252.0000000000000000 ) ) ;
#5897 = ORIENTED_EDGE ( 'NONE', *, *, #5973, .F. ) ;
#5898 = EDGE_CURVE ( 'NONE', #5545, #1055, #4827, .T. ) ;
#5899 = CARTESIAN_POINT ( 'NONE',  ( -43.64864864864698291, -1875.855855855854770, 451.0000000000000000 ) ) ;
#5900 = VECTOR ( 'NONE', #6331, 1000.000000000000000 ) ;
#5901 = VECTOR ( 'NONE', #468, 1000.000000000000000 ) ;
#5902 = VECTOR ( 'NONE', #4033, 1000.000000000000000 ) ;
#5903 = DIRECTION ( 'NONE',  ( -0.000000000000000000, -0.000000000000000000, -1.000000000000000000 ) ) ;
#5904 = ADVANCED_FACE ( 'NONE', ( #1231 ), #2256, .F. ) ;
#5905 = ORIENTED_EDGE ( 'NONE', *, *, #6175, .T. ) ;
#5906 = ORIENTED_EDGE ( 'NONE', *, *, #2608, .T. ) ;
#5907 = AXIS2_PLACEMENT_3D ( 'NONE', #6655, #6278, #978 ) ;
#5908 = VECTOR ( 'NONE', #3650, 1000.000000000000000 ) ;
#5909 = LINE ( 'NONE', #2196, #5578 ) ;
#5910 = CARTESIAN_POINT ( 'NONE',  ( -2918.648648648647395, 3349.144144144144775, 50.00000000000000000 ) ) ;
#5911 = PLANE ( 'NONE',  #3299 ) ;
#5912 = VECTOR ( 'NONE', #61, 1000.000000000000000 ) ;
#5913 = EDGE_LOOP ( 'NONE', ( #2674, #1252, #1353, #2137 ) ) ;
#5914 = DIRECTION ( 'NONE',  ( -0.000000000000000000, 0.000000000000000000, -1.000000000000000000 ) ) ;
#5915 = DIRECTION ( 'NONE',  ( 1.000000000000000000, -0.000000000000000000, 0.000000000000000000 ) ) ;
#5916 = EDGE_LOOP ( 'NONE', ( #6253, #3825, #349, #2295 ) ) ;
#5917 = CARTESIAN_POINT ( 'NONE',  ( 3176.837698566487234, 3348.351809431109359, 50.00000000000000000 ) ) ;
#5918 = VERTEX_POINT ( 'NONE', #3239 ) ;
#5919 = DIRECTION ( 'NONE',  ( -0.000000000000000000, -0.000000000000000000, -1.000000000000000000 ) ) ;
#5920 = EDGE_LOOP ( 'NONE', ( #4345, #6094, #6206, #5664 ) ) ;
#5921 = FACE_BOUND ( 'NONE', #190, .T. ) ;
#5922 = ORIENTED_EDGE ( 'NONE', *, *, #2288, .T. ) ;
#5923 = DIRECTION ( 'NONE',  ( -0.000000000000000000, 1.000000000000000000, -0.000000000000000000 ) ) ;
#5924 = PLANE ( 'NONE',  #1995 ) ;
#5925 = VECTOR ( 'NONE', #1445, 1000.000000000000000 ) ;
#5926 = CARTESIAN_POINT ( 'NONE',  ( 715.7521729148861596, 942.7075103593078893, 651.0000000000003411 ) ) ;
#5927 = EDGE_CURVE ( 'NONE', #3824, #4516, #2731, .T. ) ;
#5928 = VERTEX_POINT ( 'NONE', #5822 ) ;
#5929 = VERTEX_POINT ( 'NONE', #6297 ) ;
#5930 = DIRECTION ( 'NONE',  ( -1.000000000000000000, -0.000000000000000000, -0.000000000000000000 ) ) ;
#5931 = ORIENTED_EDGE ( 'NONE', *, *, #1978, .T. ) ;
#5932 = LINE ( 'NONE', #2369, #5130 ) ;
#5933 = EDGE_CURVE ( 'NONE', #6524, #2043, #675, .T. ) ;
#5934 = LINE ( 'NONE', #4899, #2321 ) ;
#5935 = EDGE_CURVE ( 'NONE', #1521, #4444, #3170, .T. ) ;
#5936 = FACE_OUTER_BOUND ( 'NONE', #5435, .T. ) ;
#5937 = ORIENTED_EDGE ( 'NONE', *, *, #4811, .T. ) ;
#5938 = EDGE_LOOP ( 'NONE', ( #617, #2898, #2132, #2666 ) ) ;
#5939 = FILL_AREA_STYLE_COLOUR ( '', #3597 ) ;
#5940 = EDGE_CURVE ( 'NONE', #3776, #4930, #4332, .T. ) ;
#5941 = FACE_OUTER_BOUND ( 'NONE', #3990, .T. ) ;
#5942 = VERTEX_POINT ( 'NONE', #5384 ) ;
#5943 = FACE_OUTER_BOUND ( 'NONE', #3663, .T. ) ;
#5944 = VERTEX_POINT ( 'NONE', #1162 ) ;
#5945 = LINE ( 'NONE', #3369, #4486 ) ;
#5946 = CARTESIAN_POINT ( 'NONE',  ( -2918.648648648646486, -4100.855855855854315, 0.000000000000000000 ) ) ;
#5947 = ORIENTED_EDGE ( 'NONE', *, *, #2809, .T. ) ;
#5948 = LINE ( 'NONE', #3886, #5003 ) ;
#5949 = ORIENTED_EDGE ( 'NONE', *, *, #1975, .F. ) ;
#5950 = CARTESIAN_POINT ( 'NONE',  ( 1476.351351351353287, 1694.144144144144548, 451.0000000000000000 ) ) ;
#5951 = DIRECTION ( 'NONE',  ( 4.724353296277261913E-17, 1.000000000000000000, 0.000000000000000000 ) ) ;
#5952 = ORIENTED_EDGE ( 'NONE', *, *, #2535, .F. ) ;
#5953 = PLANE ( 'NONE',  #2197 ) ;
#5954 = ORIENTED_EDGE ( 'NONE', *, *, #3839, .F. ) ;
#5955 = CARTESIAN_POINT ( 'NONE',  ( 1883.785313619750468, -2650.960111606672399, 51.00000000000000711 ) ) ;
#5956 = VECTOR ( 'NONE', #2815, 1000.000000000000000 ) ;
#5957 = CARTESIAN_POINT ( 'NONE',  ( -1618.648648648647168, 2099.144144144145230, 51.00000000000000711 ) ) ;
#5958 = VERTEX_POINT ( 'NONE', #2767 ) ;
#5959 = PLANE ( 'NONE',  #3085 ) ;
#5960 = DIRECTION ( 'NONE',  ( 0.000000000000000000, 0.000000000000000000, 1.000000000000000000 ) ) ;
#5961 = LINE ( 'NONE', #1924, #3296 ) ;
#5962 = PLANE ( 'NONE',  #5524 ) ;
#5963 = LINE ( 'NONE', #5423, #3506 ) ;
#5964 = ORIENTED_EDGE ( 'NONE', *, *, #997, .F. ) ;
#5965 = EDGE_LOOP ( 'NONE', ( #6316, #4005, #3383, #1673 ) ) ;
#5966 = EDGE_CURVE ( 'NONE', #1597, #1760, #2798, .T. ) ;
#5967 = DIRECTION ( 'NONE',  ( 3.172065784643304472E-16, 1.000000000000000000, -0.000000000000000000 ) ) ;
#5968 = EDGE_CURVE ( 'NONE', #4932, #45, #2700, .T. ) ;
#5969 = EDGE_CURVE ( 'NONE', #5080, #1296, #6333, .T. ) ;
#5970 = CARTESIAN_POINT ( 'NONE',  ( 3176.837698566487234, 3348.351809431109359, 150.0000000000000284 ) ) ;
#5971 = VERTEX_POINT ( 'NONE', #2289 ) ;
#5972 = DIRECTION ( 'NONE',  ( -0.000000000000000000, -0.000000000000000000, -1.000000000000000000 ) ) ;
#5973 = EDGE_CURVE ( 'NONE', #4748, #5065, #4362, .T. ) ;
#5974 = VERTEX_POINT ( 'NONE', #1609 ) ;
#5975 = CARTESIAN_POINT ( 'NONE',  ( 1186.351351351352832, -705.8558558558547702, 450.0000000000000000 ) ) ;
#5976 = EDGE_CURVE ( 'NONE', #448, #3611, #3821, .T. ) ;
#5977 = AXIS2_PLACEMENT_3D ( 'NONE', #5287, #180, #2271 ) ;
#5978 = ORIENTED_EDGE ( 'NONE', *, *, #424, .F. ) ;
#5979 = DIRECTION ( 'NONE',  ( 1.000000000000000000, -0.000000000000000000, -0.000000000000000000 ) ) ;
#5980 = DIRECTION ( 'NONE',  ( -0.000000000000000000, -0.000000000000000000, -1.000000000000000000 ) ) ;
#5981 = DIRECTION ( 'NONE',  ( -0.000000000000000000, -0.000000000000000000, -1.000000000000000000 ) ) ;
#5982 = EDGE_LOOP ( 'NONE', ( #6558, #5842, #2195, #3834, #2976, #2591 ) ) ;
#5983 = DIRECTION ( 'NONE',  ( 0.000000000000000000, -1.000000000000000000, 0.000000000000000000 ) ) ;
#5984 = PLANE ( 'NONE',  #5459 ) ;
#5985 = ORIENTED_EDGE ( 'NONE', *, *, #6263, .T. ) ;
#5986 = CARTESIAN_POINT ( 'NONE',  ( -38.64864864864676974, 494.1441441441443203, 450.0000000000000000 ) ) ;
#5987 = ORIENTED_EDGE ( 'NONE', *, *, #2374, .F. ) ;
#5988 = DIRECTION ( 'NONE',  ( -0.000000000000000000, 0.000000000000000000, -1.000000000000000000 ) ) ;
#5989 = CARTESIAN_POINT ( 'NONE',  ( -467.4826492301951930, 2148.025372459793289, 251.0000000000000000 ) ) ;
#5990 = ORIENTED_EDGE ( 'NONE', *, *, #189, .F. ) ;
#5991 = LINE ( 'NONE', #2973, #3629 ) ;
#5992 = DIRECTION ( 'NONE',  ( -1.000000000000000000, -0.000000000000000000, -0.000000000000000000 ) ) ;
#5993 = PLANE ( 'NONE',  #2205 ) ;
#5994 = PLANE ( 'NONE',  #6443 ) ;
#5995 = DIRECTION ( 'NONE',  ( 0.000000000000000000, -1.000000000000000000, 0.000000000000000000 ) ) ;
#5996 = VECTOR ( 'NONE', #6537, 1000.000000000000000 ) ;
#5997 = ORIENTED_EDGE ( 'NONE', *, *, #1102, .T. ) ;
#5998 = ORIENTED_EDGE ( 'NONE', *, *, #2517, .F. ) ;
#5999 = PLANE ( 'NONE',  #3847 ) ;
#6000 = VECTOR ( 'NONE', #2499, 1000.000000000000000 ) ;
#6001 = AXIS2_PLACEMENT_3D ( 'NONE', #4408, #3036, #6638 ) ;
#6002 = VECTOR ( 'NONE', #329, 1000.000000000000000 ) ;
#6003 = ADVANCED_FACE ( 'NONE', ( #5786 ), #4261, .F. ) ;
#6004 = CARTESIAN_POINT ( 'NONE',  ( 1140.752172914886160, 532.7057713251168707, 652.0000000000003411 ) ) ;
#6005 = VERTEX_POINT ( 'NONE', #640 ) ;
#6006 = LINE ( 'NONE', #4980, #1511 ) ;
#6007 = CARTESIAN_POINT ( 'NONE',  ( -1661.268387826372191, -1459.372486768057570, 251.0000000000000000 ) ) ;
#6008 = VECTOR ( 'NONE', #861, 1000.000000000000000 ) ;
#6009 = EDGE_CURVE ( 'NONE', #360, #4451, #4756, .T. ) ;
#6010 = VECTOR ( 'NONE', #5649, 1000.000000000000000 ) ;
#6011 = FACE_OUTER_BOUND ( 'NONE', #1242, .T. ) ;
#6012 = VECTOR ( 'NONE', #658, 1000.000000000000000 ) ;
#6013 = VECTOR ( 'NONE', #5686, 1000.000000000000000 ) ;
#6014 = VERTEX_POINT ( 'NONE', #575 ) ;
#6015 = VECTOR ( 'NONE', #1096, 1000.000000000000000 ) ;
#6016 = AXIS2_PLACEMENT_3D ( 'NONE', #6653, #4078, #6144 ) ;
#6017 = EDGE_CURVE ( 'NONE', #4679, #5402, #2671, .T. ) ;
#6018 = ORIENTED_EDGE ( 'NONE', *, *, #758, .F. ) ;
#6019 = CARTESIAN_POINT ( 'NONE',  ( -1668.914624007974453, -2650.885740052331585, 50.00000000000000000 ) ) ;
#6020 = DIRECTION ( 'NONE',  ( 1.000000000000000000, 0.000000000000000000, -0.000000000000000000 ) ) ;
#6021 = EDGE_CURVE ( 'NONE', #1184, #4131, #3751, .T. ) ;
#6022 = LINE ( 'NONE', #4419, #1861 ) ;
#6023 = DIRECTION ( 'NONE',  ( -0.000000000000000000, -0.000000000000000000, -1.000000000000000000 ) ) ;
#6024 = ORIENTED_EDGE ( 'NONE', *, *, #1318, .T. ) ;
#6025 = DIRECTION ( 'NONE',  ( -1.192185798255202152E-16, 1.000000000000000000, 0.000000000000000000 ) ) ;
#6026 = CARTESIAN_POINT ( 'NONE',  ( 251.3513513513532303, 494.1441441441443203, 450.0000000000000000 ) ) ;
#6027 = EDGE_CURVE ( 'NONE', #2992, #3270, #5339, .T. ) ;
#6028 = ORIENTED_EDGE ( 'NONE', *, *, #3445, .T. ) ;
#6029 = CARTESIAN_POINT ( 'NONE',  ( 276.3513513513530029, -1905.855855855854770, 450.0000000000000000 ) ) ;
#6030 = VERTEX_POINT ( 'NONE', #2948 ) ;
#6031 = ORIENTED_EDGE ( 'NONE', *, *, #5695, .F. ) ;
#6032 = DIRECTION ( 'NONE',  ( 0.000000000000000000, -1.000000000000000000, 0.000000000000000000 ) ) ;
#6033 = FACE_OUTER_BOUND ( 'NONE', #1046, .T. ) ;
#6034 = ORIENTED_EDGE ( 'NONE', *, *, #6442, .F. ) ;
#6035 = DIRECTION ( 'NONE',  ( -1.000000000000000000, -7.930164461608261179E-17, 0.000000000000000000 ) ) ;
#6036 = CARTESIAN_POINT ( 'NONE',  ( -468.6486486486469971, -2650.855855855854770, 50.99999999999999289 ) ) ;
#6037 = CARTESIAN_POINT ( 'NONE',  ( 1476.351351351352832, -2195.855855855854770, 251.0000000000000000 ) ) ;
#6038 = CARTESIAN_POINT ( 'NONE',  ( 1186.351351351352832, -995.8558558558545428, 451.0000000000000000 ) ) ;
#6039 = ORIENTED_EDGE ( 'NONE', *, *, #3476, .F. ) ;
#6040 = VECTOR ( 'NONE', #2593, 1000.000000000000000 ) ;
#6041 = ORIENTED_EDGE ( 'NONE', *, *, #4972, .F. ) ;
#6042 = EDGE_CURVE ( 'NONE', #5330, #3006, #6621, .T. ) ;
#6043 = DIRECTION ( 'NONE',  ( -1.000000000000000000, -9.251858538542971581E-17, 0.000000000000000000 ) ) ;
#6044 = DIRECTION ( 'NONE',  ( 1.000000000000000000, 0.000000000000000000, 0.000000000000000000 ) ) ;
#6045 = ORIENTED_EDGE ( 'NONE', *, *, #1027, .T. ) ;
#6046 = LINE ( 'NONE', #4510, #852 ) ;
#6047 = PLANE ( 'NONE',  #2326 ) ;
#6048 = EDGE_LOOP ( 'NONE', ( #63, #2333, #1622, #4036 ) ) ;
#6049 = DIRECTION ( 'NONE',  ( -1.000000000000000000, 0.000000000000000000, 0.000000000000000000 ) ) ;
#6050 = ORIENTED_EDGE ( 'NONE', *, *, #1401, .F. ) ;
#6051 = VERTEX_POINT ( 'NONE', #1452 ) ;
#6052 = DIRECTION ( 'NONE',  ( 0.000000000000000000, -1.000000000000000000, 0.000000000000000000 ) ) ;
#6053 = FACE_OUTER_BOUND ( 'NONE', #5773, .T. ) ;
#6054 = DIRECTION ( 'NONE',  ( -1.000000000000000000, -0.000000000000000000, -0.000000000000000000 ) ) ;
#6055 = ADVANCED_FACE ( 'NONE', ( #5147, #5659 ), #3461, .T. ) ;
#6056 = CARTESIAN_POINT ( 'NONE',  ( 276.3513513513530597, -2195.855855855854770, 451.0000000000000000 ) ) ;
#6057 = DIRECTION ( 'NONE',  ( 0.000000000000000000, 1.000000000000000000, 0.000000000000000000 ) ) ;
#6058 = EDGE_CURVE ( 'NONE', #157, #4901, #407, .T. ) ;
#6059 = ADVANCED_FACE ( 'NONE', ( #4608 ), #3086, .T. ) ;
#6060 = VERTEX_POINT ( 'NONE', #482 ) ;
#6061 = FACE_OUTER_BOUND ( 'NONE', #1446, .T. ) ;
#6062 = ORIENTED_EDGE ( 'NONE', *, *, #4607, .T. ) ;
#6063 = FACE_OUTER_BOUND ( 'NONE', #794, .T. ) ;
#6064 = EDGE_CURVE ( 'NONE', #5929, #5525, #3975, .T. ) ;
#6065 = DIRECTION ( 'NONE',  ( -0.000000000000000000, -0.000000000000000000, -1.000000000000000000 ) ) ;
#6066 = ORIENTED_EDGE ( 'NONE', *, *, #1161, .F. ) ;
#6067 = CARTESIAN_POINT ( 'NONE',  ( 0.000000000000000000, -250.8558558558546849, 50.00000000000000000 ) ) ;
#6068 = CARTESIAN_POINT ( 'NONE',  ( -1242.844139922891600, 524.1441441441452298, 251.0000000000000000 ) ) ;
#6069 = CARTESIAN_POINT ( 'NONE',  ( 296.3513513513530029, -666.1949088771521019, 651.0000000000003411 ) ) ;
#6070 = DIRECTION ( 'NONE',  ( 1.000000000000000000, 0.000000000000000000, 0.000000000000000000 ) ) ;
#6071 = EDGE_LOOP ( 'NONE', ( #734, #2895, #6549, #1137 ) ) ;
#6072 = FACE_OUTER_BOUND ( 'NONE', #6500, .T. ) ;
#6073 = EDGE_LOOP ( 'NONE', ( #4966, #3488, #1793, #3560 ) ) ;
#6074 = VECTOR ( 'NONE', #2570, 1000.000000000000000 ) ;
#6075 = LINE ( 'NONE', #3939, #2109 ) ;
#6076 = CARTESIAN_POINT ( 'NONE',  ( 281.3513513513531734, 524.1441441441443203, 451.0000000000000000 ) ) ;
#6077 = ORIENTED_EDGE ( 'NONE', *, *, #5754, .T. ) ;
#6078 = DIRECTION ( 'NONE',  ( 0.000000000000000000, 0.000000000000000000, 1.000000000000000000 ) ) ;
#6079 = VERTEX_POINT ( 'NONE', #2576 ) ;
#6080 = ORIENTED_EDGE ( 'NONE', *, *, #6009, .T. ) ;
#6081 = ORIENTED_EDGE ( 'NONE', *, *, #2908, .T. ) ;
#6082 = PLANE ( 'NONE',  #6441 ) ;
#6083 = LINE ( 'NONE', #3575, #6536 ) ;
#6084 = VERTEX_POINT ( 'NONE', #1999 ) ;
#6085 = EDGE_CURVE ( 'NONE', #498, #310, #4077, .T. ) ;
#6086 = FACE_OUTER_BOUND ( 'NONE', #5694, .T. ) ;
#6087 = VECTOR ( 'NONE', #6250, 1000.000000000000000 ) ;
#6088 = CARTESIAN_POINT ( 'NONE',  ( 1881.351351351352605, -1450.855855855854543, 51.00000000000000711 ) ) ;
#6089 = DIRECTION ( 'NONE',  ( -1.000000000000000000, -0.000000000000000000, -0.000000000000000000 ) ) ;
#6090 = ORIENTED_EDGE ( 'NONE', *, *, #1272, .F. ) ;
#6091 = EDGE_CURVE ( 'NONE', #3764, #1932, #3561, .T. ) ;
#6092 = CARTESIAN_POINT ( 'NONE',  ( 1186.351351351353287, 1694.144144144144548, 451.0000000000000000 ) ) ;
#6093 = FACE_OUTER_BOUND ( 'NONE', #5375, .T. ) ;
#6094 = ORIENTED_EDGE ( 'NONE', *, *, #96, .F. ) ;
#6095 = PLANE ( 'NONE',  #6339 ) ;
#6096 = LINE ( 'NONE', #2528, #3084 ) ;
#6097 = CARTESIAN_POINT ( 'NONE',  ( -2918.648648648647395, 3349.144144144144775, 0.000000000000000000 ) ) ;
#6098 = VECTOR ( 'NONE', #3745, 1000.000000000000000 ) ;
#6099 = FACE_OUTER_BOUND ( 'NONE', #2663, .T. ) ;
#6100 = DIRECTION ( 'NONE',  ( 0.000000000000000000, -0.000000000000000000, -1.000000000000000000 ) ) ;
#6101 = CARTESIAN_POINT ( 'NONE',  ( -463.2964566313568753, -261.9442023300435949, 651.0000000000003411 ) ) ;
#6102 = ORIENTED_EDGE ( 'NONE', *, *, #6632, .F. ) ;
#6103 = DIRECTION ( 'NONE',  ( -0.000000000000000000, 1.000000000000000000, -0.000000000000000000 ) ) ;
#6104 = EDGE_CURVE ( 'NONE', #1653, #1386, #1380, .T. ) ;
#6105 = VERTEX_POINT ( 'NONE', #5244 ) ;
#6106 = EDGE_CURVE ( 'NONE', #6108, #3512, #1103, .T. ) ;
#6107 = DIRECTION ( 'NONE',  ( 0.000000000000000000, -0.000000000000000000, 1.000000000000000000 ) ) ;
#6108 = VERTEX_POINT ( 'NONE', #4175 ) ;
#6109 = CARTESIAN_POINT ( 'NONE',  ( -893.6486486486471676, 1722.892555011814466, 451.0000000000000000 ) ) ;
#6110 = CARTESIAN_POINT ( 'NONE',  ( 1156.351351351352832, -2225.855855855854770, 251.0000000000000000 ) ) ;
#6111 = VERTEX_POINT ( 'NONE', #1548 ) ;
#6112 = VERTEX_POINT ( 'NONE', #1071 ) ;
#6113 = VECTOR ( 'NONE', #3082, 1000.000000000000000 ) ;
#6114 = VECTOR ( 'NONE', #1716, 1000.000000000000000 ) ;
#6115 = EDGE_CURVE ( 'NONE', #2572, #1724, #3146, .T. ) ;
#6116 = AXIS2_PLACEMENT_3D ( 'NONE', #1797, #2873, #1888 ) ;
#6117 = VECTOR ( 'NONE', #3859, 1000.000000000000000 ) ;
#6118 = VECTOR ( 'NONE', #6191, 1000.000000000000000 ) ;
#6119 = CARTESIAN_POINT ( 'NONE',  ( 731.3513513513531734, 949.1441441441445477, 450.0000000000000000 ) ) ;
#6120 = CARTESIAN_POINT ( 'NONE',  ( -53.64864864864699001, -666.1949088771521019, 652.0000000000003411 ) ) ;
#6121 = VECTOR ( 'NONE', #1925, 1000.000000000000000 ) ;
#6122 = EDGE_CURVE ( 'NONE', #6105, #4506, #5177, .T. ) ;
#6123 = VERTEX_POINT ( 'NONE', #5208 ) ;
#6124 = CARTESIAN_POINT ( 'NONE',  ( -1668.648648648647168, -2650.855855855854770, 51.00000000000000711 ) ) ;
#6125 = CARTESIAN_POINT ( 'NONE',  ( 1156.351351351352832, -2225.855855855854770, 251.0000000000000000 ) ) ;
#6126 = VECTOR ( 'NONE', #676, 1000.000000000000000 ) ;
#6127 = AXIS2_PLACEMENT_3D ( 'NONE', #5151, #487, #2060 ) ;
#6128 = ORIENTED_EDGE ( 'NONE', *, *, #6115, .T. ) ;
#6129 = CARTESIAN_POINT ( 'NONE',  ( -1242.844139922891600, 174.1441441441452582, 251.0000000000000000 ) ) ;
#6130 = PRODUCT ( 'mehuia forest', 'mehuia forest', '', ( #4750 ) ) ;
#6131 = LINE ( 'NONE', #994, #4832 ) ;
#6132 = ORIENTED_EDGE ( 'NONE', *, *, #1368, .F. ) ;
#6133 = DIRECTION ( 'NONE',  ( 1.000000000000000000, 0.000000000000000000, -0.000000000000000000 ) ) ;
#6134 = DIRECTION ( 'NONE',  ( 0.000000000000000000, 1.000000000000000000, 0.000000000000000000 ) ) ;
#6135 = DIRECTION ( 'NONE',  ( -0.000000000000000000, -0.000000000000000000, -1.000000000000000000 ) ) ;
#6136 = EDGE_CURVE ( 'NONE', #1637, #2304, #1619, .T. ) ;
#6137 = ORIENTED_EDGE ( 'NONE', *, *, #4350, .F. ) ;
#6138 = CARTESIAN_POINT ( 'NONE',  ( -1212.844139922891600, 494.1441441441452298, 252.0000000000000000 ) ) ;
#6139 = ORIENTED_EDGE ( 'NONE', *, *, #1998, .T. ) ;
#6140 = EDGE_CURVE ( 'NONE', #3637, #5448, #6244, .T. ) ;
#6141 = LINE ( 'NONE', #2129, #1988 ) ;
#6142 = ADVANCED_FACE ( 'NONE', ( #2640 ), #2677, .F. ) ;
#6143 = VECTOR ( 'NONE', #6410, 1000.000000000000000 ) ;
#6144 = DIRECTION ( 'NONE',  ( 0.000000000000000000, -0.000000000000000000, -1.000000000000000000 ) ) ;
#6145 = ORIENTED_EDGE ( 'NONE', *, *, #4070, .F. ) ;
#6146 = FACE_OUTER_BOUND ( 'NONE', #4495, .T. ) ;
#6147 = CARTESIAN_POINT ( 'NONE',  ( 1881.351351351352605, -2600.855855855854770, 51.00000000000000711 ) ) ;
#6148 = EDGE_LOOP ( 'NONE', ( #2530, #2193, #3249, #1734 ) ) ;
#6149 = EDGE_LOOP ( 'NONE', ( #4992, #4637, #2046, #3138 ) ) ;
#6150 = ADVANCED_FACE ( 'NONE', ( #3762 ), #39, .F. ) ;
#6151 = LINE ( 'NONE', #1493, #3958 ) ;
#6152 = LINE ( 'NONE', #5156, #1633 ) ;
#6153 = CARTESIAN_POINT ( 'NONE',  ( 732.4691333359016880, -1452.608405685351499, 51.00000000000000711 ) ) ;
#6154 = DIRECTION ( 'NONE',  ( -0.000000000000000000, 1.000000000000000000, -0.000000000000000000 ) ) ;
#6155 = VERTEX_POINT ( 'NONE', #5759 ) ;
#6156 = FACE_OUTER_BOUND ( 'NONE', #3530, .T. ) ;
#6157 = ORIENTED_EDGE ( 'NONE', *, *, #1951, .F. ) ;
#6158 = FACE_OUTER_BOUND ( 'NONE', #5134, .T. ) ;
#6159 = DIRECTION ( 'NONE',  ( 0.000000000000000000, 0.000000000000000000, -1.000000000000000000 ) ) ;
#6160 = VERTEX_POINT ( 'NONE', #3177 ) ;
#6161 = DIRECTION ( 'NONE',  ( 0.000000000000000000, -0.000000000000000000, 1.000000000000000000 ) ) ;
#6162 = LINE ( 'NONE', #5716, #5467 ) ;
#6163 = FACE_OUTER_BOUND ( 'NONE', #882, .T. ) ;
#6164 = ORIENTED_EDGE ( 'NONE', *, *, #1408, .T. ) ;
#6165 = LINE ( 'NONE', #3587, #1784 ) ;
#6166 = VERTEX_POINT ( 'NONE', #4731 ) ;
#6167 = DIRECTION ( 'NONE',  ( 0.000000000000000000, -1.000000000000000000, 0.000000000000000000 ) ) ;
#6168 = EDGE_LOOP ( 'NONE', ( #4982, #2016, #4762, #321 ) ) ;
#6169 = DIRECTION ( 'NONE',  ( -1.000000000000000000, -0.000000000000000000, -0.000000000000000000 ) ) ;
#6170 = DIRECTION ( 'NONE',  ( -0.000000000000000000, -0.000000000000000000, -1.000000000000000000 ) ) ;
#6171 = EDGE_CURVE ( 'NONE', #2602, #1414, #3216, .T. ) ;
#6172 = ORIENTED_EDGE ( 'NONE', *, *, #5504, .F. ) ;
#6173 = PLANE ( 'NONE',  #248 ) ;
#6174 = ORIENTED_EDGE ( 'NONE', *, *, #5086, .T. ) ;
#6175 = EDGE_CURVE ( 'NONE', #3316, #2298, #3725, .T. ) ;
#6176 = VERTEX_POINT ( 'NONE', #4635 ) ;
#6177 = EDGE_CURVE ( 'NONE', #2538, #35, #6712, .T. ) ;
#6178 = LINE ( 'NONE', #7, #6303 ) ;
#6179 = PRODUCT_DEFINITION_SHAPE ( 'NONE', 'NONE',  #2820 ) ;
#6180 = CARTESIAN_POINT ( 'NONE',  ( -1243.648648648647168, -2225.855855855854770, 251.0000000000000000 ) ) ;
#6181 = EDGE_CURVE ( 'NONE', #1329, #1916, #3282, .T. ) ;
#6182 = CARTESIAN_POINT ( 'NONE',  ( -1242.844139922891600, 174.1441441441452582, 252.0000000000000000 ) ) ;
#6183 = DIRECTION ( 'NONE',  ( 1.000000000000000000, 0.000000000000000000, 0.000000000000000000 ) ) ;
#6184 = ORIENTED_EDGE ( 'NONE', *, *, #2110, .T. ) ;
#6185 = EDGE_CURVE ( 'NONE', #4604, #1168, #6151, .T. ) ;
#6186 = DIRECTION ( 'NONE',  ( -1.000000000000000000, -0.000000000000000000, -0.000000000000000000 ) ) ;
#6187 = VERTEX_POINT ( 'NONE', #6038 ) ;
#6188 = DIRECTION ( 'NONE',  ( 0.000000000000000000, -1.000000000000000000, 0.000000000000000000 ) ) ;
#6189 = CARTESIAN_POINT ( 'NONE',  ( -38.64864864864676974, 204.1441441441443487, 451.0000000000000000 ) ) ;
#6190 = EDGE_LOOP ( 'NONE', ( #4893, #6249, #599, #4610, #3463, #4639, #5954, #1323, #3744, #514, #6627, #615, #3418, #3370, #2247, #3467 ) ) ;
#6191 = DIRECTION ( 'NONE',  ( 1.000000000000000000, 0.000000000000000000, 0.000000000000000000 ) ) ;
#6192 = CARTESIAN_POINT ( 'NONE',  ( 706.3513513513531734, 949.1441441441442066, 450.0000000000000000 ) ) ;
#6193 = CARTESIAN_POINT ( 'NONE',  ( 1170.752172914886160, 212.7057713251167570, 652.0000000000003411 ) ) ;
#6194 = DIRECTION ( 'NONE',  ( -1.000000000000000000, -0.000000000000000000, -0.000000000000000000 ) ) ;
#6195 = PLANE ( 'NONE',  #5141 ) ;
#6196 = MECHANICAL_DESIGN_GEOMETRIC_PRESENTATION_REPRESENTATION (  '', ( #5466 ), #3053 ) ;
#6197 = ORIENTED_EDGE ( 'NONE', *, *, #4714, .F. ) ;
#6198 = CARTESIAN_POINT ( 'NONE',  ( -1667.844139922891600, 947.8925550118144656, 251.0000000000000000 ) ) ;
#6199 = ORIENTED_EDGE ( 'NONE', *, *, #4370, .F. ) ;
#6200 = VECTOR ( 'NONE', #6698, 1000.000000000000000 ) ;
#6201 = LINE ( 'NONE', #5697, #1126 ) ;
#6202 = ORIENTED_EDGE ( 'NONE', *, *, #1827, .T. ) ;
#6203 = LINE ( 'NONE', #1865, #2337 ) ;
#6204 = CARTESIAN_POINT ( 'NONE',  ( -2867.919202630825566, -2620.885740052331585, 50.00000000000000000 ) ) ;
#6205 = ORIENTED_EDGE ( 'NONE', *, *, #690, .T. ) ;
#6206 = ORIENTED_EDGE ( 'NONE', *, *, #1195, .F. ) ;
#6207 = VECTOR ( 'NONE', #1666, 1000.000000000000000 ) ;
#6208 = ADVANCED_FACE ( 'NONE', ( #859 ), #2940, .F. ) ;
#6209 = DIRECTION ( 'NONE',  ( 0.000000000000000000, 1.000000000000000000, 0.000000000000000000 ) ) ;
#6210 = VECTOR ( 'NONE', #1233, 1000.000000000000000 ) ;
#6211 = VECTOR ( 'NONE', #1728, 1000.000000000000000 ) ;
#6212 = CARTESIAN_POINT ( 'NONE',  ( -43.64864864864695448, -2225.855855855854770, 451.0000000000000000 ) ) ;
#6213 = EDGE_CURVE ( 'NONE', #2886, #5892, #5934, .T. ) ;
#6214 = DIRECTION ( 'NONE',  ( -0.000000000000000000, -0.000000000000000000, -1.000000000000000000 ) ) ;
#6215 = AXIS2_PLACEMENT_3D ( 'NONE', #4422, #3413, #1295 ) ;
#6216 = AXIS2_PLACEMENT_3D ( 'NONE', #370, #2471, #5960 ) ;
#6217 = VECTOR ( 'NONE', #4688, 1000.000000000000000 ) ;
#6219 = ORIENTED_EDGE ( 'NONE', *, *, #1496, .T. ) ;
#6218 = VECTOR ( 'NONE', #1291, 1000.000000000000000 ) ;
#6220 = EDGE_CURVE ( 'NONE', #662, #3764, #1746, .T. ) ;
#6221 = FACE_OUTER_BOUND ( 'NONE', #5881, .T. ) ;
#6222 = DIRECTION ( 'NONE',  ( -1.000000000000000000, 4.724353296277261913E-17, 0.000000000000000000 ) ) ;
#6223 = ORIENTED_EDGE ( 'NONE', *, *, #3111, .F. ) ;
#6224 = CARTESIAN_POINT ( 'NONE',  ( -1243.648648648647168, -2225.855855855854770, 252.0000000000000000 ) ) ;
#6225 = VECTOR ( 'NONE', #5436, 1000.000000000000000 ) ;
#6226 = AXIS2_PLACEMENT_3D ( 'NONE', #2747, #5837, #4873 ) ;
#6227 = AXIS2_PLACEMENT_3D ( 'NONE', #4206, #6275, #4275 ) ;
#6228 = FACE_OUTER_BOUND ( 'NONE', #4011, .T. ) ;
#6229 = ORIENTED_EDGE ( 'NONE', *, *, #6397, .T. ) ;
#6230 = LINE ( 'NONE', #2625, #5472 ) ;
#6231 = ADVANCED_FACE ( 'NONE', ( #2726 ), #1260, .F. ) ;
#6232 = EDGE_CURVE ( 'NONE', #5571, #4002, #1127, .T. ) ;
#6233 = DIRECTION ( 'NONE',  ( 1.000000000000000000, -0.000000000000000000, -0.000000000000000000 ) ) ;
#6234 = LINE ( 'NONE', #935, #3076 ) ;
#6235 = DIRECTION ( 'NONE',  ( 0.000000000000000000, 0.000000000000000000, 1.000000000000000000 ) ) ;
#6236 = LINE ( 'NONE', #2630, #3193 ) ;
#6237 = CARTESIAN_POINT ( 'NONE',  ( -1213.648648648647168, -705.8558558558547702, 451.0000000000000000 ) ) ;
#6238 = VECTOR ( 'NONE', #2712, 1000.000000000000000 ) ;
#6239 = VECTOR ( 'NONE', #5781, 1000.000000000000000 ) ;
#6240 = ORIENTED_EDGE ( 'NONE', *, *, #1781, .T. ) ;
#6241 = VERTEX_POINT ( 'NONE', #120 ) ;
#6242 = DIRECTION ( 'NONE',  ( 0.000000000000000000, -1.000000000000000000, 0.000000000000000000 ) ) ;
#6243 = LINE ( 'NONE', #4632, #2851 ) ;
#6244 = LINE ( 'NONE', #543, #783 ) ;
#6245 = CARTESIAN_POINT ( 'NONE',  ( 1931.351351351352832, 2149.144144144145230, 51.00000000000000711 ) ) ;
#6246 = PLANE ( 'NONE',  #554 ) ;
#6247 = ORIENTED_EDGE ( 'NONE', *, *, #3815, .F. ) ;
#6248 = DIRECTION ( 'NONE',  ( 0.000000000000000000, -1.000000000000000000, 0.000000000000000000 ) ) ;
#6249 = ORIENTED_EDGE ( 'NONE', *, *, #5348, .F. ) ;
#6250 = DIRECTION ( 'NONE',  ( 1.000000000000000000, 0.000000000000000000, 0.000000000000000000 ) ) ;
#6251 = DIRECTION ( 'NONE',  ( -1.000000000000000000, 0.000000000000000000, 0.000000000000000000 ) ) ;
#6252 = LINE ( 'NONE', #524, #2636 ) ;
#6253 = ORIENTED_EDGE ( 'NONE', *, *, #1240, .T. ) ;
#6254 = LINE ( 'NONE', #3035, #4683 ) ;
#6255 = FACE_OUTER_BOUND ( 'NONE', #3189, .T. ) ;
#6256 = EDGE_CURVE ( 'NONE', #3637, #4604, #2823, .T. ) ;
#6257 = VERTEX_POINT ( 'NONE', #6324 ) ;
#6258 = LINE ( 'NONE', #4719, #991 ) ;
#6259 = DIRECTION ( 'NONE',  ( 1.456030196229713880E-16, 1.000000000000000000, -0.000000000000000000 ) ) ;
#6260 = ORIENTED_EDGE ( 'NONE', *, *, #4522, .F. ) ;
#6261 = EDGE_CURVE ( 'NONE', #6382, #4392, #5777, .T. ) ;
#6262 = CARTESIAN_POINT ( 'NONE',  ( -923.6486486486471676, -995.8558558558545428, 451.0000000000000000 ) ) ;
#6263 = EDGE_CURVE ( 'NONE', #5974, #5473, #3339, .T. ) ;
#6264 = PLANE ( 'NONE',  #4691 ) ;
#6265 = CARTESIAN_POINT ( 'NONE',  ( 1170.752172914886160, 502.7057713251168707, 651.0000000000003411 ) ) ;
#6266 = DIRECTION ( 'NONE',  ( 0.000000000000000000, 0.000000000000000000, -1.000000000000000000 ) ) ;
#6267 = DIRECTION ( 'NONE',  ( 1.000000000000000000, 0.000000000000000000, 0.000000000000000000 ) ) ;
#6268 = LINE ( 'NONE', #3684, #2103 ) ;
#6269 = EDGE_CURVE ( 'NONE', #5892, #1756, #3746, .T. ) ;
#6270 = ORIENTED_EDGE ( 'NONE', *, *, #629, .F. ) ;
#6271 = VERTEX_POINT ( 'NONE', #3816 ) ;
#6272 = DIRECTION ( 'NONE',  ( -0.000000000000000000, -0.000000000000000000, -1.000000000000000000 ) ) ;
#6273 = CARTESIAN_POINT ( 'NONE',  ( -893.6486486486471676, 1722.892555011814466, 450.0000000000000000 ) ) ;
#6274 = DIRECTION ( 'NONE',  ( -0.000000000000000000, 0.000000000000000000, -1.000000000000000000 ) ) ;
#6275 = DIRECTION ( 'NONE',  ( -1.000000000000000000, 0.000000000000000000, 0.000000000000000000 ) ) ;
#6276 = PLANE ( 'NONE',  #5021 ) ;
#6277 = VERTEX_POINT ( 'NONE', #2284 ) ;
#6278 = DIRECTION ( 'NONE',  ( 0.000000000000000000, -1.000000000000000000, 0.000000000000000000 ) ) ;
#6279 = ORIENTED_EDGE ( 'NONE', *, *, #3946, .T. ) ;
#6280 = LINE ( 'NONE', #4989, #1773 ) ;
#6281 = DIRECTION ( 'NONE',  ( -1.000000000000000000, -0.000000000000000000, -0.000000000000000000 ) ) ;
#6282 = ORIENTED_EDGE ( 'NONE', *, *, #6649, .T. ) ;
#6283 = CARTESIAN_POINT ( 'NONE',  ( -42.48264923019513617, 1374.144144144144320, 252.0000000000000000 ) ) ;
#6284 = VECTOR ( 'NONE', #4875, 1000.000000000000000 ) ;
#6285 = CARTESIAN_POINT ( 'NONE',  ( 0.000000000000000000, 2149.144144144145230, 450.0000000000000000 ) ) ;
#6286 = VERTEX_POINT ( 'NONE', #5332 ) ;
#6287 = CARTESIAN_POINT ( 'NONE',  ( 1931.351351351352832, 3349.139388805734143, 51.00000000000000711 ) ) ;
#6288 = ORIENTED_EDGE ( 'NONE', *, *, #2154, .T. ) ;
#6289 = DIRECTION ( 'NONE',  ( -1.000000000000000000, 0.000000000000000000, 0.000000000000000000 ) ) ;
#6290 = DIRECTION ( 'NONE',  ( 1.000000000000000000, 0.000000000000000000, 0.000000000000000000 ) ) ;
#6291 = CARTESIAN_POINT ( 'NONE',  ( -893.6486486486471676, -675.8558558558546565, 451.0000000000000000 ) ) ;
#6292 = ORIENTED_EDGE ( 'NONE', *, *, #3400, .T. ) ;
#6293 = LINE ( 'NONE', #5715, #6118 ) ;
#6294 = PLANE ( 'NONE',  #132 ) ;
#6295 = DIRECTION ( 'NONE',  ( -0.000000000000000000, 1.000000000000000000, -0.000000000000000000 ) ) ;
#6296 = ADVANCED_FACE ( 'NONE', ( #1191 ), #2252, .F. ) ;
#6297 = CARTESIAN_POINT ( 'NONE',  ( 1156.351351351352832, -1025.855855855854543, 451.0000000000000000 ) ) ;
#6298 = LINE ( 'NONE', #1610, #4075 ) ;
#6299 = ADVANCED_FACE ( 'NONE', ( #1223 ), #5883, .F. ) ;
#6300 = ORIENTED_EDGE ( 'NONE', *, *, #598, .F. ) ;
#6301 = ORIENTED_EDGE ( 'NONE', *, *, #3191, .F. ) ;
#6302 = FACE_OUTER_BOUND ( 'NONE', #875, .T. ) ;
#6303 = VECTOR ( 'NONE', #1523, 1000.000000000000000 ) ;
#6304 = LINE ( 'NONE', #3215, #131 ) ;
#6305 = CARTESIAN_POINT ( 'NONE',  ( 729.0204228011621126, 2148.025372459793289, 251.0000000000000000 ) ) ;
#6306 = VERTEX_POINT ( 'NONE', #224 ) ;
#6307 = EDGE_CURVE ( 'NONE', #1170, #1605, #2694, .T. ) ;
#6308 = CARTESIAN_POINT ( 'NONE',  ( -1242.844139922891600, 174.1441441441452582, 252.0000000000000000 ) ) ;
#6309 = ORIENTED_EDGE ( 'NONE', *, *, #5432, .F. ) ;
#6310 = VECTOR ( 'NONE', #2967, 1000.000000000000000 ) ;
#6311 = ORIENTED_EDGE ( 'NONE', *, *, #2660, .T. ) ;
#6312 = CARTESIAN_POINT ( 'NONE',  ( -2918.382539233229181, -4100.766735799657909, 50.00000000000000000 ) ) ;
#6313 = EDGE_CURVE ( 'NONE', #866, #431, #1635, .T. ) ;
#6314 = PLANE ( 'NONE',  #5977 ) ;
#6315 = CARTESIAN_POINT ( 'NONE',  ( -2867.919202630825566, -2650.885740052331585, 51.00000000000000711 ) ) ;
#6316 = ORIENTED_EDGE ( 'NONE', *, *, #5148, .T. ) ;
#6317 = DIRECTION ( 'NONE',  ( 4.724353296277261913E-17, 1.000000000000000000, 0.000000000000000000 ) ) ;
#6318 = DIRECTION ( 'NONE',  ( 1.000000000000000000, 0.000000000000000000, 0.000000000000000000 ) ) ;
#6319 = EDGE_LOOP ( 'NONE', ( #674, #1382, #1840, #4151, #232, #2392 ) ) ;
#6320 = AXIS2_PLACEMENT_3D ( 'NONE', #4152, #3644, #1165 ) ;
#6321 = CARTESIAN_POINT ( 'NONE',  ( -923.6486486486471676, 1692.892555011814238, 451.0000000000000000 ) ) ;
#6322 = ORIENTED_EDGE ( 'NONE', *, *, #6085, .F. ) ;
#6323 = LINE ( 'NONE', #5331, #6636 ) ;
#6324 = CARTESIAN_POINT ( 'NONE',  ( 1460.752172914886160, 212.7057713251167570, 651.0000000000003411 ) ) ;
#6325 = DIRECTION ( 'NONE',  ( 1.000000000000000000, 0.000000000000000000, 0.000000000000000000 ) ) ;
#6326 = ORIENTED_EDGE ( 'NONE', *, *, #6517, .F. ) ;
#6327 = AXIS2_PLACEMENT_3D ( 'NONE', #923, #5160, #2040 ) ;
#6328 = VECTOR ( 'NONE', #5146, 1000.000000000000000 ) ;
#6329 = CARTESIAN_POINT ( 'NONE',  ( -443.6486486486465992, -250.8558558558557934, 450.0000000000000000 ) ) ;
#6330 = VECTOR ( 'NONE', #6194, 1000.000000000000000 ) ;
#6331 = DIRECTION ( 'NONE',  ( -1.586032892321652729E-16, 1.000000000000000000, -0.000000000000000000 ) ) ;
#6332 = ORIENTED_EDGE ( 'NONE', *, *, #1519, .T. ) ;
#6333 = LINE ( 'NONE', #4858, #2312 ) ;
#6334 = LINE ( 'NONE', #4162, #2761 ) ;
#6335 = CARTESIAN_POINT ( 'NONE',  ( 1156.351351351352832, -2225.855855855854770, 252.0000000000000000 ) ) ;
#6336 = VECTOR ( 'NONE', #1093, 1000.000000000000000 ) ;
#6337 = VECTOR ( 'NONE', #1733, 1000.000000000000000 ) ;
#6338 = VERTEX_POINT ( 'NONE', #709 ) ;
#6339 = AXIS2_PLACEMENT_3D ( 'NONE', #327, #2497, #1434 ) ;
#6340 = VERTEX_POINT ( 'NONE', #3200 ) ;
#6341 = LINE ( 'NONE', #684, #1343 ) ;
#6342 = CARTESIAN_POINT ( 'NONE',  ( 0.000000000000000000, 0.000000000000000000, 51.00000000000000711 ) ) ;
#6343 = EDGE_LOOP ( 'NONE', ( #5443, #4446, #2188, #411 ) ) ;
#6344 = PLANE ( 'NONE',  #5792 ) ;
#6345 = ADVANCED_FACE ( 'NONE', ( #5265 ), #4356, .F. ) ;
#6346 = EDGE_CURVE ( 'NONE', #3845, #4946, #6431, .T. ) ;
#6347 = VECTOR ( 'NONE', #5967, 1000.000000000000000 ) ;
#6348 = VECTOR ( 'NONE', #1413, 1000.000000000000000 ) ;
#6349 = DIRECTION ( 'NONE',  ( 1.000000000000000000, 0.000000000000000000, 0.000000000000000000 ) ) ;
#6350 = CARTESIAN_POINT ( 'NONE',  ( 721.3513513513527187, 1.334768131857904905E-13, 50.00000000000000000 ) ) ;
#6351 = DIRECTION ( 'NONE',  ( 1.000000000000000000, 0.000000000000000000, 0.000000000000000000 ) ) ;
#6352 = EDGE_LOOP ( 'NONE', ( #3048, #1981, #5276, #1416 ) ) ;
#6353 = PLANE ( 'NONE',  #457 ) ;
#6354 = ORIENTED_EDGE ( 'NONE', *, *, #5969, .F. ) ;
#6355 = ADVANCED_FACE ( 'NONE', ( #1424 ), #2999, .T. ) ;
#6356 = LINE ( 'NONE', #1248, #5471 ) ;
#6357 = ADVANCED_FACE ( 'NONE', ( #921 ), #4450, .F. ) ;
#6358 = EDGE_CURVE ( 'NONE', #2056, #1776, #4925, .T. ) ;
#6359 = PLANE ( 'NONE',  #3379 ) ;
#6360 = CARTESIAN_POINT ( 'NONE',  ( -1212.844139922891600, 494.1441441441452298, 252.0000000000000000 ) ) ;
#6361 = ORIENTED_EDGE ( 'NONE', *, *, #2023, .T. ) ;
#6362 = DIRECTION ( 'NONE',  ( -0.000000000000000000, -0.000000000000000000, -1.000000000000000000 ) ) ;
#6363 = FACE_OUTER_BOUND ( 'NONE', #216, .T. ) ;
#6364 = VECTOR ( 'NONE', #3795, 1000.000000000000000 ) ;
#6365 = ORIENTED_EDGE ( 'NONE', *, *, #4350, .T. ) ;
#6366 = VECTOR ( 'NONE', #1058, 1000.000000000000000 ) ;
#6367 = DIRECTION ( 'NONE',  ( 0.000000000000000000, 0.000000000000000000, -1.000000000000000000 ) ) ;
#6368 = ORIENTED_EDGE ( 'NONE', *, *, #2621, .T. ) ;
#6369 = LINE ( 'NONE', #1572, #3699 ) ;
#6370 = CARTESIAN_POINT ( 'NONE',  ( 731.3513513513534008, 2099.144144144145230, 51.00000000000000711 ) ) ;
#6371 = CARTESIAN_POINT ( 'NONE',  ( 3176.837698566487234, 3348.351809431109359, 150.0000000000000284 ) ) ;
#6372 = ORIENTED_EDGE ( 'NONE', *, *, #1658, .T. ) ;
#6373 = LINE ( 'NONE', #3786, #4165 ) ;
#6374 = PLANE ( 'NONE',  #2428 ) ;
#6375 = CARTESIAN_POINT ( 'NONE',  ( -1243.648648648647168, 1722.892555011814466, 450.0000000000000000 ) ) ;
#6376 = CARTESIAN_POINT ( 'NONE',  ( 1881.351351351352605, -2600.855855855854770, 51.00000000000000711 ) ) ;
#6377 = FACE_OUTER_BOUND ( 'NONE', #5267, .T. ) ;
#6378 = ORIENTED_EDGE ( 'NONE', *, *, #4469, .T. ) ;
#6379 = ORIENTED_EDGE ( 'NONE', *, *, #5806, .F. ) ;
#6380 = CARTESIAN_POINT ( 'NONE',  ( 1913.785313619750696, -4100.310651257746940, 51.00000000000000711 ) ) ;
#6381 = FACE_BOUND ( 'NONE', #1087, .T. ) ;
#6382 = VERTEX_POINT ( 'NONE', #4988 ) ;
#6383 = DIRECTION ( 'NONE',  ( -1.000000000000000000, -0.000000000000000000, -0.000000000000000000 ) ) ;
#6384 = LINE ( 'NONE', #1727, #5680 ) ;
#6385 = DIRECTION ( 'NONE',  ( 1.000000000000000000, 0.000000000000000000, -0.000000000000000000 ) ) ;
#6386 = ORIENTED_EDGE ( 'NONE', *, *, #1703, .T. ) ;
#6387 = ORIENTED_EDGE ( 'NONE', *, *, #4607, .F. ) ;
#6388 = DIRECTION ( 'NONE',  ( -0.000000000000000000, 0.000000000000000000, 1.000000000000000000 ) ) ;
#6389 = EDGE_CURVE ( 'NONE', #2602, #5838, #289, .T. ) ;
#6390 = PLANE ( 'NONE',  #3695 ) ;
#6391 = DIRECTION ( 'NONE',  ( -1.000000000000000000, 0.000000000000000000, -0.000000000000000000 ) ) ;
#6392 = ORIENTED_EDGE ( 'NONE', *, *, #5432, .T. ) ;
#6393 = LINE ( 'NONE', #1735, #3031 ) ;
#6394 = EDGE_CURVE ( 'NONE', #115, #2, #1362, .T. ) ;
#6395 = ORIENTED_EDGE ( 'NONE', *, *, #3327, .F. ) ;
#6396 = VERTEX_POINT ( 'NONE', #2923 ) ;
#6397 = EDGE_CURVE ( 'NONE', #6671, #2617, #4484, .T. ) ;
#6398 = ORIENTED_EDGE ( 'NONE', *, *, #6181, .F. ) ;
#6399 = CARTESIAN_POINT ( 'NONE',  ( 3181.351351351352150, -4100.855855855855225, 50.00000000000000000 ) ) ;
#6400 = DIRECTION ( 'NONE',  ( -1.000000000000000000, -1.586032892321652729E-16, 0.000000000000000000 ) ) ;
#6401 = ORIENTED_EDGE ( 'NONE', *, *, #1108, .T. ) ;
#6402 = VECTOR ( 'NONE', #283, 1000.000000000000000 ) ;
#6403 = CARTESIAN_POINT ( 'NONE',  ( -12.48264923019517703, 1694.144144144144093, 252.0000000000000000 ) ) ;
#6404 = CARTESIAN_POINT ( 'NONE',  ( -922.8441399228915998, 204.1441441441452582, 251.0000000000000000 ) ) ;
#6405 = DIRECTION ( 'NONE',  ( 1.000000000000000000, -0.000000000000000000, -0.000000000000000000 ) ) ;
#6406 = CARTESIAN_POINT ( 'NONE',  ( 1186.351351351352832, -995.8558558558545428, 450.0000000000000000 ) ) ;
#6407 = ADVANCED_FACE ( 'NONE', ( #1725, #1688 ), #6344, .T. ) ;
#6408 = ORIENTED_EDGE ( 'NONE', *, *, #4232, .F. ) ;
#6409 = ORIENTED_EDGE ( 'NONE', *, *, #860, .F. ) ;
#6410 = DIRECTION ( 'NONE',  ( -0.000000000000000000, -0.000000000000000000, -1.000000000000000000 ) ) ;
#6411 = ORIENTED_EDGE ( 'NONE', *, *, #4843, .T. ) ;
#6412 = CARTESIAN_POINT ( 'NONE',  ( 1140.752172914886160, 532.7057713251168707, 651.0000000000003411 ) ) ;
#6413 = VERTEX_POINT ( 'NONE', #4796 ) ;
#6414 = PLANE ( 'NONE',  #5122 ) ;
#6415 = ORIENTED_EDGE ( 'NONE', *, *, #3839, .T. ) ;
#6416 = CARTESIAN_POINT ( 'NONE',  ( -1638.653815138663958, 2149.178435024714418, 51.00000000000000711 ) ) ;
#6417 = ORIENTED_EDGE ( 'NONE', *, *, #1150, .F. ) ;
#6418 = CARTESIAN_POINT ( 'NONE',  ( 0.000000000000000000, 0.000000000000000000, 451.0000000000000000 ) ) ;
#6419 = PRESENTATION_LAYER_ASSIGNMENT (  '', '', ( #5466 ) ) ;
#6420 = LINE ( 'NONE', #6360, #133 ) ;
#6421 = ORIENTED_EDGE ( 'NONE', *, *, #1407, .T. ) ;
#6422 = CARTESIAN_POINT ( 'NONE',  ( 701.0708180236888438, -1441.194908877152102, 651.0000000000003411 ) ) ;
#6423 = ORIENTED_EDGE ( 'NONE', *, *, #2281, .F. ) ;
#6424 = VECTOR ( 'NONE', #5981, 1000.000000000000000 ) ;
#6425 = ADVANCED_FACE ( 'NONE', ( #5390, #6478 ), #2804, .T. ) ;
#6426 = VERTEX_POINT ( 'NONE', #5829 ) ;
#6427 = VECTOR ( 'NONE', #6154, 1000.000000000000000 ) ;
#6428 = ORIENTED_EDGE ( 'NONE', *, *, #1442, .T. ) ;
#6429 = CARTESIAN_POINT ( 'NONE',  ( 0.000000000000000000, 0.000000000000000000, 251.0000000000000000 ) ) ;
#6430 = EDGE_CURVE ( 'NONE', #282, #2493, #5352, .T. ) ;
#6431 = LINE ( 'NONE', #1778, #1894 ) ;
#6432 = ORIENTED_EDGE ( 'NONE', *, *, #6042, .F. ) ;
#6433 = CARTESIAN_POINT ( 'NONE',  ( -893.6486486486472813, 1372.892555011814466, 450.0000000000000000 ) ) ;
#6434 = CARTESIAN_POINT ( 'NONE',  ( -1668.914624007974453, -2620.885740052331130, 50.00000000000000000 ) ) ;
#6435 = EDGE_CURVE ( 'NONE', #5050, #5685, #3351, .T. ) ;
#6436 = EDGE_LOOP ( 'NONE', ( #4368, #5105, #2117, #5400, #5710, #4715 ) ) ;
#6437 = CARTESIAN_POINT ( 'NONE',  ( -1618.648648648647168, -2600.855855855854770, 51.00000000000000711 ) ) ;
#6438 = ORIENTED_EDGE ( 'NONE', *, *, #1195, .T. ) ;
#6439 = AXIS2_PLACEMENT_3D ( 'NONE', #2586, #2208, #5189 ) ;
#6440 = ORIENTED_EDGE ( 'NONE', *, *, #222, .F. ) ;
#6441 = AXIS2_PLACEMENT_3D ( 'NONE', #2007, #4086, #2996 ) ;
#6442 = EDGE_CURVE ( 'NONE', #4932, #5381, #2774, .T. ) ;
#6443 = AXIS2_PLACEMENT_3D ( 'NONE', #2437, #1437, #1340 ) ;
#6444 = PLANE ( 'NONE',  #3976 ) ;
#6445 = EDGE_LOOP ( 'NONE', ( #2140, #3840, #988, #4329 ) ) ;
#6446 = AXIS2_PLACEMENT_3D ( 'NONE', #5785, #5821, #4785 ) ;
#6447 = VECTOR ( 'NONE', #5983, 1000.000000000000000 ) ;
#6448 = AXIS2_PLACEMENT_3D ( 'NONE', #84, #6400, #1676 ) ;
#6449 = CARTESIAN_POINT ( 'NONE',  ( -922.8441399228915998, 204.1441441441452582, 252.0000000000000000 ) ) ;
#6450 = EDGE_LOOP ( 'NONE', ( #2518, #4741, #2891, #6697, #3218, #5815 ) ) ;
#6451 = ORIENTED_EDGE ( 'NONE', *, *, #1739, .T. ) ;
#6452 = VECTOR ( 'NONE', #3219, 1000.000000000000000 ) ;
#6453 = VECTOR ( 'NONE', #3709, 1000.000000000000000 ) ;
#6454 = PRESENTATION_STYLE_ASSIGNMENT (( #5320 ) ) ;
#6455 = LINE ( 'NONE', #593, #912 ) ;
#6456 = VECTOR ( 'NONE', #3702, 1000.000000000000000 ) ;
#6457 = VERTEX_POINT ( 'NONE', #172 ) ;
#6458 = DIRECTION ( 'NONE',  ( -1.000000000000000000, 0.000000000000000000, 0.000000000000000000 ) ) ;
#6459 = ORIENTED_EDGE ( 'NONE', *, *, #4437, .T. ) ;
#6460 = DIRECTION ( 'NONE',  ( -1.000000000000000000, -1.192237920446390406E-16, 0.000000000000000000 ) ) ;
#6461 = ORIENTED_EDGE ( 'NONE', *, *, #6346, .T. ) ;
#6462 = CARTESIAN_POINT ( 'NONE',  ( -1661.268387826372191, -1459.372486768057570, 51.00000000000000711 ) ) ;
#6463 = LINE ( 'NONE', #3885, #6218 ) ;
#6464 = EDGE_CURVE ( 'NONE', #1902, #2574, #2263, .T. ) ;
#6465 = DIRECTION ( 'NONE',  ( 1.850371707708594563E-16, -1.000000000000000000, 0.000000000000000000 ) ) ;
#6466 = VERTEX_POINT ( 'NONE', #5419 ) ;
#6467 = LINE ( 'NONE', #4488, #6661 ) ;
#6468 = LINE ( 'NONE', #2796, #338 ) ;
#6469 = VECTOR ( 'NONE', #4794, 1000.000000000000000 ) ;
#6470 = EDGE_CURVE ( 'NONE', #69, #914, #2833, .T. ) ;
#6471 = FACE_OUTER_BOUND ( 'NONE', #5833, .T. ) ;
#6472 = ORIENTED_EDGE ( 'NONE', *, *, #4876, .T. ) ;
#6473 = EDGE_CURVE ( 'NONE', #4936, #2788, #3869, .T. ) ;
#6474 = DIRECTION ( 'NONE',  ( -0.000000000000000000, -0.000000000000000000, -1.000000000000000000 ) ) ;
#6475 = EDGE_CURVE ( 'NONE', #2548, #1845, #2334, .T. ) ;
#6476 = CARTESIAN_POINT ( 'NONE',  ( -1668.648648648647168, -2650.855855855854770, 51.00000000000000711 ) ) ;
#6477 = ORIENTED_EDGE ( 'NONE', *, *, #5651, .T. ) ;
#6478 = FACE_BOUND ( 'NONE', #3826, .T. ) ;
#6479 = CARTESIAN_POINT ( 'NONE',  ( 729.0204228011621126, 2099.144144144145230, 51.00000000000000711 ) ) ;
#6480 = CARTESIAN_POINT ( 'NONE',  ( 1460.752172914886160, 502.7057713251168707, 651.0000000000003411 ) ) ;
#6481 = CARTESIAN_POINT ( 'NONE',  ( 1170.752172914886160, 212.7057713251167570, 652.0000000000003411 ) ) ;
#6482 = LINE ( 'NONE', #1829, #11 ) ;
#6483 = ORIENTED_EDGE ( 'NONE', *, *, #2191, .F. ) ;
#6484 = ADVANCED_FACE ( 'NONE', ( #3897 ), #5959, .F. ) ;
#6485 = ORIENTED_EDGE ( 'NONE', *, *, #3115, .F. ) ;
#6486 = EDGE_CURVE ( 'NONE', #1143, #408, #5991, .T. ) ;
#6487 = LINE ( 'NONE', #871, #3963 ) ;
#6488 = EDGE_LOOP ( 'NONE', ( #1993, #89, #2227, #3648 ) ) ;
#6489 = CARTESIAN_POINT ( 'NONE',  ( -12.48264923019514150, 1404.144144144144320, 251.0000000000000000 ) ) ;
#6490 = CARTESIAN_POINT ( 'NONE',  ( 1913.785313619750468, -2650.960111606672399, 50.00000000000000000 ) ) ;
#6491 = ORIENTED_EDGE ( 'NONE', *, *, #4212, .F. ) ;
#6492 = CARTESIAN_POINT ( 'NONE',  ( -2868.382539233230091, 3348.907565514117778, 150.0000000000000284 ) ) ;
#6493 = ORIENTED_EDGE ( 'NONE', *, *, #92, .T. ) ;
#6494 = SURFACE_STYLE_FILL_AREA ( #3257 ) ;
#6495 = CARTESIAN_POINT ( 'NONE',  ( -443.6486486486465992, -250.8558558558557934, 50.00000000000000000 ) ) ;
#6496 = CARTESIAN_POINT ( 'NONE',  ( -68.64864864864676974, 524.1441441441443203, 451.0000000000000000 ) ) ;
#6497 = VERTEX_POINT ( 'NONE', #1954 ) ;
#6498 = CARTESIAN_POINT ( 'NONE',  ( -2918.648648648647395, 3349.144144144144775, 50.00000000000000000 ) ) ;
#6499 = FACE_OUTER_BOUND ( 'NONE', #4567, .T. ) ;
#6500 = EDGE_LOOP ( 'NONE', ( #3100, #5115, #1879, #6507, #5736 ) ) ;
#6501 = CARTESIAN_POINT ( 'NONE',  ( -477.9485211280458543, -1459.372486768057570, 51.00000000000000711 ) ) ;
#6502 = EDGE_LOOP ( 'NONE', ( #4178, #4139, #767, #928 ) ) ;
#6503 = VERTEX_POINT ( 'NONE', #3422 ) ;
#6504 = CARTESIAN_POINT ( 'NONE',  ( 307.5173507698048638, 1724.144144144144093, 252.0000000000000000 ) ) ;
#6505 = VECTOR ( 'NONE', #1352, 1000.000000000000000 ) ;
#6506 = DIRECTION ( 'NONE',  ( 0.000000000000000000, -0.000000000000000000, 1.000000000000000000 ) ) ;
#6507 = ORIENTED_EDGE ( 'NONE', *, *, #4324, .F. ) ;
#6508 = FACE_OUTER_BOUND ( 'NONE', #3433, .T. ) ;
#6509 = EDGE_CURVE ( 'NONE', #6005, #459, #5099, .T. ) ;
#6510 = CARTESIAN_POINT ( 'NONE',  ( -1213.648648648647168, 1692.892555011814238, 451.0000000000000000 ) ) ;
#6511 = CARTESIAN_POINT ( 'NONE',  ( -1668.648648648647168, -2650.855855855854770, 51.00000000000000711 ) ) ;
#6512 = CARTESIAN_POINT ( 'NONE',  ( -893.6486486486471676, -675.8558558558546565, 451.0000000000000000 ) ) ;
#6513 = ADVANCED_FACE ( 'NONE', ( #6508 ), #4430, .T. ) ;
#6514 = CARTESIAN_POINT ( 'NONE',  ( 1881.351351351352605, -2600.855855855854770, 50.00000000000000000 ) ) ;
#6515 = ORIENTED_EDGE ( 'NONE', *, *, #3392, .T. ) ;
#6516 = VERTEX_POINT ( 'NONE', #4461 ) ;
#6517 = EDGE_CURVE ( 'NONE', #459, #5867, #2903, .T. ) ;
#6518 = DIRECTION ( 'NONE',  ( 1.000000000000000000, 0.000000000000000000, 0.000000000000000000 ) ) ;
#6519 = ADVANCED_FACE ( 'NONE', ( #5000 ), #5044, .T. ) ;
#6520 = CARTESIAN_POINT ( 'NONE',  ( -8.781347354308063081E-14, 949.1441441441444340, 450.0000000000000000 ) ) ;
#6521 = CARTESIAN_POINT ( 'NONE',  ( 0.000000000000000000, 0.000000000000000000, 252.0000000000000000 ) ) ;
#6522 = EDGE_LOOP ( 'NONE', ( #3569, #147, #1011, #3054 ) ) ;
#6523 = LINE ( 'NONE', #1900, #4338 ) ;
#6524 = VERTEX_POINT ( 'NONE', #2936 ) ;
#6525 = ADVANCED_FACE ( 'NONE', ( #1886, #1402 ), #3997, .T. ) ;
#6526 = ORIENTED_EDGE ( 'NONE', *, *, #6470, .F. ) ;
#6527 = DIRECTION ( 'NONE',  ( -0.000000000000000000, -0.000000000000000000, -1.000000000000000000 ) ) ;
#6528 = LINE ( 'NONE', #4952, #6552 ) ;
#6529 = AXIS2_PLACEMENT_3D ( 'NONE', #5502, #1872, #2283 ) ;
#6530 = CARTESIAN_POINT ( 'NONE',  ( 1881.351351351352605, -1450.855855855854543, 51.00000000000000711 ) ) ;
#6531 = CARTESIAN_POINT ( 'NONE',  ( 729.0204228011621126, 949.7722133673792086, 251.0000000000000000 ) ) ;
#6532 = ORIENTED_EDGE ( 'NONE', *, *, #3400, .F. ) ;
#6533 = LINE ( 'NONE', #1391, #3730 ) ;
#6534 = DIRECTION ( 'NONE',  ( 0.000000000000000000, 1.000000000000000000, -0.000000000000000000 ) ) ;
#6535 = ORIENTED_EDGE ( 'NONE', *, *, #6177, .T. ) ;
#6536 = VECTOR ( 'NONE', #3543, 1000.000000000000000 ) ;
#6537 = DIRECTION ( 'NONE',  ( -0.000000000000000000, -0.000000000000000000, -1.000000000000000000 ) ) ;
#6538 = ORIENTED_EDGE ( 'NONE', *, *, #5520, .F. ) ;
#6539 = DIRECTION ( 'NONE',  ( 0.000000000000000000, -0.000000000000000000, 1.000000000000000000 ) ) ;
#6540 = DIRECTION ( 'NONE',  ( 1.000000000000000000, 0.000000000000000000, 0.000000000000000000 ) ) ;
#6541 = LINE ( 'NONE', #5989, #5158 ) ;
#6542 = ORIENTED_EDGE ( 'NONE', *, *, #598, .T. ) ;
#6543 = DIRECTION ( 'NONE',  ( -0.000000000000000000, 0.000000000000000000, -1.000000000000000000 ) ) ;
#6544 = FACE_OUTER_BOUND ( 'NONE', #6594, .T. ) ;
#6545 = DIRECTION ( 'NONE',  ( -3.172065784643303486E-16, -1.000000000000000000, 0.000000000000000000 ) ) ;
#6546 = LINE ( 'NONE', #1826, #5028 ) ;
#6547 = VECTOR ( 'NONE', #5222, 1000.000000000000000 ) ;
#6548 = ORIENTED_EDGE ( 'NONE', *, *, #4797, .F. ) ;
#6549 = ORIENTED_EDGE ( 'NONE', *, *, #6307, .F. ) ;
#6550 = EDGE_CURVE ( 'NONE', #4023, #2402, #432, .T. ) ;
#6551 = VECTOR ( 'NONE', #4197, 1000.000000000000000 ) ;
#6552 = VECTOR ( 'NONE', #2385, 1000.000000000000000 ) ;
#6553 = VECTOR ( 'NONE', #5856, 1000.000000000000000 ) ;
#6554 = ORIENTED_EDGE ( 'NONE', *, *, #12, .T. ) ;
#6555 = DIRECTION ( 'NONE',  ( -0.000000000000000000, -1.000000000000000000, -0.000000000000000000 ) ) ;
#6556 = LINE ( 'NONE', #1453, #34 ) ;
#6557 = ADVANCED_FACE ( 'NONE', ( #3484 ), #6095, .F. ) ;
#6558 = ORIENTED_EDGE ( 'NONE', *, *, #182, .F. ) ;
#6559 = CARTESIAN_POINT ( 'NONE',  ( -42.48264923019513617, 1374.144144144144320, 251.0000000000000000 ) ) ;
#6560 = VECTOR ( 'NONE', #2805, 1000.000000000000000 ) ;
#6561 = VERTEX_POINT ( 'NONE', #6645 ) ;
#6562 = VECTOR ( 'NONE', #814, 1000.000000000000000 ) ;
#6563 = AXIS2_PLACEMENT_3D ( 'NONE', #4255, #2172, #4746 ) ;
#6564 = EDGE_CURVE ( 'NONE', #4830, #459, #2435, .T. ) ;
#6565 = ORIENTED_EDGE ( 'NONE', *, *, #4025, .F. ) ;
#6566 = EDGE_CURVE ( 'NONE', #112, #2504, #966, .T. ) ;
#6567 = AXIS2_PLACEMENT_3D ( 'NONE', #5340, #2701, #4788 ) ;
#6568 = ORIENTED_EDGE ( 'NONE', *, *, #3178, .T. ) ;
#6569 = DIRECTION ( 'NONE',  ( 0.000000000000000000, 1.000000000000000000, 0.000000000000000000 ) ) ;
#6570 = EDGE_CURVE ( 'NONE', #4901, #6726, #5516, .T. ) ;
#6571 = CARTESIAN_POINT ( 'NONE',  ( -923.6486486486471676, -2195.855855855854770, 252.0000000000000000 ) ) ;
#6572 = CARTESIAN_POINT ( 'NONE',  ( -1213.648648648647168, 1402.892555011814466, 451.0000000000000000 ) ) ;
#6573 = DIRECTION ( 'NONE',  ( -1.000000000000000000, -0.000000000000000000, -0.000000000000000000 ) ) ;
#6574 = LINE ( 'NONE', #2135, #5230 ) ;
#6575 = FACE_OUTER_BOUND ( 'NONE', #4251, .T. ) ;
#6576 = DIRECTION ( 'NONE',  ( -0.000000000000000000, -0.000000000000000000, -1.000000000000000000 ) ) ;
#6577 = EDGE_LOOP ( 'NONE', ( #6423, #3172, #2134, #203 ) ) ;
#6578 = DIRECTION ( 'NONE',  ( -0.000000000000000000, -0.000000000000000000, -1.000000000000000000 ) ) ;
#6579 = ORIENTED_EDGE ( 'NONE', *, *, #3227, .T. ) ;
#6580 = DIRECTION ( 'NONE',  ( 1.000000000000000000, 0.000000000000000000, -0.000000000000000000 ) ) ;
#6581 = DIRECTION ( 'NONE',  ( 0.000000000000000000, -0.000000000000000000, -1.000000000000000000 ) ) ;
#6582 = PLANE ( 'NONE',  #5492 ) ;
#6583 = ORIENTED_EDGE ( 'NONE', *, *, #3944, .T. ) ;
#6584 = LINE ( 'NONE', #889, #5033 ) ;
#6585 = DIRECTION ( 'NONE',  ( 0.000000000000000000, 1.000000000000000000, -0.000000000000000000 ) ) ;
#6586 = CARTESIAN_POINT ( 'NONE',  ( -451.0550733494790165, -247.8776232719740733, 251.0000000000000000 ) ) ;
#6587 = FACE_OUTER_BOUND ( 'NONE', #2645, .T. ) ;
#6588 = ORIENTED_EDGE ( 'NONE', *, *, #3574, .T. ) ;
#6589 = AXIS2_PLACEMENT_3D ( 'NONE', #2220, #5818, #4297 ) ;
#6590 = PLANE ( 'NONE',  #259 ) ;
#6591 = ORIENTED_EDGE ( 'NONE', *, *, #5754, .F. ) ;
#6592 = CARTESIAN_POINT ( 'NONE',  ( 1928.964900017874243, -1452.608405685351499, 251.0000000000000000 ) ) ;
#6593 = CARTESIAN_POINT ( 'NONE',  ( -53.64864864864694738, -1016.194908877151988, 652.0000000000003411 ) ) ;
#6594 = EDGE_LOOP ( 'NONE', ( #4153, #6199, #1490, #1148, #6415, #220 ) ) ;
#6595 = LINE ( 'NONE', #2480, #1398 ) ;
#6596 = ORIENTED_EDGE ( 'NONE', *, *, #2377, .F. ) ;
#6597 = EDGE_LOOP ( 'NONE', ( #5566, #2300, #1671, #3954, #4310, #2521, #1701, #4268 ) ) ;
#6598 = EDGE_CURVE ( 'NONE', #623, #4288, #3930, .T. ) ;
#6599 = ORIENTED_EDGE ( 'NONE', *, *, #305, .T. ) ;
#6600 = EDGE_CURVE ( 'NONE', #3389, #707, #1920, .T. ) ;
#6601 = DIRECTION ( 'NONE',  ( -1.000000000000000000, -0.000000000000000000, -0.000000000000000000 ) ) ;
#6602 = LINE ( 'NONE', #1936, #5012 ) ;
#6603 = EDGE_CURVE ( 'NONE', #1836, #4454, #3552, .T. ) ;
#6604 = ORIENTED_EDGE ( 'NONE', *, *, #698, .T. ) ;
#6605 = EDGE_CURVE ( 'NONE', #1076, #415, #2470, .T. ) ;
#6606 = LINE ( 'NONE', #1394, #5780 ) ;
#6607 = CARTESIAN_POINT ( 'NONE',  ( -2918.382539233229181, -4100.766735799657909, 150.0000000000000284 ) ) ;
#6608 = ORIENTED_EDGE ( 'NONE', *, *, #1907, .T. ) ;
#6609 = DIRECTION ( 'NONE',  ( 0.000000000000000000, -0.000000000000000000, -1.000000000000000000 ) ) ;
#6610 = PLANE ( 'NONE',  #2723 ) ;
#6611 = CARTESIAN_POINT ( 'NONE',  ( 706.3513513513532871, 6.535062781211383746E-14, 50.00000000000000000 ) ) ;
#6612 = EDGE_LOOP ( 'NONE', ( #71, #943, #5294, #2857 ) ) ;
#6613 = DIRECTION ( 'NONE',  ( -0.000000000000000000, -0.000000000000000000, -1.000000000000000000 ) ) ;
#6614 = EDGE_CURVE ( 'NONE', #1554, #1653, #6584, .T. ) ;
#6615 = EDGE_CURVE ( 'NONE', #335, #6624, #3677, .T. ) ;
#6616 = LINE ( 'NONE', #4898, #3951 ) ;
#6617 = AXIS2_PLACEMENT_3D ( 'NONE', #4043, #1415, #5565 ) ;
#6618 = ORIENTED_EDGE ( 'NONE', *, *, #4633, .F. ) ;
#6619 = FACE_OUTER_BOUND ( 'NONE', #2704, .T. ) ;
#6620 = ORIENTED_EDGE ( 'NONE', *, *, #3074, .T. ) ;
#6621 = LINE ( 'NONE', #4040, #3624 ) ;
#6622 = DIRECTION ( 'NONE',  ( -0.000000000000000000, 1.000000000000000000, -0.000000000000000000 ) ) ;
#6623 = LINE ( 'NONE', #6004, #3092 ) ;
#6624 = VERTEX_POINT ( 'NONE', #3132 ) ;
#6625 = DIRECTION ( 'NONE',  ( -0.000000000000000000, -0.000000000000000000, -1.000000000000000000 ) ) ;
#6626 = FACE_OUTER_BOUND ( 'NONE', #5875, .T. ) ;
#6627 = ORIENTED_EDGE ( 'NONE', *, *, #6517, .T. ) ;
#6628 = ORIENTED_EDGE ( 'NONE', *, *, #5719, .T. ) ;
#6629 = DIRECTION ( 'NONE',  ( -0.000000000000000000, 0.000000000000000000, -1.000000000000000000 ) ) ;
#6630 = CARTESIAN_POINT ( 'NONE',  ( 1186.351351351353287, 1694.144144144144548, 450.0000000000000000 ) ) ;
#6632 = EDGE_CURVE ( 'NONE', #781, #2582, #2526, .T. ) ;
#6631 = VECTOR ( 'NONE', #556, 1000.000000000000000 ) ;
#6633 = FACE_OUTER_BOUND ( 'NONE', #3646, .T. ) ;
#6634 = ORIENTED_EDGE ( 'NONE', *, *, #6256, .F. ) ;
#6635 = CARTESIAN_POINT ( 'NONE',  ( 266.3513513513530029, -696.1949088771522156, 652.0000000000003411 ) ) ;
#6636 = VECTOR ( 'NONE', #1089, 1000.000000000000000 ) ;
#6637 = DIRECTION ( 'NONE',  ( -0.000000000000000000, -0.000000000000000000, -1.000000000000000000 ) ) ;
#6638 = DIRECTION ( 'NONE',  ( 0.000000000000000000, 0.000000000000000000, 1.000000000000000000 ) ) ;
#6639 = EDGE_CURVE ( 'NONE', #6426, #2235, #1606, .T. ) ;
#6640 = ORIENTED_EDGE ( 'NONE', *, *, #4765, .F. ) ;
#6641 = PLANE ( 'NONE',  #1532 ) ;
#6642 = CARTESIAN_POINT ( 'NONE',  ( -8.781347354308063081E-14, 949.1441441441444340, 450.0000000000000000 ) ) ;
#6643 = ORIENTED_EDGE ( 'NONE', *, *, #1911, .T. ) ;
#6644 = EDGE_CURVE ( 'NONE', #1933, #3981, #1092, .T. ) ;
#6645 = CARTESIAN_POINT ( 'NONE',  ( -12.48264923019517703, 1694.144144144144093, 252.0000000000000000 ) ) ;
#6646 = DIRECTION ( 'NONE',  ( -0.000000000000000000, -0.000000000000000000, -1.000000000000000000 ) ) ;
#6647 = LINE ( 'NONE', #2123, #6217 ) ;
#6648 = CARTESIAN_POINT ( 'NONE',  ( -1213.648648648647168, 1692.892555011814238, 451.0000000000000000 ) ) ;
#6649 = EDGE_CURVE ( 'NONE', #6657, #4649, #3071, .T. ) ;
#6650 = ORIENTED_EDGE ( 'NONE', *, *, #634, .T. ) ;
#6651 = FACE_OUTER_BOUND ( 'NONE', #6149, .T. ) ;
#6652 = ORIENTED_EDGE ( 'NONE', *, *, #5553, .T. ) ;
#6653 = CARTESIAN_POINT ( 'NONE',  ( -1213.648648648647168, -705.8558558558547702, 451.0000000000000000 ) ) ;
#6654 = VERTEX_POINT ( 'NONE', #4158 ) ;
#6655 = CARTESIAN_POINT ( 'NONE',  ( -23.64864864864699001, -696.1949088771522156, 652.0000000000003411 ) ) ;
#6656 = EDGE_LOOP ( 'NONE', ( #1831, #1159, #1043, #5826 ) ) ;
#6657 = VERTEX_POINT ( 'NONE', #2667 ) ;
#6658 = VECTOR ( 'NONE', #1616, 1000.000000000000000 ) ;
#6659 = VECTOR ( 'NONE', #2178, 1000.000000000000000 ) ;
#6660 = VECTOR ( 'NONE', #6576, 1000.000000000000000 ) ;
#6661 = VECTOR ( 'NONE', #5923, 1000.000000000000000 ) ;
#6662 = AXIS2_PLACEMENT_3D ( 'NONE', #3041, #6133, #6543 ) ;
#6663 = LINE ( 'NONE', #3572, #1220 ) ;
#6664 = CARTESIAN_POINT ( 'NONE',  ( -68.64864864864676974, 524.1441441441443203, 451.0000000000000000 ) ) ;
#6665 = VECTOR ( 'NONE', #3766, 1000.000000000000000 ) ;
#6666 = ORIENTED_EDGE ( 'NONE', *, *, #6009, .F. ) ;
#6667 = DIRECTION ( 'NONE',  ( 0.000000000000000000, -0.000000000000000000, -1.000000000000000000 ) ) ;
#6668 = ORIENTED_EDGE ( 'NONE', *, *, #5675, .T. ) ;
#6669 = CARTESIAN_POINT ( 'NONE',  ( 1928.964900017874243, -1452.608405685351499, 251.0000000000000000 ) ) ;
#6670 = DIRECTION ( 'NONE',  ( 1.000000000000000000, 9.251858538542972814E-17, 0.000000000000000000 ) ) ;
#6671 = VERTEX_POINT ( 'NONE', #467 ) ;
#6672 = DIRECTION ( 'NONE',  ( 1.000000000000000000, 0.000000000000000000, -0.000000000000000000 ) ) ;
#6673 = DIRECTION ( 'NONE',  ( 0.000000000000000000, -0.000000000000000000, -1.000000000000000000 ) ) ;
#6674 = ADVANCED_FACE ( 'NONE', ( #5136 ), #1033, .T. ) ;
#6675 = CARTESIAN_POINT ( 'NONE',  ( 701.0708180236888438, -261.9442023300435949, 51.00000000000000711 ) ) ;
#6676 = CARTESIAN_POINT ( 'NONE',  ( 1928.964900017874243, -1452.608405685351499, 251.0000000000000000 ) ) ;
#6677 = EDGE_CURVE ( 'NONE', #710, #1637, #3584, .T. ) ;
#6678 = EDGE_CURVE ( 'NONE', #474, #112, #4226, .T. ) ;
#6679 = VERTEX_POINT ( 'NONE', #5229 ) ;
#6680 = CARTESIAN_POINT ( 'NONE',  ( 296.3513513513530029, -666.1949088771521019, 652.0000000000003411 ) ) ;
#6681 = ORIENTED_EDGE ( 'NONE', *, *, #5639, .F. ) ;
#6682 = DIRECTION ( 'NONE',  ( -0.000000000000000000, -0.000000000000000000, -1.000000000000000000 ) ) ;
#6683 = DIRECTION ( 'NONE',  ( 1.000000000000000000, 0.000000000000000000, 0.000000000000000000 ) ) ;
#6684 = VECTOR ( 'NONE', #6065, 1000.000000000000000 ) ;
#6685 = DIRECTION ( 'NONE',  ( 0.000000000000000000, 1.000000000000000000, -0.000000000000000000 ) ) ;
#6686 = EDGE_CURVE ( 'NONE', #2930, #6338, #6293, .T. ) ;
#6687 = ORIENTED_EDGE ( 'NONE', *, *, #3280, .F. ) ;
#6688 = DIRECTION ( 'NONE',  ( -1.000000000000000000, -0.000000000000000000, -0.000000000000000000 ) ) ;
#6689 = ORIENTED_EDGE ( 'NONE', *, *, #1288, .F. ) ;
#6690 = ORIENTED_EDGE ( 'NONE', *, *, #4880, .T. ) ;
#6691 = EDGE_CURVE ( 'NONE', #4392, #4120, #4126, .T. ) ;
#6692 = LINE ( 'NONE', #6180, #4545 ) ;
#6693 = DIRECTION ( 'NONE',  ( -0.000000000000000000, -0.000000000000000000, -1.000000000000000000 ) ) ;
#6694 = DIRECTION ( 'NONE',  ( 0.000000000000000000, 0.000000000000000000, 1.000000000000000000 ) ) ;
#6695 = ORIENTED_EDGE ( 'NONE', *, *, #5721, .F. ) ;
#6696 = CARTESIAN_POINT ( 'NONE',  ( -892.8441399228915998, 524.1441441441452298, 252.0000000000000000 ) ) ;
#6697 = ORIENTED_EDGE ( 'NONE', *, *, #1368, .T. ) ;
#6698 = DIRECTION ( 'NONE',  ( -0.000000000000000000, -0.000000000000000000, -1.000000000000000000 ) ) ;
#6699 = CARTESIAN_POINT ( 'NONE',  ( 732.4691333359016880, -2649.473361566354015, 251.0000000000000000 ) ) ;
#6700 = ORIENTED_EDGE ( 'NONE', *, *, #2189, .T. ) ;
#6701 = CARTESIAN_POINT ( 'NONE',  ( -923.6486486486471676, 1402.892555011814466, 451.0000000000000000 ) ) ;
#6702 = DIRECTION ( 'NONE',  ( 0.000000000000000000, -1.000000000000000000, 0.000000000000000000 ) ) ;
#6703 = LINE ( 'NONE', #6193, #2750 ) ;
#6704 = CARTESIAN_POINT ( 'NONE',  ( -467.4826492301951930, 949.7722133673792086, 251.0000000000000000 ) ) ;
#6705 = FACE_OUTER_BOUND ( 'NONE', #4337, .T. ) ;
#6706 = ORIENTED_EDGE ( 'NONE', *, *, #5841, .T. ) ;
#6707 = PLANE ( 'NONE',  #3206 ) ;
#6708 = ORIENTED_EDGE ( 'NONE', *, *, #3267, .T. ) ;
#6709 = EDGE_CURVE ( 'NONE', #2582, #1919, #1537, .T. ) ;
#6710 = DIRECTION ( 'NONE',  ( 3.172065784643305458E-16, 1.000000000000000000, -0.000000000000000000 ) ) ;
#6711 = EDGE_CURVE ( 'NONE', #5545, #206, #5268, .T. ) ;
#6712 = LINE ( 'NONE', #2057, #135 ) ;
#6713 = DIRECTION ( 'NONE',  ( 1.000000000000000000, 0.000000000000000000, 0.000000000000000000 ) ) ;
#6714 = EDGE_LOOP ( 'NONE', ( #306, #4874, #6387, #1612 ) ) ;
#6715 = CARTESIAN_POINT ( 'NONE',  ( 1476.351351351353287, 1404.144144144144775, 451.0000000000000000 ) ) ;
#6716 = ORIENTED_EDGE ( 'NONE', *, *, #5858, .T. ) ;
#6717 = ADVANCED_FACE ( 'NONE', ( #4722 ), #572, .F. ) ;
#6718 = EDGE_LOOP ( 'NONE', ( #5323, #2943, #1730, #2845 ) ) ;
#6719 = AXIS2_PLACEMENT_3D ( 'NONE', #153, #184, #624 ) ;
#6720 = EDGE_CURVE ( 'NONE', #6241, #2185, #6230, .T. ) ;
#6721 = LINE ( 'NONE', #5218, #1528 ) ;
#6722 = CARTESIAN_POINT ( 'NONE',  ( 1506.351351351352832, -2225.855855855854770, 251.0000000000000000 ) ) ;
#6723 = ADVANCED_FACE ( 'NONE', ( #4597 ), #1060, .F. ) ;
#6724 = ADVANCED_FACE ( 'NONE', ( #1505, #502 ), #2595, .T. ) ;
#6725 = LINE ( 'NONE', #2070, #330 ) ;
#6726 = VERTEX_POINT ( 'NONE', #2080 ) ;
#6727 = DIRECTION ( 'NONE',  ( 3.172065784643304472E-16, 1.000000000000000000, -0.000000000000000000 ) ) ;
#6728 = PLANE ( 'NONE',  #917 ) ;
#6729 = ORIENTED_EDGE ( 'NONE', *, *, #1042, .T. ) ;
#6730 = CARTESIAN_POINT ( 'NONE',  ( 729.0204228011621126, 2148.025372459793289, 251.0000000000000000 ) ) ;
#6731 = DIRECTION ( 'NONE',  ( 1.000000000000000000, 0.000000000000000000, -0.000000000000000000 ) ) ;
#6732 = ORIENTED_EDGE ( 'NONE', *, *, #3937, .F. ) ;
#6733 = DIRECTION ( 'NONE',  ( 0.000000000000000000, 0.000000000000000000, 1.000000000000000000 ) ) ;
#6734 = LINE ( 'NONE', #3618, #680 ) ;
#6735 = CARTESIAN_POINT ( 'NONE',  ( -43.64864864864695448, -2225.855855855854770, 450.0000000000000000 ) ) ;
#6736 = CARTESIAN_POINT ( 'NONE',  ( 0.000000000000000000, 0.000000000000000000, 651.0000000000003411 ) ) ;
#6737 = DIRECTION ( 'NONE',  ( -0.000000000000000000, -0.000000000000000000, -1.000000000000000000 ) ) ;
#6738 = VECTOR ( 'NONE', #6555, 1000.000000000000000 ) ;
#6739 = EDGE_CURVE ( 'NONE', #4380, #4649, #194, .T. ) ;
#6740 = ORIENTED_EDGE ( 'NONE', *, *, #649, .T. ) ;
#6741 = CARTESIAN_POINT ( 'NONE',  ( 0.000000000000000000, -1450.855855855854543, 51.00000000000000711 ) ) ;
#6742 = ORIENTED_EDGE ( 'NONE', *, *, #1618, .F. ) ;
#6743 = VECTOR ( 'NONE', #5449, 1000.000000000000000 ) ;
ENDSEC;
END-ISO-10303-21;
