ISO-10303-21;
HEADER;
FILE_DESCRIPTION (( 'STEP AP214' ),
    '1' );
FILE_NAME ('vertical frame.STEP',
    '2026-01-28T04:20:00',
    ( '' ),
    ( '' ),
    'SwSTEP 2.0',
    'SolidWorks 2025',
    '' );
FILE_SCHEMA (( 'AUTOMOTIVE_DESIGN' ));
ENDSEC;

DATA;
#1 = FACE_OUTER_BOUND ( 'NONE', #607, .T. ) ;
#2 = ORIENTED_EDGE ( 'NONE', *, *, #1315, .F. ) ;
#3 = DIRECTION ( 'NONE',  ( -0.000000000000000000, -1.000000000000000000, -0.000000000000000000 ) ) ;
#4 = DIRECTION ( 'NONE',  ( -4.270088556250601699E-16, -0.000000000000000000, -1.000000000000000000 ) ) ;
#5 = EDGE_CURVE ( 'NONE', #206, #918, #672, .T. ) ;
#6 = EDGE_LOOP ( 'NONE', ( #1062, #936, #591, #1099 ) ) ;
#7 = LINE ( 'NONE', #843, #463 ) ;
#8 = LINE ( 'NONE', #489, #1547 ) ;
#9 = ORIENTED_EDGE ( 'NONE', *, *, #822, .T. ) ;
#10 = VECTOR ( 'NONE', #1156, 1000.000000000000000 ) ;
#11 = DIRECTION ( 'NONE',  ( -6.938893903907257960E-16, 0.000000000000000000, 1.000000000000000000 ) ) ;
#12 = CARTESIAN_POINT ( 'NONE',  ( -0.8517241379308870819, 25.00000000000000000, -165.8844297653360229 ) ) ;
#13 = VECTOR ( 'NONE', #339, 1000.000000000000000 ) ;
#14 = ORIENTED_EDGE ( 'NONE', *, *, #716, .T. ) ;
#15 = EDGE_CURVE ( 'NONE', #798, #1511, #1494, .T. ) ;
#16 = LINE ( 'NONE', #387, #1456 ) ;
#17 = CYLINDRICAL_SURFACE ( 'NONE', #1151, 5.000000000000002665 ) ;
#18 = ORIENTED_EDGE ( 'NONE', *, *, #948, .T. ) ;
#19 = DIRECTION ( 'NONE',  ( -9.912705577010325549E-17, -0.000000000000000000, -1.000000000000000000 ) ) ;
#20 = LINE ( 'NONE', #738, #228 ) ;
#21 = VECTOR ( 'NONE', #482, 1000.000000000000000 ) ;
#22 = ORIENTED_EDGE ( 'NONE', *, *, #1147, .F. ) ;
#23 = AXIS2_PLACEMENT_3D ( 'NONE', #128, #1429, #1461 ) ;
#24 = PLANE ( 'NONE',  #437 ) ;
#25 = DIRECTION ( 'NONE',  ( 0.000000000000000000, 0.000000000000000000, -1.000000000000000000 ) ) ;
#26 = AXIS2_PLACEMENT_3D ( 'NONE', #170, #520, #993 ) ;
#27 = EDGE_CURVE ( 'NONE', #976, #1404, #1170, .T. ) ;
#28 = ORIENTED_EDGE ( 'NONE', *, *, #806, .F. ) ;
#29 = ORIENTED_EDGE ( 'NONE', *, *, #632, .T. ) ;
#30 = DIRECTION ( 'NONE',  ( 0.000000000000000000, 0.000000000000000000, -1.000000000000000000 ) ) ;
#31 = DIRECTION ( 'NONE',  ( 1.000000000000000000, 0.000000000000000000, 6.938893903907257960E-16 ) ) ;
#32 = ORIENTED_EDGE ( 'NONE', *, *, #1269, .T. ) ;
#33 = FACE_OUTER_BOUND ( 'NONE', #1241, .T. ) ;
#34 = LINE ( 'NONE', #480, #1417 ) ;
#35 = ORIENTED_EDGE ( 'NONE', *, *, #247, .F. ) ;
#36 = ADVANCED_FACE ( 'NONE', ( #705, #711 ), #737, .F. ) ;
#37 = VECTOR ( 'NONE', #658, 1000.000000000000000 ) ;
#38 = CARTESIAN_POINT ( 'NONE',  ( -68.35172413793101498, 50.00000000000000000, -159.8844297653359376 ) ) ;
#39 = CARTESIAN_POINT ( 'NONE',  ( -88.35172413793091550, 50.00000000000000000, 130.1155702346641476 ) ) ;
#40 = DIRECTION ( 'NONE',  ( -1.000000000000000000, 0.000000000000000000, 0.000000000000000000 ) ) ;
#41 = DIRECTION ( 'NONE',  ( -0.000000000000000000, -1.000000000000000000, -0.000000000000000000 ) ) ;
#42 = ORIENTED_EDGE ( 'NONE', *, *, #364, .F. ) ;
#43 = EDGE_CURVE ( 'NONE', #1404, #583, #121, .T. ) ;
#44 = FACE_BOUND ( 'NONE', #961, .T. ) ;
#45 = LINE ( 'NONE', #154, #743 ) ;
#46 = EDGE_CURVE ( 'NONE', #869, #576, #1409, .T. ) ;
#47 = CARTESIAN_POINT ( 'NONE',  ( 16.64827586206911292, 0.000000000000000000, 190.1155702346640624 ) ) ;
#48 = AXIS2_PLACEMENT_3D ( 'NONE', #729, #1183, #608 ) ;
#49 = DIRECTION ( 'NONE',  ( -3.265361837132813586E-16, -0.000000000000000000, -1.000000000000000000 ) ) ;
#50 = DIRECTION ( 'NONE',  ( 3.265361837132813586E-16, -0.000000000000000000, 1.000000000000000000 ) ) ;
#51 = PLANE ( 'NONE',  #61 ) ;
#52 = DIRECTION ( 'NONE',  ( -0.000000000000000000, -0.000000000000000000, -1.000000000000000000 ) ) ;
#53 = EDGE_CURVE ( 'NONE', #75, #813, #131, .T. ) ;
#54 = CARTESIAN_POINT ( 'NONE',  ( -5.851724137930889746, 25.00000000000000000, -159.8844297653359376 ) ) ;
#55 = ORIENTED_EDGE ( 'NONE', *, *, #718, .F. ) ;
#56 = DIRECTION ( 'NONE',  ( 0.000000000000000000, 0.000000000000000000, -1.000000000000000000 ) ) ;
#57 = CARTESIAN_POINT ( 'NONE',  ( 16.64827586206911292, 0.000000000000000000, 125.1155702346640766 ) ) ;
#58 = CARTESIAN_POINT ( 'NONE',  ( -68.35172413793088708, 50.00000000000000000, 190.1155702346641192 ) ) ;
#59 = EDGE_CURVE ( 'NONE', #112, #622, #592, .T. ) ;
#60 = DIRECTION ( 'NONE',  ( -1.000000000000000000, 0.000000000000000000, 0.000000000000000000 ) ) ;
#61 = AXIS2_PLACEMENT_3D ( 'NONE', #1013, #1477, #415 ) ;
#62 = VERTEX_POINT ( 'NONE', #361 ) ;
#63 = FACE_BOUND ( 'NONE', #1124, .T. ) ;
#64 = EDGE_LOOP ( 'NONE', ( #470, #1353, #710, #18 ) ) ;
#65 = LINE ( 'NONE', #58, #398 ) ;
#66 = ORIENTED_EDGE ( 'NONE', *, *, #232, .F. ) ;
#67 = CARTESIAN_POINT ( 'NONE',  ( -173.3517241379310008, 50.00000000000000000, -154.8844297653358808 ) ) ;
#68 = VECTOR ( 'NONE', #536, 1000.000000000000000 ) ;
#69 = VECTOR ( 'NONE', #1219, 1000.000000000000000 ) ;
#70 = ADVANCED_FACE ( 'NONE', ( #1214 ), #823, .F. ) ;
#71 = VERTEX_POINT ( 'NONE', #1545 ) ;
#72 = CARTESIAN_POINT ( 'NONE',  ( -0.8517241379308870819, 25.00000000000000000, -154.8844297653359092 ) ) ;
#73 = DIRECTION ( 'NONE',  ( -0.000000000000000000, -1.000000000000000000, -0.000000000000000000 ) ) ;
#74 = AXIS2_PLACEMENT_3D ( 'NONE', #12, #469, #378 ) ;
#75 = VERTEX_POINT ( 'NONE', #950 ) ;
#76 = DIRECTION ( 'NONE',  ( 6.938893903907257960E-16, 0.000000000000000000, -1.000000000000000000 ) ) ;
#77 = ORIENTED_EDGE ( 'NONE', *, *, #1096, .T. ) ;
#78 = CARTESIAN_POINT ( 'NONE',  ( 16.64827586206901344, 75.00000000000001421, -219.8844297653357671 ) ) ;
#79 = ORIENTED_EDGE ( 'NONE', *, *, #1015, .F. ) ;
#80 = EDGE_CURVE ( 'NONE', #1288, #1485, #831, .T. ) ;
#81 = CARTESIAN_POINT ( 'NONE',  ( -155.8517241379310576, 25.00000000000000000, -154.8844297653358524 ) ) ;
#82 = APPLICATION_PROTOCOL_DEFINITION ( 'draft international standard', 'automotive_design', 1998, #1004 ) ;
#83 = ORIENTED_EDGE ( 'NONE', *, *, #27, .T. ) ;
#84 = DIRECTION ( 'NONE',  ( 1.000000000000000000, 0.000000000000000000, -0.000000000000000000 ) ) ;
#85 = ORIENTED_EDGE ( 'NONE', *, *, #572, .T. ) ;
#86 = AXIS2_PLACEMENT_3D ( 'NONE', #882, #772, #40 ) ;
#87 = CARTESIAN_POINT ( 'NONE',  ( -0.8517241379308870819, 25.00000000000000000, 125.1155702346640766 ) ) ;
#88 = VECTOR ( 'NONE', #554, 1000.000000000000000 ) ;
#89 = ORIENTED_EDGE ( 'NONE', *, *, #844, .T. ) ;
#90 = ORIENTED_EDGE ( 'NONE', *, *, #768, .F. ) ;
#91 = CARTESIAN_POINT ( 'NONE',  ( -68.35172413793101498, 50.00000000000000000, -159.8844297653359376 ) ) ;
#92 = EDGE_CURVE ( 'NONE', #1034, #1163, #171, .T. ) ;
#93 = ORIENTED_EDGE ( 'NONE', *, *, #59, .F. ) ;
#94 = LINE ( 'NONE', #1057, #613 ) ;
#95 = ORIENTED_EDGE ( 'NONE', *, *, #873, .F. ) ;
#96 = VECTOR ( 'NONE', #1231, 1000.000000000000000 ) ;
#97 = DIRECTION ( 'NONE',  ( -1.000000000000000000, -0.000000000000000000, -0.000000000000000000 ) ) ;
#98 = ORIENTED_EDGE ( 'NONE', *, *, #1269, .F. ) ;
#99 = PLANE ( 'NONE',  #126 ) ;
#100 = VECTOR ( 'NONE', #1410, 1000.000000000000000 ) ;
#101 = ORIENTED_EDGE ( 'NONE', *, *, #167, .F. ) ;
#102 = EDGE_CURVE ( 'NONE', #230, #1266, #1415, .T. ) ;
#103 = LINE ( 'NONE', #78, #413 ) ;
#104 = ORIENTED_EDGE ( 'NONE', *, *, #217, .F. ) ;
#105 = PLANE ( 'NONE',  #1443 ) ;
#106 = DIRECTION ( 'NONE',  ( -0.000000000000000000, -0.000000000000000000, 1.000000000000000000 ) ) ;
#107 = ORIENTED_EDGE ( 'NONE', *, *, #1359, .T. ) ;
#108 = CARTESIAN_POINT ( 'NONE',  ( -88.35172413793101498, 0.000000000000000000, -159.8844297653358808 ) ) ;
#109 = ADVANCED_FACE ( 'NONE', ( #1319 ), #137, .F. ) ;
#110 = DIRECTION ( 'NONE',  ( -0.000000000000000000, -0.000000000000000000, 1.000000000000000000 ) ) ;
#111 = EDGE_CURVE ( 'NONE', #1060, #976, #276, .T. ) ;
#112 = VERTEX_POINT ( 'NONE', #847 ) ;
#113 = VECTOR ( 'NONE', #1019, 1000.000000000000000 ) ;
#114 = CARTESIAN_POINT ( 'NONE',  ( 16.64827586206911292, 50.00000000000000000, 190.1155702346640624 ) ) ;
#115 = FACE_OUTER_BOUND ( 'NONE', #891, .T. ) ;
#116 = ORIENTED_EDGE ( 'NONE', *, *, #1465, .T. ) ;
#117 = DIRECTION ( 'NONE',  ( 0.000000000000000000, 0.000000000000000000, 1.000000000000000000 ) ) ;
#118 = DIRECTION ( 'NONE',  ( 1.000000000000000000, 0.000000000000000000, -0.000000000000000000 ) ) ;
#119 = EDGE_LOOP ( 'NONE', ( #1268, #256, #502, #633 ) ) ;
#120 = ADVANCED_FACE ( 'NONE', ( #1091 ), #105, .F. ) ;
#121 = CIRCLE ( 'NONE', #700, 4.999999999999976907 ) ;
#122 = PLANE ( 'NONE',  #1003 ) ;
#123 = LINE ( 'NONE', #483, #1493 ) ;
#124 = VECTOR ( 'NONE', #262, 1000.000000000000000 ) ;
#125 = ORIENTED_EDGE ( 'NONE', *, *, #1207, .T. ) ;
#126 = AXIS2_PLACEMENT_3D ( 'NONE', #571, #919, #810 ) ;
#127 = CYLINDRICAL_SURFACE ( 'NONE', #1532, 4.999999999999976907 ) ;
#128 = CARTESIAN_POINT ( 'NONE',  ( -0.8517241379308870819, 25.00000000000000000, 130.1155702346640908 ) ) ;
#129 = ORIENTED_EDGE ( 'NONE', *, *, #257, .T. ) ;
#130 = ADVANCED_FACE ( 'NONE', ( #1100 ), #1423, .F. ) ;
#131 = LINE ( 'NONE', #114, #21 ) ;
#132 = CARTESIAN_POINT ( 'NONE',  ( -150.8517241379309439, 25.00000000000000000, 125.1155702346641050 ) ) ;
#133 = ORIENTED_EDGE ( 'NONE', *, *, #1359, .F. ) ;
#134 = PLANE ( 'NONE',  #638 ) ;
#135 = DIRECTION ( 'NONE',  ( -1.000000000000000000, 0.000000000000000000, 0.000000000000000000 ) ) ;
#136 = ORIENTED_EDGE ( 'NONE', *, *, #487, .F. ) ;
#137 = PLANE ( 'NONE',  #575 ) ;
#138 = CARTESIAN_POINT ( 'NONE',  ( -173.3517241379309155, 50.00000000000000000, 195.1155702346640624 ) ) ;
#139 = VERTEX_POINT ( 'NONE', #1327 ) ;
#140 = DIRECTION ( 'NONE',  ( 0.000000000000000000, 0.000000000000000000, -1.000000000000000000 ) ) ;
#141 = ADVANCED_FACE ( 'NONE', ( #258 ), #122, .T. ) ;
#142 = FACE_OUTER_BOUND ( 'NONE', #6, .T. ) ;
#143 = ORIENTED_EDGE ( 'NONE', *, *, #768, .T. ) ;
#144 = PLANE ( 'NONE',  #1487 ) ;
#145 = CARTESIAN_POINT ( 'NONE',  ( -0.8517241379308870819, 25.00000000000000000, -165.8844297653360229 ) ) ;
#146 = AXIS2_PLACEMENT_3D ( 'NONE', #81, #56, #1026 ) ;
#147 = ORIENTED_EDGE ( 'NONE', *, *, #1187, .F. ) ;
#148 = VECTOR ( 'NONE', #884, 1000.000000000000000 ) ;
#149 = DIRECTION ( 'NONE',  ( 5.551115123125778758E-15, 0.000000000000000000, -1.000000000000000000 ) ) ;
#150 = DIRECTION ( 'NONE',  ( -0.000000000000000000, -1.000000000000000000, -0.000000000000000000 ) ) ;
#151 = VECTOR ( 'NONE', #1343, 1000.000000000000000 ) ;
#152 = VERTEX_POINT ( 'NONE', #492 ) ;
#153 = LINE ( 'NONE', #1242, #96 ) ;
#154 = CARTESIAN_POINT ( 'NONE',  ( 11.64827586206910937, 0.000000000000000000, 130.1155702346640908 ) ) ;
#155 = PLANE ( 'NONE',  #704 ) ;
#156 = LINE ( 'NONE', #67, #624 ) ;
#157 = EDGE_CURVE ( 'NONE', #555, #653, #974, .T. ) ;
#158 = ORIENTED_EDGE ( 'NONE', *, *, #861, .F. ) ;
#159 = EDGE_CURVE ( 'NONE', #535, #714, #153, .T. ) ;
#160 = ORIENTED_EDGE ( 'NONE', *, *, #1125, .T. ) ;
#161 = VECTOR ( 'NONE', #261, 1000.000000000000000 ) ;
#162 = CARTESIAN_POINT ( 'NONE',  ( 11.64827586206910937, 50.00000000000000000, 157.6155702346640624 ) ) ;
#163 = PLANE ( 'NONE',  #466 ) ;
#164 = DIRECTION ( 'NONE',  ( -1.000000000000000000, 0.000000000000000000, -3.469446951953614189E-16 ) ) ;
#165 = CARTESIAN_POINT ( 'NONE',  ( -68.35172413793101498, 0.000000000000000000, -219.8844297653357955 ) ) ;
#166 = ORIENTED_EDGE ( 'NONE', *, *, #217, .T. ) ;
#167 = EDGE_CURVE ( 'NONE', #1094, #1044, #770, .T. ) ;
#168 = CARTESIAN_POINT ( 'NONE',  ( -173.3517241379309155, 50.00000000000000000, 125.1155702346641050 ) ) ;
#169 = LINE ( 'NONE', #1355, #1507 ) ;
#170 = CARTESIAN_POINT ( 'NONE',  ( -0.8517241379308870819, 25.00000000000000000, -159.8844297653359376 ) ) ;
#171 = CIRCLE ( 'NONE', #979, 4.999999999999976907 ) ;
#172 = CARTESIAN_POINT ( 'NONE',  ( 16.64827586206900278, 0.000000000000000000, -154.8844297653359092 ) ) ;
#173 = AXIS2_PLACEMENT_3D ( 'NONE', #145, #880, #297 ) ;
#174 = ORIENTED_EDGE ( 'NONE', *, *, #1306, .T. ) ;
#175 = DIRECTION ( 'NONE',  ( -0.000000000000000000, -1.000000000000000000, -0.000000000000000000 ) ) ;
#176 = CARTESIAN_POINT ( 'NONE',  ( -68.35172413793091550, 50.00000000000000000, -154.8844297653359376 ) ) ;
#177 = EDGE_CURVE ( 'NONE', #1044, #653, #1335, .T. ) ;
#178 = DIRECTION ( 'NONE',  ( -0.000000000000000000, -1.000000000000000000, -0.000000000000000000 ) ) ;
#179 = CARTESIAN_POINT ( 'NONE',  ( -168.3517241379310292, 0.000000000000000000, -187.3844297653358524 ) ) ;
#180 = ORIENTED_EDGE ( 'NONE', *, *, #759, .F. ) ;
#181 = CARTESIAN_POINT ( 'NONE',  ( -160.8517241379309155, 25.00000000000000000, 145.1155702346640908 ) ) ;
#182 = CARTESIAN_POINT ( 'NONE',  ( -88.35172413793092971, 0.000000000000000000, -154.8844297653358808 ) ) ;
#183 = VECTOR ( 'NONE', #1451, 1000.000000000000000 ) ;
#184 = VERTEX_POINT ( 'NONE', #1126 ) ;
#185 = DIRECTION ( 'NONE',  ( 0.000000000000000000, -1.000000000000000000, 0.000000000000000000 ) ) ;
#186 = VERTEX_POINT ( 'NONE', #500 ) ;
#187 = EDGE_CURVE ( 'NONE', #1299, #1090, #1457, .T. ) ;
#188 = LINE ( 'NONE', #172, #841 ) ;
#189 = ORIENTED_EDGE ( 'NONE', *, *, #238, .F. ) ;
#190 = PLANE ( 'NONE',  #525 ) ;
#191 =( LENGTH_UNIT ( ) NAMED_UNIT ( * ) SI_UNIT ( .MILLI., .METRE. ) );
#192 = ORIENTED_EDGE ( 'NONE', *, *, #727, .T. ) ;
#193 = CARTESIAN_POINT ( 'NONE',  ( -173.3517241379310292, 50.00000000000000000, -187.3844297653358524 ) ) ;
#194 = VERTEX_POINT ( 'NONE', #983 ) ;
#195 = DIRECTION ( 'NONE',  ( -0.000000000000000000, -0.000000000000000000, -1.000000000000000000 ) ) ;
#196 = AXIS2_PLACEMENT_3D ( 'NONE', #775, #1119, #1354 ) ;
#197 = AXIS2_PLACEMENT_3D ( 'NONE', #300, #1468, #1358 ) ;
#198 = ORIENTED_EDGE ( 'NONE', *, *, #1455, .F. ) ;
#199 = DIRECTION ( 'NONE',  ( -1.000000000000000000, 0.000000000000000000, 0.000000000000000000 ) ) ;
#200 =( NAMED_UNIT ( * ) PLANE_ANGLE_UNIT ( ) SI_UNIT ( $, .RADIAN. ) );
#201 = ORIENTED_EDGE ( 'NONE', *, *, #1259, .T. ) ;
#202 = CARTESIAN_POINT ( 'NONE',  ( 11.64827586206910937, 50.00000000000000000, 130.1155702346640908 ) ) ;
#203 = ORIENTED_EDGE ( 'NONE', *, *, #1315, .T. ) ;
#204 = DIRECTION ( 'NONE',  ( -0.000000000000000000, -1.000000000000000000, -0.000000000000000000 ) ) ;
#205 = EDGE_CURVE ( 'NONE', #230, #186, #745, .T. ) ;
#206 = VERTEX_POINT ( 'NONE', #634 ) ;
#207 = LINE ( 'NONE', #1167, #1005 ) ;
#208 = ADVANCED_FACE ( 'NONE', ( #885 ), #862, .F. ) ;
#209 = DIRECTION ( 'NONE',  ( 1.000000000000000000, 0.000000000000000000, 0.000000000000000000 ) ) ;
#210 = EDGE_LOOP ( 'NONE', ( #801, #868, #1040, #972 ) ) ;
#211 = CARTESIAN_POINT ( 'NONE',  ( 11.64827586206910937, 50.00000000000000000, 130.1155702346640908 ) ) ;
#212 = ORIENTED_EDGE ( 'NONE', *, *, #931, .F. ) ;
#213 = VECTOR ( 'NONE', #471, 1000.000000000000000 ) ;
#214 = CARTESIAN_POINT ( 'NONE',  ( 11.64827586206910937, 50.00000000000000000, 157.6155702346640624 ) ) ;
#215 = AXIS2_PLACEMENT_3D ( 'NONE', #815, #1282, #209 ) ;
#216 = ORIENTED_EDGE ( 'NONE', *, *, #1125, .F. ) ;
#217 = EDGE_CURVE ( 'NONE', #1094, #263, #756, .T. ) ;
#218 = EDGE_LOOP ( 'NONE', ( #587, #423, #1459, #1439, #1348, #784, #522, #1263, #559, #252, #1302, #192, #940, #166, #646, #1309, #1069, #1213, #570, #473, #846, #1498, #85, #174, #1292, #1017, #1065, #116, #663, #821, #573, #368 ) ) ;
#219 = DIRECTION ( 'NONE',  ( 1.000000000000000000, -0.000000000000000000, 1.040834085586085203E-14 ) ) ;
#220 = EDGE_LOOP ( 'NONE', ( #379, #1154, #1384, #434 ) ) ;
#221 = PLANE ( 'NONE',  #1505 ) ;
#222 = MANIFOLD_SOLID_BREP ( 'Cut-Extrude2', #1345 ) ;
#223 = VECTOR ( 'NONE', #414, 1000.000000000000000 ) ;
#224 = VERTEX_POINT ( 'NONE', #162 ) ;
#225 = VECTOR ( 'NONE', #150, 1000.000000000000000 ) ;
#226 = DIRECTION ( 'NONE',  ( -1.000000000000000000, 0.000000000000000000, 0.000000000000000000 ) ) ;
#227 = PLANE ( 'NONE',  #1205 ) ;
#228 = VECTOR ( 'NONE', #259, 1000.000000000000000 ) ;
#229 = ADVANCED_FACE ( 'NONE', ( #44, #385 ), #144, .F. ) ;
#230 = VERTEX_POINT ( 'NONE', #642 ) ;
#231 = DIRECTION ( 'NONE',  ( 0.000000000000000000, 0.000000000000000000, 1.000000000000000000 ) ) ;
#232 = EDGE_CURVE ( 'NONE', #1247, #1485, #408, .T. ) ;
#233 = ORIENTED_EDGE ( 'NONE', *, *, #1542, .F. ) ;
#234 = CARTESIAN_POINT ( 'NONE',  ( -68.35172413793091550, 0.000000000000000000, -154.8844297653359376 ) ) ;
#235 = DIRECTION ( 'NONE',  ( -0.000000000000000000, -1.000000000000000000, -0.000000000000000000 ) ) ;
#236 = EDGE_LOOP ( 'NONE', ( #944, #1430, #55, #1277 ) ) ;
#237 = CARTESIAN_POINT ( 'NONE',  ( 16.64827586206901344, 75.00000000000001421, -219.8844297653357671 ) ) ;
#238 = EDGE_CURVE ( 'NONE', #926, #932, #1130, .T. ) ;
#239 = VECTOR ( 'NONE', #1225, 1000.000000000000000 ) ;
#240 = LINE ( 'NONE', #1509, #350 ) ;
#241 = ORIENTED_EDGE ( 'NONE', *, *, #541, .T. ) ;
#242 = DIRECTION ( 'NONE',  ( -0.000000000000000000, -1.000000000000000000, -0.000000000000000000 ) ) ;
#243 = LINE ( 'NONE', #1215, #1058 ) ;
#244 = VERTEX_POINT ( 'NONE', #625 ) ;
#245 = FACE_OUTER_BOUND ( 'NONE', #1365, .T. ) ;
#246 = DIRECTION ( 'NONE',  ( 0.000000000000000000, -1.000000000000000000, 0.000000000000000000 ) ) ;
#247 = EDGE_CURVE ( 'NONE', #432, #461, #1110, .T. ) ;
#248 = EDGE_LOOP ( 'NONE', ( #426, #348, #1448, #241 ) ) ;
#249 = VECTOR ( 'NONE', #3, 1000.000000000000000 ) ;
#250 = CARTESIAN_POINT ( 'NONE',  ( -118.3517241379308587, 50.00000000000000000, 190.1155702346640908 ) ) ;
#251 = FACE_OUTER_BOUND ( 'NONE', #490, .T. ) ;
#252 = ORIENTED_EDGE ( 'NONE', *, *, #1235, .T. ) ;
#253 = VECTOR ( 'NONE', #4, 1000.000000000000000 ) ;
#254 = LINE ( 'NONE', #962, #389 ) ;
#255 = DIRECTION ( 'NONE',  ( -0.000000000000000000, -1.000000000000000000, -0.000000000000000000 ) ) ;
#256 = ORIENTED_EDGE ( 'NONE', *, *, #553, .F. ) ;
#257 = EDGE_CURVE ( 'NONE', #1511, #319, #1341, .T. ) ;
#258 = FACE_OUTER_BOUND ( 'NONE', #1176, .T. ) ;
#259 = DIRECTION ( 'NONE',  ( -1.000000000000000000, -0.000000000000000000, -1.850371707708598704E-15 ) ) ;
#260 = ORIENTED_EDGE ( 'NONE', *, *, #1117, .T. ) ;
#261 = DIRECTION ( 'NONE',  ( 1.000000000000000000, -0.000000000000000000, 3.265361837132816544E-16 ) ) ;
#262 = DIRECTION ( 'NONE',  ( -0.000000000000000000, -1.000000000000000000, -0.000000000000000000 ) ) ;
#263 = VERTEX_POINT ( 'NONE', #1159 ) ;
#264 = DIRECTION ( 'NONE',  ( -1.000000000000000000, -0.000000000000000000, -1.850371707708598704E-15 ) ) ;
#265 = DIRECTION ( 'NONE',  ( -1.000000000000000000, 0.000000000000000000, 4.270088556250601699E-16 ) ) ;
#266 = ADVANCED_FACE ( 'NONE', ( #311 ), #799, .F. ) ;
#267 =( GEOMETRIC_REPRESENTATION_CONTEXT ( 3 ) GLOBAL_UNCERTAINTY_ASSIGNED_CONTEXT ( ( #973 ) ) GLOBAL_UNIT_ASSIGNED_CONTEXT ( ( #191, #200, #791 ) ) REPRESENTATION_CONTEXT ( 'NONE', 'WORKASPACE' ) );
#268 = VERTEX_POINT ( 'NONE', #1141 ) ;
#269 = DIRECTION ( 'NONE',  ( 3.265361837132816544E-16, 0.000000000000000000, -1.000000000000000000 ) ) ;
#270 = ORIENTED_EDGE ( 'NONE', *, *, #15, .F. ) ;
#271 = CARTESIAN_POINT ( 'NONE',  ( -173.3517241379309155, 50.00000000000000000, 125.1155702346641050 ) ) ;
#272 = EDGE_LOOP ( 'NONE', ( #750, #79, #1496, #147 ) ) ;
#273 = ORIENTED_EDGE ( 'NONE', *, *, #305, .T. ) ;
#274 = CARTESIAN_POINT ( 'NONE',  ( -168.3517241379310292, 50.00000000000000000, -159.8844297653358808 ) ) ;
#275 = DIRECTION ( 'NONE',  ( 1.000000000000000000, -0.000000000000000000, 5.551115123125777969E-15 ) ) ;
#276 = CIRCLE ( 'NONE', #48, 4.999999999999976907 ) ;
#277 = AXIS2_PLACEMENT_3D ( 'NONE', #1022, #534, #888 ) ;
#278 = EDGE_CURVE ( 'NONE', #186, #112, #1491, .T. ) ;
#279 = FACE_BOUND ( 'NONE', #351, .T. ) ;
#280 = EDGE_CURVE ( 'NONE', #976, #1060, #1201, .T. ) ;
#281 = CARTESIAN_POINT ( 'NONE',  ( -0.8517241379308870819, 25.00000000000000000, 130.1155702346640908 ) ) ;
#282 = AXIS2_PLACEMENT_3D ( 'NONE', #341, #1388, #1045 ) ;
#283 = ORIENTED_EDGE ( 'NONE', *, *, #257, .F. ) ;
#284 = FILL_AREA_STYLE_COLOUR ( '', #1364 ) ;
#285 = DIRECTION ( 'NONE',  ( 1.000000000000000000, -0.000000000000000000, 2.312964634635743450E-16 ) ) ;
#286 = CARTESIAN_POINT ( 'NONE',  ( -155.8517241379309439, 25.00000000000000000, 145.1155702346640908 ) ) ;
#287 = LINE ( 'NONE', #1002, #1093 ) ;
#288 = VERTEX_POINT ( 'NONE', #1150 ) ;
#289 = VECTOR ( 'NONE', #1173, 1000.000000000000000 ) ;
#290 = CARTESIAN_POINT ( 'NONE',  ( -68.35172413793091550, 50.00000000000000000, -154.8844297653359376 ) ) ;
#291 = CARTESIAN_POINT ( 'NONE',  ( -88.35172413793091550, 0.000000000000000000, 130.1155702346641476 ) ) ;
#292 = FACE_OUTER_BOUND ( 'NONE', #220, .T. ) ;
#293 = VECTOR ( 'NONE', #1342, 1000.000000000000000 ) ;
#294 = CARTESIAN_POINT ( 'NONE',  ( -173.3517241379309155, 50.00000000000000000, 125.1155702346641050 ) ) ;
#295 = EDGE_CURVE ( 'NONE', #75, #1052, #240, .T. ) ;
#296 =( LENGTH_UNIT ( ) NAMED_UNIT ( * ) SI_UNIT ( .MILLI., .METRE. ) );
#297 = DIRECTION ( 'NONE',  ( 1.000000000000000000, 0.000000000000000000, 0.000000000000000000 ) ) ;
#298 = CARTESIAN_POINT ( 'NONE',  ( -68.35172413793101498, 0.000000000000000000, -159.8844297653359376 ) ) ;
#299 = VECTOR ( 'NONE', #242, 1000.000000000000000 ) ;
#300 = CARTESIAN_POINT ( 'NONE',  ( 16.64827586206901344, 75.00000000000001421, -219.8844297653357671 ) ) ;
#301 = AXIS2_PLACEMENT_3D ( 'NONE', #1350, #52, #1252 ) ;
#302 = ORIENTED_EDGE ( 'NONE', *, *, #873, .T. ) ;
#303 = CARTESIAN_POINT ( 'NONE',  ( -68.35172413793091550, 50.00000000000000000, -154.8844297653359376 ) ) ;
#304 = FACE_OUTER_BOUND ( 'NONE', #306, .T. ) ;
#305 = EDGE_CURVE ( 'NONE', #206, #921, #543, .T. ) ;
#306 = EDGE_LOOP ( 'NONE', ( #568, #203, #160, #260 ) ) ;
#307 = FACE_OUTER_BOUND ( 'NONE', #1116, .T. ) ;
#308 = ORIENTED_EDGE ( 'NONE', *, *, #177, .F. ) ;
#309 = CARTESIAN_POINT ( 'NONE',  ( -155.8517241379309439, 25.00000000000000000, 145.1155702346640908 ) ) ;
#310 = ORIENTED_EDGE ( 'NONE', *, *, #814, .F. ) ;
#311 = FACE_OUTER_BOUND ( 'NONE', #1118, .T. ) ;
#312 = PLANE ( 'NONE',  #892 ) ;
#313 = VECTOR ( 'NONE', #343, 1000.000000000000000 ) ;
#314 = ORIENTED_EDGE ( 'NONE', *, *, #384, .T. ) ;
#315 = CARTESIAN_POINT ( 'NONE',  ( -173.3517241379310008, 75.00000000000001421, -219.8844297653358808 ) ) ;
#316 = EDGE_CURVE ( 'NONE', #857, #932, #589, .T. ) ;
#317 = ORIENTED_EDGE ( 'NONE', *, *, #796, .T. ) ;
#318 = LINE ( 'NONE', #108, #688 ) ;
#319 = VERTEX_POINT ( 'NONE', #1018 ) ;
#320 = DIRECTION ( 'NONE',  ( -0.000000000000000000, -1.000000000000000000, -0.000000000000000000 ) ) ;
#321 = DIRECTION ( 'NONE',  ( -8.540177112501212273E-16, 0.000000000000000000, -1.000000000000000000 ) ) ;
#322 = EDGE_LOOP ( 'NONE', ( #77, #101, #22, #878 ) ) ;
#323 = LINE ( 'NONE', #91, #1420 ) ;
#324 = EDGE_LOOP ( 'NONE', ( #1453, #551, #685, #302 ) ) ;
#325 = EDGE_CURVE ( 'NONE', #1034, #1522, #1482, .T. ) ;
#326 = CARTESIAN_POINT ( 'NONE',  ( -155.8517241379309439, 25.00000000000000000, 125.1155702346641050 ) ) ;
#327 = VECTOR ( 'NONE', #717, 1000.000000000000000 ) ;
#328 = EDGE_CURVE ( 'NONE', #194, #1090, #1072, .T. ) ;
#329 = VECTOR ( 'NONE', #320, 1000.000000000000000 ) ;
#330 = EDGE_LOOP ( 'NONE', ( #419, #95, #742, #391 ) ) ;
#331 = VECTOR ( 'NONE', #1144, 1000.000000000000000 ) ;
#332 = CARTESIAN_POINT ( 'NONE',  ( -168.3517241379310292, 0.000000000000000000, -159.8844297653358808 ) ) ;
#333 = ORIENTED_EDGE ( 'NONE', *, *, #46, .T. ) ;
#334 = CARTESIAN_POINT ( 'NONE',  ( -168.3517241379310292, 50.00000000000000000, -159.8844297653358808 ) ) ;
#335 = ORIENTED_EDGE ( 'NONE', *, *, #1492, .F. ) ;
#336 = CARTESIAN_POINT ( 'NONE',  ( -38.35172413793086577, 50.00000000000000000, 195.1155702346640624 ) ) ;
#337 = ADVANCED_FACE ( 'NONE', ( #790 ), #190, .F. ) ;
#338 = ORIENTED_EDGE ( 'NONE', *, *, #1084, .T. ) ;
#339 = DIRECTION ( 'NONE',  ( -0.000000000000000000, -0.000000000000000000, -1.000000000000000000 ) ) ;
#340 = ORIENTED_EDGE ( 'NONE', *, *, #736, .T. ) ;
#341 = CARTESIAN_POINT ( 'NONE',  ( -0.8517241379308870819, 25.00000000000000000, -165.8844297653360229 ) ) ;
#342 = ORIENTED_EDGE ( 'NONE', *, *, #396, .F. ) ;
#343 = DIRECTION ( 'NONE',  ( -0.000000000000000000, -1.000000000000000000, -0.000000000000000000 ) ) ;
#344 = ORIENTED_EDGE ( 'NONE', *, *, #1010, .F. ) ;
#345 = EDGE_CURVE ( 'NONE', #1332, #964, #670, .T. ) ;
#346 = DIRECTION ( 'NONE',  ( -0.000000000000000000, -0.000000000000000000, 1.000000000000000000 ) ) ;
#347 = DIRECTION ( 'NONE',  ( -3.265361837132816544E-16, -0.000000000000000000, 1.000000000000000000 ) ) ;
#348 = ORIENTED_EDGE ( 'NONE', *, *, #316, .F. ) ;
#349 = CARTESIAN_POINT ( 'NONE',  ( -68.35172413793090129, 0.000000000000000000, 130.1155702346641192 ) ) ;
#350 = VECTOR ( 'NONE', #428, 1000.000000000000000 ) ;
#351 = EDGE_LOOP ( 'NONE', ( #769, #1217 ) ) ;
#352 = CIRCLE ( 'NONE', #23, 5.000000000000002665 ) ;
#353 = DIRECTION ( 'NONE',  ( 1.000000000000000000, 0.000000000000000000, 0.000000000000000000 ) ) ;
#354 = PLANE ( 'NONE',  #355 ) ;
#355 = AXIS2_PLACEMENT_3D ( 'NONE', #832, #1076, #477 ) ;
#356 = EDGE_CURVE ( 'NONE', #62, #1288, #924, .T. ) ;
#357 = EDGE_LOOP ( 'NONE', ( #988, #14, #1392, #216 ) ) ;
#358 = CARTESIAN_POINT ( 'NONE',  ( -155.8517241379309439, 25.00000000000000000, 145.1155702346640908 ) ) ;
#359 = CARTESIAN_POINT ( 'NONE',  ( -88.35172413793092971, 0.000000000000000000, 125.1155702346640766 ) ) ;
#360 = EDGE_LOOP ( 'NONE', ( #681, #1527, #143, #611 ) ) ;
#361 = CARTESIAN_POINT ( 'NONE',  ( -68.35172413793088708, 50.00000000000000000, 125.1155702346640766 ) ) ;
#362 = CARTESIAN_POINT ( 'NONE',  ( -173.3517241379310008, 50.00000000000000000, -154.8844297653358808 ) ) ;
#363 = ORIENTED_EDGE ( 'NONE', *, *, #861, .T. ) ;
#364 = EDGE_CURVE ( 'NONE', #1516, #1329, #1255, .T. ) ;
#365 = CARTESIAN_POINT ( 'NONE',  ( -173.3517241379309155, 50.00000000000000000, 190.1155702346640624 ) ) ;
#366 = VECTOR ( 'NONE', #204, 1000.000000000000000 ) ;
#367 = LINE ( 'NONE', #741, #69 ) ;
#368 = ORIENTED_EDGE ( 'NONE', *, *, #53, .F. ) ;
#369 = DIRECTION ( 'NONE',  ( -1.000000000000000000, 0.000000000000000000, -6.938893903907257960E-16 ) ) ;
#370 = CARTESIAN_POINT ( 'NONE',  ( -173.3517241379309155, 0.000000000000000000, 195.1155702346640624 ) ) ;
#371 = ORIENTED_EDGE ( 'NONE', *, *, #1115, .F. ) ;
#372 = CARTESIAN_POINT ( 'NONE',  ( -68.35172413793101498, 50.00000000000000000, -159.8844297653359376 ) ) ;
#373 = DIRECTION ( 'NONE',  ( 1.000000000000000000, -0.000000000000000000, 0.000000000000000000 ) ) ;
#374 = EDGE_CURVE ( 'NONE', #1426, #665, #1274, .T. ) ;
#375 = ORIENTED_EDGE ( 'NONE', *, *, #766, .T. ) ;
#376 = VECTOR ( 'NONE', #1375, 1000.000000000000000 ) ;
#377 = DIRECTION ( 'NONE',  ( 1.000000000000000000, 0.000000000000000000, 5.843279076974507537E-16 ) ) ;
#378 = DIRECTION ( 'NONE',  ( 1.000000000000000000, 0.000000000000000000, 0.000000000000000000 ) ) ;
#379 = ORIENTED_EDGE ( 'NONE', *, *, #1425, .T. ) ;
#380 = CIRCLE ( 'NONE', #301, 5.000000000000002665 ) ;
#381 = CARTESIAN_POINT ( 'NONE',  ( -168.3517241379309155, 50.00000000000000000, 157.6655702346641021 ) ) ;
#382 = LINE ( 'NONE', #1346, #124 ) ;
#383 = EDGE_LOOP ( 'NONE', ( #1481, #957, #1418, #1313 ) ) ;
#384 = EDGE_CURVE ( 'NONE', #921, #432, #956, .T. ) ;
#385 = FACE_OUTER_BOUND ( 'NONE', #395, .T. ) ;
#386 = DIRECTION ( 'NONE',  ( -1.000000000000000000, 0.000000000000000000, 3.469446951953614682E-16 ) ) ;
#387 = CARTESIAN_POINT ( 'NONE',  ( -38.35172413793086577, 0.000000000000000000, 195.1155702346640624 ) ) ;
#388 = DIRECTION ( 'NONE',  ( -0.000000000000000000, 1.000000000000000000, -0.000000000000000000 ) ) ;
#389 = VECTOR ( 'NONE', #1211, 1000.000000000000000 ) ;
#390 = ORIENTED_EDGE ( 'NONE', *, *, #836, .T. ) ;
#391 = ORIENTED_EDGE ( 'NONE', *, *, #232, .T. ) ;
#392 = ADVANCED_FACE ( 'NONE', ( #63, #552 ), #1036, .F. ) ;
#393 = CARTESIAN_POINT ( 'NONE',  ( -68.35172413793101498, 50.00000000000000000, -159.8844297653359376 ) ) ;
#394 = CARTESIAN_POINT ( 'NONE',  ( -168.3517241379309155, 50.00000000000000000, 157.6655702346641021 ) ) ;
#395 = EDGE_LOOP ( 'NONE', ( #564, #1374, #996, #1152 ) ) ;
#396 = EDGE_CURVE ( 'NONE', #583, #1404, #548, .T. ) ;
#397 = CARTESIAN_POINT ( 'NONE',  ( -68.35172413793101498, 0.000000000000000000, -159.8844297653359376 ) ) ;
#398 = VECTOR ( 'NONE', #178, 1000.000000000000000 ) ;
#399 = LINE ( 'NONE', #1316, #1347 ) ;
#400 = ORIENTED_EDGE ( 'NONE', *, *, #46, .F. ) ;
#401 = EDGE_LOOP ( 'NONE', ( #818, #1221, #1275, #1206 ) ) ;
#402 = SURFACE_STYLE_USAGE ( .BOTH. , #1463 ) ;
#403 = FACE_OUTER_BOUND ( 'NONE', #1059, .T. ) ;
#404 = VECTOR ( 'NONE', #255, 1000.000000000000000 ) ;
#405 = PLANE ( 'NONE',  #1360 ) ;
#406 = EDGE_CURVE ( 'NONE', #1185, #224, #207, .T. ) ;
#407 = DIRECTION ( 'NONE',  ( 0.000000000000000000, 0.000000000000000000, 1.000000000000000000 ) ) ;
#408 = LINE ( 'NONE', #290, #1104 ) ;
#409 = CARTESIAN_POINT ( 'NONE',  ( -88.35172413793092971, 50.00000000000000000, 190.1155702346641192 ) ) ;
#410 = CARTESIAN_POINT ( 'NONE',  ( 16.64827586206911292, 50.00000000000000000, 125.1155702346640766 ) ) ;
#411 = ADVANCED_FACE ( 'NONE', ( #1195 ), #978, .F. ) ;
#412 = LINE ( 'NONE', #1382, #1028 ) ;
#413 = VECTOR ( 'NONE', #1041, 1000.000000000000000 ) ;
#414 = DIRECTION ( 'NONE',  ( 0.000000000000000000, 0.000000000000000000, -1.000000000000000000 ) ) ;
#415 = DIRECTION ( 'NONE',  ( 0.000000000000000000, 0.000000000000000000, 1.000000000000000000 ) ) ;
#416 = CARTESIAN_POINT ( 'NONE',  ( 0.000000000000000000, 0.000000000000000000, 0.000000000000000000 ) ) ;
#417 = DIRECTION ( 'NONE',  ( -2.312964634635742957E-16, -0.000000000000000000, 1.000000000000000000 ) ) ;
#418 = ADVANCED_FACE ( 'NONE', ( #1 ), #1323, .F. ) ;
#419 = ORIENTED_EDGE ( 'NONE', *, *, #678, .T. ) ;
#420 = CARTESIAN_POINT ( 'NONE',  ( -68.35172413793088708, 50.00000000000000000, 125.1155702346640766 ) ) ;
#421 = CYLINDRICAL_SURFACE ( 'NONE', #173, 5.000000000000002665 ) ;
#422 = CARTESIAN_POINT ( 'NONE',  ( -68.35172413793088708, 50.00000000000000000, 190.1155702346641192 ) ) ;
#423 = ORIENTED_EDGE ( 'NONE', *, *, #1333, .T. ) ;
#424 = DIRECTION ( 'NONE',  ( -0.000000000000000000, -0.000000000000000000, -1.000000000000000000 ) ) ;
#425 = VECTOR ( 'NONE', #1528, 1000.000000000000000 ) ;
#426 = ORIENTED_EDGE ( 'NONE', *, *, #238, .T. ) ;
#427 = EDGE_CURVE ( 'NONE', #1537, #641, #733, .T. ) ;
#428 = DIRECTION ( 'NONE',  ( -1.000000000000000000, -0.000000000000000000, 1.850371707708592788E-15 ) ) ;
#429 = CARTESIAN_POINT ( 'NONE',  ( 11.64827586206898502, 50.00000000000000000, -159.8844297653359376 ) ) ;
#430 = CARTESIAN_POINT ( 'NONE',  ( -88.35172413793092971, 50.00000000000000000, -154.8844297653358808 ) ) ;
#431 = LINE ( 'NONE', #456, #1008 ) ;
#432 = VERTEX_POINT ( 'NONE', #1445 ) ;
#433 = CARTESIAN_POINT ( 'NONE',  ( -173.3517241379310292, 0.000000000000000000, -187.3844297653358524 ) ) ;
#434 = ORIENTED_EDGE ( 'NONE', *, *, #553, .T. ) ;
#435 = DIRECTION ( 'NONE',  ( 0.000000000000000000, 0.000000000000000000, 1.000000000000000000 ) ) ;
#436 = EDGE_CURVE ( 'NONE', #244, #1055, #352, .T. ) ;
#437 = AXIS2_PLACEMENT_3D ( 'NONE', #372, #732, #117 ) ;
#438 = DIRECTION ( 'NONE',  ( 1.000000000000000000, -0.000000000000000000, -5.551115123125777969E-15 ) ) ;
#439 = CYLINDRICAL_SURFACE ( 'NONE', #282, 5.000000000000002665 ) ;
#440 = ADVANCED_FACE ( 'NONE', ( #1114 ), #859, .F. ) ;
#441 = ORIENTED_EDGE ( 'NONE', *, *, #1224, .T. ) ;
#442 = CARTESIAN_POINT ( 'NONE',  ( -88.35172413793101498, 50.00000000000000000, -159.8844297653358808 ) ) ;
#443 = ORIENTED_EDGE ( 'NONE', *, *, #939, .F. ) ;
#444 = CARTESIAN_POINT ( 'NONE',  ( -173.3517241379309155, 50.00000000000000000, 157.6655702346641306 ) ) ;
#445 = FACE_OUTER_BOUND ( 'NONE', #829, .T. ) ;
#446 = ORIENTED_EDGE ( 'NONE', *, *, #1084, .F. ) ;
#447 = PLANE ( 'NONE',  #651 ) ;
#448 = ORIENTED_EDGE ( 'NONE', *, *, #459, .F. ) ;
#449 = EDGE_CURVE ( 'NONE', #1490, #1511, #399, .T. ) ;
#450 = DIRECTION ( 'NONE',  ( -3.265361837132813586E-16, -0.000000000000000000, -1.000000000000000000 ) ) ;
#451 = AXIS2_PLACEMENT_3D ( 'NONE', #250, #1295, #839 ) ;
#452 = EDGE_LOOP ( 'NONE', ( #340, #811, #1534, #317 ) ) ;
#453 = VECTOR ( 'NONE', #848, 1000.000000000000000 ) ;
#454 = CARTESIAN_POINT ( 'NONE',  ( -88.35172413793092971, 50.00000000000000000, 125.1155702346640766 ) ) ;
#455 = CARTESIAN_POINT ( 'NONE',  ( -150.8517241379309723, 25.00000000000000000, 145.1155702346640908 ) ) ;
#456 = CARTESIAN_POINT ( 'NONE',  ( 16.64827586206911292, 50.00000000000000000, 190.1155702346640624 ) ) ;
#457 = ORIENTED_EDGE ( 'NONE', *, *, #1317, .T. ) ;
#458 = FACE_BOUND ( 'NONE', #1337, .T. ) ;
#459 = EDGE_CURVE ( 'NONE', #1055, #244, #1469, .T. ) ;
#460 = EDGE_LOOP ( 'NONE', ( #1229, #498, #158, #344 ) ) ;
#461 = VERTEX_POINT ( 'NONE', #614 ) ;
#462 = CARTESIAN_POINT ( 'NONE',  ( -168.3517241379309155, 50.00000000000000000, 130.1155702346641192 ) ) ;
#463 = VECTOR ( 'NONE', #629, 1000.000000000000000 ) ;
#464 = EDGE_LOOP ( 'NONE', ( #1193, #481 ) ) ;
#465 = CARTESIAN_POINT ( 'NONE',  ( 16.64827586206911292, 0.000000000000000000, 125.1155702346640766 ) ) ;
#466 = AXIS2_PLACEMENT_3D ( 'NONE', #648, #285, #643 ) ;
#467 = ORIENTED_EDGE ( 'NONE', *, *, #708, .T. ) ;
#468 = CARTESIAN_POINT ( 'NONE',  ( 11.64827586206898502, 0.000000000000000000, -159.8844297653359376 ) ) ;
#469 = DIRECTION ( 'NONE',  ( 0.000000000000000000, 0.000000000000000000, 1.000000000000000000 ) ) ;
#470 = ORIENTED_EDGE ( 'NONE', *, *, #1074, .T. ) ;
#471 = DIRECTION ( 'NONE',  ( -2.312964634635742957E-16, -0.000000000000000000, -1.000000000000000000 ) ) ;
#472 = DIRECTION ( 'NONE',  ( 6.938893903907257960E-16, 0.000000000000000000, -1.000000000000000000 ) ) ;
#473 = ORIENTED_EDGE ( 'NONE', *, *, #582, .T. ) ;
#474 = AXIS2_PLACEMENT_3D ( 'NONE', #1339, #1204, #25 ) ;
#475 = ADVANCED_FACE ( 'NONE', ( #1098 ), #17, .F. ) ;
#476 = CARTESIAN_POINT ( 'NONE',  ( 11.64827586206898502, 50.00000000000000000, -187.3844297653359092 ) ) ;
#477 = DIRECTION ( 'NONE',  ( -0.000000000000000000, 0.000000000000000000, -1.000000000000000000 ) ) ;
#478 = ORIENTED_EDGE ( 'NONE', *, *, #80, .T. ) ;
#479 = DIRECTION ( 'NONE',  ( 0.000000000000000000, 0.000000000000000000, -1.000000000000000000 ) ) ;
#480 = CARTESIAN_POINT ( 'NONE',  ( -173.3517241379309155, 50.00000000000000000, 195.1155702346640624 ) ) ;
#481 = ORIENTED_EDGE ( 'NONE', *, *, #374, .F. ) ;
#482 = DIRECTION ( 'NONE',  ( 0.000000000000000000, 0.000000000000000000, 1.000000000000000000 ) ) ;
#483 = CARTESIAN_POINT ( 'NONE',  ( -173.3517241379309155, 50.00000000000000000, 157.6655702346641306 ) ) ;
#484 = EDGE_CURVE ( 'NONE', #1305, #1340, #34, .T. ) ;
#485 = VERTEX_POINT ( 'NONE', #971 ) ;
#486 = LINE ( 'NONE', #512, #239 ) ;
#487 = EDGE_CURVE ( 'NONE', #1502, #319, #606, .T. ) ;
#488 = VECTOR ( 'NONE', #231, 1000.000000000000000 ) ;
#489 = CARTESIAN_POINT ( 'NONE',  ( -88.35172413793092971, 50.00000000000000000, 125.1155702346640766 ) ) ;
#490 = EDGE_LOOP ( 'NONE', ( #1260, #923, #507, #580 ) ) ;
#491 = AXIS2_PLACEMENT_3D ( 'NONE', #1500, #1407, #321 ) ;
#492 = CARTESIAN_POINT ( 'NONE',  ( -68.35172413793090129, 0.000000000000000000, 130.1155702346641192 ) ) ;
#493 = LINE ( 'NONE', #1068, #830 ) ;
#494 = ORIENTED_EDGE ( 'NONE', *, *, #806, .T. ) ;
#495 = LINE ( 'NONE', #1330, #161 ) ;
#496 = EDGE_CURVE ( 'NONE', #1413, #1200, #382, .T. ) ;
#497 = DIRECTION ( 'NONE',  ( 1.000000000000000000, 0.000000000000000000, 0.000000000000000000 ) ) ;
#498 = ORIENTED_EDGE ( 'NONE', *, *, #632, .F. ) ;
#499 = VECTOR ( 'NONE', #438, 1000.000000000000000 ) ;
#500 = CARTESIAN_POINT ( 'NONE',  ( 11.64827586206898502, 50.00000000000000000, -187.3844297653359092 ) ) ;
#501 = LINE ( 'NONE', #585, #1301 ) ;
#502 = ORIENTED_EDGE ( 'NONE', *, *, #1326, .F. ) ;
#503 = VECTOR ( 'NONE', #721, 1000.000000000000000 ) ;
#504 = DIRECTION ( 'NONE',  ( 1.000000000000000000, -0.000000000000000000, -0.000000000000000000 ) ) ;
#505 = CARTESIAN_POINT ( 'NONE',  ( 16.64827586206911292, 50.00000000000000000, 195.1155702346640624 ) ) ;
#506 = EDGE_CURVE ( 'NONE', #1090, #641, #367, .T. ) ;
#507 = ORIENTED_EDGE ( 'NONE', *, *, #774, .F. ) ;
#508 = CARTESIAN_POINT ( 'NONE',  ( -168.3517241379309155, 0.000000000000000000, 130.1155702346641192 ) ) ;
#509 = LINE ( 'NONE', #291, #820 ) ;
#510 = ORIENTED_EDGE ( 'NONE', *, *, #736, .F. ) ;
#511 = EDGE_LOOP ( 'NONE', ( #1024, #1172, #598, #1370 ) ) ;
#512 = CARTESIAN_POINT ( 'NONE',  ( -173.3517241379310008, 75.00000000000001421, -219.8844297653358808 ) ) ;
#513 = CARTESIAN_POINT ( 'NONE',  ( -88.35172413793092971, 0.000000000000000000, 190.1155702346641192 ) ) ;
#514 = VECTOR ( 'NONE', #709, 1000.000000000000000 ) ;
#515 = ORIENTED_EDGE ( 'NONE', *, *, #459, .T. ) ;
#516 = ORIENTED_EDGE ( 'NONE', *, *, #506, .T. ) ;
#517 = ADVANCED_FACE ( 'NONE', ( #142 ), #1106, .F. ) ;
#518 = DIRECTION ( 'NONE',  ( -1.000000000000000000, -0.000000000000000000, -0.000000000000000000 ) ) ;
#519 = DIRECTION ( 'NONE',  ( -1.000000000000000000, 0.000000000000000000, 5.551115123125778758E-15 ) ) ;
#520 = DIRECTION ( 'NONE',  ( -0.000000000000000000, -0.000000000000000000, -1.000000000000000000 ) ) ;
#521 = CARTESIAN_POINT ( 'NONE',  ( -173.3517241379309155, 0.000000000000000000, 190.1155702346640624 ) ) ;
#522 = ORIENTED_EDGE ( 'NONE', *, *, #1544, .T. ) ;
#523 = DIRECTION ( 'NONE',  ( -0.000000000000000000, -1.000000000000000000, -0.000000000000000000 ) ) ;
#524 = CARTESIAN_POINT ( 'NONE',  ( -150.8517241379310576, 25.00000000000000000, -159.8844297653358524 ) ) ;
#525 = AXIS2_PLACEMENT_3D ( 'NONE', #303, #1421, #781 ) ;
#526 = EDGE_CURVE ( 'NONE', #734, #813, #1089, .T. ) ;
#527 = AXIS2_PLACEMENT_3D ( 'NONE', #1281, #435, #916 ) ;
#528 = DIRECTION ( 'NONE',  ( 0.000000000000000000, 0.000000000000000000, -1.000000000000000000 ) ) ;
#529 = VECTOR ( 'NONE', #1403, 1000.000000000000000 ) ;
#530 = FACE_OUTER_BOUND ( 'NONE', #119, .T. ) ;
#531 = LINE ( 'NONE', #409, #293 ) ;
#532 = LINE ( 'NONE', #538, #1446 ) ;
#533 = EDGE_CURVE ( 'NONE', #798, #1502, #8, .T. ) ;
#534 = DIRECTION ( 'NONE',  ( -1.000000000000000000, 0.000000000000000000, 0.000000000000000000 ) ) ;
#535 = VERTEX_POINT ( 'NONE', #271 ) ;
#536 = DIRECTION ( 'NONE',  ( 0.000000000000000000, -1.000000000000000000, 0.000000000000000000 ) ) ;
#537 = DIRECTION ( 'NONE',  ( -0.000000000000000000, 1.000000000000000000, -0.000000000000000000 ) ) ;
#538 = CARTESIAN_POINT ( 'NONE',  ( -68.35172413793088708, 0.000000000000000000, 125.1155702346640766 ) ) ;
#539 = ORIENTED_EDGE ( 'NONE', *, *, #449, .T. ) ;
#540 = CARTESIAN_POINT ( 'NONE',  ( 16.64827586206911292, 50.00000000000000000, 125.1155702346640766 ) ) ;
#541 = EDGE_CURVE ( 'NONE', #691, #926, #751, .T. ) ;
#542 = ORIENTED_EDGE ( 'NONE', *, *, #1216, .F. ) ;
#543 = LINE ( 'NONE', #444, #753 ) ;
#544 = FACE_OUTER_BOUND ( 'NONE', #566, .T. ) ;
#545 = ORIENTED_EDGE ( 'NONE', *, *, #1390, .F. ) ;
#546 = FACE_OUTER_BOUND ( 'NONE', #322, .T. ) ;
#547 = ORIENTED_EDGE ( 'NONE', *, *, #280, .F. ) ;
#548 = CIRCLE ( 'NONE', #527, 4.999999999999976907 ) ;
#549 = PLANE ( 'NONE',  #277 ) ;
#550 = EDGE_CURVE ( 'NONE', #1200, #926, #631, .T. ) ;
#551 = ORIENTED_EDGE ( 'NONE', *, *, #102, .F. ) ;
#552 = FACE_OUTER_BOUND ( 'NONE', #838, .T. ) ;
#553 = EDGE_CURVE ( 'NONE', #1210, #461, #1363, .T. ) ;
#554 = DIRECTION ( 'NONE',  ( -1.000000000000000000, -0.000000000000000000, -0.000000000000000000 ) ) ;
#555 = VERTEX_POINT ( 'NONE', #896 ) ;
#556 = LINE ( 'NONE', #730, #982 ) ;
#557 = EDGE_LOOP ( 'NONE', ( #375, #786, #864, #639 ) ) ;
#558 = DIRECTION ( 'NONE',  ( -0.000000000000000000, -0.000000000000000000, -1.000000000000000000 ) ) ;
#559 = ORIENTED_EDGE ( 'NONE', *, *, #960, .T. ) ;
#560 = DIRECTION ( 'NONE',  ( -0.000000000000000000, -1.000000000000000000, -0.000000000000000000 ) ) ;
#561 = CARTESIAN_POINT ( 'NONE',  ( -168.3517241379310292, 50.00000000000000000, -187.3844297653358524 ) ) ;
#562 = ADVANCED_FACE ( 'NONE', ( #1240 ), #913, .F. ) ;
#563 = AXIS2_PLACEMENT_3D ( 'NONE', #326, #684, #1286 ) ;
#564 = ORIENTED_EDGE ( 'NONE', *, *, #1472, .T. ) ;
#565 = FACE_BOUND ( 'NONE', #834, .T. ) ;
#566 = EDGE_LOOP ( 'NONE', ( #107, #98, #1411, #333 ) ) ;
#567 = CARTESIAN_POINT ( 'NONE',  ( 11.64827586206898502, 50.00000000000000000, -159.8844297653359376 ) ) ;
#568 = ORIENTED_EDGE ( 'NONE', *, *, #716, .F. ) ;
#569 = CARTESIAN_POINT ( 'NONE',  ( -88.35172413793101498, 50.00000000000000000, -159.8844297653358808 ) ) ;
#570 = ORIENTED_EDGE ( 'NONE', *, *, #1115, .T. ) ;
#571 = CARTESIAN_POINT ( 'NONE',  ( -88.35172413793038970, 50.00000000000000000, -219.8844297653358240 ) ) ;
#572 = EDGE_CURVE ( 'NONE', #1502, #535, #1016, .T. ) ;
#573 = ORIENTED_EDGE ( 'NONE', *, *, #774, .T. ) ;
#574 = CARTESIAN_POINT ( 'NONE',  ( -155.8517241379309439, 25.00000000000000000, 125.1155702346641050 ) ) ;
#575 = AXIS2_PLACEMENT_3D ( 'NONE', #476, #958, #1303 ) ;
#576 = VERTEX_POINT ( 'NONE', #433 ) ;
#577 = VECTOR ( 'NONE', #76, 1000.000000000000000 ) ;
#578 = ORIENTED_EDGE ( 'NONE', *, *, #5, .F. ) ;
#579 = FACE_OUTER_BOUND ( 'NONE', #1077, .T. ) ;
#580 = ORIENTED_EDGE ( 'NONE', *, *, #484, .T. ) ;
#581 = LINE ( 'NONE', #1515, #313 ) ;
#582 = EDGE_CURVE ( 'NONE', #869, #1290, #156, .T. ) ;
#583 = VERTEX_POINT ( 'NONE', #779 ) ;
#584 = CARTESIAN_POINT ( 'NONE',  ( -155.8517241379309439, 25.00000000000000000, 130.1155702346641192 ) ) ;
#585 = CARTESIAN_POINT ( 'NONE',  ( -5.851724137930889746, 25.00000000000000000, -165.8844297653360229 ) ) ;
#586 = VECTOR ( 'NONE', #424, 1000.000000000000000 ) ;
#587 = ORIENTED_EDGE ( 'NONE', *, *, #295, .T. ) ;
#588 = CARTESIAN_POINT ( 'NONE',  ( -173.3517241379309155, 0.000000000000000000, 125.1155702346641050 ) ) ;
#589 = LINE ( 'NONE', #900, #68 ) ;
#590 = EDGE_CURVE ( 'NONE', #714, #921, #412, .T. ) ;
#591 = ORIENTED_EDGE ( 'NONE', *, *, #1306, .F. ) ;
#592 = LINE ( 'NONE', #468, #899 ) ;
#593 = CYLINDRICAL_SURFACE ( 'NONE', #74, 5.000000000000002665 ) ;
#594 = ORIENTED_EDGE ( 'NONE', *, *, #396, .T. ) ;
#595 = CARTESIAN_POINT ( 'NONE',  ( -88.35172413793092971, 0.000000000000000000, 190.1155702346641192 ) ) ;
#596 = DIRECTION ( 'NONE',  ( 0.000000000000000000, 0.000000000000000000, -1.000000000000000000 ) ) ;
#597 = VECTOR ( 'NONE', #870, 1000.000000000000000 ) ;
#598 = ORIENTED_EDGE ( 'NONE', *, *, #1333, .F. ) ;
#599 = AXIS2_PLACEMENT_3D ( 'NONE', #851, #1331, #118 ) ;
#600 = ADVANCED_FACE ( 'NONE', ( #530 ), #549, .F. ) ;
#601 = ADVANCED_FACE ( 'NONE', ( #1134 ), #1352, .T. ) ;
#602 = DIRECTION ( 'NONE',  ( 3.469446951953614189E-16, 0.000000000000000000, -1.000000000000000000 ) ) ;
#603 = DIRECTION ( 'NONE',  ( 1.000000000000000000, 0.000000000000000000, 0.000000000000000000 ) ) ;
#604 = ORIENTED_EDGE ( 'NONE', *, *, #1379, .F. ) ;
#605 = PLANE ( 'NONE',  #1165 ) ;
#606 = LINE ( 'NONE', #724, #755 ) ;
#607 = EDGE_LOOP ( 'NONE', ( #1073, #400, #371, #669 ) ) ;
#608 = DIRECTION ( 'NONE',  ( -1.000000000000000000, 0.000000000000000000, 0.000000000000000000 ) ) ;
#609 = CARTESIAN_POINT ( 'NONE',  ( -68.35172413793088708, 0.000000000000000000, 125.1155702346640766 ) ) ;
#610 = EDGE_CURVE ( 'NONE', #968, #1140, #1011, .T. ) ;
#611 = ORIENTED_EDGE ( 'NONE', *, *, #157, .F. ) ;
#612 = CARTESIAN_POINT ( 'NONE',  ( 16.64827586206911292, 50.00000000000000000, 157.6155702346640624 ) ) ;
#613 = VECTOR ( 'NONE', #1523, 1000.000000000000000 ) ;
#614 = CARTESIAN_POINT ( 'NONE',  ( -168.3517241379309155, 0.000000000000000000, 130.1155702346641192 ) ) ;
#615 = ORIENTED_EDGE ( 'NONE', *, *, #989, .F. ) ;
#616 = VECTOR ( 'NONE', #1142, 1000.000000000000000 ) ;
#617 = DIRECTION ( 'NONE',  ( 0.000000000000000000, 0.000000000000000000, -1.000000000000000000 ) ) ;
#618 = DIRECTION ( 'NONE',  ( -4.270088556250601699E-16, -0.000000000000000000, -1.000000000000000000 ) ) ;
#619 = ORIENTED_EDGE ( 'NONE', *, *, #1447, .T. ) ;
#620 = DIRECTION ( 'NONE',  ( -1.000000000000000000, 0.000000000000000000, -5.551115123125778758E-15 ) ) ;
#621 = DIRECTION ( 'NONE',  ( -0.000000000000000000, -1.000000000000000000, -0.000000000000000000 ) ) ;
#622 = VERTEX_POINT ( 'NONE', #637 ) ;
#623 = STYLED_ITEM ( 'NONE', ( #762 ), #222 ) ;
#624 = VECTOR ( 'NONE', #1146, 1000.000000000000000 ) ;
#625 = CARTESIAN_POINT ( 'NONE',  ( 4.148275862069115583, 25.00000000000000000, 130.1155702346640908 ) ) ;
#626 = DIRECTION ( 'NONE',  ( -6.938893903907257960E-16, 0.000000000000000000, 1.000000000000000000 ) ) ;
#627 = VERTEX_POINT ( 'NONE', #54 ) ;
#628 = AXIS2_PLACEMENT_3D ( 'NONE', #286, #1020, #1484 ) ;
#629 = DIRECTION ( 'NONE',  ( -1.000000000000000000, 0.000000000000000000, -5.843279076974507537E-16 ) ) ;
#630 = EDGE_LOOP ( 'NONE', ( #478, #66, #1318, #990 ) ) ;
#631 = LINE ( 'NONE', #513, #879 ) ;
#632 = EDGE_CURVE ( 'NONE', #1372, #139, #760, .T. ) ;
#633 = ORIENTED_EDGE ( 'NONE', *, *, #931, .T. ) ;
#634 = CARTESIAN_POINT ( 'NONE',  ( -173.3517241379309155, 50.00000000000000000, 157.6655702346641306 ) ) ;
#635 = DIRECTION ( 'NONE',  ( 1.000000000000000000, -0.000000000000000000, -3.469446951953613696E-16 ) ) ;
#636 = FACE_OUTER_BOUND ( 'NONE', #1220, .T. ) ;
#637 = CARTESIAN_POINT ( 'NONE',  ( 11.64827586206898502, 0.000000000000000000, -159.8844297653359376 ) ) ;
#638 = AXIS2_PLACEMENT_3D ( 'NONE', #612, #149, #620 ) ;
#639 = ORIENTED_EDGE ( 'NONE', *, *, #610, .T. ) ;
#640 = EDGE_CURVE ( 'NONE', #932, #1340, #773, .T. ) ;
#641 = VERTEX_POINT ( 'NONE', #179 ) ;
#642 = CARTESIAN_POINT ( 'NONE',  ( 16.64827586206898857, 50.00000000000000000, -187.3844297653359092 ) ) ;
#643 = DIRECTION ( 'NONE',  ( 2.312964634635743450E-16, 0.000000000000000000, -1.000000000000000000 ) ) ;
#644 = CARTESIAN_POINT ( 'NONE',  ( 1.284846087800256905E-13, 50.00000000000000000, -219.8844297653357671 ) ) ;
#645 = PLANE ( 'NONE',  #1334 ) ;
#646 = ORIENTED_EDGE ( 'NONE', *, *, #1056, .F. ) ;
#647 = FILL_AREA_STYLE ('',( #284 ) ) ;
#648 = CARTESIAN_POINT ( 'NONE',  ( -88.35172413793092971, 50.00000000000000000, 190.1155702346641192 ) ) ;
#649 = EDGE_CURVE ( 'NONE', #1108, #734, #287, .T. ) ;
#650 = LINE ( 'NONE', #1233, #693 ) ;
#651 = AXIS2_PLACEMENT_3D ( 'NONE', #1053, #1162, #84 ) ;
#652 = DIRECTION ( 'NONE',  ( 1.000000000000000000, -0.000000000000000000, 3.265361837132816544E-16 ) ) ;
#653 = VERTEX_POINT ( 'NONE', #165 ) ;
#654 =( NAMED_UNIT ( * ) PLANE_ANGLE_UNIT ( ) SI_UNIT ( $, .RADIAN. ) );
#655 = DIRECTION ( 'NONE',  ( 1.000000000000000000, -0.000000000000000000, 3.469446951953613696E-16 ) ) ;
#656 = DIRECTION ( 'NONE',  ( -1.000000000000000000, -0.000000000000000000, -0.000000000000000000 ) ) ;
#657 = EDGE_CURVE ( 'NONE', #1166, #244, #1475, .T. ) ;
#658 = DIRECTION ( 'NONE',  ( 0.000000000000000000, 0.000000000000000000, 1.000000000000000000 ) ) ;
#659 = CIRCLE ( 'NONE', #914, 4.999999999999976907 ) ;
#660 = ORIENTED_EDGE ( 'NONE', *, *, #640, .F. ) ;
#661 = CARTESIAN_POINT ( 'NONE',  ( -173.3517241379310008, -25.00000000000000711, -219.8844297653358808 ) ) ;
#662 = CARTESIAN_POINT ( 'NONE',  ( -68.35172413793091550, 0.000000000000000000, -154.8844297653359376 ) ) ;
#663 = ORIENTED_EDGE ( 'NONE', *, *, #1279, .T. ) ;
#664 = CARTESIAN_POINT ( 'NONE',  ( -160.8517241379310292, 25.00000000000000000, -154.8844297653358524 ) ) ;
#665 = VERTEX_POINT ( 'NONE', #1245 ) ;
#666 = ADVANCED_FACE ( 'NONE', ( #1139 ), #645, .F. ) ;
#667 = DIRECTION ( 'NONE',  ( -0.000000000000000000, -1.000000000000000000, -0.000000000000000000 ) ) ;
#668 = EDGE_CURVE ( 'NONE', #968, #1112, #1033, .T. ) ;
#669 = ORIENTED_EDGE ( 'NONE', *, *, #427, .T. ) ;
#670 = LINE ( 'NONE', #1540, #1246 ) ;
#671 = PLANE ( 'NONE',  #491 ) ;
#672 = LINE ( 'NONE', #1519, #499 ) ;
#673 = FACE_OUTER_BOUND ( 'NONE', #236, .T. ) ;
#674 = VECTOR ( 'NONE', #19, 1000.000000000000000 ) ;
#675 = EDGE_LOOP ( 'NONE', ( #314, #212, #578, #273 ) ) ;
#676 = AXIS2_PLACEMENT_3D ( 'NONE', #686, #1499, #680 ) ;
#677 = DIRECTION ( 'NONE',  ( 1.000000000000000000, 0.000000000000000000, 0.000000000000000000 ) ) ;
#678 = EDGE_CURVE ( 'NONE', #1485, #1182, #188, .T. ) ;
#679 = EDGE_LOOP ( 'NONE', ( #129, #136, #1145, #853 ) ) ;
#680 = DIRECTION ( 'NONE',  ( -1.000000000000000000, 0.000000000000000000, 3.469446951953614189E-16 ) ) ;
#681 = ORIENTED_EDGE ( 'NONE', *, *, #796, .F. ) ;
#682 = FACE_BOUND ( 'NONE', #1158, .T. ) ;
#683 = ORIENTED_EDGE ( 'NONE', *, *, #1425, .F. ) ;
#684 = DIRECTION ( 'NONE',  ( 3.265361837132813586E-16, -0.000000000000000000, 1.000000000000000000 ) ) ;
#685 = ORIENTED_EDGE ( 'NONE', *, *, #1235, .F. ) ;
#686 = CARTESIAN_POINT ( 'NONE',  ( 11.64827586206910937, 50.00000000000000000, 130.1155702346640908 ) ) ;
#687 = SHAPE_DEFINITION_REPRESENTATION ( #1539, #1383 ) ;
#688 = VECTOR ( 'NONE', #929, 1000.000000000000000 ) ;
#689 = ORIENTED_EDGE ( 'NONE', *, *, #53, .T. ) ;
#690 = CARTESIAN_POINT ( 'NONE',  ( -88.35172413793101498, 50.00000000000000000, -159.8844297653358808 ) ) ;
#691 = VERTEX_POINT ( 'NONE', #906 ) ;
#692 = DIRECTION ( 'NONE',  ( 3.265361837132813586E-16, -0.000000000000000000, 1.000000000000000000 ) ) ;
#693 = VECTOR ( 'NONE', #1238, 1000.000000000000000 ) ;
#694 = ORIENTED_EDGE ( 'NONE', *, *, #43, .F. ) ;
#695 = CARTESIAN_POINT ( 'NONE',  ( 16.64827586206901344, -25.00000000000000711, -219.8844297653357671 ) ) ;
#696 = ORIENTED_EDGE ( 'NONE', *, *, #345, .F. ) ;
#697 = DIRECTION ( 'NONE',  ( 0.000000000000000000, 0.000000000000000000, 1.000000000000000000 ) ) ;
#698 = EDGE_CURVE ( 'NONE', #857, #1305, #1373, .T. ) ;
#699 = ORIENTED_EDGE ( 'NONE', *, *, #1542, .T. ) ;
#700 = AXIS2_PLACEMENT_3D ( 'NONE', #965, #942, #353 ) ;
#701 = CARTESIAN_POINT ( 'NONE',  ( -88.35172413793092971, 50.00000000000000000, -154.8844297653358808 ) ) ;
#702 = VECTOR ( 'NONE', #1264, 1000.000000000000000 ) ;
#703 = EDGE_LOOP ( 'NONE', ( #547, #83, #342, #1223 ) ) ;
#704 = AXIS2_PLACEMENT_3D ( 'NONE', #1121, #1001, #164 ) ;
#705 = FACE_BOUND ( 'NONE', #825, .T. ) ;
#706 = FACE_OUTER_BOUND ( 'NONE', #452, .T. ) ;
#707 = ORIENTED_EDGE ( 'NONE', *, *, #1298, .F. ) ;
#708 = EDGE_CURVE ( 'NONE', #224, #1236, #1531, .T. ) ;
#709 = DIRECTION ( 'NONE',  ( -0.000000000000000000, -0.000000000000000000, 1.000000000000000000 ) ) ;
#710 = ORIENTED_EDGE ( 'NONE', *, *, #1544, .F. ) ;
#711 = FACE_OUTER_BOUND ( 'NONE', #64, .T. ) ;
#712 = LINE ( 'NONE', #1199, #503 ) ;
#713 = VECTOR ( 'NONE', #1123, 1000.000000000000000 ) ;
#714 = VERTEX_POINT ( 'NONE', #588 ) ;
#715 = CARTESIAN_POINT ( 'NONE',  ( -168.3517241379309155, 50.00000000000000000, 157.6655702346641021 ) ) ;
#716 = EDGE_CURVE ( 'NONE', #627, #1426, #1181, .T. ) ;
#717 = DIRECTION ( 'NONE',  ( -0.000000000000000000, -1.000000000000000000, -0.000000000000000000 ) ) ;
#718 = EDGE_CURVE ( 'NONE', #1161, #1299, #1164, .T. ) ;
#719 = ORIENTED_EDGE ( 'NONE', *, *, #157, .T. ) ;
#720 = DIRECTION ( 'NONE',  ( 0.000000000000000000, 0.000000000000000000, 1.000000000000000000 ) ) ;
#721 = DIRECTION ( 'NONE',  ( -1.000000000000000000, -0.000000000000000000, 1.850371707708592788E-15 ) ) ;
#722 = ORIENTED_EDGE ( 'NONE', *, *, #1064, .F. ) ;
#723 = CARTESIAN_POINT ( 'NONE',  ( 0.000000000000000000, 50.00000000000000000, 0.000000000000000000 ) ) ;
#724 = CARTESIAN_POINT ( 'NONE',  ( -88.35172413793092971, 50.00000000000000000, 125.1155702346640766 ) ) ;
#725 = VECTOR ( 'NONE', #1402, 1000.000000000000000 ) ;
#726 = ORIENTED_EDGE ( 'NONE', *, *, #325, .T. ) ;
#727 = EDGE_CURVE ( 'NONE', #186, #1541, #922, .T. ) ;
#728 = AXIS2_PLACEMENT_3D ( 'NONE', #1258, #1466, #1478 ) ;
#729 = CARTESIAN_POINT ( 'NONE',  ( -155.8517241379310576, 25.00000000000000000, -154.8844297653358524 ) ) ;
#730 = CARTESIAN_POINT ( 'NONE',  ( 16.64827586206898857, 50.00000000000000000, -187.3844297653359092 ) ) ;
#731 = ORIENTED_EDGE ( 'NONE', *, *, #325, .F. ) ;
#732 = DIRECTION ( 'NONE',  ( -1.000000000000000000, 0.000000000000000000, 0.000000000000000000 ) ) ;
#733 = LINE ( 'NONE', #995, #404 ) ;
#734 = VERTEX_POINT ( 'NONE', #1405 ) ;
#735 = PRODUCT_DEFINITION_CONTEXT ( 'detailed design', #1004, 'design' ) ;
#736 = EDGE_CURVE ( 'NONE', #555, #194, #318, .T. ) ;
#737 = PLANE ( 'NONE',  #1393 ) ;
#738 = CARTESIAN_POINT ( 'NONE',  ( -118.3517241379308587, 50.00000000000000000, 190.1155702346640908 ) ) ;
#739 = ORIENTED_EDGE ( 'NONE', *, *, #506, .F. ) ;
#740 = CARTESIAN_POINT ( 'NONE',  ( 16.64827586206901699, -25.00000000000000711, -224.8844297653357671 ) ) ;
#741 = CARTESIAN_POINT ( 'NONE',  ( -168.3517241379310292, 0.000000000000000000, -187.3844297653358524 ) ) ;
#742 = ORIENTED_EDGE ( 'NONE', *, *, #960, .F. ) ;
#743 = VECTOR ( 'NONE', #635, 1000.000000000000000 ) ;
#744 = ORIENTED_EDGE ( 'NONE', *, *, #1224, .F. ) ;
#745 = LINE ( 'NONE', #893, #826 ) ;
#746 = CARTESIAN_POINT ( 'NONE',  ( 11.64827586206910937, 0.000000000000000000, 130.1155702346640908 ) ) ;
#747 = ORIENTED_EDGE ( 'NONE', *, *, #1390, .T. ) ;
#748 = CARTESIAN_POINT ( 'NONE',  ( -88.35172413793092971, 50.00000000000000000, -154.8844297653358808 ) ) ;
#749 = EDGE_CURVE ( 'NONE', #1406, #1166, #967, .T. ) ;
#750 = ORIENTED_EDGE ( 'NONE', *, *, #1298, .T. ) ;
#751 = LINE ( 'NONE', #1227, #225 ) ;
#752 = ORIENTED_EDGE ( 'NONE', *, *, #27, .F. ) ;
#753 = VECTOR ( 'NONE', #560, 1000.000000000000000 ) ;
#754 = ORIENTED_EDGE ( 'NONE', *, *, #1455, .T. ) ;
#755 = VECTOR ( 'NONE', #621, 1000.000000000000000 ) ;
#756 = LINE ( 'NONE', #38, #1078 ) ;
#757 = DIRECTION ( 'NONE',  ( -1.000000000000000000, -0.000000000000000000, 3.265361837132813093E-16 ) ) ;
#758 = LINE ( 'NONE', #397, #151 ) ;
#759 = EDGE_CURVE ( 'NONE', #1185, #1285, #581, .T. ) ;
#760 = LINE ( 'NONE', #1234, #713 ) ;
#761 = ORIENTED_EDGE ( 'NONE', *, *, #550, .T. ) ;
#762 = PRESENTATION_STYLE_ASSIGNMENT (( #402 ) ) ;
#763 = DIRECTION ( 'NONE',  ( 8.540177112501211287E-16, -0.000000000000000000, 1.000000000000000000 ) ) ;
#764 = LINE ( 'NONE', #1009, #1431 ) ;
#765 = CARTESIAN_POINT ( 'NONE',  ( 4.148275862069115583, 25.00000000000000000, -165.8844297653360229 ) ) ;
#766 = EDGE_CURVE ( 'NONE', #1140, #1442, #812, .T. ) ;
#767 = CIRCLE ( 'NONE', #86, 4.999999999999976907 ) ;
#768 = EDGE_CURVE ( 'NONE', #263, #653, #1048, .T. ) ;
#769 = ORIENTED_EDGE ( 'NONE', *, *, #92, .T. ) ;
#770 = LINE ( 'NONE', #393, #877 ) ;
#771 = LINE ( 'NONE', #1232, #1230 ) ;
#772 = DIRECTION ( 'NONE',  ( 3.469446951953614189E-16, 0.000000000000000000, -1.000000000000000000 ) ) ;
#773 = LINE ( 'NONE', #521, #1066 ) ;
#774 = EDGE_CURVE ( 'NONE', #1305, #813, #945, .T. ) ;
#775 = CARTESIAN_POINT ( 'NONE',  ( -68.35172413793090129, 50.00000000000000000, 130.1155702346641192 ) ) ;
#776 = DIRECTION ( 'NONE',  ( -5.551115123125778758E-15, 0.000000000000000000, -1.000000000000000000 ) ) ;
#777 = CARTESIAN_POINT ( 'NONE',  ( -150.8517241379310576, 25.00000000000000000, -154.8844297653358524 ) ) ;
#778 = VECTOR ( 'NONE', #927, 1000.000000000000000 ) ;
#779 = CARTESIAN_POINT ( 'NONE',  ( -160.8517241379310576, 25.00000000000000000, -159.8844297653358524 ) ) ;
#780 = ORIENTED_EDGE ( 'NONE', *, *, #678, .F. ) ;
#781 = DIRECTION ( 'NONE',  ( 9.912705577010326782E-17, 0.000000000000000000, 1.000000000000000000 ) ) ;
#782 = CARTESIAN_POINT ( 'NONE',  ( -173.3517241379310292, 0.000000000000000000, -187.3844297653358524 ) ) ;
#783 = EDGE_CURVE ( 'NONE', #1522, #1283, #659, .T. ) ;
#784 = ORIENTED_EDGE ( 'NONE', *, *, #668, .T. ) ;
#785 = LINE ( 'NONE', #1014, #872 ) ;
#786 = ORIENTED_EDGE ( 'NONE', *, *, #948, .F. ) ;
#787 = CARTESIAN_POINT ( 'NONE',  ( -168.3517241379309155, 50.00000000000000000, 130.1155702346641192 ) ) ;
#788 = VECTOR ( 'NONE', #667, 1000.000000000000000 ) ;
#789 = ORIENTED_EDGE ( 'NONE', *, *, #1489, .F. ) ;
#790 = FACE_OUTER_BOUND ( 'NONE', #630, .T. ) ;
#791 =( NAMED_UNIT ( * ) SI_UNIT ( $, .STERADIAN. ) SOLID_ANGLE_UNIT ( ) );
#792 = ORIENTED_EDGE ( 'NONE', *, *, #205, .F. ) ;
#793 = DIRECTION ( 'NONE',  ( 1.040834085586085203E-14, 0.000000000000000000, -1.000000000000000000 ) ) ;
#794 = VECTOR ( 'NONE', #73, 1000.000000000000000 ) ;
#795 = ORIENTED_EDGE ( 'NONE', *, *, #766, .F. ) ;
#796 = EDGE_CURVE ( 'NONE', #71, #555, #1186, .T. ) ;
#797 = CARTESIAN_POINT ( 'NONE',  ( 16.64827586206911292, 50.00000000000000000, 195.1155702346640624 ) ) ;
#798 = VERTEX_POINT ( 'NONE', #1278 ) ;
#799 = PLANE ( 'NONE',  #803 ) ;
#800 = DIRECTION ( 'NONE',  ( 0.000000000000000000, -1.000000000000000000, 0.000000000000000000 ) ) ;
#801 = ORIENTED_EDGE ( 'NONE', *, *, #484, .F. ) ;
#802 = CARTESIAN_POINT ( 'NONE',  ( -0.8517241379308870819, 25.00000000000000000, -154.8844297653359092 ) ) ;
#803 = AXIS2_PLACEMENT_3D ( 'NONE', #1043, #1273, #1367 ) ;
#804 = ORIENTED_EDGE ( 'NONE', *, *, #783, .T. ) ;
#805 = DIRECTION ( 'NONE',  ( -0.000000000000000000, -1.000000000000000000, -0.000000000000000000 ) ) ;
#806 = EDGE_CURVE ( 'NONE', #1163, #1283, #1412, .T. ) ;
#807 = ORIENTED_EDGE ( 'NONE', *, *, #187, .T. ) ;
#808 = DIRECTION ( 'NONE',  ( -3.265361837132816544E-16, -0.000000000000000000, 1.000000000000000000 ) ) ;
#809 = DIRECTION ( 'NONE',  ( -0.000000000000000000, -1.000000000000000000, -0.000000000000000000 ) ) ;
#810 = DIRECTION ( 'NONE',  ( -1.000000000000000000, 0.000000000000000000, -9.251858538542973800E-16 ) ) ;
#811 = ORIENTED_EDGE ( 'NONE', *, *, #1501, .F. ) ;
#812 = LINE ( 'NONE', #465, #1189 ) ;
#813 = VERTEX_POINT ( 'NONE', #797 ) ;
#814 = EDGE_CURVE ( 'NONE', #485, #152, #1270, .T. ) ;
#815 = CARTESIAN_POINT ( 'NONE',  ( 0.000000000000000000, 0.000000000000000000, 0.000000000000000000 ) ) ;
#816 = ORIENTED_EDGE ( 'NONE', *, *, #427, .F. ) ;
#817 = DIRECTION ( 'NONE',  ( -1.000000000000000000, 0.000000000000000000, 0.000000000000000000 ) ) ;
#818 = ORIENTED_EDGE ( 'NONE', *, *, #1317, .F. ) ;
#819 = DIRECTION ( 'NONE',  ( 1.000000000000000000, 0.000000000000000000, 0.000000000000000000 ) ) ;
#820 = VECTOR ( 'NONE', #655, 1000.000000000000000 ) ;
#821 = ORIENTED_EDGE ( 'NONE', *, *, #698, .T. ) ;
#822 = EDGE_CURVE ( 'NONE', #139, #288, #103, .T. ) ;
#823 = PLANE ( 'NONE',  #1543 ) ;
#824 = LINE ( 'NONE', #1503, #425 ) ;
#825 = EDGE_LOOP ( 'NONE', ( #722, #1280 ) ) ;
#826 = VECTOR ( 'NONE', #518, 1000.000000000000000 ) ;
#827 = DIRECTION ( 'NONE',  ( -1.000000000000000000, -0.000000000000000000, -0.000000000000000000 ) ) ;
#828 = AXIS2_PLACEMENT_3D ( 'NONE', #845, #1438, #987 ) ;
#829 = EDGE_LOOP ( 'NONE', ( #1174, #696, #1180, #1188 ) ) ;
#830 = VECTOR ( 'NONE', #1433, 1000.000000000000000 ) ;
#831 = LINE ( 'NONE', #234, #674 ) ;
#832 = CARTESIAN_POINT ( 'NONE',  ( 16.64827586206911292, 50.00000000000000000, 190.1155702346640624 ) ) ;
#833 = EDGE_CURVE ( 'NONE', #71, #1161, #1506, .T. ) ;
#834 = EDGE_LOOP ( 'NONE', ( #594, #898 ) ) ;
#835 = LINE ( 'NONE', #237, #866 ) ;
#836 = EDGE_CURVE ( 'NONE', #1283, #1522, #1357, .T. ) ;
#837 = DIRECTION ( 'NONE',  ( -3.265361837132813586E-16, -0.000000000000000000, -1.000000000000000000 ) ) ;
#838 = EDGE_LOOP ( 'NONE', ( #747, #180, #1102, #619 ) ) ;
#839 = DIRECTION ( 'NONE',  ( 1.000000000000000000, 0.000000000000000000, 1.850371707708598704E-15 ) ) ;
#840 = DIRECTION ( 'NONE',  ( -0.000000000000000000, -0.000000000000000000, -1.000000000000000000 ) ) ;
#841 = VECTOR ( 'NONE', #652, 1000.000000000000000 ) ;
#842 = ORIENTED_EDGE ( 'NONE', *, *, #384, .F. ) ;
#843 = CARTESIAN_POINT ( 'NONE',  ( 16.64827586206901699, -25.00000000000000711, -224.8844297653357671 ) ) ;
#844 = EDGE_CURVE ( 'NONE', #268, #288, #94, .T. ) ;
#845 = CARTESIAN_POINT ( 'NONE',  ( -68.35172413793088708, 50.00000000000000000, 190.1155702346641192 ) ) ;
#846 = ORIENTED_EDGE ( 'NONE', *, *, #969, .T. ) ;
#847 = CARTESIAN_POINT ( 'NONE',  ( 11.64827586206898502, 0.000000000000000000, -187.3844297653359092 ) ) ;
#848 = DIRECTION ( 'NONE',  ( -0.000000000000000000, -0.000000000000000000, -1.000000000000000000 ) ) ;
#849 = ORIENTED_EDGE ( 'NONE', *, *, #969, .F. ) ;
#850 = DIRECTION ( 'NONE',  ( -1.000000000000000000, 0.000000000000000000, -3.265361837132816544E-16 ) ) ;
#851 = CARTESIAN_POINT ( 'NONE',  ( -173.3517241379310292, 50.00000000000000000, -187.3844297653358524 ) ) ;
#852 = ADVANCED_FACE ( 'NONE', ( #458, #1293 ), #221, .F. ) ;
#853 = ORIENTED_EDGE ( 'NONE', *, *, #15, .T. ) ;
#854 = VECTOR ( 'NONE', #1520, 1000.000000000000000 ) ;
#855 = DIRECTION ( 'NONE',  ( 1.000000000000000000, -0.000000000000000000, 0.000000000000000000 ) ) ;
#856 = LINE ( 'NONE', #1304, #930 ) ;
#857 = VERTEX_POINT ( 'NONE', #365 ) ;
#858 = DIRECTION ( 'NONE',  ( 1.000000000000000000, -0.000000000000000000, -3.469446951953614682E-16 ) ) ;
#859 = PLANE ( 'NONE',  #1297 ) ;
#860 = ORIENTED_EDGE ( 'NONE', *, *, #783, .F. ) ;
#861 = EDGE_CURVE ( 'NONE', #1516, #1372, #486, .T. ) ;
#862 = PLANE ( 'NONE',  #196 ) ;
#863 = CARTESIAN_POINT ( 'NONE',  ( -173.3517241379310008, -25.00000000000000711, -224.8844297653358808 ) ) ;
#864 = ORIENTED_EDGE ( 'NONE', *, *, #668, .F. ) ;
#865 = FACE_OUTER_BOUND ( 'NONE', #1525, .T. ) ;
#866 = VECTOR ( 'NONE', #1338, 1000.000000000000000 ) ;
#867 = CARTESIAN_POINT ( 'NONE',  ( -0.8517241379308870819, 25.00000000000000000, -165.8844297653360229 ) ) ;
#868 = ORIENTED_EDGE ( 'NONE', *, *, #698, .F. ) ;
#869 = VERTEX_POINT ( 'NONE', #970 ) ;
#870 = DIRECTION ( 'NONE',  ( -0.000000000000000000, -0.000000000000000000, -1.000000000000000000 ) ) ;
#871 = LINE ( 'NONE', #176, #113 ) ;
#872 = VECTOR ( 'NONE', #1244, 1000.000000000000000 ) ;
#873 = EDGE_CURVE ( 'NONE', #1395, #1182, #1307, .T. ) ;
#874 = DIRECTION ( 'NONE',  ( 1.000000000000000000, -0.000000000000000000, 3.469446951953613696E-16 ) ) ;
#875 = DIRECTION ( 'NONE',  ( 3.469446951953614189E-16, -0.000000000000000000, 1.000000000000000000 ) ) ;
#876 = ORIENTED_EDGE ( 'NONE', *, *, #1000, .F. ) ;
#877 = VECTOR ( 'NONE', #175, 1000.000000000000000 ) ;
#878 = ORIENTED_EDGE ( 'NONE', *, *, #1000, .T. ) ;
#879 = VECTOR ( 'NONE', #417, 1000.000000000000000 ) ;
#880 = DIRECTION ( 'NONE',  ( 0.000000000000000000, 0.000000000000000000, 1.000000000000000000 ) ) ;
#881 = ADVANCED_FACE ( 'NONE', ( #1436 ), #1113, .F. ) ;
#882 = CARTESIAN_POINT ( 'NONE',  ( -155.8517241379309439, 25.00000000000000000, 130.1155702346641192 ) ) ;
#883 = ADVANCED_FACE ( 'NONE', ( #245 ), #24, .F. ) ;
#884 = DIRECTION ( 'NONE',  ( -1.000000000000000000, -0.000000000000000000, 3.265361837132813093E-16 ) ) ;
#885 = FACE_OUTER_BOUND ( 'NONE', #511, .T. ) ;
#886 = FACE_OUTER_BOUND ( 'NONE', #1514, .T. ) ;
#887 = CYLINDRICAL_SURFACE ( 'NONE', #628, 4.999999999999976907 ) ;
#888 = DIRECTION ( 'NONE',  ( 0.000000000000000000, 0.000000000000000000, 1.000000000000000000 ) ) ;
#889 = EDGE_CURVE ( 'NONE', #964, #1329, #7, .T. ) ;
#890 = VECTOR ( 'NONE', #805, 1000.000000000000000 ) ;
#891 = EDGE_LOOP ( 'NONE', ( #992, #1422, #904, #689 ) ) ;
#892 = AXIS2_PLACEMENT_3D ( 'NONE', #695, #800, #933 ) ;
#893 = CARTESIAN_POINT ( 'NONE',  ( 11.64827586206898502, 50.00000000000000000, -187.3844297653359092 ) ) ;
#894 = LINE ( 'NONE', #1127, #1408 ) ;
#895 = FACE_OUTER_BOUND ( 'NONE', #1031, .T. ) ;
#896 = CARTESIAN_POINT ( 'NONE',  ( -88.35172413793071655, 0.000000000000000000, -219.8844297653358240 ) ) ;
#897 = ADVANCED_FACE ( 'NONE', ( #33 ), #127, .F. ) ;
#898 = ORIENTED_EDGE ( 'NONE', *, *, #43, .T. ) ;
#899 = VECTOR ( 'NONE', #346, 1000.000000000000000 ) ;
#900 = CARTESIAN_POINT ( 'NONE',  ( -173.3517241379309155, 50.00000000000000000, 190.1155702346640624 ) ) ;
#901 = CARTESIAN_POINT ( 'NONE',  ( -155.8517241379309439, 25.00000000000000000, 145.1155702346640908 ) ) ;
#902 = AXIS2_PLACEMENT_3D ( 'NONE', #281, #875, #135 ) ;
#903 = LINE ( 'NONE', #1128, #331 ) ;
#904 = ORIENTED_EDGE ( 'NONE', *, *, #1187, .T. ) ;
#905 = AXIS2_PLACEMENT_3D ( 'NONE', #690, #219, #793 ) ;
#906 = CARTESIAN_POINT ( 'NONE',  ( -88.35172413793092971, 50.00000000000000000, 190.1155702346641192 ) ) ;
#907 = EDGE_LOOP ( 'NONE', ( #516, #816, #335, #807 ) ) ;
#908 = CARTESIAN_POINT ( 'NONE',  ( 11.64827586206898502, 50.00000000000000000, -187.3844297653359092 ) ) ;
#909 = EDGE_CURVE ( 'NONE', #139, #1332, #835, .T. ) ;
#910 = ORIENTED_EDGE ( 'NONE', *, *, #889, .T. ) ;
#911 = LINE ( 'NONE', #315, #577 ) ;
#912 = EDGE_LOOP ( 'NONE', ( #446, #1082, #1325, #985 ) ) ;
#913 = CYLINDRICAL_SURFACE ( 'NONE', #1488, 4.999999999999976907 ) ;
#914 = AXIS2_PLACEMENT_3D ( 'NONE', #574, #692, #819 ) ;
#915 = ORIENTED_EDGE ( 'NONE', *, *, #727, .F. ) ;
#916 = DIRECTION ( 'NONE',  ( 1.000000000000000000, 0.000000000000000000, 0.000000000000000000 ) ) ;
#917 = CARTESIAN_POINT ( 'NONE',  ( -68.35172413793088708, 50.00000000000000000, 125.1155702346640766 ) ) ;
#918 = VERTEX_POINT ( 'NONE', #715 ) ;
#919 = DIRECTION ( 'NONE',  ( 9.251858538542973800E-16, 0.000000000000000000, -1.000000000000000000 ) ) ;
#920 = ADVANCED_FACE ( 'NONE', ( #1202, #1194 ), #605, .F. ) ;
#921 = VERTEX_POINT ( 'NONE', #1322 ) ;
#922 = LINE ( 'NONE', #567, #514 ) ;
#923 = ORIENTED_EDGE ( 'NONE', *, *, #526, .T. ) ;
#924 = LINE ( 'NONE', #420, #329 ) ;
#925 = LINE ( 'NONE', #1256, #616 ) ;
#926 = VERTEX_POINT ( 'NONE', #595 ) ;
#927 = DIRECTION ( 'NONE',  ( 1.000000000000000000, -0.000000000000000000, -3.469446951953613696E-16 ) ) ;
#928 = ORIENTED_EDGE ( 'NONE', *, *, #177, .T. ) ;
#929 = DIRECTION ( 'NONE',  ( -1.040834085586085203E-14, -0.000000000000000000, 1.000000000000000000 ) ) ;
#930 = VECTOR ( 'NONE', #235, 1000.000000000000000 ) ;
#931 = EDGE_CURVE ( 'NONE', #918, #432, #1088, .T. ) ;
#932 = VERTEX_POINT ( 'NONE', #1549 ) ;
#933 = DIRECTION ( 'NONE',  ( 0.000000000000000000, 0.000000000000000000, -1.000000000000000000 ) ) ;
#934 = ORIENTED_EDGE ( 'NONE', *, *, #1271, .F. ) ;
#935 = CARTESIAN_POINT ( 'NONE',  ( -160.8517241379309155, 25.00000000000000000, 145.1155702346640908 ) ) ;
#936 = ORIENTED_EDGE ( 'NONE', *, *, #305, .F. ) ;
#937 = CARTESIAN_POINT ( 'NONE',  ( -168.3517241379310292, 50.00000000000000000, -159.8844297653358808 ) ) ;
#938 = CIRCLE ( 'NONE', #26, 5.000000000000002665 ) ;
#939 = EDGE_CURVE ( 'NONE', #1340, #734, #16, .T. ) ;
#940 = ORIENTED_EDGE ( 'NONE', *, *, #1147, .T. ) ;
#941 = LINE ( 'NONE', #569, #794 ) ;
#942 = DIRECTION ( 'NONE',  ( 0.000000000000000000, 0.000000000000000000, 1.000000000000000000 ) ) ;
#943 = CARTESIAN_POINT ( 'NONE',  ( -88.35172413793091550, 0.000000000000000000, 130.1155702346641476 ) ) ;
#944 = ORIENTED_EDGE ( 'NONE', *, *, #328, .T. ) ;
#945 = LINE ( 'NONE', #336, #289 ) ;
#946 = VECTOR ( 'NONE', #537, 1000.000000000000000 ) ;
#947 = ORIENTED_EDGE ( 'NONE', *, *, #280, .T. ) ;
#948 = EDGE_CURVE ( 'NONE', #1112, #1442, #254, .T. ) ;
#949 = ADVANCED_FACE ( 'NONE', ( #865 ), #134, .F. ) ;
#950 = CARTESIAN_POINT ( 'NONE',  ( 16.64827586206911292, 50.00000000000000000, 190.1155702346640624 ) ) ;
#951 = LINE ( 'NONE', #1320, #253 ) ;
#952 = VERTEX_POINT ( 'NONE', #1095 ) ;
#953 = VECTOR ( 'NONE', #837, 1000.000000000000000 ) ;
#954 = DIRECTION ( 'NONE',  ( 0.000000000000000000, 0.000000000000000000, 1.000000000000000000 ) ) ;
#955 = VECTOR ( 'NONE', #388, 1000.000000000000000 ) ;
#956 = LINE ( 'NONE', #1308, #1203 ) ;
#957 = ORIENTED_EDGE ( 'NONE', *, *, #708, .F. ) ;
#958 = DIRECTION ( 'NONE',  ( 0.000000000000000000, 0.000000000000000000, 1.000000000000000000 ) ) ;
#959 = CARTESIAN_POINT ( 'NONE',  ( -168.3517241379310292, 50.00000000000000000, -159.8844297653358808 ) ) ;
#960 = EDGE_CURVE ( 'NONE', #1247, #1395, #495, .T. ) ;
#961 = EDGE_LOOP ( 'NONE', ( #804, #390 ) ) ;
#962 = CARTESIAN_POINT ( 'NONE',  ( 16.64827586206911292, 50.00000000000000000, 125.1155702346640766 ) ) ;
#963 = CARTESIAN_POINT ( 'NONE',  ( -88.35172413793092971, 50.00000000000000000, 125.1155702346640766 ) ) ;
#964 = VERTEX_POINT ( 'NONE', #740 ) ;
#965 = CARTESIAN_POINT ( 'NONE',  ( -155.8517241379310576, 25.00000000000000000, -159.8844297653358524 ) ) ;
#966 = CARTESIAN_POINT ( 'NONE',  ( 16.64827586206901344, -25.00000000000000711, -219.8844297653357671 ) ) ;
#967 = CIRCLE ( 'NONE', #1310, 5.000000000000002665 ) ;
#968 = VERTEX_POINT ( 'NONE', #1218 ) ;
#969 = EDGE_CURVE ( 'NONE', #1290, #798, #1103, .T. ) ;
#970 = CARTESIAN_POINT ( 'NONE',  ( -173.3517241379310292, 50.00000000000000000, -187.3844297653358524 ) ) ;
#971 = CARTESIAN_POINT ( 'NONE',  ( -68.35172413793088708, 0.000000000000000000, 190.1155702346641192 ) ) ;
#972 = ORIENTED_EDGE ( 'NONE', *, *, #640, .T. ) ;
#973 = UNCERTAINTY_MEASURE_WITH_UNIT (LENGTH_MEASURE( 1.000000000000000082E-05 ), #191, 'distance_accuracy_value', 'NONE');
#974 = LINE ( 'NONE', #1440, #1226 ) ;
#975 = FACE_OUTER_BOUND ( 'NONE', #324, .T. ) ;
#976 = VERTEX_POINT ( 'NONE', #777 ) ;
#977 = CARTESIAN_POINT ( 'NONE',  ( 16.64827586206900278, 50.00000000000000000, -154.8844297653359092 ) ) ;
#978 = PLANE ( 'NONE',  #828 ) ;
#979 = AXIS2_PLACEMENT_3D ( 'NONE', #584, #602, #226 ) ;
#980 = EDGE_CURVE ( 'NONE', #1210, #1413, #764, .T. ) ;
#981 = EDGE_LOOP ( 'NONE', ( #28, #1038, #726, #1087 ) ) ;
#982 = VECTOR ( 'NONE', #618, 1000.000000000000000 ) ;
#983 = CARTESIAN_POINT ( 'NONE',  ( -88.35172413793101498, 0.000000000000000000, -159.8844297653358808 ) ) ;
#984 = LINE ( 'NONE', #1546, #453 ) ;
#985 = ORIENTED_EDGE ( 'NONE', *, *, #345, .T. ) ;
#986 = DIRECTION ( 'NONE',  ( -1.000000000000000000, 0.000000000000000000, -0.000000000000000000 ) ) ;
#987 = DIRECTION ( 'NONE',  ( 1.000000000000000000, 0.000000000000000000, -1.850371707708592788E-15 ) ) ;
#988 = ORIENTED_EDGE ( 'NONE', *, *, #1023, .T. ) ;
#989 = EDGE_CURVE ( 'NONE', #1163, #1034, #767, .T. ) ;
#990 = ORIENTED_EDGE ( 'NONE', *, *, #356, .T. ) ;
#991 = CARTESIAN_POINT ( 'NONE',  ( -5.851724137930889746, 25.00000000000000000, -154.8844297653359092 ) ) ;
#992 = ORIENTED_EDGE ( 'NONE', *, *, #526, .F. ) ;
#993 = DIRECTION ( 'NONE',  ( 1.000000000000000000, 0.000000000000000000, 0.000000000000000000 ) ) ;
#994 = VECTOR ( 'NONE', #827, 1000.000000000000000 ) ;
#995 = CARTESIAN_POINT ( 'NONE',  ( -168.3517241379310292, 50.00000000000000000, -187.3844297653358524 ) ) ;
#996 = ORIENTED_EDGE ( 'NONE', *, *, #572, .F. ) ;
#997 = ADVANCED_FACE ( 'NONE', ( #636 ), #405, .T. ) ;
#998 = SURFACE_STYLE_FILL_AREA ( #647 ) ;
#999 = LINE ( 'NONE', #1243, #1324 ) ;
#1000 = EDGE_CURVE ( 'NONE', #1541, #622, #650, .T. ) ;
#1001 = DIRECTION ( 'NONE',  ( 3.469446951953614189E-16, 0.000000000000000000, -1.000000000000000000 ) ) ;
#1002 = CARTESIAN_POINT ( 'NONE',  ( 16.64827586206911292, 0.000000000000000000, 190.1155702346640624 ) ) ;
#1003 = AXIS2_PLACEMENT_3D ( 'NONE', #1085, #369, #11 ) ;
#1004 = APPLICATION_CONTEXT ( 'automotive_design' ) ;
#1005 = VECTOR ( 'NONE', #110, 1000.000000000000000 ) ;
#1006 =( NAMED_UNIT ( * ) SI_UNIT ( $, .STERADIAN. ) SOLID_ANGLE_UNIT ( ) );
#1007 = FACE_OUTER_BOUND ( 'NONE', #981, .T. ) ;
#1008 = VECTOR ( 'NONE', #1184, 1000.000000000000000 ) ;
#1009 = CARTESIAN_POINT ( 'NONE',  ( -88.35172413793091550, 50.00000000000000000, 130.1155702346641476 ) ) ;
#1010 = EDGE_CURVE ( 'NONE', #1332, #1516, #785, .T. ) ;
#1011 = LINE ( 'NONE', #1253, #788 ) ;
#1012 = CARTESIAN_POINT ( 'NONE',  ( -118.3517241379308587, 0.000000000000000000, 190.1155702346640908 ) ) ;
#1013 = CARTESIAN_POINT ( 'NONE',  ( -173.3517241379309155, 50.00000000000000000, 190.1155702346640624 ) ) ;
#1014 = CARTESIAN_POINT ( 'NONE',  ( 16.64827586206901344, -25.00000000000000711, -219.8844297653357671 ) ) ;
#1015 = EDGE_CURVE ( 'NONE', #1052, #485, #65, .T. ) ;
#1016 = LINE ( 'NONE', #294, #148 ) ;
#1017 = ORIENTED_EDGE ( 'NONE', *, *, #1326, .T. ) ;
#1018 = CARTESIAN_POINT ( 'NONE',  ( -88.35172413793092971, 0.000000000000000000, 125.1155702346640766 ) ) ;
#1019 = DIRECTION ( 'NONE',  ( -9.912705577010325549E-17, -0.000000000000000000, -1.000000000000000000 ) ) ;
#1020 = DIRECTION ( 'NONE',  ( -3.265361837132813586E-16, -0.000000000000000000, -1.000000000000000000 ) ) ;
#1021 = ORIENTED_EDGE ( 'NONE', *, *, #102, .T. ) ;
#1022 = CARTESIAN_POINT ( 'NONE',  ( -168.3517241379309155, 50.00000000000000000, 130.1155702346641192 ) ) ;
#1023 = EDGE_CURVE ( 'NONE', #184, #627, #938, .T. ) ;
#1024 = ORIENTED_EDGE ( 'NONE', *, *, #814, .T. ) ;
#1025 = PRESENTATION_LAYER_ASSIGNMENT (  '', '', ( #623 ) ) ;
#1026 = DIRECTION ( 'NONE',  ( -1.000000000000000000, 0.000000000000000000, 0.000000000000000000 ) ) ;
#1027 = PRODUCT_CONTEXT ( 'NONE', #1191, 'mechanical' ) ;
#1028 = VECTOR ( 'NONE', #1497, 1000.000000000000000 ) ;
#1029 = ORIENTED_EDGE ( 'NONE', *, *, #449, .F. ) ;
#1030 = CARTESIAN_POINT ( 'NONE',  ( 11.64827586206910937, 0.000000000000000000, 157.6155702346640624 ) ) ;
#1031 = EDGE_LOOP ( 'NONE', ( #615, #494, #860, #731 ) ) ;
#1032 = AXIS2_PLACEMENT_3D ( 'NONE', #1336, #265, #1416 ) ;
#1033 = LINE ( 'NONE', #540, #586 ) ;
#1034 = VERTEX_POINT ( 'NONE', #1371 ) ;
#1035 = ADVANCED_FACE ( 'NONE', ( #307 ), #1356, .T. ) ;
#1036 = PLANE ( 'NONE',  #676 ) ;
#1037 = CARTESIAN_POINT ( 'NONE',  ( -160.8517241379309439, 25.00000000000000000, 125.1155702346641050 ) ) ;
#1038 = ORIENTED_EDGE ( 'NONE', *, *, #92, .F. ) ;
#1039 = LINE ( 'NONE', #193, #854 ) ;
#1040 = ORIENTED_EDGE ( 'NONE', *, *, #316, .T. ) ;
#1041 = DIRECTION ( 'NONE',  ( 6.938893903907257960E-16, 0.000000000000000000, -1.000000000000000000 ) ) ;
#1042 = ORIENTED_EDGE ( 'NONE', *, *, #496, .T. ) ;
#1043 = CARTESIAN_POINT ( 'NONE',  ( 11.64827586206898502, 50.00000000000000000, -159.8844297653359376 ) ) ;
#1044 = VERTEX_POINT ( 'NONE', #298 ) ;
#1045 = DIRECTION ( 'NONE',  ( 1.000000000000000000, 0.000000000000000000, 0.000000000000000000 ) ) ;
#1046 = ADVANCED_FACE ( 'NONE', ( #895 ), #887, .F. ) ;
#1047 = ORIENTED_EDGE ( 'NONE', *, *, #80, .F. ) ;
#1048 = LINE ( 'NONE', #1063, #10 ) ;
#1049 = PRODUCT ( 'vertical frame', 'vertical frame', '', ( #1027 ) ) ;
#1050 = ORIENTED_EDGE ( 'NONE', *, *, #1472, .F. ) ;
#1051 = CARTESIAN_POINT ( 'NONE',  ( -173.3517241379310008, 0.000000000000000000, -154.8844297653358808 ) ) ;
#1052 = VERTEX_POINT ( 'NONE', #422 ) ;
#1053 = CARTESIAN_POINT ( 'NONE',  ( -68.35172413793101498, 50.00000000000000000, -159.8844297653359376 ) ) ;
#1054 = MECHANICAL_DESIGN_GEOMETRIC_PRESENTATION_REPRESENTATION (  '', ( #623 ), #1149 ) ;
#1055 = VERTEX_POINT ( 'NONE', #1133 ) ;
#1056 = EDGE_CURVE ( 'NONE', #71, #263, #1136, .T. ) ;
#1057 = CARTESIAN_POINT ( 'NONE',  ( 16.64827586206901699, 75.00000000000001421, -224.8844297653357671 ) ) ;
#1058 = VECTOR ( 'NONE', #1209, 1000.000000000000000 ) ;
#1059 = EDGE_LOOP ( 'NONE', ( #761, #1389, #1197, #1042 ) ) ;
#1060 = VERTEX_POINT ( 'NONE', #664 ) ;
#1061 = DIRECTION ( 'NONE',  ( -1.000000000000000000, -0.000000000000000000, -0.000000000000000000 ) ) ;
#1062 = ORIENTED_EDGE ( 'NONE', *, *, #590, .T. ) ;
#1063 = CARTESIAN_POINT ( 'NONE',  ( -68.35172413793101498, 50.00000000000000000, -219.8844297653358808 ) ) ;
#1064 = EDGE_CURVE ( 'NONE', #1166, #1406, #380, .T. ) ;
#1065 = ORIENTED_EDGE ( 'NONE', *, *, #980, .T. ) ;
#1066 = VECTOR ( 'NONE', #1479, 1000.000000000000000 ) ;
#1067 = CARTESIAN_POINT ( 'NONE',  ( 16.64827586206898857, 50.00000000000000000, -187.3844297653359092 ) ) ;
#1068 = CARTESIAN_POINT ( 'NONE',  ( -68.35172413793090129, 50.00000000000000000, 130.1155702346641192 ) ) ;
#1069 = ORIENTED_EDGE ( 'NONE', *, *, #718, .T. ) ;
#1070 = CARTESIAN_POINT ( 'NONE',  ( -173.3517241379309155, 50.00000000000000000, 190.1155702346640624 ) ) ;
#1071 = AXIS2_PLACEMENT_3D ( 'NONE', #394, #776, #519 ) ;
#1072 = LINE ( 'NONE', #332, #376 ) ;
#1073 = ORIENTED_EDGE ( 'NONE', *, *, #1489, .T. ) ;
#1074 = EDGE_CURVE ( 'NONE', #1442, #1288, #532, .T. ) ;
#1075 = DIRECTION ( 'NONE',  ( 1.000000000000000000, 0.000000000000000000, -0.000000000000000000 ) ) ;
#1076 = DIRECTION ( 'NONE',  ( 1.000000000000000000, 0.000000000000000000, -0.000000000000000000 ) ) ;
#1077 = EDGE_LOOP ( 'NONE', ( #1321, #457, #515, #1504 ) ) ;
#1078 = VECTOR ( 'NONE', #30, 1000.000000000000000 ) ;
#1079 = CARTESIAN_POINT ( 'NONE',  ( 16.64827586206900278, 50.00000000000000000, -154.8844297653359092 ) ) ;
#1080 = VECTOR ( 'NONE', #472, 1000.000000000000000 ) ;
#1081 = DIRECTION ( 'NONE',  ( 0.000000000000000000, 0.000000000000000000, 1.000000000000000000 ) ) ;
#1082 = ORIENTED_EDGE ( 'NONE', *, *, #822, .F. ) ;
#1083 = UNCERTAINTY_MEASURE_WITH_UNIT (LENGTH_MEASURE( 1.000000000000000082E-05 ), #296, 'distance_accuracy_value', 'NONE');
#1084 = EDGE_CURVE ( 'NONE', #288, #964, #903, .T. ) ;
#1085 = CARTESIAN_POINT ( 'NONE',  ( -173.3517241379310008, 75.00000000000001421, -219.8844297653358808 ) ) ;
#1086 = DIRECTION ( 'NONE',  ( -3.469446951953614682E-16, 0.000000000000000000, -1.000000000000000000 ) ) ;
#1087 = ORIENTED_EDGE ( 'NONE', *, *, #836, .F. ) ;
#1088 = LINE ( 'NONE', #381, #183 ) ;
#1089 = LINE ( 'NONE', #505, #955 ) ;
#1090 = VERTEX_POINT ( 'NONE', #1473 ) ;
#1091 = FACE_OUTER_BOUND ( 'NONE', #383, .T. ) ;
#1092 = PLANE ( 'NONE',  #1397 ) ;
#1093 = VECTOR ( 'NONE', #407, 1000.000000000000000 ) ;
#1094 = VERTEX_POINT ( 'NONE', #1460 ) ;
#1095 = CARTESIAN_POINT ( 'NONE',  ( -68.35172413793090129, 50.00000000000000000, 130.1155702346641192 ) ) ;
#1096 = EDGE_CURVE ( 'NONE', #622, #1044, #758, .T. ) ;
#1097 = PRODUCT_DEFINITION_FORMATION_WITH_SPECIFIED_SOURCE ( 'ANY', '', #1049, .NOT_KNOWN. ) ;
#1098 = FACE_OUTER_BOUND ( 'NONE', #401, .T. ) ;
#1099 = ORIENTED_EDGE ( 'NONE', *, *, #159, .T. ) ;
#1100 = FACE_OUTER_BOUND ( 'NONE', #248, .T. ) ;
#1101 = CARTESIAN_POINT ( 'NONE',  ( -0.8517241379308870819, 25.00000000000000000, -159.8844297653359376 ) ) ;
#1102 = ORIENTED_EDGE ( 'NONE', *, *, #1157, .F. ) ;
#1103 = LINE ( 'NONE', #748, #1239 ) ;
#1104 = VECTOR ( 'NONE', #1248, 1000.000000000000000 ) ;
#1105 = ADVANCED_FACE ( 'NONE', ( #279, #292 ), #155, .F. ) ;
#1106 = PLANE ( 'NONE',  #474 ) ;
#1107 = VECTOR ( 'NONE', #41, 1000.000000000000000 ) ;
#1108 = VERTEX_POINT ( 'NONE', #47 ) ;
#1109 = VECTOR ( 'NONE', #1362, 1000.000000000000000 ) ;
#1110 = LINE ( 'NONE', #508, #597 ) ;
#1111 = CARTESIAN_POINT ( 'NONE',  ( 16.64827586206900278, 50.00000000000000000, -154.8844297653359092 ) ) ;
#1112 = VERTEX_POINT ( 'NONE', #410 ) ;
#1113 = PLANE ( 'NONE',  #1122 ) ;
#1114 = FACE_OUTER_BOUND ( 'NONE', #679, .T. ) ;
#1115 = EDGE_CURVE ( 'NONE', #1537, #869, #1039, .T. ) ;
#1116 = EDGE_LOOP ( 'NONE', ( #1401, #744, #29, #9 ) ) ;
#1117 = EDGE_CURVE ( 'NONE', #665, #1426, #1250, .T. ) ;
#1118 = EDGE_LOOP ( 'NONE', ( #1294, #876, #915, #1529 ) ) ;
#1119 = DIRECTION ( 'NONE',  ( -1.000000000000000000, 0.000000000000000000, 2.312964634635743450E-16 ) ) ;
#1120 = DIRECTION ( 'NONE',  ( -0.000000000000000000, -1.000000000000000000, -0.000000000000000000 ) ) ;
#1121 = CARTESIAN_POINT ( 'NONE',  ( -88.35172413793091550, 50.00000000000000000, 130.1155702346641476 ) ) ;
#1122 = AXIS2_PLACEMENT_3D ( 'NONE', #723, #1314, #479 ) ;
#1123 = DIRECTION ( 'NONE',  ( 1.000000000000000000, -0.000000000000000000, 5.843279076974507537E-16 ) ) ;
#1124 = EDGE_LOOP ( 'NONE', ( #1387, #448 ) ) ;
#1125 = EDGE_CURVE ( 'NONE', #184, #665, #824, .T. ) ;
#1126 = CARTESIAN_POINT ( 'NONE',  ( 4.148275862069115583, 25.00000000000000000, -159.8844297653359376 ) ) ;
#1127 = CARTESIAN_POINT ( 'NONE',  ( -68.35172413793090129, 50.00000000000000000, 130.1155702346641192 ) ) ;
#1128 = CARTESIAN_POINT ( 'NONE',  ( 16.64827586206901699, 75.00000000000001421, -224.8844297653357671 ) ) ;
#1129 = DIRECTION ( 'NONE',  ( 0.000000000000000000, 0.000000000000000000, 1.000000000000000000 ) ) ;
#1130 = LINE ( 'NONE', #1012, #1517 ) ;
#1131 = FACE_OUTER_BOUND ( 'NONE', #210, .T. ) ;
#1132 = AXIS2_PLACEMENT_3D ( 'NONE', #1101, #840, #603 ) ;
#1133 = CARTESIAN_POINT ( 'NONE',  ( -5.851724137930889746, 25.00000000000000000, 130.1155702346640908 ) ) ;
#1134 = FACE_OUTER_BOUND ( 'NONE', #912, .T. ) ;
#1135 = CYLINDRICAL_SURFACE ( 'NONE', #1521, 4.999999999999976907 ) ;
#1136 = LINE ( 'NONE', #644, #1109 ) ;
#1137 = ADVANCED_FACE ( 'NONE', ( #579 ), #439, .F. ) ;
#1138 = VECTOR ( 'NONE', #1419, 1000.000000000000000 ) ;
#1139 = FACE_OUTER_BOUND ( 'NONE', #907, .T. ) ;
#1140 = VERTEX_POINT ( 'NONE', #1378 ) ;
#1141 = CARTESIAN_POINT ( 'NONE',  ( -173.3517241379310008, 75.00000000000001421, -224.8844297653358808 ) ) ;
#1142 = DIRECTION ( 'NONE',  ( -1.000000000000000000, -0.000000000000000000, -0.000000000000000000 ) ) ;
#1143 = ORIENTED_EDGE ( 'NONE', *, *, #1074, .F. ) ;
#1144 = DIRECTION ( 'NONE',  ( 0.000000000000000000, -1.000000000000000000, 0.000000000000000000 ) ) ;
#1145 = ORIENTED_EDGE ( 'NONE', *, *, #533, .F. ) ;
#1146 = DIRECTION ( 'NONE',  ( 8.540177112501211287E-16, -0.000000000000000000, 1.000000000000000000 ) ) ;
#1147 = EDGE_CURVE ( 'NONE', #1541, #1094, #323, .T. ) ;
#1148 = ORIENTED_EDGE ( 'NONE', *, *, #610, .F. ) ;
#1149 =( GEOMETRIC_REPRESENTATION_CONTEXT ( 3 ) GLOBAL_UNCERTAINTY_ASSIGNED_CONTEXT ( ( #1083 ) ) GLOBAL_UNIT_ASSIGNED_CONTEXT ( ( #296, #654, #1006 ) ) REPRESENTATION_CONTEXT ( 'NONE', 'WORKASPACE' ) );
#1150 = CARTESIAN_POINT ( 'NONE',  ( 16.64827586206901699, 75.00000000000001421, -224.8844297653357671 ) ) ;
#1151 = AXIS2_PLACEMENT_3D ( 'NONE', #867, #1081, #497 ) ;
#1152 = ORIENTED_EDGE ( 'NONE', *, *, #487, .T. ) ;
#1153 = PLANE ( 'NONE',  #905 ) ;
#1154 = ORIENTED_EDGE ( 'NONE', *, *, #496, .F. ) ;
#1155 = AXIS2_PLACEMENT_3D ( 'NONE', #802, #347, #817 ) ;
#1156 = DIRECTION ( 'NONE',  ( -0.000000000000000000, -1.000000000000000000, -0.000000000000000000 ) ) ;
#1157 = EDGE_CURVE ( 'NONE', #952, #1185, #1276, .T. ) ;
#1158 = EDGE_LOOP ( 'NONE', ( #1435, #2 ) ) ;
#1159 = CARTESIAN_POINT ( 'NONE',  ( -68.35172413793101498, 50.00000000000000000, -219.8844297653357955 ) ) ;
#1160 = ADVANCED_FACE ( 'NONE', ( #682, #546 ), #447, .F. ) ;
#1161 = VERTEX_POINT ( 'NONE', #1267 ) ;
#1162 = DIRECTION ( 'NONE',  ( 0.000000000000000000, 0.000000000000000000, 1.000000000000000000 ) ) ;
#1163 = VERTEX_POINT ( 'NONE', #1296 ) ;
#1164 = LINE ( 'NONE', #937, #994 ) ;
#1165 = AXIS2_PLACEMENT_3D ( 'NONE', #1079, #269, #850 ) ;
#1166 = VERTEX_POINT ( 'NONE', #1396 ) ;
#1167 = CARTESIAN_POINT ( 'NONE',  ( 11.64827586206910937, 50.00000000000000000, 157.6155702346640624 ) ) ;
#1168 = ADVANCED_FACE ( 'NONE', ( #565, #673 ), #227, .F. ) ;
#1169 = VECTOR ( 'NONE', #97, 1000.000000000000000 ) ;
#1170 = LINE ( 'NONE', #455, #725 ) ;
#1171 = LINE ( 'NONE', #935, #529 ) ;
#1172 = ORIENTED_EDGE ( 'NONE', *, *, #1447, .F. ) ;
#1173 = DIRECTION ( 'NONE',  ( 1.000000000000000000, -0.000000000000000000, -3.469446951953614682E-16 ) ) ;
#1174 = ORIENTED_EDGE ( 'NONE', *, *, #889, .F. ) ;
#1175 = LINE ( 'NONE', #917, #1169 ) ;
#1176 = EDGE_LOOP ( 'NONE', ( #198, #42, #363, #441 ) ) ;
#1177 = LINE ( 'NONE', #1030, #100 ) ;
#1178 = VECTOR ( 'NONE', #523, 1000.000000000000000 ) ;
#1179 = ADVANCED_FACE ( 'NONE', ( #1495, #1291 ), #99, .F. ) ;
#1180 = ORIENTED_EDGE ( 'NONE', *, *, #1010, .T. ) ;
#1181 = LINE ( 'NONE', #1300, #488 ) ;
#1182 = VERTEX_POINT ( 'NONE', #1284 ) ;
#1183 = DIRECTION ( 'NONE',  ( 0.000000000000000000, 0.000000000000000000, -1.000000000000000000 ) ) ;
#1184 = DIRECTION ( 'NONE',  ( -0.000000000000000000, 1.000000000000000000, -0.000000000000000000 ) ) ;
#1185 = VERTEX_POINT ( 'NONE', #211 ) ;
#1186 = LINE ( 'NONE', #1538, #890 ) ;
#1187 = EDGE_CURVE ( 'NONE', #1108, #75, #431, .T. ) ;
#1188 = ORIENTED_EDGE ( 'NONE', *, *, #364, .T. ) ;
#1189 = VECTOR ( 'NONE', #558, 1000.000000000000000 ) ;
#1190 = CARTESIAN_POINT ( 'NONE',  ( -173.3517241379310292, 50.00000000000000000, -187.3844297653358524 ) ) ;
#1191 = APPLICATION_CONTEXT ( 'automotive_design' ) ;
#1192 = FACE_OUTER_BOUND ( 'NONE', #357, .T. ) ;
#1193 = ORIENTED_EDGE ( 'NONE', *, *, #1117, .F. ) ;
#1194 = FACE_OUTER_BOUND ( 'NONE', #330, .T. ) ;
#1195 = FACE_OUTER_BOUND ( 'NONE', #272, .T. ) ;
#1196 = ADVANCED_FACE ( 'NONE', ( #706 ), #1153, .F. ) ;
#1197 = ORIENTED_EDGE ( 'NONE', *, *, #1465, .F. ) ;
#1198 = CARTESIAN_POINT ( 'NONE',  ( 16.64827586206911292, 50.00000000000000000, 125.1155702346640766 ) ) ;
#1199 = CARTESIAN_POINT ( 'NONE',  ( -68.35172413793088708, 0.000000000000000000, 190.1155702346641192 ) ) ;
#1200 = VERTEX_POINT ( 'NONE', #943 ) ;
#1201 = CIRCLE ( 'NONE', #146, 4.999999999999976907 ) ;
#1202 = FACE_BOUND ( 'NONE', #464, .T. ) ;
#1203 = VECTOR ( 'NONE', #1385, 1000.000000000000000 ) ;
#1204 = DIRECTION ( 'NONE',  ( 1.000000000000000000, -0.000000000000000000, 0.000000000000000000 ) ) ;
#1205 = AXIS2_PLACEMENT_3D ( 'NONE', #334, #697, #1512 ) ;
#1206 = ORIENTED_EDGE ( 'NONE', *, *, #436, .T. ) ;
#1207 = EDGE_CURVE ( 'NONE', #1060, #583, #1171, .T. ) ;
#1208 = CARTESIAN_POINT ( 'NONE',  ( -68.35172413793088708, 50.00000000000000000, 125.1155702346640766 ) ) ;
#1209 = DIRECTION ( 'NONE',  ( 1.000000000000000000, -0.000000000000000000, 5.551115123125777969E-15 ) ) ;
#1210 = VERTEX_POINT ( 'NONE', #462 ) ;
#1211 = DIRECTION ( 'NONE',  ( -0.000000000000000000, -1.000000000000000000, -0.000000000000000000 ) ) ;
#1212 = DIRECTION ( 'NONE',  ( 1.000000000000000000, -0.000000000000000000, -0.000000000000000000 ) ) ;
#1213 = ORIENTED_EDGE ( 'NONE', *, *, #1492, .T. ) ;
#1214 = FACE_OUTER_BOUND ( 'NONE', #557, .T. ) ;
#1215 = CARTESIAN_POINT ( 'NONE',  ( 16.64827586206911292, 0.000000000000000000, 157.6155702346640624 ) ) ;
#1216 = EDGE_CURVE ( 'NONE', #1285, #1236, #1177, .T. ) ;
#1217 = ORIENTED_EDGE ( 'NONE', *, *, #989, .T. ) ;
#1218 = CARTESIAN_POINT ( 'NONE',  ( 16.64827586206911292, 50.00000000000000000, 157.6155702346640624 ) ) ;
#1219 = DIRECTION ( 'NONE',  ( -0.000000000000000000, -0.000000000000000000, -1.000000000000000000 ) ) ;
#1220 = EDGE_LOOP ( 'NONE', ( #189, #1380, #683, #35, #842, #1398, #1050, #283, #1029, #133, #789, #739, #1462, #510, #719, #308, #1548, #93, #233, #934, #780, #1047, #1143, #795, #1377, #542, #545, #310, #707, #1254, #443, #660 ) ) ;
#1221 = ORIENTED_EDGE ( 'NONE', *, *, #749, .T. ) ;
#1222 = PLANE ( 'NONE',  #1434 ) ;
#1223 = ORIENTED_EDGE ( 'NONE', *, *, #1207, .F. ) ;
#1224 = EDGE_CURVE ( 'NONE', #1372, #268, #911, .T. ) ;
#1225 = DIRECTION ( 'NONE',  ( -0.000000000000000000, 1.000000000000000000, -0.000000000000000000 ) ) ;
#1226 = VECTOR ( 'NONE', #377, 1000.000000000000000 ) ;
#1227 = CARTESIAN_POINT ( 'NONE',  ( -88.35172413793092971, 50.00000000000000000, 190.1155702346641192 ) ) ;
#1228 = AXIS2_PLACEMENT_3D ( 'NONE', #72, #808, #199 ) ;
#1229 = ORIENTED_EDGE ( 'NONE', *, *, #909, .F. ) ;
#1230 = VECTOR ( 'NONE', #763, 1000.000000000000000 ) ;
#1231 = DIRECTION ( 'NONE',  ( -0.000000000000000000, -1.000000000000000000, -0.000000000000000000 ) ) ;
#1232 = CARTESIAN_POINT ( 'NONE',  ( -173.3517241379310008, 0.000000000000000000, -154.8844297653358808 ) ) ;
#1233 = CARTESIAN_POINT ( 'NONE',  ( 11.64827586206898502, 50.00000000000000000, -159.8844297653359376 ) ) ;
#1234 = CARTESIAN_POINT ( 'NONE',  ( 16.64827586206901344, 75.00000000000001421, -219.8844297653357671 ) ) ;
#1235 = EDGE_CURVE ( 'NONE', #1395, #230, #556, .T. ) ;
#1236 = VERTEX_POINT ( 'NONE', #1441 ) ;
#1237 = CARTESIAN_POINT ( 'NONE',  ( -118.3517241379303897, 50.00000000000000000, -224.8844297653358524 ) ) ;
#1238 = DIRECTION ( 'NONE',  ( -0.000000000000000000, -1.000000000000000000, -0.000000000000000000 ) ) ;
#1239 = VECTOR ( 'NONE', #504, 1000.000000000000000 ) ;
#1240 = FACE_OUTER_BOUND ( 'NONE', #703, .T. ) ;
#1241 = EDGE_LOOP ( 'NONE', ( #752, #1257, #125, #694 ) ) ;
#1242 = CARTESIAN_POINT ( 'NONE',  ( -173.3517241379309155, 50.00000000000000000, 125.1155702346641050 ) ) ;
#1243 = CARTESIAN_POINT ( 'NONE',  ( 16.64827586206911292, 50.00000000000000000, 157.6155702346640624 ) ) ;
#1244 = DIRECTION ( 'NONE',  ( -1.000000000000000000, 0.000000000000000000, -5.843279076974507537E-16 ) ) ;
#1245 = CARTESIAN_POINT ( 'NONE',  ( 4.148275862069115583, 25.00000000000000000, -154.8844297653359092 ) ) ;
#1246 = VECTOR ( 'NONE', #1394, 1000.000000000000000 ) ;
#1247 = VERTEX_POINT ( 'NONE', #1536 ) ;
#1248 = DIRECTION ( 'NONE',  ( -0.000000000000000000, -1.000000000000000000, -0.000000000000000000 ) ) ;
#1249 = PLANE ( 'NONE',  #1071 ) ;
#1250 = CIRCLE ( 'NONE', #1155, 5.000000000000002665 ) ;
#1251 = ADVANCED_FACE ( 'NONE', ( #251 ), #1092, .F. ) ;
#1252 = DIRECTION ( 'NONE',  ( 1.000000000000000000, 0.000000000000000000, 0.000000000000000000 ) ) ;
#1253 = CARTESIAN_POINT ( 'NONE',  ( 16.64827586206911292, 50.00000000000000000, 157.6155702346640624 ) ) ;
#1254 = ORIENTED_EDGE ( 'NONE', *, *, #649, .T. ) ;
#1255 = LINE ( 'NONE', #661, #1080 ) ;
#1256 = CARTESIAN_POINT ( 'NONE',  ( 11.64827586206898502, 0.000000000000000000, -187.3844297653359092 ) ) ;
#1257 = ORIENTED_EDGE ( 'NONE', *, *, #111, .F. ) ;
#1258 = CARTESIAN_POINT ( 'NONE',  ( 16.64827586206901344, 75.00000000000001421, -219.8844297653357671 ) ) ;
#1259 = EDGE_CURVE ( 'NONE', #1236, #1140, #243, .T. ) ;
#1260 = ORIENTED_EDGE ( 'NONE', *, *, #939, .T. ) ;
#1261 = VECTOR ( 'NONE', #1391, 1000.000000000000000 ) ;
#1262 = DIRECTION ( 'NONE',  ( -1.000000000000000000, 0.000000000000000000, 0.000000000000000000 ) ) ;
#1263 = ORIENTED_EDGE ( 'NONE', *, *, #1437, .T. ) ;
#1264 = DIRECTION ( 'NONE',  ( -0.000000000000000000, -0.000000000000000000, 1.000000000000000000 ) ) ;
#1265 = CARTESIAN_POINT ( 'NONE',  ( -168.3517241379310292, 50.00000000000000000, -187.3844297653358524 ) ) ;
#1266 = VERTEX_POINT ( 'NONE', #1328 ) ;
#1267 = CARTESIAN_POINT ( 'NONE',  ( -88.35172413793101498, 50.00000000000000000, -159.8844297653358808 ) ) ;
#1268 = ORIENTED_EDGE ( 'NONE', *, *, #247, .T. ) ;
#1269 = EDGE_CURVE ( 'NONE', #1290, #1490, #856, .T. ) ;
#1270 = LINE ( 'NONE', #349, #213 ) ;
#1271 = EDGE_CURVE ( 'NONE', #1182, #1266, #951, .T. ) ;
#1272 = EDGE_LOOP ( 'NONE', ( #539, #270, #849, #32 ) ) ;
#1273 = DIRECTION ( 'NONE',  ( 1.000000000000000000, -0.000000000000000000, 0.000000000000000000 ) ) ;
#1274 = CIRCLE ( 'NONE', #1228, 5.000000000000002665 ) ;
#1275 = ORIENTED_EDGE ( 'NONE', *, *, #657, .T. ) ;
#1276 = LINE ( 'NONE', #202, #778 ) ;
#1277 = ORIENTED_EDGE ( 'NONE', *, *, #1501, .T. ) ;
#1278 = CARTESIAN_POINT ( 'NONE',  ( -88.35172413793092971, 50.00000000000000000, -154.8844297653358808 ) ) ;
#1279 = EDGE_CURVE ( 'NONE', #691, #857, #20, .T. ) ;
#1280 = ORIENTED_EDGE ( 'NONE', *, *, #749, .F. ) ;
#1281 = CARTESIAN_POINT ( 'NONE',  ( -155.8517241379310576, 25.00000000000000000, -159.8844297653358524 ) ) ;
#1282 = DIRECTION ( 'NONE',  ( 0.000000000000000000, 0.000000000000000000, 1.000000000000000000 ) ) ;
#1283 = VERTEX_POINT ( 'NONE', #132 ) ;
#1284 = CARTESIAN_POINT ( 'NONE',  ( 16.64827586206900278, 0.000000000000000000, -154.8844297653359092 ) ) ;
#1285 = VERTEX_POINT ( 'NONE', #746 ) ;
#1286 = DIRECTION ( 'NONE',  ( 1.000000000000000000, 0.000000000000000000, 0.000000000000000000 ) ) ;
#1287 = VECTOR ( 'NONE', #954, 1000.000000000000000 ) ;
#1288 = VERTEX_POINT ( 'NONE', #609 ) ;
#1289 = ADVANCED_FACE ( 'NONE', ( #1192 ), #593, .F. ) ;
#1290 = VERTEX_POINT ( 'NONE', #362 ) ;
#1291 = FACE_OUTER_BOUND ( 'NONE', #460, .T. ) ;
#1292 = ORIENTED_EDGE ( 'NONE', *, *, #5, .T. ) ;
#1293 = FACE_OUTER_BOUND ( 'NONE', #1272, .T. ) ;
#1294 = ORIENTED_EDGE ( 'NONE', *, *, #59, .T. ) ;
#1295 = DIRECTION ( 'NONE',  ( -1.850371707708598704E-15, 0.000000000000000000, 1.000000000000000000 ) ) ;
#1296 = CARTESIAN_POINT ( 'NONE',  ( -150.8517241379309439, 25.00000000000000000, 130.1155702346641192 ) ) ;
#1297 = AXIS2_PLACEMENT_3D ( 'NONE', #963, #373, #596 ) ;
#1298 = EDGE_CURVE ( 'NONE', #1108, #485, #712, .T. ) ;
#1299 = VERTEX_POINT ( 'NONE', #959 ) ;
#1300 = CARTESIAN_POINT ( 'NONE',  ( -5.851724137930889746, 25.00000000000000000, -165.8844297653360229 ) ) ;
#1301 = VECTOR ( 'NONE', #1312, 1000.000000000000000 ) ;
#1302 = ORIENTED_EDGE ( 'NONE', *, *, #205, .T. ) ;
#1303 = DIRECTION ( 'NONE',  ( 1.000000000000000000, 0.000000000000000000, -0.000000000000000000 ) ) ;
#1304 = CARTESIAN_POINT ( 'NONE',  ( -173.3517241379310008, 50.00000000000000000, -154.8844297653358808 ) ) ;
#1305 = VERTEX_POINT ( 'NONE', #138 ) ;
#1306 = EDGE_CURVE ( 'NONE', #535, #206, #123, .T. ) ;
#1307 = LINE ( 'NONE', #977, #1138 ) ;
#1308 = CARTESIAN_POINT ( 'NONE',  ( -168.3517241379309155, 0.000000000000000000, 157.6655702346641021 ) ) ;
#1309 = ORIENTED_EDGE ( 'NONE', *, *, #833, .T. ) ;
#1310 = AXIS2_PLACEMENT_3D ( 'NONE', #87, #195, #677 ) ;
#1311 = DIRECTION ( 'NONE',  ( -1.000000000000000000, 0.000000000000000000, 0.000000000000000000 ) ) ;
#1312 = DIRECTION ( 'NONE',  ( 0.000000000000000000, 0.000000000000000000, 1.000000000000000000 ) ) ;
#1313 = ORIENTED_EDGE ( 'NONE', *, *, #759, .T. ) ;
#1314 = DIRECTION ( 'NONE',  ( 0.000000000000000000, -1.000000000000000000, 0.000000000000000000 ) ) ;
#1315 = EDGE_CURVE ( 'NONE', #627, #184, #1369, .T. ) ;
#1316 = CARTESIAN_POINT ( 'NONE',  ( -88.35172413793092971, 0.000000000000000000, -154.8844297653358808 ) ) ;
#1317 = EDGE_CURVE ( 'NONE', #1406, #1055, #501, .T. ) ;
#1318 = ORIENTED_EDGE ( 'NONE', *, *, #1437, .F. ) ;
#1319 = FACE_OUTER_BOUND ( 'NONE', #1450, .T. ) ;
#1320 = CARTESIAN_POINT ( 'NONE',  ( 16.64827586206898857, 0.000000000000000000, -187.3844297653359092 ) ) ;
#1321 = ORIENTED_EDGE ( 'NONE', *, *, #1064, .T. ) ;
#1322 = CARTESIAN_POINT ( 'NONE',  ( -173.3517241379309155, 0.000000000000000000, 157.6655702346641306 ) ) ;
#1323 = PLANE ( 'NONE',  #599 ) ;
#1324 = VECTOR ( 'NONE', #275, 1000.000000000000000 ) ;
#1325 = ORIENTED_EDGE ( 'NONE', *, *, #909, .T. ) ;
#1326 = EDGE_CURVE ( 'NONE', #918, #1210, #984, .T. ) ;
#1327 = CARTESIAN_POINT ( 'NONE',  ( 16.64827586206901344, 75.00000000000001421, -219.8844297653357671 ) ) ;
#1328 = CARTESIAN_POINT ( 'NONE',  ( 16.64827586206898857, 0.000000000000000000, -187.3844297653359092 ) ) ;
#1329 = VERTEX_POINT ( 'NONE', #863 ) ;
#1330 = CARTESIAN_POINT ( 'NONE',  ( 16.64827586206900278, 50.00000000000000000, -154.8844297653359092 ) ) ;
#1331 = DIRECTION ( 'NONE',  ( 0.000000000000000000, 0.000000000000000000, 1.000000000000000000 ) ) ;
#1332 = VERTEX_POINT ( 'NONE', #966 ) ;
#1333 = EDGE_CURVE ( 'NONE', #1052, #952, #493, .T. ) ;
#1334 = AXIS2_PLACEMENT_3D ( 'NONE', #1486, #60, #1129 ) ;
#1335 = LINE ( 'NONE', #1476, #223 ) ;
#1336 = CARTESIAN_POINT ( 'NONE',  ( 16.64827586206898857, 50.00000000000000000, -187.3844297653359092 ) ) ;
#1337 = EDGE_LOOP ( 'NONE', ( #1508, #947 ) ) ;
#1338 = DIRECTION ( 'NONE',  ( 0.000000000000000000, -1.000000000000000000, 0.000000000000000000 ) ) ;
#1339 = CARTESIAN_POINT ( 'NONE',  ( -173.3517241379309155, 50.00000000000000000, 157.6655702346641306 ) ) ;
#1340 = VERTEX_POINT ( 'NONE', #370 ) ;
#1341 = LINE ( 'NONE', #359, #702 ) ;
#1342 = DIRECTION ( 'NONE',  ( -2.312964634635742957E-16, -0.000000000000000000, 1.000000000000000000 ) ) ;
#1343 = DIRECTION ( 'NONE',  ( -1.000000000000000000, -0.000000000000000000, -0.000000000000000000 ) ) ;
#1344 = ADVANCED_FACE ( 'NONE', ( #975 ), #1449, .F. ) ;
#1345 = CLOSED_SHELL ( 'NONE', ( #1289, #1137, #562, #1046, #881, #997, #949, #70, #36, #337, #920, #1344, #109, #266, #1160, #883, #1179, #1196, #1168, #666, #418, #1533, #852, #440, #229, #517, #1428, #600, #1105, #1474, #130, #1251, #411, #208, #392, #120, #601, #1035, #141, #1524, #1414, #1351, #1480, #1366, #897, #475, #1376 ) ) ;
#1346 = CARTESIAN_POINT ( 'NONE',  ( -88.35172413793091550, 50.00000000000000000, 130.1155702346641476 ) ) ;
#1347 = VECTOR ( 'NONE', #1212, 1000.000000000000000 ) ;
#1348 = ORIENTED_EDGE ( 'NONE', *, *, #1379, .T. ) ;
#1349 = FACE_OUTER_BOUND ( 'NONE', #675, .T. ) ;
#1350 = CARTESIAN_POINT ( 'NONE',  ( -0.8517241379308870819, 25.00000000000000000, 125.1155702346640766 ) ) ;
#1351 = ADVANCED_FACE ( 'NONE', ( #115 ), #354, .T. ) ;
#1352 = PLANE ( 'NONE',  #197 ) ;
#1353 = ORIENTED_EDGE ( 'NONE', *, *, #356, .F. ) ;
#1354 = DIRECTION ( 'NONE',  ( 2.312964634635743450E-16, 0.000000000000000000, 1.000000000000000000 ) ) ;
#1355 = CARTESIAN_POINT ( 'NONE',  ( -173.3517241379309155, 0.000000000000000000, 125.1155702346641050 ) ) ;
#1356 = PLANE ( 'NONE',  #728 ) ;
#1357 = CIRCLE ( 'NONE', #563, 4.999999999999976907 ) ;
#1358 = DIRECTION ( 'NONE',  ( 6.938893903907257960E-16, 0.000000000000000000, -1.000000000000000000 ) ) ;
#1359 = EDGE_CURVE ( 'NONE', #576, #1490, #771, .T. ) ;
#1360 = AXIS2_PLACEMENT_3D ( 'NONE', #416, #185, #528 ) ;
#1361 = DIRECTION ( 'NONE',  ( -1.000000000000000000, 0.000000000000000000, 0.000000000000000000 ) ) ;
#1362 = DIRECTION ( 'NONE',  ( 1.000000000000000000, 0.000000000000000000, 5.843279076974507537E-16 ) ) ;
#1363 = LINE ( 'NONE', #787, #1107 ) ;
#1364 = COLOUR_RGB ( '',0.7921568627450980005, 0.8196078431372548767, 0.9333333333333333481 ) ;
#1365 = EDGE_LOOP ( 'NONE', ( #928, #90, #104, #1454 ) ) ;
#1366 = ADVANCED_FACE ( 'NONE', ( #1007 ), #1135, .F. ) ;
#1367 = DIRECTION ( 'NONE',  ( 0.000000000000000000, 0.000000000000000000, -1.000000000000000000 ) ) ;
#1368 = CARTESIAN_POINT ( 'NONE',  ( -173.3517241379310008, 75.00000000000001421, -219.8844297653358808 ) ) ;
#1369 = CIRCLE ( 'NONE', #1132, 5.000000000000002665 ) ;
#1370 = ORIENTED_EDGE ( 'NONE', *, *, #1015, .T. ) ;
#1371 = CARTESIAN_POINT ( 'NONE',  ( -160.8517241379309155, 25.00000000000000000, 130.1155702346641192 ) ) ;
#1372 = VERTEX_POINT ( 'NONE', #1368 ) ;
#1373 = LINE ( 'NONE', #1070, #1287 ) ;
#1374 = ORIENTED_EDGE ( 'NONE', *, *, #159, .F. ) ;
#1375 = DIRECTION ( 'NONE',  ( -1.000000000000000000, -0.000000000000000000, -0.000000000000000000 ) ) ;
#1376 = ADVANCED_FACE ( 'NONE', ( #304 ), #421, .F. ) ;
#1377 = ORIENTED_EDGE ( 'NONE', *, *, #1259, .F. ) ;
#1378 = CARTESIAN_POINT ( 'NONE',  ( 16.64827586206911292, 0.000000000000000000, 157.6155702346640624 ) ) ;
#1379 = EDGE_CURVE ( 'NONE', #224, #968, #999, .T. ) ;
#1380 = ORIENTED_EDGE ( 'NONE', *, *, #550, .F. ) ;
#1381 = VECTOR ( 'NONE', #450, 1000.000000000000000 ) ;
#1382 = CARTESIAN_POINT ( 'NONE',  ( -173.3517241379309155, 0.000000000000000000, 157.6655702346641306 ) ) ;
#1383 = ADVANCED_BREP_SHAPE_REPRESENTATION ( 'vertical frame', ( #222, #215 ), #267 ) ;
#1384 = ORIENTED_EDGE ( 'NONE', *, *, #980, .F. ) ;
#1385 = DIRECTION ( 'NONE',  ( 1.000000000000000000, -0.000000000000000000, -5.551115123125777969E-15 ) ) ;
#1386 = LINE ( 'NONE', #561, #13 ) ;
#1387 = ORIENTED_EDGE ( 'NONE', *, *, #436, .F. ) ;
#1388 = DIRECTION ( 'NONE',  ( 0.000000000000000000, 0.000000000000000000, 1.000000000000000000 ) ) ;
#1389 = ORIENTED_EDGE ( 'NONE', *, *, #541, .F. ) ;
#1390 = EDGE_CURVE ( 'NONE', #152, #1285, #45, .T. ) ;
#1391 = DIRECTION ( 'NONE',  ( -1.040834085586085203E-14, -0.000000000000000000, 1.000000000000000000 ) ) ;
#1392 = ORIENTED_EDGE ( 'NONE', *, *, #374, .T. ) ;
#1393 = AXIS2_PLACEMENT_3D ( 'NONE', #1208, #720, #1075 ) ;
#1394 = DIRECTION ( 'NONE',  ( 6.938893903907257960E-16, 0.000000000000000000, -1.000000000000000000 ) ) ;
#1395 = VERTEX_POINT ( 'NONE', #1111 ) ;
#1396 = CARTESIAN_POINT ( 'NONE',  ( 4.148275862069115583, 25.00000000000000000, 125.1155702346640766 ) ) ;
#1397 = AXIS2_PLACEMENT_3D ( 'NONE', #1424, #1086, #386 ) ;
#1398 = ORIENTED_EDGE ( 'NONE', *, *, #590, .F. ) ;
#1399 = CARTESIAN_POINT ( 'NONE',  ( -150.8517241379309723, 25.00000000000000000, 145.1155702346640908 ) ) ;
#1400 = PRODUCT_DEFINITION ( 'UNKNOWN', '', #1097, #735 ) ;
#1401 = ORIENTED_EDGE ( 'NONE', *, *, #844, .F. ) ;
#1402 = DIRECTION ( 'NONE',  ( -3.265361837132813586E-16, -0.000000000000000000, -1.000000000000000000 ) ) ;
#1403 = DIRECTION ( 'NONE',  ( -3.265361837132813586E-16, -0.000000000000000000, -1.000000000000000000 ) ) ;
#1404 = VERTEX_POINT ( 'NONE', #524 ) ;
#1405 = CARTESIAN_POINT ( 'NONE',  ( 16.64827586206911292, 0.000000000000000000, 195.1155702346640624 ) ) ;
#1406 = VERTEX_POINT ( 'NONE', #1458 ) ;
#1407 = DIRECTION ( 'NONE',  ( 1.000000000000000000, 0.000000000000000000, -8.540177112501212273E-16 ) ) ;
#1408 = VECTOR ( 'NONE', #1120, 1000.000000000000000 ) ;
#1409 = LINE ( 'NONE', #1190, #249 ) ;
#1410 = DIRECTION ( 'NONE',  ( -0.000000000000000000, -0.000000000000000000, 1.000000000000000000 ) ) ;
#1411 = ORIENTED_EDGE ( 'NONE', *, *, #582, .F. ) ;
#1412 = LINE ( 'NONE', #1399, #1381 ) ;
#1413 = VERTEX_POINT ( 'NONE', #39 ) ;
#1414 = ADVANCED_FACE ( 'NONE', ( #886 ), #1222, .F. ) ;
#1415 = LINE ( 'NONE', #1067, #299 ) ;
#1416 = DIRECTION ( 'NONE',  ( 4.270088556250601699E-16, 0.000000000000000000, 1.000000000000000000 ) ) ;
#1417 = VECTOR ( 'NONE', #246, 1000.000000000000000 ) ;
#1418 = ORIENTED_EDGE ( 'NONE', *, *, #406, .F. ) ;
#1419 = DIRECTION ( 'NONE',  ( -0.000000000000000000, -1.000000000000000000, -0.000000000000000000 ) ) ;
#1420 = VECTOR ( 'NONE', #1061, 1000.000000000000000 ) ;
#1421 = DIRECTION ( 'NONE',  ( -1.000000000000000000, 0.000000000000000000, 9.912705577010326782E-17 ) ) ;
#1422 = ORIENTED_EDGE ( 'NONE', *, *, #649, .F. ) ;
#1423 = PLANE ( 'NONE',  #451 ) ;
#1424 = CARTESIAN_POINT ( 'NONE',  ( -38.35172413793086577, 50.00000000000000000, 195.1155702346640624 ) ) ;
#1425 = EDGE_CURVE ( 'NONE', #461, #1200, #509, .T. ) ;
#1426 = VERTEX_POINT ( 'NONE', #991 ) ;
#1427 = DIRECTION ( 'NONE',  ( -3.265361837132813586E-16, -0.000000000000000000, -1.000000000000000000 ) ) ;
#1428 = ADVANCED_FACE ( 'NONE', ( #1349 ), #1249, .F. ) ;
#1429 = DIRECTION ( 'NONE',  ( 3.469446951953614189E-16, -0.000000000000000000, 1.000000000000000000 ) ) ;
#1430 = ORIENTED_EDGE ( 'NONE', *, *, #187, .F. ) ;
#1431 = VECTOR ( 'NONE', #874, 1000.000000000000000 ) ;
#1432 = DIRECTION ( 'NONE',  ( 0.000000000000000000, 0.000000000000000000, 1.000000000000000000 ) ) ;
#1433 = DIRECTION ( 'NONE',  ( -2.312964634635742957E-16, -0.000000000000000000, -1.000000000000000000 ) ) ;
#1434 = AXIS2_PLACEMENT_3D ( 'NONE', #1237, #626, #31 ) ;
#1435 = ORIENTED_EDGE ( 'NONE', *, *, #1023, .F. ) ;
#1436 = FACE_OUTER_BOUND ( 'NONE', #218, .T. ) ;
#1437 = EDGE_CURVE ( 'NONE', #62, #1247, #871, .T. ) ;
#1438 = DIRECTION ( 'NONE',  ( 1.850371707708592788E-15, -0.000000000000000000, 1.000000000000000000 ) ) ;
#1439 = ORIENTED_EDGE ( 'NONE', *, *, #406, .T. ) ;
#1440 = CARTESIAN_POINT ( 'NONE',  ( 1.284846087800256905E-13, 0.000000000000000000, -219.8844297653357671 ) ) ;
#1441 = CARTESIAN_POINT ( 'NONE',  ( 11.64827586206910937, 0.000000000000000000, 157.6155702346640624 ) ) ;
#1442 = VERTEX_POINT ( 'NONE', #57 ) ;
#1443 = AXIS2_PLACEMENT_3D ( 'NONE', #1535, #855, #617 ) ;
#1444 = DIRECTION ( 'NONE',  ( -1.000000000000000000, 0.000000000000000000, 0.000000000000000000 ) ) ;
#1445 = CARTESIAN_POINT ( 'NONE',  ( -168.3517241379309155, 0.000000000000000000, 157.6655702346641021 ) ) ;
#1446 = VECTOR ( 'NONE', #656, 1000.000000000000000 ) ;
#1447 = EDGE_CURVE ( 'NONE', #952, #152, #894, .T. ) ;
#1448 = ORIENTED_EDGE ( 'NONE', *, *, #1279, .F. ) ;
#1449 = PLANE ( 'NONE',  #1032 ) ;
#1450 = EDGE_LOOP ( 'NONE', ( #699, #1530, #792, #1021 ) ) ;
#1451 = DIRECTION ( 'NONE',  ( -0.000000000000000000, -1.000000000000000000, -0.000000000000000000 ) ) ;
#1452 = DIRECTION ( 'NONE',  ( -0.000000000000000000, -0.000000000000000000, 1.000000000000000000 ) ) ;
#1453 = ORIENTED_EDGE ( 'NONE', *, *, #1271, .T. ) ;
#1454 = ORIENTED_EDGE ( 'NONE', *, *, #167, .T. ) ;
#1455 = EDGE_CURVE ( 'NONE', #1329, #268, #1483, .T. ) ;
#1456 = VECTOR ( 'NONE', #858, 1000.000000000000000 ) ;
#1457 = LINE ( 'NONE', #274, #1178 ) ;
#1458 = CARTESIAN_POINT ( 'NONE',  ( -5.851724137930889746, 25.00000000000000000, 125.1155702346640766 ) ) ;
#1459 = ORIENTED_EDGE ( 'NONE', *, *, #1157, .T. ) ;
#1460 = CARTESIAN_POINT ( 'NONE',  ( -68.35172413793101498, 50.00000000000000000, -159.8844297653359376 ) ) ;
#1461 = DIRECTION ( 'NONE',  ( -1.000000000000000000, 0.000000000000000000, 0.000000000000000000 ) ) ;
#1462 = ORIENTED_EDGE ( 'NONE', *, *, #328, .F. ) ;
#1463 = SURFACE_SIDE_STYLE ('',( #998 ) ) ;
#1464 = CARTESIAN_POINT ( 'NONE',  ( -173.3517241379310008, 75.00000000000001421, -224.8844297653358808 ) ) ;
#1465 = EDGE_CURVE ( 'NONE', #1413, #691, #531, .T. ) ;
#1466 = DIRECTION ( 'NONE',  ( 0.000000000000000000, 1.000000000000000000, 0.000000000000000000 ) ) ;
#1467 = VECTOR ( 'NONE', #809, 1000.000000000000000 ) ;
#1468 = DIRECTION ( 'NONE',  ( 1.000000000000000000, 0.000000000000000000, 6.938893903907257960E-16 ) ) ;
#1469 = CIRCLE ( 'NONE', #902, 5.000000000000002665 ) ;
#1470 = DIRECTION ( 'NONE',  ( 1.000000000000000000, 0.000000000000000000, -3.265361837132813586E-16 ) ) ;
#1471 = DIRECTION ( 'NONE',  ( -3.265361837132813586E-16, -0.000000000000000000, -1.000000000000000000 ) ) ;
#1472 = EDGE_CURVE ( 'NONE', #319, #714, #169, .T. ) ;
#1473 = CARTESIAN_POINT ( 'NONE',  ( -168.3517241379310292, 0.000000000000000000, -159.8844297653358808 ) ) ;
#1474 = ADVANCED_FACE ( 'NONE', ( #403 ), #163, .F. ) ;
#1475 = LINE ( 'NONE', #765, #37 ) ;
#1476 = CARTESIAN_POINT ( 'NONE',  ( -68.35172413793101498, 0.000000000000000000, -159.8844297653359376 ) ) ;
#1477 = DIRECTION ( 'NONE',  ( -1.000000000000000000, 0.000000000000000000, 0.000000000000000000 ) ) ;
#1478 = DIRECTION ( 'NONE',  ( 0.000000000000000000, -0.000000000000000000, 1.000000000000000000 ) ) ;
#1479 = DIRECTION ( 'NONE',  ( 0.000000000000000000, 0.000000000000000000, 1.000000000000000000 ) ) ;
#1480 = ADVANCED_FACE ( 'NONE', ( #1131 ), #51, .T. ) ;
#1481 = ORIENTED_EDGE ( 'NONE', *, *, #1216, .T. ) ;
#1482 = LINE ( 'NONE', #181, #953 ) ;
#1483 = LINE ( 'NONE', #1464, #946 ) ;
#1484 = DIRECTION ( 'NONE',  ( -1.000000000000000000, 0.000000000000000000, 0.000000000000000000 ) ) ;
#1485 = VERTEX_POINT ( 'NONE', #662 ) ;
#1486 = CARTESIAN_POINT ( 'NONE',  ( -168.3517241379310292, 50.00000000000000000, -187.3844297653358524 ) ) ;
#1487 = AXIS2_PLACEMENT_3D ( 'NONE', #168, #50, #1470 ) ;
#1488 = AXIS2_PLACEMENT_3D ( 'NONE', #309, #49, #1262 ) ;
#1489 = EDGE_CURVE ( 'NONE', #641, #576, #1510, .T. ) ;
#1490 = VERTEX_POINT ( 'NONE', #1051 ) ;
#1491 = LINE ( 'NONE', #908, #327 ) ;
#1492 = EDGE_CURVE ( 'NONE', #1299, #1537, #1386, .T. ) ;
#1493 = VECTOR ( 'NONE', #106, 1000.000000000000000 ) ;
#1494 = LINE ( 'NONE', #430, #1467 ) ;
#1495 = FACE_BOUND ( 'NONE', #360, .T. ) ;
#1496 = ORIENTED_EDGE ( 'NONE', *, *, #295, .F. ) ;
#1497 = DIRECTION ( 'NONE',  ( -0.000000000000000000, -0.000000000000000000, 1.000000000000000000 ) ) ;
#1498 = ORIENTED_EDGE ( 'NONE', *, *, #533, .T. ) ;
#1499 = DIRECTION ( 'NONE',  ( -3.469446951953614189E-16, 0.000000000000000000, -1.000000000000000000 ) ) ;
#1500 = CARTESIAN_POINT ( 'NONE',  ( -173.3517241379310008, 50.00000000000000000, -154.8844297653358808 ) ) ;
#1501 = EDGE_CURVE ( 'NONE', #1161, #194, #941, .T. ) ;
#1502 = VERTEX_POINT ( 'NONE', #454 ) ;
#1503 = CARTESIAN_POINT ( 'NONE',  ( 4.148275862069115583, 25.00000000000000000, -165.8844297653360229 ) ) ;
#1504 = ORIENTED_EDGE ( 'NONE', *, *, #657, .F. ) ;
#1505 = AXIS2_PLACEMENT_3D ( 'NONE', #701, #140, #986 ) ;
#1506 = LINE ( 'NONE', #442, #1261 ) ;
#1507 = VECTOR ( 'NONE', #757, 1000.000000000000000 ) ;
#1508 = ORIENTED_EDGE ( 'NONE', *, *, #111, .T. ) ;
#1509 = CARTESIAN_POINT ( 'NONE',  ( -68.35172413793088708, 50.00000000000000000, 190.1155702346641192 ) ) ;
#1510 = LINE ( 'NONE', #782, #88 ) ;
#1511 = VERTEX_POINT ( 'NONE', #182 ) ;
#1512 = DIRECTION ( 'NONE',  ( 1.000000000000000000, 0.000000000000000000, -0.000000000000000000 ) ) ;
#1513 = PRODUCT_RELATED_PRODUCT_CATEGORY ( 'part', '', ( #1049 ) ) ;
#1514 = EDGE_LOOP ( 'NONE', ( #338, #910, #754, #89 ) ) ;
#1515 = CARTESIAN_POINT ( 'NONE',  ( 11.64827586206910937, 50.00000000000000000, 130.1155702346640908 ) ) ;
#1516 = VERTEX_POINT ( 'NONE', #1518 ) ;
#1517 = VECTOR ( 'NONE', #264, 1000.000000000000000 ) ;
#1518 = CARTESIAN_POINT ( 'NONE',  ( -173.3517241379310008, -25.00000000000000711, -219.8844297653358808 ) ) ;
#1519 = CARTESIAN_POINT ( 'NONE',  ( -168.3517241379309155, 50.00000000000000000, 157.6655702346641021 ) ) ;
#1520 = DIRECTION ( 'NONE',  ( -1.000000000000000000, -0.000000000000000000, -0.000000000000000000 ) ) ;
#1521 = AXIS2_PLACEMENT_3D ( 'NONE', #901, #1471, #1361 ) ;
#1522 = VERTEX_POINT ( 'NONE', #1037 ) ;
#1523 = DIRECTION ( 'NONE',  ( 1.000000000000000000, -0.000000000000000000, 5.843279076974507537E-16 ) ) ;
#1524 = ADVANCED_FACE ( 'NONE', ( #445 ), #312, .T. ) ;
#1525 = EDGE_LOOP ( 'NONE', ( #201, #1148, #604, #467 ) ) ;
#1526 = APPLICATION_PROTOCOL_DEFINITION ( 'draft international standard', 'automotive_design', 1998, #1191 ) ;
#1527 = ORIENTED_EDGE ( 'NONE', *, *, #1056, .T. ) ;
#1528 = DIRECTION ( 'NONE',  ( 0.000000000000000000, 0.000000000000000000, 1.000000000000000000 ) ) ;
#1529 = ORIENTED_EDGE ( 'NONE', *, *, #278, .T. ) ;
#1530 = ORIENTED_EDGE ( 'NONE', *, *, #278, .F. ) ;
#1531 = LINE ( 'NONE', #214, #366 ) ;
#1532 = AXIS2_PLACEMENT_3D ( 'NONE', #358, #1427, #1444 ) ;
#1533 = ADVANCED_FACE ( 'NONE', ( #544 ), #671, .F. ) ;
#1534 = ORIENTED_EDGE ( 'NONE', *, *, #833, .F. ) ;
#1535 = CARTESIAN_POINT ( 'NONE',  ( 11.64827586206910937, 50.00000000000000000, 157.6155702346640624 ) ) ;
#1536 = CARTESIAN_POINT ( 'NONE',  ( -68.35172413793091550, 50.00000000000000000, -154.8844297653359376 ) ) ;
#1537 = VERTEX_POINT ( 'NONE', #1265 ) ;
#1538 = CARTESIAN_POINT ( 'NONE',  ( -88.35172413793038970, 50.00000000000000000, -219.8844297653358240 ) ) ;
#1539 = PRODUCT_DEFINITION_SHAPE ( 'NONE', 'NONE',  #1400 ) ;
#1540 = CARTESIAN_POINT ( 'NONE',  ( 16.64827586206901344, -25.00000000000000711, -219.8844297653357671 ) ) ;
#1541 = VERTEX_POINT ( 'NONE', #429 ) ;
#1542 = EDGE_CURVE ( 'NONE', #1266, #112, #925, .T. ) ;
#1543 = AXIS2_PLACEMENT_3D ( 'NONE', #1198, #1311, #1432 ) ;
#1544 = EDGE_CURVE ( 'NONE', #1112, #62, #1175, .T. ) ;
#1545 = CARTESIAN_POINT ( 'NONE',  ( -88.35172413793071655, 50.00000000000000000, -219.8844297653358240 ) ) ;
#1546 = CARTESIAN_POINT ( 'NONE',  ( -168.3517241379309155, 50.00000000000000000, 130.1155702346641192 ) ) ;
#1547 = VECTOR ( 'NONE', #1452, 1000.000000000000000 ) ;
#1548 = ORIENTED_EDGE ( 'NONE', *, *, #1096, .F. ) ;
#1549 = CARTESIAN_POINT ( 'NONE',  ( -173.3517241379309155, 0.000000000000000000, 190.1155702346640624 ) ) ;
ENDSEC;
END-ISO-10303-21;
