ISO-10303-21;
HEADER;
FILE_DESCRIPTION (( 'STEP AP214' ),
    '1' );
FILE_NAME ('base & top.STEP',
    '2026-01-28T04:19:03',
    ( '' ),
    ( '' ),
    'SwSTEP 2.0',
    'SolidWorks 2025',
    '' );
FILE_SCHEMA (( 'AUTOMOTIVE_DESIGN' ));
ENDSEC;

DATA;
#1 = ORIENTED_EDGE ( 'NONE', *, *, #1936, .F. ) ;
#2 = PLANE ( 'NONE',  #955 ) ;
#3 = ORIENTED_EDGE ( 'NONE', *, *, #2350, .T. ) ;
#4 = CARTESIAN_POINT ( 'NONE',  ( -125.7317073170732016, 10.00000000000001599, -99.26829268292686947 ) ) ;
#5 = VERTEX_POINT ( 'NONE', #2974 ) ;
#6 = VECTOR ( 'NONE', #847, 1000.000000000000000 ) ;
#7 = VECTOR ( 'NONE', #244, 1000.000000000000000 ) ;
#8 = CARTESIAN_POINT ( 'NONE',  ( -130.7317073170732158, 99.99999999999998579, -99.26829268292686947 ) ) ;
#9 =( GEOMETRIC_REPRESENTATION_CONTEXT ( 3 ) GLOBAL_UNCERTAINTY_ASSIGNED_CONTEXT ( ( #1643 ) ) GLOBAL_UNIT_ASSIGNED_CONTEXT ( ( #760, #1320, #1549 ) ) REPRESENTATION_CONTEXT ( 'NONE', 'WORKASPACE' ) );
#10 = CARTESIAN_POINT ( 'NONE',  ( 11.64827586206898502, 50.00000000000000000, -187.3844297653359092 ) ) ;
#11 = VECTOR ( 'NONE', #1048, 1000.000000000000000 ) ;
#12 = ORIENTED_EDGE ( 'NONE', *, *, #1633, .T. ) ;
#13 = LINE ( 'NONE', #1306, #470 ) ;
#14 = EDGE_CURVE ( 'NONE', #3013, #2082, #2247, .T. ) ;
#15 = DIRECTION ( 'NONE',  ( 0.000000000000000000, 0.000000000000000000, 1.000000000000000000 ) ) ;
#16 = ORIENTED_EDGE ( 'NONE', *, *, #2061, .F. ) ;
#17 = EDGE_CURVE ( 'NONE', #333, #1576, #1391, .T. ) ;
#18 = EDGE_LOOP ( 'NONE', ( #20, #2099, #2122, #3284 ) ) ;
#19 = DIRECTION ( 'NONE',  ( 0.000000000000000000, 0.000000000000000000, -1.000000000000000000 ) ) ;
#20 = ORIENTED_EDGE ( 'NONE', *, *, #1058, .T. ) ;
#21 = DIRECTION ( 'NONE',  ( 0.000000000000000000, 0.000000000000000000, 1.000000000000000000 ) ) ;
#22 = EDGE_LOOP ( 'NONE', ( #2113, #151, #208, #2321 ) ) ;
#23 = DIRECTION ( 'NONE',  ( -1.000000000000000000, -0.000000000000000000, -0.000000000000000000 ) ) ;
#24 = DIRECTION ( 'NONE',  ( -0.000000000000000000, -1.000000000000000000, -0.000000000000000000 ) ) ;
#25 =( NAMED_UNIT ( * ) PLANE_ANGLE_UNIT ( ) SI_UNIT ( $, .RADIAN. ) );
#26 = AXIS2_PLACEMENT_3D ( 'NONE', #1326, #2875, #816 ) ;
#27 = EDGE_LOOP ( 'NONE', ( #1264, #1346, #3224, #2805 ) ) ;
#28 = LINE ( 'NONE', #2588, #147 ) ;
#29 = LINE ( 'NONE', #2590, #1712 ) ;
#30 = LINE ( 'NONE', #2075, #1151 ) ;
#31 = EDGE_CURVE ( 'NONE', #88, #3152, #113, .T. ) ;
#32 = ORIENTED_EDGE ( 'NONE', *, *, #730, .T. ) ;
#33 = ADVANCED_FACE ( 'NONE', ( #3184 ), #383, .F. ) ;
#34 = VERTEX_POINT ( 'NONE', #3244 ) ;
#35 = ORIENTED_EDGE ( 'NONE', *, *, #2482, .T. ) ;
#36 = PLANE ( 'NONE',  #1392 ) ;
#37 = VECTOR ( 'NONE', #2582, 1000.000000000000000 ) ;
#38 = VERTEX_POINT ( 'NONE', #232 ) ;
#39 = FACE_OUTER_BOUND ( 'NONE', #1186, .T. ) ;
#40 = ADVANCED_FACE ( 'NONE', ( #1383 ), #3259, .F. ) ;
#41 = ORIENTED_EDGE ( 'NONE', *, *, #3204, .T. ) ;
#42 = CARTESIAN_POINT ( 'NONE',  ( -173.3517241379310008, 50.00000000000000000, -154.8844297653358808 ) ) ;
#43 = DIRECTION ( 'NONE',  ( 1.000000000000000000, -0.000000000000000000, 3.469446951953613696E-16 ) ) ;
#44 = VECTOR ( 'NONE', #1408, 1000.000000000000000 ) ;
#45 =( GEOMETRIC_REPRESENTATION_CONTEXT ( 3 ) GLOBAL_UNCERTAINTY_ASSIGNED_CONTEXT ( ( #1873 ) ) GLOBAL_UNIT_ASSIGNED_CONTEXT ( ( #2714, #2765, #2985 ) ) REPRESENTATION_CONTEXT ( 'NONE', 'WORKASPACE' ) );
#46 = VERTEX_POINT ( 'NONE', #2488 ) ;
#47 = DIRECTION ( 'NONE',  ( -0.000000000000000000, 1.000000000000000000, -0.000000000000000000 ) ) ;
#48 = LINE ( 'NONE', #299, #1876 ) ;
#49 = PLANE ( 'NONE',  #2328 ) ;
#50 = CIRCLE ( 'NONE', #1915, 4.999999999999976907 ) ;
#51 = SHAPE_REPRESENTATION ( 'horizantal mover', ( #411 ), #99 ) ;
#52 = VERTEX_POINT ( 'NONE', #480 ) ;
#53 = ORIENTED_EDGE ( 'NONE', *, *, #2605, .T. ) ;
#54 = CARTESIAN_POINT ( 'NONE',  ( -160.8517241379309155, 25.00000000000000000, 145.1155702346640908 ) ) ;
#55 = VECTOR ( 'NONE', #269, 1000.000000000000000 ) ;
#56 = ADVANCED_FACE ( 'NONE', ( #729 ), #1967, .F. ) ;
#57 = DIRECTION ( 'NONE',  ( -1.000000000000000000, 0.000000000000000000, 0.000000000000000000 ) ) ;
#58 = ORIENTED_EDGE ( 'NONE', *, *, #1471, .F. ) ;
#59 = CARTESIAN_POINT ( 'NONE',  ( -75.73170731707320158, 0.000000000000000000, -54.26829268292686947 ) ) ;
#60 = ADVANCED_FACE ( 'NONE', ( #2273 ), #1021, .F. ) ;
#61 = SURFACE_STYLE_USAGE ( .BOTH. , #775 ) ;
#62 = AXIS2_PLACEMENT_3D ( 'NONE', #2143, #3168, #1655 ) ;
#63 = DIRECTION ( 'NONE',  ( -1.000000000000000000, 0.000000000000000000, 9.912705577010326782E-17 ) ) ;
#64 = VECTOR ( 'NONE', #3306, 1000.000000000000000 ) ;
#65 = EDGE_LOOP ( 'NONE', ( #2565, #3098, #1298, #2159, #1540, #2691, #731, #960 ) ) ;
#66 = CARTESIAN_POINT ( 'NONE',  ( -75.73170731707320158, 0.000000000000000000, -9.268292682926873027 ) ) ;
#67 = LINE ( 'NONE', #1292, #2146 ) ;
#68 = DIRECTION ( 'NONE',  ( -1.000000000000000000, -0.000000000000000000, -2.775557561562891351E-16 ) ) ;
#69 = ORIENTED_EDGE ( 'NONE', *, *, #2326, .T. ) ;
#70 = VECTOR ( 'NONE', #609, 1000.000000000000000 ) ;
#71 = ORIENTED_EDGE ( 'NONE', *, *, #175, .F. ) ;
#72 = DIRECTION ( 'NONE',  ( -0.000000000000000000, -1.000000000000000000, -0.000000000000000000 ) ) ;
#73 = DIRECTION ( 'NONE',  ( 0.000000000000000000, -1.000000000000000000, 0.000000000000000000 ) ) ;
#74 = ORIENTED_EDGE ( 'NONE', *, *, #1951, .T. ) ;
#75 = EDGE_CURVE ( 'NONE', #2436, #46, #2992, .T. ) ;
#76 = CARTESIAN_POINT ( 'NONE',  ( 243.0672268907564160, -50.00000000000000000, -20.79831932773107894 ) ) ;
#77 = ITEM_DEFINED_TRANSFORMATION ( 'NONE', 'NONE', #1913,  #411 ) ;
#78 = FACE_OUTER_BOUND ( 'NONE', #1389, .T. ) ;
#79 = ADVANCED_FACE ( 'NONE', ( #1700 ), #3050, .F. ) ;
#80 = ORIENTED_EDGE ( 'NONE', *, *, #1078, .F. ) ;
#81 = LINE ( 'NONE', #334, #318 ) ;
#82 = CARTESIAN_POINT ( 'NONE',  ( -160.8517241379310292, 25.00000000000000000, -154.8844297653358524 ) ) ;
#83 = CARTESIAN_POINT ( 'NONE',  ( -106.9327731092435982, 0.000000000000000000, 329.2016806722688216 ) ) ;
#84 = EDGE_LOOP ( 'NONE', ( #1068, #2778 ) ) ;
#85 = ORIENTED_EDGE ( 'NONE', *, *, #401, .F. ) ;
#86 = DIRECTION ( 'NONE',  ( 0.000000000000000000, -1.000000000000000000, 0.000000000000000000 ) ) ;
#87 = DIRECTION ( 'NONE',  ( 0.000000000000000000, 0.000000000000000000, -1.000000000000000000 ) ) ;
#88 = VERTEX_POINT ( 'NONE', #999 ) ;
#89 = DIRECTION ( 'NONE',  ( -1.000000000000000000, 0.000000000000000000, -0.000000000000000000 ) ) ;
#90 = EDGE_CURVE ( 'NONE', #1290, #125, #802, .T. ) ;
#91 = LINE ( 'NONE', #2135, #595 ) ;
#92 = ORIENTED_EDGE ( 'NONE', *, *, #1947, .T. ) ;
#93 = DIRECTION ( 'NONE',  ( 1.000000000000000000, 0.000000000000000000, -0.000000000000000000 ) ) ;
#94 = CARTESIAN_POINT ( 'NONE',  ( -168.3517241379310292, 50.00000000000000000, -187.3844297653358524 ) ) ;
#95 = ADVANCED_FACE ( 'NONE', ( #1524 ), #1754, .F. ) ;
#96 = CYLINDRICAL_SURFACE ( 'NONE', #2862, 4.999999999999976907 ) ;
#97 = ORIENTED_EDGE ( 'NONE', *, *, #3283, .F. ) ;
#98 = VERTEX_POINT ( 'NONE', #712 ) ;
#99 =( GEOMETRIC_REPRESENTATION_CONTEXT ( 3 ) GLOBAL_UNCERTAINTY_ASSIGNED_CONTEXT ( ( #2510 ) ) GLOBAL_UNIT_ASSIGNED_CONTEXT ( ( #1900, #626, #2747 ) ) REPRESENTATION_CONTEXT ( 'NONE', 'WORKASPACE' ) );
#100 = AXIS2_PLACEMENT_3D ( 'NONE', #2644, #1860, #370 ) ;
#101 = VERTEX_POINT ( 'NONE', #1239 ) ;
#102 = ORIENTED_EDGE ( 'NONE', *, *, #254, .F. ) ;
#103 = DIRECTION ( 'NONE',  ( 1.000000000000000000, 0.000000000000000000, 0.000000000000000000 ) ) ;
#104 = ORIENTED_EDGE ( 'NONE', *, *, #2487, .F. ) ;
#105 = DIRECTION ( 'NONE',  ( -0.000000000000000000, -1.000000000000000000, -0.000000000000000000 ) ) ;
#106 = DIRECTION ( 'NONE',  ( 0.000000000000000000, 0.000000000000000000, -1.000000000000000000 ) ) ;
#107 = CARTESIAN_POINT ( 'NONE',  ( -75.73170731707320158, -350.0000000000001705, -89.26829268292688369 ) ) ;
#108 = DIRECTION ( 'NONE',  ( -0.000000000000000000, -0.000000000000000000, 1.000000000000000000 ) ) ;
#109 = ADVANCED_FACE ( 'NONE', ( #982 ), #2791, .F. ) ;
#110 = AXIS2_PLACEMENT_3D ( 'NONE', #194, #1966, #2543 ) ;
#111 = VERTEX_POINT ( 'NONE', #1470 ) ;
#112 = DIRECTION ( 'NONE',  ( 0.000000000000000000, 0.000000000000000000, 1.000000000000000000 ) ) ;
#113 = LINE ( 'NONE', #2674, #2949 ) ;
#114 = ORIENTED_EDGE ( 'NONE', *, *, #3019, .T. ) ;
#115 = VECTOR ( 'NONE', #23, 1000.000000000000000 ) ;
#116 = EDGE_CURVE ( 'NONE', #616, #3261, #1488, .T. ) ;
#117 = CARTESIAN_POINT ( 'NONE',  ( -75.73170731707318737, 59.99999999999999289, 0.7317073170731297482 ) ) ;
#118 = VECTOR ( 'NONE', #2890, 1000.000000000000000 ) ;
#119 = DIRECTION ( 'NONE',  ( 1.000000000000000000, 0.000000000000000000, 0.000000000000000000 ) ) ;
#120 = CARTESIAN_POINT ( 'NONE',  ( 11.64827586206898502, 50.00000000000000000, -159.8844297653359376 ) ) ;
#121 = DIRECTION ( 'NONE',  ( -0.000000000000000000, -1.000000000000000000, -0.000000000000000000 ) ) ;
#122 = VECTOR ( 'NONE', #922, 1000.000000000000000 ) ;
#123 = CARTESIAN_POINT ( 'NONE',  ( -155.8517241379310576, 25.00000000000000000, -159.8844297653358524 ) ) ;
#124 = DIRECTION ( 'NONE',  ( 1.000000000000000000, 0.000000000000000000, -0.000000000000000000 ) ) ;
#125 = VERTEX_POINT ( 'NONE', #1507 ) ;
#126 = CARTESIAN_POINT ( 'NONE',  ( -173.3517241379310008, 75.00000000000001421, -224.8844297653358808 ) ) ;
#127 = ORIENTED_EDGE ( 'NONE', *, *, #2960, .T. ) ;
#128 = EDGE_CURVE ( 'NONE', #499, #1885, #2754, .T. ) ;
#129 = VECTOR ( 'NONE', #2389, 1000.000000000000000 ) ;
#130 = ORIENTED_EDGE ( 'NONE', *, *, #843, .T. ) ;
#131 = DIRECTION ( 'NONE',  ( 0.000000000000000000, -1.000000000000000000, 0.000000000000000000 ) ) ;
#132 = EDGE_CURVE ( 'NONE', #1907, #2918, #1736, .T. ) ;
#133 = EDGE_LOOP ( 'NONE', ( #1057, #554, #3151, #169, #1081, #2972 ) ) ;
#134 = DIRECTION ( 'NONE',  ( 0.000000000000000000, 0.000000000000000000, 1.000000000000000000 ) ) ;
#135 = LINE ( 'NONE', #638, #1720 ) ;
#136 = ADVANCED_FACE ( 'NONE', ( #2544 ), #248, .F. ) ;
#137 = LINE ( 'NONE', #2387, #1491 ) ;
#138 = CARTESIAN_POINT ( 'NONE',  ( 11.64827586206898502, 0.000000000000000000, -187.3844297653359092 ) ) ;
#139 = DIRECTION ( 'NONE',  ( -1.000000000000000000, -0.000000000000000000, -1.850371707708598704E-15 ) ) ;
#140 = ORIENTED_EDGE ( 'NONE', *, *, #907, .F. ) ;
#141 = LINE ( 'NONE', #2973, #2668 ) ;
#142 = DIRECTION ( 'NONE',  ( -0.000000000000000000, -0.000000000000000000, -1.000000000000000000 ) ) ;
#143 = ORIENTED_EDGE ( 'NONE', *, *, #890, .T. ) ;
#144 = AXIS2_PLACEMENT_3D ( 'NONE', #1945, #1917, #1432 ) ;
#145 = AXIS2_PLACEMENT_3D ( 'NONE', #3140, #2180, #657 ) ;
#146 = CARTESIAN_POINT ( 'NONE',  ( -68.35172413793090129, 0.000000000000000000, 130.1155702346641192 ) ) ;
#147 = VECTOR ( 'NONE', #1291, 1000.000000000000000 ) ;
#148 = ORIENTED_EDGE ( 'NONE', *, *, #946, .F. ) ;
#149 = LINE ( 'NONE', #3282, #602 ) ;
#150 = EDGE_CURVE ( 'NONE', #1638, #551, #963, .T. ) ;
#151 = ORIENTED_EDGE ( 'NONE', *, *, #304, .F. ) ;
#152 = AXIS2_PLACEMENT_3D ( 'NONE', #976, #1999, #3060 ) ;
#153 = DIRECTION ( 'NONE',  ( 4.270088556250601699E-16, 0.000000000000000000, 1.000000000000000000 ) ) ;
#154 = DIRECTION ( 'NONE',  ( 0.000000000000000000, 0.000000000000000000, 1.000000000000000000 ) ) ;
#155 = EDGE_CURVE ( 'NONE', #3104, #1843, #3110, .T. ) ;
#156 = VECTOR ( 'NONE', #1983, 1000.000000000000000 ) ;
#157 = DIRECTION ( 'NONE',  ( -0.000000000000000000, -0.000000000000000000, 1.000000000000000000 ) ) ;
#158 = PLANE ( 'NONE',  #695 ) ;
#159 = ORIENTED_EDGE ( 'NONE', *, *, #2904, .T. ) ;
#160 = PLANE ( 'NONE',  #1968 ) ;
#161 = VERTEX_POINT ( 'NONE', #1911 ) ;
#162 = VECTOR ( 'NONE', #1607, 1000.000000000000000 ) ;
#163 = VECTOR ( 'NONE', #1085, 1000.000000000000000 ) ;
#164 = VECTOR ( 'NONE', #1785, 1000.000000000000000 ) ;
#165 = LINE ( 'NONE', #1703, #2983 ) ;
#166 = VECTOR ( 'NONE', #2261, 1000.000000000000000 ) ;
#167 = ORIENTED_EDGE ( 'NONE', *, *, #2899, .F. ) ;
#168 = LINE ( 'NONE', #2979, #1344 ) ;
#169 = ORIENTED_EDGE ( 'NONE', *, *, #2629, .T. ) ;
#170 = LINE ( 'NONE', #1477, #182 ) ;
#171 = EDGE_CURVE ( 'NONE', #2008, #1290, #2648, .T. ) ;
#172 = DIRECTION ( 'NONE',  ( 0.000000000000000000, 1.000000000000000000, -0.000000000000000000 ) ) ;
#173 = DIRECTION ( 'NONE',  ( 0.000000000000000000, -1.000000000000000000, 0.000000000000000000 ) ) ;
#174 = CARTESIAN_POINT ( 'NONE',  ( -131.9327731092435556, 50.00000000000000000, 429.2016806722688784 ) ) ;
#175 = EDGE_CURVE ( 'NONE', #3056, #2627, #3218, .T. ) ;
#176 = CARTESIAN_POINT ( 'NONE',  ( -173.3517241379310008, 50.00000000000000000, -154.8844297653358808 ) ) ;
#177 = ORIENTED_EDGE ( 'NONE', *, *, #665, .F. ) ;
#178 = CARTESIAN_POINT ( 'NONE',  ( -88.35172413793038970, 50.00000000000000000, -219.8844297653358240 ) ) ;
#179 = CARTESIAN_POINT ( 'NONE',  ( 218.0672268907563307, 50.00000000000000000, -170.7983193277310647 ) ) ;
#180 = CARTESIAN_POINT ( 'NONE',  ( -70.73170731707321579, 34.99999999999999289, -49.26829268292686237 ) ) ;
#181 = ORIENTED_EDGE ( 'NONE', *, *, #17, .T. ) ;
#182 = VECTOR ( 'NONE', #2478, 1000.000000000000000 ) ;
#183 = CARTESIAN_POINT ( 'NONE',  ( -173.3517241379310008, 50.00000000000000000, -154.8844297653358808 ) ) ;
#184 = ORIENTED_EDGE ( 'NONE', *, *, #2041, .T. ) ;
#185 = CARTESIAN_POINT ( 'NONE',  ( -88.35172413793092971, 50.00000000000000000, 125.1155702346640766 ) ) ;
#186 = CARTESIAN_POINT ( 'NONE',  ( -75.73170731707318737, 34.99999999999999289, -49.26829268292686237 ) ) ;
#187 = DIRECTION ( 'NONE',  ( -8.326672684688674053E-17, 2.325351266936001273E-17, -1.000000000000000000 ) ) ;
#188 = DIRECTION ( 'NONE',  ( -2.312964634635742957E-16, -0.000000000000000000, -1.000000000000000000 ) ) ;
#189 = CARTESIAN_POINT ( 'NONE',  ( 218.0672268907563875, 0.000000000000000000, 329.2016806722689353 ) ) ;
#190 = ORIENTED_EDGE ( 'NONE', *, *, #1814, .T. ) ;
#191 = AXIS2_PLACEMENT_3D ( 'NONE', #1334, #57, #1646 ) ;
#192 = DIRECTION ( 'NONE',  ( -1.000000000000000000, -0.000000000000000000, -1.387778780781445676E-16 ) ) ;
#193 = ADVANCED_FACE ( 'NONE', ( #2908 ), #1381, .F. ) ;
#194 = CARTESIAN_POINT ( 'NONE',  ( 218.0672268907563307, 50.00000000000000000, -170.7983193277310647 ) ) ;
#195 = PRODUCT_DEFINITION_SHAPE ( 'NONE', 'NONE',  #2380 ) ;
#196 = DIRECTION ( 'NONE',  ( -0.000000000000000000, -1.000000000000000000, -0.000000000000000000 ) ) ;
#197 = EDGE_CURVE ( 'NONE', #233, #2064, #1672, .T. ) ;
#198 = CARTESIAN_POINT ( 'NONE',  ( -173.3517241379309155, 50.00000000000000000, 190.1155702346640624 ) ) ;
#199 = VERTEX_POINT ( 'NONE', #126 ) ;
#200 = CARTESIAN_POINT ( 'NONE',  ( -150.8517241379309439, 25.00000000000000000, 125.1155702346641050 ) ) ;
#201 = VERTEX_POINT ( 'NONE', #1153 ) ;
#202 = DIRECTION ( 'NONE',  ( 1.000000000000000000, 0.000000000000000000, 1.387778780781445922E-16 ) ) ;
#203 = VECTOR ( 'NONE', #2091, 1000.000000000000000 ) ;
#204 = LINE ( 'NONE', #3235, #1830 ) ;
#205 = CARTESIAN_POINT ( 'NONE',  ( -173.3517241379309155, 50.00000000000000000, 157.6655702346641306 ) ) ;
#206 = DIRECTION ( 'NONE',  ( -1.000000000000000000, -0.000000000000000000, -0.000000000000000000 ) ) ;
#207 = AXIS2_PLACEMENT_3D ( 'NONE', #306, #3053, #1004 ) ;
#208 = ORIENTED_EDGE ( 'NONE', *, *, #2457, .F. ) ;
#209 = LINE ( 'NONE', #727, #2508 ) ;
#210 = DIRECTION ( 'NONE',  ( 0.000000000000000000, -0.000000000000000000, -1.000000000000000000 ) ) ;
#211 = DIRECTION ( 'NONE',  ( 1.000000000000000000, 0.000000000000000000, 1.387778780781445676E-16 ) ) ;
#212 = EDGE_CURVE ( 'NONE', #3068, #2053, #2171, .T. ) ;
#213 = ORIENTED_EDGE ( 'NONE', *, *, #3063, .T. ) ;
#214 = VECTOR ( 'NONE', #693, 1000.000000000000000 ) ;
#215 = DIRECTION ( 'NONE',  ( 0.000000000000000000, 0.000000000000000000, 1.000000000000000000 ) ) ;
#216 = VECTOR ( 'NONE', #2483, 1000.000000000000000 ) ;
#217 = ADVANCED_FACE ( 'NONE', ( #1896 ), #2682, .F. ) ;
#218 = ORIENTED_EDGE ( 'NONE', *, *, #3124, .F. ) ;
#219 = LINE ( 'NONE', #1678, #2891 ) ;
#220 = AXIS2_PLACEMENT_3D ( 'NONE', #1625, #1836, #2092 ) ;
#221 = ORIENTED_EDGE ( 'NONE', *, *, #2589, .T. ) ;
#222 = LINE ( 'NONE', #1248, #2643 ) ;
#223 = ORIENTED_EDGE ( 'NONE', *, *, #2390, .F. ) ;
#224 = PLANE ( 'NONE',  #2150 ) ;
#225 = AXIS2_PLACEMENT_3D ( 'NONE', #2118, #3139, #134 ) ;
#226 = CARTESIAN_POINT ( 'NONE',  ( 0.000000000000000000, 0.000000000000000000, 0.000000000000000000 ) ) ;
#227 = DIRECTION ( 'NONE',  ( -1.000000000000000000, 0.000000000000000000, -0.000000000000000000 ) ) ;
#228 = DIRECTION ( 'NONE',  ( 1.000000000000000000, 0.000000000000000000, 0.000000000000000000 ) ) ;
#229 = ORIENTED_EDGE ( 'NONE', *, *, #90, .F. ) ;
#230 = LINE ( 'NONE', #3026, #744 ) ;
#231 = CARTESIAN_POINT ( 'NONE',  ( -75.73170731707320158, -350.0000000000001705, -44.26829268292687658 ) ) ;
#232 = CARTESIAN_POINT ( 'NONE',  ( -131.9327731092435556, 0.000000000000000000, 429.2016806722688784 ) ) ;
#233 = VERTEX_POINT ( 'NONE', #176 ) ;
#234 = EDGE_CURVE ( 'NONE', #2053, #1495, #2185, .T. ) ;
#235 = ORIENTED_EDGE ( 'NONE', *, *, #625, .T. ) ;
#236 = CARTESIAN_POINT ( 'NONE',  ( -125.7317073170732016, 0.000000000000000000, -44.26829268292688369 ) ) ;
#237 = EDGE_CURVE ( 'NONE', #2695, #488, #2201, .T. ) ;
#238 = EDGE_LOOP ( 'NONE', ( #1037, #2362 ) ) ;
#239 = DIRECTION ( 'NONE',  ( 1.000000000000000000, 0.000000000000000000, 0.000000000000000000 ) ) ;
#240 = EDGE_LOOP ( 'NONE', ( #604, #443, #493, #1317 ) ) ;
#241 = LINE ( 'NONE', #2054, #1669 ) ;
#242 = EDGE_CURVE ( 'NONE', #2902, #2900, #2926, .T. ) ;
#243 = CARTESIAN_POINT ( 'NONE',  ( 16.64827586206911292, 50.00000000000000000, 125.1155702346640766 ) ) ;
#244 = DIRECTION ( 'NONE',  ( -0.000000000000000000, -1.000000000000000000, -0.000000000000000000 ) ) ;
#245 = ORIENTED_EDGE ( 'NONE', *, *, #461, .T. ) ;
#246 = DIRECTION ( 'NONE',  ( 3.265361837132813586E-16, -0.000000000000000000, 1.000000000000000000 ) ) ;
#247 = FACE_OUTER_BOUND ( 'NONE', #2878, .T. ) ;
#248 = PLANE ( 'NONE',  #1823 ) ;
#249 = ORIENTED_EDGE ( 'NONE', *, *, #2904, .F. ) ;
#250 = CARTESIAN_POINT ( 'NONE',  ( -81.93277310924362666, 0.000000000000000000, -170.7983193277310932 ) ) ;
#251 = VERTEX_POINT ( 'NONE', #1887 ) ;
#252 = FACE_OUTER_BOUND ( 'NONE', #1458, .T. ) ;
#253 = VERTEX_POINT ( 'NONE', #393 ) ;
#254 = EDGE_CURVE ( 'NONE', #2405, #290, #1667, .T. ) ;
#255 = PLANE ( 'NONE',  #1562 ) ;
#256 = PRODUCT_CONTEXT ( 'NONE', #2906, 'mechanical' ) ;
#257 = PRODUCT_DEFINITION_FORMATION_WITH_SPECIFIED_SOURCE ( 'ANY', '', #1776, .NOT_KNOWN. ) ;
#258 = LINE ( 'NONE', #10, #2292 ) ;
#259 = VECTOR ( 'NONE', #3214, 1000.000000000000000 ) ;
#260 = DIRECTION ( 'NONE',  ( 0.000000000000000000, 0.000000000000000000, 1.000000000000000000 ) ) ;
#261 = EDGE_CURVE ( 'NONE', #2172, #2356, #2431, .T. ) ;
#262 = EDGE_LOOP ( 'NONE', ( #591, #2726 ) ) ;
#263 = DIRECTION ( 'NONE',  ( 0.000000000000000000, 0.000000000000000000, 1.000000000000000000 ) ) ;
#264 = SHAPE_REPRESENTATION ( 'vertical frame', ( #411 ), #1219 ) ;
#265 = FACE_BOUND ( 'NONE', #84, .T. ) ;
#266 = AXIS2_PLACEMENT_3D ( 'NONE', #3022, #2216, #473 ) ;
#267 = EDGE_LOOP ( 'NONE', ( #342, #758, #2562, #2808 ) ) ;
#268 = ORIENTED_EDGE ( 'NONE', *, *, #1220, .F. ) ;
#269 = DIRECTION ( 'NONE',  ( -0.000000000000000000, -0.000000000000000000, -1.000000000000000000 ) ) ;
#270 = ORIENTED_EDGE ( 'NONE', *, *, #3040, .F. ) ;
#271 = CARTESIAN_POINT ( 'NONE',  ( -68.35172413793101498, 50.00000000000000000, -159.8844297653359376 ) ) ;
#272 = EDGE_LOOP ( 'NONE', ( #501, #2881, #2796, #2652 ) ) ;
#273 = VECTOR ( 'NONE', #511, 1000.000000000000000 ) ;
#274 = VECTOR ( 'NONE', #108, 1000.000000000000000 ) ;
#275 = DIRECTION ( 'NONE',  ( -0.000000000000000000, -0.000000000000000000, 1.000000000000000000 ) ) ;
#276 = ADVANCED_FACE ( 'NONE', ( #406 ), #3180, .F. ) ;
#277 = CARTESIAN_POINT ( 'NONE',  ( -131.9327731092436125, 0.000000000000000000, -70.79831932773112158 ) ) ;
#278 = VECTOR ( 'NONE', #1032, 1000.000000000000000 ) ;
#279 = ORIENTED_EDGE ( 'NONE', *, *, #1870, .F. ) ;
#280 = DIRECTION ( 'NONE',  ( -0.000000000000000000, -1.000000000000000000, -0.000000000000000000 ) ) ;
#281 = PLANE ( 'NONE',  #1825 ) ;
#282 = ADVANCED_FACE ( 'NONE', ( #3162 ), #2654, .T. ) ;
#283 = CARTESIAN_POINT ( 'NONE',  ( -50.73170731707325842, 34.99999999999999289, -49.26829268292685526 ) ) ;
#284 = VECTOR ( 'NONE', #1863, 1000.000000000000000 ) ;
#285 = ORIENTED_EDGE ( 'NONE', *, *, #2012, .F. ) ;
#286 = EDGE_CURVE ( 'NONE', #3056, #1686, #627, .T. ) ;
#287 = VERTEX_POINT ( 'NONE', #2403 ) ;
#288 = PLANE ( 'NONE',  #207 ) ;
#289 = ORIENTED_EDGE ( 'NONE', *, *, #681, .F. ) ;
#290 = VERTEX_POINT ( 'NONE', #138 ) ;
#291 = LINE ( 'NONE', #4, #821 ) ;
#292 = ORIENTED_EDGE ( 'NONE', *, *, #678, .T. ) ;
#293 = DIRECTION ( 'NONE',  ( 1.000000000000000000, -0.000000000000000000, -3.469446951953613696E-16 ) ) ;
#294 = DIRECTION ( 'NONE',  ( -0.000000000000000000, -0.000000000000000000, -1.000000000000000000 ) ) ;
#295 = PLANE ( 'NONE',  #2841 ) ;
#296 = VECTOR ( 'NONE', #394, 1000.000000000000000 ) ;
#297 = VERTEX_POINT ( 'NONE', #2638 ) ;
#298 = CARTESIAN_POINT ( 'NONE',  ( 243.0672268907563875, 0.000000000000000000, 329.2016806722688784 ) ) ;
#299 = CARTESIAN_POINT ( 'NONE',  ( 11.64827586206910937, 0.000000000000000000, 130.1155702346640908 ) ) ;
#300 = CARTESIAN_POINT ( 'NONE',  ( -125.7317073170732016, 99.99999999999998579, -99.26829268292686947 ) ) ;
#301 = EDGE_CURVE ( 'NONE', #577, #1483, #3206, .T. ) ;
#302 = ORIENTED_EDGE ( 'NONE', *, *, #605, .T. ) ;
#303 = VERTEX_POINT ( 'NONE', #1179 ) ;
#304 = EDGE_CURVE ( 'NONE', #1641, #650, #926, .T. ) ;
#305 = ORIENTED_EDGE ( 'NONE', *, *, #2345, .T. ) ;
#306 = CARTESIAN_POINT ( 'NONE',  ( 0.000000000000000000, 0.000000000000000000, 0.000000000000000000 ) ) ;
#307 = EDGE_LOOP ( 'NONE', ( #2006, #654, #530, #1857 ) ) ;
#308 = FACE_OUTER_BOUND ( 'NONE', #2013, .T. ) ;
#309 = CARTESIAN_POINT ( 'NONE',  ( -125.7317073170732016, 59.99999999999999289, 0.7317073170731297482 ) ) ;
#310 = DIRECTION ( 'NONE',  ( -1.000000000000000000, 0.000000000000000000, -3.265361837132816544E-16 ) ) ;
#311 = FILL_AREA_STYLE ('',( #2302 ) ) ;
#312 = AXIS2_PLACEMENT_3D ( 'NONE', #2398, #112, #381 ) ;
#313 = AXIS2_PLACEMENT_3D ( 'NONE', #2467, #974, #1998 ) ;
#314 = EDGE_LOOP ( 'NONE', ( #2051, #709 ) ) ;
#315 = CARTESIAN_POINT ( 'NONE',  ( -173.3517241379310008, 75.00000000000001421, -224.8844297653358808 ) ) ;
#316 = FACE_OUTER_BOUND ( 'NONE', #1684, .T. ) ;
#317 = DIRECTION ( 'NONE',  ( 1.000000000000000000, -0.000000000000000000, 5.843279076974507537E-16 ) ) ;
#318 = VECTOR ( 'NONE', #1835, 1000.000000000000000 ) ;
#319 = ORIENTED_EDGE ( 'NONE', *, *, #2853, .T. ) ;
#320 = EDGE_CURVE ( 'NONE', #577, #3249, #1651, .T. ) ;
#321 = VERTEX_POINT ( 'NONE', #107 ) ;
#322 = DIRECTION ( 'NONE',  ( 0.000000000000000000, 0.000000000000000000, 1.000000000000000000 ) ) ;
#323 = VECTOR ( 'NONE', #3257, 1000.000000000000000 ) ;
#324 = CARTESIAN_POINT ( 'NONE',  ( -85.73170731707318737, 120.0000000000000000, -99.26829268292686947 ) ) ;
#325 = EDGE_CURVE ( 'NONE', #2391, #1677, #1118, .T. ) ;
#326 = ORIENTED_EDGE ( 'NONE', *, *, #1442, .F. ) ;
#327 = PLANE ( 'NONE',  #698 ) ;
#328 = PRODUCT_CONTEXT ( 'NONE', #1129, 'mechanical' ) ;
#329 = DIRECTION ( 'NONE',  ( -1.000000000000000000, 0.000000000000000000, -5.843279076974507537E-16 ) ) ;
#330 = DIRECTION ( 'NONE',  ( -1.000000000000000000, 0.000000000000000000, 0.000000000000000000 ) ) ;
#331 = AXIS2_PLACEMENT_3D ( 'NONE', #1764, #172, #1445 ) ;
#332 = VECTOR ( 'NONE', #1535, 1000.000000000000000 ) ;
#333 = VERTEX_POINT ( 'NONE', #2669 ) ;
#334 = CARTESIAN_POINT ( 'NONE',  ( -68.35172413793091550, 50.00000000000000000, -154.8844297653359376 ) ) ;
#335 = CARTESIAN_POINT ( 'NONE',  ( -50.73170731707325842, 34.99999999999999289, -59.26829268292685526 ) ) ;
#336 = DIRECTION ( 'NONE',  ( -0.000000000000000000, -1.000000000000000000, -0.000000000000000000 ) ) ;
#337 = VERTEX_POINT ( 'NONE', #1931 ) ;
#338 = EDGE_LOOP ( 'NONE', ( #2367, #1158, #3074, #1715, #53, #2409 ) ) ;
#339 = CARTESIAN_POINT ( 'NONE',  ( -5.851724137930889746, 25.00000000000000000, -159.8844297653359376 ) ) ;
#340 = EDGE_CURVE ( 'NONE', #1142, #1982, #865, .T. ) ;
#341 = CARTESIAN_POINT ( 'NONE',  ( 243.0672268907563875, 0.000000000000000000, 329.2016806722688784 ) ) ;
#342 = ORIENTED_EDGE ( 'NONE', *, *, #1747, .T. ) ;
#343 = CARTESIAN_POINT ( 'NONE',  ( 16.64827586206911292, 50.00000000000000000, 195.1155702346640624 ) ) ;
#344 = EDGE_CURVE ( 'NONE', #2902, #2376, #878, .T. ) ;
#345 = CARTESIAN_POINT ( 'NONE',  ( 218.0672268907563307, 50.00000000000000000, -170.7983193277310647 ) ) ;
#346 = FACE_OUTER_BOUND ( 'NONE', #2077, .T. ) ;
#347 = EDGE_CURVE ( 'NONE', #125, #1290, #1163, .T. ) ;
#348 = ORIENTED_EDGE ( 'NONE', *, *, #1575, .F. ) ;
#349 = CARTESIAN_POINT ( 'NONE',  ( -81.93277310924362666, 0.000000000000000000, -170.7983193277310932 ) ) ;
#350 = DIRECTION ( 'NONE',  ( -1.000000000000000000, -0.000000000000000000, -2.775557561562891351E-16 ) ) ;
#351 = VECTOR ( 'NONE', #1725, 1000.000000000000000 ) ;
#352 = ORIENTED_EDGE ( 'NONE', *, *, #1329, .F. ) ;
#353 = EDGE_LOOP ( 'NONE', ( #2194, #1262, #3015, #1124 ) ) ;
#354 = DIRECTION ( 'NONE',  ( 3.469446951953614189E-16, 0.000000000000000000, -1.000000000000000000 ) ) ;
#355 = ORIENTED_EDGE ( 'NONE', *, *, #1371, .F. ) ;
#356 = CARTESIAN_POINT ( 'NONE',  ( 16.64827586206911292, 50.00000000000000000, 125.1155702346640766 ) ) ;
#357 = LINE ( 'NONE', #1899, #2880 ) ;
#358 = EDGE_CURVE ( 'NONE', #2911, #2536, #1431, .T. ) ;
#359 = ORIENTED_EDGE ( 'NONE', *, *, #1466, .F. ) ;
#360 = DIRECTION ( 'NONE',  ( 1.000000000000000000, 0.000000000000000000, 0.000000000000000000 ) ) ;
#361 = DIRECTION ( 'NONE',  ( -1.000000000000000000, -0.000000000000000000, 1.850371707708592788E-15 ) ) ;
#362 = CARTESIAN_POINT ( 'NONE',  ( -106.9327731092435982, 0.000000000000000000, 329.2016806722688216 ) ) ;
#363 = ADVANCED_FACE ( 'NONE', ( #641 ), #1682, .F. ) ;
#364 = VERTEX_POINT ( 'NONE', #2249 ) ;
#365 = ORIENTED_EDGE ( 'NONE', *, *, #2166, .T. ) ;
#366 = ADVANCED_FACE ( 'NONE', ( #1373 ), #2940, .F. ) ;
#367 = VECTOR ( 'NONE', #3030, 1000.000000000000000 ) ;
#368 = ORIENTED_EDGE ( 'NONE', *, *, #2161, .F. ) ;
#369 = ORIENTED_EDGE ( 'NONE', *, *, #2882, .F. ) ;
#370 = DIRECTION ( 'NONE',  ( 0.000000000000000000, 0.000000000000000000, 1.000000000000000000 ) ) ;
#371 = VECTOR ( 'NONE', #3136, 1000.000000000000000 ) ;
#372 = CARTESIAN_POINT ( 'NONE',  ( -130.7317073170732442, 99.99999999999998579, 0.7317073170731297482 ) ) ;
#373 = DIRECTION ( 'NONE',  ( 1.000000000000000000, 0.000000000000000000, -1.387778780781445676E-16 ) ) ;
#374 = LINE ( 'NONE', #1944, #2500 ) ;
#375 = AXIS2_PLACEMENT_3D ( 'NONE', #1257, #1719, #1986 ) ;
#376 = ADVANCED_FACE ( 'NONE', ( #2539 ), #1961, .F. ) ;
#377 = CARTESIAN_POINT ( 'NONE',  ( -88.35172413793092971, 50.00000000000000000, -154.8844297653358808 ) ) ;
#378 = PLANE ( 'NONE',  #1771 ) ;
#379 = VECTOR ( 'NONE', #692, 1000.000000000000000 ) ;
#380 = ORIENTED_EDGE ( 'NONE', *, *, #2326, .F. ) ;
#381 = DIRECTION ( 'NONE',  ( 1.000000000000000000, 0.000000000000000000, -0.000000000000000000 ) ) ;
#382 = EDGE_CURVE ( 'NONE', #650, #287, #1500, .T. ) ;
#383 = PLANE ( 'NONE',  #3262 ) ;
#384 = ORIENTED_EDGE ( 'NONE', *, *, #2309, .T. ) ;
#385 = VECTOR ( 'NONE', #1082, 1000.000000000000000 ) ;
#386 = EDGE_CURVE ( 'NONE', #2888, #201, #1448, .T. ) ;
#387 = LINE ( 'NONE', #117, #2653 ) ;
#388 = EDGE_LOOP ( 'NONE', ( #2206, #1062, #104, #1474 ) ) ;
#389 = DIRECTION ( 'NONE',  ( -1.000000000000000000, 0.000000000000000000, 0.000000000000000000 ) ) ;
#390 = LINE ( 'NONE', #1368, #284 ) ;
#391 = DIRECTION ( 'NONE',  ( -0.000000000000000000, -0.000000000000000000, 1.000000000000000000 ) ) ;
#392 = AXIS2_PLACEMENT_3D ( 'NONE', #771, #2083, #1596 ) ;
#393 = CARTESIAN_POINT ( 'NONE',  ( -130.7317073170732158, 99.99999999999998579, -99.26829268292686947 ) ) ;
#394 = DIRECTION ( 'NONE',  ( -0.000000000000000000, -1.000000000000000000, -0.000000000000000000 ) ) ;
#395 = PRODUCT_DEFINITION ( 'UNKNOWN', '', #257, #2408 ) ;
#396 = ORIENTED_EDGE ( 'NONE', *, *, #520, .T. ) ;
#397 = DIRECTION ( 'NONE',  ( -1.000000000000000000, 0.000000000000000000, 0.000000000000000000 ) ) ;
#398 = ORIENTED_EDGE ( 'NONE', *, *, #1611, .F. ) ;
#399 = EDGE_CURVE ( 'NONE', #1982, #3261, #2285, .T. ) ;
#400 = DIRECTION ( 'NONE',  ( 3.265361837132813586E-16, -0.000000000000000000, 1.000000000000000000 ) ) ;
#401 = EDGE_CURVE ( 'NONE', #2612, #684, #1746, .T. ) ;
#402 = ORIENTED_EDGE ( 'NONE', *, *, #2755, .T. ) ;
#403 = DIRECTION ( 'NONE',  ( -1.000000000000000000, 0.000000000000000000, 0.000000000000000000 ) ) ;
#404 = CARTESIAN_POINT ( 'NONE',  ( -75.73170731707320158, 59.99999999999999289, -99.26829268292686947 ) ) ;
#405 = CARTESIAN_POINT ( 'NONE',  ( 0.000000000000000000, 0.000000000000000000, 0.000000000000000000 ) ) ;
#406 = FACE_OUTER_BOUND ( 'NONE', #2813, .T. ) ;
#407 = FACE_OUTER_BOUND ( 'NONE', #1275, .T. ) ;
#408 = EDGE_LOOP ( 'NONE', ( #2965, #1890, #608, #396 ) ) ;
#409 = CARTESIAN_POINT ( 'NONE',  ( -85.73170731707318737, 130.0000000000000000, -99.26829268292686947 ) ) ;
#410 = VERTEX_POINT ( 'NONE', #205 ) ;
#411 = AXIS2_PLACEMENT_3D ( 'NONE', #405, #2447, #360 ) ;
#412 = EDGE_CURVE ( 'NONE', #1503, #253, #2521, .T. ) ;
#413 = FACE_OUTER_BOUND ( 'NONE', #868, .T. ) ;
#414 = ORIENTED_EDGE ( 'NONE', *, *, #2501, .T. ) ;
#415 = LINE ( 'NONE', #2696, #3171 ) ;
#416 = ORIENTED_EDGE ( 'NONE', *, *, #1160, .F. ) ;
#417 = AXIS2_PLACEMENT_3D ( 'NONE', #1268, #3273, #491 ) ;
#418 = ADVANCED_FACE ( 'NONE', ( #2268 ), #742, .T. ) ;
#419 = LINE ( 'NONE', #1228, #772 ) ;
#420 = DIRECTION ( 'NONE',  ( 6.938893903907257960E-16, 0.000000000000000000, -1.000000000000000000 ) ) ;
#421 = VECTOR ( 'NONE', #1513, 1000.000000000000000 ) ;
#422 = FACE_OUTER_BOUND ( 'NONE', #1659, .T. ) ;
#423 = LINE ( 'NONE', #2432, #483 ) ;
#424 = ORIENTED_EDGE ( 'NONE', *, *, #725, .F. ) ;
#425 = FACE_OUTER_BOUND ( 'NONE', #512, .T. ) ;
#426 = DIRECTION ( 'NONE',  ( -1.000000000000000000, 0.000000000000000000, 0.000000000000000000 ) ) ;
#427 = CIRCLE ( 'NONE', #861, 4.999999999999976907 ) ;
#428 = COLOUR_RGB ( '',0.7921568627450980005, 0.8196078431372548767, 0.9333333333333333481 ) ;
#429 = PRESENTATION_LAYER_ASSIGNMENT (  '', '', ( #2717 ) ) ;
#430 = VERTEX_POINT ( 'NONE', #243 ) ;
#431 = CARTESIAN_POINT ( 'NONE',  ( -125.7317073170732016, 0.000000000000000000, -54.26829268292687658 ) ) ;
#432 = VECTOR ( 'NONE', #2665, 1000.000000000000000 ) ;
#433 = ORIENTED_EDGE ( 'NONE', *, *, #1673, .F. ) ;
#434 = ADVANCED_FACE ( 'NONE', ( #1766 ), #2037, .F. ) ;
#435 = CARTESIAN_POINT ( 'NONE',  ( 4.148275862069115583, 25.00000000000000000, -159.8844297653359376 ) ) ;
#436 = VERTEX_POINT ( 'NONE', #3006 ) ;
#437 = DIRECTION ( 'NONE',  ( -0.000000000000000000, -1.000000000000000000, -0.000000000000000000 ) ) ;
#438 = EDGE_CURVE ( 'NONE', #560, #1934, #2016, .T. ) ;
#439 = PLANE ( 'NONE',  #3003 ) ;
#440 = FACE_OUTER_BOUND ( 'NONE', #133, .T. ) ;
#441 = DIRECTION ( 'NONE',  ( 0.000000000000000000, -1.000000000000000000, 0.000000000000000000 ) ) ;
#442 = EDGE_CURVE ( 'NONE', #1092, #2583, #2559, .T. ) ;
#443 = ORIENTED_EDGE ( 'NONE', *, *, #1675, .T. ) ;
#444 = CARTESIAN_POINT ( 'NONE',  ( -81.93277310924362666, 0.000000000000000000, -170.7983193277310932 ) ) ;
#445 = CARTESIAN_POINT ( 'NONE',  ( -173.3517241379309155, 0.000000000000000000, 190.1155702346640624 ) ) ;
#446 = DIRECTION ( 'NONE',  ( 0.000000000000000000, 0.000000000000000000, 1.000000000000000000 ) ) ;
#447 = CARTESIAN_POINT ( 'NONE',  ( -160.8517241379310576, 25.00000000000000000, -159.8844297653358524 ) ) ;
#448 = VECTOR ( 'NONE', #3096, 1000.000000000000000 ) ;
#449 = ORIENTED_EDGE ( 'NONE', *, *, #1327, .T. ) ;
#450 = DIRECTION ( 'NONE',  ( -0.000000000000000000, -1.000000000000000000, -0.000000000000000000 ) ) ;
#451 = VERTEX_POINT ( 'NONE', #2715 ) ;
#452 = CARTESIAN_POINT ( 'NONE',  ( -130.7317073170732158, 0.000000000000000000, -59.26829268292688369 ) ) ;
#453 = FACE_OUTER_BOUND ( 'NONE', #794, .T. ) ;
#454 = CARTESIAN_POINT ( 'NONE',  ( 649.1544838409040494, 1121.534246301685016, 1165.247360952273539 ) ) ;
#455 = FACE_OUTER_BOUND ( 'NONE', #2610, .T. ) ;
#456 = ADVANCED_FACE ( 'NONE', ( #422 ), #723, .F. ) ;
#457 = LINE ( 'NONE', #1482, #1713 ) ;
#458 = ORIENTED_EDGE ( 'NONE', *, *, #3202, .F. ) ;
#459 = CARTESIAN_POINT ( 'NONE',  ( -125.7317073170732016, -350.0000000000001705, -54.26829268292687658 ) ) ;
#460 = DIRECTION ( 'NONE',  ( 0.000000000000000000, -0.000000000000000000, 1.000000000000000000 ) ) ;
#461 = EDGE_CURVE ( 'NONE', #2918, #2391, #3237, .T. ) ;
#462 = DIRECTION ( 'NONE',  ( -1.387778780781445676E-16, 0.000000000000000000, 1.000000000000000000 ) ) ;
#463 = ORIENTED_EDGE ( 'NONE', *, *, #1629, .F. ) ;
#464 = VECTOR ( 'NONE', #1679, 1000.000000000000000 ) ;
#465 = CARTESIAN_POINT ( 'NONE',  ( 11.64827586206910937, 0.000000000000000000, 130.1155702346640908 ) ) ;
#466 = ORIENTED_EDGE ( 'NONE', *, *, #542, .F. ) ;
#467 = DIRECTION ( 'NONE',  ( 1.000000000000000000, 0.000000000000000000, 1.387778780781445922E-16 ) ) ;
#468 = ORIENTED_EDGE ( 'NONE', *, *, #3288, .T. ) ;
#469 = CARTESIAN_POINT ( 'NONE',  ( -131.9327731092436125, 0.000000000000000000, 279.2016806722688784 ) ) ;
#470 = VECTOR ( 'NONE', #795, 1000.000000000000000 ) ;
#471 = ORIENTED_EDGE ( 'NONE', *, *, #1311, .T. ) ;
#472 = DIRECTION ( 'NONE',  ( 0.000000000000000000, -0.000000000000000000, 1.000000000000000000 ) ) ;
#473 = DIRECTION ( 'NONE',  ( -1.000000000000000000, 0.000000000000000000, -1.387778780781445922E-16 ) ) ;
#474 = LINE ( 'NONE', #2767, #862 ) ;
#475 = EDGE_CURVE ( 'NONE', #964, #5, #1212, .T. ) ;
#476 = VECTOR ( 'NONE', #3232, 1000.000000000000000 ) ;
#477 = ORIENTED_EDGE ( 'NONE', *, *, #237, .F. ) ;
#478 = DIRECTION ( 'NONE',  ( -1.000000000000000000, 0.000000000000000000, 0.000000000000000000 ) ) ;
#479 = CARTESIAN_POINT ( 'NONE',  ( 16.64827586206901344, 75.00000000000001421, -219.8844297653357671 ) ) ;
#480 = CARTESIAN_POINT ( 'NONE',  ( -160.8517241379309155, 25.00000000000000000, 130.1155702346641192 ) ) ;
#481 = ADVANCED_FACE ( 'NONE', ( #440 ), #1464, .F. ) ;
#482 = VECTOR ( 'NONE', #196, 1000.000000000000000 ) ;
#483 = VECTOR ( 'NONE', #1135, 1000.000000000000000 ) ;
#484 = ORIENTED_EDGE ( 'NONE', *, *, #1289, .T. ) ;
#485 = FACE_OUTER_BOUND ( 'NONE', #1330, .T. ) ;
#486 = VERTEX_POINT ( 'NONE', #1979 ) ;
#487 = PLANE ( 'NONE',  #2581 ) ;
#488 = VERTEX_POINT ( 'NONE', #1729 ) ;
#489 = DIRECTION ( 'NONE',  ( 1.850371707708592788E-15, -0.000000000000000000, 1.000000000000000000 ) ) ;
#490 = PRODUCT_DEFINITION_SHAPE ( 'NONE', 'NONE',  #3310 ) ;
#491 = DIRECTION ( 'NONE',  ( 1.000000000000000000, 0.000000000000000000, 0.000000000000000000 ) ) ;
#492 = DIRECTION ( 'NONE',  ( -0.000000000000000000, -0.000000000000000000, 1.000000000000000000 ) ) ;
#493 = ORIENTED_EDGE ( 'NONE', *, *, #2066, .T. ) ;
#494 = CARTESIAN_POINT ( 'NONE',  ( -106.9327731092435982, -50.00000000000000000, 329.2016806722688216 ) ) ;
#495 = FACE_OUTER_BOUND ( 'NONE', #1777, .T. ) ;
#496 = DIRECTION ( 'NONE',  ( 0.000000000000000000, 0.000000000000000000, -1.000000000000000000 ) ) ;
#497 = ORIENTED_EDGE ( 'NONE', *, *, #1814, .F. ) ;
#498 = ADVANCED_FACE ( 'NONE', ( #2748, #455 ), #1481, .F. ) ;
#499 = VERTEX_POINT ( 'NONE', #2616 ) ;
#500 = LINE ( 'NONE', #735, #1016 ) ;
#501 = ORIENTED_EDGE ( 'NONE', *, *, #1793, .T. ) ;
#502 = ORIENTED_EDGE ( 'NONE', *, *, #2487, .T. ) ;
#503 = CARTESIAN_POINT ( 'NONE',  ( 16.64827586206898857, 50.00000000000000000, -187.3844297653359092 ) ) ;
#504 = EDGE_CURVE ( 'NONE', #2627, #2495, #2106, .T. ) ;
#505 = ORIENTED_EDGE ( 'NONE', *, *, #2309, .F. ) ;
#506 = CARTESIAN_POINT ( 'NONE',  ( -168.3517241379310292, 0.000000000000000000, -159.8844297653358808 ) ) ;
#507 = SURFACE_SIDE_STYLE ('',( #1832 ) ) ;
#508 = CARTESIAN_POINT ( 'NONE',  ( -173.3517241379309155, 0.000000000000000000, 125.1155702346641050 ) ) ;
#509 = ORIENTED_EDGE ( 'NONE', *, *, #1425, .T. ) ;
#510 = CARTESIAN_POINT ( 'NONE',  ( 16.64827586206911292, 0.000000000000000000, 157.6155702346640624 ) ) ;
#511 = DIRECTION ( 'NONE',  ( -0.000000000000000000, -1.000000000000000000, -0.000000000000000000 ) ) ;
#512 = EDGE_LOOP ( 'NONE', ( #1875, #630, #369, #2114, #916, #1560, #1420, #3147, #3195, #1059, #1826, #2963 ) ) ;
#513 = ORIENTED_EDGE ( 'NONE', *, *, #3102, .T. ) ;
#514 = CARTESIAN_POINT ( 'NONE',  ( 16.64827586206900278, 50.00000000000000000, -154.8844297653359092 ) ) ;
#515 = EDGE_CURVE ( 'NONE', #1294, #2426, #3109, .T. ) ;
#516 = ORIENTED_EDGE ( 'NONE', *, *, #1589, .T. ) ;
#517 = DIRECTION ( 'NONE',  ( -1.000000000000000000, -0.000000000000000000, -1.387778780781445922E-16 ) ) ;
#518 = ORIENTED_EDGE ( 'NONE', *, *, #1753, .T. ) ;
#519 = CARTESIAN_POINT ( 'NONE',  ( -5.851724137930889746, 25.00000000000000000, 125.1155702346640766 ) ) ;
#520 = EDGE_CURVE ( 'NONE', #2356, #2663, #2836, .T. ) ;
#521 = APPLICATION_PROTOCOL_DEFINITION ( 'draft international standard', 'automotive_design', 1998, #1129 ) ;
#522 = VECTOR ( 'NONE', #856, 1000.000000000000000 ) ;
#523 = CYLINDRICAL_SURFACE ( 'NONE', #3165, 10.00000000000000178 ) ;
#524 = EDGE_CURVE ( 'NONE', #1861, #1889, #2599, .T. ) ;
#525 = ORIENTED_EDGE ( 'NONE', *, *, #3000, .F. ) ;
#526 = CARTESIAN_POINT ( 'NONE',  ( -125.7317073170732016, 10.00000000000001599, -99.26829268292686947 ) ) ;
#527 = CARTESIAN_POINT ( 'NONE',  ( -130.7317073170732442, 99.99999999999998579, 0.7317073170731297482 ) ) ;
#528 = DIRECTION ( 'NONE',  ( 0.000000000000000000, 0.000000000000000000, 1.000000000000000000 ) ) ;
#529 = VECTOR ( 'NONE', #2458, 1000.000000000000000 ) ;
#530 = ORIENTED_EDGE ( 'NONE', *, *, #1442, .T. ) ;
#531 = ADVANCED_BREP_SHAPE_REPRESENTATION ( '', ( #579, #411 ), #99 ) ;
#532 = VERTEX_POINT ( 'NONE', #573 ) ;
#533 = DIRECTION ( 'NONE',  ( -1.000000000000000000, 0.000000000000000000, 0.000000000000000000 ) ) ;
#534 = ORIENTED_EDGE ( 'NONE', *, *, #90, .T. ) ;
#535 = CARTESIAN_POINT ( 'NONE',  ( -131.9327731092436125, 0.000000000000000000, -170.7983193277310932 ) ) ;
#536 = PRODUCT_RELATED_PRODUCT_CATEGORY ( 'part', '', ( #2256 ) ) ;
#537 = ORIENTED_EDGE ( 'NONE', *, *, #892, .T. ) ;
#538 = AXIS2_PLACEMENT_3D ( 'NONE', #1853, #2058, #779 ) ;
#539 = DIRECTION ( 'NONE',  ( 0.000000000000000000, 0.000000000000000000, 1.000000000000000000 ) ) ;
#540 = CARTESIAN_POINT ( 'NONE',  ( 16.64827586206901699, -25.00000000000000711, -224.8844297653357671 ) ) ;
#541 = DIRECTION ( 'NONE',  ( -0.000000000000000000, -1.000000000000000000, -0.000000000000000000 ) ) ;
#542 = EDGE_CURVE ( 'NONE', #2888, #631, #1338, .T. ) ;
#543 = VECTOR ( 'NONE', #1784, 1000.000000000000000 ) ;
#544 = ORIENTED_EDGE ( 'NONE', *, *, #3300, .T. ) ;
#545 = CARTESIAN_POINT ( 'NONE',  ( 16.64827586206898857, 50.00000000000000000, -187.3844297653359092 ) ) ;
#546 = DIRECTION ( 'NONE',  ( -1.000000000000000000, -0.000000000000000000, -2.775557561562891351E-16 ) ) ;
#547 = FACE_OUTER_BOUND ( 'NONE', #883, .T. ) ;
#548 = EDGE_CURVE ( 'NONE', #2029, #2172, #258, .T. ) ;
#549 = VECTOR ( 'NONE', #891, 1000.000000000000000 ) ;
#550 = ORIENTED_EDGE ( 'NONE', *, *, #2345, .F. ) ;
#551 = VERTEX_POINT ( 'NONE', #809 ) ;
#552 = DIRECTION ( 'NONE',  ( 1.000000000000000000, -0.000000000000000000, 0.000000000000000000 ) ) ;
#553 = VECTOR ( 'NONE', #1845, 1000.000000000000000 ) ;
#554 = ORIENTED_EDGE ( 'NONE', *, *, #1141, .T. ) ;
#555 = CARTESIAN_POINT ( 'NONE',  ( -88.35172413793091550, 0.000000000000000000, 130.1155702346641476 ) ) ;
#556 = MANIFOLD_SOLID_BREP ( 'Cut-Extrude2', #2516 ) ;
#557 = CARTESIAN_POINT ( 'NONE',  ( -173.3517241379309155, 50.00000000000000000, 190.1155702346640624 ) ) ;
#558 = CONTEXT_DEPENDENT_SHAPE_REPRESENTATION ( #888, #2790 ) ;
#559 = CARTESIAN_POINT ( 'NONE',  ( -106.9327731092435982, 0.000000000000000000, 279.2016806722688784 ) ) ;
#560 = VERTEX_POINT ( 'NONE', #2817 ) ;
#561 = LINE ( 'NONE', #1323, #2611 ) ;
#562 = EDGE_CURVE ( 'NONE', #233, #2902, #3092, .T. ) ;
#563 = DIRECTION ( 'NONE',  ( -0.000000000000000000, -1.000000000000000000, -0.000000000000000000 ) ) ;
#564 = DIRECTION ( 'NONE',  ( -3.265361837132816544E-16, -0.000000000000000000, 1.000000000000000000 ) ) ;
#565 = DIRECTION ( 'NONE',  ( 1.000000000000000000, 0.000000000000000000, -0.000000000000000000 ) ) ;
#566 = ORIENTED_EDGE ( 'NONE', *, *, #2506, .F. ) ;
#567 = EDGE_CURVE ( 'NONE', #1605, #852, #1565, .T. ) ;
#568 = PRODUCT_DEFINITION_CONTEXT ( 'detailed design', #2153, 'design' ) ;
#569 = ORIENTED_EDGE ( 'NONE', *, *, #1551, .T. ) ;
#570 = CARTESIAN_POINT ( 'NONE',  ( -81.93277310924362666, 0.000000000000000000, -20.79831932773111092 ) ) ;
#571 = DIRECTION ( 'NONE',  ( 1.000000000000000000, 0.000000000000000000, 0.000000000000000000 ) ) ;
#572 = LINE ( 'NONE', #2352, #1882 ) ;
#573 = CARTESIAN_POINT ( 'NONE',  ( 16.64827586206901344, -25.00000000000000711, -219.8844297653357671 ) ) ;
#574 = DIRECTION ( 'NONE',  ( 3.469446951953614189E-16, 0.000000000000000000, -1.000000000000000000 ) ) ;
#575 = VECTOR ( 'NONE', #2942, 1000.000000000000000 ) ;
#576 = AXIS2_PLACEMENT_3D ( 'NONE', #1194, #1447, #2284 ) ;
#577 = VERTEX_POINT ( 'NONE', #2567 ) ;
#578 = CARTESIAN_POINT ( 'NONE',  ( 0.000000000000000000, 50.00000000000000000, 0.000000000000000000 ) ) ;
#579 = MANIFOLD_SOLID_BREP ( 'Cut-Extrude5', #2094 ) ;
#580 = DIRECTION ( 'NONE',  ( 1.040834085586085203E-14, 0.000000000000000000, -1.000000000000000000 ) ) ;
#581 = DIRECTION ( 'NONE',  ( 0.000000000000000000, 0.000000000000000000, 1.000000000000000000 ) ) ;
#582 = AXIS2_PLACEMENT_3D ( 'NONE', #2357, #1089, #263 ) ;
#583 = EDGE_CURVE ( 'NONE', #410, #577, #3191, .T. ) ;
#584 = ORIENTED_EDGE ( 'NONE', *, *, #1126, .F. ) ;
#585 = ADVANCED_FACE ( 'NONE', ( #2337 ), #1929, .F. ) ;
#586 = ORIENTED_EDGE ( 'NONE', *, *, #1589, .F. ) ;
#587 = FACE_OUTER_BOUND ( 'NONE', #2811, .T. ) ;
#588 = VECTOR ( 'NONE', #3122, 1000.000000000000000 ) ;
#589 = PLANE ( 'NONE',  #2925 ) ;
#590 = ADVANCED_FACE ( 'NONE', ( #624 ), #1648, .F. ) ;
#591 = ORIENTED_EDGE ( 'NONE', *, *, #442, .T. ) ;
#592 = LINE ( 'NONE', #2163, #2953 ) ;
#593 = LINE ( 'NONE', #1680, #2025 ) ;
#594 = PLANE ( 'NONE',  #2095 ) ;
#595 = VECTOR ( 'NONE', #3159, 1000.000000000000000 ) ;
#596 = MECHANICAL_DESIGN_GEOMETRIC_PRESENTATION_REPRESENTATION (  '', ( #2728 ), #1237 ) ;
#597 = COLOUR_RGB ( '',0.7921568627450980005, 0.8196078431372548767, 0.9333333333333333481 ) ;
#598 = EDGE_LOOP ( 'NONE', ( #1171, #1443, #2945, #1755, #3134, #502, #3033, #3069, #618, #1973, #1623, #2672, #2884, #1937, #279, #2832, #1123, #1824, #1362, #2861, #2846, #2270, #3031, #2723, #817, #2423, #2928, #2776, #667, #2173, #2263, #1187 ) ) ;
#599 = CARTESIAN_POINT ( 'NONE',  ( -106.9327731092435982, 0.000000000000000000, 329.2016806722688216 ) ) ;
#600 = PLANE ( 'NONE',  #220 ) ;
#601 = CARTESIAN_POINT ( 'NONE',  ( 16.64827586206901699, -25.00000000000000711, -224.8844297653357671 ) ) ;
#602 = VECTOR ( 'NONE', #3216, 1000.000000000000000 ) ;
#603 = EDGE_LOOP ( 'NONE', ( #1842, #1467, #2156, #3211 ) ) ;
#604 = ORIENTED_EDGE ( 'NONE', *, *, #874, .T. ) ;
#605 = EDGE_CURVE ( 'NONE', #2046, #297, #593, .T. ) ;
#606 = SHAPE_REPRESENTATION ( 'base & top', ( #313, #3149, #1913, #947, #1805, #576, #2395 ), #45 ) ;
#607 = CARTESIAN_POINT ( 'NONE',  ( -131.9327731092435556, 0.000000000000000000, 429.2016806722688784 ) ) ;
#608 = ORIENTED_EDGE ( 'NONE', *, *, #2721, .F. ) ;
#609 = DIRECTION ( 'NONE',  ( -0.000000000000000000, -1.000000000000000000, -0.000000000000000000 ) ) ;
#610 = ADVANCED_FACE ( 'NONE', ( #876, #2909 ), #3158, .F. ) ;
#611 = LINE ( 'NONE', #1147, #549 ) ;
#612 = DIRECTION ( 'NONE',  ( 0.000000000000000000, -0.000000000000000000, 1.000000000000000000 ) ) ;
#613 = ORIENTED_EDGE ( 'NONE', *, *, #1137, .T. ) ;
#614 = DIRECTION ( 'NONE',  ( -0.000000000000000000, -0.000000000000000000, 1.000000000000000000 ) ) ;
#615 = CARTESIAN_POINT ( 'NONE',  ( -125.7317073170732016, 99.99999999999998579, -99.26829268292686947 ) ) ;
#616 = VERTEX_POINT ( 'NONE', #345 ) ;
#617 = ORIENTED_EDGE ( 'NONE', *, *, #116, .T. ) ;
#618 = ORIENTED_EDGE ( 'NONE', *, *, #3174, .T. ) ;
#619 = ORIENTED_EDGE ( 'NONE', *, *, #832, .F. ) ;
#620 = LINE ( 'NONE', #2411, #1808 ) ;
#621 = EDGE_CURVE ( 'NONE', #1585, #780, #1382, .T. ) ;
#622 = VECTOR ( 'NONE', #103, 1000.000000000000000 ) ;
#623 = CARTESIAN_POINT ( 'NONE',  ( -88.35172413793092971, 50.00000000000000000, -154.8844297653358808 ) ) ;
#624 = FACE_OUTER_BOUND ( 'NONE', #1846, .T. ) ;
#625 = EDGE_CURVE ( 'NONE', #2489, #1971, #357, .T. ) ;
#626 =( NAMED_UNIT ( * ) PLANE_ANGLE_UNIT ( ) SI_UNIT ( $, .RADIAN. ) );
#627 = LINE ( 'NONE', #2448, #2606 ) ;
#628 = CARTESIAN_POINT ( 'NONE',  ( 218.0672268907563307, 50.00000000000000000, -170.7983193277310647 ) ) ;
#629 = ADVANCED_FACE ( 'NONE', ( #859 ), #1883, .T. ) ;
#630 = ORIENTED_EDGE ( 'NONE', *, *, #542, .T. ) ;
#631 = VERTEX_POINT ( 'NONE', #1428 ) ;
#632 = AXIS2_PLACEMENT_3D ( 'NONE', #1053, #1553, #1341 ) ;
#633 = ORIENTED_EDGE ( 'NONE', *, *, #31, .F. ) ;
#634 = LINE ( 'NONE', #2366, #2234 ) ;
#635 = EDGE_LOOP ( 'NONE', ( #3291, #2187, #3054, #1987 ) ) ;
#636 = VECTOR ( 'NONE', #1935, 1000.000000000000000 ) ;
#637 = DIRECTION ( 'NONE',  ( -1.000000000000000000, 0.000000000000000000, -5.551115123125778758E-15 ) ) ;
#638 = CARTESIAN_POINT ( 'NONE',  ( -75.73170731707320158, 59.99999999999999289, -99.26829268292686947 ) ) ;
#639 =( NAMED_UNIT ( * ) PLANE_ANGLE_UNIT ( ) SI_UNIT ( $, .RADIAN. ) );
#640 = CLOSED_SHELL ( 'NONE', ( #3067, #1390, #1354, #79, #3239, #1040, #2385, #1411, #1303, #1768, #498, #661, #2128, #649, #965, #3222, #1874, #2081, #2923, #3070, #366, #2633, #2406, #751, #1282, #217, #747, #1014, #1731, #3264, #2203, #1172, #2120, #1406, #2018, #109, #2512, #1880, #1105, #2955, #1196, #1511, #1177, #925, #2827, #975, #376 ) ) ;
#641 = FACE_OUTER_BOUND ( 'NONE', #745, .T. ) ;
#642 = EDGE_CURVE ( 'NONE', #964, #2888, #611, .T. ) ;
#643 = VECTOR ( 'NONE', #2202, 1000.000000000000000 ) ;
#644 = CARTESIAN_POINT ( 'NONE',  ( -131.9327731092436125, -50.00000000000000000, -70.79831932773112158 ) ) ;
#645 = AXIS2_PLACEMENT_3D ( 'NONE', #1554, #3082, #580 ) ;
#646 = ORIENTED_EDGE ( 'NONE', *, *, #789, .T. ) ;
#647 = CARTESIAN_POINT ( 'NONE',  ( -125.7317073170732016, -350.0000000000001705, -59.26829268292688369 ) ) ;
#648 = PRODUCT_DEFINITION_SHAPE ( 'NONE', 'NONE',  #2666 ) ;
#649 = ADVANCED_FACE ( 'NONE', ( #1416 ), #1912, .F. ) ;
#650 = VERTEX_POINT ( 'NONE', #2443 ) ;
#651 = VECTOR ( 'NONE', #2681, 1000.000000000000000 ) ;
#652 = ORIENTED_EDGE ( 'NONE', *, *, #3169, .F. ) ;
#653 = LINE ( 'NONE', #1616, #2490 ) ;
#654 = ORIENTED_EDGE ( 'NONE', *, *, #1266, .F. ) ;
#655 = APPLICATION_CONTEXT ( 'automotive_design' ) ;
#656 = DIRECTION ( 'NONE',  ( -1.000000000000000000, -0.000000000000000000, 1.850371707708592788E-15 ) ) ;
#657 = DIRECTION ( 'NONE',  ( -0.000000000000000000, 0.000000000000000000, 1.000000000000000000 ) ) ;
#658 = SHAPE_REPRESENTATION_RELATIONSHIP ( 'NONE' , 'NONE' ,  #3043, #3182 ) ;
#659 = DIRECTION ( 'NONE',  ( 1.000000000000000000, 0.000000000000000000, 0.000000000000000000 ) ) ;
#660 = DIRECTION ( 'NONE',  ( -1.000000000000000000, -0.000000000000000000, -2.775557561562891351E-16 ) ) ;
#661 = ADVANCED_FACE ( 'NONE', ( #2649 ), #2938, .F. ) ;
#662 = ORIENTED_EDGE ( 'NONE', *, *, #1020, .F. ) ;
#663 = DIRECTION ( 'NONE',  ( -2.312964634635742957E-16, -0.000000000000000000, -1.000000000000000000 ) ) ;
#664 = ORIENTED_EDGE ( 'NONE', *, *, #1486, .F. ) ;
#665 = EDGE_CURVE ( 'NONE', #829, #88, #135, .T. ) ;
#666 = PLANE ( 'NONE',  #1385 ) ;
#667 = ORIENTED_EDGE ( 'NONE', *, *, #2646, .T. ) ;
#668 = LINE ( 'NONE', #2759, #3205 ) ;
#669 = ORIENTED_EDGE ( 'NONE', *, *, #1818, .T. ) ;
#670 = DIRECTION ( 'NONE',  ( -1.000000000000000000, 0.000000000000000000, 5.551115123125778758E-15 ) ) ;
#671 = CARTESIAN_POINT ( 'NONE',  ( -0.8517241379308870819, 25.00000000000000000, -159.8844297653359376 ) ) ;
#672 = CARTESIAN_POINT ( 'NONE',  ( 268.0672268907563307, 50.00000000000000000, 429.2016806722688784 ) ) ;
#673 = DIRECTION ( 'NONE',  ( -0.000000000000000000, -0.000000000000000000, -1.000000000000000000 ) ) ;
#674 = CARTESIAN_POINT ( 'NONE',  ( -50.73170731707325842, 34.99999999999999289, -49.26829268292685526 ) ) ;
#675 = VERTEX_POINT ( 'NONE', #2684 ) ;
#676 = CARTESIAN_POINT ( 'NONE',  ( 0.000000000000000000, -350.0000000000001705, 0.000000000000000000 ) ) ;
#677 = CARTESIAN_POINT ( 'NONE',  ( -131.9327731092435840, -50.00000000000000000, -20.79831932773111447 ) ) ;
#678 = EDGE_CURVE ( 'NONE', #3275, #38, #390, .T. ) ;
#679 = VECTOR ( 'NONE', #1938, 1000.000000000000000 ) ;
#680 = FACE_BOUND ( 'NONE', #1521, .T. ) ;
#681 = EDGE_CURVE ( 'NONE', #253, #2046, #1131, .T. ) ;
#682 = EDGE_LOOP ( 'NONE', ( #716, #3072, #505, #1006 ) ) ;
#683 = DIRECTION ( 'NONE',  ( 0.000000000000000000, 1.000000000000000000, 0.000000000000000000 ) ) ;
#684 = VERTEX_POINT ( 'NONE', #3178 ) ;
#685 = AXIS2_PLACEMENT_3D ( 'NONE', #2553, #1034, #310 ) ;
#686 = CARTESIAN_POINT ( 'NONE',  ( -168.3517241379310292, 50.00000000000000000, -159.8844297653358808 ) ) ;
#687 = DIRECTION ( 'NONE',  ( 1.000000000000000000, 0.000000000000000000, -1.387778780781445676E-16 ) ) ;
#688 = CARTESIAN_POINT ( 'NONE',  ( -81.93277310924362666, 0.000000000000000000, -170.7983193277310932 ) ) ;
#689 = DIRECTION ( 'NONE',  ( 9.251858538542971581E-17, 0.000000000000000000, 1.000000000000000000 ) ) ;
#690 = EDGE_LOOP ( 'NONE', ( #1345, #2297, #1422, #3227, #3087, #2477, #2657, #699 ) ) ;
#691 = DIRECTION ( 'NONE',  ( 1.000000000000000000, 0.000000000000000000, 0.000000000000000000 ) ) ;
#692 = DIRECTION ( 'NONE',  ( 1.000000000000000000, 0.000000000000000000, 0.000000000000000000 ) ) ;
#693 = DIRECTION ( 'NONE',  ( 0.000000000000000000, 1.000000000000000000, 0.000000000000000000 ) ) ;
#694 = VECTOR ( 'NONE', #2384, 1000.000000000000000 ) ;
#695 = AXIS2_PLACEMENT_3D ( 'NONE', #1433, #124, #2699 ) ;
#696 = ORIENTED_EDGE ( 'NONE', *, *, #1182, .F. ) ;
#697 = DIRECTION ( 'NONE',  ( 0.000000000000000000, 0.000000000000000000, -1.000000000000000000 ) ) ;
#698 = AXIS2_PLACEMENT_3D ( 'NONE', #1600, #1895, #637 ) ;
#699 = ORIENTED_EDGE ( 'NONE', *, *, #849, .F. ) ;
#700 = DIRECTION ( 'NONE',  ( -1.000000000000000000, -0.000000000000000000, -1.850371707708598704E-15 ) ) ;
#701 = EDGE_CURVE ( 'NONE', #1543, #101, #2743, .T. ) ;
#702 = ORIENTED_EDGE ( 'NONE', *, *, #1975, .F. ) ;
#703 = LINE ( 'NONE', #686, #1140 ) ;
#704 = VECTOR ( 'NONE', #1208, 1000.000000000000000 ) ;
#705 = DIRECTION ( 'NONE',  ( 1.000000000000000000, 0.000000000000000000, -0.000000000000000000 ) ) ;
#706 = DIRECTION ( 'NONE',  ( 0.000000000000000000, 0.000000000000000000, 1.000000000000000000 ) ) ;
#707 = DIRECTION ( 'NONE',  ( 1.000000000000000000, 0.000000000000000000, 1.387778780781445922E-16 ) ) ;
#708 = CARTESIAN_POINT ( 'NONE',  ( -131.9327731092436125, 50.00000000000000000, -170.7983193277310932 ) ) ;
#709 = ORIENTED_EDGE ( 'NONE', *, *, #1629, .T. ) ;
#710 = CARTESIAN_POINT ( 'NONE',  ( -130.7317073170732442, 34.99999999999999289, -49.26829268292686947 ) ) ;
#711 = DIRECTION ( 'NONE',  ( -0.000000000000000000, -1.000000000000000000, -0.000000000000000000 ) ) ;
#712 = CARTESIAN_POINT ( 'NONE',  ( 218.0672268907563875, 0.000000000000000000, 429.2016806722688784 ) ) ;
#713 = ORIENTED_EDGE ( 'NONE', *, *, #1898, .T. ) ;
#714 = CARTESIAN_POINT ( 'NONE',  ( -88.35172413793101498, 0.000000000000000000, -159.8844297653358808 ) ) ;
#715 = VECTOR ( 'NONE', #2896, 1000.000000000000000 ) ;
#716 = ORIENTED_EDGE ( 'NONE', *, *, #1036, .F. ) ;
#717 = DIRECTION ( 'NONE',  ( 1.000000000000000000, -0.000000000000000000, -3.469446951953614682E-16 ) ) ;
#718 = ORIENTED_EDGE ( 'NONE', *, *, #2853, .F. ) ;
#719 = FACE_OUTER_BOUND ( 'NONE', #1044, .T. ) ;
#720 = EDGE_CURVE ( 'NONE', #1495, #2144, #3018, .T. ) ;
#721 = DIRECTION ( 'NONE',  ( 0.000000000000000000, 1.000000000000000000, -0.000000000000000000 ) ) ;
#722 = DIRECTION ( 'NONE',  ( 1.000000000000000000, 0.000000000000000000, 0.000000000000000000 ) ) ;
#723 = PLANE ( 'NONE',  #266 ) ;
#724 = LINE ( 'NONE', #2554, #1079 ) ;
#725 = EDGE_CURVE ( 'NONE', #1971, #800, #3009, .T. ) ;
#726 = VERTEX_POINT ( 'NONE', #2779 ) ;
#727 = CARTESIAN_POINT ( 'NONE',  ( -75.73170731707320158, 130.0000000000000000, -99.26829268292686947 ) ) ;
#728 = DIRECTION ( 'NONE',  ( 0.000000000000000000, 1.000000000000000000, 0.000000000000000000 ) ) ;
#729 = FACE_OUTER_BOUND ( 'NONE', #1205, .T. ) ;
#730 = EDGE_CURVE ( 'NONE', #3068, #2351, #703, .T. ) ;
#731 = ORIENTED_EDGE ( 'NONE', *, *, #1653, .F. ) ;
#732 = VECTOR ( 'NONE', #157, 1000.000000000000000 ) ;
#733 = FACE_OUTER_BOUND ( 'NONE', #27, .T. ) ;
#734 = EDGE_LOOP ( 'NONE', ( #3209, #584, #2208, #863 ) ) ;
#735 = CARTESIAN_POINT ( 'NONE',  ( -130.7317073170732158, 0.000000000000000000, -99.26829268292686947 ) ) ;
#736 = ORIENTED_EDGE ( 'NONE', *, *, #2041, .F. ) ;
#737 = ORIENTED_EDGE ( 'NONE', *, *, #2425, .T. ) ;
#738 = CARTESIAN_POINT ( 'NONE',  ( -173.3517241379310292, 0.000000000000000000, -187.3844297653358524 ) ) ;
#739 = VECTOR ( 'NONE', #2990, 1000.000000000000000 ) ;
#740 = ORIENTED_EDGE ( 'NONE', *, *, #1970, .F. ) ;
#741 = DIRECTION ( 'NONE',  ( 0.000000000000000000, 1.000000000000000000, 0.000000000000000000 ) ) ;
#742 = PLANE ( 'NONE',  #1548 ) ;
#743 = DIRECTION ( 'NONE',  ( 1.000000000000000000, 0.000000000000000000, 1.387778780781445922E-16 ) ) ;
#744 = VECTOR ( 'NONE', #3276, 1000.000000000000000 ) ;
#745 = EDGE_LOOP ( 'NONE', ( #159, #2830, #1872, #1241 ) ) ;
#746 = LINE ( 'NONE', #1965, #156 ) ;
#747 = ADVANCED_FACE ( 'NONE', ( #719 ), #487, .F. ) ;
#748 = FACE_OUTER_BOUND ( 'NONE', #690, .T. ) ;
#749 = DIRECTION ( 'NONE',  ( 1.000000000000000000, 0.000000000000000000, 0.000000000000000000 ) ) ;
#750 = ORIENTED_EDGE ( 'NONE', *, *, #3113, .F. ) ;
#751 = ADVANCED_FACE ( 'NONE', ( #2463 ), #988, .F. ) ;
#752 = CIRCLE ( 'NONE', #2460, 4.999999999999976907 ) ;
#753 = VECTOR ( 'NONE', #1584, 1000.000000000000000 ) ;
#754 = EDGE_LOOP ( 'NONE', ( #884, #1558, #2758, #302 ) ) ;
#755 = DIRECTION ( 'NONE',  ( 1.000000000000000000, 0.000000000000000000, 0.000000000000000000 ) ) ;
#756 = ORIENTED_EDGE ( 'NONE', *, *, #1249, .F. ) ;
#757 = DIRECTION ( 'NONE',  ( -0.000000000000000000, -0.000000000000000000, -1.000000000000000000 ) ) ;
#758 = ORIENTED_EDGE ( 'NONE', *, *, #520, .F. ) ;
#759 = FACE_OUTER_BOUND ( 'NONE', #18, .T. ) ;
#760 =( LENGTH_UNIT ( ) NAMED_UNIT ( * ) SI_UNIT ( .MILLI., .METRE. ) );
#761 = LINE ( 'NONE', #2540, #7 ) ;
#762 = EDGE_LOOP ( 'NONE', ( #537, #2751, #1532, #319 ) ) ;
#763 = CARTESIAN_POINT ( 'NONE',  ( -125.7317073170732016, 10.00000000000001599, 0.7317073170731297482 ) ) ;
#764 = CARTESIAN_POINT ( 'NONE',  ( -173.3517241379310008, -25.00000000000000711, -219.8844297653358808 ) ) ;
#765 = EDGE_CURVE ( 'NONE', #1120, #1093, #419, .T. ) ;
#766 = ORIENTED_EDGE ( 'NONE', *, *, #2198, .F. ) ;
#767 = EDGE_CURVE ( 'NONE', #2864, #1638, #1742, .T. ) ;
#768 = ORIENTED_EDGE ( 'NONE', *, *, #1726, .F. ) ;
#769 = CARTESIAN_POINT ( 'NONE',  ( -106.9327731092435982, -50.00000000000000000, -20.79831932773096170 ) ) ;
#770 = ORIENTED_EDGE ( 'NONE', *, *, #1462, .F. ) ;
#771 = CARTESIAN_POINT ( 'NONE',  ( -155.8517241379309439, 25.00000000000000000, 145.1155702346640908 ) ) ;
#772 = VECTOR ( 'NONE', #1761, 1000.000000000000000 ) ;
#773 = ORIENTED_EDGE ( 'NONE', *, *, #2792, .F. ) ;
#774 = DIRECTION ( 'NONE',  ( 0.000000000000000000, 0.000000000000000000, 1.000000000000000000 ) ) ;
#775 = SURFACE_SIDE_STYLE ('',( #2371 ) ) ;
#776 = FACE_OUTER_BOUND ( 'NONE', #2848, .T. ) ;
#777 = ORIENTED_EDGE ( 'NONE', *, *, #197, .T. ) ;
#778 = CARTESIAN_POINT ( 'NONE',  ( -38.35172413793086577, 0.000000000000000000, 195.1155702346640624 ) ) ;
#779 = DIRECTION ( 'NONE',  ( -1.000000000000000000, 0.000000000000000000, 0.000000000000000000 ) ) ;
#780 = VERTEX_POINT ( 'NONE', #452 ) ;
#781 = ORIENTED_EDGE ( 'NONE', *, *, #2975, .T. ) ;
#782 = CARTESIAN_POINT ( 'NONE',  ( -75.73170731707320158, 130.0000000000000000, 0.7317073170731297482 ) ) ;
#783 = EDGE_CURVE ( 'NONE', #953, #899, #170, .T. ) ;
#784 = ORIENTED_EDGE ( 'NONE', *, *, #515, .T. ) ;
#785 = DIRECTION ( 'NONE',  ( 0.000000000000000000, 0.000000000000000000, 1.000000000000000000 ) ) ;
#786 = ORIENTED_EDGE ( 'NONE', *, *, #3270, .T. ) ;
#787 = CARTESIAN_POINT ( 'NONE',  ( 4.148275862069115583, 25.00000000000000000, -165.8844297653360229 ) ) ;
#788 = ITEM_DEFINED_TRANSFORMATION ( 'NONE', 'NONE', #1805,  #411 ) ;
#789 = EDGE_CURVE ( 'NONE', #899, #2631, #222, .T. ) ;
#790 = AXIS2_PLACEMENT_3D ( 'NONE', #710, #3292, #2021 ) ;
#791 = FILL_AREA_STYLE ('',( #2800 ) ) ;
#792 = AXIS2_PLACEMENT_3D ( 'NONE', #3263, #3014, #2225 ) ;
#793 =( NAMED_UNIT ( * ) SI_UNIT ( $, .STERADIAN. ) SOLID_ANGLE_UNIT ( ) );
#794 = EDGE_LOOP ( 'NONE', ( #2293, #1128, #1758, #71 ) ) ;
#795 = DIRECTION ( 'NONE',  ( -4.270088556250601699E-16, -0.000000000000000000, -1.000000000000000000 ) ) ;
#796 = DIRECTION ( 'NONE',  ( 3.469446951953614189E-16, 0.000000000000000000, -1.000000000000000000 ) ) ;
#797 = CYLINDRICAL_SURFACE ( 'NONE', #984, 5.000000000000002665 ) ;
#798 = VECTOR ( 'NONE', #2331, 1000.000000000000000 ) ;
#799 = ORIENTED_EDGE ( 'NONE', *, *, #892, .F. ) ;
#800 = VERTEX_POINT ( 'NONE', #1708 ) ;
#801 = FACE_OUTER_BOUND ( 'NONE', #65, .T. ) ;
#802 = CIRCLE ( 'NONE', #909, 4.999999999999976907 ) ;
#803 = VECTOR ( 'NONE', #1748, 1000.000000000000000 ) ;
#804 = CARTESIAN_POINT ( 'NONE',  ( -68.35172413793101498, 50.00000000000000000, -219.8844297653357955 ) ) ;
#805 = EDGE_CURVE ( 'NONE', #2064, #2376, #1444, .T. ) ;
#806 = VECTOR ( 'NONE', #2044, 1000.000000000000000 ) ;
#807 = DIRECTION ( 'NONE',  ( 1.000000000000000000, -0.000000000000000000, 5.551115123125777969E-15 ) ) ;
#808 = ITEM_DEFINED_TRANSFORMATION ( 'NONE', 'NONE', #576,  #411 ) ;
#809 = CARTESIAN_POINT ( 'NONE',  ( -85.73170731707317316, 120.0000000000000000, 0.7317073170731311915 ) ) ;
#810 = LINE ( 'NONE', #1864, #163 ) ;
#811 = AXIS2_PLACEMENT_3D ( 'NONE', #372, #2178, #89 ) ;
#812 = EDGE_CURVE ( 'NONE', #1885, #2898, #2211, .T. ) ;
#813 = ORIENTED_EDGE ( 'NONE', *, *, #2750, .T. ) ;
#814 = LINE ( 'NONE', #2057, #2078 ) ;
#815 = FACE_OUTER_BOUND ( 'NONE', #2514, .T. ) ;
#816 = DIRECTION ( 'NONE',  ( 2.312964634635743450E-16, 0.000000000000000000, 1.000000000000000000 ) ) ;
#817 = ORIENTED_EDGE ( 'NONE', *, *, #583, .T. ) ;
#818 = ORIENTED_EDGE ( 'NONE', *, *, #3124, .T. ) ;
#819 = ORIENTED_EDGE ( 'NONE', *, *, #382, .F. ) ;
#820 = CARTESIAN_POINT ( 'NONE',  ( 243.0672268907563875, 0.000000000000000000, 279.2016806722689353 ) ) ;
#821 = VECTOR ( 'NONE', #785, 1000.000000000000000 ) ;
#822 = DIRECTION ( 'NONE',  ( -0.000000000000000000, -1.000000000000000000, -0.000000000000000000 ) ) ;
#823 = VERTEX_POINT ( 'NONE', #2011 ) ;
#824 = LINE ( 'NONE', #1847, #278 ) ;
#825 = CARTESIAN_POINT ( 'NONE',  ( 11.64827586206898502, 50.00000000000000000, -159.8844297653359376 ) ) ;
#826 = EDGE_CURVE ( 'NONE', #3099, #3275, #3034, .T. ) ;
#827 = CARTESIAN_POINT ( 'NONE',  ( -130.7317073170732442, 34.99999999999999289, -39.26829268292686947 ) ) ;
#828 =( REPRESENTATION_RELATIONSHIP ('NONE','NONE', #606, #3043 ) REPRESENTATION_RELATIONSHIP_WITH_TRANSFORMATION ( #2318 )SHAPE_REPRESENTATION_RELATIONSHIP( ) );
#829 = VERTEX_POINT ( 'NONE', #2264 ) ;
#830 = DIRECTION ( 'NONE',  ( -0.000000000000000000, 1.000000000000000000, 0.000000000000000000 ) ) ;
#831 = CARTESIAN_POINT ( 'NONE',  ( -173.3517241379310008, 0.000000000000000000, -154.8844297653358808 ) ) ;
#832 = EDGE_CURVE ( 'NONE', #2351, #1495, #2729, .T. ) ;
#833 = CARTESIAN_POINT ( 'NONE',  ( 16.64827586206901699, 75.00000000000001421, -224.8844297653357671 ) ) ;
#834 = ORIENTED_EDGE ( 'NONE', *, *, #3283, .T. ) ;
#835 = ORIENTED_EDGE ( 'NONE', *, *, #2838, .T. ) ;
#836 = EDGE_LOOP ( 'NONE', ( #664, #1434, #918, #770, #2511, #1819, #3038, #1516, #2456, #2560 ) ) ;
#837 = LINE ( 'NONE', #647, #636 ) ;
#838 = LINE ( 'NONE', #3154, #522 ) ;
#839 = ORIENTED_EDGE ( 'NONE', *, *, #2704, .T. ) ;
#840 = CARTESIAN_POINT ( 'NONE',  ( -131.9327731092435556, 50.00000000000000000, 429.2016806722688784 ) ) ;
#841 = DIRECTION ( 'NONE',  ( 1.000000000000000000, 0.000000000000000000, 0.000000000000000000 ) ) ;
#842 = FACE_OUTER_BOUND ( 'NONE', #272, .T. ) ;
#843 = EDGE_CURVE ( 'NONE', #5, #201, #937, .T. ) ;
#844 = ORIENTED_EDGE ( 'NONE', *, *, #1689, .T. ) ;
#845 = FACE_OUTER_BOUND ( 'NONE', #2917, .T. ) ;
#846 = AXIS2_PLACEMENT_3D ( 'NONE', #2438, #2191, #2962 ) ;
#847 = DIRECTION ( 'NONE',  ( -0.000000000000000000, -0.000000000000000000, -1.000000000000000000 ) ) ;
#848 = CARTESIAN_POINT ( 'NONE',  ( -88.35172413793092971, 50.00000000000000000, 125.1155702346640766 ) ) ;
#849 = EDGE_CURVE ( 'NONE', #486, #364, #2535, .T. ) ;
#850 = ORIENTED_EDGE ( 'NONE', *, *, #3288, .F. ) ;
#851 = COLOUR_RGB ( '',0.7921568627450980005, 0.8196078431372548767, 0.9333333333333333481 ) ;
#852 = VERTEX_POINT ( 'NONE', #2981 ) ;
#853 = EDGE_CURVE ( 'NONE', #488, #3160, #3250, .T. ) ;
#854 = CARTESIAN_POINT ( 'NONE',  ( -125.7317073170732016, -350.0000000000001705, -54.26829268292687658 ) ) ;
#855 = VECTOR ( 'NONE', #2364, 1000.000000000000000 ) ;
#856 = DIRECTION ( 'NONE',  ( -1.000000000000000000, -0.000000000000000000, -1.040834085586084503E-16 ) ) ;
#857 = ORIENTED_EDGE ( 'NONE', *, *, #1220, .T. ) ;
#858 = CARTESIAN_POINT ( 'NONE',  ( -75.73170731707320158, -350.0000000000001705, -54.26829268292686947 ) ) ;
#859 = FACE_OUTER_BOUND ( 'NONE', #1692, .T. ) ;
#860 = DIRECTION ( 'NONE',  ( 0.000000000000000000, 0.000000000000000000, 1.000000000000000000 ) ) ;
#861 = AXIS2_PLACEMENT_3D ( 'NONE', #1622, #1603, #330 ) ;
#862 = VECTOR ( 'NONE', #743, 1000.000000000000000 ) ;
#863 = ORIENTED_EDGE ( 'NONE', *, *, #2576, .T. ) ;
#864 = CARTESIAN_POINT ( 'NONE',  ( 218.0672268907563307, 0.000000000000000000, -170.7983193277310647 ) ) ;
#865 = LINE ( 'NONE', #2698, #1909 ) ;
#866 = CYLINDRICAL_SURFACE ( 'NONE', #3213, 10.00000000000000178 ) ;
#867 = VECTOR ( 'NONE', #717, 1000.000000000000000 ) ;
#868 = EDGE_LOOP ( 'NONE', ( #2204, #718, #1631, #1527 ) ) ;
#869 = EDGE_LOOP ( 'NONE', ( #942, #41 ) ) ;
#870 = EDGE_CURVE ( 'NONE', #1732, #2740, #3001, .T. ) ;
#871 = ORIENTED_EDGE ( 'NONE', *, *, #2877, .T. ) ;
#872 = VERTEX_POINT ( 'NONE', #2052 ) ;
#873 = PLANE ( 'NONE',  #1279 ) ;
#874 = EDGE_CURVE ( 'NONE', #2489, #2372, #1414, .T. ) ;
#875 = DIRECTION ( 'NONE',  ( 0.000000000000000000, 0.000000000000000000, -1.000000000000000000 ) ) ;
#876 = FACE_BOUND ( 'NONE', #238, .T. ) ;
#877 = EDGE_CURVE ( 'NONE', #1903, #2995, #291, .T. ) ;
#878 = LINE ( 'NONE', #377, #2931 ) ;
#879 = CARTESIAN_POINT ( 'NONE',  ( -168.3517241379309155, 50.00000000000000000, 130.1155702346641192 ) ) ;
#880 = VECTOR ( 'NONE', #2639, 1000.000000000000000 ) ;
#881 = ORIENTED_EDGE ( 'NONE', *, *, #720, .F. ) ;
#882 = ORIENTED_EDGE ( 'NONE', *, *, #3307, .T. ) ;
#883 = EDGE_LOOP ( 'NONE', ( #901, #773, #1806, #669 ) ) ;
#884 = ORIENTED_EDGE ( 'NONE', *, *, #1387, .F. ) ;
#885 = DIRECTION ( 'NONE',  ( 0.000000000000000000, 0.000000000000000000, 1.000000000000000000 ) ) ;
#886 = PRODUCT_DEFINITION_SHAPE ( 'NONE', 'NONE',  #395 ) ;
#887 = EDGE_LOOP ( 'NONE', ( #786, #3142, #1514, #835 ) ) ;
#888 =( REPRESENTATION_RELATIONSHIP ('NONE','NONE', #606, #51 ) REPRESENTATION_RELATIONSHIP_WITH_TRANSFORMATION ( #77 )SHAPE_REPRESENTATION_RELATIONSHIP( ) );
#889 = DIRECTION ( 'NONE',  ( 0.000000000000000000, 0.000000000000000000, -1.000000000000000000 ) ) ;
#890 = EDGE_CURVE ( 'NONE', #2144, #2064, #3123, .T. ) ;
#891 = DIRECTION ( 'NONE',  ( -0.000000000000000000, -1.000000000000000000, -0.000000000000000000 ) ) ;
#892 = EDGE_CURVE ( 'NONE', #2819, #1690, #2867, .T. ) ;
#893 = LINE ( 'NONE', #2924, #1066 ) ;
#894 = AXIS2_PLACEMENT_3D ( 'NONE', #123, #3193, #659 ) ;
#895 = DIRECTION ( 'NONE',  ( 1.000000000000000000, 0.000000000000000000, 0.000000000000000000 ) ) ;
#896 = CARTESIAN_POINT ( 'NONE',  ( -125.7317073170732016, 59.99999999999999289, -99.26829268292686947 ) ) ;
#897 = VECTOR ( 'NONE', #2912, 1000.000000000000000 ) ;
#898 = ORIENTED_EDGE ( 'NONE', *, *, #1335, .T. ) ;
#899 = VERTEX_POINT ( 'NONE', #555 ) ;
#900 = AXIS2_PLACEMENT_3D ( 'NONE', #961, #2770, #1199 ) ;
#901 = ORIENTED_EDGE ( 'NONE', *, *, #2899, .T. ) ;
#902 = CARTESIAN_POINT ( 'NONE',  ( -155.8517241379309439, 25.00000000000000000, 130.1155702346641192 ) ) ;
#903 = VERTEX_POINT ( 'NONE', #2315 ) ;
#904 = AXIS2_PLACEMENT_3D ( 'NONE', #676, #86, #2434 ) ;
#905 = CARTESIAN_POINT ( 'NONE',  ( -81.93277310924362666, 0.000000000000000000, -70.79831932773112158 ) ) ;
#906 = CARTESIAN_POINT ( 'NONE',  ( -85.73170731707317316, 0.000000000000000000, 1.189766442547995573E-14 ) ) ;
#907 = EDGE_CURVE ( 'NONE', #2029, #2405, #2101, .T. ) ;
#908 = CARTESIAN_POINT ( 'NONE',  ( 16.64827586206911292, 0.000000000000000000, 125.1155702346640766 ) ) ;
#909 = AXIS2_PLACEMENT_3D ( 'NONE', #2738, #446, #749 ) ;
#910 = CARTESIAN_POINT ( 'NONE',  ( -168.3517241379309155, 50.00000000000000000, 157.6655702346641021 ) ) ;
#911 = VECTOR ( 'NONE', #1668, 1000.000000000000000 ) ;
#912 = LINE ( 'NONE', #2914, #3020 ) ;
#913 = ADVANCED_FACE ( 'NONE', ( #308 ), #1782, .F. ) ;
#914 = ORIENTED_EDGE ( 'NONE', *, *, #399, .F. ) ;
#915 = LINE ( 'NONE', #2378, #2190 ) ;
#916 = ORIENTED_EDGE ( 'NONE', *, *, #2960, .F. ) ;
#917 = DIRECTION ( 'NONE',  ( 0.000000000000000000, 0.000000000000000000, 1.000000000000000000 ) ) ;
#918 = ORIENTED_EDGE ( 'NONE', *, *, #665, .T. ) ;
#919 = CARTESIAN_POINT ( 'NONE',  ( -131.9327731092436125, -50.00000000000000000, 279.2016806722688784 ) ) ;
#920 = ORIENTED_EDGE ( 'NONE', *, *, #1936, .T. ) ;
#921 = CARTESIAN_POINT ( 'NONE',  ( 16.64827586206911292, 50.00000000000000000, 190.1155702346640624 ) ) ;
#922 = DIRECTION ( 'NONE',  ( 0.000000000000000000, -1.000000000000000000, 0.000000000000000000 ) ) ;
#923 = FACE_OUTER_BOUND ( 'NONE', #1088, .T. ) ;
#924 = CARTESIAN_POINT ( 'NONE',  ( -168.3517241379309155, 0.000000000000000000, 157.6655702346641021 ) ) ;
#925 = ADVANCED_FACE ( 'NONE', ( #252 ), #3073, .F. ) ;
#926 = LINE ( 'NONE', #1164, #2876 ) ;
#927 = CARTESIAN_POINT ( 'NONE',  ( -131.9327731092436125, 50.00000000000000000, -170.7983193277310932 ) ) ;
#928 = EDGE_LOOP ( 'NONE', ( #2334, #1002, #1749, #32 ) ) ;
#929 = CARTESIAN_POINT ( 'NONE',  ( -155.8517241379309439, 25.00000000000000000, 145.1155702346640908 ) ) ;
#930 = EDGE_CURVE ( 'NONE', #1677, #3275, #2812, .T. ) ;
#931 = EDGE_LOOP ( 'NONE', ( #127, #525, #985, #509 ) ) ;
#932 = ORIENTED_EDGE ( 'NONE', *, *, #2258, .F. ) ;
#933 = CARTESIAN_POINT ( 'NONE',  ( -173.3517241379309155, 50.00000000000000000, 125.1155702346641050 ) ) ;
#934 = VERTEX_POINT ( 'NONE', #2831 ) ;
#935 = CARTESIAN_POINT ( 'NONE',  ( -106.9327731092435982, -50.00000000000000000, 279.2016806722688784 ) ) ;
#936 = EDGE_LOOP ( 'NONE', ( #2579, #184 ) ) ;
#937 = LINE ( 'NONE', #3269, #2060 ) ;
#938 = FACE_OUTER_BOUND ( 'NONE', #1175, .T. ) ;
#939 = SHAPE_DEFINITION_REPRESENTATION ( #2702, #606 ) ;
#940 = DIRECTION ( 'NONE',  ( 0.000000000000000000, 0.000000000000000000, -1.000000000000000000 ) ) ;
#941 = CARTESIAN_POINT ( 'NONE',  ( 16.64827586206901699, 75.00000000000001421, -224.8844297653357671 ) ) ;
#942 = ORIENTED_EDGE ( 'NONE', *, *, #1774, .T. ) ;
#943 = CARTESIAN_POINT ( 'NONE',  ( -85.73170731707317316, 130.0000000000000000, 0.7317073170731277498 ) ) ;
#944 = PLANE ( 'NONE',  #110 ) ;
#945 = DIRECTION ( 'NONE',  ( -1.000000000000000000, 0.000000000000000000, -1.040834085586084503E-16 ) ) ;
#946 = EDGE_CURVE ( 'NONE', #852, #1328, #1580, .T. ) ;
#947 = AXIS2_PLACEMENT_3D ( 'NONE', #1231, #187, #957 ) ;
#948 = VECTOR ( 'NONE', #3246, 1000.000000000000000 ) ;
#949 = APPLICATION_CONTEXT ( 'automotive_design' ) ;
#950 = FACE_OUTER_BOUND ( 'NONE', #987, .T. ) ;
#951 = VERTEX_POINT ( 'NONE', #3105 ) ;
#952 = CARTESIAN_POINT ( 'NONE',  ( -88.35172413793101498, 50.00000000000000000, -159.8844297653358808 ) ) ;
#953 = VERTEX_POINT ( 'NONE', #1299 ) ;
#954 = CARTESIAN_POINT ( 'NONE',  ( -75.73170731707320158, 0.000000000000000000, -9.268292682926873027 ) ) ;
#955 = AXIS2_PLACEMENT_3D ( 'NONE', #1027, #552, #2580 ) ;
#956 = CARTESIAN_POINT ( 'NONE',  ( -131.9327731092435840, 0.000000000000000000, -20.79831932773111447 ) ) ;
#957 = DIRECTION ( 'NONE',  ( 1.000000000000000000, 1.040834085586084103E-17, -8.326672684688674053E-17 ) ) ;
#958 = CARTESIAN_POINT ( 'NONE',  ( -68.35172413793090129, 50.00000000000000000, 130.1155702346641192 ) ) ;
#959 = LINE ( 'NONE', #2017, #1928 ) ;
#960 = ORIENTED_EDGE ( 'NONE', *, *, #1856, .T. ) ;
#961 = CARTESIAN_POINT ( 'NONE',  ( -0.8517241379308870819, 25.00000000000000000, -165.8844297653360229 ) ) ;
#962 = DIRECTION ( 'NONE',  ( 6.938893903907257960E-16, 0.000000000000000000, -1.000000000000000000 ) ) ;
#963 = LINE ( 'NONE', #3012, #2675 ) ;
#964 = VERTEX_POINT ( 'NONE', #1531 ) ;
#965 = ADVANCED_FACE ( 'NONE', ( #1316, #1796 ), #1263, .F. ) ;
#966 = PLANE ( 'NONE',  #2132 ) ;
#967 = AXIS2_PLACEMENT_3D ( 'NONE', #671, #973, #1193 ) ;
#968 = VERTEX_POINT ( 'NONE', #804 ) ;
#969 = CARTESIAN_POINT ( 'NONE',  ( -68.35172413793101498, 50.00000000000000000, -159.8844297653359376 ) ) ;
#970 = ORIENTED_EDGE ( 'NONE', *, *, #1572, .T. ) ;
#971 = EDGE_CURVE ( 'NONE', #2419, #1576, #2349, .T. ) ;
#972 = DIRECTION ( 'NONE',  ( -0.000000000000000000, -1.000000000000000000, -0.000000000000000000 ) ) ;
#973 = DIRECTION ( 'NONE',  ( -0.000000000000000000, -0.000000000000000000, -1.000000000000000000 ) ) ;
#974 = DIRECTION ( 'NONE',  ( 0.000000000000000000, 0.000000000000000000, 1.000000000000000000 ) ) ;
#975 = ADVANCED_FACE ( 'NONE', ( #1544 ), #1829, .F. ) ;
#976 = CARTESIAN_POINT ( 'NONE',  ( -106.9327731092435982, 0.000000000000000000, 329.2016806722688216 ) ) ;
#977 = LINE ( 'NONE', #1786, #332 ) ;
#978 = ORIENTED_EDGE ( 'NONE', *, *, #720, .T. ) ;
#979 = VECTOR ( 'NONE', #822, 1000.000000000000000 ) ;
#980 = LINE ( 'NONE', #2803, #739 ) ;
#981 = LINE ( 'NONE', #764, #2572 ) ;
#982 = FACE_OUTER_BOUND ( 'NONE', #1993, .T. ) ;
#983 = DIRECTION ( 'NONE',  ( -1.000000000000000000, 0.000000000000000000, 0.000000000000000000 ) ) ;
#984 = AXIS2_PLACEMENT_3D ( 'NONE', #1104, #1822, #2843 ) ;
#985 = ORIENTED_EDGE ( 'NONE', *, *, #2609, .F. ) ;
#986 = LINE ( 'NONE', #2009, #1229 ) ;
#987 = EDGE_LOOP ( 'NONE', ( #2658, #2709, #2794, #414 ) ) ;
#988 = PLANE ( 'NONE',  #1792 ) ;
#989 = ORIENTED_EDGE ( 'NONE', *, *, #2301, .F. ) ;
#990 = EDGE_CURVE ( 'NONE', #3183, #650, #1281, .T. ) ;
#991 = CARTESIAN_POINT ( 'NONE',  ( 0.000000000000000000, 50.00000000000000000, 0.000000000000000000 ) ) ;
#992 = CARTESIAN_POINT ( 'NONE',  ( 0.000000000000000000, 130.0000000000000000, 0.000000000000000000 ) ) ;
#993 = CARTESIAN_POINT ( 'NONE',  ( -68.35172413793088708, 0.000000000000000000, 190.1155702346641192 ) ) ;
#994 = EDGE_CURVE ( 'NONE', #251, #410, #2849, .T. ) ;
#995 = ORIENTED_EDGE ( 'NONE', *, *, #1975, .T. ) ;
#996 = CARTESIAN_POINT ( 'NONE',  ( -88.35172413793092971, 0.000000000000000000, 125.1155702346640766 ) ) ;
#997 = APPLICATION_CONTEXT ( 'automotive_design' ) ;
#998 = DIRECTION ( 'NONE',  ( 1.000000000000000000, 0.000000000000000000, 5.843279076974507537E-16 ) ) ;
#999 = CARTESIAN_POINT ( 'NONE',  ( -75.73170731707320158, 120.0000000000000000, -99.26829268292686947 ) ) ;
#1000 = ORIENTED_EDGE ( 'NONE', *, *, #3187, .F. ) ;
#1001 = VECTOR ( 'NONE', #3221, 1000.000000000000000 ) ;
#1002 = ORIENTED_EDGE ( 'NONE', *, *, #234, .F. ) ;
#1003 = PRODUCT_DEFINITION_FORMATION_WITH_SPECIFIED_SOURCE ( 'ANY', '', #2256, .NOT_KNOWN. ) ;
#1004 = DIRECTION ( 'NONE',  ( 0.000000000000000000, -0.000000000000000000, 1.000000000000000000 ) ) ;
#1005 = VECTOR ( 'NONE', #2430, 1000.000000000000000 ) ;
#1006 = ORIENTED_EDGE ( 'NONE', *, *, #3089, .F. ) ;
#1007 = DIRECTION ( 'NONE',  ( 0.000000000000000000, 0.000000000000000000, 1.000000000000000000 ) ) ;
#1008 = VECTOR ( 'NONE', #2253, 1000.000000000000000 ) ;
#1009 = VERTEX_POINT ( 'NONE', #3088 ) ;
#1010 = DIRECTION ( 'NONE',  ( -0.000000000000000000, -0.000000000000000000, 1.000000000000000000 ) ) ;
#1011 = VECTOR ( 'NONE', #1050, 1000.000000000000000 ) ;
#1012 = CARTESIAN_POINT ( 'NONE',  ( 939.7706209233131176, 1121.534246301684561, 987.6273441314156116 ) ) ;
#1013 = CARTESIAN_POINT ( 'NONE',  ( -173.3517241379309155, 50.00000000000000000, 195.1155702346640624 ) ) ;
#1014 = ADVANCED_FACE ( 'NONE', ( #39 ), #2597, .F. ) ;
#1015 = CARTESIAN_POINT ( 'NONE',  ( -155.8517241379309439, 25.00000000000000000, 125.1155702346641050 ) ) ;
#1016 = VECTOR ( 'NONE', #2030, 1000.000000000000000 ) ;
#1017 = ORIENTED_EDGE ( 'NONE', *, *, #2816, .F. ) ;
#1018 = FACE_OUTER_BOUND ( 'NONE', #2607, .T. ) ;
#1019 = PLANE ( 'NONE',  #2623 ) ;
#1020 = EDGE_CURVE ( 'NONE', #3045, #3152, #387, .T. ) ;
#1021 = PLANE ( 'NONE',  #1234 ) ;
#1022 = ORIENTED_EDGE ( 'NONE', *, *, #1144, .F. ) ;
#1023 = CIRCLE ( 'NONE', #2897, 10.00000000000000178 ) ;
#1024 = VECTOR ( 'NONE', #1902, 1000.000000000000000 ) ;
#1025 = MECHANICAL_DESIGN_GEOMETRIC_PRESENTATION_REPRESENTATION (  '', ( #2308 ), #2608 ) ;
#1026 = ORIENTED_EDGE ( 'NONE', *, *, #150, .T. ) ;
#1027 = CARTESIAN_POINT ( 'NONE',  ( -75.73170731707320158, 0.000000000000000000, -54.26829268292686947 ) ) ;
#1028 = EDGE_LOOP ( 'NONE', ( #2781, #2288, #1802, #1920 ) ) ;
#1029 = CARTESIAN_POINT ( 'NONE',  ( -173.3517241379310008, 0.000000000000000000, -154.8844297653358808 ) ) ;
#1030 = VECTOR ( 'NONE', #105, 1000.000000000000000 ) ;
#1031 = EDGE_LOOP ( 'NONE', ( #2393, #768 ) ) ;
#1032 = DIRECTION ( 'NONE',  ( 0.000000000000000000, 0.000000000000000000, 1.000000000000000000 ) ) ;
#1033 = APPLICATION_PROTOCOL_DEFINITION ( 'draft international standard', 'automotive_design', 1998, #1976 ) ;
#1034 = DIRECTION ( 'NONE',  ( 3.265361837132816544E-16, 0.000000000000000000, -1.000000000000000000 ) ) ;
#1035 =( LENGTH_UNIT ( ) NAMED_UNIT ( * ) SI_UNIT ( .MILLI., .METRE. ) );
#1036 = EDGE_CURVE ( 'NONE', #1493, #532, #2394, .T. ) ;
#1037 = ORIENTED_EDGE ( 'NONE', *, *, #2141, .T. ) ;
#1038 = LINE ( 'NONE', #315, #1756 ) ;
#1039 = CARTESIAN_POINT ( 'NONE',  ( 11.64827586206910937, 50.00000000000000000, 130.1155702346640908 ) ) ;
#1040 = ADVANCED_FACE ( 'NONE', ( #2886 ), #589, .T. ) ;
#1041 = ORIENTED_EDGE ( 'NONE', *, *, #567, .T. ) ;
#1042 = ORIENTED_EDGE ( 'NONE', *, *, #1425, .F. ) ;
#1043 = CARTESIAN_POINT ( 'NONE',  ( -106.9327731092435982, 0.000000000000000000, 329.2016806722688216 ) ) ;
#1044 = EDGE_LOOP ( 'NONE', ( #871, #1259, #1950, #1855 ) ) ;
#1045 = AXIS2_PLACEMENT_3D ( 'NONE', #1626, #528, #565 ) ;
#1046 = DIRECTION ( 'NONE',  ( -1.000000000000000000, -0.000000000000000000, -0.000000000000000000 ) ) ;
#1047 = VERTEX_POINT ( 'NONE', #2661 ) ;
#1048 = DIRECTION ( 'NONE',  ( 8.540177112501211287E-16, -0.000000000000000000, 1.000000000000000000 ) ) ;
#1049 = SHAPE_DEFINITION_REPRESENTATION ( #648, #264 ) ;
#1050 = DIRECTION ( 'NONE',  ( 0.000000000000000000, 0.000000000000000000, 1.000000000000000000 ) ) ;
#1051 = LINE ( 'NONE', #2854, #1662 ) ;
#1052 = ORIENTED_EDGE ( 'NONE', *, *, #2239, .F. ) ;
#1053 = CARTESIAN_POINT ( 'NONE',  ( -155.8517241379310576, 25.00000000000000000, -154.8844297653358524 ) ) ;
#1054 = PLANE ( 'NONE',  #2097 ) ;
#1055 = LINE ( 'NONE', #1869, #2592 ) ;
#1056 = VECTOR ( 'NONE', #1046, 1000.000000000000000 ) ;
#1057 = ORIENTED_EDGE ( 'NONE', *, *, #812, .T. ) ;
#1058 = EDGE_CURVE ( 'NONE', #38, #2700, #3173, .T. ) ;
#1059 = ORIENTED_EDGE ( 'NONE', *, *, #3270, .F. ) ;
#1060 = ORIENTED_EDGE ( 'NONE', *, *, #765, .F. ) ;
#1061 = PLANE ( 'NONE',  #1923 ) ;
#1062 = ORIENTED_EDGE ( 'NONE', *, *, #3208, .F. ) ;
#1063 = CARTESIAN_POINT ( 'NONE',  ( -70.73170731707321579, -350.0000000000001705, -89.26829268292688369 ) ) ;
#1064 = ORIENTED_EDGE ( 'NONE', *, *, #2179, .F. ) ;
#1065 = DIRECTION ( 'NONE',  ( 0.000000000000000000, 0.000000000000000000, 1.000000000000000000 ) ) ;
#1066 = VECTOR ( 'NONE', #2685, 1000.000000000000000 ) ;
#1067 =( REPRESENTATION_RELATIONSHIP ('NONE','NONE', #606, #264 ) REPRESENTATION_RELATIONSHIP_WITH_TRANSFORMATION ( #2105 )SHAPE_REPRESENTATION_RELATIONSHIP( ) );
#1068 = ORIENTED_EDGE ( 'NONE', *, *, #1087, .F. ) ;
#1069 = DIRECTION ( 'NONE',  ( 1.000000000000000000, 0.000000000000000000, 0.000000000000000000 ) ) ;
#1070 = CARTESIAN_POINT ( 'NONE',  ( -168.3517241379310292, 50.00000000000000000, -187.3844297653358524 ) ) ;
#1071 = DIRECTION ( 'NONE',  ( -1.000000000000000000, 0.000000000000000000, 0.000000000000000000 ) ) ;
#1072 = VECTOR ( 'NONE', #1522, 1000.000000000000000 ) ;
#1073 = ORIENTED_EDGE ( 'NONE', *, *, #1687, .T. ) ;
#1074 = ORIENTED_EDGE ( 'NONE', *, *, #2401, .F. ) ;
#1075 = ORIENTED_EDGE ( 'NONE', *, *, #304, .T. ) ;
#1076 = CARTESIAN_POINT ( 'NONE',  ( 218.0672268907563875, 50.00000000000000000, 429.2016806722688784 ) ) ;
#1077 = VECTOR ( 'NONE', #2407, 1000.000000000000000 ) ;
#1078 = EDGE_CURVE ( 'NONE', #823, #2636, #653, .T. ) ;
#1079 = VECTOR ( 'NONE', #492, 1000.000000000000000 ) ;
#1080 = DIRECTION ( 'NONE',  ( -0.000000000000000000, -0.000000000000000000, 1.000000000000000000 ) ) ;
#1081 = ORIENTED_EDGE ( 'NONE', *, *, #1566, .T. ) ;
#1082 = DIRECTION ( 'NONE',  ( -0.000000000000000000, 1.000000000000000000, -0.000000000000000000 ) ) ;
#1083 = EDGE_CURVE ( 'NONE', #616, #3230, #2950, .T. ) ;
#1084 = PRESENTATION_STYLE_ASSIGNMENT (( #61 ) ) ;
#1085 = DIRECTION ( 'NONE',  ( -1.000000000000000000, -0.000000000000000000, -2.775557561562891351E-16 ) ) ;
#1086 = AXIS2_PLACEMENT_3D ( 'NONE', #623, #889, #2397 ) ;
#1087 = EDGE_CURVE ( 'NONE', #1743, #1905, #1116, .T. ) ;
#1088 = EDGE_LOOP ( 'NONE', ( #2555, #2010, #1074, #1152, #1060, #2076, #1322, #484 ) ) ;
#1089 = DIRECTION ( 'NONE',  ( -1.000000000000000000, 0.000000000000000000, 0.000000000000000000 ) ) ;
#1090 = DIRECTION ( 'NONE',  ( -0.000000000000000000, -1.000000000000000000, -0.000000000000000000 ) ) ;
#1091 = PLANE ( 'NONE',  #1045 ) ;
#1092 = VERTEX_POINT ( 'NONE', #2175 ) ;
#1093 = VERTEX_POINT ( 'NONE', #2679 ) ;
#1094 = ORIENTED_EDGE ( 'NONE', *, *, #1141, .F. ) ;
#1095 = CARTESIAN_POINT ( 'NONE',  ( -106.9327731092435982, -50.00000000000000000, 329.2016806722688216 ) ) ;
#1096 = CARTESIAN_POINT ( 'NONE',  ( 16.64827586206911292, 50.00000000000000000, 157.6155702346640624 ) ) ;
#1097 = ORIENTED_EDGE ( 'NONE', *, *, #2921, .F. ) ;
#1098 = FACE_BOUND ( 'NONE', #869, .T. ) ;
#1099 = FACE_BOUND ( 'NONE', #936, .T. ) ;
#1100 = EDGE_CURVE ( 'NONE', #52, #1760, #2824, .T. ) ;
#1101 = VERTEX_POINT ( 'NONE', #1127 ) ;
#1102 = CARTESIAN_POINT ( 'NONE',  ( 16.64827586206911292, 0.000000000000000000, 195.1155702346640624 ) ) ;
#1103 = LINE ( 'NONE', #1868, #1240 ) ;
#1104 = CARTESIAN_POINT ( 'NONE',  ( -0.8517241379308870819, 25.00000000000000000, -165.8844297653360229 ) ) ;
#1105 = ADVANCED_FACE ( 'NONE', ( #2630 ), #1676, .T. ) ;
#1106 = ORIENTED_EDGE ( 'NONE', *, *, #2774, .T. ) ;
#1107 = PRODUCT_DEFINITION_CONTEXT ( 'detailed design', #655, 'design' ) ;
#1108 = VERTEX_POINT ( 'NONE', #1658 ) ;
#1109 = DIRECTION ( 'NONE',  ( 1.000000000000000000, -0.000000000000000000, 5.843279076974507537E-16 ) ) ;
#1110 = FACE_OUTER_BOUND ( 'NONE', #353, .T. ) ;
#1111 = CARTESIAN_POINT ( 'NONE',  ( 4.148275862069115583, 25.00000000000000000, 125.1155702346640766 ) ) ;
#1112 = DIRECTION ( 'NONE',  ( 1.000000000000000000, -0.000000000000000000, -5.551115123125777969E-15 ) ) ;
#1113 = DIRECTION ( 'NONE',  ( 0.000000000000000000, 1.000000000000000000, 0.000000000000000000 ) ) ;
#1114 = PRODUCT_DEFINITION_FORMATION_WITH_SPECIFIED_SOURCE ( 'ANY', '', #1401, .NOT_KNOWN. ) ;
#1115 = ORIENTED_EDGE ( 'NONE', *, *, #621, .T. ) ;
#1116 = CIRCLE ( 'NONE', #100, 10.00000000000000178 ) ;
#1117 = EDGE_CURVE ( 'NONE', #46, #934, #2424, .T. ) ;
#1118 = LINE ( 'NONE', #349, #2763 ) ;
#1119 = DIRECTION ( 'NONE',  ( -3.265361837132813586E-16, -0.000000000000000000, -1.000000000000000000 ) ) ;
#1120 = VERTEX_POINT ( 'NONE', #2147 ) ;
#1121 = VECTOR ( 'NONE', #2986, 1000.000000000000000 ) ;
#1122 = ADVANCED_FACE ( 'NONE', ( #1110 ), #873, .F. ) ;
#1123 = ORIENTED_EDGE ( 'NONE', *, *, #1833, .T. ) ;
#1124 = ORIENTED_EDGE ( 'NONE', *, *, #1462, .T. ) ;
#1125 = ORIENTED_EDGE ( 'NONE', *, *, #2576, .F. ) ;
#1126 = EDGE_CURVE ( 'NONE', #1704, #199, #1351, .T. ) ;
#1127 = CARTESIAN_POINT ( 'NONE',  ( -150.8517241379310576, 25.00000000000000000, -154.8844297653358524 ) ) ;
#1128 = ORIENTED_EDGE ( 'NONE', *, *, #1818, .F. ) ;
#1129 = APPLICATION_CONTEXT ( 'automotive_design' ) ;
#1130 = DIRECTION ( 'NONE',  ( 0.000000000000000000, 1.000000000000000000, 0.000000000000000000 ) ) ;
#1131 = LINE ( 'NONE', #2151, #118 ) ;
#1132 = AXIS2_PLACEMENT_3D ( 'NONE', #3011, #1752, #2221 ) ;
#1133 = PRESENTATION_LAYER_ASSIGNMENT (  '', '', ( #2728 ) ) ;
#1134 = DIRECTION ( 'NONE',  ( -1.000000000000000000, 0.000000000000000000, 0.000000000000000000 ) ) ;
#1135 = DIRECTION ( 'NONE',  ( 1.000000000000000000, -0.000000000000000000, -1.387778780781445676E-16 ) ) ;
#1136 = VECTOR ( 'NONE', #420, 1000.000000000000000 ) ;
#1137 = EDGE_CURVE ( 'NONE', #3119, #1605, #634, .T. ) ;
#1138 = ORIENTED_EDGE ( 'NONE', *, *, #2656, .F. ) ;
#1139 = CARTESIAN_POINT ( 'NONE',  ( 1.284846087800256905E-13, 0.000000000000000000, -219.8844297653357671 ) ) ;
#1140 = VECTOR ( 'NONE', #2710, 1000.000000000000000 ) ;
#1141 = EDGE_CURVE ( 'NONE', #2898, #726, #620, .T. ) ;
#1142 = VERTEX_POINT ( 'NONE', #1143 ) ;
#1143 = CARTESIAN_POINT ( 'NONE',  ( 268.0672268907563307, 0.000000000000000000, 429.2016806722688784 ) ) ;
#1144 = EDGE_CURVE ( 'NONE', #1775, #2989, #2131, .T. ) ;
#1145 = ORIENTED_EDGE ( 'NONE', *, *, #475, .F. ) ;
#1146 = CARTESIAN_POINT ( 'NONE',  ( -125.7317073170732016, 0.000000000000000000, -59.26829268292688369 ) ) ;
#1147 = CARTESIAN_POINT ( 'NONE',  ( -130.7317073170732158, 0.000000000000000000, -39.26829268292687658 ) ) ;
#1148 = DIRECTION ( 'NONE',  ( 0.000000000000000000, -1.000000000000000000, 0.000000000000000000 ) ) ;
#1149 = CARTESIAN_POINT ( 'NONE',  ( -0.8517241379308870819, 25.00000000000000000, -159.8844297653359376 ) ) ;
#1150 = FACE_OUTER_BOUND ( 'NONE', #2677, .T. ) ;
#1151 = VECTOR ( 'NONE', #2111, 1000.000000000000000 ) ;
#1152 = ORIENTED_EDGE ( 'NONE', *, *, #3108, .F. ) ;
#1153 = CARTESIAN_POINT ( 'NONE',  ( -125.7317073170732016, -350.0000000000001705, -39.26829268292687658 ) ) ;
#1154 = ORIENTED_EDGE ( 'NONE', *, *, #1793, .F. ) ;
#1155 = ORIENTED_EDGE ( 'NONE', *, *, #2059, .F. ) ;
#1156 = EDGE_CURVE ( 'NONE', #2918, #1732, #838, .T. ) ;
#1157 = CARTESIAN_POINT ( 'NONE',  ( 16.64827586206901344, 75.00000000000001421, -219.8844297653357671 ) ) ;
#1158 = ORIENTED_EDGE ( 'NONE', *, *, #2179, .T. ) ;
#1159 = PLANE ( 'NONE',  #811 ) ;
#1160 = EDGE_CURVE ( 'NONE', #2053, #2363, #1878, .T. ) ;
#1161 = DIRECTION ( 'NONE',  ( -1.387778780781445922E-16, 0.000000000000000000, 1.000000000000000000 ) ) ;
#1162 = LINE ( 'NONE', #908, #1222 ) ;
#1163 = CIRCLE ( 'NONE', #894, 4.999999999999976907 ) ;
#1164 = CARTESIAN_POINT ( 'NONE',  ( -68.35172413793088708, 50.00000000000000000, 125.1155702346640766 ) ) ;
#1165 = CARTESIAN_POINT ( 'NONE',  ( -81.93277310924362666, 50.00000000000000000, 429.2016806722688784 ) ) ;
#1166 = EDGE_LOOP ( 'NONE', ( #534, #2386 ) ) ;
#1167 = CARTESIAN_POINT ( 'NONE',  ( -88.35172413793092971, 50.00000000000000000, 125.1155702346640766 ) ) ;
#1168 = VERTEX_POINT ( 'NONE', #146 ) ;
#1169 = VECTOR ( 'NONE', #2982, 1000.000000000000000 ) ;
#1170 = DIRECTION ( 'NONE',  ( -1.000000000000000000, -0.000000000000000000, -0.000000000000000000 ) ) ;
#1171 = ORIENTED_EDGE ( 'NONE', *, *, #2670, .T. ) ;
#1172 = ADVANCED_FACE ( 'NONE', ( #2492 ), #1457, .F. ) ;
#1173 = VECTOR ( 'NONE', #2795, 1000.000000000000000 ) ;
#1174 = CARTESIAN_POINT ( 'NONE',  ( -150.8517241379309723, 25.00000000000000000, 145.1155702346640908 ) ) ;
#1175 = EDGE_LOOP ( 'NONE', ( #1941, #2493, #1964, #2279 ) ) ;
#1176 = CARTESIAN_POINT ( 'NONE',  ( -168.3517241379309155, 50.00000000000000000, 157.6655702346641021 ) ) ;
#1177 = ADVANCED_FACE ( 'NONE', ( #3280 ), #2455, .T. ) ;
#1178 = LINE ( 'NONE', #3220, #1449 ) ;
#1179 = CARTESIAN_POINT ( 'NONE',  ( 11.64827586206910937, 50.00000000000000000, 157.6155702346640624 ) ) ;
#1180 = AXIS2_PLACEMENT_3D ( 'NONE', #2248, #489, #1959 ) ;
#1181 = LINE ( 'NONE', #362, #274 ) ;
#1182 = EDGE_CURVE ( 'NONE', #1328, #161, #165, .T. ) ;
#1183 = VERTEX_POINT ( 'NONE', #714 ) ;
#1184 = CARTESIAN_POINT ( 'NONE',  ( -173.3517241379309155, 50.00000000000000000, 125.1155702346641050 ) ) ;
#1185 = CIRCLE ( 'NONE', #2683, 5.000000000000002665 ) ;
#1186 = EDGE_LOOP ( 'NONE', ( #920, #1000, #2707, #1296 ) ) ;
#1187 = ORIENTED_EDGE ( 'NONE', *, *, #504, .F. ) ;
#1188 = CARTESIAN_POINT ( 'NONE',  ( 218.0672268907563307, 0.000000000000000000, -170.7983193277310647 ) ) ;
#1189 = ORIENTED_EDGE ( 'NONE', *, *, #1649, .F. ) ;
#1190 = CARTESIAN_POINT ( 'NONE',  ( 16.64827586206901344, 75.00000000000001421, -219.8844297653357671 ) ) ;
#1191 = ORIENTED_EDGE ( 'NONE', *, *, #1137, .F. ) ;
#1192 = CARTESIAN_POINT ( 'NONE',  ( -88.35172413793092971, 0.000000000000000000, -154.8844297653358808 ) ) ;
#1193 = DIRECTION ( 'NONE',  ( 1.000000000000000000, 0.000000000000000000, 0.000000000000000000 ) ) ;
#1194 = CARTESIAN_POINT ( 'NONE',  ( 649.1544838409040494, 1121.534246301685016, 1065.247360952273311 ) ) ;
#1195 = CARTESIAN_POINT ( 'NONE',  ( -130.7317073170732158, 99.99999999999998579, -99.26829268292686947 ) ) ;
#1196 = ADVANCED_FACE ( 'NONE', ( #1989 ), #1223, .F. ) ;
#1197 = DIRECTION ( 'NONE',  ( -9.251858538542972814E-17, 0.000000000000000000, -1.000000000000000000 ) ) ;
#1198 = ORIENTED_EDGE ( 'NONE', *, *, #1201, .F. ) ;
#1199 = DIRECTION ( 'NONE',  ( 1.000000000000000000, 0.000000000000000000, 0.000000000000000000 ) ) ;
#1200 = CARTESIAN_POINT ( 'NONE',  ( -130.7317073170732442, 34.99999999999999289, -59.26829268292687658 ) ) ;
#1201 = EDGE_CURVE ( 'NONE', #3170, #2495, #1721, .T. ) ;
#1202 = DIRECTION ( 'NONE',  ( 1.000000000000000000, 0.000000000000000000, 1.387778780781445922E-16 ) ) ;
#1203 = VECTOR ( 'NONE', #2496, 1000.000000000000000 ) ;
#1204 = DIRECTION ( 'NONE',  ( -1.000000000000000000, 0.000000000000000000, 3.469446951953614682E-16 ) ) ;
#1205 = EDGE_LOOP ( 'NONE', ( #3215, #1952, #1145, #2129 ) ) ;
#1206 = DIRECTION ( 'NONE',  ( -1.000000000000000000, -0.000000000000000000, 3.265361837132813093E-16 ) ) ;
#1207 = ORIENTED_EDGE ( 'NONE', *, *, #562, .F. ) ;
#1208 = DIRECTION ( 'NONE',  ( -1.000000000000000000, -0.000000000000000000, -0.000000000000000000 ) ) ;
#1209 = AXIS2_PLACEMENT_3D ( 'NONE', #2280, #21, #3299 ) ;
#1210 = CARTESIAN_POINT ( 'NONE',  ( 0.000000000000000000, 0.000000000000000000, 0.000000000000000000 ) ) ;
#1211 = PRODUCT ( 'base & top', 'base & top', '', ( #1745 ) ) ;
#1212 = LINE ( 'NONE', #2733, #2136 ) ;
#1213 = LINE ( 'NONE', #2523, #3166 ) ;
#1214 = ADVANCED_FACE ( 'NONE', ( #950 ), #666, .F. ) ;
#1215 = ORIENTED_EDGE ( 'NONE', *, *, #2882, .T. ) ;
#1216 = LINE ( 'NONE', #2236, #2347 ) ;
#1217 = LINE ( 'NONE', #2789, #273 ) ;
#1218 = CARTESIAN_POINT ( 'NONE',  ( -131.9327731092435840, 0.000000000000000000, -20.79831932773111447 ) ) ;
#1219 =( GEOMETRIC_REPRESENTATION_CONTEXT ( 3 ) GLOBAL_UNCERTAINTY_ASSIGNED_CONTEXT ( ( #1276 ) ) GLOBAL_UNIT_ASSIGNED_CONTEXT ( ( #3303, #3005, #2520 ) ) REPRESENTATION_CONTEXT ( 'NONE', 'WORKASPACE' ) );
#1220 = EDGE_CURVE ( 'NONE', #1605, #98, #1969, .T. ) ;
#1221 = EDGE_LOOP ( 'NONE', ( #1017, #1904, #1939, #2176 ) ) ;
#1222 = VECTOR ( 'NONE', #1430, 1000.000000000000000 ) ;
#1223 = PLANE ( 'NONE',  #792 ) ;
#1224 = ORIENTED_EDGE ( 'NONE', *, *, #1329, .T. ) ;
#1225 = ADVANCED_FACE ( 'NONE', ( #2994 ), #966, .F. ) ;
#1226 = CARTESIAN_POINT ( 'NONE',  ( -38.35172413793086577, 50.00000000000000000, 195.1155702346640624 ) ) ;
#1227 = ORIENTED_EDGE ( 'NONE', *, *, #3102, .F. ) ;
#1228 = CARTESIAN_POINT ( 'NONE',  ( -70.73170731707321579, 0.000000000000000000, -89.26829268292688369 ) ) ;
#1229 = VECTOR ( 'NONE', #656, 1000.000000000000000 ) ;
#1230 = DIRECTION ( 'NONE',  ( 0.000000000000000000, -1.000000000000000000, 0.000000000000000000 ) ) ;
#1231 = CARTESIAN_POINT ( 'NONE',  ( 1200.617898475050424, 1121.534246301685016, 1066.710775586419686 ) ) ;
#1232 = DIRECTION ( 'NONE',  ( -9.912705577010325549E-17, -0.000000000000000000, -1.000000000000000000 ) ) ;
#1233 = LINE ( 'NONE', #2801, #2043 ) ;
#1234 = AXIS2_PLACEMENT_3D ( 'NONE', #2222, #2257, #2045 ) ;
#1235 = ORIENTED_EDGE ( 'NONE', *, *, #1100, .F. ) ;
#1236 = CARTESIAN_POINT ( 'NONE',  ( -75.73170731707318737, 34.99999999999999289, -59.26829268292686237 ) ) ;
#1237 =( GEOMETRIC_REPRESENTATION_CONTEXT ( 3 ) GLOBAL_UNCERTAINTY_ASSIGNED_CONTEXT ( ( #2879 ) ) GLOBAL_UNIT_ASSIGNED_CONTEXT ( ( #1035, #25, #793 ) ) REPRESENTATION_CONTEXT ( 'NONE', 'WORKASPACE' ) );
#1238 = CARTESIAN_POINT ( 'NONE',  ( 218.0672268907563591, 0.000000000000000000, 279.2016806722689353 ) ) ;
#1239 = CARTESIAN_POINT ( 'NONE',  ( -70.73170731707321579, 0.000000000000000000, -99.26829268292686947 ) ) ;
#1240 = VECTOR ( 'NONE', #2574, 1000.000000000000000 ) ;
#1241 = ORIENTED_EDGE ( 'NONE', *, *, #1970, .T. ) ;
#1242 = DIRECTION ( 'NONE',  ( -0.000000000000000000, -1.000000000000000000, -0.000000000000000000 ) ) ;
#1243 = EDGE_CURVE ( 'NONE', #410, #1690, #2722, .T. ) ;
#1244 = CIRCLE ( 'NONE', #225, 10.00000000000000178 ) ;
#1245 = EDGE_LOOP ( 'NONE', ( #646, #3201, #270, #2079 ) ) ;
#1246 = CARTESIAN_POINT ( 'NONE',  ( 11.64827586206898502, 0.000000000000000000, -159.8844297653359376 ) ) ;
#1247 = ORIENTED_EDGE ( 'NONE', *, *, #1914, .T. ) ;
#1248 = CARTESIAN_POINT ( 'NONE',  ( -88.35172413793092971, 0.000000000000000000, 190.1155702346641192 ) ) ;
#1249 = EDGE_CURVE ( 'NONE', #2436, #2740, #2259, .T. ) ;
#1250 = ORIENTED_EDGE ( 'NONE', *, *, #826, .T. ) ;
#1251 = CARTESIAN_POINT ( 'NONE',  ( -118.3517241379308587, 50.00000000000000000, 190.1155702346640908 ) ) ;
#1252 = CARTESIAN_POINT ( 'NONE',  ( -125.7317073170732016, -350.0000000000001705, -39.26829268292687658 ) ) ;
#1253 = CARTESIAN_POINT ( 'NONE',  ( -70.73170731707321579, 34.99999999999999289, -49.26829268292686237 ) ) ;
#1254 = VERTEX_POINT ( 'NONE', #465 ) ;
#1255 = CARTESIAN_POINT ( 'NONE',  ( -168.3517241379309155, 0.000000000000000000, 130.1155702346641192 ) ) ;
#1256 = CARTESIAN_POINT ( 'NONE',  ( -125.7317073170732016, 0.000000000000000000, -59.26829268292688369 ) ) ;
#1257 = CARTESIAN_POINT ( 'NONE',  ( -125.7317073170732016, 0.000000000000000000, -39.26829268292687658 ) ) ;
#1258 = EDGE_LOOP ( 'NONE', ( #2689, #1042, #1310, #2660 ) ) ;
#1259 = ORIENTED_EDGE ( 'NONE', *, *, #320, .F. ) ;
#1260 = DIRECTION ( 'NONE',  ( -1.000000000000000000, 0.000000000000000000, -1.387778780781445676E-16 ) ) ;
#1261 = ADVANCED_FACE ( 'NONE', ( #3229, #733 ), #2509, .F. ) ;
#1262 = ORIENTED_EDGE ( 'NONE', *, *, #1307, .F. ) ;
#1263 = PLANE ( 'NONE',  #2071 ) ;
#1264 = ORIENTED_EDGE ( 'NONE', *, *, #1387, .T. ) ;
#1265 = CARTESIAN_POINT ( 'NONE',  ( 11.64827586206898502, 50.00000000000000000, -159.8844297653359376 ) ) ;
#1266 = EDGE_CURVE ( 'NONE', #3298, #2798, #1579, .T. ) ;
#1267 = CARTESIAN_POINT ( 'NONE',  ( 1200.617898475050424, 1121.534246301685016, 966.7107755864194587 ) ) ;
#1268 = CARTESIAN_POINT ( 'NONE',  ( -0.8517241379308870819, 25.00000000000000000, -165.8844297653360229 ) ) ;
#1269 = LINE ( 'NONE', #3042, #803 ) ;
#1270 = ORIENTED_EDGE ( 'NONE', *, *, #286, .F. ) ;
#1271 = PLANE ( 'NONE',  #3097 ) ;
#1272 = CARTESIAN_POINT ( 'NONE',  ( -125.7317073170732016, 10.00000000000001599, 0.7317073170731297482 ) ) ;
#1273 = PRODUCT_DEFINITION_SHAPE ( 'NONE', 'NONE',  #3312 ) ;
#1274 = DIRECTION ( 'NONE',  ( 0.000000000000000000, 0.000000000000000000, -1.000000000000000000 ) ) ;
#1275 = EDGE_LOOP ( 'NONE', ( #292, #2471, #1509, #1250 ) ) ;
#1276 = UNCERTAINTY_MEASURE_WITH_UNIT (LENGTH_MEASURE( 1.000000000000000082E-05 ), #3303, 'distance_accuracy_value', 'NONE');
#1277 = EDGE_LOOP ( 'NONE', ( #2344, #2787, #1990, #2948 ) ) ;
#1278 = LINE ( 'NONE', #54, #798 ) ;
#1279 = AXIS2_PLACEMENT_3D ( 'NONE', #324, #1364, #885 ) ;
#1280 = EDGE_LOOP ( 'NONE', ( #35, #2189, #477, #1247 ) ) ;
#1281 = LINE ( 'NONE', #2296, #1056 ) ;
#1282 = ADVANCED_FACE ( 'NONE', ( #680, #413 ), #1438, .F. ) ;
#1283 = ORIENTED_EDGE ( 'NONE', *, *, #3083, .T. ) ;
#1284 = LINE ( 'NONE', #3125, #2578 ) ;
#1285 = VECTOR ( 'NONE', #188, 1000.000000000000000 ) ;
#1286 = SHAPE_DEFINITION_REPRESENTATION ( #195, #3043 ) ;
#1287 = DIRECTION ( 'NONE',  ( -1.000000000000000000, -0.000000000000000000, -1.387778780781445922E-16 ) ) ;
#1288 = CARTESIAN_POINT ( 'NONE',  ( -130.7317073170732158, 0.000000000000000000, -99.26829268292686947 ) ) ;
#1289 = EDGE_CURVE ( 'NONE', #436, #1360, #1953, .T. ) ;
#1290 = VERTEX_POINT ( 'NONE', #447 ) ;
#1291 = DIRECTION ( 'NONE',  ( -0.000000000000000000, -1.000000000000000000, -0.000000000000000000 ) ) ;
#1292 = CARTESIAN_POINT ( 'NONE',  ( -68.35172413793101498, 50.00000000000000000, -159.8844297653359376 ) ) ;
#1293 = EDGE_CURVE ( 'NONE', #1393, #2436, #1473, .T. ) ;
#1294 = VERTEX_POINT ( 'NONE', #601 ) ;
#1295 = VECTOR ( 'NONE', #998, 1000.000000000000000 ) ;
#1296 = ORIENTED_EDGE ( 'NONE', *, *, #320, .T. ) ;
#1297 = LINE ( 'NONE', #1807, #421 ) ;
#1298 = ORIENTED_EDGE ( 'NONE', *, *, #2692, .F. ) ;
#1299 = CARTESIAN_POINT ( 'NONE',  ( -88.35172413793091550, 50.00000000000000000, 130.1155702346641476 ) ) ;
#1300 = VECTOR ( 'NONE', #1065, 1000.000000000000000 ) ;
#1301 = ORIENTED_EDGE ( 'NONE', *, *, #2437, .F. ) ;
#1302 = LINE ( 'NONE', #59, #2255 ) ;
#1303 = ADVANCED_FACE ( 'NONE', ( #2860, #1343 ), #1091, .F. ) ;
#1304 = DIRECTION ( 'NONE',  ( -1.000000000000000000, 0.000000000000000000, 0.000000000000000000 ) ) ;
#1305 = ORIENTED_EDGE ( 'NONE', *, *, #1932, .T. ) ;
#1306 = CARTESIAN_POINT ( 'NONE',  ( 16.64827586206898857, 0.000000000000000000, -187.3844297653359092 ) ) ;
#1307 = EDGE_CURVE ( 'NONE', #551, #3152, #1573, .T. ) ;
#1308 = CARTESIAN_POINT ( 'NONE',  ( 218.0672268907563875, 50.00000000000000000, 429.2016806722688784 ) ) ;
#1309 = DIRECTION ( 'NONE',  ( 0.000000000000000000, 0.000000000000000000, 1.000000000000000000 ) ) ;
#1310 = ORIENTED_EDGE ( 'NONE', *, *, #2220, .F. ) ;
#1311 = EDGE_CURVE ( 'NONE', #1092, #1743, #1588, .T. ) ;
#1312 = ORIENTED_EDGE ( 'NONE', *, *, #3300, .F. ) ;
#1313 = DIRECTION ( 'NONE',  ( -1.734723475976807094E-16, 0.000000000000000000, 1.000000000000000000 ) ) ;
#1314 = ORIENTED_EDGE ( 'NONE', *, *, #2651, .F. ) ;
#1315 = VECTOR ( 'NONE', #317, 1000.000000000000000 ) ;
#1316 = FACE_BOUND ( 'NONE', #1545, .T. ) ;
#1317 = ORIENTED_EDGE ( 'NONE', *, *, #625, .F. ) ;
#1318 = DIRECTION ( 'NONE',  ( -1.000000000000000000, 0.000000000000000000, -0.000000000000000000 ) ) ;
#1319 = CONTEXT_DEPENDENT_SHAPE_REPRESENTATION ( #3242, #3004 ) ;
#1320 =( NAMED_UNIT ( * ) PLANE_ANGLE_UNIT ( ) SI_UNIT ( $, .RADIAN. ) );
#1321 = DIRECTION ( 'NONE',  ( 0.000000000000000000, -0.000000000000000000, 1.000000000000000000 ) ) ;
#1322 = ORIENTED_EDGE ( 'NONE', *, *, #2609, .T. ) ;
#1323 = CARTESIAN_POINT ( 'NONE',  ( -168.3517241379309155, 50.00000000000000000, 130.1155702346641192 ) ) ;
#1324 = CARTESIAN_POINT ( 'NONE',  ( -81.93277310924362666, 50.00000000000000000, -170.7983193277310932 ) ) ;
#1325 = DIRECTION ( 'NONE',  ( 1.387778780781445676E-16, 0.000000000000000000, 1.000000000000000000 ) ) ;
#1326 = CARTESIAN_POINT ( 'NONE',  ( -68.35172413793090129, 50.00000000000000000, 130.1155702346641192 ) ) ;
#1327 = EDGE_CURVE ( 'NONE', #199, #1642, #2359, .T. ) ;
#1328 = VERTEX_POINT ( 'NONE', #83 ) ;
#1329 = EDGE_CURVE ( 'NONE', #2363, #2144, #1055, .T. ) ;
#1330 = EDGE_LOOP ( 'NONE', ( #268, #1191, #1413, #2548, #2381, #766, #2769, #2096, #2596, #914, #1948, #249 ) ) ;
#1331 = CARTESIAN_POINT ( 'NONE',  ( -70.73170731707321579, -350.0000000000001705, -89.26829268292688369 ) ) ;
#1332 = AXIS2_PLACEMENT_3D ( 'NONE', #1149, #2168, #895 ) ;
#1333 = CARTESIAN_POINT ( 'NONE',  ( -75.73170731707318737, 34.99999999999999289, -39.26829268292685526 ) ) ;
#1334 = CARTESIAN_POINT ( 'NONE',  ( -168.3517241379309155, 50.00000000000000000, 130.1155702346641192 ) ) ;
#1335 = EDGE_CURVE ( 'NONE', #1885, #1605, #2375, .T. ) ;
#1336 = DIRECTION ( 'NONE',  ( 1.000000000000000000, -0.000000000000000000, -0.000000000000000000 ) ) ;
#1337 = VECTOR ( 'NONE', #2788, 1000.000000000000000 ) ;
#1338 = LINE ( 'NONE', #2069, #1865 ) ;
#1339 = CARTESIAN_POINT ( 'NONE',  ( -88.35172413793091550, 50.00000000000000000, 130.1155702346641476 ) ) ;
#1340 = EDGE_LOOP ( 'NONE', ( #702, #1894, #471, #2541 ) ) ;
#1341 = DIRECTION ( 'NONE',  ( -1.000000000000000000, 0.000000000000000000, 0.000000000000000000 ) ) ;
#1342 = LINE ( 'NONE', #1039, #1980 ) ;
#1343 = FACE_OUTER_BOUND ( 'NONE', #22, .T. ) ;
#1344 = VECTOR ( 'NONE', #450, 1000.000000000000000 ) ;
#1345 = ORIENTED_EDGE ( 'NONE', *, *, #2774, .F. ) ;
#1346 = ORIENTED_EDGE ( 'NONE', *, *, #2215, .F. ) ;
#1347 = DIRECTION ( 'NONE',  ( 1.000000000000000000, 0.000000000000000000, -0.000000000000000000 ) ) ;
#1348 = VECTOR ( 'NONE', #1202, 1000.000000000000000 ) ;
#1349 = EDGE_CURVE ( 'NONE', #2900, #3025, #3146, .T. ) ;
#1350 = VECTOR ( 'NONE', #139, 1000.000000000000000 ) ;
#1351 = LINE ( 'NONE', #1893, #2664 ) ;
#1352 = ORIENTED_EDGE ( 'NONE', *, *, #2242, .T. ) ;
#1353 = LINE ( 'NONE', #1146, #1405 ) ;
#1354 = ADVANCED_FACE ( 'NONE', ( #2324 ), #96, .F. ) ;
#1355 = SURFACE_STYLE_USAGE ( .BOTH. , #2121 ) ;
#1356 = ORIENTED_EDGE ( 'NONE', *, *, #2330, .F. ) ;
#1357 = LINE ( 'NONE', #778, #3044 ) ;
#1358 = CARTESIAN_POINT ( 'NONE',  ( -130.7317073170732158, 99.99999999999998579, -99.26829268292686947 ) ) ;
#1359 = DIRECTION ( 'NONE',  ( -1.000000000000000000, 0.000000000000000000, 0.000000000000000000 ) ) ;
#1360 = VERTEX_POINT ( 'NONE', #2140 ) ;
#1361 = ORIENTED_EDGE ( 'NONE', *, *, #171, .T. ) ;
#1362 = ORIENTED_EDGE ( 'NONE', *, *, #1160, .T. ) ;
#1363 = CARTESIAN_POINT ( 'NONE',  ( -168.3517241379310292, 50.00000000000000000, -159.8844297653358808 ) ) ;
#1364 = DIRECTION ( 'NONE',  ( 0.000000000000000000, 1.000000000000000000, -0.000000000000000000 ) ) ;
#1365 = ORIENTED_EDGE ( 'NONE', *, *, #344, .F. ) ;
#1366 = ADVANCED_FACE ( 'NONE', ( #3163 ), #2822, .F. ) ;
#1367 = CARTESIAN_POINT ( 'NONE',  ( 268.0672268907563307, 50.00000000000000000, -170.7983193277310932 ) ) ;
#1368 = CARTESIAN_POINT ( 'NONE',  ( -131.9327731092436125, 0.000000000000000000, -170.7983193277310932 ) ) ;
#1369 = VECTOR ( 'NONE', #239, 1000.000000000000000 ) ;
#1370 = PLANE ( 'NONE',  #2305 ) ;
#1371 = EDGE_CURVE ( 'NONE', #5, #2695, #30, .T. ) ;
#1372 = ORIENTED_EDGE ( 'NONE', *, *, #3019, .F. ) ;
#1373 = FACE_OUTER_BOUND ( 'NONE', #2312, .T. ) ;
#1374 = CARTESIAN_POINT ( 'NONE',  ( -88.35172413793092971, 50.00000000000000000, 125.1155702346640766 ) ) ;
#1375 = CARTESIAN_POINT ( 'NONE',  ( 218.0672268907563591, 0.000000000000000000, -2.017527135085632105E-14 ) ) ;
#1376 = ORIENTED_EDGE ( 'NONE', *, *, #2564, .F. ) ;
#1377 = ORIENTED_EDGE ( 'NONE', *, *, #2859, .F. ) ;
#1378 = DIRECTION ( 'NONE',  ( 0.000000000000000000, -1.000000000000000000, 0.000000000000000000 ) ) ;
#1379 = EDGE_LOOP ( 'NONE', ( #652, #1436, #384, #2484 ) ) ;
#1380 = CARTESIAN_POINT ( 'NONE',  ( -160.8517241379309439, 25.00000000000000000, 125.1155702346641050 ) ) ;
#1381 = PLANE ( 'NONE',  #312 ) ;
#1382 = LINE ( 'NONE', #1399, #1005 ) ;
#1383 = FACE_OUTER_BOUND ( 'NONE', #2951, .T. ) ;
#1384 = ORIENTED_EDGE ( 'NONE', *, *, #2688, .F. ) ;
#1385 = AXIS2_PLACEMENT_3D ( 'NONE', #2976, #2241, #1738 ) ;
#1386 = CARTESIAN_POINT ( 'NONE',  ( -168.3517241379309155, 50.00000000000000000, 130.1155702346641192 ) ) ;
#1387 = EDGE_CURVE ( 'NONE', #1503, #297, #3131, .T. ) ;
#1388 = CARTESIAN_POINT ( 'NONE',  ( -50.73170731707325842, 34.99999999999999289, -49.26829268292685526 ) ) ;
#1389 = EDGE_LOOP ( 'NONE', ( #2252, #2433, #3156, #1075 ) ) ;
#1390 = ADVANCED_FACE ( 'NONE', ( #1854 ), #797, .F. ) ;
#1391 = LINE ( 'NONE', #1139, #1077 ) ;
#1392 = AXIS2_PLACEMENT_3D ( 'NONE', #1043, #2313, #19 ) ;
#1393 = VERTEX_POINT ( 'NONE', #2126 ) ;
#1394 = DIRECTION ( 'NONE',  ( -1.000000000000000000, 0.000000000000000000, -6.938893903907257960E-16 ) ) ;
#1395 = ORIENTED_EDGE ( 'NONE', *, *, #1747, .F. ) ;
#1396 = VECTOR ( 'NONE', #2238, 1000.000000000000000 ) ;
#1397 = LINE ( 'NONE', #356, #2731 ) ;
#1398 = CARTESIAN_POINT ( 'NONE',  ( -173.3517241379309155, 50.00000000000000000, 157.6655702346641306 ) ) ;
#1399 = CARTESIAN_POINT ( 'NONE',  ( -130.7317073170732158, 0.000000000000000000, -99.26829268292686947 ) ) ;
#1400 = AXIS2_PLACEMENT_3D ( 'NONE', #2022, #2557, #210 ) ;
#1401 = PRODUCT ( 'vertical frame', 'vertical frame', '', ( #2851 ) ) ;
#1402 = CARTESIAN_POINT ( 'NONE',  ( -131.9327731092436125, 0.000000000000000000, -170.7983193277310932 ) ) ;
#1403 = CARTESIAN_POINT ( 'NONE',  ( -125.7317073170732016, 0.000000000000000000, -9.268292682926878356 ) ) ;
#1404 = DIRECTION ( 'NONE',  ( 0.000000000000000000, 1.000000000000000000, 0.000000000000000000 ) ) ;
#1405 = VECTOR ( 'NONE', #389, 1000.000000000000000 ) ;
#1406 = ADVANCED_FACE ( 'NONE', ( #547 ), #2591, .F. ) ;
#1407 = ORIENTED_EDGE ( 'NONE', *, *, #890, .F. ) ;
#1408 = DIRECTION ( 'NONE',  ( -0.000000000000000000, -1.000000000000000000, -0.000000000000000000 ) ) ;
#1409 = ORIENTED_EDGE ( 'NONE', *, *, #358, .T. ) ;
#1410 = ORIENTED_EDGE ( 'NONE', *, *, #1036, .T. ) ;
#1411 = ADVANCED_FACE ( 'NONE', ( #2342 ), #49, .F. ) ;
#1412 = CARTESIAN_POINT ( 'NONE',  ( -173.3517241379310008, 75.00000000000001421, -219.8844297653358808 ) ) ;
#1413 = ORIENTED_EDGE ( 'NONE', *, *, #2506, .T. ) ;
#1414 = CIRCLE ( 'NONE', #1995, 5.000000000000002665 ) ;
#1415 = CARTESIAN_POINT ( 'NONE',  ( -68.35172413793088708, 50.00000000000000000, 125.1155702346640766 ) ) ;
#1416 = FACE_OUTER_BOUND ( 'NONE', #267, .T. ) ;
#1417 = CARTESIAN_POINT ( 'NONE',  ( -173.3517241379310292, 50.00000000000000000, -187.3844297653358524 ) ) ;
#1418 = CARTESIAN_POINT ( 'NONE',  ( 11.64827586206898502, 0.000000000000000000, -187.3844297653359092 ) ) ;
#1419 = DIRECTION ( 'NONE',  ( -0.000000000000000000, -1.000000000000000000, -0.000000000000000000 ) ) ;
#1420 = ORIENTED_EDGE ( 'NONE', *, *, #2224, .T. ) ;
#1421 = LINE ( 'NONE', #1184, #3051 ) ;
#1422 = ORIENTED_EDGE ( 'NONE', *, *, #1371, .T. ) ;
#1423 = EDGE_CURVE ( 'NONE', #337, #287, #1608, .T. ) ;
#1424 = CARTESIAN_POINT ( 'NONE',  ( 16.64827586206911292, 50.00000000000000000, 195.1155702346640624 ) ) ;
#1425 = EDGE_CURVE ( 'NONE', #3196, #2439, #3207, .T. ) ;
#1426 = ORIENTED_EDGE ( 'NONE', *, *, #3132, .T. ) ;
#1427 = FACE_OUTER_BOUND ( 'NONE', #2067, .T. ) ;
#1428 = CARTESIAN_POINT ( 'NONE',  ( -130.7317073170732158, -350.0000000000001705, -59.26829268292688369 ) ) ;
#1429 = EDGE_CURVE ( 'NONE', #303, #903, #912, .T. ) ;
#1430 = DIRECTION ( 'NONE',  ( -0.000000000000000000, -0.000000000000000000, -1.000000000000000000 ) ) ;
#1431 = CIRCLE ( 'NONE', #1332, 5.000000000000002665 ) ;
#1432 = DIRECTION ( 'NONE',  ( 0.000000000000000000, -0.000000000000000000, 1.000000000000000000 ) ) ;
#1433 = CARTESIAN_POINT ( 'NONE',  ( 16.64827586206911292, 50.00000000000000000, 190.1155702346640624 ) ) ;
#1434 = ORIENTED_EDGE ( 'NONE', *, *, #3132, .F. ) ;
#1435 = LINE ( 'NONE', #2452, #855 ) ;
#1436 = ORIENTED_EDGE ( 'NONE', *, *, #1839, .F. ) ;
#1437 = VECTOR ( 'NONE', #24, 1000.000000000000000 ) ;
#1438 = PLANE ( 'NONE',  #2003 ) ;
#1439 = EDGE_LOOP ( 'NONE', ( #143, #1644, #1052, #1224 ) ) ;
#1440 = VECTOR ( 'NONE', #2080, 1000.000000000000000 ) ;
#1441 = LINE ( 'NONE', #1226, #867 ) ;
#1442 = EDGE_CURVE ( 'NONE', #3298, #2082, #1451, .T. ) ;
#1443 = ORIENTED_EDGE ( 'NONE', *, *, #438, .T. ) ;
#1444 = LINE ( 'NONE', #1192, #1203 ) ;
#1445 = DIRECTION ( 'NONE',  ( 0.000000000000000000, 0.000000000000000000, 1.000000000000000000 ) ) ;
#1446 = EDGE_CURVE ( 'NONE', #872, #2700, #2469, .T. ) ;
#1447 = DIRECTION ( 'NONE',  ( 2.775557561562891351E-17, 0.000000000000000000, 1.000000000000000222 ) ) ;
#1448 = LINE ( 'NONE', #1252, #1121 ) ;
#1449 = VECTOR ( 'NONE', #2497, 1000.000000000000000 ) ;
#1450 = AXIS2_PLACEMENT_3D ( 'NONE', #1253, #2232, #260 ) ;
#1451 = LINE ( 'NONE', #1640, #2461 ) ;
#1452 = PRESENTATION_LAYER_ASSIGNMENT (  '', '', ( #2308 ) ) ;
#1453 = ORIENTED_EDGE ( 'NONE', *, *, #2605, .F. ) ;
#1454 = LINE ( 'NONE', #1685, #371 ) ;
#1455 = VECTOR ( 'NONE', #807, 1000.000000000000000 ) ;
#1456 = DIRECTION ( 'NONE',  ( -1.000000000000000000, 0.000000000000000000, 0.000000000000000000 ) ) ;
#1457 = PLANE ( 'NONE',  #1697 ) ;
#1458 = EDGE_LOOP ( 'NONE', ( #3286, #1235, #3267, #1794 ) ) ;
#1459 = CARTESIAN_POINT ( 'NONE',  ( 16.64827586206911292, 50.00000000000000000, 190.1155702346640624 ) ) ;
#1460 = VERTEX_POINT ( 'NONE', #174 ) ;
#1461 = DIRECTION ( 'NONE',  ( -0.000000000000000000, -0.000000000000000000, -1.000000000000000000 ) ) ;
#1462 = EDGE_CURVE ( 'NONE', #1638, #88, #423, .T. ) ;
#1463 = FACE_OUTER_BOUND ( 'NONE', #754, .T. ) ;
#1464 = PLANE ( 'NONE',  #2450 ) ;
#1465 = LINE ( 'NONE', #3061, #2518 ) ;
#1466 = EDGE_CURVE ( 'NONE', #2631, #1889, #2418, .T. ) ;
#1467 = ORIENTED_EDGE ( 'NONE', *, *, #2166, .F. ) ;
#1468 = LINE ( 'NONE', #1485, #323 ) ;
#1469 = PLANE ( 'NONE',  #1557 ) ;
#1470 = CARTESIAN_POINT ( 'NONE',  ( -81.93277310924362666, 50.00000000000000000, -170.7983193277310932 ) ) ;
#1471 = EDGE_CURVE ( 'NONE', #1762, #1328, #1181, .T. ) ;
#1472 = VERTEX_POINT ( 'NONE', #2186 ) ;
#1473 = LINE ( 'NONE', #1838, #880 ) ;
#1474 = ORIENTED_EDGE ( 'NONE', *, *, #1144, .T. ) ;
#1475 = CARTESIAN_POINT ( 'NONE',  ( -125.7317073170732016, 0.000000000000000000, -54.26829268292687658 ) ) ;
#1476 = ORIENTED_EDGE ( 'NONE', *, *, #1293, .F. ) ;
#1477 = CARTESIAN_POINT ( 'NONE',  ( -88.35172413793091550, 50.00000000000000000, 130.1155702346641476 ) ) ;
#1478 = VECTOR ( 'NONE', #1561, 1000.000000000000000 ) ;
#1479 = LINE ( 'NONE', #3002, #2901 ) ;
#1480 = DIRECTION ( 'NONE',  ( -1.000000000000000000, -5.551115123125782702E-17, 2.160413078075278453E-17 ) ) ;
#1481 = PLANE ( 'NONE',  #685 ) ;
#1482 = CARTESIAN_POINT ( 'NONE',  ( 11.64827586206898502, 50.00000000000000000, -187.3844297653359092 ) ) ;
#1483 = VERTEX_POINT ( 'NONE', #879 ) ;
#1484 = AXIS2_PLACEMENT_3D ( 'NONE', #2956, #940, #227 ) ;
#1485 = CARTESIAN_POINT ( 'NONE',  ( 16.64827586206911292, 0.000000000000000000, 190.1155702346640624 ) ) ;
#1486 = EDGE_CURVE ( 'NONE', #1903, #1503, #2971, .T. ) ;
#1487 = PLANE ( 'NONE',  #1132 ) ;
#1488 = LINE ( 'NONE', #179, #482 ) ;
#1489 = EDGE_LOOP ( 'NONE', ( #2377, #1365, #1207, #777 ) ) ;
#1490 = ADVANCED_FACE ( 'NONE', ( #1933 ), #2957, .F. ) ;
#1491 = VECTOR ( 'NONE', #121, 1000.000000000000000 ) ;
#1492 = DIRECTION ( 'NONE',  ( 0.000000000000000000, 0.000000000000000000, 1.000000000000000000 ) ) ;
#1493 = VERTEX_POINT ( 'NONE', #1683 ) ;
#1494 = PLANE ( 'NONE',  #2941 ) ;
#1495 = VERTEX_POINT ( 'NONE', #1696 ) ;
#1496 = DIRECTION ( 'NONE',  ( -0.000000000000000000, -0.000000000000000000, 1.000000000000000000 ) ) ;
#1497 = ORIENTED_EDGE ( 'NONE', *, *, #930, .F. ) ;
#1498 = VECTOR ( 'NONE', #755, 1000.000000000000000 ) ;
#1499 = LINE ( 'NONE', #2465, #1718 ) ;
#1500 = LINE ( 'NONE', #3039, #1604 ) ;
#1501 = LINE ( 'NONE', #941, #2624 ) ;
#1502 = AXIS2_PLACEMENT_3D ( 'NONE', #677, #3278, #945 ) ;
#1503 = VERTEX_POINT ( 'NONE', #615 ) ;
#1504 = CYLINDRICAL_SURFACE ( 'NONE', #900, 5.000000000000002665 ) ;
#1505 = AXIS2_PLACEMENT_3D ( 'NONE', #674, #660, #2687 ) ;
#1506 = DIRECTION ( 'NONE',  ( -1.000000000000000000, 0.000000000000000000, -9.251858538542973800E-16 ) ) ;
#1507 = CARTESIAN_POINT ( 'NONE',  ( -150.8517241379310576, 25.00000000000000000, -159.8844297653358524 ) ) ;
#1508 = EDGE_CURVE ( 'NONE', #451, #616, #2716, .T. ) ;
#1509 = ORIENTED_EDGE ( 'NONE', *, *, #1689, .F. ) ;
#1510 = VECTOR ( 'NONE', #539, 1000.000000000000000 ) ;
#1511 = ADVANCED_FACE ( 'NONE', ( #1150 ), #158, .T. ) ;
#1512 = EDGE_LOOP ( 'NONE', ( #633, #177, #16, #2893 ) ) ;
#1513 = DIRECTION ( 'NONE',  ( -0.000000000000000000, -1.000000000000000000, -0.000000000000000000 ) ) ;
#1514 = ORIENTED_EDGE ( 'NONE', *, *, #853, .F. ) ;
#1515 = DIRECTION ( 'NONE',  ( 1.000000000000000000, -0.000000000000000000, 0.000000000000000000 ) ) ;
#1516 = ORIENTED_EDGE ( 'NONE', *, *, #2401, .T. ) ;
#1517 = CARTESIAN_POINT ( 'NONE',  ( -70.73170731707321579, 0.000000000000000000, -99.26829268292686947 ) ) ;
#1518 = SHAPE_REPRESENTATION_RELATIONSHIP ( 'NONE' , 'NONE' ,  #264, #2693 ) ;
#1519 = DIRECTION ( 'NONE',  ( -1.000000000000000000, -0.000000000000000000, -0.000000000000000000 ) ) ;
#1520 = DIRECTION ( 'NONE',  ( -0.000000000000000000, -0.000000000000000000, -1.000000000000000000 ) ) ;
#1521 = EDGE_LOOP ( 'NONE', ( #516, #213 ) ) ;
#1522 = DIRECTION ( 'NONE',  ( -0.000000000000000000, -0.000000000000000000, 1.000000000000000000 ) ) ;
#1523 = FACE_OUTER_BOUND ( 'NONE', #734, .T. ) ;
#1524 = FACE_OUTER_BOUND ( 'NONE', #1574, .T. ) ;
#1525 = ORIENTED_EDGE ( 'NONE', *, *, #128, .F. ) ;
#1526 = ADVANCED_FACE ( 'NONE', ( #407 ), #2655, .F. ) ;
#1527 = ORIENTED_EDGE ( 'NONE', *, *, #1349, .T. ) ;
#1528 = LINE ( 'NONE', #3297, #1173 ) ;
#1529 = ADVANCED_FACE ( 'NONE', ( #2217 ), #866, .F. ) ;
#1530 = VERTEX_POINT ( 'NONE', #1888 ) ;
#1531 = CARTESIAN_POINT ( 'NONE',  ( -130.7317073170732158, 0.000000000000000000, -39.26829268292687658 ) ) ;
#1532 = ORIENTED_EDGE ( 'NONE', *, *, #994, .F. ) ;
#1533 = PLANE ( 'NONE',  #2845 ) ;
#1534 = ITEM_DEFINED_TRANSFORMATION ( 'NONE', 'NONE', #947,  #411 ) ;
#1535 = DIRECTION ( 'NONE',  ( 1.000000000000000000, -0.000000000000000000, 3.469446951953613696E-16 ) ) ;
#1536 = ORIENTED_EDGE ( 'NONE', *, *, #2145, .F. ) ;
#1537 = DIRECTION ( 'NONE',  ( 0.000000000000000000, 0.000000000000000000, -1.000000000000000000 ) ) ;
#1538 = DIRECTION ( 'NONE',  ( -1.000000000000000000, -0.000000000000000000, -0.000000000000000000 ) ) ;
#1539 = VERTEX_POINT ( 'NONE', #2671 ) ;
#1540 = ORIENTED_EDGE ( 'NONE', *, *, #3108, .T. ) ;
#1541 = LINE ( 'NONE', #250, #55 ) ;
#1542 = AXIS2_PLACEMENT_3D ( 'NONE', #198, #983, #1492 ) ;
#1543 = VERTEX_POINT ( 'NONE', #1946 ) ;
#1544 = FACE_OUTER_BOUND ( 'NONE', #3106, .T. ) ;
#1545 = EDGE_LOOP ( 'NONE', ( #368, #2625 ) ) ;
#1546 = ADVANCED_FACE ( 'NONE', ( #2404 ), #378, .T. ) ;
#1547 = DIRECTION ( 'NONE',  ( -0.000000000000000000, 1.000000000000000000, -0.000000000000000000 ) ) ;
#1548 = AXIS2_PLACEMENT_3D ( 'NONE', #992, #3289, #3253 ) ;
#1549 =( NAMED_UNIT ( * ) SI_UNIT ( $, .STERADIAN. ) SOLID_ANGLE_UNIT ( ) );
#1550 = LINE ( 'NONE', #2818, #3116 ) ;
#1551 = EDGE_CURVE ( 'NONE', #3198, #1393, #1918, .T. ) ;
#1552 = ORIENTED_EDGE ( 'NONE', *, *, #2750, .F. ) ;
#1553 = DIRECTION ( 'NONE',  ( 0.000000000000000000, 0.000000000000000000, -1.000000000000000000 ) ) ;
#1554 = CARTESIAN_POINT ( 'NONE',  ( -88.35172413793101498, 50.00000000000000000, -159.8844297653358808 ) ) ;
#1555 = DIRECTION ( 'NONE',  ( -0.000000000000000000, -1.000000000000000000, -0.000000000000000000 ) ) ;
#1556 = ORIENTED_EDGE ( 'NONE', *, *, #1423, .T. ) ;
#1557 = AXIS2_PLACEMENT_3D ( 'NONE', #1256, #2804, #3277 ) ;
#1558 = ORIENTED_EDGE ( 'NONE', *, *, #412, .T. ) ;
#1559 = DIRECTION ( 'NONE',  ( 1.000000000000000000, 0.000000000000000000, 0.000000000000000000 ) ) ;
#1560 = ORIENTED_EDGE ( 'NONE', *, *, #1992, .F. ) ;
#1561 = DIRECTION ( 'NONE',  ( 0.000000000000000000, 0.000000000000000000, -1.000000000000000000 ) ) ;
#1562 = AXIS2_PLACEMENT_3D ( 'NONE', #2317, #2335, #1813 ) ;
#1563 = ORIENTED_EDGE ( 'NONE', *, *, #1508, .T. ) ;
#1564 = PLANE ( 'NONE',  #3120 ) ;
#1565 = LINE ( 'NONE', #2119, #1879 ) ;
#1566 = EDGE_CURVE ( 'NONE', #1762, #499, #3274, .T. ) ;
#1567 = DIRECTION ( 'NONE',  ( 9.912705577010326782E-17, 0.000000000000000000, 1.000000000000000000 ) ) ;
#1568 = AXIS2_PLACEMENT_3D ( 'NONE', #1621, #2634, #153 ) ;
#1569 = ORIENTED_EDGE ( 'NONE', *, *, #2944, .T. ) ;
#1570 = CARTESIAN_POINT ( 'NONE',  ( -75.73170731707320158, 0.000000000000000000, -54.26829268292686947 ) ) ;
#1571 = DIRECTION ( 'NONE',  ( -1.000000000000000000, 0.000000000000000000, 0.000000000000000000 ) ) ;
#1572 = EDGE_CURVE ( 'NONE', #111, #3099, #1213, .T. ) ;
#1573 = LINE ( 'NONE', #1757, #715 ) ;
#1574 = EDGE_LOOP ( 'NONE', ( #566, #544, #2545, #1094 ) ) ;
#1575 = EDGE_CURVE ( 'NONE', #2663, #2419, #1714, .T. ) ;
#1576 = VERTEX_POINT ( 'NONE', #2286 ) ;
#1577 = LINE ( 'NONE', #782, #3309 ) ;
#1578 = ORIENTED_EDGE ( 'NONE', *, *, #1637, .T. ) ;
#1579 = CIRCLE ( 'NONE', #1897, 10.00000000000000178 ) ;
#1580 = LINE ( 'NONE', #2614, #2266 ) ;
#1581 = DIRECTION ( 'NONE',  ( 1.000000000000000000, 0.000000000000000000, 1.850371707708598704E-15 ) ) ;
#1582 = CONTEXT_DEPENDENT_SHAPE_REPRESENTATION ( #2491, #1954 ) ;
#1583 = CARTESIAN_POINT ( 'NONE',  ( -173.3517241379309155, 50.00000000000000000, 190.1155702346640624 ) ) ;
#1584 = DIRECTION ( 'NONE',  ( -0.000000000000000000, -0.000000000000000000, 1.000000000000000000 ) ) ;
#1585 = VERTEX_POINT ( 'NONE', #1288 ) ;
#1586 = CARTESIAN_POINT ( 'NONE',  ( -106.9327731092435982, -50.00000000000000000, -70.79831932773112158 ) ) ;
#1587 = LINE ( 'NONE', #2358, #1614 ) ;
#1588 = LINE ( 'NONE', #2604, #2745 ) ;
#1589 = EDGE_CURVE ( 'NONE', #2475, #2524, #2782, .T. ) ;
#1590 = ORIENTED_EDGE ( 'NONE', *, *, #1335, .F. ) ;
#1591 = EDGE_LOOP ( 'NONE', ( #1955, #1022, #989, #2310 ) ) ;
#1592 = EDGE_CURVE ( 'NONE', #253, #1585, #761, .T. ) ;
#1593 = ORIENTED_EDGE ( 'NONE', *, *, #2646, .F. ) ;
#1594 = LINE ( 'NONE', #1095, #1609 ) ;
#1595 = VECTOR ( 'NONE', #1901, 1000.000000000000000 ) ;
#1596 = DIRECTION ( 'NONE',  ( -1.000000000000000000, 0.000000000000000000, 0.000000000000000000 ) ) ;
#1597 = VECTOR ( 'NONE', #2055, 1000.000000000000000 ) ;
#1598 = ORIENTED_EDGE ( 'NONE', *, *, #3190, .T. ) ;
#1599 = AXIS2_PLACEMENT_3D ( 'NONE', #2922, #1161, #2134 ) ;
#1600 = CARTESIAN_POINT ( 'NONE',  ( 16.64827586206911292, 50.00000000000000000, 157.6155702346640624 ) ) ;
#1601 = CIRCLE ( 'NONE', #632, 4.999999999999976907 ) ;
#1602 = CARTESIAN_POINT ( 'NONE',  ( -88.35172413793092971, 50.00000000000000000, -154.8844297653358808 ) ) ;
#1603 = DIRECTION ( 'NONE',  ( 0.000000000000000000, 0.000000000000000000, -1.000000000000000000 ) ) ;
#1604 = VECTOR ( 'NONE', #1232, 1000.000000000000000 ) ;
#1605 = VERTEX_POINT ( 'NONE', #189 ) ;
#1606 = CARTESIAN_POINT ( 'NONE',  ( -125.7317073170732016, -350.0000000000001705, -44.26829268292688369 ) ) ;
#1607 = DIRECTION ( 'NONE',  ( -0.000000000000000000, -1.000000000000000000, -0.000000000000000000 ) ) ;
#1608 = LINE ( 'NONE', #2622, #3185 ) ;
#1609 = VECTOR ( 'NONE', #3210, 1000.000000000000000 ) ;
#1610 = ORIENTED_EDGE ( 'NONE', *, *, #930, .T. ) ;
#1611 = EDGE_CURVE ( 'NONE', #3172, #303, #724, .T. ) ;
#1612 = ORIENTED_EDGE ( 'NONE', *, *, #1566, .F. ) ;
#1613 = LINE ( 'NONE', #2472, #588 ) ;
#1614 = VECTOR ( 'NONE', #3130, 1000.000000000000000 ) ;
#1615 = AXIS2_PLACEMENT_3D ( 'NONE', #1015, #3023, #228 ) ;
#1616 = CARTESIAN_POINT ( 'NONE',  ( -88.35172413793101498, 50.00000000000000000, -159.8844297653358808 ) ) ;
#1617 = MECHANICAL_DESIGN_GEOMETRIC_PRESENTATION_REPRESENTATION (  '', ( #2717 ), #9 ) ;
#1618 = EDGE_CURVE ( 'NONE', #1483, #953, #977, .T. ) ;
#1619 = LINE ( 'NONE', #2427, #432 ) ;
#1620 = VECTOR ( 'NONE', #1206, 1000.000000000000000 ) ;
#1621 = CARTESIAN_POINT ( 'NONE',  ( 16.64827586206898857, 50.00000000000000000, -187.3844297653359092 ) ) ;
#1622 = CARTESIAN_POINT ( 'NONE',  ( -155.8517241379310576, 25.00000000000000000, -154.8844297653358524 ) ) ;
#1623 = ORIENTED_EDGE ( 'NONE', *, *, #548, .T. ) ;
#1624 = PLANE ( 'NONE',  #582 ) ;
#1625 = CARTESIAN_POINT ( 'NONE',  ( 11.64827586206910937, 50.00000000000000000, 130.1155702346640908 ) ) ;
#1626 = CARTESIAN_POINT ( 'NONE',  ( -68.35172413793088708, 50.00000000000000000, 125.1155702346640766 ) ) ;
#1627 = ORIENTED_EDGE ( 'NONE', *, *, #175, .T. ) ;
#1628 = EDGE_LOOP ( 'NONE', ( #781, #2659, #2112, #1834 ) ) ;
#1629 = EDGE_CURVE ( 'NONE', #2798, #3298, #2676, .T. ) ;
#1630 = CARTESIAN_POINT ( 'NONE',  ( 218.0672268907563307, 50.00000000000000000, -170.7983193277310647 ) ) ;
#1631 = ORIENTED_EDGE ( 'NONE', *, *, #2547, .F. ) ;
#1632 = LINE ( 'NONE', #1367, #70 ) ;
#1633 = EDGE_CURVE ( 'NONE', #1108, #2148, #1233, .T. ) ;
#1634 = DIRECTION ( 'NONE',  ( 1.000000000000000000, -0.000000000000000000, 0.000000000000000000 ) ) ;
#1635 = VECTOR ( 'NONE', #1461, 1000.000000000000000 ) ;
#1636 = CARTESIAN_POINT ( 'NONE',  ( -173.3517241379309155, 0.000000000000000000, 190.1155702346640624 ) ) ;
#1637 = EDGE_CURVE ( 'NONE', #2636, #1183, #1269, .T. ) ;
#1638 = VERTEX_POINT ( 'NONE', #1767 ) ;
#1639 = DIRECTION ( 'NONE',  ( 0.000000000000000000, 0.000000000000000000, 1.000000000000000000 ) ) ;
#1640 = CARTESIAN_POINT ( 'NONE',  ( -50.73170731707325842, 34.99999999999999289, -39.26829268292684816 ) ) ;
#1641 = VERTEX_POINT ( 'NONE', #1981 ) ;
#1642 = VERTEX_POINT ( 'NONE', #2000 ) ;
#1643 = UNCERTAINTY_MEASURE_WITH_UNIT (LENGTH_MEASURE( 1.000000000000000082E-05 ), #760, 'distance_accuracy_value', 'NONE');
#1644 = ORIENTED_EDGE ( 'NONE', *, *, #197, .F. ) ;
#1645 = ORIENTED_EDGE ( 'NONE', *, *, #2569, .T. ) ;
#1646 = DIRECTION ( 'NONE',  ( 0.000000000000000000, 0.000000000000000000, 1.000000000000000000 ) ) ;
#1647 = FACE_OUTER_BOUND ( 'NONE', #2274, .T. ) ;
#1648 = PLANE ( 'NONE',  #145 ) ;
#1649 = EDGE_CURVE ( 'NONE', #3025, #2819, #2734, .T. ) ;
#1650 = VECTOR ( 'NONE', #2602, 1000.000000000000000 ) ;
#1651 = LINE ( 'NONE', #910, #575 ) ;
#1652 = DIRECTION ( 'NONE',  ( 0.000000000000000000, 0.000000000000000000, 1.000000000000000000 ) ) ;
#1653 = EDGE_CURVE ( 'NONE', #1530, #1543, #2038, .T. ) ;
#1654 = ORIENTED_EDGE ( 'NONE', *, *, #1307, .T. ) ;
#1655 = DIRECTION ( 'NONE',  ( 0.000000000000000000, 0.000000000000000000, -1.000000000000000000 ) ) ;
#1656 = VECTOR ( 'NONE', #192, 1000.000000000000000 ) ;
#1657 = ORIENTED_EDGE ( 'NONE', *, *, #1914, .F. ) ;
#1658 = CARTESIAN_POINT ( 'NONE',  ( -70.73170731707323000, -350.0000000000001705, -9.268292682926878356 ) ) ;
#1659 = EDGE_LOOP ( 'NONE', ( #3135, #1312, #613, #1041, #2339, #2412 ) ) ;
#1660 = AXIS2_PLACEMENT_3D ( 'NONE', #1837, #564, #2916 ) ;
#1661 = DIRECTION ( 'NONE',  ( 0.000000000000000000, -0.000000000000000000, 1.000000000000000000 ) ) ;
#1662 = VECTOR ( 'NONE', #541, 1000.000000000000000 ) ;
#1663 = DIRECTION ( 'NONE',  ( -0.000000000000000000, 1.000000000000000000, -0.000000000000000000 ) ) ;
#1664 = VECTOR ( 'NONE', #1538, 1000.000000000000000 ) ;
#1665 = CARTESIAN_POINT ( 'NONE',  ( -88.35172413793092971, 50.00000000000000000, 190.1155702346641192 ) ) ;
#1666 = EDGE_CURVE ( 'NONE', #1047, #934, #474, .T. ) ;
#1667 = LINE ( 'NONE', #1418, #1001 ) ;
#1668 = DIRECTION ( 'NONE',  ( 1.000000000000000000, 0.000000000000000000, 1.387778780781445922E-16 ) ) ;
#1669 = VECTOR ( 'NONE', #2799, 1000.000000000000000 ) ;
#1670 = EDGE_LOOP ( 'NONE', ( #69, #2680, #2451, #1578 ) ) ;
#1671 = CARTESIAN_POINT ( 'NONE',  ( -130.7317073170732158, -350.0000000000001705, -39.26829268292687658 ) ) ;
#1672 = LINE ( 'NONE', #2929, #44 ) ;
#1673 = EDGE_CURVE ( 'NONE', #1642, #1294, #1501, .T. ) ;
#1674 = ORIENTED_EDGE ( 'NONE', *, *, #2198, .T. ) ;
#1675 = EDGE_CURVE ( 'NONE', #2372, #800, #1465, .T. ) ;
#1676 = PLANE ( 'NONE',  #3150 ) ;
#1677 = VERTEX_POINT ( 'NONE', #1962 ) ;
#1678 = CARTESIAN_POINT ( 'NONE',  ( -118.3517241379308587, 50.00000000000000000, 190.1155702346640908 ) ) ;
#1679 = DIRECTION ( 'NONE',  ( -3.265361837132813586E-16, -0.000000000000000000, -1.000000000000000000 ) ) ;
#1680 = CARTESIAN_POINT ( 'NONE',  ( -130.7317073170732442, 99.99999999999998579, 0.7317073170731297482 ) ) ;
#1681 = LINE ( 'NONE', #864, #2883 ) ;
#1682 = PLANE ( 'NONE',  #1484 ) ;
#1683 = CARTESIAN_POINT ( 'NONE',  ( 16.64827586206901344, 75.00000000000001421, -219.8844297653357671 ) ) ;
#1684 = EDGE_LOOP ( 'NONE', ( #402, #3, #513, #245, #3296, #2703, #3186, #2619 ) ) ;
#1685 = CARTESIAN_POINT ( 'NONE',  ( -75.73170731707320158, 0.000000000000000000, -44.26829268292687658 ) ) ;
#1686 = VERTEX_POINT ( 'NONE', #993 ) ;
#1687 = EDGE_CURVE ( 'NONE', #872, #111, #959, .T. ) ;
#1688 = CARTESIAN_POINT ( 'NONE',  ( -131.9327731092435840, -50.00000000000000000, -20.79831932773111447 ) ) ;
#1689 = EDGE_CURVE ( 'NONE', #3099, #1460, #3007, .T. ) ;
#1690 = VERTEX_POINT ( 'NONE', #2749 ) ;
#1691 = DIRECTION ( 'NONE',  ( 1.000000000000000000, 0.000000000000000000, 6.938893903907257960E-16 ) ) ;
#1692 = EDGE_LOOP ( 'NONE', ( #1769, #1026, #713, #2098 ) ) ;
#1693 = DIRECTION ( 'NONE',  ( 0.000000000000000000, 0.000000000000000000, -1.000000000000000000 ) ) ;
#1694 = LINE ( 'NONE', #1977, #1136 ) ;
#1695 = CARTESIAN_POINT ( 'NONE',  ( -125.7317073170732016, 34.99999999999999289, -49.26829268292686947 ) ) ;
#1696 = CARTESIAN_POINT ( 'NONE',  ( -168.3517241379310292, 0.000000000000000000, -187.3844297653358524 ) ) ;
#1697 = AXIS2_PLACEMENT_3D ( 'NONE', #2007, #2207, #1204 ) ;
#1698 = ORIENTED_EDGE ( 'NONE', *, *, #2593, .F. ) ;
#1699 = LINE ( 'NONE', #854, #1816 ) ;
#1700 = FACE_OUTER_BOUND ( 'NONE', #3080, .T. ) ;
#1701 = VECTOR ( 'NONE', #173, 1000.000000000000000 ) ;
#1702 = EDGE_CURVE ( 'NONE', #2172, #290, #457, .T. ) ;
#1703 = CARTESIAN_POINT ( 'NONE',  ( -106.9327731092435982, 0.000000000000000000, 329.2016806722688216 ) ) ;
#1704 = VERTEX_POINT ( 'NONE', #2251 ) ;
#1705 = CARTESIAN_POINT ( 'NONE',  ( -88.35172413793092971, 0.000000000000000000, 190.1155702346641192 ) ) ;
#1706 = EDGE_LOOP ( 'NONE', ( #1215, #1698, #223, #2329 ) ) ;
#1707 = EDGE_CURVE ( 'NONE', #2798, #3013, #810, .T. ) ;
#1708 = CARTESIAN_POINT ( 'NONE',  ( -5.851724137930889746, 25.00000000000000000, 130.1155702346640908 ) ) ;
#1709 = MANIFOLD_SOLID_BREP ( 'Cut-Extrude2', #640 ) ;
#1710 = DIRECTION ( 'NONE',  ( -0.000000000000000000, -0.000000000000000000, -1.000000000000000000 ) ) ;
#1711 = DIRECTION ( 'NONE',  ( 0.000000000000000000, 0.000000000000000000, -1.000000000000000000 ) ) ;
#1712 = VECTOR ( 'NONE', #2124, 1000.000000000000000 ) ;
#1713 = VECTOR ( 'NONE', #2499, 1000.000000000000000 ) ;
#1714 = LINE ( 'NONE', #1730, #2361 ) ;
#1715 = ORIENTED_EDGE ( 'NONE', *, *, #2464, .F. ) ;
#1716 = CARTESIAN_POINT ( 'NONE',  ( -131.9327731092436125, 50.00000000000000000, -170.7983193277310932 ) ) ;
#1717 = CARTESIAN_POINT ( 'NONE',  ( -68.35172413793090129, 50.00000000000000000, 130.1155702346641192 ) ) ;
#1718 = VECTOR ( 'NONE', #2212, 1000.000000000000000 ) ;
#1719 = DIRECTION ( 'NONE',  ( 0.000000000000000000, 0.000000000000000000, -1.000000000000000000 ) ) ;
#1720 = VECTOR ( 'NONE', #1663, 1000.000000000000000 ) ;
#1721 = LINE ( 'NONE', #1424, #948 ) ;
#1722 = EDGE_LOOP ( 'NONE', ( #2235, #2601, #1593, #2534 ) ) ;
#1723 = CARTESIAN_POINT ( 'NONE',  ( -70.73170731707323000, -350.0000000000001705, -9.268292682926878356 ) ) ;
#1724 = ORIENTED_EDGE ( 'NONE', *, *, #2688, .T. ) ;
#1725 = DIRECTION ( 'NONE',  ( 0.000000000000000000, -1.000000000000000000, 0.000000000000000000 ) ) ;
#1726 = EDGE_CURVE ( 'NONE', #1843, #3104, #2999, .T. ) ;
#1727 = FACE_OUTER_BOUND ( 'NONE', #2327, .T. ) ;
#1728 = DIRECTION ( 'NONE',  ( 1.000000000000000000, 0.000000000000000000, 0.000000000000000000 ) ) ;
#1729 = CARTESIAN_POINT ( 'NONE',  ( -75.73170731707320158, 0.000000000000000000, -44.26829268292687658 ) ) ;
#1730 = CARTESIAN_POINT ( 'NONE',  ( -68.35172413793101498, 0.000000000000000000, -159.8844297653359376 ) ) ;
#1731 = ADVANCED_FACE ( 'NONE', ( #1099, #842 ), #2837, .F. ) ;
#1732 = VERTEX_POINT ( 'NONE', #2892 ) ;
#1733 = DIRECTION ( 'NONE',  ( 0.000000000000000000, -1.000000000000000000, 0.000000000000000000 ) ) ;
#1734 = AXIS2_PLACEMENT_3D ( 'NONE', #283, #68, #1309 ) ;
#1735 = CARTESIAN_POINT ( 'NONE',  ( -5.851724137930889746, 25.00000000000000000, -154.8844297653359092 ) ) ;
#1736 = LINE ( 'NONE', #1218, #1396 ) ;
#1737 = ORIENTED_EDGE ( 'NONE', *, *, #2158, .F. ) ;
#1738 = DIRECTION ( 'NONE',  ( 1.000000000000000000, 0.000000000000000000, -5.551115123125780730E-16 ) ) ;
#1739 = ORIENTED_EDGE ( 'NONE', *, *, #75, .F. ) ;
#1740 = CARTESIAN_POINT ( 'NONE',  ( -125.7317073170732016, 34.99999999999999289, -59.26829268292687658 ) ) ;
#1741 = ORIENTED_EDGE ( 'NONE', *, *, #132, .F. ) ;
#1742 = LINE ( 'NONE', #2761, #351 ) ;
#1743 = VERTEX_POINT ( 'NONE', #827 ) ;
#1744 = CARTESIAN_POINT ( 'NONE',  ( -70.73170731707321579, 0.000000000000000000, -9.268292682926878356 ) ) ;
#1745 = PRODUCT_CONTEXT ( 'NONE', #949, 'mechanical' ) ;
#1746 = LINE ( 'NONE', #1013, #1701 ) ;
#1747 = EDGE_CURVE ( 'NONE', #290, #2663, #1849, .T. ) ;
#1748 = DIRECTION ( 'NONE',  ( -0.000000000000000000, -1.000000000000000000, -0.000000000000000000 ) ) ;
#1749 = ORIENTED_EDGE ( 'NONE', *, *, #212, .F. ) ;
#1750 = VECTOR ( 'NONE', #673, 1000.000000000000000 ) ;
#1751 = CARTESIAN_POINT ( 'NONE',  ( -155.8517241379309439, 25.00000000000000000, 125.1155702346641050 ) ) ;
#1752 = DIRECTION ( 'NONE',  ( 0.000000000000000000, 1.000000000000000000, -0.000000000000000000 ) ) ;
#1753 = EDGE_CURVE ( 'NONE', #3160, #2825, #1051, .T. ) ;
#1754 = PLANE ( 'NONE',  #3212 ) ;
#1755 = ORIENTED_EDGE ( 'NONE', *, *, #1611, .T. ) ;
#1756 = VECTOR ( 'NONE', #47, 1000.000000000000000 ) ;
#1757 = CARTESIAN_POINT ( 'NONE',  ( -85.73170731707317316, 120.0000000000000000, 0.7317073170731311915 ) ) ;
#1758 = ORIENTED_EDGE ( 'NONE', *, *, #2670, .F. ) ;
#1759 = LINE ( 'NONE', #1331, #2402 ) ;
#1760 = VERTEX_POINT ( 'NONE', #1801 ) ;
#1761 = DIRECTION ( 'NONE',  ( 1.000000000000000000, -0.000000000000000000, -0.000000000000000000 ) ) ;
#1762 = VERTEX_POINT ( 'NONE', #559 ) ;
#1763 = VECTOR ( 'NONE', #3153, 1000.000000000000000 ) ;
#1764 = CARTESIAN_POINT ( 'NONE',  ( 0.000000000000000000, 0.000000000000000000, 0.000000000000000000 ) ) ;
#1765 = DIRECTION ( 'NONE',  ( 0.000000000000000000, 0.000000000000000000, 1.000000000000000000 ) ) ;
#1766 = FACE_OUTER_BOUND ( 'NONE', #2210, .T. ) ;
#1767 = CARTESIAN_POINT ( 'NONE',  ( -85.73170731707318737, 120.0000000000000000, -99.26829268292686947 ) ) ;
#1768 = ADVANCED_FACE ( 'NONE', ( #78 ), #594, .F. ) ;
#1769 = ORIENTED_EDGE ( 'NONE', *, *, #767, .T. ) ;
#1770 = LINE ( 'NONE', #444, #1337 ) ;
#1771 = AXIS2_PLACEMENT_3D ( 'NONE', #2169, #1404, #3194 ) ;
#1772 = LINE ( 'NONE', #3258, #1295 ) ;
#1773 = CARTESIAN_POINT ( 'NONE',  ( 243.0672268907563875, 0.000000000000000000, 329.2016806722688784 ) ) ;
#1774 = EDGE_CURVE ( 'NONE', #2008, #1101, #427, .T. ) ;
#1775 = VERTEX_POINT ( 'NONE', #2635 ) ;
#1776 = PRODUCT ( 'horizantal mover', 'horizantal mover', '', ( #256 ) ) ;
#1777 = EDGE_LOOP ( 'NONE', ( #2587, #114, #3295, #898, #857, #740, #2932, #617 ) ) ;
#1778 = EDGE_CURVE ( 'NONE', #2391, #1047, #2586, .T. ) ;
#1779 = ORIENTED_EDGE ( 'NONE', *, *, #3169, .T. ) ;
#1780 = FACE_OUTER_BOUND ( 'NONE', #1028, .T. ) ;
#1781 = ORIENTED_EDGE ( 'NONE', *, *, #75, .T. ) ;
#1782 = PLANE ( 'NONE',  #2855 ) ;
#1783 = ORIENTED_EDGE ( 'NONE', *, *, #874, .F. ) ;
#1784 = DIRECTION ( 'NONE',  ( -0.000000000000000000, -1.000000000000000000, -0.000000000000000000 ) ) ;
#1785 = DIRECTION ( 'NONE',  ( 1.000000000000000000, -0.000000000000000000, -0.000000000000000000 ) ) ;
#1786 = CARTESIAN_POINT ( 'NONE',  ( -88.35172413793091550, 50.00000000000000000, 130.1155702346641476 ) ) ;
#1787 = ORIENTED_EDGE ( 'NONE', *, *, #2629, .F. ) ;
#1788 = CARTESIAN_POINT ( 'NONE',  ( 16.64827586206911292, 0.000000000000000000, 157.6155702346640624 ) ) ;
#1789 = CARTESIAN_POINT ( 'NONE',  ( -173.3517241379309155, 50.00000000000000000, 190.1155702346640624 ) ) ;
#1790 = ADVANCED_FACE ( 'NONE', ( #346 ), #295, .F. ) ;
#1791 = EDGE_LOOP ( 'NONE', ( #1783, #2295 ) ) ;
#1792 = AXIS2_PLACEMENT_3D ( 'NONE', #185, #1515, #1693 ) ;
#1793 = EDGE_CURVE ( 'NONE', #3064, #899, #1550, .T. ) ;
#1794 = ORIENTED_EDGE ( 'NONE', *, *, #3063, .F. ) ;
#1795 = FACE_BOUND ( 'NONE', #314, .T. ) ;
#1796 = FACE_OUTER_BOUND ( 'NONE', #408, .T. ) ;
#1797 = ADVANCED_FACE ( 'NONE', ( #776 ), #523, .F. ) ;
#1798 = ORIENTED_EDGE ( 'NONE', *, *, #3174, .F. ) ;
#1799 = DIRECTION ( 'NONE',  ( 1.000000000000000000, 0.000000000000000000, -0.000000000000000000 ) ) ;
#1800 = APPLICATION_PROTOCOL_DEFINITION ( 'draft international standard', 'automotive_design', 1998, #2153 ) ;
#1801 = CARTESIAN_POINT ( 'NONE',  ( -150.8517241379309439, 25.00000000000000000, 130.1155702346641192 ) ) ;
#1802 = ORIENTED_EDGE ( 'NONE', *, *, #2921, .T. ) ;
#1803 = CARTESIAN_POINT ( 'NONE',  ( 16.64827586206900278, 50.00000000000000000, -154.8844297653359092 ) ) ;
#1804 = CARTESIAN_POINT ( 'NONE',  ( 16.64827586206898857, 50.00000000000000000, -187.3844297653359092 ) ) ;
#1805 = AXIS2_PLACEMENT_3D ( 'NONE', #454, #2784, #1480 ) ;
#1806 = ORIENTED_EDGE ( 'NONE', *, *, #438, .F. ) ;
#1807 = CARTESIAN_POINT ( 'NONE',  ( -68.35172413793090129, 50.00000000000000000, 130.1155702346641192 ) ) ;
#1808 = VECTOR ( 'NONE', #73, 1000.000000000000000 ) ;
#1809 = ADVANCED_FACE ( 'NONE', ( #1884 ), #1370, .F. ) ;
#1810 = ORIENTED_EDGE ( 'NONE', *, *, #2531, .T. ) ;
#1811 = DIRECTION ( 'NONE',  ( -1.000000000000000000, -0.000000000000000000, -0.000000000000000000 ) ) ;
#1812 = ORIENTED_EDGE ( 'NONE', *, *, #2810, .F. ) ;
#1813 = DIRECTION ( 'NONE',  ( 0.000000000000000000, 0.000000000000000000, -1.000000000000000000 ) ) ;
#1814 = EDGE_CURVE ( 'NONE', #1889, #684, #2650, .T. ) ;
#1815 = CONTEXT_DEPENDENT_SHAPE_REPRESENTATION ( #1067, #2435 ) ;
#1816 = VECTOR ( 'NONE', #2719, 1000.000000000000000 ) ;
#1817 = CARTESIAN_POINT ( 'NONE',  ( 0.000000000000000000, -50.00000000000000000, 0.000000000000000000 ) ) ;
#1818 = EDGE_CURVE ( 'NONE', #560, #1686, #91, .T. ) ;
#1819 = ORIENTED_EDGE ( 'NONE', *, *, #2975, .F. ) ;
#1820 = CARTESIAN_POINT ( 'NONE',  ( 16.64827586206911292, 0.000000000000000000, 125.1155702346640766 ) ) ;
#1821 = DIRECTION ( 'NONE',  ( 1.000000000000000000, -0.000000000000000000, 2.775557561562891351E-16 ) ) ;
#1822 = DIRECTION ( 'NONE',  ( 0.000000000000000000, 0.000000000000000000, 1.000000000000000000 ) ) ;
#1823 = AXIS2_PLACEMENT_3D ( 'NONE', #2773, #1274, #2291 ) ;
#1824 = ORIENTED_EDGE ( 'NONE', *, *, #212, .T. ) ;
#1825 = AXIS2_PLACEMENT_3D ( 'NONE', #1324, #1571, #15 ) ;
#1826 = ORIENTED_EDGE ( 'NONE', *, *, #2482, .F. ) ;
#1827 = DIRECTION ( 'NONE',  ( 0.000000000000000000, 0.000000000000000000, 1.000000000000000000 ) ) ;
#1828 = EDGE_LOOP ( 'NONE', ( #818, #140, #750, #813 ) ) ;
#1829 = CYLINDRICAL_SURFACE ( 'NONE', #1209, 5.000000000000002665 ) ;
#1830 = VECTOR ( 'NONE', #2730, 1000.000000000000000 ) ;
#1831 = CARTESIAN_POINT ( 'NONE',  ( -106.9327731092435982, -50.00000000000000000, 279.2016806722688784 ) ) ;
#1832 = SURFACE_STYLE_FILL_AREA ( #791 ) ;
#1833 = EDGE_CURVE ( 'NONE', #2636, #3068, #2290, .T. ) ;
#1834 = ORIENTED_EDGE ( 'NONE', *, *, #1653, .T. ) ;
#1835 = DIRECTION ( 'NONE',  ( -9.912705577010325549E-17, -0.000000000000000000, -1.000000000000000000 ) ) ;
#1836 = DIRECTION ( 'NONE',  ( -3.469446951953614189E-16, 0.000000000000000000, -1.000000000000000000 ) ) ;
#1837 = CARTESIAN_POINT ( 'NONE',  ( -0.8517241379308870819, 25.00000000000000000, -154.8844297653359092 ) ) ;
#1838 = CARTESIAN_POINT ( 'NONE',  ( 243.0672268907563875, -50.00000000000000000, 0.000000000000000000 ) ) ;
#1839 = EDGE_CURVE ( 'NONE', #2084, #2426, #981, .T. ) ;
#1840 = VECTOR ( 'NONE', #1811, 1000.000000000000000 ) ;
#1841 = ORIENTED_EDGE ( 'NONE', *, *, #877, .T. ) ;
#1842 = ORIENTED_EDGE ( 'NONE', *, *, #515, .F. ) ;
#1843 = VERTEX_POINT ( 'NONE', #1735 ) ;
#1844 = CARTESIAN_POINT ( 'NONE',  ( -75.73170731707320158, -350.0000000000001705, -9.268292682926873027 ) ) ;
#1845 = DIRECTION ( 'NONE',  ( 8.540177112501211287E-16, -0.000000000000000000, 1.000000000000000000 ) ) ;
#1846 = EDGE_LOOP ( 'NONE', ( #2802, #2228, #2905, #882 ) ) ;
#1847 = CARTESIAN_POINT ( 'NONE',  ( -5.851724137930889746, 25.00000000000000000, -165.8844297653360229 ) ) ;
#1848 = FILL_AREA_STYLE_COLOUR ( '', #851 ) ;
#1849 = LINE ( 'NONE', #2070, #753 ) ;
#1850 = ORIENTED_EDGE ( 'NONE', *, *, #2059, .T. ) ;
#1851 = DIRECTION ( 'NONE',  ( 1.000000000000000000, -0.000000000000000000, -3.469446951953614682E-16 ) ) ;
#1852 = ADVANCED_FACE ( 'NONE', ( #247 ), #2444, .T. ) ;
#1853 = CARTESIAN_POINT ( 'NONE',  ( -0.8517241379308870819, 25.00000000000000000, 130.1155702346640908 ) ) ;
#1854 = FACE_OUTER_BOUND ( 'NONE', #240, .T. ) ;
#1855 = ORIENTED_EDGE ( 'NONE', *, *, #1243, .T. ) ;
#1856 = EDGE_CURVE ( 'NONE', #1530, #364, #1217, .T. ) ;
#1857 = ORIENTED_EDGE ( 'NONE', *, *, #14, .F. ) ;
#1858 = VERTEX_POINT ( 'NONE', #231 ) ;
#1859 = CARTESIAN_POINT ( 'NONE',  ( -68.35172413793090129, 0.000000000000000000, 130.1155702346641192 ) ) ;
#1860 = DIRECTION ( 'NONE',  ( -1.000000000000000000, 0.000000000000000000, -2.775557561562891351E-16 ) ) ;
#1861 = VERTEX_POINT ( 'NONE', #1789 ) ;
#1862 = CARTESIAN_POINT ( 'NONE',  ( -88.35172413793092971, 0.000000000000000000, -154.8844297653358808 ) ) ;
#1863 = DIRECTION ( 'NONE',  ( 9.251858538542971581E-17, 0.000000000000000000, 1.000000000000000000 ) ) ;
#1864 = CARTESIAN_POINT ( 'NONE',  ( -50.73170731707325842, 34.99999999999999289, -59.26829268292685526 ) ) ;
#1865 = VECTOR ( 'NONE', #294, 1000.000000000000000 ) ;
#1866 = ORIENTED_EDGE ( 'NONE', *, *, #1774, .F. ) ;
#1867 = DIRECTION ( 'NONE',  ( -1.000000000000000000, -0.000000000000000000, -0.000000000000000000 ) ) ;
#1868 = CARTESIAN_POINT ( 'NONE',  ( -81.93277310924362666, 50.00000000000000000, -170.7983193277310932 ) ) ;
#1869 = CARTESIAN_POINT ( 'NONE',  ( -173.3517241379310292, 50.00000000000000000, -187.3844297653358524 ) ) ;
#1870 = EDGE_CURVE ( 'NONE', #823, #968, #1772, .T. ) ;
#1871 = VECTOR ( 'NONE', #3266, 1000.000000000000000 ) ;
#1872 = ORIENTED_EDGE ( 'NONE', *, *, #2704, .F. ) ;
#1873 = UNCERTAINTY_MEASURE_WITH_UNIT (LENGTH_MEASURE( 1.000000000000000082E-05 ), #2714, 'distance_accuracy_value', 'NONE');
#1874 = ADVANCED_FACE ( 'NONE', ( #2504, #2737 ), #2772, .F. ) ;
#1875 = ORIENTED_EDGE ( 'NONE', *, *, #386, .F. ) ;
#1876 = VECTOR ( 'NONE', #2895, 1000.000000000000000 ) ;
#1877 = VECTOR ( 'NONE', #2155, 1000.000000000000000 ) ;
#1878 = LINE ( 'NONE', #2903, #2396 ) ;
#1879 = VECTOR ( 'NONE', #1287, 1000.000000000000000 ) ;
#1880 = ADVANCED_FACE ( 'NONE', ( #1523 ), #1019, .T. ) ;
#1881 = FACE_OUTER_BOUND ( 'NONE', #3217, .T. ) ;
#1882 = VECTOR ( 'NONE', #293, 1000.000000000000000 ) ;
#1883 = PLANE ( 'NONE',  #2181 ) ;
#1884 = FACE_OUTER_BOUND ( 'NONE', #2532, .T. ) ;
#1885 = VERTEX_POINT ( 'NONE', #1238 ) ;
#1886 = LINE ( 'NONE', #2416, #2935 ) ;
#1887 = CARTESIAN_POINT ( 'NONE',  ( -173.3517241379309155, 50.00000000000000000, 125.1155702346641050 ) ) ;
#1888 = CARTESIAN_POINT ( 'NONE',  ( -70.73170731707321579, 130.0000000000000000, 0.7317073170731297482 ) ) ;
#1889 = VERTEX_POINT ( 'NONE', #445 ) ;
#1890 = ORIENTED_EDGE ( 'NONE', *, *, #1951, .F. ) ;
#1891 = ORIENTED_EDGE ( 'NONE', *, *, #971, .T. ) ;
#1892 = ADVANCED_FACE ( 'NONE', ( #2254 ), #1469, .F. ) ;
#1893 = CARTESIAN_POINT ( 'NONE',  ( -173.3517241379310008, 75.00000000000001421, -219.8844297653358808 ) ) ;
#1894 = ORIENTED_EDGE ( 'NONE', *, *, #442, .F. ) ;
#1895 = DIRECTION ( 'NONE',  ( 5.551115123125778758E-15, 0.000000000000000000, -1.000000000000000000 ) ) ;
#1896 = FACE_OUTER_BOUND ( 'NONE', #762, .T. ) ;
#1897 = AXIS2_PLACEMENT_3D ( 'NONE', #180, #2705, #917 ) ;
#1898 = EDGE_CURVE ( 'NONE', #551, #2961, #2526, .T. ) ;
#1899 = CARTESIAN_POINT ( 'NONE',  ( 4.148275862069115583, 25.00000000000000000, -165.8844297653360229 ) ) ;
#1900 =( LENGTH_UNIT ( ) NAMED_UNIT ( * ) SI_UNIT ( .MILLI., .METRE. ) );
#1901 = DIRECTION ( 'NONE',  ( -0.000000000000000000, -1.000000000000000000, -0.000000000000000000 ) ) ;
#1902 = DIRECTION ( 'NONE',  ( -0.000000000000000000, 1.000000000000000000, -0.000000000000000000 ) ) ;
#1903 = VERTEX_POINT ( 'NONE', #1984 ) ;
#1904 = ORIENTED_EDGE ( 'NONE', *, *, #1870, .T. ) ;
#1905 = VERTEX_POINT ( 'NONE', #1200 ) ;
#1906 = DIRECTION ( 'NONE',  ( 0.000000000000000000, 0.000000000000000000, -1.000000000000000000 ) ) ;
#1907 = VERTEX_POINT ( 'NONE', #3066 ) ;
#1908 = ADVANCED_FACE ( 'NONE', ( #748 ), #1487, .F. ) ;
#1909 = VECTOR ( 'NONE', #2154, 1000.000000000000000 ) ;
#1910 = CARTESIAN_POINT ( 'NONE',  ( -173.3517241379310008, -25.00000000000000711, -224.8844297653358808 ) ) ;
#1911 = CARTESIAN_POINT ( 'NONE',  ( -106.9327731092435982, -50.00000000000000000, 329.2016806722688216 ) ) ;
#1912 = PLANE ( 'NONE',  #3176 ) ;
#1913 = AXIS2_PLACEMENT_3D ( 'NONE', #1267, #2538, #2015 ) ;
#1914 = EDGE_CURVE ( 'NONE', #2695, #3228, #3243, .T. ) ;
#1915 = AXIS2_PLACEMENT_3D ( 'NONE', #1751, #246, #691 ) ;
#1916 = DIRECTION ( 'NONE',  ( -3.265361837132813586E-16, -0.000000000000000000, -1.000000000000000000 ) ) ;
#1917 = DIRECTION ( 'NONE',  ( 0.000000000000000000, 1.000000000000000000, 0.000000000000000000 ) ) ;
#1918 = LINE ( 'NONE', #644, #911 ) ;
#1919 = ADVANCED_FACE ( 'NONE', ( #495 ), #944, .F. ) ;
#1920 = ORIENTED_EDGE ( 'NONE', *, *, #870, .F. ) ;
#1921 = FACE_OUTER_BOUND ( 'NONE', #603, .T. ) ;
#1922 = ORIENTED_EDGE ( 'NONE', *, *, #1898, .F. ) ;
#1923 = AXIS2_PLACEMENT_3D ( 'NONE', #236, #3085, #1260 ) ;
#1924 = VERTEX_POINT ( 'NONE', #2004 ) ;
#1925 = DIRECTION ( 'NONE',  ( -1.000000000000000000, 0.000000000000000000, 0.000000000000000000 ) ) ;
#1926 = ORIENTED_EDGE ( 'NONE', *, *, #3148, .F. ) ;
#1927 = DIRECTION ( 'NONE',  ( -0.000000000000000000, -0.000000000000000000, -1.000000000000000000 ) ) ;
#1928 = VECTOR ( 'NONE', #1520, 1000.000000000000000 ) ;
#1929 = PLANE ( 'NONE',  #1599 ) ;
#1930 = FACE_OUTER_BOUND ( 'NONE', #1245, .T. ) ;
#1931 = CARTESIAN_POINT ( 'NONE',  ( -68.35172413793091550, 50.00000000000000000, -154.8844297653359376 ) ) ;
#1932 = EDGE_CURVE ( 'NONE', #2995, #3045, #2991, .T. ) ;
#1933 = FACE_OUTER_BOUND ( 'NONE', #307, .T. ) ;
#1934 = VERTEX_POINT ( 'NONE', #1717 ) ;
#1935 = DIRECTION ( 'NONE',  ( -1.000000000000000000, 0.000000000000000000, 0.000000000000000000 ) ) ;
#1936 = EDGE_CURVE ( 'NONE', #3249, #3064, #2486, .T. ) ;
#1937 = ORIENTED_EDGE ( 'NONE', *, *, #2656, .T. ) ;
#1938 = DIRECTION ( 'NONE',  ( -0.000000000000000000, -1.000000000000000000, -0.000000000000000000 ) ) ;
#1939 = ORIENTED_EDGE ( 'NONE', *, *, #2330, .T. ) ;
#1940 = CARTESIAN_POINT ( 'NONE',  ( 16.64827586206901344, 75.00000000000001421, -219.8844297653357671 ) ) ;
#1941 = ORIENTED_EDGE ( 'NONE', *, *, #254, .T. ) ;
#1942 = CARTESIAN_POINT ( 'NONE',  ( -0.8517241379308870819, 25.00000000000000000, 130.1155702346640908 ) ) ;
#1943 = PLANE ( 'NONE',  #2195 ) ;
#1944 = CARTESIAN_POINT ( 'NONE',  ( -75.73170731707320158, -350.0000000000001705, -9.268292682926873027 ) ) ;
#1945 = CARTESIAN_POINT ( 'NONE',  ( 0.000000000000000000, 50.00000000000000000, 0.000000000000000000 ) ) ;
#1946 = CARTESIAN_POINT ( 'NONE',  ( -70.73170731707321579, 130.0000000000000000, -99.26829268292686947 ) ) ;
#1947 = EDGE_CURVE ( 'NONE', #201, #3228, #29, .T. ) ;
#1948 = ORIENTED_EDGE ( 'NONE', *, *, #340, .F. ) ;
#1949 = DIRECTION ( 'NONE',  ( -3.265361837132813586E-16, -0.000000000000000000, -1.000000000000000000 ) ) ;
#1950 = ORIENTED_EDGE ( 'NONE', *, *, #583, .F. ) ;
#1951 = EDGE_CURVE ( 'NONE', #2640, #2419, #67, .T. ) ;
#1952 = ORIENTED_EDGE ( 'NONE', *, *, #843, .F. ) ;
#1953 = LINE ( 'NONE', #431, #2429 ) ;
#1954 = PRODUCT_DEFINITION_SHAPE ( 'NONE', 'NONE',  #3314 ) ;
#1955 = ORIENTED_EDGE ( 'NONE', *, *, #3024, .T. ) ;
#1956 = DIRECTION ( 'NONE',  ( 6.938893903907257960E-16, 0.000000000000000000, -1.000000000000000000 ) ) ;
#1957 = ORIENTED_EDGE ( 'NONE', *, *, #1932, .F. ) ;
#1958 = CARTESIAN_POINT ( 'NONE',  ( -130.7317073170732442, 0.000000000000000000, 0.7317073170731297482 ) ) ;
#1959 = DIRECTION ( 'NONE',  ( 1.000000000000000000, 0.000000000000000000, -1.850371707708592788E-15 ) ) ;
#1960 = APPLICATION_PROTOCOL_DEFINITION ( 'draft international standard', 'automotive_design', 1998, #997 ) ;
#1961 = CYLINDRICAL_SURFACE ( 'NONE', #417, 5.000000000000002665 ) ;
#1962 = CARTESIAN_POINT ( 'NONE',  ( -81.93277310924362666, 0.000000000000000000, -170.7983193277310932 ) ) ;
#1963 = VECTOR ( 'NONE', #87, 1000.000000000000000 ) ;
#1964 = ORIENTED_EDGE ( 'NONE', *, *, #548, .F. ) ;
#1965 = CARTESIAN_POINT ( 'NONE',  ( 218.0672268907563307, 0.000000000000000000, -170.7983193277310647 ) ) ;
#1966 = DIRECTION ( 'NONE',  ( 1.000000000000000000, 0.000000000000000000, -9.251858538542972814E-17 ) ) ;
#1967 = PLANE ( 'NONE',  #375 ) ;
#1968 = AXIS2_PLACEMENT_3D ( 'NONE', #1363, #322, #1347 ) ;
#1969 = LINE ( 'NONE', #1188, #259 ) ;
#1970 = EDGE_CURVE ( 'NONE', #3230, #98, #2374, .T. ) ;
#1971 = VERTEX_POINT ( 'NONE', #3145 ) ;
#1972 = CARTESIAN_POINT ( 'NONE',  ( -68.35172413793101498, 50.00000000000000000, -159.8844297653359376 ) ) ;
#1973 = ORIENTED_EDGE ( 'NONE', *, *, #3113, .T. ) ;
#1974 = DIRECTION ( 'NONE',  ( -5.551115123125778758E-15, 0.000000000000000000, -1.000000000000000000 ) ) ;
#1975 = EDGE_CURVE ( 'NONE', #2583, #1905, #2621, .T. ) ;
#1976 = APPLICATION_CONTEXT ( 'automotive_design' ) ;
#1977 = CARTESIAN_POINT ( 'NONE',  ( 16.64827586206901344, -25.00000000000000711, -219.8844297653357671 ) ) ;
#1978 = SHAPE_REPRESENTATION_RELATIONSHIP ( 'NONE' , 'NONE' ,  #51, #531 ) ;
#1979 = CARTESIAN_POINT ( 'NONE',  ( -130.7317073170732442, 0.000000000000000000, 0.7317073170731297482 ) ) ;
#1980 = VECTOR ( 'NONE', #563, 1000.000000000000000 ) ;
#1981 = CARTESIAN_POINT ( 'NONE',  ( -68.35172413793088708, 50.00000000000000000, 125.1155702346640766 ) ) ;
#1982 = VERTEX_POINT ( 'NONE', #2074 ) ;
#1983 = DIRECTION ( 'NONE',  ( 9.251858538542971581E-17, 0.000000000000000000, 1.000000000000000000 ) ) ;
#1984 = CARTESIAN_POINT ( 'NONE',  ( -125.7317073170732016, 10.00000000000001599, -99.26829268292686947 ) ) ;
#1985 = VECTOR ( 'NONE', #1336, 1000.000000000000000 ) ;
#1986 = DIRECTION ( 'NONE',  ( -1.000000000000000000, 0.000000000000000000, -0.000000000000000000 ) ) ;
#1987 = ORIENTED_EDGE ( 'NONE', *, *, #344, .T. ) ;
#1988 = VECTOR ( 'NONE', #437, 1000.000000000000000 ) ;
#1989 = FACE_OUTER_BOUND ( 'NONE', #3100, .T. ) ;
#1990 = ORIENTED_EDGE ( 'NONE', *, *, #2552, .F. ) ;
#1991 = PLANE ( 'NONE',  #2047 ) ;
#1992 = EDGE_CURVE ( 'NONE', #321, #2439, #2603, .T. ) ;
#1993 = EDGE_LOOP ( 'NONE', ( #2265, #2090, #398, #1850 ) ) ;
#1994 = CARTESIAN_POINT ( 'NONE',  ( -168.3517241379310292, 0.000000000000000000, -187.3844297653358524 ) ) ;
#1995 = AXIS2_PLACEMENT_3D ( 'NONE', #2797, #757, #571 ) ;
#1996 = FACE_OUTER_BOUND ( 'NONE', #1722, .T. ) ;
#1997 = EDGE_CURVE ( 'NONE', #111, #1677, #1103, .T. ) ;
#1998 = DIRECTION ( 'NONE',  ( 1.000000000000000000, 0.000000000000000000, 0.000000000000000000 ) ) ;
#1999 = DIRECTION ( 'NONE',  ( 1.000000000000000000, -0.000000000000000000, 0.000000000000000000 ) ) ;
#2000 = CARTESIAN_POINT ( 'NONE',  ( 16.64827586206901699, 75.00000000000001421, -224.8844297653357671 ) ) ;
#2001 = EDGE_LOOP ( 'NONE', ( #1724, #2062, #80, #2507 ) ) ;
#2002 = CARTESIAN_POINT ( 'NONE',  ( 16.64827586206911292, 0.000000000000000000, 190.1155702346640624 ) ) ;
#2003 = AXIS2_PLACEMENT_3D ( 'NONE', #933, #400, #2739 ) ;
#2004 = CARTESIAN_POINT ( 'NONE',  ( -88.35172413793092971, 50.00000000000000000, 190.1155702346641192 ) ) ;
#2005 = CARTESIAN_POINT ( 'NONE',  ( 11.64827586206910937, 50.00000000000000000, 157.6155702346640624 ) ) ;
#2006 = ORIENTED_EDGE ( 'NONE', *, *, #1707, .F. ) ;
#2007 = CARTESIAN_POINT ( 'NONE',  ( -38.35172413793086577, 50.00000000000000000, 195.1155702346640624 ) ) ;
#2008 = VERTEX_POINT ( 'NONE', #82 ) ;
#2009 = CARTESIAN_POINT ( 'NONE',  ( -68.35172413793088708, 50.00000000000000000, 190.1155702346641192 ) ) ;
#2010 = ORIENTED_EDGE ( 'NONE', *, *, #621, .F. ) ;
#2011 = CARTESIAN_POINT ( 'NONE',  ( -88.35172413793071655, 50.00000000000000000, -219.8844297653358240 ) ) ;
#2012 = EDGE_CURVE ( 'NONE', #1168, #1254, #48, .T. ) ;
#2013 = EDGE_LOOP ( 'NONE', ( #2462, #1377, #2162, #1926 ) ) ;
#2014 = CARTESIAN_POINT ( 'NONE',  ( -173.3517241379310008, -25.00000000000000711, -219.8844297653358808 ) ) ;
#2015 = DIRECTION ( 'NONE',  ( 1.000000000000000000, -3.284125698689739523E-17, 6.106226635438360972E-16 ) ) ;
#2016 = LINE ( 'NONE', #958, #1285 ) ;
#2017 = CARTESIAN_POINT ( 'NONE',  ( -81.93277310924362666, 50.00000000000000000, -170.7983193277310932 ) ) ;
#2018 = ADVANCED_FACE ( 'NONE', ( #2110, #815 ), #600, .F. ) ;
#2019 = ORIENTED_EDGE ( 'NONE', *, *, #1471, .T. ) ;
#2020 = VECTOR ( 'NONE', #614, 1000.000000000000000 ) ;
#2021 = DIRECTION ( 'NONE',  ( 0.000000000000000000, 0.000000000000000000, 1.000000000000000000 ) ) ;
#2022 = CARTESIAN_POINT ( 'NONE',  ( 0.000000000000000000, -50.00000000000000000, 0.000000000000000000 ) ) ;
#2023 = CARTESIAN_POINT ( 'NONE',  ( 243.0672268907564160, -50.00000000000000000, -20.79831932773107894 ) ) ;
#2024 = ADVANCED_FACE ( 'NONE', ( #265, #2307 ), #1054, .F. ) ;
#2025 = VECTOR ( 'NONE', #841, 1000.000000000000000 ) ;
#2026 = ORIENTED_EDGE ( 'NONE', *, *, #1673, .T. ) ;
#2027 = CIRCLE ( 'NONE', #790, 10.00000000000000178 ) ;
#2028 = VECTOR ( 'NONE', #1711, 1000.000000000000000 ) ;
#2029 = VERTEX_POINT ( 'NONE', #1804 ) ;
#2030 = DIRECTION ( 'NONE',  ( -2.775557561562891351E-16, 0.000000000000000000, 1.000000000000000000 ) ) ;
#2031 = ORIENTED_EDGE ( 'NONE', *, *, #1675, .F. ) ;
#2032 = CARTESIAN_POINT ( 'NONE',  ( -173.3517241379309155, 0.000000000000000000, 157.6655702346641306 ) ) ;
#2033 = ORIENTED_EDGE ( 'NONE', *, *, #2012, .T. ) ;
#2034 = VECTOR ( 'NONE', #2741, 1000.000000000000000 ) ;
#2035 = FACE_OUTER_BOUND ( 'NONE', #836, .T. ) ;
#2036 = DIRECTION ( 'NONE',  ( 1.000000000000000000, 1.199270170990242107E-33, -2.160413078075274755E-17 ) ) ;
#2037 = PLANE ( 'NONE',  #152 ) ;
#2038 = LINE ( 'NONE', #3254, #2573 ) ;
#2039 = ORIENTED_EDGE ( 'NONE', *, *, #347, .F. ) ;
#2040 = LINE ( 'NONE', #494, #1072 ) ;
#2041 = EDGE_CURVE ( 'NONE', #1760, #52, #752, .T. ) ;
#2042 = AXIS2_PLACEMENT_3D ( 'NONE', #2713, #154, #705 ) ;
#2043 = VECTOR ( 'NONE', #2269, 1000.000000000000000 ) ;
#2044 = DIRECTION ( 'NONE',  ( -0.000000000000000000, 1.000000000000000000, -3.361026734705060787E-16 ) ) ;
#2045 = DIRECTION ( 'NONE',  ( 0.000000000000000000, 0.000000000000000000, 1.000000000000000000 ) ) ;
#2046 = VERTEX_POINT ( 'NONE', #527 ) ;
#2047 = AXIS2_PLACEMENT_3D ( 'NONE', #1190, #1691, #1956 ) ;
#2048 = ADVANCED_FACE ( 'NONE', ( #316 ), #281, .F. ) ;
#2049 = VERTEX_POINT ( 'NONE', #2842 ) ;
#2050 = LINE ( 'NONE', #2063, #1440 ) ;
#2051 = ORIENTED_EDGE ( 'NONE', *, *, #1266, .T. ) ;
#2052 = CARTESIAN_POINT ( 'NONE',  ( -81.93277310924362666, 50.00000000000000000, 429.2016806722688784 ) ) ;
#2053 = VERTEX_POINT ( 'NONE', #1070 ) ;
#2054 = CARTESIAN_POINT ( 'NONE',  ( -81.93277310924362666, 0.000000000000000000, -170.7983193277310932 ) ) ;
#2055 = DIRECTION ( 'NONE',  ( 0.000000000000000000, -1.000000000000000000, 0.000000000000000000 ) ) ;
#2056 = ORIENTED_EDGE ( 'NONE', *, *, #990, .F. ) ;
#2057 = CARTESIAN_POINT ( 'NONE',  ( 218.0672268907563307, 0.000000000000000000, -170.7983193277310647 ) ) ;
#2058 = DIRECTION ( 'NONE',  ( 3.469446951953614189E-16, -0.000000000000000000, 1.000000000000000000 ) ) ;
#2059 = EDGE_CURVE ( 'NONE', #3172, #1254, #1342, .T. ) ;
#2060 = VECTOR ( 'NONE', #972, 1000.000000000000000 ) ;
#2061 = EDGE_CURVE ( 'NONE', #3045, #829, #1587, .T. ) ;
#2062 = ORIENTED_EDGE ( 'NONE', *, *, #1637, .F. ) ;
#2063 = CARTESIAN_POINT ( 'NONE',  ( -88.35172413793101498, 0.000000000000000000, -159.8844297653358808 ) ) ;
#2064 = VERTEX_POINT ( 'NONE', #831 ) ;
#2065 = CARTESIAN_POINT ( 'NONE',  ( -173.3517241379309155, 50.00000000000000000, 157.6655702346641306 ) ) ;
#2066 = EDGE_CURVE ( 'NONE', #800, #1971, #2410, .T. ) ;
#2067 = EDGE_LOOP ( 'NONE', ( #433, #1125, #1410, #365 ) ) ;
#2068 = LINE ( 'NONE', #309, #385 ) ;
#2069 = CARTESIAN_POINT ( 'NONE',  ( -130.7317073170732158, -350.0000000000001705, -89.26829268292688369 ) ) ;
#2070 = CARTESIAN_POINT ( 'NONE',  ( 11.64827586206898502, 0.000000000000000000, -159.8844297653359376 ) ) ;
#2071 = AXIS2_PLACEMENT_3D ( 'NONE', #271, #2563, #2333 ) ;
#2072 = ORIENTED_EDGE ( 'NONE', *, *, #3000, .T. ) ;
#2073 = PLANE ( 'NONE',  #2446 ) ;
#2074 = CARTESIAN_POINT ( 'NONE',  ( 268.0672268907563307, 0.000000000000000000, -170.7983193277310932 ) ) ;
#2075 = CARTESIAN_POINT ( 'NONE',  ( -125.7317073170732016, 0.000000000000000000, -9.268292682926878356 ) ) ;
#2076 = ORIENTED_EDGE ( 'NONE', *, *, #2220, .T. ) ;
#2077 = EDGE_LOOP ( 'NONE', ( #569, #2958, #2240, #1097 ) ) ;
#2078 = VECTOR ( 'NONE', #3094, 1000.000000000000000 ) ;
#2079 = ORIENTED_EDGE ( 'NONE', *, *, #783, .T. ) ;
#2080 = DIRECTION ( 'NONE',  ( -1.040834085586085203E-14, -0.000000000000000000, 1.000000000000000000 ) ) ;
#2081 = ADVANCED_FACE ( 'NONE', ( #2821 ), #2874, .F. ) ;
#2082 = VERTEX_POINT ( 'NONE', #1333 ) ;
#2083 = DIRECTION ( 'NONE',  ( -3.265361837132813586E-16, -0.000000000000000000, -1.000000000000000000 ) ) ;
#2084 = VERTEX_POINT ( 'NONE', #2014 ) ;
#2085 = LINE ( 'NONE', #42, #11 ) ;
#2086 = ADVANCED_FACE ( 'NONE', ( #2267 ), #3287, .T. ) ;
#2087 = PRESENTATION_STYLE_ASSIGNMENT (( #2300 ) ) ;
#2088 = VECTOR ( 'NONE', #72, 1000.000000000000000 ) ;
#2089 = DIRECTION ( 'NONE',  ( -3.265361837132816544E-16, -0.000000000000000000, 1.000000000000000000 ) ) ;
#2090 = ORIENTED_EDGE ( 'NONE', *, *, #1429, .F. ) ;
#2091 = DIRECTION ( 'NONE',  ( -0.000000000000000000, -0.000000000000000000, 1.000000000000000000 ) ) ;
#2092 = DIRECTION ( 'NONE',  ( -1.000000000000000000, 0.000000000000000000, 3.469446951953614189E-16 ) ) ;
#2093 = DIRECTION ( 'NONE',  ( -0.000000000000000000, -1.000000000000000000, -0.000000000000000000 ) ) ;
#2094 = CLOSED_SHELL ( 'NONE', ( #1529, #1797, #913, #2103, #1908, #610, #2107, #2024, #2422, #2673, #2369, #1261, #418, #1122, #629, #136, #2863, #1546, #1366, #1490, #2706, #60, #33, #276, #2282, #2806, #56, #1892 ) ) ;
#2095 = AXIS2_PLACEMENT_3D ( 'NONE', #2355, #63, #1567 ) ;
#2096 = ORIENTED_EDGE ( 'NONE', *, *, #1666, .F. ) ;
#2097 = AXIS2_PLACEMENT_3D ( 'NONE', #1358, #1821, #3095 ) ;
#2098 = ORIENTED_EDGE ( 'NONE', *, *, #3049, .T. ) ;
#2099 = ORIENTED_EDGE ( 'NONE', *, *, #1446, .F. ) ;
#2100 = CARTESIAN_POINT ( 'NONE',  ( -173.3517241379309155, 0.000000000000000000, 125.1155702346641050 ) ) ;
#2101 = LINE ( 'NONE', #503, #979 ) ;
#2102 = AXIS2_PLACEMENT_3D ( 'NONE', #2382, #1130, #1661 ) ;
#2103 = ADVANCED_FACE ( 'NONE', ( #923 ), #3021, .F. ) ;
#2104 = LINE ( 'NONE', #3107, #1455 ) ;
#2105 = ITEM_DEFINED_TRANSFORMATION ( 'NONE', 'NONE', #2395,  #411 ) ;
#2106 = LINE ( 'NONE', #3126, #1011 ) ;
#2107 = ADVANCED_FACE ( 'NONE', ( #1463 ), #1943, .T. ) ;
#2108 = ORIENTED_EDGE ( 'NONE', *, *, #2141, .F. ) ;
#2109 = CARTESIAN_POINT ( 'NONE',  ( 218.0672268907563875, 50.00000000000000000, 429.2016806722688784 ) ) ;
#2110 = FACE_BOUND ( 'NONE', #2392, .T. ) ;
#2111 = DIRECTION ( 'NONE',  ( 0.000000000000000000, 0.000000000000000000, -1.000000000000000000 ) ) ;
#2112 = ORIENTED_EDGE ( 'NONE', *, *, #2810, .T. ) ;
#2113 = ORIENTED_EDGE ( 'NONE', *, *, #990, .T. ) ;
#2114 = ORIENTED_EDGE ( 'NONE', *, *, #2833, .F. ) ;
#2115 = FACE_OUTER_BOUND ( 'NONE', #1670, .T. ) ;
#2116 = DIRECTION ( 'NONE',  ( -0.000000000000000000, -1.000000000000000000, -0.000000000000000000 ) ) ;
#2117 = ORIENTED_EDGE ( 'NONE', *, *, #1856, .F. ) ;
#2118 = CARTESIAN_POINT ( 'NONE',  ( -125.7317073170732016, 34.99999999999999289, -49.26829268292686947 ) ) ;
#2119 = CARTESIAN_POINT ( 'NONE',  ( -131.9327731092436125, 0.000000000000000000, 329.2016806722688216 ) ) ;
#2120 = ADVANCED_FACE ( 'NONE', ( #453 ), #3037, .F. ) ;
#2121 = SURFACE_SIDE_STYLE ('',( #2600 ) ) ;
#2122 = ORIENTED_EDGE ( 'NONE', *, *, #3190, .F. ) ;
#2123 = DIRECTION ( 'NONE',  ( -0.000000000000000000, -0.000000000000000000, -1.000000000000000000 ) ) ;
#2124 = DIRECTION ( 'NONE',  ( 0.000000000000000000, 0.000000000000000000, -1.000000000000000000 ) ) ;
#2125 = EDGE_CURVE ( 'NONE', #364, #2148, #2764, .T. ) ;
#2126 = CARTESIAN_POINT ( 'NONE',  ( 243.0672268907563875, -50.00000000000000000, -70.79831932773106473 ) ) ;
#2127 = EDGE_LOOP ( 'NONE', ( #85, #932, #3114, #190 ) ) ;
#2128 = ADVANCED_FACE ( 'NONE', ( #938 ), #2746, .F. ) ;
#2129 = ORIENTED_EDGE ( 'NONE', *, *, #642, .T. ) ;
#2130 = LINE ( 'NONE', #3225, #1763 ) ;
#2131 = LINE ( 'NONE', #1096, #2558 ) ;
#2132 = AXIS2_PLACEMENT_3D ( 'NONE', #2474, #2757, #215 ) ;
#2133 = PLANE ( 'NONE',  #1086 ) ;
#2134 = DIRECTION ( 'NONE',  ( 1.000000000000000000, 0.000000000000000000, 1.387778780781445922E-16 ) ) ;
#2135 = CARTESIAN_POINT ( 'NONE',  ( -68.35172413793088708, 50.00000000000000000, 190.1155702346641192 ) ) ;
#2136 = VECTOR ( 'NONE', #2498, 1000.000000000000000 ) ;
#2137 = EDGE_LOOP ( 'NONE', ( #463, #3035, #2108, #326 ) ) ;
#2138 = DIRECTION ( 'NONE',  ( 0.000000000000000000, 0.000000000000000000, -1.000000000000000000 ) ) ;
#2139 = CARTESIAN_POINT ( 'NONE',  ( -125.7317073170732016, 0.000000000000000000, -44.26829268292688369 ) ) ;
#2140 = CARTESIAN_POINT ( 'NONE',  ( -125.7317073170732016, 0.000000000000000000, -59.26829268292688369 ) ) ;
#2141 = EDGE_CURVE ( 'NONE', #2082, #3013, #1023, .T. ) ;
#2142 = ORIENTED_EDGE ( 'NONE', *, *, #2877, .F. ) ;
#2143 = CARTESIAN_POINT ( 'NONE',  ( -75.73170731707318737, 34.99999999999999289, -49.26829268292686237 ) ) ;
#2144 = VERTEX_POINT ( 'NONE', #2479 ) ;
#2145 = EDGE_CURVE ( 'NONE', #34, #726, #1178, .T. ) ;
#2146 = VECTOR ( 'NONE', #1090, 1000.000000000000000 ) ;
#2147 = CARTESIAN_POINT ( 'NONE',  ( -75.73170731707320158, 0.000000000000000000, -89.26829268292688369 ) ) ;
#2148 = VERTEX_POINT ( 'NONE', #1744 ) ;
#2149 = LINE ( 'NONE', #3177, #3062 ) ;
#2150 = AXIS2_PLACEMENT_3D ( 'NONE', #1251, #2834, #1581 ) ;
#2151 = CARTESIAN_POINT ( 'NONE',  ( -130.7317073170732158, 99.99999999999998579, -99.26829268292686947 ) ) ;
#2152 = AXIS2_PLACEMENT_3D ( 'NONE', #1942, #2515, #3285 ) ;
#2153 = APPLICATION_CONTEXT ( 'automotive_design' ) ;
#2154 = DIRECTION ( 'NONE',  ( -0.000000000000000000, -0.000000000000000000, -1.000000000000000000 ) ) ;
#2155 = DIRECTION ( 'NONE',  ( -0.000000000000000000, -1.000000000000000000, -0.000000000000000000 ) ) ;
#2156 = ORIENTED_EDGE ( 'NONE', *, *, #3089, .T. ) ;
#2157 = DIRECTION ( 'NONE',  ( 1.387778780781445676E-16, 0.000000000000000000, 1.000000000000000000 ) ) ;
#2158 = EDGE_CURVE ( 'NONE', #1254, #903, #1479, .T. ) ;
#2159 = ORIENTED_EDGE ( 'NONE', *, *, #3148, .T. ) ;
#2160 = DIRECTION ( 'NONE',  ( -6.938893903907257960E-16, 0.000000000000000000, 1.000000000000000000 ) ) ;
#2161 = EDGE_CURVE ( 'NONE', #2536, #2911, #3272, .T. ) ;
#2162 = ORIENTED_EDGE ( 'NONE', *, *, #765, .T. ) ;
#2163 = CARTESIAN_POINT ( 'NONE',  ( -130.7317073170732158, 0.000000000000000000, -99.26829268292686947 ) ) ;
#2164 = VECTOR ( 'NONE', #2093, 1000.000000000000000 ) ;
#2165 = DIRECTION ( 'NONE',  ( -1.000000000000000000, 0.000000000000000000, 1.387778780781445676E-16 ) ) ;
#2166 = EDGE_CURVE ( 'NONE', #532, #1294, #1694, .T. ) ;
#2167 = CARTESIAN_POINT ( 'NONE',  ( 218.0672268907563307, 0.000000000000000000, -170.7983193277310647 ) ) ;
#2168 = DIRECTION ( 'NONE',  ( -0.000000000000000000, -0.000000000000000000, -1.000000000000000000 ) ) ;
#2169 = CARTESIAN_POINT ( 'NONE',  ( 0.000000000000000000, 10.00000000000001599, 0.000000000000000000 ) ) ;
#2170 = ORIENTED_EDGE ( 'NONE', *, *, #3226, .F. ) ;
#2171 = LINE ( 'NONE', #2947, #2177 ) ;
#2172 = VERTEX_POINT ( 'NONE', #2984 ) ;
#2173 = ORIENTED_EDGE ( 'NONE', *, *, #2258, .T. ) ;
#2174 = EDGE_CURVE ( 'NONE', #1924, #2631, #1499, .T. ) ;
#2175 = CARTESIAN_POINT ( 'NONE',  ( -125.7317073170732016, 34.99999999999999289, -39.26829268292686947 ) ) ;
#2176 = ORIENTED_EDGE ( 'NONE', *, *, #17, .F. ) ;
#2177 = VECTOR ( 'NONE', #142, 1000.000000000000000 ) ;
#2178 = DIRECTION ( 'NONE',  ( 0.000000000000000000, 0.000000000000000000, -1.000000000000000000 ) ) ;
#2179 = EDGE_CURVE ( 'NONE', #934, #1393, #204, .T. ) ;
#2180 = DIRECTION ( 'NONE',  ( -1.000000000000000000, 0.000000000000000000, -0.000000000000000000 ) ) ;
#2181 = AXIS2_PLACEMENT_3D ( 'NONE', #906, #2165, #2399 ) ;
#2182 = ADVANCED_FACE ( 'NONE', ( #1727 ), #439, .F. ) ;
#2183 = VECTOR ( 'NONE', #2857, 1000.000000000000000 ) ;
#2184 = DIRECTION ( 'NONE',  ( 0.000000000000000000, 0.000000000000000000, 1.000000000000000000 ) ) ;
#2185 = LINE ( 'NONE', #94, #1595 ) ;
#2186 = CARTESIAN_POINT ( 'NONE',  ( -125.7317073170732016, -350.0000000000001705, -54.26829268292687658 ) ) ;
#2187 = ORIENTED_EDGE ( 'NONE', *, *, #1349, .F. ) ;
#2188 = LINE ( 'NONE', #178, #2088 ) ;
#2189 = ORIENTED_EDGE ( 'NONE', *, *, #2838, .F. ) ;
#2190 = VECTOR ( 'NONE', #1109, 1000.000000000000000 ) ;
#2191 = DIRECTION ( 'NONE',  ( -1.000000000000000000, 0.000000000000000000, 0.000000000000000000 ) ) ;
#2192 = ORIENTED_EDGE ( 'NONE', *, *, #1997, .T. ) ;
#2193 = CARTESIAN_POINT ( 'NONE',  ( -173.3517241379309155, 50.00000000000000000, 125.1155702346641050 ) ) ;
#2194 = ORIENTED_EDGE ( 'NONE', *, *, #31, .T. ) ;
#2195 = AXIS2_PLACEMENT_3D ( 'NONE', #2519, #721, #2783 ) ;
#2196 = AXIS2_PLACEMENT_3D ( 'NONE', #3077, #2089, #1304 ) ;
#2197 = CARTESIAN_POINT ( 'NONE',  ( -131.9327731092436125, 50.00000000000000000, -170.7983193277310932 ) ) ;
#2198 = EDGE_CURVE ( 'NONE', #46, #1907, #3252, .T. ) ;
#2199 = DIRECTION ( 'NONE',  ( 0.000000000000000000, 0.000000000000000000, -1.000000000000000000 ) ) ;
#2200 =( LENGTH_UNIT ( ) NAMED_UNIT ( * ) SI_UNIT ( .MILLI., .METRE. ) );
#2201 = LINE ( 'NONE', #2139, #3197 ) ;
#2202 = DIRECTION ( 'NONE',  ( -1.000000000000000000, -0.000000000000000000, 5.551115123125780730E-16 ) ) ;
#2203 = ADVANCED_FACE ( 'NONE', ( #1996 ), #224, .F. ) ;
#2204 = ORIENTED_EDGE ( 'NONE', *, *, #1649, .T. ) ;
#2205 = PLANE ( 'NONE',  #2454 ) ;
#2206 = ORIENTED_EDGE ( 'NONE', *, *, #3245, .T. ) ;
#2207 = DIRECTION ( 'NONE',  ( -3.469446951953614682E-16, 0.000000000000000000, -1.000000000000000000 ) ) ;
#2208 = ORIENTED_EDGE ( 'NONE', *, *, #2939, .T. ) ;
#2209 = LINE ( 'NONE', #1475, #476 ) ;
#2210 = EDGE_LOOP ( 'NONE', ( #2218, #696, #58, #1787 ) ) ;
#2211 = LINE ( 'NONE', #469, #2214 ) ;
#2212 = DIRECTION ( 'NONE',  ( -0.000000000000000000, -1.000000000000000000, -0.000000000000000000 ) ) ;
#2213 = APPLICATION_PROTOCOL_DEFINITION ( 'draft international standard', 'automotive_design', 1998, #655 ) ;
#2214 = VECTOR ( 'NONE', #202, 1000.000000000000000 ) ;
#2215 = EDGE_CURVE ( 'NONE', #2995, #297, #2068, .T. ) ;
#2216 = DIRECTION ( 'NONE',  ( 1.387778780781445922E-16, 0.000000000000000000, -1.000000000000000000 ) ) ;
#2217 = FACE_OUTER_BOUND ( 'NONE', #2137, .T. ) ;
#2218 = ORIENTED_EDGE ( 'NONE', *, *, #2977, .T. ) ;
#2219 = DIRECTION ( 'NONE',  ( 0.000000000000000000, 0.000000000000000000, 1.000000000000000000 ) ) ;
#2220 = EDGE_CURVE ( 'NONE', #1120, #3196, #1302, .T. ) ;
#2221 = DIRECTION ( 'NONE',  ( 0.000000000000000000, 0.000000000000000000, 1.000000000000000000 ) ) ;
#2222 = CARTESIAN_POINT ( 'NONE',  ( -125.7317073170732016, 0.000000000000000000, -54.26829268292687658 ) ) ;
#2223 = ORIENTED_EDGE ( 'NONE', *, *, #2833, .T. ) ;
#2224 = EDGE_CURVE ( 'NONE', #321, #2049, #2299, .T. ) ;
#2225 = DIRECTION ( 'NONE',  ( 1.000000000000000000, 0.000000000000000000, 6.938893903907257960E-16 ) ) ;
#2226 = ORIENTED_EDGE ( 'NONE', *, *, #155, .T. ) ;
#2227 = DIRECTION ( 'NONE',  ( 1.000000000000000000, 0.000000000000000000, -8.540177112501212273E-16 ) ) ;
#2228 = ORIENTED_EDGE ( 'NONE', *, *, #2501, .F. ) ;
#2229 = DIRECTION ( 'NONE',  ( -2.312964634635742957E-16, -0.000000000000000000, 1.000000000000000000 ) ) ;
#2230 = DIRECTION ( 'NONE',  ( 0.000000000000000000, -0.000000000000000000, -1.000000000000000000 ) ) ;
#2231 = DIRECTION ( 'NONE',  ( -1.387778780781445922E-16, 0.000000000000000000, 1.000000000000000000 ) ) ;
#2232 = DIRECTION ( 'NONE',  ( -1.000000000000000000, 0.000000000000000000, 0.000000000000000000 ) ) ;
#2233 = AXIS2_PLACEMENT_3D ( 'NONE', #1665, #3179, #2969 ) ;
#2234 = VECTOR ( 'NONE', #2919, 1000.000000000000000 ) ;
#2235 = ORIENTED_EDGE ( 'NONE', *, *, #1466, .T. ) ;
#2236 = CARTESIAN_POINT ( 'NONE',  ( -70.73170731707321579, 0.000000000000000000, -99.26829268292686947 ) ) ;
#2237 = CARTESIAN_POINT ( 'NONE',  ( -168.3517241379309155, 0.000000000000000000, 130.1155702346641192 ) ) ;
#2238 = DIRECTION ( 'NONE',  ( -1.000000000000000000, -0.000000000000000000, -1.040834085586084503E-16 ) ) ;
#2239 = EDGE_CURVE ( 'NONE', #2363, #233, #2085, .T. ) ;
#2240 = ORIENTED_EDGE ( 'NONE', *, *, #1249, .T. ) ;
#2241 = DIRECTION ( 'NONE',  ( 5.551115123125780730E-16, -0.000000000000000000, 1.000000000000000000 ) ) ;
#2242 = EDGE_CURVE ( 'NONE', #2536, #3104, #3091, .T. ) ;
#2243 = ORIENTED_EDGE ( 'NONE', *, *, #2725, .T. ) ;
#2244 = LINE ( 'NONE', #935, #2298 ) ;
#2245 = ORIENTED_EDGE ( 'NONE', *, *, #2061, .T. ) ;
#2246 = CARTESIAN_POINT ( 'NONE',  ( -70.73170731707321579, 99.99999999999998579, -99.26829268292686947 ) ) ;
#2247 = CIRCLE ( 'NONE', #62, 10.00000000000000178 ) ;
#2248 = CARTESIAN_POINT ( 'NONE',  ( -68.35172413793088708, 50.00000000000000000, 190.1155702346641192 ) ) ;
#2249 = CARTESIAN_POINT ( 'NONE',  ( -70.73170731707321579, 0.000000000000000000, 0.7317073170731297482 ) ) ;
#2250 = AXIS2_PLACEMENT_3D ( 'NONE', #3027, #2753, #1506 ) ;
#2251 = CARTESIAN_POINT ( 'NONE',  ( -173.3517241379310008, 75.00000000000001421, -219.8844297653358808 ) ) ;
#2252 = ORIENTED_EDGE ( 'NONE', *, *, #382, .T. ) ;
#2253 = DIRECTION ( 'NONE',  ( -2.312964634635742957E-16, -0.000000000000000000, 1.000000000000000000 ) ) ;
#2254 = FACE_OUTER_BOUND ( 'NONE', #1706, .T. ) ;
#2255 = VECTOR ( 'NONE', #275, 1000.000000000000000 ) ;
#2256 = PRODUCT ( 'base frame', 'base frame', '', ( #328 ) ) ;
#2257 = DIRECTION ( 'NONE',  ( -1.000000000000000000, 0.000000000000000000, 0.000000000000000000 ) ) ;
#2258 = EDGE_CURVE ( 'NONE', #1861, #2612, #2551, .T. ) ;
#2259 = LINE ( 'NONE', #1688, #367 ) ;
#2260 = ORIENTED_EDGE ( 'NONE', *, *, #826, .F. ) ;
#2261 = DIRECTION ( 'NONE',  ( 1.000000000000000000, 0.000000000000000000, 1.387778780781445922E-16 ) ) ;
#2262 = EDGE_CURVE ( 'NONE', #1934, #3172, #572, .T. ) ;
#2263 = ORIENTED_EDGE ( 'NONE', *, *, #2552, .T. ) ;
#2264 = CARTESIAN_POINT ( 'NONE',  ( -75.73170731707318737, 10.00000000000001599, -99.26829268292686947 ) ) ;
#2265 = ORIENTED_EDGE ( 'NONE', *, *, #2158, .T. ) ;
#2266 = VECTOR ( 'NONE', #517, 1000.000000000000000 ) ;
#2267 = FACE_OUTER_BOUND ( 'NONE', #3138, .T. ) ;
#2268 = FACE_OUTER_BOUND ( 'NONE', #1628, .T. ) ;
#2269 = DIRECTION ( 'NONE',  ( -0.000000000000000000, 1.000000000000000000, 0.000000000000000000 ) ) ;
#2270 = ORIENTED_EDGE ( 'NONE', *, *, #242, .T. ) ;
#2271 = CARTESIAN_POINT ( 'NONE',  ( -168.3517241379310292, 50.00000000000000000, -187.3844297653358524 ) ) ;
#2272 = CARTESIAN_POINT ( 'NONE',  ( -85.73170731707317316, 130.0000000000000000, 0.7317073170731277498 ) ) ;
#2273 = FACE_OUTER_BOUND ( 'NONE', #2502, .T. ) ;
#2274 = EDGE_LOOP ( 'NONE', ( #1957, #2346, #2645, #2760, #3175, #2117, #1812, #1922, #1654, #662 ) ) ;
#2275 = UNCERTAINTY_MEASURE_WITH_UNIT (LENGTH_MEASURE( 1.000000000000000082E-05 ), #2200, 'distance_accuracy_value', 'NONE');
#2276 = ORIENTED_EDGE ( 'NONE', *, *, #805, .F. ) ;
#2277 = PRODUCT_RELATED_PRODUCT_CATEGORY ( 'part', '', ( #1211 ) ) ;
#2278 = CARTESIAN_POINT ( 'NONE',  ( -81.93277310924362666, 0.000000000000000000, 429.2016806722688784 ) ) ;
#2279 = ORIENTED_EDGE ( 'NONE', *, *, #907, .T. ) ;
#2280 = CARTESIAN_POINT ( 'NONE',  ( -0.8517241379308870819, 25.00000000000000000, -165.8844297653360229 ) ) ;
#2281 = EDGE_LOOP ( 'NONE', ( #1645, #518, #1314, #12 ) ) ;
#2282 = ADVANCED_FACE ( 'NONE', ( #2566 ), #255, .F. ) ;
#2283 = LINE ( 'NONE', #3302, #2414 ) ;
#2284 = DIRECTION ( 'NONE',  ( -1.000000000000000000, 3.168643192728606288E-17, -5.088335890438235298E-18 ) ) ;
#2285 = LINE ( 'NONE', #3305, #3155 ) ;
#2286 = CARTESIAN_POINT ( 'NONE',  ( -68.35172413793101498, 0.000000000000000000, -219.8844297653357955 ) ) ;
#2287 = ADVANCED_FACE ( 'NONE', ( #759 ), #1564, .F. ) ;
#2288 = ORIENTED_EDGE ( 'NONE', *, *, #2464, .T. ) ;
#2289 = CARTESIAN_POINT ( 'NONE',  ( 16.64827586206901344, -25.00000000000000711, -219.8844297653357671 ) ) ;
#2290 = LINE ( 'NONE', #3047, #1664 ) ;
#2291 = DIRECTION ( 'NONE',  ( -1.000000000000000000, 0.000000000000000000, -0.000000000000000000 ) ) ;
#2292 = VECTOR ( 'NONE', #2353, 1000.000000000000000 ) ;
#2293 = ORIENTED_EDGE ( 'NONE', *, *, #286, .T. ) ;
#2294 = CARTESIAN_POINT ( 'NONE',  ( -70.73170731707321579, 99.99999999999998579, -99.26829268292686947 ) ) ;
#2295 = ORIENTED_EDGE ( 'NONE', *, *, #2425, .F. ) ;
#2296 = CARTESIAN_POINT ( 'NONE',  ( -68.35172413793088708, 0.000000000000000000, 125.1155702346640766 ) ) ;
#2297 = ORIENTED_EDGE ( 'NONE', *, *, #475, .T. ) ;
#2298 = VECTOR ( 'NONE', #683, 1000.000000000000000 ) ;
#2299 = LINE ( 'NONE', #2537, #1985 ) ;
#2300 = SURFACE_STYLE_USAGE ( .BOTH. , #507 ) ;
#2301 = EDGE_CURVE ( 'NONE', #303, #1775, #2104, .T. ) ;
#2302 = FILL_AREA_STYLE_COLOUR ( '', #428 ) ;
#2303 = ORIENTED_EDGE ( 'NONE', *, *, #1778, .F. ) ;
#2304 = CARTESIAN_POINT ( 'NONE',  ( -70.73170731707321579, -350.0000000000001705, -89.26829268292688369 ) ) ;
#2305 = AXIS2_PLACEMENT_3D ( 'NONE', #2910, #1113, #612 ) ;
#2306 = VECTOR ( 'NONE', #689, 1000.000000000000000 ) ;
#2307 = FACE_OUTER_BOUND ( 'NONE', #2577, .T. ) ;
#2308 = STYLED_ITEM ( 'NONE', ( #2087 ), #579 ) ;
#2309 = EDGE_CURVE ( 'NONE', #2084, #1704, #1284, .T. ) ;
#2310 = ORIENTED_EDGE ( 'NONE', *, *, #1429, .T. ) ;
#2311 = VECTOR ( 'NONE', #3271, 1000.000000000000000 ) ;
#2312 = EDGE_LOOP ( 'NONE', ( #978, #352, #416, #2594 ) ) ;
#2313 = DIRECTION ( 'NONE',  ( 1.000000000000000000, -0.000000000000000000, 0.000000000000000000 ) ) ;
#2314 = VERTEX_POINT ( 'NONE', #1831 ) ;
#2315 = CARTESIAN_POINT ( 'NONE',  ( 11.64827586206910937, 0.000000000000000000, 157.6155702346640624 ) ) ;
#2316 = ORIENTED_EDGE ( 'NONE', *, *, #2755, .F. ) ;
#2317 = CARTESIAN_POINT ( 'NONE',  ( -75.73170731707320158, 0.000000000000000000, -9.268292682926873027 ) ) ;
#2318 = ITEM_DEFINED_TRANSFORMATION ( 'NONE', 'NONE', #3149,  #411 ) ;
#2319 = DIRECTION ( 'NONE',  ( -1.000000000000000000, -0.000000000000000000, -2.775557561562891351E-16 ) ) ;
#2320 = PRODUCT_RELATED_PRODUCT_CATEGORY ( 'part', '', ( #1776 ) ) ;
#2321 = ORIENTED_EDGE ( 'NONE', *, *, #3208, .T. ) ;
#2322 = LINE ( 'NONE', #526, #2662 ) ;
#2323 = CARTESIAN_POINT ( 'NONE',  ( -75.73170731707320158, -350.0000000000001705, -54.26829268292686947 ) ) ;
#2324 = FACE_OUTER_BOUND ( 'NONE', #3128, .T. ) ;
#2325 =( REPRESENTATION_RELATIONSHIP ('NONE','NONE', #606, #51 ) REPRESENTATION_RELATIONSHIP_WITH_TRANSFORMATION ( #1534 )SHAPE_REPRESENTATION_RELATIONSHIP( ) );
#2326 = EDGE_CURVE ( 'NONE', #1183, #2351, #2814, .T. ) ;
#2327 = EDGE_LOOP ( 'NONE', ( #1590, #1525, #2642, #2756 ) ) ;
#2328 = AXIS2_PLACEMENT_3D ( 'NONE', #3118, #1071, #581 ) ;
#2329 = ORIENTED_EDGE ( 'NONE', *, *, #3226, .T. ) ;
#2330 = EDGE_CURVE ( 'NONE', #968, #1576, #2598, .T. ) ;
#2331 = DIRECTION ( 'NONE',  ( -3.265361837132813586E-16, -0.000000000000000000, -1.000000000000000000 ) ) ;
#2332 = ORIENTED_EDGE ( 'NONE', *, *, #504, .T. ) ;
#2333 = DIRECTION ( 'NONE',  ( 1.000000000000000000, 0.000000000000000000, -0.000000000000000000 ) ) ;
#2334 = ORIENTED_EDGE ( 'NONE', *, *, #832, .T. ) ;
#2335 = DIRECTION ( 'NONE',  ( 1.000000000000000000, -0.000000000000000000, 0.000000000000000000 ) ) ;
#2336 = SHAPE_DEFINITION_REPRESENTATION ( #886, #51 ) ;
#2337 = FACE_OUTER_BOUND ( 'NONE', #338, .T. ) ;
#2338 = DIRECTION ( 'NONE',  ( 0.000000000000000000, 1.000000000000000000, 0.000000000000000000 ) ) ;
#2339 = ORIENTED_EDGE ( 'NONE', *, *, #946, .T. ) ;
#2340 = DIRECTION ( 'NONE',  ( -0.000000000000000000, -1.000000000000000000, -0.000000000000000000 ) ) ;
#2341 = DIRECTION ( 'NONE',  ( -1.000000000000000000, 0.000000000000000000, 0.000000000000000000 ) ) ;
#2342 = FACE_OUTER_BOUND ( 'NONE', #388, .T. ) ;
#2343 = AXIS2_PLACEMENT_3D ( 'NONE', #1398, #2428, #2870 ) ;
#2344 = ORIENTED_EDGE ( 'NONE', *, *, #3202, .T. ) ;
#2345 = EDGE_CURVE ( 'NONE', #2911, #1843, #824, .T. ) ;
#2346 = ORIENTED_EDGE ( 'NONE', *, *, #2215, .T. ) ;
#2347 = VECTOR ( 'NONE', #2123, 1000.000000000000000 ) ;
#2348 = DIRECTION ( 'NONE',  ( -0.000000000000000000, -1.000000000000000000, -0.000000000000000000 ) ) ;
#2349 = LINE ( 'NONE', #2549, #1478 ) ;
#2350 = EDGE_CURVE ( 'NONE', #852, #499, #241, .T. ) ;
#2351 = VERTEX_POINT ( 'NONE', #506 ) ;
#2352 = CARTESIAN_POINT ( 'NONE',  ( 11.64827586206910937, 50.00000000000000000, 130.1155702346640908 ) ) ;
#2353 = DIRECTION ( 'NONE',  ( -1.000000000000000000, -0.000000000000000000, -0.000000000000000000 ) ) ;
#2354 = AXIS2_PLACEMENT_3D ( 'NONE', #2294, #533, #1827 ) ;
#2355 = CARTESIAN_POINT ( 'NONE',  ( -68.35172413793091550, 50.00000000000000000, -154.8844297653359376 ) ) ;
#2356 = VERTEX_POINT ( 'NONE', #1265 ) ;
#2357 = CARTESIAN_POINT ( 'NONE',  ( -68.35172413793101498, 50.00000000000000000, -159.8844297653359376 ) ) ;
#2358 = CARTESIAN_POINT ( 'NONE',  ( -75.73170731707318737, 10.00000000000001599, -99.26829268292686947 ) ) ;
#2359 = LINE ( 'NONE', #833, #1315 ) ;
#2360 = AXIS2_PLACEMENT_3D ( 'NONE', #2473, #3294, #1456 ) ;
#2361 = VECTOR ( 'NONE', #2786, 1000.000000000000000 ) ;
#2362 = ORIENTED_EDGE ( 'NONE', *, *, #14, .T. ) ;
#2363 = VERTEX_POINT ( 'NONE', #2869 ) ;
#2364 = DIRECTION ( 'NONE',  ( 1.000000000000000000, 0.000000000000000000, 0.000000000000000000 ) ) ;
#2365 = EDGE_CURVE ( 'NONE', #2376, #3025, #2283, .T. ) ;
#2366 = CARTESIAN_POINT ( 'NONE',  ( -131.9327731092436125, 0.000000000000000000, 329.2016806722688216 ) ) ;
#2367 = ORIENTED_EDGE ( 'NONE', *, *, #1666, .T. ) ;
#2368 = CARTESIAN_POINT ( 'NONE',  ( -68.35172413793101498, 0.000000000000000000, -159.8844297653359376 ) ) ;
#2369 = ADVANCED_FACE ( 'NONE', ( #2035 ), #1533, .F. ) ;
#2370 = APPLICATION_PROTOCOL_DEFINITION ( 'draft international standard', 'automotive_design', 1998, #3078 ) ;
#2371 = SURFACE_STYLE_FILL_AREA ( #3076 ) ;
#2372 = VERTEX_POINT ( 'NONE', #519 ) ;
#2373 = CARTESIAN_POINT ( 'NONE',  ( -75.73170731707318737, 120.0000000000000000, 0.7317073170731297482 ) ) ;
#2374 = LINE ( 'NONE', #1308, #162 ) ;
#2375 = LINE ( 'NONE', #1375, #129 ) ;
#2376 = VERTEX_POINT ( 'NONE', #1862 ) ;
#2377 = ORIENTED_EDGE ( 'NONE', *, *, #805, .T. ) ;
#2378 = CARTESIAN_POINT ( 'NONE',  ( 16.64827586206901344, 75.00000000000001421, -219.8844297653357671 ) ) ;
#2379 = DIRECTION ( 'NONE',  ( -1.040834085586085203E-14, -0.000000000000000000, 1.000000000000000000 ) ) ;
#2380 = PRODUCT_DEFINITION ( 'UNKNOWN', '', #1003, #2807 ) ;
#2381 = ORIENTED_EDGE ( 'NONE', *, *, #3144, .F. ) ;
#2382 = CARTESIAN_POINT ( 'NONE',  ( 0.000000000000000000, 0.000000000000000000, 0.000000000000000000 ) ) ;
#2383 =( NAMED_UNIT ( * ) SI_UNIT ( $, .STERADIAN. ) SOLID_ANGLE_UNIT ( ) );
#2384 = DIRECTION ( 'NONE',  ( 0.000000000000000000, 0.000000000000000000, 1.000000000000000000 ) ) ;
#2385 = ADVANCED_FACE ( 'NONE', ( #3157 ), #327, .F. ) ;
#2386 = ORIENTED_EDGE ( 'NONE', *, *, #347, .T. ) ;
#2387 = CARTESIAN_POINT ( 'NONE',  ( 243.0672268907563875, 0.000000000000000000, 329.2016806722688784 ) ) ;
#2388 = DIRECTION ( 'NONE',  ( -0.000000000000000000, -0.000000000000000000, -1.000000000000000000 ) ) ;
#2389 = DIRECTION ( 'NONE',  ( 9.251858538542972814E-17, 0.000000000000000000, 1.000000000000000000 ) ) ;
#2390 = EDGE_CURVE ( 'NONE', #1360, #780, #1353, .T. ) ;
#2391 = VERTEX_POINT ( 'NONE', #905 ) ;
#2392 = EDGE_LOOP ( 'NONE', ( #424, #3133 ) ) ;
#2393 = ORIENTED_EDGE ( 'NONE', *, *, #155, .F. ) ;
#2394 = LINE ( 'NONE', #1157, #3086 ) ;
#2395 = AXIS2_PLACEMENT_3D ( 'NONE', #1012, #2036, #2480 ) ;
#2396 = VECTOR ( 'NONE', #1170, 1000.000000000000000 ) ;
#2397 = DIRECTION ( 'NONE',  ( -1.000000000000000000, 0.000000000000000000, -0.000000000000000000 ) ) ;
#2398 = CARTESIAN_POINT ( 'NONE',  ( -131.9327731092436125, 50.00000000000000000, -170.7983193277310932 ) ) ;
#2399 = DIRECTION ( 'NONE',  ( 1.387778780781445676E-16, 0.000000000000000000, 1.000000000000000000 ) ) ;
#2400 = ORIENTED_EDGE ( 'NONE', *, *, #1289, .F. ) ;
#2401 = EDGE_CURVE ( 'NONE', #101, #1585, #592, .T. ) ;
#2402 = VECTOR ( 'NONE', #1313, 1000.000000000000000 ) ;
#2403 = CARTESIAN_POINT ( 'NONE',  ( -68.35172413793091550, 0.000000000000000000, -154.8844297653359376 ) ) ;
#2404 = FACE_OUTER_BOUND ( 'NONE', #3233, .T. ) ;
#2405 = VERTEX_POINT ( 'NONE', #3189 ) ;
#2406 = ADVANCED_FACE ( 'NONE', ( #1098, #2920 ), #2133, .F. ) ;
#2407 = DIRECTION ( 'NONE',  ( 1.000000000000000000, 0.000000000000000000, 5.843279076974507537E-16 ) ) ;
#2408 = PRODUCT_DEFINITION_CONTEXT ( 'detailed design', #3078, 'design' ) ;
#2409 = ORIENTED_EDGE ( 'NONE', *, *, #1778, .T. ) ;
#2410 = CIRCLE ( 'NONE', #538, 5.000000000000002665 ) ;
#2411 = CARTESIAN_POINT ( 'NONE',  ( 243.0672268907563875, -50.00000000000000000, 279.2016806722689353 ) ) ;
#2412 = ORIENTED_EDGE ( 'NONE', *, *, #1182, .T. ) ;
#2413 = CARTESIAN_POINT ( 'NONE',  ( -0.8517241379308870819, 25.00000000000000000, 125.1155702346640766 ) ) ;
#2414 = VECTOR ( 'NONE', #1010, 1000.000000000000000 ) ;
#2415 = DIRECTION ( 'NONE',  ( 0.000000000000000000, 0.000000000000000000, 1.000000000000000000 ) ) ;
#2416 = CARTESIAN_POINT ( 'NONE',  ( -150.8517241379309723, 25.00000000000000000, 145.1155702346640908 ) ) ;
#2417 = DIRECTION ( 'NONE',  ( -0.000000000000000000, -1.000000000000000000, -0.000000000000000000 ) ) ;
#2418 = LINE ( 'NONE', #3181, #1350 ) ;
#2419 = VERTEX_POINT ( 'NONE', #2368 ) ;
#2420 = ORIENTED_EDGE ( 'NONE', *, *, #870, .T. ) ;
#2421 = VECTOR ( 'NONE', #1080, 1000.000000000000000 ) ;
#2422 = ADVANCED_FACE ( 'NONE', ( #1647 ), #1159, .F. ) ;
#2423 = ORIENTED_EDGE ( 'NONE', *, *, #301, .T. ) ;
#2424 = LINE ( 'NONE', #341, #1963 ) ;
#2425 = EDGE_CURVE ( 'NONE', #2372, #2489, #1185, .T. ) ;
#2426 = VERTEX_POINT ( 'NONE', #1910 ) ;
#2427 = CARTESIAN_POINT ( 'NONE',  ( -125.7317073170732016, -350.0000000000001705, -44.26829268292688369 ) ) ;
#2428 = DIRECTION ( 'NONE',  ( 1.000000000000000000, -0.000000000000000000, 0.000000000000000000 ) ) ;
#2429 = VECTOR ( 'NONE', #697, 1000.000000000000000 ) ;
#2430 = DIRECTION ( 'NONE',  ( -2.775557561562891351E-16, 0.000000000000000000, 1.000000000000000000 ) ) ;
#2431 = LINE ( 'NONE', #2913, #2020 ) ;
#2432 = CARTESIAN_POINT ( 'NONE',  ( -85.73170731707318737, 120.0000000000000000, -99.26829268292686947 ) ) ;
#2433 = ORIENTED_EDGE ( 'NONE', *, *, #1423, .F. ) ;
#2434 = DIRECTION ( 'NONE',  ( 0.000000000000000000, -0.000000000000000000, -1.000000000000000000 ) ) ;
#2435 = PRODUCT_DEFINITION_SHAPE ( 'NONE', 'NONE',  #3315 ) ;
#2436 = VERTEX_POINT ( 'NONE', #76 ) ;
#2437 = EDGE_CURVE ( 'NONE', #2583, #1092, #1244, .T. ) ;
#2438 = CARTESIAN_POINT ( 'NONE',  ( -125.7317073170732016, 59.99999999999999289, -99.26829268292686947 ) ) ;
#2439 = VERTEX_POINT ( 'NONE', #858 ) ;
#2440 = VECTOR ( 'NONE', #2966, 1000.000000000000000 ) ;
#2441 = LINE ( 'NONE', #969, #2034 ) ;
#2442 = ADVANCED_FACE ( 'NONE', ( #1881 ), #2936, .T. ) ;
#2443 = CARTESIAN_POINT ( 'NONE',  ( -68.35172413793088708, 0.000000000000000000, 125.1155702346640766 ) ) ;
#2444 = PLANE ( 'NONE',  #1400 ) ;
#2445 = AXIS2_PLACEMENT_3D ( 'NONE', #404, #373, #2954 ) ;
#2446 = AXIS2_PLACEMENT_3D ( 'NONE', #578, #1148, #2138 ) ;
#2447 = DIRECTION ( 'NONE',  ( 0.000000000000000000, 0.000000000000000000, 1.000000000000000000 ) ) ;
#2448 = CARTESIAN_POINT ( 'NONE',  ( -68.35172413793088708, 0.000000000000000000, 190.1155702346641192 ) ) ;
#2449 = DIRECTION ( 'NONE',  ( 1.000000000000000000, 0.000000000000000000, -9.251858538542972814E-17 ) ) ;
#2450 = AXIS2_PLACEMENT_3D ( 'NONE', #2481, #2231, #707 ) ;
#2451 = ORIENTED_EDGE ( 'NONE', *, *, #1833, .F. ) ;
#2452 = CARTESIAN_POINT ( 'NONE',  ( 218.0672268907563875, 0.000000000000000000, 429.2016806722688784 ) ) ;
#2453 = ORIENTED_EDGE ( 'NONE', *, *, #1572, .F. ) ;
#2454 = AXIS2_PLACEMENT_3D ( 'NONE', #2946, #1733, #1537 ) ;
#2455 = PLANE ( 'NONE',  #1542 ) ;
#2456 = ORIENTED_EDGE ( 'NONE', *, *, #1592, .F. ) ;
#2457 = EDGE_CURVE ( 'NONE', #430, #1641, #3203, .T. ) ;
#2458 = DIRECTION ( 'NONE',  ( -3.265361837132813586E-16, -0.000000000000000000, -1.000000000000000000 ) ) ;
#2459 = ORIENTED_EDGE ( 'NONE', *, *, #2262, .F. ) ;
#2460 = AXIS2_PLACEMENT_3D ( 'NONE', #2858, #796, #2341 ) ;
#2461 = VECTOR ( 'NONE', #3223, 1000.000000000000000 ) ;
#2462 = ORIENTED_EDGE ( 'NONE', *, *, #2224, .F. ) ;
#2463 = FACE_OUTER_BOUND ( 'NONE', #635, .T. ) ;
#2464 = EDGE_CURVE ( 'NONE', #675, #3198, #2952, .T. ) ;
#2465 = CARTESIAN_POINT ( 'NONE',  ( -88.35172413793092971, 50.00000000000000000, 190.1155702346641192 ) ) ;
#2466 = VECTOR ( 'NONE', #2476, 1000.000000000000000 ) ;
#2467 = CARTESIAN_POINT ( 'NONE',  ( 0.000000000000000000, 0.000000000000000000, 0.000000000000000000 ) ) ;
#2468 = DIRECTION ( 'NONE',  ( -1.000000000000000000, -0.000000000000000000, 5.551115123125780730E-16 ) ) ;
#2469 = LINE ( 'NONE', #1165, #1877 ) ;
#2470 = EDGE_CURVE ( 'NONE', #1460, #38, #2889, .T. ) ;
#2471 = ORIENTED_EDGE ( 'NONE', *, *, #2470, .F. ) ;
#2472 = CARTESIAN_POINT ( 'NONE',  ( -168.3517241379309155, 0.000000000000000000, 157.6655702346641021 ) ) ;
#2473 = CARTESIAN_POINT ( 'NONE',  ( -155.8517241379309439, 25.00000000000000000, 145.1155702346640908 ) ) ;
#2474 = CARTESIAN_POINT ( 'NONE',  ( 243.0672268907563875, 0.000000000000000000, 329.2016806722688784 ) ) ;
#2475 = VERTEX_POINT ( 'NONE', #1380 ) ;
#2476 = DIRECTION ( 'NONE',  ( 6.938893903907257960E-16, 0.000000000000000000, -1.000000000000000000 ) ) ;
#2477 = ORIENTED_EDGE ( 'NONE', *, *, #2569, .F. ) ;
#2478 = DIRECTION ( 'NONE',  ( -0.000000000000000000, -1.000000000000000000, -0.000000000000000000 ) ) ;
#2479 = CARTESIAN_POINT ( 'NONE',  ( -173.3517241379310292, 0.000000000000000000, -187.3844297653358524 ) ) ;
#2480 = DIRECTION ( 'NONE',  ( -2.160413078075274755E-17, 1.199270170990242107E-33, -1.000000000000000000 ) ) ;
#2481 = CARTESIAN_POINT ( 'NONE',  ( -131.9327731092436125, -50.00000000000000000, 279.2016806722688784 ) ) ;
#2482 = EDGE_CURVE ( 'NONE', #3228, #1858, #1619, .T. ) ;
#2483 = DIRECTION ( 'NONE',  ( 1.000000000000000000, 0.000000000000000000, 1.387778780781445922E-16 ) ) ;
#2484 = ORIENTED_EDGE ( 'NONE', *, *, #1126, .T. ) ;
#2485 = CARTESIAN_POINT ( 'NONE',  ( 4.148275862069115583, 25.00000000000000000, -154.8844297653359092 ) ) ;
#2486 = LINE ( 'NONE', #2237, #6 ) ;
#2487 = EDGE_CURVE ( 'NONE', #1775, #430, #1397, .T. ) ;
#2488 = CARTESIAN_POINT ( 'NONE',  ( 243.0672268907563875, 0.000000000000000000, -20.79831932773096170 ) ) ;
#2489 = VERTEX_POINT ( 'NONE', #1111 ) ;
#2490 = VECTOR ( 'NONE', #2379, 1000.000000000000000 ) ;
#2491 =( REPRESENTATION_RELATIONSHIP ('NONE','NONE', #606, #51 ) REPRESENTATION_RELATIONSHIP_WITH_TRANSFORMATION ( #808 )SHAPE_REPRESENTATION_RELATIONSHIP( ) );
#2492 = FACE_OUTER_BOUND ( 'NONE', #1277, .T. ) ;
#2493 = ORIENTED_EDGE ( 'NONE', *, *, #1702, .F. ) ;
#2494 = LINE ( 'NONE', #1723, #1871 ) ;
#2495 = VERTEX_POINT ( 'NONE', #343 ) ;
#2496 = DIRECTION ( 'NONE',  ( 1.000000000000000000, -0.000000000000000000, -0.000000000000000000 ) ) ;
#2497 = DIRECTION ( 'NONE',  ( 0.000000000000000000, 0.000000000000000000, -1.000000000000000000 ) ) ;
#2498 = DIRECTION ( 'NONE',  ( 1.000000000000000000, -0.000000000000000000, -0.000000000000000000 ) ) ;
#2499 = DIRECTION ( 'NONE',  ( -0.000000000000000000, -1.000000000000000000, -0.000000000000000000 ) ) ;
#2500 = VECTOR ( 'NONE', #391, 1000.000000000000000 ) ;
#2501 = EDGE_CURVE ( 'NONE', #451, #1982, #1632, .T. ) ;
#2502 = EDGE_LOOP ( 'NONE', ( #2223, #2170, #2400, #2072 ) ) ;
#2503 = CARTESIAN_POINT ( 'NONE',  ( -75.73170731707318737, 10.00000000000001599, 0.7317073170731297482 ) ) ;
#2504 = FACE_BOUND ( 'NONE', #1221, .T. ) ;
#2505 = DIRECTION ( 'NONE',  ( 0.000000000000000000, 0.000000000000000000, 1.000000000000000000 ) ) ;
#2506 = EDGE_CURVE ( 'NONE', #3119, #2898, #2149, .T. ) ;
#2507 = ORIENTED_EDGE ( 'NONE', *, *, #2816, .T. ) ;
#2508 = VECTOR ( 'NONE', #2736, 1000.000000000000000 ) ;
#2509 = PLANE ( 'NONE',  #846 ) ;
#2510 = UNCERTAINTY_MEASURE_WITH_UNIT (LENGTH_MEASURE( 1.000000000000000082E-05 ), #1900, 'distance_accuracy_value', 'NONE');
#2511 = ORIENTED_EDGE ( 'NONE', *, *, #767, .F. ) ;
#2512 = ADVANCED_FACE ( 'NONE', ( #1427 ), #1991, .T. ) ;
#2513 = LINE ( 'NONE', #1940, #2466 ) ;
#2514 = EDGE_LOOP ( 'NONE', ( #2033, #1155, #2459, #2844 ) ) ;
#2515 = DIRECTION ( 'NONE',  ( 3.469446951953614189E-16, -0.000000000000000000, 1.000000000000000000 ) ) ;
#2516 = CLOSED_SHELL ( 'NONE', ( #590, #2182, #1809, #1526, #2287, #2048, #193, #282, #481, #456, #1852, #2744, #1919, #363, #1214, #2086, #2442, #585, #40, #1790, #2793, #1225, #95, #434 ) ) ;
#2517 = ORIENTED_EDGE ( 'NONE', *, *, #971, .F. ) ;
#2518 = VECTOR ( 'NONE', #2987, 1000.000000000000000 ) ;
#2519 = CARTESIAN_POINT ( 'NONE',  ( 0.000000000000000000, 99.99999999999998579, 0.000000000000000000 ) ) ;
#2520 =( NAMED_UNIT ( * ) SI_UNIT ( $, .STERADIAN. ) SOLID_ANGLE_UNIT ( ) );
#2521 = LINE ( 'NONE', #1195, #2988 ) ;
#2522 = AXIS2_PLACEMENT_3D ( 'NONE', #991, #741, #472 ) ;
#2523 = CARTESIAN_POINT ( 'NONE',  ( -131.9327731092436125, 50.00000000000000000, -170.7983193277310932 ) ) ;
#2524 = VERTEX_POINT ( 'NONE', #200 ) ;
#2525 = CARTESIAN_POINT ( 'NONE',  ( -88.35172413793092971, 50.00000000000000000, 190.1155702346641192 ) ) ;
#2526 = LINE ( 'NONE', #2272, #806 ) ;
#2527 = VECTOR ( 'NONE', #2647, 1000.000000000000000 ) ;
#2528 = CARTESIAN_POINT ( 'NONE',  ( -125.7317073170732016, 0.000000000000000000, -54.26829268292687658 ) ) ;
#2529 = PRODUCT_DEFINITION ( 'UNKNOWN', '', #2823, #1107 ) ;
#2530 = ORIENTED_EDGE ( 'NONE', *, *, #1058, .F. ) ;
#2531 = EDGE_CURVE ( 'NONE', #2314, #726, #2708, .T. ) ;
#2532 = EDGE_LOOP ( 'NONE', ( #148, #2316, #2530, #2978, #1497, #2718, #1453, #2865, #2839, #1227, #1612, #2019 ) ) ;
#2533 = CARTESIAN_POINT ( 'NONE',  ( -70.73170731707321579, 34.99999999999999289, -59.26829268292686237 ) ) ;
#2534 = ORIENTED_EDGE ( 'NONE', *, *, #2174, .T. ) ;
#2535 = LINE ( 'NONE', #1958, #1369 ) ;
#2536 = VERTEX_POINT ( 'NONE', #435 ) ;
#2537 = CARTESIAN_POINT ( 'NONE',  ( -70.73170731707321579, -350.0000000000001705, -89.26829268292688369 ) ) ;
#2538 = DIRECTION ( 'NONE',  ( 1.665334536937735797E-16, -8.428180964599535222E-19, -1.000000000000000222 ) ) ;
#2539 = FACE_OUTER_BOUND ( 'NONE', #3301, .T. ) ;
#2540 = CARTESIAN_POINT ( 'NONE',  ( -130.7317073170732158, 99.99999999999998579, -99.26829268292686947 ) ) ;
#2541 = ORIENTED_EDGE ( 'NONE', *, *, #1087, .T. ) ;
#2542 = LINE ( 'NONE', #1788, #2617 ) ;
#2543 = DIRECTION ( 'NONE',  ( -9.251858538542972814E-17, 0.000000000000000000, -1.000000000000000000 ) ) ;
#2544 = FACE_OUTER_BOUND ( 'NONE', #2281, .T. ) ;
#2545 = ORIENTED_EDGE ( 'NONE', *, *, #2145, .T. ) ;
#2546 = CARTESIAN_POINT ( 'NONE',  ( -125.7317073170732016, 0.000000000000000000, -44.26829268292688369 ) ) ;
#2547 = EDGE_CURVE ( 'NONE', #2900, #251, #3016, .T. ) ;
#2548 = ORIENTED_EDGE ( 'NONE', *, *, #812, .F. ) ;
#2549 = CARTESIAN_POINT ( 'NONE',  ( -68.35172413793101498, 0.000000000000000000, -159.8844297653359376 ) ) ;
#2550 = ORIENTED_EDGE ( 'NONE', *, *, #789, .F. ) ;
#2551 = LINE ( 'NONE', #557, #1300 ) ;
#2552 = EDGE_CURVE ( 'NONE', #2612, #2495, #1441, .T. ) ;
#2553 = CARTESIAN_POINT ( 'NONE',  ( 16.64827586206900278, 50.00000000000000000, -154.8844297653359092 ) ) ;
#2554 = CARTESIAN_POINT ( 'NONE',  ( 11.64827586206910937, 50.00000000000000000, 157.6155702346640624 ) ) ;
#2555 = ORIENTED_EDGE ( 'NONE', *, *, #2390, .T. ) ;
#2556 = LINE ( 'NONE', #2525, #1008 ) ;
#2557 = DIRECTION ( 'NONE',  ( 0.000000000000000000, -1.000000000000000000, 0.000000000000000000 ) ) ;
#2558 = VECTOR ( 'NONE', #2116, 1000.000000000000000 ) ;
#2559 = CIRCLE ( 'NONE', #3048, 10.00000000000000178 ) ;
#2560 = ORIENTED_EDGE ( 'NONE', *, *, #412, .F. ) ;
#2561 = LINE ( 'NONE', #3071, #3103 ) ;
#2562 = ORIENTED_EDGE ( 'NONE', *, *, #261, .F. ) ;
#2563 = DIRECTION ( 'NONE',  ( 0.000000000000000000, 0.000000000000000000, 1.000000000000000000 ) ) ;
#2564 = EDGE_CURVE ( 'NONE', #2046, #486, #149, .T. ) ;
#2565 = ORIENTED_EDGE ( 'NONE', *, *, #2125, .T. ) ;
#2566 = FACE_OUTER_BOUND ( 'NONE', #887, .T. ) ;
#2567 = CARTESIAN_POINT ( 'NONE',  ( -168.3517241379309155, 50.00000000000000000, 157.6655702346641021 ) ) ;
#2568 = CARTESIAN_POINT ( 'NONE',  ( -50.73170731707325842, 34.99999999999999289, -49.26829268292685526 ) ) ;
#2569 = EDGE_CURVE ( 'NONE', #2148, #3160, #415, .T. ) ;
#2570 = ORIENTED_EDGE ( 'NONE', *, *, #461, .F. ) ;
#2571 = CARTESIAN_POINT ( 'NONE',  ( 16.64827586206911292, 50.00000000000000000, 125.1155702346640766 ) ) ;
#2572 = VECTOR ( 'NONE', #962, 1000.000000000000000 ) ;
#2573 = VECTOR ( 'NONE', #3290, 1000.000000000000000 ) ;
#2574 = DIRECTION ( 'NONE',  ( -0.000000000000000000, -1.000000000000000000, -0.000000000000000000 ) ) ;
#2575 = CARTESIAN_POINT ( 'NONE',  ( -155.8517241379309439, 25.00000000000000000, 145.1155702346640908 ) ) ;
#2576 = EDGE_CURVE ( 'NONE', #1493, #1642, #2513, .T. ) ;
#2577 = EDGE_LOOP ( 'NONE', ( #466, #3017, #1106, #1376, #289, #2735, #1115, #3265 ) ) ;
#2578 = VECTOR ( 'NONE', #1547, 1000.000000000000000 ) ;
#2579 = ORIENTED_EDGE ( 'NONE', *, *, #1100, .T. ) ;
#2580 = DIRECTION ( 'NONE',  ( 0.000000000000000000, 0.000000000000000000, -1.000000000000000000 ) ) ;
#2581 = AXIS2_PLACEMENT_3D ( 'NONE', #2967, #1974, #670 ) ;
#2582 = DIRECTION ( 'NONE',  ( -0.000000000000000000, -0.000000000000000000, 1.000000000000000000 ) ) ;
#2583 = VERTEX_POINT ( 'NONE', #1740 ) ;
#2584 = CARTESIAN_POINT ( 'NONE',  ( -131.9327731092435556, 50.00000000000000000, 429.2016806722688784 ) ) ;
#2585 =( LENGTH_UNIT ( ) NAMED_UNIT ( * ) SI_UNIT ( .MILLI., .METRE. ) );
#2586 = LINE ( 'NONE', #277, #2727 ) ;
#2587 = ORIENTED_EDGE ( 'NONE', *, *, #3260, .T. ) ;
#2588 = CARTESIAN_POINT ( 'NONE',  ( -125.7317073170732016, 0.000000000000000000, -59.26829268292688369 ) ) ;
#2589 = EDGE_CURVE ( 'NONE', #1760, #2524, #2964, .T. ) ;
#2590 = CARTESIAN_POINT ( 'NONE',  ( -125.7317073170732016, -350.0000000000001705, -9.268292682926878356 ) ) ;
#2591 = PLANE ( 'NONE',  #26 ) ;
#2592 = VECTOR ( 'NONE', #1555, 1000.000000000000000 ) ;
#2593 = EDGE_CURVE ( 'NONE', #780, #631, #168, .T. ) ;
#2594 = ORIENTED_EDGE ( 'NONE', *, *, #234, .T. ) ;
#2595 = LINE ( 'NONE', #514, #2829 ) ;
#2596 = ORIENTED_EDGE ( 'NONE', *, *, #3260, .F. ) ;
#2597 = PLANE ( 'NONE',  #191 ) ;
#2598 = LINE ( 'NONE', #3059, #543 ) ;
#2599 = LINE ( 'NONE', #1583, #1597 ) ;
#2600 = SURFACE_STYLE_FILL_AREA ( #311 ) ;
#2601 = ORIENTED_EDGE ( 'NONE', *, *, #524, .F. ) ;
#2602 = DIRECTION ( 'NONE',  ( -4.270088556250601699E-16, -0.000000000000000000, -1.000000000000000000 ) ) ;
#2603 = LINE ( 'NONE', #2323, #2678 ) ;
#2604 = CARTESIAN_POINT ( 'NONE',  ( -50.73170731707325842, 34.99999999999999289, -39.26829268292684816 ) ) ;
#2605 = EDGE_CURVE ( 'NONE', #675, #2391, #668, .T. ) ;
#2606 = VECTOR ( 'NONE', #361, 1000.000000000000000 ) ;
#2607 = EDGE_LOOP ( 'NONE', ( #2930, #305, #2872, #3090 ) ) ;
#2608 =( GEOMETRIC_REPRESENTATION_CONTEXT ( 3 ) GLOBAL_UNCERTAINTY_ASSIGNED_CONTEXT ( ( #2641 ) ) GLOBAL_UNIT_ASSIGNED_CONTEXT ( ( #2585, #2852, #2383 ) ) REPRESENTATION_CONTEXT ( 'NONE', 'WORKASPACE' ) );
#2609 = EDGE_CURVE ( 'NONE', #3196, #436, #2209, .T. ) ;
#2610 = EDGE_LOOP ( 'NONE', ( #834, #1552, #1798, #1556 ) ) ;
#2611 = VECTOR ( 'NONE', #2340, 1000.000000000000000 ) ;
#2612 = VERTEX_POINT ( 'NONE', #2996 ) ;
#2613 = FACE_BOUND ( 'NONE', #1166, .T. ) ;
#2614 = CARTESIAN_POINT ( 'NONE',  ( -131.9327731092436125, 0.000000000000000000, 329.2016806722688216 ) ) ;
#2615 = CARTESIAN_POINT ( 'NONE',  ( -106.9327731092435982, 0.000000000000000000, -70.79831932773112158 ) ) ;
#2616 = CARTESIAN_POINT ( 'NONE',  ( -81.93277310924365509, 0.000000000000000000, 279.2016806722688784 ) ) ;
#2617 = VECTOR ( 'NONE', #2752, 1000.000000000000000 ) ;
#2618 = DIRECTION ( 'NONE',  ( 1.000000000000000000, 0.000000000000000000, 1.387778780781445922E-16 ) ) ;
#2619 = ORIENTED_EDGE ( 'NONE', *, *, #1446, .T. ) ;
#2620 = LINE ( 'NONE', #2304, #2768 ) ;
#2621 = LINE ( 'NONE', #335, #2998 ) ;
#2622 = CARTESIAN_POINT ( 'NONE',  ( -68.35172413793091550, 50.00000000000000000, -154.8844297653359376 ) ) ;
#2623 = AXIS2_PLACEMENT_3D ( 'NONE', #479, #728, #460 ) ;
#2624 = VECTOR ( 'NONE', #441, 1000.000000000000000 ) ;
#2625 = ORIENTED_EDGE ( 'NONE', *, *, #358, .F. ) ;
#2626 = PRODUCT_RELATED_PRODUCT_CATEGORY ( 'part', '', ( #1401 ) ) ;
#2627 = VERTEX_POINT ( 'NONE', #1459 ) ;
#2628 = DIRECTION ( 'NONE',  ( -0.000000000000000000, -1.000000000000000000, -0.000000000000000000 ) ) ;
#2629 = EDGE_CURVE ( 'NONE', #2314, #1762, #2244, .T. ) ;
#2630 = FACE_OUTER_BOUND ( 'NONE', #1379, .T. ) ;
#2631 = VERTEX_POINT ( 'NONE', #1705 ) ;
#2632 = DIRECTION ( 'NONE',  ( -0.000000000000000000, -0.000000000000000000, -1.000000000000000000 ) ) ;
#2633 = ADVANCED_FACE ( 'NONE', ( #2724 ), #1494, .F. ) ;
#2634 = DIRECTION ( 'NONE',  ( -1.000000000000000000, 0.000000000000000000, 4.270088556250601699E-16 ) ) ;
#2635 = CARTESIAN_POINT ( 'NONE',  ( 16.64827586206911292, 50.00000000000000000, 157.6155702346640624 ) ) ;
#2636 = VERTEX_POINT ( 'NONE', #952 ) ;
#2637 =( NAMED_UNIT ( * ) SI_UNIT ( $, .STERADIAN. ) SOLID_ANGLE_UNIT ( ) );
#2638 = CARTESIAN_POINT ( 'NONE',  ( -125.7317073170732016, 99.99999999999998579, 0.7317073170731297482 ) ) ;
#2639 = DIRECTION ( 'NONE',  ( 0.000000000000000000, -0.000000000000000000, 1.000000000000000000 ) ) ;
#2640 = VERTEX_POINT ( 'NONE', #1972 ) ;
#2641 = UNCERTAINTY_MEASURE_WITH_UNIT (LENGTH_MEASURE( 1.000000000000000082E-05 ), #2585, 'distance_accuracy_value', 'NONE');
#2642 = ORIENTED_EDGE ( 'NONE', *, *, #2350, .F. ) ;
#2643 = VECTOR ( 'NONE', #2229, 1000.000000000000000 ) ;
#2644 = CARTESIAN_POINT ( 'NONE',  ( -130.7317073170732442, 34.99999999999999289, -49.26829268292686947 ) ) ;
#2645 = ORIENTED_EDGE ( 'NONE', *, *, #605, .F. ) ;
#2646 = EDGE_CURVE ( 'NONE', #1924, #1861, #219, .T. ) ;
#2647 = DIRECTION ( 'NONE',  ( -0.000000000000000000, -1.000000000000000000, -0.000000000000000000 ) ) ;
#2648 = LINE ( 'NONE', #2937, #464 ) ;
#2649 = FACE_OUTER_BOUND ( 'NONE', #1828, .T. ) ;
#2650 = LINE ( 'NONE', #1636, #694 ) ;
#2651 = EDGE_CURVE ( 'NONE', #1108, #2825, #2494, .T. ) ;
#2652 = ORIENTED_EDGE ( 'NONE', *, *, #3187, .T. ) ;
#2653 = VECTOR ( 'NONE', #3188, 1000.000000000000000 ) ;
#2654 = PLANE ( 'NONE',  #144 ) ;
#2655 = PLANE ( 'NONE',  #3058 ) ;
#2656 = EDGE_CURVE ( 'NONE', #2640, #968, #2441, .T. ) ;
#2657 = ORIENTED_EDGE ( 'NONE', *, *, #2125, .F. ) ;
#2658 = ORIENTED_EDGE ( 'NONE', *, *, #399, .T. ) ;
#2659 = ORIENTED_EDGE ( 'NONE', *, *, #3049, .F. ) ;
#2660 = ORIENTED_EDGE ( 'NONE', *, *, #2859, .T. ) ;
#2661 = CARTESIAN_POINT ( 'NONE',  ( 218.0672268907562454, 0.000000000000000000, -70.79831932773107894 ) ) ;
#2662 = VECTOR ( 'NONE', #1867, 1000.000000000000000 ) ;
#2663 = VERTEX_POINT ( 'NONE', #1246 ) ;
#2664 = VECTOR ( 'NONE', #2934, 1000.000000000000000 ) ;
#2665 = DIRECTION ( 'NONE',  ( 1.000000000000000000, 0.000000000000000000, 1.387778780781445676E-16 ) ) ;
#2666 = PRODUCT_DEFINITION ( 'UNKNOWN', '', #1114, #568 ) ;
#2667 = CARTESIAN_POINT ( 'NONE',  ( -70.73170731707321579, 34.99999999999999289, -39.26829268292685526 ) ) ;
#2668 = VECTOR ( 'NONE', #2885, 1000.000000000000000 ) ;
#2669 = CARTESIAN_POINT ( 'NONE',  ( -88.35172413793071655, 0.000000000000000000, -219.8844297653358240 ) ) ;
#2670 = EDGE_CURVE ( 'NONE', #2627, #560, #986, .T. ) ;
#2671 = CARTESIAN_POINT ( 'NONE',  ( 16.64827586206900278, 0.000000000000000000, -154.8844297653359092 ) ) ;
#2672 = ORIENTED_EDGE ( 'NONE', *, *, #261, .T. ) ;
#2673 = ADVANCED_FACE ( 'NONE', ( #1795, #801 ), #2828, .F. ) ;
#2674 = CARTESIAN_POINT ( 'NONE',  ( -75.73170731707320158, 120.0000000000000000, -99.26829268292686947 ) ) ;
#2675 = VECTOR ( 'NONE', #1325, 1000.000000000000000 ) ;
#2676 = CIRCLE ( 'NONE', #1450, 10.00000000000000178 ) ;
#2677 = EDGE_LOOP ( 'NONE', ( #1198, #3281, #1627, #2332 ) ) ;
#2678 = VECTOR ( 'NONE', #3117, 1000.000000000000000 ) ;
#2679 = CARTESIAN_POINT ( 'NONE',  ( -70.73170731707321579, 0.000000000000000000, -89.26829268292688369 ) ) ;
#2680 = ORIENTED_EDGE ( 'NONE', *, *, #730, .F. ) ;
#2681 = DIRECTION ( 'NONE',  ( -1.000000000000000000, -0.000000000000000000, -0.000000000000000000 ) ) ;
#2682 = PLANE ( 'NONE',  #2343 ) ;
#2683 = AXIS2_PLACEMENT_3D ( 'NONE', #2413, #1927, #119 ) ;
#2684 = CARTESIAN_POINT ( 'NONE',  ( -106.9327731092435982, 0.000000000000000000, -70.79831932773112158 ) ) ;
#2685 = DIRECTION ( 'NONE',  ( 1.000000000000000000, -0.000000000000000000, 3.265361837132816544E-16 ) ) ;
#2686 = DIRECTION ( 'NONE',  ( 1.000000000000000000, 0.000000000000000000, 1.387778780781445676E-16 ) ) ;
#2687 = DIRECTION ( 'NONE',  ( 0.000000000000000000, 0.000000000000000000, 1.000000000000000000 ) ) ;
#2688 = EDGE_CURVE ( 'NONE', #333, #1183, #2050, .T. ) ;
#2689 = ORIENTED_EDGE ( 'NONE', *, *, #1992, .T. ) ;
#2690 = PLANE ( 'NONE',  #904 ) ;
#2691 = ORIENTED_EDGE ( 'NONE', *, *, #701, .F. ) ;
#2692 = EDGE_CURVE ( 'NONE', #2049, #1108, #1759, .T. ) ;
#2693 = ADVANCED_BREP_SHAPE_REPRESENTATION ( '', ( #1709, #411 ), #1219 ) ;
#2694 = CARTESIAN_POINT ( 'NONE',  ( -173.3517241379309155, 50.00000000000000000, 157.6655702346641306 ) ) ;
#2695 = VERTEX_POINT ( 'NONE', #2546 ) ;
#2696 = CARTESIAN_POINT ( 'NONE',  ( -70.73170731707323000, 0.000000000000000000, -9.268292682926878356 ) ) ;
#2697 = PLANE ( 'NONE',  #2233 ) ;
#2698 = CARTESIAN_POINT ( 'NONE',  ( 268.0672268907563307, 0.000000000000000000, -170.7983193277310932 ) ) ;
#2699 = DIRECTION ( 'NONE',  ( -0.000000000000000000, 0.000000000000000000, -1.000000000000000000 ) ) ;
#2700 = VERTEX_POINT ( 'NONE', #2278 ) ;
#2701 = LINE ( 'NONE', #1859, #2775 ) ;
#2702 = PRODUCT_DEFINITION_SHAPE ( 'NONE', 'NONE',  #2529 ) ;
#2703 = ORIENTED_EDGE ( 'NONE', *, *, #1997, .F. ) ;
#2704 = EDGE_CURVE ( 'NONE', #3230, #951, #3101, .T. ) ;
#2705 = DIRECTION ( 'NONE',  ( -1.000000000000000000, 0.000000000000000000, 0.000000000000000000 ) ) ;
#2706 = ADVANCED_FACE ( 'NONE', ( #3032 ), #2, .F. ) ;
#2707 = ORIENTED_EDGE ( 'NONE', *, *, #301, .F. ) ;
#2708 = LINE ( 'NONE', #919, #166 ) ;
#2709 = ORIENTED_EDGE ( 'NONE', *, *, #116, .F. ) ;
#2710 = DIRECTION ( 'NONE',  ( -0.000000000000000000, -1.000000000000000000, -0.000000000000000000 ) ) ;
#2711 = AXIS2_PLACEMENT_3D ( 'NONE', #1417, #2184, #93 ) ;
#2712 = AXIS2_PLACEMENT_3D ( 'NONE', #902, #354, #1925 ) ;
#2713 = CARTESIAN_POINT ( 'NONE',  ( 11.64827586206898502, 50.00000000000000000, -187.3844297653359092 ) ) ;
#2714 =( LENGTH_UNIT ( ) NAMED_UNIT ( * ) SI_UNIT ( .MILLI., .METRE. ) );
#2715 = CARTESIAN_POINT ( 'NONE',  ( 268.0672268907563307, 50.00000000000000000, -170.7983193277310932 ) ) ;
#2716 = LINE ( 'NONE', #628, #643 ) ;
#2717 = STYLED_ITEM ( 'NONE', ( #1084 ), #556 ) ;
#2718 = ORIENTED_EDGE ( 'NONE', *, *, #325, .F. ) ;
#2719 = DIRECTION ( 'NONE',  ( 0.000000000000000000, 0.000000000000000000, -1.000000000000000000 ) ) ;
#2720 = CARTESIAN_POINT ( 'NONE',  ( -131.9327731092436125, 0.000000000000000000, 279.2016806722688784 ) ) ;
#2721 = EDGE_CURVE ( 'NONE', #2356, #2640, #1528, .T. ) ;
#2722 = LINE ( 'NONE', #2694, #679 ) ;
#2723 = ORIENTED_EDGE ( 'NONE', *, *, #994, .T. ) ;
#2724 = FACE_OUTER_BOUND ( 'NONE', #1439, .T. ) ;
#2725 = EDGE_CURVE ( 'NONE', #34, #161, #2561, .T. ) ;
#2726 = ORIENTED_EDGE ( 'NONE', *, *, #2437, .T. ) ;
#2727 = VECTOR ( 'NONE', #2618, 1000.000000000000000 ) ;
#2728 = STYLED_ITEM ( 'NONE', ( #3141 ), #1709 ) ;
#2729 = LINE ( 'NONE', #1994, #1635 ) ;
#2730 = DIRECTION ( 'NONE',  ( -0.000000000000000000, -1.000000000000000000, -0.000000000000000000 ) ) ;
#2731 = VECTOR ( 'NONE', #2632, 1000.000000000000000 ) ;
#2732 = CARTESIAN_POINT ( 'NONE',  ( 856.8189642672208493, 1011.534246301685016, 913.0026049462696847 ) ) ;
#2733 = CARTESIAN_POINT ( 'NONE',  ( -125.7317073170732016, 0.000000000000000000, -39.26829268292687658 ) ) ;
#2734 = LINE ( 'NONE', #508, #64 ) ;
#2735 = ORIENTED_EDGE ( 'NONE', *, *, #1592, .T. ) ;
#2736 = DIRECTION ( 'NONE',  ( -1.000000000000000000, -0.000000000000000000, -0.000000000000000000 ) ) ;
#2737 = FACE_OUTER_BOUND ( 'NONE', #682, .T. ) ;
#2738 = CARTESIAN_POINT ( 'NONE',  ( -155.8517241379310576, 25.00000000000000000, -159.8844297653358524 ) ) ;
#2739 = DIRECTION ( 'NONE',  ( 1.000000000000000000, 0.000000000000000000, -3.265361837132813586E-16 ) ) ;
#2740 = VERTEX_POINT ( 'NONE', #769 ) ;
#2741 = DIRECTION ( 'NONE',  ( 0.000000000000000000, 0.000000000000000000, -1.000000000000000000 ) ) ;
#2742 = VERTEX_POINT ( 'NONE', #2777 ) ;
#2743 = LINE ( 'NONE', #2246, #1988 ) ;
#2744 = ADVANCED_FACE ( 'NONE', ( #485 ), #288, .F. ) ;
#2745 = VECTOR ( 'NONE', #350, 1000.000000000000000 ) ;
#2746 = PLANE ( 'NONE',  #2042 ) ;
#2747 =( NAMED_UNIT ( * ) SI_UNIT ( $, .STERADIAN. ) SOLID_ANGLE_UNIT ( ) );
#2748 = FACE_BOUND ( 'NONE', #1031, .T. ) ;
#2749 = CARTESIAN_POINT ( 'NONE',  ( -173.3517241379309155, 0.000000000000000000, 157.6655702346641306 ) ) ;
#2750 = EDGE_CURVE ( 'NONE', #1009, #1539, #2595, .T. ) ;
#2751 = ORIENTED_EDGE ( 'NONE', *, *, #1243, .F. ) ;
#2752 = DIRECTION ( 'NONE',  ( 1.000000000000000000, -0.000000000000000000, 5.551115123125777969E-15 ) ) ;
#2753 = DIRECTION ( 'NONE',  ( 9.251858538542973800E-16, 0.000000000000000000, -1.000000000000000000 ) ) ;
#2754 = LINE ( 'NONE', #2720, #1348 ) ;
#2755 = EDGE_CURVE ( 'NONE', #2700, #852, #1541, .T. ) ;
#2756 = ORIENTED_EDGE ( 'NONE', *, *, #567, .F. ) ;
#2757 = DIRECTION ( 'NONE',  ( -1.000000000000000000, 0.000000000000000000, 0.000000000000000000 ) ) ;
#2758 = ORIENTED_EDGE ( 'NONE', *, *, #681, .T. ) ;
#2759 = CARTESIAN_POINT ( 'NONE',  ( -131.9327731092436125, 0.000000000000000000, -70.79831932773112158 ) ) ;
#2760 = ORIENTED_EDGE ( 'NONE', *, *, #2564, .T. ) ;
#2761 = CARTESIAN_POINT ( 'NONE',  ( -85.73170731707318737, 130.0000000000000000, -99.26829268292686947 ) ) ;
#2762 = EDGE_LOOP ( 'NONE', ( #1610, #2260, #2453, #2192 ) ) ;
#2763 = VECTOR ( 'NONE', #2388, 1000.000000000000000 ) ;
#2764 = LINE ( 'NONE', #1517, #3057 ) ;
#2765 =( NAMED_UNIT ( * ) PLANE_ANGLE_UNIT ( ) SI_UNIT ( $, .RADIAN. ) );
#2766 = DIRECTION ( 'NONE',  ( -1.000000000000000000, 0.000000000000000000, 0.000000000000000000 ) ) ;
#2767 = CARTESIAN_POINT ( 'NONE',  ( -131.9327731092436125, 0.000000000000000000, -70.79831932773112158 ) ) ;
#2768 = VECTOR ( 'NONE', #830, 1000.000000000000000 ) ;
#2769 = ORIENTED_EDGE ( 'NONE', *, *, #1117, .T. ) ;
#2770 = DIRECTION ( 'NONE',  ( 0.000000000000000000, 0.000000000000000000, 1.000000000000000000 ) ) ;
#2771 = EDGE_CURVE ( 'NONE', #52, #2475, #1278, .T. ) ;
#2772 = PLANE ( 'NONE',  #2250 ) ;
#2773 = CARTESIAN_POINT ( 'NONE',  ( -70.73170731707323000, -350.0000000000001705, -9.268292682926878356 ) ) ;
#2774 = EDGE_CURVE ( 'NONE', #964, #486, #500, .T. ) ;
#2775 = VECTOR ( 'NONE', #663, 1000.000000000000000 ) ;
#2776 = ORIENTED_EDGE ( 'NONE', *, *, #3040, .T. ) ;
#2777 = CARTESIAN_POINT ( 'NONE',  ( -125.7317073170732016, -350.0000000000001705, -59.26829268292688369 ) ) ;
#2778 = ORIENTED_EDGE ( 'NONE', *, *, #3083, .F. ) ;
#2779 = CARTESIAN_POINT ( 'NONE',  ( 243.0672268907563875, -50.00000000000000000, 279.2016806722688784 ) ) ;
#2780 = AXIS2_PLACEMENT_3D ( 'NONE', #2005, #3028, #496 ) ;
#2781 = ORIENTED_EDGE ( 'NONE', *, *, #3127, .F. ) ;
#2782 = CIRCLE ( 'NONE', #1615, 4.999999999999976907 ) ;
#2783 = DIRECTION ( 'NONE',  ( 0.000000000000000000, 0.000000000000000000, 1.000000000000000000 ) ) ;
#2784 = DIRECTION ( 'NONE',  ( 2.160413078075274755E-17, -1.199270170990242107E-33, 1.000000000000000000 ) ) ;
#2785 = DIRECTION ( 'NONE',  ( 0.000000000000000000, 0.000000000000000000, 1.000000000000000000 ) ) ;
#2786 = DIRECTION ( 'NONE',  ( -1.000000000000000000, -0.000000000000000000, -0.000000000000000000 ) ) ;
#2787 = ORIENTED_EDGE ( 'NONE', *, *, #1201, .T. ) ;
#2788 = DIRECTION ( 'NONE',  ( -0.000000000000000000, -0.000000000000000000, -1.000000000000000000 ) ) ;
#2789 = CARTESIAN_POINT ( 'NONE',  ( -70.73170731707321579, 99.99999999999998579, 0.7317073170731297482 ) ) ;
#2790 = PRODUCT_DEFINITION_SHAPE ( 'NONE', 'NONE',  #3311 ) ;
#2791 = PLANE ( 'NONE',  #2780 ) ;
#2792 = EDGE_CURVE ( 'NONE', #1934, #1168, #1297, .T. ) ;
#2793 = ADVANCED_FACE ( 'NONE', ( #1780 ), #36, .F. ) ;
#2794 = ORIENTED_EDGE ( 'NONE', *, *, #1508, .F. ) ;
#2795 = DIRECTION ( 'NONE',  ( -1.000000000000000000, -0.000000000000000000, -0.000000000000000000 ) ) ;
#2796 = ORIENTED_EDGE ( 'NONE', *, *, #1618, .F. ) ;
#2797 = CARTESIAN_POINT ( 'NONE',  ( -0.8517241379308870819, 25.00000000000000000, 125.1155702346640766 ) ) ;
#2798 = VERTEX_POINT ( 'NONE', #2533 ) ;
#2799 = DIRECTION ( 'NONE',  ( -0.000000000000000000, -0.000000000000000000, -1.000000000000000000 ) ) ;
#2800 = FILL_AREA_STYLE_COLOUR ( '', #597 ) ;
#2801 = CARTESIAN_POINT ( 'NONE',  ( -70.73170731707323000, -350.0000000000001705, -9.268292682926878356 ) ) ;
#2802 = ORIENTED_EDGE ( 'NONE', *, *, #340, .T. ) ;
#2803 = CARTESIAN_POINT ( 'NONE',  ( -85.73170731707318737, 130.0000000000000000, -99.26829268292686947 ) ) ;
#2804 = DIRECTION ( 'NONE',  ( 0.000000000000000000, -0.000000000000000000, 1.000000000000000000 ) ) ;
#2805 = ORIENTED_EDGE ( 'NONE', *, *, #1486, .T. ) ;
#2806 = ADVANCED_FACE ( 'NONE', ( #2847 ), #1061, .F. ) ;
#2807 = PRODUCT_DEFINITION_CONTEXT ( 'detailed design', #1976, 'design' ) ;
#2808 = ORIENTED_EDGE ( 'NONE', *, *, #1702, .T. ) ;
#2809 = DIRECTION ( 'NONE',  ( -1.000000000000000000, -0.000000000000000000, -1.387778780781445922E-16 ) ) ;
#2810 = EDGE_CURVE ( 'NONE', #2961, #1530, #1577, .T. ) ;
#2811 = EDGE_LOOP ( 'NONE', ( #850, #1866, #1361, #2039 ) ) ;
#2812 = LINE ( 'NONE', #535, #1840 ) ;
#2813 = EDGE_LOOP ( 'NONE', ( #355, #130, #92, #1657 ) ) ;
#2814 = LINE ( 'NONE', #2850, #115 ) ;
#2815 = CONTEXT_DEPENDENT_SHAPE_REPRESENTATION ( #828, #490 ) ;
#2816 = EDGE_CURVE ( 'NONE', #823, #333, #2188, .T. ) ;
#2817 = CARTESIAN_POINT ( 'NONE',  ( -68.35172413793088708, 50.00000000000000000, 190.1155702346641192 ) ) ;
#2818 = CARTESIAN_POINT ( 'NONE',  ( -88.35172413793091550, 0.000000000000000000, 130.1155702346641476 ) ) ;
#2819 = VERTEX_POINT ( 'NONE', #2100 ) ;
#2820 = CARTESIAN_POINT ( 'NONE',  ( -131.9327731092435556, 50.00000000000000000, 429.2016806722688784 ) ) ;
#2821 = FACE_OUTER_BOUND ( 'NONE', #2001, .T. ) ;
#2822 = CYLINDRICAL_SURFACE ( 'NONE', #1734, 10.00000000000000178 ) ;
#2823 = PRODUCT_DEFINITION_FORMATION_WITH_SPECIFIED_SOURCE ( 'ANY', '', #1211, .NOT_KNOWN. ) ;
#2824 = CIRCLE ( 'NONE', #2712, 4.999999999999976907 ) ;
#2825 = VERTEX_POINT ( 'NONE', #1844 ) ;
#2826 = ORIENTED_EDGE ( 'NONE', *, *, #2977, .F. ) ;
#2827 = ADVANCED_FACE ( 'NONE', ( #587 ), #2959, .F. ) ;
#2828 = PLANE ( 'NONE',  #2354 ) ;
#2829 = VECTOR ( 'NONE', #2348, 1000.000000000000000 ) ;
#2830 = ORIENTED_EDGE ( 'NONE', *, *, #3307, .F. ) ;
#2831 = CARTESIAN_POINT ( 'NONE',  ( 243.0672268907563875, 0.000000000000000000, -70.79831932773106473 ) ) ;
#2832 = ORIENTED_EDGE ( 'NONE', *, *, #1078, .T. ) ;
#2833 = EDGE_CURVE ( 'NONE', #1472, #2742, #1699, .T. ) ;
#2834 = DIRECTION ( 'NONE',  ( -1.850371707708598704E-15, 0.000000000000000000, 1.000000000000000000 ) ) ;
#2835 = APPLICATION_PROTOCOL_DEFINITION ( 'draft international standard', 'automotive_design', 1998, #2906 ) ;
#2836 = LINE ( 'NONE', #825, #1437 ) ;
#2837 = PLANE ( 'NONE',  #3112 ) ;
#2838 = EDGE_CURVE ( 'NONE', #488, #1858, #1454, .T. ) ;
#2839 = ORIENTED_EDGE ( 'NONE', *, *, #1156, .F. ) ;
#2840 = LINE ( 'NONE', #2820, #3200 ) ;
#2841 = AXIS2_PLACEMENT_3D ( 'NONE', #1817, #2338, #1321 ) ;
#2842 = CARTESIAN_POINT ( 'NONE',  ( -70.73170731707321579, -350.0000000000001705, -89.26829268292688369 ) ) ;
#2843 = DIRECTION ( 'NONE',  ( 1.000000000000000000, 0.000000000000000000, 0.000000000000000000 ) ) ;
#2844 = ORIENTED_EDGE ( 'NONE', *, *, #2792, .T. ) ;
#2845 = AXIS2_PLACEMENT_3D ( 'NONE', #8, #774, #1799 ) ;
#2846 = ORIENTED_EDGE ( 'NONE', *, *, #562, .T. ) ;
#2847 = FACE_OUTER_BOUND ( 'NONE', #1280, .T. ) ;
#2848 = EDGE_LOOP ( 'NONE', ( #1301, #995, #1283, #3121 ) ) ;
#2849 = LINE ( 'NONE', #2065, #37 ) ;
#2850 = CARTESIAN_POINT ( 'NONE',  ( -168.3517241379310292, 0.000000000000000000, -159.8844297653358808 ) ) ;
#2851 = PRODUCT_CONTEXT ( 'NONE', #997, 'mechanical' ) ;
#2852 =( NAMED_UNIT ( * ) PLANE_ANGLE_UNIT ( ) SI_UNIT ( $, .RADIAN. ) );
#2853 = EDGE_CURVE ( 'NONE', #251, #2819, #1421, .T. ) ;
#2854 = CARTESIAN_POINT ( 'NONE',  ( -75.73170731707320158, 0.000000000000000000, -9.268292682926873027 ) ) ;
#2855 = AXIS2_PLACEMENT_3D ( 'NONE', #1063, #1007, #3055 ) ;
#2856 = ORIENTED_EDGE ( 'NONE', *, *, #2365, .F. ) ;
#2857 = DIRECTION ( 'NONE',  ( 1.000000000000000000, -0.000000000000000000, 3.265361837132816544E-16 ) ) ;
#2858 = CARTESIAN_POINT ( 'NONE',  ( -155.8517241379309439, 25.00000000000000000, 130.1155702346641192 ) ) ;
#2859 = EDGE_CURVE ( 'NONE', #1120, #321, #141, .T. ) ;
#2860 = FACE_BOUND ( 'NONE', #1791, .T. ) ;
#2861 = ORIENTED_EDGE ( 'NONE', *, *, #2239, .T. ) ;
#2862 = AXIS2_PLACEMENT_3D ( 'NONE', #2575, #1119, #1359 ) ;
#2863 = ADVANCED_FACE ( 'NONE', ( #425 ), #2690, .T. ) ;
#2864 = VERTEX_POINT ( 'NONE', #409 ) ;
#2865 = ORIENTED_EDGE ( 'NONE', *, *, #3127, .T. ) ;
#2866 = CARTESIAN_POINT ( 'NONE',  ( -88.35172413793092971, 50.00000000000000000, -154.8844297653358808 ) ) ;
#2867 = LINE ( 'NONE', #2032, #2421 ) ;
#2868 = ORIENTED_EDGE ( 'NONE', *, *, #2993, .T. ) ;
#2869 = CARTESIAN_POINT ( 'NONE',  ( -173.3517241379310292, 50.00000000000000000, -187.3844297653358524 ) ) ;
#2870 = DIRECTION ( 'NONE',  ( 0.000000000000000000, 0.000000000000000000, -1.000000000000000000 ) ) ;
#2871 = CONTEXT_DEPENDENT_SHAPE_REPRESENTATION ( #2325, #1273 ) ;
#2872 = ORIENTED_EDGE ( 'NONE', *, *, #1726, .T. ) ;
#2873 = LINE ( 'NONE', #2571, #3308 ) ;
#2874 = PLANE ( 'NONE',  #645 ) ;
#2875 = DIRECTION ( 'NONE',  ( -1.000000000000000000, 0.000000000000000000, 2.312964634635743450E-16 ) ) ;
#2876 = VECTOR ( 'NONE', #2970, 1000.000000000000000 ) ;
#2877 = EDGE_CURVE ( 'NONE', #1690, #3249, #1613, .T. ) ;
#2878 = EDGE_LOOP ( 'NONE', ( #1536, #2243, #2826, #1810 ) ) ;
#2879 = UNCERTAINTY_MEASURE_WITH_UNIT (LENGTH_MEASURE( 1.000000000000000082E-05 ), #1035, 'distance_accuracy_value', 'NONE');
#2880 = VECTOR ( 'NONE', #2415, 1000.000000000000000 ) ;
#2881 = ORIENTED_EDGE ( 'NONE', *, *, #783, .F. ) ;
#2882 = EDGE_CURVE ( 'NONE', #2742, #631, #837, .T. ) ;
#2883 = VECTOR ( 'NONE', #3192, 1000.000000000000000 ) ;
#2884 = ORIENTED_EDGE ( 'NONE', *, *, #2721, .T. ) ;
#2885 = DIRECTION ( 'NONE',  ( -0.000000000000000000, -1.000000000000000000, -0.000000000000000000 ) ) ;
#2886 = FACE_OUTER_BOUND ( 'NONE', #3093, .T. ) ;
#2887 = VECTOR ( 'NONE', #329, 1000.000000000000000 ) ;
#2888 = VERTEX_POINT ( 'NONE', #1671 ) ;
#2889 = LINE ( 'NONE', #840, #2527 ) ;
#2890 = DIRECTION ( 'NONE',  ( -2.775557561562891351E-16, 0.000000000000000000, 1.000000000000000000 ) ) ;
#2891 = VECTOR ( 'NONE', #700, 1000.000000000000000 ) ;
#2892 = CARTESIAN_POINT ( 'NONE',  ( -106.9327731092435982, 0.000000000000000000, -20.79831932773101855 ) ) ;
#2893 = ORIENTED_EDGE ( 'NONE', *, *, #1020, .T. ) ;
#2894 = LINE ( 'NONE', #599, #203 ) ;
#2895 = DIRECTION ( 'NONE',  ( 1.000000000000000000, -0.000000000000000000, -3.469446951953613696E-16 ) ) ;
#2896 = DIRECTION ( 'NONE',  ( 1.000000000000000000, -0.000000000000000000, -1.387778780781445676E-16 ) ) ;
#2897 = AXIS2_PLACEMENT_3D ( 'NONE', #186, #687, #2199 ) ;
#2898 = VERTEX_POINT ( 'NONE', #820 ) ;
#2899 = EDGE_CURVE ( 'NONE', #1686, #1168, #2701, .T. ) ;
#2900 = VERTEX_POINT ( 'NONE', #1167 ) ;
#2901 = VECTOR ( 'NONE', #2968, 1000.000000000000000 ) ;
#2902 = VERTEX_POINT ( 'NONE', #2866 ) ;
#2903 = CARTESIAN_POINT ( 'NONE',  ( -173.3517241379310292, 50.00000000000000000, -187.3844297653358524 ) ) ;
#2904 = EDGE_CURVE ( 'NONE', #98, #1142, #1435, .T. ) ;
#2905 = ORIENTED_EDGE ( 'NONE', *, *, #2944, .F. ) ;
#2906 = APPLICATION_CONTEXT ( 'automotive_design' ) ;
#2907 = DIRECTION ( 'NONE',  ( -1.000000000000000000, -0.000000000000000000, -0.000000000000000000 ) ) ;
#2908 = FACE_OUTER_BOUND ( 'NONE', #2762, .T. ) ;
#2909 = FACE_OUTER_BOUND ( 'NONE', #1512, .T. ) ;
#2910 = CARTESIAN_POINT ( 'NONE',  ( 0.000000000000000000, 0.000000000000000000, 0.000000000000000000 ) ) ;
#2911 = VERTEX_POINT ( 'NONE', #339 ) ;
#2912 = DIRECTION ( 'NONE',  ( -0.000000000000000000, -1.000000000000000000, -0.000000000000000000 ) ) ;
#2913 = CARTESIAN_POINT ( 'NONE',  ( 11.64827586206898502, 50.00000000000000000, -159.8844297653359376 ) ) ;
#2914 = CARTESIAN_POINT ( 'NONE',  ( 11.64827586206910937, 50.00000000000000000, 157.6155702346640624 ) ) ;
#2915 = ORIENTED_EDGE ( 'NONE', *, *, #725, .T. ) ;
#2916 = DIRECTION ( 'NONE',  ( -1.000000000000000000, 0.000000000000000000, 0.000000000000000000 ) ) ;
#2917 = EDGE_LOOP ( 'NONE', ( #1891, #1356, #1138, #74 ) ) ;
#2918 = VERTEX_POINT ( 'NONE', #570 ) ;
#2919 = DIRECTION ( 'NONE',  ( -1.000000000000000000, -0.000000000000000000, -1.387778780781445922E-16 ) ) ;
#2920 = FACE_OUTER_BOUND ( 'NONE', #1489, .T. ) ;
#2921 = EDGE_CURVE ( 'NONE', #3198, #2740, #1594, .T. ) ;
#2922 = CARTESIAN_POINT ( 'NONE',  ( -131.9327731092436125, -50.00000000000000000, -70.79831932773112158 ) ) ;
#2923 = ADVANCED_FACE ( 'NONE', ( #2613, #2115 ), #160, .F. ) ;
#2924 = CARTESIAN_POINT ( 'NONE',  ( 16.64827586206900278, 0.000000000000000000, -154.8844297653359092 ) ) ;
#2925 = AXIS2_PLACEMENT_3D ( 'NONE', #3199, #131, #1906 ) ;
#2926 = LINE ( 'NONE', #1374, #732 ) ;
#2927 = CARTESIAN_POINT ( 'NONE',  ( -75.73170731707320158, 0.000000000000000000, -54.26829268292686947 ) ) ;
#2928 = ORIENTED_EDGE ( 'NONE', *, *, #1618, .T. ) ;
#2929 = CARTESIAN_POINT ( 'NONE',  ( -173.3517241379310008, 50.00000000000000000, -154.8844297653358808 ) ) ;
#2930 = ORIENTED_EDGE ( 'NONE', *, *, #2161, .T. ) ;
#2931 = VECTOR ( 'NONE', #2417, 1000.000000000000000 ) ;
#2932 = ORIENTED_EDGE ( 'NONE', *, *, #1083, .F. ) ;
#2933 = AXIS2_PLACEMENT_3D ( 'NONE', #226, #1765, #722 ) ;
#2934 = DIRECTION ( 'NONE',  ( 6.938893903907257960E-16, 0.000000000000000000, -1.000000000000000000 ) ) ;
#2935 = VECTOR ( 'NONE', #1916, 1000.000000000000000 ) ;
#2936 = PLANE ( 'NONE',  #2102 ) ;
#2937 = CARTESIAN_POINT ( 'NONE',  ( -160.8517241379309155, 25.00000000000000000, 145.1155702346640908 ) ) ;
#2938 = PLANE ( 'NONE',  #1568 ) ;
#2939 = EDGE_CURVE ( 'NONE', #1704, #1493, #915, .T. ) ;
#2940 = PLANE ( 'NONE',  #2711 ) ;
#2941 = AXIS2_PLACEMENT_3D ( 'NONE', #183, #2227, #3248 ) ;
#2942 = DIRECTION ( 'NONE',  ( -0.000000000000000000, -1.000000000000000000, -0.000000000000000000 ) ) ;
#2943 = DIRECTION ( 'NONE',  ( -1.000000000000000000, -0.000000000000000000, -2.775557561562891351E-16 ) ) ;
#2944 = EDGE_CURVE ( 'NONE', #951, #451, #2130, .T. ) ;
#2945 = ORIENTED_EDGE ( 'NONE', *, *, #2262, .T. ) ;
#2946 = CARTESIAN_POINT ( 'NONE',  ( 16.64827586206901344, -25.00000000000000711, -219.8844297653357671 ) ) ;
#2947 = CARTESIAN_POINT ( 'NONE',  ( -168.3517241379310292, 50.00000000000000000, -187.3844297653358524 ) ) ;
#2948 = ORIENTED_EDGE ( 'NONE', *, *, #401, .T. ) ;
#2949 = VECTOR ( 'NONE', #2157, 1000.000000000000000 ) ;
#2950 = LINE ( 'NONE', #1630, #3251 ) ;
#2951 = EDGE_LOOP ( 'NONE', ( #756, #1781, #1674, #3256, #3084, #2420 ) ) ;
#2952 = LINE ( 'NONE', #2615, #1030 ) ;
#2953 = VECTOR ( 'NONE', #2907, 1000.000000000000000 ) ;
#2954 = DIRECTION ( 'NONE',  ( -1.387778780781445676E-16, 0.000000000000000000, -1.000000000000000000 ) ) ;
#2955 = ADVANCED_FACE ( 'NONE', ( #1921 ), #2205, .T. ) ;
#2956 = CARTESIAN_POINT ( 'NONE',  ( 218.0672268907563875, 50.00000000000000000, 429.2016806722688784 ) ) ;
#2957 = CYLINDRICAL_SURFACE ( 'NONE', #1505, 10.00000000000000178 ) ;
#2958 = ORIENTED_EDGE ( 'NONE', *, *, #1293, .T. ) ;
#2959 = CYLINDRICAL_SURFACE ( 'NONE', #3255, 4.999999999999976907 ) ;
#2960 = EDGE_CURVE ( 'NONE', #2439, #1472, #3241, .T. ) ;
#2961 = VERTEX_POINT ( 'NONE', #943 ) ;
#2962 = DIRECTION ( 'NONE',  ( 0.000000000000000000, 0.000000000000000000, 1.000000000000000000 ) ) ;
#2963 = ORIENTED_EDGE ( 'NONE', *, *, #1947, .F. ) ;
#2964 = LINE ( 'NONE', #1174, #529 ) ;
#2965 = ORIENTED_EDGE ( 'NONE', *, *, #1575, .T. ) ;
#2966 = DIRECTION ( 'NONE',  ( -0.000000000000000000, 1.000000000000000000, -0.000000000000000000 ) ) ;
#2967 = CARTESIAN_POINT ( 'NONE',  ( -168.3517241379309155, 50.00000000000000000, 157.6655702346641021 ) ) ;
#2968 = DIRECTION ( 'NONE',  ( -0.000000000000000000, -0.000000000000000000, 1.000000000000000000 ) ) ;
#2969 = DIRECTION ( 'NONE',  ( 2.312964634635743450E-16, 0.000000000000000000, -1.000000000000000000 ) ) ;
#2970 = DIRECTION ( 'NONE',  ( -0.000000000000000000, -1.000000000000000000, -0.000000000000000000 ) ) ;
#2971 = LINE ( 'NONE', #896, #1024 ) ;
#2972 = ORIENTED_EDGE ( 'NONE', *, *, #128, .T. ) ;
#2973 = CARTESIAN_POINT ( 'NONE',  ( -75.73170731707320158, 0.000000000000000000, -89.26829268292688369 ) ) ;
#2974 = CARTESIAN_POINT ( 'NONE',  ( -125.7317073170732016, 0.000000000000000000, -39.26829268292687658 ) ) ;
#2975 = EDGE_CURVE ( 'NONE', #1543, #2864, #209, .T. ) ;
#2976 = CARTESIAN_POINT ( 'NONE',  ( 218.0672268907563307, 50.00000000000000000, -170.7983193277310647 ) ) ;
#2977 = EDGE_CURVE ( 'NONE', #2314, #161, #2040, .T. ) ;
#2978 = ORIENTED_EDGE ( 'NONE', *, *, #678, .F. ) ;
#2979 = CARTESIAN_POINT ( 'NONE',  ( -130.7317073170732158, 0.000000000000000000, -59.26829268292688369 ) ) ;
#2980 = ORIENTED_EDGE ( 'NONE', *, *, #3245, .F. ) ;
#2981 = CARTESIAN_POINT ( 'NONE',  ( -81.93277310924362666, 0.000000000000000000, 329.2016806722688216 ) ) ;
#2982 = DIRECTION ( 'NONE',  ( -1.000000000000000000, 0.000000000000000000, -5.843279076974507537E-16 ) ) ;
#2983 = VECTOR ( 'NONE', #1242, 1000.000000000000000 ) ;
#2984 = CARTESIAN_POINT ( 'NONE',  ( 11.64827586206898502, 50.00000000000000000, -187.3844297653359092 ) ) ;
#2985 =( NAMED_UNIT ( * ) SI_UNIT ( $, .STERADIAN. ) SOLID_ANGLE_UNIT ( ) );
#2986 = DIRECTION ( 'NONE',  ( 1.000000000000000000, -0.000000000000000000, -0.000000000000000000 ) ) ;
#2987 = DIRECTION ( 'NONE',  ( 0.000000000000000000, 0.000000000000000000, 1.000000000000000000 ) ) ;
#2988 = VECTOR ( 'NONE', #1519, 1000.000000000000000 ) ;
#2989 = VERTEX_POINT ( 'NONE', #510 ) ;
#2990 = DIRECTION ( 'NONE',  ( -1.387778780781445676E-16, -0.000000000000000000, -1.000000000000000000 ) ) ;
#2991 = LINE ( 'NONE', #1272, #379 ) ;
#2992 = LINE ( 'NONE', #2023, #214 ) ;
#2993 = EDGE_CURVE ( 'NONE', #3056, #3170, #1468, .T. ) ;
#2994 = FACE_OUTER_BOUND ( 'NONE', #3029, .T. ) ;
#2995 = VERTEX_POINT ( 'NONE', #763 ) ;
#2996 = CARTESIAN_POINT ( 'NONE',  ( -173.3517241379309155, 50.00000000000000000, 195.1155702346640624 ) ) ;
#2997 = ORIENTED_EDGE ( 'NONE', *, *, #2771, .F. ) ;
#2998 = VECTOR ( 'NONE', #546, 1000.000000000000000 ) ;
#2999 = CIRCLE ( 'NONE', #2196, 5.000000000000002665 ) ;
#3000 = EDGE_CURVE ( 'NONE', #436, #1472, #230, .T. ) ;
#3001 = LINE ( 'NONE', #3219, #122 ) ;
#3002 = CARTESIAN_POINT ( 'NONE',  ( 11.64827586206910937, 0.000000000000000000, 157.6155702346640624 ) ) ;
#3003 = AXIS2_PLACEMENT_3D ( 'NONE', #1210, #1230, #2230 ) ;
#3004 = PRODUCT_DEFINITION_SHAPE ( 'NONE', 'NONE',  #3313 ) ;
#3005 =( NAMED_UNIT ( * ) PLANE_ANGLE_UNIT ( ) SI_UNIT ( $, .RADIAN. ) );
#3006 = CARTESIAN_POINT ( 'NONE',  ( -125.7317073170732016, 0.000000000000000000, -54.26829268292687658 ) ) ;
#3007 = LINE ( 'NONE', #708, #2306 ) ;
#3008 = ORIENTED_EDGE ( 'NONE', *, *, #1117, .F. ) ;
#3009 = CIRCLE ( 'NONE', #2152, 5.000000000000002665 ) ;
#3010 = FACE_OUTER_BOUND ( 'NONE', #928, .T. ) ;
#3011 = CARTESIAN_POINT ( 'NONE',  ( 0.000000000000000000, 0.000000000000000000, 0.000000000000000000 ) ) ;
#3012 = CARTESIAN_POINT ( 'NONE',  ( -85.73170731707318737, 120.0000000000000000, -99.26829268292686947 ) ) ;
#3013 = VERTEX_POINT ( 'NONE', #1236 ) ;
#3014 = DIRECTION ( 'NONE',  ( -6.938893903907257960E-16, 0.000000000000000000, 1.000000000000000000 ) ) ;
#3015 = ORIENTED_EDGE ( 'NONE', *, *, #150, .F. ) ;
#3016 = LINE ( 'NONE', #2193, #1620 ) ;
#3017 = ORIENTED_EDGE ( 'NONE', *, *, #642, .F. ) ;
#3018 = LINE ( 'NONE', #738, #704 ) ;
#3019 = EDGE_CURVE ( 'NONE', #1047, #1907, #746, .T. ) ;
#3020 = VECTOR ( 'NONE', #1419, 1000.000000000000000 ) ;
#3021 = PLANE ( 'NONE',  #331 ) ;
#3022 = CARTESIAN_POINT ( 'NONE',  ( -131.9327731092436125, -50.00000000000000000, 329.2016806722688216 ) ) ;
#3023 = DIRECTION ( 'NONE',  ( 3.265361837132813586E-16, -0.000000000000000000, 1.000000000000000000 ) ) ;
#3024 = EDGE_CURVE ( 'NONE', #903, #2989, #2542, .T. ) ;
#3025 = VERTEX_POINT ( 'NONE', #996 ) ;
#3026 = CARTESIAN_POINT ( 'NONE',  ( -125.7317073170732016, 0.000000000000000000, -54.26829268292687658 ) ) ;
#3027 = CARTESIAN_POINT ( 'NONE',  ( -88.35172413793038970, 50.00000000000000000, -219.8844297653358240 ) ) ;
#3028 = DIRECTION ( 'NONE',  ( 1.000000000000000000, -0.000000000000000000, 0.000000000000000000 ) ) ;
#3029 = EDGE_LOOP ( 'NONE', ( #1476, #1064, #3008, #1739 ) ) ;
#3030 = DIRECTION ( 'NONE',  ( -1.000000000000000000, -0.000000000000000000, -1.040834085586084503E-16 ) ) ;
#3031 = ORIENTED_EDGE ( 'NONE', *, *, #2547, .T. ) ;
#3032 = FACE_OUTER_BOUND ( 'NONE', #1258, .T. ) ;
#3033 = ORIENTED_EDGE ( 'NONE', *, *, #2457, .T. ) ;
#3034 = LINE ( 'NONE', #2197, #3079 ) ;
#3035 = ORIENTED_EDGE ( 'NONE', *, *, #1707, .T. ) ;
#3036 = AXIS2_PLACEMENT_3D ( 'NONE', #1403, #1134, #1639 ) ;
#3037 = PLANE ( 'NONE',  #1180 ) ;
#3038 = ORIENTED_EDGE ( 'NONE', *, *, #701, .T. ) ;
#3039 = CARTESIAN_POINT ( 'NONE',  ( -68.35172413793091550, 0.000000000000000000, -154.8844297653359376 ) ) ;
#3040 = EDGE_CURVE ( 'NONE', #953, #1924, #2556, .T. ) ;
#3041 = VECTOR ( 'NONE', #1112, 1000.000000000000000 ) ;
#3042 = CARTESIAN_POINT ( 'NONE',  ( -88.35172413793101498, 50.00000000000000000, -159.8844297653358808 ) ) ;
#3043 = SHAPE_REPRESENTATION ( 'base frame', ( #411 ), #3304 ) ;
#3044 = VECTOR ( 'NONE', #1851, 1000.000000000000000 ) ;
#3045 = VERTEX_POINT ( 'NONE', #2503 ) ;
#3046 = CARTESIAN_POINT ( 'NONE',  ( -168.3517241379310292, 50.00000000000000000, -159.8844297653358808 ) ) ;
#3047 = CARTESIAN_POINT ( 'NONE',  ( -168.3517241379310292, 50.00000000000000000, -159.8844297653358808 ) ) ;
#3048 = AXIS2_PLACEMENT_3D ( 'NONE', #1695, #2766, #2785 ) ;
#3049 = EDGE_CURVE ( 'NONE', #2961, #2864, #980, .T. ) ;
#3050 = CYLINDRICAL_SURFACE ( 'NONE', #2360, 4.999999999999976907 ) ;
#3051 = VECTOR ( 'NONE', #2628, 1000.000000000000000 ) ;
#3052 = ORIENTED_EDGE ( 'NONE', *, *, #3024, .F. ) ;
#3053 = DIRECTION ( 'NONE',  ( 0.000000000000000000, 1.000000000000000000, 0.000000000000000000 ) ) ;
#3054 = ORIENTED_EDGE ( 'NONE', *, *, #242, .F. ) ;
#3055 = DIRECTION ( 'NONE',  ( 1.000000000000000000, 0.000000000000000000, -0.000000000000000000 ) ) ;
#3056 = VERTEX_POINT ( 'NONE', #2002 ) ;
#3057 = VECTOR ( 'NONE', #1710, 1000.000000000000000 ) ;
#3058 = AXIS2_PLACEMENT_3D ( 'NONE', #927, #2449, #1197 ) ;
#3059 = CARTESIAN_POINT ( 'NONE',  ( -68.35172413793101498, 50.00000000000000000, -219.8844297653358808 ) ) ;
#3060 = DIRECTION ( 'NONE',  ( 0.000000000000000000, 0.000000000000000000, -1.000000000000000000 ) ) ;
#3061 = CARTESIAN_POINT ( 'NONE',  ( -5.851724137930889746, 25.00000000000000000, -165.8844297653360229 ) ) ;
#3062 = VECTOR ( 'NONE', #875, 1000.000000000000000 ) ;
#3063 = EDGE_CURVE ( 'NONE', #2524, #2475, #50, .T. ) ;
#3064 = VERTEX_POINT ( 'NONE', #1255 ) ;
#3065 = LINE ( 'NONE', #2289, #1169 ) ;
#3066 = CARTESIAN_POINT ( 'NONE',  ( 218.0672268907563591, 0.000000000000000000, -20.79831932773107539 ) ) ;
#3067 = ADVANCED_FACE ( 'NONE', ( #1018 ), #1504, .F. ) ;
#3068 = VERTEX_POINT ( 'NONE', #3046 ) ;
#3069 = ORIENTED_EDGE ( 'NONE', *, *, #3164, .T. ) ;
#3070 = ADVANCED_FACE ( 'NONE', ( #3010 ), #1271, .F. ) ;
#3071 = CARTESIAN_POINT ( 'NONE',  ( -131.9327731092436125, -50.00000000000000000, 329.2016806722688216 ) ) ;
#3072 = ORIENTED_EDGE ( 'NONE', *, *, #2939, .F. ) ;
#3073 = CYLINDRICAL_SURFACE ( 'NONE', #392, 4.999999999999976907 ) ;
#3074 = ORIENTED_EDGE ( 'NONE', *, *, #1551, .F. ) ;
#3075 = DIRECTION ( 'NONE',  ( 0.000000000000000000, 0.000000000000000000, -1.000000000000000000 ) ) ;
#3076 = FILL_AREA_STYLE ('',( #1848 ) ) ;
#3077 = CARTESIAN_POINT ( 'NONE',  ( -0.8517241379308870819, 25.00000000000000000, -154.8844297653359092 ) ) ;
#3078 = APPLICATION_CONTEXT ( 'automotive_design' ) ;
#3079 = VECTOR ( 'NONE', #3234, 1000.000000000000000 ) ;
#3080 = EDGE_LOOP ( 'NONE', ( #736, #221, #586, #2997 ) ) ;
#3081 = CARTESIAN_POINT ( 'NONE',  ( 11.64827586206910937, 50.00000000000000000, 130.1155702346640908 ) ) ;
#3082 = DIRECTION ( 'NONE',  ( 1.000000000000000000, -0.000000000000000000, 1.040834085586085203E-14 ) ) ;
#3083 = EDGE_CURVE ( 'NONE', #1905, #1743, #2027, .T. ) ;
#3084 = ORIENTED_EDGE ( 'NONE', *, *, #1156, .T. ) ;
#3085 = DIRECTION ( 'NONE',  ( 1.387778780781445676E-16, 0.000000000000000000, -1.000000000000000000 ) ) ;
#3086 = VECTOR ( 'NONE', #1378, 1000.000000000000000 ) ;
#3087 = ORIENTED_EDGE ( 'NONE', *, *, #853, .T. ) ;
#3088 = CARTESIAN_POINT ( 'NONE',  ( 16.64827586206900278, 50.00000000000000000, -154.8844297653359092 ) ) ;
#3089 = EDGE_CURVE ( 'NONE', #532, #2084, #3065, .T. ) ;
#3090 = ORIENTED_EDGE ( 'NONE', *, *, #2242, .F. ) ;
#3091 = LINE ( 'NONE', #787, #1510 ) ;
#3092 = LINE ( 'NONE', #1602, #164 ) ;
#3093 = EDGE_LOOP ( 'NONE', ( #359, #2550, #1154, #1, #2142, #799, #1189, #2856, #2276, #1407, #881, #619, #380, #1384, #181, #2517, #348, #1395, #102, #218, #97, #819, #2056, #2980, #3052, #1737, #285, #167, #1270, #2868, #458, #497 ) ) ;
#3094 = DIRECTION ( 'NONE',  ( 9.251858538542971581E-17, 0.000000000000000000, 1.000000000000000000 ) ) ;
#3095 = DIRECTION ( 'NONE',  ( 2.775557561562891351E-16, 0.000000000000000000, -1.000000000000000000 ) ) ;
#3096 = DIRECTION ( 'NONE',  ( 0.000000000000000000, 0.000000000000000000, 1.000000000000000000 ) ) ;
#3097 = AXIS2_PLACEMENT_3D ( 'NONE', #2271, #478, #2219 ) ;
#3098 = ORIENTED_EDGE ( 'NONE', *, *, #1633, .F. ) ;
#3099 = VERTEX_POINT ( 'NONE', #1716 ) ;
#3100 = EDGE_LOOP ( 'NONE', ( #2026, #784, #1779, #449 ) ) ;
#3101 = LINE ( 'NONE', #1076, #1498 ) ;
#3102 = EDGE_CURVE ( 'NONE', #499, #2918, #1770, .T. ) ;
#3103 = VECTOR ( 'NONE', #2809, 1000.000000000000000 ) ;
#3104 = VERTEX_POINT ( 'NONE', #2485 ) ;
#3105 = CARTESIAN_POINT ( 'NONE',  ( 268.0672268907563307, 50.00000000000000000, 429.2016806722688784 ) ) ;
#3106 = EDGE_LOOP ( 'NONE', ( #2031, #737, #235, #2915 ) ) ;
#3107 = CARTESIAN_POINT ( 'NONE',  ( 16.64827586206911292, 50.00000000000000000, 157.6155702346640624 ) ) ;
#3108 = EDGE_CURVE ( 'NONE', #1093, #101, #1216, .T. ) ;
#3109 = LINE ( 'NONE', #540, #2887 ) ;
#3110 = CIRCLE ( 'NONE', #1660, 5.000000000000002665 ) ;
#3111 = DIRECTION ( 'NONE',  ( -1.000000000000000000, 0.000000000000000000, -3.469446951953614189E-16 ) ) ;
#3112 = AXIS2_PLACEMENT_3D ( 'NONE', #1339, #574, #3111 ) ;
#3113 = EDGE_CURVE ( 'NONE', #1009, #2029, #3115, .T. ) ;
#3114 = ORIENTED_EDGE ( 'NONE', *, *, #524, .T. ) ;
#3115 = LINE ( 'NONE', #545, #1650 ) ;
#3116 = VECTOR ( 'NONE', #43, 1000.000000000000000 ) ;
#3117 = DIRECTION ( 'NONE',  ( -0.000000000000000000, -0.000000000000000000, 1.000000000000000000 ) ) ;
#3118 = CARTESIAN_POINT ( 'NONE',  ( 16.64827586206911292, 50.00000000000000000, 125.1155702346640766 ) ) ;
#3119 = VERTEX_POINT ( 'NONE', #298 ) ;
#3120 = AXIS2_PLACEMENT_3D ( 'NONE', #2584, #3075, #1318 ) ;
#3121 = ORIENTED_EDGE ( 'NONE', *, *, #1311, .F. ) ;
#3122 = DIRECTION ( 'NONE',  ( 1.000000000000000000, -0.000000000000000000, -5.551115123125777969E-15 ) ) ;
#3123 = LINE ( 'NONE', #1029, #553 ) ;
#3124 = EDGE_CURVE ( 'NONE', #1539, #2405, #13, .T. ) ;
#3125 = CARTESIAN_POINT ( 'NONE',  ( -173.3517241379310008, 75.00000000000001421, -219.8844297653358808 ) ) ;
#3126 = CARTESIAN_POINT ( 'NONE',  ( 16.64827586206911292, 50.00000000000000000, 190.1155702346640624 ) ) ;
#3127 = EDGE_CURVE ( 'NONE', #675, #1732, #2894, .T. ) ;
#3128 = EDGE_LOOP ( 'NONE', ( #3247, #468, #229, #3279 ) ) ;
#3129 = FACE_OUTER_BOUND ( 'NONE', #598, .T. ) ;
#3130 = DIRECTION ( 'NONE',  ( -0.000000000000000000, -0.000000000000000000, -1.000000000000000000 ) ) ;
#3131 = LINE ( 'NONE', #300, #448 ) ;
#3132 = EDGE_CURVE ( 'NONE', #829, #1903, #2322, .T. ) ;
#3133 = ORIENTED_EDGE ( 'NONE', *, *, #2066, .F. ) ;
#3134 = ORIENTED_EDGE ( 'NONE', *, *, #2301, .T. ) ;
#3135 = ORIENTED_EDGE ( 'NONE', *, *, #2725, .F. ) ;
#3136 = DIRECTION ( 'NONE',  ( -0.000000000000000000, -1.000000000000000000, -0.000000000000000000 ) ) ;
#3137 = DIRECTION ( 'NONE',  ( 9.251858538542971581E-17, 0.000000000000000000, 1.000000000000000000 ) ) ;
#3138 = EDGE_LOOP ( 'NONE', ( #3167, #839, #1569, #1563 ) ) ;
#3139 = DIRECTION ( 'NONE',  ( -1.000000000000000000, 0.000000000000000000, 0.000000000000000000 ) ) ;
#3140 = CARTESIAN_POINT ( 'NONE',  ( 268.0672268907563307, -50.00000000000000000, 329.2016806722688784 ) ) ;
#3141 = PRESENTATION_STYLE_ASSIGNMENT (( #1355 ) ) ;
#3142 = ORIENTED_EDGE ( 'NONE', *, *, #1753, .F. ) ;
#3143 = LINE ( 'NONE', #1803, #2183 ) ;
#3144 = EDGE_CURVE ( 'NONE', #1907, #1885, #814, .T. ) ;
#3145 = CARTESIAN_POINT ( 'NONE',  ( 4.148275862069115583, 25.00000000000000000, 130.1155702346640908 ) ) ;
#3146 = LINE ( 'NONE', #848, #2164 ) ;
#3147 = ORIENTED_EDGE ( 'NONE', *, *, #2692, .T. ) ;
#3148 = EDGE_CURVE ( 'NONE', #2049, #1093, #2620, .T. ) ;
#3149 = AXIS2_PLACEMENT_3D ( 'NONE', #2732, #706, #1728 ) ;
#3150 = AXIS2_PLACEMENT_3D ( 'NONE', #1412, #1394, #2160 ) ;
#3151 = ORIENTED_EDGE ( 'NONE', *, *, #2531, .F. ) ;
#3152 = VERTEX_POINT ( 'NONE', #2373 ) ;
#3153 = DIRECTION ( 'NONE',  ( -0.000000000000000000, -0.000000000000000000, -1.000000000000000000 ) ) ;
#3154 = CARTESIAN_POINT ( 'NONE',  ( -131.9327731092435840, 0.000000000000000000, -20.79831932773111447 ) ) ;
#3155 = VECTOR ( 'NONE', #2468, 1000.000000000000000 ) ;
#3156 = ORIENTED_EDGE ( 'NONE', *, *, #3164, .F. ) ;
#3157 = FACE_OUTER_BOUND ( 'NONE', #1591, .T. ) ;
#3158 = PLANE ( 'NONE',  #2445 ) ;
#3159 = DIRECTION ( 'NONE',  ( -0.000000000000000000, -1.000000000000000000, -0.000000000000000000 ) ) ;
#3160 = VERTEX_POINT ( 'NONE', #66 ) ;
#3161 = LINE ( 'NONE', #672, #897 ) ;
#3162 = FACE_OUTER_BOUND ( 'NONE', #3240, .T. ) ;
#3163 = FACE_OUTER_BOUND ( 'NONE', #1340, .T. ) ;
#3164 = EDGE_CURVE ( 'NONE', #1641, #337, #81, .T. ) ;
#3165 = AXIS2_PLACEMENT_3D ( 'NONE', #2568, #2319, #860 ) ;
#3166 = VECTOR ( 'NONE', #206, 1000.000000000000000 ) ;
#3167 = ORIENTED_EDGE ( 'NONE', *, *, #1083, .T. ) ;
#3168 = DIRECTION ( 'NONE',  ( 1.000000000000000000, 0.000000000000000000, -1.387778780781445676E-16 ) ) ;
#3169 = EDGE_CURVE ( 'NONE', #2426, #199, #1038, .T. ) ;
#3170 = VERTEX_POINT ( 'NONE', #1102 ) ;
#3171 = VECTOR ( 'NONE', #403, 1000.000000000000000 ) ;
#3172 = VERTEX_POINT ( 'NONE', #3081 ) ;
#3173 = LINE ( 'NONE', #607, #622 ) ;
#3174 = EDGE_CURVE ( 'NONE', #337, #1009, #3143, .T. ) ;
#3175 = ORIENTED_EDGE ( 'NONE', *, *, #849, .T. ) ;
#3176 = AXIS2_PLACEMENT_3D ( 'NONE', #120, #1634, #106 ) ;
#3177 = CARTESIAN_POINT ( 'NONE',  ( 243.0672268907563875, 0.000000000000000000, 329.2016806722688784 ) ) ;
#3178 = CARTESIAN_POINT ( 'NONE',  ( -173.3517241379309155, 0.000000000000000000, 195.1155702346640624 ) ) ;
#3179 = DIRECTION ( 'NONE',  ( 1.000000000000000000, -0.000000000000000000, 2.312964634635743450E-16 ) ) ;
#3180 = PLANE ( 'NONE',  #3036 ) ;
#3181 = CARTESIAN_POINT ( 'NONE',  ( -118.3517241379308587, 0.000000000000000000, 190.1155702346640908 ) ) ;
#3182 = ADVANCED_BREP_SHAPE_REPRESENTATION ( '', ( #556, #411 ), #3304 ) ;
#3183 = VERTEX_POINT ( 'NONE', #1820 ) ;
#3184 = FACE_OUTER_BOUND ( 'NONE', #931, .T. ) ;
#3185 = VECTOR ( 'NONE', #336, 1000.000000000000000 ) ;
#3186 = ORIENTED_EDGE ( 'NONE', *, *, #1687, .F. ) ;
#3187 = EDGE_CURVE ( 'NONE', #1483, #3064, #561, .T. ) ;
#3188 = DIRECTION ( 'NONE',  ( -0.000000000000000000, 1.000000000000000000, -0.000000000000000000 ) ) ;
#3189 = CARTESIAN_POINT ( 'NONE',  ( 16.64827586206898857, 0.000000000000000000, -187.3844297653359092 ) ) ;
#3190 = EDGE_CURVE ( 'NONE', #1460, #872, #2840, .T. ) ;
#3191 = LINE ( 'NONE', #1176, #3041 ) ;
#3192 = DIRECTION ( 'NONE',  ( 9.251858538542971581E-17, 0.000000000000000000, 1.000000000000000000 ) ) ;
#3193 = DIRECTION ( 'NONE',  ( 0.000000000000000000, 0.000000000000000000, 1.000000000000000000 ) ) ;
#3194 = DIRECTION ( 'NONE',  ( 0.000000000000000000, -0.000000000000000000, 1.000000000000000000 ) ) ;
#3195 = ORIENTED_EDGE ( 'NONE', *, *, #2651, .T. ) ;
#3196 = VERTEX_POINT ( 'NONE', #1570 ) ;
#3197 = VECTOR ( 'NONE', #2686, 1000.000000000000000 ) ;
#3198 = VERTEX_POINT ( 'NONE', #1586 ) ;
#3199 = CARTESIAN_POINT ( 'NONE',  ( 0.000000000000000000, 0.000000000000000000, 0.000000000000000000 ) ) ;
#3200 = VECTOR ( 'NONE', #1069, 1000.000000000000000 ) ;
#3201 = ORIENTED_EDGE ( 'NONE', *, *, #2174, .F. ) ;
#3202 = EDGE_CURVE ( 'NONE', #684, #3170, #1357, .T. ) ;
#3203 = LINE ( 'NONE', #1415, #651 ) ;
#3204 = EDGE_CURVE ( 'NONE', #1101, #2008, #1601, .T. ) ;
#3205 = VECTOR ( 'NONE', #467, 1000.000000000000000 ) ;
#3206 = LINE ( 'NONE', #1386, #1750 ) ;
#3207 = LINE ( 'NONE', #2927, #296 ) ;
#3208 = EDGE_CURVE ( 'NONE', #430, #3183, #2873, .T. ) ;
#3209 = ORIENTED_EDGE ( 'NONE', *, *, #1327, .F. ) ;
#3210 = DIRECTION ( 'NONE',  ( -0.000000000000000000, -0.000000000000000000, 1.000000000000000000 ) ) ;
#3211 = ORIENTED_EDGE ( 'NONE', *, *, #1839, .T. ) ;
#3212 = AXIS2_PLACEMENT_3D ( 'NONE', #1773, #426, #2505 ) ;
#3213 = AXIS2_PLACEMENT_3D ( 'NONE', #1388, #2943, #1652 ) ;
#3214 = DIRECTION ( 'NONE',  ( 9.251858538542971581E-17, 0.000000000000000000, 1.000000000000000000 ) ) ;
#3215 = ORIENTED_EDGE ( 'NONE', *, *, #386, .T. ) ;
#3216 = DIRECTION ( 'NONE',  ( -0.000000000000000000, -1.000000000000000000, -0.000000000000000000 ) ) ;
#3217 = EDGE_LOOP ( 'NONE', ( #2570, #1741, #1372, #2303 ) ) ;
#3218 = LINE ( 'NONE', #921, #2440 ) ;
#3219 = CARTESIAN_POINT ( 'NONE',  ( -106.9327731092435982, -50.00000000000000000, -20.79831932773111092 ) ) ;
#3220 = CARTESIAN_POINT ( 'NONE',  ( 243.0672268907563875, -50.00000000000000000, 329.2016806722688784 ) ) ;
#3221 = DIRECTION ( 'NONE',  ( -1.000000000000000000, -0.000000000000000000, -0.000000000000000000 ) ) ;
#3222 = ADVANCED_FACE ( 'NONE', ( #845 ), #1624, .F. ) ;
#3223 = DIRECTION ( 'NONE',  ( -1.000000000000000000, -0.000000000000000000, -2.775557561562891351E-16 ) ) ;
#3224 = ORIENTED_EDGE ( 'NONE', *, *, #877, .F. ) ;
#3225 = CARTESIAN_POINT ( 'NONE',  ( 268.0672268907563307, 50.00000000000000000, -170.7983193277310932 ) ) ;
#3226 = EDGE_CURVE ( 'NONE', #1360, #2742, #28, .T. ) ;
#3227 = ORIENTED_EDGE ( 'NONE', *, *, #237, .T. ) ;
#3228 = VERTEX_POINT ( 'NONE', #1606 ) ;
#3229 = FACE_BOUND ( 'NONE', #262, .T. ) ;
#3230 = VERTEX_POINT ( 'NONE', #2109 ) ;
#3231 = VECTOR ( 'NONE', #1496, 1000.000000000000000 ) ;
#3232 = DIRECTION ( 'NONE',  ( -1.000000000000000000, -0.000000000000000000, -1.387778780781445676E-16 ) ) ;
#3233 = EDGE_LOOP ( 'NONE', ( #1841, #1305, #2245, #1426 ) ) ;
#3234 = DIRECTION ( 'NONE',  ( -0.000000000000000000, -1.000000000000000000, -0.000000000000000000 ) ) ;
#3235 = CARTESIAN_POINT ( 'NONE',  ( 243.0672268907563875, 0.000000000000000000, -70.79831932773106473 ) ) ;
#3236 = APPLICATION_PROTOCOL_DEFINITION ( 'draft international standard', 'automotive_design', 1998, #949 ) ;
#3237 = LINE ( 'NONE', #688, #2028 ) ;
#3238 = CARTESIAN_POINT ( 'NONE',  ( -131.9327731092436125, 0.000000000000000000, 279.2016806722688784 ) ) ;
#3239 = ADVANCED_FACE ( 'NONE', ( #3129 ), #2073, .F. ) ;
#3240 = EDGE_LOOP ( 'NONE', ( #844, #1598, #1073, #970 ) ) ;
#3241 = LINE ( 'NONE', #459, #1656 ) ;
#3242 =( REPRESENTATION_RELATIONSHIP ('NONE','NONE', #606, #51 ) REPRESENTATION_RELATIONSHIP_WITH_TRANSFORMATION ( #788 )SHAPE_REPRESENTATION_RELATIONSHIP( ) );
#3243 = LINE ( 'NONE', #3293, #3268 ) ;
#3244 = CARTESIAN_POINT ( 'NONE',  ( 243.0672268907563875, -50.00000000000000000, 329.2016806722688784 ) ) ;
#3245 = EDGE_CURVE ( 'NONE', #2989, #3183, #1162, .T. ) ;
#3246 = DIRECTION ( 'NONE',  ( -0.000000000000000000, 1.000000000000000000, -0.000000000000000000 ) ) ;
#3247 = ORIENTED_EDGE ( 'NONE', *, *, #3204, .F. ) ;
#3248 = DIRECTION ( 'NONE',  ( -8.540177112501212273E-16, 0.000000000000000000, -1.000000000000000000 ) ) ;
#3249 = VERTEX_POINT ( 'NONE', #924 ) ;
#3250 = LINE ( 'NONE', #954, #3231 ) ;
#3251 = VECTOR ( 'NONE', #3137, 1000.000000000000000 ) ;
#3252 = LINE ( 'NONE', #956, #2311 ) ;
#3253 = DIRECTION ( 'NONE',  ( 0.000000000000000000, -0.000000000000000000, 1.000000000000000000 ) ) ;
#3254 = CARTESIAN_POINT ( 'NONE',  ( -70.73170731707321579, 130.0000000000000000, -99.26829268292686947 ) ) ;
#3255 = AXIS2_PLACEMENT_3D ( 'NONE', #929, #1949, #397 ) ;
#3256 = ORIENTED_EDGE ( 'NONE', *, *, #132, .T. ) ;
#3257 = DIRECTION ( 'NONE',  ( 0.000000000000000000, 0.000000000000000000, 1.000000000000000000 ) ) ;
#3258 = CARTESIAN_POINT ( 'NONE',  ( 1.284846087800256905E-13, 50.00000000000000000, -219.8844297653357671 ) ) ;
#3259 = PLANE ( 'NONE',  #1502 ) ;
#3260 = EDGE_CURVE ( 'NONE', #3261, #1047, #1681, .T. ) ;
#3261 = VERTEX_POINT ( 'NONE', #2167 ) ;
#3262 = AXIS2_PLACEMENT_3D ( 'NONE', #2528, #462, #211 ) ;
#3263 = CARTESIAN_POINT ( 'NONE',  ( -118.3517241379303897, 50.00000000000000000, -224.8844297653358524 ) ) ;
#3264 = ADVANCED_FACE ( 'NONE', ( #1930 ), #2697, .F. ) ;
#3265 = ORIENTED_EDGE ( 'NONE', *, *, #2593, .T. ) ;
#3266 = DIRECTION ( 'NONE',  ( -1.000000000000000000, 0.000000000000000000, 0.000000000000000000 ) ) ;
#3267 = ORIENTED_EDGE ( 'NONE', *, *, #2771, .T. ) ;
#3268 = VECTOR ( 'NONE', #711, 1000.000000000000000 ) ;
#3269 = CARTESIAN_POINT ( 'NONE',  ( -125.7317073170732016, 0.000000000000000000, -39.26829268292687658 ) ) ;
#3270 = EDGE_CURVE ( 'NONE', #1858, #2825, #374, .T. ) ;
#3271 = DIRECTION ( 'NONE',  ( -1.000000000000000000, -0.000000000000000000, -1.040834085586084503E-16 ) ) ;
#3272 = CIRCLE ( 'NONE', #967, 5.000000000000002665 ) ;
#3273 = DIRECTION ( 'NONE',  ( 0.000000000000000000, 0.000000000000000000, 1.000000000000000000 ) ) ;
#3274 = LINE ( 'NONE', #3238, #216 ) ;
#3275 = VERTEX_POINT ( 'NONE', #1402 ) ;
#3276 = DIRECTION ( 'NONE',  ( -0.000000000000000000, -1.000000000000000000, -0.000000000000000000 ) ) ;
#3277 = DIRECTION ( 'NONE',  ( 1.000000000000000000, 0.000000000000000000, -0.000000000000000000 ) ) ;
#3278 = DIRECTION ( 'NONE',  ( 1.040834085586084503E-16, 0.000000000000000000, -1.000000000000000000 ) ) ;
#3279 = ORIENTED_EDGE ( 'NONE', *, *, #171, .F. ) ;
#3280 = FACE_OUTER_BOUND ( 'NONE', #2127, .T. ) ;
#3281 = ORIENTED_EDGE ( 'NONE', *, *, #2993, .F. ) ;
#3282 = CARTESIAN_POINT ( 'NONE',  ( -130.7317073170732442, 99.99999999999998579, 0.7317073170731297482 ) ) ;
#3283 = EDGE_CURVE ( 'NONE', #287, #1539, #893, .T. ) ;
#3284 = ORIENTED_EDGE ( 'NONE', *, *, #2470, .T. ) ;
#3285 = DIRECTION ( 'NONE',  ( -1.000000000000000000, 0.000000000000000000, 0.000000000000000000 ) ) ;
#3286 = ORIENTED_EDGE ( 'NONE', *, *, #2589, .F. ) ;
#3287 = PLANE ( 'NONE',  #2522 ) ;
#3288 = EDGE_CURVE ( 'NONE', #1101, #125, #1886, .T. ) ;
#3289 = DIRECTION ( 'NONE',  ( 0.000000000000000000, 1.000000000000000000, 0.000000000000000000 ) ) ;
#3290 = DIRECTION ( 'NONE',  ( -0.000000000000000000, -0.000000000000000000, -1.000000000000000000 ) ) ;
#3291 = ORIENTED_EDGE ( 'NONE', *, *, #2365, .T. ) ;
#3292 = DIRECTION ( 'NONE',  ( -1.000000000000000000, 0.000000000000000000, -2.775557561562891351E-16 ) ) ;
#3293 = CARTESIAN_POINT ( 'NONE',  ( -125.7317073170732016, 0.000000000000000000, -44.26829268292688369 ) ) ;
#3294 = DIRECTION ( 'NONE',  ( -3.265361837132813586E-16, -0.000000000000000000, -1.000000000000000000 ) ) ;
#3295 = ORIENTED_EDGE ( 'NONE', *, *, #3144, .T. ) ;
#3296 = ORIENTED_EDGE ( 'NONE', *, *, #325, .T. ) ;
#3297 = CARTESIAN_POINT ( 'NONE',  ( -68.35172413793101498, 50.00000000000000000, -159.8844297653359376 ) ) ;
#3298 = VERTEX_POINT ( 'NONE', #2667 ) ;
#3299 = DIRECTION ( 'NONE',  ( 1.000000000000000000, 0.000000000000000000, 0.000000000000000000 ) ) ;
#3300 = EDGE_CURVE ( 'NONE', #3119, #34, #137, .T. ) ;
#3301 = EDGE_LOOP ( 'NONE', ( #550, #1409, #1352, #2226 ) ) ;
#3302 = CARTESIAN_POINT ( 'NONE',  ( -88.35172413793092971, 0.000000000000000000, 125.1155702346640766 ) ) ;
#3303 =( LENGTH_UNIT ( ) NAMED_UNIT ( * ) SI_UNIT ( .MILLI., .METRE. ) );
#3304 =( GEOMETRIC_REPRESENTATION_CONTEXT ( 3 ) GLOBAL_UNCERTAINTY_ASSIGNED_CONTEXT ( ( #2275 ) ) GLOBAL_UNIT_ASSIGNED_CONTEXT ( ( #2200, #639, #2637 ) ) REPRESENTATION_CONTEXT ( 'NONE', 'WORKASPACE' ) );
#3305 = CARTESIAN_POINT ( 'NONE',  ( 218.0672268907563307, 0.000000000000000000, -170.7983193277310647 ) ) ;
#3306 = DIRECTION ( 'NONE',  ( -1.000000000000000000, -0.000000000000000000, 3.265361837132813093E-16 ) ) ;
#3307 = EDGE_CURVE ( 'NONE', #951, #1142, #3161, .T. ) ;
#3308 = VECTOR ( 'NONE', #280, 1000.000000000000000 ) ;
#3309 = VECTOR ( 'NONE', #1559, 1000.000000000000000 ) ;
#3310 = NEXT_ASSEMBLY_USAGE_OCCURRENCE ( 'NAUO1', ' ', ' ', #2529, #2380, $ ) ;
#3311 = NEXT_ASSEMBLY_USAGE_OCCURRENCE ( 'NAUO2', ' ', ' ', #2529, #395, $ ) ;
#3312 = NEXT_ASSEMBLY_USAGE_OCCURRENCE ( 'NAUO3', ' ', ' ', #2529, #395, $ ) ;
#3313 = NEXT_ASSEMBLY_USAGE_OCCURRENCE ( 'NAUO4', ' ', ' ', #2529, #395, $ ) ;
#3314 = NEXT_ASSEMBLY_USAGE_OCCURRENCE ( 'NAUO5', ' ', ' ', #2529, #395, $ ) ;
#3315 = NEXT_ASSEMBLY_USAGE_OCCURRENCE ( 'NAUO6', ' ', ' ', #2529, #2666, $ ) ;
ENDSEC;
END-ISO-10303-21;
