ISO-10303-21;
HEADER;
FILE_DESCRIPTION (( 'STEP AP203' ),
    '1' );
FILE_NAME ('ELECTROTHERAPY BODY ASSEMBLY.STEP',
    '2026-01-09T17:53:15',
    ( '' ),
    ( '' ),
    'SwSTEP 2.0',
    'SolidWorks 2025',
    '' );
FILE_SCHEMA (( 'CONFIG_CONTROL_DESIGN' ));
ENDSEC;

DATA;
#1 = CARTESIAN_POINT ( 'NONE',  ( -0.04797468354430373116, -0.1956962025316451026, 0.2999999999999999334 ) ) ;
#2 = DIRECTION ( 'NONE',  ( -1.000000000000000000, -0.000000000000000000, 3.700743415417189125E-16 ) ) ;
#3 = EDGE_LOOP ( 'NONE', ( #19, #2212, #3518, #3000, #3828 ) ) ;
#4 = VERTEX_POINT ( 'NONE', #1216 ) ;
#5 = ADVANCED_FACE ( 'NONE', ( #6295 ), #202, .F. ) ;
#6 = LINE ( 'NONE', #3520, #4412 ) ;
#7 = CYLINDRICAL_SURFACE ( 'NONE', #4339, 0.005000000000000004441 ) ;
#8 = VECTOR ( 'NONE', #4809, 1.000000000000000000 ) ;
#9 = DIRECTION ( 'NONE',  ( 2.775557561562891351E-16, -1.000000000000000000, 0.000000000000000000 ) ) ;
#10 = LINE ( 'NONE', #3594, #3247 ) ;
#11 = ADVANCED_FACE ( 'NONE', ( #2756 ), #4799, .F. ) ;
#12 = ORIENTED_EDGE ( 'NONE', *, *, #1221, .T. ) ;
#13 = AXIS2_PLACEMENT_3D ( 'NONE', #4037, #6017, #485 ) ;
#14 = ORIENTED_EDGE ( 'NONE', *, *, #752, .F. ) ;
#15 = B_SPLINE_CURVE_WITH_KNOTS ( 'NONE', 3,
 ( #1615, #3658, #200, #2178, #1748, #79, #4728, #1646, #5706, #1117, #2654, #6252 ),
 .UNSPECIFIED., .F., .F.,
 ( 4, 2, 2, 2, 2, 4 ),
 ( 0.004371888091586859613, 0.005937477632603137441, 0.007503067173619414401, 0.01063424625565198567, 0.01376542533768455867, 0.01689660441971713167 ),
 .UNSPECIFIED. ) ;
#16 = LINE ( 'NONE', #2692, #1946 ) ;
#17 = EDGE_LOOP ( 'NONE', ( #3445, #5053, #5516, #195, #2959, #4141, #4016, #230 ) ) ;
#18 = CARTESIAN_POINT ( 'NONE',  ( -0.1849999999999993316, -0.1950000000000000622, 0.04500000000000000527 ) ) ;
#19 = ORIENTED_EDGE ( 'NONE', *, *, #1337, .F. ) ;
#20 = ORIENTED_EDGE ( 'NONE', *, *, #588, .T. ) ;
#21 = AXIS2_PLACEMENT_3D ( 'NONE', #5145, #5646, #1560 ) ;
#22 = FACE_OUTER_BOUND ( 'NONE', #4434, .T. ) ;
#23 = AXIS2_PLACEMENT_3D ( 'NONE', #4966, #266, #6420 ) ;
#24 = DIRECTION ( 'NONE',  ( -1.000000000000000000, 0.000000000000000000, 0.000000000000000000 ) ) ;
#25 = DIRECTION ( 'NONE',  ( -1.000000000000000000, 0.000000000000000000, -3.700743415417189125E-16 ) ) ;
#26 = CARTESIAN_POINT ( 'NONE',  ( 0.1300000000000001155, -0.006621621621621632051, 0.2899999999999999800 ) ) ;
#27 = ORIENTED_EDGE ( 'NONE', *, *, #1720, .T. ) ;
#28 = AXIS2_PLACEMENT_3D ( 'NONE', #3149, #5834, #6249 ) ;
#29 = CARTESIAN_POINT ( 'NONE',  ( 0.2102962962962963700, -0.1878888888888889108, 0.009999999999999991535 ) ) ;
#30 = CARTESIAN_POINT ( 'NONE',  ( -0.1536412078152752936, 0.000000000000000000, -0.08836589698046184993 ) ) ;
#31 = DATE_TIME_ROLE ( 'classification_date' ) ;
#32 = DIRECTION ( 'NONE',  ( -0.9863939238321436376, -0.1643989873053574302, 0.000000000000000000 ) ) ;
#33 = EDGE_CURVE ( 'NONE', #6185, #3479, #884, .T. ) ;
#34 = AXIS2_PLACEMENT_3D ( 'NONE', #5924, #2372, #808 ) ;
#35 = PERSON ( 'NAUO-PER2', 'UNSPECIFIED', 'UNSPECIFIED', ('UNSPECIFIED'), ('UNSPECIFIED'), ('UNSPECIFIED') ) ;
#36 = DIRECTION ( 'NONE',  ( 1.000000000000000000, -0.000000000000000000, 0.000000000000000000 ) ) ;
#37 = VERTEX_POINT ( 'NONE', #2657 ) ;
#38 = VERTEX_POINT ( 'NONE', #681 ) ;
#39 = CARTESIAN_POINT ( 'NONE',  ( -0.05797468354430374005, 0.09430379746835439170, 0.9000000000000000222 ) ) ;
#40 = VECTOR ( 'NONE', #6629, 1.000000000000000000 ) ;
#41 = CARTESIAN_POINT ( 'NONE',  ( 0.1952995352946613472, 0.1857231421707808694, 0.04698360067358973297 ) ) ;
#42 = PERSON_AND_ORGANIZATION_ROLE ( 'creator' ) ;
#43 = DIRECTION ( 'NONE',  ( 3.330669073875469621E-15, 1.000000000000000000, 0.000000000000000000 ) ) ;
#44 = EDGE_CURVE ( 'NONE', #4042, #6337, #4765, .T. ) ;
#45 = MANIFOLD_SOLID_BREP ( 'Fillet1', #3017 ) ;
#46 = CIRCLE ( 'NONE', #901, 0.01000000000000000888 ) ;
#47 = VERTEX_POINT ( 'NONE', #174 ) ;
#48 = ORIENTED_EDGE ( 'NONE', *, *, #1705, .T. ) ;
#49 = EDGE_CURVE ( 'NONE', #5082, #2690, #1750, .T. ) ;
#50 = AXIS2_PLACEMENT_3D ( 'NONE', #1433, #6596, #5594 ) ;
#51 = PERSON_AND_ORGANIZATION ( #6361, #58 ) ;
#52 = ADVANCED_FACE ( 'NONE', ( #1618 ), #3158, .T. ) ;
#53 = CARTESIAN_POINT ( 'NONE',  ( 0.1999999999999999833, 0.1750000000000000444, 0.000000000000000000 ) ) ;
#54 = VERTEX_POINT ( 'NONE', #2784 ) ;
#55 = AXIS2_PLACEMENT_3D ( 'NONE', #3639, #1597, #523 ) ;
#56 = CARTESIAN_POINT ( 'NONE',  ( 0.1911522835674306919, 0.1875662737758371501, 0.04997924206064470465 ) ) ;
#57 = ORIENTED_EDGE ( 'NONE', *, *, #1230, .F. ) ;
#58 = ORGANIZATION ( 'UNSPECIFIED', 'UNSPECIFIED', '' ) ;
#59 = ORIENTED_EDGE ( 'NONE', *, *, #3273, .F. ) ;
#60 = CARTESIAN_POINT ( 'NONE',  ( 0.1695393920141694266, -0.2195393920141694433, 0.006999999999999966319 ) ) ;
#61 = VECTOR ( 'NONE', #2456, 1.000000000000000000 ) ;
#62 = CARTESIAN_POINT ( 'NONE',  ( -0.05797468354430375392, 0.09430379746835439170, 0.8800000000000000044 ) ) ;
#63 = PRODUCT_DEFINITION_FORMATION_WITH_SPECIFIED_SOURCE ( 'ANY', '', #354, .NOT_KNOWN. ) ;
#64 = CARTESIAN_POINT ( 'NONE',  ( 0.3073578757041730003, 0.02569985925715820296, 0.06002843765043723578 ) ) ;
#65 = CARTESIAN_POINT ( 'NONE',  ( -0.04797468354430376586, 0.09430379746835439170, 0.3099999999999999423 ) ) ;
#66 = ORIENTED_EDGE ( 'NONE', *, *, #1065, .F. ) ;
#67 = CC_DESIGN_APPROVAL ( #182, ( #2095 ) ) ;
#68 = DIRECTION ( 'NONE',  ( 0.000000000000000000, 1.000000000000000000, 0.000000000000000000 ) ) ;
#69 = UNCERTAINTY_MEASURE_WITH_UNIT (LENGTH_MEASURE( 1.000000000000000082E-05 ), #3264, 'distance_accuracy_value', 'NONE');
#70 = PERSON_AND_ORGANIZATION_ROLE ( 'creator' ) ;
#71 = LINE ( 'NONE', #2647, #155 ) ;
#72 = ORGANIZATION ( 'NAUO-ORG3', 'UNSPECIFIED', 'UNSPECIFIED' ) ;
#73 = CARTESIAN_POINT ( 'NONE',  ( -0.1096641191716035413, 0.0009506961532713104719, 0.05243104457698078563 ) ) ;
#74 = ORIENTED_EDGE ( 'NONE', *, *, #4824, .T. ) ;
#75 = VERTEX_POINT ( 'NONE', #2853 ) ;
#76 = CARTESIAN_POINT ( 'NONE',  ( 0.000000000000000000, 0.000000000000000000, 0.01000000000000000021 ) ) ;
#77 = CARTESIAN_POINT ( 'NONE',  ( -0.3279746835443037578, 0.09430379746835439170, 0.9000000000000000222 ) ) ;
#78 = COORDINATED_UNIVERSAL_TIME_OFFSET ( 5, 30, .AHEAD. ) ;
#79 = CARTESIAN_POINT ( 'NONE',  ( -0.1831982014535163683, 0.1967641189384472522, 0.04882186884249463399 ) ) ;
#80 = VERTEX_POINT ( 'NONE', #5399 ) ;
#81 = EDGE_CURVE ( 'NONE', #4583, #2666, #302, .T. ) ;
#82 = ORIENTED_EDGE ( 'NONE', *, *, #3844, .T. ) ;
#83 = DIRECTION ( 'NONE',  ( 0.000000000000000000, 1.000000000000000000, 0.000000000000000000 ) ) ;
#84 = DATE_AND_TIME ( #2758, #5736 ) ;
#85 = DIRECTION ( 'NONE',  ( -0.000000000000000000, 1.000000000000000000, -0.000000000000000000 ) ) ;
#86 = APPLICATION_CONTEXT ( 'configuration controlled 3d designs of mechanical parts and assemblies' ) ;
#87 = ADVANCED_FACE ( 'NONE', ( #916, #2384 ), #6457, .T. ) ;
#88 = FACE_OUTER_BOUND ( 'NONE', #2331, .T. ) ;
#89 = VERTEX_POINT ( 'NONE', #5003 ) ;
#90 = CARTESIAN_POINT ( 'NONE',  ( -0.05797468354430372617, -0.1856962025316456488, 0.6099999999999999867 ) ) ;
#91 = ORIENTED_EDGE ( 'NONE', *, *, #2470, .F. ) ;
#92 = CARTESIAN_POINT ( 'NONE',  ( 0.1608231753950490617, -0.2158861306932991497, 0.001908248145822238808 ) ) ;
#93 = FACE_OUTER_BOUND ( 'NONE', #2483, .T. ) ;
#94 = LINE ( 'NONE', #4183, #5040 ) ;
#95 = FACE_OUTER_BOUND ( 'NONE', #1922, .T. ) ;
#96 = EDGE_LOOP ( 'NONE', ( #4451, #1274, #6070, #2520 ) ) ;
#97 = DIRECTION ( 'NONE',  ( -3.330669073875469621E-15, -1.000000000000000000, 0.000000000000000000 ) ) ;
#98 = ORIENTED_EDGE ( 'NONE', *, *, #4373, .F. ) ;
#99 = VECTOR ( 'NONE', #5275, 1.000000000000000000 ) ;
#100 = FACE_OUTER_BOUND ( 'NONE', #145, .T. ) ;
#101 = APPLICATION_PROTOCOL_DEFINITION ( 'international standard', 'config_control_design', 1994, #1446 ) ;
#102 = DIRECTION ( 'NONE',  ( 0.000000000000000000, 1.000000000000000000, 0.000000000000000000 ) ) ;
#103 = CARTESIAN_POINT ( 'NONE',  ( 0.3863587921847251305, 0.02693000272970801773, 0.06002843765043719415 ) ) ;
#104 = VERTEX_POINT ( 'NONE', #1281 ) ;
#105 = ORIENTED_EDGE ( 'NONE', *, *, #3031, .F. ) ;
#106 = DIRECTION ( 'NONE',  ( -1.000000000000000000, -0.000000000000000000, -0.000000000000000000 ) ) ;
#107 = DIRECTION ( 'NONE',  ( -0.000000000000000000, 0.000000000000000000, -1.000000000000000000 ) ) ;
#108 = APPROVAL_DATE_TIME ( #4167, #3823 ) ;
#109 = CARTESIAN_POINT ( 'NONE',  ( -0.3279746835443038133, 0.09430379746835439170, 0.6100000000000000977 ) ) ;
#110 = EDGE_CURVE ( 'NONE', #6093, #5739, #1627, .T. ) ;
#111 = EDGE_CURVE ( 'NONE', #3889, #6093, #2953, .T. ) ;
#112 = ORIENTED_EDGE ( 'NONE', *, *, #486, .T. ) ;
#113 = ORIENTED_EDGE ( 'NONE', *, *, #658, .F. ) ;
#114 = DATE_AND_TIME ( #1185, #5205 ) ;
#115 = DIRECTION ( 'NONE',  ( -1.000000000000000000, -0.000000000000000000, 3.700743415417189125E-16 ) ) ;
#116 = CARTESIAN_POINT ( 'NONE',  ( 0.07180232558139541810, -0.2792151162790699193, 0.000000000000000000 ) ) ;
#117 = ORIENTED_EDGE ( 'NONE', *, *, #4169, .F. ) ;
#118 = LINE ( 'NONE', #3711, #1865 ) ;
#119 = ORIENTED_EDGE ( 'NONE', *, *, #1761, .T. ) ;
#120 = CARTESIAN_POINT ( 'NONE',  ( 0.1639654534522681784, -0.2188347102584741466, 0.005310313795521245765 ) ) ;
#121 = CARTESIAN_POINT ( 'NONE',  ( 0.04874314508567449689, 0.04587950773190715287, -0.02885589219125186608 ) ) ;
#122 = CARTESIAN_POINT ( 'NONE',  ( 0.1649999999999999800, 0.1549999999999999989, 0.04792893218813452927 ) ) ;
#123 = CARTESIAN_POINT ( 'NONE',  ( 0.1861503726934921610, -0.1961211848891211140, 0.04815999206893652185 ) ) ;
#124 = VERTEX_POINT ( 'NONE', #3327 ) ;
#125 = EDGE_CURVE ( 'NONE', #5114, #5127, #1919, .T. ) ;
#126 = DIRECTION ( 'NONE',  ( 0.000000000000000000, 1.000000000000000000, 0.000000000000000000 ) ) ;
#127 = LINE ( 'NONE', #6279, #1647 ) ;
#128 = APPROVAL_DATE_TIME ( #4655, #1089 ) ;
#129 = FACE_OUTER_BOUND ( 'NONE', #6230, .T. ) ;
#130 = CARTESIAN_POINT ( 'NONE',  ( 0.2099999999999999645, -0.2199999999999999734, 0.009999999999999996739 ) ) ;
#131 = CARTESIAN_POINT ( 'NONE',  ( -0.0004267538769130943153, 0.01932106578629397622, -0.02117521696603656342 ) ) ;
#132 = ORIENTED_EDGE ( 'NONE', *, *, #5338, .F. ) ;
#133 = CC_DESIGN_PERSON_AND_ORGANIZATION_ASSIGNMENT ( #169, #5262, ( #6614 ) ) ;
#134 = ORIENTED_EDGE ( 'NONE', *, *, #751, .T. ) ;
#135 = DIRECTION ( 'NONE',  ( 0.000000000000000000, 0.000000000000000000, -1.000000000000000000 ) ) ;
#136 = AXIS2_PLACEMENT_3D ( 'NONE', #1549, #6342, #1242 ) ;
#137 = FACE_OUTER_BOUND ( 'NONE', #5154, .T. ) ;
#138 = PERSON_AND_ORGANIZATION_ROLE ( 'classification_officer' ) ;
#139 = VERTEX_POINT ( 'NONE', #5496 ) ;
#140 = ORIENTED_EDGE ( 'NONE', *, *, #6146, .F. ) ;
#141 = SHAPE_REPRESENTATION_RELATIONSHIP ( 'NONE' , 'NONE' ,  #1448, #6210 ) ;
#142 = COORDINATED_UNIVERSAL_TIME_OFFSET ( 5, 30, .AHEAD. ) ;
#143 = CARTESIAN_POINT ( 'NONE',  ( 0.2000000000000000389, -0.1750000000000000167, 0.006999999999999964584 ) ) ;
#144 = DIRECTION ( 'NONE',  ( -7.116814260417669499E-17, 1.000000000000000000, 0.000000000000000000 ) ) ;
#145 = EDGE_LOOP ( 'NONE', ( #3341, #201, #2143, #6624 ) ) ;
#146 = AXIS2_PLACEMENT_3D ( 'NONE', #2715, #1683, #3697 ) ;
#147 = LINE ( 'NONE', #2193, #6492 ) ;
#148 = ORIENTED_EDGE ( 'NONE', *, *, #375, .T. ) ;
#149 = CIRCLE ( 'NONE', #2716, 0.02000000000000004552 ) ;
#150 = CARTESIAN_POINT ( 'NONE',  ( 0.1600000000000000033, -0.2103770073826538856, -6.233221344072552450E-19 ) ) ;
#151 = LINE ( 'NONE', #2133, #4075 ) ;
#152 = LINE ( 'NONE', #2202, #2738 ) ;
#153 = CARTESIAN_POINT ( 'NONE',  ( 0.1791351251209296891, -0.1973218475563932317, 0.04922308619429387189 ) ) ;
#154 = ORIENTED_EDGE ( 'NONE', *, *, #2218, .T. ) ;
#155 = VECTOR ( 'NONE', #3214, 1.000000000000000000 ) ;
#156 = DIRECTION ( 'NONE',  ( 0.000000000000000000, 1.000000000000000000, 0.000000000000000000 ) ) ;
#157 = VECTOR ( 'NONE', #6422, 1.000000000000000000 ) ;
#158 =( GEOMETRIC_REPRESENTATION_CONTEXT ( 3 ) GLOBAL_UNCERTAINTY_ASSIGNED_CONTEXT ( ( #1387 ) ) GLOBAL_UNIT_ASSIGNED_CONTEXT ( ( #985, #3956, #2489 ) ) REPRESENTATION_CONTEXT ( 'NONE', 'WORKASPACE' ) );
#159 = CARTESIAN_POINT ( 'NONE',  ( -0.1999999999999999833, -0.1750000000000000167, 0.04500000000000000527 ) ) ;
#160 = DIRECTION ( 'NONE',  ( 0.000000000000000000, -0.000000000000000000, 1.000000000000000000 ) ) ;
#161 = CARTESIAN_POINT ( 'NONE',  ( 0.3863587921847251305, 0.02693000272970801773, 0.06002843765043719415 ) ) ;
#162 = EDGE_CURVE ( 'NONE', #240, #6185, #995, .T. ) ;
#163 = VECTOR ( 'NONE', #6346, 1.000000000000000000 ) ;
#164 = LINE ( 'NONE', #4317, #3089 ) ;
#165 = ORIENTED_EDGE ( 'NONE', *, *, #2421, .F. ) ;
#166 = LOCAL_TIME ( 23, 23, 15.00000000000000000, #3108 ) ;
#167 = CARTESIAN_POINT ( 'NONE',  ( -0.1103092940787514104, 0.05146944714291320361, 0.05337766029702146336 ) ) ;
#168 = CARTESIAN_POINT ( 'NONE',  ( -0.1871482108464623817, 0.1955368566134740582, 0.04818502169615535013 ) ) ;
#169 = PERSON_AND_ORGANIZATION ( #6361, #58 ) ;
#170 = CARTESIAN_POINT ( 'NONE',  ( -0.1969364679047079236, -0.1821936435791248754, 0.04895528739300042398 ) ) ;
#171 = CC_DESIGN_APPROVAL ( #1707, ( #1781 ) ) ;
#172 =( BOUNDED_CURVE ( )  B_SPLINE_CURVE ( 3, ( #3081, #41, #475, #5037 ),
 .UNSPECIFIED., .F., .T. ) 
 B_SPLINE_CURVE_WITH_KNOTS ( ( 4, 4 ),
 ( 2.542098601341260089, 3.141592653589793116 ),
 .UNSPECIFIED. ) 
 CURVE ( )  GEOMETRIC_REPRESENTATION_ITEM ( )  RATIONAL_B_SPLINE_CURVE ( ( 1.000000000000000000, 0.9702741449653951022, 0.9702741449653951022, 1.000000000000000000 ) ) 
 REPRESENTATION_ITEM ( '' )  );
#173 = ORIENTED_EDGE ( 'NONE', *, *, #2876, .F. ) ;
#174 = CARTESIAN_POINT ( 'NONE',  ( 0.1300000000000000877, 0.08004504504504503237, 0.01000000000000000888 ) ) ;
#175 =( NAMED_UNIT ( * ) PLANE_ANGLE_UNIT ( ) SI_UNIT ( $, .RADIAN. ) );
#176 = DATE_TIME_ROLE ( 'classification_date' ) ;
#177 = DIRECTION ( 'NONE',  ( 0.7071067811865439090, 0.7071067811865512365, 0.000000000000000000 ) ) ;
#178 = CARTESIAN_POINT ( 'NONE',  ( 0.2002962962962963611, -0.1878888888888889108, 0.03000000000000000930 ) ) ;
#179 = ORIENTED_EDGE ( 'NONE', *, *, #1514, .F. ) ;
#180 = CARTESIAN_POINT ( 'NONE',  ( 0.1500000000000000500, -0.1500000000000000777, 0.000000000000000000 ) ) ;
#181 = ORIENTED_EDGE ( 'NONE', *, *, #4330, .F. ) ;
#182 = APPROVAL ( #4617, 'UNSPECIFIED' ) ;
#183 = DIRECTION ( 'NONE',  ( 0.000000000000000000, -1.000000000000000000, 0.000000000000000000 ) ) ;
#184 = LINE ( 'NONE', #4778, #4933 ) ;
#185 = PRODUCT_DEFINITION_SHAPE ( 'NONE', 'NONE',  #552 ) ;
#186 = EDGE_CURVE ( 'NONE', #3255, #5009, #2490, .T. ) ;
#187 = DIRECTION ( 'NONE',  ( 2.775557561562891351E-16, -1.000000000000000000, -0.000000000000000000 ) ) ;
#188 = LINE ( 'NONE', #2304, #3132 ) ;
#189 = ORIENTED_EDGE ( 'NONE', *, *, #1503, .T. ) ;
#190 = DIRECTION ( 'NONE',  ( 0.000000000000000000, -0.000000000000000000, 1.000000000000000000 ) ) ;
#191 = DIRECTION ( 'NONE',  ( -0.000000000000000000, 0.000000000000000000, 1.000000000000000000 ) ) ;
#192 = DIRECTION ( 'NONE',  ( 0.000000000000000000, 0.000000000000000000, -1.000000000000000000 ) ) ;
#193 = CARTESIAN_POINT ( 'NONE',  ( 0.3863587921847251305, 0.000000000000000000, 0.05178924042636609548 ) ) ;
#194 = CARTESIAN_POINT ( 'NONE',  ( 0.006831590775812761487, 0.02376759750129673818, -0.02284414922543944598 ) ) ;
#195 = ORIENTED_EDGE ( 'NONE', *, *, #5746, .T. ) ;
#196 = AXIS2_PLACEMENT_3D ( 'NONE', #5786, #3719, #190 ) ;
#197 = PLANE ( 'NONE',  #2160 ) ;
#198 = DIRECTION ( 'NONE',  ( -1.000000000000000000, -2.775557561562891351E-16, 0.000000000000000000 ) ) ;
#199 = PERSON_AND_ORGANIZATION_ROLE ( 'design_supplier' ) ;
#200 = CARTESIAN_POINT ( 'NONE',  ( -0.1861503726934910230, 0.1961211848891213083, 0.04815999206893691736 ) ) ;
#201 = ORIENTED_EDGE ( 'NONE', *, *, #4757, .T. ) ;
#202 = PLANE ( 'NONE',  #6467 ) ;
#203 =( REPRESENTATION_RELATIONSHIP ('NONE','NONE', #3207, #5010 ) REPRESENTATION_RELATIONSHIP_WITH_TRANSFORMATION ( #5542 )SHAPE_REPRESENTATION_RELATIONSHIP( ) );
#204 = EDGE_CURVE ( 'NONE', #2394, #2826, #336, .T. ) ;
#205 = CARTESIAN_POINT ( 'NONE',  ( 0.2177964218228503612, -0.1621361158046409345, 0.003729818121578628437 ) ) ;
#206 = CARTESIAN_POINT ( 'NONE',  ( 0.2000000000000000389, -0.2199999999999999734, 0.06699999999999996236 ) ) ;
#207 = EDGE_LOOP ( 'NONE', ( #6227, #1280, #2219, #2183 ) ) ;
#208 = DIRECTION ( 'NONE',  ( -0.000000000000000000, -0.000000000000000000, -1.000000000000000000 ) ) ;
#209 = VERTEX_POINT ( 'NONE', #3890 ) ;
#210 = LINE ( 'NONE', #2264, #4124 ) ;
#211 = CARTESIAN_POINT ( 'NONE',  ( 0.05139398420430887210, 0.04469292824127220343, -0.02903511947595683457 ) ) ;
#212 = PLANE ( 'NONE',  #4831 ) ;
#213 = CARTESIAN_POINT ( 'NONE',  ( -0.1499999999999998557, -0.006621621621621632051, 0.2999999999999999889 ) ) ;
#214 = ORIENTED_EDGE ( 'NONE', *, *, #1131, .T. ) ;
#215 = EDGE_CURVE ( 'NONE', #1742, #6128, #4301, .T. ) ;
#216 = FACE_OUTER_BOUND ( 'NONE', #5609, .T. ) ;
#217 = CARTESIAN_POINT ( 'NONE',  ( 0.1799999999999999933, -0.1799999999999999656, 0.006999999999999966319 ) ) ;
#218 = DIRECTION ( 'NONE',  ( -1.850371707708593330E-16, 1.000000000000000000, -0.000000000000000000 ) ) ;
#219 = LINE ( 'NONE', #253, #5171 ) ;
#220 = CARTESIAN_POINT ( 'NONE',  ( -0.004684821489986486752, 0.01298954848369816839, -0.02010852437094470119 ) ) ;
#221 = ORIENTED_EDGE ( 'NONE', *, *, #5845, .F. ) ;
#222 = CYLINDRICAL_SURFACE ( 'NONE', #3239, 0.01000000000000000194 ) ;
#223 = CARTESIAN_POINT ( 'NONE',  ( 0.1200000000000001343, -0.01662162162162163226, 0.02999999999999997113 ) ) ;
#224 = APPLICATION_PROTOCOL_DEFINITION ( 'international standard', 'config_control_design', 1994, #3632 ) ;
#225 = CARTESIAN_POINT ( 'NONE',  ( 0.1876016399434729809, 0.1905305721316075951, 0.05000000000000000278 ) ) ;
#226 = CIRCLE ( 'NONE', #6020, 0.009999999999999996739 ) ;
#227 = CIRCLE ( 'NONE', #3553, 0.01000000000000000888 ) ;
#228 = EDGE_CURVE ( 'NONE', #5066, #1161, #227, .T. ) ;
#229 = EDGE_LOOP ( 'NONE', ( #4806, #4366, #3772, #1603 ) ) ;
#230 = ORIENTED_EDGE ( 'NONE', *, *, #6586, .T. ) ;
#231 = VECTOR ( 'NONE', #5426, 1.000000000000000000 ) ;
#232 = EDGE_CURVE ( 'NONE', #453, #2323, #4943, .T. ) ;
#233 = CARTESIAN_POINT ( 'NONE',  ( 0.1750000000000000444, -0.1950000000000000067, 0.04500000000000000527 ) ) ;
#234 = DATE_TIME_ROLE ( 'classification_date' ) ;
#235 = DIRECTION ( 'NONE',  ( 1.000000000000000000, 1.850371707708594316E-16, -0.000000000000000000 ) ) ;
#236 = CIRCLE ( 'NONE', #3248, 0.01000000000000000194 ) ;
#237 = FACE_OUTER_BOUND ( 'NONE', #5625, .T. ) ;
#238 = ORIENTED_EDGE ( 'NONE', *, *, #6076, .F. ) ;
#239 = CARTESIAN_POINT ( 'NONE',  ( 2.005755485727714251E-17, -0.1878888888888889386, 0.01999999999999999695 ) ) ;
#240 = VERTEX_POINT ( 'NONE', #5903 ) ;
#241 = PERSON_AND_ORGANIZATION ( #6361, #58 ) ;
#242 = CARTESIAN_POINT ( 'NONE',  ( 0.1069963342843116699, 0.05772426098066366085, -0.02737673609930961136 ) ) ;
#243 = APPROVAL ( #5137, 'UNSPECIFIED' ) ;
#244 = AXIS2_PLACEMENT_3D ( 'NONE', #1512, #3554, #1585 ) ;
#245 = DIRECTION ( 'NONE',  ( 1.000000000000000000, 0.000000000000000000, 0.000000000000000000 ) ) ;
#246 = CARTESIAN_POINT ( 'NONE',  ( 0.1750000000000000444, -0.1975000000000000366, 0.04933012701892218466 ) ) ;
#247 = VERTEX_POINT ( 'NONE', #823 ) ;
#248 = ORIENTED_EDGE ( 'NONE', *, *, #6073, .F. ) ;
#249 = DIRECTION ( 'NONE',  ( 1.000000000000000000, 0.000000000000000000, 3.469446951953610639E-15 ) ) ;
#250 = CARTESIAN_POINT ( 'NONE',  ( -0.3179746835443037489, 0.06430379746835440669, 0.5799999999999999600 ) ) ;
#251 = VECTOR ( 'NONE', #3107, 1.000000000000000000 ) ;
#252 = DIRECTION ( 'NONE',  ( -0.000000000000000000, -0.000000000000000000, -1.000000000000000000 ) ) ;
#253 = CARTESIAN_POINT ( 'NONE',  ( 0.000000000000000000, 0.1650000000000000355, 0.04500000000000000527 ) ) ;
#254 = LINE ( 'NONE', #1741, #5662 ) ;
#255 = ORIENTED_EDGE ( 'NONE', *, *, #2252, .T. ) ;
#256 = VECTOR ( 'NONE', #1361, 1.000000000000000000 ) ;
#257 = B_SPLINE_CURVE_WITH_KNOTS ( 'NONE', 3,
 ( #5896, #2280, #4927, #4320, #2317, #3947, #5996, #3853, #874, #3885, #4897, #1366, #6415, #4360, #1396, #6379, #847, #4393 ),
 .UNSPECIFIED., .F., .F.,
 ( 4, 2, 2, 2, 2, 2, 2, 2, 4 ),
 ( -1.418030882761480736E-05, 0.0003573369879970687423, 0.0007288542848217523630, 0.001471888878471117653, 0.002214923472120483051, 0.002957958065769848450, 0.004444027253068649069, 0.005187061846718009697, 0.005930096440367370325 ),
 .UNSPECIFIED. ) ;
#258 = LOCAL_TIME ( 23, 23, 15.00000000000000000, #3622 ) ;
#259 = CARTESIAN_POINT ( 'NONE',  ( 0.1400000000000001243, -0.006621621621621632051, 0.2999999999999999889 ) ) ;
#260 = CARTESIAN_POINT ( 'NONE',  ( -0.1874049630043812809, -0.1932136153675476087, 0.04957094499880862482 ) ) ;
#261 = DATE_AND_TIME ( #1304, #3047 ) ;
#262 = FACE_OUTER_BOUND ( 'NONE', #3907, .T. ) ;
#263 = VECTOR ( 'NONE', #2885, 1.000000000000000000 ) ;
#264 = APPROVAL_PERSON_ORGANIZATION ( #5756, #5636, #5693 ) ;
#265 = VERTEX_POINT ( 'NONE', #4401 ) ;
#266 = DIRECTION ( 'NONE',  ( 0.000000000000000000, 1.000000000000000000, 0.000000000000000000 ) ) ;
#267 = LOCAL_TIME ( 23, 23, 15.00000000000000000, #6576 ) ;
#268 = DIRECTION ( 'NONE',  ( -1.000000000000000000, 0.000000000000000000, 0.000000000000000000 ) ) ;
#269 = PERSON_AND_ORGANIZATION ( #918, #1453 ) ;
#270 = FACE_OUTER_BOUND ( 'NONE', #3087, .T. ) ;
#271 = CARTESIAN_POINT ( 'NONE',  ( -0.04797468354430376586, -0.1956962025316451026, 0.3099999999999999423 ) ) ;
#272 = ORIENTED_EDGE ( 'NONE', *, *, #5658, .F. ) ;
#273 = LOCAL_TIME ( 23, 23, 15.00000000000000000, #6009 ) ;
#274 = EDGE_CURVE ( 'NONE', #2826, #5328, #5936, .T. ) ;
#275 = B_SPLINE_CURVE_WITH_KNOTS ( 'NONE', 3,
 ( #4514, #3507, #3033, #970, #3002, #4652, #1531, #2035, #4077, #3571, #5621, #2669 ),
 .UNSPECIFIED., .F., .F.,
 ( 4, 2, 2, 2, 2, 4 ),
 ( 0.004365128335124971413, 0.005925666092352924359, 0.007486203849580877305, 0.01060727936403678406, 0.01372835487849268996, 0.01684943039294859585 ),
 .UNSPECIFIED. ) ;
#276 = DIRECTION ( 'NONE',  ( 1.000000000000000000, 0.000000000000000000, 0.000000000000000000 ) ) ;
#277 = ORIENTED_EDGE ( 'NONE', *, *, #3723, .F. ) ;
#278 = EDGE_CURVE ( 'NONE', #1694, #3269, #3393, .T. ) ;
#279 = PERSON_AND_ORGANIZATION ( #6361, #58 ) ;
#280 = CARTESIAN_POINT ( 'NONE',  ( 0.07801724205946458657, 0.04153313475255459436, -0.02953663093790850902 ) ) ;
#281 = DIRECTION ( 'NONE',  ( 1.000000000000000000, 0.000000000000000000, 0.000000000000000000 ) ) ;
#282 = CARTESIAN_POINT ( 'NONE',  ( 0.1905305721316085388, -0.1876016399434718984, 0.05000000000000000278 ) ) ;
#283 = EDGE_LOOP ( 'NONE', ( #1323, #4624, #3660, #4731, #1516, #319, #4848, #3931 ) ) ;
#284 = ADVANCED_FACE ( 'NONE', ( #852 ), #2884, .F. ) ;
#285 = EDGE_LOOP ( 'NONE', ( #889, #5199, #3541, #6147, #3559, #2626, #4474, #943 ) ) ;
#286 = FACE_OUTER_BOUND ( 'NONE', #6164, .T. ) ;
#287 = EDGE_CURVE ( 'NONE', #3407, #4048, #672, .T. ) ;
#288 = CARTESIAN_POINT ( 'NONE',  ( 0.3461483593182563823, 0.05551877822473579027, 0.05061773153931712482 ) ) ;
#289 = PLANE ( 'NONE',  #5506 ) ;
#290 = CARTESIAN_POINT ( 'NONE',  ( -0.3279746835443037578, 0.09430379746835439170, 0.9000000000000000222 ) ) ;
#291 = CARTESIAN_POINT ( 'NONE',  ( 0.1695393920141694266, -0.2000000000000000111, 0.006999999999999966319 ) ) ;
#292 = VERTEX_POINT ( 'NONE', #1373 ) ;
#293 = ADVANCED_FACE ( 'NONE', ( #4626 ), #6043, .T. ) ;
#294 = PRODUCT_DEFINITION_SHAPE ( 'NONE', 'NONE',  #6208 ) ;
#295 = EDGE_CURVE ( 'NONE', #1087, #5672, #6, .T. ) ;
#296 = CARTESIAN_POINT ( 'NONE',  ( 0.2897512312102455967, 0.06276827904888504506, 0.03519342646138253622 ) ) ;
#297 = CARTESIAN_POINT ( 'NONE',  ( 0.2017835314880136732, -0.2199235247166115292, 0.008739939528770531221 ) ) ;
#298 = DATE_TIME_ROLE ( 'classification_date' ) ;
#299 = CARTESIAN_POINT ( 'NONE',  ( 0.000000000000000000, -0.1950000000000000067, 0.04500000000000000527 ) ) ;
#300 =( REPRESENTATION_RELATIONSHIP ('NONE','NONE', #3207, #5691 ) REPRESENTATION_RELATIONSHIP_WITH_TRANSFORMATION ( #5438 )SHAPE_REPRESENTATION_RELATIONSHIP( ) );
#301 = ORIENTED_EDGE ( 'NONE', *, *, #6005, .F. ) ;
#302 = LINE ( 'NONE', #4866, #5800 ) ;
#303 = CARTESIAN_POINT ( 'NONE',  ( 0.1749999999999999889, 0.2000000000000000111, 0.04500000000000000527 ) ) ;
#304 =( NAMED_UNIT ( * ) SI_UNIT ( $, .STERADIAN. ) SOLID_ANGLE_UNIT ( ) );
#305 = EDGE_CURVE ( 'NONE', #2598, #4415, #3121, .T. ) ;
#306 = ITEM_DEFINED_TRANSFORMATION ( 'NONE', 'NONE', #5192,  #1868 ) ;
#307 = CARTESIAN_POINT ( 'NONE',  ( 0.2195393920141694155, -0.1695393920141694266, 0.006999999999999966319 ) ) ;
#308 = ADVANCED_FACE ( 'NONE', ( #2486 ), #1509, .F. ) ;
#309 = EDGE_CURVE ( 'NONE', #2591, #1508, #5666, .T. ) ;
#310 = CC_DESIGN_PERSON_AND_ORGANIZATION_ASSIGNMENT ( #3664, #2257, ( #1781 ) ) ;
#311 = CARTESIAN_POINT ( 'NONE',  ( -0.1145243628073074060, 0.02207351825345234969, 0.05984374316529814802 ) ) ;
#312 = DIRECTION ( 'NONE',  ( -0.000000000000000000, 0.000000000000000000, 1.000000000000000000 ) ) ;
#313 = ORIENTED_EDGE ( 'NONE', *, *, #6194, .T. ) ;
#314 = APPROVAL_STATUS ( 'not_yet_approved' ) ;
#315 = EDGE_CURVE ( 'NONE', #5815, #2902, #6506, .T. ) ;
#316 = CARTESIAN_POINT ( 'NONE',  ( 0.06641104389159645238, 0.04111120692192443693, -0.02960630094190521561 ) ) ;
#317 = DIRECTION ( 'NONE',  ( -0.000000000000000000, 0.000000000000000000, 1.000000000000000000 ) ) ;
#318 = CARTESIAN_POINT ( 'NONE',  ( 0.1951634039482234018, -0.1871944511597039562, 0.04851393997551730480 ) ) ;
#319 = ORIENTED_EDGE ( 'NONE', *, *, #6080, .F. ) ;
#320 = ORIENTED_EDGE ( 'NONE', *, *, #2882, .F. ) ;
#321 = DIRECTION ( 'NONE',  ( 0.000000000000000000, -0.000000000000000000, 1.000000000000000000 ) ) ;
#322 = AXIS2_PLACEMENT_3D ( 'NONE', #4944, #5415, #2267 ) ;
#323 = FACE_BOUND ( 'NONE', #6023, .T. ) ;
#324 = FACE_OUTER_BOUND ( 'NONE', #5533, .T. ) ;
#325 = DIRECTION ( 'NONE',  ( -0.000000000000000000, -0.000000000000000000, -1.000000000000000000 ) ) ;
#326 = VECTOR ( 'NONE', #1045, 1.000000000000000000 ) ;
#327 = CARTESIAN_POINT ( 'NONE',  ( 0.1599999999999999756, -0.2195393920141694433, 0.006999999999999966319 ) ) ;
#328 = ORIENTED_EDGE ( 'NONE', *, *, #2470, .T. ) ;
#329 = AXIS2_PLACEMENT_3D ( 'NONE', #396, #1967, #6552 ) ;
#330 = CARTESIAN_POINT ( 'NONE',  ( -0.1549999999999995548, -0.1649999999999999800, 0.05000000000000000278 ) ) ;
#331 = CARTESIAN_POINT ( 'NONE',  ( -0.3279746835443030917, 0.07430379746835438781, 0.2799999999999999711 ) ) ;
#332 = APPROVAL_DATE_TIME ( #4795, #5596 ) ;
#333 = CARTESIAN_POINT ( 'NONE',  ( -0.1750000000000000444, 0.2000000000000000111, 0.04500000000000000527 ) ) ;
#334 = APPLICATION_CONTEXT ( 'configuration controlled 3d designs of mechanical parts and assemblies' ) ;
#335 = VERTEX_POINT ( 'NONE', #4526 ) ;
#336 = LINE ( 'NONE', #1783, #339 ) ;
#337 = DIRECTION ( 'NONE',  ( -1.000000000000000000, 0.000000000000000000, 0.000000000000000000 ) ) ;
#338 =( LENGTH_UNIT ( ) NAMED_UNIT ( * ) SI_UNIT ( $, .METRE. ) );
#339 = VECTOR ( 'NONE', #2916, 1.000000000000000000 ) ;
#340 = CARTESIAN_POINT ( 'NONE',  ( 0.1500000000000001055, 0.08337837837837837329, 0.02999999999999997113 ) ) ;
#341 = CONTEXT_DEPENDENT_SHAPE_REPRESENTATION ( #1926, #5544 ) ;
#342 = DIRECTION ( 'NONE',  ( 1.000000000000000000, -0.000000000000000000, 3.700743415417189125E-16 ) ) ;
#343 = AXIS2_PLACEMENT_3D ( 'NONE', #2527, #5170, #4566 ) ;
#344 = CARTESIAN_POINT ( 'NONE',  ( 0.000000000000000000, -0.1500000000000000777, 0.000000000000000000 ) ) ;
#345 = AXIS2_PLACEMENT_3D ( 'NONE', #4746, #68, #5721 ) ;
#346 = CARTESIAN_POINT ( 'NONE',  ( 0.2199999999999999734, -0.1999999999999999833, 0.06699999999999996236 ) ) ;
#347 = VECTOR ( 'NONE', #281, 1.000000000000000000 ) ;
#348 = VERTEX_POINT ( 'NONE', #4095 ) ;
#349 = CC_DESIGN_PERSON_AND_ORGANIZATION_ASSIGNMENT ( #3950, #908, ( #1246 ) ) ;
#350 = PERSON_AND_ORGANIZATION ( #6361, #58 ) ;
#351 = AXIS2_PLACEMENT_3D ( 'NONE', #2472, #2036, #5094 ) ;
#352 = EDGE_CURVE ( 'NONE', #2404, #499, #2908, .T. ) ;
#353 = CARTESIAN_POINT ( 'NONE',  ( 0.1872181792788133736, -0.1949661695747905155, 0.04866525483646450684 ) ) ;
#354 = PRODUCT ( 'BASE', 'BASE', '', ( #779 ) ) ;
#355 = DIRECTION ( 'NONE',  ( -9.251858538542971581E-17, 1.000000000000000000, -0.000000000000000000 ) ) ;
#356 = DIRECTION ( 'NONE',  ( 0.000000000000000000, 1.000000000000000000, 0.000000000000000000 ) ) ;
#357 = EDGE_LOOP ( 'NONE', ( #5504, #3382, #2737, #6549 ) ) ;
#358 = EDGE_CURVE ( 'NONE', #6486, #4209, #3766, .T. ) ;
#359 = VERTEX_POINT ( 'NONE', #5135 ) ;
#360 = CARTESIAN_POINT ( 'NONE',  ( -0.1499999999999999389, 0.1499999999999999112, 0.04500000000000000527 ) ) ;
#361 = DIRECTION ( 'NONE',  ( 0.000000000000000000, 0.000000000000000000, 1.000000000000000000 ) ) ;
#362 = LINE ( 'NONE', #6482, #1747 ) ;
#363 = VECTOR ( 'NONE', #4541, 1.000000000000000000 ) ;
#364 = CARTESIAN_POINT ( 'NONE',  ( 0.1358578643762691218, 0.08102135577442320935, 0.2899999999999999800 ) ) ;
#365 = VERTEX_POINT ( 'NONE', #2523 ) ;
#366 = EDGE_CURVE ( 'NONE', #3112, #2204, #4838, .T. ) ;
#367 = EDGE_CURVE ( 'NONE', #6638, #6026, #6639, .T. ) ;
#368 = CARTESIAN_POINT ( 'NONE',  ( -0.2281976744186047790, 0.02078488372093021536, 0.1000000000000000056 ) ) ;
#369 = VECTOR ( 'NONE', #563, 1.000000000000000000 ) ;
#370 = DIRECTION ( 'NONE',  ( 0.000000000000000000, -0.000000000000000000, 1.000000000000000000 ) ) ;
#371 = APPROVAL_ROLE ( '' ) ;
#372 = EDGE_CURVE ( 'NONE', #979, #4605, #4058, .T. ) ;
#373 = CYLINDRICAL_SURFACE ( 'NONE', #1012, 0.004999999999999997502 ) ;
#374 = EDGE_CURVE ( 'NONE', #5383, #1001, #508, .T. ) ;
#375 = EDGE_CURVE ( 'NONE', #965, #6637, #6148, .T. ) ;
#376 = VERTEX_POINT ( 'NONE', #5534 ) ;
#377 = CARTESIAN_POINT ( 'NONE',  ( -0.04797468354430373116, 0.09430379746835439170, 0.2999999999999999334 ) ) ;
#378 = DIRECTION ( 'NONE',  ( 0.000000000000000000, 0.000000000000000000, -1.000000000000000000 ) ) ;
#379 = AXIS2_PLACEMENT_3D ( 'NONE', #4328, #1282, #268 ) ;
#380 = CARTESIAN_POINT ( 'NONE',  ( 0.1959980663412522750, 0.1866358941159938223, 0.04800575001574855505 ) ) ;
#381 = COORDINATED_UNIVERSAL_TIME_OFFSET ( 5, 30, .AHEAD. ) ;
#382 = LOCAL_TIME ( 23, 23, 15.00000000000000000, #3221 ) ;
#383 = CARTESIAN_POINT ( 'NONE',  ( 0.000000000000000000, 0.000000000000000000, 0.2899999999999999800 ) ) ;
#384 = CARTESIAN_POINT ( 'NONE',  ( 0.1974641116345297043, -0.1770694492525098362, 0.04931000113455284717 ) ) ;
#385 = CC_DESIGN_SECURITY_CLASSIFICATION ( #1662, ( #709 ) ) ;
#386 = ORIENTED_EDGE ( 'NONE', *, *, #4782, .F. ) ;
#387 = PERSON_AND_ORGANIZATION ( #6361, #58 ) ;
#388 = CARTESIAN_POINT ( 'NONE',  ( 0.1874686880291176472, -0.1924956735572321553, 0.04977883614235981136 ) ) ;
#389 = CC_DESIGN_SECURITY_CLASSIFICATION ( #1345, ( #6658 ) ) ;
#390 = DIRECTION ( 'NONE',  ( 0.000000000000000000, 0.000000000000000000, -1.000000000000000000 ) ) ;
#391 = CARTESIAN_POINT ( 'NONE',  ( 0.1917672674905575025, -0.1875253217085411928, 0.04991671504899004158 ) ) ;
#392 = VERTEX_POINT ( 'NONE', #951 ) ;
#393 = CC_DESIGN_DATE_AND_TIME_ASSIGNMENT ( #3432, #3463, ( #4341 ) ) ;
#394 = VERTEX_POINT ( 'NONE', #5034 ) ;
#395 = LINE ( 'NONE', #3472, #471 ) ;
#396 = CARTESIAN_POINT ( 'NONE',  ( 0.2000000000000000111, -0.1999999999999999833, 0.006999999999999966319 ) ) ;
#397 = CARTESIAN_POINT ( 'NONE',  ( -0.05797468354430372617, -0.1856962025316456488, 0.3099999999999999423 ) ) ;
#398 = CC_DESIGN_DATE_AND_TIME_ASSIGNMENT ( #3337, #2332, ( #4647 ) ) ;
#399 = CARTESIAN_POINT ( 'NONE',  ( 0.1423393990233099426, 0.01813582310812130241, -0.02085182425929238414 ) ) ;
#400 = ORIENTED_EDGE ( 'NONE', *, *, #5055, .T. ) ;
#401 = CARTESIAN_POINT ( 'NONE',  ( 0.07579201161691848099, 0.09342691745898669409, -0.05583509385245406798 ) ) ;
#402 = PLANE ( 'NONE',  #3147 ) ;
#403 = PERSON_AND_ORGANIZATION_ROLE ( 'creator' ) ;
#404 = CARTESIAN_POINT ( 'NONE',  ( 0.07180232558139536259, 0.02078488372093021536, 0.1000000000000000056 ) ) ;
#405 = EDGE_LOOP ( 'NONE', ( #2293, #4293, #6315, #3851 ) ) ;
#406 = EDGE_CURVE ( 'NONE', #3633, #6429, #6244, .T. ) ;
#407 = ORIENTED_EDGE ( 'NONE', *, *, #5436, .F. ) ;
#408 = CARTESIAN_POINT ( 'NONE',  ( -0.1952995352946614027, -0.1857231421707814800, 0.04698360067358958031 ) ) ;
#409 = CARTESIAN_POINT ( 'NONE',  ( 0.1570710678118654724, 0.1600000000000000311, 0.05000000000000000278 ) ) ;
#410 = CARTESIAN_POINT ( 'NONE',  ( 1.259185966170089710, 1.004658280613827337, 1.894163766236932833 ) ) ;
#411 = DIRECTION ( 'NONE',  ( 2.775557561562891351E-16, -1.000000000000000000, 0.000000000000000000 ) ) ;
#412 = APPROVAL ( #5402, 'UNKNOWN' ) ;
#413 = DIRECTION ( 'NONE',  ( 0.000000000000000000, -0.000000000000000000, -1.000000000000000000 ) ) ;
#414 = ORIENTED_EDGE ( 'NONE', *, *, #3160, .T. ) ;
#415 = ORIENTED_EDGE ( 'NONE', *, *, #4135, .T. ) ;
#416 = AXIS2_PLACEMENT_3D ( 'NONE', #1539, #5227, #3617 ) ;
#417 = COORDINATED_UNIVERSAL_TIME_OFFSET ( 5, 30, .AHEAD. ) ;
#418 = CARTESIAN_POINT ( 'NONE',  ( -0.1939076402600731219, -0.1873373690252204682, 0.04930474066497120972 ) ) ;
#419 = VECTOR ( 'NONE', #5488, 1.000000000000000000 ) ;
#420 = CARTESIAN_POINT ( 'NONE',  ( -0.05970370370370361307, -0.1978888888888889475, 0.01000000000000000194 ) ) ;
#421 = ORIENTED_EDGE ( 'NONE', *, *, #4169, .T. ) ;
#422 = CARTESIAN_POINT ( 'NONE',  ( -0.05797468354430374005, 0.09430379746835439170, 0.9000000000000000222 ) ) ;
#423 = ORIENTED_EDGE ( 'NONE', *, *, #1561, .T. ) ;
#424 = ORIENTED_EDGE ( 'NONE', *, *, #1209, .T. ) ;
#425 = CARTESIAN_POINT ( 'NONE',  ( -0.1536412078152752658, 0.02693000272970801773, 0.01189817711958585968 ) ) ;
#426 = DIRECTION ( 'NONE',  ( -1.000000000000000000, 0.000000000000000000, 0.000000000000000000 ) ) ;
#427 = EDGE_CURVE ( 'NONE', #5634, #3633, #2117, .T. ) ;
#428 = DIRECTION ( 'NONE',  ( 1.000000000000000000, -0.000000000000000000, 0.000000000000000000 ) ) ;
#429 = VERTEX_POINT ( 'NONE', #2213 ) ;
#430 = CARTESIAN_POINT ( 'NONE',  ( 0.09750391201924533957, 0.09357663775213166668, -0.05647831614338172379 ) ) ;
#431 = LINE ( 'NONE', #5491, #6049 ) ;
#432 = APPROVAL_STATUS ( 'not_yet_approved' ) ;
#433 = LINE ( 'NONE', #6598, #1934 ) ;
#434 = PERSON ( 'NAUO-PER6', 'UNSPECIFIED', 'UNSPECIFIED', ('UNSPECIFIED'), ('UNSPECIFIED'), ('UNSPECIFIED') ) ;
#435 = ORIENTED_EDGE ( 'NONE', *, *, #990, .F. ) ;
#436 = ORIENTED_EDGE ( 'NONE', *, *, #2128, .T. ) ;
#438 = EDGE_CURVE ( 'NONE', #821, #5448, #3753, .T. ) ;
#437 = VECTOR ( 'NONE', #504, 1.000000000000000000 ) ;
#439 = DIRECTION ( 'NONE',  ( 0.000000000000000000, 0.000000000000000000, -1.000000000000000000 ) ) ;
#440 = CARTESIAN_POINT ( 'NONE',  ( 0.2000000000000000389, -0.1750000000000000167, 0.04500000000000000527 ) ) ;
#441 = CARTESIAN_POINT ( 'NONE',  ( 1.066468381800641074, 1.481390074574751692, 1.894163766236933277 ) ) ;
#442 = DIRECTION ( 'NONE',  ( -1.000000000000000000, -1.850371707708593577E-16, 0.000000000000000000 ) ) ;
#443 = CYLINDRICAL_SURFACE ( 'NONE', #2251, 0.005000000000000000104 ) ;
#444 = ORIENTED_EDGE ( 'NONE', *, *, #6013, .T. ) ;
#445 = ADVANCED_FACE ( 'NONE', ( #2145 ), #197, .T. ) ;
#446 = ORIENTED_EDGE ( 'NONE', *, *, #1022, .T. ) ;
#447 = EDGE_CURVE ( 'NONE', #5354, #6352, #2913, .T. ) ;
#448 = SECURITY_CLASSIFICATION_LEVEL ( 'unclassified' ) ;
#449 = AXIS2_PLACEMENT_3D ( 'NONE', #4529, #9, #5537 ) ;
#450 = CARTESIAN_POINT ( 'NONE',  ( 0.1866351121029631299, 0.1959982767016880123, 0.04800605783282033134 ) ) ;
#451 = VECTOR ( 'NONE', #1113, 1.000000000000000000 ) ;
#452 = DIRECTION ( 'NONE',  ( 0.000000000000000000, -0.000000000000000000, -1.000000000000000000 ) ) ;
#453 = VERTEX_POINT ( 'NONE', #1208 ) ;
#454 = CARTESIAN_POINT ( 'NONE',  ( 0.1951652615594289819, 0.1871942251591065531, 0.04851243390591002125 ) ) ;
#455 = ORIENTED_EDGE ( 'NONE', *, *, #811, .T. ) ;
#456 = ORIENTED_EDGE ( 'NONE', *, *, #1543, .T. ) ;
#457 = CARTESIAN_POINT ( 'NONE',  ( 0.2199999999999999734, -0.2199999999999999734, 0.009999999999999996739 ) ) ;
#458 = CARTESIAN_POINT ( 'NONE',  ( -0.03797468354430375698, 0.09430379746835439170, 0.000000000000000000 ) ) ;
#459 = FACE_OUTER_BOUND ( 'NONE', #1481, .T. ) ;
#460 = DIRECTION ( 'NONE',  ( 1.000000000000000000, -0.000000000000000000, 0.000000000000000000 ) ) ;
#461 = VERTEX_POINT ( 'NONE', #6317 ) ;
#462 = CARTESIAN_POINT ( 'NONE',  ( 0.01614303550304900872, 0.09029631014668967892, -0.04327668504376314118 ) ) ;
#463 = AXIS2_PLACEMENT_3D ( 'NONE', #3813, #6406, #5752 ) ;
#464 = DIRECTION ( 'NONE',  ( 0.000000000000000000, 1.000000000000000000, 0.000000000000000000 ) ) ;
#465 = COORDINATED_UNIVERSAL_TIME_OFFSET ( 5, 30, .AHEAD. ) ;
#466 = DIRECTION ( 'NONE',  ( 2.775557561562888984E-15, -0.000000000000000000, -1.000000000000000000 ) ) ;
#467 = VECTOR ( 'NONE', #6151, 1.000000000000000000 ) ;
#468 = LINE ( 'NONE', #3833, #2560 ) ;
#469 = ORIENTED_EDGE ( 'NONE', *, *, #2237, .F. ) ;
#470 = AXIS2_PLACEMENT_3D ( 'NONE', #213, #2797, #734 ) ;
#471 = VECTOR ( 'NONE', #1931, 1.000000000000000000 ) ;
#472 = ORIENTED_EDGE ( 'NONE', *, *, #6563, .T. ) ;
#473 = CARTESIAN_POINT ( 'NONE',  ( 0.1200000000000001205, 0.07837837837837836885, 0.000000000000000000 ) ) ;
#474 = VECTOR ( 'NONE', #4773, 1.000000000000000000 ) ;
#475 = CARTESIAN_POINT ( 'NONE',  ( 0.1949999999999999789, 0.1849999999999999978, 0.04601441612684335075 ) ) ;
#476 = PERSON_AND_ORGANIZATION ( #6361, #58 ) ;
#477 = PLANE ( 'NONE',  #343 ) ;
#478 = AXIS2_PLACEMENT_3D ( 'NONE', #2428, #1408, #693 ) ;
#479 = LINE ( 'NONE', #2529, #1925 ) ;
#480 = ORIENTED_EDGE ( 'NONE', *, *, #6586, .F. ) ;
#481 = ORIENTED_EDGE ( 'NONE', *, *, #1562, .F. ) ;
#482 = VECTOR ( 'NONE', #4368, 1.000000000000000000 ) ;
#483 = APPROVAL_PERSON_ORGANIZATION ( #2282, #5225, #5835 ) ;
#484 = VECTOR ( 'NONE', #2997, 1.000000000000000000 ) ;
#485 = DIRECTION ( 'NONE',  ( -1.850371707708594316E-16, 1.000000000000000000, 0.000000000000000000 ) ) ;
#486 = EDGE_CURVE ( 'NONE', #5482, #488, #4307, .T. ) ;
#487 = LINE ( 'NONE', #6648, #6501 ) ;
#488 = VERTEX_POINT ( 'NONE', #3190 ) ;
#489 = CC_DESIGN_SECURITY_CLASSIFICATION ( #4341, ( #1880 ) ) ;
#490 = CARTESIAN_POINT ( 'NONE',  ( 0.1910284932914163014, 0.1875738515464768219, 0.04998703101547781469 ) ) ;
#491 = ORIENTED_EDGE ( 'NONE', *, *, #438, .F. ) ;
#492 = ORIENTED_EDGE ( 'NONE', *, *, #81, .T. ) ;
#493 = EDGE_CURVE ( 'NONE', #5575, #3814, #5705, .T. ) ;
#494 = ORGANIZATION ( 'NAUO-ORG5', 'UNSPECIFIED', 'UNSPECIFIED' ) ;
#495 = DIRECTION ( 'NONE',  ( 0.000000000000000000, -1.000000000000000000, 0.000000000000000000 ) ) ;
#496 = DIRECTION ( 'NONE',  ( -0.000000000000000000, 0.000000000000000000, -1.000000000000000000 ) ) ;
#497 = CARTESIAN_POINT ( 'NONE',  ( 0.3863587921847251305, 0.05551877822473579027, 0.05061773153931709707 ) ) ;
#498 = CARTESIAN_POINT ( 'NONE',  ( -0.3279746835443037578, -0.1956962025316451026, 0.2999999999999999334 ) ) ;
#499 = VERTEX_POINT ( 'NONE', #676 ) ;
#500 = EDGE_CURVE ( 'NONE', #2591, #1183, #4365, .T. ) ;
#501 = CARTESIAN_POINT ( 'NONE',  ( 0.000000000000000000, -0.1500000000000000777, 0.05000000000000000278 ) ) ;
#502 = FACE_OUTER_BOUND ( 'NONE', #4280, .T. ) ;
#503 = APPROVAL_DATE_TIME ( #5595, #641 ) ;
#504 = DIRECTION ( 'NONE',  ( -1.000000000000000000, -4.625929269271485914E-16, 0.000000000000000000 ) ) ;
#505 = DIRECTION ( 'NONE',  ( -0.000000000000000000, -0.000000000000000000, -1.000000000000000000 ) ) ;
#506 = VERTEX_POINT ( 'NONE', #6345 ) ;
#507 = ORIENTED_EDGE ( 'NONE', *, *, #3789, .T. ) ;
#508 = LINE ( 'NONE', #4595, #4622 ) ;
#509 = FACE_OUTER_BOUND ( 'NONE', #1648, .T. ) ;
#510 = CARTESIAN_POINT ( 'NONE',  ( 0.2102962962962963700, -0.1878888888888889108, 0.02000000000000000042 ) ) ;
#511 = DIRECTION ( 'NONE',  ( -1.000000000000000000, -0.000000000000000000, 3.700743415417189125E-16 ) ) ;
#512 = ORIENTED_EDGE ( 'NONE', *, *, #3194, .T. ) ;
#513 = ORIENTED_EDGE ( 'NONE', *, *, #352, .F. ) ;
#514 = EDGE_CURVE ( 'NONE', #4171, #1023, #4758, .T. ) ;
#515 = COORDINATED_UNIVERSAL_TIME_OFFSET ( 5, 30, .AHEAD. ) ;
#516 = CC_DESIGN_PERSON_AND_ORGANIZATION_ASSIGNMENT ( #3764, #3266, ( #6182 ) ) ;
#517 = CARTESIAN_POINT ( 'NONE',  ( -0.1285601785689854670, 0.08235199284289636268, -0.01597642508677321257 ) ) ;
#518 = EDGE_LOOP ( 'NONE', ( #2484, #6456, #3936, #599 ) ) ;
#519 = VECTOR ( 'NONE', #5878, 1.000000000000000000 ) ;
#520 = CARTESIAN_POINT ( 'NONE',  ( 0.1906542008756225148, 0.1875952068959867713, 0.04999999999999999584 ) ) ;
#521 = VERTEX_POINT ( 'NONE', #2618 ) ;
#522 = ORIENTED_EDGE ( 'NONE', *, *, #1022, .F. ) ;
#523 = DIRECTION ( 'NONE',  ( 0.000000000000000000, 0.000000000000000000, 1.000000000000000000 ) ) ;
#524 = AXIS2_PLACEMENT_3D ( 'NONE', #1273, #2171, #4754 ) ;
#525 = EDGE_CURVE ( 'NONE', #2229, #6184, #5702, .T. ) ;
#526 = CARTESIAN_POINT ( 'NONE',  ( -0.1849999999999993316, -0.1950000000000000622, 0.05000000000000000278 ) ) ;
#527 = DIRECTION ( 'NONE',  ( -0.000000000000000000, 0.000000000000000000, -1.000000000000000000 ) ) ;
#528 = DIRECTION ( 'NONE',  ( 1.000000000000000000, 0.000000000000000000, 0.000000000000000000 ) ) ;
#529 = EDGE_LOOP ( 'NONE', ( #2900, #119, #2608, #3104, #446, #845, #4092, #4607 ) ) ;
#530 = CARTESIAN_POINT ( 'NONE',  ( 0.2046669435149590099, 0.08720226987105057781, -0.03194836021672221166 ) ) ;
#531 = CARTESIAN_POINT ( 'NONE',  ( -0.3179746835443037489, 0.08430379746835425792, 0.8599999999999998757 ) ) ;
#532 = CALENDAR_DATE ( 2026, 9, 1 ) ;
#533 = LINE ( 'NONE', #6039, #871 ) ;
#534 = CARTESIAN_POINT ( 'NONE',  ( 0.07029629629629637055, 0.01211111111111101701, -0.2318342711549316593 ) ) ;
#535 = EDGE_LOOP ( 'NONE', ( #1981, #3843, #6612, #2810 ) ) ;
#536 = ORIENTED_EDGE ( 'NONE', *, *, #2429, .F. ) ;
#537 = AXIS2_PLACEMENT_3D ( 'NONE', #5539, #1478, #2990 ) ;
#538 = CARTESIAN_POINT ( 'NONE',  ( 0.1871483871150584066, 0.1955354653605598236, 0.04818637706273223853 ) ) ;
#539 = CARTESIAN_POINT ( 'NONE',  ( 0.1549999999999999989, 0.1650000000000000355, 0.04792893218813452927 ) ) ;
#540 = SECURITY_CLASSIFICATION_LEVEL ( 'unclassified' ) ;
#541 = CARTESIAN_POINT ( 'NONE',  ( -0.1961211848891213083, -0.1861503726934913283, 0.04815999206893676471 ) ) ;
#542 = PERSON_AND_ORGANIZATION ( #5551, #2363 ) ;
#543 = ORIENTED_EDGE ( 'NONE', *, *, #2339, .F. ) ;
#544 = VERTEX_POINT ( 'NONE', #4260 ) ;
#545 = CALENDAR_DATE ( 2026, 9, 1 ) ;
#546 = VECTOR ( 'NONE', #466, 1.000000000000000000 ) ;
#547 = CARTESIAN_POINT ( 'NONE',  ( -0.1549999999999995548, -0.1649999999999999800, 0.04500000000000000527 ) ) ;
#548 = ORIENTED_EDGE ( 'NONE', *, *, #3194, .F. ) ;
#549 = CARTESIAN_POINT ( 'NONE',  ( 0.1905305721316085388, -0.1876016399434718984, 0.05000000000000000278 ) ) ;
#550 = ORIENTED_EDGE ( 'NONE', *, *, #4672, .F. ) ;
#551 = ORIENTED_EDGE ( 'NONE', *, *, #366, .F. ) ;
#552 = PRODUCT_DEFINITION ( 'UNKNOWN', '', #6278, #4416 ) ;
#553 = AXIS2_PLACEMENT_3D ( 'NONE', #2224, #4372, #3765 ) ;
#554 = DIRECTION ( 'NONE',  ( -0.000000000000000000, -0.000000000000000000, -1.000000000000000000 ) ) ;
#555 = AXIS2_PLACEMENT_3D ( 'NONE', #4294, #5708, #2254 ) ;
#556 = CARTESIAN_POINT ( 'NONE',  ( 0.000000000000000000, 0.1949999999999999789, 0.05000000000000000278 ) ) ;
#557 = EDGE_CURVE ( 'NONE', #392, #4642, #3625, .T. ) ;
#558 = LINE ( 'NONE', #4779, #6513 ) ;
#559 = ADVANCED_FACE ( 'NONE', ( #571 ), #2651, .T. ) ;
#560 = DIRECTION ( 'NONE',  ( -3.330669073875469621E-15, -1.000000000000000000, 0.000000000000000000 ) ) ;
#561 = ORIENTED_EDGE ( 'NONE', *, *, #1389, .F. ) ;
#562 = LINE ( 'NONE', #601, #1740 ) ;
#563 = DIRECTION ( 'NONE',  ( -0.000000000000000000, -0.000000000000000000, -1.000000000000000000 ) ) ;
#564 = DATE_AND_TIME ( #4127, #2838 ) ;
#565 = CARTESIAN_POINT ( 'NONE',  ( 0.3072225546947550123, 0.03216746521450685597, 0.05981276785466250329 ) ) ;
#566 = AXIS2_PLACEMENT_3D ( 'NONE', #3380, #3318, #1392 ) ;
#567 = ADVANCED_FACE ( 'NONE', ( #1177 ), #222, .T. ) ;
#568 = FACE_OUTER_BOUND ( 'NONE', #4063, .T. ) ;
#569 = EDGE_LOOP ( 'NONE', ( #456, #3304, #1381, #1138, #3415, #238, #5243, #2951 ) ) ;
#570 = VERTEX_POINT ( 'NONE', #4957 ) ;
#571 = FACE_OUTER_BOUND ( 'NONE', #518, .T. ) ;
#572 = VECTOR ( 'NONE', #460, 1.000000000000000000 ) ;
#573 = EDGE_CURVE ( 'NONE', #6184, #544, #5965, .T. ) ;
#574 = CARTESIAN_POINT ( 'NONE',  ( -0.1871483871150579903, -0.1955354653605599902, 0.04818637706273231486 ) ) ;
#575 = PERSON_AND_ORGANIZATION ( #6361, #58 ) ;
#576 = EDGE_CURVE ( 'NONE', #6128, #2404, #5329, .T. ) ;
#577 = CARTESIAN_POINT ( 'NONE',  ( 0.000000000000000000, 0.1999999999999999833, 0.04500000000000000527 ) ) ;
#578 = VECTOR ( 'NONE', #5220, 1.000000000000000000 ) ;
#579 = ADVANCED_FACE ( 'NONE', ( #5363 ), #5866, .F. ) ;
#580 = CIRCLE ( 'NONE', #3371, 0.009999999999999981126 ) ;
#581 = ORIENTED_EDGE ( 'NONE', *, *, #6430, .F. ) ;
#582 = ORIENTED_EDGE ( 'NONE', *, *, #557, .F. ) ;
#583 = DATE_AND_TIME ( #5174, #4245 ) ;
#584 = CARTESIAN_POINT ( 'NONE',  ( -0.1199999999999998568, -0.01662162162162163226, 0.2999999999999999889 ) ) ;
#585 = CARTESIAN_POINT ( 'NONE',  ( -0.05364120781527528803, 0.000000000000000000, -0.08836589698046184993 ) ) ;
#586 = ORIENTED_EDGE ( 'NONE', *, *, #1978, .F. ) ;
#587 =( GEOMETRIC_REPRESENTATION_CONTEXT ( 3 ) GLOBAL_UNCERTAINTY_ASSIGNED_CONTEXT ( ( #4248 ) ) GLOBAL_UNIT_ASSIGNED_CONTEXT ( ( #2787, #1254, #3299 ) ) REPRESENTATION_CONTEXT ( 'NONE', 'WORKASPACE' ) );
#588 = EDGE_CURVE ( 'NONE', #5568, #1295, #4460, .T. ) ;
#589 = CARTESIAN_POINT ( 'NONE',  ( 0.001464466094067027593, 0.001464466094067023690, 0.05000000000000000278 ) ) ;
#590 = AXIS2_PLACEMENT_3D ( 'NONE', #1038, #5122, #1391 ) ;
#591 = LOCAL_TIME ( 23, 23, 15.00000000000000000, #4138 ) ;
#592 = ORIENTED_EDGE ( 'NONE', *, *, #3387, .T. ) ;
#593 = CARTESIAN_POINT ( 'NONE',  ( 0.1602414127005256927, -0.2136516426612865283, 0.0006830680846285986166 ) ) ;
#594 = AXIS2_PLACEMENT_3D ( 'NONE', #3329, #786, #3860 ) ;
#595 = FACE_OUTER_BOUND ( 'NONE', #2154, .T. ) ;
#596 = PRODUCT_DEFINITION_FORMATION_WITH_SPECIFIED_SOURCE ( 'ANY', '', #5805, .NOT_KNOWN. ) ;
#597 = FACE_OUTER_BOUND ( 'NONE', #1924, .T. ) ;
#598 = DIRECTION ( 'NONE',  ( 1.000000000000000000, -3.238150488490040041E-15, 0.000000000000000000 ) ) ;
#599 = ORIENTED_EDGE ( 'NONE', *, *, #4976, .T. ) ;
#600 = LOCAL_TIME ( 23, 23, 15.00000000000000000, #2060 ) ;
#601 = CARTESIAN_POINT ( 'NONE',  ( -0.3379746835443037667, 0.09430379746835439170, 0.000000000000000000 ) ) ;
#602 = ORIENTED_EDGE ( 'NONE', *, *, #367, .F. ) ;
#603 = CARTESIAN_POINT ( 'NONE',  ( -0.1199999999999998013, 3.996802888650556742E-16, 0.000000000000000000 ) ) ;
#604 = APPROVAL_DATE_TIME ( #3578, #5636 ) ;
#605 = DIRECTION ( 'NONE',  ( -1.000000000000000000, 0.000000000000000000, 0.000000000000000000 ) ) ;
#606 = SECURITY_CLASSIFICATION ( '', '', #3892 ) ;
#607 = DIRECTION ( 'NONE',  ( -1.000000000000000000, -0.000000000000000000, -0.000000000000000000 ) ) ;
#608 = B_SPLINE_CURVE_WITH_KNOTS ( 'NONE', 3,
 ( #2239, #1867, #4282, #3878, #2369, #6339, #4814, #6441, #804, #3344, #1737, #4850, #738, #5386, #2839, #4892, #5825, #4422, #5960, #5421, #2870, #1771, #5922, #1239, #3284, #288 ),
 .UNSPECIFIED., .F., .F.,
 ( 4, 2, 2, 2, 2, 2, 2, 2, 2, 2, 2, 2, 4 ),
 ( 3.578747564466529823E-16, 0.02279117015858211220, 0.04558234031716387052, 0.05697792539645478438, 0.06267571793610017539, 0.06837351047574558027, 0.09116468063432753288, 0.1139558507929094855, 0.1253514358722004340, 0.1310492284118459361, 0.1367470209514914381, 0.1595381911100732797, 0.1823293612686551213 ),
 .UNSPECIFIED. ) ;
#609 = ORIENTED_EDGE ( 'NONE', *, *, #4992, .T. ) ;
#610 = ORIENTED_EDGE ( 'NONE', *, *, #358, .F. ) ;
#611 = CARTESIAN_POINT ( 'NONE',  ( -0.1127668277295079680, 0.04348201816318791879, 0.05709734643855416542 ) ) ;
#612 = DIRECTION ( 'NONE',  ( 2.775557561562891351E-16, -1.000000000000000000, 0.000000000000000000 ) ) ;
#613 = PERSON_AND_ORGANIZATION ( #6361, #58 ) ;
#614 = CARTESIAN_POINT ( 'NONE',  ( 0.000000000000000000, -0.1956962025316451026, 0.000000000000000000 ) ) ;
#615 = ADVANCED_FACE ( 'NONE', ( #2416 ), #6525, .F. ) ;
#616 = EDGE_LOOP ( 'NONE', ( #6611, #6360, #4919, #4790 ) ) ;
#617 = CARTESIAN_POINT ( 'NONE',  ( 0.2099999999999999645, -0.2099999999999999645, 0.009999999999999996739 ) ) ;
#618 = CARTESIAN_POINT ( 'NONE',  ( 0.3462217982934144289, 0.05497436873591719092, 0.05101969899184716217 ) ) ;
#619 = EDGE_CURVE ( 'NONE', #5009, #1767, #257, .T. ) ;
#620 = CONTEXT_DEPENDENT_SHAPE_REPRESENTATION ( #2170, #5013 ) ;
#621 = CARTESIAN_POINT ( 'NONE',  ( -0.05364120781527528803, 0.1000000000000000056, -0.08836589698046184993 ) ) ;
#622 = LINE ( 'NONE', #2725, #5336 ) ;
#623 = ORIENTED_EDGE ( 'NONE', *, *, #4592, .T. ) ;
#624 = DIRECTION ( 'NONE',  ( -1.000000000000000000, -9.251858538542991303E-17, 0.000000000000000000 ) ) ;
#625 = ORIENTED_EDGE ( 'NONE', *, *, #2196, .T. ) ;
#626 = EDGE_CURVE ( 'NONE', #4000, #5419, #1777, .T. ) ;
#627 = FACE_OUTER_BOUND ( 'NONE', #6645, .T. ) ;
#628 = CARTESIAN_POINT ( 'NONE',  ( 0.03167398205416856183, 0.06161731319717753813, -0.02713336041550392513 ) ) ;
#629 = CARTESIAN_POINT ( 'NONE',  ( 0.1760363112501603100, -0.1975000000000000644, 0.04933012701892218466 ) ) ;
#630 = ORIENTED_EDGE ( 'NONE', *, *, #737, .F. ) ;
#631 = CARTESIAN_POINT ( 'NONE',  ( -0.1499999999999999389, -0.1500000000000000777, 0.04500000000000000527 ) ) ;
#632 = VECTOR ( 'NONE', #790, 1.000000000000000000 ) ;
#633 = LINE ( 'NONE', #6240, #4535 ) ;
#634 = PERSON_AND_ORGANIZATION_ROLE ( 'classification_officer' ) ;
#635 = DIRECTION ( 'NONE',  ( -1.000000000000000000, 0.000000000000000000, 0.000000000000000000 ) ) ;
#636 = CARTESIAN_POINT ( 'NONE',  ( 2.005755485727714251E-17, -0.1878888888888889386, 0.000000000000000000 ) ) ;
#637 = CARTESIAN_POINT ( 'NONE',  ( -0.1112238989297537062, 0.004981106852472850025, 0.05474832557730324734 ) ) ;
#638 = ORIENTED_EDGE ( 'NONE', *, *, #1503, .F. ) ;
#639 = ORIENTED_EDGE ( 'NONE', *, *, #728, .F. ) ;
#640 = CARTESIAN_POINT ( 'NONE',  ( 0.000000000000000000, 0.000000000000000000, 0.000000000000000000 ) ) ;
#641 = APPROVAL ( #432, 'UNSPECIFIED' ) ;
#642 = CARTESIAN_POINT ( 'NONE',  ( 0.2000000000000000389, -0.1799999999999999933, 0.006999999999999966319 ) ) ;
#643 = CALENDAR_DATE ( 2026, 9, 1 ) ;
#644 = CARTESIAN_POINT ( 'NONE',  ( -0.3179746835443037489, 0.07430379746835438781, 0.2799999999999999711 ) ) ;
#645 = EDGE_CURVE ( 'NONE', #1898, #3654, #5435, .T. ) ;
#646 = ORIENTED_EDGE ( 'NONE', *, *, #4044, .F. ) ;
#647 = ORIENTED_EDGE ( 'NONE', *, *, #3405, .T. ) ;
#648 = CARTESIAN_POINT ( 'NONE',  ( 0.000000000000000000, 0.000000000000000000, 0.000000000000000000 ) ) ;
#649 =( REPRESENTATION_RELATIONSHIP ('NONE','NONE', #3207, #5905 ) REPRESENTATION_RELATIONSHIP_WITH_TRANSFORMATION ( #306 )SHAPE_REPRESENTATION_RELATIONSHIP( ) );
#650 = COORDINATED_UNIVERSAL_TIME_OFFSET ( 5, 30, .AHEAD. ) ;
#651 = DIRECTION ( 'NONE',  ( 0.000000000000000000, 1.000000000000000000, 0.000000000000000000 ) ) ;
#652 = AXIS2_PLACEMENT_3D ( 'NONE', #948, #4522, #3579 ) ;
#653 = AXIS2_PLACEMENT_3D ( 'NONE', #4611, #2603, #4182 ) ;
#654 = LINE ( 'NONE', #3268, #5873 ) ;
#655 = ORIENTED_EDGE ( 'NONE', *, *, #1376, .F. ) ;
#656 = EDGE_CURVE ( 'NONE', #544, #4211, #1812, .T. ) ;
#657 = CARTESIAN_POINT ( 'NONE',  ( -0.1299999999999998102, -0.006621621621621632051, 0.2899999999999999800 ) ) ;
#658 = EDGE_CURVE ( 'NONE', #394, #392, #4189, .T. ) ;
#659 = ORIENTED_EDGE ( 'NONE', *, *, #3723, .T. ) ;
#660 = VECTOR ( 'NONE', #3419, 1.000000000000000000 ) ;
#661 = DIRECTION ( 'NONE',  ( -0.7071067811865439090, -0.7071067811865512365, 0.000000000000000000 ) ) ;
#662 = EDGE_CURVE ( 'NONE', #4027, #6221, #682, .T. ) ;
#663 = LINE ( 'NONE', #4682, #3536 ) ;
#664 = ADVANCED_FACE ( 'NONE', ( #6072 ), #1498, .T. ) ;
#665 = LINE ( 'NONE', #4279, #1424 ) ;
#666 = ORIENTED_EDGE ( 'NONE', *, *, #3031, .T. ) ;
#667 = FACE_OUTER_BOUND ( 'NONE', #2793, .T. ) ;
#668 = AXIS2_PLACEMENT_3D ( 'NONE', #4826, #5209, #5463 ) ;
#669 = LINE ( 'NONE', #6310, #369 ) ;
#670 = CARTESIAN_POINT ( 'NONE',  ( 0.2199999999999999734, -0.2199999999999999734, 0.006999999999999966319 ) ) ;
#671 = DIRECTION ( 'NONE',  ( 3.330669073875469621E-15, 1.000000000000000000, -0.000000000000000000 ) ) ;
#672 = CIRCLE ( 'NONE', #5478, 0.01000000000000000888 ) ;
#673 = CARTESIAN_POINT ( 'NONE',  ( 0.0002480147281380247156, 0.01984908146382469846, -0.02133822519998663375 ) ) ;
#674 = VERTEX_POINT ( 'NONE', #4123 ) ;
#675 = B_SPLINE_CURVE_WITH_KNOTS ( 'NONE', 3,
 ( #2071, #6103, #6173, #2607, #3610, #4186, #2105, #5719, #4648, #1496, #2544, #2572 ),
 .UNSPECIFIED., .F., .F.,
 ( 4, 2, 2, 2, 2, 4 ),
 ( 1.980348111104134864E-07, 0.003082399898075147658, 0.006164601761339184860, 0.009246803624603221194, 0.01078790455623519252, 0.01232900548786716559 ),
 .UNSPECIFIED. ) ;
#676 = CARTESIAN_POINT ( 'NONE',  ( 0.1300000000000001155, -0.006621621621621632051, 0.01000000000000000888 ) ) ;
#677 = LINE ( 'NONE', #2751, #819 ) ;
#678 = CALENDAR_DATE ( 2026, 9, 1 ) ;
#679 = CARTESIAN_POINT ( 'NONE',  ( 0.2002962962962963611, -0.1878888888888889386, 0.000000000000000000 ) ) ;
#680 = ORIENTED_EDGE ( 'NONE', *, *, #6066, .T. ) ;
#681 = CARTESIAN_POINT ( 'NONE',  ( -0.1871049384543281291, -0.1958718940557437060, 0.04782112412222422337 ) ) ;
#682 =( BOUNDED_CURVE ( )  B_SPLINE_CURVE ( 3, ( #904, #5099, #6105, #5561 ),
 .UNSPECIFIED., .F., .T. ) 
 B_SPLINE_CURVE_WITH_KNOTS ( ( 4, 4 ),
 ( 1.570796326794891895, 3.141592653589793116 ),
 .UNSPECIFIED. ) 
 CURVE ( )  GEOMETRIC_REPRESENTATION_ITEM ( )  RATIONAL_B_SPLINE_CURVE ( ( 1.000000000000000000, 0.8047378541243639383, 0.8047378541243639383, 1.000000000000000000 ) ) 
 REPRESENTATION_ITEM ( '' )  );
#683 = CALENDAR_DATE ( 2026, 9, 1 ) ;
#684 = CARTESIAN_POINT ( 'NONE',  ( 0.2183127736803068542, -0.1628427210648254742, 0.004434136427672531917 ) ) ;
#685 = LINE ( 'NONE', #4705, #3624 ) ;
#686 = EDGE_LOOP ( 'NONE', ( #469, #4994, #3604, #5481, #586 ) ) ;
#687 = DIRECTION ( 'NONE',  ( 0.000000000000000000, 0.000000000000000000, -1.000000000000000000 ) ) ;
#688 = EDGE_CURVE ( 'NONE', #1528, #5082, #1569, .T. ) ;
#689 = ORIENTED_EDGE ( 'NONE', *, *, #6274, .F. ) ;
#690 = AXIS2_PLACEMENT_3D ( 'NONE', #3181, #1576, #3684 ) ;
#691 = UNCERTAINTY_MEASURE_WITH_UNIT (LENGTH_MEASURE( 1.000000000000000082E-05 ), #2387, 'distance_accuracy_value', 'NONE');
#692 = EDGE_CURVE ( 'NONE', #1527, #5066, #3447, .T. ) ;
#693 = DIRECTION ( 'NONE',  ( 1.000000000000000000, 0.000000000000000000, 0.000000000000000000 ) ) ;
#694 = CARTESIAN_POINT ( 'NONE',  ( 0.1086073344803770296, 0.06044454235828836119, -0.02717361248580278318 ) ) ;
#695 = CIRCLE ( 'NONE', #2186, 0.03000000000000002665 ) ;
#696 = LINE ( 'NONE', #4251, #712 ) ;
#697 = FACE_OUTER_BOUND ( 'NONE', #5550, .T. ) ;
#698 = ORIENTED_EDGE ( 'NONE', *, *, #3325, .T. ) ;
#699 = VECTOR ( 'NONE', #1240, 1.000000000000000000 ) ;
#700 = DIRECTION ( 'NONE',  ( 1.000000000000000000, -0.000000000000000000, -0.000000000000000000 ) ) ;
#701 = AXIS2_PLACEMENT_3D ( 'NONE', #1784, #1884, #5874 ) ;
#702 = SECURITY_CLASSIFICATION ( '', '', #540 ) ;
#703 = DIRECTION ( 'NONE',  ( -1.850371707708594316E-16, 1.000000000000000000, 0.000000000000000000 ) ) ;
#704 = CARTESIAN_POINT ( 'NONE',  ( 0.3062583175489332898, 0.03978934139587032154, 0.05829689299494123650 ) ) ;
#705 = DIRECTION ( 'NONE',  ( 9.251858538542972814E-17, -1.000000000000000000, 0.000000000000000000 ) ) ;
#706 = EDGE_CURVE ( 'NONE', #2394, #4259, #4650, .T. ) ;
#707 = CARTESIAN_POINT ( 'NONE',  ( 0.01632671765473350453, 0.02747409325975247452, -0.02474000011180154182 ) ) ;
#708 = ORIENTED_EDGE ( 'NONE', *, *, #4592, .F. ) ;
#709 = PRODUCT_DEFINITION_FORMATION_WITH_SPECIFIED_SOURCE ( 'ANY', '', #3884, .NOT_KNOWN. ) ;
#710 = EDGE_CURVE ( 'NONE', #80, #4781, #4188, .T. ) ;
#711 = DIRECTION ( 'NONE',  ( -0.000000000000000000, -0.000000000000000000, -1.000000000000000000 ) ) ;
#712 = VECTOR ( 'NONE', #2735, 1.000000000000000000 ) ;
#713 = CARTESIAN_POINT ( 'NONE',  ( -0.04797468354430375892, -0.1956962025316451026, 0.5999999999999999778 ) ) ;
#714 = CALENDAR_DATE ( 2026, 9, 1 ) ;
#715 = CARTESIAN_POINT ( 'NONE',  ( -0.1650000000000000355, -0.1550000000000005818, 0.000000000000000000 ) ) ;
#716 = EDGE_CURVE ( 'NONE', #674, #488, #2166, .T. ) ;
#717 = ORGANIZATION ( 'NAUO-ORG1', 'UNSPECIFIED', 'UNSPECIFIED' ) ;
#718 = ORIENTED_EDGE ( 'NONE', *, *, #4768, .F. ) ;
#719 = DIRECTION ( 'NONE',  ( 0.000000000000000000, -0.000000000000000000, -1.000000000000000000 ) ) ;
#720 = CARTESIAN_POINT ( 'NONE',  ( -0.3179746835443036934, -0.1856962025316456211, 0.2999999999999999334 ) ) ;
#721 = PERSON_AND_ORGANIZATION_ROLE ( 'classification_officer' ) ;
#722 = EDGE_CURVE ( 'NONE', #4048, #1817, #5156, .T. ) ;
#723 = CARTESIAN_POINT ( 'NONE',  ( 0.2195393920141694155, -0.1691623846315154500, 0.006999999999999964584 ) ) ;
#724 = CARTESIAN_POINT ( 'NONE',  ( 0.1999999999999999833, 1.423362852083533900E-17, 0.04500000000000000527 ) ) ;
#725 = ORIENTED_EDGE ( 'NONE', *, *, #5265, .T. ) ;
#726 = DIRECTION ( 'NONE',  ( 1.000000000000000000, -0.000000000000000000, 0.000000000000000000 ) ) ;
#727 = ORIENTED_EDGE ( 'NONE', *, *, #6267, .F. ) ;
#728 = EDGE_CURVE ( 'NONE', #5864, #348, #5289, .T. ) ;
#729 = CC_DESIGN_PERSON_AND_ORGANIZATION_ASSIGNMENT ( #1619, #721, ( #1345 ) ) ;
#730 = DIRECTION ( 'NONE',  ( -0.000000000000000000, 0.000000000000000000, 1.000000000000000000 ) ) ;
#731 = CARTESIAN_POINT ( 'NONE',  ( 0.1875952068959878538, -0.1906542008756216544, 0.04999999999999999584 ) ) ;
#732 = PRODUCT_DEFINITION_SHAPE ( 'NONE', 'NONE',  #4647 ) ;
#733 = CYLINDRICAL_SURFACE ( 'NONE', #1207, 0.02499999999999999445 ) ;
#734 = DIRECTION ( 'NONE',  ( 0.000000000000000000, -0.000000000000000000, 1.000000000000000000 ) ) ;
#735 = ORIENTED_EDGE ( 'NONE', *, *, #2318, .T. ) ;
#736 = CARTESIAN_POINT ( 'NONE',  ( -0.1299999999999998102, -0.006621621621621632051, 0.01999999999999999695 ) ) ;
#737 = EDGE_CURVE ( 'NONE', #1596, #1649, #3613, .T. ) ;
#738 = CARTESIAN_POINT ( 'NONE',  ( 0.3088240469924992126, 0.08792548623391928386, -0.03443391438906544255 ) ) ;
#739 = LINE ( 'NONE', #4922, #256 ) ;
#740 = FACE_OUTER_BOUND ( 'NONE', #1306, .T. ) ;
#741 = CARTESIAN_POINT ( 'NONE',  ( 0.02288138259401230334, 0.02941430740951126235, -0.02587790853020840651 ) ) ;
#742 = ORIENTED_EDGE ( 'NONE', *, *, #1949, .F. ) ;
#743 = EDGE_CURVE ( 'NONE', #2672, #6254, #1167, .T. ) ;
#744 = CIRCLE ( 'NONE', #4054, 0.009999999999999995004 ) ;
#745 = ADVANCED_FACE ( 'NONE', ( #3681 ), #5656, .T. ) ;
#746 = DIRECTION ( 'NONE',  ( -1.000000000000000000, 0.000000000000000000, 0.000000000000000000 ) ) ;
#747 = LINE ( 'NONE', #4290, #5097 ) ;
#748 = CALENDAR_DATE ( 2026, 9, 1 ) ;
#749 = CARTESIAN_POINT ( 'NONE',  ( 0.3463587921847246509, -0.4600000000000004086, 0.05178924042636610242 ) ) ;
#750 = CIRCLE ( 'NONE', #524, 0.01999999999999999001 ) ;
#751 = EDGE_CURVE ( 'NONE', #967, #5149, #562, .T. ) ;
#752 = EDGE_CURVE ( 'NONE', #429, #981, #5222, .T. ) ;
#753 = ORIENTED_EDGE ( 'NONE', *, *, #1567, .F. ) ;
#754 = ORIENTED_EDGE ( 'NONE', *, *, #6488, .F. ) ;
#755 = APPROVAL ( #4232, 'UNSPECIFIED' ) ;
#756 = DIRECTION ( 'NONE',  ( 0.000000000000000000, 0.000000000000000000, 1.000000000000000000 ) ) ;
#757 = ITEM_DEFINED_TRANSFORMATION ( 'NONE', 'NONE', #4763,  #1868 ) ;
#758 = CARTESIAN_POINT ( 'NONE',  ( 0.1500000000000000222, 0.1499999999999999112, 0.000000000000000000 ) ) ;
#759 = CARTESIAN_POINT ( 'NONE',  ( -0.1499999999999996891, 0.03337837837837837052, 0.2700000000000000178 ) ) ;
#760 = ORIENTED_EDGE ( 'NONE', *, *, #4064, .T. ) ;
#761 = DIRECTION ( 'NONE',  ( -1.000000000000000000, 0.000000000000000000, 0.000000000000000000 ) ) ;
#762 = ORIENTED_EDGE ( 'NONE', *, *, #3443, .F. ) ;
#763 = PERSON_AND_ORGANIZATION ( #6361, #58 ) ;
#764 = CARTESIAN_POINT ( 'NONE',  ( 0.05229851283464898720, 0.04433029642788727936, -0.02909093614600358549 ) ) ;
#765 = LINE ( 'NONE', #863, #1846 ) ;
#766 = CYLINDRICAL_SURFACE ( 'NONE', #1857, 0.009999999999999870104 ) ;
#767 = ORIENTED_EDGE ( 'NONE', *, *, #2018, .T. ) ;
#768 = EDGE_LOOP ( 'NONE', ( #3794, #5957, #1025, #2798, #6562, #165 ) ) ;
#769 = PLANE ( 'NONE',  #1371 ) ;
#770 = FACE_OUTER_BOUND ( 'NONE', #3088, .T. ) ;
#771 = EDGE_CURVE ( 'NONE', #4532, #4489, #1360, .T. ) ;
#772 = CARTESIAN_POINT ( 'NONE',  ( -0.1549999999999999434, 0.1549999999999999156, 0.05000000000000000278 ) ) ;
#773 = FACE_OUTER_BOUND ( 'NONE', #3354, .T. ) ;
#774 = CARTESIAN_POINT ( 'NONE',  ( -0.004490974038465301264, 0.01383871364006018789, -0.02015848591954238350 ) ) ;
#775 = ORIENTED_EDGE ( 'NONE', *, *, #5044, .F. ) ;
#776 = DIRECTION ( 'NONE',  ( 0.000000000000000000, 0.000000000000000000, -1.000000000000000000 ) ) ;
#777 = AXIS2_PLACEMENT_3D ( 'NONE', #5376, #5910, #4972 ) ;
#778 = LINE ( 'NONE', #4821, #3052 ) ;
#779 = MECHANICAL_CONTEXT ( 'NONE', #6388, 'mechanical' ) ;
#780 = CARTESIAN_POINT ( 'NONE',  ( -0.1749999999999999889, -0.1750000000000000167, 0.000000000000000000 ) ) ;
#781 = ADVANCED_FACE ( 'NONE', ( #5255 ), #2673, .F. ) ;
#782 = VECTOR ( 'NONE', #4497, 1.000000000000000000 ) ;
#783 = ADVANCED_FACE ( 'NONE', ( #667 ), #1604, .F. ) ;
#784 = ORIENTED_EDGE ( 'NONE', *, *, #5845, .T. ) ;
#785 = CARTESIAN_POINT ( 'NONE',  ( -0.1950000000000000622, -0.1850000000000007194, 0.04601441612684328136 ) ) ;
#786 = DIRECTION ( 'NONE',  ( -0.7071067811865439090, -0.7071067811865512365, 0.000000000000000000 ) ) ;
#787 = CARTESIAN_POINT ( 'NONE',  ( 0.000000000000000000, 0.000000000000000000, 0.000000000000000000 ) ) ;
#788 = DATE_AND_TIME ( #4332, #273 ) ;
#789 = CARTESIAN_POINT ( 'NONE',  ( 0.1749999999999999889, 0.1950000000000000067, 0.04500000000000000527 ) ) ;
#790 = DIRECTION ( 'NONE',  ( 0.000000000000000000, 0.000000000000000000, -1.000000000000000000 ) ) ;
#791 = ORIENTED_EDGE ( 'NONE', *, *, #2686, .F. ) ;
#792 = FACE_OUTER_BOUND ( 'NONE', #3146, .T. ) ;
#793 = ORIENTED_EDGE ( 'NONE', *, *, #2749, .T. ) ;
#794 = MECHANICAL_CONTEXT ( 'NONE', #5258, 'mechanical' ) ;
#795 = CARTESIAN_POINT ( 'NONE',  ( 0.1949999999999999789, 1.387778780781445367E-17, 0.05000000000000000278 ) ) ;
#796 = EDGE_CURVE ( 'NONE', #54, #2445, #2595, .T. ) ;
#797 = EDGE_CURVE ( 'NONE', #4685, #6437, #4219, .T. ) ;
#798 = PLANE ( 'NONE',  #322 ) ;
#799 = VECTOR ( 'NONE', #4748, 1.000000000000000000 ) ;
#800 = DIRECTION ( 'NONE',  ( 1.000000000000000000, 1.850371707708594316E-16, -0.000000000000000000 ) ) ;
#801 = EDGE_LOOP ( 'NONE', ( #5494, #1120, #1013, #2835 ) ) ;
#802 = ORIENTED_EDGE ( 'NONE', *, *, #3644, .F. ) ;
#803 = CARTESIAN_POINT ( 'NONE',  ( -0.1536412078152752381, 0.000000000000000000, 0.05178924042636628977 ) ) ;
#804 = CARTESIAN_POINT ( 'NONE',  ( 0.2940973658158893000, 0.09238999979892431602, -0.05152325803434376628 ) ) ;
#805 = AXIS2_PLACEMENT_3D ( 'NONE', #3995, #3590, #6534 ) ;
#806 = CC_DESIGN_PERSON_AND_ORGANIZATION_ASSIGNMENT ( #2675, #5130, ( #4657 ) ) ;
#807 = FACE_BOUND ( 'NONE', #1963, .T. ) ;
#808 = DIRECTION ( 'NONE',  ( 0.000000000000000000, -0.000000000000000000, -1.000000000000000000 ) ) ;
#809 = CARTESIAN_POINT ( 'NONE',  ( -0.3279746835443030917, 0.06430379746835440669, 0.2799999999999999711 ) ) ;
#810 = ORIENTED_EDGE ( 'NONE', *, *, #4784, .T. ) ;
#811 = EDGE_CURVE ( 'NONE', #4706, #6165, #3939, .T. ) ;
#812 = AXIS2_PLACEMENT_3D ( 'NONE', #2732, #183, #3457 ) ;
#813 = AXIS2_PLACEMENT_3D ( 'NONE', #1984, #4968, #6046 ) ;
#814 = DIRECTION ( 'NONE',  ( -9.251858538542971581E-17, 1.000000000000000000, -0.000000000000000000 ) ) ;
#815 = ADVANCED_FACE ( 'NONE', ( #6275 ), #1668, .F. ) ;
#816 = CARTESIAN_POINT ( 'NONE',  ( 0.2003563281864453316, -0.2199999999999998901, 0.009748037964821829396 ) ) ;
#817 = PERSON_AND_ORGANIZATION ( #6361, #58 ) ;
#818 = DIRECTION ( 'NONE',  ( 1.000000000000000000, 0.000000000000000000, -3.965082230804130220E-16 ) ) ;
#819 = VECTOR ( 'NONE', #1714, 1.000000000000000000 ) ;
#820 = LOCAL_TIME ( 23, 23, 15.00000000000000000, #3042 ) ;
#821 = VERTEX_POINT ( 'NONE', #2703 ) ;
#822 = EDGE_CURVE ( 'NONE', #5634, #37, #2206, .T. ) ;
#823 = CARTESIAN_POINT ( 'NONE',  ( -0.3179746835443037489, 0.08430379746835436894, 0.2799999999999999711 ) ) ;
#824 = CC_DESIGN_SECURITY_CLASSIFICATION ( #931, ( #6660 ) ) ;
#825 = LINE ( 'NONE', #2326, #5197 ) ;
#826 = ADVANCED_FACE ( 'NONE', ( #1327 ), #5385, .T. ) ;
#827 = COORDINATED_UNIVERSAL_TIME_OFFSET ( 5, 30, .AHEAD. ) ;
#828 = CARTESIAN_POINT ( 'NONE',  ( 0.2193919188940540166, -0.1665934710250135120, 0.006563538255637593397 ) ) ;
#829 = CYLINDRICAL_SURFACE ( 'NONE', #2556, 0.009999999999999995004 ) ;
#830 = CARTESIAN_POINT ( 'NONE',  ( 0.2000000000000000389, -0.2199999999999999734, 0.06699999999999996236 ) ) ;
#831 = EDGE_LOOP ( 'NONE', ( #2893, #708, #4774, #2702 ) ) ;
#832 = ADVANCED_FACE ( 'NONE', ( #4920 ), #2308, .T. ) ;
#833 = PERSON_AND_ORGANIZATION_ROLE ( 'classification_officer' ) ;
#834 = CARTESIAN_POINT ( 'NONE',  ( 0.06835653455014585600, 0.04099732548086341272, -0.02962518934975712226 ) ) ;
#835 = CARTESIAN_POINT ( 'NONE',  ( 0.1500000000000000222, 0.1549999999999999156, 0.05000000000000000278 ) ) ;
#836 = ADVANCED_FACE ( 'NONE', ( #286 ), #5420, .T. ) ;
#837 = CYLINDRICAL_SURFACE ( 'NONE', #2181, 0.01000000000000000888 ) ;
#838 = ORIENTED_EDGE ( 'NONE', *, *, #5155, .F. ) ;
#839 = ORIENTED_EDGE ( 'NONE', *, *, #6538, .F. ) ;
#840 = DIRECTION ( 'NONE',  ( 0.000000000000000000, 1.000000000000000000, 0.000000000000000000 ) ) ;
#841 = DIRECTION ( 'NONE',  ( -0.000000000000000000, -0.000000000000000000, 1.000000000000000000 ) ) ;
#842 = DIRECTION ( 'NONE',  ( 0.000000000000000000, -1.000000000000000000, 0.000000000000000000 ) ) ;
#843 = CARTESIAN_POINT ( 'NONE',  ( -0.3179746835443037489, 0.09430379746835439170, 0.02000000000000000042 ) ) ;
#844 = CARTESIAN_POINT ( 'NONE',  ( 0.1177689974036926768, 0.02936090553431627490, -0.02585476175348650971 ) ) ;
#845 = ORIENTED_EDGE ( 'NONE', *, *, #5966, .T. ) ;
#846 = PRODUCT_DEFINITION_SHAPE ( 'NONE', 'NONE',  #6654 ) ;
#847 = CARTESIAN_POINT ( 'NONE',  ( -0.1957100319424098789, 0.1871260868361478702, 0.04801048472978535625 ) ) ;
#848 = CARTESIAN_POINT ( 'NONE',  ( 0.1950000000000000067, -0.1849999999999978884, 0.000000000000000000 ) ) ;
#849 = APPROVAL_DATE_TIME ( #1878, #2432 ) ;
#850 = LINE ( 'NONE', #1780, #6599 ) ;
#851 = EDGE_LOOP ( 'NONE', ( #386, #2065, #1989, #6001 ) ) ;
#852 = FACE_OUTER_BOUND ( 'NONE', #2559, .T. ) ;
#853 = CARTESIAN_POINT ( 'NONE',  ( 0.1999999999999999833, 0.1750000000000000444, 0.04500000000000000527 ) ) ;
#854 = CARTESIAN_POINT ( 'NONE',  ( 0.1300000000000001155, 3.608224830031761961E-17, 0.2899999999999999800 ) ) ;
#855 = PERSON_AND_ORGANIZATION_ROLE ( 'classification_officer' ) ;
#856 = FACE_OUTER_BOUND ( 'NONE', #1555, .T. ) ;
#857 = CARTESIAN_POINT ( 'NONE',  ( 0.1975000000000002587, -0.1760375956093721828, 0.04933012701892232343 ) ) ;
#858 = ORIENTED_EDGE ( 'NONE', *, *, #4714, .F. ) ;
#859 = APPROVAL_ROLE ( '' ) ;
#860 = CARTESIAN_POINT ( 'NONE',  ( 0.2199999999999999734, -0.1999999999999999833, 0.009999999999999995004 ) ) ;
#861 = ADVANCED_FACE ( 'NONE', ( #2770 ), #3283, .F. ) ;
#862 = SHAPE_REPRESENTATION ( 'DOOR', ( #1868 ), #2932 ) ;
#863 = CARTESIAN_POINT ( 'NONE',  ( -0.05797468354430375392, 0.09430379746835439170, 0.02000000000000001776 ) ) ;
#864 = CARTESIAN_POINT ( 'NONE',  ( -0.3279746835443030917, 0.08430379746835436894, 0.2799999999999999711 ) ) ;
#865 = ORIENTED_EDGE ( 'NONE', *, *, #2801, .T. ) ;
#866 = DESIGN_CONTEXT ( 'detailed design', #3849, 'design' ) ;
#867 = ORIENTED_EDGE ( 'NONE', *, *, #2083, .T. ) ;
#868 = CARTESIAN_POINT ( 'NONE',  ( -0.05797468354430375392, 0.09430379746835439170, 0.5999999999999999778 ) ) ;
#869 = DIRECTION ( 'NONE',  ( 0.000000000000000000, 1.000000000000000000, 0.000000000000000000 ) ) ;
#870 = CARTESIAN_POINT ( 'NONE',  ( -0.1975000000000000366, 0.1750000000000000167, 0.04933012701892219853 ) ) ;
#871 = VECTOR ( 'NONE', #2043, 1.000000000000000000 ) ;
#872 = CARTESIAN_POINT ( 'NONE',  ( 0.1444596588973988127, 0.01544642713333597289, -0.02031857254562291146 ) ) ;
#873 = ORIENTED_EDGE ( 'NONE', *, *, #2685, .F. ) ;
#874 = CARTESIAN_POINT ( 'NONE',  ( -0.1924959257396640644, 0.1874686679883230400, 0.04977878570640380251 ) ) ;
#875 = VECTOR ( 'NONE', #2780, 1.000000000000000000 ) ;
#876 = CARTESIAN_POINT ( 'NONE',  ( -0.1875253217085419144, -0.1917672674905570307, 0.04991671504899002076 ) ) ;
#877 = APPLICATION_PROTOCOL_DEFINITION ( 'international standard', 'config_control_design', 1994, #2481 ) ;
#878 = CYLINDRICAL_SURFACE ( 'NONE', #5790, 0.005000000000000004441 ) ;
#879 = ADVANCED_FACE ( 'NONE', ( #216 ), #6338, .T. ) ;
#880 = ORIENTED_EDGE ( 'NONE', *, *, #645, .F. ) ;
#881 = DIRECTION ( 'NONE',  ( -0.000000000000000000, 0.000000000000000000, 1.000000000000000000 ) ) ;
#882 = AXIS2_PLACEMENT_3D ( 'NONE', #5308, #5907, #2789 ) ;
#883 = CARTESIAN_POINT ( 'NONE',  ( -0.3379746835443037667, 0.09430379746835439170, 0.9000000000000000222 ) ) ;
#884 = CIRCLE ( 'NONE', #3233, 0.2000000000000000111 ) ;
#885 = PLANE ( 'NONE',  #478 ) ;
#886 = CARTESIAN_POINT ( 'NONE',  ( 0.3863587921847250195, -0.4060259249143364224, -0.1737078719519075665 ) ) ;
#887 = AXIS2_PLACEMENT_3D ( 'NONE', #3386, #1336, #2878 ) ;
#888 = DIRECTION ( 'NONE',  ( -1.000000000000000000, -1.334402673828313093E-16, 0.000000000000000000 ) ) ;
#889 = ORIENTED_EDGE ( 'NONE', *, *, #3273, .T. ) ;
#890 = PERSON_AND_ORGANIZATION_ROLE ( 'design_supplier' ) ;
#891 = AXIS2_PLACEMENT_3D ( 'NONE', #6412, #4894, #1807 ) ;
#892 = CARTESIAN_POINT ( 'NONE',  ( -0.1958718940557434562, -0.1871049384543289340, 0.04782112412222386949 ) ) ;
#893 = CARTESIAN_POINT ( 'NONE',  ( 0.2800000000000000266, 0.000000000000000000, 0.2899999999999999800 ) ) ;
#894 = CARTESIAN_POINT ( 'NONE',  ( -0.3279746835443037578, -0.1956962025316451026, 0.2999999999999999334 ) ) ;
#895 = EDGE_LOOP ( 'NONE', ( #1252, #423, #680, #3196 ) ) ;
#896 = EDGE_LOOP ( 'NONE', ( #4524, #4542, #2350, #5043 ) ) ;
#897 = DIRECTION ( 'NONE',  ( 7.116814260417669499E-17, -1.000000000000000000, 0.000000000000000000 ) ) ;
#898 =( BOUNDED_CURVE ( )  B_SPLINE_CURVE ( 3, ( #18, #5547, #2064, #1999 ),
 .UNSPECIFIED., .F., .T. ) 
 B_SPLINE_CURVE_WITH_KNOTS ( ( 4, 4 ),
 ( 0.000000000000000000, 0.5994940522485733281 ),
 .UNSPECIFIED. ) 
 CURVE ( )  GEOMETRIC_REPRESENTATION_ITEM ( )  RATIONAL_B_SPLINE_CURVE ( ( 1.000000000000000000, 0.9702741449653912165, 0.9702741449653912165, 1.000000000000000000 ) ) 
 REPRESENTATION_ITEM ( '' )  );
#899 = LINE ( 'NONE', #3941, #5833 ) ;
#900 = FACE_OUTER_BOUND ( 'NONE', #1181, .T. ) ;
#901 = AXIS2_PLACEMENT_3D ( 'NONE', #4640, #4113, #2635 ) ;
#902 = CARTESIAN_POINT ( 'NONE',  ( 0.09426402612893047817, 0.03362102747755865706, -0.02869033257263020262 ) ) ;
#903 = ORIENTED_EDGE ( 'NONE', *, *, #1483, .T. ) ;
#904 = CARTESIAN_POINT ( 'NONE',  ( -0.1600000000000000033, 0.1570710678118654724, 0.05000000000000000278 ) ) ;
#905 = VECTOR ( 'NONE', #4482, 1.000000000000000000 ) ;
#906 = CC_DESIGN_DATE_AND_TIME_ASSIGNMENT ( #5941, #1820, ( #606 ) ) ;
#907 = FACE_OUTER_BOUND ( 'NONE', #3752, .T. ) ;
#908 = PERSON_AND_ORGANIZATION_ROLE ( 'classification_officer' ) ;
#909 = DIRECTION ( 'NONE',  ( 3.330669073875469621E-15, 1.000000000000000000, -0.000000000000000000 ) ) ;
#910 = VECTOR ( 'NONE', #6232, 1.000000000000000000 ) ;
#911 = ORIENTED_EDGE ( 'NONE', *, *, #6267, .T. ) ;
#912 = VECTOR ( 'NONE', #4816, 1.000000000000000000 ) ;
#913 = APPROVAL_PERSON_ORGANIZATION ( #920, #5456, #1546 ) ;
#914 = EDGE_CURVE ( 'NONE', #5124, #292, #744, .T. ) ;
#915 = ORIENTED_EDGE ( 'NONE', *, *, #372, .F. ) ;
#916 = FACE_BOUND ( 'NONE', #4419, .T. ) ;
#917 = EDGE_CURVE ( 'NONE', #1161, #979, #4914, .T. ) ;
#918 = PERSON ( 'NAUO-PER9', 'UNSPECIFIED', 'UNSPECIFIED', ('UNSPECIFIED'), ('UNSPECIFIED'), ('UNSPECIFIED') ) ;
#919 = PLANE ( 'NONE',  #3271 ) ;
#920 = PERSON_AND_ORGANIZATION ( #6361, #58 ) ;
#921 = VECTOR ( 'NONE', #3394, 1.000000000000000000 ) ;
#922 = CARTESIAN_POINT ( 'NONE',  ( 0.2800000000000000266, -0.01000000000000000021, 0.000000000000000000 ) ) ;
#923 = LOCAL_TIME ( 23, 23, 15.00000000000000000, #4941 ) ;
#924 = DIRECTION ( 'NONE',  ( 0.000000000000000000, 2.667127412285639755E-15, 1.000000000000000000 ) ) ;
#925 = CARTESIAN_POINT ( 'NONE',  ( 0.000000000000000000, -0.1950000000000000622, 0.05000000000000000278 ) ) ;
#926 = LOCAL_TIME ( 23, 23, 15.00000000000000000, #6140 ) ;
#927 = ORIENTED_EDGE ( 'NONE', *, *, #1705, .F. ) ;
#928 = CALENDAR_DATE ( 2026, 9, 1 ) ;
#929 = EDGE_CURVE ( 'NONE', #4865, #5345, #5473, .T. ) ;
#930 = CARTESIAN_POINT ( 'NONE',  ( -0.1955368566134739194, -0.1871482108464627425, 0.04818502169615514197 ) ) ;
#931 = SECURITY_CLASSIFICATION ( '', '', #3331 ) ;
#932 = LINE ( 'NONE', #2500, #6169 ) ;
#933 = VERTEX_POINT ( 'NONE', #3314 ) ;
#934 = LINE ( 'NONE', #422, #3568 ) ;
#935 = VERTEX_POINT ( 'NONE', #5356 ) ;
#936 = ORIENTED_EDGE ( 'NONE', *, *, #1543, .F. ) ;
#937 = CC_DESIGN_PERSON_AND_ORGANIZATION_ASSIGNMENT ( #4977, #1353, ( #3948 ) ) ;
#938 = DIRECTION ( 'NONE',  ( -0.000000000000000000, -0.000000000000000000, -1.000000000000000000 ) ) ;
#939 = LINE ( 'NONE', #5992, #6377 ) ;
#940 = LINE ( 'NONE', #2972, #4501 ) ;
#941 = ADVANCED_FACE ( 'NONE', ( #4353 ), #769, .F. ) ;
#942 = CARTESIAN_POINT ( 'NONE',  ( -0.000000000000000000, 0.1949999999999999789, 0.000000000000000000 ) ) ;
#943 = ORIENTED_EDGE ( 'NONE', *, *, #2686, .T. ) ;
#944 = EDGE_CURVE ( 'NONE', #933, #359, #3845, .T. ) ;
#945 = CARTESIAN_POINT ( 'NONE',  ( 0.1469113601689998327, 0.09239119956130059652, -0.05151008230132102933 ) ) ;
#946 = LINE ( 'NONE', #1466, #3034 ) ;
#947 = PERSON_AND_ORGANIZATION_ROLE ( 'creator' ) ;
#948 = CARTESIAN_POINT ( 'NONE',  ( -0.3179746835443037489, 0.07430379746835438781, 0.8599999999999998757 ) ) ;
#949 = ORIENTED_EDGE ( 'NONE', *, *, #1891, .F. ) ;
#950 = VERTEX_POINT ( 'NONE', #803 ) ;
#951 = CARTESIAN_POINT ( 'NONE',  ( -0.1084150626634131087, 0.05551877822473572088, 0.05061773153931732605 ) ) ;
#952 = PRODUCT_DEFINITION_SHAPE ( 'NONE', 'NONE',  #6660 ) ;
#953 = CARTESIAN_POINT ( 'NONE',  ( -4.163336342344337027E-17, 0.1975000000000000089, 0.04933012701892221241 ) ) ;
#954 = DATE_AND_TIME ( #5071, #2303 ) ;
#955 = PLANE ( 'NONE',  #6134 ) ;
#956 = CARTESIAN_POINT ( 'NONE',  ( 0.1799999999999999933, -0.2000000000000000111, 0.006999999999999966319 ) ) ;
#957 = EDGE_LOOP ( 'NONE', ( #2501, #3858, #6644, #3535 ) ) ;
#958 = CC_DESIGN_DATE_AND_TIME_ASSIGNMENT ( #5796, #4665, ( #6208 ) ) ;
#959 = ORIENTED_EDGE ( 'NONE', *, *, #5277, .F. ) ;
#960 = VECTOR ( 'NONE', #4722, 1.000000000000000000 ) ;
#961 = CALENDAR_DATE ( 2026, 9, 1 ) ;
#962 = CARTESIAN_POINT ( 'NONE',  ( -0.3379746835443037667, 0.08430379746835439669, 0.9000000000000000222 ) ) ;
#963 = AXIS2_PLACEMENT_3D ( 'NONE', #4691, #6109, #2746 ) ;
#964 = CYLINDRICAL_SURFACE ( 'NONE', #6277, 0.009999999999999981126 ) ;
#965 = VERTEX_POINT ( 'NONE', #2837 ) ;
#966 = CARTESIAN_POINT ( 'NONE',  ( 0.1750000000000000444, -0.2000000000000000111, 0.05000000000000000278 ) ) ;
#967 = VERTEX_POINT ( 'NONE', #4386 ) ;
#968 = ORIENTED_EDGE ( 'NONE', *, *, #3244, .F. ) ;
#969 = CARTESIAN_POINT ( 'NONE',  ( 0.1500000000000001332, -0.01662162162162163226, 0.2700000000000000178 ) ) ;
#970 = CARTESIAN_POINT ( 'NONE',  ( -0.1963532007825977421, 0.1851711369874554924, 0.04842519101978321611 ) ) ;
#971 = DIRECTION ( 'NONE',  ( 0.000000000000000000, 0.000000000000000000, 1.000000000000000000 ) ) ;
#972 = CARTESIAN_POINT ( 'NONE',  ( 0.1361095031701534952, 0.02254508982653921634, -0.02232292470526376499 ) ) ;
#973 = EDGE_LOOP ( 'NONE', ( #5375, #3667, #1000, #2150 ) ) ;
#974 = CARTESIAN_POINT ( 'NONE',  ( 0.1763260027103260852, 0.09030564762681909941, -0.04331911867479759648 ) ) ;
#975 = DIRECTION ( 'NONE',  ( -3.700743415417189125E-16, 0.000000000000000000, -1.000000000000000000 ) ) ;
#976 = APPROVAL_STATUS ( 'not_yet_approved' ) ;
#977 = DIRECTION ( 'NONE',  ( 0.7071067811865484609, -0.7071067811865465735, 0.000000000000000000 ) ) ;
#978 = CARTESIAN_POINT ( 'NONE',  ( -0.05797468354430372617, -0.1856962025316456488, 0.9000000000000000222 ) ) ;
#979 = VERTEX_POINT ( 'NONE', #6440 ) ;
#980 = ADVANCED_FACE ( 'NONE', ( #1833 ), #3876, .F. ) ;
#981 = VERTEX_POINT ( 'NONE', #116 ) ;
#982 = CARTESIAN_POINT ( 'NONE',  ( 0.1875425313245784598, 0.1915221485538614321, 0.04994802321749931828 ) ) ;
#983 = EDGE_CURVE ( 'NONE', #6429, #2184, #4736, .T. ) ;
#984 = CARTESIAN_POINT ( 'NONE',  ( -0.1874049779362530199, 0.1932134752590828342, 0.04957101401467253754 ) ) ;
#985 =( LENGTH_UNIT ( ) NAMED_UNIT ( * ) SI_UNIT ( $, .METRE. ) );
#986 = FACE_OUTER_BOUND ( 'NONE', #2475, .T. ) ;
#987 = COORDINATED_UNIVERSAL_TIME_OFFSET ( 5, 30, .AHEAD. ) ;
#988 = LINE ( 'NONE', #956, #5997 ) ;
#989 = VERTEX_POINT ( 'NONE', #585 ) ;
#990 = EDGE_CURVE ( 'NONE', #1183, #6486, #5711, .T. ) ;
#991 = ORIENTED_EDGE ( 'NONE', *, *, #3525, .T. ) ;
#992 = APPROVAL_DATE_TIME ( #2498, #3875 ) ;
#993 = AXIS2_PLACEMENT_3D ( 'NONE', #925, #6428, #1823 ) ;
#994 = CARTESIAN_POINT ( 'NONE',  ( 0.1875253075667064062, -0.1917674570872934248, 0.04991668405718180379 ) ) ;
#995 = CIRCLE ( 'NONE', #5697, 0.04813026053085153744 ) ;
#996 = EDGE_CURVE ( 'NONE', #2598, #37, #2232, .T. ) ;
#997 = LINE ( 'NONE', #4573, #2090 ) ;
#998 = ORIENTED_EDGE ( 'NONE', *, *, #3244, .T. ) ;
#999 = CARTESIAN_POINT ( 'NONE',  ( 0.1957108404677592450, 0.1871259811968326303, 0.04800953884536379723 ) ) ;
#1000 = ORIENTED_EDGE ( 'NONE', *, *, #771, .F. ) ;
#1001 = VERTEX_POINT ( 'NONE', #2760 ) ;
#1002 = AXIS2_PLACEMENT_3D ( 'NONE', #3785, #5828, #3215 ) ;
#1003 = DIRECTION ( 'NONE',  ( 0.000000000000000000, 0.000000000000000000, -1.000000000000000000 ) ) ;
#1004 = CARTESIAN_POINT ( 'NONE',  ( -0.1871049384543285454, 0.1958718940557435673, 0.04782112412222408460 ) ) ;
#1005 = CARTESIAN_POINT ( 'NONE',  ( 0.2102962962962963700, -0.1878888888888889108, 0.03000000000000000930 ) ) ;
#1006 = PLANE ( 'NONE',  #5379 ) ;
#1007 = ORIENTED_EDGE ( 'NONE', *, *, #5277, .T. ) ;
#1008 = AXIS2_PLACEMENT_3D ( 'NONE', #2671, #4349, #6336 ) ;
#1009 = PLANE ( 'NONE',  #4006 ) ;
#1010 = PERSON_AND_ORGANIZATION_ROLE ( 'creator' ) ;
#1011 = CARTESIAN_POINT ( 'NONE',  ( -0.1199999999999995792, 0.03837837837837839577, 0.2999999999999999889 ) ) ;
#1012 = AXIS2_PLACEMENT_3D ( 'NONE', #2349, #1815, #4433 ) ;
#1013 = ORIENTED_EDGE ( 'NONE', *, *, #914, .F. ) ;
#1014 = VECTOR ( 'NONE', #5755, 1.000000000000000000 ) ;
#1015 = ORIENTED_EDGE ( 'NONE', *, *, #352, .T. ) ;
#1016 = DIRECTION ( 'NONE',  ( 0.000000000000000000, 1.000000000000000000, 0.000000000000000000 ) ) ;
#1017 = CC_DESIGN_PERSON_AND_ORGANIZATION_ASSIGNMENT ( #3706, #3799, ( #3486 ) ) ;
#1018 = CARTESIAN_POINT ( 'NONE',  ( -0.3179746835443036934, -0.1856962025316456211, 0.02000000000000000042 ) ) ;
#1019 = CARTESIAN_POINT ( 'NONE',  ( 1.241024848403969205, 1.372239293873359411, 1.794163766236932744 ) ) ;
#1020 = LINE ( 'NONE', #4099, #467 ) ;
#1021 = CARTESIAN_POINT ( 'NONE',  ( -0.000000000000000000, 0.1499999999999999112, 0.000000000000000000 ) ) ;
#1022 = EDGE_CURVE ( 'NONE', #2800, #6541, #1158, .T. ) ;
#1023 = VERTEX_POINT ( 'NONE', #3767 ) ;
#1024 = VECTOR ( 'NONE', #3412, 1.000000000000000000 ) ;
#1025 = ORIENTED_EDGE ( 'NONE', *, *, #5406, .T. ) ;
#1026 = AXIS2_PLACEMENT_3D ( 'NONE', #2652, #6188, #3621 ) ;
#1027 = EDGE_CURVE ( 'NONE', #1161, #4428, #622, .T. ) ;
#1028 = ADVANCED_FACE ( 'NONE', ( #1621, #1690 ), #4243, .F. ) ;
#1029 = COORDINATED_UNIVERSAL_TIME_OFFSET ( 5, 30, .AHEAD. ) ;
#1030 = DIRECTION ( 'NONE',  ( -0.000000000000000000, -0.000000000000000000, -1.000000000000000000 ) ) ;
#1031 = ORIENTED_EDGE ( 'NONE', *, *, #1587, .F. ) ;
#1032 = CC_DESIGN_SECURITY_CLASSIFICATION ( #1246, ( #63 ) ) ;
#1033 = LINE ( 'NONE', #4148, #5497 ) ;
#1034 = EDGE_LOOP ( 'NONE', ( #6408, #2189, #4039, #2731, #2928, #1910 ) ) ;
#1035 = ORIENTED_EDGE ( 'NONE', *, *, #4782, .T. ) ;
#1036 = DIRECTION ( 'NONE',  ( -1.000000000000000000, 0.000000000000000000, 0.000000000000000000 ) ) ;
#1037 = CARTESIAN_POINT ( 'NONE',  ( 0.1599999999999999756, 0.000000000000000000, 0.05000000000000000278 ) ) ;
#1038 = CARTESIAN_POINT ( 'NONE',  ( -0.3279746835443030917, 0.07430379746835438781, 0.5799999999999999600 ) ) ;
#1039 = FACE_OUTER_BOUND ( 'NONE', #851, .T. ) ;
#1040 = DIRECTION ( 'NONE',  ( -0.000000000000000000, 0.000000000000000000, 1.000000000000000000 ) ) ;
#1041 = ORIENTED_EDGE ( 'NONE', *, *, #2191, .T. ) ;
#1042 = CARTESIAN_POINT ( 'NONE',  ( -0.002888519425649106655, 0.08836592276265277379, -0.03609774618945914282 ) ) ;
#1043 = DIRECTION ( 'NONE',  ( 0.000000000000000000, 1.000000000000000000, 0.000000000000000000 ) ) ;
#1044 = CALENDAR_DATE ( 2026, 9, 1 ) ;
#1045 = DIRECTION ( 'NONE',  ( -0.000000000000000000, -0.000000000000000000, -1.000000000000000000 ) ) ;
#1046 = DIRECTION ( 'NONE',  ( -1.000000000000000000, -9.251858538542971581E-17, 0.000000000000000000 ) ) ;
#1047 = ORIENTED_EDGE ( 'NONE', *, *, #2945, .F. ) ;
#1048 = VERTEX_POINT ( 'NONE', #5176 ) ;
#1049 = CARTESIAN_POINT ( 'NONE',  ( -0.3279746835443030917, 0.07430379746835438781, 0.8599999999999998757 ) ) ;
#1050 = CARTESIAN_POINT ( 'NONE',  ( 0.1695393920141694266, -0.2195393920141694433, 0.006999999999999966319 ) ) ;
#1051 = COORDINATED_UNIVERSAL_TIME_OFFSET ( 5, 30, .AHEAD. ) ;
#1052 = CARTESIAN_POINT ( 'NONE',  ( -0.1958718940557434562, -0.1871049384543289340, 0.04782112412222386949 ) ) ;
#1053 = CYLINDRICAL_SURFACE ( 'NONE', #3881, 0.02999999999999999889 ) ;
#1054 = CC_DESIGN_PERSON_AND_ORGANIZATION_ASSIGNMENT ( #4432, #4396, ( #6171 ) ) ;
#1055 = ORIENTED_EDGE ( 'NONE', *, *, #2540, .T. ) ;
#1056 = ADVANCED_FACE ( 'NONE', ( #2693 ), #2260, .T. ) ;
#1057 = ORIENTED_EDGE ( 'NONE', *, *, #1958, .T. ) ;
#1058 = SHAPE_DEFINITION_REPRESENTATION ( #2863, #1448 ) ;
#1059 = CARTESIAN_POINT ( 'NONE',  ( -0.07917686107048178823, 0.09693005287897470124, -0.07172235295314149939 ) ) ;
#1060 = ORIENTED_EDGE ( 'NONE', *, *, #3670, .F. ) ;
#1061 = AXIS2_PLACEMENT_3D ( 'NONE', #3652, #36, #1638 ) ;
#1062 = CARTESIAN_POINT ( 'NONE',  ( 0.000000000000000000, -0.01000000000000000021, 0.2899999999999999800 ) ) ;
#1063 = VERTEX_POINT ( 'NONE', #3666 ) ;
#1064 = ORIENTED_EDGE ( 'NONE', *, *, #3106, .T. ) ;
#1065 = EDGE_CURVE ( 'NONE', #2690, #6247, #654, .T. ) ;
#1066 = DIRECTION ( 'NONE',  ( 1.000000000000000000, -0.000000000000000000, -0.000000000000000000 ) ) ;
#1067 = VECTOR ( 'NONE', #3725, 1.000000000000000000 ) ;
#1068 = DIRECTION ( 'NONE',  ( 0.000000000000000000, 0.000000000000000000, -1.000000000000000000 ) ) ;
#1069 = DIRECTION ( 'NONE',  ( 0.7071067811865465735, -0.7071067811865484609, 0.000000000000000000 ) ) ;
#1070 = ADVANCED_FACE ( 'NONE', ( #88 ), #4770, .F. ) ;
#1071 = CYLINDRICAL_SURFACE ( 'NONE', #5599, 0.02999999999999999889 ) ;
#1072 = ORIENTED_EDGE ( 'NONE', *, *, #6573, .T. ) ;
#1073 = DIRECTION ( 'NONE',  ( -0.7071067811865512365, 0.7071067811865439090, 0.000000000000000000 ) ) ;
#1074 = CARTESIAN_POINT ( 'NONE',  ( -0.3279746835443038133, -0.1956962025316451026, 0.5999999999999999778 ) ) ;
#1075 = DATE_AND_TIME ( #532, #926 ) ;
#1076 = DIRECTION ( 'NONE',  ( 1.000000000000000000, -0.000000000000000000, 0.000000000000000000 ) ) ;
#1077 = DIRECTION ( 'NONE',  ( 9.251858538542971581E-17, -1.000000000000000000, 0.000000000000000000 ) ) ;
#1078 = ORIENTED_EDGE ( 'NONE', *, *, #917, .F. ) ;
#1079 = VERTEX_POINT ( 'NONE', #2126 ) ;
#1080 = AXIS2_PLACEMENT_3D ( 'NONE', #4937, #2390, #5573 ) ;
#1081 = DIRECTION ( 'NONE',  ( -0.9863939238321437486, -0.1643989873053574025, 0.000000000000000000 ) ) ;
#1082 = CARTESIAN_POINT ( 'NONE',  ( -0.05970370370370364776, 0.06211111111111107530, 0.000000000000000000 ) ) ;
#1083 = APPROVAL_ROLE ( '' ) ;
#1084 = DIRECTION ( 'NONE',  ( 0.000000000000000000, 0.000000000000000000, 1.000000000000000000 ) ) ;
#1085 = CC_DESIGN_DATE_AND_TIME_ASSIGNMENT ( #3592, #6152, ( #6234 ) ) ;
#1086 = ORIENTED_EDGE ( 'NONE', *, *, #6160, .T. ) ;
#1087 = VERTEX_POINT ( 'NONE', #3199 ) ;
#1088 =( NAMED_UNIT ( * ) PLANE_ANGLE_UNIT ( ) SI_UNIT ( $, .RADIAN. ) );
#1089 = APPROVAL ( #2611, 'UNSPECIFIED' ) ;
#1090 = DATE_AND_TIME ( #3528, #2528 ) ;
#1091 = VECTOR ( 'NONE', #6077, 1.000000000000000000 ) ;
#1092 = DIRECTION ( 'NONE',  ( -1.000000000000000000, -0.000000000000000000, -0.000000000000000000 ) ) ;
#1093 = CARTESIAN_POINT ( 'NONE',  ( -0.1849999999999999145, 0.1949999999999999512, 0.000000000000000000 ) ) ;
#1094 = ORIENTED_EDGE ( 'NONE', *, *, #3395, .T. ) ;
#1095 = ADVANCED_FACE ( 'NONE', ( #1754 ), #1188, .T. ) ;
#1096 = CARTESIAN_POINT ( 'NONE',  ( 0.1924956735572327937, 0.1874686880291164259, 0.04977883614235986687 ) ) ;
#1097 = ORIENTED_EDGE ( 'NONE', *, *, #3778, .T. ) ;
#1098 = CC_DESIGN_DATE_AND_TIME_ASSIGNMENT ( #5347, #3649, ( #5514 ) ) ;
#1099 = AXIS2_PLACEMENT_3D ( 'NONE', #2125, #115, #3061 ) ;
#1100 = CARTESIAN_POINT ( 'NONE',  ( 0.1636682134381487741, -0.2187223188795720252, 0.005102627103941152764 ) ) ;
#1101 = CARTESIAN_POINT ( 'NONE',  ( 0.04450376437610627928, 0.04816430379539020368, -0.02852339730848565610 ) ) ;
#1102 = CARTESIAN_POINT ( 'NONE',  ( -0.1299999999999998102, -0.006621621621621665010, 0.01000000000000000021 ) ) ;
#1103 = CARTESIAN_POINT ( 'NONE',  ( -0.1550000000000000822, 0.1650000000000000355, 0.000000000000000000 ) ) ;
#1104 = VERTEX_POINT ( 'NONE', #4802 ) ;
#1105 = VECTOR ( 'NONE', #4663, 1.000000000000000000 ) ;
#1106 = DIRECTION ( 'NONE',  ( 0.000000000000000000, -0.000000000000000000, 1.000000000000000000 ) ) ;
#1107 = CARTESIAN_POINT ( 'NONE',  ( -0.1570710678118650283, -0.1599999999999999756, 0.05000000000000000278 ) ) ;
#1108 = CALENDAR_DATE ( 2026, 9, 1 ) ;
#1109 = CARTESIAN_POINT ( 'NONE',  ( -0.1876016399434730364, 0.1905305721316075951, 0.05000000000000000278 ) ) ;
#1110 = LINE ( 'NONE', #103, #5128 ) ;
#1111 = ORIENTED_EDGE ( 'NONE', *, *, #1429, .T. ) ;
#1112 = ORIENTED_EDGE ( 'NONE', *, *, #4632, .F. ) ;
#1113 = DIRECTION ( 'NONE',  ( 0.000000000000000000, 1.000000000000000000, 0.000000000000000000 ) ) ;
#1114 = EDGE_CURVE ( 'NONE', #1063, #265, #2188, .T. ) ;
#1115 = LINE ( 'NONE', #2214, #5401 ) ;
#1116 = DATE_AND_TIME ( #2119, #3156 ) ;
#1117 = CARTESIAN_POINT ( 'NONE',  ( -0.1770706253354582538, 0.1974642005617922025, 0.04931006713692696886 ) ) ;
#1118 = AXIS2_PLACEMENT_3D ( 'NONE', #577, #6220, #4761 ) ;
#1119 = VECTOR ( 'NONE', #6024, 1.000000000000000000 ) ;
#1120 = ORIENTED_EDGE ( 'NONE', *, *, #3137, .F. ) ;
#1121 = DIRECTION ( 'NONE',  ( 1.334402673828313093E-16, -1.000000000000000000, 0.000000000000000000 ) ) ;
#1122 = VECTOR ( 'NONE', #5788, 1.000000000000000000 ) ;
#1123 = DATE_TIME_ROLE ( 'classification_date' ) ;
#1124 = CARTESIAN_POINT ( 'NONE',  ( -0.1329926382596408885, 0.07961832961159014121, -0.007882461263451993189 ) ) ;
#1125 = DIRECTION ( 'NONE',  ( 0.7071067811865465735, 0.7071067811865484609, -0.000000000000000000 ) ) ;
#1126 = VERTEX_POINT ( 'NONE', #1093 ) ;
#1127 =( GEOMETRIC_REPRESENTATION_CONTEXT ( 3 ) GLOBAL_UNCERTAINTY_ASSIGNED_CONTEXT ( ( #3237 ) ) GLOBAL_UNIT_ASSIGNED_CONTEXT ( ( #338, #2353, #304 ) ) REPRESENTATION_CONTEXT ( 'NONE', 'WORKASPACE' ) );
#1128 = DIRECTION ( 'NONE',  ( -0.000000000000000000, -0.000000000000000000, 1.000000000000000000 ) ) ;
#1129 = CC_DESIGN_APPROVAL ( #5456, ( #1525 ) ) ;
#1130 = EDGE_LOOP ( 'NONE', ( #1352, #3274, #873, #3126, #6376, #911, #3702, #4226 ) ) ;
#1131 = EDGE_CURVE ( 'NONE', #4577, #2800, #3165, .T. ) ;
#1132 = CARTESIAN_POINT ( 'NONE',  ( 0.1615567244368529554, -0.2171782731631206609, 0.003029764665044972979 ) ) ;
#1133 = VECTOR ( 'NONE', #5433, 1.000000000000000000 ) ;
#1134 = CARTESIAN_POINT ( 'NONE',  ( 0.03361551644302407382, 0.05769863265314562756, -0.02737911098119736805 ) ) ;
#1135 = CC_DESIGN_SECURITY_CLASSIFICATION ( #5200, ( #6653 ) ) ;
#1136 = DIRECTION ( 'NONE',  ( -3.330669073875469621E-15, -1.000000000000000000, 0.000000000000000000 ) ) ;
#1137 = CARTESIAN_POINT ( 'NONE',  ( 0.1799999999999999933, -0.2000000000000000111, 0.006999999999999966319 ) ) ;
#1138 = ORIENTED_EDGE ( 'NONE', *, *, #1376, .T. ) ;
#1139 = CC_DESIGN_SECURITY_CLASSIFICATION ( #4559, ( #6659 ) ) ;
#1140 = CARTESIAN_POINT ( 'NONE',  ( 0.1799999999999999933, -0.2000000000000000111, 0.006999999999999966319 ) ) ;
#1141 = CARTESIAN_POINT ( 'NONE',  ( 0.1550000000000018585, -0.1649999999999999800, 0.04792893218813452927 ) ) ;
#1142 = APPROVAL_STATUS ( 'not_yet_approved' ) ;
#1143 = CARTESIAN_POINT ( 'NONE',  ( 0.3066576861577229307, 0.03727238913639362161, 0.05892198459226735685 ) ) ;
#1144 = DIRECTION ( 'NONE',  ( -0.000000000000000000, -0.000000000000000000, -1.000000000000000000 ) ) ;
#1145 = ORIENTED_EDGE ( 'NONE', *, *, #6321, .F. ) ;
#1146 = ORIENTED_EDGE ( 'NONE', *, *, #1480, .F. ) ;
#1147 = CARTESIAN_POINT ( 'NONE',  ( 0.1200000000000001205, 0.07837837837837836885, 0.2999999999999999889 ) ) ;
#1148 = DIRECTION ( 'NONE',  ( -0.7071067811865439090, -0.7071067811865512365, -0.000000000000000000 ) ) ;
#1149 = APPROVAL_DATE_TIME ( #1116, #755 ) ;
#1150 = CARTESIAN_POINT ( 'NONE',  ( -0.1964607178726122116, -0.1846840432851196701, 0.04853452740068459059 ) ) ;
#1151 = EDGE_CURVE ( 'NONE', #3548, #1506, #685, .T. ) ;
#1152 = ORIENTED_EDGE ( 'NONE', *, *, #4945, .T. ) ;
#1153 = ORIENTED_EDGE ( 'NONE', *, *, #1432, .F. ) ;
#1154 =( NAMED_UNIT ( * ) SI_UNIT ( $, .STERADIAN. ) SOLID_ANGLE_UNIT ( ) );
#1155 =( BOUNDED_CURVE ( )  B_SPLINE_CURVE ( 3, ( #2541, #5089, #4579, #2034 ),
 .UNSPECIFIED., .F., .T. ) 
 B_SPLINE_CURVE_WITH_KNOTS ( ( 4, 4 ),
 ( 4.712388980384692339, 6.283185307179586232 ),
 .UNSPECIFIED. ) 
 CURVE ( )  GEOMETRIC_REPRESENTATION_ITEM ( )  RATIONAL_B_SPLINE_CURVE ( ( 1.000000000000000000, 0.8047378541243654926, 0.8047378541243654926, 1.000000000000000000 ) ) 
 REPRESENTATION_ITEM ( '' )  );
#1156 = APPROVAL_ROLE ( '' ) ;
#1157 = LINE ( 'NONE', #3198, #4837 ) ;
#1158 = LINE ( 'NONE', #4677, #2025 ) ;
#1159 = ORIENTED_EDGE ( 'NONE', *, *, #5819, .T. ) ;
#1160 = LINE ( 'NONE', #1693, #2824 ) ;
#1161 = VERTEX_POINT ( 'NONE', #178 ) ;
#1162 = PLANE ( 'NONE',  #1763 ) ;
#1163 = CARTESIAN_POINT ( 'NONE',  ( -0.1650000000000000355, -0.1550000000000005818, 0.04500000000000000527 ) ) ;
#1164 = CARTESIAN_POINT ( 'NONE',  ( 0.3071242767495327430, 0.02084807734872026752, 0.05965786646907156321 ) ) ;
#1165 = LINE ( 'NONE', #3311, #578 ) ;
#1166 = ORIENTED_EDGE ( 'NONE', *, *, #1507, .T. ) ;
#1167 = LINE ( 'NONE', #3180, #6587 ) ;
#1168 = EDGE_LOOP ( 'NONE', ( #3171, #760, #865, #5635, #2975, #2465, #5582, #2286, #2533, #4384, #3867, #867, #2875, #903, #2828, #6550 ) ) ;
#1169 = AXIS2_PLACEMENT_3D ( 'NONE', #1653, #6259, #5744 ) ;
#1170 = DIRECTION ( 'NONE',  ( 0.000000000000000000, 1.000000000000000000, 0.000000000000000000 ) ) ;
#1171 = APPROVAL_STATUS ( 'not_yet_approved' ) ;
#1172 = CC_DESIGN_PERSON_AND_ORGANIZATION_ASSIGNMENT ( #4410, #5474, ( #4647 ) ) ;
#1173 = CARTESIAN_POINT ( 'NONE',  ( -0.3279746835443030917, 0.06430379746835451771, 0.8599999999999998757 ) ) ;
#1174 = LINE ( 'NONE', #161, #3021 ) ;
#1175 = CARTESIAN_POINT ( 'NONE',  ( -0.002305488918085855238, 0.01756552316425838423, -0.02071284869398771003 ) ) ;
#1176 = EDGE_LOOP ( 'NONE', ( #2047, #6034, #1401, #2967 ) ) ;
#1177 = FACE_OUTER_BOUND ( 'NONE', #3029, .T. ) ;
#1178 = DIRECTION ( 'NONE',  ( -0.000000000000000000, 1.000000000000000000, -0.000000000000000000 ) ) ;
#1179 = CALENDAR_DATE ( 2026, 9, 1 ) ;
#1180 = DIRECTION ( 'NONE',  ( 1.000000000000000000, 1.850371707708594316E-16, 0.000000000000000000 ) ) ;
#1181 = EDGE_LOOP ( 'NONE', ( #4551, #1622, #655, #5001 ) ) ;
#1182 = ADVANCED_FACE ( 'NONE', ( #2225 ), #4269, .F. ) ;
#1183 = VERTEX_POINT ( 'NONE', #6466 ) ;
#1184 = CIRCLE ( 'NONE', #4604, 0.02000000000000004552 ) ;
#1185 = CALENDAR_DATE ( 2026, 9, 1 ) ;
#1186 = CARTESIAN_POINT ( 'NONE',  ( 0.2146426437525054132, -0.1604329701746438075, 0.001135518828636333886 ) ) ;
#1187 = VECTOR ( 'NONE', #4808, 1.000000000000000000 ) ;
#1188 = CYLINDRICAL_SURFACE ( 'NONE', #2981, 0.005000000000000004441 ) ;
#1189 = ORIENTED_EDGE ( 'NONE', *, *, #2218, .F. ) ;
#1190 = DIRECTION ( 'NONE',  ( 0.000000000000000000, -0.000000000000000000, -1.000000000000000000 ) ) ;
#1191 = ORIENTED_EDGE ( 'NONE', *, *, #3802, .T. ) ;
#1192 = FACE_OUTER_BOUND ( 'NONE', #5803, .T. ) ;
#1193 = PLANE ( 'NONE',  #5785 ) ;
#1194 = DIRECTION ( 'NONE',  ( -1.000000000000000000, 0.000000000000000000, 0.000000000000000000 ) ) ;
#1195 = FACE_OUTER_BOUND ( 'NONE', #2374, .T. ) ;
#1196 = ORIENTED_EDGE ( 'NONE', *, *, #3509, .F. ) ;
#1197 = EDGE_CURVE ( 'NONE', #392, #3970, #4560, .T. ) ;
#1198 = CARTESIAN_POINT ( 'NONE',  ( 0.1975000000000000089, 1.027134218134780216E-15, 0.04933012701892221241 ) ) ;
#1199 = VECTOR ( 'NONE', #5841, 1.000000000000000000 ) ;
#1200 = PLANE ( 'NONE',  #3793 ) ;
#1201 = CYLINDRICAL_SURFACE ( 'NONE', #3902, 0.01999999999999996225 ) ;
#1202 = AXIS2_PLACEMENT_3D ( 'NONE', #3019, #43, #6116 ) ;
#1203 = CARTESIAN_POINT ( 'NONE',  ( 0.2002962962962963611, 0.06211111111111107530, 0.02999999999999999889 ) ) ;
#1204 = VECTOR ( 'NONE', #5754, 1.000000000000000000 ) ;
#1205 = DIRECTION ( 'NONE',  ( 0.7071067811865465735, -0.7071067811865484609, 0.000000000000000000 ) ) ;
#1206 = ORIENTED_EDGE ( 'NONE', *, *, #1230, .T. ) ;
#1207 = AXIS2_PLACEMENT_3D ( 'NONE', #4915, #1229, #5955 ) ;
#1208 = CARTESIAN_POINT ( 'NONE',  ( -0.1399999999999998190, -0.006621621621621632051, 0.2799999999999999711 ) ) ;
#1209 = EDGE_CURVE ( 'NONE', #461, #376, #5341, .T. ) ;
#1210 = AXIS2_PLACEMENT_3D ( 'NONE', #4721, #4752, #2707 ) ;
#1211 = FACE_OUTER_BOUND ( 'NONE', #3439, .T. ) ;
#1212 = PERSON_AND_ORGANIZATION_ROLE ( 'design_owner' ) ;
#1213 = AXIS2_PLACEMENT_3D ( 'NONE', #2844, #1493, #1425 ) ;
#1214 = FACE_OUTER_BOUND ( 'NONE', #2453, .T. ) ;
#1215 = ORIENTED_EDGE ( 'NONE', *, *, #1114, .T. ) ;
#1216 = CARTESIAN_POINT ( 'NONE',  ( -0.05797468354430374005, 0.09430379746835439170, 0.5999999999999999778 ) ) ;
#1217 = COORDINATED_UNIVERSAL_TIME_OFFSET ( 5, 30, .AHEAD. ) ;
#1218 = CARTESIAN_POINT ( 'NONE',  ( 0.2167019986926950748, -0.1612024283379582812, 0.002545039976545895605 ) ) ;
#1219 = DIRECTION ( 'NONE',  ( 3.330669073875469621E-15, 1.000000000000000000, 0.000000000000000000 ) ) ;
#1220 = EDGE_LOOP ( 'NONE', ( #6447, #148, #991, #4247 ) ) ;
#1221 = EDGE_CURVE ( 'NONE', #4209, #2522, #468, .T. ) ;
#1222 = DIRECTION ( 'NONE',  ( 1.000000000000000000, 0.000000000000000000, 0.000000000000000000 ) ) ;
#1223 = ORIENTED_EDGE ( 'NONE', *, *, #4373, .T. ) ;
#1224 = VECTOR ( 'NONE', #554, 1.000000000000000000 ) ;
#1225 = CARTESIAN_POINT ( 'NONE',  ( 0.2800000000000000266, 0.000000000000000000, 0.2899999999999999800 ) ) ;
#1226 = CARTESIAN_POINT ( 'NONE',  ( 0.1089428193315455234, 0.06211111111111107530, -0.02713021315207975181 ) ) ;
#1227 = EDGE_CURVE ( 'NONE', #4495, #2295, #1312, .T. ) ;
#1228 = VECTOR ( 'NONE', #6008, 1.000000000000000000 ) ;
#1229 = DIRECTION ( 'NONE',  ( -0.000000000000000000, 0.000000000000000000, -1.000000000000000000 ) ) ;
#1230 = EDGE_CURVE ( 'NONE', #5739, #1649, #2391, .T. ) ;
#1231 = AXIS2_PLACEMENT_3D ( 'NONE', #1900, #2542, #6100 ) ;
#1232 = FACE_OUTER_BOUND ( 'NONE', #5912, .T. ) ;
#1233 = VERTEX_POINT ( 'NONE', #5566 ) ;
#1234 = VECTOR ( 'NONE', #5757, 1.000000000000000000 ) ;
#1235 = CARTESIAN_POINT ( 'NONE',  ( 0.1695393920141694266, -0.2000000000000000111, -0.003000000000000030420 ) ) ;
#1236 = PERSON ( 'NAUO-PER4', 'UNSPECIFIED', 'UNSPECIFIED', ('UNSPECIFIED'), ('UNSPECIFIED'), ('UNSPECIFIED') ) ;
#1237 = CIRCLE ( 'NONE', #5837, 0.01000000000000000888 ) ;
#1238 = CC_DESIGN_SECURITY_CLASSIFICATION ( #1657, ( #2521 ) ) ;
#1239 = CARTESIAN_POINT ( 'NONE',  ( 0.3432886507182417168, 0.06196186944076464281, 0.03697518611298353935 ) ) ;
#1240 = DIRECTION ( 'NONE',  ( -0.000000000000000000, -0.000000000000000000, -1.000000000000000000 ) ) ;
#1241 = ADVANCED_FACE ( 'NONE', ( #2519 ), #3303, .F. ) ;
#1242 = DIRECTION ( 'NONE',  ( 0.000000000000000000, 0.000000000000000000, 1.000000000000000000 ) ) ;
#1243 =( REPRESENTATION_RELATIONSHIP ('NONE','NONE', #3207, #862 ) REPRESENTATION_RELATIONSHIP_WITH_TRANSFORMATION ( #6356 )SHAPE_REPRESENTATION_RELATIONSHIP( ) );
#1244 = LINE ( 'NONE', #5761, #1598 ) ;
#1245 = VERTEX_POINT ( 'NONE', #4908 ) ;
#1246 = SECURITY_CLASSIFICATION ( '', '', #4586 ) ;
#1247 = CARTESIAN_POINT ( 'NONE',  ( -0.1146402913347236985, 0.02824331813290841334, 0.06002843765043738150 ) ) ;
#1248 = LINE ( 'NONE', #1368, #163 ) ;
#1249 = DATE_AND_TIME ( #4291, #3699 ) ;
#1250 = PLANE ( 'NONE',  #2820 ) ;
#1251 = ORGANIZATION ( 'NAUO-ORG6', 'UNSPECIFIED', 'UNSPECIFIED' ) ;
#1252 = ORIENTED_EDGE ( 'NONE', *, *, #5877, .F. ) ;
#1253 = LINE ( 'NONE', #5400, #1660 ) ;
#1254 =( NAMED_UNIT ( * ) PLANE_ANGLE_UNIT ( ) SI_UNIT ( $, .RADIAN. ) );
#1255 = APPROVAL_STATUS ( 'not_yet_approved' ) ;
#1256 = CARTESIAN_POINT ( 'NONE',  ( 0.2184582991564915366, -0.1631008811975093453, 0.004659540526163286761 ) ) ;
#1257 = CARTESIAN_POINT ( 'NONE',  ( -0.1134776105482224323, 0.01377191490000080620, 0.05819884768417052379 ) ) ;
#1258 = ORIENTED_EDGE ( 'NONE', *, *, #2970, .T. ) ;
#1259 = FACE_OUTER_BOUND ( 'NONE', #5664, .T. ) ;
#1260 = ORIENTED_EDGE ( 'NONE', *, *, #6308, .F. ) ;
#1261 = CARTESIAN_POINT ( 'NONE',  ( 0.1964607178726122949, 0.1846840432851193092, 0.04853452740068470161 ) ) ;
#1262 = CARTESIAN_POINT ( 'NONE',  ( 0.06544402637444593496, 0.04119641573662993772, -0.02959218112231766507 ) ) ;
#1263 = DIRECTION ( 'NONE',  ( 1.000000000000000000, 1.850371707708594316E-16, -0.000000000000000000 ) ) ;
#1264 = EDGE_CURVE ( 'NONE', #506, #4287, #6395, .T. ) ;
#1265 = PLANE ( 'NONE',  #470 ) ;
#1266 = ORIENTED_EDGE ( 'NONE', *, *, #2165, .F. ) ;
#1267 = VERTEX_POINT ( 'NONE', #3803 ) ;
#1268 = CARTESIAN_POINT ( 'NONE',  ( -0.1550000000000000822, 0.1650000000000000355, 0.04500000000000000527 ) ) ;
#1269 = EDGE_CURVE ( 'NONE', #4901, #1767, #2695, .T. ) ;
#1270 = CARTESIAN_POINT ( 'NONE',  ( -0.3179746835443036934, -0.1856962025316456211, 0.6100000000000000977 ) ) ;
#1271 = CARTESIAN_POINT ( 'NONE',  ( -0.1499999999999999112, 0.1499999999999999112, 0.04792893218813452927 ) ) ;
#1272 = DIRECTION ( 'NONE',  ( -1.850371707708594316E-16, 1.000000000000000000, 0.000000000000000000 ) ) ;
#1273 = CARTESIAN_POINT ( 'NONE',  ( 0.1749999999999999889, 0.1750000000000000167, 0.05000000000000000278 ) ) ;
#1274 = ORIENTED_EDGE ( 'NONE', *, *, #4289, .F. ) ;
#1275 = CARTESIAN_POINT ( 'NONE',  ( -0.04797468354430373116, -0.1956962025316456022, 0.9000000000000000222 ) ) ;
#1276 = CARTESIAN_POINT ( 'NONE',  ( -0.1875742064303528855, -0.1910286974282812689, 0.04998966905290152390 ) ) ;
#1277 = COORDINATED_UNIVERSAL_TIME_OFFSET ( 5, 30, .AHEAD. ) ;
#1278 = FACE_OUTER_BOUND ( 'NONE', #5462, .T. ) ;
#1279 = TOROIDAL_SURFACE ( 'NONE', #5880, -0.02885475030057025464, 0.04999999999999999584 ) ;
#1280 = ORIENTED_EDGE ( 'NONE', *, *, #2497, .T. ) ;
#1281 = CARTESIAN_POINT ( 'NONE',  ( 0.1500000000000001332, -0.01662162162162163226, 0.02999999999999997113 ) ) ;
#1282 = DIRECTION ( 'NONE',  ( 0.000000000000000000, 0.000000000000000000, 1.000000000000000000 ) ) ;
#1283 = DATE_TIME_ROLE ( 'classification_date' ) ;
#1284 = CARTESIAN_POINT ( 'NONE',  ( 0.2195056355628849099, -0.1680424470560404338, 0.006894384822139281062 ) ) ;
#1285 = CARTESIAN_POINT ( 'NONE',  ( 0.1871049384543285454, 0.1958718940557435395, 0.04782112412222414011 ) ) ;
#1286 = ORIENTED_EDGE ( 'NONE', *, *, #3818, .F. ) ;
#1287 = CARTESIAN_POINT ( 'NONE',  ( 0.000000000000000000, -0.01000000000000000021, 0.2899999999999999800 ) ) ;
#1288 = ORIENTED_EDGE ( 'NONE', *, *, #1641, .T. ) ;
#1289 = CC_DESIGN_PERSON_AND_ORGANIZATION_ASSIGNMENT ( #4159, #3140, ( #5514 ) ) ;
#1290 = PERSON_AND_ORGANIZATION ( #6361, #58 ) ;
#1291 = CARTESIAN_POINT ( 'NONE',  ( 0.1088457277902248471, 0.06113810509665468934, -0.02714285279075545620 ) ) ;
#1292 = DIRECTION ( 'NONE',  ( -0.000000000000000000, 0.000000000000000000, 1.000000000000000000 ) ) ;
#1293 = CARTESIAN_POINT ( 'NONE',  ( 0.1915221485538621260, -0.1875425313245773495, 0.04994802321749934604 ) ) ;
#1294 = VERTEX_POINT ( 'NONE', #759 ) ;
#1295 = VERTEX_POINT ( 'NONE', #4872 ) ;
#1296 = DIRECTION ( 'NONE',  ( 0.7071067811865484609, 0.7071067811865465735, -0.000000000000000000 ) ) ;
#1297 = CARTESIAN_POINT ( 'NONE',  ( 0.3463587921847246509, 0.000000000000000000, 0.05178924042636610242 ) ) ;
#1298 = CARTESIAN_POINT ( 'NONE',  ( 0.1520710678118654680, 0.1520710678118653847, 0.05000000000000000971 ) ) ;
#1299 = DIRECTION ( 'NONE',  ( 0.000000000000000000, -0.000000000000000000, 1.000000000000000000 ) ) ;
#1300 = CARTESIAN_POINT ( 'NONE',  ( -0.004357625235068356660, 0.01425595650520250848, -0.02019277966527594642 ) ) ;
#1301 = ORIENTED_EDGE ( 'NONE', *, *, #4371, .F. ) ;
#1302 = CARTESIAN_POINT ( 'NONE',  ( -0.2281976744186047512, -0.2792151162790699193, 0.1000000000000000056 ) ) ;
#1303 = CARTESIAN_POINT ( 'NONE',  ( 0.2007146771271765551, -0.2199904145761346630, 0.009494647103993753001 ) ) ;
#1304 = CALENDAR_DATE ( 2026, 9, 1 ) ;
#1305 = LINE ( 'NONE', #5869, #2074 ) ;
#1306 = EDGE_LOOP ( 'NONE', ( #3065, #4739, #2058, #3093, #4162 ) ) ;
#1307 = CARTESIAN_POINT ( 'NONE',  ( 0.2000000000000000389, -0.1599999999999999756, 0.000000000000000000 ) ) ;
#1308 = CARTESIAN_POINT ( 'NONE',  ( 0.2800000000000000266, 0.000000000000000000, 0.000000000000000000 ) ) ;
#1309 = COORDINATED_UNIVERSAL_TIME_OFFSET ( 5, 30, .AHEAD. ) ;
#1310 = EDGE_CURVE ( 'NONE', #47, #5768, #4066, .T. ) ;
#1311 = CARTESIAN_POINT ( 'NONE',  ( 0.2114926286379999187, -0.1600252717054112261, 8.413305523844824443E-05 ) ) ;
#1312 = LINE ( 'NONE', #344, #5767 ) ;
#1313 = LINE ( 'NONE', #1792, #4841 ) ;
#1314 = APPROVAL ( #5233, 'UNSPECIFIED' ) ;
#1315 = EDGE_LOOP ( 'NONE', ( #6081, #277 ) ) ;
#1316 = AXIS2_PLACEMENT_3D ( 'NONE', #3340, #4984, #6517 ) ;
#1317 = CALENDAR_DATE ( 2026, 9, 1 ) ;
#1318 = CARTESIAN_POINT ( 'NONE',  ( 0.09927259004664995556, 0.05033811660204010746, -0.02822824064567766925 ) ) ;
#1319 = VECTOR ( 'NONE', #5766, 1.000000000000000000 ) ;
#1320 = DIRECTION ( 'NONE',  ( 1.000000000000000000, 0.000000000000000000, 0.000000000000000000 ) ) ;
#1321 = CIRCLE ( 'NONE', #5929, 0.2000000000000000111 ) ;
#1322 = CARTESIAN_POINT ( 'NONE',  ( 0.1749999999999999889, 0.1975000000000000089, 0.04933012701892220547 ) ) ;
#1323 = ORIENTED_EDGE ( 'NONE', *, *, #1065, .T. ) ;
#1324 = DESIGN_CONTEXT ( 'detailed design', #6530, 'design' ) ;
#1325 = ORIENTED_EDGE ( 'NONE', *, *, #2241, .T. ) ;
#1326 = VECTOR ( 'NONE', #1128, 1.000000000000000000 ) ;
#1327 = FACE_OUTER_BOUND ( 'NONE', #1437, .T. ) ;
#1328 = LINE ( 'NONE', #2742, #5292 ) ;
#1329 = CARTESIAN_POINT ( 'NONE',  ( -0.3379746835443037112, -0.2056962025316456111, 0.9000000000000000222 ) ) ;
#1330 = DIRECTION ( 'NONE',  ( -2.775557561562891351E-16, 1.000000000000000000, 0.000000000000000000 ) ) ;
#1331 = CC_DESIGN_DATE_AND_TIME_ASSIGNMENT ( #5999, #1398, ( #3129 ) ) ;
#1332 = CARTESIAN_POINT ( 'NONE',  ( 0.1300000000000000877, 0.08004504504504503237, 0.2899999999999999800 ) ) ;
#1333 = EDGE_LOOP ( 'NONE', ( #3637, #5017, #1632, #48 ) ) ;
#1334 = VECTOR ( 'NONE', #1374, 1.000000000000000000 ) ;
#1335 = CC_DESIGN_APPROVAL ( #4812, ( #6171 ) ) ;
#1336 = DIRECTION ( 'NONE',  ( -1.000000000000000000, 0.000000000000000000, 0.000000000000000000 ) ) ;
#1337 = EDGE_CURVE ( 'NONE', #4505, #5815, #2054, .T. ) ;
#1338 = CARTESIAN_POINT ( 'NONE',  ( 0.2035591292929511409, -0.2196941216910617833, 0.007492009014700508167 ) ) ;
#1339 = DATE_AND_TIME ( #678, #382 ) ;
#1340 = CARTESIAN_POINT ( 'NONE',  ( 0.1400000000000001243, -0.01662162162162163573, 0.2799999999999999711 ) ) ;
#1341 = TOROIDAL_SURFACE ( 'NONE', #2199, 0.02000000000000000042, 0.005000000000000000104 ) ;
#1342 = CC_DESIGN_APPROVAL ( #1089, ( #5098 ) ) ;
#1343 = ORIENTED_EDGE ( 'NONE', *, *, #4844, .F. ) ;
#1344 = DIRECTION ( 'NONE',  ( 1.000000000000000000, -0.000000000000000000, 0.000000000000000000 ) ) ;
#1345 = SECURITY_CLASSIFICATION ( '', '', #3163 ) ;
#1346 = ADVANCED_FACE ( 'NONE', ( #237 ), #829, .F. ) ;
#1347 = DIRECTION ( 'NONE',  ( -1.000000000000000000, -1.334402673828313093E-16, 0.000000000000000000 ) ) ;
#1348 = COORDINATED_UNIVERSAL_TIME_OFFSET ( 5, 30, .AHEAD. ) ;
#1349 = CARTESIAN_POINT ( 'NONE',  ( -0.004999999999999419839, -0.004999999999999443258, 0.000000000000000000 ) ) ;
#1350 = CARTESIAN_POINT ( 'NONE',  ( 0.1849999999999999145, 0.1949999999999999789, 0.04601441612684339239 ) ) ;
#1351 = CARTESIAN_POINT ( 'NONE',  ( -0.3279746835443030917, 0.06430379746835440669, 0.2799999999999999711 ) ) ;
#1352 = ORIENTED_EDGE ( 'NONE', *, *, #3059, .F. ) ;
#1353 = PERSON_AND_ORGANIZATION_ROLE ( 'creator' ) ;
#1354 = CARTESIAN_POINT ( 'NONE',  ( 0.06065945500913733079, 0.04187186669330045241, -0.02948095251293055344 ) ) ;
#1355 = DIRECTION ( 'NONE',  ( 1.000000000000000000, -0.000000000000000000, 0.000000000000000000 ) ) ;
#1356 = LINE ( 'NONE', #2438, #3683 ) ;
#1357 = ORIENTED_EDGE ( 'NONE', *, *, #1663, .T. ) ;
#1358 = ORIENTED_EDGE ( 'NONE', *, *, #3295, .F. ) ;
#1359 = DIRECTION ( 'NONE',  ( 0.000000000000000000, -0.000000000000000000, -1.000000000000000000 ) ) ;
#1360 =( BOUNDED_CURVE ( )  B_SPLINE_CURVE ( 3, ( #4686, #4281, #3211, #631 ),
 .UNSPECIFIED., .F., .T. ) 
 B_SPLINE_CURVE_WITH_KNOTS ( ( 4, 4 ),
 ( 1.570796326794896558, 3.141592653589793116 ),
 .UNSPECIFIED. ) 
 CURVE ( )  GEOMETRIC_REPRESENTATION_ITEM ( )  RATIONAL_B_SPLINE_CURVE ( ( 1.000000000000000000, 0.8047378541243649375, 0.8047378541243649375, 1.000000000000000000 ) ) 
 REPRESENTATION_ITEM ( '' )  );
#1361 = DIRECTION ( 'NONE',  ( 0.000000000000000000, -0.000000000000000000, 1.000000000000000000 ) ) ;
#1362 = DIRECTION ( 'NONE',  ( -0.000000000000000000, 1.000000000000000000, -0.000000000000000000 ) ) ;
#1363 = CARTESIAN_POINT ( 'NONE',  ( -0.1876016399434726201, -0.1905305721316079004, 0.05000000000000000278 ) ) ;
#1364 = VERTEX_POINT ( 'NONE', #271 ) ;
#1365 = PRODUCT_DEFINITION_SHAPE ( 'NONE', 'NONE',  #6656 ) ;
#1366 = CARTESIAN_POINT ( 'NONE',  ( -0.1939062041688073001, 0.1873375115012589909, 0.04930532248867206674 ) ) ;
#1367 = CC_DESIGN_PERSON_AND_ORGANIZATION_ASSIGNMENT ( #2979, #2479, ( #596 ) ) ;
#1368 = CARTESIAN_POINT ( 'NONE',  ( 0.1999999999999999833, 0.1750000000000000444, 0.05000000000000000278 ) ) ;
#1369 = APPROVAL_DATE_TIME ( #5969, #2324 ) ;
#1370 = CARTESIAN_POINT ( 'NONE',  ( -0.3379746835443037112, -0.1856962025316456211, 0.02000000000000001776 ) ) ;
#1371 = AXIS2_PLACEMENT_3D ( 'NONE', #2802, #249, #1802 ) ;
#1372 = ORIENTED_EDGE ( 'NONE', *, *, #6573, .F. ) ;
#1373 = CARTESIAN_POINT ( 'NONE',  ( -0.1399999999999998190, -0.006621621621621632051, 0.02000000000000001776 ) ) ;
#1374 = DIRECTION ( 'NONE',  ( -0.000000000000000000, -0.000000000000000000, -1.000000000000000000 ) ) ;
#1375 = SHAPE_REPRESENTATION_RELATIONSHIP ( 'NONE' , 'NONE' ,  #2227, #2113 ) ;
#1376 = EDGE_CURVE ( 'NONE', #124, #1694, #2292, .T. ) ;
#1377 = LINE ( 'NONE', #854, #3473 ) ;
#1378 = DIRECTION ( 'NONE',  ( -1.000000000000000000, 0.000000000000000000, 0.000000000000000000 ) ) ;
#1379 = EDGE_CURVE ( 'NONE', #4642, #1810, #6175, .T. ) ;
#1380 = CARTESIAN_POINT ( 'NONE',  ( 0.3863587921847251305, 0.02693000272970801773, 0.01189817711958566018 ) ) ;
#1381 = ORIENTED_EDGE ( 'NONE', *, *, #2339, .T. ) ;
#1382 = CALENDAR_DATE ( 2026, 9, 1 ) ;
#1383 = CARTESIAN_POINT ( 'NONE',  ( -0.1949661695747907375, -0.1872181792788125132, 0.04866525483646468725 ) ) ;
#1384 = CARTESIAN_POINT ( 'NONE',  ( 0.2002962962962963611, -0.1878888888888889108, 0.009999999999999991535 ) ) ;
#1385 = DIRECTION ( 'NONE',  ( 0.7071067811865512365, -0.7071067811865439090, -0.000000000000000000 ) ) ;
#1386 = ORIENTED_EDGE ( 'NONE', *, *, #6312, .T. ) ;
#1387 = UNCERTAINTY_MEASURE_WITH_UNIT (LENGTH_MEASURE( 1.000000000000000082E-05 ), #985, 'distance_accuracy_value', 'NONE');
#1388 = ORIENTED_EDGE ( 'NONE', *, *, #6238, .T. ) ;
#1389 = EDGE_CURVE ( 'NONE', #4642, #1717, #1110, .T. ) ;
#1390 = DIRECTION ( 'NONE',  ( 0.000000000000000000, -0.000000000000000000, -1.000000000000000000 ) ) ;
#1391 = DIRECTION ( 'NONE',  ( 0.000000000000000000, 1.000000000000000000, 0.000000000000000000 ) ) ;
#1392 = DIRECTION ( 'NONE',  ( 1.000000000000000000, 0.000000000000000000, 0.000000000000000000 ) ) ;
#1393 = LINE ( 'NONE', #3444, #419 ) ;
#1394 = ORIENTED_EDGE ( 'NONE', *, *, #6439, .F. ) ;
#1395 = ADVANCED_FACE ( 'NONE', ( #2114 ), #2678, .T. ) ;
#1396 = CARTESIAN_POINT ( 'NONE',  ( -0.1951634023781844973, 0.1871944513512694419, 0.04851394126636372761 ) ) ;
#1397 = DIRECTION ( 'NONE',  ( 0.7071067811865465735, -0.7071067811865484609, 0.000000000000000000 ) ) ;
#1398 = DATE_TIME_ROLE ( 'creation_date' ) ;
#1399 = FACE_OUTER_BOUND ( 'NONE', #973, .T. ) ;
#1400 = ORIENTED_EDGE ( 'NONE', *, *, #3150, .F. ) ;
#1401 = ORIENTED_EDGE ( 'NONE', *, *, #3366, .T. ) ;
#1402 = DIRECTION ( 'NONE',  ( 7.116814260417669499E-17, -1.000000000000000000, 0.000000000000000000 ) ) ;
#1403 = ADVANCED_FACE ( 'NONE', ( #4161 ), #5600, .F. ) ;
#1404 = VECTOR ( 'NONE', #1092, 1.000000000000000000 ) ;
#1405 = DIRECTION ( 'NONE',  ( 0.000000000000000000, 1.000000000000000000, 0.000000000000000000 ) ) ;
#1406 = DIRECTION ( 'NONE',  ( 1.000000000000000000, 0.000000000000000000, 0.000000000000000000 ) ) ;
#1407 = CLOSED_SHELL ( 'NONE', ( #4620, #2100, #579, #2255, #6526, #4962 ) ) ;
#1408 = DIRECTION ( 'NONE',  ( -0.000000000000000000, 0.000000000000000000, 1.000000000000000000 ) ) ;
#1409 = FACE_OUTER_BOUND ( 'NONE', #4478, .T. ) ;
#1410 = AXIS2_PLACEMENT_3D ( 'NONE', #501, #5527, #2977 ) ;
#1411 = CARTESIAN_POINT ( 'NONE',  ( 0.1961210258958883401, -0.1861511330106599971, 0.04815984777381454585 ) ) ;
#1412 = ORIENTED_EDGE ( 'NONE', *, *, #1759, .F. ) ;
#1413 = PERSON_AND_ORGANIZATION ( #6361, #58 ) ;
#1414 = VECTOR ( 'NONE', #3942, 1.000000000000000000 ) ;
#1415 = DIRECTION ( 'NONE',  ( 0.000000000000000000, 1.000000000000000000, -0.000000000000000000 ) ) ;
#1416 = ADVANCED_FACE ( 'NONE', ( #2046 ), #3045, .F. ) ;
#1417 = CARTESIAN_POINT ( 'NONE',  ( -0.1958718940557434562, -0.1871049384543289340, 0.04782112412222386949 ) ) ;
#1418 = ORIENTED_EDGE ( 'NONE', *, *, #3789, .F. ) ;
#1419 = DIRECTION ( 'NONE',  ( 0.7071067811865465735, 0.7071067811865484609, 0.000000000000000000 ) ) ;
#1420 = ORIENTED_EDGE ( 'NONE', *, *, #2851, .T. ) ;
#1421 = ORIENTED_EDGE ( 'NONE', *, *, #3167, .F. ) ;
#1422 = DIRECTION ( 'NONE',  ( -4.625929269271477039E-16, 1.000000000000000000, 0.000000000000000000 ) ) ;
#1423 = DIRECTION ( 'NONE',  ( -9.251858538542971581E-17, 1.000000000000000000, -0.000000000000000000 ) ) ;
#1424 = VECTOR ( 'NONE', #2701, 1.000000000000000000 ) ;
#1425 = DIRECTION ( 'NONE',  ( -1.000000000000000000, 0.000000000000000000, 0.000000000000000000 ) ) ;
#1426 = VECTOR ( 'NONE', #6263, 1.000000000000000000 ) ;
#1427 = DIRECTION ( 'NONE',  ( -0.000000000000000000, 0.000000000000000000, -1.000000000000000000 ) ) ;
#1428 = ORIENTED_EDGE ( 'NONE', *, *, #1269, .F. ) ;
#1429 = EDGE_CURVE ( 'NONE', #6237, #4781, #4194, .T. ) ;
#1430 = CARTESIAN_POINT ( 'NONE',  ( 0.1064995813736679259, 0.09353114452212112073, -0.05628457707462148490 ) ) ;
#1431 = AXIS2_PLACEMENT_3D ( 'NONE', #3073, #3949, #2515 ) ;
#1432 = EDGE_CURVE ( 'NONE', #521, #4093, #1505, .T. ) ;
#1433 = CARTESIAN_POINT ( 'NONE',  ( 0.000000000000000000, -0.2000000000000000666, 0.04500000000000000527 ) ) ;
#1434 = CALENDAR_DATE ( 2026, 9, 1 ) ;
#1435 = FACE_OUTER_BOUND ( 'NONE', #3549, .T. ) ;
#1436 = CC_DESIGN_PERSON_AND_ORGANIZATION_ASSIGNMENT ( #3755, #3696, ( #6208 ) ) ;
#1437 = EDGE_LOOP ( 'NONE', ( #2625, #2049, #3808, #5935 ) ) ;
#1438 = CC_DESIGN_APPROVAL ( #2432, ( #1657 ) ) ;
#1439 = ORIENTED_EDGE ( 'NONE', *, *, #1197, .F. ) ;
#1440 = DIRECTION ( 'NONE',  ( 1.000000000000000000, 0.000000000000000000, 0.000000000000000000 ) ) ;
#1441 = CARTESIAN_POINT ( 'NONE',  ( -0.1650000000000000355, 0.1550000000000000266, 0.04500000000000000527 ) ) ;
#1442 = CIRCLE ( 'NONE', #379, 0.01000000000000000888 ) ;
#1443 = FACE_OUTER_BOUND ( 'NONE', #6330, .T. ) ;
#1444 = APPROVAL_PERSON_ORGANIZATION ( #350, #1789, #4475 ) ;
#1445 = LINE ( 'NONE', #383, #4426 ) ;
#1446 = APPLICATION_CONTEXT ( 'configuration controlled 3d designs of mechanical parts and assemblies' ) ;
#1447 = ORIENTED_EDGE ( 'NONE', *, *, #2098, .T. ) ;
#1448 = SHAPE_REPRESENTATION ( 'BODY', ( #1868 ), #5831 ) ;
#1449 = EDGE_LOOP ( 'NONE', ( #838, #3968, #4143, #4886, #2761 ) ) ;
#1450 = APPROVAL ( #976, 'UNSPECIFIED' ) ;
#1451 = PERSON_AND_ORGANIZATION ( #35, #2316 ) ;
#1452 = CARTESIAN_POINT ( 'NONE',  ( 0.1770694492525100305, 0.1974641116345296765, 0.04931000113455284023 ) ) ;
#1453 = ORGANIZATION ( 'NAUO-ORG9', 'UNSPECIFIED', 'UNSPECIFIED' ) ;
#1454 = CARTESIAN_POINT ( 'NONE',  ( -0.3279746835443030917, 0.07430379746835438781, 0.8599999999999998757 ) ) ;
#1455 = ORIENTED_EDGE ( 'NONE', *, *, #5251, .T. ) ;
#1456 = DIRECTION ( 'NONE',  ( 1.000000000000000000, 0.000000000000000000, 0.000000000000000000 ) ) ;
#1457 = ORIENTED_EDGE ( 'NONE', *, *, #447, .T. ) ;
#1458 = ORIENTED_EDGE ( 'NONE', *, *, #3893, .T. ) ;
#1459 = LINE ( 'NONE', #2441, #2400 ) ;
#1460 = CARTESIAN_POINT ( 'NONE',  ( 0.1649999999999999800, -0.1549999999999982225, 0.05000000000000000278 ) ) ;
#1461 = PLANE ( 'NONE',  #3643 ) ;
#1462 = LINE ( 'NONE', #327, #4804 ) ;
#1463 = EDGE_LOOP ( 'NONE', ( #1487, #2127, #2365, #4350, #5362 ) ) ;
#1464 = EDGE_CURVE ( 'NONE', #1684, #3548, #6246, .T. ) ;
#1465 = CARTESIAN_POINT ( 'NONE',  ( 0.1665962604278582448, 0.09111529381896968371, -0.04643406125070963925 ) ) ;
#1466 = CARTESIAN_POINT ( 'NONE',  ( 0.1949999999999999789, 0.1849999999999999423, 0.04500000000000000527 ) ) ;
#1467 = DATE_AND_TIME ( #1975, #2734 ) ;
#1468 = DIRECTION ( 'NONE',  ( 1.334402673828313093E-16, -1.000000000000000000, 0.000000000000000000 ) ) ;
#1469 = CARTESIAN_POINT ( 'NONE',  ( -0.1146402913347237262, 0.02448853177959919511, 0.06002843765043737456 ) ) ;
#1470 = ORIENTED_EDGE ( 'NONE', *, *, #796, .T. ) ;
#1471 = ORIENTED_EDGE ( 'NONE', *, *, #3515, .T. ) ;
#1472 = EDGE_CURVE ( 'NONE', #5368, #2522, #4055, .T. ) ;
#1473 = CARTESIAN_POINT ( 'NONE',  ( 0.1874269428721591635, 0.1929758753845605967, 0.04964823374354165181 ) ) ;
#1474 = CARTESIAN_POINT ( 'NONE',  ( 1.443289932012703503E-15, -0.1975000000000000366, 0.04933012701892218466 ) ) ;
#1475 = DIRECTION ( 'NONE',  ( 7.693455068295912073E-18, -1.000000000000000000, 5.408969734287513486E-17 ) ) ;
#1476 = EDGE_CURVE ( 'NONE', #3836, #821, #4963, .T. ) ;
#1477 = CARTESIAN_POINT ( 'NONE',  ( 0.1599999999999999756, -0.1570710678118636960, 0.05000000000000000278 ) ) ;
#1478 = DIRECTION ( 'NONE',  ( 4.625929269271485914E-16, -1.000000000000000000, 0.000000000000000000 ) ) ;
#1479 = ORIENTED_EDGE ( 'NONE', *, *, #1808, .F. ) ;
#1480 = EDGE_CURVE ( 'NONE', #1810, #3226, #3309, .T. ) ;
#1481 = EDGE_LOOP ( 'NONE', ( #1097, #581, #6600, #1917 ) ) ;
#1482 = AXIS2_PLACEMENT_3D ( 'NONE', #5773, #1125, #4298 ) ;
#1483 = EDGE_CURVE ( 'NONE', #5009, #4027, #5663, .T. ) ;
#1484 = PERSON_AND_ORGANIZATION_ROLE ( 'creator' ) ;
#1485 = CARTESIAN_POINT ( 'NONE',  ( -0.1536412078152752381, 0.05386000545941593831, 0.05178924042636628977 ) ) ;
#1486 = CARTESIAN_POINT ( 'NONE',  ( 0.1749999999999999889, 0.1750000000000000167, 0.000000000000000000 ) ) ;
#1487 = ORIENTED_EDGE ( 'NONE', *, *, #3919, .T. ) ;
#1488 = DIRECTION ( 'NONE',  ( 0.000000000000000000, 1.000000000000000000, 0.000000000000000000 ) ) ;
#1489 = ORIENTED_EDGE ( 'NONE', *, *, #2241, .F. ) ;
#1490 = ORIENTED_EDGE ( 'NONE', *, *, #6073, .T. ) ;
#1491 = FACE_OUTER_BOUND ( 'NONE', #2081, .T. ) ;
#1492 = FACE_OUTER_BOUND ( 'NONE', #4180, .T. ) ;
#1493 = DIRECTION ( 'NONE',  ( -0.000000000000000000, 0.000000000000000000, -1.000000000000000000 ) ) ;
#1494 = EDGE_CURVE ( 'NONE', #461, #5575, #3110, .T. ) ;
#1495 = CC_DESIGN_DATE_AND_TIME_ASSIGNMENT ( #2462, #1123, ( #1781 ) ) ;
#1496 = CARTESIAN_POINT ( 'NONE',  ( -0.1861511330106607187, -0.1961210258958882013, 0.04815984777381428217 ) ) ;
#1497 = ORIENTED_EDGE ( 'NONE', *, *, #2452, .F. ) ;
#1498 = PLANE ( 'NONE',  #1410 ) ;
#1499 = FACE_OUTER_BOUND ( 'NONE', #6025, .T. ) ;
#1500 = APPLICATION_PROTOCOL_DEFINITION ( 'international standard', 'config_control_design', 1994, #3762 ) ;
#1501 = CARTESIAN_POINT ( 'NONE',  ( 0.1599999999999999756, -0.2099999999999999922, 0.000000000000000000 ) ) ;
#1503 = EDGE_CURVE ( 'NONE', #3804, #2024, #4699, .T. ) ;
#1502 = VECTOR ( 'NONE', #5131, 1.000000000000000000 ) ;
#1504 = ADVANCED_FACE ( 'NONE', ( #568 ), #2614, .T. ) ;
#1505 = LINE ( 'NONE', #5198, #6542 ) ;
#1506 = VERTEX_POINT ( 'NONE', #5792 ) ;
#1507 = EDGE_CURVE ( 'NONE', #4811, #521, #164, .T. ) ;
#1508 = VERTEX_POINT ( 'NONE', #4854 ) ;
#1509 = PLANE ( 'NONE',  #2804 ) ;
#1510 = CARTESIAN_POINT ( 'NONE',  ( -0.05970370370370361307, -0.1978888888888889475, 0.02999999999999999889 ) ) ;
#1511 = DIRECTION ( 'NONE',  ( 0.9999999999999997780, 3.335138854849691261E-17, -3.330669073875469621E-16 ) ) ;
#1512 = CARTESIAN_POINT ( 'NONE',  ( 0.2099999999999999645, 0.000000000000000000, 0.009999999999999996739 ) ) ;
#1513 = LOCAL_TIME ( 23, 23, 15.00000000000000000, #987 ) ;
#1514 = EDGE_CURVE ( 'NONE', #2151, #5345, #4286, .T. ) ;
#1515 = CYLINDRICAL_SURFACE ( 'NONE', #136, 0.2000000000000000111 ) ;
#1516 = ORIENTED_EDGE ( 'NONE', *, *, #3760, .F. ) ;
#1517 = ORIENTED_EDGE ( 'NONE', *, *, #372, .T. ) ;
#1518 = VECTOR ( 'NONE', #3355, 1.000000000000000000 ) ;
#1519 = EDGE_CURVE ( 'NONE', #359, #2902, #750, .T. ) ;
#1520 = APPROVAL_STATUS ( 'not_yet_approved' ) ;
#1521 = ADVANCED_FACE ( 'NONE', ( #6343 ), #2243, .T. ) ;
#1522 = CARTESIAN_POINT ( 'NONE',  ( 0.1874883944369573341, -0.1922540963174552142, 0.04983210001426697372 ) ) ;
#1523 = VECTOR ( 'NONE', #3350, 1.000000000000000000 ) ;
#1524 = ORIENTED_EDGE ( 'NONE', *, *, #5967, .F. ) ;
#1525 = PRODUCT_DEFINITION ( 'UNKNOWN', '', #6614, #1324 ) ;
#1526 = CYLINDRICAL_SURFACE ( 'NONE', #3895, 0.02499999999999999445 ) ;
#1527 = VERTEX_POINT ( 'NONE', #4225 ) ;
#1528 = VERTEX_POINT ( 'NONE', #3850 ) ;
#1529 = AXIS2_PLACEMENT_3D ( 'NONE', #5978, #6051, #1378 ) ;
#1530 = CARTESIAN_POINT ( 'NONE',  ( 0.1623585782814403189, -0.2180157811669046763, 0.003988090601090629218 ) ) ;
#1531 = CARTESIAN_POINT ( 'NONE',  ( -0.1969404288062468755, 0.1821685827790909262, 0.04895830737594755733 ) ) ;
#1532 = CARTESIAN_POINT ( 'NONE',  ( -0.1499999999999998557, -0.01662162162162163226, 0.2999999999999999889 ) ) ;
#1533 = LINE ( 'NONE', #498, #3992 ) ;
#1534 = ORIENTED_EDGE ( 'NONE', *, *, #5485, .T. ) ;
#1535 = DIRECTION ( 'NONE',  ( 0.000000000000000000, 0.000000000000000000, 1.000000000000000000 ) ) ;
#1536 = CARTESIAN_POINT ( 'NONE',  ( -0.05797468354430374005, 0.09430379746835439170, 0.6099999999999999867 ) ) ;
#1537 = PERSON_AND_ORGANIZATION ( #6361, #58 ) ;
#1538 = DIRECTION ( 'NONE',  ( -0.000000000000000000, 1.000000000000000000, -0.000000000000000000 ) ) ;
#1539 = CARTESIAN_POINT ( 'NONE',  ( 0.09635879218472470642, 0.000000000000000000, 0.1928410129054078659 ) ) ;
#1540 = ORIENTED_EDGE ( 'NONE', *, *, #5283, .T. ) ;
#1541 = CIRCLE ( 'NONE', #2296, 0.009999999999999981126 ) ;
#1542 = ORIENTED_EDGE ( 'NONE', *, *, #6398, .F. ) ;
#1543 = EDGE_CURVE ( 'NONE', #2094, #5584, #254, .T. ) ;
#1544 = CARTESIAN_POINT ( 'NONE',  ( 0.1872183667915481020, 0.1949645916412104940, 0.04866641629764665439 ) ) ;
#1545 = CARTESIAN_POINT ( 'NONE',  ( 0.2195393920141694155, -0.1695393920141694266, 0.006999999999999966319 ) ) ;
#1546 = APPROVAL_ROLE ( '' ) ;
#1547 = FACE_OUTER_BOUND ( 'NONE', #6002, .T. ) ;
#1548 = AXIS2_PLACEMENT_3D ( 'NONE', #2388, #3238, #4437 ) ;
#1549 = CARTESIAN_POINT ( 'NONE',  ( 0.04331264223305882066, -0.4600000000000004086, 0.08656251969563212578 ) ) ;
#1550 = ORIENTED_EDGE ( 'NONE', *, *, #3668, .F. ) ;
#1551 = AXIS2_PLACEMENT_3D ( 'NONE', #3722, #1076, #2706 ) ;
#1552 = EDGE_CURVE ( 'NONE', #453, #292, #6413, .T. ) ;
#1553 = ADVANCED_BREP_SHAPE_REPRESENTATION ( '', ( #4364, #1868 ), #2932 ) ;
#1554 = ADVANCED_FACE ( 'NONE', ( #3786 ), #5829, .F. ) ;
#1555 = EDGE_LOOP ( 'NONE', ( #727, #98, #5087, #1960 ) ) ;
#1556 = VECTOR ( 'NONE', #2786, 1.000000000000000000 ) ;
#1557 = CC_DESIGN_APPROVAL ( #243, ( #2521 ) ) ;
#1558 = PERSON_AND_ORGANIZATION ( #6361, #58 ) ;
#1559 = EDGE_CURVE ( 'NONE', #1596, #5425, #1244, .T. ) ;
#1560 = DIRECTION ( 'NONE',  ( 1.000000000000000000, 0.000000000000000000, 0.000000000000000000 ) ) ;
#1561 = EDGE_CURVE ( 'NONE', #2445, #570, #3289, .T. ) ;
#1562 = EDGE_CURVE ( 'NONE', #2024, #3804, #4911, .T. ) ;
#1563 = ORIENTED_EDGE ( 'NONE', *, *, #1494, .T. ) ;
#1564 = CC_DESIGN_APPROVAL ( #3261, ( #1880 ) ) ;
#1565 = LINE ( 'NONE', #4575, #3790 ) ;
#1566 = ORIENTED_EDGE ( 'NONE', *, *, #2945, .T. ) ;
#1567 = EDGE_CURVE ( 'NONE', #5425, #1800, #1462, .T. ) ;
#1568 = ORIENTED_EDGE ( 'NONE', *, *, #2872, .F. ) ;
#1569 = LINE ( 'NONE', #4084, #3124 ) ;
#1570 = CARTESIAN_POINT ( 'NONE',  ( 0.1655552037372887419, -0.2192429231889754526, 0.006179292523092664961 ) ) ;
#1571 = CARTESIAN_POINT ( 'NONE',  ( 0.04131500680060168351, 0.05034189199527533409, -0.02822774704332316198 ) ) ;
#1572 = PLANE ( 'NONE',  #2917 ) ;
#1573 = CARTESIAN_POINT ( 'NONE',  ( -0.3279746835443038133, 0.09430379746835439170, 0.5999999999999999778 ) ) ;
#1574 = ORIENTED_EDGE ( 'NONE', *, *, #4129, .T. ) ;
#1575 = DIRECTION ( 'NONE',  ( 1.000000000000000000, 0.000000000000000000, 0.000000000000000000 ) ) ;
#1576 = DIRECTION ( 'NONE',  ( 0.000000000000000000, 0.000000000000000000, -1.000000000000000000 ) ) ;
#1577 = COORDINATED_UNIVERSAL_TIME_OFFSET ( 5, 30, .AHEAD. ) ;
#1578 = FACE_OUTER_BOUND ( 'NONE', #2968, .T. ) ;
#1579 = CARTESIAN_POINT ( 'NONE',  ( -0.03797468354430375698, 0.09430379746835439170, 0.9000000000000000222 ) ) ;
#1580 = ORIENTED_EDGE ( 'NONE', *, *, #6229, .T. ) ;
#1581 = ORIENTED_EDGE ( 'NONE', *, *, #486, .F. ) ;
#1582 = CARTESIAN_POINT ( 'NONE',  ( 0.1500000000000001055, 0.08337837837837837329, 0.02999999999999997113 ) ) ;
#1583 = CARTESIAN_POINT ( 'NONE',  ( 0.1500000000000001055, 0.08337837837837837329, 0.000000000000000000 ) ) ;
#1584 = APPLICATION_PROTOCOL_DEFINITION ( 'international standard', 'config_control_design', 1994, #86 ) ;
#1585 = DIRECTION ( 'NONE',  ( 0.000000000000000000, 0.000000000000000000, 1.000000000000000000 ) ) ;
#1586 =( BOUNDED_CURVE ( )  B_SPLINE_CURVE ( 3, ( #1836, #1271, #4424, #772 ),
 .UNSPECIFIED., .F., .T. ) 
 B_SPLINE_CURVE_WITH_KNOTS ( ( 4, 4 ),
 ( 0.000000000000000000, 1.570796326794896558 ),
 .UNSPECIFIED. ) 
 CURVE ( )  GEOMETRIC_REPRESENTATION_ITEM ( )  RATIONAL_B_SPLINE_CURVE ( ( 1.000000000000000000, 0.8047378541243649375, 0.8047378541243649375, 1.000000000000000000 ) ) 
 REPRESENTATION_ITEM ( '' )  );
#1587 = EDGE_CURVE ( 'NONE', #3313, #2545, #2988, .T. ) ;
#1588 = ORIENTED_EDGE ( 'NONE', *, *, #2429, .T. ) ;
#1589 = ORIENTED_EDGE ( 'NONE', *, *, #1971, .T. ) ;
#1590 = CALENDAR_DATE ( 2026, 9, 1 ) ;
#1591 = CARTESIAN_POINT ( 'NONE',  ( -0.1505738612635440787, 0.06195457464666415115, 0.03699033177936492806 ) ) ;
#1592 = ORIENTED_EDGE ( 'NONE', *, *, #1805, .T. ) ;
#1593 = AXIS2_PLACEMENT_3D ( 'NONE', #1579, #1046, #1077 ) ;
#1594 = CARTESIAN_POINT ( 'NONE',  ( 0.1929750751985456481, 0.1874270143429119240, 0.04964846978002130512 ) ) ;
#1595 = VERTEX_POINT ( 'NONE', #3943 ) ;
#1596 = VERTEX_POINT ( 'NONE', #291 ) ;
#1597 = DIRECTION ( 'NONE',  ( 0.000000000000000000, 1.000000000000000000, 0.000000000000000000 ) ) ;
#1598 = VECTOR ( 'NONE', #3821, 1.000000000000000000 ) ;
#1599 = CARTESIAN_POINT ( 'NONE',  ( 0.03901754912770012684, 0.05214326093112529870, -0.02799573301242223866 ) ) ;
#1600 = CARTESIAN_POINT ( 'NONE',  ( 0.1500000000000000500, -0.1500000000000000777, 0.04500000000000000527 ) ) ;
#1601 = APPROVAL ( #5875, 'UNKNOWN' ) ;
#1602 = FACE_OUTER_BOUND ( 'NONE', #3653, .T. ) ;
#1603 = ORIENTED_EDGE ( 'NONE', *, *, #6462, .T. ) ;
#1604 = PLANE ( 'NONE',  #5483 ) ;
#1605 = PLANE ( 'NONE',  #690 ) ;
#1606 = COORDINATED_UNIVERSAL_TIME_OFFSET ( 5, 30, .AHEAD. ) ;
#1607 = CARTESIAN_POINT ( 'NONE',  ( -0.05970370370370361307, -0.1978888888888889475, 0.01000000000000000194 ) ) ;
#1608 = CARTESIAN_POINT ( 'NONE',  ( 0.2199999999999999734, -0.1999999999999999833, 0.009999999999999995004 ) ) ;
#1609 = ORIENTED_EDGE ( 'NONE', *, *, #4472, .T. ) ;
#1610 = ORIENTED_EDGE ( 'NONE', *, *, #5319, .F. ) ;
#1611 = AXIS2_PLACEMENT_3D ( 'NONE', #6537, #342, #924 ) ;
#1612 = CARTESIAN_POINT ( 'NONE',  ( 0.1500000000000001055, 0.08337837837837835941, 0.2875735931288071479 ) ) ;
#1613 = CARTESIAN_POINT ( 'NONE',  ( 0.1950000000000000067, -0.1849999999999978884, 0.04500000000000000527 ) ) ;
#1614 = DATE_AND_TIME ( #6219, #4448 ) ;
#1615 = CARTESIAN_POINT ( 'NONE',  ( -0.1871049384543285454, 0.1958718940557435673, 0.04782112412222408460 ) ) ;
#1616 = EDGE_CURVE ( 'NONE', #5124, #499, #2344, .T. ) ;
#1617 = ORIENTED_EDGE ( 'NONE', *, *, #4753, .F. ) ;
#1618 = FACE_OUTER_BOUND ( 'NONE', #3058, .T. ) ;
#1619 = PERSON_AND_ORGANIZATION ( #434, #1251 ) ;
#1620 = CARTESIAN_POINT ( 'NONE',  ( -0.1355275024289149810, 0.07792005683305959496, -0.002989498528400737383 ) ) ;
#1621 = FACE_OUTER_BOUND ( 'NONE', #5802, .T. ) ;
#1622 = ORIENTED_EDGE ( 'NONE', *, *, #6053, .T. ) ;
#1623 = CARTESIAN_POINT ( 'NONE',  ( 0.1952995352946615415, -0.1857231421707791486, 0.04698360067359016318 ) ) ;
#1624 = VERTEX_POINT ( 'NONE', #1363 ) ;
#1625 = EDGE_CURVE ( 'NONE', #4009, #4048, #1393, .T. ) ;
#1626 = CYLINDRICAL_SURFACE ( 'NONE', #55, 0.3000000000000000444 ) ;
#1627 = CIRCLE ( 'NONE', #5592, 0.02499999999999999445 ) ;
#1628 = AXIS2_PLACEMENT_3D ( 'NONE', #2301, #317, #1320 ) ;
#1629 = CARTESIAN_POINT ( 'NONE',  ( 0.2199999999999999734, -0.1999999999999999833, 0.06699999999999996236 ) ) ;
#1630 = CARTESIAN_POINT ( 'NONE',  ( 0.1550000000000000544, -0.1550000000000000822, 0.05000000000000000278 ) ) ;
#1631 = FACE_OUTER_BOUND ( 'NONE', #1315, .T. ) ;
#1632 = ORIENTED_EDGE ( 'NONE', *, *, #374, .F. ) ;
#1633 = CARTESIAN_POINT ( 'NONE',  ( -0.000000000000000000, 0.2000000000000000111, 0.000000000000000000 ) ) ;
#1634 = PERSON ( 'NAUO-PER10', 'UNSPECIFIED', 'UNSPECIFIED', ('UNSPECIFIED'), ('UNSPECIFIED'), ('UNSPECIFIED') ) ;
#1635 = FACE_OUTER_BOUND ( 'NONE', #529, .T. ) ;
#1636 = APPROVAL_DATE_TIME ( #5660, #5346 ) ;
#1637 = CARTESIAN_POINT ( 'NONE',  ( 0.3030068740365565172, 0.05141648769973658495, 0.05335266959125759684 ) ) ;
#1638 = DIRECTION ( 'NONE',  ( 0.000000000000000000, 0.000000000000000000, -1.000000000000000000 ) ) ;
#1639 = ORIENTED_EDGE ( 'NONE', *, *, #1221, .F. ) ;
#1640 = ORIENTED_EDGE ( 'NONE', *, *, #3802, .F. ) ;
#1641 = EDGE_CURVE ( 'NONE', #6088, #5584, #6033, .T. ) ;
#1642 = CARTESIAN_POINT ( 'NONE',  ( 0.2000000000000000111, -0.1999999999999999833, 0.06699999999999996236 ) ) ;
#1643 = EDGE_CURVE ( 'NONE', #1126, #365, #5523, .T. ) ;
#1644 = DIRECTION ( 'NONE',  ( 2.775557561562888590E-15, 0.000000000000000000, -1.000000000000000000 ) ) ;
#1645 = PERSON_AND_ORGANIZATION ( #6361, #58 ) ;
#1646 = CARTESIAN_POINT ( 'NONE',  ( -0.1801632550771888608, 0.1972152379597231775, 0.04915627569335167396 ) ) ;
#1647 = VECTOR ( 'NONE', #1671, 1.000000000000000000 ) ;
#1648 = EDGE_LOOP ( 'NONE', ( #5187, #4299, #4531, #59 ) ) ;
#1649 = VERTEX_POINT ( 'NONE', #5186 ) ;
#1650 = VECTOR ( 'NONE', #1066, 1.000000000000000000 ) ;
#1651 = SECURITY_CLASSIFICATION_LEVEL ( 'unclassified' ) ;
#1652 = CARTESIAN_POINT ( 'NONE',  ( -0.1600000000000000033, 0.1570710678118654724, 0.05000000000000000278 ) ) ;
#1653 = CARTESIAN_POINT ( 'NONE',  ( 0.2099999999999999645, -0.2099999999999999645, 0.009999999999999996739 ) ) ;
#1654 = ORIENTED_EDGE ( 'NONE', *, *, #3387, .F. ) ;
#1655 = VECTOR ( 'NONE', #2619, 1.000000000000000000 ) ;
#1656 = LINE ( 'NONE', #5215, #1326 ) ;
#1657 = SECURITY_CLASSIFICATION ( '', '', #6251 ) ;
#1658 = ORIENTED_EDGE ( 'NONE', *, *, #4996, .F. ) ;
#1659 = FACE_OUTER_BOUND ( 'NONE', #229, .T. ) ;
#1660 = VECTOR ( 'NONE', #4436, 1.000000000000000000 ) ;
#1661 = LINE ( 'NONE', #5780, #5464 ) ;
#1662 = SECURITY_CLASSIFICATION ( '', '', #6090 ) ;
#1663 = EDGE_CURVE ( 'NONE', #6602, #5472, #2512, .T. ) ;
#1664 = DIRECTION ( 'NONE',  ( -0.000000000000000000, 0.000000000000000000, -1.000000000000000000 ) ) ;
#1665 = CARTESIAN_POINT ( 'NONE',  ( 0.1801632550771893326, -0.1972152379597230942, 0.04915627569335159763 ) ) ;
#1666 = ORIENTED_EDGE ( 'NONE', *, *, #6443, .T. ) ;
#1667 = ORGANIZATION ( 'NAUO-ORG8', 'UNSPECIFIED', 'UNSPECIFIED' ) ;
#1668 = PLANE ( 'NONE',  #196 ) ;
#1669 = ORIENTED_EDGE ( 'NONE', *, *, #5035, .F. ) ;
#1670 = ADVANCED_FACE ( 'NONE', ( #1631 ), #1279, .F. ) ;
#1671 = DIRECTION ( 'NONE',  ( -0.000000000000000000, 0.000000000000000000, -1.000000000000000000 ) ) ;
#1672 = COORDINATED_UNIVERSAL_TIME_OFFSET ( 5, 30, .AHEAD. ) ;
#1673 = CYLINDRICAL_SURFACE ( 'NONE', #1551, 0.004999999999999997502 ) ;
#1674 = LINE ( 'NONE', #6313, #5273 ) ;
#1675 = CARTESIAN_POINT ( 'NONE',  ( -0.3279746835443037578, -0.1956962025316451026, 0.3099999999999999423 ) ) ;
#1676 = ORIENTED_EDGE ( 'NONE', *, *, #1663, .F. ) ;
#1677 = ORIENTED_EDGE ( 'NONE', *, *, #4630, .F. ) ;
#1678 =( REPRESENTATION_RELATIONSHIP ('NONE','NONE', #3207, #5951 ) REPRESENTATION_RELATIONSHIP_WITH_TRANSFORMATION ( #757 )SHAPE_REPRESENTATION_RELATIONSHIP( ) );
#1679 = CARTESIAN_POINT ( 'NONE',  ( -0.1129084619408170093, 0.04287280415478123691, 0.05731585072964126559 ) ) ;
#1680 = DIRECTION ( 'NONE',  ( -0.9863939238321437486, -0.1643989873053574025, 0.000000000000000000 ) ) ;
#1681 = PERSON_AND_ORGANIZATION_ROLE ( 'design_owner' ) ;
#1682 = ADVANCED_FACE ( 'NONE', ( #5095 ), #1071, .T. ) ;
#1683 = DIRECTION ( 'NONE',  ( 0.000000000000000000, -1.000000000000000000, 0.000000000000000000 ) ) ;
#1684 = VERTEX_POINT ( 'NONE', #5590 ) ;
#1685 = DIRECTION ( 'NONE',  ( 0.000000000000000000, -1.000000000000000000, 0.000000000000000000 ) ) ;
#1686 = EDGE_CURVE ( 'NONE', #5096, #2663, #236, .T. ) ;
#1687 = SHAPE_REPRESENTATION_RELATIONSHIP ( 'NONE' , 'NONE' ,  #5010, #1953 ) ;
#1688 = CALENDAR_DATE ( 2026, 9, 1 ) ;
#1689 = CARTESIAN_POINT ( 'NONE',  ( 0.2099999999999999645, -0.2199999999999999734, 0.000000000000000000 ) ) ;
#1690 = FACE_BOUND ( 'NONE', #1130, .T. ) ;
#1691 = ORIENTED_EDGE ( 'NONE', *, *, #1686, .T. ) ;
#1692 = ADVANCED_FACE ( 'NONE', ( #4550 ), #1006, .T. ) ;
#1693 = CARTESIAN_POINT ( 'NONE',  ( -0.1549999999999999434, 0.000000000000000000, 0.05000000000000000278 ) ) ;
#1694 = VERTEX_POINT ( 'NONE', #65 ) ;
#1695 = UNCERTAINTY_MEASURE_WITH_UNIT (LENGTH_MEASURE( 1.000000000000000082E-05 ), #4767, 'distance_accuracy_value', 'NONE');
#1696 = CARTESIAN_POINT ( 'NONE',  ( 0.1550000000000018585, -0.1649999999999999800, 0.04500000000000000527 ) ) ;
#1697 = CARTESIAN_POINT ( 'NONE',  ( 0.03977426253811554291, 0.05152350711550870294, -0.02807419104965609702 ) ) ;
#1698 = CARTESIAN_POINT ( 'NONE',  ( 0.1520710678118655235, -0.1520710678118655512, 0.05000000000000000278 ) ) ;
#1699 = DIRECTION ( 'NONE',  ( -0.7071067811865464625, -0.7071067811865484609, 0.000000000000000000 ) ) ;
#1700 = ORIENTED_EDGE ( 'NONE', *, *, #1616, .F. ) ;
#1701 = CARTESIAN_POINT ( 'NONE',  ( -0.3279746835443030917, 0.07430379746835438781, 0.2799999999999999711 ) ) ;
#1702 = VECTOR ( 'NONE', #2662, 1.000000000000000000 ) ;
#1703 = LINE ( 'NONE', #4718, #5826 ) ;
#1704 = CARTESIAN_POINT ( 'NONE',  ( -0.3279746835443030917, 0.07430379746835438781, 0.5799999999999999600 ) ) ;
#1705 = EDGE_CURVE ( 'NONE', #5383, #265, #1533, .T. ) ;
#1706 = ADVANCED_FACE ( 'NONE', ( #95 ), #4582, .F. ) ;
#1707 = APPROVAL ( #1520, 'UNKNOWN' ) ;
#1708 = DIRECTION ( 'NONE',  ( 1.000000000000000000, -0.000000000000000000, 0.000000000000000000 ) ) ;
#1709 = APPLICATION_CONTEXT ( 'configuration controlled 3d designs of mechanical parts and assemblies' ) ;
#1710 = CARTESIAN_POINT ( 'NONE',  ( 0.008372711385554450908, 0.02447028071166119575, -0.02317379529310869060 ) ) ;
#1711 = ORIENTED_EDGE ( 'NONE', *, *, #3893, .F. ) ;
#1712 = CARTESIAN_POINT ( 'NONE',  ( -0.1135723157521996984, 0.03981583413128694099, 0.05834312907818825500 ) ) ;
#1713 = EDGE_CURVE ( 'NONE', #1898, #335, #2638, .T. ) ;
#1714 = DIRECTION ( 'NONE',  ( -1.000000000000000000, 0.000000000000000000, 0.000000000000000000 ) ) ;
#1715 = APPLICATION_PROTOCOL_DEFINITION ( 'international standard', 'config_control_design', 1994, #4880 ) ;
#1716 = CARTESIAN_POINT ( 'NONE',  ( 0.1750000000000000444, -0.1975000000000000366, 0.04933012701892218466 ) ) ;
#1717 = VERTEX_POINT ( 'NONE', #5687 ) ;
#1718 = ORIENTED_EDGE ( 'NONE', *, *, #204, .F. ) ;
#1719 = DIRECTION ( 'NONE',  ( -1.000000000000000000, -9.251858538542971581E-17, 0.000000000000000000 ) ) ;
#1720 = EDGE_CURVE ( 'NONE', #2024, #4973, #4636, .T. ) ;
#1721 = APPROVAL_DATE_TIME ( #4674, #5266 ) ;
#1722 = CYLINDRICAL_SURFACE ( 'NONE', #553, 0.02999999999999999889 ) ;
#1723 = AXIS2_PLACEMENT_3D ( 'NONE', #4214, #3174, #4741 ) ;
#1724 = DIRECTION ( 'NONE',  ( 0.1643989873053574580, -0.9863939238321437486, 0.000000000000000000 ) ) ;
#1725 = ORIENTED_EDGE ( 'NONE', *, *, #4828, .F. ) ;
#1726 = DIRECTION ( 'NONE',  ( 0.000000000000000000, -1.000000000000000000, 0.000000000000000000 ) ) ;
#1727 = VERTEX_POINT ( 'NONE', #1103 ) ;
#1728 = EDGE_CURVE ( 'NONE', #2323, #1742, #5624, .T. ) ;
#1729 = PLANE ( 'NONE',  #2832 ) ;
#1730 = CARTESIAN_POINT ( 'NONE',  ( 0.1078287369550947339, 0.05892400473827499180, -0.02727291582185841987 ) ) ;
#1731 = CC_DESIGN_DATE_AND_TIME_ASSIGNMENT ( #1339, #298, ( #1657 ) ) ;
#1732 = FACE_OUTER_BOUND ( 'NONE', #2156, .T. ) ;
#1733 = DIRECTION ( 'NONE',  ( 1.000000000000000000, 0.000000000000000000, 0.000000000000000000 ) ) ;
#1734 = ORIENTED_EDGE ( 'NONE', *, *, #5330, .F. ) ;
#1735 = DIRECTION ( 'NONE',  ( 1.000000000000000000, 1.850371707708594316E-16, -0.000000000000000000 ) ) ;
#1736 = AXIS2_PLACEMENT_3D ( 'NONE', #6425, #2723, #2327 ) ;
#1737 = CARTESIAN_POINT ( 'NONE',  ( 0.2979600784727780560, 0.09135073436479919373, -0.04735884227732550106 ) ) ;
#1738 = FACE_BOUND ( 'NONE', #6200, .T. ) ;
#1739 = DIRECTION ( 'NONE',  ( -1.000000000000000000, -0.000000000000000000, 3.700743415417189125E-16 ) ) ;
#1740 = VECTOR ( 'NONE', #5689, 1.000000000000000000 ) ;
#1741 = CARTESIAN_POINT ( 'NONE',  ( -0.3179746835443037489, 0.09430379746835439170, 0.3099999999999999423 ) ) ;
#1742 = VERTEX_POINT ( 'NONE', #26 ) ;
#1743 = CARTESIAN_POINT ( 'NONE',  ( -0.1144702846821929881, 0.03218508284079441700, 0.05975867028351226906 ) ) ;
#1744 = CC_DESIGN_PERSON_AND_ORGANIZATION_ASSIGNMENT ( #817, #2880, ( #6278 ) ) ;
#1745 = CARTESIAN_POINT ( 'NONE',  ( -0.1849999999999999700, 0.1949999999999999789, 0.04601441612684336463 ) ) ;
#1746 = APPLICATION_PROTOCOL_DEFINITION ( 'international standard', 'config_control_design', 1994, #5818 ) ;
#1747 = VECTOR ( 'NONE', #2774, 1.000000000000000000 ) ;
#1748 = CARTESIAN_POINT ( 'NONE',  ( -0.1846840432851193647, 0.1964607178726124059, 0.04853452740068471549 ) ) ;
#1749 = ORIENTED_EDGE ( 'NONE', *, *, #4619, .F. ) ;
#1750 = LINE ( 'NONE', #3795, #1199 ) ;
#1751 = APPROVAL_STATUS ( 'not_yet_approved' ) ;
#1752 = CARTESIAN_POINT ( 'NONE',  ( 0.2191033710804601298, -0.1648837107393746060, 0.005857714026912867744 ) ) ;
#1753 = AXIS2_PLACEMENT_3D ( 'NONE', #5480, #1419, #5515 ) ;
#1754 = FACE_OUTER_BOUND ( 'NONE', #768, .T. ) ;
#1755 = VERTEX_POINT ( 'NONE', #5153 ) ;
#1756 = CARTESIAN_POINT ( 'NONE',  ( 0.1958718940557439003, -0.1871049384543273519, 0.04782112412222460501 ) ) ;
#1757 = ORIENTED_EDGE ( 'NONE', *, *, #4175, .T. ) ;
#1758 = AXIS2_PLACEMENT_3D ( 'NONE', #4076, #1359, #2406 ) ;
#1759 = EDGE_CURVE ( 'NONE', #139, #38, #675, .T. ) ;
#1760 = LINE ( 'NONE', #4777, #3040 ) ;
#1761 = EDGE_CURVE ( 'NONE', #2106, #1528, #3070, .T. ) ;
#1762 = CARTESIAN_POINT ( 'NONE',  ( -0.04797468354430378668, -0.1956962025316451026, 0.6099999999999999867 ) ) ;
#1763 = AXIS2_PLACEMENT_3D ( 'NONE', #2639, #5246, #661 ) ;
#1764 = CARTESIAN_POINT ( 'NONE',  ( -0.3279746835443030917, 0.07430379746835438781, 0.8599999999999998757 ) ) ;
#1765 = APPROVAL_PERSON_ORGANIZATION ( #3192, #1314, #5733 ) ;
#1766 = CARTESIAN_POINT ( 'NONE',  ( 0.1846840432851203084, -0.1964607178726121561, 0.04853452740068446569 ) ) ;
#1767 = VERTEX_POINT ( 'NONE', #4613 ) ;
#1768 = DIRECTION ( 'NONE',  ( 1.000000000000000000, 0.000000000000000000, 0.000000000000000000 ) ) ;
#1769 = CIRCLE ( 'NONE', #3480, 0.02499999999999999445 ) ;
#1770 = CC_DESIGN_APPROVAL ( #3914, ( #596 ) ) ;
#1771 = CARTESIAN_POINT ( 'NONE',  ( 0.3369458386197310973, 0.07056778006948112580, 0.01670006154767382164 ) ) ;
#1772 = CARTESIAN_POINT ( 'NONE',  ( -0.3379746835443037667, 0.09430379746835439170, 0.9000000000000000222 ) ) ;
#1773 = PLANE ( 'NONE',  #4104 ) ;
#1774 = CARTESIAN_POINT ( 'NONE',  ( 0.03283963999092379127, 0.03161899027329632267, -0.02730130045608731779 ) ) ;
#1775 = VERTEX_POINT ( 'NONE', #6206 ) ;
#1776 = CC_DESIGN_APPROVAL ( #5367, ( #3597 ) ) ;
#1777 = LINE ( 'NONE', #330, #2381 ) ;
#1778 = LINE ( 'NONE', #6416, #5946 ) ;
#1779 = CALENDAR_DATE ( 2026, 9, 1 ) ;
#1780 = CARTESIAN_POINT ( 'NONE',  ( -0.3179746835443037489, 0.09430379746835439170, 0.2999999999999999334 ) ) ;
#1781 = SECURITY_CLASSIFICATION ( '', '', #6122 ) ;
#1782 = ORIENTED_EDGE ( 'NONE', *, *, #6590, .T. ) ;
#1783 = CARTESIAN_POINT ( 'NONE',  ( -0.1750000000000000444, 0.2000000000000000111, 0.05000000000000000278 ) ) ;
#1784 = CARTESIAN_POINT ( 'NONE',  ( -0.04797468354430373116, -0.1956962025316456022, 0.000000000000000000 ) ) ;
#1785 = ADVANCED_FACE ( 'NONE', ( #1602 ), #3779, .T. ) ;
#1786 = DATE_AND_TIME ( #5467, #3172 ) ;
#1787 = EDGE_CURVE ( 'NONE', #4973, #4709, #188, .T. ) ;
#1788 = DIRECTION ( 'NONE',  ( -1.850371707708594316E-16, 1.000000000000000000, 0.000000000000000000 ) ) ;
#1789 = APPROVAL ( #4443, 'UNSPECIFIED' ) ;
#1790 = CARTESIAN_POINT ( 'NONE',  ( 0.1400000000000000688, 0.08171171171171169589, 0.01414213562373095937 ) ) ;
#1791 = ORIENTED_EDGE ( 'NONE', *, *, #6082, .F. ) ;
#1792 = CARTESIAN_POINT ( 'NONE',  ( -0.1499999999999999389, 0.000000000000000000, 0.04500000000000000527 ) ) ;
#1793 = EDGE_LOOP ( 'NONE', ( #3342, #3923, #5688 ) ) ;
#1794 = PERSON_AND_ORGANIZATION ( #6361, #58 ) ;
#1795 = CARTESIAN_POINT ( 'NONE',  ( 0.1057716153867853809, 0.05620432123505399169, -0.02752565050891267115 ) ) ;
#1796 =( BOUNDED_CURVE ( )  B_SPLINE_CURVE ( 3, ( #5747, #3669, #1623, #1756 ),
 .UNSPECIFIED., .F., .T. ) 
 B_SPLINE_CURVE_WITH_KNOTS ( ( 4, 4 ),
 ( 3.141592653589793116, 3.741086705838459370 ),
 .UNSPECIFIED. ) 
 CURVE ( )  GEOMETRIC_REPRESENTATION_ITEM ( )  RATIONAL_B_SPLINE_CURVE ( ( 1.000000000000000000, 0.9702741449653820016, 0.9702741449653820016, 1.000000000000000000 ) ) 
 REPRESENTATION_ITEM ( '' )  );
#1797 = DIRECTION ( 'NONE',  ( -1.387778780781445676E-16, 1.000000000000000000, 0.000000000000000000 ) ) ;
#1798 = ADVANCED_FACE ( 'NONE', ( #1195 ), #1265, .T. ) ;
#1799 = DIRECTION ( 'NONE',  ( -0.9863939238321436376, -0.1643989873053574302, 0.000000000000000000 ) ) ;
#1800 = VERTEX_POINT ( 'NONE', #2203 ) ;
#1801 = ORIENTED_EDGE ( 'NONE', *, *, #2704, .F. ) ;
#1802 = DIRECTION ( 'NONE',  ( 3.469446951953610639E-15, 0.000000000000000000, -1.000000000000000000 ) ) ;
#1803 = B_SPLINE_CURVE_WITH_KNOTS ( 'NONE', 3,
 ( #4261, #5166, #574, #4696, #2176, #5395, #1842, #260, #6491, #2778, #5968, #876, #3351, #1276, #5364, #2879 ),
 .UNSPECIFIED., .F., .F.,
 ( 4, 2, 2, 2, 2, 2, 2, 4 ),
 ( 0.003072742679760827756, 0.003816413727685818557, 0.004560084775610808924, 0.006047426871460802669, 0.006791097919385803011, 0.007534768967310801618, 0.008278440015235801960, 0.009022111063160802302 ),
 .UNSPECIFIED. ) ;
#1804 = CARTESIAN_POINT ( 'NONE',  ( -0.1399999999999996803, 0.03504504504504503404, 0.02000000000000001776 ) ) ;
#1805 = EDGE_CURVE ( 'NONE', #4709, #3804, #5285, .T. ) ;
#1806 = PLANE ( 'NONE',  #3270 ) ;
#1807 = DIRECTION ( 'NONE',  ( -0.000000000000000000, 0.000000000000000000, -1.000000000000000000 ) ) ;
#1808 = EDGE_CURVE ( 'NONE', #2790, #4576, #6355, .T. ) ;
#1809 = CARTESIAN_POINT ( 'NONE',  ( -0.004280330593021713058, 0.01446349929906691305, -0.02021263306993488496 ) ) ;
#1810 = VERTEX_POINT ( 'NONE', #6368 ) ;
#1811 = VECTOR ( 'NONE', #97, 1.000000000000000000 ) ;
#1812 = LINE ( 'NONE', #1302, #1523 ) ;
#1813 = DIRECTION ( 'NONE',  ( -1.000000000000000000, -0.000000000000000000, -0.000000000000000000 ) ) ;
#1814 = COORDINATED_UNIVERSAL_TIME_OFFSET ( 5, 30, .AHEAD. ) ;
#1815 = DIRECTION ( 'NONE',  ( 1.000000000000000000, -0.000000000000000000, 0.000000000000000000 ) ) ;
#1816 = CIRCLE ( 'NONE', #3805, 0.01000000000000000888 ) ;
#1817 = VERTEX_POINT ( 'NONE', #5286 ) ;
#1818 = CARTESIAN_POINT ( 'NONE',  ( 0.2002962962962963611, -0.1878888888888889108, 0.02000000000000000042 ) ) ;
#1819 = CARTESIAN_POINT ( 'NONE',  ( -0.3279746835443030917, 0.08430379746835425792, 0.8599999999999998757 ) ) ;
#1820 = DATE_TIME_ROLE ( 'classification_date' ) ;
#1821 = CYLINDRICAL_SURFACE ( 'NONE', #4283, 0.5131719881067520195 ) ;
#1822 = CARTESIAN_POINT ( 'NONE',  ( 0.1750000000000000444, -0.2000000000000000111, 0.05000000000000000278 ) ) ;
#1823 = DIRECTION ( 'NONE',  ( 0.000000000000000000, -0.000000000000000000, 1.000000000000000000 ) ) ;
#1824 = ORIENTED_EDGE ( 'NONE', *, *, #5236, .F. ) ;
#1825 = PRODUCT_DEFINITION ( 'UNKNOWN', '', #596, #5418 ) ;
#1826 = COORDINATED_UNIVERSAL_TIME_OFFSET ( 5, 30, .AHEAD. ) ;
#1827 = AXIS2_PLACEMENT_3D ( 'NONE', #556, #5183, #4712 ) ;
#1828 = PLANE ( 'NONE',  #5576 ) ;
#1829 = LINE ( 'NONE', #3812, #4733 ) ;
#1830 = DIRECTION ( 'NONE',  ( 0.000000000000000000, 0.000000000000000000, 1.000000000000000000 ) ) ;
#1831 = ORIENTED_EDGE ( 'NONE', *, *, #2973, .T. ) ;
#1832 = ORIENTED_EDGE ( 'NONE', *, *, #44, .T. ) ;
#1833 = FACE_OUTER_BOUND ( 'NONE', #3531, .T. ) ;
#1835 = DIRECTION ( 'NONE',  ( -1.000000000000000000, 0.000000000000000000, 0.000000000000000000 ) ) ;
#1834 = LOCAL_TIME ( 23, 23, 15.00000000000000000, #3997 ) ;
#1836 = CARTESIAN_POINT ( 'NONE',  ( -0.1499999999999999389, 0.1499999999999999112, 0.04500000000000000527 ) ) ;
#1837 = LINE ( 'NONE', #5993, #1414 ) ;
#1838 = CARTESIAN_POINT ( 'NONE',  ( 0.1452781807950744852, 0.01298428143471779504, -0.02010832634332649846 ) ) ;
#1839 = EDGE_LOOP ( 'NONE', ( #1566, #1574, #2718 ) ) ;
#1840 = EDGE_CURVE ( 'NONE', #5419, #935, #5783, .T. ) ;
#1841 = CARTESIAN_POINT ( 'NONE',  ( 0.2590359090932742858, 0.07546521733824559930, 0.003842653404363629514 ) ) ;
#1842 = CARTESIAN_POINT ( 'NONE',  ( -0.1873375110213019445, -0.1939062087071974916, 0.04930532029727783400 ) ) ;
#1843 = PERSON_AND_ORGANIZATION ( #6361, #58 ) ;
#1844 = DIRECTION ( 'NONE',  ( 8.410780489584517938E-17, 1.000000000000000000, 0.000000000000000000 ) ) ;
#1845 = VECTOR ( 'NONE', #1121, 1.000000000000000000 ) ;
#1846 = VECTOR ( 'NONE', #355, 1.000000000000000000 ) ;
#1847 = ADVANCED_FACE ( 'NONE', ( #1232 ), #766, .F. ) ;
#1848 = ORIENTED_EDGE ( 'NONE', *, *, #1507, .F. ) ;
#1849 = DIRECTION ( 'NONE',  ( 1.000000000000000000, 0.000000000000000000, 0.000000000000000000 ) ) ;
#1850 = PRODUCT_DEFINITION_SHAPE ( 'NONE', 'NONE',  #6653 ) ;
#1851 = LINE ( 'NONE', #3955, #5407 ) ;
#1852 = CONTEXT_DEPENDENT_SHAPE_REPRESENTATION ( #649, #3993 ) ;
#1853 = DIRECTION ( 'NONE',  ( -0.7071067811865459074, -0.7071067811865492381, 0.000000000000000000 ) ) ;
#1854 = CARTESIAN_POINT ( 'NONE',  ( -0.1952995352946614582, 0.1857231421707808694, 0.04698360067358976766 ) ) ;
#1855 = PLANE ( 'NONE',  #993 ) ;
#1856 = ORIENTED_EDGE ( 'NONE', *, *, #6157, .F. ) ;
#1857 = AXIS2_PLACEMENT_3D ( 'NONE', #3745, #2163, #2767 ) ;
#1858 = COORDINATED_UNIVERSAL_TIME_OFFSET ( 5, 30, .AHEAD. ) ;
#1859 = CYLINDRICAL_SURFACE ( 'NONE', #5254, 0.005000000000000000104 ) ;
#1860 = CARTESIAN_POINT ( 'NONE',  ( 0.2800000000000000266, -0.01000000000000000021, 0.2899999999999999800 ) ) ;
#1861 = CIRCLE ( 'NONE', #4222, 0.009999999999999981126 ) ;
#1862 = DIRECTION ( 'NONE',  ( -1.000000000000000000, -1.067522139062650671E-16, -0.000000000000000000 ) ) ;
#1863 = VERTEX_POINT ( 'NONE', #2268 ) ;
#1864 = ORIENTED_EDGE ( 'NONE', *, *, #49, .F. ) ;
#1865 = VECTOR ( 'NONE', #3806, 1.000000000000000000 ) ;
#1866 = CARTESIAN_POINT ( 'NONE',  ( -0.3279746835443030917, 0.07430379746835438781, 0.2799999999999999711 ) ) ;
#1867 = CARTESIAN_POINT ( 'NONE',  ( 0.2530760905005785544, 0.09937210178006929129, -0.08464284302490507339 ) ) ;
#1868 = AXIS2_PLACEMENT_3D ( 'NONE', #648, #2691, #3227 ) ;
#1869 = LINE ( 'NONE', #3879, #1024 ) ;
#1870 = CARTESIAN_POINT ( 'NONE',  ( 0.2199999999999999734, -0.1599999999999999756, 0.009999999999999996739 ) ) ;
#1871 = CARTESIAN_POINT ( 'NONE',  ( 0.1346038970380328548, 0.02333153174718247472, -0.02265740278056241688 ) ) ;
#1872 = VERTEX_POINT ( 'NONE', #4846 ) ;
#1873 = CIRCLE ( 'NONE', #4658, 0.01000000000000000888 ) ;
#1874 = ADVANCED_FACE ( 'NONE', ( #697 ), #4217, .T. ) ;
#1875 = AXIS2_PLACEMENT_3D ( 'NONE', #787, #6007, #3456 ) ;
#1876 = CARTESIAN_POINT ( 'NONE',  ( 0.2412645803262090660, 0.08035543880312913390, -0.01005898692841870543 ) ) ;
#1877 = CARTESIAN_POINT ( 'NONE',  ( 0.1871049384543285454, 0.1958718940557435395, 0.04782112412222414011 ) ) ;
#1878 = DATE_AND_TIME ( #714, #5303 ) ;
#1879 = CARTESIAN_POINT ( 'NONE',  ( -0.004999999999999811887, 0.004999999999999798876, 0.000000000000000000 ) ) ;
#1880 = PRODUCT_DEFINITION_FORMATION_WITH_SPECIFIED_SOURCE ( 'ANY', '', #3776, .NOT_KNOWN. ) ;
#1881 = ORIENTED_EDGE ( 'NONE', *, *, #2909, .T. ) ;
#1882 = CARTESIAN_POINT ( 'NONE',  ( 0.2000000000000000389, -0.1695393920141694266, -0.003000000000000030420 ) ) ;
#1883 = ORGANIZATION ( 'NAUO-ORG7', 'UNSPECIFIED', 'UNSPECIFIED' ) ;
#1884 = DIRECTION ( 'NONE',  ( 0.000000000000000000, -0.000000000000000000, -1.000000000000000000 ) ) ;
#1885 = B_SPLINE_CURVE_WITH_KNOTS ( 'NONE', 3,
 ( #5867, #1338, #6452, #297, #5897, #1303, #816, #2347 ),
 .UNSPECIFIED., .F., .F.,
 ( 4, 2, 2, 4 ),
 ( 0.000000000000000000, 0.002618466277598075886, 0.003927699416397112744, 0.005236932555196149169 ),
 .UNSPECIFIED. ) ;
#1886 = CARTESIAN_POINT ( 'NONE',  ( 0.000000000000000000, 0.000000000000000000, 0.2899999999999999800 ) ) ;
#1887 = DATE_TIME_ROLE ( 'classification_date' ) ;
#1888 = DIRECTION ( 'NONE',  ( 9.251858538542971581E-17, -1.000000000000000000, 0.000000000000000000 ) ) ;
#1889 = LINE ( 'NONE', #3361, #1944 ) ;
#1890 = ORIENTED_EDGE ( 'NONE', *, *, #2948, .F. ) ;
#1891 = EDGE_CURVE ( 'NONE', #2545, #5049, #4810, .T. ) ;
#1892 = SECURITY_CLASSIFICATION_LEVEL ( 'unclassified' ) ;
#1893 = CARTESIAN_POINT ( 'NONE',  ( -0.1932134752590826954, -0.1874049779362533807, 0.04957101401467248897 ) ) ;
#1894 = EDGE_CURVE ( 'NONE', #5267, #4692, #3841, .T. ) ;
#1895 = DIRECTION ( 'NONE',  ( 0.000000000000000000, 0.000000000000000000, 1.000000000000000000 ) ) ;
#1896 = CARTESIAN_POINT ( 'NONE',  ( 0.1949645916412109103, -0.1872183667915469918, 0.04866641629764695970 ) ) ;
#1897 = ORIENTED_EDGE ( 'NONE', *, *, #1483, .F. ) ;
#1898 = VERTEX_POINT ( 'NONE', #5857 ) ;
#1899 = CARTESIAN_POINT ( 'NONE',  ( 0.1089428193315455234, 0.06211111111111107530, -0.02713021315207975181 ) ) ;
#1900 = CARTESIAN_POINT ( 'NONE',  ( 0.001464466094067315557, 0.001464466094067330736, 0.04500000000000000527 ) ) ;
#1901 = EDGE_CURVE ( 'NONE', #4042, #5567, #1165, .T. ) ;
#1902 = CARTESIAN_POINT ( 'NONE',  ( 0.1390133921678829987, 0.02079867907471103297, -0.02165465121299454607 ) ) ;
#1903 = VERTEX_POINT ( 'NONE', #6306 ) ;
#1904 = DIRECTION ( 'NONE',  ( -1.000000000000000000, 0.000000000000000000, 0.000000000000000000 ) ) ;
#1905 = DIRECTION ( 'NONE',  ( 0.000000000000000000, 1.000000000000000000, 0.000000000000000000 ) ) ;
#1906 = PERSON_AND_ORGANIZATION ( #6361, #58 ) ;
#1907 = CARTESIAN_POINT ( 'NONE',  ( -0.1536412078152752658, 0.02693000272970801773, 0.01189817711958585968 ) ) ;
#1908 = VECTOR ( 'NONE', #5727, 1.000000000000000000 ) ;
#1909 = ORIENTED_EDGE ( 'NONE', *, *, #5236, .T. ) ;
#1910 = ORIENTED_EDGE ( 'NONE', *, *, #658, .T. ) ;
#1911 = EDGE_CURVE ( 'NONE', #1684, #965, #3209, .T. ) ;
#1912 = CARTESIAN_POINT ( 'NONE',  ( 0.000000000000000000, 0.2000000000000000111, 0.04500000000000000527 ) ) ;
#1913 = CARTESIAN_POINT ( 'NONE',  ( 0.2002962962962963611, -0.1878888888888889108, 0.02000000000000000042 ) ) ;
#1914 = PERSON_AND_ORGANIZATION ( #5787, #1667 ) ;
#1915 = LINE ( 'NONE', #3458, #6331 ) ;
#1916 = CARTESIAN_POINT ( 'NONE',  ( 0.1972176798924992758, -0.1801415932645385187, 0.04915786820275997587 ) ) ;
#1917 = ORIENTED_EDGE ( 'NONE', *, *, #2960, .T. ) ;
#1918 = APPROVAL_STATUS ( 'not_yet_approved' ) ;
#1919 =( BOUNDED_CURVE ( )  B_SPLINE_CURVE ( 3, ( #4903, #785, #408, #5432 ),
 .UNSPECIFIED., .F., .T. ) 
 B_SPLINE_CURVE_WITH_KNOTS ( ( 4, 4 ),
 ( 3.141592653589793116, 3.741086705838280846 ),
 .UNSPECIFIED. ) 
 CURVE ( )  GEOMETRIC_REPRESENTATION_ITEM ( )  RATIONAL_B_SPLINE_CURVE ( ( 1.000000000000000000, 0.9702741449653995431, 0.9702741449653995431, 1.000000000000000000 ) ) 
 REPRESENTATION_ITEM ( '' )  );
#1920 = FACE_OUTER_BOUND ( 'NONE', #5015, .T. ) ;
#1921 = CARTESIAN_POINT ( 'NONE',  ( -0.1199999999999995792, 0.03837837837837839577, 0.000000000000000000 ) ) ;
#1922 = EDGE_LOOP ( 'NONE', ( #2680, #14, #5973, #1952 ) ) ;
#1923 = FACE_OUTER_BOUND ( 'NONE', #3, .T. ) ;
#1924 = EDGE_LOOP ( 'NONE', ( #551, #507, #1479, #4847, #4660, #112, #5391, #3046 ) ) ;
#1925 = VECTOR ( 'NONE', #5943, 1.000000000000000000 ) ;
#1926 =( REPRESENTATION_RELATIONSHIP ('NONE','NONE', #3207, #5905 ) REPRESENTATION_RELATIONSHIP_WITH_TRANSFORMATION ( #5709 )SHAPE_REPRESENTATION_RELATIONSHIP( ) );
#1927 = AXIS2_PLACEMENT_3D ( 'NONE', #1968, #2510, #6133 ) ;
#1928 = DESIGN_CONTEXT ( 'detailed design', #5945, 'design' ) ;
#1929 = ORIENTED_EDGE ( 'NONE', *, *, #4553, .T. ) ;
#1930 = CC_DESIGN_DATE_AND_TIME_ASSIGNMENT ( #2585, #6290, ( #702 ) ) ;
#1931 = DIRECTION ( 'NONE',  ( -0.000000000000000000, 1.000000000000000000, -0.000000000000000000 ) ) ;
#1932 = FACE_OUTER_BOUND ( 'NONE', #3210, .T. ) ;
#1933 = FACE_OUTER_BOUND ( 'NONE', #1220, .T. ) ;
#1934 = VECTOR ( 'NONE', #1538, 1.000000000000000000 ) ;
#1935 = CARTESIAN_POINT ( 'NONE',  ( 0.1429368132182949058, 0.01752220170732287849, -0.02070316935155669738 ) ) ;
#1936 = VERTEX_POINT ( 'NONE', #4780 ) ;
#1937 = CARTESIAN_POINT ( 'NONE',  ( 0.2309755873264793258, 0.08275190060614810716, -0.01725176540632487529 ) ) ;
#1938 = FACE_OUTER_BOUND ( 'NONE', #3469, .T. ) ;
#1939 = PERSON_AND_ORGANIZATION ( #6361, #58 ) ;
#1940 = LINE ( 'NONE', #6635, #326 ) ;
#1941 = ORIENTED_EDGE ( 'NONE', *, *, #2056, .F. ) ;
#1942 = ORIENTED_EDGE ( 'NONE', *, *, #2494, .F. ) ;
#1943 = CC_DESIGN_DATE_AND_TIME_ASSIGNMENT ( #6107, #6075, ( #1246 ) ) ;
#1944 = VECTOR ( 'NONE', #3866, 1.000000000000000000 ) ;
#1945 = DIRECTION ( 'NONE',  ( 1.000000000000000000, 0.000000000000000000, -3.965082230804130220E-16 ) ) ;
#1946 = VECTOR ( 'NONE', #5241, 1.000000000000000000 ) ;
#1947 = CARTESIAN_POINT ( 'NONE',  ( -0.1875738515464769329, 0.1910284932914163847, 0.04998703101547782163 ) ) ;
#1948 = DIRECTION ( 'NONE',  ( 0.000000000000000000, 0.000000000000000000, -1.000000000000000000 ) ) ;
#1949 = EDGE_CURVE ( 'NONE', #1294, #4685, #665, .T. ) ;
#1950 = CYLINDRICAL_SURFACE ( 'NONE', #1529, 0.02000000000000004552 ) ;
#1951 = AXIS2_PLACEMENT_3D ( 'NONE', #2777, #746, #2811 ) ;
#1952 = ORIENTED_EDGE ( 'NONE', *, *, #656, .T. ) ;
#1953 = ADVANCED_BREP_SHAPE_REPRESENTATION ( '', ( #4423, #1868 ), #6162 ) ;
#1954 = ORIENTED_EDGE ( 'NONE', *, *, #162, .F. ) ;
#1955 = CALENDAR_DATE ( 2026, 9, 1 ) ;
#1956 = CARTESIAN_POINT ( 'NONE',  ( 0.1871049384543297944, -0.1958718940557432620, 0.04782112412222356418 ) ) ;
#1957 = PRODUCT_DEFINITION_SHAPE ( 'NONE', 'NONE',  #6663 ) ;
#1958 = EDGE_CURVE ( 'NONE', #4641, #1527, #5180, .T. ) ;
#1959 = DIRECTION ( 'NONE',  ( 1.000000000000000000, 1.850371707708594316E-16, 0.000000000000000000 ) ) ;
#1960 = ORIENTED_EDGE ( 'NONE', *, *, #4271, .F. ) ;
#1961 = CARTESIAN_POINT ( 'NONE',  ( -0.3279746835443030917, 0.08430379746835425792, 0.8599999999999998757 ) ) ;
#1962 = ORIENTED_EDGE ( 'NONE', *, *, #4289, .T. ) ;
#1963 = EDGE_LOOP ( 'NONE', ( #4496, #4270, #3780, #1610 ) ) ;
#1964 = AXIS2_PLACEMENT_3D ( 'NONE', #5317, #5352, #1699 ) ;
#1965 = ADVANCED_FACE ( 'NONE', ( #5016 ), #3969, .T. ) ;
#1966 = CYLINDRICAL_SURFACE ( 'NONE', #4970, 0.01000000000000000888 ) ;
#1967 = DIRECTION ( 'NONE',  ( -0.000000000000000000, -0.000000000000000000, -1.000000000000000000 ) ) ;
#1968 = CARTESIAN_POINT ( 'NONE',  ( -0.2281976744186047790, 0.02078488372093021536, 0.1000000000000000056 ) ) ;
#1969 = CARTESIAN_POINT ( 'NONE',  ( 0.1194229130206774930, 0.02891893743532274533, -0.02558485888257662141 ) ) ;
#1970 = ORIENTED_EDGE ( 'NONE', *, *, #5475, .T. ) ;
#1971 = EDGE_CURVE ( 'NONE', #979, #5769, #1356, .T. ) ;
#1972 = CARTESIAN_POINT ( 'NONE',  ( 0.1954714480946314892, 0.08838279746465264874, -0.03615812650585924215 ) ) ;
#1973 = CIRCLE ( 'NONE', #4645, 0.009999999999999981126 ) ;
#1974 = CARTESIAN_POINT ( 'NONE',  ( -0.1857231421707808694, 0.1952995352946613750, 0.04698360067358975378 ) ) ;
#1975 = CALENDAR_DATE ( 2026, 9, 1 ) ;
#1976 = DIRECTION ( 'NONE',  ( 0.000000000000000000, -0.000000000000000000, -1.000000000000000000 ) ) ;
#1977 = VECTOR ( 'NONE', #83, 1.000000000000000000 ) ;
#1978 = EDGE_CURVE ( 'NONE', #3596, #2204, #5461, .T. ) ;
#1979 = ORIENTED_EDGE ( 'NONE', *, *, #4828, .T. ) ;
#1980 = APPROVAL_PERSON_ORGANIZATION ( #2248, #5596, #5396 ) ;
#1981 = ORIENTED_EDGE ( 'NONE', *, *, #5055, .F. ) ;
#1982 = CARTESIAN_POINT ( 'NONE',  ( 0.1500000000000001055, 0.08337837837837835941, 0.01242640687119282196 ) ) ;
#1983 = LINE ( 'NONE', #4564, #2309 ) ;
#1984 = CARTESIAN_POINT ( 'NONE',  ( 1.162827173985364615, 1.243024177594289625, 0.9141637662369329620 ) ) ;
#1985 = VECTOR ( 'NONE', #2118, 1.000000000000000000 ) ;
#1986 = CARTESIAN_POINT ( 'NONE',  ( -0.1399999999999996803, 0.03504504504504503404, 0.2999999999999999889 ) ) ;
#1987 = LOCAL_TIME ( 23, 23, 15.00000000000000000, #1577 ) ;
#1988 = DIRECTION ( 'NONE',  ( 0.000000000000000000, 0.000000000000000000, -1.000000000000000000 ) ) ;
#1989 = ORIENTED_EDGE ( 'NONE', *, *, #5819, .F. ) ;
#1990 = CC_DESIGN_APPROVAL ( #412, ( #931 ) ) ;
#1991 = EDGE_LOOP ( 'NONE', ( #5221, #1223, #949, #1072 ) ) ;
#1992 = EDGE_CURVE ( 'NONE', #54, #247, #6548, .T. ) ;
#1993 = DATE_TIME_ROLE ( 'classification_date' ) ;
#1994 = EDGE_CURVE ( 'NONE', #3071, #209, #6436, .T. ) ;
#1995 = PRODUCT_RELATED_PRODUCT_CATEGORY ( 'detail', '', ( #3884 ) ) ;
#1996 = CARTESIAN_POINT ( 'NONE',  ( -0.1924956735572326549, -0.1874686880291168978, 0.04977883614235983217 ) ) ;
#1997 = CARTESIAN_POINT ( 'NONE',  ( -0.3279746835443037578, 0.09430379746835439170, 0.2999999999999999334 ) ) ;
#1998 = ORIENTED_EDGE ( 'NONE', *, *, #692, .F. ) ;
#1999 = CARTESIAN_POINT ( 'NONE',  ( -0.1871049384543281291, -0.1958718940557437060, 0.04782112412222422337 ) ) ;
#2000 = EDGE_LOOP ( 'NONE', ( #3148, #3497, #5585, #5398 ) ) ;
#2001 = ORIENTED_EDGE ( 'NONE', *, *, #917, .T. ) ;
#2002 = CARTESIAN_POINT ( 'NONE',  ( -0.1849999999999993316, -0.1950000000000000622, 0.04500000000000000527 ) ) ;
#2003 = EDGE_CURVE ( 'NONE', #2991, #5383, #4479, .T. ) ;
#2004 = ADVANCED_FACE ( 'NONE', ( #5886 ), #837, .T. ) ;
#2005 = DIRECTION ( 'NONE',  ( -0.000000000000000000, -0.000000000000000000, -1.000000000000000000 ) ) ;
#2006 = DIRECTION ( 'NONE',  ( 0.000000000000000000, 1.000000000000000000, 0.000000000000000000 ) ) ;
#2007 = DIRECTION ( 'NONE',  ( 0.000000000000000000, -0.000000000000000000, 1.000000000000000000 ) ) ;
#2008 = ORIENTED_EDGE ( 'NONE', *, *, #4619, .T. ) ;
#2009 = CARTESIAN_POINT ( 'NONE',  ( -0.01205975739275691634, 0.08718692594023735865, -0.03189491186242186804 ) ) ;
#2010 = DIRECTION ( 'NONE',  ( -0.000000000000000000, -0.000000000000000000, -1.000000000000000000 ) ) ;
#2011 = PERSON_AND_ORGANIZATION ( #6361, #58 ) ;
#2012 = EDGE_CURVE ( 'NONE', #989, #950, #1321, .T. ) ;
#2013 = CARTESIAN_POINT ( 'NONE',  ( -0.1950000000000000622, -0.1850000000000007194, 0.000000000000000000 ) ) ;
#2014 = CARTESIAN_POINT ( 'NONE',  ( -0.1122316707714856726, 0.008141186848115969724, 0.05627127114938308000 ) ) ;
#2015 = ORIENTED_EDGE ( 'NONE', *, *, #2897, .F. ) ;
#2016 = ADVANCED_FACE ( 'NONE', ( #2401 ), #4449, .T. ) ;
#2017 = ORIENTED_EDGE ( 'NONE', *, *, #5556, .F. ) ;
#2018 = EDGE_CURVE ( 'NONE', #6637, #5671, #2865, .T. ) ;
#2019 = CARTESIAN_POINT ( 'NONE',  ( -0.1950000000000000067, -2.706168622523819314E-17, 0.04500000000000000527 ) ) ;
#2020 = CARTESIAN_POINT ( 'NONE',  ( 1.233123470281662026, 1.488859553975073080, 1.604884162316560170 ) ) ;
#2021 = FACE_OUTER_BOUND ( 'NONE', #4150, .T. ) ;
#2022 = DIRECTION ( 'NONE',  ( -1.000000000000000000, -1.067522139062650671E-16, -0.000000000000000000 ) ) ;
#2023 = ORIENTED_EDGE ( 'NONE', *, *, #1971, .F. ) ;
#2024 = VERTEX_POINT ( 'NONE', #3437 ) ;
#2025 = VECTOR ( 'NONE', #3230, 1.000000000000000000 ) ;
#2026 = APPROVAL_ROLE ( '' ) ;
#2027 = CARTESIAN_POINT ( 'NONE',  ( -0.1929750751985455370, -0.1874270143429123681, 0.04964846978002126349 ) ) ;
#2028 = DIRECTION ( 'NONE',  ( -0.000000000000000000, -0.000000000000000000, -1.000000000000000000 ) ) ;
#2029 = VERTEX_POINT ( 'NONE', #4510 ) ;
#2030 = LINE ( 'NONE', #4071, #484 ) ;
#2031 = ORIENTED_EDGE ( 'NONE', *, *, #3302, .T. ) ;
#2032 = ORIENTED_EDGE ( 'NONE', *, *, #3638, .F. ) ;
#2033 = CC_DESIGN_PERSON_AND_ORGANIZATION_ASSIGNMENT ( #1843, #3826, ( #552 ) ) ;
#2034 = CARTESIAN_POINT ( 'NONE',  ( -0.1399999999999996803, 0.03504504504504503404, 0.2799999999999999711 ) ) ;
#2035 = CARTESIAN_POINT ( 'NONE',  ( -0.1972176798924992758, 0.1801415932645390461, 0.04915786820275990648 ) ) ;
#2036 = DIRECTION ( 'NONE',  ( -0.000000000000000000, 0.000000000000000000, 1.000000000000000000 ) ) ;
#2037 = DIRECTION ( 'NONE',  ( -0.000000000000000000, 0.000000000000000000, -1.000000000000000000 ) ) ;
#2038 = VERTEX_POINT ( 'NONE', #1322 ) ;
#2039 = B_SPLINE_CURVE_WITH_KNOTS ( 'NONE', 3,
 ( #4603, #6196, #1591, #3631, #3562, #2187, #6225, #5116, #1620, #6159, #1124, #517, #3123, #4637, #2631, #4676, #4242, #2563, #4174, #2152, #5211, #5175, #1059, #3665, #5710, #621 ),
 .UNSPECIFIED., .F., .F.,
 ( 4, 2, 2, 2, 2, 2, 2, 2, 2, 2, 2, 2, 4 ),
 ( 6.546139416680337690E-17, 0.02279521633416151452, 0.04559043266832295965, 0.05698804083540368048, 0.06268684491894406519, 0.06838564900248443601, 0.09118086533664594706, 0.1139760816708074442, 0.1253736898378881859, 0.1310724939214286122, 0.1367712980049690108, 0.1595665143391306329, 0.1823617306732922549 ),
 .UNSPECIFIED. ) ;
#2040 = CARTESIAN_POINT ( 'NONE',  ( 0.1847582109793952376, 0.08949764533545612188, -0.04028333845211858749 ) ) ;
#2041 = CARTESIAN_POINT ( 'NONE',  ( -0.3179746835443037489, 0.07430379746835438781, 0.5799999999999999600 ) ) ;
#2042 = APPROVAL_DATE_TIME ( #6652, #3914 ) ;
#2043 = DIRECTION ( 'NONE',  ( -0.000000000000000000, -0.000000000000000000, -1.000000000000000000 ) ) ;
#2044 = CIRCLE ( 'NONE', #2895, 0.2999999999999999889 ) ;
#2045 = ADVANCED_FACE ( 'NONE', ( #1923 ), #2364, .T. ) ;
#2046 = FACE_OUTER_BOUND ( 'NONE', #5701, .T. ) ;
#2047 = ORIENTED_EDGE ( 'NONE', *, *, #5279, .F. ) ;
#2048 = CC_DESIGN_SECURITY_CLASSIFICATION ( #6234, ( #6663 ) ) ;
#2049 = ORIENTED_EDGE ( 'NONE', *, *, #1641, .F. ) ;
#2050 = CARTESIAN_POINT ( 'NONE',  ( 0.1871260867928678517, 0.1957100322736587406, 0.04801048434226100337 ) ) ;
#2051 = CARTESIAN_POINT ( 'NONE',  ( -0.1199999999999998568, -0.01662162162162163226, 0.000000000000000000 ) ) ;
#2052 = DIRECTION ( 'NONE',  ( 3.354690658664078815E-16, -0.8180280437130653670, -0.5751783372998111599 ) ) ;
#2053 = CYLINDRICAL_SURFACE ( 'NONE', #244, 0.009999999999999996739 ) ;
#2054 =( BOUNDED_CURVE ( )  B_SPLINE_CURVE ( 3, ( #4835, #1350, #5405, #1285 ),
 .UNSPECIFIED., .F., .T. ) 
 B_SPLINE_CURVE_WITH_KNOTS ( ( 4, 4 ),
 ( 0.000000000000000000, 0.5994940522485533441 ),
 .UNSPECIFIED. ) 
 CURVE ( )  GEOMETRIC_REPRESENTATION_ITEM ( )  RATIONAL_B_SPLINE_CURVE ( ( 1.000000000000000000, 0.9702741449653931038, 0.9702741449653931038, 1.000000000000000000 ) ) 
 REPRESENTATION_ITEM ( '' )  );
#2055 = CARTESIAN_POINT ( 'NONE',  ( 0.1549999999999999711, 0.1650000000000000355, 0.05000000000000000278 ) ) ;
#2056 = EDGE_CURVE ( 'NONE', #5450, #1233, #934, .T. ) ;
#2057 = ORIENTED_EDGE ( 'NONE', *, *, #6231, .F. ) ;
#2058 = ORIENTED_EDGE ( 'NONE', *, *, #4827, .T. ) ;
#2059 = VECTOR ( 'NONE', #1081, 1.000000000000000000 ) ;
#2060 = COORDINATED_UNIVERSAL_TIME_OFFSET ( 5, 30, .AHEAD. ) ;
#2061 = CARTESIAN_POINT ( 'NONE',  ( -0.1950000000000000344, 0.1849999999999999978, 0.04500000000000000527 ) ) ;
#2062 = VECTOR ( 'NONE', #776, 1.000000000000000000 ) ;
#2063 = VERTEX_POINT ( 'NONE', #1961 ) ;
#2064 = CARTESIAN_POINT ( 'NONE',  ( -0.1857231421707803420, -0.1952995352946615137, 0.04698360067358987174 ) ) ;
#2065 = ORIENTED_EDGE ( 'NONE', *, *, #4212, .T. ) ;
#2066 = ORIENTED_EDGE ( 'NONE', *, *, #2747, .F. ) ;
#2067 = VECTOR ( 'NONE', #3003, 1.000000000000000000 ) ;
#2068 = CARTESIAN_POINT ( 'NONE',  ( 0.004999999999999419839, -0.004999999999999367797, 0.000000000000000000 ) ) ;
#2069 = DIRECTION ( 'NONE',  ( 0.000000000000000000, 0.000000000000000000, 1.000000000000000000 ) ) ;
#2070 = FACE_OUTER_BOUND ( 'NONE', #4480, .T. ) ;
#2071 = CARTESIAN_POINT ( 'NONE',  ( -0.1749999999999999889, -0.1975000000000000366, 0.04933012701892218466 ) ) ;
#2072 = ORIENTED_EDGE ( 'NONE', *, *, #2217, .T. ) ;
#2073 = CARTESIAN_POINT ( 'NONE',  ( -0.05072674817343605230, 0.07981710563485923393, -0.008472743326183850357 ) ) ;
#2074 = VECTOR ( 'NONE', #6494, 1.000000000000000000 ) ;
#2075 = DIRECTION ( 'NONE',  ( -0.7071067811865459074, -0.7071067811865492381, 0.000000000000000000 ) ) ;
#2076 = COORDINATED_UNIVERSAL_TIME_OFFSET ( 5, 30, .AHEAD. ) ;
#2077 = CARTESIAN_POINT ( 'NONE',  ( 0.2099999999999999645, -0.2199999999999999734, 0.006999999999999966319 ) ) ;
#2078 = DIRECTION ( 'NONE',  ( 1.000000000000000000, 0.000000000000000000, 0.000000000000000000 ) ) ;
#2079 = ORIENTED_EDGE ( 'NONE', *, *, #656, .F. ) ;
#2080 = VECTOR ( 'NONE', #3483, 1.000000000000000000 ) ;
#2081 = EDGE_LOOP ( 'NONE', ( #775, #6469, #4825, #3189, #3023, #1677, #2576, #6264 ) ) ;
#2082 = DIRECTION ( 'NONE',  ( -1.850371707708594316E-16, 1.000000000000000000, 0.000000000000000000 ) ) ;
#2083 = EDGE_CURVE ( 'NONE', #4865, #3255, #3064, .T. ) ;
#2084 = DIRECTION ( 'NONE',  ( 0.000000000000000000, -1.000000000000000000, 0.000000000000000000 ) ) ;
#2085 = PERSON_AND_ORGANIZATION ( #6361, #58 ) ;
#2086 = CARTESIAN_POINT ( 'NONE',  ( -0.1959980663412521640, -0.1866358941159941554, 0.04800575001574837464 ) ) ;
#2087 = AXIS2_PLACEMENT_3D ( 'NONE', #3068, #3441, #6627 ) ;
#2088 = ORIENTED_EDGE ( 'NONE', *, *, #3760, .T. ) ;
#2089 = EDGE_LOOP ( 'NONE', ( #4481, #6125, #480, #3281 ) ) ;
#2090 = VECTOR ( 'NONE', #2028, 1.000000000000000000 ) ;
#2091 = LOCAL_TIME ( 23, 23, 15.00000000000000000, #5332 ) ;
#2092 = ITEM_DEFINED_TRANSFORMATION ( 'NONE', 'NONE', #4545,  #1868 ) ;
#2093 = LINE ( 'NONE', #5677, #1404 ) ;
#2094 = VERTEX_POINT ( 'NONE', #3127 ) ;
#2095 = SECURITY_CLASSIFICATION ( '', '', #4521 ) ;
#2096 = LINE ( 'NONE', #6062, #363 ) ;
#2097 = ORIENTED_EDGE ( 'NONE', *, *, #1494, .F. ) ;
#2098 = EDGE_CURVE ( 'NONE', #5546, #1775, #1565, .T. ) ;
#2099 = ORIENTED_EDGE ( 'NONE', *, *, #4976, .F. ) ;
#2100 = ADVANCED_FACE ( 'NONE', ( #3503 ), #4679, .F. ) ;
#2101 = APPLICATION_CONTEXT ( 'configuration controlled 3d designs of mechanical parts and assemblies' ) ;
#2102 = CARTESIAN_POINT ( 'NONE',  ( 0.1600337564512845645, -0.2114969449581290406, 0.0001056151778606817060 ) ) ;
#2103 = CARTESIAN_POINT ( 'NONE',  ( 0.03483677093367489042, 0.05618663852847716883, -0.02752752734048864725 ) ) ;
#2104 = DIRECTION ( 'NONE',  ( -1.850371707708594316E-16, 1.000000000000000000, 0.000000000000000000 ) ) ;
#2105 = CARTESIAN_POINT ( 'NONE',  ( -0.1831754988001040585, -0.1967684183173994406, 0.04882561205224559414 ) ) ;
#2106 = VERTEX_POINT ( 'NONE', #6199 ) ;
#2107 = CARTESIAN_POINT ( 'NONE',  ( 0.000000000000000000, 0.000000000000000000, 0.000000000000000000 ) ) ;
#2108 = ORIENTED_EDGE ( 'NONE', *, *, #6204, .T. ) ;
#2109 = CARTESIAN_POINT ( 'NONE',  ( 0.2000000000000000389, -0.1750000000000000167, 0.000000000000000000 ) ) ;
#2110 = PERSON_AND_ORGANIZATION ( #6361, #58 ) ;
#2111 = CARTESIAN_POINT ( 'NONE',  ( 0.3021115230889742653, 0.05352083098944429573, 0.05203532630500429940 ) ) ;
#2112 = EDGE_CURVE ( 'NONE', #5823, #3963, #2096, .T. ) ;
#2113 = ADVANCED_BREP_SHAPE_REPRESENTATION ( '', ( #2245, #1868 ), #4329 ) ;
#2114 = FACE_OUTER_BOUND ( 'NONE', #896, .T. ) ;
#2115 = ORIENTED_EDGE ( 'NONE', *, *, #5813, .F. ) ;
#2116 = ORIENTED_EDGE ( 'NONE', *, *, #1227, .F. ) ;
#2117 = LINE ( 'NONE', #2681, #451 ) ;
#2118 = DIRECTION ( 'NONE',  ( 0.000000000000000000, 0.000000000000000000, -1.000000000000000000 ) ) ;
#2119 = CALENDAR_DATE ( 2026, 9, 1 ) ;
#2120 = DIRECTION ( 'NONE',  ( 0.000000000000000000, -0.000000000000000000, 1.000000000000000000 ) ) ;
#2121 = ORIENTED_EDGE ( 'NONE', *, *, #2422, .F. ) ;
#2122 = ORIENTED_EDGE ( 'NONE', *, *, #295, .T. ) ;
#2123 = CARTESIAN_POINT ( 'NONE',  ( 0.3463587921847246509, 0.05386000545941627138, 0.05178924042636610242 ) ) ;
#2124 = APPROVAL_ROLE ( '' ) ;
#2125 = CARTESIAN_POINT ( 'NONE',  ( 0.3863587921847251305, 0.02693000272970801773, 0.01189817711958566018 ) ) ;
#2126 = CARTESIAN_POINT ( 'NONE',  ( -0.3379746835443037112, -0.1956962025316456022, 0.9000000000000000222 ) ) ;
#2127 = ORIENTED_EDGE ( 'NONE', *, *, #6616, .F. ) ;
#2128 = EDGE_CURVE ( 'NONE', #1649, #5105, #5615, .T. ) ;
#2129 = AXIS2_PLACEMENT_3D ( 'NONE', #6359, #1219, #5309 ) ;
#2130 = PLANE ( 'NONE',  #3036 ) ;
#2131 = VERTEX_POINT ( 'NONE', #90 ) ;
#2132 = CARTESIAN_POINT ( 'NONE',  ( 0.1599999999999999756, -0.2099999999999999922, 0.000000000000000000 ) ) ;
#2133 = CARTESIAN_POINT ( 'NONE',  ( 0.1585355339059327240, 0.1614644660940672827, 0.05000000000000000278 ) ) ;
#2134 = CARTESIAN_POINT ( 'NONE',  ( 0.3057399792302329389, 0.01146287904938355154, 0.05749148558220963656 ) ) ;
#2135 = EDGE_CURVE ( 'NONE', #6287, #38, #898, .T. ) ;
#2136 = CARTESIAN_POINT ( 'NONE',  ( -0.001464466094067382127, 0.001464466094067375188, 0.05000000000000000278 ) ) ;
#2137 = ORIENTED_EDGE ( 'NONE', *, *, #5578, .T. ) ;
#2138 = DIRECTION ( 'NONE',  ( 1.000000000000000000, 1.850371707708594316E-16, 0.000000000000000000 ) ) ;
#2139 = CARTESIAN_POINT ( 'NONE',  ( -0.3279746835443037578, -0.1956962025316451026, 0.3099999999999999423 ) ) ;
#2140 = PERSON_AND_ORGANIZATION_ROLE ( 'design_supplier' ) ;
#2141 = LINE ( 'NONE', #5158, #1234 ) ;
#2142 = CARTESIAN_POINT ( 'NONE',  ( -0.3379746835443037667, 0.09430379746835439170, 0.9000000000000000222 ) ) ;
#2143 = ORIENTED_EDGE ( 'NONE', *, *, #5325, .T. ) ;
#2144 = ORIENTED_EDGE ( 'NONE', *, *, #4064, .F. ) ;
#2145 = FACE_OUTER_BOUND ( 'NONE', #3628, .T. ) ;
#2146 = DIRECTION ( 'NONE',  ( 0.000000000000000000, 0.000000000000000000, -1.000000000000000000 ) ) ;
#2147 = DATE_AND_TIME ( #4200, #258 ) ;
#2148 = FACE_OUTER_BOUND ( 'NONE', #5119, .T. ) ;
#2149 = PRODUCT_RELATED_PRODUCT_CATEGORY ( 'detail', '', ( #354 ) ) ;
#2150 = ORIENTED_EDGE ( 'NONE', *, *, #6583, .F. ) ;
#2151 = VERTEX_POINT ( 'NONE', #4040 ) ;
#2152 = CARTESIAN_POINT ( 'NONE',  ( -0.09355429504158099818, 0.09422835721519234875, -0.05928342603066456135 ) ) ;
#2153 = DIRECTION ( 'NONE',  ( 0.9863939238321437486, 0.1643989873053574580, 0.000000000000000000 ) ) ;
#2154 = EDGE_LOOP ( 'NONE', ( #1206, #421, #3362, #2615 ) ) ;
#2155 = LINE ( 'NONE', #5851, #4751 ) ;
#2156 = EDGE_LOOP ( 'NONE', ( #179, #5987, #2017, #5276, #6155 ) ) ;
#2157 = AXIS2_PLACEMENT_3D ( 'NONE', #6570, #5640, #3053 ) ;
#2158 = EDGE_CURVE ( 'NONE', #1863, #5149, #46, .T. ) ;
#2159 = DIRECTION ( 'NONE',  ( -1.000000000000000000, 0.000000000000000000, 0.000000000000000000 ) ) ;
#2160 = AXIS2_PLACEMENT_3D ( 'NONE', #4198, #3693, #4288 ) ;
#2161 = LINE ( 'NONE', #3099, #6448 ) ;
#2162 = CARTESIAN_POINT ( 'NONE',  ( 0.000000000000000000, -0.01000000000000000021, 0.000000000000000000 ) ) ;
#2163 = DIRECTION ( 'NONE',  ( 1.000000000000000000, 1.850371707708594316E-16, -0.000000000000000000 ) ) ;
#2164 = ORIENTED_EDGE ( 'NONE', *, *, #4504, .F. ) ;
#2165 = EDGE_CURVE ( 'NONE', #429, #2229, #1033, .T. ) ;
#2166 = LINE ( 'NONE', #1198, #5804 ) ;
#2167 = PERSON_AND_ORGANIZATION_ROLE ( 'design_owner' ) ;
#2168 = PLANE ( 'NONE',  #5938 ) ;
#2169 = LINE ( 'NONE', #1021, #5598 ) ;
#2170 =( REPRESENTATION_RELATIONSHIP ('NONE','NONE', #3207, #862 ) REPRESENTATION_RELATIONSHIP_WITH_TRANSFORMATION ( #2223 )SHAPE_REPRESENTATION_RELATIONSHIP( ) );
#2171 = DIRECTION ( 'NONE',  ( -0.000000000000000000, 0.000000000000000000, 1.000000000000000000 ) ) ;
#2172 = ORIENTED_EDGE ( 'NONE', *, *, #573, .T. ) ;
#2173 = ORIENTED_EDGE ( 'NONE', *, *, #2812, .T. ) ;
#2174 = CARTESIAN_POINT ( 'NONE',  ( -0.2281976744186047790, 0.02078488372093021536, 0.1000000000000000056 ) ) ;
#2175 = VECTOR ( 'NONE', #3716, 1.000000000000000000 ) ;
#2176 = CARTESIAN_POINT ( 'NONE',  ( -0.1872183667915477689, -0.1949645916412106883, 0.04866641629764672378 ) ) ;
#2177 = PERSON_AND_ORGANIZATION ( #6361, #58 ) ;
#2178 = CARTESIAN_POINT ( 'NONE',  ( -0.1851757933490133512, 0.1963521186771426952, 0.04842399158796772962 ) ) ;
#2179 = AXIS2_PLACEMENT_3D ( 'NONE', #644, #1180, #6320 ) ;
#2180 = EDGE_CURVE ( 'NONE', #2672, #1087, #580, .T. ) ;
#2181 = AXIS2_PLACEMENT_3D ( 'NONE', #2899, #2834, #2335 ) ;
#2182 = VECTOR ( 'NONE', #2010, 1.000000000000000000 ) ;
#2183 = ORIENTED_EDGE ( 'NONE', *, *, #5526, .T. ) ;
#2184 = VERTEX_POINT ( 'NONE', #2502 ) ;
#2185 = DIRECTION ( 'NONE',  ( 1.387778780781445676E-16, -1.000000000000000000, 0.000000000000000000 ) ) ;
#2186 = AXIS2_PLACEMENT_3D ( 'NONE', #6302, #3742, #5673 ) ;
#2187 = CARTESIAN_POINT ( 'NONE',  ( -0.1401586462722886617, 0.07433883354552693612, 0.006868414007660995739 ) ) ;
#2188 = LINE ( 'NONE', #4176, #99 ) ;
#2189 = ORIENTED_EDGE ( 'NONE', *, *, #1379, .T. ) ;
#2190 = CIRCLE ( 'NONE', #4980, 0.004999999999999997502 ) ;
#2191 = EDGE_CURVE ( 'NONE', #6079, #1755, #2030, .T. ) ;
#2192 = AXIS2_PLACEMENT_3D ( 'NONE', #2712, #198, #612 ) ;
#2193 = CARTESIAN_POINT ( 'NONE',  ( -0.05797468354430375392, 0.09430379746835439170, 0.3099999999999999423 ) ) ;
#2194 = APPROVAL_PERSON_ORGANIZATION ( #3323, #4812, #3293 ) ;
#2195 = ORIENTED_EDGE ( 'NONE', *, *, #5229, .T. ) ;
#2196 = EDGE_CURVE ( 'NONE', #359, #1936, #4085, .T. ) ;
#2197 = EDGE_CURVE ( 'NONE', #4392, #1775, #5583, .T. ) ;
#2198 = DIRECTION ( 'NONE',  ( -1.000000000000000000, 0.000000000000000000, -0.000000000000000000 ) ) ;
#2199 = AXIS2_PLACEMENT_3D ( 'NONE', #4431, #4959, #3825 ) ;
#2200 = CARTESIAN_POINT ( 'NONE',  ( 0.03176374953794940809, 0.06113459147340752353, -0.02714500038407158949 ) ) ;
#2201 = LOCAL_TIME ( 23, 23, 15.00000000000000000, #1029 ) ;
#2202 = CARTESIAN_POINT ( 'NONE',  ( -0.3379746835443037112, -0.1856962025316456211, 0.2999999999999999334 ) ) ;
#2203 = CARTESIAN_POINT ( 'NONE',  ( 0.2042675707043480615, -0.2195393920141694433, 0.006999999999999966319 ) ) ;
#2204 = VERTEX_POINT ( 'NONE', #549 ) ;
#2205 = ORGANIZATION ( 'NAUO-ORG4', 'UNSPECIFIED', 'UNSPECIFIED' ) ;
#2206 = LINE ( 'NONE', #4254, #3201 ) ;
#2207 = ADVANCED_FACE ( 'NONE', ( #6126 ), #1526, .T. ) ;
#2208 = CARTESIAN_POINT ( 'NONE',  ( -0.3179746835443036934, -0.1856962025316456211, 0.5999999999999999778 ) ) ;
#2209 = DIRECTION ( 'NONE',  ( -0.000000000000000000, -0.000000000000000000, -1.000000000000000000 ) ) ;
#2210 = DIRECTION ( 'NONE',  ( -0.7071067811865484609, -0.7071067811865465735, 0.000000000000000000 ) ) ;
#2211 = CARTESIAN_POINT ( 'NONE',  ( -0.004733461526421581245, 0.01211111111111103956, -0.02009594921090956943 ) ) ;
#2212 = ORIENTED_EDGE ( 'NONE', *, *, #3144, .F. ) ;
#2213 = CARTESIAN_POINT ( 'NONE',  ( 0.07180232558139541810, -0.2792151162790699193, 0.1000000000000000056 ) ) ;
#2214 = CARTESIAN_POINT ( 'NONE',  ( -0.1849999999999993316, -0.1950000000000000899, 0.04500000000000000527 ) ) ;
#2215 = PERSON_AND_ORGANIZATION_ROLE ( 'classification_officer' ) ;
#2216 = CARTESIAN_POINT ( 'NONE',  ( -0.3179746835443037489, 0.09430379746835439170, 0.5999999999999999778 ) ) ;
#2217 = EDGE_CURVE ( 'NONE', #4901, #5207, #5312, .T. ) ;
#2218 = EDGE_CURVE ( 'NONE', #4532, #5287, #1160, .T. ) ;
#2219 = ORIENTED_EDGE ( 'NONE', *, *, #5169, .T. ) ;
#2220 = ORIENTED_EDGE ( 'NONE', *, *, #1994, .F. ) ;
#2221 = PRODUCT ( 'RING ENCLOSURE', 'RING ENCLOSURE', '', ( #6453 ) ) ;
#2222 = DIRECTION ( 'NONE',  ( 9.251858538542971581E-17, -1.000000000000000000, 0.000000000000000000 ) ) ;
#2223 = ITEM_DEFINED_TRANSFORMATION ( 'NONE', 'NONE', #3800,  #1868 ) ;
#2224 = CARTESIAN_POINT ( 'NONE',  ( 0.1200000000000001343, 3.330669073875473196E-17, 0.2700000000000000178 ) ) ;
#2225 = FACE_OUTER_BOUND ( 'NONE', #4701, .T. ) ;
#2226 = ORIENTED_EDGE ( 'NONE', *, *, #6261, .F. ) ;
#2227 = SHAPE_REPRESENTATION ( 'BASE', ( #1868 ), #4329 ) ;
#2228 = FACE_OUTER_BOUND ( 'NONE', #3235, .T. ) ;
#2229 = VERTEX_POINT ( 'NONE', #3272 ) ;
#2230 = CARTESIAN_POINT ( 'NONE',  ( 0.1973218475563931762, 0.1791351251209292450, 0.04922308619429392740 ) ) ;
#2231 = DIRECTION ( 'NONE',  ( -1.000000000000000000, -0.000000000000000000, -0.000000000000000000 ) ) ;
#2232 = CIRCLE ( 'NONE', #1169, 0.009999999999999996739 ) ;
#2233 = CARTESIAN_POINT ( 'NONE',  ( 0.3049134898171471653, 0.008130959978976353211, 0.05622109538642265647 ) ) ;
#2234 = CARTESIAN_POINT ( 'NONE',  ( 0.1831982014535171732, -0.1967641189384471134, 0.04882186884249448827 ) ) ;
#2235 = ORIENTED_EDGE ( 'NONE', *, *, #125, .F. ) ;
#2236 = CC_DESIGN_PERSON_AND_ORGANIZATION_ASSIGNMENT ( #3484, #947, ( #596 ) ) ;
#2237 = EDGE_CURVE ( 'NONE', #5671, #3596, #1796, .T. ) ;
#2238 = CARTESIAN_POINT ( 'NONE',  ( 0.07180232558139541810, -0.2792151162790699193, 0.1000000000000000056 ) ) ;
#2239 = CARTESIAN_POINT ( 'NONE',  ( 0.2463587921847247009, 0.1000000000000000056, -0.08836589698046184993 ) ) ;
#2240 = CARTESIAN_POINT ( 'NONE',  ( -0.1749999999999999889, -0.1950000000000000067, 0.04500000000000000527 ) ) ;
#2241 = EDGE_CURVE ( 'NONE', #6337, #1161, #6300, .T. ) ;
#2242 = LINE ( 'NONE', #4316, #2601 ) ;
#2243 = PLANE ( 'NONE',  #4490 ) ;
#2244 = EDGE_LOOP ( 'NONE', ( #6518, #1458, #4028, #436, #512, #2530 ) ) ;
#2245 = MANIFOLD_SOLID_BREP ( 'Boss-Extrude1', #4090 ) ;
#2246 = CARTESIAN_POINT ( 'NONE',  ( -0.1143692425241489424, 0.03347790636708648099, 0.05959856084047692598 ) ) ;
#2247 = CARTESIAN_POINT ( 'NONE',  ( -0.1849999999999999145, 0.1949999999999999512, 0.04500000000000000527 ) ) ;
#2248 = PERSON_AND_ORGANIZATION ( #6361, #58 ) ;
#2249 = CARTESIAN_POINT ( 'NONE',  ( -0.3179746835443037489, 0.09430379746835439170, 0.6100000000000000977 ) ) ;
#2250 = EDGE_CURVE ( 'NONE', #2867, #1528, #1656, .T. ) ;
#2251 = AXIS2_PLACEMENT_3D ( 'NONE', #5502, #6572, #1853 ) ;
#2252 = EDGE_CURVE ( 'NONE', #3157, #6079, #2262, .T. ) ;
#2253 = ORIENTED_EDGE ( 'NONE', *, *, #44, .F. ) ;
#2254 = DIRECTION ( 'NONE',  ( 1.000000000000000000, 0.000000000000000000, 0.000000000000000000 ) ) ;
#2255 = ADVANCED_FACE ( 'NONE', ( #3202 ), #2130, .F. ) ;
#2256 = DIRECTION ( 'NONE',  ( 1.000000000000000000, 0.000000000000000000, 0.000000000000000000 ) ) ;
#2257 = PERSON_AND_ORGANIZATION_ROLE ( 'classification_officer' ) ;
#2258 = CARTESIAN_POINT ( 'NONE',  ( 0.2194283967993165274, -0.1669511403958476303, 0.006666385844428327975 ) ) ;
#2259 = CIRCLE ( 'NONE', #652, 0.009999999999999870104 ) ;
#2260 = CYLINDRICAL_SURFACE ( 'NONE', #2129, 0.02999999999999999889 ) ;
#2261 = ORIENTED_EDGE ( 'NONE', *, *, #2630, .F. ) ;
#2262 = LINE ( 'NONE', #4738, #5079 ) ;
#2263 = ORIENTED_EDGE ( 'NONE', *, *, #1552, .T. ) ;
#2264 = CARTESIAN_POINT ( 'NONE',  ( 0.2002962962962963611, 0.06211111111111107530, 0.02999999999999999889 ) ) ;
#2265 = CARTESIAN_POINT ( 'NONE',  ( 0.1875738515464781264, -0.1910284932914155520, 0.04998703101547783550 ) ) ;
#2266 =( BOUNDED_CURVE ( )  B_SPLINE_CURVE ( 3, ( #5185, #5250, #122, #2641 ),
 .UNSPECIFIED., .F., .T. ) 
 B_SPLINE_CURVE_WITH_KNOTS ( ( 4, 4 ),
 ( 1.570796326794896558, 3.141592653589793116 ),
 .UNSPECIFIED. ) 
 CURVE ( )  GEOMETRIC_REPRESENTATION_ITEM ( )  RATIONAL_B_SPLINE_CURVE ( ( 1.000000000000000000, 0.8047378541243649375, 0.8047378541243649375, 1.000000000000000000 ) ) 
 REPRESENTATION_ITEM ( '' )  );
#2267 = DIRECTION ( 'NONE',  ( 0.000000000000000000, -0.000000000000000000, 1.000000000000000000 ) ) ;
#2268 = CARTESIAN_POINT ( 'NONE',  ( -0.3279746835443037023, -0.2056962025316456111, 0.000000000000000000 ) ) ;
#2269 = ORIENTED_EDGE ( 'NONE', *, *, #1552, .F. ) ;
#2270 = CARTESIAN_POINT ( 'NONE',  ( -0.2000000000000000389, -1.423362852083533900E-17, 0.04500000000000000527 ) ) ;
#2271 = VECTOR ( 'NONE', #1344, 1.000000000000000000 ) ;
#2272 = DIRECTION ( 'NONE',  ( -1.000000000000000000, 0.000000000000000000, 0.000000000000000000 ) ) ;
#2273 = PLANE ( 'NONE',  #5088 ) ;
#2274 = VECTOR ( 'NONE', #2892, 1.000000000000000000 ) ;
#2275 = CARTESIAN_POINT ( 'NONE',  ( -0.1375735931288067648, 0.03544944619024385096, -9.341773699622351393E-17 ) ) ;
#2276 = VECTOR ( 'NONE', #700, 1.000000000000000000 ) ;
#2277 = CARTESIAN_POINT ( 'NONE',  ( 0.01309939967928050800, 0.02636501996110081694, -0.02413151569071451952 ) ) ;
#2278 = ORIENTED_EDGE ( 'NONE', *, *, #3434, .T. ) ;
#2279 = PRODUCT ( 'DISPLAY SUPPORT', 'DISPLAY SUPPORT', '', ( #4628 ) ) ;
#2280 = CARTESIAN_POINT ( 'NONE',  ( -0.1906542439508557840, 0.1875952046545582008, 0.05000000000000000278 ) ) ;
#2281 = FACE_OUTER_BOUND ( 'NONE', #2423, .T. ) ;
#2282 = PERSON_AND_ORGANIZATION ( #6361, #58 ) ;
#2283 = VECTOR ( 'NONE', #4788, 1.000000000000000000 ) ;
#2284 = CYLINDRICAL_SURFACE ( 'NONE', #6262, 0.004999999999999997502 ) ;
#2285 = AXIS2_PLACEMENT_3D ( 'NONE', #3574, #5059, #2007 ) ;
#2286 = ORIENTED_EDGE ( 'NONE', *, *, #944, .T. ) ;
#2287 = ORIENTED_EDGE ( 'NONE', *, *, #5574, .F. ) ;
#2288 = CARTESIAN_POINT ( 'NONE',  ( -0.1550000000000000822, 0.1650000000000000355, 0.04500000000000000527 ) ) ;
#2289 = CALENDAR_DATE ( 2026, 9, 1 ) ;
#2290 = AXIS2_PLACEMENT_3D ( 'NONE', #4744, #3468, #6475 ) ;
#2291 = CARTESIAN_POINT ( 'NONE',  ( 0.2158711785760206170, -0.1608170731345975046, 0.001897372896058812253 ) ) ;
#2292 = LINE ( 'NONE', #4026, #5981 ) ;
#2293 = ORIENTED_EDGE ( 'NONE', *, *, #4338, .F. ) ;
#2294 = DIRECTION ( 'NONE',  ( -1.000000000000000000, -1.067522139062650671E-16, 0.000000000000000000 ) ) ;
#2295 = VERTEX_POINT ( 'NONE', #180 ) ;
#2296 = AXIS2_PLACEMENT_3D ( 'NONE', #5223, #5129, #1170 ) ;
#2297 = EDGE_CURVE ( 'NONE', #1364, #1694, #2155, .T. ) ;
#2298 = CALENDAR_DATE ( 2026, 9, 1 ) ;
#2299 = CARTESIAN_POINT ( 'NONE',  ( 0.1075616745179684974, 0.05851766300703575840, -0.02730650772020888281 ) ) ;
#2300 = VECTOR ( 'NONE', #3307, 1.000000000000000000 ) ;
#2301 = CARTESIAN_POINT ( 'NONE',  ( 0.000000000000000000, 0.000000000000000000, 0.000000000000000000 ) ) ;
#2302 = VECTOR ( 'NONE', #1423, 1.000000000000000000 ) ;
#2303 = LOCAL_TIME ( 23, 23, 15.00000000000000000, #1051 ) ;
#2304 = CARTESIAN_POINT ( 'NONE',  ( -0.05970370370370364776, 0.01211111111111107252, 0.000000000000000000 ) ) ;
#2305 = ORIENTED_EDGE ( 'NONE', *, *, #1787, .F. ) ;
#2306 = ADVANCED_FACE ( 'NONE', ( #1259 ), #3170, .T. ) ;
#2307 = ORIENTED_EDGE ( 'NONE', *, *, #6110, .F. ) ;
#2308 = PLANE ( 'NONE',  #5020 ) ;
#2309 = VECTOR ( 'NONE', #2084, 1.000000000000000000 ) ;
#2310 = CC_DESIGN_APPROVAL ( #1450, ( #1246 ) ) ;
#2311 = DIRECTION ( 'NONE',  ( 9.251858538542971581E-17, -1.000000000000000000, 0.000000000000000000 ) ) ;
#2312 = CARTESIAN_POINT ( 'NONE',  ( 0.000000000000000000, -0.1599999999999999756, 0.04500000000000000527 ) ) ;
#2313 = DIRECTION ( 'NONE',  ( 0.000000000000000000, 1.000000000000000000, 0.000000000000000000 ) ) ;
#2314 = DIRECTION ( 'NONE',  ( 1.850371707708594316E-16, -1.000000000000000000, 0.000000000000000000 ) ) ;
#2315 = ORIENTED_EDGE ( 'NONE', *, *, #4945, .F. ) ;
#2316 = ORGANIZATION ( 'NAUO-ORG2', 'UNSPECIFIED', 'UNSPECIFIED' ) ;
#2317 = CARTESIAN_POINT ( 'NONE',  ( -0.1911520493307664048, 0.1875662883310970364, 0.04997925835957380686 ) ) ;
#2318 = EDGE_CURVE ( 'NONE', #2800, #4670, #118, .T. ) ;
#2319 = DIRECTION ( 'NONE',  ( -0.000000000000000000, -1.000000000000000000, -0.000000000000000000 ) ) ;
#2320 = APPLICATION_PROTOCOL_DEFINITION ( 'international standard', 'config_control_design', 1994, #5945 ) ;
#2321 = DIRECTION ( 'NONE',  ( -2.775557561562891351E-16, 1.000000000000000000, 0.000000000000000000 ) ) ;
#2322 = APPROVAL_PERSON_ORGANIZATION ( #4936, #1601, #3396 ) ;
#2323 = VERTEX_POINT ( 'NONE', #657 ) ;
#2324 = APPROVAL ( #6417, 'UNSPECIFIED' ) ;
#2325 = DIRECTION ( 'NONE',  ( 0.000000000000000000, 1.000000000000000000, 0.000000000000000000 ) ) ;
#2326 = CARTESIAN_POINT ( 'NONE',  ( -0.3379746835443037667, 0.09430379746835439170, 0.8800000000000000044 ) ) ;
#2327 = DIRECTION ( 'NONE',  ( 9.251858538542971581E-17, -1.000000000000000000, 0.000000000000000000 ) ) ;
#2328 = CARTESIAN_POINT ( 'NONE',  ( -0.1146402913347236985, 0.02693000272970801773, 0.06002843765043738150 ) ) ;
#2329 = ORIENTED_EDGE ( 'NONE', *, *, #2452, .T. ) ;
#2330 = CARTESIAN_POINT ( 'NONE',  ( 0.1958718940557439003, -0.1871049384543273519, 0.04782112412222460501 ) ) ;
#2331 = EDGE_LOOP ( 'NONE', ( #4574, #6630, #2072, #4678 ) ) ;
#2332 = DATE_TIME_ROLE ( 'creation_date' ) ;
#2333 = CARTESIAN_POINT ( 'NONE',  ( 0.06255983231738976302, 0.04153527783364270587, -0.02953627813597046667 ) ) ;
#2334 = CARTESIAN_POINT ( 'NONE',  ( -0.2000000000000000111, -2.775557561562891351E-17, 0.05000000000000000278 ) ) ;
#2335 = DIRECTION ( 'NONE',  ( 0.000000000000000000, 1.000000000000000000, 0.000000000000000000 ) ) ;
#2336 = EDGE_LOOP ( 'NONE', ( #3460, #189 ) ) ;
#2337 = EDGE_LOOP ( 'NONE', ( #134, #592, #5280, #3519 ) ) ;
#2338 = CARTESIAN_POINT ( 'NONE',  ( -0.1570710678118655557, 0.1600000000000000311, 0.05000000000000000278 ) ) ;
#2339 = EDGE_CURVE ( 'NONE', #4649, #124, #147, .T. ) ;
#2340 = CARTESIAN_POINT ( 'NONE',  ( -0.2281976744186047790, 0.02078488372093021536, 0.1000000000000000056 ) ) ;
#2341 = FACE_OUTER_BOUND ( 'NONE', #5002, .T. ) ;
#2342 = ADVANCED_FACE ( 'NONE', ( #4210 ), #5278, .T. ) ;
#2343 = DIRECTION ( 'NONE',  ( -0.000000000000000000, -0.000000000000000000, 1.000000000000000000 ) ) ;
#2344 = LINE ( 'NONE', #5994, #5343 ) ;
#2345 = ORIENTED_EDGE ( 'NONE', *, *, #2791, .F. ) ;
#2346 = CARTESIAN_POINT ( 'NONE',  ( -0.1629289321881345620, -0.1558578643762695837, 0.05000000000000000278 ) ) ;
#2347 = CARTESIAN_POINT ( 'NONE',  ( 0.2000000000000000389, -0.2199999999999999734, 0.009999999999999995004 ) ) ;
#2348 = PERSON_AND_ORGANIZATION ( #6361, #58 ) ;
#2349 = CARTESIAN_POINT ( 'NONE',  ( 0.000000000000000000, -0.1550000000000000822, 0.04500000000000000527 ) ) ;
#2350 = ORIENTED_EDGE ( 'NONE', *, *, #4074, .F. ) ;
#2351 = DIRECTION ( 'NONE',  ( 0.000000000000000000, 0.000000000000000000, -1.000000000000000000 ) ) ;
#2352 = DIRECTION ( 'NONE',  ( 0.000000000000000000, -0.000000000000000000, -1.000000000000000000 ) ) ;
#2353 =( NAMED_UNIT ( * ) PLANE_ANGLE_UNIT ( ) SI_UNIT ( $, .RADIAN. ) );
#2354 = APPROVAL_ROLE ( '' ) ;
#2355 = CC_DESIGN_PERSON_AND_ORGANIZATION_ASSIGNMENT ( #4842, #70, ( #5098 ) ) ;
#2356 = CARTESIAN_POINT ( 'NONE',  ( 0.2107535895320942487, -0.1599999999999999478, -2.344163681526276188E-17 ) ) ;
#2357 = CARTESIAN_POINT ( 'NONE',  ( -0.1140349084647021283, 0.01730154823140699419, 0.05907110434287256989 ) ) ;
#2358 = CARTESIAN_POINT ( 'NONE',  ( 0.1963532007825979087, -0.1851711369874545210, 0.04842519101978351448 ) ) ;
#2359 = ORIENTED_EDGE ( 'NONE', *, *, #427, .F. ) ;
#2360 = PERSON_AND_ORGANIZATION_ROLE ( 'design_owner' ) ;
#2361 = CARTESIAN_POINT ( 'NONE',  ( 0.09097538443982081113, 0.04543584182280278883, -0.02892126839488836851 ) ) ;
#2362 = CARTESIAN_POINT ( 'NONE',  ( 0.1300000000000000877, 0.08171171171171170977, 0.01000000000000000021 ) ) ;
#2363 = ORGANIZATION ( 'NAUO-ORG11', 'UNSPECIFIED', 'UNSPECIFIED' ) ;
#2364 = CYLINDRICAL_SURFACE ( 'NONE', #1753, 0.005000000000000000104 ) ;
#2365 = ORIENTED_EDGE ( 'NONE', *, *, #2012, .T. ) ;
#2366 = VERTEX_POINT ( 'NONE', #4708 ) ;
#2367 = EDGE_CURVE ( 'NONE', #4093, #2295, #3305, .T. ) ;
#2368 = DIRECTION ( 'NONE',  ( -0.7071067811865459074, -0.7071067811865492381, 0.000000000000000000 ) ) ;
#2369 = CARTESIAN_POINT ( 'NONE',  ( 0.2776800018883049392, 0.09597011137988122054, -0.06706762859653787878 ) ) ;
#2370 = CARTESIAN_POINT ( 'NONE',  ( 0.1500000000000000222, 0.1499999999999999112, 0.04500000000000000527 ) ) ;
#2371 = ADVANCED_FACE ( 'NONE', ( #2228 ), #4839, .T. ) ;
#2372 = DIRECTION ( 'NONE',  ( 0.000000000000000000, -1.000000000000000000, 0.000000000000000000 ) ) ;
#2373 = CARTESIAN_POINT ( 'NONE',  ( 0.08406851166227428951, 0.03459419772549974376, -0.02939102761214744397 ) ) ;
#2374 = EDGE_LOOP ( 'NONE', ( #1700, #3533, #2269, #3409, #5253, #3373, #3166, #1015 ) ) ;
#2375 = CLOSED_SHELL ( 'NONE', ( #4394, #2816, #5972, #664, #6019, #745, #4978, #1070, #2547, #832, #6450, #4594, #6166, #3062, #3184, #1874, #4707, #1521, #3731, #4884, #2740, #2459, #3680, #3569, #5682, #87, #3474, #2207, #4887, #5853, #4639, #2306, #2371, #2869, #1504, #2045, #2600, #2757, #4345, #6495, #3285, #2724, #4878, #3557, #1095, #2929, #5797, #1785, #2890, #3471, #4184, #4797, #5371, #879, #3758, #5351, #5900, #2861, #4369, #3672, #6191, #4278, #4179, #3275, #3224, #6018, #1395, #3232, #2668, #52, #836, #6351 ) ) ;
#2376 = CARTESIAN_POINT ( 'NONE',  ( 0.2769529260087865152, 0.06896967659396996408, 0.02068075090455267356 ) ) ;
#2377 = CIRCLE ( 'NONE', #5164, 0.01000000000000000888 ) ;
#2378 = DIRECTION ( 'NONE',  ( -0.000000000000000000, 0.000000000000000000, 1.000000000000000000 ) ) ;
#2379 = SECURITY_CLASSIFICATION_LEVEL ( 'unclassified' ) ;
#2380 = LINE ( 'NONE', #3856, #4112 ) ;
#2381 = VECTOR ( 'NONE', #3824, 1.000000000000000000 ) ;
#2382 = ORIENTED_EDGE ( 'NONE', *, *, #4135, .F. ) ;
#2383 = AXIS2_PLACEMENT_3D ( 'NONE', #3055, #511, #4567 ) ;
#2384 = FACE_OUTER_BOUND ( 'NONE', #1168, .T. ) ;
#2385 = PRODUCT_DEFINITION_SHAPE ( 'NONE', 'NONE',  #4657 ) ;
#2386 = CARTESIAN_POINT ( 'NONE',  ( -0.1549999999999999434, 0.1549999999999999156, 0.05000000000000000278 ) ) ;
#2387 =( LENGTH_UNIT ( ) NAMED_UNIT ( * ) SI_UNIT ( $, .METRE. ) );
#2388 = CARTESIAN_POINT ( 'NONE',  ( 0.1749999999999999889, 0.1750000000000000167, 0.04500000000000000527 ) ) ;
#2389 = PERSON_AND_ORGANIZATION_ROLE ( 'classification_officer' ) ;
#2390 = DIRECTION ( 'NONE',  ( -3.330669073875469621E-15, -1.000000000000000000, 0.000000000000000000 ) ) ;
#2391 = LINE ( 'NONE', #1822, #519 ) ;
#2392 =( REPRESENTATION_RELATIONSHIP ('NONE','NONE', #3207, #1448 ) REPRESENTATION_RELATIONSHIP_WITH_TRANSFORMATION ( #2092 )SHAPE_REPRESENTATION_RELATIONSHIP( ) );
#2393 = DIRECTION ( 'NONE',  ( -0.000000000000000000, -0.000000000000000000, -1.000000000000000000 ) ) ;
#2394 = VERTEX_POINT ( 'NONE', #4273 ) ;
#2395 = EDGE_CURVE ( 'NONE', #6287, #80, #5814, .T. ) ;
#2396 = APPROVAL_DATE_TIME ( #5952, #3673 ) ;
#2397 = AXIS2_PLACEMENT_3D ( 'NONE', #1062, #6650, #3564 ) ;
#2398 = CARTESIAN_POINT ( 'NONE',  ( -0.1906542008756223205, -0.1875952068959872154, 0.05000000000000000278 ) ) ;
#2399 = LINE ( 'NONE', #3404, #5911 ) ;
#2400 = VECTOR ( 'NONE', #4989, 1.000000000000000000 ) ;
#2401 = FACE_OUTER_BOUND ( 'NONE', #5417, .T. ) ;
#2402 = VERTEX_POINT ( 'NONE', #6362 ) ;
#2403 = DESIGN_CONTEXT ( 'detailed design', #334, 'design' ) ;
#2404 = VERTEX_POINT ( 'NONE', #6228 ) ;
#2405 = CC_DESIGN_PERSON_AND_ORGANIZATION_ASSIGNMENT ( #4635, #6057, ( #5200 ) ) ;
#2406 = DIRECTION ( 'NONE',  ( 1.000000000000000000, 0.000000000000000000, 0.000000000000000000 ) ) ;
#2407 = VECTOR ( 'NONE', #6365, 1.000000000000000000 ) ;
#2408 = DIRECTION ( 'NONE',  ( -0.000000000000000000, 0.000000000000000000, -1.000000000000000000 ) ) ;
#2409 = FACE_OUTER_BOUND ( 'NONE', #4512, .T. ) ;
#2410 = CARTESIAN_POINT ( 'NONE',  ( 0.1322939773950583819, 0.02442088104906797383, -0.02315485862362378841 ) ) ;
#2411 = ORIENTED_EDGE ( 'NONE', *, *, #822, .F. ) ;
#2412 = CIRCLE ( 'NONE', #5302, 0.004999999999999997502 ) ;
#2413 = VECTOR ( 'NONE', #3589, 1.000000000000000000 ) ;
#2414 = EDGE_CURVE ( 'NONE', #6429, #1048, #5408, .T. ) ;
#2415 = LOCAL_TIME ( 23, 23, 15.00000000000000000, #1814 ) ;
#2416 = FACE_OUTER_BOUND ( 'NONE', #1333, .T. ) ;
#2417 = LINE ( 'NONE', #4520, #6609 ) ;
#2418 = CALENDAR_DATE ( 2026, 9, 1 ) ;
#2419 = FACE_OUTER_BOUND ( 'NONE', #4985, .T. ) ;
#2420 = APPROVAL_PERSON_ORGANIZATION ( #51, #4987, #6158 ) ;
#2421 = EDGE_CURVE ( 'NONE', #488, #3596, #6011, .T. ) ;
#2422 = EDGE_CURVE ( 'NONE', #3787, #4304, #6540, .T. ) ;
#2423 = EDGE_LOOP ( 'NONE', ( #3602, #4177, #6174, #2581, #5714, #5060, #5162, #5647 ) ) ;
#2424 = DIRECTION ( 'NONE',  ( 3.469446951953611033E-15, -0.000000000000000000, -1.000000000000000000 ) ) ;
#2425 = LOCAL_TIME ( 23, 23, 15.00000000000000000, #3561 ) ;
#2426 = CARTESIAN_POINT ( 'NONE',  ( -0.3179746835443037489, 0.09430379746835439170, 0.02000000000000001776 ) ) ;
#2427 = DIRECTION ( 'NONE',  ( 1.000000000000000000, -1.526556658859590243E-16, -3.663390671281307825E-17 ) ) ;
#2428 = CARTESIAN_POINT ( 'NONE',  ( 0.000000000000000000, 0.000000000000000000, 0.000000000000000000 ) ) ;
#2429 = EDGE_CURVE ( 'NONE', #5769, #6337, #2377, .T. ) ;
#2430 = FACE_OUTER_BOUND ( 'NONE', #4457, .T. ) ;
#2431 = CARTESIAN_POINT ( 'NONE',  ( 0.1964631743709726319, -0.1846728183024177183, 0.04853701447639904853 ) ) ;
#2432 = APPROVAL ( #6493, 'UNSPECIFIED' ) ;
#2433 = EDGE_LOOP ( 'NONE', ( #1057, #400 ) ) ;
#2434 = DATE_AND_TIME ( #2298, #6176 ) ;
#2435 = PLANE ( 'NONE',  #13 ) ;
#2436 = B_SPLINE_CURVE_WITH_KNOTS ( 'NONE', 3,
 ( #3705, #618, #4204, #2123 ),
 .UNSPECIFIED., .F., .F.,
 ( 4, 4 ),
 ( 0.000000000000000000, 0.002041627329041850476 ),
 .UNSPECIFIED. ) ;
#2437 = DIRECTION ( 'NONE',  ( 1.000000000000000000, 0.000000000000000000, 0.000000000000000000 ) ) ;
#2438 = CARTESIAN_POINT ( 'NONE',  ( -0.05970370370370361307, -0.1978888888888889475, 0.01999999999999999695 ) ) ;
#2439 = ORIENTED_EDGE ( 'NONE', *, *, #4374, .T. ) ;
#2440 = ORIENTED_EDGE ( 'NONE', *, *, #5240, .F. ) ;
#2441 = CARTESIAN_POINT ( 'NONE',  ( -0.1499999999999999389, 0.1499999999999999112, 0.04500000000000000527 ) ) ;
#2442 = DIRECTION ( 'NONE',  ( 1.000000000000000000, 0.000000000000000000, 0.000000000000000000 ) ) ;
#2443 = DIRECTION ( 'NONE',  ( -1.000000000000000000, -0.000000000000000000, 3.700743415417189125E-16 ) ) ;
#2444 = CARTESIAN_POINT ( 'NONE',  ( 0.06860347998582118356, 0.03491285432238399461, -0.02963005930399714716 ) ) ;
#2445 = VERTEX_POINT ( 'NONE', #1351 ) ;
#2446 = CARTESIAN_POINT ( 'NONE',  ( 0.1369357280143828903, 0.09283717016647953513, -0.05336363297059520255 ) ) ;
#2447 = DIRECTION ( 'NONE',  ( 1.000000000000000000, 9.251858538542972814E-17, -0.000000000000000000 ) ) ;
#2448 = APPROVAL_ROLE ( '' ) ;
#2449 = LINE ( 'NONE', #3011, #4400 ) ;
#2450 = VECTOR ( 'NONE', #2078, 1.000000000000000000 ) ;
#2451 = ORIENTED_EDGE ( 'NONE', *, *, #427, .T. ) ;
#2452 = EDGE_CURVE ( 'NONE', #6294, #4489, #1313, .T. ) ;
#2453 = EDGE_LOOP ( 'NONE', ( #328, #3944, #214, #735 ) ) ;
#2454 = DIRECTION ( 'NONE',  ( 0.000000000000000000, 0.000000000000000000, 1.000000000000000000 ) ) ;
#2455 = ADVANCED_FACE ( 'NONE', ( #4909 ), #3835, .T. ) ;
#2456 = DIRECTION ( 'NONE',  ( -1.000000000000000000, 0.000000000000000000, -0.000000000000000000 ) ) ;
#2457 = CARTESIAN_POINT ( 'NONE',  ( -0.1974999999999999811, -0.1750000000000000167, 0.04933012701892219160 ) ) ;
#2458 = DIRECTION ( 'NONE',  ( 3.245178177167584606E-16, 0.000000000000000000, 1.000000000000000000 ) ) ;
#2459 = ADVANCED_FACE ( 'NONE', ( #5503 ), #1855, .T. ) ;
#2460 = ORIENTED_EDGE ( 'NONE', *, *, #1805, .F. ) ;
#2461 = ORIENTED_EDGE ( 'NONE', *, *, #728, .T. ) ;
#2462 = DATE_AND_TIME ( #5611, #2425 ) ;
#2463 = CARTESIAN_POINT ( 'NONE',  ( -0.1535742892838577733, 0.05442144687136839243, 0.05141021772044913896 ) ) ;
#2464 = DIRECTION ( 'NONE',  ( -0.000000000000000000, -1.000000000000000000, -0.000000000000000000 ) ) ;
#2465 = ORIENTED_EDGE ( 'NONE', *, *, #5042, .T. ) ;
#2466 = DIRECTION ( 'NONE',  ( 0.000000000000000000, 0.000000000000000000, -1.000000000000000000 ) ) ;
#2467 = ORIENTED_EDGE ( 'NONE', *, *, #4271, .T. ) ;
#2468 = ORIENTED_EDGE ( 'NONE', *, *, #1432, .T. ) ;
#2469 = FACE_OUTER_BOUND ( 'NONE', #5318, .T. ) ;
#2470 = EDGE_CURVE ( 'NONE', #4670, #4236, #3897, .T. ) ;
#2471 = PLANE ( 'NONE',  #2087 ) ;
#2472 = CARTESIAN_POINT ( 'NONE',  ( 0.000000000000000000, 0.000000000000000000, 0.000000000000000000 ) ) ;
#2473 = VECTOR ( 'NONE', #4558, 1.000000000000000000 ) ;
#2474 = CARTESIAN_POINT ( 'NONE',  ( 0.1440036725926186201, 0.01616835581949997366, -0.02043484410888048511 ) ) ;
#2475 = EDGE_LOOP ( 'NONE', ( #1998, #6112, #3231, #2001, #3822 ) ) ;
#2476 = CARTESIAN_POINT ( 'NONE',  ( -0.04868215134239559094, 0.08031727832312431092, -0.009950775220461683876 ) ) ;
#2477 = CC_DESIGN_PERSON_AND_ORGANIZATION_ASSIGNMENT ( #4221, #2140, ( #5098 ) ) ;
#2478 = CARTESIAN_POINT ( 'NONE',  ( -0.3379746835443037112, -0.1856962025316456211, 0.9000000000000000222 ) ) ;
#2479 = PERSON_AND_ORGANIZATION_ROLE ( 'design_supplier' ) ;
#2480 = PLANE ( 'NONE',  #4130 ) ;
#2481 = APPLICATION_CONTEXT ( 'configuration controlled 3d designs of mechanical parts and assemblies' ) ;
#2482 =( BOUNDED_CURVE ( )  B_SPLINE_CURVE ( 3, ( #6348, #3792, #5735, #2753 ),
 .UNSPECIFIED., .F., .T. ) 
 B_SPLINE_CURVE_WITH_KNOTS ( ( 4, 4 ),
 ( 0.000000000000000000, 1.570796326794894560 ),
 .UNSPECIFIED. ) 
 CURVE ( )  GEOMETRIC_REPRESENTATION_ITEM ( )  RATIONAL_B_SPLINE_CURVE ( ( 1.000000000000000000, 0.8047378541243654926, 0.8047378541243654926, 1.000000000000000000 ) ) 
 REPRESENTATION_ITEM ( '' )  );
#2483 = EDGE_LOOP ( 'NONE', ( #1517, #1929, #2836, #4318, #3732, #4693, #4625, #4336 ) ) ;
#2484 = ORIENTED_EDGE ( 'NONE', *, *, #3059, .T. ) ;
#2485 = VECTOR ( 'NONE', #2393, 1.000000000000000000 ) ;
#2486 = FACE_OUTER_BOUND ( 'NONE', #283, .T. ) ;
#2487 = CC_DESIGN_PERSON_AND_ORGANIZATION_ASSIGNMENT ( #1558, #4570, ( #709 ) ) ;
#2488 = LINE ( 'NONE', #5108, #4874 ) ;
#2489 =( NAMED_UNIT ( * ) SI_UNIT ( $, .STERADIAN. ) SOLID_ANGLE_UNIT ( ) );
#2490 = CIRCLE ( 'NONE', #4732, 0.01999999999999999001 ) ;
#2491 = VECTOR ( 'NONE', #5856, 1.000000000000000000 ) ;
#2492 = FACE_OUTER_BOUND ( 'NONE', #1176, .T. ) ;
#2493 = CARTESIAN_POINT ( 'NONE',  ( -0.05797468354430375392, 0.09430379746835439170, 0.9000000000000000222 ) ) ;
#2494 = EDGE_CURVE ( 'NONE', #3188, #4706, #1889, .T. ) ;
#2495 = ORIENTED_EDGE ( 'NONE', *, *, #1476, .T. ) ;
#2496 = ORIENTED_EDGE ( 'NONE', *, *, #6293, .F. ) ;
#2497 = EDGE_CURVE ( 'NONE', #1903, #3585, #5948, .T. ) ;
#2498 = DATE_AND_TIME ( #2593, #4347 ) ;
#2499 = CARTESIAN_POINT ( 'NONE',  ( -0.1910284932914160239, -0.1875738515464771550, 0.04998703101547782163 ) ) ;
#2500 = CARTESIAN_POINT ( 'NONE',  ( -0.005000000000000130208, 0.005000000000000106790, 0.04500000000000000527 ) ) ;
#2501 = ORIENTED_EDGE ( 'NONE', *, *, #1561, .F. ) ;
#2502 = CARTESIAN_POINT ( 'NONE',  ( 0.2000000000000000389, -0.2199999999999999734, 0.009999999999999995004 ) ) ;
#2503 = EDGE_LOOP ( 'NONE', ( #5513, #5601, #3583, #3225, #5008, #4873, #5540, #3128, #3487, #3438, #6575 ) ) ;
#2504 = ADVANCED_FACE ( 'NONE', ( #3399 ), #2958, .T. ) ;
#2505 = ORIENTED_EDGE ( 'NONE', *, *, #573, .F. ) ;
#2506 = CARTESIAN_POINT ( 'NONE',  ( -0.3279746835443037578, 0.08430379746835439669, 0.000000000000000000 ) ) ;
#2507 = VECTOR ( 'NONE', #2321, 1.000000000000000000 ) ;
#2508 = DIRECTION ( 'NONE',  ( 5.766761972509491469E-16, 0.000000000000000000, 1.000000000000000000 ) ) ;
#2509 = CIRCLE ( 'NONE', #6265, 0.01000000000000000888 ) ;
#2510 = DIRECTION ( 'NONE',  ( 0.000000000000000000, -1.000000000000000000, 0.000000000000000000 ) ) ;
#2511 = ADVANCED_FACE ( 'NONE', ( #5442 ), #3335, .T. ) ;
#2512 = LINE ( 'NONE', #3133, #5026 ) ;
#2513 = ORIENTED_EDGE ( 'NONE', *, *, #1227, .T. ) ;
#2514 = CARTESIAN_POINT ( 'NONE',  ( -0.02979862536064037046, 0.08436912724974895972, -0.02243816344943810187 ) ) ;
#2515 = DIRECTION ( 'NONE',  ( -1.334402673828313093E-16, 1.000000000000000000, 0.000000000000000000 ) ) ;
#2516 = PERSON_AND_ORGANIZATION ( #6361, #58 ) ;
#2517 = CARTESIAN_POINT ( 'NONE',  ( -0.1499999999999996891, 0.03337837837837837052, 0.2700000000000000178 ) ) ;
#2518 = VECTOR ( 'NONE', #1680, 1.000000000000000000 ) ;
#2519 = FACE_OUTER_BOUND ( 'NONE', #957, .T. ) ;
#2520 = ORIENTED_EDGE ( 'NONE', *, *, #6539, .T. ) ;
#2521 = PRODUCT_DEFINITION_FORMATION_WITH_SPECIFIED_SOURCE ( 'ANY', '', #2279, .NOT_KNOWN. ) ;
#2522 = VERTEX_POINT ( 'NONE', #4473 ) ;
#2523 = CARTESIAN_POINT ( 'NONE',  ( 0.1849999999999998312, 0.1949999999999999789, 0.000000000000000000 ) ) ;
#2524 = DIRECTION ( 'NONE',  ( -1.067522139062650671E-16, 1.000000000000000000, 0.000000000000000000 ) ) ;
#2525 = CARTESIAN_POINT ( 'NONE',  ( 1.162827173985361284, 1.093024177594289936, 0.8775421446153142124 ) ) ;
#2526 = CIRCLE ( 'NONE', #3909, 0.02999999999999999889 ) ;
#2527 = CARTESIAN_POINT ( 'NONE',  ( 0.2102962962962963700, -0.1878888888888889108, 0.02000000000000000042 ) ) ;
#2528 = LOCAL_TIME ( 23, 23, 15.00000000000000000, #417 ) ;
#2529 = CARTESIAN_POINT ( 'NONE',  ( -0.1399999999999996803, 0.03337837837837833582, 0.2799999999999999711 ) ) ;
#2530 = ORIENTED_EDGE ( 'NONE', *, *, #6146, .T. ) ;
#2531 = ADVANCED_FACE ( 'NONE', ( #792 ), #2827, .F. ) ;
#2532 = CC_DESIGN_SECURITY_CLASSIFICATION ( #3597, ( #6661 ) ) ;
#2533 = ORIENTED_EDGE ( 'NONE', *, *, #1519, .T. ) ;
#2534 = CARTESIAN_POINT ( 'NONE',  ( -0.1922540963174557138, -0.1874883944369566124, 0.04983210001426703617 ) ) ;
#2535 = DIRECTION ( 'NONE',  ( 1.000000000000000000, 1.850371707708594316E-16, -0.000000000000000000 ) ) ;
#2536 = ORIENTED_EDGE ( 'NONE', *, *, #5988, .F. ) ;
#2537 = DIRECTION ( 'NONE',  ( -0.7071067811865465735, 0.7071067811865484609, -0.000000000000000000 ) ) ;
#2538 = ORIENTED_EDGE ( 'NONE', *, *, #4303, .T. ) ;
#2539 = EDGE_LOOP ( 'NONE', ( #1153, #2938, #5106, #2538 ) ) ;
#2540 = EDGE_CURVE ( 'NONE', #3633, #3836, #4939, .T. ) ;
#2541 = CARTESIAN_POINT ( 'NONE',  ( -0.1299999999999996991, 0.03671171171171169756, 0.2899999999999999800 ) ) ;
#2542 = DIRECTION ( 'NONE',  ( 0.7071067811865512365, -0.7071067811865439090, 0.000000000000000000 ) ) ;
#2543 = LINE ( 'NONE', #1532, #6224 ) ;
#2544 = CARTESIAN_POINT ( 'NONE',  ( -0.1866351121029628524, -0.1959982767016882066, 0.04800605783282043543 ) ) ;
#2545 = VERTEX_POINT ( 'NONE', #3430 ) ;
#2546 = CARTESIAN_POINT ( 'NONE',  ( 0.1167194897586504299, 0.09339288897880936025, -0.05569752867281489023 ) ) ;
#2547 = ADVANCED_FACE ( 'NONE', ( #2492 ), #3494, .F. ) ;
#2548 = PLANE ( 'NONE',  #6490 ) ;
#2549 = PERSON_AND_ORGANIZATION ( #6361, #58 ) ;
#2550 = DIRECTION ( 'NONE',  ( 0.000000000000000000, 0.000000000000000000, -1.000000000000000000 ) ) ;
#2551 = CARTESIAN_POINT ( 'NONE',  ( 0.1949999999999999512, 0.1849999999999999423, 0.05000000000000000278 ) ) ;
#2552 = ORIENTED_EDGE ( 'NONE', *, *, #6435, .F. ) ;
#2553 = VERTEX_POINT ( 'NONE', #1477 ) ;
#2554 = CARTESIAN_POINT ( 'NONE',  ( 0.1300000000000001155, -0.006621621621621632051, 0.01999999999999999695 ) ) ;
#2555 = CYLINDRICAL_SURFACE ( 'NONE', #3236, 0.01000000000000000888 ) ;
#2556 = AXIS2_PLACEMENT_3D ( 'NONE', #3333, #5848, #3360 ) ;
#2557 = CARTESIAN_POINT ( 'NONE',  ( -0.05797468354430372617, -0.1856962025316456211, 0.8800000000000000044 ) ) ;
#2558 = EDGE_LOOP ( 'NONE', ( #4351, #6497, #4614, #3504 ) ) ;
#2559 = EDGE_LOOP ( 'NONE', ( #5748, #959, #3066, #2121 ) ) ;
#2560 = VECTOR ( 'NONE', #2825, 1.000000000000000000 ) ;
#2561 = CC_DESIGN_PERSON_AND_ORGANIZATION_ASSIGNMENT ( #4087, #634, ( #2095 ) ) ;
#2562 = DATE_AND_TIME ( #1590, #267 ) ;
#2563 = CARTESIAN_POINT ( 'NONE',  ( -0.09764391132981443955, 0.09330880441000213854, -0.05533464619550170632 ) ) ;
#2564 = ORIENTED_EDGE ( 'NONE', *, *, #3638, .T. ) ;
#2565 = CARTESIAN_POINT ( 'NONE',  ( 0.1939076402600731219, 0.1873373690252200519, 0.04930474066497125829 ) ) ;
#2566 = ORIENTED_EDGE ( 'NONE', *, *, #1464, .F. ) ;
#2567 = EDGE_LOOP ( 'NONE', ( #1832, #1325, #5995, #4702 ) ) ;
#2568 = CARTESIAN_POINT ( 'NONE',  ( 0.1601474731201153745, -0.2129459209891558513, 0.0004364617443623698863 ) ) ;
#2569 = CARTESIAN_POINT ( 'NONE',  ( 0.04961702418056541941, 0.04546727141058547889, -0.02891763874075477594 ) ) ;
#2570 = CARTESIAN_POINT ( 'NONE',  ( -0.3379746835443037667, 0.09430379746835439170, 0.9000000000000000222 ) ) ;
#2571 = AXIS2_PLACEMENT_3D ( 'NONE', #4833, #235, #1788 ) ;
#2572 = CARTESIAN_POINT ( 'NONE',  ( -0.1871049384543281291, -0.1958718940557437060, 0.04782112412222422337 ) ) ;
#2573 = ORIENTED_EDGE ( 'NONE', *, *, #4060, .T. ) ;
#2574 = ADVANCED_FACE ( 'NONE', ( #1547 ), #6047, .F. ) ;
#2575 = CARTESIAN_POINT ( 'NONE',  ( 0.03084543797162186268, 0.09145453944836820503, -0.04777017055555931452 ) ) ;
#2576 = ORIENTED_EDGE ( 'NONE', *, *, #688, .F. ) ;
#2577 = CARTESIAN_POINT ( 'NONE',  ( -0.004999999999999419839, -0.004999999999999443258, 0.05000000000000000278 ) ) ;
#2578 = SECURITY_CLASSIFICATION_LEVEL ( 'unclassified' ) ;
#2579 = CARTESIAN_POINT ( 'NONE',  ( -0.05970370370370364776, 0.06211111111111107530, 0.000000000000000000 ) ) ;
#2580 = CARTESIAN_POINT ( 'NONE',  ( -0.1133696705404357019, 0.01319437982093353036, 0.05803073830054009119 ) ) ;
#2581 = ORIENTED_EDGE ( 'NONE', *, *, #2747, .T. ) ;
#2582 = ORIENTED_EDGE ( 'NONE', *, *, #5436, .T. ) ;
#2583 = CARTESIAN_POINT ( 'NONE',  ( 0.1750000000000000444, -0.1750000000000000167, 0.05000000000000000278 ) ) ;
#2584 = DIRECTION ( 'NONE',  ( -1.387778780781445676E-16, 1.000000000000000000, 0.000000000000000000 ) ) ;
#2585 = DATE_AND_TIME ( #3116, #4547 ) ;
#2586 = ADVANCED_FACE ( 'NONE', ( #1443 ), #5110, .F. ) ;
#2587 = CARTESIAN_POINT ( 'NONE',  ( -0.03797468354430375698, 0.08430379746835439669, 0.000000000000000000 ) ) ;
#2588 = PERSON_AND_ORGANIZATION_ROLE ( 'classification_officer' ) ;
#2589 = ADVANCED_FACE ( 'NONE', ( #2021 ), #955, .T. ) ;
#2590 = ORIENTED_EDGE ( 'NONE', *, *, #5947, .T. ) ;
#2591 = VERTEX_POINT ( 'NONE', #4139 ) ;
#2592 = AXIS2_PLACEMENT_3D ( 'NONE', #617, #3080, #439 ) ;
#2593 = CALENDAR_DATE ( 2026, 9, 1 ) ;
#2594 = CARTESIAN_POINT ( 'NONE',  ( 0.2000000000000000389, -0.1799999999999999933, 0.000000000000000000 ) ) ;
#2595 = CIRCLE ( 'NONE', #6353, 0.009999999999999981126 ) ;
#2596 = ORIENTED_EDGE ( 'NONE', *, *, #4675, .F. ) ;
#2597 = CARTESIAN_POINT ( 'NONE',  ( 0.1750000000000000444, -0.1750000000000000167, 0.05000000000000000278 ) ) ;
#2598 = VERTEX_POINT ( 'NONE', #6607 ) ;
#2599 = ORIENTED_EDGE ( 'NONE', *, *, #3429, .T. ) ;
#2600 = ADVANCED_FACE ( 'NONE', ( #5072 ), #2987, .T. ) ;
#2601 = VECTOR ( 'NONE', #325, 1.000000000000000000 ) ;
#2602 = CARTESIAN_POINT ( 'NONE',  ( 0.1607102452559389383, -0.2155897007047497815, 0.001700220998762293472 ) ) ;
#2603 = DIRECTION ( 'NONE',  ( -1.000000000000000000, -0.000000000000000000, -0.000000000000000000 ) ) ;
#2604 = CARTESIAN_POINT ( 'NONE',  ( 0.2800000000000000266, 0.000000000000000000, 0.2899999999999999800 ) ) ;
#2605 = AXIS2_PLACEMENT_3D ( 'NONE', #6236, #4047, #4082 ) ;
#2606 = APPROVAL ( #3122, 'UNKNOWN' ) ;
#2607 = CARTESIAN_POINT ( 'NONE',  ( -0.1791214407889299698, -0.1973229599237747434, 0.04922377745770990104 ) ) ;
#2608 = ORIENTED_EDGE ( 'NONE', *, *, #6364, .F. ) ;
#2609 = DIRECTION ( 'NONE',  ( -0.000000000000000000, -0.000000000000000000, -1.000000000000000000 ) ) ;
#2610 = VECTOR ( 'NONE', #1799, 1.000000000000000222 ) ;
#2611 = APPROVAL_STATUS ( 'not_yet_approved' ) ;
#2612 = DIRECTION ( 'NONE',  ( 0.000000000000000000, 0.000000000000000000, 1.000000000000000000 ) ) ;
#2613 = ADVANCED_FACE ( 'NONE', ( #986 ), #2555, .T. ) ;
#2614 = CYLINDRICAL_SURFACE ( 'NONE', #963, 0.004999999999999997502 ) ;
#2615 = ORIENTED_EDGE ( 'NONE', *, *, #6443, .F. ) ;
#2616 = AXIS2_PLACEMENT_3D ( 'NONE', #3389, #5428, #5458 ) ;
#2617 = ORIENTED_EDGE ( 'NONE', *, *, #1389, .T. ) ;
#2618 = CARTESIAN_POINT ( 'NONE',  ( 0.1500000000000000222, 0.1499999999999999112, 0.04500000000000000527 ) ) ;
#2619 = DIRECTION ( 'NONE',  ( -0.000000000000000000, -0.000000000000000000, -1.000000000000000000 ) ) ;
#2620 = COORDINATED_UNIVERSAL_TIME_OFFSET ( 5, 30, .AHEAD. ) ;
#2621 = DIRECTION ( 'NONE',  ( -0.000000000000000000, 1.000000000000000000, 0.000000000000000000 ) ) ;
#2622 = EDGE_CURVE ( 'NONE', #1295, #461, #5058, .T. ) ;
#2623 = VECTOR ( 'NONE', #496, 1.000000000000000000 ) ;
#2624 = LOCAL_TIME ( 23, 23, 15.00000000000000000, #5429 ) ;
#2625 = ORIENTED_EDGE ( 'NONE', *, *, #3143, .F. ) ;
#2626 = ORIENTED_EDGE ( 'NONE', *, *, #4487, .F. ) ;
#2627 = CIRCLE ( 'NONE', #3581, 0.009999999999999870104 ) ;
#2628 = APPROVAL_PERSON_ORGANIZATION ( #2549, #3914, #3986 ) ;
#2629 = COORDINATED_UNIVERSAL_TIME_OFFSET ( 5, 30, .AHEAD. ) ;
#2630 = EDGE_CURVE ( 'NONE', #75, #4931, #6190, .T. ) ;
#2631 = CARTESIAN_POINT ( 'NONE',  ( -0.1115925654833213460, 0.08949961615085887112, -0.04016621024878622853 ) ) ;
#2632 = CARTESIAN_POINT ( 'NONE',  ( 0.1500000000000001055, 0.08337837837837837329, 0.2999999999999999889 ) ) ;
#2633 = ORIENTED_EDGE ( 'NONE', *, *, #5325, .F. ) ;
#2634 = VERTEX_POINT ( 'NONE', #4240 ) ;
#2635 = DIRECTION ( 'NONE',  ( 1.000000000000000000, 0.000000000000000000, 0.000000000000000000 ) ) ;
#2636 = ORIENTED_EDGE ( 'NONE', *, *, #2135, .F. ) ;
#2637 = AXIS2_PLACEMENT_3D ( 'NONE', #4646, #4713, #4742 ) ;
#2638 = LINE ( 'NONE', #2136, #40 ) ;
#2639 = CARTESIAN_POINT ( 'NONE',  ( 0.004999999999999419839, -0.004999999999999367797, 0.05000000000000000278 ) ) ;
#2640 = FACE_OUTER_BOUND ( 'NONE', #4442, .T. ) ;
#2641 = CARTESIAN_POINT ( 'NONE',  ( 0.1649999999999999800, 0.1550000000000000266, 0.04500000000000000527 ) ) ;
#2642 = CARTESIAN_POINT ( 'NONE',  ( 0.000000000000000000, 0.000000000000000000, 0.02999999999999999889 ) ) ;
#2643 = ORIENTED_EDGE ( 'NONE', *, *, #6160, .F. ) ;
#2644 = DIRECTION ( 'NONE',  ( 3.330669073875469621E-15, 1.000000000000000000, -0.000000000000000000 ) ) ;
#2645 = APPLICATION_PROTOCOL_DEFINITION ( 'international standard', 'config_control_design', 1994, #1709 ) ;
#2646 = CC_DESIGN_PERSON_AND_ORGANIZATION_ASSIGNMENT ( #5300, #1212, ( #2221 ) ) ;
#2647 = CARTESIAN_POINT ( 'NONE',  ( -0.1749999999999999889, -0.2000000000000000111, 0.04500000000000000527 ) ) ;
#2648 = DIRECTION ( 'NONE',  ( -0.000000000000000000, -1.000000000000000000, 0.000000000000000000 ) ) ;
#2649 = ORIENTED_EDGE ( 'NONE', *, *, #4714, .T. ) ;
#2650 = VERTEX_POINT ( 'NONE', #3523 ) ;
#2651 = PLANE ( 'NONE',  #6027 ) ;
#2652 = CARTESIAN_POINT ( 'NONE',  ( 0.1949999999999999789, 0.1750000000000000444, 0.04500000000000000527 ) ) ;
#2653 = APPROVAL_ROLE ( '' ) ;
#2654 = CARTESIAN_POINT ( 'NONE',  ( -0.1760363112501601990, 0.1975000000000000089, 0.04933012701892221935 ) ) ;
#2655 = ADVANCED_FACE ( 'NONE', ( #4598 ), #5572, .F. ) ;
#2656 = ORIENTED_EDGE ( 'NONE', *, *, #6110, .T. ) ;
#2657 = CARTESIAN_POINT ( 'NONE',  ( 0.2199999999999999734, -0.2099999999999999645, 0.009999999999999996739 ) ) ;
#2658 = CARTESIAN_POINT ( 'NONE',  ( -0.05797468354430375392, 0.09430379746835439170, 0.9000000000000000222 ) ) ;
#2659 = SECURITY_CLASSIFICATION_LEVEL ( 'unclassified' ) ;
#2660 = ADVANCED_FACE ( 'NONE', ( #5138 ), #477, .T. ) ;
#2661 = CARTESIAN_POINT ( 'NONE',  ( -0.1499999999999996891, 0.03337837837837837052, 0.2700000000000000178 ) ) ;
#2662 = DIRECTION ( 'NONE',  ( 2.775557561562888984E-15, -0.000000000000000000, -1.000000000000000000 ) ) ;
#2663 = VERTEX_POINT ( 'NONE', #2587 ) ;
#2664 = AXIS2_PLACEMENT_3D ( 'NONE', #3582, #5633, #5104 ) ;
#2665 = DIRECTION ( 'NONE',  ( -9.251858538542971581E-17, 1.000000000000000000, -0.000000000000000000 ) ) ;
#2666 = VERTEX_POINT ( 'NONE', #2457 ) ;
#2667 = PLANE ( 'NONE',  #4227 ) ;
#2668 = ADVANCED_FACE ( 'NONE', ( #6642 ), #2053, .T. ) ;
#2669 = CARTESIAN_POINT ( 'NONE',  ( -0.1975000000000000366, 0.1750000000000000167, 0.04933012701892219853 ) ) ;
#2670 = CARTESIAN_POINT ( 'NONE',  ( 0.3028228313319591969, 0.001903078563874275719, 0.05307398710072393222 ) ) ;
#2671 = CARTESIAN_POINT ( 'NONE',  ( 0.07029629629629635668, 0.01211111111111107252, 0.2703701166919154630 ) ) ;
#2672 = VERTEX_POINT ( 'NONE', #5605 ) ;
#2673 = PLANE ( 'NONE',  #4949 ) ;
#2674 = CARTESIAN_POINT ( 'NONE',  ( -0.1549999999999995270, -0.1649999999999999800, 0.04792893218813452927 ) ) ;
#2675 = PERSON_AND_ORGANIZATION ( #6361, #58 ) ;
#2676 = CARTESIAN_POINT ( 'NONE',  ( 0.3016359666680215046, 0.05453729590371769048, 0.05134241389035227449 ) ) ;
#2677 = DIRECTION ( 'NONE',  ( -1.000000000000000000, -0.000000000000000000, 3.700743415417189125E-16 ) ) ;
#2678 = CYLINDRICAL_SURFACE ( 'NONE', #1061, 0.009999999999999996739 ) ;
#2679 = ORIENTED_EDGE ( 'NONE', *, *, #1894, .F. ) ;
#2680 = ORIENTED_EDGE ( 'NONE', *, *, #6488, .T. ) ;
#2681 = CARTESIAN_POINT ( 'NONE',  ( 0.2199999999999999734, -0.2199999999999999734, 0.06699999999999996236 ) ) ;
#2682 = CARTESIAN_POINT ( 'NONE',  ( 0.07029629629629635668, 0.06211111111111110306, -0.05885475030057025353 ) ) ;
#2683 = DATE_AND_TIME ( #4262, #3369 ) ;
#2684 = CARTESIAN_POINT ( 'NONE',  ( -0.1974999999999999811, -0.1750000000000000167, 0.04933012701892219160 ) ) ;
#2685 = EDGE_CURVE ( 'NONE', #3313, #5768, #1020, .T. ) ;
#2686 = EDGE_CURVE ( 'NONE', #5127, #2666, #2966, .T. ) ;
#2687 = EDGE_CURVE ( 'NONE', #6637, #2553, #2482, .T. ) ;
#2689 = ORIENTED_EDGE ( 'NONE', *, *, #5338, .T. ) ;
#2688 = CC_DESIGN_DATE_AND_TIME_ASSIGNMENT ( #6646, #6195, ( #5200 ) ) ;
#2690 = VERTEX_POINT ( 'NONE', #2249 ) ;
#2691 = DIRECTION ( 'NONE',  ( 0.000000000000000000, 0.000000000000000000, 1.000000000000000000 ) ) ;
#2692 = CARTESIAN_POINT ( 'NONE',  ( 0.000000000000000000, 0.000000000000000000, 0.2899999999999999800 ) ) ;
#2693 = FACE_OUTER_BOUND ( 'NONE', #2089, .T. ) ;
#2694 = ORIENTED_EDGE ( 'NONE', *, *, #5988, .T. ) ;
#2695 =( BOUNDED_CURVE ( )  B_SPLINE_CURVE ( 3, ( #3865, #3896, #1854, #6508 ),
 .UNSPECIFIED., .F., .T. ) 
 B_SPLINE_CURVE_WITH_KNOTS ( ( 4, 4 ),
 ( 0.000000000000000000, 0.5994940522485450174 ),
 .UNSPECIFIED. ) 
 CURVE ( )  GEOMETRIC_REPRESENTATION_ITEM ( )  RATIONAL_B_SPLINE_CURVE ( ( 1.000000000000000000, 0.9702741449653938810, 0.9702741449653938810, 1.000000000000000000 ) ) 
 REPRESENTATION_ITEM ( '' )  );
#2696 = VERTEX_POINT ( 'NONE', #715 ) ;
#2697 = DIRECTION ( 'NONE',  ( 0.000000000000000000, 0.000000000000000000, -1.000000000000000000 ) ) ;
#2698 = CLOSED_SHELL ( 'NONE', ( #2455, #4023, #4108, #4390, #3599, #5901, #4690, #980, #783, #3388, #3240, #4337 ) ) ;
#2699 = DIRECTION ( 'NONE',  ( -9.251858538542971581E-17, 1.000000000000000000, 3.668437989309020777E-32 ) ) ;
#2700 = FACE_OUTER_BOUND ( 'NONE', #5840, .T. ) ;
#2701 = DIRECTION ( 'NONE',  ( -0.000000000000000000, -0.000000000000000000, -1.000000000000000000 ) ) ;
#2702 = ORIENTED_EDGE ( 'NONE', *, *, #4578, .F. ) ;
#2703 = CARTESIAN_POINT ( 'NONE',  ( 0.2195393920141694155, -0.2042675707043482836, 0.006999999999999966319 ) ) ;
#2704 = EDGE_CURVE ( 'NONE', #6026, #376, #3223, .T. ) ;
#2705 = CARTESIAN_POINT ( 'NONE',  ( -0.05797468354430372617, -0.1856962025316456488, 0.9000000000000000222 ) ) ;
#2706 = DIRECTION ( 'NONE',  ( 0.000000000000000000, 0.000000000000000000, -1.000000000000000000 ) ) ;
#2707 = DIRECTION ( 'NONE',  ( -1.000000000000000000, 0.000000000000000000, -0.000000000000000000 ) ) ;
#2708 = CARTESIAN_POINT ( 'NONE',  ( 0.001649121780252473662, 0.02084574114961664643, -0.02167111996985915043 ) ) ;
#2709 = ORIENTED_EDGE ( 'NONE', *, *, #2252, .F. ) ;
#2710 = CC_DESIGN_PERSON_AND_ORGANIZATION_ASSIGNMENT ( #2714, #2215, ( #702 ) ) ;
#2711 = CARTESIAN_POINT ( 'NONE',  ( -0.1084150626634131087, 0.05551877822473572088, 0.05061773153931732605 ) ) ;
#2712 = CARTESIAN_POINT ( 'NONE',  ( 0.1400000000000001243, -0.01662162162162163573, 0.2999999999999999889 ) ) ;
#2713 = AXIS2_PLACEMENT_3D ( 'NONE', #6581, #2927, #3935 ) ;
#2714 = PERSON_AND_ORGANIZATION ( #6361, #58 ) ;
#2715 = CARTESIAN_POINT ( 'NONE',  ( 0.1599999999999999756, 0.000000000000000000, 0.04500000000000000527 ) ) ;
#2716 = AXIS2_PLACEMENT_3D ( 'NONE', #217, #841, #2272 ) ;
#2717 = VECTOR ( 'NONE', #5147, 1.000000000000000000 ) ;
#2718 = ORIENTED_EDGE ( 'NONE', *, *, #162, .T. ) ;
#2719 = DIRECTION ( 'NONE',  ( 0.000000000000000000, 1.000000000000000000, 0.000000000000000000 ) ) ;
#2720 = LINE ( 'NONE', #3763, #6054 ) ;
#2721 = VECTOR ( 'NONE', #5779, 1.000000000000000000 ) ;
#2722 = COORDINATED_UNIVERSAL_TIME_OFFSET ( 5, 30, .AHEAD. ) ;
#2723 = DIRECTION ( 'NONE',  ( -1.000000000000000000, -9.251858538542971581E-17, 0.000000000000000000 ) ) ;
#2724 = ADVANCED_FACE ( 'NONE', ( #3259 ), #3193, .T. ) ;
#2725 = CARTESIAN_POINT ( 'NONE',  ( 0.2002962962962963611, 0.06211111111111107530, 0.02999999999999999889 ) ) ;
#2726 = EDGE_LOOP ( 'NONE', ( #3908, #5888, #3179, #5189, #6197, #1400, #6623, #3006, #117, #630 ) ) ;
#2727 = AXIS2_PLACEMENT_3D ( 'NONE', #4284, #6242, #635 ) ;
#2728 = AXIS2_PLACEMENT_3D ( 'NONE', #4038, #2464, #3026 ) ;
#2729 = CARTESIAN_POINT ( 'NONE',  ( 0.000000000000000000, -0.1950000000000000622, 0.04500000000000000527 ) ) ;
#2730 = APPROVAL_PERSON_ORGANIZATION ( #5724, #5549, #2894 ) ;
#2731 = ORIENTED_EDGE ( 'NONE', *, *, #4792, .T. ) ;
#2732 = CARTESIAN_POINT ( 'NONE',  ( -0.1950000000000000344, 0.1750000000000000167, 0.04500000000000000527 ) ) ;
#2733 = CARTESIAN_POINT ( 'NONE',  ( -0.05797468354430372617, -0.1856962025316456488, 0.5999999999999999778 ) ) ;
#2734 = LOCAL_TIME ( 23, 23, 15.00000000000000000, #5459 ) ;
#2735 = DIRECTION ( 'NONE',  ( -1.000000000000000000, -0.000000000000000000, -0.000000000000000000 ) ) ;
#2736 = DIRECTION ( 'NONE',  ( -0.7071067811865484609, -0.7071067811865465735, 0.000000000000000000 ) ) ;
#2737 = ORIENTED_EDGE ( 'NONE', *, *, #500, .F. ) ;
#2738 = VECTOR ( 'NONE', #1194, 1.000000000000000000 ) ;
#2739 = LOCAL_TIME ( 23, 23, 15.00000000000000000, #1217 ) ;
#2740 = ADVANCED_FACE ( 'NONE', ( #4666 ), #1250, .T. ) ;
#2741 = CARTESIAN_POINT ( 'NONE',  ( -0.3179746835443037489, 0.07430379746835438781, 0.8599999999999998757 ) ) ;
#2742 = CARTESIAN_POINT ( 'NONE',  ( -0.3279746835443037578, 0.09430379746835439170, 0.9000000000000000222 ) ) ;
#2743 = DIRECTION ( 'NONE',  ( 0.000000000000000000, 1.000000000000000000, 0.000000000000000000 ) ) ;
#2744 = CARTESIAN_POINT ( 'NONE',  ( -0.1600000000000000311, -0.1550000000000005818, 0.05000000000000000278 ) ) ;
#2745 = ADVANCED_FACE ( 'NONE', ( #1214 ), #3153, .T. ) ;
#2746 = DIRECTION ( 'NONE',  ( 0.000000000000000000, 0.000000000000000000, -1.000000000000000000 ) ) ;
#2747 = EDGE_CURVE ( 'NONE', #3605, #2402, #15, .T. ) ;
#2748 = ORIENTED_EDGE ( 'NONE', *, *, #1379, .F. ) ;
#2749 = EDGE_CURVE ( 'NONE', #4561, #2591, #4698, .T. ) ;
#2750 = CARTESIAN_POINT ( 'NONE',  ( 0.2195393920141694155, -0.2042675707043482836, 0.006999999999999966319 ) ) ;
#2751 = CARTESIAN_POINT ( 'NONE',  ( -0.3379746835443037112, -0.1856962025316456211, 0.5999999999999999778 ) ) ;
#2752 = COORDINATED_UNIVERSAL_TIME_OFFSET ( 5, 30, .AHEAD. ) ;
#2753 = CARTESIAN_POINT ( 'NONE',  ( 0.1599999999999999756, -0.1570710678118636960, 0.05000000000000000278 ) ) ;
#2754 = ADVANCED_BREP_SHAPE_REPRESENTATION ( '', ( #4533, #1868 ), #587 ) ;
#2755 = VERTEX_POINT ( 'NONE', #679 ) ;
#2756 = FACE_OUTER_BOUND ( 'NONE', #1991, .T. ) ;
#2757 = ADVANCED_FACE ( 'NONE', ( #2148 ), #4201, .T. ) ;
#2758 = CALENDAR_DATE ( 2026, 9, 1 ) ;
#2759 = CARTESIAN_POINT ( 'NONE',  ( 0.2000000000000000389, -0.1599999999999999756, 0.000000000000000000 ) ) ;
#2760 = CARTESIAN_POINT ( 'NONE',  ( -0.3279746835443037578, -0.1956962025316451026, 0.3099999999999999423 ) ) ;
#2761 = ORIENTED_EDGE ( 'NONE', *, *, #645, .T. ) ;
#2762 = DIRECTION ( 'NONE',  ( -0.000000000000000000, 1.000000000000000000, -0.000000000000000000 ) ) ;
#2763 = ORIENTED_EDGE ( 'NONE', *, *, #716, .T. ) ;
#2764 = CARTESIAN_POINT ( 'NONE',  ( -0.3379746835443037667, 0.09430379746835439170, 0.000000000000000000 ) ) ;
#2765 = CARTESIAN_POINT ( 'NONE',  ( 0.1875882930951814354, -0.1907800785013711864, 0.04999741110088757462 ) ) ;
#2766 = DIRECTION ( 'NONE',  ( -0.000000000000000000, -0.000000000000000000, 1.000000000000000000 ) ) ;
#2767 = DIRECTION ( 'NONE',  ( 0.000000000000000000, 1.000000000000000000, 0.000000000000000000 ) ) ;
#2768 = EDGE_LOOP ( 'NONE', ( #4737, #3746, #4591, #221 ) ) ;
#2769 = CC_DESIGN_PERSON_AND_ORGANIZATION_ASSIGNMENT ( #763, #4192, ( #3776 ) ) ;
#2770 = FACE_OUTER_BOUND ( 'NONE', #895, .T. ) ;
#2771 = VECTOR ( 'NONE', #2775, 1.000000000000000000 ) ;
#2772 = CARTESIAN_POINT ( 'NONE',  ( 0.000000000000000000, -0.01000000000000000021, 0.2899999999999999800 ) ) ;
#2773 = CARTESIAN_POINT ( 'NONE',  ( 0.09635879218472470642, -0.4600000000000004086, 0.1928410129054078659 ) ) ;
#2774 = DIRECTION ( 'NONE',  ( -1.000000000000000000, 0.000000000000000000, -0.000000000000000000 ) ) ;
#2775 = DIRECTION ( 'NONE',  ( 0.7071067811865465735, -0.7071067811865484609, 0.000000000000000000 ) ) ;
#2776 = ORIENTED_EDGE ( 'NONE', *, *, #2821, .F. ) ;
#2777 = CARTESIAN_POINT ( 'NONE',  ( -0.3279746835443037578, -0.1956962025316451026, 0.2999999999999999334 ) ) ;
#2778 = CARTESIAN_POINT ( 'NONE',  ( -0.1874686673285276828, -0.1924959336342834393, 0.04977878381490450505 ) ) ;
#2779 = APPROVAL_DATE_TIME ( #6382, #4812 ) ;
#2780 = DIRECTION ( 'NONE',  ( 0.000000000000000000, 1.000000000000000000, 0.000000000000000000 ) ) ;
#2781 = VECTOR ( 'NONE', #3524, 1.000000000000000000 ) ;
#2782 = AXIS2_PLACEMENT_3D ( 'NONE', #4612, #4120, #2006 ) ;
#2783 = ORIENTED_EDGE ( 'NONE', *, *, #662, .T. ) ;
#2784 = CARTESIAN_POINT ( 'NONE',  ( -0.3279746835443030917, 0.08430379746835436894, 0.2799999999999999711 ) ) ;
#2785 = EDGE_CURVE ( 'NONE', #6088, #2106, #3730, .T. ) ;
#2786 = DIRECTION ( 'NONE',  ( 1.850371707708594316E-16, -1.000000000000000000, 0.000000000000000000 ) ) ;
#2787 =( LENGTH_UNIT ( ) NAMED_UNIT ( * ) SI_UNIT ( $, .METRE. ) );
#2788 = EDGE_CURVE ( 'NONE', #247, #570, #4964, .T. ) ;
#2789 = DIRECTION ( 'NONE',  ( 1.000000000000000000, 0.000000000000000000, 0.000000000000000000 ) ) ;
#2790 = VERTEX_POINT ( 'NONE', #1716 ) ;
#2791 = EDGE_CURVE ( 'NONE', #6247, #2131, #3757, .T. ) ;
#2792 = CARTESIAN_POINT ( 'NONE',  ( 0.1500000000000000222, 1.387778780781445984E-17, 0.000000000000000000 ) ) ;
#2793 = EDGE_LOOP ( 'NONE', ( #4840, #4244, #4195, #5616, #1146, #6015 ) ) ;
#2794 = COORDINATED_UNIVERSAL_TIME_OFFSET ( 5, 30, .AHEAD. ) ;
#2795 = CARTESIAN_POINT ( 'NONE',  ( 0.08647785561626267214, 0.04366423728907505714, -0.02919454757993611080 ) ) ;
#2796 = CARTESIAN_POINT ( 'NONE',  ( -0.1950000000000000622, 0.1849999999999999978, 0.04500000000000000527 ) ) ;
#2797 = DIRECTION ( 'NONE',  ( 0.000000000000000000, 1.000000000000000000, 0.000000000000000000 ) ) ;
#2798 = ORIENTED_EDGE ( 'NONE', *, *, #5976, .F. ) ;
#2799 = AXIS2_PLACEMENT_3D ( 'NONE', #239, #2294, #4340 ) ;
#2800 = VERTEX_POINT ( 'NONE', #4961 ) ;
#2801 = EDGE_CURVE ( 'NONE', #5679, #1872, #2380, .T. ) ;
#2802 = CARTESIAN_POINT ( 'NONE',  ( -0.04797468354430373116, -0.1956962025316451026, 0.2999999999999999334 ) ) ;
#2803 = AXIS2_PLACEMENT_3D ( 'NONE', #789, #5772, #3864 ) ;
#2804 = AXIS2_PLACEMENT_3D ( 'NONE', #4136, #6083, #1945 ) ;
#2805 = DIRECTION ( 'NONE',  ( -0.000000000000000000, -0.000000000000000000, -1.000000000000000000 ) ) ;
#2806 = FACE_OUTER_BOUND ( 'NONE', #2996, .T. ) ;
#2807 = CARTESIAN_POINT ( 'NONE',  ( 0.1849999999999998312, 0.1949999999999999789, 0.04500000000000000527 ) ) ;
#2808 = VECTOR ( 'NONE', #2609, 1.000000000000000000 ) ;
#2809 = CARTESIAN_POINT ( 'NONE',  ( 0.03618741868196113237, 0.03221006842712590551, -0.02770376599032106299 ) ) ;
#2810 = ORIENTED_EDGE ( 'NONE', *, *, #4020, .F. ) ;
#2811 = DIRECTION ( 'NONE',  ( 0.000000000000000000, 0.000000000000000000, 1.000000000000000000 ) ) ;
#2812 = EDGE_CURVE ( 'NONE', #6128, #3313, #6383, .T. ) ;
#2813 = DIRECTION ( 'NONE',  ( 0.000000000000000000, 0.000000000000000000, -1.000000000000000000 ) ) ;
#2814 = PERSON_AND_ORGANIZATION ( #6361, #58 ) ;
#2815 = PLANE ( 'NONE',  #4534 ) ;
#2816 = ADVANCED_FACE ( 'NONE', ( #2850 ), #2815, .F. ) ;
#2817 = ORIENTED_EDGE ( 'NONE', *, *, #2158, .F. ) ;
#2818 = DIRECTION ( 'NONE',  ( 0.000000000000000000, 0.000000000000000000, 1.000000000000000000 ) ) ;
#2819 = DIRECTION ( 'NONE',  ( -0.000000000000000000, 1.000000000000000000, -0.000000000000000000 ) ) ;
#2820 = AXIS2_PLACEMENT_3D ( 'NONE', #5234, #4796, #3294 ) ;
#2821 = EDGE_CURVE ( 'NONE', #6602, #1063, #850, .T. ) ;
#2822 = CALENDAR_DATE ( 2026, 9, 1 ) ;
#2823 = LINE ( 'NONE', #2856, #4621 ) ;
#2824 = VECTOR ( 'NONE', #2762, 1.000000000000000000 ) ;
#2825 = DIRECTION ( 'NONE',  ( 2.775557561562891351E-16, -1.000000000000000000, 0.000000000000000000 ) ) ;
#2826 = VERTEX_POINT ( 'NONE', #333 ) ;
#2827 = PLANE ( 'NONE',  #4516 ) ;
#2828 = ORIENTED_EDGE ( 'NONE', *, *, #4459, .T. ) ;
#2829 = VECTOR ( 'NONE', #2805, 1.000000000000000000 ) ;
#2830 = DATE_AND_TIME ( #4912, #4452 ) ;
#2831 = CARTESIAN_POINT ( 'NONE',  ( 0.1066972360371674089, 0.05733703130949423243, -0.02741347617573566126 ) ) ;
#2832 = AXIS2_PLACEMENT_3D ( 'NONE', #1886, #3773, #5466 ) ;
#2833 = CARTESIAN_POINT ( 'NONE',  ( 0.000000000000000000, -0.2000000000000000111, 0.05000000000000000278 ) ) ;
#2834 = DIRECTION ( 'NONE',  ( 1.000000000000000000, 1.067522139062650671E-16, 0.000000000000000000 ) ) ;
#2835 = ORIENTED_EDGE ( 'NONE', *, *, #4785, .F. ) ;
#2836 = ORIENTED_EDGE ( 'NONE', *, *, #3981, .T. ) ;
#2837 = CARTESIAN_POINT ( 'NONE',  ( 0.1649999999999999800, 0.1550000000000000266, 0.04500000000000000527 ) ) ;
#2838 = LOCAL_TIME ( 23, 23, 15.00000000000000000, #2076 ) ;
#2839 = CARTESIAN_POINT ( 'NONE',  ( 0.3211959936618131173, 0.08239355643800440332, -0.01610824903450579215 ) ) ;
#2840 = FACE_BOUND ( 'NONE', #5142, .T. ) ;
#2841 = CARTESIAN_POINT ( 'NONE',  ( 0.3461483593182563823, 0.05551877822473579027, 0.05061773153931712482 ) ) ;
#2842 = CARTESIAN_POINT ( 'NONE',  ( -0.003388836218620784775, 0.01620209197107601307, -0.02044049728292777687 ) ) ;
#2843 = ORIENTED_EDGE ( 'NONE', *, *, #5274, .F. ) ;
#2844 = CARTESIAN_POINT ( 'NONE',  ( 0.1749999999999999889, 0.1750000000000000167, 0.05000000000000000278 ) ) ;
#2845 = CARTESIAN_POINT ( 'NONE',  ( 0.2956768731433763731, 0.05933668437040744148, 0.04276247858917495148 ) ) ;
#2846 = CC_DESIGN_PERSON_AND_ORGANIZATION_ASSIGNMENT ( #1794, #833, ( #4341 ) ) ;
#2847 = AXIS2_PLACEMENT_3D ( 'NONE', #5152, #1069, #3641 ) ;
#2848 = CARTESIAN_POINT ( 'NONE',  ( 0.000000000000000000, -0.01000000000000000021, 0.000000000000000000 ) ) ;
#2849 = CALENDAR_DATE ( 2026, 9, 1 ) ;
#2850 = FACE_OUTER_BOUND ( 'NONE', #2539, .T. ) ;
#2851 = EDGE_CURVE ( 'NONE', #4901, #5114, #6000, .T. ) ;
#2852 = ORIENTED_EDGE ( 'NONE', *, *, #1949, .T. ) ;
#2853 = CARTESIAN_POINT ( 'NONE',  ( -0.1399999999999996803, 0.03504504504504503404, 0.2799999999999999711 ) ) ;
#2854 = LINE ( 'NONE', #2426, #1556 ) ;
#2855 = APPROVAL_DATE_TIME ( #3300, #412 ) ;
#2856 = CARTESIAN_POINT ( 'NONE',  ( -0.1585355339059323077, -0.1614644660940672827, 0.05000000000000000278 ) ) ;
#2857 = CARTESIAN_POINT ( 'NONE',  ( -0.3279746835443030917, 0.07430379746835438781, 0.2799999999999999711 ) ) ;
#2858 = DIRECTION ( 'NONE',  ( 1.000000000000000000, 0.000000000000000000, 0.000000000000000000 ) ) ;
#2859 = ORIENTED_EDGE ( 'NONE', *, *, #2960, .F. ) ;
#2860 = APPROVAL_STATUS ( 'not_yet_approved' ) ;
#2861 = ADVANCED_FACE ( 'NONE', ( #262 ), #2284, .T. ) ;
#2862 = DIRECTION ( 'NONE',  ( 1.000000000000000000, 7.116814260417669499E-17, -0.000000000000000000 ) ) ;
#2863 = PRODUCT_DEFINITION_SHAPE ( 'NONE', 'NONE',  #3948 ) ;
#2864 = FACE_OUTER_BOUND ( 'NONE', #2244, .T. ) ;
#2865 = LINE ( 'NONE', #5986, #6484 ) ;
#2866 = ORIENTED_EDGE ( 'NONE', *, *, #287, .T. ) ;
#2867 = VERTEX_POINT ( 'NONE', #6529 ) ;
#2868 = DIRECTION ( 'NONE',  ( 7.116814260417669499E-17, -1.000000000000000000, 0.000000000000000000 ) ) ;
#2869 = ADVANCED_FACE ( 'NONE', ( #1399 ), #373, .T. ) ;
#2870 = CARTESIAN_POINT ( 'NONE',  ( 0.3334842938230236919, 0.07377157352884358699, 0.008344464141658588727 ) ) ;
#2871 = DIRECTION ( 'NONE',  ( 0.000000000000000000, -1.000000000000000000, 0.000000000000000000 ) ) ;
#2872 = EDGE_CURVE ( 'NONE', #4428, #4042, #4823, .T. ) ;
#2873 = FACE_OUTER_BOUND ( 'NONE', #3619, .T. ) ;
#2874 = CARTESIAN_POINT ( 'NONE',  ( 0.1413867882514992513, 0.01899401440211121242, -0.02108528099192944621 ) ) ;
#2875 = ORIENTED_EDGE ( 'NONE', *, *, #186, .T. ) ;
#2876 = EDGE_CURVE ( 'NONE', #2982, #2696, #1305, .T. ) ;
#2877 = AXIS2_PLACEMENT_3D ( 'NONE', #2741, #2138, #156 ) ;
#2878 = DIRECTION ( 'NONE',  ( 0.000000000000000000, 0.000000000000000000, 1.000000000000000000 ) ) ;
#2879 = CARTESIAN_POINT ( 'NONE',  ( -0.1876016399434726201, -0.1905305721316079004, 0.05000000000000000278 ) ) ;
#2880 = PERSON_AND_ORGANIZATION_ROLE ( 'creator' ) ;
#2881 = DIRECTION ( 'NONE',  ( 0.000000000000000000, -0.000000000000000000, 1.000000000000000000 ) ) ;
#2882 = EDGE_CURVE ( 'NONE', #365, #4509, #3951, .T. ) ;
#2883 = ORIENTED_EDGE ( 'NONE', *, *, #2788, .F. ) ;
#2884 = PLANE ( 'NONE',  #3877 ) ;
#2885 = DIRECTION ( 'NONE',  ( 1.850371707708594316E-16, -1.000000000000000000, 0.000000000000000000 ) ) ;
#2886 =( NAMED_UNIT ( * ) PLANE_ANGLE_UNIT ( ) SI_UNIT ( $, .RADIAN. ) );
#2887 = LINE ( 'NONE', #4468, #1228 ) ;
#2888 = APPROVAL_ROLE ( '' ) ;
#2889 = FACE_OUTER_BOUND ( 'NONE', #3400, .T. ) ;
#2890 = ADVANCED_FACE ( 'NONE', ( #1278 ), #5397, .T. ) ;
#2891 = CC_DESIGN_DATE_AND_TIME_ASSIGNMENT ( #114, #4205, ( #3486 ) ) ;
#2892 = DIRECTION ( 'NONE',  ( 0.000000000000000000, 0.000000000000000000, 1.000000000000000000 ) ) ;
#2893 = ORIENTED_EDGE ( 'NONE', *, *, #5530, .T. ) ;
#2894 = APPROVAL_ROLE ( '' ) ;
#2895 = AXIS2_PLACEMENT_3D ( 'NONE', #3433, #1415, #5047 ) ;
#2896 = DIRECTION ( 'NONE',  ( 1.000000000000000000, 1.850371707708594316E-16, 0.000000000000000000 ) ) ;
#2897 = EDGE_CURVE ( 'NONE', #3479, #4662, #3922, .T. ) ;
#2898 = DIRECTION ( 'NONE',  ( -1.000000000000000000, 0.000000000000000000, 0.000000000000000000 ) ) ;
#2899 = CARTESIAN_POINT ( 'NONE',  ( -0.05970370370370361307, -0.1878888888888889386, 0.01000000000000000194 ) ) ;
#2900 = ORIENTED_EDGE ( 'NONE', *, *, #2785, .T. ) ;
#2901 = CIRCLE ( 'NONE', #4081, 0.02499999999999999445 ) ;
#2902 = VERTEX_POINT ( 'NONE', #225 ) ;
#2903 = DIRECTION ( 'NONE',  ( 1.000000000000000000, 1.850371707708594316E-16, 0.000000000000000000 ) ) ;
#2904 = CARTESIAN_POINT ( 'NONE',  ( 0.07180232558139536259, 0.02078488372093021536, 0.000000000000000000 ) ) ;
#2905 = CARTESIAN_POINT ( 'NONE',  ( 0.1871049384543297944, -0.1958718940557432620, 0.04782112412222356418 ) ) ;
#2906 = CARTESIAN_POINT ( 'NONE',  ( 0.1400000000000000966, 0.08171171171171170977, 0.2799999999999999711 ) ) ;
#2907 = ORIENTED_EDGE ( 'NONE', *, *, #6583, .T. ) ;
#2908 = CIRCLE ( 'NONE', #3983, 0.009999999999999995004 ) ;
#2909 = EDGE_CURVE ( 'NONE', #5472, #4287, #5971, .T. ) ;
#2910 = FACE_OUTER_BOUND ( 'NONE', #5920, .T. ) ;
#2911 = PERSON_AND_ORGANIZATION ( #6361, #58 ) ;
#2912 = CARTESIAN_POINT ( 'NONE',  ( 0.1950000000000000067, 4.059252933785728354E-17, 0.04500000000000000527 ) ) ;
#2913 = CIRCLE ( 'NONE', #5168, 0.2999999999999999889 ) ;
#2914 = CC_DESIGN_PERSON_AND_ORGANIZATION_ASSIGNMENT ( #1645, #138, ( #1657 ) ) ;
#2915 = ORIENTED_EDGE ( 'NONE', *, *, #6439, .T. ) ;
#2916 = DIRECTION ( 'NONE',  ( -0.000000000000000000, -0.000000000000000000, 1.000000000000000000 ) ) ;
#2917 = AXIS2_PLACEMENT_3D ( 'NONE', #5623, #25, #3477 ) ;
#2918 = DIRECTION ( 'NONE',  ( -1.000000000000000000, 0.000000000000000000, 0.000000000000000000 ) ) ;
#2919 = CARTESIAN_POINT ( 'NONE',  ( 0.1974999999999999811, 0.1760363112501601712, 0.04933012701892220547 ) ) ;
#2920 = ITEM_DEFINED_TRANSFORMATION ( 'NONE', 'NONE', #3476,  #1868 ) ;
#2921 = CARTESIAN_POINT ( 'NONE',  ( -0.2281976744186047512, -0.2792151162790699193, 0.000000000000000000 ) ) ;
#2922 = CARTESIAN_POINT ( 'NONE',  ( -0.3279746835443038133, -0.1956962025316451026, 0.5999999999999999778 ) ) ;
#2923 = SHAPE_DEFINITION_REPRESENTATION ( #732, #5010 ) ;
#2924 = CARTESIAN_POINT ( 'NONE',  ( -0.1535042139239649328, 0.05497436873591728113, 0.05101969899184728013 ) ) ;
#2925 = CARTESIAN_POINT ( 'NONE',  ( -0.1536412078152752381, 0.05386000545941593831, 0.05178924042636628977 ) ) ;
#2926 = AXIS2_PLACEMENT_3D ( 'NONE', #6480, #3911, #191 ) ;
#2927 = DIRECTION ( 'NONE',  ( -0.000000000000000000, 0.000000000000000000, 1.000000000000000000 ) ) ;
#2928 = ORIENTED_EDGE ( 'NONE', *, *, #3204, .T. ) ;
#2929 = ADVANCED_FACE ( 'NONE', ( #2419 ), #878, .T. ) ;
#2930 = ORIENTED_EDGE ( 'NONE', *, *, #2897, .T. ) ;
#2931 = DIRECTION ( 'NONE',  ( 1.000000000000000000, 0.000000000000000000, 0.000000000000000000 ) ) ;
#2932 =( GEOMETRIC_REPRESENTATION_CONTEXT ( 3 ) GLOBAL_UNCERTAINTY_ASSIGNED_CONTEXT ( ( #5778 ) ) GLOBAL_UNIT_ASSIGNED_CONTEXT ( ( #6223, #3162, #1154 ) ) REPRESENTATION_CONTEXT ( 'NONE', 'WORKASPACE' ) );
#2933 = CIRCLE ( 'NONE', #329, 0.01999999999999996225 ) ;
#2934 = DIRECTION ( 'NONE',  ( 0.000000000000000000, 0.000000000000000000, -1.000000000000000000 ) ) ;
#2935 = AXIS2_PLACEMENT_3D ( 'NONE', #441, #5005, #1511 ) ;
#2936 = DIRECTION ( 'NONE',  ( 0.000000000000000000, -1.000000000000000000, 0.000000000000000000 ) ) ;
#2937 = CARTESIAN_POINT ( 'NONE',  ( 0.09765009760191602217, 0.03321302267682924025, -0.02839946986025033288 ) ) ;
#2938 = ORIENTED_EDGE ( 'NONE', *, *, #6261, .T. ) ;
#2939 = EDGE_CURVE ( 'NONE', #1717, #950, #3113, .T. ) ;
#2940 = VECTOR ( 'NONE', #4967, 1.000000000000000000 ) ;
#2941 = CC_DESIGN_SECURITY_CLASSIFICATION ( #6171, ( #6278 ) ) ;
#2942 = CARTESIAN_POINT ( 'NONE',  ( -0.06262409901725425609, 0.07660238326458126967, 0.0007233943086496163154 ) ) ;
#2943 = DIRECTION ( 'NONE',  ( -0.000000000000000000, 0.000000000000000000, -1.000000000000000000 ) ) ;
#2944 = PERSON_AND_ORGANIZATION_ROLE ( 'design_supplier' ) ;
#2945 = EDGE_CURVE ( 'NONE', #6185, #1104, #3827, .T. ) ;
#2946 = CARTESIAN_POINT ( 'NONE',  ( 0.1876016399434741466, -0.1905305721316067069, 0.05000000000000000278 ) ) ;
#2947 = EDGE_CURVE ( 'NONE', #2366, #3157, #2901, .T. ) ;
#2948 = EDGE_CURVE ( 'NONE', #4973, #4877, #5493, .T. ) ;
#2949 = APPROVAL_PERSON_ORGANIZATION ( #2011, #1450, #5029 ) ;
#2950 =( BOUNDED_CURVE ( )  B_SPLINE_CURVE ( 3, ( #6218, #4199, #3656, #5732 ),
 .UNSPECIFIED., .F., .T. ) 
 B_SPLINE_CURVE_WITH_KNOTS ( ( 4, 4 ),
 ( 2.542098601341378661, 3.141592653589793116 ),
 .UNSPECIFIED. ) 
 CURVE ( )  GEOMETRIC_REPRESENTATION_ITEM ( )  RATIONAL_B_SPLINE_CURVE ( ( 1.000000000000000000, 0.9702741449654067596, 0.9702741449654067596, 1.000000000000000000 ) ) 
 REPRESENTATION_ITEM ( '' )  );
#2951 = ORIENTED_EDGE ( 'NONE', *, *, #3185, .T. ) ;
#2952 = ORIENTED_EDGE ( 'NONE', *, *, #2180, .T. ) ;
#2953 = LINE ( 'NONE', #1307, #1518 ) ;
#2954 = CC_DESIGN_APPROVAL ( #5355, ( #3486 ) ) ;
#2955 = DIRECTION ( 'NONE',  ( -1.000000000000000000, -0.000000000000000000, -0.000000000000000000 ) ) ;
#2956 = CARTESIAN_POINT ( 'NONE',  ( 0.1974642005617921192, 0.1770706253354581705, 0.04931006713692695498 ) ) ;
#2957 = CYLINDRICAL_SURFACE ( 'NONE', #1080, 0.009999999999999995004 ) ;
#2958 = CYLINDRICAL_SURFACE ( 'NONE', #2799, 0.01000000000000000888 ) ;
#2959 = ORIENTED_EDGE ( 'NONE', *, *, #6028, .F. ) ;
#2960 = EDGE_CURVE ( 'NONE', #2229, #2650, #5531, .T. ) ;
#2961 = PERSON_AND_ORGANIZATION_ROLE ( 'creator' ) ;
#2962 = CARTESIAN_POINT ( 'NONE',  ( 0.000000000000000000, 0.000000000000000000, 0.2899999999999999800 ) ) ;
#2963 = DIRECTION ( 'NONE',  ( -0.000000000000000000, 1.000000000000000000, -0.000000000000000000 ) ) ;
#2964 = EDGE_LOOP ( 'NONE', ( #2636, #3296, #2656, #2144, #6476 ) ) ;
#2965 = CARTESIAN_POINT ( 'NONE',  ( 0.1955354653605601845, -0.1871483871150572409, 0.04818637706273262711 ) ) ;
#2966 = B_SPLINE_CURVE_WITH_KNOTS ( 'NONE', 3,
 ( #1052, #2086, #541, #4263, #1150, #4292, #170, #4168, #5798, #5836, #5204, #2684 ),
 .UNSPECIFIED., .F., .F.,
 ( 4, 2, 2, 2, 2, 4 ),
 ( 0.004371888091586248123, 0.005937477632602582329, 0.007503067173618916536, 0.01063424625565158668, 0.01376542533768425509, 0.01689660441971692351 ),
 .UNSPECIFIED. ) ;
#2967 = ORIENTED_EDGE ( 'NONE', *, *, #5319, .T. ) ;
#2968 = EDGE_LOOP ( 'NONE', ( #3973, #5591, #4855, #718 ) ) ;
#2969 = DIRECTION ( 'NONE',  ( -0.000000000000000000, 1.000000000000000000, -0.000000000000000000 ) ) ;
#2970 = EDGE_CURVE ( 'NONE', #4415, #1048, #4088, .T. ) ;
#2971 = DIRECTION ( 'NONE',  ( 0.7071067811865484609, -0.7071067811865465735, 0.000000000000000000 ) ) ;
#2972 = CARTESIAN_POINT ( 'NONE',  ( -0.004999999999999419839, -0.004999999999999443258, 0.04500000000000000527 ) ) ;
#2973 = EDGE_CURVE ( 'NONE', #376, #6541, #6108, .T. ) ;
#2974 = CARTESIAN_POINT ( 'NONE',  ( 0.1403901048666245099, 0.01980174954426542830, -0.02132660290920550608 ) ) ;
#2975 = ORIENTED_EDGE ( 'NONE', *, *, #366, .T. ) ;
#2976 = PRODUCT_DEFINITION_SHAPE ( 'NONE', 'NONE',  #6662 ) ;
#2977 = DIRECTION ( 'NONE',  ( 0.000000000000000000, -0.000000000000000000, 1.000000000000000000 ) ) ;
#2978 = PLANE ( 'NONE',  #1431 ) ;
#2979 = PERSON_AND_ORGANIZATION ( #6361, #58 ) ;
#2980 = CARTESIAN_POINT ( 'NONE',  ( -0.04797468354430375892, 0.09430379746835439170, 0.5999999999999999778 ) ) ;
#2981 = AXIS2_PLACEMENT_3D ( 'NONE', #724, #144, #5811 ) ;
#2982 = VERTEX_POINT ( 'NONE', #2013 ) ;
#2983 = ORIENTED_EDGE ( 'NONE', *, *, #1131, .F. ) ;
#2984 = CARTESIAN_POINT ( 'NONE',  ( 0.1873375110213023886, 0.1939062087071973528, 0.04930532029727780624 ) ) ;
#2985 = LINE ( 'NONE', #6149, #3703 ) ;
#2986 = DIRECTION ( 'NONE',  ( -3.104983451153166918E-17, -1.000000000000000000, -1.093824735639019565E-16 ) ) ;
#2987 = CYLINDRICAL_SURFACE ( 'NONE', #6243, 0.004999999999999997502 ) ;
#2988 =( BOUNDED_CURVE ( )  B_SPLINE_CURVE ( 3, ( #2906, #4427, #364, #1332 ),
 .UNSPECIFIED., .F., .T. ) 
 B_SPLINE_CURVE_WITH_KNOTS ( ( 4, 4 ),
 ( 0.000000000000000000, 1.570796326794896558 ),
 .UNSPECIFIED. ) 
 CURVE ( )  GEOMETRIC_REPRESENTATION_ITEM ( )  RATIONAL_B_SPLINE_CURVE ( ( 1.000000000000000000, 0.8047378541243649375, 0.8047378541243649375, 1.000000000000000000 ) ) 
 REPRESENTATION_ITEM ( '' )  );
#2989 = CC_DESIGN_DATE_AND_TIME_ASSIGNMENT ( #6391, #1283, ( #931 ) ) ;
#2990 = DIRECTION ( 'NONE',  ( 1.000000000000000000, 4.625929269271485914E-16, 0.000000000000000000 ) ) ;
#2991 = VERTEX_POINT ( 'NONE', #1 ) ;
#2992 = ORIENTED_EDGE ( 'NONE', *, *, #1625, .F. ) ;
#2993 = EDGE_CURVE ( 'NONE', #6165, #4706, #2259, .T. ) ;
#2994 = CARTESIAN_POINT ( 'NONE',  ( 0.1760375956093722938, 0.1975000000000001754, 0.04933012701892230956 ) ) ;
#2995 = CARTESIAN_POINT ( 'NONE',  ( 0.2102962962962963700, -0.1878888888888889108, 0.02000000000000000042 ) ) ;
#2996 = EDGE_LOOP ( 'NONE', ( #2307, #4730, #248, #6120 ) ) ;
#2997 = DIRECTION ( 'NONE',  ( -1.387778780781445676E-16, 1.000000000000000000, -0.000000000000000000 ) ) ;
#2998 = ORIENTED_EDGE ( 'NONE', *, *, #2367, .F. ) ;
#2999 = VECTOR ( 'NONE', #1136, 1.000000000000000000 ) ;
#3000 = ORIENTED_EDGE ( 'NONE', *, *, #3694, .F. ) ;
#3001 = FACE_OUTER_BOUND ( 'NONE', #5245, .T. ) ;
#3002 = CARTESIAN_POINT ( 'NONE',  ( -0.1964631743709723544, 0.1846728183024186343, 0.04853701447639877792 ) ) ;
#3003 = DIRECTION ( 'NONE',  ( 2.775557561562891351E-16, -1.000000000000000000, -0.000000000000000000 ) ) ;
#3004 = VECTOR ( 'NONE', #5000, 1.000000000000000000 ) ;
#3005 = CARTESIAN_POINT ( 'NONE',  ( 0.07029629629629635668, 0.06211111111111110306, -0.02999999999999999889 ) ) ;
#3006 = ORIENTED_EDGE ( 'NONE', *, *, #6238, .F. ) ;
#3007 = CARTESIAN_POINT ( 'NONE',  ( 0.1217956900261035341, 0.09328219474691501478, -0.05522876178550164411 ) ) ;
#3008 = DIRECTION ( 'NONE',  ( -9.251858538542972814E-17, 1.000000000000000000, 0.000000000000000000 ) ) ;
#3009 = PERSON_AND_ORGANIZATION ( #6361, #58 ) ;
#3010 = CC_DESIGN_PERSON_AND_ORGANIZATION_ASSIGNMENT ( #2911, #5064, ( #5805 ) ) ;
#3011 = CARTESIAN_POINT ( 'NONE',  ( -0.3379746835443037667, 0.08430379746835439669, 0.9000000000000000222 ) ) ;
#3012 = DIRECTION ( 'NONE',  ( -9.251858538542967883E-17, 1.000000000000000000, 0.000000000000000000 ) ) ;
#3013 = ORIENTED_EDGE ( 'NONE', *, *, #447, .F. ) ;
#3014 = ORIENTED_EDGE ( 'NONE', *, *, #5832, .T. ) ;
#3015 = CARTESIAN_POINT ( 'NONE',  ( 0.1876016399434729809, 0.1905305721316075951, 0.05000000000000000278 ) ) ;
#3016 = CARTESIAN_POINT ( 'NONE',  ( -0.1873373690252200796, 0.1939076402600732052, 0.04930474066497127217 ) ) ;
#3017 = CLOSED_SHELL ( 'NONE', ( #861, #3489, #5036, #5, #4743, #3384, #6245, #4856, #5934, #826, #4229, #4079, #6393, #4101, #3379, #1403, #1965, #781, #3819, #5032, #6632, #284, #2016, #6181, #6102, #5628, #308, #2745, #615, #6458, #941, #1554, #5554, #1847, #293, #5093, #4571, #1241, #6266, #2342, #567, #6455, #6403 ) ) ;
#3018 = AXIS2_PLACEMENT_3D ( 'NONE', #5446, #1292, #245 ) ;
#3019 = CARTESIAN_POINT ( 'NONE',  ( -0.1299999999999997824, 4.329869796038103013E-16, 0.01999999999999999695 ) ) ;
#3020 = DIRECTION ( 'NONE',  ( 1.000000000000000000, -0.000000000000000000, -0.000000000000000000 ) ) ;
#3021 = VECTOR ( 'NONE', #2677, 1.000000000000000000 ) ;
#3022 = ORIENTED_EDGE ( 'NONE', *, *, #1559, .F. ) ;
#3023 = ORIENTED_EDGE ( 'NONE', *, *, #493, .F. ) ;
#3024 = CALENDAR_DATE ( 2026, 9, 1 ) ;
#3025 = CARTESIAN_POINT ( 'NONE',  ( 0.1749999999999999889, 0.1975000000000000089, 0.04933012701892220547 ) ) ;
#3026 = DIRECTION ( 'NONE',  ( -2.775557561562888984E-15, 0.000000000000000000, 1.000000000000000000 ) ) ;
#3027 = ORIENTED_EDGE ( 'NONE', *, *, #3778, .F. ) ;
#3028 = CARTESIAN_POINT ( 'NONE',  ( 0.1907800785013720746, 0.1875882930951802696, 0.04999741110088757462 ) ) ;
#3029 = EDGE_LOOP ( 'NONE', ( #2315, #6427, #5074, #839 ) ) ;
#3030 = ORIENTED_EDGE ( 'NONE', *, *, #5279, .T. ) ;
#3031 = EDGE_CURVE ( 'NONE', #4489, #4495, #533, .T. ) ;
#3032 = FACE_OUTER_BOUND ( 'NONE', #4819, .T. ) ;
#3033 = CARTESIAN_POINT ( 'NONE',  ( -0.1961210258958880626, 0.1861511330106610795, 0.04815984777381419890 ) ) ;
#3034 = VECTOR ( 'NONE', #5063, 1.000000000000000000 ) ;
#3035 = DIRECTION ( 'NONE',  ( -0.7071067811865492381, 0.7071067811865459074, 0.000000000000000000 ) ) ;
#3036 = AXIS2_PLACEMENT_3D ( 'NONE', #4805, #1726, #1190 ) ;
#3037 = DIRECTION ( 'NONE',  ( -0.000000000000000000, 1.000000000000000000, -0.000000000000000000 ) ) ;
#3038 = ORIENTED_EDGE ( 'NONE', *, *, #3429, .F. ) ;
#3039 = CARTESIAN_POINT ( 'NONE',  ( -0.07741167471794493937, 0.07171965956193530889, 0.01378617460391584788 ) ) ;
#3040 = VECTOR ( 'NONE', #4275, 1.000000000000000000 ) ;
#3041 = LINE ( 'NONE', #3448, #2080 ) ;
#3042 = COORDINATED_UNIVERSAL_TIME_OFFSET ( 5, 30, .AHEAD. ) ;
#3043 = CARTESIAN_POINT ( 'NONE',  ( 0.1500000000000001055, 0.08337837837837837329, 0.01000000000000000888 ) ) ;
#3044 = CIRCLE ( 'NONE', #701, 0.01000000000000000194 ) ;
#3045 = PLANE ( 'NONE',  #2664 ) ;
#3046 = ORIENTED_EDGE ( 'NONE', *, *, #1978, .T. ) ;
#3047 = LOCAL_TIME ( 23, 23, 15.00000000000000000, #1277 ) ;
#3048 = ORIENTED_EDGE ( 'NONE', *, *, #2128, .F. ) ;
#3049 = CARTESIAN_POINT ( 'NONE',  ( 0.1872900832750376277, 0.1943455935414657165, 0.04908273532403045064 ) ) ;
#3050 = DIRECTION ( 'NONE',  ( -1.000000000000000000, -1.387778780781439513E-16, 0.000000000000000000 ) ) ;
#3051 = DIRECTION ( 'NONE',  ( -2.775557561562891351E-17, 0.9999999999999998890, -1.403841846467796028E-16 ) ) ;
#3052 = VECTOR ( 'NONE', #2813, 1.000000000000000000 ) ;
#3053 = DIRECTION ( 'NONE',  ( 1.000000000000000000, 0.000000000000000000, 0.000000000000000000 ) ) ;
#3054 = CC_DESIGN_APPROVAL ( #5346, ( #4657 ) ) ;
#3055 = CARTESIAN_POINT ( 'NONE',  ( 0.3863587921847251305, 0.02693000272970801773, 0.01189817711958566018 ) ) ;
#3056 = ORIENTED_EDGE ( 'NONE', *, *, #1269, .T. ) ;
#3057 = LOCAL_TIME ( 23, 23, 15.00000000000000000, #827 ) ;
#3058 = EDGE_LOOP ( 'NONE', ( #5720, #2694, #3733 ) ) ;
#3059 = EDGE_CURVE ( 'NONE', #47, #5031, #4618, .T. ) ;
#3060 = PERSON_AND_ORGANIZATION ( #6361, #58 ) ;
#3061 = DIRECTION ( 'NONE',  ( 0.000000000000000000, 0.000000000000000000, 1.000000000000000000 ) ) ;
#3062 = ADVANCED_FACE ( 'NONE', ( #1435 ), #3075, .F. ) ;
#3063 = ORIENTED_EDGE ( 'NONE', *, *, #3302, .F. ) ;
#3064 = LINE ( 'NONE', #589, #5288 ) ;
#3065 = ORIENTED_EDGE ( 'NONE', *, *, #2196, .F. ) ;
#3066 = ORIENTED_EDGE ( 'NONE', *, *, #3718, .F. ) ;
#3067 = CARTESIAN_POINT ( 'NONE',  ( 0.1669597026758207758, -0.2194292030288543249, 0.006668675829549131420 ) ) ;
#3068 = CARTESIAN_POINT ( 'NONE',  ( 0.005000000000000034799, 0.005000000000000086840, 0.05000000000000000278 ) ) ;
#3069 = CARTESIAN_POINT ( 'NONE',  ( -0.3179746835443037489, 0.06430379746835451771, 0.8599999999999998757 ) ) ;
#3070 = LINE ( 'NONE', #1573, #6036 ) ;
#3071 = VERTEX_POINT ( 'NONE', #1501 ) ;
#3072 = CARTESIAN_POINT ( 'NONE',  ( 0.1738992539526890702, 0.09051701384873135636, -0.04412689124438264748 ) ) ;
#3073 = CARTESIAN_POINT ( 'NONE',  ( -0.05970370370370364776, 0.06211111111111107530, 0.02999999999999999889 ) ) ;
#3074 = SHAPE_DEFINITION_REPRESENTATION ( #2385, #862 ) ;
#3075 = PLANE ( 'NONE',  #6003 ) ;
#3076 = CARTESIAN_POINT ( 'NONE',  ( 0.2195393920141694155, -0.2042675707043482836, 0.006999999999999966319 ) ) ;
#3077 = B_SPLINE_CURVE_WITH_KNOTS ( 'NONE', 3,
 ( #4498, #6568, #6605, #1947, #3994, #3492, #5535, #6084, #3521, #5570, #984, #3016, #6250, #4231, #4137, #168, #3728, #3191 ),
 .UNSPECIFIED., .F., .F.,
 ( 4, 2, 2, 2, 2, 2, 2, 2, 4 ),
 ( -1.418030882764396732E-05, 0.0003572075875058115888, 0.0007285954838392672212, 0.001471371276506094027, 0.002214147069172920940, 0.002956922861839747421, 0.004442474447173400814, 0.005185250239840261989, 0.005928026032507123164 ),
 .UNSPECIFIED. ) ;
#3078 = ORIENTED_EDGE ( 'NONE', *, *, #5290, .T. ) ;
#3079 = ORIENTED_EDGE ( 'NONE', *, *, #797, .F. ) ;
#3080 = DIRECTION ( 'NONE',  ( -1.000000000000000000, -0.000000000000000000, -0.000000000000000000 ) ) ;
#3081 = CARTESIAN_POINT ( 'NONE',  ( 0.1958718940557435118, 0.1871049384543285177, 0.04782112412222405684 ) ) ;
#3082 = PERSON_AND_ORGANIZATION ( #6361, #58 ) ;
#3083 = DIRECTION ( 'NONE',  ( -1.000000000000000000, -0.000000000000000000, -0.000000000000000000 ) ) ;
#3084 = VECTOR ( 'NONE', #4335, 1.000000000000000000 ) ;
#3085 = DIRECTION ( 'NONE',  ( -0.000000000000000000, -0.000000000000000000, -1.000000000000000000 ) ) ;
#3086 = EDGE_CURVE ( 'NONE', #3814, #967, #2449, .T. ) ;
#3087 = EDGE_LOOP ( 'NONE', ( #543, #3336, #5228, #444 ) ) ;
#3088 = EDGE_LOOP ( 'NONE', ( #2776, #1357, #132, #3246 ) ) ;
#3089 = VECTOR ( 'NONE', #5863, 1.000000000000000000 ) ;
#3090 = SECURITY_CLASSIFICATION_LEVEL ( 'unclassified' ) ;
#3091 = APPROVAL ( #4703, 'UNKNOWN' ) ;
#3092 = LINE ( 'NONE', #2061, #4300 ) ;
#3093 = ORIENTED_EDGE ( 'NONE', *, *, #1911, .F. ) ;
#3094 = CARTESIAN_POINT ( 'NONE',  ( -0.04797468354430373116, -0.2056962025316456111, 0.9000000000000000222 ) ) ;
#3095 = EDGE_LOOP ( 'NONE', ( #6369, #6585, #1258, #3761 ) ) ;
#3096 = EDGE_LOOP ( 'NONE', ( #2852, #6154, #301, #4134 ) ) ;
#3097 = EDGE_CURVE ( 'NONE', #3759, #4649, #5631, .T. ) ;
#3098 = CYLINDRICAL_SURFACE ( 'NONE', #5614, 0.01000000000000000888 ) ;
#3099 = CARTESIAN_POINT ( 'NONE',  ( -0.3379746835443037667, 0.09430379746835439170, 0.02000000000000001776 ) ) ;
#3100 = CARTESIAN_POINT ( 'NONE',  ( 0.1850000000000020794, -0.1950000000000000622, 0.000000000000000000 ) ) ;
#3101 = TOROIDAL_SURFACE ( 'NONE', #3427, -0.2018342711549316604, 0.2246387801306934662 ) ;
#3102 = CIRCLE ( 'NONE', #2782, 0.009999999999999981126 ) ;
#3103 = CARTESIAN_POINT ( 'NONE',  ( -0.1199999999999996902, 0.03337837837837827337, 0.02999999999999997113 ) ) ;
#3104 = ORIENTED_EDGE ( 'NONE', *, *, #2318, .F. ) ;
#3105 = DIRECTION ( 'NONE',  ( -0.000000000000000000, -0.000000000000000000, -1.000000000000000000 ) ) ;
#3106 = EDGE_CURVE ( 'NONE', #1294, #1508, #6131, .T. ) ;
#3107 = DIRECTION ( 'NONE',  ( -1.000000000000000000, 0.000000000000000000, -0.000000000000000000 ) ) ;
#3108 = COORDINATED_UNIVERSAL_TIME_OFFSET ( 5, 30, .AHEAD. ) ;
#3109 = CARTESIAN_POINT ( 'NONE',  ( 0.3073578757041730003, 0.02956981969397519741, 0.06002843765043722191 ) ) ;
#3110 = LINE ( 'NONE', #2142, #3516 ) ;
#3111 = ORIENTED_EDGE ( 'NONE', *, *, #3644, .T. ) ;
#3112 = VERTEX_POINT ( 'NONE', #2946 ) ;
#3113 = CIRCLE ( 'NONE', #6451, 0.04813026053085153744 ) ;
#3114 = CARTESIAN_POINT ( 'NONE',  ( 0.1874049630043816972, 0.1932136153675473866, 0.04957094499880859706 ) ) ;
#3115 = PLANE ( 'NONE',  #2192 ) ;
#3116 = CALENDAR_DATE ( 2026, 9, 1 ) ;
#3117 = DIRECTION ( 'NONE',  ( 1.000000000000000000, -0.000000000000000000, 0.000000000000000000 ) ) ;
#3118 = EDGE_LOOP ( 'NONE', ( #915, #1589, #1609, #2031 ) ) ;
#3119 = AXIS2_PLACEMENT_3D ( 'NONE', #6647, #2896, #5080 ) ;
#3120 = ORIENTED_EDGE ( 'NONE', *, *, #4212, .F. ) ;
#3121 = CIRCLE ( 'NONE', #2592, 0.009999999999999996739 ) ;
#3122 = APPROVAL_STATUS ( 'not_yet_approved' ) ;
#3123 = CARTESIAN_POINT ( 'NONE',  ( -0.1246647456978239310, 0.08432392983471354020, -0.02224080007583188398 ) ) ;
#3124 = VECTOR ( 'NONE', #1535, 1.000000000000000000 ) ;
#3125 = DIRECTION ( 'NONE',  ( -0.7071067811865484609, -0.7071067811865465735, 0.000000000000000000 ) ) ;
#3126 = ORIENTED_EDGE ( 'NONE', *, *, #1587, .T. ) ;
#3127 = CARTESIAN_POINT ( 'NONE',  ( -0.3179746835443037489, 0.09430379746835439170, 0.3099999999999999423 ) ) ;
#3128 = ORIENTED_EDGE ( 'NONE', *, *, #706, .T. ) ;
#3129 = PRODUCT_DEFINITION ( 'UNKNOWN', '', #63, #1928 ) ;
#3130 = CARTESIAN_POINT ( 'NONE',  ( 0.1602982564783745345, -0.2139944322598502646, 0.0008250898186133611128 ) ) ;
#3131 = CARTESIAN_POINT ( 'NONE',  ( 0.04616493546486671873, 0.04719091182550936431, -0.02866273819438694068 ) ) ;
#3132 = VECTOR ( 'NONE', #1733, 1.000000000000000000 ) ;
#3133 = CARTESIAN_POINT ( 'NONE',  ( -0.3179746835443036934, -0.1856962025316456211, 0.9000000000000000222 ) ) ;
#3134 = EDGE_LOOP ( 'NONE', ( #4771, #1439, #113, #550, #5655, #5644 ) ) ;
#3135 = DIRECTION ( 'NONE',  ( 1.000000000000000000, 1.850371707708594316E-16, 0.000000000000000000 ) ) ;
#3136 = VECTOR ( 'NONE', #4233, 1.000000000000000000 ) ;
#3137 = EDGE_CURVE ( 'NONE', #292, #4931, #4494, .T. ) ;
#3138 = VECTOR ( 'NONE', #800, 1.000000000000000000 ) ;
#3139 = CARTESIAN_POINT ( 'NONE',  ( 0.1400000000000001243, -0.006621621621621632051, 0.2799999999999999711 ) ) ;
#3140 = PERSON_AND_ORGANIZATION_ROLE ( 'classification_officer' ) ;
#3141 = CARTESIAN_POINT ( 'NONE',  ( 0.2000000000000000111, -0.1999999999999999833, 0.06699999999999996236 ) ) ;
#3142 = AXIS2_PLACEMENT_3D ( 'NONE', #5775, #687, #761 ) ;
#3143 = EDGE_CURVE ( 'NONE', #5584, #4649, #4052, .T. ) ;
#3144 = EDGE_CURVE ( 'NONE', #5607, #4505, #3485, .T. ) ;
#3145 = CARTESIAN_POINT ( 'NONE',  ( 0.2198088137740935033, -0.2028499445033123127, 0.007989141199741693622 ) ) ;
#3146 = EDGE_LOOP ( 'NONE', ( #5455, #3027, #5753, #754 ) ) ;
#3147 = AXIS2_PLACEMENT_3D ( 'NONE', #6139, #3985, #5562 ) ;
#3148 = ORIENTED_EDGE ( 'NONE', *, *, #3499, .F. ) ;
#3149 = CARTESIAN_POINT ( 'NONE',  ( 0.1950000000000000344, -0.1750000000000000167, 0.04500000000000000527 ) ) ;
#3150 = EDGE_CURVE ( 'NONE', #3963, #3407, #433, .T. ) ;
#3151 = CARTESIAN_POINT ( 'NONE',  ( 0.1549999999999999711, 0.1650000000000000355, 0.04500000000000000527 ) ) ;
#3152 = PERSON_AND_ORGANIZATION_ROLE ( 'creator' ) ;
#3153 = PLANE ( 'NONE',  #5076 ) ;
#3154 = PERSON ( 'NAUO-PER1', 'UNSPECIFIED', 'UNSPECIFIED', ('UNSPECIFIED'), ('UNSPECIFIED'), ('UNSPECIFIED') ) ;
#3155 = CIRCLE ( 'NONE', #4975, 0.04813026053085153744 ) ;
#3156 = LOCAL_TIME ( 23, 23, 15.00000000000000000, #5167 ) ;
#3157 = VERTEX_POINT ( 'NONE', #6561 ) ;
#3158 = SPHERICAL_SURFACE ( 'NONE', #668, 0.009999999999999996739 ) ;
#3159 = CIRCLE ( 'NONE', #5726, 0.02999999999999999889 ) ;
#3160 = EDGE_CURVE ( 'NONE', #965, #1506, #1940, .T. ) ;
#3161 = CC_DESIGN_APPROVAL ( #5919, ( #4341 ) ) ;
#3162 =( NAMED_UNIT ( * ) PLANE_ANGLE_UNIT ( ) SI_UNIT ( $, .RADIAN. ) );
#3163 = SECURITY_CLASSIFICATION_LEVEL ( 'unclassified' ) ;
#3164 = DIRECTION ( 'NONE',  ( 0.000000000000000000, 0.000000000000000000, 1.000000000000000000 ) ) ;
#3165 = LINE ( 'NONE', #5212, #1702 ) ;
#3166 = ORIENTED_EDGE ( 'NONE', *, *, #576, .T. ) ;
#3167 = EDGE_CURVE ( 'NONE', #2598, #3071, #5102, .T. ) ;
#3168 = APPROVAL_PERSON_ORGANIZATION ( #3706, #5355, #2124 ) ;
#3169 =( BOUNDED_CURVE ( )  B_SPLINE_CURVE ( 3, ( #1630, #1698, #4215, #4153 ),
 .UNSPECIFIED., .F., .T. ) 
 B_SPLINE_CURVE_WITH_KNOTS ( ( 4, 4 ),
 ( 1.570796326794896558, 3.141592653589793116 ),
 .UNSPECIFIED. ) 
 CURVE ( )  GEOMETRIC_REPRESENTATION_ITEM ( )  RATIONAL_B_SPLINE_CURVE ( ( 1.000000000000000000, 0.8047378541243649375, 0.8047378541243649375, 1.000000000000000000 ) ) 
 REPRESENTATION_ITEM ( '' )  );
#3170 = CYLINDRICAL_SURFACE ( 'NONE', #6044, 0.005000000000000004441 ) ;
#3171 = ORIENTED_EDGE ( 'NONE', *, *, #4487, .T. ) ;
#3172 = LOCAL_TIME ( 23, 23, 15.00000000000000000, #1348 ) ;
#3173 = CARTESIAN_POINT ( 'NONE',  ( 0.1600066785321077323, -0.2107541786898202707, 2.147757831503191472E-05 ) ) ;
#3174 = DIRECTION ( 'NONE',  ( 0.000000000000000000, 1.000000000000000000, 0.000000000000000000 ) ) ;
#3175 = CARTESIAN_POINT ( 'NONE',  ( 0.3072113496660610621, 0.02205051505466251727, 0.05979589127944507504 ) ) ;
#3176 = PRODUCT_RELATED_PRODUCT_CATEGORY ( 'detail', '', ( #5805 ) ) ;
#3177 =( REPRESENTATION_RELATIONSHIP ('NONE','NONE', #3207, #2227 ) REPRESENTATION_RELATIONSHIP_WITH_TRANSFORMATION ( #2920 )SHAPE_REPRESENTATION_RELATIONSHIP( ) );
#3178 = DIRECTION ( 'NONE',  ( 0.000000000000000000, 0.000000000000000000, -1.000000000000000000 ) ) ;
#3179 = ORIENTED_EDGE ( 'NONE', *, *, #3595, .F. ) ;
#3180 = CARTESIAN_POINT ( 'NONE',  ( -0.3279746835443030917, 0.06430379746835440669, 0.5799999999999999600 ) ) ;
#3181 = CARTESIAN_POINT ( 'NONE',  ( -0.3279746835443038133, -0.1956962025316451026, 0.5999999999999999778 ) ) ;
#3182 = DATE_AND_TIME ( #5157, #166 ) ;
#3183 = CARTESIAN_POINT ( 'NONE',  ( 0.3019413567966708345, 0.000000000000000000, 0.05178924042636612324 ) ) ;
#3184 = ADVANCED_FACE ( 'NONE', ( #4587 ), #2480, .T. ) ;
#3185 = EDGE_CURVE ( 'NONE', #2867, #2094, #2141, .T. ) ;
#3186 = CC_DESIGN_DATE_AND_TIME_ASSIGNMENT ( #5046, #1993, ( #6625 ) ) ;
#3187 = CARTESIAN_POINT ( 'NONE',  ( -0.1499999999999998557, -0.01662162162162163226, 0.000000000000000000 ) ) ;
#3188 = VERTEX_POINT ( 'NONE', #1173 ) ;
#3189 = ORIENTED_EDGE ( 'NONE', *, *, #3086, .F. ) ;
#3190 = CARTESIAN_POINT ( 'NONE',  ( 0.1975000000000000089, -0.1750000000000000167, 0.04933012701892221241 ) ) ;
#3191 = CARTESIAN_POINT ( 'NONE',  ( -0.1871049384543285454, 0.1958718940557435673, 0.04782112412222408460 ) ) ;
#3192 = PERSON_AND_ORGANIZATION ( #6361, #58 ) ;
#3193 = CYLINDRICAL_SURFACE ( 'NONE', #1118, 0.004999999999999997502 ) ;
#3194 = EDGE_CURVE ( 'NONE', #5105, #1595, #71, .T. ) ;
#3195 = ORIENTED_EDGE ( 'NONE', *, *, #1514, .T. ) ;
#3196 = ORIENTED_EDGE ( 'NONE', *, *, #1992, .F. ) ;
#3197 = APPROVAL_ROLE ( '' ) ;
#3198 = CARTESIAN_POINT ( 'NONE',  ( -0.1950000000000000622, -0.1850000000000007194, 0.05000000000000000278 ) ) ;
#3199 = CARTESIAN_POINT ( 'NONE',  ( -0.3279746835443030917, 0.08430379746835436894, 0.5799999999999999600 ) ) ;
#3200 = ORIENTED_EDGE ( 'NONE', *, *, #493, .T. ) ;
#3201 = VECTOR ( 'NONE', #4420, 1.000000000000000000 ) ;
#3202 = FACE_OUTER_BOUND ( 'NONE', #96, .T. ) ;
#3203 = EDGE_LOOP ( 'NONE', ( #4687, #2599, #2513, #2998 ) ) ;
#3204 = EDGE_CURVE ( 'NONE', #89, #394, #5565, .T. ) ;
#3205 = CARTESIAN_POINT ( 'NONE',  ( 0.1687858024820751701, -0.2195393920141694710, 0.006999999999999967186 ) ) ;
#3206 = PLANE ( 'NONE',  #1827 ) ;
#3207 = SHAPE_REPRESENTATION ( 'ELECTROTHERAPY BODY ASSEMBLY', ( #1875, #4545, #805, #4540, #6271, #3363, #3800, #2935, #3476, #5192, #813, #4763 ), #158 ) ;
#3208 = CARTESIAN_POINT ( 'NONE',  ( 0.3054815392980800293, 0.01033405577987557555, 0.05709219925604633317 ) ) ;
#3209 = LINE ( 'NONE', #5252, #4216 ) ;
#3210 = EDGE_LOOP ( 'NONE', ( #6344, #767, #4132, #2461 ) ) ;
#3211 = CARTESIAN_POINT ( 'NONE',  ( -0.1499999999999999112, -0.1500000000000000777, 0.04792893218813452927 ) ) ;
#3212 = CARTESIAN_POINT ( 'NONE',  ( 0.1550000000000018585, -0.1649999999999999800, 0.04500000000000000527 ) ) ;
#3213 = MECHANICAL_CONTEXT ( 'NONE', #1709, 'mechanical' ) ;
#3214 = DIRECTION ( 'NONE',  ( -1.000000000000000000, 0.000000000000000000, -0.000000000000000000 ) ) ;
#3215 = DIRECTION ( 'NONE',  ( 1.000000000000000000, 0.000000000000000000, 0.000000000000000000 ) ) ;
#3216 = VECTOR ( 'NONE', #1355, 1.000000000000000000 ) ;
#3217 = DIRECTION ( 'NONE',  ( 1.000000000000000000, 0.000000000000000000, 0.000000000000000000 ) ) ;
#3218 = ORIENTED_EDGE ( 'NONE', *, *, #6616, .T. ) ;
#3219 = DIRECTION ( 'NONE',  ( -1.000000000000000000, 0.000000000000000000, 0.000000000000000000 ) ) ;
#3220 = LINE ( 'NONE', #5299, #1655 ) ;
#3221 = COORDINATED_UNIVERSAL_TIME_OFFSET ( 5, 30, .AHEAD. ) ;
#3222 = AXIS2_PLACEMENT_3D ( 'NONE', #6031, #5587, #6067 ) ;
#3223 = LINE ( 'NONE', #109, #3136 ) ;
#3224 = ADVANCED_FACE ( 'NONE', ( #5694 ), #1201, .F. ) ;
#3225 = ORIENTED_EDGE ( 'NONE', *, *, #5125, .F. ) ;
#3226 = VERTEX_POINT ( 'NONE', #3183 ) ;
#3227 = DIRECTION ( 'NONE',  ( 1.000000000000000000, 0.000000000000000000, 0.000000000000000000 ) ) ;
#3228 = COORDINATED_UNIVERSAL_TIME_OFFSET ( 5, 30, .AHEAD. ) ;
#3229 = CARTESIAN_POINT ( 'NONE',  ( 0.2194852626824364272, -0.1676756281367667856, 0.006831807867447317606 ) ) ;
#3230 = DIRECTION ( 'NONE',  ( -0.000000000000000000, 1.000000000000000000, -0.000000000000000000 ) ) ;
#3231 = ORIENTED_EDGE ( 'NONE', *, *, #4020, .T. ) ;
#3232 = ADVANCED_FACE ( 'NONE', ( #4193 ), #5789, .T. ) ;
#3233 = AXIS2_PLACEMENT_3D ( 'NONE', #5238, #2719, #5268 ) ;
#3234 = CARTESIAN_POINT ( 'NONE',  ( 0.1550000000000000266, 1.434038073474160983E-17, 0.04500000000000000527 ) ) ;
#3235 = EDGE_LOOP ( 'NONE', ( #2278, #1669, #762, #2226 ) ) ;
#3236 = AXIS2_PLACEMENT_3D ( 'NONE', #510, #3083, #1084 ) ;
#3237 = UNCERTAINTY_MEASURE_WITH_UNIT (LENGTH_MEASURE( 1.000000000000000082E-05 ), #338, 'distance_accuracy_value', 'NONE');
#3238 = DIRECTION ( 'NONE',  ( -0.000000000000000000, 0.000000000000000000, 1.000000000000000000 ) ) ;
#3239 = AXIS2_PLACEMENT_3D ( 'NONE', #1275, #3321, #1904 ) ;
#3240 = ADVANCED_FACE ( 'NONE', ( #4720 ), #4750, .T. ) ;
#3241 = B_SPLINE_CURVE_WITH_KNOTS ( 'NONE', 3,
 ( #5445, #450, #5510, #5012, #6124, #3529, #4572, #5983, #3500, #1452, #2994, #3025 ),
 .UNSPECIFIED., .F., .F.,
 ( 4, 2, 2, 2, 2, 4 ),
 ( 0.004365128335124994832, 0.005925666092352941706, 0.007486203849580888581, 0.01060727936403678406, 0.01372835487849267781, 0.01684943039294857156 ),
 .UNSPECIFIED. ) ;
#3242 = CARTESIAN_POINT ( 'NONE',  ( 0.03304650778109481657, 0.05849446897559102548, -0.02730846071356757970 ) ) ;
#3243 = CARTESIAN_POINT ( 'NONE',  ( 0.3067779064959311741, 0.01727000918438331353, 0.05911077671755881474 ) ) ;
#3244 = EDGE_CURVE ( 'NONE', #1087, #2672, #4445, .T. ) ;
#3245 = CARTESIAN_POINT ( 'NONE',  ( 0.1851757933490144337, -0.1963521186771425009, 0.04842399158796743819 ) ) ;
#3246 = ORIENTED_EDGE ( 'NONE', *, *, #3586, .F. ) ;
#3247 = VECTOR ( 'NONE', #4102, 1.000000000000000000 ) ;
#3248 = AXIS2_PLACEMENT_3D ( 'NONE', #4121, #3645, #528 ) ;
#3249 = VECTOR ( 'NONE', #1330, 1.000000000000000000 ) ;
#3250 = CARTESIAN_POINT ( 'NONE',  ( 0.2199999999999999734, -0.1599999999999999756, 0.000000000000000000 ) ) ;
#3251 = CARTESIAN_POINT ( 'NONE',  ( -0.1849999999999993316, -0.1950000000000000622, 0.000000000000000000 ) ) ;
#3252 = CARTESIAN_POINT ( 'NONE',  ( 0.3060236110949373645, 0.04104194859530477940, 0.05793106281729108742 ) ) ;
#3253 = LINE ( 'NONE', #5294, #6142 ) ;
#3254 = CARTESIAN_POINT ( 'NONE',  ( 0.002370082082457845157, 0.02131004748338629490, -0.02183972571686836409 ) ) ;
#3255 = VERTEX_POINT ( 'NONE', #1109 ) ;
#3256 = CARTESIAN_POINT ( 'NONE',  ( -0.1124691133528344239, 0.04468169021442364858, 0.05663978765698059192 ) ) ;
#3257 = CARTESIAN_POINT ( 'NONE',  ( -0.03797468354430372922, -0.1956962025316456022, 0.9000000000000000222 ) ) ;
#3258 = DATE_AND_TIME ( #3921, #5622 ) ;
#3259 = FACE_OUTER_BOUND ( 'NONE', #6285, .T. ) ;
#3260 = AXIS2_PLACEMENT_3D ( 'NONE', #5019, #4043, #6098 ) ;
#3261 = APPROVAL ( #314, 'UNSPECIFIED' ) ;
#3262 = ORIENTED_EDGE ( 'NONE', *, *, #315, .T. ) ;
#3263 = ORIENTED_EDGE ( 'NONE', *, *, #5832, .F. ) ;
#3264 =( LENGTH_UNIT ( ) NAMED_UNIT ( * ) SI_UNIT ( $, .METRE. ) );
#3265 = CIRCLE ( 'NONE', #812, 0.004999999999999997502 ) ;
#3266 = PERSON_AND_ORGANIZATION_ROLE ( 'classification_officer' ) ;
#3267 = CARTESIAN_POINT ( 'NONE',  ( 0.2179826675773163525, -0.1623611188510487302, 0.003970235334954986400 ) ) ;
#3268 = CARTESIAN_POINT ( 'NONE',  ( -0.3179746835443037489, 0.09430379746835439170, 0.6100000000000000977 ) ) ;
#3269 = VERTEX_POINT ( 'NONE', #5226 ) ;
#3270 = AXIS2_PLACEMENT_3D ( 'NONE', #1772, #2871, #5323 ) ;
#3271 = AXIS2_PLACEMENT_3D ( 'NONE', #1510, #2524, #5498 ) ;
#3272 = CARTESIAN_POINT ( 'NONE',  ( 0.07180232558139536259, 0.02078488372093021536, 0.1000000000000000056 ) ) ;
#3273 = EDGE_CURVE ( 'NONE', #2666, #6079, #2190, .T. ) ;
#3274 = ORIENTED_EDGE ( 'NONE', *, *, #1310, .T. ) ;
#3275 = ADVANCED_FACE ( 'NONE', ( #129 ), #2168, .T. ) ;
#3276 = DIRECTION ( 'NONE',  ( 1.000000000000000000, 0.000000000000000000, 0.000000000000000000 ) ) ;
#3277 = CARTESIAN_POINT ( 'NONE',  ( 0.1876016399434741466, -0.1905305721316067069, 0.05000000000000000278 ) ) ;
#3278 = CC_DESIGN_APPROVAL ( #4987, ( #1662 ) ) ;
#3279 = DIRECTION ( 'NONE',  ( 0.000000000000000000, 1.000000000000000000, 0.000000000000000000 ) ) ;
#3280 = CARTESIAN_POINT ( 'NONE',  ( 0.1500000000000001055, 0.08337837837837837329, 0.2899999999999999800 ) ) ;
#3281 = ORIENTED_EDGE ( 'NONE', *, *, #6204, .F. ) ;
#3282 = CC_DESIGN_SECURITY_CLASSIFICATION ( #6182, ( #6657 ) ) ;
#3283 = CYLINDRICAL_SURFACE ( 'NONE', #3739, 0.009999999999999981126 ) ;
#3284 = CARTESIAN_POINT ( 'NONE',  ( 0.3448996292324852941, 0.05884076524149408488, 0.04378282064363974574 ) ) ;
#3285 = ADVANCED_FACE ( 'NONE', ( #1578 ), #1673, .T. ) ;
#3286 = CC_DESIGN_PERSON_AND_ORGANIZATION_ASSIGNMENT ( #269, #855, ( #3597 ) ) ;
#3287 = DIRECTION ( 'NONE',  ( 0.000000000000000000, 1.000000000000000000, 0.000000000000000000 ) ) ;
#3288 = LINE ( 'NONE', #5791, #4103 ) ;
#3289 = LINE ( 'NONE', #809, #1067 ) ;
#3290 = ORIENTED_EDGE ( 'NONE', *, *, #2497, .F. ) ;
#3291 = CARTESIAN_POINT ( 'NONE',  ( -0.1146402913347236985, 0.02693000272970801773, 0.06002843765043738150 ) ) ;
#3292 = DIRECTION ( 'NONE',  ( 0.000000000000000000, 0.000000000000000000, 1.000000000000000000 ) ) ;
#3293 = APPROVAL_ROLE ( '' ) ;
#3294 = DIRECTION ( 'NONE',  ( -7.116814260417669499E-17, 1.000000000000000000, 0.000000000000000000 ) ) ;
#3295 = EDGE_CURVE ( 'NONE', #1595, #139, #2412, .T. ) ;
#3296 = ORIENTED_EDGE ( 'NONE', *, *, #5684, .F. ) ;
#3297 = ORIENTED_EDGE ( 'NONE', *, *, #5690, .T. ) ;
#3298 = CARTESIAN_POINT ( 'NONE',  ( 0.1799999999999999933, -0.2000000000000000111, 0.006999999999999966319 ) ) ;
#3299 =( NAMED_UNIT ( * ) SI_UNIT ( $, .STERADIAN. ) SOLID_ANGLE_UNIT ( ) );
#3300 = DATE_AND_TIME ( #2289, #3057 ) ;
#3301 = FACE_OUTER_BOUND ( 'NONE', #2337, .T. ) ;
#3302 = EDGE_CURVE ( 'NONE', #5177, #4605, #4656, .T. ) ;
#3303 = CYLINDRICAL_SURFACE ( 'NONE', #6322, 0.009999999999999981126 ) ;
#3304 = ORIENTED_EDGE ( 'NONE', *, *, #3143, .T. ) ;
#3305 = LINE ( 'NONE', #2792, #1426 ) ;
#3306 = ORIENTED_EDGE ( 'NONE', *, *, #2973, .F. ) ;
#3307 = DIRECTION ( 'NONE',  ( -0.000000000000000000, -0.000000000000000000, -1.000000000000000000 ) ) ;
#3308 = CARTESIAN_POINT ( 'NONE',  ( 0.07225576995295719673, 0.04096962247190002321, -0.02962979663488792340 ) ) ;
#3309 = CIRCLE ( 'NONE', #416, 0.2493186583308685533 ) ;
#3310 = DIRECTION ( 'NONE',  ( 0.000000000000000000, 1.000000000000000000, 0.000000000000000000 ) ) ;
#3311 = CARTESIAN_POINT ( 'NONE',  ( -0.05970370370370364776, 0.06211111111111107530, 0.02999999999999999889 ) ) ;
#3312 = ORIENTED_EDGE ( 'NONE', *, *, #6430, .T. ) ;
#3313 = VERTEX_POINT ( 'NONE', #5961 ) ;
#3314 = CARTESIAN_POINT ( 'NONE',  ( 0.1599999999999999756, 0.1570710678118655002, 0.05000000000000000278 ) ) ;
#3315 = ADVANCED_BREP_SHAPE_REPRESENTATION ( '', ( #4483, #1868 ), #1127 ) ;
#3316 = VECTOR ( 'NONE', #4258, 1.000000000000000000 ) ;
#3317 = CARTESIAN_POINT ( 'NONE',  ( -0.1499999999999999389, 0.1499999999999999112, 0.05000000000000000278 ) ) ;
#3318 = DIRECTION ( 'NONE',  ( -0.000000000000000000, 0.000000000000000000, 1.000000000000000000 ) ) ;
#3319 = CARTESIAN_POINT ( 'NONE',  ( -0.001702675172207419397, 0.01817926795646950672, -0.02086274462528970447 ) ) ;
#3320 = ORIENTED_EDGE ( 'NONE', *, *, #2056, .T. ) ;
#3321 = DIRECTION ( 'NONE',  ( 0.000000000000000000, 0.000000000000000000, -1.000000000000000000 ) ) ;
#3322 = LINE ( 'NONE', #4361, #4238 ) ;
#3323 = PERSON_AND_ORGANIZATION ( #6361, #58 ) ;
#3324 = DIRECTION ( 'NONE',  ( 0.000000000000000000, 1.000000000000000000, 0.000000000000000000 ) ) ;
#3325 = EDGE_CURVE ( 'NONE', #1506, #348, #1869, .T. ) ;
#3326 = ORIENTED_EDGE ( 'NONE', *, *, #6198, .T. ) ;
#3327 = CARTESIAN_POINT ( 'NONE',  ( -0.05797468354430374005, 0.09430379746835439170, 0.3099999999999999423 ) ) ;
#3328 = PRODUCT_RELATED_PRODUCT_CATEGORY ( 'detail', '', ( #3403 ) ) ;
#3329 = CARTESIAN_POINT ( 'NONE',  ( 0.001464466094066663518, -0.001464466094066648339, 0.04500000000000000527 ) ) ;
#3330 =( NAMED_UNIT ( * ) PLANE_ANGLE_UNIT ( ) SI_UNIT ( $, .RADIAN. ) );
#3331 = SECURITY_CLASSIFICATION_LEVEL ( 'unclassified' ) ;
#3332 = PLANE ( 'NONE',  #1736 ) ;
#3333 = CARTESIAN_POINT ( 'NONE',  ( 0.1300000000000001155, -0.01662162162162163920, 0.2799999999999999711 ) ) ;
#3334 = EDGE_LOOP ( 'NONE', ( #105, #5495, #3575, #2116 ) ) ;
#3335 = PLANE ( 'NONE',  #777 ) ;
#3336 = ORIENTED_EDGE ( 'NONE', *, *, #3097, .F. ) ;
#3337 = DATE_AND_TIME ( #928, #3807 ) ;
#3338 = CARTESIAN_POINT ( 'NONE',  ( 0.09606837470576078120, 0.04815141178674853251, -0.02852519609216187108 ) ) ;
#3339 = CARTESIAN_POINT ( 'NONE',  ( -0.1905305721316076228, 0.1876016399434730086, 0.05000000000000000278 ) ) ;
#3340 = CARTESIAN_POINT ( 'NONE',  ( 0.000000000000000000, 0.000000000000000000, 0.9000000000000000222 ) ) ;
#3341 = ORIENTED_EDGE ( 'NONE', *, *, #710, .F. ) ;
#3342 = ORIENTED_EDGE ( 'NONE', *, *, #4948, .F. ) ;
#3343 = AXIS2_PLACEMENT_3D ( 'NONE', #1642, #711, #3219 ) ;
#3344 = CARTESIAN_POINT ( 'NONE',  ( 0.2966837545050619029, 0.09170478860373891539, -0.04876128053482832458 ) ) ;
#3345 = FACE_OUTER_BOUND ( 'NONE', #2503, .T. ) ;
#3346 = CARTESIAN_POINT ( 'NONE',  ( -0.1499999999999996891, 0.03337837837837837052, 0.02999999999999997113 ) ) ;
#3347 = CARTESIAN_POINT ( 'NONE',  ( 0.004999999999999772855, 0.004999999999999759845, 0.04500000000000000527 ) ) ;
#3348 = ORIENTED_EDGE ( 'NONE', *, *, #662, .F. ) ;
#3349 = EDGE_CURVE ( 'NONE', #6294, #3834, #5923, .T. ) ;
#3350 = DIRECTION ( 'NONE',  ( -0.000000000000000000, -0.000000000000000000, -1.000000000000000000 ) ) ;
#3351 = CARTESIAN_POINT ( 'NONE',  ( -0.1875425313245781267, -0.1915221485538617652, 0.04994802321749933216 ) ) ;
#3352 = APPLICATION_PROTOCOL_DEFINITION ( 'international standard', 'config_control_design', 1994, #6388 ) ;
#3353 = DIRECTION ( 'NONE',  ( -0.7071067811865465735, -0.7071067811865484609, 0.000000000000000000 ) ) ;
#3354 = EDGE_LOOP ( 'NONE', ( #998, #2952 ) ) ;
#3355 = DIRECTION ( 'NONE',  ( -0.000000000000000000, 1.000000000000000000, -0.000000000000000000 ) ) ;
#3356 = CARTESIAN_POINT ( 'NONE',  ( -0.1650000000000000355, -0.1550000000000005818, 0.05000000000000000278 ) ) ;
#3357 = COORDINATED_UNIVERSAL_TIME_OFFSET ( 5, 30, .AHEAD. ) ;
#3358 = CIRCLE ( 'NONE', #4439, 0.01000000000000000888 ) ;
#3359 = CARTESIAN_POINT ( 'NONE',  ( 0.2125796893383486152, -0.1601101889853151772, 0.0003313241704508300737 ) ) ;
#3360 = DIRECTION ( 'NONE',  ( -1.000000000000000000, -3.469446951953616161E-16, 0.000000000000000000 ) ) ;
#3361 = CARTESIAN_POINT ( 'NONE',  ( -0.3279746835443030917, 0.06430379746835451771, 0.8599999999999998757 ) ) ;
#3362 = ORIENTED_EDGE ( 'NONE', *, *, #1894, .T. ) ;
#3363 = AXIS2_PLACEMENT_3D ( 'NONE', #6115, #2052, #6150 ) ;
#3364 = COORDINATED_UNIVERSAL_TIME_OFFSET ( 5, 30, .AHEAD. ) ;
#3365 = DIRECTION ( 'NONE',  ( 0.7071067811865459074, 0.7071067811865492381, 0.000000000000000000 ) ) ;
#3366 = EDGE_CURVE ( 'NONE', #6221, #4601, #6373, .T. ) ;
#3367 = AXIS2_PLACEMENT_3D ( 'NONE', #1486, #452, #5048 ) ;
#3368 = DIRECTION ( 'NONE',  ( 1.000000000000000000, 1.387778780781445676E-16, -0.000000000000000000 ) ) ;
#3369 = LOCAL_TIME ( 23, 23, 15.00000000000000000, #3729 ) ;
#3370 = CARTESIAN_POINT ( 'NONE',  ( 0.1929758753845611796, -0.1874269428721580810, 0.04964823374354173507 ) ) ;
#3371 = AXIS2_PLACEMENT_3D ( 'NONE', #6094, #5118, #1488 ) ;
#3372 = ORIENTED_EDGE ( 'NONE', *, *, #3981, .F. ) ;
#3373 = ORIENTED_EDGE ( 'NONE', *, *, #215, .T. ) ;
#3374 = DIRECTION ( 'NONE',  ( -0.7071067811865492381, 0.7071067811865459074, 0.000000000000000000 ) ) ;
#3375 = AXIS2_PLACEMENT_3D ( 'NONE', #4859, #2378, #4898 ) ;
#3376 = CC_DESIGN_SECURITY_CLASSIFICATION ( #5514, ( #5098 ) ) ;
#3377 = DIRECTION ( 'NONE',  ( -0.000000000000000000, -0.000000000000000000, 1.000000000000000000 ) ) ;
#3378 = CYLINDRICAL_SURFACE ( 'NONE', #3798, 0.2493186583308685533 ) ;
#3379 = ADVANCED_FACE ( 'NONE', ( #324 ), #2273, .F. ) ;
#3380 = CARTESIAN_POINT ( 'NONE',  ( -0.1749999999999999889, -0.1750000000000000167, 0.05000000000000000278 ) ) ;
#3381 = CARTESIAN_POINT ( 'NONE',  ( 0.1144404312975666055, 0.03018405707332094678, -0.02636904706207064686 ) ) ;
#3382 = ORIENTED_EDGE ( 'NONE', *, *, #4858, .F. ) ;
#3383 = LOCAL_TIME ( 23, 23, 15.00000000000000000, #515 ) ;
#3384 = ADVANCED_FACE ( 'NONE', ( #2341 ), #1806, .F. ) ;
#3385 =( BOUNDED_CURVE ( )  B_SPLINE_CURVE ( 3, ( #4158, #4654, #1141, #3212 ),
 .UNSPECIFIED., .F., .T. ) 
 B_SPLINE_CURVE_WITH_KNOTS ( ( 4, 4 ),
 ( 1.570796326794896558, 3.141592653589793116 ),
 .UNSPECIFIED. ) 
 CURVE ( )  GEOMETRIC_REPRESENTATION_ITEM ( )  RATIONAL_B_SPLINE_CURVE ( ( 1.000000000000000000, 0.8047378541243649375, 0.8047378541243649375, 1.000000000000000000 ) ) 
 REPRESENTATION_ITEM ( '' )  );
#3386 = CARTESIAN_POINT ( 'NONE',  ( 0.2800000000000000266, 0.000000000000000000, 0.2899999999999999800 ) ) ;
#3387 = EDGE_CURVE ( 'NONE', #5149, #1079, #739, .T. ) ;
#3388 = ADVANCED_FACE ( 'NONE', ( #4388 ), #3378, .F. ) ;
#3389 = CARTESIAN_POINT ( 'NONE',  ( -0.1750000000000000444, 0.1750000000000000167, 0.05000000000000000278 ) ) ;
#3390 = COORDINATED_UNIVERSAL_TIME_OFFSET ( 5, 30, .AHEAD. ) ;
#3391 = CARTESIAN_POINT ( 'NONE',  ( 0.000000000000000000, 0.1499999999999999112, 0.05000000000000000278 ) ) ;
#3392 = ORIENTED_EDGE ( 'NONE', *, *, #4992, .F. ) ;
#3393 = LINE ( 'NONE', #377, #6021 ) ;
#3394 = DIRECTION ( 'NONE',  ( -1.000000000000000000, -0.000000000000000000, 3.700743415417189125E-16 ) ) ;
#3395 = EDGE_CURVE ( 'NONE', #3269, #5096, #5359, .T. ) ;
#3396 = APPROVAL_ROLE ( '' ) ;
#3397 = CARTESIAN_POINT ( 'NONE',  ( 0.07029629629629637055, 0.01211111111111101701, -0.02999999999999999889 ) ) ;
#3398 = DIRECTION ( 'NONE',  ( 1.000000000000000000, 1.850371707708594316E-16, -0.000000000000000000 ) ) ;
#3399 = FACE_OUTER_BOUND ( 'NONE', #5849, .T. ) ;
#3400 = EDGE_LOOP ( 'NONE', ( #5858, #3320, #5548, #6620 ) ) ;
#3401 = DATE_TIME_ROLE ( 'creation_date' ) ;
#3402 = DIRECTION ( 'NONE',  ( -0.7071067811865492381, 0.7071067811865459074, 0.000000000000000000 ) ) ;
#3403 = PRODUCT ( 'ELECTROTHERAPY BODY ASSEMBLY', 'ELECTROTHERAPY BODY ASSEMBLY', '', ( #5639 ) ) ;
#3404 = CARTESIAN_POINT ( 'NONE',  ( -0.1849999999999999145, 0.1949999999999999789, 0.04500000000000000527 ) ) ;
#3405 = EDGE_CURVE ( 'NONE', #981, #2650, #5422, .T. ) ;
#3406 = CARTESIAN_POINT ( 'NONE',  ( 0.1907781276349597432, -0.1875887583412135518, 0.05000000000000001665 ) ) ;
#3407 = VERTEX_POINT ( 'NONE', #4315 ) ;
#3408 = EDGE_CURVE ( 'NONE', #3787, #6247, #4852, .T. ) ;
#3409 = ORIENTED_EDGE ( 'NONE', *, *, #232, .T. ) ;
#3410 = FACE_OUTER_BOUND ( 'NONE', #3096, .T. ) ;
#3411 = VECTOR ( 'NONE', #5065, 1.000000000000000000 ) ;
#3412 = DIRECTION ( 'NONE',  ( 0.000000000000000000, -1.000000000000000000, 0.000000000000000000 ) ) ;
#3413 = CARTESIAN_POINT ( 'NONE',  ( 0.1549999999999999711, 0.1650000000000000355, 0.000000000000000000 ) ) ;
#3414 = CARTESIAN_POINT ( 'NONE',  ( 0.06169441477568185506, 0.03475228120672999715, -0.02951147378236359045 ) ) ;
#3415 = ORIENTED_EDGE ( 'NONE', *, *, #2297, .F. ) ;
#3416 = CARTESIAN_POINT ( 'NONE',  ( -0.1650000000000000355, -0.1550000000000005262, 0.04792893218813452927 ) ) ;
#3417 = CYLINDRICAL_SURFACE ( 'NONE', #2616, 0.02499999999999999445 ) ;
#3418 = APPROVAL_STATUS ( 'not_yet_approved' ) ;
#3419 = DIRECTION ( 'NONE',  ( 1.000000000000000000, -0.000000000000000000, 0.000000000000000000 ) ) ;
#3420 = ORIENTED_EDGE ( 'NONE', *, *, #6563, .F. ) ;
#3421 = APPROVAL ( #3418, 'UNSPECIFIED' ) ;
#3422 = DIRECTION ( 'NONE',  ( 1.000000000000000000, 0.000000000000000000, 0.000000000000000000 ) ) ;
#3423 = LINE ( 'NONE', #1308, #5940 ) ;
#3424 = SHAPE_REPRESENTATION_RELATIONSHIP ( 'NONE' , 'NONE' ,  #5951, #5872 ) ;
#3425 = LINE ( 'NONE', #1225, #2300 ) ;
#3426 = COORDINATED_UNIVERSAL_TIME_OFFSET ( 5, 30, .AHEAD. ) ;
#3427 = AXIS2_PLACEMENT_3D ( 'NONE', #3397, #5439, #1988 ) ;
#3428 = FACE_OUTER_BOUND ( 'NONE', #3095, .T. ) ;
#3429 = EDGE_CURVE ( 'NONE', #3834, #4495, #5452, .T. ) ;
#3430 = CARTESIAN_POINT ( 'NONE',  ( 0.1300000000000000877, 0.08004504504504503237, 0.2899999999999999800 ) ) ;
#3431 = ORIENTED_EDGE ( 'NONE', *, *, #3586, .T. ) ;
#3432 = DATE_AND_TIME ( #5883, #6621 ) ;
#3433 = CARTESIAN_POINT ( 'NONE',  ( 0.07029629629629635668, 0.06211111111111107530, 0.2703701166919154630 ) ) ;
#3434 = EDGE_CURVE ( 'NONE', #521, #4668, #6431, .T. ) ;
#3435 = CARTESIAN_POINT ( 'NONE',  ( -0.1299999999999998102, -0.006621621621621632051, 0.01000000000000000888 ) ) ;
#3436 = CC_DESIGN_APPROVAL ( #3971, ( #6234 ) ) ;
#3437 = CARTESIAN_POINT ( 'NONE',  ( -0.004733461526421581245, 0.01211111111111103956, -0.02009594921090956943 ) ) ;
#3438 = ORIENTED_EDGE ( 'NONE', *, *, #1625, .T. ) ;
#3439 = EDGE_LOOP ( 'NONE', ( #1831, #522, #2983, #2088 ) ) ;
#3440 = CARTESIAN_POINT ( 'NONE',  ( -0.3379746835443037667, 0.09430379746835439170, 0.9000000000000000222 ) ) ;
#3441 = DIRECTION ( 'NONE',  ( -0.7071067811865439090, -0.7071067811865512365, 0.000000000000000000 ) ) ;
#3442 = CARTESIAN_POINT ( 'NONE',  ( -0.04797468354430378668, -0.1956962025316451026, 0.6099999999999999867 ) ) ;
#3443 = EDGE_CURVE ( 'NONE', #6294, #5287, #1586, .T. ) ;
#3444 = CARTESIAN_POINT ( 'NONE',  ( 0.2000000000000000111, 4.163336342344337027E-17, 0.000000000000000000 ) ) ;
#3445 = ORIENTED_EDGE ( 'NONE', *, *, #6005, .T. ) ;
#3446 = VECTOR ( 'NONE', #4704, 1.000000000000000000 ) ;
#3447 = LINE ( 'NONE', #29, #3988 ) ;
#3448 = CARTESIAN_POINT ( 'NONE',  ( -0.3279746835443038133, 0.09430379746835439170, 0.5999999999999999778 ) ) ;
#3449 = DATE_AND_TIME ( #6528, #820 ) ;
#3450 = DIRECTION ( 'NONE',  ( 1.000000000000000000, 0.000000000000000000, 0.000000000000000000 ) ) ;
#3451 = EDGE_LOOP ( 'NONE', ( #6386, #1145, #2032, #4518 ) ) ;
#3452 = ORIENTED_EDGE ( 'NONE', *, *, #706, .F. ) ;
#3453 = CARTESIAN_POINT ( 'NONE',  ( 0.1750000000000000444, -0.1750000000000000167, 0.000000000000000000 ) ) ;
#3454 = CIRCLE ( 'NONE', #566, 0.01999999999999999001 ) ;
#3455 = FACE_OUTER_BOUND ( 'NONE', #6041, .T. ) ;
#3456 = DIRECTION ( 'NONE',  ( 1.000000000000000000, 0.000000000000000000, 0.000000000000000000 ) ) ;
#3457 = DIRECTION ( 'NONE',  ( 0.000000000000000000, 0.000000000000000000, -1.000000000000000000 ) ) ;
#3458 = CARTESIAN_POINT ( 'NONE',  ( -0.000000000000000000, 0.1650000000000000355, 0.000000000000000000 ) ) ;
#3459 = DIRECTION ( 'NONE',  ( -1.000000000000000000, -0.000000000000000000, 3.700743415417189125E-16 ) ) ;
#3460 = ORIENTED_EDGE ( 'NONE', *, *, #1562, .T. ) ;
#3461 = VECTOR ( 'NONE', #818, 1.000000000000000000 ) ;
#3462 = VECTOR ( 'NONE', #3178, 1.000000000000000000 ) ;
#3463 = DATE_TIME_ROLE ( 'classification_date' ) ;
#3464 = CARTESIAN_POINT ( 'NONE',  ( -0.1499999999999999389, 0.1499999999999999112, 0.000000000000000000 ) ) ;
#3465 = CARTESIAN_POINT ( 'NONE',  ( -0.1299999999999996991, 0.03671171171171169756, 0.2899999999999999800 ) ) ;
#3466 = EDGE_LOOP ( 'NONE', ( #1550, #1791, #5918, #5201 ) ) ;
#3467 = VECTOR ( 'NONE', #1397, 1.000000000000000000 ) ;
#3468 = DIRECTION ( 'NONE',  ( 1.000000000000000000, 0.000000000000000000, 0.000000000000000000 ) ) ;
#3469 = EDGE_LOOP ( 'NONE', ( #4111, #2866, #2992, #1159, #6193, #5895 ) ) ;
#3470 = ORIENTED_EDGE ( 'NONE', *, *, #278, .F. ) ;
#3471 = ADVANCED_FACE ( 'NONE', ( #2806 ), #6481, .T. ) ;
#3472 = CARTESIAN_POINT ( 'NONE',  ( -0.04797468354430373116, -0.1956962025316451026, 0.2999999999999999334 ) ) ;
#3473 = VECTOR ( 'NONE', #411, 1.000000000000000000 ) ;
#3474 = ADVANCED_FACE ( 'NONE', ( #3345, #3847, #5387, #1738, #807, #2840, #4893 ), #289, .F. ) ;
#3475 = LINE ( 'NONE', #4012, #2623 ) ;
#3476 = AXIS2_PLACEMENT_3D ( 'NONE', #1019, #3552, #1406 ) ;
#3477 = DIRECTION ( 'NONE',  ( -3.700743415417189125E-16, 0.000000000000000000, 1.000000000000000000 ) ) ;
#3478 = CARTESIAN_POINT ( 'NONE',  ( 0.1243331622508448420, 0.02745230081971528416, -0.02472768631420238852 ) ) ;
#3479 = VERTEX_POINT ( 'NONE', #5056 ) ;
#3480 = AXIS2_PLACEMENT_3D ( 'NONE', #6390, #2352, #5369 ) ;
#3481 = APPROVAL_PERSON_ORGANIZATION ( #5444, #3261, #859 ) ;
#3482 = CARTESIAN_POINT ( 'NONE',  ( 0.1811613939588645195, 0.08985445893894596081, -0.04161569614587039972 ) ) ;
#3483 = DIRECTION ( 'NONE',  ( -1.000000000000000000, -0.000000000000000000, -0.000000000000000000 ) ) ;
#3484 = PERSON_AND_ORGANIZATION ( #6361, #58 ) ;
#3485 = LINE ( 'NONE', #3514, #2473 ) ;
#3486 = SECURITY_CLASSIFICATION ( '', '', #1651 ) ;
#3487 = ORIENTED_EDGE ( 'NONE', *, *, #5140, .T. ) ;
#3488 = ORIENTED_EDGE ( 'NONE', *, *, #4429, .T. ) ;
#3489 = ADVANCED_FACE ( 'NONE', ( #3538 ), #6132, .F. ) ;
#3490 = DIRECTION ( 'NONE',  ( -0.000000000000000000, -0.000000000000000000, -1.000000000000000000 ) ) ;
#3491 = CC_DESIGN_SECURITY_CLASSIFICATION ( #606, ( #6662 ) ) ;
#3492 = CARTESIAN_POINT ( 'NONE',  ( -0.1875425146575732949, 0.1915223938649878443, 0.04994799586997003549 ) ) ;
#3493 = PERSON_AND_ORGANIZATION ( #6361, #58 ) ;
#3494 = PLANE ( 'NONE',  #4094 ) ;
#3495 = LINE ( 'NONE', #193, #5809 ) ;
#3496 = EDGE_LOOP ( 'NONE', ( #1524, #3510 ) ) ;
#3497 = ORIENTED_EDGE ( 'NONE', *, *, #2395, .T. ) ;
#3498 = CONTEXT_DEPENDENT_SHAPE_REPRESENTATION ( #2392, #1850 ) ;
#3499 = EDGE_CURVE ( 'NONE', #6287, #6237, #5520, .T. ) ;
#3500 = CARTESIAN_POINT ( 'NONE',  ( 0.1791214407889301363, 0.1973229599237747156, 0.04922377745770991492 ) ) ;
#3501 = LINE ( 'NONE', #4829, #1133 ) ;
#3502 = ORIENTED_EDGE ( 'NONE', *, *, #5737, .T. ) ;
#3503 = FACE_OUTER_BOUND ( 'NONE', #4723, .T. ) ;
#3504 = ORIENTED_EDGE ( 'NONE', *, *, #295, .F. ) ;
#3505 = ORIENTED_EDGE ( 'NONE', *, *, #2821, .T. ) ;
#3506 = CARTESIAN_POINT ( 'NONE',  ( -0.1299999999999996991, 0.03671171171171169756, 0.01000000000000000888 ) ) ;
#3507 = CARTESIAN_POINT ( 'NONE',  ( -0.1959982767016880678, 0.1866351121029632132, 0.04800605783282033134 ) ) ;
#3508 = CARTESIAN_POINT ( 'NONE',  ( 0.1550000000000000266, 0.1549999999999999156, 0.05000000000000000278 ) ) ;
#3509 = EDGE_CURVE ( 'NONE', #5546, #1863, #3475, .T. ) ;
#3510 = ORIENTED_EDGE ( 'NONE', *, *, #4700, .F. ) ;
#3511 = CARTESIAN_POINT ( 'NONE',  ( 0.1026472653680411407, 0.09355864092046778380, -0.05640163783081555970 ) ) ;
#3512 = CARTESIAN_POINT ( 'NONE',  ( 0.2099999999999999645, -0.2099999999999999645, 0.009999999999999996739 ) ) ;
#3513 = CALENDAR_DATE ( 2026, 9, 1 ) ;
#3514 = CARTESIAN_POINT ( 'NONE',  ( 0.1849999999999998035, 0.1949999999999999234, 0.04500000000000000527 ) ) ;
#3515 = EDGE_CURVE ( 'NONE', #3527, #2663, #5486, .T. ) ;
#3516 = VECTOR ( 'NONE', #607, 1.000000000000000000 ) ;
#3517 = CARTESIAN_POINT ( 'NONE',  ( -0.1137744385642641826, 0.01552922645238467847, 0.05866260627316363663 ) ) ;
#3518 = ORIENTED_EDGE ( 'NONE', *, *, #5530, .F. ) ;
#3519 = ORIENTED_EDGE ( 'NONE', *, *, #3086, .T. ) ;
#3520 = CARTESIAN_POINT ( 'NONE',  ( -0.3279746835443030917, 0.08430379746835436894, 0.5799999999999999600 ) ) ;
#3521 = CARTESIAN_POINT ( 'NONE',  ( -0.1874686880291165092, 0.1924956735572328215, 0.04977883614235987381 ) ) ;
#3522 = EDGE_CURVE ( 'NONE', #5207, #4601, #939, .T. ) ;
#3523 = CARTESIAN_POINT ( 'NONE',  ( 0.07180232558139536259, 0.02078488372093021536, 0.000000000000000000 ) ) ;
#3524 = DIRECTION ( 'NONE',  ( -0.7071067811865492381, 0.7071067811865459074, 0.000000000000000000 ) ) ;
#3525 = EDGE_CURVE ( 'NONE', #6637, #348, #4454, .T. ) ;
#3526 = ORIENTED_EDGE ( 'NONE', *, *, #406, .F. ) ;
#3527 = VERTEX_POINT ( 'NONE', #5021 ) ;
#3528 = CALENDAR_DATE ( 2026, 9, 1 ) ;
#3529 = CARTESIAN_POINT ( 'NONE',  ( 0.1831754988001044193, 0.1967684183173993573, 0.04882561205224559414 ) ) ;
#3530 = DIRECTION ( 'NONE',  ( -0.000000000000000000, -1.000000000000000000, -0.000000000000000000 ) ) ;
#3531 = EDGE_LOOP ( 'NONE', ( #3218, #6400, #2015, #3726 ) ) ;
#3532 = CARTESIAN_POINT ( 'NONE',  ( 0.1958718940557435118, 0.1871049384543285177, 0.04782112412222405684 ) ) ;
#3533 = ORIENTED_EDGE ( 'NONE', *, *, #914, .T. ) ;
#3534 = AXIS2_PLACEMENT_3D ( 'NONE', #5123, #4078, #527 ) ;
#3535 = ORIENTED_EDGE ( 'NONE', *, *, #2788, .T. ) ;
#3536 = VECTOR ( 'NONE', #2699, 1.000000000000000000 ) ;
#3537 = CARTESIAN_POINT ( 'NONE',  ( -0.3279746835443037578, 0.08430379746835439669, 0.9000000000000000222 ) ) ;
#3538 = FACE_OUTER_BOUND ( 'NONE', #2558, .T. ) ;
#3539 = CARTESIAN_POINT ( 'NONE',  ( -0.1499999999999996891, 0.03337837837837837052, 0.02999999999999997113 ) ) ;
#3540 = DIRECTION ( 'NONE',  ( 1.000000000000000000, 0.000000000000000000, 0.000000000000000000 ) ) ;
#3541 = ORIENTED_EDGE ( 'NONE', *, *, #3295, .T. ) ;
#3542 = CARTESIAN_POINT ( 'NONE',  ( 0.1799545784473326748, 0.08996958449510561451, -0.04204870630314133662 ) ) ;
#3543 = DIRECTION ( 'NONE',  ( 7.116814260417669499E-17, -1.000000000000000000, 0.000000000000000000 ) ) ;
#3544 = COORDINATED_UNIVERSAL_TIME_OFFSET ( 5, 30, .AHEAD. ) ;
#3545 = DIRECTION ( 'NONE',  ( 0.7071067811865465735, 0.7071067811865484609, 0.000000000000000000 ) ) ;
#3546 = AXIS2_PLACEMENT_3D ( 'NONE', #3954, #2325, #3859 ) ;
#3547 = CARTESIAN_POINT ( 'NONE',  ( -0.1100799381502397950, 0.001931275598858654598, 0.05304354061258554492 ) ) ;
#3548 = VERTEX_POINT ( 'NONE', #6521 ) ;
#3549 = EDGE_LOOP ( 'NONE', ( #3842, #4197, #6095, #5517 ) ) ;
#3550 = CARTESIAN_POINT ( 'NONE',  ( 0.1500000000000001055, 0.08337837837837837329, 0.2999999999999999889 ) ) ;
#3551 = DIRECTION ( 'NONE',  ( 8.410780489584517938E-17, 1.000000000000000000, -0.000000000000000000 ) ) ;
#3552 = DIRECTION ( 'NONE',  ( 0.000000000000000000, 0.000000000000000000, 1.000000000000000000 ) ) ;
#3553 = AXIS2_PLACEMENT_3D ( 'NONE', #1818, #3829, #2351 ) ;
#3554 = DIRECTION ( 'NONE',  ( 0.000000000000000000, 1.000000000000000000, 0.000000000000000000 ) ) ;
#3555 = APPROVAL_STATUS ( 'not_yet_approved' ) ;
#3556 = DIRECTION ( 'NONE',  ( 0.7071067811865465735, -0.7071067811865484609, 0.000000000000000000 ) ) ;
#3557 = ADVANCED_FACE ( 'NONE', ( #4485 ), #4546, .T. ) ;
#3558 = VECTOR ( 'NONE', #3085, 1.000000000000000000 ) ;
#3559 = ORIENTED_EDGE ( 'NONE', *, *, #5741, .T. ) ;
#3560 = EDGE_LOOP ( 'NONE', ( #5602, #1301, #4187, #3063 ) ) ;
#3561 = COORDINATED_UNIVERSAL_TIME_OFFSET ( 5, 30, .AHEAD. ) ;
#3562 = CARTESIAN_POINT ( 'NONE',  ( -0.1442678535158561925, 0.07052183306441922594, 0.01681286476126656049 ) ) ;
#3563 = EDGE_LOOP ( 'NONE', ( #1824, #5179, #2536, #2411 ) ) ;
#3564 = DIRECTION ( 'NONE',  ( 0.000000000000000000, -0.000000000000000000, 1.000000000000000000 ) ) ;
#3565 = ORIENTED_EDGE ( 'NONE', *, *, #5737, .F. ) ;
#3566 = EDGE_CURVE ( 'NONE', #5113, #1717, #3155, .T. ) ;
#3567 = ORIENTED_EDGE ( 'NONE', *, *, #4827, .F. ) ;
#3568 = VECTOR ( 'NONE', #2466, 1.000000000000000000 ) ;
#3569 = ADVANCED_FACE ( 'NONE', ( #1932 ), #2471, .F. ) ;
#3570 = LINE ( 'NONE', #6168, #1224 ) ;
#3571 = CARTESIAN_POINT ( 'NONE',  ( -0.1974641116345297043, 0.1770694492525100860, 0.04931000113455284023 ) ) ;
#3572 = AXIS2_PLACEMENT_3D ( 'NONE', #3440, #495, #4513 ) ;
#3573 = DIRECTION ( 'NONE',  ( 1.000000000000000000, 0.000000000000000000, 0.000000000000000000 ) ) ;
#3574 = CARTESIAN_POINT ( 'NONE',  ( -0.2281976744186047512, -0.2792151162790699193, 0.1000000000000000056 ) ) ;
#3575 = ORIENTED_EDGE ( 'NONE', *, *, #5574, .T. ) ;
#3576 = CARTESIAN_POINT ( 'NONE',  ( -0.09703862911144331416, 0.06276486033846444268, 0.03520059860742336122 ) ) ;
#3577 = DIRECTION ( 'NONE',  ( 1.000000000000000000, 1.850371707708594316E-16, 0.000000000000000000 ) ) ;
#3578 = DATE_AND_TIME ( #1108, #4554 ) ;
#3579 = DIRECTION ( 'NONE',  ( 0.000000000000000000, 1.000000000000000000, 0.000000000000000000 ) ) ;
#3580 = VECTOR ( 'NONE', #252, 1.000000000000000000 ) ;
#3581 = AXIS2_PLACEMENT_3D ( 'NONE', #1454, #1959, #4004 ) ;
#3582 = CARTESIAN_POINT ( 'NONE',  ( 0.1500000000000001332, -0.01662162162162163226, 0.2999999999999999889 ) ) ;
#3583 = ORIENTED_EDGE ( 'NONE', *, *, #1994, .T. ) ;
#3584 = APPROVAL_PERSON_ORGANIZATION ( #1939, #641, #371 ) ;
#3585 = VERTEX_POINT ( 'NONE', #5555 ) ;
#3586 = EDGE_CURVE ( 'NONE', #1063, #4523, #899, .T. ) ;
#3587 = CARTESIAN_POINT ( 'NONE',  ( 0.1649999999999999800, 0.000000000000000000, 0.04500000000000000527 ) ) ;
#3588 = CC_DESIGN_DATE_AND_TIME_ASSIGNMENT ( #6296, #5239, ( #1345 ) ) ;
#3589 = DIRECTION ( 'NONE',  ( -1.000000000000000000, 0.000000000000000000, -0.000000000000000000 ) ) ;
#3590 = DIRECTION ( 'NONE',  ( 0.000000000000000000, 1.000000000000000000, 0.000000000000000000 ) ) ;
#3591 = DIRECTION ( 'NONE',  ( -0.000000000000000000, 0.000000000000000000, 1.000000000000000000 ) ) ;
#3592 = DATE_AND_TIME ( #6571, #1513 ) ;
#3593 = CC_DESIGN_APPROVAL ( #3673, ( #3948 ) ) ;
#3594 = CARTESIAN_POINT ( 'NONE',  ( 0.1950000000000000067, -0.1849999999999978884, 0.05000000000000000278 ) ) ;
#3595 = EDGE_CURVE ( 'NONE', #821, #1800, #2933, .T. ) ;
#3596 = VERTEX_POINT ( 'NONE', #6589 ) ;
#3597 = SECURITY_CLASSIFICATION ( '', '', #4438 ) ;
#3598 = ORIENTED_EDGE ( 'NONE', *, *, #4916, .T. ) ;
#3599 = ADVANCED_FACE ( 'NONE', ( #1492 ), #3976, .T. ) ;
#3600 = DATE_TIME_ROLE ( 'classification_date' ) ;
#3601 = CARTESIAN_POINT ( 'NONE',  ( -0.05364120781527528803, 0.1000000000000000056, -0.08836589698046184993 ) ) ;
#3602 = ORIENTED_EDGE ( 'NONE', *, *, #619, .F. ) ;
#3603 = CARTESIAN_POINT ( 'NONE',  ( 0.1932134752590828897, 0.1874049779362530199, 0.04957101401467255836 ) ) ;
#3604 = ORIENTED_EDGE ( 'NONE', *, *, #2687, .T. ) ;
#3605 = VERTEX_POINT ( 'NONE', #1004 ) ;
#3606 = CARTESIAN_POINT ( 'NONE',  ( 0.2000000000000000389, -0.2199999999999999734, 0.06699999999999996236 ) ) ;
#3607 = CARTESIAN_POINT ( 'NONE',  ( -0.04797468354430373116, -0.1956962025316451026, 0.2999999999999999334 ) ) ;
#3608 = DIRECTION ( 'NONE',  ( -0.000000000000000000, -0.000000000000000000, 1.000000000000000000 ) ) ;
#3609 = EDGE_CURVE ( 'NONE', #1767, #4583, #275, .T. ) ;
#3610 = CARTESIAN_POINT ( 'NONE',  ( -0.1801415932645388240, -0.1972176798924992203, 0.04915786820275989955 ) ) ;
#3611 = ORIENTED_EDGE ( 'NONE', *, *, #4175, .F. ) ;
#3612 = CC_DESIGN_PERSON_AND_ORGANIZATION_ASSIGNMENT ( #5704, #3152, ( #2521 ) ) ;
#3613 = LINE ( 'NONE', #1140, #1204 ) ;
#3614 = LINE ( 'NONE', #4255, #1122 ) ;
#3615 = CALENDAR_DATE ( 2026, 9, 1 ) ;
#3616 = DIRECTION ( 'NONE',  ( -1.000000000000000000, 0.000000000000000000, 0.000000000000000000 ) ) ;
#3617 = DIRECTION ( 'NONE',  ( 0.000000000000000000, 0.000000000000000000, 1.000000000000000000 ) ) ;
#3618 = ORIENTED_EDGE ( 'NONE', *, *, #2494, .T. ) ;
#3619 = EDGE_LOOP ( 'NONE', ( #6396, #5774, #5334, #1568, #6063, #1457 ) ) ;
#3620 = DIRECTION ( 'NONE',  ( 0.000000000000000000, 0.000000000000000000, -1.000000000000000000 ) ) ;
#3621 = DIRECTION ( 'NONE',  ( 0.000000000000000000, 0.000000000000000000, -1.000000000000000000 ) ) ;
#3622 = COORDINATED_UNIVERSAL_TIME_OFFSET ( 5, 30, .AHEAD. ) ;
#3623 = CARTESIAN_POINT ( 'NONE',  ( 0.000000000000000000, 0.1600000000000000311, 0.04500000000000000527 ) ) ;
#3624 = VECTOR ( 'NONE', #3125, 1.000000000000000000 ) ;
#3625 = B_SPLINE_CURVE_WITH_KNOTS ( 'NONE', 3,
 ( #2711, #4230, #167, #4793, #6288, #5298, #3256, #611, #1679, #1712, #5794, #2246, #1743, #3788, #1247, #3291 ),
 .UNSPECIFIED., .F., .F.,
 ( 4, 2, 2, 2, 2, 2, 2, 4 ),
 ( 9.126689985681991459E-17, 0.007825032648688329609, 0.01173754897303244671, 0.01369380713520451306, 0.01565006529737657942, 0.02347509794606486566, 0.02738761427040900878, 0.03130013059475316578 ),
 .UNSPECIFIED. ) ;
#3626 = ORIENTED_EDGE ( 'NONE', *, *, #6076, .T. ) ;
#3627 = PERSON ( 'NAUO-PER5', 'UNSPECIFIED', 'UNSPECIFIED', ('UNSPECIFIED'), ('UNSPECIFIED'), ('UNSPECIFIED') ) ;
#3628 = EDGE_LOOP ( 'NONE', ( #2263, #6438, #2261, #2467 ) ) ;
#3629 =( NAMED_UNIT ( * ) SI_UNIT ( $, .STERADIAN. ) SOLID_ANGLE_UNIT ( ) );
#3630 = CONTEXT_DEPENDENT_SHAPE_REPRESENTATION ( #203, #846 ) ;
#3631 = CARTESIAN_POINT ( 'NONE',  ( -0.1466166455534745894, 0.06779528816884572429, 0.02350505626865858483 ) ) ;
#3632 = APPLICATION_CONTEXT ( 'configuration controlled 3d designs of mechanical parts and assemblies' ) ;
#3633 = VERTEX_POINT ( 'NONE', #1629 ) ;
#3634 =( BOUNDED_CURVE ( )  B_SPLINE_CURVE ( 3, ( #3648, #2674, #5723, #1107 ),
 .UNSPECIFIED., .F., .T. ) 
 B_SPLINE_CURVE_WITH_KNOTS ( ( 4, 4 ),
 ( 3.141592653589793116, 4.712388980384689674 ),
 .UNSPECIFIED. ) 
 CURVE ( )  GEOMETRIC_REPRESENTATION_ITEM ( )  RATIONAL_B_SPLINE_CURVE ( ( 1.000000000000000000, 0.8047378541243649375, 0.8047378541243649375, 1.000000000000000000 ) ) 
 REPRESENTATION_ITEM ( '' )  );
#3635 = CARTESIAN_POINT ( 'NONE',  ( 0.1943474284742984226, 0.1872898800149757070, 0.04908170038110455657 ) ) ;
#3636 = ORIENTED_EDGE ( 'NONE', *, *, #5865, .F. ) ;
#3637 = ORIENTED_EDGE ( 'NONE', *, *, #5044, .T. ) ;
#3638 = EDGE_CURVE ( 'NONE', #1364, #2991, #3743, .T. ) ;
#3639 = CARTESIAN_POINT ( 'NONE',  ( 0.07029629629629635668, 0.01211111111111107252, 0.2703701166919154630 ) ) ;
#3640 = CARTESIAN_POINT ( 'NONE',  ( 0.04210102861457571538, 0.04977819902174004940, -0.02830307215158723785 ) ) ;
#3641 = DIRECTION ( 'NONE',  ( 0.7071067811865484609, 0.7071067811865465735, 0.000000000000000000 ) ) ;
#3642 = AXIS2_PLACEMENT_3D ( 'NONE', #2493, #4502, #1888 ) ;
#3643 = AXIS2_PLACEMENT_3D ( 'NONE', #2570, #2936, #6591 ) ;
#3644 = EDGE_CURVE ( 'NONE', #1233, #4523, #2161, .T. ) ;
#3645 = DIRECTION ( 'NONE',  ( 0.000000000000000000, -0.000000000000000000, -1.000000000000000000 ) ) ;
#3646 = EDGE_LOOP ( 'NONE', ( #638, #2460, #2305, #5650 ) ) ;
#3647 = CARTESIAN_POINT ( 'NONE',  ( 0.000000000000000000, 0.000000000000000000, 0.000000000000000000 ) ) ;
#3648 = CARTESIAN_POINT ( 'NONE',  ( -0.1549999999999995548, -0.1649999999999999800, 0.04500000000000000527 ) ) ;
#3649 = DATE_TIME_ROLE ( 'classification_date' ) ;
#3650 = DIRECTION ( 'NONE',  ( 1.000000000000000000, 1.067522139062650671E-16, 0.000000000000000000 ) ) ;
#3651 = VECTOR ( 'NONE', #909, 1.000000000000000000 ) ;
#3652 = CARTESIAN_POINT ( 'NONE',  ( 0.2199999999999999734, -0.1695393920141694266, -0.003000000000000030420 ) ) ;
#3653 = EDGE_LOOP ( 'NONE', ( #1428, #6248, #3348, #1897, #4083 ) ) ;
#3654 = VERTEX_POINT ( 'NONE', #1163 ) ;
#3655 = CARTESIAN_POINT ( 'NONE',  ( 0.1500000000000001055, 0.08337837837837837329, 0.2700000000000000178 ) ) ;
#3656 = CARTESIAN_POINT ( 'NONE',  ( 0.1850000000000020794, -0.1950000000000000622, 0.04601441612684314258 ) ) ;
#3657 = APPROVAL_DATE_TIME ( #1614, #243 ) ;
#3658 = CARTESIAN_POINT ( 'NONE',  ( -0.1866358941159937945, 0.1959980663412522750, 0.04800575001574856199 ) ) ;
#3659 = VECTOR ( 'NONE', #726, 1.000000000000000000 ) ;
#3660 = ORIENTED_EDGE ( 'NONE', *, *, #3668, .T. ) ;
#3661 = EDGE_LOOP ( 'NONE', ( #5146, #4035, #1035, #3452 ) ) ;
#3662 = VECTOR ( 'NONE', #3490, 1.000000000000000000 ) ;
#3663 = CARTESIAN_POINT ( 'NONE',  ( 0.1649999999999999800, -0.1549999999999982225, 0.04500000000000000527 ) ) ;
#3664 = PERSON_AND_ORGANIZATION ( #3945, #72 ) ;
#3665 = CARTESIAN_POINT ( 'NONE',  ( -0.06680919491853457015, 0.09864209091804582163, -0.08056306276062895344 ) ) ;
#3666 = CARTESIAN_POINT ( 'NONE',  ( -0.3179746835443037489, 0.09430379746835439170, 0.2999999999999999334 ) ) ;
#3667 = ORIENTED_EDGE ( 'NONE', *, *, #4417, .F. ) ;
#3668 = EDGE_CURVE ( 'NONE', #2131, #6026, #663, .T. ) ;
#3669 = CARTESIAN_POINT ( 'NONE',  ( 0.1950000000000000344, -0.1849999999999979161, 0.04601441612684357974 ) ) ;
#3670 = EDGE_CURVE ( 'NONE', #5033, #2690, #1661, .T. ) ;
#3671 = ORIENTED_EDGE ( 'NONE', *, *, #2948, .T. ) ;
#3672 = ADVANCED_FACE ( 'NONE', ( #595 ), #3675, .T. ) ;
#3673 = APPROVAL ( #2860, 'UNSPECIFIED' ) ;
#3674 = CARTESIAN_POINT ( 'NONE',  ( 0.1628373933214744274, -0.2183369636762112209, 0.004454960023454067677 ) ) ;
#3675 = PLANE ( 'NONE',  #1723 ) ;
#3676 =( BOUNDED_CURVE ( )  B_SPLINE_CURVE ( 3, ( #5388, #2275, #4817, #3346 ),
 .UNSPECIFIED., .F., .T. ) 
 B_SPLINE_CURVE_WITH_KNOTS ( ( 4, 4 ),
 ( 4.712388980384686121, 6.283185307179586232 ),
 .UNSPECIFIED. ) 
 CURVE ( )  GEOMETRIC_REPRESENTATION_ITEM ( )  RATIONAL_B_SPLINE_CURVE ( ( 1.000000000000000000, 0.8047378541243641603, 0.8047378541243641603, 1.000000000000000000 ) ) 
 REPRESENTATION_ITEM ( '' )  );
#3677 = CARTESIAN_POINT ( 'NONE',  ( 0.1749999999999999889, 0.2000000000000000111, 0.05000000000000000278 ) ) ;
#3678 = DIRECTION ( 'NONE',  ( 1.000000000000000000, -0.000000000000000000, -0.000000000000000000 ) ) ;
#3679 = ORIENTED_EDGE ( 'NONE', *, *, #4775, .T. ) ;
#3680 = ADVANCED_FACE ( 'NONE', ( #2640 ), #3206, .F. ) ;
#3681 = FACE_OUTER_BOUND ( 'NONE', #3661, .T. ) ;
#3682 = VECTOR ( 'NONE', #5263, 1.000000000000000000 ) ;
#3683 = VECTOR ( 'NONE', #1862, 1.000000000000000000 ) ;
#3684 = DIRECTION ( 'NONE',  ( -1.000000000000000000, 0.000000000000000000, -0.000000000000000000 ) ) ;
#3685 = APPLICATION_PROTOCOL_DEFINITION ( 'international standard', 'config_control_design', 1994, #3849 ) ;
#3686 = VECTOR ( 'NONE', #938, 1.000000000000000000 ) ;
#3687 = DIRECTION ( 'NONE',  ( 0.000000000000000000, -1.000000000000000000, 0.000000000000000000 ) ) ;
#3688 = CARTESIAN_POINT ( 'NONE',  ( 0.2199904145761346907, -0.2007146771271769436, 0.009494647103994243928 ) ) ;
#3689 = ORIENTED_EDGE ( 'NONE', *, *, #688, .T. ) ;
#3690 = AXIS2_PLACEMENT_3D ( 'NONE', #5291, #5861, #703 ) ;
#3691 = ORIENTED_EDGE ( 'NONE', *, *, #3509, .T. ) ;
#3692 = ADVANCED_FACE ( 'NONE', ( #93 ), #1193, .F. ) ;
#3693 = DIRECTION ( 'NONE',  ( 1.000000000000000000, -3.330669073875469621E-15, 0.000000000000000000 ) ) ;
#3694 = EDGE_CURVE ( 'NONE', #2902, #5560, #151, .T. ) ;
#3695 = PLANE ( 'NONE',  #4234 ) ;
#3696 = PERSON_AND_ORGANIZATION_ROLE ( 'creator' ) ;
#3697 = DIRECTION ( 'NONE',  ( 0.000000000000000000, 0.000000000000000000, -1.000000000000000000 ) ) ;
#3698 = TOROIDAL_SURFACE ( 'NONE', #1548, 0.02000000000000000042, 0.005000000000000000104 ) ;
#3699 = LOCAL_TIME ( 23, 23, 15.00000000000000000, #3791 ) ;
#3700 = ADVANCED_FACE ( 'NONE', ( #5218 ), #3714, .T. ) ;
#3701 = ORIENTED_EDGE ( 'NONE', *, *, #5746, .F. ) ;
#3702 = ORIENTED_EDGE ( 'NONE', *, *, #2630, .T. ) ;
#3703 = VECTOR ( 'NONE', #6640, 1.000000000000000000 ) ;
#3704 = APPROVAL_PERSON_ORGANIZATION ( #279, #5919, #6432 ) ;
#3705 = CARTESIAN_POINT ( 'NONE',  ( 0.3461483593182563823, 0.05551877822473579027, 0.05061773153931712482 ) ) ;
#3706 = PERSON_AND_ORGANIZATION ( #1236, #2205 ) ;
#3707 = CARTESIAN_POINT ( 'NONE',  ( -0.05970370370370364776, 0.06211111111111107530, 0.02999999999999999889 ) ) ;
#3708 = DIRECTION ( 'NONE',  ( -0.000000000000000000, -0.000000000000000000, -1.000000000000000000 ) ) ;
#3709 = ORIENTED_EDGE ( 'NONE', *, *, #4129, .F. ) ;
#3710 = CC_DESIGN_APPROVAL ( #3091, ( #4559 ) ) ;
#3711 = CARTESIAN_POINT ( 'NONE',  ( -0.3279746835443038133, -0.1956962025316451026, 0.5999999999999999778 ) ) ;
#3712 = ORIENTED_EDGE ( 'NONE', *, *, #4632, .T. ) ;
#3713 = CARTESIAN_POINT ( 'NONE',  ( 0.1601109952148528082, -0.2125882516183217330, 0.0003336141555716363918 ) ) ;
#3714 = CYLINDRICAL_SURFACE ( 'NONE', #653, 0.01000000000000000888 ) ;
#3715 = CARTESIAN_POINT ( 'NONE',  ( 0.3019413567966708345, 0.000000000000000000, 0.05178924042636612324 ) ) ;
#3716 = DIRECTION ( 'NONE',  ( 1.000000000000000000, 0.000000000000000000, 0.000000000000000000 ) ) ;
#3717 = ORIENTED_EDGE ( 'NONE', *, *, #4100, .F. ) ;
#3718 = EDGE_CURVE ( 'NONE', #4304, #6638, #5652, .T. ) ;
#3719 = DIRECTION ( 'NONE',  ( 0.000000000000000000, 1.000000000000000000, 0.000000000000000000 ) ) ;
#3720 = LINE ( 'NONE', #4616, #251 ) ;
#3721 = APPLICATION_PROTOCOL_DEFINITION ( 'international standard', 'config_control_design', 1994, #2101 ) ;
#3722 = CARTESIAN_POINT ( 'NONE',  ( 0.000000000000000000, 0.1950000000000000067, 0.04500000000000000527 ) ) ;
#3723 = EDGE_CURVE ( 'NONE', #2634, #6352, #4602, .T. ) ;
#3724 = CARTESIAN_POINT ( 'NONE',  ( 0.1200000000000001343, -0.01662162162162163920, 0.02999999999999997113 ) ) ;
#3725 = DIRECTION ( 'NONE',  ( 1.000000000000000000, 1.850371707708594316E-16, -0.000000000000000000 ) ) ;
#3726 = ORIENTED_EDGE ( 'NONE', *, *, #6040, .T. ) ;
#3727 = DIRECTION ( 'NONE',  ( -0.000000000000000000, 0.000000000000000000, 1.000000000000000000 ) ) ;
#3728 = CARTESIAN_POINT ( 'NONE',  ( -0.1871259811968327136, 0.1957108404677593838, 0.04800953884536383887 ) ) ;
#3729 = COORDINATED_UNIVERSAL_TIME_OFFSET ( 5, 30, .AHEAD. ) ;
#3730 = LINE ( 'NONE', #2216, #1319 ) ;
#3731 = ADVANCED_FACE ( 'NONE', ( #6433 ), #1828, .F. ) ;
#3732 = ORIENTED_EDGE ( 'NONE', *, *, #6565, .F. ) ;
#3733 = ORIENTED_EDGE ( 'NONE', *, *, #305, .F. ) ;
#3734 = PLANE ( 'NONE',  #5505 ) ;
#3735 = DATE_AND_TIME ( #1688, #4882 ) ;
#3736 = CARTESIAN_POINT ( 'NONE',  ( 0.2188291467582304528, -0.1639496913094196373, 0.005299779001237667209 ) ) ;
#3737 = DIRECTION ( 'NONE',  ( 1.000000000000000000, 0.000000000000000000, -0.000000000000000000 ) ) ;
#3738 = EDGE_LOOP ( 'NONE', ( #561, #582, #6276, #6096, #5304 ) ) ;
#3739 = AXIS2_PLACEMENT_3D ( 'NONE', #1866, #1735, #3782 ) ;
#3740 = DIRECTION ( 'NONE',  ( -0.000000000000000000, 1.000000000000000000, -0.000000000000000000 ) ) ;
#3741 = ORIENTED_EDGE ( 'NONE', *, *, #4459, .F. ) ;
#3742 = DIRECTION ( 'NONE',  ( -0.000000000000000000, -1.000000000000000000, -0.000000000000000000 ) ) ;
#3743 = LINE ( 'NONE', #3607, #6119 ) ;
#3744 = CARTESIAN_POINT ( 'NONE',  ( -0.3179746835443037489, 0.09430379746835439170, 0.9000000000000000222 ) ) ;
#3745 = CARTESIAN_POINT ( 'NONE',  ( -0.3279746835443030917, 0.07430379746835438781, 0.8599999999999998757 ) ) ;
#3746 = ORIENTED_EDGE ( 'NONE', *, *, #514, .F. ) ;
#3747 = DIRECTION ( 'NONE',  ( 0.000000000000000000, 1.000000000000000000, 0.000000000000000000 ) ) ;
#3748 = DIRECTION ( 'NONE',  ( 0.000000000000000000, 0.000000000000000000, -1.000000000000000000 ) ) ;
#3749 = CARTESIAN_POINT ( 'NONE',  ( 0.3068235896979816801, 0.03600372925985714789, 0.05918315069025818081 ) ) ;
#3750 = FACE_OUTER_BOUND ( 'NONE', #1463, .T. ) ;
#3751 = CARTESIAN_POINT ( 'NONE',  ( 0.01150644132404909578, 0.02576939958827701230, -0.02381742822460815659 ) ) ;
#3752 = EDGE_LOOP ( 'NONE', ( #407, #5730, #4634, #5143, #3980, #1412 ) ) ;
#3753 = LINE ( 'NONE', #2750, #5061 ) ;
#3754 = FACE_OUTER_BOUND ( 'NONE', #3899, .T. ) ;
#3755 = PERSON_AND_ORGANIZATION ( #6361, #58 ) ;
#3756 = CIRCLE ( 'NONE', #3119, 0.009999999999999870104 ) ;
#3757 = LINE ( 'NONE', #5301, #3461 ) ;
#3758 = ADVANCED_FACE ( 'NONE', ( #3775 ), #1859, .T. ) ;
#3759 = VERTEX_POINT ( 'NONE', #2733 ) ;
#3760 = EDGE_CURVE ( 'NONE', #4577, #376, #5820, .T. ) ;
#3761 = ORIENTED_EDGE ( 'NONE', *, *, #2414, .F. ) ;
#3762 = APPLICATION_CONTEXT ( 'configuration controlled 3d designs of mechanical parts and assemblies' ) ;
#3763 = CARTESIAN_POINT ( 'NONE',  ( -0.2000000000000000111, -2.775557561562891351E-17, 0.000000000000000000 ) ) ;
#3764 = PERSON_AND_ORGANIZATION ( #3627, #494 ) ;
#3765 = DIRECTION ( 'NONE',  ( 1.000000000000000000, 2.775557561562891844E-16, 0.000000000000000000 ) ) ;
#3766 =( BOUNDED_CURVE ( )  B_SPLINE_CURVE ( 3, ( #1582, #1982, #5069, #473 ),
 .UNSPECIFIED., .F., .T. ) 
 B_SPLINE_CURVE_WITH_KNOTS ( ( 4, 4 ),
 ( 0.000000000000000000, 1.570796326794896558 ),
 .UNSPECIFIED. ) 
 CURVE ( )  GEOMETRIC_REPRESENTATION_ITEM ( )  RATIONAL_B_SPLINE_CURVE ( ( 1.000000000000000000, 0.8047378541243649375, 0.8047378541243649375, 1.000000000000000000 ) ) 
 REPRESENTATION_ITEM ( '' )  );
#3767 = CARTESIAN_POINT ( 'NONE',  ( 0.000000000000000000, 0.000000000000000000, 0.000000000000000000 ) ) ;
#3768 = EDGE_LOOP ( 'NONE', ( #320, #5377, #2590, #415 ) ) ;
#3769 = CIRCLE ( 'NONE', #2803, 0.004999999999999997502 ) ;
#3770 = AXIS2_PLACEMENT_3D ( 'NONE', #2583, #4563, #1440 ) ;
#3771 = CARTESIAN_POINT ( 'NONE',  ( -0.1950000000000000622, 0.1849999999999999978, 0.05000000000000000278 ) ) ;
#3772 = ORIENTED_EDGE ( 'NONE', *, *, #3499, .T. ) ;
#3773 = DIRECTION ( 'NONE',  ( -0.000000000000000000, 0.000000000000000000, 1.000000000000000000 ) ) ;
#3774 = VECTOR ( 'NONE', #106, 1.000000000000000000 ) ;
#3775 = FACE_OUTER_BOUND ( 'NONE', #1449, .T. ) ;
#3776 = PRODUCT ( 'PLATE SLAB', 'PLATE SLAB', '', ( #3213 ) ) ;
#3777 = PLANE ( 'NONE',  #1628 ) ;
#3778 = EDGE_CURVE ( 'NONE', #2650, #1245, #184, .T. ) ;
#3779 = CYLINDRICAL_SURFACE ( 'NONE', #1964, 0.005000000000000000104 ) ;
#3780 = ORIENTED_EDGE ( 'NONE', *, *, #2876, .T. ) ;
#3781 = AXIS2_PLACEMENT_3D ( 'NONE', #5360, #4853, #4924 ) ;
#3782 = DIRECTION ( 'NONE',  ( 0.000000000000000000, 1.000000000000000000, 0.000000000000000000 ) ) ;
#3783 = DIRECTION ( 'NONE',  ( 0.000000000000000000, 0.000000000000000000, 1.000000000000000000 ) ) ;
#3784 = CARTESIAN_POINT ( 'NONE',  ( -0.1499999999999999389, 0.000000000000000000, 0.000000000000000000 ) ) ;
#3785 = CARTESIAN_POINT ( 'NONE',  ( -0.1749999999999999889, -0.1750000000000000167, 0.04500000000000000527 ) ) ;
#3786 = FACE_OUTER_BOUND ( 'NONE', #569, .T. ) ;
#3787 = VERTEX_POINT ( 'NONE', #3810 ) ;
#3788 = CARTESIAN_POINT ( 'NONE',  ( -0.1146059634732757848, 0.02957041812026491023, 0.05997385578805076306 ) ) ;
#3789 = EDGE_CURVE ( 'NONE', #3112, #4576, #5801, .T. ) ;
#3790 = VECTOR ( 'NONE', #1456, 1.000000000000000000 ) ;
#3791 = COORDINATED_UNIVERSAL_TIME_OFFSET ( 5, 30, .AHEAD. ) ;
#3792 = CARTESIAN_POINT ( 'NONE',  ( 0.1649999999999999523, -0.1549999999999982225, 0.04792893218813451539 ) ) ;
#3793 = AXIS2_PLACEMENT_3D ( 'NONE', #2577, #2075, #4126 ) ;
#3794 = ORIENTED_EDGE ( 'NONE', *, *, #716, .F. ) ;
#3795 = CARTESIAN_POINT ( 'NONE',  ( -0.3279746835443038133, 0.09430379746835439170, 0.6100000000000000977 ) ) ;
#3796 = B_SPLINE_CURVE_WITH_KNOTS ( 'NONE', 3,
 ( #4907, #2356, #1311, #3359, #4268, #5808, #4297, #1186, #5404, #4801, #2291, #1218, #6357, #205, #3267, #684, #1256, #4871, #3736, #6326, #1752, #4334, #5876, #828, #2258, #3229, #1284, #5272, #723, #307 ),
 .UNSPECIFIED., .F., .F.,
 ( 4, 2, 2, 2, 2, 2, 2, 2, 2, 2, 2, 2, 2, 2, 4 ),
 ( 5.604439106975950011E-19, 0.002230336992815078277, 0.003345505489222617198, 0.004460673985630156553, 0.005575842482037694607, 0.006691010978445234396, 0.008921347971260339127, 0.01003651646766791361, 0.01115168496407548809, 0.01226685346048306084, 0.01338202195689063533, 0.01449719045329821154, 0.01561235894970578603, 0.01672752744611336051, 0.01784269594252093499 ),
 .UNSPECIFIED. ) ;
#3797 = CARTESIAN_POINT ( 'NONE',  ( 1.350801857529668526, 1.298720380125935048, 0.8941637662369326112 ) ) ;
#3798 = AXIS2_PLACEMENT_3D ( 'NONE', #2773, #869, #361 ) ;
#3799 = PERSON_AND_ORGANIZATION_ROLE ( 'classification_officer' ) ;
#3800 = AXIS2_PLACEMENT_3D ( 'NONE', #2020, #4597, #6606 ) ;
#3801 = LINE ( 'NONE', #6392, #6349 ) ;
#3802 = EDGE_CURVE ( 'NONE', #5815, #2038, #3241, .T. ) ;
#3803 = CARTESIAN_POINT ( 'NONE',  ( -0.2000000000000000389, 0.1750000000000000167, 0.000000000000000000 ) ) ;
#3804 = VERTEX_POINT ( 'NONE', #4444 ) ;
#3805 = AXIS2_PLACEMENT_3D ( 'NONE', #2995, #2437, #390 ) ;
#3806 = DIRECTION ( 'NONE',  ( -1.000000000000000000, -0.000000000000000000, -0.000000000000000000 ) ) ;
#3807 = LOCAL_TIME ( 23, 23, 15.00000000000000000, #1858 ) ;
#3808 = ORIENTED_EDGE ( 'NONE', *, *, #5670, .F. ) ;
#3809 = CARTESIAN_POINT ( 'NONE',  ( -0.3279746835443037578, -0.1956962025316451026, 0.3099999999999999423 ) ) ;
#3810 = CARTESIAN_POINT ( 'NONE',  ( -0.3179746835443036934, -0.1856962025316456211, 0.8800000000000000044 ) ) ;
#3811 = APPROVAL_PERSON_ORGANIZATION ( #4960, #3421, #2448 ) ;
#3812 = CARTESIAN_POINT ( 'NONE',  ( -0.1536412078152752381, -0.4600000000000004086, 0.05178924042636628977 ) ) ;
#3813 = CARTESIAN_POINT ( 'NONE',  ( 0.004999999999999772855, 0.004999999999999759845, 0.05000000000000000278 ) ) ;
#3814 = VERTEX_POINT ( 'NONE', #962 ) ;
#3815 = EDGE_LOOP ( 'NONE', ( #2496, #623, #2439, #2382 ) ) ;
#3816 = APPROVAL_PERSON_ORGANIZATION ( #3958, #3091, #2354 ) ;
#3817 = CARTESIAN_POINT ( 'NONE',  ( -0.1558578643762691118, 0.1629289321881345620, 0.05000000000000000278 ) ) ;
#3818 = EDGE_CURVE ( 'NONE', #2634, #5567, #2044, .T. ) ;
#3819 = ADVANCED_FACE ( 'NONE', ( #6514, #1920 ), #2435, .T. ) ;
#3820 = FACE_OUTER_BOUND ( 'NONE', #6201, .T. ) ;
#3821 = DIRECTION ( 'NONE',  ( -0.000000000000000000, -1.000000000000000000, -0.000000000000000000 ) ) ;
#3822 = ORIENTED_EDGE ( 'NONE', *, *, #5321, .T. ) ;
#3823 = APPROVAL ( #5765, 'UNSPECIFIED' ) ;
#3824 = DIRECTION ( 'NONE',  ( -0.000000000000000000, -0.000000000000000000, -1.000000000000000000 ) ) ;
#3825 = DIRECTION ( 'NONE',  ( 1.000000000000000000, 0.000000000000000000, 0.000000000000000000 ) ) ;
#3826 = PERSON_AND_ORGANIZATION_ROLE ( 'creator' ) ;
#3827 = LINE ( 'NONE', #749, #875 ) ;
#3828 = ORIENTED_EDGE ( 'NONE', *, *, #315, .F. ) ;
#3829 = DIRECTION ( 'NONE',  ( 1.000000000000000000, 0.000000000000000000, 0.000000000000000000 ) ) ;
#3830 = LINE ( 'NONE', #883, #157 ) ;
#3831 = CALENDAR_DATE ( 2026, 9, 1 ) ;
#3832 = DIRECTION ( 'NONE',  ( 0.000000000000000000, -1.000000000000000000, 0.000000000000000000 ) ) ;
#3833 = CARTESIAN_POINT ( 'NONE',  ( 0.1200000000000001343, 3.330669073875473196E-17, 0.000000000000000000 ) ) ;
#3834 = VERTEX_POINT ( 'NONE', #3464 ) ;
#3835 = CYLINDRICAL_SURFACE ( 'NONE', #4834, 0.04813026053085153744 ) ;
#3836 = VERTEX_POINT ( 'NONE', #860 ) ;
#3837 = DATE_AND_TIME ( #1382, #923 ) ;
#3838 = CARTESIAN_POINT ( 'NONE',  ( 0.1085121007503769552, 0.06021597982146195682, -0.02718586684285214175 ) ) ;
#3839 = AXIS2_PLACEMENT_3D ( 'NONE', #6327, #4440, #3012 ) ;
#3840 = LINE ( 'NONE', #1860, #8 ) ;
#3841 = LINE ( 'NONE', #1137, #3462 ) ;
#3842 = ORIENTED_EDGE ( 'NONE', *, *, #4374, .F. ) ;
#3843 = ORIENTED_EDGE ( 'NONE', *, *, #692, .T. ) ;
#3844 = EDGE_CURVE ( 'NONE', #3188, #2063, #3756, .T. ) ;
#3845 = LINE ( 'NONE', #5889, #5414 ) ;
#3846 = CARTESIAN_POINT ( 'NONE',  ( -0.1399999999999996803, 0.03504504504504503404, 0.01414213562373096977 ) ) ;
#3847 = FACE_BOUND ( 'NONE', #3952, .T. ) ;
#3848 = CARTESIAN_POINT ( 'NONE',  ( -0.1499999999999999389, -0.1500000000000000777, 0.04500000000000000527 ) ) ;
#3849 = APPLICATION_CONTEXT ( 'configuration controlled 3d designs of mechanical parts and assemblies' ) ;
#3850 = CARTESIAN_POINT ( 'NONE',  ( -0.3279746835443038133, 0.09430379746835439170, 0.5999999999999999778 ) ) ;
#3851 = ORIENTED_EDGE ( 'NONE', *, *, #6398, .T. ) ;
#3852 =( BOUNDED_CURVE ( )  B_SPLINE_CURVE ( 3, ( #409, #5136, #539, #4030 ),
 .UNSPECIFIED., .F., .T. ) 
 B_SPLINE_CURVE_WITH_KNOTS ( ( 4, 4 ),
 ( 1.570796326794896558, 3.141592653589793116 ),
 .UNSPECIFIED. ) 
 CURVE ( )  GEOMETRIC_REPRESENTATION_ITEM ( )  RATIONAL_B_SPLINE_CURVE ( ( 1.000000000000000000, 0.8047378541243649375, 0.8047378541243649375, 1.000000000000000000 ) ) 
 REPRESENTATION_ITEM ( '' )  );
#3853 = CARTESIAN_POINT ( 'NONE',  ( -0.1922541509908807789, 0.1874883905633884518, 0.04983209275147488376 ) ) ;
#3854 = CARTESIAN_POINT ( 'NONE',  ( 0.2000000000000000389, -0.1799999999999999933, 0.006999999999999966319 ) ) ;
#3855 = APPROVAL_STATUS ( 'not_yet_approved' ) ;
#3856 = CARTESIAN_POINT ( 'NONE',  ( 0.1550000000000018585, -0.1599999999999999756, 0.05000000000000000278 ) ) ;
#3857 = VECTOR ( 'NONE', #1664, 1.000000000000000000 ) ;
#3858 = ORIENTED_EDGE ( 'NONE', *, *, #796, .F. ) ;
#3859 = DIRECTION ( 'NONE',  ( 0.000000000000000000, 0.000000000000000000, 1.000000000000000000 ) ) ;
#3860 = DIRECTION ( 'NONE',  ( 0.7071067811865512365, -0.7071067811865439090, 0.000000000000000000 ) ) ;
#3861 = EDGE_CURVE ( 'NONE', #335, #5127, #6371, .T. ) ;
#3862 = CC_DESIGN_PERSON_AND_ORGANIZATION_ASSIGNMENT ( #542, #2588, ( #6234 ) ) ;
#3863 = CALENDAR_DATE ( 2026, 9, 1 ) ;
#3864 = DIRECTION ( 'NONE',  ( 0.000000000000000000, 0.000000000000000000, 1.000000000000000000 ) ) ;
#3865 = CARTESIAN_POINT ( 'NONE',  ( -0.1950000000000000622, 0.1849999999999999978, 0.04500000000000000527 ) ) ;
#3866 = DIRECTION ( 'NONE',  ( 1.000000000000000000, 1.850371707708594316E-16, -0.000000000000000000 ) ) ;
#3867 = ORIENTED_EDGE ( 'NONE', *, *, #4578, .T. ) ;
#3868 = PERSON_AND_ORGANIZATION ( #6361, #58 ) ;
#3869 = DIRECTION ( 'NONE',  ( -7.116814260417669499E-17, 1.000000000000000000, 0.000000000000000000 ) ) ;
#3870 = PLANE ( 'NONE',  #5738 ) ;
#3871 = CARTESIAN_POINT ( 'NONE',  ( 0.1910286974282817685, -0.1875742064303521917, 0.04998966905290154472 ) ) ;
#3872 = ORIENTED_EDGE ( 'NONE', *, *, #2367, .T. ) ;
#3873 = EDGE_CURVE ( 'NONE', #5113, #3970, #6461, .T. ) ;
#3874 = ORIENTED_EDGE ( 'NONE', *, *, #1787, .T. ) ;
#3875 = APPROVAL ( #5115, 'UNKNOWN' ) ;
#3876 = PLANE ( 'NONE',  #6316 ) ;
#3877 = AXIS2_PLACEMENT_3D ( 'NONE', #4435, #6498, #6004 ) ;
#3878 = CARTESIAN_POINT ( 'NONE',  ( 0.2718070377358710044, 0.09694310470418238124, -0.07178793663971687333 ) ) ;
#3879 = CARTESIAN_POINT ( 'NONE',  ( 0.1649999999999999800, 0.000000000000000000, 0.000000000000000000 ) ) ;
#3880 = LINE ( 'NONE', #290, #5810 ) ;
#3881 = AXIS2_PLACEMENT_3D ( 'NONE', #3724, #5760, #5324 ) ;
#3882 = CARTESIAN_POINT ( 'NONE',  ( 0.05311387458486575841, 0.03426897254641064761, -0.02915685046790458465 ) ) ;
#3883 = VERTEX_POINT ( 'NONE', #2962 ) ;
#3884 = PRODUCT ( 'BODY', 'BODY', '', ( #794 ) ) ;
#3885 = CARTESIAN_POINT ( 'NONE',  ( -0.1929758685462171219, 0.1874269434931956912, 0.04964823585958192537 ) ) ;
#3886 = PLANE ( 'NONE',  #3375 ) ;
#3887 = SHAPE_DEFINITION_REPRESENTATION ( #294, #5951 ) ;
#3888 = DIRECTION ( 'NONE',  ( -1.000000000000000000, 8.410780489584504380E-17, 0.000000000000000000 ) ) ;
#3889 = VERTEX_POINT ( 'NONE', #2594 ) ;
#3890 = CARTESIAN_POINT ( 'NONE',  ( 0.1599999999999999756, -0.2000000000000000111, 0.000000000000000000 ) ) ;
#3891 = LINE ( 'NONE', #4905, #263 ) ;
#3892 = SECURITY_CLASSIFICATION_LEVEL ( 'unclassified' ) ;
#3893 = EDGE_CURVE ( 'NONE', #209, #1596, #226, .T. ) ;
#3894 = CARTESIAN_POINT ( 'NONE',  ( 0.2800000000000000266, 0.000000000000000000, 0.000000000000000000 ) ) ;
#3895 = AXIS2_PLACEMENT_3D ( 'NONE', #2597, #5713, #1222 ) ;
#3896 = CARTESIAN_POINT ( 'NONE',  ( -0.1950000000000000622, 0.1849999999999999423, 0.04601441612684337157 ) ) ;
#3897 = LINE ( 'NONE', #2922, #2274 ) ;
#3898 = CC_DESIGN_PERSON_AND_ORGANIZATION_ASSIGNMENT ( #3493, #5499, ( #3403 ) ) ;
#3899 = EDGE_LOOP ( 'NONE', ( #4115, #2329, #666, #3038 ) ) ;
#3900 = APPROVAL_ROLE ( '' ) ;
#3901 = CARTESIAN_POINT ( 'NONE',  ( 0.1015733009926989561, 0.05214177306286005287, -0.02799591744189240672 ) ) ;
#3902 = AXIS2_PLACEMENT_3D ( 'NONE', #3141, #2209, #605 ) ;
#3903 = CIRCLE ( 'NONE', #1026, 0.004999999999999997502 ) ;
#3904 = CARTESIAN_POINT ( 'NONE',  ( -0.3179746835443037489, 0.09430379746835439170, 0.8800000000000000044 ) ) ;
#3905 = LOCAL_TIME ( 23, 23, 15.00000000000000000, #465 ) ;
#3906 = CARTESIAN_POINT ( 'NONE',  ( 0.1958718940557439003, -0.1871049384543273519, 0.04782112412222460501 ) ) ;
#3907 = EDGE_LOOP ( 'NONE', ( #4253, #2582, #1358, #548 ) ) ;
#3908 = ORIENTED_EDGE ( 'NONE', *, *, #1559, .T. ) ;
#3909 = AXIS2_PLACEMENT_3D ( 'NONE', #223, #2319, #3292 ) ;
#3910 = CC_DESIGN_SECURITY_CLASSIFICATION ( #2095, ( #596 ) ) ;
#3911 = DIRECTION ( 'NONE',  ( -1.000000000000000000, 0.000000000000000000, -0.000000000000000000 ) ) ;
#3912 = CARTESIAN_POINT ( 'NONE',  ( -0.04797468354430373116, 0.09430379746835439170, 0.9000000000000000222 ) ) ;
#3913 = DIRECTION ( 'NONE',  ( 1.000000000000000000, 1.850371707708594316E-16, 0.000000000000000000 ) ) ;
#3914 = APPROVAL ( #4022, 'UNSPECIFIED' ) ;
#3915 = CARTESIAN_POINT ( 'NONE',  ( 0.1453260541190161681, 0.01255154993613030734, -0.02009594921090909064 ) ) ;
#3916 = EDGE_LOOP ( 'NONE', ( #3679, #793, #4202, #2108 ) ) ;
#3917 = APPROVAL_PERSON_ORGANIZATION ( #1451, #2606, #4067 ) ;
#3918 = CARTESIAN_POINT ( 'NONE',  ( 0.2473355449832537190, 0.07882671579116320992, -0.005583125922464036994 ) ) ;
#3919 = EDGE_CURVE ( 'NONE', #3970, #3989, #2039, .T. ) ;
#3920 = CARTESIAN_POINT ( 'NONE',  ( 0.1400000000000000966, 0.08171171171171170977, 0.02000000000000001776 ) ) ;
#3921 = CALENDAR_DATE ( 2026, 9, 1 ) ;
#3922 = LINE ( 'NONE', #5933, #6123 ) ;
#3923 = ORIENTED_EDGE ( 'NONE', *, *, #2939, .F. ) ;
#3924 = DIRECTION ( 'NONE',  ( -1.000000000000000000, -2.081668171172168513E-16, 0.000000000000000000 ) ) ;
#3925 = DIRECTION ( 'NONE',  ( -0.000000000000000000, -0.000000000000000000, -1.000000000000000000 ) ) ;
#3926 =( LENGTH_UNIT ( ) NAMED_UNIT ( * ) SI_UNIT ( $, .METRE. ) );
#3927 = CARTESIAN_POINT ( 'NONE',  ( 0.1958718940557435118, 0.1871049384543285177, 0.04782112412222405684 ) ) ;
#3928 = CARTESIAN_POINT ( 'NONE',  ( 0.1749999999999999889, 0.2000000000000000111, 0.000000000000000000 ) ) ;
#3929 = CARTESIAN_POINT ( 'NONE',  ( 0.000000000000000000, 0.000000000000000000, 0.000000000000000000 ) ) ;
#3930 = EDGE_CURVE ( 'NONE', #3883, #1903, #16, .T. ) ;
#3931 = ORIENTED_EDGE ( 'NONE', *, *, #49, .T. ) ;
#3932 = COORDINATED_UNIVERSAL_TIME_OFFSET ( 5, 30, .AHEAD. ) ;
#3933 = CARTESIAN_POINT ( 'NONE',  ( -0.1943474284742983116, -0.1872898800149760679, 0.04908170038110445249 ) ) ;
#3934 = CARTESIAN_POINT ( 'NONE',  ( 0.1614644660940672827, -0.1585355339059309754, 0.05000000000000000278 ) ) ;
#3935 = DIRECTION ( 'NONE',  ( 1.000000000000000000, 0.000000000000000000, 0.000000000000000000 ) ) ;
#3936 = ORIENTED_EDGE ( 'NONE', *, *, #1616, .T. ) ;
#3937 = ORIENTED_EDGE ( 'NONE', *, *, #6028, .T. ) ;
#3938 = PLANE ( 'NONE',  #3260 ) ;
#3939 = CIRCLE ( 'NONE', #2877, 0.009999999999999870104 ) ;
#3940 = EDGE_CURVE ( 'NONE', #6221, #4901, #3092, .T. ) ;
#3941 = CARTESIAN_POINT ( 'NONE',  ( -0.3179746835443037489, 0.09430379746835439170, 0.9000000000000000222 ) ) ;
#3942 = DIRECTION ( 'NONE',  ( -1.000000000000000000, -0.000000000000000000, -0.000000000000000000 ) ) ;
#3943 = CARTESIAN_POINT ( 'NONE',  ( -0.1749999999999999889, -0.2000000000000000111, 0.04500000000000000527 ) ) ;
#3944 = ORIENTED_EDGE ( 'NONE', *, *, #6080, .T. ) ;
#3945 = PERSON ( 'NAUO-PER3', 'UNSPECIFIED', 'UNSPECIFIED', ('UNSPECIFIED'), ('UNSPECIFIED'), ('UNSPECIFIED') ) ;
#3946 = AXIS2_PLACEMENT_3D ( 'NONE', #1675, #5295, #3217 ) ;
#3947 = CARTESIAN_POINT ( 'NONE',  ( -0.1915221385015830335, 0.1875425320121217321, 0.04994802437111343918 ) ) ;
#3948 = PRODUCT_DEFINITION ( 'UNKNOWN', '', #709, #2403 ) ;
#3949 = DIRECTION ( 'NONE',  ( 1.000000000000000000, 1.334402673828313093E-16, -0.000000000000000000 ) ) ;
#3950 = PERSON_AND_ORGANIZATION ( #6361, #58 ) ;
#3951 = LINE ( 'NONE', #1879, #4747 ) ;
#3952 = EDGE_LOOP ( 'NONE', ( #698, #639, #1542, #4569 ) ) ;
#3953 = EDGE_LOOP ( 'NONE', ( #5524, #1588, #2253, #4105, #5964, #3671, #1455 ) ) ;
#3954 = CARTESIAN_POINT ( 'NONE',  ( -0.1299999999999998102, -0.006621621621621630316, 0.2799999999999999711 ) ) ;
#3955 = CARTESIAN_POINT ( 'NONE',  ( 0.1550000000000018585, -0.1649999999999999800, 0.05000000000000000278 ) ) ;
#3956 =( NAMED_UNIT ( * ) PLANE_ANGLE_UNIT ( ) SI_UNIT ( $, .RADIAN. ) );
#3957 = CARTESIAN_POINT ( 'NONE',  ( 0.1969364679047079791, 0.1821936435791246811, 0.04895528739300047949 ) ) ;
#3958 = PERSON_AND_ORGANIZATION ( #4359, #1883 ) ;
#3959 = AXIS2_PLACEMENT_3D ( 'NONE', #5041, #413, #6507 ) ;
#3960 = DIRECTION ( 'NONE',  ( 1.000000000000000000, 0.000000000000000000, 0.000000000000000000 ) ) ;
#3961 = EDGE_CURVE ( 'NONE', #6307, #1294, #4734, .T. ) ;
#3962 = CARTESIAN_POINT ( 'NONE',  ( -0.05970370370370361307, -0.1878888888888889386, 0.01999999999999999695 ) ) ;
#3963 = VERTEX_POINT ( 'NONE', #143 ) ;
#3964 = COORDINATED_UNIVERSAL_TIME_OFFSET ( 5, 30, .AHEAD. ) ;
#3965 = VECTOR ( 'NONE', #32, 1.000000000000000222 ) ;
#3966 = CARTESIAN_POINT ( 'NONE',  ( 0.1875425146575744606, -0.1915223938649870672, 0.04994799586997002855 ) ) ;
#3967 = FACE_OUTER_BOUND ( 'NONE', #6649, .T. ) ;
#3968 = ORIENTED_EDGE ( 'NONE', *, *, #125, .T. ) ;
#3969 = PLANE ( 'NONE',  #1316 ) ;
#3970 = VERTEX_POINT ( 'NONE', #5743 ) ;
#3971 = APPROVAL ( #3555, 'UNKNOWN' ) ;
#3972 = VECTOR ( 'NONE', #1468, 1.000000000000000000 ) ;
#3973 = ORIENTED_EDGE ( 'NONE', *, *, #5411, .F. ) ;
#3974 =( REPRESENTATION_RELATIONSHIP ('NONE','NONE', #3207, #5010 ) REPRESENTATION_RELATIONSHIP_WITH_TRANSFORMATION ( #5078 )SHAPE_REPRESENTATION_RELATIONSHIP( ) );
#3975 = DIRECTION ( 'NONE',  ( 1.000000000000000000, 4.625929269271485914E-16, 0.000000000000000000 ) ) ;
#3976 = CYLINDRICAL_SURFACE ( 'NONE', #3222, 0.04813026053085153744 ) ;
#3977 = EDGE_CURVE ( 'NONE', #1595, #6079, #5696, .T. ) ;
#3978 = CARTESIAN_POINT ( 'NONE',  ( 0.2002962962962963611, 0.01211111111111107252, 0.000000000000000000 ) ) ;
#3979 = CARTESIAN_POINT ( 'NONE',  ( 0.1450957709961309128, 0.01383579743371400952, -0.02015535113456485075 ) ) ;
#3980 = ORIENTED_EDGE ( 'NONE', *, *, #2135, .T. ) ;
#3981 = EDGE_CURVE ( 'NONE', #2755, #4709, #6258, .T. ) ;
#3982 = VECTOR ( 'NONE', #85, 1.000000000000000000 ) ;
#3983 = AXIS2_PLACEMENT_3D ( 'NONE', #2554, #1016, #3991 ) ;
#3984 = CARTESIAN_POINT ( 'NONE',  ( 0.1835627167398520831, 0.08961853458484266011, -0.04073318350550294425 ) ) ;
#3985 = DIRECTION ( 'NONE',  ( 1.000000000000000000, 2.081668171172168513E-16, -0.000000000000000000 ) ) ;
#3986 = APPROVAL_ROLE ( '' ) ;
#3987 = CARTESIAN_POINT ( 'NONE',  ( 0.1599999999999999756, -0.2099999999999999922, 0.000000000000000000 ) ) ;
#3988 = VECTOR ( 'NONE', #6177, 1.000000000000000000 ) ;
#3989 = VERTEX_POINT ( 'NONE', #3601 ) ;
#3990 = ORIENTED_EDGE ( 'NONE', *, *, #305, .T. ) ;
#3991 = DIRECTION ( 'NONE',  ( 0.000000000000000000, 0.000000000000000000, 1.000000000000000000 ) ) ;
#3992 = VECTOR ( 'NONE', #3037, 1.000000000000000000 ) ;
#3993 = PRODUCT_DEFINITION_SHAPE ( 'NONE', 'NONE',  #6661 ) ;
#3994 = CARTESIAN_POINT ( 'NONE',  ( -0.1875662737758371501, 0.1911522835674306642, 0.04997924206064469077 ) ) ;
#3995 = CARTESIAN_POINT ( 'NONE',  ( 1.022827173985364713, 1.103024177594289945, 1.494163766236932478 ) ) ;
#3996 = DIRECTION ( 'NONE',  ( 8.410780489584517938E-17, 1.000000000000000000, 0.000000000000000000 ) ) ;
#3997 = COORDINATED_UNIVERSAL_TIME_OFFSET ( 5, 30, .AHEAD. ) ;
#3998 = FACE_OUTER_BOUND ( 'NONE', #2336, .T. ) ;
#3999 = ORIENTED_EDGE ( 'NONE', *, *, #6321, .T. ) ;
#4000 = VERTEX_POINT ( 'NONE', #547 ) ;
#4001 = VECTOR ( 'NONE', #5917, 1.000000000000000000 ) ;
#4002 = APPROVAL_DATE_TIME ( #4107, #1707 ) ;
#4003 = CARTESIAN_POINT ( 'NONE',  ( -0.1905305721316072620, -0.1876016399434733972, 0.05000000000000000278 ) ) ;
#4004 = DIRECTION ( 'NONE',  ( 0.000000000000000000, 1.000000000000000000, 0.000000000000000000 ) ) ;
#4005 = ORIENTED_EDGE ( 'NONE', *, *, #5229, .F. ) ;
#4006 = AXIS2_PLACEMENT_3D ( 'NONE', #2478, #464, #370 ) ;
#4007 = CARTESIAN_POINT ( 'NONE',  ( 0.1905305721316075673, 0.1876016399434730086, 0.05000000000000000278 ) ) ;
#4008 = VERTEX_POINT ( 'NONE', #584 ) ;
#4009 = VERTEX_POINT ( 'NONE', #53 ) ;
#4010 = CARTESIAN_POINT ( 'NONE',  ( -0.3279746835443030917, 0.07430379746835438781, 0.2799999999999999711 ) ) ;
#4011 = VECTOR ( 'NONE', #218, 1.000000000000000000 ) ;
#4012 = CARTESIAN_POINT ( 'NONE',  ( -0.3279746835443037023, -0.2056962025316456111, 0.9000000000000000222 ) ) ;
#4013 = CC_DESIGN_APPROVAL ( #755, ( #702 ) ) ;
#4014 = CARTESIAN_POINT ( 'NONE',  ( 0.1400000000000001243, -0.006621621621621632051, 0.01999999999999999695 ) ) ;
#4015 = CARTESIAN_POINT ( 'NONE',  ( 0.04630656567463450196, 0.03361864426184726223, -0.02868862753157225970 ) ) ;
#4016 = ORIENTED_EDGE ( 'NONE', *, *, #4775, .F. ) ;
#4017 = AXIS2_PLACEMENT_3D ( 'NONE', #4528, #1405, #5004 ) ;
#4018 = LOCAL_TIME ( 23, 23, 15.00000000000000000, #5011 ) ;
#4019 = CARTESIAN_POINT ( 'NONE',  ( 0.1616972920461874907, 0.09146648017288634691, -0.04781741816322319233 ) ) ;
#4020 = EDGE_CURVE ( 'NONE', #4641, #1161, #2093, .T. ) ;
#4021 = LINE ( 'NONE', #5100, #3467 ) ;
#4022 = APPROVAL_STATUS ( 'not_yet_approved' ) ;
#4023 = ADVANCED_FACE ( 'NONE', ( #6297 ), #5612, .T. ) ;
#4024 = CARTESIAN_POINT ( 'NONE',  ( -0.3379746835443037112, -0.1856962025316456211, 0.3099999999999999423 ) ) ;
#4025 = LOCAL_TIME ( 23, 23, 15.00000000000000000, #2629 ) ;
#4026 = CARTESIAN_POINT ( 'NONE',  ( -0.3279746835443037578, 0.09430379746835439170, 0.3099999999999999423 ) ) ;
#4027 = VERTEX_POINT ( 'NONE', #1652 ) ;
#4028 = ORIENTED_EDGE ( 'NONE', *, *, #737, .T. ) ;
#4029 = CARTESIAN_POINT ( 'NONE',  ( 0.1875887583412131909, 0.1907781276349588273, 0.05000000000000001665 ) ) ;
#4030 = CARTESIAN_POINT ( 'NONE',  ( 0.1549999999999999711, 0.1650000000000000355, 0.04500000000000000527 ) ) ;
#4031 = DIRECTION ( 'NONE',  ( 1.000000000000000000, 0.000000000000000000, 0.000000000000000000 ) ) ;
#4032 = CARTESIAN_POINT ( 'NONE',  ( -0.1650000000000000355, 1.387778780781445676E-17, 0.05000000000000000278 ) ) ;
#4033 = LINE ( 'NONE', #1349, #2781 ) ;
#4034 = ORIENTED_EDGE ( 'NONE', *, *, #1337, .T. ) ;
#4035 = ORIENTED_EDGE ( 'NONE', *, *, #274, .T. ) ;
#4036 = PERSON_AND_ORGANIZATION_ROLE ( 'classification_officer' ) ;
#4037 = CARTESIAN_POINT ( 'NONE',  ( -0.3179746835443037489, 0.09430379746835439170, 0.9000000000000000222 ) ) ;
#4038 = CARTESIAN_POINT ( 'NONE',  ( 0.1200000000000001343, -0.01662162162162163226, 0.2700000000000000178 ) ) ;
#4039 = ORIENTED_EDGE ( 'NONE', *, *, #1480, .T. ) ;
#4040 = CARTESIAN_POINT ( 'NONE',  ( -0.1849999999999999145, 0.1949999999999999512, 0.04500000000000000527 ) ) ;
#4041 = ORIENTED_EDGE ( 'NONE', *, *, #33, .T. ) ;
#4042 = VERTEX_POINT ( 'NONE', #3707 ) ;
#4043 = DIRECTION ( 'NONE',  ( 1.000000000000000000, -3.330669073875469621E-15, 0.000000000000000000 ) ) ;
#4044 = EDGE_CURVE ( 'NONE', #5114, #2982, #1157, .T. ) ;
#4045 = DIRECTION ( 'NONE',  ( -0.000000000000000000, -0.000000000000000000, -1.000000000000000000 ) ) ;
#4046 = CARTESIAN_POINT ( 'NONE',  ( -0.03797468354430375698, 0.08430379746835439669, 0.9000000000000000222 ) ) ;
#4047 = DIRECTION ( 'NONE',  ( 0.000000000000000000, 1.000000000000000000, -0.000000000000000000 ) ) ;
#4048 = VERTEX_POINT ( 'NONE', #2759 ) ;
#4049 = CARTESIAN_POINT ( 'NONE',  ( -0.08426470028330504403, 0.06895645277442570553, 0.02071252382617585694 ) ) ;
#4050 = DIRECTION ( 'NONE',  ( 0.000000000000000000, 0.000000000000000000, -1.000000000000000000 ) ) ;
#4051 = APPROVAL_DATE_TIME ( #6560, #3421 ) ;
#4052 = LINE ( 'NONE', #4024, #3004 ) ;
#4053 = EDGE_CURVE ( 'NONE', #2038, #5328, #3769, .T. ) ;
#4054 = AXIS2_PLACEMENT_3D ( 'NONE', #736, #4813, #4313 ) ;
#4055 = LINE ( 'NONE', #3187, #2450 ) ;
#4056 = ORIENTED_EDGE ( 'NONE', *, *, #6477, .F. ) ;
#4057 = ORIENTED_EDGE ( 'NONE', *, *, #374, .T. ) ;
#4058 = LINE ( 'NONE', #5107, #3662 ) ;
#4059 = DIRECTION ( 'NONE',  ( -1.000000000000000000, -2.318129162848959144E-15, -3.110871184664348939E-16 ) ) ;
#4060 = EDGE_CURVE ( 'NONE', #1755, #2826, #5799, .T. ) ;
#4061 = CARTESIAN_POINT ( 'NONE',  ( 0.000000000000000000, 0.000000000000000000, 0.1000000000000000056 ) ) ;
#4062 = CARTESIAN_POINT ( 'NONE',  ( 0.001464466094067026943, -0.001464466094067030412, 0.04500000000000000527 ) ) ;
#4063 = EDGE_LOOP ( 'NONE', ( #5959, #1189, #4311, #1497 ) ) ;
#4064 = EDGE_CURVE ( 'NONE', #1624, #5679, #2823, .T. ) ;
#4065 = ORIENTED_EDGE ( 'NONE', *, *, #3408, .T. ) ;
#4066 =( BOUNDED_CURVE ( )  B_SPLINE_CURVE ( 3, ( #6078, #6636, #1790, #5944 ),
 .UNSPECIFIED., .F., .T. ) 
 B_SPLINE_CURVE_WITH_KNOTS ( ( 4, 4 ),
 ( 1.570796326794896558, 3.141592653589794892 ),
 .UNSPECIFIED. ) 
 CURVE ( )  GEOMETRIC_REPRESENTATION_ITEM ( )  RATIONAL_B_SPLINE_CURVE ( ( 1.000000000000000000, 0.8047378541243646044, 0.8047378541243646044, 1.000000000000000000 ) ) 
 REPRESENTATION_ITEM ( '' )  );
#4067 = APPROVAL_ROLE ( '' ) ;
#4068 = CARTESIAN_POINT ( 'NONE',  ( 0.1872898800149769838, -0.1943474284742980618, 0.04908170038110433453 ) ) ;
#4069 = DIRECTION ( 'NONE',  ( 0.7071067811865459074, 0.7071067811865492381, 0.000000000000000000 ) ) ;
#4070 = ORIENTED_EDGE ( 'NONE', *, *, #5247, .T. ) ;
#4071 = CARTESIAN_POINT ( 'NONE',  ( -0.2000000000000000389, 0.1750000000000000167, 0.04500000000000000527 ) ) ;
#4072 = ORIENTED_EDGE ( 'NONE', *, *, #2812, .F. ) ;
#4073 = ORIENTED_EDGE ( 'NONE', *, *, #996, .F. ) ;
#4074 = EDGE_CURVE ( 'NONE', #1817, #5448, #3796, .T. ) ;
#4075 = VECTOR ( 'NONE', #5685, 1.000000000000000000 ) ;
#4076 = CARTESIAN_POINT ( 'NONE',  ( -0.1750000000000000444, 0.1750000000000000167, 0.000000000000000000 ) ) ;
#4077 = CARTESIAN_POINT ( 'NONE',  ( -0.1973229599237747989, 0.1791214407889301641, 0.04922377745770990104 ) ) ;
#4078 = DIRECTION ( 'NONE',  ( 1.000000000000000000, 0.000000000000000000, -0.000000000000000000 ) ) ;
#4079 = ADVANCED_FACE ( 'NONE', ( #270 ), #3332, .T. ) ;
#4080 = EDGE_CURVE ( 'NONE', #1817, #2598, #4405, .T. ) ;
#4081 = AXIS2_PLACEMENT_3D ( 'NONE', #780, #1976, #3450 ) ;
#4082 = DIRECTION ( 'NONE',  ( 0.000000000000000000, 0.000000000000000000, -1.000000000000000000 ) ) ;
#4083 = ORIENTED_EDGE ( 'NONE', *, *, #619, .T. ) ;
#4084 = CARTESIAN_POINT ( 'NONE',  ( -0.3279746835443038133, 0.09430379746835439170, 0.5999999999999999778 ) ) ;
#4085 = B_SPLINE_CURVE_WITH_KNOTS ( 'NONE', 3,
 ( #4007, #520, #3028, #490, #56, #5178, #5051, #5084, #1096, #1594, #3603, #2565, #3635, #5648, #454, #4606, #999, #3532 ),
 .UNSPECIFIED., .F., .F.,
 ( 4, 2, 2, 2, 2, 2, 2, 2, 4 ),
 ( -1.418030882764396732E-05, 0.0003572075875058206961, 0.0007285954838392854358, 0.001471371276506130239, 0.002214147069172975150, 0.002956922861839819845, 0.004442474447173524847, 0.005185250239840343521, 0.005928026032507161328 ),
 .UNSPECIFIED. ) ;
#4086 = CYLINDRICAL_SURFACE ( 'NONE', #50, 0.004999999999999997502 ) ;
#4087 = PERSON_AND_ORGANIZATION ( #6361, #58 ) ;
#4088 = LINE ( 'NONE', #2077, #1091 ) ;
#4089 = ADVANCED_FACE ( 'NONE', ( #4769 ), #1722, .T. ) ;
#4090 = CLOSED_SHELL ( 'NONE', ( #1182, #1706, #2574, #4711, #2589, #2531 ) ) ;
#4091 = CARTESIAN_POINT ( 'NONE',  ( 0.2199235247166115848, -0.2017835314880139508, 0.008739939528770694285 ) ) ;
#4092 = ORIENTED_EDGE ( 'NONE', *, *, #6269, .T. ) ;
#4093 = VERTEX_POINT ( 'NONE', #758 ) ;
#4094 = AXIS2_PLACEMENT_3D ( 'NONE', #4032, #6086, #3996 ) ;
#4095 = CARTESIAN_POINT ( 'NONE',  ( 0.1649999999999999800, -0.1549999999999982225, 0.000000000000000000 ) ) ;
#4096 = LINE ( 'NONE', #1474, #61 ) ;
#4097 = APPLICATION_PROTOCOL_DEFINITION ( 'international standard', 'config_control_design', 1994, #6303 ) ;
#4098 = AXIS2_PLACEMENT_3D ( 'NONE', #4165, #5731, #5261 ) ;
#4099 = CARTESIAN_POINT ( 'NONE',  ( 0.1400000000000000966, 0.08171171171171170977, 0.2999999999999999889 ) ) ;
#4100 = EDGE_CURVE ( 'NONE', #1872, #3112, #3801, .T. ) ;
#4101 = ADVANCED_FACE ( 'NONE', ( #3301 ), #5340, .F. ) ;
#4102 = DIRECTION ( 'NONE',  ( -0.000000000000000000, -0.000000000000000000, -1.000000000000000000 ) ) ;
#4103 = VECTOR ( 'NONE', #671, 1.000000000000000000 ) ;
#4104 = AXIS2_PLACEMENT_3D ( 'NONE', #5453, #3913, #1272 ) ;
#4105 = ORIENTED_EDGE ( 'NONE', *, *, #1901, .T. ) ;
#4106 = ORIENTED_EDGE ( 'NONE', *, *, #2909, .F. ) ;
#4107 = DATE_AND_TIME ( #1955, #600 ) ;
#4108 = ADVANCED_FACE ( 'NONE', ( #5372 ), #1821, .T. ) ;
#4109 = DIRECTION ( 'NONE',  ( -0.7071067811865484609, 0.7071067811865465735, -0.000000000000000000 ) ) ;
#4110 =( REPRESENTATION_RELATIONSHIP ('NONE','NONE', #3207, #862 ) REPRESENTATION_RELATIONSHIP_WITH_TRANSFORMATION ( #6257 )SHAPE_REPRESENTATION_RELATIONSHIP( ) );
#4111 = ORIENTED_EDGE ( 'NONE', *, *, #3150, .T. ) ;
#4112 = VECTOR ( 'NONE', #4900, 1.000000000000000000 ) ;
#4113 = DIRECTION ( 'NONE',  ( 0.000000000000000000, -0.000000000000000000, -1.000000000000000000 ) ) ;
#4114 = ORIENTED_EDGE ( 'NONE', *, *, #5086, .F. ) ;
#4115 = ORIENTED_EDGE ( 'NONE', *, *, #3349, .F. ) ;
#4116 = VECTOR ( 'NONE', #5680, 1.000000000000000000 ) ;
#4117 = LINE ( 'NONE', #1037, #910 ) ;
#4118 = DIRECTION ( 'NONE',  ( -1.000000000000000000, 0.000000000000000000, 0.000000000000000000 ) ) ;
#4119 = VECTOR ( 'NONE', #897, 1.000000000000000000 ) ;
#4120 = DIRECTION ( 'NONE',  ( 1.000000000000000000, 1.850371707708594316E-16, 0.000000000000000000 ) ) ;
#4121 = CARTESIAN_POINT ( 'NONE',  ( -0.04797468354430373116, 0.08430379746835439669, 0.000000000000000000 ) ) ;
#4122 = ORIENTED_EDGE ( 'NONE', *, *, #6053, .F. ) ;
#4123 = CARTESIAN_POINT ( 'NONE',  ( 0.1974999999999999811, 0.1750000000000000444, 0.04933012701892219853 ) ) ;
#4124 = VECTOR ( 'NONE', #4306, 1.000000000000000000 ) ;
#4125 = AXIS2_PLACEMENT_3D ( 'NONE', #2312, #4951, #4355 ) ;
#4126 = DIRECTION ( 'NONE',  ( 0.7071067811865492381, -0.7071067811865459074, 0.000000000000000000 ) ) ;
#4127 = CALENDAR_DATE ( 2026, 9, 1 ) ;
#4128 = CARTESIAN_POINT ( 'NONE',  ( -0.05797468354430372617, -0.1856962025316456488, 0.9000000000000000222 ) ) ;
#4129 = EDGE_CURVE ( 'NONE', #1104, #240, #5674, .T. ) ;
#4130 = AXIS2_PLACEMENT_3D ( 'NONE', #5293, #102, #160 ) ;
#4131 = CIRCLE ( 'NONE', #2728, 0.03000000000000002665 ) ;
#4132 = ORIENTED_EDGE ( 'NONE', *, *, #4338, .T. ) ;
#4133 = LOCAL_TIME ( 23, 23, 15.00000000000000000, #2620 ) ;
#4134 = ORIENTED_EDGE ( 'NONE', *, *, #3961, .T. ) ;
#4135 = EDGE_CURVE ( 'NONE', #1727, #4509, #1915, .T. ) ;
#4136 = CARTESIAN_POINT ( 'NONE',  ( -0.3279746835443038133, -0.1956962025316451026, 0.6100000000000000977 ) ) ;
#4137 = CARTESIAN_POINT ( 'NONE',  ( -0.1871942251591066364, 0.1951652615594290097, 0.04851243390591002125 ) ) ;
#4138 = COORDINATED_UNIVERSAL_TIME_OFFSET ( 5, 30, .AHEAD. ) ;
#4139 = CARTESIAN_POINT ( 'NONE',  ( 0.1200000000000001205, 0.07837837837837836885, 0.2999999999999999889 ) ) ;
#4140 = CC_DESIGN_APPROVAL ( #3421, ( #63 ) ) ;
#4141 = ORIENTED_EDGE ( 'NONE', *, *, #5068, .T. ) ;
#4142 = APPROVAL_PERSON_ORGANIZATION ( #3664, #1707, #4267 ) ;
#4143 = ORIENTED_EDGE ( 'NONE', *, *, #3861, .F. ) ;
#4144 = DATE_AND_TIME ( #961, #2201 ) ;
#4145 = CARTESIAN_POINT ( 'NONE',  ( 0.1695393920141694266, -0.2000000000000000111, -0.003000000000000030420 ) ) ;
#4146 = EDGE_CURVE ( 'NONE', #4781, #935, #4033, .T. ) ;
#4147 = ORIENTED_EDGE ( 'NONE', *, *, #5937, .F. ) ;
#4148 = CARTESIAN_POINT ( 'NONE',  ( 0.07180232558139536259, 0.02078488372093021536, 0.1000000000000000056 ) ) ;
#4149 = ORIENTED_EDGE ( 'NONE', *, *, #358, .T. ) ;
#4150 = EDGE_LOOP ( 'NONE', ( #2172, #5902, #4803, #4450 ) ) ;
#4151 = CARTESIAN_POINT ( 'NONE',  ( 0.1799999999999999933, -0.2000000000000000111, 0.000000000000000000 ) ) ;
#4152 = CARTESIAN_POINT ( 'NONE',  ( 0.03548983504054958188, 0.05547118959625559065, -0.02760467779967641644 ) ) ;
#4153 = CARTESIAN_POINT ( 'NONE',  ( 0.1500000000000000500, -0.1500000000000000777, 0.04500000000000000527 ) ) ;
#4154 = DIRECTION ( 'NONE',  ( -1.000000000000000000, -0.000000000000000000, -0.000000000000000000 ) ) ;
#4155 = ORIENTED_EDGE ( 'NONE', *, *, #2622, .F. ) ;
#4156 = CARTESIAN_POINT ( 'NONE',  ( 0.1850000000000020794, -0.1950000000000000622, 0.05000000000000000278 ) ) ;
#4157 = ADVANCED_FACE ( 'NONE', ( #3998 ), #3101, .F. ) ;
#4158 = CARTESIAN_POINT ( 'NONE',  ( 0.1570710678118673320, -0.1599999999999999756, 0.05000000000000000278 ) ) ;
#4159 = PERSON_AND_ORGANIZATION ( #6361, #58 ) ;
#4160 = CARTESIAN_POINT ( 'NONE',  ( 0.3011326470328623550, 0.05551877822473579027, 0.05061773153931713176 ) ) ;
#4161 = FACE_OUTER_BOUND ( 'NONE', #6524, .T. ) ;
#4162 = ORIENTED_EDGE ( 'NONE', *, *, #5406, .F. ) ;
#4163 = ORIENTED_EDGE ( 'NONE', *, *, #2158, .T. ) ;
#4164 = PRODUCT_RELATED_PRODUCT_CATEGORY ( 'detail', '', ( #4904 ) ) ;
#4165 = CARTESIAN_POINT ( 'NONE',  ( -0.3279746835443037578, 0.08430379746835439669, 0.9000000000000000222 ) ) ;
#4166 = PLANE ( 'NONE',  #4552 ) ;
#4167 = DATE_AND_TIME ( #643, #4133 ) ;
#4168 = CARTESIAN_POINT ( 'NONE',  ( -0.1972152379597230942, -0.1801632550771889996, 0.04915627569335165314 ) ) ;
#4169 = EDGE_CURVE ( 'NONE', #1649, #5267, #988, .T. ) ;
#4170 = ORIENTED_EDGE ( 'NONE', *, *, #4672, .T. ) ;
#4171 = VERTEX_POINT ( 'NONE', #3894 ) ;
#4172 = VECTOR ( 'NONE', #3540, 1.000000000000000000 ) ;
#4173 = SECURITY_CLASSIFICATION_LEVEL ( 'unclassified' ) ;
#4174 = CARTESIAN_POINT ( 'NONE',  ( -0.09629604195298011038, 0.09362131135010755278, -0.05666112955120462119 ) ) ;
#4175 = EDGE_CURVE ( 'NONE', #1755, #1267, #6012, .T. ) ;
#4176 = CARTESIAN_POINT ( 'NONE',  ( -0.3279746835443037578, 0.09430379746835439170, 0.2999999999999999334 ) ) ;
#4177 = ORIENTED_EDGE ( 'NONE', *, *, #186, .F. ) ;
#4178 = DIRECTION ( 'NONE',  ( -1.000000000000000000, 0.000000000000000000, -0.000000000000000000 ) ) ;
#4179 = ADVANCED_FACE ( 'NONE', ( #3428 ), #6087, .T. ) ;
#4180 = EDGE_LOOP ( 'NONE', ( #181, #3709, #5617, #4170, #6127 ) ) ;
#4181 = CARTESIAN_POINT ( 'NONE',  ( -0.3279746835443037578, -0.1956962025316451026, 0.2999999999999999334 ) ) ;
#4182 = DIRECTION ( 'NONE',  ( 0.000000000000000000, 0.000000000000000000, 1.000000000000000000 ) ) ;
#4183 = CARTESIAN_POINT ( 'NONE',  ( -0.2281976744186047790, 0.02078488372093021536, 0.000000000000000000 ) ) ;
#4184 = ADVANCED_FACE ( 'NONE', ( #1409 ), #443, .T. ) ;
#4185 = AXIS2_PLACEMENT_3D ( 'NONE', #5022, #426, #971 ) ;
#4186 = CARTESIAN_POINT ( 'NONE',  ( -0.1821685827790906764, -0.1969404288062469033, 0.04895830737594757121 ) ) ;
#4187 = ORIENTED_EDGE ( 'NONE', *, *, #4553, .F. ) ;
#4188 = LINE ( 'NONE', #4156, #2808 ) ;
#4189 = B_SPLINE_CURVE_WITH_KNOTS ( 'NONE', 3,
 ( #5393, #2845, #296, #2376, #6449, #1841, #4430, #5928, #3918, #6489, #1876, #1937, #6035, #530, #1972, #2040, #3984, #3482, #3542, #974, #3072, #1465, #4019, #945, #2446, #3007, #2546, #5490, #1430, #3511, #4491, #5027, #430, #4997, #401, #5627, #5062, #2575, #5126, #462, #4519, #1042, #2009, #2514, #6138, #6595, #2476, #2073, #6556, #5593, #4555, #2942, #6631, #3039, #4049, #3576, #4584, #4615 ),
 .UNSPECIFIED., .F., .F.,
 ( 4, 2, 2, 2, 2, 2, 2, 2, 2, 2, 2, 2, 2, 2, 2, 2, 2, 2, 2, 2, 2, 2, 2, 2, 2, 2, 2, 2, 4 ),
 ( 8.804469334467934951E-17, 0.03045458188528286578, 0.06090916377056563441, 0.07613645471320695801, 0.08375010018452760940, 0.09136374565584827467, 0.1218183275411309080, 0.1522729094264135274, 0.1560797321620738531, 0.1598865548977341233, 0.1675002003690547747, 0.1827274913116959942, 0.2131820731969784888, 0.2284093641396197638, 0.2360230096109404152, 0.2398298323466007131, 0.2436366550822609556, 0.2740912369675434501, 0.3045458188528258892, 0.3197731097954671364, 0.3350004007381083282, 0.3654549826233908227, 0.3959095645086732618, 0.3997163872443335597, 0.4035232099799938577, 0.4111368554513144535, 0.4263641463939556453, 0.4568187282792380288, 0.4872733101645204679 ),
 .UNSPECIFIED. ) ;
#4190 = ADVANCED_FACE ( 'NONE', ( #856 ), #2957, .F. ) ;
#4191 = DIRECTION ( 'NONE',  ( -1.000000000000000000, -0.000000000000000000, -0.000000000000000000 ) ) ;
#4192 = PERSON_AND_ORGANIZATION_ROLE ( 'design_owner' ) ;
#4193 = FACE_OUTER_BOUND ( 'NONE', #3563, .T. ) ;
#4194 = LINE ( 'NONE', #6214, #1908 ) ;
#4195 = ORIENTED_EDGE ( 'NONE', *, *, #33, .F. ) ;
#4196 = CC_DESIGN_PERSON_AND_ORGANIZATION_ASSIGNMENT ( #476, #6641, ( #1525 ) ) ;
#4197 = ORIENTED_EDGE ( 'NONE', *, *, #3144, .T. ) ;
#4198 = CARTESIAN_POINT ( 'NONE',  ( -0.1399999999999996803, 0.03337837837837833582, 0.2999999999999999889 ) ) ;
#4199 = CARTESIAN_POINT ( 'NONE',  ( 0.1857231421707826458, -0.1952995352946612917, 0.04698360067358933051 ) ) ;
#4200 = CALENDAR_DATE ( 2026, 9, 1 ) ;
#4201 = CYLINDRICAL_SURFACE ( 'NONE', #146, 0.004999999999999997502 ) ;
#4202 = ORIENTED_EDGE ( 'NONE', *, *, #309, .T. ) ;
#4203 = EDGE_LOOP ( 'NONE', ( #3078, #4940, #6651, #6511 ) ) ;
#4204 = CARTESIAN_POINT ( 'NONE',  ( 0.3462918736533072139, 0.05442144687136842018, 0.05141021772044893773 ) ) ;
#4205 = DATE_TIME_ROLE ( 'classification_date' ) ;
#4206 = CC_DESIGN_PERSON_AND_ORGANIZATION_ASSIGNMENT ( #5563, #2944, ( #63 ) ) ;
#4207 = CARTESIAN_POINT ( 'NONE',  ( 0.2002962962962963611, 0.06211111111111107530, 0.000000000000000000 ) ) ;
#4208 = DIRECTION ( 'NONE',  ( 1.850371707708594316E-16, -1.000000000000000000, -7.336875978618041554E-32 ) ) ;
#4209 = VERTEX_POINT ( 'NONE', #5007 ) ;
#4210 = FACE_OUTER_BOUND ( 'NONE', #5879, .T. ) ;
#4211 = VERTEX_POINT ( 'NONE', #2921 ) ;
#4212 = EDGE_CURVE ( 'NONE', #5328, #5230, #4815, .T. ) ;
#4213 = CARTESIAN_POINT ( 'NONE',  ( 0.1617429701913190299, -0.2174032762095285121, 0.003270181878421349157 ) ) ;
#4214 = CARTESIAN_POINT ( 'NONE',  ( 0.1799999999999999933, -0.2000000000000000111, 0.006999999999999966319 ) ) ;
#4215 = CARTESIAN_POINT ( 'NONE',  ( 0.1500000000000000500, -0.1500000000000000777, 0.04792893218813452927 ) ) ;
#4216 = VECTOR ( 'NONE', #2736, 1.000000000000000000 ) ;
#4217 = PLANE ( 'NONE',  #463 ) ;
#4218 = ORIENTED_EDGE ( 'NONE', *, *, #6462, .F. ) ;
#4219 = LINE ( 'NONE', #6309, #1811 ) ;
#4220 = LINE ( 'NONE', #30, #5184 ) ;
#4221 = PERSON_AND_ORGANIZATION ( #6361, #58 ) ;
#4222 = AXIS2_PLACEMENT_3D ( 'NONE', #331, #5629, #1905 ) ;
#4223 = CARTESIAN_POINT ( 'NONE',  ( 0.3034230270667001572, 0.05033721586989024083, 0.05397172383721888372 ) ) ;
#4224 = CYLINDRICAL_SURFACE ( 'NONE', #2383, 0.04813026053085153744 ) ;
#4225 = CARTESIAN_POINT ( 'NONE',  ( 0.2102962962962963700, -0.1878888888888889108, 0.009999999999999991535 ) ) ;
#4226 = ORIENTED_EDGE ( 'NONE', *, *, #6253, .T. ) ;
#4227 = AXIS2_PLACEMENT_3D ( 'NONE', #4181, #2697, #2198 ) ;
#4228 = EDGE_LOOP ( 'NONE', ( #3372, #6118, #1890, #3874 ) ) ;
#4229 = ADVANCED_FACE ( 'NONE', ( #2889 ), #4971, .T. ) ;
#4230 = CARTESIAN_POINT ( 'NONE',  ( -0.1094227557744679863, 0.05355375857435142745, 0.05206861356701768251 ) ) ;
#4231 = CARTESIAN_POINT ( 'NONE',  ( -0.1872181792788121246, 0.1949661695747908485, 0.04866525483646481215 ) ) ;
#4232 = APPROVAL_STATUS ( 'not_yet_approved' ) ;
#4233 = DIRECTION ( 'NONE',  ( 1.000000000000000000, 0.000000000000000000, -3.965082230804130220E-16 ) ) ;
#4234 = AXIS2_PLACEMENT_3D ( 'NONE', #713, #5795, #1644 ) ;
#4235 = CC_DESIGN_APPROVAL ( #5225, ( #6278 ) ) ;
#4236 = VERTEX_POINT ( 'NONE', #5073 ) ;
#4237 = ORIENTED_EDGE ( 'NONE', *, *, #6231, .T. ) ;
#4238 = VECTOR ( 'NONE', #5331, 1.000000000000000000 ) ;
#4239 = APPROVAL_PERSON_ORGANIZATION ( #241, #182, #5194 ) ;
#4240 = CARTESIAN_POINT ( 'NONE',  ( 0.03164977326104721073, 0.06211111111111108224, -0.02713021315207970671 ) ) ;
#4241 = CONTEXT_DEPENDENT_SHAPE_REPRESENTATION ( #4110, #1365 ) ;
#4242 = CARTESIAN_POINT ( 'NONE',  ( -0.1016194965099026931, 0.09234333729445438899, -0.05131024005199683741 ) ) ;
#4243 = PLANE ( 'NONE',  #5553 ) ;
#4244 = ORIENTED_EDGE ( 'NONE', *, *, #6040, .F. ) ;
#4245 = LOCAL_TIME ( 23, 23, 15.00000000000000000, #5807 ) ;
#4246 = DIRECTION ( 'NONE',  ( -9.251858538542972814E-17, 1.000000000000000000, 0.000000000000000000 ) ) ;
#4247 = ORIENTED_EDGE ( 'NONE', *, *, #3325, .F. ) ;
#4248 = UNCERTAINTY_MEASURE_WITH_UNIT (LENGTH_MEASURE( 1.000000000000000082E-05 ), #2787, 'distance_accuracy_value', 'NONE');
#4249 = CARTESIAN_POINT ( 'NONE',  ( 0.1961211848891213361, 0.1861503726934909397, 0.04815999206893689655 ) ) ;
#4250 = CARTESIAN_POINT ( 'NONE',  ( 0.03207241331516231392, 0.06019489450207783643, -0.02718485538169045784 ) ) ;
#4251 = CARTESIAN_POINT ( 'NONE',  ( -0.3279746835443037578, 0.09430379746835439170, 0.2999999999999999334 ) ) ;
#4252 = CARTESIAN_POINT ( 'NONE',  ( 0.1866358941159950713, -0.1959980663412519142, 0.04800575001574808320 ) ) ;
#4253 = ORIENTED_EDGE ( 'NONE', *, *, #5327, .T. ) ;
#4254 = CARTESIAN_POINT ( 'NONE',  ( 0.2199999999999999734, -0.2099999999999999645, 0.006999999999999966319 ) ) ;
#4255 = CARTESIAN_POINT ( 'NONE',  ( 0.2000000000000000389, -0.1750000000000000167, 0.000000000000000000 ) ) ;
#4256 = DIRECTION ( 'NONE',  ( 1.000000000000000000, 1.850371707708594316E-16, 0.000000000000000000 ) ) ;
#4257 = LINE ( 'NONE', #636, #4735 ) ;
#4258 = DIRECTION ( 'NONE',  ( 0.000000000000000000, 0.000000000000000000, -1.000000000000000000 ) ) ;
#4259 = VERTEX_POINT ( 'NONE', #3928 ) ;
#4260 = CARTESIAN_POINT ( 'NONE',  ( -0.2281976744186047512, -0.2792151162790699193, 0.1000000000000000056 ) ) ;
#4261 = CARTESIAN_POINT ( 'NONE',  ( -0.1871049384543281291, -0.1958718940557437060, 0.04782112412222422337 ) ) ;
#4262 = CALENDAR_DATE ( 2026, 9, 1 ) ;
#4263 = CARTESIAN_POINT ( 'NONE',  ( -0.1963521186771426397, -0.1851757933490137120, 0.04842399158796761860 ) ) ;
#4264 = ORIENTED_EDGE ( 'NONE', *, *, #3408, .F. ) ;
#4265 = ORIENTED_EDGE ( 'NONE', *, *, #111, .T. ) ;
#4266 = LINE ( 'NONE', #4671, #1977 ) ;
#4267 = APPROVAL_ROLE ( '' ) ;
#4268 = CARTESIAN_POINT ( 'NONE',  ( 0.2129406001534901727, -0.1601469052526732495, 0.0004348796736477613203 ) ) ;
#4269 = PLANE ( 'NONE',  #3839 ) ;
#4270 = ORIENTED_EDGE ( 'NONE', *, *, #5937, .T. ) ;
#4271 = EDGE_CURVE ( 'NONE', #75, #453, #479, .T. ) ;
#4272 = B_SPLINE_CURVE_WITH_KNOTS ( 'NONE', 3,
 ( #5281, #2919, #2956, #2230, #5854, #3957, #4969, #1261, #6502, #4249, #380, #3927 ),
 .UNSPECIFIED., .F., .F.,
 ( 4, 2, 2, 2, 2, 4 ),
 ( 1.997633091062358212E-07, 0.003105454620133727903, 0.006210709476958349573, 0.009315964333782971243, 0.01086859176219528988, 0.01242121919060761026 ),
 .UNSPECIFIED. ) ;
#4273 = CARTESIAN_POINT ( 'NONE',  ( -0.1750000000000000444, 0.2000000000000000111, 0.000000000000000000 ) ) ;
#4274 = ORIENTED_EDGE ( 'NONE', *, *, #4757, .F. ) ;
#4275 = DIRECTION ( 'NONE',  ( 1.000000000000000000, 0.000000000000000000, 0.000000000000000000 ) ) ;
#4276 = CARTESIAN_POINT ( 'NONE',  ( 0.07991752168898845488, 0.04186851722592863090, -0.02948149658861489233 ) ) ;
#4277 = CARTESIAN_POINT ( 'NONE',  ( -0.1570710678118655557, 0.1600000000000000311, 0.05000000000000000278 ) ) ;
#4278 = ADVANCED_FACE ( 'NONE', ( #2430 ), #1950, .F. ) ;
#4279 = CARTESIAN_POINT ( 'NONE',  ( -0.1499999999999996891, 0.03337837837837837052, 0.2999999999999999889 ) ) ;
#4280 = EDGE_LOOP ( 'NONE', ( #2287, #1166, #2468, #3872 ) ) ;
#4281 = CARTESIAN_POINT ( 'NONE',  ( -0.1520710678118654124, -0.1520710678118655512, 0.05000000000000000278 ) ) ;
#4282 = CARTESIAN_POINT ( 'NONE',  ( 0.2595050350823225882, 0.09864414034580705481, -0.08057547587106946019 ) ) ;
#4283 = AXIS2_PLACEMENT_3D ( 'NONE', #886, #6610, #2458 ) ;
#4284 = CARTESIAN_POINT ( 'NONE',  ( 0.2099999999999999645, -0.2099999999999999645, 0.006999999999999966319 ) ) ;
#4285 = LINE ( 'NONE', #2744, #2283 ) ;
#4286 = LINE ( 'NONE', #3347, #2771 ) ;
#4287 = VERTEX_POINT ( 'NONE', #5468 ) ;
#4288 = DIRECTION ( 'NONE',  ( 3.330669073875469621E-15, 1.000000000000000000, 0.000000000000000000 ) ) ;
#4289 = EDGE_CURVE ( 'NONE', #3883, #1023, #1445, .T. ) ;
#4290 = CARTESIAN_POINT ( 'NONE',  ( 0.2002962962962963611, 0.01211111111111107252, 0.000000000000000000 ) ) ;
#4291 = CALENDAR_DATE ( 2026, 9, 1 ) ;
#4292 = CARTESIAN_POINT ( 'NONE',  ( -0.1967641189384471689, -0.1831982014535165904, 0.04882186884249458542 ) ) ;
#4293 = ORIENTED_EDGE ( 'NONE', *, *, #5976, .T. ) ;
#4294 = CARTESIAN_POINT ( 'NONE',  ( 0.000000000000000000, 0.000000000000000000, 0.2899999999999999800 ) ) ;
#4295 = EDGE_CURVE ( 'NONE', #6185, #3226, #3495, .T. ) ;
#4296 = APPROVAL_STATUS ( 'not_yet_approved' ) ;
#4297 = CARTESIAN_POINT ( 'NONE',  ( 0.2139841882768806491, -0.1602964688251940217, 0.0008207074769073030920 ) ) ;
#4298 = DIRECTION ( 'NONE',  ( -0.7071067811865484609, 0.7071067811865465735, 0.000000000000000000 ) ) ;
#4299 = ORIENTED_EDGE ( 'NONE', *, *, #6487, .T. ) ;
#4300 = VECTOR ( 'NONE', #4109, 1.000000000000000000 ) ;
#4301 = CIRCLE ( 'NONE', #23, 0.01000000000000000888 ) ;
#4302 = DIRECTION ( 'NONE',  ( 0.000000000000000000, 0.000000000000000000, 1.000000000000000000 ) ) ;
#4303 = EDGE_CURVE ( 'NONE', #3834, #4093, #2169, .T. ) ;
#4304 = VERTEX_POINT ( 'NONE', #2557 ) ;
#4305 = AXIS2_PLACEMENT_3D ( 'NONE', #6329, #4178, #4302 ) ;
#4306 = DIRECTION ( 'NONE',  ( -0.000000000000000000, -0.000000000000000000, -1.000000000000000000 ) ) ;
#4307 = CIRCLE ( 'NONE', #28, 0.004999999999999997502 ) ;
#4308 = CARTESIAN_POINT ( 'NONE',  ( 0.1037472504906202797, 0.05409402480973200811, -0.02775990142179890832 ) ) ;
#4309 = LINE ( 'NONE', #835, #3216 ) ;
#4310 = CARTESIAN_POINT ( 'NONE',  ( 0.1821936435791253750, -0.1969364679047079236, 0.04895528739300036847 ) ) ;
#4311 = ORIENTED_EDGE ( 'NONE', *, *, #771, .T. ) ;
#4312 = CIRCLE ( 'NONE', #3781, 0.01000000000000000194 ) ;
#4313 = DIRECTION ( 'NONE',  ( 0.000000000000000000, 0.000000000000000000, 1.000000000000000000 ) ) ;
#4314 = LINE ( 'NONE', #2772, #2829 ) ;
#4315 = CARTESIAN_POINT ( 'NONE',  ( 0.2000000000000000389, -0.1695393920141694266, 0.006999999999999966319 ) ) ;
#4316 = CARTESIAN_POINT ( 'NONE',  ( -0.05970370370370361307, -0.1978888888888889475, 0.02999999999999999889 ) ) ;
#4317 = CARTESIAN_POINT ( 'NONE',  ( 0.1500000000000000222, 0.1499999999999999112, 0.04500000000000000527 ) ) ;
#4318 = ORIENTED_EDGE ( 'NONE', *, *, #5813, .T. ) ;
#4319 =( BOUNDED_CURVE ( )  B_SPLINE_CURVE ( 3, ( #1804, #3846, #5054, #3506 ),
 .UNSPECIFIED., .F., .T. ) 
 B_SPLINE_CURVE_WITH_KNOTS ( ( 4, 4 ),
 ( 3.141592653589791340, 4.712388980384687009 ),
 .UNSPECIFIED. ) 
 CURVE ( )  GEOMETRIC_REPRESENTATION_ITEM ( )  RATIONAL_B_SPLINE_CURVE ( ( 1.000000000000000000, 0.8047378541243652705, 0.8047378541243652705, 1.000000000000000000 ) ) 
 REPRESENTATION_ITEM ( '' )  );
#4320 = CARTESIAN_POINT ( 'NONE',  ( -0.1910282837158026881, 0.1875738640718029870, 0.04998704211888934518 ) ) ;
#4321 = CC_DESIGN_PERSON_AND_ORGANIZATION_ASSIGNMENT ( #2814, #4861, ( #354 ) ) ;
#4322 = FACE_OUTER_BOUND ( 'NONE', #3916, .T. ) ;
#4323 = APPROVAL_STATUS ( 'not_yet_approved' ) ;
#4324 = DIRECTION ( 'NONE',  ( 1.000000000000000000, 2.081668171172171472E-16, 0.000000000000000000 ) ) ;
#4325 = AXIS2_PLACEMENT_3D ( 'NONE', #6074, #6633, #975 ) ;
#4326 = ORIENTED_EDGE ( 'NONE', *, *, #4675, .T. ) ;
#4327 = CARTESIAN_POINT ( 'NONE',  ( 0.3463587921847246509, 0.02693000272970801773, 0.01189817711958567580 ) ) ;
#4328 = CARTESIAN_POINT ( 'NONE',  ( 0.2099999999999999645, -0.2099999999999999645, 0.06699999999999996236 ) ) ;
#4329 =( GEOMETRIC_REPRESENTATION_CONTEXT ( 3 ) GLOBAL_UNCERTAINTY_ASSIGNED_CONTEXT ( ( #6332 ) ) GLOBAL_UNIT_ASSIGNED_CONTEXT ( ( #3926, #2886, #6423 ) ) REPRESENTATION_CONTEXT ( 'NONE', 'WORKASPACE' ) );
#4330 = EDGE_CURVE ( 'NONE', #240, #89, #1174, .T. ) ;
#4331 = VECTOR ( 'NONE', #842, 1.000000000000000000 ) ;
#4332 = CALENDAR_DATE ( 2026, 9, 1 ) ;
#4333 = APPROVAL_PERSON_ORGANIZATION ( #4929, #2432, #4822 ) ;
#4334 = CARTESIAN_POINT ( 'NONE',  ( 0.2192411355357948011, -0.1655449597543191820, 0.006174910181386611061 ) ) ;
#4335 = DIRECTION ( 'NONE',  ( 0.000000000000000000, 0.000000000000000000, -1.000000000000000000 ) ) ;
#4336 = ORIENTED_EDGE ( 'NONE', *, *, #5321, .F. ) ;
#4337 = ADVANCED_FACE ( 'NONE', ( #3750 ), #1515, .T. ) ;
#4338 = EDGE_CURVE ( 'NONE', #5671, #5864, #10, .T. ) ;
#4339 = AXIS2_PLACEMENT_3D ( 'NONE', #2019, #2584, #3050 ) ;
#4340 = DIRECTION ( 'NONE',  ( 1.067522139062648822E-16, -1.000000000000000000, 0.000000000000000000 ) ) ;
#4341 = SECURITY_CLASSIFICATION ( '', '', #1892 ) ;
#4342 = ORIENTED_EDGE ( 'NONE', *, *, #3185, .F. ) ;
#4343 = ADVANCED_FACE ( 'NONE', ( #5642 ), #1053, .T. ) ;
#4344 = DATE_AND_TIME ( #6543, #5306 ) ;
#4345 = ADVANCED_FACE ( 'NONE', ( #740 ), #5141, .T. ) ;
#4346 = CARTESIAN_POINT ( 'NONE',  ( 0.09848067391160969519, 0.04977046658727102280, -0.02830410862037388564 ) ) ;
#4347 = LOCAL_TIME ( 23, 23, 15.00000000000000000, #5645 ) ;
#4348 = FACE_OUTER_BOUND ( 'NONE', #5681, .T. ) ;
#4349 = DIRECTION ( 'NONE',  ( 0.000000000000000000, 1.000000000000000000, -0.000000000000000000 ) ) ;
#4350 = ORIENTED_EDGE ( 'NONE', *, *, #4948, .T. ) ;
#4351 = ORIENTED_EDGE ( 'NONE', *, *, #2180, .F. ) ;
#4352 = LOCAL_TIME ( 23, 23, 15.00000000000000000, #381 ) ;
#4353 = FACE_OUTER_BOUND ( 'NONE', #3451, .T. ) ;
#4354 = LINE ( 'NONE', #6410, #5610 ) ;
#4355 = DIRECTION ( 'NONE',  ( 0.000000000000000000, 0.000000000000000000, 1.000000000000000000 ) ) ;
#4356 = CARTESIAN_POINT ( 'NONE',  ( -0.1650000000000000355, 0.1550000000000000266, 0.000000000000000000 ) ) ;
#4357 = CARTESIAN_POINT ( 'NONE',  ( 0.04292085195302614009, 0.03321010201798960115, -0.02839741855310059029 ) ) ;
#4358 = ORIENTED_EDGE ( 'NONE', *, *, #1476, .F. ) ;
#4359 = PERSON ( 'NAUO-PER7', 'UNSPECIFIED', 'UNSPECIFIED', ('UNSPECIFIED'), ('UNSPECIFIED'), ('UNSPECIFIED') ) ;
#4360 = CARTESIAN_POINT ( 'NONE',  ( -0.1949645895855830480, 0.1872183670368356700, 0.04866641783216361927 ) ) ;
#4361 = CARTESIAN_POINT ( 'NONE',  ( -0.05970370370370364776, 0.06211111111111107530, 0.000000000000000000 ) ) ;
#4362 = PERSON_AND_ORGANIZATION ( #6361, #58 ) ;
#4363 = CARTESIAN_POINT ( 'NONE',  ( -0.1950000000000000344, -1.387778780781445676E-17, 0.04500000000000000527 ) ) ;
#4364 = MANIFOLD_SOLID_BREP ( 'Cut-Revolve2', #5909 ) ;
#4365 =( BOUNDED_CURVE ( )  B_SPLINE_CURVE ( 3, ( #1147, #5231, #1612, #3655 ),
 .UNSPECIFIED., .F., .T. ) 
 B_SPLINE_CURVE_WITH_KNOTS ( ( 4, 4 ),
 ( 1.570796326794896558, 3.141592653589793116 ),
 .UNSPECIFIED. ) 
 CURVE ( )  GEOMETRIC_REPRESENTATION_ITEM ( )  RATIONAL_B_SPLINE_CURVE ( ( 1.000000000000000000, 0.8047378541243649375, 0.8047378541243649375, 1.000000000000000000 ) ) 
 REPRESENTATION_ITEM ( '' )  );
#4366 = ORIENTED_EDGE ( 'NONE', *, *, #5684, .T. ) ;
#4367 = CARTESIAN_POINT ( 'NONE',  ( 0.000000000000000000, 0.000000000000000000, 0.05000000000000000278 ) ) ;
#4368 = DIRECTION ( 'NONE',  ( -8.410780489584517938E-17, -1.000000000000000000, 0.000000000000000000 ) ) ;
#4369 = ADVANCED_FACE ( 'NONE', ( #6282 ), #4953, .T. ) ;
#4370 = APPROVAL_ROLE ( '' ) ;
#4371 = EDGE_CURVE ( 'NONE', #2755, #4877, #4257, .T. ) ;
#4372 = DIRECTION ( 'NONE',  ( 2.775557561562891351E-16, -1.000000000000000000, 0.000000000000000000 ) ) ;
#4373 = EDGE_CURVE ( 'NONE', #2323, #5049, #3288, .T. ) ;
#4374 = EDGE_CURVE ( 'NONE', #5607, #4509, #6117, .T. ) ;
#4375 = DIRECTION ( 'NONE',  ( 1.000000000000000000, 0.000000000000000000, 0.000000000000000000 ) ) ;
#4376 = ORIENTED_EDGE ( 'NONE', *, *, #2540, .F. ) ;
#4377 = CARTESIAN_POINT ( 'NONE',  ( 0.1959982767016883454, -0.1866351121029621030, 0.04800605783282075462 ) ) ;
#4378 = ORIENTED_EDGE ( 'NONE', *, *, #1209, .F. ) ;
#4379 = APPROVAL_DATE_TIME ( #4879, #5549 ) ;
#4380 = CARTESIAN_POINT ( 'NONE',  ( 0.06933653213122110970, 0.04096884268514828370, -0.02962992620145244241 ) ) ;
#4381 = AXIS2_PLACEMENT_3D ( 'NONE', #534, #2648, #5160 ) ;
#4382 = CARTESIAN_POINT ( 'NONE',  ( -0.1299999999999996991, 0.03671171171171169756, 0.01000000000000000888 ) ) ;
#4383 = CARTESIAN_POINT ( 'NONE',  ( 0.04331264223305882066, 0.000000000000000000, 0.08656251969563212578 ) ) ;
#4384 = ORIENTED_EDGE ( 'NONE', *, *, #3694, .T. ) ;
#4385 = ORIENTED_EDGE ( 'NONE', *, *, #3434, .F. ) ;
#4386 = CARTESIAN_POINT ( 'NONE',  ( -0.3379746835443037667, 0.08430379746835439669, 0.000000000000000000 ) ) ;
#4387 = LINE ( 'NONE', #4786, #5717 ) ;
#4388 = FACE_OUTER_BOUND ( 'NONE', #1034, .T. ) ;
#4389 = LINE ( 'NONE', #6444, #3249 ) ;
#4390 = ADVANCED_FACE ( 'NONE', ( #5606 ), #4224, .T. ) ;
#4391 = CARTESIAN_POINT ( 'NONE',  ( 0.1449596378290338439, 0.01425608282586143458, -0.02019040201615160401 ) ) ;
#4392 = VERTEX_POINT ( 'NONE', #6153 ) ;
#4393 = CARTESIAN_POINT ( 'NONE',  ( -0.1958718940557436228, 0.1871049384543285454, 0.04782112412222410541 ) ) ;
#4394 = ADVANCED_FACE ( 'NONE', ( #5111 ), #6643, .F. ) ;
#4395 = DIRECTION ( 'NONE',  ( 1.000000000000000000, 0.000000000000000000, 0.000000000000000000 ) ) ;
#4396 = PERSON_AND_ORGANIZATION_ROLE ( 'classification_officer' ) ;
#4397 = DIRECTION ( 'NONE',  ( 0.000000000000000000, 0.000000000000000000, 1.000000000000000000 ) ) ;
#4398 = CIRCLE ( 'NONE', #4185, 0.004999999999999997502 ) ;
#4399 = ORIENTED_EDGE ( 'NONE', *, *, #6477, .T. ) ;
#4400 = VECTOR ( 'NONE', #2550, 1.000000000000000000 ) ;
#4401 = CARTESIAN_POINT ( 'NONE',  ( -0.3279746835443037578, 0.09430379746835439170, 0.2999999999999999334 ) ) ;
#4402 = VECTOR ( 'NONE', #6170, 1.000000000000000000 ) ;
#4403 = FACE_OUTER_BOUND ( 'NONE', #2964, .T. ) ;
#4404 = APPROVAL_DATE_TIME ( #4869, #3091 ) ;
#4405 = LINE ( 'NONE', #1689, #5477 ) ;
#4406 = DIRECTION ( 'NONE',  ( 0.000000000000000000, 1.000000000000000000, 0.000000000000000000 ) ) ;
#4407 = DIRECTION ( 'NONE',  ( 0.000000000000000000, 1.000000000000000000, 0.000000000000000000 ) ) ;
#4408 = ORIENTED_EDGE ( 'NONE', *, *, #406, .T. ) ;
#4409 = CC_DESIGN_DATE_AND_TIME_ASSIGNMENT ( #3258, #6347, ( #6171 ) ) ;
#4410 = PERSON_AND_ORGANIZATION ( #6361, #58 ) ;
#4411 = CARTESIAN_POINT ( 'NONE',  ( 0.07418636597067972127, 0.04108368867251898510, -0.02961077875862010850 ) ) ;
#4412 = VECTOR ( 'NONE', #6603, 1.000000000000000000 ) ;
#4413 = CARTESIAN_POINT ( 'NONE',  ( -0.2281976744186047512, -0.2792151162790699193, 0.1000000000000000056 ) ) ;
#4414 = CARTESIAN_POINT ( 'NONE',  ( 0.1932136153675479973, -0.1874049630043805870, 0.04957094499880870808 ) ) ;
#4415 = VERTEX_POINT ( 'NONE', #130 ) ;
#4416 = DESIGN_CONTEXT ( 'detailed design', #5818, 'design' ) ;
#4417 = EDGE_CURVE ( 'NONE', #4489, #4811, #1674, .T. ) ;
#4418 = VECTOR ( 'NONE', #5881, 1.000000000000000000 ) ;
#4419 = EDGE_LOOP ( 'NONE', ( #2907, #154, #5532, #3488 ) ) ;
#4420 = DIRECTION ( 'NONE',  ( 0.000000000000000000, 0.000000000000000000, -1.000000000000000000 ) ) ;
#4421 = VECTOR ( 'NONE', #3105, 1.000000000000000000 ) ;
#4422 = CARTESIAN_POINT ( 'NONE',  ( 0.3305122217489040448, 0.07624414753678850076, 0.001689177153441966421 ) ) ;
#4423 = MANIFOLD_SOLID_BREP ( 'Boss-Extrude1', #1407 ) ;
#4424 = CARTESIAN_POINT ( 'NONE',  ( -0.1520710678118654124, 0.1520710678118653847, 0.05000000000000000278 ) ) ;
#4425 = CARTESIAN_POINT ( 'NONE',  ( 0.1200000000000001621, -0.01662162162162163226, 0.2999999999999999889 ) ) ;
#4426 = VECTOR ( 'NONE', #4471, 1.000000000000000000 ) ;
#4427 = CARTESIAN_POINT ( 'NONE',  ( 0.1400000000000000688, 0.08171171171171170977, 0.2858578643762690330 ) ) ;
#4428 = VERTEX_POINT ( 'NONE', #1203 ) ;
#4429 = EDGE_CURVE ( 'NONE', #4668, #2029, #3253, .T. ) ;
#4430 = CARTESIAN_POINT ( 'NONE',  ( 0.2552315123313452228, 0.07663560542792120789, 0.0006316765756664749530 ) ) ;
#4431 = CARTESIAN_POINT ( 'NONE',  ( -0.1750000000000000444, 0.1750000000000000167, 0.04500000000000000527 ) ) ;
#4432 = PERSON_AND_ORGANIZATION ( #6361, #58 ) ;
#4433 = DIRECTION ( 'NONE',  ( 0.000000000000000000, 0.000000000000000000, -1.000000000000000000 ) ) ;
#4434 = EDGE_LOOP ( 'NONE', ( #3420, #1654, #2817, #1196 ) ) ;
#4435 = CARTESIAN_POINT ( 'NONE',  ( 0.000000000000000000, 0.000000000000000000, 0.8800000000000000044 ) ) ;
#4436 = DIRECTION ( 'NONE',  ( -0.000000000000000000, -0.000000000000000000, -1.000000000000000000 ) ) ;
#4437 = DIRECTION ( 'NONE',  ( 1.000000000000000000, 0.000000000000000000, 0.000000000000000000 ) ) ;
#4438 = SECURITY_CLASSIFICATION_LEVEL ( 'unclassified' ) ;
#4439 = AXIS2_PLACEMENT_3D ( 'NONE', #3512, #4461, #5028 ) ;
#4440 = DIRECTION ( 'NONE',  ( 1.000000000000000000, 9.251858538542967883E-17, -0.000000000000000000 ) ) ;
#4441 = CARTESIAN_POINT ( 'NONE',  ( 0.1969404288062469865, -0.1821685827790902601, 0.04895830737594767529 ) ) ;
#4442 = EDGE_LOOP ( 'NONE', ( #5172, #3598, #6010, #6547 ) ) ;
#4443 = APPROVAL_STATUS ( 'not_yet_approved' ) ;
#4444 = CARTESIAN_POINT ( 'NONE',  ( 0.1453260541190143085, 0.01211111111111103956, -0.02009594921090956943 ) ) ;
#4445 = CIRCLE ( 'NONE', #6499, 0.009999999999999981126 ) ;
#4446 = AXIS2_PLACEMENT_3D ( 'NONE', #233, #2918, #756 ) ;
#4447 = FACE_OUTER_BOUND ( 'NONE', #2768, .T. ) ;
#4448 = LOCAL_TIME ( 23, 23, 15.00000000000000000, #78 ) ;
#4449 = PLANE ( 'NONE',  #2713 ) ;
#4450 = ORIENTED_EDGE ( 'NONE', *, *, #525, .T. ) ;
#4451 = ORIENTED_EDGE ( 'NONE', *, *, #514, .T. ) ;
#4452 = LOCAL_TIME ( 23, 23, 15.00000000000000000, #1826 ) ;
#4453 = CARTESIAN_POINT ( 'NONE',  ( -0.05970370370370361307, -0.1878888888888889386, 0.02999999999999999889 ) ) ;
#4454 = LINE ( 'NONE', #1460, #6055 ) ;
#4455 = PLANE ( 'NONE',  #891 ) ;
#4456 = CARTESIAN_POINT ( 'NONE',  ( 0.1127719641027314090, 0.03056368120252929421, -0.02661248677714994626 ) ) ;
#4457 = EDGE_LOOP ( 'NONE', ( #3392, #2679, #1388, #2137 ) ) ;
#4458 = CC_DESIGN_SECURITY_CLASSIFICATION ( #3486, ( #6656 ) ) ;
#4459 = EDGE_CURVE ( 'NONE', #4027, #1898, #4285, .T. ) ;
#4460 = LINE ( 'NONE', #4820, #5269 ) ;
#4461 = DIRECTION ( 'NONE',  ( 0.000000000000000000, 0.000000000000000000, -1.000000000000000000 ) ) ;
#4462 = CALENDAR_DATE ( 2026, 9, 1 ) ;
#4463 = DIRECTION ( 'NONE',  ( 2.081668171172168513E-16, -1.000000000000000000, 0.000000000000000000 ) ) ;
#4464 = ORIENTED_EDGE ( 'NONE', *, *, #5196, .F. ) ;
#4465 = DIRECTION ( 'NONE',  ( 0.000000000000000000, -0.000000000000000000, -1.000000000000000000 ) ) ;
#4466 = LINE ( 'NONE', #5337, #921 ) ;
#4467 = DIRECTION ( 'NONE',  ( -0.9999999999999998890, -7.693455068295910532E-18, 1.387778780781445521E-17 ) ) ;
#4468 = CARTESIAN_POINT ( 'NONE',  ( 0.000000000000000000, -0.1550000000000000822, 0.05000000000000000278 ) ) ;
#4469 = APPROVAL_DATE_TIME ( #1786, #1601 ) ;
#4470 = CC_DESIGN_DATE_AND_TIME_ASSIGNMENT ( #6463, #1887, ( #3597 ) ) ;
#4471 = DIRECTION ( 'NONE',  ( -0.000000000000000000, -0.000000000000000000, -1.000000000000000000 ) ) ;
#4472 = EDGE_CURVE ( 'NONE', #5769, #5177, #2242, .T. ) ;
#4473 = CARTESIAN_POINT ( 'NONE',  ( 0.1200000000000001621, -0.01662162162162163226, 0.000000000000000000 ) ) ;
#4474 = ORIENTED_EDGE ( 'NONE', *, *, #3861, .T. ) ;
#4475 = APPROVAL_ROLE ( '' ) ;
#4476 = CARTESIAN_POINT ( 'NONE',  ( 0.1873373690252212176, -0.1939076402600727056, 0.04930474066497109176 ) ) ;
#4477 = CARTESIAN_POINT ( 'NONE',  ( -0.1950000000000000622, -0.1850000000000007194, 0.04500000000000000527 ) ) ;
#4478 = EDGE_LOOP ( 'NONE', ( #1418, #3717, #1490, #4274, #272 ) ) ;
#4479 = LINE ( 'NONE', #894, #1119 ) ;
#4480 = EDGE_LOOP ( 'NONE', ( #5067, #1086, #5260, #12 ) ) ;
#4481 = ORIENTED_EDGE ( 'NONE', *, *, #3106, .F. ) ;
#4482 = DIRECTION ( 'NONE',  ( 1.000000000000000000, 4.625929269271485914E-16, -0.000000000000000000 ) ) ;
#4483 = MANIFOLD_SOLID_BREP ( 'Fillet5', #2375 ) ;
#4484 = VECTOR ( 'NONE', #3708, 1.000000000000000000 ) ;
#4485 = FACE_OUTER_BOUND ( 'NONE', #686, .T. ) ;
#4486 = FACE_OUTER_BOUND ( 'NONE', #1839, .T. ) ;
#4487 = EDGE_CURVE ( 'NONE', #335, #1624, #3454, .T. ) ;
#4488 = CARTESIAN_POINT ( 'NONE',  ( 0.1043956725425923687, 0.03221177190877756724, -0.02770492223961426581 ) ) ;
#4489 = VERTEX_POINT ( 'NONE', #3848 ) ;
#4490 = AXIS2_PLACEMENT_3D ( 'NONE', #6284, #1205, #5259 ) ;
#4491 = CARTESIAN_POINT ( 'NONE',  ( 0.1013601280995723858, 0.09356548501383728234, -0.05643079452006098673 ) ) ;
#4492 = CARTESIAN_POINT ( 'NONE',  ( -0.1871049384543285454, 0.1958718940557435673, 0.04782112412222408460 ) ) ;
#4493 = APPROVAL_DATE_TIME ( #1467, #1450 ) ;
#4494 = LINE ( 'NONE', #6180, #3651 ) ;
#4495 = VERTEX_POINT ( 'NONE', #5423 ) ;
#4496 = ORIENTED_EDGE ( 'NONE', *, *, #3522, .F. ) ;
#4497 = DIRECTION ( 'NONE',  ( 0.000000000000000000, -1.000000000000000000, 0.000000000000000000 ) ) ;
#4498 = CARTESIAN_POINT ( 'NONE',  ( -0.1876016399434730364, 0.1905305721316075951, 0.05000000000000000278 ) ) ;
#4499 = DIRECTION ( 'NONE',  ( -1.000000000000000000, -8.500033268685525408E-18, 1.110223024625156540E-16 ) ) ;
#4500 = DIRECTION ( 'NONE',  ( 1.000000000000000000, 0.000000000000000000, 0.000000000000000000 ) ) ;
#4501 = VECTOR ( 'NONE', #3035, 1.000000000000000000 ) ;
#4502 = DIRECTION ( 'NONE',  ( -1.000000000000000000, -9.251858538542971581E-17, 0.000000000000000000 ) ) ;
#4503 = ORIENTED_EDGE ( 'NONE', *, *, #5349, .T. ) ;
#4504 = EDGE_CURVE ( 'NONE', #37, #3836, #6374, .T. ) ;
#4505 = VERTEX_POINT ( 'NONE', #2807 ) ;
#4506 = APPROVAL_STATUS ( 'not_yet_approved' ) ;
#4507 = CARTESIAN_POINT ( 'NONE',  ( 0.1874270143429132285, -0.1929750751985450929, 0.04964846978002123573 ) ) ;
#4508 = CARTESIAN_POINT ( 'NONE',  ( -0.1199999999999998568, -0.01662162162162163226, 0.02999999999999997113 ) ) ;
#4509 = VERTEX_POINT ( 'NONE', #3413 ) ;
#4510 = CARTESIAN_POINT ( 'NONE',  ( 0.1550000000000000544, -0.1550000000000000822, 0.05000000000000000278 ) ) ;
#4511 = ORIENTED_EDGE ( 'NONE', *, *, #990, .T. ) ;
#4512 = EDGE_LOOP ( 'NONE', ( #1970, #2057, #6564, #1962 ) ) ;
#4513 = DIRECTION ( 'NONE',  ( 0.000000000000000000, -0.000000000000000000, -1.000000000000000000 ) ) ;
#4514 = CARTESIAN_POINT ( 'NONE',  ( -0.1958718940557436228, 0.1871049384543285454, 0.04782112412222410541 ) ) ;
#4515 = LINE ( 'NONE', #497, #4954 ) ;
#4516 = AXIS2_PLACEMENT_3D ( 'NONE', #3929, #312, #276 ) ;
#4517 = CARTESIAN_POINT ( 'NONE',  ( 0.1338383809412351522, 0.02370600692522630698, -0.02282440418899584975 ) ) ;
#4518 = ORIENTED_EDGE ( 'NONE', *, *, #2297, .T. ) ;
#4519 = CARTESIAN_POINT ( 'NONE',  ( 0.01132691387497958627, 0.08984947106566919250, -0.04158417939373691696 ) ) ;
#4520 = CARTESIAN_POINT ( 'NONE',  ( -0.1950000000000000344, -1.387778780781445676E-17, 0.000000000000000000 ) ) ;
#4521 = SECURITY_CLASSIFICATION_LEVEL ( 'unclassified' ) ;
#4522 = DIRECTION ( 'NONE',  ( 1.000000000000000000, 1.850371707708594316E-16, 0.000000000000000000 ) ) ;
#4523 = VERTEX_POINT ( 'NONE', #843 ) ;
#4524 = ORIENTED_EDGE ( 'NONE', *, *, #287, .F. ) ;
#4525 = CC_DESIGN_PERSON_AND_ORGANIZATION_ASSIGNMENT ( #2348, #199, ( #6278 ) ) ;
#4526 = CARTESIAN_POINT ( 'NONE',  ( -0.1905305721316072620, -0.1876016399434733972, 0.05000000000000000278 ) ) ;
#4527 = PRODUCT_DEFINITION_SHAPE ( 'NONE', 'NONE',  #6657 ) ;
#4528 = CARTESIAN_POINT ( 'NONE',  ( 0.000000000000000000, -0.1956962025316451026, 0.000000000000000000 ) ) ;
#4529 = CARTESIAN_POINT ( 'NONE',  ( 0.1300000000000001155, 3.608224830031761961E-17, 0.01999999999999999695 ) ) ;
#4530 = CARTESIAN_POINT ( 'NONE',  ( -0.2000000000000000389, 0.1750000000000000167, 0.000000000000000000 ) ) ;
#4531 = ORIENTED_EDGE ( 'NONE', *, *, #2191, .F. ) ;
#4532 = VERTEX_POINT ( 'NONE', #6522 ) ;
#4533 = MANIFOLD_SOLID_BREP ( 'Cut-Extrude3', #2698 ) ;
#4534 = AXIS2_PLACEMENT_3D ( 'NONE', #3391, #5430, #2881 ) ;
#4535 = VECTOR ( 'NONE', #5256, 1.000000000000000000 ) ;
#4536 = COORDINATED_UNIVERSAL_TIME_OFFSET ( 5, 30, .AHEAD. ) ;
#4537 = CARTESIAN_POINT ( 'NONE',  ( -0.1911522835674304144, -0.1875662737758375387, 0.04997924206064469771 ) ) ;
#4538 = CARTESIAN_POINT ( 'NONE',  ( -0.04797468354430373116, 0.09430379746835439170, 0.000000000000000000 ) ) ;
#4539 = ORIENTED_EDGE ( 'NONE', *, *, #5411, .T. ) ;
#4540 = AXIS2_PLACEMENT_3D ( 'NONE', #6085, #4467, #1475 ) ;
#4541 = DIRECTION ( 'NONE',  ( -0.000000000000000000, 1.000000000000000000, -0.000000000000000000 ) ) ;
#4542 = ORIENTED_EDGE ( 'NONE', *, *, #4609, .F. ) ;
#4543 = ORIENTED_EDGE ( 'NONE', *, *, #4053, .F. ) ;
#4544 = LINE ( 'NONE', #5519, #4749 ) ;
#4545 = AXIS2_PLACEMENT_3D ( 'NONE', #3797, #6569, #4031 ) ;
#4546 = CYLINDRICAL_SURFACE ( 'NONE', #1231, 0.005000000000000000104 ) ;
#4547 = LOCAL_TIME ( 23, 23, 15.00000000000000000, #5203 ) ;
#4548 = CARTESIAN_POINT ( 'NONE',  ( -0.1146402913347236985, 0.02693000272970801773, 0.06002843765043738150 ) ) ;
#4549 = ADVANCED_FACE ( 'NONE', ( #2873 ), #5862, .F. ) ;
#4550 = FACE_OUTER_BOUND ( 'NONE', #2567, .T. ) ;
#4551 = ORIENTED_EDGE ( 'NONE', *, *, #5966, .F. ) ;
#4552 = AXIS2_PLACEMENT_3D ( 'NONE', #4759, #5703, #107 ) ;
#4553 = EDGE_CURVE ( 'NONE', #4605, #2755, #4312, .T. ) ;
#4554 = LOCAL_TIME ( 23, 23, 15.00000000000000000, #1672 ) ;
#4555 = CARTESIAN_POINT ( 'NONE',  ( -0.05675775286757432647, 0.07825277040750007462, -0.003936408164015112003 ) ) ;
#4556 = LINE ( 'NONE', #5998, #2182 ) ;
#4557 = COORDINATED_UNIVERSAL_TIME_OFFSET ( 5, 30, .AHEAD. ) ;
#4558 = DIRECTION ( 'NONE',  ( 0.7071067811865465735, 0.7071067811865484609, -0.000000000000000000 ) ) ;
#4559 = SECURITY_CLASSIFICATION ( '', '', #2659 ) ;
#4560 = LINE ( 'NONE', #4938, #3411 ) ;
#4561 = VERTEX_POINT ( 'NONE', #4425 ) ;
#4562 = ORIENTED_EDGE ( 'NONE', *, *, #1519, .F. ) ;
#4563 = DIRECTION ( 'NONE',  ( -0.000000000000000000, 0.000000000000000000, 1.000000000000000000 ) ) ;
#4564 = CARTESIAN_POINT ( 'NONE',  ( 0.000000000000000000, 0.000000000000000000, 0.000000000000000000 ) ) ;
#4565 = APPLICATION_PROTOCOL_DEFINITION ( 'international standard', 'config_control_design', 1994, #6530 ) ;
#4566 = DIRECTION ( 'NONE',  ( 0.000000000000000000, 0.000000000000000000, -1.000000000000000000 ) ) ;
#4567 = DIRECTION ( 'NONE',  ( 0.000000000000000000, 0.000000000000000000, 1.000000000000000000 ) ) ;
#4568 = VERTEX_POINT ( 'NONE', #2841 ) ;
#4569 = ORIENTED_EDGE ( 'NONE', *, *, #1151, .T. ) ;
#4570 = PERSON_AND_ORGANIZATION_ROLE ( 'design_supplier' ) ;
#4571 = ADVANCED_FACE ( 'NONE', ( #773 ), #1773, .T. ) ;
#4572 = CARTESIAN_POINT ( 'NONE',  ( 0.1821685827790909262, 0.1969404288062468200, 0.04895830737594758508 ) ) ;
#4573 = CARTESIAN_POINT ( 'NONE',  ( 0.1849999999999998312, 0.1949999999999999789, 0.05000000000000000278 ) ) ;
#4574 = ORIENTED_EDGE ( 'NONE', *, *, #3366, .F. ) ;
#4575 = CARTESIAN_POINT ( 'NONE',  ( -0.3379746835443037112, -0.2056962025316456111, 0.9000000000000000222 ) ) ;
#4576 = VERTEX_POINT ( 'NONE', #2905 ) ;
#4577 = VERTEX_POINT ( 'NONE', #3442 ) ;
#4578 = EDGE_CURVE ( 'NONE', #5560, #4865, #1837, .T. ) ;
#4579 = CARTESIAN_POINT ( 'NONE',  ( -0.1399999999999996525, 0.03504504504504502710, 0.2858578643762690330 ) ) ;
#4580 = DIRECTION ( 'NONE',  ( 1.000000000000000000, -0.000000000000000000, -3.700743415417189125E-16 ) ) ;
#4581 = LINE ( 'NONE', #4014, #2067 ) ;
#4582 = PLANE ( 'NONE',  #2285 ) ;
#4583 = VERTEX_POINT ( 'NONE', #870 ) ;
#4584 = CARTESIAN_POINT ( 'NONE',  ( -0.1029593514487985445, 0.05933664051104264869, 0.04276256882879644200 ) ) ;
#4585 = CARTESIAN_POINT ( 'NONE',  ( 0.2000000000000000111, -0.1999999999999999833, 0.06699999999999996236 ) ) ;
#4586 = SECURITY_CLASSIFICATION_LEVEL ( 'unclassified' ) ;
#4587 = FACE_OUTER_BOUND ( 'NONE', #3815, .T. ) ;
#4588 = B_SPLINE_CURVE_WITH_KNOTS ( 'NONE', 3,
 ( #60, #3205, #5715, #3067, #4710, #4740, #1570, #5683, #5749, #120, #1100, #3674, #1530, #4213, #1132, #5182, #5121, #92, #2602, #5150, #5651, #3130, #593, #2568, #3713, #5217, #2102, #3173, #150, #2132 ),
 .UNSPECIFIED., .F., .F.,
 ( 4, 2, 2, 2, 2, 2, 2, 2, 2, 2, 2, 2, 2, 2, 4 ),
 ( 0.000000000000000000, 0.002230336992815096057, 0.003345505489222643219, 0.004460673985630190380, 0.005575842482037738843, 0.006691010978445286438, 0.008921347971260411985, 0.01003651646766797259, 0.01115168496407553320, 0.01226685346048309901, 0.01338202195689066308, 0.01449719045329822542, 0.01561235894970578950, 0.01672752744611335357, 0.01784269594252091765 ),
 .UNSPECIFIED. ) ;
#4589 = VECTOR ( 'NONE', #6298, 1.000000000000000000 ) ;
#4590 = CARTESIAN_POINT ( 'NONE',  ( -0.1092237724272215327, 0.000000000000000000, 0.05178924042636628283 ) ) ;
#4591 = ORIENTED_EDGE ( 'NONE', *, *, #5290, .F. ) ;
#4592 = EDGE_CURVE ( 'NONE', #5345, #5607, #219, .T. ) ;
#4593 = ORIENTED_EDGE ( 'NONE', *, *, #5330, .T. ) ;
#4594 = ADVANCED_FACE ( 'NONE', ( #3820 ), #4952, .F. ) ;
#4595 = CARTESIAN_POINT ( 'NONE',  ( -0.3279746835443037578, -0.1956962025316451026, 0.2999999999999999334 ) ) ;
#4596 = CARTESIAN_POINT ( 'NONE',  ( -0.05797468354430374005, 0.09430379746835439170, 0.2999999999999999334 ) ) ;
#4597 = DIRECTION ( 'NONE',  ( 2.683973528207094942E-16, -0.8504982057702341613, -0.5259779481894774067 ) ) ;
#4598 = FACE_OUTER_BOUND ( 'NONE', #801, .T. ) ;
#4599 = DIRECTION ( 'NONE',  ( 1.000000000000000000, 0.000000000000000000, 0.000000000000000000 ) ) ;
#4600 = ORIENTED_EDGE ( 'NONE', *, *, #752, .T. ) ;
#4601 = VERTEX_POINT ( 'NONE', #4356 ) ;
#4602 = B_SPLINE_CURVE_WITH_KNOTS ( 'NONE', 3,
 ( #5716, #6270, #628, #2200, #5750, #4250, #5248, #6304, #3242, #1134, #5282, #2103, #4152, #5151, #6233, #1599, #1697, #1571, #3640, #1101, #3131, #121, #2569, #211, #764, #6334, #4843, #1354, #2333, #1262, #316, #834, #4380, #3308, #4411, #280, #4276, #5914, #5953, #5315, #2795, #6366, #2361, #5413, #3338, #4346, #1318, #5380, #3901, #5884, #4308, #4913, #1795, #2831, #242, #2299, #1730, #5348, #6402, #3838, #694, #1291, #6472, #1226 ),
 .UNSPECIFIED., .F., .F.,
 ( 4, 2, 2, 2, 2, 2, 2, 2, 2, 2, 2, 2, 2, 2, 2, 2, 2, 2, 2, 2, 2, 2, 2, 2, 2, 2, 2, 2, 2, 2, 2, 4 ),
 ( 1.972495724152053387E-07, 0.0007367622968535035479, 0.001473327344134591887, 0.002946457438696749049, 0.004419587533258905777, 0.005892717627821062940, 0.008838977816945394611, 0.01178523800606972455, 0.01473149819519405448, 0.01767775838431838442, 0.02357027876256703389, 0.02651653895169135342, 0.02946279914081567641, 0.03535531951906430159, 0.04124783989731293371, 0.04419410008643721854, 0.04714036027556151032, 0.05303288065381012856, 0.05892540103205876068, 0.06187166122118308714, 0.06481792141030741361, 0.07071044178855613593, 0.07660296216680483050, 0.07954922235592920554, 0.08249548254505355283, 0.08544174273417790011, 0.08838800292330226127, 0.08986113301786442797, 0.09133426311242659468, 0.09207082815970768497, 0.09280739320698878914, 0.09428052330155096972 ),
 .UNSPECIFIED. ) ;
#4603 = CARTESIAN_POINT ( 'NONE',  ( -0.1534307749488069139, 0.05551877822473579027, 0.05061773153931729829 ) ) ;
#4604 = AXIS2_PLACEMENT_3D ( 'NONE', #6404, #2766, #2898 ) ;
#4605 = VERTEX_POINT ( 'NONE', #5487 ) ;
#4606 = CARTESIAN_POINT ( 'NONE',  ( 0.1955368566134739750, 0.1871482108464622707, 0.04818502169615531544 ) ) ;
#4607 = ORIENTED_EDGE ( 'NONE', *, *, #5670, .T. ) ;
#4608 = ORIENTED_EDGE ( 'NONE', *, *, #1151, .F. ) ;
#4609 = EDGE_CURVE ( 'NONE', #5448, #3407, #362, .T. ) ;
#4610 = LINE ( 'NONE', #2068, #2721 ) ;
#4611 = CARTESIAN_POINT ( 'NONE',  ( 0.2102962962962963700, -0.1878888888888889108, 0.02000000000000000042 ) ) ;
#4612 = CARTESIAN_POINT ( 'NONE',  ( -0.3179746835443037489, 0.07430379746835438781, 0.5799999999999999600 ) ) ;
#4613 = CARTESIAN_POINT ( 'NONE',  ( -0.1958718940557436228, 0.1871049384543285454, 0.04782112412222410541 ) ) ;
#4614 = ORIENTED_EDGE ( 'NONE', *, *, #4700, .T. ) ;
#4615 = CARTESIAN_POINT ( 'NONE',  ( -0.1084150626634131087, 0.05551877822473572088, 0.05061773153931732605 ) ) ;
#4616 = CARTESIAN_POINT ( 'NONE',  ( -0.1549999999999995548, -0.1649999999999999800, 0.04500000000000000527 ) ) ;
#4617 = APPROVAL_STATUS ( 'not_yet_approved' ) ;
#4618 = LINE ( 'NONE', #3043, #3965 ) ;
#4619 = EDGE_CURVE ( 'NONE', #5045, #4685, #3676, .T. ) ;
#4620 = ADVANCED_FACE ( 'NONE', ( #2409 ), #4455, .F. ) ;
#4621 = VECTOR ( 'NONE', #177, 1.000000000000000000 ) ;
#4622 = VECTOR ( 'NONE', #2454, 1.000000000000000000 ) ;
#4623 = CARTESIAN_POINT ( 'NONE',  ( -0.1127965215678201627, 0.01033573138943022496, 0.05714073542562276425 ) ) ;
#4624 = ORIENTED_EDGE ( 'NONE', *, *, #2791, .T. ) ;
#4625 = ORIENTED_EDGE ( 'NONE', *, *, #228, .F. ) ;
#4626 = FACE_OUTER_BOUND ( 'NONE', #5134, .T. ) ;
#4627 = CARTESIAN_POINT ( 'NONE',  ( -0.3279746835443037578, -0.1956962025316451026, 0.2999999999999999334 ) ) ;
#4628 = MECHANICAL_CONTEXT ( 'NONE', #86, 'mechanical' ) ;
#4629 = VECTOR ( 'NONE', #1073, 1.000000000000000000 ) ;
#4630 = EDGE_CURVE ( 'NONE', #5082, #5575, #3880, .T. ) ;
#4631 = DIRECTION ( 'NONE',  ( 0.000000000000000000, 0.000000000000000000, -1.000000000000000000 ) ) ;
#4632 = EDGE_CURVE ( 'NONE', #104, #6486, #4389, .T. ) ;
#4633 = ORIENTED_EDGE ( 'NONE', *, *, #2217, .F. ) ;
#4634 = ORIENTED_EDGE ( 'NONE', *, *, #5658, .T. ) ;
#4635 = PERSON_AND_ORGANIZATION ( #3154, #717 ) ;
#4636 = CIRCLE ( 'NONE', #2605, 0.2999999999999999889 ) ;
#4637 = CARTESIAN_POINT ( 'NONE',  ( -0.1161809166797322657, 0.08789779442000276999, -0.03433566025223044188 ) ) ;
#4638 = ORIENTED_EDGE ( 'NONE', *, *, #6364, .T. ) ;
#4639 = ADVANCED_FACE ( 'NONE', ( #1039 ), #4991, .T. ) ;
#4640 = CARTESIAN_POINT ( 'NONE',  ( -0.3279746835443037023, -0.1956962025316456022, 0.000000000000000000 ) ) ;
#4641 = VERTEX_POINT ( 'NONE', #1005 ) ;
#4642 = VERTEX_POINT ( 'NONE', #4548 ) ;
#4643 = DIRECTION ( 'NONE',  ( -0.000000000000000000, 0.000000000000000000, -1.000000000000000000 ) ) ;
#4644 = DIRECTION ( 'NONE',  ( 3.469446951953611033E-15, -0.000000000000000000, -1.000000000000000000 ) ) ;
#4645 = AXIS2_PLACEMENT_3D ( 'NONE', #2041, #3577, #1043 ) ;
#4646 = CARTESIAN_POINT ( 'NONE',  ( 0.1750000000000000444, -0.1750000000000000167, 0.04500000000000000527 ) ) ;
#4647 = PRODUCT_DEFINITION ( 'UNKNOWN', '', #1880, #866 ) ;
#4648 = CARTESIAN_POINT ( 'NONE',  ( -0.1851711369874551594, -0.1963532007825977144, 0.04842519101978327856 ) ) ;
#4649 = VERTEX_POINT ( 'NONE', #397 ) ;
#4650 = LINE ( 'NONE', #1633, #6137 ) ;
#4651 = VECTOR ( 'NONE', #2408, 1.000000000000000000 ) ;
#4652 = CARTESIAN_POINT ( 'NONE',  ( -0.1967684183173994128, 0.1831754988001044193, 0.04882561205224559414 ) ) ;
#4653 = ADVANCED_FACE ( 'NONE', ( #2070 ), #6553, .F. ) ;
#4654 = CARTESIAN_POINT ( 'NONE',  ( 0.1558578643762709159, -0.1629289321881345343, 0.05000000000000000278 ) ) ;
#4655 = DATE_AND_TIME ( #1044, #6510 ) ;
#4656 = LINE ( 'NONE', #1607, #5618 ) ;
#4657 = PRODUCT_DEFINITION ( 'UNKNOWN', '', #5098, #5958 ) ;
#4658 = AXIS2_PLACEMENT_3D ( 'NONE', #5939, #1347, #4934 ) ;
#4659 = CARTESIAN_POINT ( 'NONE',  ( -0.1108610864776055360, 0.003949804442518840483, 0.05420406065621942437 ) ) ;
#4660 = ORIENTED_EDGE ( 'NONE', *, *, #5349, .F. ) ;
#4661 = LOCAL_TIME ( 23, 23, 15.00000000000000000, #5101 ) ;
#4662 = VERTEX_POINT ( 'NONE', #6068 ) ;
#4663 = DIRECTION ( 'NONE',  ( -1.000000000000000000, -0.000000000000000000, -0.000000000000000000 ) ) ;
#4664 = CARTESIAN_POINT ( 'NONE',  ( 0.1570710678118654724, 0.1600000000000000311, 0.05000000000000000278 ) ) ;
#4665 = DATE_TIME_ROLE ( 'creation_date' ) ;
#4666 = FACE_OUTER_BOUND ( 'NONE', #4947, .T. ) ;
#4667 = LOCAL_TIME ( 23, 23, 15.00000000000000000, #1309 ) ;
#4668 = VERTEX_POINT ( 'NONE', #3508 ) ;
#4669 = APPROVAL_PERSON_ORGANIZATION ( #1914, #412, #4370 ) ;
#4670 = VERTEX_POINT ( 'NONE', #6628 ) ;
#4671 = CARTESIAN_POINT ( 'NONE',  ( -0.05364120781527528803, -0.4600000000000004086, -0.08836589698046184993 ) ) ;
#4672 = EDGE_CURVE ( 'NONE', #4568, #394, #4515, .T. ) ;
#4673 = CC_DESIGN_PERSON_AND_ORGANIZATION_ASSIGNMENT ( #1914, #4906, ( #931 ) ) ;
#4674 = DATE_AND_TIME ( #5210, #6292 ) ;
#4675 = EDGE_CURVE ( 'NONE', #5768, #2404, #4581, .T. ) ;
#4676 = CARTESIAN_POINT ( 'NONE',  ( -0.1041792378693036508, 0.09166244386990765602, -0.04856739518858359250 ) ) ;
#4677 = CARTESIAN_POINT ( 'NONE',  ( -0.04797468354430375892, -0.1956962025316451026, 0.5999999999999999778 ) ) ;
#4678 = ORIENTED_EDGE ( 'NONE', *, *, #3522, .T. ) ;
#4679 = PLANE ( 'NONE',  #2397 ) ;
#4680 = EDGE_LOOP ( 'NONE', ( #4056, #1691, #6104, #725, #4005, #4163, #6574, #1386 ) ) ;
#4681 = DIRECTION ( 'NONE',  ( -1.000000000000000000, 0.000000000000000000, 0.000000000000000000 ) ) ;
#4682 = CARTESIAN_POINT ( 'NONE',  ( -0.05797468354430375392, 0.09430379746835439170, 0.6099999999999999867 ) ) ;
#4683 = FACE_BOUND ( 'NONE', #3496, .T. ) ;
#4684 = DIRECTION ( 'NONE',  ( 1.000000000000000000, 0.000000000000000000, 0.000000000000000000 ) ) ;
#4685 = VERTEX_POINT ( 'NONE', #3539 ) ;
#4686 = CARTESIAN_POINT ( 'NONE',  ( -0.1549999999999999434, -0.1550000000000000822, 0.05000000000000000278 ) ) ;
#4687 = ORIENTED_EDGE ( 'NONE', *, *, #4303, .F. ) ;
#4688 = SHAPE_DEFINITION_REPRESENTATION ( #4791, #5905 ) ;
#4689 = CARTESIAN_POINT ( 'NONE',  ( 0.3045799986815719840, 0.04701778474305532557, 0.05570729625070314217 ) ) ;
#4690 = ADVANCED_FACE ( 'NONE', ( #4486 ), #1572, .F. ) ;
#4691 = CARTESIAN_POINT ( 'NONE',  ( -0.1549999999999999434, 0.000000000000000000, 0.04500000000000000527 ) ) ;
#4692 = VERTEX_POINT ( 'NONE', #5057 ) ;
#4693 = ORIENTED_EDGE ( 'NONE', *, *, #1027, .F. ) ;
#4694 = CARTESIAN_POINT ( 'NONE',  ( 0.07029629629629635668, 0.06211111111111107530, 0.2703701166919154630 ) ) ;
#4695 = CC_DESIGN_DATE_AND_TIME_ASSIGNMENT ( #1249, #5868, ( #552 ) ) ;
#4696 = CARTESIAN_POINT ( 'NONE',  ( -0.1871944511597047334, -0.1951634039482232352, 0.04851393997551702725 ) ) ;
#4697 = PERSON_AND_ORGANIZATION_ROLE ( 'design_supplier' ) ;
#4698 = LINE ( 'NONE', #6291, #3682 ) ;
#4699 = CIRCLE ( 'NONE', #4381, 0.2246387801306934384 ) ;
#4700 = EDGE_CURVE ( 'NONE', #6254, #5672, #3102, .T. ) ;
#4701 = EDGE_LOOP ( 'NONE', ( #810, #2079, #2505, #3312 ) ) ;
#4702 = ORIENTED_EDGE ( 'NONE', *, *, #2872, .T. ) ;
#4703 = APPROVAL_STATUS ( 'not_yet_approved' ) ;
#4704 = DIRECTION ( 'NONE',  ( 3.330669073875469621E-15, 1.000000000000000000, -0.000000000000000000 ) ) ;
#4705 = CARTESIAN_POINT ( 'NONE',  ( 0.004999999999999759845, -0.004999999999999772855, 0.000000000000000000 ) ) ;
#4706 = VERTEX_POINT ( 'NONE', #3069 ) ;
#4707 = ADVANCED_FACE ( 'NONE', ( #1933 ), #5588, .T. ) ;
#4708 = CARTESIAN_POINT ( 'NONE',  ( -0.1749999999999999889, -0.2000000000000000111, 0.000000000000000000 ) ) ;
#4709 = VERTEX_POINT ( 'NONE', #3978 ) ;
#4710 = CARTESIAN_POINT ( 'NONE',  ( 0.1665987918606792184, -0.2193924867614962249, 0.006565120326352206354 ) ) ;
#4711 = ADVANCED_FACE ( 'NONE', ( #459 ), #6172, .F. ) ;
#4712 = DIRECTION ( 'NONE',  ( 0.000000000000000000, -0.000000000000000000, 1.000000000000000000 ) ) ;
#4713 = DIRECTION ( 'NONE',  ( -0.000000000000000000, 0.000000000000000000, 1.000000000000000000 ) ) ;
#4714 = EDGE_CURVE ( 'NONE', #2663, #1295, #5557, .T. ) ;
#4715 = CARTESIAN_POINT ( 'NONE',  ( 0.1770706253354584481, -0.1974642005617922025, 0.04931006713692692028 ) ) ;
#4716 = EDGE_LOOP ( 'NONE', ( #20, #4926, #1563, #3200, #1540, #472, #1447, #1152 ) ) ;
#4717 = DIRECTION ( 'NONE',  ( -0.000000000000000000, 0.000000000000000000, 1.000000000000000000 ) ) ;
#4718 = CARTESIAN_POINT ( 'NONE',  ( -0.04797468354430373116, 0.09430379746835439170, 0.9000000000000000222 ) ) ;
#4719 = APPROVAL_DATE_TIME ( #564, #182 ) ;
#4720 = FACE_OUTER_BOUND ( 'NONE', #5075, .T. ) ;
#4721 = CARTESIAN_POINT ( 'NONE',  ( 0.1799999999999999933, -0.1799999999999999656, 0.006999999999999966319 ) ) ;
#4722 = DIRECTION ( 'NONE',  ( 0.7071067811865484609, -0.7071067811865465735, 0.000000000000000000 ) ) ;
#4723 = EDGE_LOOP ( 'NONE', ( #784, #1658, #3290, #4237 ) ) ;
#4724 = ORIENTED_EDGE ( 'NONE', *, *, #5947, .F. ) ;
#4725 = DIRECTION ( 'NONE',  ( 0.000000000000000000, 1.000000000000000000, 0.000000000000000000 ) ) ;
#4726 = CARTESIAN_POINT ( 'NONE',  ( -0.3279746835443037578, 0.09430379746835439170, 0.000000000000000000 ) ) ;
#4727 = PERSON_AND_ORGANIZATION ( #6361, #58 ) ;
#4728 = CARTESIAN_POINT ( 'NONE',  ( -0.1821936435791246811, 0.1969364679047079791, 0.04895528739300049337 ) ) ;
#4729 = CC_DESIGN_DATE_AND_TIME_ASSIGNMENT ( #3182, #31, ( #2095 ) ) ;
#4730 = ORIENTED_EDGE ( 'NONE', *, *, #6029, .F. ) ;
#4731 = ORIENTED_EDGE ( 'NONE', *, *, #2704, .T. ) ;
#4732 = AXIS2_PLACEMENT_3D ( 'NONE', #4932, #6532, #3422 ) ;
#4733 = VECTOR ( 'NONE', #5316, 1.000000000000000000 ) ;
#4734 = LINE ( 'NONE', #2661, #3446 ) ;
#4735 = VECTOR ( 'NONE', #2022, 1.000000000000000000 ) ;
#4736 = LINE ( 'NONE', #206, #4589 ) ;
#4737 = ORIENTED_EDGE ( 'NONE', *, *, #5475, .F. ) ;
#4738 = CARTESIAN_POINT ( 'NONE',  ( -0.1999999999999999833, -0.1750000000000000167, 0.05000000000000000278 ) ) ;
#4739 = ORIENTED_EDGE ( 'NONE', *, *, #944, .F. ) ;
#4740 = CARTESIAN_POINT ( 'NONE',  ( 0.1658955772518260485, -0.2192991590905116195, 0.006319939382744456033 ) ) ;
#4741 = DIRECTION ( 'NONE',  ( 0.000000000000000000, -0.000000000000000000, 1.000000000000000000 ) ) ;
#4742 = DIRECTION ( 'NONE',  ( 1.000000000000000000, 0.000000000000000000, 0.000000000000000000 ) ) ;
#4743 = ADVANCED_FACE ( 'NONE', ( #900 ), #1461, .F. ) ;
#4744 = CARTESIAN_POINT ( 'NONE',  ( 0.2102962962962963700, -0.1878888888888889108, 0.02000000000000000042 ) ) ;
#4745 = ORIENTED_EDGE ( 'NONE', *, *, #983, .F. ) ;
#4746 = CARTESIAN_POINT ( 'NONE',  ( 0.000000000000000000, 0.2000000000000000111, 0.05000000000000000278 ) ) ;
#4747 = VECTOR ( 'NONE', #3353, 1.000000000000000000 ) ;
#4748 = DIRECTION ( 'NONE',  ( 0.000000000000000000, 0.000000000000000000, -1.000000000000000000 ) ) ;
#4749 = VECTOR ( 'NONE', #2969, 1.000000000000000000 ) ;
#4750 = CYLINDRICAL_SURFACE ( 'NONE', #6167, 0.2000000000000000111 ) ;
#4751 = VECTOR ( 'NONE', #3740, 1.000000000000000000 ) ;
#4752 = DIRECTION ( 'NONE',  ( 0.000000000000000000, 0.000000000000000000, -1.000000000000000000 ) ) ;
#4753 = EDGE_CURVE ( 'NONE', #5230, #5482, #6032, .T. ) ;
#4754 = DIRECTION ( 'NONE',  ( 1.000000000000000000, 0.000000000000000000, 0.000000000000000000 ) ) ;
#4755 = ORIENTED_EDGE ( 'NONE', *, *, #2687, .F. ) ;
#4756 = CIRCLE ( 'NONE', #4974, 0.01000000000000000888 ) ;
#4757 = EDGE_CURVE ( 'NONE', #80, #6555, #940, .T. ) ;
#4758 = LINE ( 'NONE', #640, #1105 ) ;
#4759 = CARTESIAN_POINT ( 'NONE',  ( -0.1499999999999999389, 0.000000000000000000, 0.05000000000000000278 ) ) ;
#4760 = APPROVAL_DATE_TIME ( #2683, #1314 ) ;
#4761 = DIRECTION ( 'NONE',  ( 0.000000000000000000, 0.000000000000000000, 1.000000000000000000 ) ) ;
#4762 = VECTOR ( 'NONE', #5545, 1.000000000000000000 ) ;
#4763 = AXIS2_PLACEMENT_3D ( 'NONE', #2525, #3051, #2427 ) ;
#4764 = ORIENTED_EDGE ( 'NONE', *, *, #2422, .T. ) ;
#4765 = LINE ( 'NONE', #5335, #1845 ) ;
#4766 = CC_DESIGN_APPROVAL ( #5549, ( #4647 ) ) ;
#4767 =( LENGTH_UNIT ( ) NAMED_UNIT ( * ) SI_UNIT ( $, .METRE. ) );
#4768 = EDGE_CURVE ( 'NONE', #2402, #2826, #4398, .T. ) ;
#4769 = FACE_OUTER_BOUND ( 'NONE', #357, .T. ) ;
#4770 = PLANE ( 'NONE',  #1482 ) ;
#4771 = ORIENTED_EDGE ( 'NONE', *, *, #3919, .F. ) ;
#4772 = CC_DESIGN_APPROVAL ( #5970, ( #1345 ) ) ;
#4773 = DIRECTION ( 'NONE',  ( 1.000000000000000000, 1.067522139062650671E-16, 0.000000000000000000 ) ) ;
#4774 = ORIENTED_EDGE ( 'NONE', *, *, #929, .F. ) ;
#4775 = EDGE_CURVE ( 'NONE', #4008, #4561, #2543, .T. ) ;
#4776 = CC_DESIGN_DATE_AND_TIME_ASSIGNMENT ( #583, #176, ( #6182 ) ) ;
#4777 = CARTESIAN_POINT ( 'NONE',  ( -0.2281976744186047512, -0.2792151162790699193, 0.000000000000000000 ) ) ;
#4778 = CARTESIAN_POINT ( 'NONE',  ( -0.2281976744186047790, 0.02078488372093021536, 0.000000000000000000 ) ) ;
#4779 = CARTESIAN_POINT ( 'NONE',  ( 0.1500000000000001332, -0.01662162162162163226, 0.2700000000000000178 ) ) ;
#4780 = CARTESIAN_POINT ( 'NONE',  ( 0.1958718940557435118, 0.1871049384543285177, 0.04782112412222405684 ) ) ;
#4781 = VERTEX_POINT ( 'NONE', #3100 ) ;
#4782 = EDGE_CURVE ( 'NONE', #5328, #4259, #6205, .T. ) ;
#4783 = CARTESIAN_POINT ( 'NONE',  ( 0.005000000000000034799, 0.005000000000000086840, 0.000000000000000000 ) ) ;
#4784 = EDGE_CURVE ( 'NONE', #1245, #4211, #94, .T. ) ;
#4785 = EDGE_CURVE ( 'NONE', #5031, #5124, #5686, .T. ) ;
#4786 = CARTESIAN_POINT ( 'NONE',  ( -0.05797468354430375392, 0.09430379746835439170, 0.2999999999999999334 ) ) ;
#4787 = CARTESIAN_POINT ( 'NONE',  ( -0.1949999999999999789, -0.1750000000000000167, 0.04500000000000000527 ) ) ;
#4788 = DIRECTION ( 'NONE',  ( -8.410780489584517938E-17, -1.000000000000000000, 0.000000000000000000 ) ) ;
#4789 = CARTESIAN_POINT ( 'NONE',  ( -0.004733461526421452875, 0.01255523370782224944, -0.02009594921090955208 ) ) ;
#4790 = ORIENTED_EDGE ( 'NONE', *, *, #5578, .F. ) ;
#4791 = PRODUCT_DEFINITION_SHAPE ( 'NONE', 'NONE',  #1825 ) ;
#4792 = EDGE_CURVE ( 'NONE', #3226, #89, #6446, .T. ) ;
#4793 = CARTESIAN_POINT ( 'NONE',  ( -0.1114656607760781959, 0.04815822532309021325, 0.05511202922508020435 ) ) ;
#4794 = LINE ( 'NONE', #1583, #2518 ) ;
#4795 = DATE_AND_TIME ( #1779, #2624 ) ;
#4796 = DIRECTION ( 'NONE',  ( 1.000000000000000000, 7.116814260417669499E-17, -0.000000000000000000 ) ) ;
#4797 = ADVANCED_FACE ( 'NONE', ( #597 ), #5522, .T. ) ;
#4798 = VERTEX_POINT ( 'NONE', #2604 ) ;
#4799 = PLANE ( 'NONE',  #555 ) ;
#4800 = AXIS2_PLACEMENT_3D ( 'NONE', #4890, #5824, #321 ) ;
#4801 = CARTESIAN_POINT ( 'NONE',  ( 0.2155739385619012127, -0.1607046817556951890, 0.001689686204478718385 ) ) ;
#4802 = CARTESIAN_POINT ( 'NONE',  ( 0.3463587921847246509, 0.05386000545941627138, 0.05178924042636610242 ) ) ;
#4803 = ORIENTED_EDGE ( 'NONE', *, *, #2165, .T. ) ;
#4804 = VECTOR ( 'NONE', #5963, 1.000000000000000000 ) ;
#4805 = CARTESIAN_POINT ( 'NONE',  ( 0.000000000000000000, 0.000000000000000000, 0.2899999999999999800 ) ) ;
#4806 = ORIENTED_EDGE ( 'NONE', *, *, #626, .F. ) ;
#4807 = CARTESIAN_POINT ( 'NONE',  ( -0.04797468354430375892, 0.09430379746835439170, 0.5999999999999999778 ) ) ;
#4808 = DIRECTION ( 'NONE',  ( -0.000000000000000000, 1.000000000000000000, -0.000000000000000000 ) ) ;
#4809 = DIRECTION ( 'NONE',  ( -0.000000000000000000, -0.000000000000000000, -1.000000000000000000 ) ) ;
#4810 = LINE ( 'NONE', #3280, #2610 ) ;
#4811 = VERTEX_POINT ( 'NONE', #1600 ) ;
#4812 = APPROVAL ( #4323, 'UNSPECIFIED' ) ;
#4813 = DIRECTION ( 'NONE',  ( 0.000000000000000000, 1.000000000000000000, 0.000000000000000000 ) ) ;
#4814 = CARTESIAN_POINT ( 'NONE',  ( 0.2888003769078571481, 0.09368436086186623935, -0.05690581466920167225 ) ) ;
#4815 = CIRCLE ( 'NONE', #3959, 0.02499999999999999445 ) ;
#4816 = DIRECTION ( 'NONE',  ( 0.000000000000000000, 0.000000000000000000, -1.000000000000000000 ) ) ;
#4817 = CARTESIAN_POINT ( 'NONE',  ( -0.1499999999999997169, 0.03337837837837836358, 0.01242640687119277512 ) ) ;
#4818 = CARTESIAN_POINT ( 'NONE',  ( -0.004547498047847248377, 0.01362804731484817955, -0.02014392545187342412 ) ) ;
#4819 = EDGE_LOOP ( 'NONE', ( #1470, #4946 ) ) ;
#4820 = CARTESIAN_POINT ( 'NONE',  ( -0.03797468354430375698, 0.09430379746835439170, 0.9000000000000000222 ) ) ;
#4821 = CARTESIAN_POINT ( 'NONE',  ( 0.2000000000000000389, -0.1750000000000000167, 0.000000000000000000 ) ) ;
#4822 = APPROVAL_ROLE ( '' ) ;
#4823 = LINE ( 'NONE', #5460, #5927 ) ;
#4824 = EDGE_CURVE ( 'NONE', #506, #6602, #152, .T. ) ;
#4825 = ORIENTED_EDGE ( 'NONE', *, *, #6312, .F. ) ;
#4826 = CARTESIAN_POINT ( 'NONE',  ( 0.2099999999999999645, -0.2099999999999999645, 0.009999999999999996739 ) ) ;
#4827 = EDGE_CURVE ( 'NONE', #933, #965, #2266, .T. ) ;
#4828 = EDGE_CURVE ( 'NONE', #3269, #5450, #696, .T. ) ;
#4829 = CARTESIAN_POINT ( 'NONE',  ( -0.3379746835443037112, -0.2056962025316456111, 0.000000000000000000 ) ) ;
#4830 = DIRECTION ( 'NONE',  ( 0.000000000000000000, 0.000000000000000000, 1.000000000000000000 ) ) ;
#4831 = AXIS2_PLACEMENT_3D ( 'NONE', #2334, #3368, #1797 ) ;
#4832 = PERSON_AND_ORGANIZATION_ROLE ( 'classification_officer' ) ;
#4833 = CARTESIAN_POINT ( 'NONE',  ( -0.3379746835443037667, 0.09430379746835439170, 0.9000000000000000222 ) ) ;
#4834 = AXIS2_PLACEMENT_3D ( 'NONE', #1380, #3459, #6399 ) ;
#4835 = CARTESIAN_POINT ( 'NONE',  ( 0.1849999999999998312, 0.1949999999999999789, 0.04500000000000000527 ) ) ;
#4836 = VERTEX_POINT ( 'NONE', #2162 ) ;
#4837 = VECTOR ( 'NONE', #1030, 1.000000000000000000 ) ;
#4838 = CIRCLE ( 'NONE', #3770, 0.01999999999999999001 ) ;
#4839 = CYLINDRICAL_SURFACE ( 'NONE', #4305, 0.004999999999999997502 ) ;
#4840 = ORIENTED_EDGE ( 'NONE', *, *, #2012, .F. ) ;
#4841 = VECTOR ( 'NONE', #6468, 1.000000000000000000 ) ;
#4842 = PERSON_AND_ORGANIZATION ( #6361, #58 ) ;
#4843 = CARTESIAN_POINT ( 'NONE',  ( 0.05690328189616166571, 0.04276550852403030595, -0.02933667265153773809 ) ) ;
#4844 = EDGE_CURVE ( 'NONE', #2029, #4811, #3169, .T. ) ;
#4845 = LINE ( 'NONE', #4413, #347 ) ;
#4846 = CARTESIAN_POINT ( 'NONE',  ( 0.1570710678118673320, -0.1599999999999999756, 0.05000000000000000278 ) ) ;
#4847 = ORIENTED_EDGE ( 'NONE', *, *, #5327, .F. ) ;
#4848 = ORIENTED_EDGE ( 'NONE', *, *, #5086, .T. ) ;
#4849 = DIRECTION ( 'NONE',  ( 0.000000000000000000, 0.000000000000000000, 1.000000000000000000 ) ) ;
#4850 = CARTESIAN_POINT ( 'NONE',  ( 0.3042102340060202637, 0.08953434303559197616, -0.04029281997515992558 ) ) ;
#4851 = CC_DESIGN_DATE_AND_TIME_ASSIGNMENT ( #1075, #5224, ( #4657 ) ) ;
#4852 = LINE ( 'NONE', #6442, #4651 ) ;
#4853 = DIRECTION ( 'NONE',  ( 1.000000000000000000, -0.000000000000000000, -0.000000000000000000 ) ) ;
#4854 = CARTESIAN_POINT ( 'NONE',  ( -0.1199999999999995792, 0.03837837837837839577, 0.2999999999999999889 ) ) ;
#4855 = ORIENTED_EDGE ( 'NONE', *, *, #274, .F. ) ;
#4856 = ADVANCED_FACE ( 'NONE', ( #4683, #2700 ), #6272, .T. ) ;
#4857 = CARTESIAN_POINT ( 'NONE',  ( -0.1600000000000000311, -0.1570710678118659998, 0.05000000000000000278 ) ) ;
#4858 = EDGE_CURVE ( 'NONE', #1183, #6324, #558, .T. ) ;
#4859 = CARTESIAN_POINT ( 'NONE',  ( 0.000000000000000000, 0.000000000000000000, 0.2999999999999999889 ) ) ;
#4860 = AXIS2_PLACEMENT_3D ( 'NONE', #1764, #1263, #3310 ) ;
#4861 = PERSON_AND_ORGANIZATION_ROLE ( 'design_owner' ) ;
#4862 = CC_DESIGN_PERSON_AND_ORGANIZATION_ASSIGNMENT ( #1413, #1484, ( #709 ) ) ;
#4863 = DIRECTION ( 'NONE',  ( 7.116814260417669499E-17, -1.000000000000000000, 0.000000000000000000 ) ) ;
#4864 = VECTOR ( 'NONE', #2644, 1.000000000000000000 ) ;
#4865 = VERTEX_POINT ( 'NONE', #4277 ) ;
#4866 = CARTESIAN_POINT ( 'NONE',  ( -0.1975000000000000089, -3.610004033596862921E-16, 0.04933012701892218466 ) ) ;
#4867 = LINE ( 'NONE', #1819, #2940 ) ;
#4868 = CARTESIAN_POINT ( 'NONE',  ( 0.000000000000000000, 0.000000000000000000, 0.000000000000000000 ) ) ;
#4869 = DATE_AND_TIME ( #3831, #4667 ) ;
#4870 = APPROVAL_PERSON_ORGANIZATION ( #3082, #243, #2653 ) ;
#4871 = CARTESIAN_POINT ( 'NONE',  ( 0.2187162166191203294, -0.1636532613208702969, 0.005091751854177721005 ) ) ;
#4872 = CARTESIAN_POINT ( 'NONE',  ( -0.03797468354430375698, 0.08430379746835439669, 0.9000000000000000222 ) ) ;
#4873 = ORIENTED_EDGE ( 'NONE', *, *, #6592, .F. ) ;
#4874 = VECTOR ( 'NONE', #2955, 1.000000000000000000 ) ;
#4875 = CARTESIAN_POINT ( 'NONE',  ( -0.3379746835443037112, -0.1856962025316456211, 0.8800000000000000044 ) ) ;
#4876 = CC_DESIGN_APPROVAL ( #3875, ( #5200 ) ) ;
#4877 = VERTEX_POINT ( 'NONE', #6335 ) ;
#4878 = ADVANCED_FACE ( 'NONE', ( #1732 ), #5653, .T. ) ;
#4879 = DATE_AND_TIME ( #1317, #6061 ) ;
#4880 = APPLICATION_CONTEXT ( 'configuration controlled 3d designs of mechanical parts and assemblies' ) ;
#4881 = CARTESIAN_POINT ( 'NONE',  ( -0.001464466094067383862, 0.001464466094067377357, 0.04500000000000000527 ) ) ;
#4882 = LOCAL_TIME ( 23, 23, 15.00000000000000000, #142 ) ;
#4883 = DIRECTION ( 'NONE',  ( 0.000000000000000000, -0.000000000000000000, 1.000000000000000000 ) ) ;
#4884 = ADVANCED_FACE ( 'NONE', ( #2864 ), #3870, .F. ) ;
#4885 = CARTESIAN_POINT ( 'NONE',  ( 0.1924959336342838279, -0.1874686673285269889, 0.04977878381490455362 ) ) ;
#4886 = ORIENTED_EDGE ( 'NONE', *, *, #1713, .F. ) ;
#4887 = ADVANCED_FACE ( 'NONE', ( #6367 ), #733, .T. ) ;
#4888 = DESIGN_CONTEXT ( 'detailed design', #4880, 'design' ) ;
#4889 = ORIENTED_EDGE ( 'NONE', *, *, #2785, .F. ) ;
#4890 = CARTESIAN_POINT ( 'NONE',  ( -0.3379746835443037112, -0.1856962025316456211, 0.9000000000000000222 ) ) ;
#4891 = CC_DESIGN_DATE_AND_TIME_ASSIGNMENT ( #2147, #5668, ( #1525 ) ) ;
#4892 = CARTESIAN_POINT ( 'NONE',  ( 0.3264743621469903267, 0.07915128679798183464, -0.006495438218088451024 ) ) ;
#4893 = FACE_BOUND ( 'NONE', #3203, .T. ) ;
#4894 = DIRECTION ( 'NONE',  ( 1.000000000000000000, 0.000000000000000000, -0.000000000000000000 ) ) ;
#4895 = CARTESIAN_POINT ( 'NONE',  ( 0.06341848273769953859, 0.03481264145251436459, -0.02955601474219199040 ) ) ;
#4896 = ORIENTED_EDGE ( 'NONE', *, *, #3609, .T. ) ;
#4897 = CARTESIAN_POINT ( 'NONE',  ( -0.1932136091324161697, 0.1874049635926433033, 0.04957094716470253348 ) ) ;
#4898 = DIRECTION ( 'NONE',  ( 1.000000000000000000, 0.000000000000000000, 0.000000000000000000 ) ) ;
#4899 = APPROVAL_ROLE ( '' ) ;
#4900 = DIRECTION ( 'NONE',  ( 1.000000000000000000, -0.000000000000000000, 0.000000000000000000 ) ) ;
#4901 = VERTEX_POINT ( 'NONE', #2796 ) ;
#4902 = CC_DESIGN_DATE_AND_TIME_ASSIGNMENT ( #3449, #5492, ( #1825 ) ) ;
#4903 = CARTESIAN_POINT ( 'NONE',  ( -0.1950000000000000622, -0.1850000000000007194, 0.04500000000000000527 ) ) ;
#4904 = PRODUCT ( 'DOOR', 'DOOR', '', ( #6179 ) ) ;
#4905 = CARTESIAN_POINT ( 'NONE',  ( -0.3179746835443037489, 0.09430379746835439170, 0.8800000000000000044 ) ) ;
#4906 = PERSON_AND_ORGANIZATION_ROLE ( 'classification_officer' ) ;
#4907 = CARTESIAN_POINT ( 'NONE',  ( 0.2099999999999999645, -0.1599999999999999756, 0.000000000000000000 ) ) ;
#4908 = CARTESIAN_POINT ( 'NONE',  ( -0.2281976744186047790, 0.02078488372093021536, 0.000000000000000000 ) ) ;
#4909 = FACE_OUTER_BOUND ( 'NONE', #5237, .T. ) ;
#4910 = ORIENTED_EDGE ( 'NONE', *, *, #309, .F. ) ;
#4911 = B_SPLINE_CURVE_WITH_KNOTS ( 'NONE', 3,
 ( #2211, #4789, #220, #4818, #774, #1300, #1809, #5390, #2842, #1175, #3319, #131, #673, #2708, #3254, #6314, #5361, #194, #1710, #3751, #2277, #707, #5326, #741, #6375, #1774, #2809, #4357, #4015, #3882, #6485, #3414, #4895, #5925, #2444, #6523, #2373, #902, #2937, #4488, #6445, #4456, #3381, #844, #1969, #5454, #3478, #5424, #4925, #4993, #2410, #4517, #1871, #972, #6554, #4955, #1902, #5559, #2974, #6069, #2874, #399, #1935, #2474, #872, #4391, #3979, #1838, #3915, #6593 ),
 .UNSPECIFIED., .F., .F.,
 ( 4, 2, 2, 2, 2, 2, 2, 2, 2, 2, 2, 2, 2, 2, 2, 2, 2, 2, 2, 2, 2, 2, 2, 2, 2, 2, 2, 2, 2, 2, 2, 2, 2, 2, 4 ),
 ( 1.962937680724819620E-07, 0.001307878109286271170, 0.001961719017045370547, 0.002615559924804469923, 0.005230923555840863957, 0.007846287186877258860, 0.01046165081791365116, 0.01307701444895004693, 0.01569237807998644096, 0.02092310534205922209, 0.02615383260413199976, 0.03138455986620477395, 0.04184601439035032927, 0.05230746891449588459, 0.06276892343864143298, 0.07323037796278698830, 0.07846110522485974514, 0.08369183248693250199, 0.1046147415352235294, 0.1150761960593690431, 0.1255376505835145429, 0.1307683778455873136, 0.1359991051076600843, 0.1412298323697328273, 0.1464605596318055980, 0.1490759232628419972, 0.1516912868938784242, 0.1543066505249148512, 0.1569220141559512505, 0.1582296959714694917, 0.1595373777869877052, 0.1621527414180240489, 0.1647681050490604204, 0.1660757868645785784, 0.1673834686800967364 ),
 .UNSPECIFIED. ) ;
#4912 = CALENDAR_DATE ( 2026, 9, 1 ) ;
#4913 = CARTESIAN_POINT ( 'NONE',  ( 0.1051153145385010229, 0.05548438104207286531, -0.02760322105098299630 ) ) ;
#4914 = CIRCLE ( 'NONE', #5657, 0.01000000000000000888 ) ;
#4915 = CARTESIAN_POINT ( 'NONE',  ( -0.1749999999999999889, -0.1750000000000000167, 0.05000000000000000278 ) ) ;
#4916 = EDGE_CURVE ( 'NONE', #4505, #2151, #2399, .T. ) ;
#4917 = CARTESIAN_POINT ( 'NONE',  ( 0.1599999999999999756, -0.2000000000000000111, 0.000000000000000000 ) ) ;
#4918 = EDGE_LOOP ( 'NONE', ( #6215, #1909, #2451, #4408 ) ) ;
#4919 = ORIENTED_EDGE ( 'NONE', *, *, #111, .F. ) ;
#4920 = FACE_OUTER_BOUND ( 'NONE', #5830, .T. ) ;
#4921 = PLANE ( 'NONE',  #2926 ) ;
#4922 = CARTESIAN_POINT ( 'NONE',  ( -0.3379746835443037112, -0.1956962025316456022, 0.9000000000000000222 ) ) ;
#4923 = EDGE_CURVE ( 'NONE', #544, #429, #4845, .T. ) ;
#4924 = DIRECTION ( 'NONE',  ( 0.000000000000000000, 0.000000000000000000, 1.000000000000000000 ) ) ;
#4925 = CARTESIAN_POINT ( 'NONE',  ( 0.1291574704784544669, 0.02574191141748998282, -0.02380319234734523323 ) ) ;
#4926 = ORIENTED_EDGE ( 'NONE', *, *, #2622, .T. ) ;
#4927 = CARTESIAN_POINT ( 'NONE',  ( -0.1907799538191302657, 0.1875883000014137436, 0.04999741396137911270 ) ) ;
#4928 = CARTESIAN_POINT ( 'NONE',  ( -0.05970370370370361307, -0.1978888888888889475, 0.01999999999999999695 ) ) ;
#4929 = PERSON_AND_ORGANIZATION ( #6361, #58 ) ;
#4930 = DIRECTION ( 'NONE',  ( -1.850371707708594316E-16, 1.000000000000000000, 0.000000000000000000 ) ) ;
#4931 = VERTEX_POINT ( 'NONE', #5916 ) ;
#4932 = CARTESIAN_POINT ( 'NONE',  ( -0.1750000000000000444, 0.1750000000000000167, 0.05000000000000000278 ) ) ;
#4933 = VECTOR ( 'NONE', #2231, 1.000000000000000000 ) ;
#4934 = DIRECTION ( 'NONE',  ( 0.000000000000000000, 1.000000000000000000, 0.000000000000000000 ) ) ;
#4935 = FACE_OUTER_BOUND ( 'NONE', #4228, .T. ) ;
#4936 = PERSON_AND_ORGANIZATION ( #1634, #5208 ) ;
#4937 = CARTESIAN_POINT ( 'NONE',  ( -0.1299999999999996714, 0.03337837837837830113, 0.2799999999999999711 ) ) ;
#4938 = CARTESIAN_POINT ( 'NONE',  ( 0.3863587921847251305, 0.05551877822473579027, 0.05061773153931709707 ) ) ;
#4939 = LINE ( 'NONE', #346, #2485 ) ;
#4940 = ORIENTED_EDGE ( 'NONE', *, *, #6539, .F. ) ;
#4941 = COORDINATED_UNIVERSAL_TIME_OFFSET ( 5, 30, .AHEAD. ) ;
#4942 = CARTESIAN_POINT ( 'NONE',  ( 0.1871259811968339071, -0.1957108404677590230, 0.04800953884536333927 ) ) ;
#4943 = CIRCLE ( 'NONE', #3546, 0.01000000000000000888 ) ;
#4944 = CARTESIAN_POINT ( 'NONE',  ( -0.3379746835443037112, -0.1856962025316456211, 0.9000000000000000222 ) ) ;
#4945 = EDGE_CURVE ( 'NONE', #1775, #5568, #5700, .T. ) ;
#4946 = ORIENTED_EDGE ( 'NONE', *, *, #5877, .T. ) ;
#4947 = EDGE_LOOP ( 'NONE', ( #4633, #1420, #6222, #4147 ) ) ;
#4948 = EDGE_CURVE ( 'NONE', #950, #5113, #1829, .T. ) ;
#4949 = AXIS2_PLACEMENT_3D ( 'NONE', #2107, #4717, #6209 ) ;
#4950 = CARTESIAN_POINT ( 'NONE',  ( -0.1550000000000000822, 0.1650000000000000355, 0.05000000000000000278 ) ) ;
#4951 = DIRECTION ( 'NONE',  ( -1.000000000000000000, 0.000000000000000000, -0.000000000000000000 ) ) ;
#4952 = PLANE ( 'NONE',  #6143 ) ;
#4953 = TOROIDAL_SURFACE ( 'NONE', #1002, 0.02000000000000000042, 0.005000000000000000104 ) ;
#4954 = VECTOR ( 'NONE', #2443, 1.000000000000000000 ) ;
#4955 = CARTESIAN_POINT ( 'NONE',  ( 0.1383023281086481482, 0.02125956381132455483, -0.02182114694292333623 ) ) ;
#4956 = ORIENTED_EDGE ( 'NONE', *, *, #2851, .F. ) ;
#4957 = CARTESIAN_POINT ( 'NONE',  ( -0.3179746835443037489, 0.06430379746835440669, 0.2799999999999999711 ) ) ;
#4958 = EDGE_CURVE ( 'NONE', #4287, #1233, #765, .T. ) ;
#4959 = DIRECTION ( 'NONE',  ( -0.000000000000000000, 0.000000000000000000, 1.000000000000000000 ) ) ;
#4960 = PERSON_AND_ORGANIZATION ( #6361, #58 ) ;
#4961 = CARTESIAN_POINT ( 'NONE',  ( -0.04797468354430375892, -0.1956962025316451026, 0.5999999999999999778 ) ) ;
#4962 = ADVANCED_FACE ( 'NONE', ( #4447 ), #3777, .F. ) ;
#4963 = B_SPLINE_CURVE_WITH_KNOTS ( 'NONE', 3,
 ( #1608, #5698, #3688, #6183, #4091, #3145, #6144, #3076 ),
 .UNSPECIFIED., .F., .F.,
 ( 4, 2, 2, 4 ),
 ( -2.828427439017471075E-05, 0.001280948864408883083, 0.002590182003207941192, 0.005208648280806117692 ),
 .UNSPECIFIED. ) ;
#4964 = CIRCLE ( 'NONE', #2179, 0.009999999999999981126 ) ;
#4965 = ORIENTED_EDGE ( 'NONE', *, *, #811, .F. ) ;
#4966 = CARTESIAN_POINT ( 'NONE',  ( 0.1300000000000001155, -0.006621621621621632051, 0.2799999999999999711 ) ) ;
#4967 = DIRECTION ( 'NONE',  ( 1.000000000000000000, 1.850371707708594316E-16, -0.000000000000000000 ) ) ;
#4968 = DIRECTION ( 'NONE',  ( -4.930380657631323784E-32, 2.775557561562891351E-17, -0.9999999999999997780 ) ) ;
#4969 = CARTESIAN_POINT ( 'NONE',  ( 0.1967641189384471967, 0.1831982014535163683, 0.04882186884249463399 ) ) ;
#4970 = AXIS2_PLACEMENT_3D ( 'NONE', #3537, #1003, #2159 ) ;
#4971 = PLANE ( 'NONE',  #3642 ) ;
#4972 = DIRECTION ( 'NONE',  ( 0.000000000000000000, -0.000000000000000000, -1.000000000000000000 ) ) ;
#4973 = VERTEX_POINT ( 'NONE', #6474 ) ;
#4974 = AXIS2_PLACEMENT_3D ( 'NONE', #5437, #730, #3276 ) ;
#4975 = AXIS2_PLACEMENT_3D ( 'NONE', #425, #4580, #2508 ) ;
#4976 = EDGE_CURVE ( 'NONE', #499, #47, #6434, .T. ) ;
#4977 = PERSON_AND_ORGANIZATION ( #6361, #58 ) ;
#4978 = ADVANCED_FACE ( 'NONE', ( #4348 ), #212, .F. ) ;
#4979 = CARTESIAN_POINT ( 'NONE',  ( -0.1534307749488069139, 0.05551877822473579027, 0.05061773153931729829 ) ) ;
#4980 = AXIS2_PLACEMENT_3D ( 'NONE', #4787, #3687, #192 ) ;
#4981 = VECTOR ( 'NONE', #2963, 1.000000000000000000 ) ;
#4982 = DIRECTION ( 'NONE',  ( -0.7071067811865512365, 0.7071067811865439090, -0.000000000000000000 ) ) ;
#4983 = APPROVAL_PERSON_ORGANIZATION ( #1537, #5346, #6241 ) ;
#4984 = DIRECTION ( 'NONE',  ( -0.000000000000000000, 0.000000000000000000, 1.000000000000000000 ) ) ;
#4985 = EDGE_LOOP ( 'NONE', ( #3502, #2763, #1581, #1617 ) ) ;
#4986 = ORIENTED_EDGE ( 'NONE', *, *, #1840, .F. ) ;
#4987 = APPROVAL ( #4506, 'UNSPECIFIED' ) ;
#4988 = LOCAL_TIME ( 23, 23, 15.00000000000000000, #6634 ) ;
#4989 = DIRECTION ( 'NONE',  ( -1.000000000000000000, 0.000000000000000000, -0.000000000000000000 ) ) ;
#4990 = CARTESIAN_POINT ( 'NONE',  ( 0.000000000000000000, 0.000000000000000000, 0.000000000000000000 ) ) ;
#4991 = CYLINDRICAL_SURFACE ( 'NONE', #1213, 0.02499999999999999445 ) ;
#4992 = EDGE_CURVE ( 'NONE', #4692, #3889, #1184, .T. ) ;
#4993 = CARTESIAN_POINT ( 'NONE',  ( 0.1315144972764062947, 0.02476158871710362752, -0.02331845180039336315 ) ) ;
#4994 = ORIENTED_EDGE ( 'NONE', *, *, #2018, .F. ) ;
#4995 = CC_DESIGN_APPROVAL ( #2606, ( #6625 ) ) ;
#4996 = EDGE_CURVE ( 'NONE', #3585, #6519, #3840, .T. ) ;
#4997 = CARTESIAN_POINT ( 'NONE',  ( 0.08595812084876222614, 0.09357514095568893187, -0.05647193721817550527 ) ) ;
#4998 = FACE_OUTER_BOUND ( 'NONE', #1793, .T. ) ;
#4999 = MECHANICAL_CONTEXT ( 'NONE', #2481, 'mechanical' ) ;
#5000 = DIRECTION ( 'NONE',  ( 1.000000000000000000, -0.000000000000000000, 0.000000000000000000 ) ) ;
#5001 = ORIENTED_EDGE ( 'NONE', *, *, #6013, .F. ) ;
#5002 = EDGE_LOOP ( 'NONE', ( #1725, #1094, #4399, #1580, #5784, #3431, #802, #1941 ) ) ;
#5003 = CARTESIAN_POINT ( 'NONE',  ( 0.3073578757041730003, 0.02693000272970801773, 0.06002843765043722191 ) ) ;
#5004 = DIRECTION ( 'NONE',  ( 0.000000000000000000, -0.000000000000000000, 1.000000000000000000 ) ) ;
#5005 = DIRECTION ( 'NONE',  ( 1.728691658233737132E-17, 1.000000000000000000, -7.379127052511152816E-17 ) ) ;
#5006 = DIRECTION ( 'NONE',  ( 0.000000000000000000, 0.000000000000000000, -1.000000000000000000 ) ) ;
#5007 = CARTESIAN_POINT ( 'NONE',  ( 0.1200000000000001205, 0.07837837837837836885, 0.000000000000000000 ) ) ;
#5008 = ORIENTED_EDGE ( 'NONE', *, *, #2947, .T. ) ;
#5009 = VERTEX_POINT ( 'NONE', #3339 ) ;
#5010 = SHAPE_REPRESENTATION ( 'PLATE SLAB', ( #1868 ), #6162 ) ;
#5011 = COORDINATED_UNIVERSAL_TIME_OFFSET ( 5, 30, .AHEAD. ) ;
#5012 = CARTESIAN_POINT ( 'NONE',  ( 0.1851711369874554924, 0.1963532007825976311, 0.04842519101978324386 ) ) ;
#5013 = PRODUCT_DEFINITION_SHAPE ( 'NONE', 'NONE',  #6658 ) ;
#5014 = CARTESIAN_POINT ( 'NONE',  ( -0.3279746835443038133, 0.09430379746835439170, 0.6100000000000000977 ) ) ;
#5015 = EDGE_LOOP ( 'NONE', ( #66, #1060, #4070, #4065 ) ) ;
#5016 = FACE_OUTER_BOUND ( 'NONE', #4716, .T. ) ;
#5017 = ORIENTED_EDGE ( 'NONE', *, *, #6496, .F. ) ;
#5018 = ORIENTED_EDGE ( 'NONE', *, *, #6066, .F. ) ;
#5019 = CARTESIAN_POINT ( 'NONE',  ( -0.1499999999999996891, 0.03337837837837837052, 0.2999999999999999889 ) ) ;
#5020 = AXIS2_PLACEMENT_3D ( 'NONE', #6479, #3374, #2368 ) ;
#5021 = CARTESIAN_POINT ( 'NONE',  ( -0.03797468354430372922, -0.1956962025316456022, 0.000000000000000000 ) ) ;
#5022 = CARTESIAN_POINT ( 'NONE',  ( -0.1750000000000000444, 0.1950000000000000067, 0.04500000000000000527 ) ) ;
#5023 = PRODUCT_RELATED_PRODUCT_CATEGORY ( 'detail', '', ( #2279 ) ) ;
#5024 = CARTESIAN_POINT ( 'NONE',  ( -0.3179746835443036934, -0.1856962025316456211, 0.9000000000000000222 ) ) ;
#5025 = ORIENTED_EDGE ( 'NONE', *, *, #2993, .F. ) ;
#5026 = VECTOR ( 'NONE', #2037, 1.000000000000000000 ) ;
#5027 = CARTESIAN_POINT ( 'NONE',  ( 0.09878829693631789588, 0.09357448138035286134, -0.05646912496458564995 ) ) ;
#5028 = DIRECTION ( 'NONE',  ( -1.000000000000000000, 0.000000000000000000, 0.000000000000000000 ) ) ;
#5029 = APPROVAL_ROLE ( '' ) ;
#5030 = CARTESIAN_POINT ( 'NONE',  ( -0.1499999999999997169, 0.03337837837837837052, 0.2875735931288072034 ) ) ;
#5031 = VERTEX_POINT ( 'NONE', #4382 ) ;
#5032 = ADVANCED_FACE ( 'NONE', ( #5381 ), #798, .T. ) ;
#5033 = VERTEX_POINT ( 'NONE', #3904 ) ;
#5034 = CARTESIAN_POINT ( 'NONE',  ( 0.3011326470328623550, 0.05551877822473579027, 0.05061773153931713176 ) ) ;
#5035 = EDGE_CURVE ( 'NONE', #5287, #4668, #4309, .T. ) ;
#5036 = ADVANCED_FACE ( 'NONE', ( #6516 ), #5821, .F. ) ;
#5037 = CARTESIAN_POINT ( 'NONE',  ( 0.1949999999999999512, 0.1849999999999999423, 0.04500000000000000527 ) ) ;
#5038 = APPROVAL_DATE_TIME ( #954, #5456 ) ;
#5039 = CARTESIAN_POINT ( 'NONE',  ( 0.07180232558139536259, 0.02078488372093021536, 0.1000000000000000056 ) ) ;
#5040 = VECTOR ( 'NONE', #5718, 1.000000000000000000 ) ;
#5041 = CARTESIAN_POINT ( 'NONE',  ( 0.1749999999999999889, 0.1750000000000000167, 0.04500000000000000527 ) ) ;
#5042 = EDGE_CURVE ( 'NONE', #2204, #2553, #5350, .T. ) ;
#5043 = ORIENTED_EDGE ( 'NONE', *, *, #722, .F. ) ;
#5044 = EDGE_CURVE ( 'NONE', #265, #2867, #6619, .T. ) ;
#5045 = VERTEX_POINT ( 'NONE', #1921 ) ;
#5046 = DATE_AND_TIME ( #3024, #5311 ) ;
#5047 = DIRECTION ( 'NONE',  ( 0.000000000000000000, 0.000000000000000000, -1.000000000000000000 ) ) ;
#5048 = DIRECTION ( 'NONE',  ( 1.000000000000000000, -3.330669073875470410E-15, 0.000000000000000000 ) ) ;
#5049 = VERTEX_POINT ( 'NONE', #3465 ) ;
#5050 =( BOUNDED_CURVE ( )  B_SPLINE_CURVE ( 3, ( #2247, #1745, #1974, #4492 ),
 .UNSPECIFIED., .F., .T. ) 
 B_SPLINE_CURVE_WITH_KNOTS ( ( 4, 4 ),
 ( 3.141592653589793116, 3.741086705838333248 ),
 .UNSPECIFIED. ) 
 CURVE ( )  GEOMETRIC_REPRESENTATION_ITEM ( )  RATIONAL_B_SPLINE_CURVE ( ( 1.000000000000000000, 0.9702741449653944361, 0.9702741449653944361, 1.000000000000000000 ) ) 
 REPRESENTATION_ITEM ( '' )  );
#5051 = CARTESIAN_POINT ( 'NONE',  ( 0.1917674570872940909, 0.1875253075667051572, 0.04991668405718181073 ) ) ;
#5052 = ORIENTED_EDGE ( 'NONE', *, *, #4080, .F. ) ;
#5053 = ORIENTED_EDGE ( 'NONE', *, *, #5181, .T. ) ;
#5054 = CARTESIAN_POINT ( 'NONE',  ( -0.1358578643762687332, 0.03573540098233352058, 0.01000000000000001756 ) ) ;
#5055 = EDGE_CURVE ( 'NONE', #1527, #4641, #1816, .T. ) ;
#5056 = CARTESIAN_POINT ( 'NONE',  ( 0.2463587921847247009, 0.000000000000000000, -0.08836589698046184993 ) ) ;
#5057 = CARTESIAN_POINT ( 'NONE',  ( 0.1799999999999999933, -0.2000000000000000111, 0.000000000000000000 ) ) ;
#5058 = CIRCLE ( 'NONE', #2157, 0.01000000000000000194 ) ;
#5059 = DIRECTION ( 'NONE',  ( 0.000000000000000000, 1.000000000000000000, 0.000000000000000000 ) ) ;
#5060 = ORIENTED_EDGE ( 'NONE', *, *, #4060, .F. ) ;
#5061 = VECTOR ( 'NONE', #4725, 1.000000000000000000 ) ;
#5062 = CARTESIAN_POINT ( 'NONE',  ( 0.04566927203880466468, 0.09238459631018472451, -0.05148286459865036163 ) ) ;
#5063 = DIRECTION ( 'NONE',  ( -7.116814260417669499E-17, 1.000000000000000000, -0.000000000000000000 ) ) ;
#5064 = PERSON_AND_ORGANIZATION_ROLE ( 'design_owner' ) ;
#5065 = DIRECTION ( 'NONE',  ( -1.000000000000000000, -0.000000000000000000, 3.700743415417189125E-16 ) ) ;
#5066 = VERTEX_POINT ( 'NONE', #1384 ) ;
#5067 = ORIENTED_EDGE ( 'NONE', *, *, #1472, .F. ) ;
#5068 = EDGE_CURVE ( 'NONE', #6324, #4561, #4131, .T. ) ;
#5069 = CARTESIAN_POINT ( 'NONE',  ( 0.1375735931288072367, 0.08130731056651291366, -2.667950338689333707E-17 ) ) ;
#5070 = CARTESIAN_POINT ( 'NONE',  ( -0.1549999999999995548, -0.1649999999999999800, 0.000000000000000000 ) ) ;
#5071 = CALENDAR_DATE ( 2026, 9, 1 ) ;
#5072 = FACE_OUTER_BOUND ( 'NONE', #831, .T. ) ;
#5073 = CARTESIAN_POINT ( 'NONE',  ( -0.3279746835443038133, -0.1956962025316451026, 0.6100000000000000977 ) ) ;
#5074 = ORIENTED_EDGE ( 'NONE', *, *, #5265, .F. ) ;
#5075 = EDGE_LOOP ( 'NONE', ( #3326, #1782, #1047, #4041, #2930 ) ) ;
#5076 = AXIS2_PLACEMENT_3D ( 'NONE', #614, #2621, #2120 ) ;
#5077 = AXIS2_PLACEMENT_3D ( 'NONE', #6037, #2447, #3008 ) ;
#5078 = ITEM_DEFINED_TRANSFORMATION ( 'NONE', 'NONE', #4540,  #1868 ) ;
#5079 = VECTOR ( 'NONE', #5244, 1.000000000000000000 ) ;
#5080 = DIRECTION ( 'NONE',  ( 0.000000000000000000, 1.000000000000000000, 0.000000000000000000 ) ) ;
#5081 = DIRECTION ( 'NONE',  ( 0.000000000000000000, 1.000000000000000000, 0.000000000000000000 ) ) ;
#5082 = VERTEX_POINT ( 'NONE', #5014 ) ;
#5083 = VECTOR ( 'NONE', #6535, 1.000000000000000000 ) ;
#5084 = CARTESIAN_POINT ( 'NONE',  ( 0.1922540963174559081, 0.1874883944369561961, 0.04983210001426704311 ) ) ;
#5085 = ORIENTED_EDGE ( 'NONE', *, *, #4074, .T. ) ;
#5086 = EDGE_CURVE ( 'NONE', #4236, #5082, #5512, .T. ) ;
#5087 = ORIENTED_EDGE ( 'NONE', *, *, #232, .F. ) ;
#5088 = AXIS2_PLACEMENT_3D ( 'NONE', #1329, #3287, #5892 ) ;
#5089 = CARTESIAN_POINT ( 'NONE',  ( -0.1358578643762687332, 0.03573540098233350670, 0.2899999999999999245 ) ) ;
#5090 = CIRCLE ( 'NONE', #6618, 0.04999999999999999584 ) ;
#5091 = DIRECTION ( 'NONE',  ( -0.000000000000000000, 0.000000000000000000, 1.000000000000000000 ) ) ;
#5092 = CC_DESIGN_APPROVAL ( #1314, ( #6614 ) ) ;
#5093 = ADVANCED_FACE ( 'NONE', ( #3967 ), #964, .F. ) ;
#5094 = DIRECTION ( 'NONE',  ( 1.000000000000000000, 0.000000000000000000, 0.000000000000000000 ) ) ;
#5095 = FACE_OUTER_BOUND ( 'NONE', #5649, .T. ) ;
#5096 = VERTEX_POINT ( 'NONE', #4538 ) ;
#5097 = VECTOR ( 'NONE', #6381, 1.000000000000000000 ) ;
#5098 = PRODUCT_DEFINITION_FORMATION_WITH_SPECIFIED_SOURCE ( 'ANY', '', #4904, .NOT_KNOWN. ) ;
#5099 = CARTESIAN_POINT ( 'NONE',  ( -0.1629289321881345620, 0.1558578643762690286, 0.05000000000000001665 ) ) ;
#5100 = CARTESIAN_POINT ( 'NONE',  ( 0.004999999999999772855, 0.004999999999999759845, 0.000000000000000000 ) ) ;
#5101 = COORDINATED_UNIVERSAL_TIME_OFFSET ( 5, 30, .AHEAD. ) ;
#5102 = LINE ( 'NONE', #3987, #437 ) ;
#5103 = APPROVAL_PERSON_ORGANIZATION ( #4635, #3875, #2026 ) ;
#5104 = DIRECTION ( 'NONE',  ( 2.775557561562891351E-16, -1.000000000000000000, 0.000000000000000000 ) ) ;
#5105 = VERTEX_POINT ( 'NONE', #5984 ) ;
#5106 = ORIENTED_EDGE ( 'NONE', *, *, #3349, .T. ) ;
#5107 = CARTESIAN_POINT ( 'NONE',  ( 0.2002962962962963611, -0.1978888888888889197, 0.02999999999999999889 ) ) ;
#5108 = CARTESIAN_POINT ( 'NONE',  ( 0.000000000000000000, 0.000000000000000000, 0.2899999999999999800 ) ) ;
#5109 = DIRECTION ( 'NONE',  ( 2.310820401498933809E-15, -0.9586612600901583958, -0.2845497995120533363 ) ) ;
#5110 = CYLINDRICAL_SURFACE ( 'NONE', #449, 0.01000000000000000888 ) ;
#5111 = FACE_OUTER_BOUND ( 'NONE', #2726, .T. ) ;
#5112 = CC_DESIGN_PERSON_AND_ORGANIZATION_ASSIGNMENT ( #3009, #6597, ( #63 ) ) ;
#5113 = VERTEX_POINT ( 'NONE', #2925 ) ;
#5114 = VERTEX_POINT ( 'NONE', #4477 ) ;
#5115 = APPROVAL_STATUS ( 'not_yet_approved' ) ;
#5116 = CARTESIAN_POINT ( 'NONE',  ( -0.1363374408076340194, 0.07733973613097308575, -0.001353095395427048649 ) ) ;
#5117 = ORIENTED_EDGE ( 'NONE', *, *, #576, .F. ) ;
#5118 = DIRECTION ( 'NONE',  ( 1.000000000000000000, 1.850371707708594316E-16, 0.000000000000000000 ) ) ;
#5119 = EDGE_LOOP ( 'NONE', ( #4755, #6111, #3567, #2552 ) ) ;
#5120 = ORIENTED_EDGE ( 'NONE', *, *, #588, .F. ) ;
#5121 = CARTESIAN_POINT ( 'NONE',  ( 0.1610810928576778822, -0.2164385108166601013, 0.002340459473836672619 ) ) ;
#5122 = DIRECTION ( 'NONE',  ( 1.000000000000000000, 1.850371707708594316E-16, -0.000000000000000000 ) ) ;
#5123 = CARTESIAN_POINT ( 'NONE',  ( 0.1649999999999999800, 0.000000000000000000, 0.05000000000000000278 ) ) ;
#5124 = VERTEX_POINT ( 'NONE', #3435 ) ;
#5125 = EDGE_CURVE ( 'NONE', #2366, #209, #487, .T. ) ;
#5126 = CARTESIAN_POINT ( 'NONE',  ( 0.02592816983645886142, 0.09110094014510439209, -0.04637784575850624480 ) ) ;
#5127 = VERTEX_POINT ( 'NONE', #1417 ) ;
#5128 = VECTOR ( 'NONE', #2, 1.000000000000000000 ) ;
#5129 = DIRECTION ( 'NONE',  ( 1.000000000000000000, 1.850371707708594316E-16, 0.000000000000000000 ) ) ;
#5130 = PERSON_AND_ORGANIZATION_ROLE ( 'creator' ) ;
#5131 = DIRECTION ( 'NONE',  ( 0.000000000000000000, 0.000000000000000000, -1.000000000000000000 ) ) ;
#5132 = CARTESIAN_POINT ( 'NONE',  ( -0.1614644660940672827, 0.1585355339059327517, 0.05000000000000000278 ) ) ;
#5133 = ORIENTED_EDGE ( 'NONE', *, *, #626, .T. ) ;
#5134 = EDGE_LOOP ( 'NONE', ( #5926, #82 ) ) ;
#5135 = CARTESIAN_POINT ( 'NONE',  ( 0.1905305721316075673, 0.1876016399434730086, 0.05000000000000000278 ) ) ;
#5136 = CARTESIAN_POINT ( 'NONE',  ( 0.1558578643762690563, 0.1629289321881345620, 0.05000000000000000278 ) ) ;
#5137 = APPROVAL_STATUS ( 'not_yet_approved' ) ;
#5138 = FACE_OUTER_BOUND ( 'NONE', #2433, .T. ) ;
#5139 = CALENDAR_DATE ( 2026, 9, 1 ) ;
#5140 = EDGE_CURVE ( 'NONE', #4259, #4009, #5620, .T. ) ;
#5141 = CYLINDRICAL_SURFACE ( 'NONE', #6470, 0.005000000000000000104 ) ;
#5142 = EDGE_LOOP ( 'NONE', ( #4265, #5812, #1666, #609 ) ) ;
#5143 = ORIENTED_EDGE ( 'NONE', *, *, #2395, .F. ) ;
#5144 = CC_DESIGN_PERSON_AND_ORGANIZATION_ASSIGNMENT ( #1290, #2961, ( #1880 ) ) ;
#5145 = CARTESIAN_POINT ( 'NONE',  ( -0.1749999999999999889, -0.1750000000000000167, 0.04500000000000000527 ) ) ;
#5146 = ORIENTED_EDGE ( 'NONE', *, *, #204, .T. ) ;
#5147 = DIRECTION ( 'NONE',  ( -0.000000000000000000, -0.000000000000000000, 1.000000000000000000 ) ) ;
#5148 = ORIENTED_EDGE ( 'NONE', *, *, #6029, .T. ) ;
#5149 = VERTEX_POINT ( 'NONE', #6546 ) ;
#5150 = CARTESIAN_POINT ( 'NONE',  ( 0.1605170213689750269, -0.2149748531135154961, 0.001317723689203853304 ) ) ;
#5151 = CARTESIAN_POINT ( 'NONE',  ( 0.03684901514025713115, 0.05409072693272855975, -0.02776030322648716242 ) ) ;
#5152 = CARTESIAN_POINT ( 'NONE',  ( 0.001464466094067030412, 0.001464466094067026943, 0.04500000000000000527 ) ) ;
#5153 = CARTESIAN_POINT ( 'NONE',  ( -0.2000000000000000389, 0.1750000000000000167, 0.04500000000000000527 ) ) ;
#5154 = EDGE_LOOP ( 'NONE', ( #5117, #2173, #5740, #4326 ) ) ;
#5155 = EDGE_CURVE ( 'NONE', #5114, #3654, #932, .T. ) ;
#5156 = LINE ( 'NONE', #3250, #2276 ) ;
#5157 = CALENDAR_DATE ( 2026, 9, 1 ) ;
#5158 = CARTESIAN_POINT ( 'NONE',  ( -0.3279746835443037578, 0.09430379746835439170, 0.3099999999999999423 ) ) ;
#5159 = AXIS2_PLACEMENT_3D ( 'NONE', #4367, #881, #5871 ) ;
#5160 = DIRECTION ( 'NONE',  ( 0.000000000000000000, 0.000000000000000000, -1.000000000000000000 ) ) ;
#5161 = EDGE_LOOP ( 'NONE', ( #2097, #424, #1801, #602, #1007, #5305, #1864, #5852 ) ) ;
#5162 = ORIENTED_EDGE ( 'NONE', *, *, #6487, .F. ) ;
#5163 = CC_DESIGN_PERSON_AND_ORGANIZATION_ASSIGNMENT ( #4936, #4832, ( #606 ) ) ;
#5164 = AXIS2_PLACEMENT_3D ( 'NONE', #3962, #888, #4407 ) ;
#5165 = CARTESIAN_POINT ( 'NONE',  ( 0.1874686673285281824, 0.1924959336342833005, 0.04977878381490450505 ) ) ;
#5166 = CARTESIAN_POINT ( 'NONE',  ( -0.1871260867928674909, -0.1957100322736588793, 0.04801048434226109357 ) ) ;
#5167 = COORDINATED_UNIVERSAL_TIME_OFFSET ( 5, 30, .AHEAD. ) ;
#5168 = AXIS2_PLACEMENT_3D ( 'NONE', #4694, #6217, #135 ) ;
#5169 = EDGE_CURVE ( 'NONE', #3585, #4798, #6022, .T. ) ;
#5170 = DIRECTION ( 'NONE',  ( 1.000000000000000000, 0.000000000000000000, 0.000000000000000000 ) ) ;
#5171 = VECTOR ( 'NONE', #5893, 1.000000000000000000 ) ;
#5172 = ORIENTED_EDGE ( 'NONE', *, *, #5206, .F. ) ;
#5173 = ORIENTED_EDGE ( 'NONE', *, *, #5449, .F. ) ;
#5174 = CALENDAR_DATE ( 2026, 9, 1 ) ;
#5175 = CARTESIAN_POINT ( 'NONE',  ( -0.08509580600996506650, 0.09594795293184388285, -0.06696023547168870882 ) ) ;
#5176 = CARTESIAN_POINT ( 'NONE',  ( 0.2099999999999999645, -0.2199999999999999734, 0.06699999999999996236 ) ) ;
#5177 = VERTEX_POINT ( 'NONE', #420 ) ;
#5178 = CARTESIAN_POINT ( 'NONE',  ( 0.1915223938649877333, 0.1875425146575731838, 0.04994799586997002855 ) ) ;
#5179 = ORIENTED_EDGE ( 'NONE', *, *, #2970, .F. ) ;
#5180 = CIRCLE ( 'NONE', #2290, 0.01000000000000000888 ) ;
#5181 = EDGE_CURVE ( 'NONE', #6437, #5368, #3159, .T. ) ;
#5182 = CARTESIAN_POINT ( 'NONE',  ( 0.1612266183338625369, -0.2166966709493438892, 0.002565863572327427029 ) ) ;
#5183 = DIRECTION ( 'NONE',  ( 0.000000000000000000, 1.000000000000000000, 0.000000000000000000 ) ) ;
#5184 = VECTOR ( 'NONE', #4191, 1.000000000000000000 ) ;
#5185 = CARTESIAN_POINT ( 'NONE',  ( 0.1599999999999999756, 0.1570710678118655002, 0.05000000000000000278 ) ) ;
#5186 = CARTESIAN_POINT ( 'NONE',  ( 0.1750000000000000444, -0.2000000000000000111, 0.006999999999999964584 ) ) ;
#5187 = ORIENTED_EDGE ( 'NONE', *, *, #81, .F. ) ;
#5188 = DIRECTION ( 'NONE',  ( 1.000000000000000000, 1.850371707708594316E-16, -0.000000000000000000 ) ) ;
#5189 = ORIENTED_EDGE ( 'NONE', *, *, #438, .T. ) ;
#5190 = VECTOR ( 'NONE', #5006, 1.000000000000000000 ) ;
#5191 = VECTOR ( 'NONE', #2005, 1.000000000000000000 ) ;
#5192 = AXIS2_PLACEMENT_3D ( 'NONE', #410, #2986, #4499 ) ;
#5193 = LINE ( 'NONE', #603, #4864 ) ;
#5194 = APPROVAL_ROLE ( '' ) ;
#5195 = CARTESIAN_POINT ( 'NONE',  ( 0.3073578757041730003, 0.02693000272970801773, 0.06002843765043722191 ) ) ;
#5196 = EDGE_CURVE ( 'NONE', #2063, #3188, #2627, .T. ) ;
#5197 = VECTOR ( 'NONE', #337, 1.000000000000000000 ) ;
#5198 = CARTESIAN_POINT ( 'NONE',  ( 0.1500000000000000222, 0.1499999999999999112, 0.05000000000000000278 ) ) ;
#5199 = ORIENTED_EDGE ( 'NONE', *, *, #3977, .F. ) ;
#5200 = SECURITY_CLASSIFICATION ( '', '', #3090 ) ;
#5201 = ORIENTED_EDGE ( 'NONE', *, *, #367, .T. ) ;
#5202 = CARTESIAN_POINT ( 'NONE',  ( -0.3179746835443037489, 0.08430379746835436894, 0.5799999999999999600 ) ) ;
#5203 = COORDINATED_UNIVERSAL_TIME_OFFSET ( 5, 30, .AHEAD. ) ;
#5204 = CARTESIAN_POINT ( 'NONE',  ( -0.1975000000000000089, -0.1760363112501601990, 0.04933012701892219853 ) ) ;
#5205 = LOCAL_TIME ( 23, 23, 15.00000000000000000, #3228 ) ;
#5206 = EDGE_CURVE ( 'NONE', #4505, #365, #997, .T. ) ;
#5207 = VERTEX_POINT ( 'NONE', #6059 ) ;
#5208 = ORGANIZATION ( 'NAUO-ORG10', 'UNSPECIFIED', 'UNSPECIFIED' ) ;
#5209 = DIRECTION ( 'NONE',  ( -0.000000000000000000, 1.000000000000000000, 0.000000000000000000 ) ) ;
#5210 = CALENDAR_DATE ( 2026, 9, 1 ) ;
#5211 = CARTESIAN_POINT ( 'NONE',  ( -0.09215828695503230916, 0.09452330933297573012, -0.06058111834492962977 ) ) ;
#5212 = CARTESIAN_POINT ( 'NONE',  ( -0.04797468354430375892, -0.1956962025316451026, 0.5999999999999999778 ) ) ;
#5213 = EDGE_LOOP ( 'NONE', ( #140, #5665, #2709, #5431 ) ) ;
#5214 = CC_DESIGN_PERSON_AND_ORGANIZATION_ASSIGNMENT ( #2085, #1681, ( #2279 ) ) ;
#5215 = CARTESIAN_POINT ( 'NONE',  ( -0.3279746835443037578, 0.09430379746835439170, 0.9000000000000000222 ) ) ;
#5216 = ORIENTED_EDGE ( 'NONE', *, *, #822, .T. ) ;
#5217 = CARTESIAN_POINT ( 'NONE',  ( 0.1600541293317329916, -0.2118637638774026610, 0.0001681921325526449179 ) ) ;
#5218 = FACE_OUTER_BOUND ( 'NONE', #535, .T. ) ;
#5219 = CARTESIAN_POINT ( 'NONE',  ( 0.3073281476287328950, 0.02447527104301570541, 0.05998117530040698170 ) ) ;
#5220 = DIRECTION ( 'NONE',  ( -0.000000000000000000, -0.000000000000000000, -1.000000000000000000 ) ) ;
#5221 = ORIENTED_EDGE ( 'NONE', *, *, #1728, .F. ) ;
#5222 = LINE ( 'NONE', #2238, #4421 ) ;
#5223 = CARTESIAN_POINT ( 'NONE',  ( -0.3179746835443037489, 0.07430379746835438781, 0.2799999999999999711 ) ) ;
#5224 = DATE_TIME_ROLE ( 'creation_date' ) ;
#5225 = APPROVAL ( #5932, 'UNSPECIFIED' ) ;
#5226 = CARTESIAN_POINT ( 'NONE',  ( -0.04797468354430373116, 0.09430379746835439170, 0.2999999999999999334 ) ) ;
#5227 = DIRECTION ( 'NONE',  ( -0.000000000000000000, -1.000000000000000000, -0.000000000000000000 ) ) ;
#5228 = ORIENTED_EDGE ( 'NONE', *, *, #6269, .F. ) ;
#5229 = EDGE_CURVE ( 'NONE', #1863, #4392, #3501, .T. ) ;
#5230 = VERTEX_POINT ( 'NONE', #853 ) ;
#5231 = CARTESIAN_POINT ( 'NONE',  ( 0.1375735931288072367, 0.08130731056651289979, 0.3000000000000000444 ) ) ;
#5232 = LINE ( 'NONE', #642, #1985 ) ;
#5233 = APPROVAL_STATUS ( 'not_yet_approved' ) ;
#5234 = CARTESIAN_POINT ( 'NONE',  ( -0.1950000000000000344, -1.387778780781445676E-17, 0.05000000000000000278 ) ) ;
#5235 = AXIS2_PLACEMENT_3D ( 'NONE', #2270, #2868, #5320 ) ;
#5236 = EDGE_CURVE ( 'NONE', #1048, #5634, #1442, .T. ) ;
#5237 = EDGE_LOOP ( 'NONE', ( #1954, #6594, #6419, #5410 ) ) ;
#5238 = CARTESIAN_POINT ( 'NONE',  ( 0.1494049421363906616, 0.000000000000000000, 0.08656251969563212578 ) ) ;
#5239 = DATE_TIME_ROLE ( 'classification_date' ) ;
#5240 = EDGE_CURVE ( 'NONE', #1810, #950, #4466, .T. ) ;
#5241 = DIRECTION ( 'NONE',  ( 0.000000000000000000, -1.000000000000000000, 0.000000000000000000 ) ) ;
#5242 = CARTESIAN_POINT ( 'NONE',  ( 0.1500000000000001055, 0.08337837837837837329, 0.2999999999999999889 ) ) ;
#5243 = ORIENTED_EDGE ( 'NONE', *, *, #6496, .T. ) ;
#5244 = DIRECTION ( 'NONE',  ( 0.000000000000000000, -0.000000000000000000, 1.000000000000000000 ) ) ;
#5245 = EDGE_LOOP ( 'NONE', ( #3990, #689, #3263, #753, #2915, #1421 ) ) ;
#5246 = DIRECTION ( 'NONE',  ( -0.7071067811865512365, 0.7071067811865439090, 0.000000000000000000 ) ) ;
#5247 = EDGE_CURVE ( 'NONE', #5033, #3787, #3891, .T. ) ;
#5248 = CARTESIAN_POINT ( 'NONE',  ( 0.03228884464173574498, 0.05975623028041563561, -0.02721263414635650621 ) ) ;
#5249 = VECTOR ( 'NONE', #4982, 1.000000000000000000 ) ;
#5250 = CARTESIAN_POINT ( 'NONE',  ( 0.1629289321881345343, 0.1558578643762690563, 0.05000000000000000278 ) ) ;
#5251 = EDGE_CURVE ( 'NONE', #4877, #5177, #1873, .T. ) ;
#5252 = CARTESIAN_POINT ( 'NONE',  ( 0.004999999999999759845, -0.004999999999999772855, 0.04500000000000000527 ) ) ;
#5253 = ORIENTED_EDGE ( 'NONE', *, *, #1728, .T. ) ;
#5254 = AXIS2_PLACEMENT_3D ( 'NONE', #4881, #3365, #3402 ) ;
#5255 = FACE_OUTER_BOUND ( 'NONE', #4680, .T. ) ;
#5256 = DIRECTION ( 'NONE',  ( 1.000000000000000000, 0.000000000000000000, -3.965082230804130220E-16 ) ) ;
#5257 = CARTESIAN_POINT ( 'NONE',  ( 0.1494049421363906616, -0.4600000000000004086, 0.08656251969563212578 ) ) ;
#5258 = APPLICATION_CONTEXT ( 'configuration controlled 3d designs of mechanical parts and assemblies' ) ;
#5259 = DIRECTION ( 'NONE',  ( 0.7071067811865484609, 0.7071067811865465735, 0.000000000000000000 ) ) ;
#5260 = ORIENTED_EDGE ( 'NONE', *, *, #5690, .F. ) ;
#5261 = DIRECTION ( 'NONE',  ( 1.000000000000000000, 0.000000000000000000, 0.000000000000000000 ) ) ;
#5262 = PERSON_AND_ORGANIZATION_ROLE ( 'design_supplier' ) ;
#5263 = DIRECTION ( 'NONE',  ( -2.775557561562891351E-16, 1.000000000000000000, -0.000000000000000000 ) ) ;
#5264 = AXIS2_PLACEMENT_3D ( 'NONE', #1049, #6113, #2082 ) ;
#5265 = EDGE_CURVE ( 'NONE', #3527, #4392, #3044, .T. ) ;
#5267 = VERTEX_POINT ( 'NONE', #3298 ) ;
#5266 = APPROVAL ( #1751, 'UNKNOWN' ) ;
#5268 = DIRECTION ( 'NONE',  ( 0.000000000000000000, 0.000000000000000000, 1.000000000000000000 ) ) ;
#5269 = VECTOR ( 'NONE', #814, 1.000000000000000000 ) ;
#5270 = PRODUCT_DEFINITION_SHAPE ( 'NONE', 'NONE',  #1525 ) ;
#5271 = CONTEXT_DEPENDENT_SHAPE_REPRESENTATION ( #3974, #6473 ) ;
#5272 = CARTESIAN_POINT ( 'NONE',  ( 0.2195327134820616033, -0.1687852133243491204, 0.006978522421684932656 ) ) ;
#5273 = VECTOR ( 'NONE', #1708, 1.000000000000000000 ) ;
#5274 = EDGE_CURVE ( 'NONE', #2151, #1126, #1253, .T. ) ;
#5275 = DIRECTION ( 'NONE',  ( -1.000000000000000000, -0.000000000000000000, -0.000000000000000000 ) ) ;
#5276 = ORIENTED_EDGE ( 'NONE', *, *, #2083, .F. ) ;
#5277 = EDGE_CURVE ( 'NONE', #6638, #5033, #825, .T. ) ;
#5278 = CYLINDRICAL_SURFACE ( 'NONE', #3142, 0.01000000000000000194 ) ;
#5279 = EDGE_CURVE ( 'NONE', #3654, #2696, #5975, .T. ) ;
#5280 = ORIENTED_EDGE ( 'NONE', *, *, #5283, .F. ) ;
#5281 = CARTESIAN_POINT ( 'NONE',  ( 0.1974999999999999811, 0.1750000000000000444, 0.04933012701892219853 ) ) ;
#5282 = CARTESIAN_POINT ( 'NONE',  ( 0.03391368865788799147, 0.05731381008748156342, -0.02741571562080466137 ) ) ;
#5283 = EDGE_CURVE ( 'NONE', #3814, #1079, #3830, .T. ) ;
#5284 = CARTESIAN_POINT ( 'NONE',  ( 0.3073578757041730003, 0.02693000272970801773, 0.06002843765043722191 ) ) ;
#5285 = CIRCLE ( 'NONE', #1008, 0.2999999999999999889 ) ;
#5286 = CARTESIAN_POINT ( 'NONE',  ( 0.2099999999999999645, -0.1599999999999999756, 0.000000000000000000 ) ) ;
#5287 = VERTEX_POINT ( 'NONE', #2386 ) ;
#5288 = VECTOR ( 'NONE', #2537, 1.000000000000000000 ) ;
#5289 = LINE ( 'NONE', #4783, #4629 ) ;
#5290 = EDGE_CURVE ( 'NONE', #6519, #4171, #3423, .T. ) ;
#5291 = CARTESIAN_POINT ( 'NONE',  ( -0.3179746835443037489, 0.09430379746835439170, 0.9000000000000000222 ) ) ;
#5292 = VECTOR ( 'NONE', #3377, 1.000000000000000000 ) ;
#5293 = CARTESIAN_POINT ( 'NONE',  ( 0.000000000000000000, 0.1650000000000000355, 0.05000000000000000278 ) ) ;
#5294 = CARTESIAN_POINT ( 'NONE',  ( 0.1550000000000000544, -0.1500000000000000777, 0.05000000000000000278 ) ) ;
#5295 = DIRECTION ( 'NONE',  ( -0.000000000000000000, 0.000000000000000000, 1.000000000000000000 ) ) ;
#5296 = EDGE_LOOP ( 'NONE', ( #5776, #4503, #3048, #57, #5859, #1856 ) ) ;
#5297 =( GEOMETRIC_REPRESENTATION_CONTEXT ( 3 ) GLOBAL_UNCERTAINTY_ASSIGNED_CONTEXT ( ( #691 ) ) GLOBAL_UNIT_ASSIGNED_CONTEXT ( ( #2387, #3330, #5843 ) ) REPRESENTATION_CONTEXT ( 'NONE', 'WORKASPACE' ) );
#5298 = CARTESIAN_POINT ( 'NONE',  ( -0.1123128442134624372, 0.04527321609638756267, 0.05640043761271890804 ) ) ;
#5299 = CARTESIAN_POINT ( 'NONE',  ( 0.1500000000000000500, -0.1500000000000000777, 0.05000000000000000278 ) ) ;
#5300 = PERSON_AND_ORGANIZATION ( #6361, #58 ) ;
#5301 = CARTESIAN_POINT ( 'NONE',  ( -0.3379746835443038222, -0.1856962025316456211, 0.6100000000000000977 ) ) ;
#5302 = AXIS2_PLACEMENT_3D ( 'NONE', #2240, #3616, #2612 ) ;
#5303 = LOCAL_TIME ( 23, 23, 15.00000000000000000, #2752 ) ;
#5304 = ORIENTED_EDGE ( 'NONE', *, *, #3566, .T. ) ;
#5305 = ORIENTED_EDGE ( 'NONE', *, *, #3670, .T. ) ;
#5306 = LOCAL_TIME ( 23, 23, 15.00000000000000000, #3964 ) ;
#5307 = APPROVAL_DATE_TIME ( #5771, #5970 ) ;
#5308 = CARTESIAN_POINT ( 'NONE',  ( -0.1750000000000000444, 0.1750000000000000167, 0.04500000000000000527 ) ) ;
#5309 = DIRECTION ( 'NONE',  ( -1.000000000000000000, 3.330669073875469227E-15, 0.000000000000000000 ) ) ;
#5310 = EDGE_LOOP ( 'NONE', ( #2748, #2617, #5313, #2440 ) ) ;
#5311 = LOCAL_TIME ( 23, 23, 15.00000000000000000, #4536 ) ;
#5312 = LINE ( 'NONE', #3771, #6604 ) ;
#5313 = ORIENTED_EDGE ( 'NONE', *, *, #2939, .T. ) ;
#5314 = LINE ( 'NONE', #5817, #5190 ) ;
#5315 = CARTESIAN_POINT ( 'NONE',  ( 0.08555261987597456708, 0.04335546107250887876, -0.02924316753401189073 ) ) ;
#5316 = DIRECTION ( 'NONE',  ( 0.000000000000000000, 1.000000000000000000, 0.000000000000000000 ) ) ;
#5317 = CARTESIAN_POINT ( 'NONE',  ( -0.001464466094067046458, -0.001464466094067050361, 0.04500000000000000527 ) ) ;
#5318 = EDGE_LOOP ( 'NONE', ( #4342, #5989, #6328, #1534 ) ) ;
#5319 = EDGE_CURVE ( 'NONE', #4601, #2696, #6533, .T. ) ;
#5320 = DIRECTION ( 'NONE',  ( 1.000000000000000000, 7.116814260417669499E-17, 0.000000000000000000 ) ) ;
#5321 = EDGE_CURVE ( 'NONE', #979, #5066, #1237, .T. ) ;
#5322 = DIRECTION ( 'NONE',  ( -3.330669073875469621E-15, -1.000000000000000000, 0.000000000000000000 ) ) ;
#5323 = DIRECTION ( 'NONE',  ( 0.000000000000000000, -0.000000000000000000, -1.000000000000000000 ) ) ;
#5324 = DIRECTION ( 'NONE',  ( -1.000000000000000000, -2.312964634635742957E-16, 0.000000000000000000 ) ) ;
#5325 = EDGE_CURVE ( 'NONE', #6555, #935, #1851, .T. ) ;
#5326 = CARTESIAN_POINT ( 'NONE',  ( 0.01796318982371999246, 0.02798767807919156497, -0.02503471161879577273 ) ) ;
#5327 = EDGE_CURVE ( 'NONE', #5105, #2790, #6384, .T. ) ;
#5328 = VERTEX_POINT ( 'NONE', #303 ) ;
#5329 = LINE ( 'NONE', #259, #2062 ) ;
#5330 = EDGE_CURVE ( 'NONE', #2063, #6165, #4867, .T. ) ;
#5331 = DIRECTION ( 'NONE',  ( 1.334402673828313093E-16, -1.000000000000000000, 0.000000000000000000 ) ) ;
#5332 = COORDINATED_UNIVERSAL_TIME_OFFSET ( 5, 30, .AHEAD. ) ;
#5333 = DIRECTION ( 'NONE',  ( 5.766761972509491469E-16, 0.000000000000000000, 1.000000000000000000 ) ) ;
#5334 = ORIENTED_EDGE ( 'NONE', *, *, #1901, .F. ) ;
#5335 = CARTESIAN_POINT ( 'NONE',  ( -0.05970370370370364776, 0.06211111111111107530, 0.02999999999999999889 ) ) ;
#5336 = VECTOR ( 'NONE', #5678, 1.000000000000000000 ) ;
#5337 = CARTESIAN_POINT ( 'NONE',  ( 0.3863587921847251305, 0.000000000000000000, 0.05178924042636609548 ) ) ;
#5338 = EDGE_CURVE ( 'NONE', #4523, #5472, #2854, .T. ) ;
#5339 = CONTEXT_DEPENDENT_SHAPE_REPRESENTATION ( #3177, #952 ) ;
#5340 = PLANE ( 'NONE',  #2571 ) ;
#5341 = LINE ( 'NONE', #5908, #3084 ) ;
#5342 = EDGE_LOOP ( 'NONE', ( #3689, #4114, #91, #4638 ) ) ;
#5343 = VECTOR ( 'NONE', #428, 1.000000000000000000 ) ;
#5344 = CARTESIAN_POINT ( 'NONE',  ( 0.2002962962962963611, -0.1878888888888889108, 0.02999999999999999889 ) ) ;
#5345 = VERTEX_POINT ( 'NONE', #2288 ) ;
#5346 = APPROVAL ( #1142, 'UNSPECIFIED' ) ;
#5347 = DATE_AND_TIME ( #6280, #6385 ) ;
#5348 = CARTESIAN_POINT ( 'NONE',  ( 0.1081898973913083817, 0.05955792878165998977, -0.02722707704905804812 ) ) ;
#5349 = EDGE_CURVE ( 'NONE', #5482, #5105, #1769, .T. ) ;
#5350 = LINE ( 'NONE', #3934, #5249 ) ;
#5351 = ADVANCED_FACE ( 'NONE', ( #4403 ), #6459, .T. ) ;
#5352 = DIRECTION ( 'NONE',  ( -0.7071067811865484609, 0.7071067811865465735, 0.000000000000000000 ) ) ;
#5353 = EDGE_LOOP ( 'NONE', ( #5025, #4965 ) ) ;
#5354 = VERTEX_POINT ( 'NONE', #5904 ) ;
#5355 = APPROVAL ( #4296, 'UNKNOWN' ) ;
#5356 = CARTESIAN_POINT ( 'NONE',  ( 0.1550000000000018585, -0.1649999999999999800, 0.000000000000000000 ) ) ;
#5357 = CARTESIAN_POINT ( 'NONE',  ( -0.1650000000000000355, 0.1550000000000000266, 0.04500000000000000527 ) ) ;
#5358 = VECTOR ( 'NONE', #5581, 1.000000000000000000 ) ;
#5359 = LINE ( 'NONE', #3912, #912 ) ;
#5360 = CARTESIAN_POINT ( 'NONE',  ( 0.2002962962962963334, -0.1878888888888889108, 0.01000000000000000194 ) ) ;
#5361 = CARTESIAN_POINT ( 'NONE',  ( 0.004574992121393434315, 0.02259501503909753031, -0.02234357247142661207 ) ) ;
#5362 = ORIENTED_EDGE ( 'NONE', *, *, #3873, .T. ) ;
#5363 = FACE_OUTER_BOUND ( 'NONE', #4203, .T. ) ;
#5364 = CARTESIAN_POINT ( 'NONE',  ( -0.1875887583412069459, -0.1907781276349587440, 0.05000000000000000971 ) ) ;
#5365 = SHAPE_DEFINITION_REPRESENTATION ( #185, #5691 ) ;
#5366 = DIRECTION ( 'NONE',  ( 1.000000000000000000, -0.000000000000000000, -3.700743415417189125E-16 ) ) ;
#5367 = APPROVAL ( #5370, 'UNKNOWN' ) ;
#5368 = VERTEX_POINT ( 'NONE', #2051 ) ;
#5369 = DIRECTION ( 'NONE',  ( 1.000000000000000000, 0.000000000000000000, 0.000000000000000000 ) ) ;
#5370 = APPROVAL_STATUS ( 'not_yet_approved' ) ;
#5371 = ADVANCED_FACE ( 'NONE', ( #509 ), #7, .T. ) ;
#5372 = FACE_OUTER_BOUND ( 'NONE', #3134, .T. ) ;
#5373 = AXIS2_PLACEMENT_3D ( 'NONE', #5039, #442, #5669 ) ;
#5374 = CARTESIAN_POINT ( 'NONE',  ( -0.1136799434497729466, 0.01493887759929411405, 0.05851470088714325057 ) ) ;
#5375 = ORIENTED_EDGE ( 'NONE', *, *, #4844, .T. ) ;
#5376 = CARTESIAN_POINT ( 'NONE',  ( 0.07029629629629635668, 0.01211111111111107252, 0.2703701166919154630 ) ) ;
#5377 = ORIENTED_EDGE ( 'NONE', *, *, #1643, .F. ) ;
#5378 = APPROVAL_DATE_TIME ( #2830, #5919 ) ;
#5379 = AXIS2_PLACEMENT_3D ( 'NONE', #2642, #1040, #4684 ) ;
#5380 = CARTESIAN_POINT ( 'NONE',  ( 0.1008200505617755649, 0.05152477080788982894, -0.02807402385997471300 ) ) ;
#5381 = FACE_OUTER_BOUND ( 'NONE', #5443, .T. ) ;
#5382 = CARTESIAN_POINT ( 'NONE',  ( 0.1957100322736591014, -0.1871260867928666582, 0.04801048434226142664 ) ) ;
#5383 = VERTEX_POINT ( 'NONE', #4627 ) ;
#5384 = ORIENTED_EDGE ( 'NONE', *, *, #1840, .T. ) ;
#5385 = PLANE ( 'NONE',  #4800 ) ;
#5386 = CARTESIAN_POINT ( 'NONE',  ( 0.3173170054670214069, 0.08435506065144257604, -0.02234169070224813897 ) ) ;
#5387 = FACE_BOUND ( 'NONE', #3768, .T. ) ;
#5388 = CARTESIAN_POINT ( 'NONE',  ( -0.1199999999999995792, 0.03837837837837839577, 0.000000000000000000 ) ) ;
#5389 = CC_DESIGN_PERSON_AND_ORGANIZATION_ASSIGNMENT ( #2516, #403, ( #3129 ) ) ;
#5390 = CARTESIAN_POINT ( 'NONE',  ( -0.003854293660509939233, 0.01547281277953005754, -0.02032184020851970918 ) ) ;
#5391 = ORIENTED_EDGE ( 'NONE', *, *, #2421, .T. ) ;
#5392 = VECTOR ( 'NONE', #4863, 1.000000000000000000 ) ;
#5393 = CARTESIAN_POINT ( 'NONE',  ( 0.3011326470328623550, 0.05551877822473579027, 0.05061773153931713176 ) ) ;
#5394 = CIRCLE ( 'NONE', #1758, 0.02499999999999999445 ) ;
#5395 = CARTESIAN_POINT ( 'NONE',  ( -0.1872900832750371836, -0.1943455935414659108, 0.04908273532403047146 ) ) ;
#5396 = APPROVAL_ROLE ( '' ) ;
#5397 = CYLINDRICAL_SURFACE ( 'NONE', #5469, 0.005000000000000004441 ) ;
#5398 = ORIENTED_EDGE ( 'NONE', *, *, #1429, .F. ) ;
#5399 = CARTESIAN_POINT ( 'NONE',  ( 0.1850000000000020794, -0.1950000000000000622, 0.04500000000000000527 ) ) ;
#5400 = CARTESIAN_POINT ( 'NONE',  ( -0.1849999999999999145, 0.1949999999999999512, 0.05000000000000000278 ) ) ;
#5401 = VECTOR ( 'NONE', #1148, 1.000000000000000000 ) ;
#5402 = APPROVAL_STATUS ( 'not_yet_approved' ) ;
#5403 = CC_DESIGN_APPROVAL ( #3823, ( #6208 ) ) ;
#5404 = CARTESIAN_POINT ( 'NONE',  ( 0.2149607216838030355, -0.1605132209431726908, 0.001309698115270878328 ) ) ;
#5405 = CARTESIAN_POINT ( 'NONE',  ( 0.1857231421707808416, 0.1952995352946613472, 0.04698360067358980235 ) ) ;
#5406 = EDGE_CURVE ( 'NONE', #1936, #1684, #172, .T. ) ;
#5407 = VECTOR ( 'NONE', #3925, 1.000000000000000000 ) ;
#5408 = LINE ( 'NONE', #830, #4418 ) ;
#5409 = CC_DESIGN_APPROVAL ( #1789, ( #709 ) ) ;
#5410 = ORIENTED_EDGE ( 'NONE', *, *, #4295, .F. ) ;
#5411 = EDGE_CURVE ( 'NONE', #2038, #2402, #6114, .T. ) ;
#5412 = APPROVAL_DATE_TIME ( #3837, #3261 ) ;
#5413 = CARTESIAN_POINT ( 'NONE',  ( 0.09440548168784623773, 0.04717871668029765403, -0.02866450513870306971 ) ) ;
#5414 = VECTOR ( 'NONE', #1296, 1.000000000000000000 ) ;
#5415 = DIRECTION ( 'NONE',  ( 0.000000000000000000, 1.000000000000000000, 0.000000000000000000 ) ) ;
#5416 = CARTESIAN_POINT ( 'NONE',  ( 0.1943455935414661329, -0.1872900832750364897, 0.04908273532403065187 ) ) ;
#5417 = EDGE_LOOP ( 'NONE', ( #2689, #1881, #5577, #3111 ) ) ;
#5418 = DESIGN_CONTEXT ( 'detailed design', #3762, 'design' ) ;
#5419 = VERTEX_POINT ( 'NONE', #5070 ) ;
#5420 = CYLINDRICAL_SURFACE ( 'NONE', #6099, 0.009999999999999996739 ) ;
#5421 = CARTESIAN_POINT ( 'NONE',  ( 0.3327667115258787223, 0.07440111666448766259, 0.006676442262824014602 ) ) ;
#5422 = LINE ( 'NONE', #2904, #4011 ) ;
#5423 = CARTESIAN_POINT ( 'NONE',  ( -0.1499999999999999389, -0.1500000000000000777, 0.000000000000000000 ) ) ;
#5424 = CARTESIAN_POINT ( 'NONE',  ( 0.1275601994669955108, 0.02634060556086115223, -0.02411849363942514604 ) ) ;
#5425 = VERTEX_POINT ( 'NONE', #1050 ) ;
#5426 = DIRECTION ( 'NONE',  ( 9.251858538542966651E-17, -1.000000000000000000, 0.000000000000000000 ) ) ;
#5427 = PRODUCT_RELATED_PRODUCT_CATEGORY ( 'detail', '', ( #3776 ) ) ;
#5428 = DIRECTION ( 'NONE',  ( 0.000000000000000000, -0.000000000000000000, 1.000000000000000000 ) ) ;
#5429 = COORDINATED_UNIVERSAL_TIME_OFFSET ( 5, 30, .AHEAD. ) ;
#5430 = DIRECTION ( 'NONE',  ( 0.000000000000000000, 1.000000000000000000, 0.000000000000000000 ) ) ;
#5431 = ORIENTED_EDGE ( 'NONE', *, *, #2947, .F. ) ;
#5432 = CARTESIAN_POINT ( 'NONE',  ( -0.1958718940557434562, -0.1871049384543289340, 0.04782112412222386949 ) ) ;
#5433 = DIRECTION ( 'NONE',  ( 1.000000000000000000, 0.000000000000000000, 0.000000000000000000 ) ) ;
#5434 = SHAPE_REPRESENTATION_RELATIONSHIP ( 'NONE' , 'NONE' ,  #862, #1553 ) ;
#5435 =( BOUNDED_CURVE ( )  B_SPLINE_CURVE ( 3, ( #4857, #2346, #3416, #5457 ),
 .UNSPECIFIED., .F., .T. ) 
 B_SPLINE_CURVE_WITH_KNOTS ( ( 4, 4 ),
 ( 1.570796326794896558, 3.141592653589793116 ),
 .UNSPECIFIED. ) 
 CURVE ( )  GEOMETRIC_REPRESENTATION_ITEM ( )  RATIONAL_B_SPLINE_CURVE ( ( 1.000000000000000000, 0.8047378541243649375, 0.8047378541243649375, 1.000000000000000000 ) ) 
 REPRESENTATION_ITEM ( '' )  );
#5436 = EDGE_CURVE ( 'NONE', #2790, #139, #4096, .T. ) ;
#5437 = CARTESIAN_POINT ( 'NONE',  ( -0.3279746835443037023, -0.1956962025316456022, 0.9000000000000000222 ) ) ;
#5438 = ITEM_DEFINED_TRANSFORMATION ( 'NONE', 'NONE', #813,  #1868 ) ;
#5439 = DIRECTION ( 'NONE',  ( 1.000000000000000000, -0.000000000000000000, -0.000000000000000000 ) ) ;
#5440 = CARTESIAN_POINT ( 'NONE',  ( -0.1141788606694175146, 0.01848968127704237949, 0.05929799931418246878 ) ) ;
#5441 = ADVANCED_FACE ( 'NONE', ( #5604 ), #919, .F. ) ;
#5442 = FACE_OUTER_BOUND ( 'NONE', #3646, .T. ) ;
#5443 = EDGE_LOOP ( 'NONE', ( #2345, #4264, #4764, #5887 ) ) ;
#5444 = PERSON_AND_ORGANIZATION ( #6361, #58 ) ;
#5445 = CARTESIAN_POINT ( 'NONE',  ( 0.1871049384543285454, 0.1958718940557435395, 0.04782112412222414011 ) ) ;
#5446 = CARTESIAN_POINT ( 'NONE',  ( -0.04797468354430373116, -0.1956962025316456022, 0.9000000000000000222 ) ) ;
#5447 = CARTESIAN_POINT ( 'NONE',  ( 0.1922541594192557213, -0.1874883898900980839, 0.04983209100836655941 ) ) ;
#5448 = VERTEX_POINT ( 'NONE', #1545 ) ;
#5449 = EDGE_CURVE ( 'NONE', #3654, #6221, #6045, .T. ) ;
#5450 = VERTEX_POINT ( 'NONE', #4596 ) ;
#5451 = LINE ( 'NONE', #457, #905 ) ;
#5452 = LINE ( 'NONE', #3784, #4331 ) ;
#5453 = CARTESIAN_POINT ( 'NONE',  ( -0.3279746835443030917, 0.07430379746835438781, 0.5799999999999999600 ) ) ;
#5454 = CARTESIAN_POINT ( 'NONE',  ( 0.1227047751746613291, 0.02796461499151506672, -0.02502135809999254598 ) ) ;
#5455 = ORIENTED_EDGE ( 'NONE', *, *, #4784, .F. ) ;
#5456 = APPROVAL ( #5536, 'UNSPECIFIED' ) ;
#5457 = CARTESIAN_POINT ( 'NONE',  ( -0.1650000000000000355, -0.1550000000000005818, 0.04500000000000000527 ) ) ;
#5458 = DIRECTION ( 'NONE',  ( 1.000000000000000000, 0.000000000000000000, 0.000000000000000000 ) ) ;
#5459 = COORDINATED_UNIVERSAL_TIME_OFFSET ( 5, 30, .AHEAD. ) ;
#5460 = CARTESIAN_POINT ( 'NONE',  ( -0.05970370370370364776, 0.06211111111111107530, 0.02999999999999999889 ) ) ;
#5461 = B_SPLINE_CURVE_WITH_KNOTS ( 'NONE', 3,
 ( #3906, #5382, #2965, #318, #1896, #5416, #5956, #4414, #3370, #4885, #5447, #391, #1293, #3871, #3406, #282 ),
 .UNSPECIFIED., .F., .F.,
 ( 4, 2, 2, 2, 2, 2, 2, 4 ),
 ( 0.003072742679761326055, 0.003816413727686257008, 0.004560084775611187961, 0.006047426871460974407, 0.006791097919385905360, 0.007534768967310837180, 0.008278440015235769001, 0.009022111063160699954 ),
 .UNSPECIFIED. ) ;
#5462 = EDGE_LOOP ( 'NONE', ( #2783, #5173, #880, #3741 ) ) ;
#5463 = DIRECTION ( 'NONE',  ( 0.000000000000000000, 0.000000000000000000, -1.000000000000000000 ) ) ;
#5464 = VECTOR ( 'NONE', #1068, 1.000000000000000000 ) ;
#5465 = DIRECTION ( 'NONE',  ( 1.000000000000000000, 0.000000000000000000, 0.000000000000000000 ) ) ;
#5466 = DIRECTION ( 'NONE',  ( 1.000000000000000000, 0.000000000000000000, 0.000000000000000000 ) ) ;
#5467 = CALENDAR_DATE ( 2026, 9, 1 ) ;
#5468 = CARTESIAN_POINT ( 'NONE',  ( -0.05797468354430372617, -0.1856962025316456211, 0.02000000000000000042 ) ) ;
#5469 = AXIS2_PLACEMENT_3D ( 'NONE', #6454, #1844, #3888 ) ;
#5470 = CC_DESIGN_DATE_AND_TIME_ASSIGNMENT ( #1090, #3600, ( #1662 ) ) ;
#5471 = DIRECTION ( 'NONE',  ( 1.000000000000000000, -0.000000000000000000, 0.000000000000000000 ) ) ;
#5472 = VERTEX_POINT ( 'NONE', #1018 ) ;
#5473 =( BOUNDED_CURVE ( )  B_SPLINE_CURVE ( 3, ( #2338, #3817, #5860, #1268 ),
 .UNSPECIFIED., .F., .T. ) 
 B_SPLINE_CURVE_WITH_KNOTS ( ( 4, 4 ),
 ( 1.570796326794896558, 3.141592653589793116 ),
 .UNSPECIFIED. ) 
 CURVE ( )  GEOMETRIC_REPRESENTATION_ITEM ( )  RATIONAL_B_SPLINE_CURVE ( ( 1.000000000000000000, 0.8047378541243649375, 0.8047378541243649375, 1.000000000000000000 ) ) 
 REPRESENTATION_ITEM ( '' )  );
#5474 = PERSON_AND_ORGANIZATION_ROLE ( 'creator' ) ;
#5475 = EDGE_CURVE ( 'NONE', #1023, #4836, #1983, .T. ) ;
#5476 = CARTESIAN_POINT ( 'NONE',  ( -0.1951652615594289264, -0.1871942251591069695, 0.04851243390590986165 ) ) ;
#5477 = VECTOR ( 'NONE', #3832, 1.000000000000000000 ) ;
#5478 = AXIS2_PLACEMENT_3D ( 'NONE', #1882, #3924, #5974 ) ;
#5479 = DIRECTION ( 'NONE',  ( 1.000000000000000000, 0.000000000000000000, 0.000000000000000000 ) ) ;
#5480 = CARTESIAN_POINT ( 'NONE',  ( -0.001464466094067069660, 0.001464466094067065757, 0.04500000000000000527 ) ) ;
#5481 = ORIENTED_EDGE ( 'NONE', *, *, #5042, .F. ) ;
#5482 = VERTEX_POINT ( 'NONE', #440 ) ;
#5483 = AXIS2_PLACEMENT_3D ( 'NONE', #3647, #126, #1106 ) ;
#5484 = CARTESIAN_POINT ( 'NONE',  ( 0.1949999999999999789, 1.387778780781445367E-17, 0.000000000000000000 ) ) ;
#5485 = EDGE_CURVE ( 'NONE', #2106, #2094, #2985, .T. ) ;
#5486 = LINE ( 'NONE', #458, #2302 ) ;
#5487 = CARTESIAN_POINT ( 'NONE',  ( 0.2002962962962963611, -0.1978888888888889197, 0.01000000000000000194 ) ) ;
#5488 = DIRECTION ( 'NONE',  ( 2.081668171172168513E-16, -1.000000000000000000, 0.000000000000000000 ) ) ;
#5489 = ORIENTED_EDGE ( 'NONE', *, *, #4429, .F. ) ;
#5490 = CARTESIAN_POINT ( 'NONE',  ( 0.1090601881176402888, 0.09350352187957187977, -0.05616704067753407192 ) ) ;
#5491 = CARTESIAN_POINT ( 'NONE',  ( -0.05797468354430374005, 0.09430379746835439170, 0.9000000000000000222 ) ) ;
#5492 = DATE_TIME_ROLE ( 'creation_date' ) ;
#5493 = LINE ( 'NONE', #2579, #3972 ) ;
#5494 = ORIENTED_EDGE ( 'NONE', *, *, #6253, .F. ) ;
#5495 = ORIENTED_EDGE ( 'NONE', *, *, #4417, .T. ) ;
#5496 = CARTESIAN_POINT ( 'NONE',  ( -0.1749999999999999889, -0.1975000000000000366, 0.04933012701892218466 ) ) ;
#5497 = VECTOR ( 'NONE', #6163, 1.000000000000000000 ) ;
#5498 = DIRECTION ( 'NONE',  ( -1.000000000000000000, -1.067522139062650671E-16, 0.000000000000000000 ) ) ;
#5499 = PERSON_AND_ORGANIZATION_ROLE ( 'design_owner' ) ;
#5500 = LINE ( 'NONE', #3809, #5083 ) ;
#5501 = AXIS2_PLACEMENT_3D ( 'NONE', #6520, #3975, #1422 ) ;
#5502 = CARTESIAN_POINT ( 'NONE',  ( -0.001464466094066690406, -0.001464466094066696911, 0.04500000000000000527 ) ) ;
#5503 = FACE_OUTER_BOUND ( 'NONE', #2000, .T. ) ;
#5504 = ORIENTED_EDGE ( 'NONE', *, *, #5068, .F. ) ;
#5505 = AXIS2_PLACEMENT_3D ( 'NONE', #2658, #1719, #2222 ) ;
#5506 = AXIS2_PLACEMENT_3D ( 'NONE', #4990, #5091, #2442 ) ;
#5507 = CC_DESIGN_SECURITY_CLASSIFICATION ( #702, ( #6614 ) ) ;
#5508 = PRODUCT_RELATED_PRODUCT_CATEGORY ( 'detail', '', ( #2221 ) ) ;
#5509 = COORDINATED_UNIVERSAL_TIME_OFFSET ( 5, 30, .AHEAD. ) ;
#5510 = CARTESIAN_POINT ( 'NONE',  ( 0.1861511330106611073, 0.1961210258958879793, 0.04815984777381421972 ) ) ;
#5511 = VECTOR ( 'NONE', #3551, 1.000000000000000000 ) ;
#5512 = LINE ( 'NONE', #6579, #4762 ) ;
#5513 = ORIENTED_EDGE ( 'NONE', *, *, #4080, .T. ) ;
#5514 = SECURITY_CLASSIFICATION ( '', '', #2578 ) ;
#5515 = DIRECTION ( 'NONE',  ( -0.7071067811865484609, 0.7071067811865465735, 0.000000000000000000 ) ) ;
#5516 = ORIENTED_EDGE ( 'NONE', *, *, #1472, .T. ) ;
#5517 = ORIENTED_EDGE ( 'NONE', *, *, #2882, .T. ) ;
#5518 = CC_DESIGN_APPROVAL ( #5266, ( #6182 ) ) ;
#5519 = CARTESIAN_POINT ( 'NONE',  ( -0.3279746835443038133, -0.1956962025316451026, 0.5999999999999999778 ) ) ;
#5520 = LINE ( 'NONE', #526, #5191 ) ;
#5521 = DIRECTION ( 'NONE',  ( 2.081668171172168513E-16, -1.000000000000000000, 0.000000000000000000 ) ) ;
#5522 = TOROIDAL_SURFACE ( 'NONE', #2637, 0.02000000000000000042, 0.005000000000000000104 ) ;
#5523 = LINE ( 'NONE', #942, #4172 ) ;
#5524 = ORIENTED_EDGE ( 'NONE', *, *, #4472, .F. ) ;
#5525 = APPROVAL_PERSON_ORGANIZATION ( #269, #5367, #2888 ) ;
#5526 = EDGE_CURVE ( 'NONE', #4798, #3883, #2488, .T. ) ;
#5527 = DIRECTION ( 'NONE',  ( 0.000000000000000000, 1.000000000000000000, 0.000000000000000000 ) ) ;
#5528 = PLANE ( 'NONE',  #5077 ) ;
#5529 = SHAPE_DEFINITION_REPRESENTATION ( #5915, #2227 ) ;
#5530 = EDGE_CURVE ( 'NONE', #5560, #5607, #3852, .T. ) ;
#5531 = LINE ( 'NONE', #404, #6341 ) ;
#5532 = ORIENTED_EDGE ( 'NONE', *, *, #5035, .T. ) ;
#5533 = EDGE_LOOP ( 'NONE', ( #2195, #6089, #5980, #3691 ) ) ;
#5534 = CARTESIAN_POINT ( 'NONE',  ( -0.04797468354430378668, 0.09430379746835439170, 0.6099999999999999867 ) ) ;
#5535 = CARTESIAN_POINT ( 'NONE',  ( -0.1875253075667051850, 0.1917674570872941464, 0.04991668405718181073 ) ) ;
#5536 = APPROVAL_STATUS ( 'not_yet_approved' ) ;
#5537 = DIRECTION ( 'NONE',  ( 1.000000000000000000, 2.775557561562885435E-16, 0.000000000000000000 ) ) ;
#5538 = APPROVAL_ROLE ( '' ) ;
#5539 = CARTESIAN_POINT ( 'NONE',  ( 0.1599999999999999756, -0.2200000000000000011, 0.006999999999999966319 ) ) ;
#5540 = ORIENTED_EDGE ( 'NONE', *, *, #6308, .T. ) ;
#5541 = ORIENTED_EDGE ( 'NONE', *, *, #1686, .F. ) ;
#5542 = ITEM_DEFINED_TRANSFORMATION ( 'NONE', 'NONE', #805,  #1868 ) ;
#5543 = CARTESIAN_POINT ( 'NONE',  ( 0.1871942251591078021, -0.1951652615594286766, 0.04851243390590964655 ) ) ;
#5544 = PRODUCT_DEFINITION_SHAPE ( 'NONE', 'NONE',  #6659 ) ;
#5545 = DIRECTION ( 'NONE',  ( -0.000000000000000000, 1.000000000000000000, -0.000000000000000000 ) ) ;
#5546 = VERTEX_POINT ( 'NONE', #5638 ) ;
#5547 = CARTESIAN_POINT ( 'NONE',  ( -0.1849999999999993594, -0.1950000000000001177, 0.04601441612684342708 ) ) ;
#5548 = ORIENTED_EDGE ( 'NONE', *, *, #4958, .F. ) ;
#5549 = APPROVAL ( #6401, 'UNSPECIFIED' ) ;
#5550 = EDGE_LOOP ( 'NONE', ( #2843, #3195, #6161, #4724 ) ) ;
#5551 = PERSON ( 'NAUO-PER11', 'UNSPECIFIED', 'UNSPECIFIED', ('UNSPECIFIED'), ('UNSPECIFIED'), ('UNSPECIFIED') ) ;
#5552 = CARTESIAN_POINT ( 'NONE',  ( -0.1499999999999998557, -0.01662162162162163226, 0.2700000000000000178 ) ) ;
#5553 = AXIS2_PLACEMENT_3D ( 'NONE', #5242, #1724, #2153 ) ;
#5554 = ADVANCED_FACE ( 'NONE', ( #3455 ), #6006, .T. ) ;
#5555 = CARTESIAN_POINT ( 'NONE',  ( 0.2800000000000000266, -0.01000000000000000021, 0.2899999999999999800 ) ) ;
#5556 = EDGE_CURVE ( 'NONE', #3255, #3605, #3077, .T. ) ;
#5557 = LINE ( 'NONE', #4046, #6558 ) ;
#5558 = CC_DESIGN_PERSON_AND_ORGANIZATION_ASSIGNMENT ( #3060, #6615, ( #1662 ) ) ;
#5559 = CARTESIAN_POINT ( 'NONE',  ( 0.1400497382311327310, 0.02005729156416701311, -0.02140819542531296679 ) ) ;
#5560 = VERTEX_POINT ( 'NONE', #4664 ) ;
#5561 = CARTESIAN_POINT ( 'NONE',  ( -0.1650000000000000355, 0.1550000000000000266, 0.04500000000000000527 ) ) ;
#5562 = DIRECTION ( 'NONE',  ( -2.081668171172168513E-16, 1.000000000000000000, 0.000000000000000000 ) ) ;
#5563 = PERSON_AND_ORGANIZATION ( #6361, #58 ) ;
#5564 = DIRECTION ( 'NONE',  ( -0.000000000000000000, -0.000000000000000000, -1.000000000000000000 ) ) ;
#5565 = B_SPLINE_CURVE_WITH_KNOTS ( 'NONE', 3,
 ( #5195, #3109, #565, #3749, #1143, #704, #3252, #5725, #4689, #4223, #1637, #2111, #2676, #4160 ),
 .UNSPECIFIED., .F., .F.,
 ( 4, 2, 2, 2, 2, 2, 4 ),
 ( 0.02913135093978425072, 0.03694562587182358832, 0.04085276333784326752, 0.04475990080386294673, 0.05257417573590232596, 0.05648131320192198435, 0.06038845066794163580 ),
 .UNSPECIFIED. ) ;
#5566 = CARTESIAN_POINT ( 'NONE',  ( -0.05797468354430375392, 0.09430379746835439170, 0.02000000000000000042 ) ) ;
#5567 = VERTEX_POINT ( 'NONE', #1082 ) ;
#5568 = VERTEX_POINT ( 'NONE', #3257 ) ;
#5569 = CARTESIAN_POINT ( 'NONE',  ( 0.1875253217085423030, 0.1917672674905568364, 0.04991671504899001383 ) ) ;
#5570 = CARTESIAN_POINT ( 'NONE',  ( -0.1874270143429119517, 0.1929750751985456481, 0.04964846978002130512 ) ) ;
#5571 = CARTESIAN_POINT ( 'NONE',  ( 1.233123470281661360, 1.445661148459962630, 1.299732963248017459 ) ) ;
#5572 = CYLINDRICAL_SURFACE ( 'NONE', #1202, 0.01000000000000000888 ) ;
#5573 = DIRECTION ( 'NONE',  ( 1.000000000000000000, -3.469446951953615767E-15, 0.000000000000000000 ) ) ;
#5574 = EDGE_CURVE ( 'NONE', #4811, #2295, #3220, .T. ) ;
#5575 = VERTEX_POINT ( 'NONE', #77 ) ;
#5576 = AXIS2_PLACEMENT_3D ( 'NONE', #795, #2862, #3869 ) ;
#5577 = ORIENTED_EDGE ( 'NONE', *, *, #4958, .T. ) ;
#5578 = EDGE_CURVE ( 'NONE', #5823, #3889, #5232, .T. ) ;
#5579 = APPROVAL_DATE_TIME ( #2562, #2606 ) ;
#5580 = CARTESIAN_POINT ( 'NONE',  ( -0.1915223938649875668, -0.1875425146575736002, 0.04994799586997003549 ) ) ;
#5581 = DIRECTION ( 'NONE',  ( 0.000000000000000000, 0.000000000000000000, 1.000000000000000000 ) ) ;
#5582 = ORIENTED_EDGE ( 'NONE', *, *, #6435, .T. ) ;
#5583 = LINE ( 'NONE', #3094, #2717 ) ;
#5584 = VERTEX_POINT ( 'NONE', #5764 ) ;
#5585 = ORIENTED_EDGE ( 'NONE', *, *, #710, .T. ) ;
#5586 = PLANE ( 'NONE',  #3572 ) ;
#5587 = DIRECTION ( 'NONE',  ( -1.000000000000000000, -0.000000000000000000, 3.700743415417189125E-16 ) ) ;
#5588 = PLANE ( 'NONE',  #3534 ) ;
#5589 = VECTOR ( 'NONE', #1948, 1.000000000000000000 ) ;
#5590 = CARTESIAN_POINT ( 'NONE',  ( 0.1949999999999999512, 0.1849999999999999423, 0.04500000000000000527 ) ) ;
#5591 = ORIENTED_EDGE ( 'NONE', *, *, #4053, .T. ) ;
#5592 = AXIS2_PLACEMENT_3D ( 'NONE', #3453, #4465, #1849 ) ;
#5593 = CARTESIAN_POINT ( 'NONE',  ( -0.05477135406763822961, 0.07878622045380376249, -0.005466354031924382066 ) ) ;
#5594 = DIRECTION ( 'NONE',  ( 0.000000000000000000, 0.000000000000000000, -1.000000000000000000 ) ) ;
#5595 = DATE_AND_TIME ( #4462, #5729 ) ;
#5596 = APPROVAL ( #3855, 'UNSPECIFIED' ) ;
#5597 = CARTESIAN_POINT ( 'NONE',  ( -0.1375735931288067926, 0.03544944619024385096, 0.3000000000000000999 ) ) ;
#5598 = VECTOR ( 'NONE', #4599, 1.000000000000000000 ) ;
#5599 = AXIS2_PLACEMENT_3D ( 'NONE', #3103, #560, #598 ) ;
#5600 = PLANE ( 'NONE',  #1593 ) ;
#5601 = ORIENTED_EDGE ( 'NONE', *, *, #3167, .T. ) ;
#5602 = ORIENTED_EDGE ( 'NONE', *, *, #5251, .F. ) ;
#5603 = CARTESIAN_POINT ( 'NONE',  ( 0.1874883898900991941, 0.1922541594192551107, 0.04983209100836651084 ) ) ;
#5604 = FACE_OUTER_BOUND ( 'NONE', #3118, .T. ) ;
#5605 = CARTESIAN_POINT ( 'NONE',  ( -0.3279746835443030917, 0.06430379746835440669, 0.5799999999999999600 ) ) ;
#5606 = FACE_OUTER_BOUND ( 'NONE', #3738, .T. ) ;
#5607 = VERTEX_POINT ( 'NONE', #3151 ) ;
#5608 = EDGE_CURVE ( 'NONE', #2634, #6352, #5090, .T. ) ;
#5609 = EDGE_LOOP ( 'NONE', ( #2235, #4956, #3056, #4896, #492, #791 ) ) ;
#5610 = VECTOR ( 'NONE', #5322, 1.000000000000000000 ) ;
#5611 = CALENDAR_DATE ( 2026, 9, 1 ) ;
#5612 = CYLINDRICAL_SURFACE ( 'NONE', #1099, 0.04813026053085153744 ) ;
#5613 = EDGE_LOOP ( 'NONE', ( #481, #27, #6531, #1286, #659, #3013, #2115, #1592 ) ) ;
#5614 = AXIS2_PLACEMENT_3D ( 'NONE', #6202, #4643, #4681 ) ;
#5615 = LINE ( 'NONE', #966, #4116 ) ;
#5616 = ORIENTED_EDGE ( 'NONE', *, *, #4295, .T. ) ;
#5617 = ORIENTED_EDGE ( 'NONE', *, *, #6590, .F. ) ;
#5618 = VECTOR ( 'NONE', #3650, 1.000000000000000000 ) ;
#5619 = CARTESIAN_POINT ( 'NONE',  ( -0.1499999999999998557, -0.01662162162162163226, 0.02999999999999997113 ) ) ;
#5620 = CIRCLE ( 'NONE', #3367, 0.02499999999999999445 ) ;
#5621 = CARTESIAN_POINT ( 'NONE',  ( -0.1975000000000002309, 0.1760375956093722938, 0.04933012701892230262 ) ) ;
#5622 = LOCAL_TIME ( 23, 23, 15.00000000000000000, #3390 ) ;
#5623 = CARTESIAN_POINT ( 'NONE',  ( 0.3463587921847247064, 0.1000000000000000056, -0.08836589698046184993 ) ) ;
#5624 = LINE ( 'NONE', #6135, #572 ) ;
#5625 = EDGE_LOOP ( 'NONE', ( #6207, #1372, #1031, #4072 ) ) ;
#5626 = LOCAL_TIME ( 23, 23, 15.00000000000000000, #4557 ) ;
#5627 = CARTESIAN_POINT ( 'NONE',  ( 0.05564757898837465605, 0.09283162777468362270, -0.05334061852807901044 ) ) ;
#5628 = ADVANCED_FACE ( 'NONE', ( #1211 ), #3695, .F. ) ;
#5629 = DIRECTION ( 'NONE',  ( 1.000000000000000000, 1.850371707708594316E-16, 0.000000000000000000 ) ) ;
#5630 = APPROVAL_ROLE ( '' ) ;
#5631 = LINE ( 'NONE', #4128, #1502 ) ;
#5632 = LOCAL_TIME ( 23, 23, 15.00000000000000000, #3357 ) ;
#5633 = DIRECTION ( 'NONE',  ( -1.000000000000000000, -2.775557561562891351E-16, 0.000000000000000000 ) ) ;
#5634 = VERTEX_POINT ( 'NONE', #6289 ) ;
#5635 = ORIENTED_EDGE ( 'NONE', *, *, #4100, .T. ) ;
#5636 = APPROVAL ( #1171, 'UNSPECIFIED' ) ;
#5637 = CARTESIAN_POINT ( 'NONE',  ( 0.1871049384543285454, 0.1958718940557435395, 0.04782112412222414011 ) ) ;
#5638 = CARTESIAN_POINT ( 'NONE',  ( -0.3279746835443037023, -0.2056962025316456111, 0.9000000000000000222 ) ) ;
#5639 = MECHANICAL_CONTEXT ( 'NONE', #6303, 'mechanical' ) ;
#5640 = DIRECTION ( 'NONE',  ( -0.000000000000000000, 0.000000000000000000, 1.000000000000000000 ) ) ;
#5641 = CONTEXT_DEPENDENT_SHAPE_REPRESENTATION ( #1678, #1957 ) ;
#5642 = FACE_OUTER_BOUND ( 'NONE', #5745, .T. ) ;
#5643 = ORIENTED_EDGE ( 'NONE', *, *, #3844, .F. ) ;
#5644 = ORIENTED_EDGE ( 'NONE', *, *, #5816, .T. ) ;
#5645 = COORDINATED_UNIVERSAL_TIME_OFFSET ( 5, 30, .AHEAD. ) ;
#5646 = DIRECTION ( 'NONE',  ( 0.000000000000000000, -0.000000000000000000, -1.000000000000000000 ) ) ;
#5647 = ORIENTED_EDGE ( 'NONE', *, *, #3609, .F. ) ;
#5648 = CARTESIAN_POINT ( 'NONE',  ( 0.1949661695747908208, 0.1872181792788120691, 0.04866525483646482603 ) ) ;
#5649 = EDGE_LOOP ( 'NONE', ( #1749, #2643, #6301, #3079 ) ) ;
#5650 = ORIENTED_EDGE ( 'NONE', *, *, #1720, .F. ) ;
#5651 = CARTESIAN_POINT ( 'NONE',  ( 0.1604360209337093723, -0.2146556812747948129, 0.001142285973087108115 ) ) ;
#5652 = LINE ( 'NONE', #62, #4402 ) ;
#5653 = CYLINDRICAL_SURFACE ( 'NONE', #2847, 0.005000000000000000104 ) ;
#5654 = DIRECTION ( 'NONE',  ( 0.000000000000000000, 0.000000000000000000, -1.000000000000000000 ) ) ;
#5655 = ORIENTED_EDGE ( 'NONE', *, *, #6198, .F. ) ;
#5656 = PLANE ( 'NONE',  #345 ) ;
#5657 = AXIS2_PLACEMENT_3D ( 'NONE', #6370, #1768, #6409 ) ;
#5658 = EDGE_CURVE ( 'NONE', #4576, #80, #2950, .T. ) ;
#5659 = FACE_OUTER_BOUND ( 'NONE', #5342, .T. ) ;
#5660 = DATE_AND_TIME ( #3615, #1987 ) ;
#5661 = DIRECTION ( 'NONE',  ( 0.000000000000000000, 0.000000000000000000, 1.000000000000000000 ) ) ;
#5662 = VECTOR ( 'NONE', #2314, 1.000000000000000000 ) ;
#5663 = LINE ( 'NONE', #5132, #960 ) ;
#5664 = EDGE_LOOP ( 'NONE', ( #1343, #5489, #4385, #1848 ) ) ;
#5665 = ORIENTED_EDGE ( 'NONE', *, *, #3977, .T. ) ;
#5666 = LINE ( 'NONE', #3550, #2059 ) ;
#5667 = CARTESIAN_POINT ( 'NONE',  ( 0.1750000000000000444, -0.2000000000000000111, 0.000000000000000000 ) ) ;
#5668 = DATE_TIME_ROLE ( 'creation_date' ) ;
#5669 = DIRECTION ( 'NONE',  ( 1.850371707708593577E-16, -1.000000000000000000, 0.000000000000000000 ) ) ;
#5670 = EDGE_CURVE ( 'NONE', #3759, #6088, #677, .T. ) ;
#5671 = VERTEX_POINT ( 'NONE', #1613 ) ;
#5672 = VERTEX_POINT ( 'NONE', #5202 ) ;
#5673 = DIRECTION ( 'NONE',  ( 0.000000000000000000, 0.000000000000000000, 1.000000000000000000 ) ) ;
#5674 = CIRCLE ( 'NONE', #1611, 0.04813026053085153744 ) ;
#5675 = APPROVAL_DATE_TIME ( #4144, #4987 ) ;
#5676 = CC_DESIGN_DATE_AND_TIME_ASSIGNMENT ( #2434, #3401, ( #3948 ) ) ;
#5677 = CARTESIAN_POINT ( 'NONE',  ( 0.2102962962962963700, -0.1878888888888889108, 0.03000000000000000930 ) ) ;
#5678 = DIRECTION ( 'NONE',  ( -0.000000000000000000, 1.000000000000000000, -0.000000000000000000 ) ) ;
#5679 = VERTEX_POINT ( 'NONE', #6318 ) ;
#5680 = DIRECTION ( 'NONE',  ( -0.000000000000000000, -0.000000000000000000, 1.000000000000000000 ) ) ;
#5681 = EDGE_LOOP ( 'NONE', ( #255, #1041, #1757, #6060 ) ) ;
#5682 = ADVANCED_FACE ( 'NONE', ( #3754 ), #4166, .T. ) ;
#5683 = CARTESIAN_POINT ( 'NONE',  ( 0.1648967482616638947, -0.2191064218395256114, 0.005864481171363631999 ) ) ;
#5684 = EDGE_CURVE ( 'NONE', #4000, #6287, #1115, .T. ) ;
#5685 = DIRECTION ( 'NONE',  ( -0.7071067811865465735, -0.7071067811865484609, 0.000000000000000000 ) ) ;
#5686 = LINE ( 'NONE', #1102, #2999 ) ;
#5687 = CARTESIAN_POINT ( 'NONE',  ( -0.1536412078152752381, 0.02693000272970801773, 0.06002843765043740232 ) ) ;
#5688 = ORIENTED_EDGE ( 'NONE', *, *, #3566, .F. ) ;
#5689 = DIRECTION ( 'NONE',  ( 1.850371707708594316E-16, -1.000000000000000000, 0.000000000000000000 ) ) ;
#5690 = EDGE_CURVE ( 'NONE', #4209, #5045, #4794, .T. ) ;
#5691 = SHAPE_REPRESENTATION ( 'RING ENCLOSURE', ( #1868 ), #1127 ) ;
#5692 = LINE ( 'NONE', #2705, #799 ) ;
#5693 = APPROVAL_ROLE ( '' ) ;
#5694 = FACE_OUTER_BOUND ( 'NONE', #6414, .T. ) ;
#5695 = VECTOR ( 'NONE', #2858, 1.000000000000000000 ) ;
#5696 = CIRCLE ( 'NONE', #21, 0.02499999999999999445 ) ;
#5697 = AXIS2_PLACEMENT_3D ( 'NONE', #4327, #6387, #2818 ) ;
#5698 = CARTESIAN_POINT ( 'NONE',  ( 0.2200000000000000011, -0.2003563281866488355, 0.009748037965109488182 ) ) ;
#5699 = VERTEX_POINT ( 'NONE', #4726 ) ;
#5700 = CIRCLE ( 'NONE', #3018, 0.01000000000000000194 ) ;
#5701 = EDGE_LOOP ( 'NONE', ( #3937, #3712, #435, #6260 ) ) ;
#5702 = LINE ( 'NONE', #2174, #3774 ) ;
#5703 = DIRECTION ( 'NONE',  ( 1.000000000000000000, 0.000000000000000000, -0.000000000000000000 ) ) ;
#5704 = PERSON_AND_ORGANIZATION ( #6361, #58 ) ;
#5705 = CIRCLE ( 'NONE', #4098, 0.01000000000000000888 ) ;
#5706 = CARTESIAN_POINT ( 'NONE',  ( -0.1791351251209293283, 0.1973218475563932595, 0.04922308619429394821 ) ) ;
#5707 = EDGE_LOOP ( 'NONE', ( #4358, #2164, #4073, #5052, #5085, #491 ) ) ;
#5708 = DIRECTION ( 'NONE',  ( -0.000000000000000000, 0.000000000000000000, 1.000000000000000000 ) ) ;
#5709 = ITEM_DEFINED_TRANSFORMATION ( 'NONE', 'NONE', #2935,  #1868 ) ;
#5710 = CARTESIAN_POINT ( 'NONE',  ( -0.06036051227820665027, 0.09937191425584157578, -0.08464173112046652347 ) ) ;
#5711 = LINE ( 'NONE', #2632, #4484 ) ;
#5712 = ORIENTED_EDGE ( 'NONE', *, *, #500, .T. ) ;
#5713 = DIRECTION ( 'NONE',  ( 0.000000000000000000, -0.000000000000000000, 1.000000000000000000 ) ) ;
#5714 = ORIENTED_EDGE ( 'NONE', *, *, #4768, .T. ) ;
#5715 = CARTESIAN_POINT ( 'NONE',  ( 0.1680467633761694168, -0.2195141203087582205, 0.006915866944761513493 ) ) ;
#5716 = CARTESIAN_POINT ( 'NONE',  ( 0.03164977326104721073, 0.06211111111111108224, -0.02713021315207970671 ) ) ;
#5717 = VECTOR ( 'NONE', #2311, 1.000000000000000000 ) ;
#5718 = DIRECTION ( 'NONE',  ( 9.251858538542966651E-17, -1.000000000000000000, 0.000000000000000000 ) ) ;
#5719 = CARTESIAN_POINT ( 'NONE',  ( -0.1846728183024182457, -0.1964631743709724654, 0.04853701447639884037 ) ) ;
#5720 = ORIENTED_EDGE ( 'NONE', *, *, #996, .T. ) ;
#5721 = DIRECTION ( 'NONE',  ( 0.000000000000000000, -0.000000000000000000, 1.000000000000000000 ) ) ;
#5722 = CC_DESIGN_APPROVAL ( #5596, ( #552 ) ) ;
#5723 = CARTESIAN_POINT ( 'NONE',  ( -0.1558578643762685845, -0.1629289321881345343, 0.05000000000000000278 ) ) ;
#5724 = PERSON_AND_ORGANIZATION ( #6361, #58 ) ;
#5725 = CARTESIAN_POINT ( 'NONE',  ( 0.3052300415786443621, 0.04469659137914939323, 0.05670305094537362450 ) ) ;
#5726 = AXIS2_PLACEMENT_3D ( 'NONE', #4508, #3530, #1895 ) ;
#5727 = DIRECTION ( 'NONE',  ( 1.000000000000000000, 0.000000000000000000, 0.000000000000000000 ) ) ;
#5728 = ORIENTED_EDGE ( 'NONE', *, *, #743, .F. ) ;
#5729 = LOCAL_TIME ( 23, 23, 15.00000000000000000, #3544 ) ;
#5730 = ORIENTED_EDGE ( 'NONE', *, *, #1808, .T. ) ;
#5731 = DIRECTION ( 'NONE',  ( -0.000000000000000000, 0.000000000000000000, 1.000000000000000000 ) ) ;
#5732 = CARTESIAN_POINT ( 'NONE',  ( 0.1850000000000020794, -0.1950000000000000622, 0.04500000000000000527 ) ) ;
#5733 = APPROVAL_ROLE ( '' ) ;
#5734 = ADVANCED_FACE ( 'NONE', ( #137 ), #3115, .T. ) ;
#5735 = CARTESIAN_POINT ( 'NONE',  ( 0.1629289321881345065, -0.1558578643762672800, 0.05000000000000000278 ) ) ;
#5736 = LOCAL_TIME ( 23, 23, 15.00000000000000000, #2722 ) ;
#5737 = EDGE_CURVE ( 'NONE', #5230, #674, #3903, .T. ) ;
#5738 = AXIS2_PLACEMENT_3D ( 'NONE', #2833, #3279, #4883 ) ;
#5739 = VERTEX_POINT ( 'NONE', #5667 ) ;
#5740 = ORIENTED_EDGE ( 'NONE', *, *, #2685, .T. ) ;
#5741 = EDGE_CURVE ( 'NONE', #38, #1624, #1803, .T. ) ;
#5742 = APPROVAL_DATE_TIME ( #84, #5355 ) ;
#5743 = CARTESIAN_POINT ( 'NONE',  ( -0.1534307749488069139, 0.05551877822473579027, 0.05061773153931729829 ) ) ;
#5744 = DIRECTION ( 'NONE',  ( 0.000000000000000000, 0.000000000000000000, -1.000000000000000000 ) ) ;
#5745 = EDGE_LOOP ( 'NONE', ( #3701, #1639, #610, #1112 ) ) ;
#5746 = EDGE_CURVE ( 'NONE', #2522, #104, #2526, .T. ) ;
#5747 = CARTESIAN_POINT ( 'NONE',  ( 0.1950000000000000067, -0.1849999999999978884, 0.04500000000000000527 ) ) ;
#5748 = ORIENTED_EDGE ( 'NONE', *, *, #5247, .F. ) ;
#5749 = CARTESIAN_POINT ( 'NONE',  ( 0.1645786703303662724, -0.2190261710709967280, 0.005690301884729086039 ) ) ;
#5750 = CARTESIAN_POINT ( 'NONE',  ( 0.03182961802406274882, 0.06089547748587068737, -0.02715353164829699753 ) ) ;
#5751 = CARTESIAN_POINT ( 'NONE',  ( 0.3046036131930168200, 0.007055394222228903237, 0.05574886230660793668 ) ) ;
#5752 = DIRECTION ( 'NONE',  ( -0.7071067811865465735, 0.7071067811865484609, 0.000000000000000000 ) ) ;
#5753 = ORIENTED_EDGE ( 'NONE', *, *, #3405, .F. ) ;
#5754 = DIRECTION ( 'NONE',  ( 1.000000000000000000, -0.000000000000000000, -0.000000000000000000 ) ) ;
#5755 = DIRECTION ( 'NONE',  ( 1.000000000000000000, 0.000000000000000000, 0.000000000000000000 ) ) ;
#5756 = PERSON_AND_ORGANIZATION ( #6361, #58 ) ;
#5757 = DIRECTION ( 'NONE',  ( 1.000000000000000000, 0.000000000000000000, 0.000000000000000000 ) ) ;
#5758 = EDGE_CURVE ( 'NONE', #5482, #3963, #778, .T. ) ;
#5759 = EDGE_CURVE ( 'NONE', #5567, #4973, #3322, .T. ) ;
#5760 = DIRECTION ( 'NONE',  ( -2.775557561562891351E-16, 1.000000000000000000, -0.000000000000000000 ) ) ;
#5761 = CARTESIAN_POINT ( 'NONE',  ( 0.1695393920141694266, -0.1799999999999999656, 0.006999999999999966319 ) ) ;
#5762 = ORIENTED_EDGE ( 'NONE', *, *, #2993, .T. ) ;
#5763 = DIRECTION ( 'NONE',  ( 1.000000000000000000, 0.000000000000000000, 0.000000000000000000 ) ) ;
#5764 = CARTESIAN_POINT ( 'NONE',  ( -0.3179746835443036934, -0.1856962025316456211, 0.3099999999999999423 ) ) ;
#5765 = APPROVAL_STATUS ( 'not_yet_approved' ) ;
#5766 = DIRECTION ( 'NONE',  ( -1.850371707708594316E-16, 1.000000000000000000, 0.000000000000000000 ) ) ;
#5767 = VECTOR ( 'NONE', #6426, 1.000000000000000000 ) ;
#5768 = VERTEX_POINT ( 'NONE', #3920 ) ;
#5769 = VERTEX_POINT ( 'NONE', #4928 ) ;
#5770 =( NAMED_UNIT ( * ) SI_UNIT ( $, .STERADIAN. ) SOLID_ANGLE_UNIT ( ) );
#5771 = DATE_AND_TIME ( #6325, #4025 ) ;
#5772 = DIRECTION ( 'NONE',  ( -1.000000000000000000, 0.000000000000000000, 0.000000000000000000 ) ) ;
#5773 = CARTESIAN_POINT ( 'NONE',  ( -0.004999999999999778927, -0.004999999999999792805, 0.05000000000000000278 ) ) ;
#5774 = ORIENTED_EDGE ( 'NONE', *, *, #3818, .T. ) ;
#5775 = CARTESIAN_POINT ( 'NONE',  ( -0.04797468354430373116, 0.08430379746835439669, 0.9000000000000000222 ) ) ;
#5776 = ORIENTED_EDGE ( 'NONE', *, *, #5758, .F. ) ;
#5777 = ADVANCED_FACE ( 'NONE', ( #4322 ), #3886, .T. ) ;
#5778 = UNCERTAINTY_MEASURE_WITH_UNIT (LENGTH_MEASURE( 1.000000000000000082E-05 ), #6223, 'distance_accuracy_value', 'NONE');
#5779 = DIRECTION ( 'NONE',  ( 0.7071067811865439090, 0.7071067811865512365, 0.000000000000000000 ) ) ;
#5780 = CARTESIAN_POINT ( 'NONE',  ( -0.3179746835443037489, 0.09430379746835439170, 0.9000000000000000222 ) ) ;
#5781 = CC_DESIGN_PERSON_AND_ORGANIZATION_ASSIGNMENT ( #2177, #42, ( #6614 ) ) ;
#5782 = DIRECTION ( 'NONE',  ( 1.000000000000000000, 1.850371707708594316E-16, -0.000000000000000000 ) ) ;
#5783 = LINE ( 'NONE', #5822, #2175 ) ;
#5784 = ORIENTED_EDGE ( 'NONE', *, *, #1114, .F. ) ;
#5785 = AXIS2_PLACEMENT_3D ( 'NONE', #6203, #4118, #2069 ) ;
#5786 = CARTESIAN_POINT ( 'NONE',  ( -0.1499999999999998557, -0.01662162162162163226, 0.2999999999999999889 ) ) ;
#5787 = PERSON ( 'NAUO-PER8', 'UNSPECIFIED', 'UNSPECIFIED', ('UNSPECIFIED'), ('UNSPECIFIED'), ('UNSPECIFIED') ) ;
#5788 = DIRECTION ( 'NONE',  ( 0.000000000000000000, 0.000000000000000000, -1.000000000000000000 ) ) ;
#5789 = CYLINDRICAL_SURFACE ( 'NONE', #2727, 0.01000000000000000888 ) ;
#5790 = AXIS2_PLACEMENT_3D ( 'NONE', #2912, #4463, #4324 ) ;
#5791 = CARTESIAN_POINT ( 'NONE',  ( -0.1299999999999997824, 4.329869796038103013E-16, 0.2899999999999999800 ) ) ;
#5792 = CARTESIAN_POINT ( 'NONE',  ( 0.1649999999999999800, 0.1550000000000000266, 0.000000000000000000 ) ) ;
#5793 = EDGE_LOOP ( 'NONE', ( #5643, #3618, #455, #1734 ) ) ;
#5794 = CARTESIAN_POINT ( 'NONE',  ( -0.1139685840356736563, 0.03731421801755152590, 0.05896630575469685720 ) ) ;
#5795 = DIRECTION ( 'NONE',  ( 1.000000000000000000, 0.000000000000000000, 2.775557561562888590E-15 ) ) ;
#5796 = DATE_AND_TIME ( #1179, #591 ) ;
#5797 = ADVANCED_FACE ( 'NONE', ( #2281 ), #1341, .T. ) ;
#5798 = CARTESIAN_POINT ( 'NONE',  ( -0.1973218475563932317, -0.1791351251209294393, 0.04922308619429391352 ) ) ;
#5799 = CIRCLE ( 'NONE', #882, 0.02499999999999999445 ) ;
#5800 = VECTOR ( 'NONE', #1402, 1.000000000000000000 ) ;
#5801 = B_SPLINE_CURVE_WITH_KNOTS ( 'NONE', 3,
 ( #3277, #731, #2765, #2265, #5855, #3966, #994, #1522, #388, #4507, #6544, #4476, #4068, #353, #5543, #6577, #4942, #1956 ),
 .UNSPECIFIED., .F., .F.,
 ( 4, 2, 2, 2, 2, 2, 2, 2, 4 ),
 ( -1.418030882764396732E-05, 0.0003572075875058704068, 0.0007285954838393848571, 0.001471371276506330816, 0.002214147069173277426, 0.002956922861840223168, 0.004442474447174116388, 0.005185250239841061697, 0.005928026032508008740 ),
 .UNSPECIFIED. ) ;
#5802 = EDGE_LOOP ( 'NONE', ( #3297, #2008, #742, #1064, #4910, #5712, #4511, #4149 ) ) ;
#5803 = EDGE_LOOP ( 'NONE', ( #3565, #3120, #4543, #1640, #3262, #4562, #625, #5870 ) ) ;
#5804 = VECTOR ( 'NONE', #6239, 1.000000000000000000 ) ;
#5805 = PRODUCT ( 'BASE WHEEL', 'BASE WHEEL', '', ( #4999 ) ) ;
#5806 = FACE_OUTER_BOUND ( 'NONE', #3466, .T. ) ;
#5807 = COORDINATED_UNIVERSAL_TIME_OFFSET ( 5, 30, .AHEAD. ) ;
#5808 = CARTESIAN_POINT ( 'NONE',  ( 0.2136438147623433703, -0.1602402329236578271, 0.0006800606172555121289 ) ) ;
#5809 = VECTOR ( 'NONE', #1739, 1.000000000000000000 ) ;
#5810 = VECTOR ( 'NONE', #2343, 1.000000000000000000 ) ;
#5811 = DIRECTION ( 'NONE',  ( -1.000000000000000000, -7.116814260417669499E-17, 0.000000000000000000 ) ) ;
#5812 = ORIENTED_EDGE ( 'NONE', *, *, #110, .T. ) ;
#5813 = EDGE_CURVE ( 'NONE', #4709, #5354, #747, .T. ) ;
#5814 = LINE ( 'NONE', #2729, #3659 ) ;
#5815 = VERTEX_POINT ( 'NONE', #1877 ) ;
#5816 = EDGE_CURVE ( 'NONE', #4662, #3989, #1778, .T. ) ;
#5817 = CARTESIAN_POINT ( 'NONE',  ( -0.03797468354430372922, -0.1956962025316456022, 0.9000000000000000222 ) ) ;
#5818 = APPLICATION_CONTEXT ( 'configuration controlled 3d designs of mechanical parts and assemblies' ) ;
#5819 = EDGE_CURVE ( 'NONE', #4009, #5230, #1248, .T. ) ;
#5820 = LINE ( 'NONE', #1762, #1187 ) ;
#5821 = CYLINDRICAL_SURFACE ( 'NONE', #4860, 0.009999999999999870104 ) ;
#5822 = CARTESIAN_POINT ( 'NONE',  ( 0.000000000000000000, -0.1649999999999999800, 0.000000000000000000 ) ) ;
#5823 = VERTEX_POINT ( 'NONE', #3854 ) ;
#5824 = DIRECTION ( 'NONE',  ( 0.000000000000000000, 1.000000000000000000, 0.000000000000000000 ) ) ;
#5825 = CARTESIAN_POINT ( 'NONE',  ( 0.3281436342593433420, 0.07802047388768902636, -0.003247301314614144379 ) ) ;
#5826 = VECTOR ( 'NONE', #3748, 1.000000000000000000 ) ;
#5827 = CARTESIAN_POINT ( 'NONE',  ( -0.1650000000000000355, 0.1550000000000000266, 0.05000000000000000278 ) ) ;
#5828 = DIRECTION ( 'NONE',  ( -0.000000000000000000, 0.000000000000000000, 1.000000000000000000 ) ) ;
#5829 = PLANE ( 'NONE',  #3946 ) ;
#5830 = EDGE_LOOP ( 'NONE', ( #646, #6323, #3030, #173 ) ) ;
#5831 =( GEOMETRIC_REPRESENTATION_CONTEXT ( 3 ) GLOBAL_UNCERTAINTY_ASSIGNED_CONTEXT ( ( #1695 ) ) GLOBAL_UNIT_ASSIGNED_CONTEXT ( ( #4767, #175, #5770 ) ) REPRESENTATION_CONTEXT ( 'NONE', 'WORKASPACE' ) );
#5832 = EDGE_CURVE ( 'NONE', #1800, #2184, #1885, .T. ) ;
#5833 = VECTOR ( 'NONE', #2934, 1.000000000000000000 ) ;
#5834 = DIRECTION ( 'NONE',  ( 0.000000000000000000, -1.000000000000000000, 0.000000000000000000 ) ) ;
#5835 = APPROVAL_ROLE ( '' ) ;
#5836 = CARTESIAN_POINT ( 'NONE',  ( -0.1974642005617921747, -0.1770706253354582815, 0.04931006713692692722 ) ) ;
#5837 = AXIS2_PLACEMENT_3D ( 'NONE', #1913, #5465, #378 ) ;
#5838 = APPROVAL_PERSON_ORGANIZATION ( #4362, #2324, #4899 ) ;
#5839 = CC_DESIGN_PERSON_AND_ORGANIZATION_ASSIGNMENT ( #3868, #2360, ( #3884 ) ) ;
#5840 = EDGE_LOOP ( 'NONE', ( #936, #5950, #4889, #1288 ) ) ;
#5841 = DIRECTION ( 'NONE',  ( 1.000000000000000000, 0.000000000000000000, -3.965082230804130220E-16 ) ) ;
#5842 = CC_DESIGN_APPROVAL ( #5636, ( #5514 ) ) ;
#5843 =( NAMED_UNIT ( * ) SI_UNIT ( $, .STERADIAN. ) SOLID_ANGLE_UNIT ( ) );
#5844 = CONTEXT_DEPENDENT_SHAPE_REPRESENTATION ( #1243, #4527 ) ;
#5845 = EDGE_CURVE ( 'NONE', #4836, #6519, #5931, .T. ) ;
#5846 = DIRECTION ( 'NONE',  ( 0.7071067811865492381, -0.7071067811865459074, 0.000000000000000000 ) ) ;
#5847 = CC_DESIGN_PERSON_AND_ORGANIZATION_ASSIGNMENT ( #6512, #890, ( #1880 ) ) ;
#5848 = DIRECTION ( 'NONE',  ( -2.775557561562891351E-16, 1.000000000000000000, -0.000000000000000000 ) ) ;
#5849 = EDGE_LOOP ( 'NONE', ( #536, #2023, #1078, #1489 ) ) ;
#5850 = APPROVAL_PERSON_ORGANIZATION ( #1619, #5970, #3197 ) ;
#5851 = CARTESIAN_POINT ( 'NONE',  ( -0.04797468354430376586, -0.1956962025316451026, 0.3099999999999999423 ) ) ;
#5852 = ORIENTED_EDGE ( 'NONE', *, *, #4630, .T. ) ;
#5853 = ADVANCED_FACE ( 'NONE', ( #2910 ), #3417, .T. ) ;
#5854 = CARTESIAN_POINT ( 'NONE',  ( 0.1972152379597231220, 0.1801632550771888330, 0.04915627569335168784 ) ) ;
#5855 = CARTESIAN_POINT ( 'NONE',  ( 0.1875662737758383714, -0.1911522835674298315, 0.04997924206064470465 ) ) ;
#5856 = DIRECTION ( 'NONE',  ( -2.775557561562891351E-16, 1.000000000000000000, -0.000000000000000000 ) ) ;
#5857 = CARTESIAN_POINT ( 'NONE',  ( -0.1600000000000000311, -0.1570710678118659998, 0.05000000000000000278 ) ) ;
#5858 = ORIENTED_EDGE ( 'NONE', *, *, #6194, .F. ) ;
#5859 = ORIENTED_EDGE ( 'NONE', *, *, #110, .F. ) ;
#5860 = CARTESIAN_POINT ( 'NONE',  ( -0.1550000000000000544, 0.1650000000000000355, 0.04792893218813452927 ) ) ;
#5861 = DIRECTION ( 'NONE',  ( 1.000000000000000000, 1.850371707708594316E-16, -0.000000000000000000 ) ) ;
#5862 = PLANE ( 'NONE',  #34 ) ;
#5863 = DIRECTION ( 'NONE',  ( -9.251858538542972814E-17, 1.000000000000000000, -0.000000000000000000 ) ) ;
#5864 = VERTEX_POINT ( 'NONE', #848 ) ;
#5865 = EDGE_CURVE ( 'NONE', #2151, #3605, #5050, .T. ) ;
#5866 = PLANE ( 'NONE',  #887 ) ;
#5867 = CARTESIAN_POINT ( 'NONE',  ( 0.2042675707043480615, -0.2195393920141694433, 0.006999999999999966319 ) ) ;
#5868 = DATE_TIME_ROLE ( 'creation_date' ) ;
#5869 = CARTESIAN_POINT ( 'NONE',  ( -0.005000000000000130208, 0.005000000000000106790, 0.000000000000000000 ) ) ;
#5870 = ORIENTED_EDGE ( 'NONE', *, *, #6505, .F. ) ;
#5871 = DIRECTION ( 'NONE',  ( 1.000000000000000000, 0.000000000000000000, 0.000000000000000000 ) ) ;
#5872 = ADVANCED_BREP_SHAPE_REPRESENTATION ( '', ( #6622, #1868 ), #5297 ) ;
#5873 = VECTOR ( 'NONE', #4208, 1.000000000000000000 ) ;
#5874 = DIRECTION ( 'NONE',  ( 1.000000000000000000, 0.000000000000000000, 0.000000000000000000 ) ) ;
#5875 = APPROVAL_STATUS ( 'not_yet_approved' ) ;
#5876 = CARTESIAN_POINT ( 'NONE',  ( 0.2192979793136437261, -0.1658877493528829461, 0.006316931915371363365 ) ) ;
#5877 = EDGE_CURVE ( 'NONE', #2445, #54, #1861, .T. ) ;
#5878 = DIRECTION ( 'NONE',  ( -0.000000000000000000, -0.000000000000000000, 1.000000000000000000 ) ) ;
#5879 = EDGE_LOOP ( 'NONE', ( #4155, #858, #5541, #5882, #3470, #4122, #3306, #4378 ) ) ;
#5880 = AXIS2_PLACEMENT_3D ( 'NONE', #3005, #3678, #5654 ) ;
#5881 = DIRECTION ( 'NONE',  ( 1.000000000000000000, 0.000000000000000000, 0.000000000000000000 ) ) ;
#5882 = ORIENTED_EDGE ( 'NONE', *, *, #3395, .F. ) ;
#5883 = CALENDAR_DATE ( 2026, 9, 1 ) ;
#5884 = CARTESIAN_POINT ( 'NONE',  ( 0.1030364276241476224, 0.05342608183000990829, -0.02783891259484247080 ) ) ;
#5885 = DIRECTION ( 'NONE',  ( -1.000000000000000000, 0.000000000000000000, -0.000000000000000000 ) ) ;
#5886 = FACE_OUTER_BOUND ( 'NONE', #3560, .T. ) ;
#5887 = ORIENTED_EDGE ( 'NONE', *, *, #6082, .T. ) ;
#5888 = ORIENTED_EDGE ( 'NONE', *, *, #1567, .T. ) ;
#5889 = CARTESIAN_POINT ( 'NONE',  ( 0.001464466094067023690, -0.001464466094067027593, 0.05000000000000000278 ) ) ;
#5890 = FACE_OUTER_BOUND ( 'NONE', #616, .T. ) ;
#5891 = VECTOR ( 'NONE', #5521, 1.000000000000000000 ) ;
#5892 = DIRECTION ( 'NONE',  ( 0.000000000000000000, -0.000000000000000000, 1.000000000000000000 ) ) ;
#5893 = DIRECTION ( 'NONE',  ( 1.000000000000000000, -0.000000000000000000, 0.000000000000000000 ) ) ;
#5894 = CARTESIAN_POINT ( 'NONE',  ( -0.1399999999999998190, -0.006621621621621632051, 0.2999999999999999889 ) ) ;
#5895 = ORIENTED_EDGE ( 'NONE', *, *, #5758, .T. ) ;
#5896 = CARTESIAN_POINT ( 'NONE',  ( -0.1905305721316076228, 0.1876016399434730086, 0.05000000000000000278 ) ) ;
#5897 = CARTESIAN_POINT ( 'NONE',  ( 0.2014276225027875900, -0.2199521761297202893, 0.008991062323247313651 ) ) ;
#5898 = APPROVAL_DATE_TIME ( #261, #5225 ) ;
#5899 = DIRECTION ( 'NONE',  ( -1.000000000000000000, -0.000000000000000000, -0.000000000000000000 ) ) ;
#5900 = ADVANCED_FACE ( 'NONE', ( #907 ), #4086, .T. ) ;
#5901 = ADVANCED_FACE ( 'NONE', ( #4998 ), #6527, .F. ) ;
#5902 = ORIENTED_EDGE ( 'NONE', *, *, #4923, .T. ) ;
#5903 = CARTESIAN_POINT ( 'NONE',  ( 0.3463587921847246509, 0.02693000272970801773, 0.06002843765043721497 ) ) ;
#5904 = CARTESIAN_POINT ( 'NONE',  ( 0.2002962962962963611, 0.06211111111111107530, 0.000000000000000000 ) ) ;
#5905 = SHAPE_REPRESENTATION ( 'BASE WHEEL', ( #1868 ), #587 ) ;
#5906 = CONTEXT_DEPENDENT_SHAPE_REPRESENTATION ( #300, #2976 ) ;
#5907 = DIRECTION ( 'NONE',  ( 0.000000000000000000, -0.000000000000000000, -1.000000000000000000 ) ) ;
#5908 = CARTESIAN_POINT ( 'NONE',  ( -0.04797468354430373116, 0.09430379746835439170, 0.9000000000000000222 ) ) ;
#5909 = CLOSED_SHELL ( 'NONE', ( #3700, #6405, #5985, #5441, #3692, #4549, #1692, #6483, #2613, #2660, #2511, #2504, #2004, #1670, #4157 ) ) ;
#5910 = DIRECTION ( 'NONE',  ( 0.000000000000000000, -1.000000000000000000, 0.000000000000000000 ) ) ;
#5911 = VECTOR ( 'NONE', #5885, 1.000000000000000000 ) ;
#5912 = EDGE_LOOP ( 'NONE', ( #1942, #4464, #4593, #5762 ) ) ;
#5913 = CALENDAR_DATE ( 2026, 9, 1 ) ;
#5914 = CARTESIAN_POINT ( 'NONE',  ( 0.08274482521756582054, 0.04254062170226897283, -0.02937297934024460030 ) ) ;
#5915 = PRODUCT_DEFINITION_SHAPE ( 'NONE', 'NONE',  #3129 ) ;
#5916 = CARTESIAN_POINT ( 'NONE',  ( -0.1399999999999996803, 0.03504504504504503404, 0.02000000000000001776 ) ) ;
#5917 = DIRECTION ( 'NONE',  ( -0.000000000000000000, 1.000000000000000000, -0.000000000000000000 ) ) ;
#5918 = ORIENTED_EDGE ( 'NONE', *, *, #3718, .T. ) ;
#5919 = APPROVAL ( #1918, 'UNSPECIFIED' ) ;
#5920 = EDGE_LOOP ( 'NONE', ( #3611, #2573, #1718, #1260 ) ) ;
#5921 = CARTESIAN_POINT ( 'NONE',  ( -0.1536412078152752936, 0.1000000000000000056, -0.08836589698046184993 ) ) ;
#5922 = CARTESIAN_POINT ( 'NONE',  ( 0.3393116715817055540, 0.06782539362483364087, 0.02343383986884498699 ) ) ;
#5923 = LINE ( 'NONE', #3317, #3580 ) ;
#5924 = CARTESIAN_POINT ( 'NONE',  ( -0.05970370370370364776, 0.06211111111111107530, 0.02999999999999999889 ) ) ;
#5925 = CARTESIAN_POINT ( 'NONE',  ( 0.06687550797965507998, 0.03489300055881180973, -0.02961536102937199072 ) ) ;
#5926 = ORIENTED_EDGE ( 'NONE', *, *, #5196, .T. ) ;
#5927 = VECTOR ( 'NONE', #5899, 1.000000000000000000 ) ;
#5928 = CARTESIAN_POINT ( 'NONE',  ( 0.2493349314694028596, 0.07829110081133863752, -0.004045727121084289127 ) ) ;
#5929 = AXIS2_PLACEMENT_3D ( 'NONE', #4383, #356, #1830 ) ;
#5930 = AXIS2_PLACEMENT_3D ( 'NONE', #1074, #1835, #3783 ) ;
#5931 = LINE ( 'NONE', #2848, #6283 ) ;
#5932 = APPROVAL_STATUS ( 'not_yet_approved' ) ;
#5933 = CARTESIAN_POINT ( 'NONE',  ( 0.2463587921847247009, -0.4600000000000004086, -0.08836589698046184993 ) ) ;
#5934 = ADVANCED_FACE ( 'NONE', ( #1499 ), #1009, .T. ) ;
#5935 = ORIENTED_EDGE ( 'NONE', *, *, #3097, .T. ) ;
#5936 = LINE ( 'NONE', #1912, #2271 ) ;
#5937 = EDGE_CURVE ( 'NONE', #5207, #2982, #2417, .T. ) ;
#5938 = AXIS2_PLACEMENT_3D ( 'NONE', #670, #6281, #6213 ) ;
#5939 = CARTESIAN_POINT ( 'NONE',  ( -0.05970370370370361307, -0.1878888888888889386, 0.01000000000000000194 ) ) ;
#5940 = VECTOR ( 'NONE', #2819, 1.000000000000000000 ) ;
#5941 = DATE_AND_TIME ( #6424, #4352 ) ;
#5942 = CC_DESIGN_APPROVAL ( #2324, ( #3129 ) ) ;
#5943 = DIRECTION ( 'NONE',  ( -3.330669073875469621E-15, -1.000000000000000000, 0.000000000000000000 ) ) ;
#5944 = CARTESIAN_POINT ( 'NONE',  ( 0.1400000000000000966, 0.08171171171171170977, 0.02000000000000001776 ) ) ;
#5945 = APPLICATION_CONTEXT ( 'configuration controlled 3d designs of mechanical parts and assemblies' ) ;
#5946 = VECTOR ( 'NONE', #1813, 1.000000000000000000 ) ;
#5947 = EDGE_CURVE ( 'NONE', #1126, #1727, #4021, .T. ) ;
#5948 = LINE ( 'NONE', #1287, #5695 ) ;
#5949 = APPROVAL_PERSON_ORGANIZATION ( #2110, #1089, #5630 ) ;
#5950 = ORIENTED_EDGE ( 'NONE', *, *, #5485, .F. ) ;
#5951 = SHAPE_REPRESENTATION ( 'DISPLAY SUPPORT', ( #1868 ), #5297 ) ;
#5952 = DATE_AND_TIME ( #5913, #4018 ) ;
#5953 = CARTESIAN_POINT ( 'NONE',  ( 0.08368339698955154504, 0.04279290389294522490, -0.02933250429903086487 ) ) ;
#5954 = PLANE ( 'NONE',  #6156 ) ;
#5955 = DIRECTION ( 'NONE',  ( -1.000000000000000000, 0.000000000000000000, 0.000000000000000000 ) ) ;
#5956 = CARTESIAN_POINT ( 'NONE',  ( 0.1939062087071977969, -0.1873375110213012229, 0.04930532029727793808 ) ) ;
#5957 = ORIENTED_EDGE ( 'NONE', *, *, #6505, .T. ) ;
#5958 = DESIGN_CONTEXT ( 'detailed design', #1446, 'design' ) ;
#5959 = ORIENTED_EDGE ( 'NONE', *, *, #3443, .T. ) ;
#5960 = CARTESIAN_POINT ( 'NONE',  ( 0.3312799263780999426, 0.07563806248100583829, 0.003347052693863622908 ) ) ;
#5961 = CARTESIAN_POINT ( 'NONE',  ( 0.1400000000000000966, 0.08171171171171170977, 0.2799999999999999711 ) ) ;
#5962 = CARTESIAN_POINT ( 'NONE',  ( 0.000000000000000000, -0.1649999999999999800, 0.05000000000000000278 ) ) ;
#5963 = DIRECTION ( 'NONE',  ( 1.000000000000000000, 4.625929269271485914E-16, 0.000000000000000000 ) ) ;
#5964 = ORIENTED_EDGE ( 'NONE', *, *, #5759, .T. ) ;
#5965 = LINE ( 'NONE', #368, #231 ) ;
#5966 = EDGE_CURVE ( 'NONE', #6541, #4, #3041, .T. ) ;
#5967 = EDGE_CURVE ( 'NONE', #5672, #6254, #1973, .T. ) ;
#5968 = CARTESIAN_POINT ( 'NONE',  ( -0.1874883898900988055, -0.1922541594192553049, 0.04983209100836652472 ) ) ;
#5969 = DATE_AND_TIME ( #2849, #2415 ) ;
#5970 = APPROVAL ( #1255, 'UNKNOWN' ) ;
#5971 = LINE ( 'NONE', #1370, #660 ) ;
#5972 = ADVANCED_FACE ( 'NONE', ( #502 ), #5528, .F. ) ;
#5973 = ORIENTED_EDGE ( 'NONE', *, *, #4923, .F. ) ;
#5974 = DIRECTION ( 'NONE',  ( 0.000000000000000000, 1.000000000000000000, -1.778091562876225694E-15 ) ) ;
#5975 = LINE ( 'NONE', #3356, #1334 ) ;
#5976 = EDGE_CURVE ( 'NONE', #5671, #1684, #946, .T. ) ;
#5977 = LINE ( 'NONE', #2764, #2407 ) ;
#5978 = CARTESIAN_POINT ( 'NONE',  ( 0.1799999999999999933, -0.1799999999999999656, 0.006999999999999966319 ) ) ;
#5979 = CARTESIAN_POINT ( 'NONE',  ( 0.1973229599237748544, -0.1791214407889298310, 0.04922377745770994267 ) ) ;
#5980 = ORIENTED_EDGE ( 'NONE', *, *, #2098, .F. ) ;
#5981 = VECTOR ( 'NONE', #4375, 1.000000000000000000 ) ;
#5982 = APPLICATION_PROTOCOL_DEFINITION ( 'international standard', 'config_control_design', 1994, #334 ) ;
#5983 = CARTESIAN_POINT ( 'NONE',  ( 0.1801415932645390183, 0.1972176798924991648, 0.04915786820275992036 ) ) ;
#5984 = CARTESIAN_POINT ( 'NONE',  ( 0.1750000000000000444, -0.2000000000000000111, 0.04500000000000000527 ) ) ;
#5985 = ADVANCED_FACE ( 'NONE', ( #6559 ), #2978, .F. ) ;
#5986 = CARTESIAN_POINT ( 'NONE',  ( 0.1950000000000000344, -0.1849999999999979439, 0.04500000000000000527 ) ) ;
#5987 = ORIENTED_EDGE ( 'NONE', *, *, #5865, .T. ) ;
#5988 = EDGE_CURVE ( 'NONE', #37, #4415, #3358, .T. ) ;
#5989 = ORIENTED_EDGE ( 'NONE', *, *, #2250, .T. ) ;
#5990 = CC_DESIGN_PERSON_AND_ORGANIZATION_ASSIGNMENT ( #4727, #4697, ( #2521 ) ) ;
#5991 = DIRECTION ( 'NONE',  ( 9.251858538542971581E-17, -1.000000000000000000, 0.000000000000000000 ) ) ;
#5992 = CARTESIAN_POINT ( 'NONE',  ( -0.004999999999999778927, -0.004999999999999792805, 0.000000000000000000 ) ) ;
#5993 = CARTESIAN_POINT ( 'NONE',  ( 0.000000000000000000, 0.1600000000000000311, 0.05000000000000000278 ) ) ;
#5994 = CARTESIAN_POINT ( 'NONE',  ( -0.1499999999999998557, -0.006621621621621632051, 0.01000000000000000888 ) ) ;
#5995 = ORIENTED_EDGE ( 'NONE', *, *, #1027, .T. ) ;
#5996 = CARTESIAN_POINT ( 'NONE',  ( -0.1917672579833528679, 0.1875253223957045745, 0.04991671642315679419 ) ) ;
#5997 = VECTOR ( 'NONE', #3020, 1.000000000000000000 ) ;
#5998 = CARTESIAN_POINT ( 'NONE',  ( -0.1499999999999998557, -0.01662162162162163226, 0.2999999999999999889 ) ) ;
#5999 = DATE_AND_TIME ( #2418, #3905 ) ;
#6000 = LINE ( 'NONE', #4363, #5392 ) ;
#6001 = ORIENTED_EDGE ( 'NONE', *, *, #5140, .F. ) ;
#6002 = EDGE_LOOP ( 'NONE', ( #647, #2859, #1266, #4600 ) ) ;
#6003 = AXIS2_PLACEMENT_3D ( 'NONE', #6141, #977, #3545 ) ;
#6004 = DIRECTION ( 'NONE',  ( 1.000000000000000000, 0.000000000000000000, 0.000000000000000000 ) ) ;
#6005 = EDGE_CURVE ( 'NONE', #6307, #6437, #4556, .T. ) ;
#6006 = PLANE ( 'NONE',  #4017 ) ;
#6007 = DIRECTION ( 'NONE',  ( 0.000000000000000000, 0.000000000000000000, 1.000000000000000000 ) ) ;
#6008 = DIRECTION ( 'NONE',  ( -1.000000000000000000, -0.000000000000000000, -0.000000000000000000 ) ) ;
#6009 = COORDINATED_UNIVERSAL_TIME_OFFSET ( 5, 30, .AHEAD. ) ;
#6010 = ORIENTED_EDGE ( 'NONE', *, *, #5274, .T. ) ;
#6011 = B_SPLINE_CURVE_WITH_KNOTS ( 'NONE', 3,
 ( #6509, #857, #384, #5979, #1916, #4441, #6014, #2431, #2358, #1411, #4377, #2330 ),
 .UNSPECIFIED., .F., .F.,
 ( 4, 2, 2, 2, 2, 4 ),
 ( 1.980348111104134864E-07, 0.003082399898074887450, 0.006164601761338664443, 0.009246803624602440569, 0.01078790455623436853, 0.01232900548786629476 ),
 .UNSPECIFIED. ) ;
#6012 = LINE ( 'NONE', #4530, #6557 ) ;
#6013 = EDGE_CURVE ( 'NONE', #4, #124, #431, .T. ) ;
#6014 = CARTESIAN_POINT ( 'NONE',  ( 0.1967684183173995516, -0.1831754988001035311, 0.04882561205224572598 ) ) ;
#6015 = ORIENTED_EDGE ( 'NONE', *, *, #5240, .T. ) ;
#6016 = APPROVAL_DATE_TIME ( #4344, #1789 ) ;
#6017 = DIRECTION ( 'NONE',  ( 1.000000000000000000, 1.850371707708594316E-16, -0.000000000000000000 ) ) ;
#6018 = ADVANCED_FACE ( 'NONE', ( #6106 ), #2548, .F. ) ;
#6019 = ADVANCED_FACE ( 'NONE', ( #1938 ), #402, .T. ) ;
#6020 = AXIS2_PLACEMENT_3D ( 'NONE', #4145, #651, #3164 ) ;
#6021 = VECTOR ( 'NONE', #2424, 1.000000000000000000 ) ;
#6022 = LINE ( 'NONE', #893, #4981 ) ;
#6023 = EDGE_LOOP ( 'NONE', ( #2883, #5018 ) ) ;
#6024 = DIRECTION ( 'NONE',  ( -1.000000000000000000, -0.000000000000000000, -0.000000000000000000 ) ) ;
#6025 = EDGE_LOOP ( 'NONE', ( #6052, #6363, #4106, #1676 ) ) ;
#6026 = VERTEX_POINT ( 'NONE', #1536 ) ;
#6027 = AXIS2_PLACEMENT_3D ( 'NONE', #76, #3727, #5763 ) ;
#6028 = EDGE_CURVE ( 'NONE', #6324, #104, #669, .T. ) ;
#6029 = EDGE_CURVE ( 'NONE', #6555, #4000, #3720, .T. ) ;
#6030 = CYLINDRICAL_SURFACE ( 'NONE', #5501, 0.01000000000000000888 ) ;
#6031 = CARTESIAN_POINT ( 'NONE',  ( 0.3863587921847251305, 0.02693000272970801773, 0.01189817711958566018 ) ) ;
#6032 = LINE ( 'NONE', #6101, #5891 ) ;
#6033 = LINE ( 'NONE', #5024, #6545 ) ;
#6034 = ORIENTED_EDGE ( 'NONE', *, *, #5449, .T. ) ;
#6035 = CARTESIAN_POINT ( 'NONE',  ( 0.2224190612913456988, 0.08438672637730935955, -0.02249529723753912469 ) ) ;
#6036 = VECTOR ( 'NONE', #4154, 1.000000000000000000 ) ;
#6037 = CARTESIAN_POINT ( 'NONE',  ( 0.1500000000000000222, 1.387778780781445984E-17, 0.05000000000000000278 ) ) ;
#6038 = CALENDAR_DATE ( 2026, 9, 1 ) ;
#6039 = CARTESIAN_POINT ( 'NONE',  ( -0.1499999999999999389, -0.1500000000000000777, 0.05000000000000000278 ) ) ;
#6040 = EDGE_CURVE ( 'NONE', #3479, #989, #4220, .T. ) ;
#6041 = EDGE_LOOP ( 'NONE', ( #4057, #3626, #2564, #6478 ) ) ;
#6042 = EDGE_LOOP ( 'NONE', ( #2566, #6145, #414, #4608 ) ) ;
#6043 = PLANE ( 'NONE',  #5264 ) ;
#6044 = AXIS2_PLACEMENT_3D ( 'NONE', #3234, #4246, #624 ) ;
#6045 = LINE ( 'NONE', #1441, #5511 ) ;
#6046 = DIRECTION ( 'NONE',  ( -1.000000000000000000, -1.665334536937734811E-16, -9.940819740238826336E-17 ) ) ;
#6047 = PLANE ( 'NONE',  #5373 ) ;
#6048 = DATE_AND_TIME ( #5139, #1834 ) ;
#6049 = VECTOR ( 'NONE', #4050, 1.000000000000000000 ) ;
#6050 = CC_DESIGN_PERSON_AND_ORGANIZATION_ASSIGNMENT ( #6212, #2167, ( #4904 ) ) ;
#6051 = DIRECTION ( 'NONE',  ( 0.000000000000000000, 0.000000000000000000, -1.000000000000000000 ) ) ;
#6052 = ORIENTED_EDGE ( 'NONE', *, *, #4824, .F. ) ;
#6053 = EDGE_CURVE ( 'NONE', #6541, #1694, #1703, .T. ) ;
#6054 = VECTOR ( 'NONE', #2185, 1.000000000000000000 ) ;
#6055 = VECTOR ( 'NONE', #4045, 1.000000000000000000 ) ;
#6056 = APPROVAL_PERSON_ORGANIZATION ( #613, #755, #6189 ) ;
#6057 = PERSON_AND_ORGANIZATION_ROLE ( 'classification_officer' ) ;
#6058 = CARTESIAN_POINT ( 'NONE',  ( -0.1907800785013717970, -0.1875882930951806582, 0.04999741110088756768 ) ) ;
#6059 = CARTESIAN_POINT ( 'NONE',  ( -0.1950000000000000622, 0.1849999999999999978, 0.000000000000000000 ) ) ;
#6060 = ORIENTED_EDGE ( 'NONE', *, *, #6592, .T. ) ;
#6061 = LOCAL_TIME ( 23, 23, 15.00000000000000000, #3364 ) ;
#6062 = CARTESIAN_POINT ( 'NONE',  ( 0.2000000000000000389, -0.1599999999999999756, 0.006999999999999966319 ) ) ;
#6063 = ORIENTED_EDGE ( 'NONE', *, *, #6565, .T. ) ;
#6064 = CC_DESIGN_SECURITY_CLASSIFICATION ( #1781, ( #6655 ) ) ;
#6065 = DIRECTION ( 'NONE',  ( -1.850371707708594316E-16, 1.000000000000000000, 0.000000000000000000 ) ) ;
#6066 = EDGE_CURVE ( 'NONE', #570, #247, #1541, .T. ) ;
#6067 = DIRECTION ( 'NONE',  ( 0.000000000000000000, 0.000000000000000000, 1.000000000000000000 ) ) ;
#6068 = CARTESIAN_POINT ( 'NONE',  ( 0.2463587921847247009, 0.1000000000000000056, -0.08836589698046184993 ) ) ;
#6069 = CARTESIAN_POINT ( 'NONE',  ( 0.1410585665111800391, 0.01927020445222362224, -0.02116516305992617239 ) ) ;
#6070 = ORIENTED_EDGE ( 'NONE', *, *, #5526, .F. ) ;
#6071 = CC_DESIGN_APPROVAL ( #1601, ( #606 ) ) ;
#6072 = FACE_OUTER_BOUND ( 'NONE', #3334, .T. ) ;
#6073 = EDGE_CURVE ( 'NONE', #1872, #6555, #3385, .T. ) ;
#6074 = CARTESIAN_POINT ( 'NONE',  ( -0.1536412078152752936, 0.1000000000000000056, -0.08836589698046184993 ) ) ;
#6075 = DATE_TIME_ROLE ( 'classification_date' ) ;
#6076 = EDGE_CURVE ( 'NONE', #1001, #1364, #6211, .T. ) ;
#6077 = DIRECTION ( 'NONE',  ( -0.000000000000000000, -0.000000000000000000, 1.000000000000000000 ) ) ;
#6078 = CARTESIAN_POINT ( 'NONE',  ( 0.1300000000000000877, 0.08004504504504503237, 0.01000000000000000888 ) ) ;
#6079 = VERTEX_POINT ( 'NONE', #159 ) ;
#6080 = EDGE_CURVE ( 'NONE', #4236, #4577, #633, .T. ) ;
#6081 = ORIENTED_EDGE ( 'NONE', *, *, #5608, .T. ) ;
#6082 = EDGE_CURVE ( 'NONE', #4304, #2131, #5692, .T. ) ;
#6083 = DIRECTION ( 'NONE',  ( 3.965082230804130220E-16, 0.000000000000000000, 1.000000000000000000 ) ) ;
#6084 = CARTESIAN_POINT ( 'NONE',  ( -0.1874883944369562239, 0.1922540963174559914, 0.04983210001426702923 ) ) ;
#6085 = CARTESIAN_POINT ( 'NONE',  ( 1.312827173985365192, 1.393024177594289537, 1.204163766236932664 ) ) ;
#6086 = DIRECTION ( 'NONE',  ( 1.000000000000000000, -8.410780489584517938E-17, 0.000000000000000000 ) ) ;
#6087 = PLANE ( 'NONE',  #537 ) ;
#6088 = VERTEX_POINT ( 'NONE', #2208 ) ;
#6089 = ORIENTED_EDGE ( 'NONE', *, *, #2197, .T. ) ;
#6090 = SECURITY_CLASSIFICATION_LEVEL ( 'unclassified' ) ;
#6091 = CARTESIAN_POINT ( 'NONE',  ( -0.1957108404677592173, -0.1871259811968330744, 0.04800953884536363070 ) ) ;
#6092 = CARTESIAN_POINT ( 'NONE',  ( -0.3279746835443030917, 0.07430379746835438781, 0.5799999999999999600 ) ) ;
#6093 = VERTEX_POINT ( 'NONE', #2109 ) ;
#6094 = CARTESIAN_POINT ( 'NONE',  ( -0.3279746835443030917, 0.07430379746835438781, 0.5799999999999999600 ) ) ;
#6095 = ORIENTED_EDGE ( 'NONE', *, *, #5206, .T. ) ;
#6096 = ORIENTED_EDGE ( 'NONE', *, *, #3873, .F. ) ;
#6097 = CC_DESIGN_PERSON_AND_ORGANIZATION_ASSIGNMENT ( #1906, #1010, ( #1825 ) ) ;
#6098 = DIRECTION ( 'NONE',  ( 3.330669073875469621E-15, 1.000000000000000000, 0.000000000000000000 ) ) ;
#6099 = AXIS2_PLACEMENT_3D ( 'NONE', #1235, #840, #4849 ) ;
#6100 = DIRECTION ( 'NONE',  ( 0.7071067811865437980, 0.7071067811865512365, 0.000000000000000000 ) ) ;
#6101 = CARTESIAN_POINT ( 'NONE',  ( 0.2000000000000000111, 4.163336342344337027E-17, 0.04500000000000000527 ) ) ;
#6102 = ADVANCED_FACE ( 'NONE', ( #1635 ), #1605, .F. ) ;
#6103 = CARTESIAN_POINT ( 'NONE',  ( -0.1760375956093722383, -0.1975000000000002309, 0.04933012701892228180 ) ) ;
#6104 = ORIENTED_EDGE ( 'NONE', *, *, #3515, .F. ) ;
#6105 = CARTESIAN_POINT ( 'NONE',  ( -0.1650000000000000355, 0.1549999999999999989, 0.04792893218813454315 ) ) ;
#6106 = FACE_OUTER_BOUND ( 'NONE', #4918, .T. ) ;
#6107 = DATE_AND_TIME ( #1434, #4988 ) ;
#6108 = LINE ( 'NONE', #2980, #546 ) ;
#6109 = DIRECTION ( 'NONE',  ( 0.000000000000000000, -1.000000000000000000, 0.000000000000000000 ) ) ;
#6110 = EDGE_CURVE ( 'NONE', #4000, #5679, #3634, .T. ) ;
#6111 = ORIENTED_EDGE ( 'NONE', *, *, #375, .F. ) ;
#6112 = ORIENTED_EDGE ( 'NONE', *, *, #1958, .F. ) ;
#6113 = DIRECTION ( 'NONE',  ( 1.000000000000000000, 1.850371707708594316E-16, 0.000000000000000000 ) ) ;
#6114 = LINE ( 'NONE', #953, #2413 ) ;
#6115 = CARTESIAN_POINT ( 'NONE',  ( 1.233123470281661804, 1.497454357176773332, 1.031968952769730441 ) ) ;
#6116 = DIRECTION ( 'NONE',  ( -1.000000000000000000, 3.330669073875464888E-15, 0.000000000000000000 ) ) ;
#6117 = LINE ( 'NONE', #2055, #3558 ) ;
#6118 = ORIENTED_EDGE ( 'NONE', *, *, #4371, .T. ) ;
#6119 = VECTOR ( 'NONE', #4644, 1.000000000000000000 ) ;
#6120 = ORIENTED_EDGE ( 'NONE', *, *, #2801, .F. ) ;
#6121 = APPROVAL_PERSON_ORGANIZATION ( #542, #3971, #5538 ) ;
#6122 = SECURITY_CLASSIFICATION_LEVEL ( 'unclassified' ) ;
#6123 = VECTOR ( 'NONE', #3324, 1.000000000000000000 ) ;
#6124 = CARTESIAN_POINT ( 'NONE',  ( 0.1846728183024186343, 0.1964631743709722989, 0.04853701447639879180 ) ) ;
#6125 = ORIENTED_EDGE ( 'NONE', *, *, #3961, .F. ) ;
#6126 = FACE_OUTER_BOUND ( 'NONE', #5296, .T. ) ;
#6127 = ORIENTED_EDGE ( 'NONE', *, *, #3204, .F. ) ;
#6128 = VERTEX_POINT ( 'NONE', #3139 ) ;
#6129 = FACE_OUTER_BOUND ( 'NONE', #5613, .T. ) ;
#6130 = CLOSED_SHELL ( 'NONE', ( #1028, #6380, #815, #1416, #5777, #4653, #445, #1798, #5734, #11, #559, #1682, #4343, #4089, #1056, #2655, #4190, #1346, #2586 ) ) ;
#6131 =( BOUNDED_CURVE ( )  B_SPLINE_CURVE ( 3, ( #2517, #5030, #5597, #1011 ),
 .UNSPECIFIED., .F., .T. ) 
 B_SPLINE_CURVE_WITH_KNOTS ( ( 4, 4 ),
 ( 3.141592653589793116, 4.712388980384693227 ),
 .UNSPECIFIED. ) 
 CURVE ( )  GEOMETRIC_REPRESENTATION_ITEM ( )  RATIONAL_B_SPLINE_CURVE ( ( 1.000000000000000000, 0.8047378541243641603, 0.8047378541243641603, 1.000000000000000000 ) ) 
 REPRESENTATION_ITEM ( '' )  );
#6132 = CYLINDRICAL_SURFACE ( 'NONE', #590, 0.009999999999999981126 ) ;
#6133 = DIRECTION ( 'NONE',  ( 0.000000000000000000, -0.000000000000000000, -1.000000000000000000 ) ) ;
#6134 = AXIS2_PLACEMENT_3D ( 'NONE', #4061, #3591, #4500 ) ;
#6135 = CARTESIAN_POINT ( 'NONE',  ( -0.1499999999999998557, -0.006621621621621632051, 0.2899999999999999800 ) ) ;
#6136 = ORIENTED_EDGE ( 'NONE', *, *, #3595, .T. ) ;
#6137 = VECTOR ( 'NONE', #1575, 1.000000000000000000 ) ;
#6138 = CARTESIAN_POINT ( 'NONE',  ( -0.03836621651411734751, 0.08273057862395741258, -0.01718409698751309500 ) ) ;
#6139 = CARTESIAN_POINT ( 'NONE',  ( 0.2000000000000000111, 4.163336342344337027E-17, 0.05000000000000000278 ) ) ;
#6140 = COORDINATED_UNIVERSAL_TIME_OFFSET ( 5, 30, .AHEAD. ) ;
#6141 = CARTESIAN_POINT ( 'NONE',  ( -0.004999999999999811887, 0.004999999999999798876, 0.05000000000000000278 ) ) ;
#6142 = VECTOR ( 'NONE', #705, 1.000000000000000000 ) ;
#6143 = AXIS2_PLACEMENT_3D ( 'NONE', #5962, #2313, #1299 ) ;
#6144 = CARTESIAN_POINT ( 'NONE',  ( 0.2196941216910617278, -0.2035591292929512242, 0.007492009014700550668 ) ) ;
#6145 = ORIENTED_EDGE ( 'NONE', *, *, #1911, .T. ) ;
#6146 = EDGE_CURVE ( 'NONE', #1595, #2366, #127, .T. ) ;
#6147 = ORIENTED_EDGE ( 'NONE', *, *, #1759, .T. ) ;
#6148 = LINE ( 'NONE', #3587, #782 ) ;
#6149 = CARTESIAN_POINT ( 'NONE',  ( -0.3179746835443037489, 0.09430379746835439170, 0.9000000000000000222 ) ) ;
#6150 = DIRECTION ( 'NONE',  ( -1.000000000000000000, -2.970929372695108922E-16, -1.607131312086911070E-16 ) ) ;
#6151 = DIRECTION ( 'NONE',  ( 0.000000000000000000, 0.000000000000000000, -1.000000000000000000 ) ) ;
#6152 = DATE_TIME_ROLE ( 'classification_date' ) ;
#6153 = CARTESIAN_POINT ( 'NONE',  ( -0.04797468354430373116, -0.2056962025316456111, 0.000000000000000000 ) ) ;
#6154 = ORIENTED_EDGE ( 'NONE', *, *, #797, .T. ) ;
#6155 = ORIENTED_EDGE ( 'NONE', *, *, #929, .T. ) ;
#6156 = AXIS2_PLACEMENT_3D ( 'NONE', #4010, #2903, #6065 ) ;
#6157 = EDGE_CURVE ( 'NONE', #3963, #6093, #3614, .T. ) ;
#6158 = APPROVAL_ROLE ( '' ) ;
#6159 = CARTESIAN_POINT ( 'NONE',  ( -0.1338557502967324953, 0.07905895887794889276, -0.006253007017967955779 ) ) ;
#6160 = EDGE_CURVE ( 'NONE', #5368, #5045, #5193, .T. ) ;
#6161 = ORIENTED_EDGE ( 'NONE', *, *, #6293, .T. ) ;
#6162 =( GEOMETRIC_REPRESENTATION_CONTEXT ( 3 ) GLOBAL_UNCERTAINTY_ASSIGNED_CONTEXT ( ( #69 ) ) GLOBAL_UNIT_ASSIGNED_CONTEXT ( ( #3264, #1088, #3629 ) ) REPRESENTATION_CONTEXT ( 'NONE', 'WORKASPACE' ) );
#6163 = DIRECTION ( 'NONE',  ( -1.850371707708593330E-16, 1.000000000000000000, -0.000000000000000000 ) ) ;
#6164 = EDGE_LOOP ( 'NONE', ( #1711, #2220, #1394, #3022 ) ) ;
#6165 = VERTEX_POINT ( 'NONE', #531 ) ;
#6166 = ADVANCED_FACE ( 'NONE', ( #100 ), #1200, .T. ) ;
#6167 = AXIS2_PLACEMENT_3D ( 'NONE', #5257, #6311, #5661 ) ;
#6168 = CARTESIAN_POINT ( 'NONE',  ( -0.2281976744186047790, 0.02078488372093021536, 0.1000000000000000056 ) ) ;
#6169 = VECTOR ( 'NONE', #4069, 1.000000000000000000 ) ;
#6170 = DIRECTION ( 'NONE',  ( -9.251858538542971581E-17, 1.000000000000000000, -0.000000000000000000 ) ) ;
#6171 = SECURITY_CLASSIFICATION ( '', '', #2379 ) ;
#6172 = PLANE ( 'NONE',  #1927 ) ;
#6173 = CARTESIAN_POINT ( 'NONE',  ( -0.1770694492525099473, -0.1974641116345297043, 0.04931000113455281247 ) ) ;
#6174 = ORIENTED_EDGE ( 'NONE', *, *, #5556, .T. ) ;
#6175 = B_SPLINE_CURVE_WITH_KNOTS ( 'NONE', 3,
 ( #2328, #1469, #311, #5440, #2357, #3517, #5374, #1257, #2580, #4623, #2014, #637, #4659, #3547, #73, #4590 ),
 .UNSPECIFIED., .F., .F.,
 ( 4, 2, 2, 2, 2, 2, 2, 4 ),
 ( 0.03130013059475316578, 0.03857355092046847733, 0.04221026108332613658, 0.04402861616475496620, 0.04584697124618380276, 0.05312039157189913513, 0.05675710173475681519, 0.06039381189761448832 ),
 .UNSPECIFIED. ) ;
#6176 = LOCAL_TIME ( 23, 23, 15.00000000000000000, #5509 ) ;
#6177 = DIRECTION ( 'NONE',  ( -1.000000000000000000, -0.000000000000000000, -0.000000000000000000 ) ) ;
#6178 = PLANE ( 'NONE',  #5930 ) ;
#6179 = MECHANICAL_CONTEXT ( 'NONE', #2101, 'mechanical' ) ;
#6180 = CARTESIAN_POINT ( 'NONE',  ( -0.1399999999999996803, 0.03504504504504502710, 0.01999999999999999695 ) ) ;
#6181 = ADVANCED_FACE ( 'NONE', ( #5659 ), #6178, .F. ) ;
#6182 = SECURITY_CLASSIFICATION ( '', '', #4173 ) ;
#6183 = CARTESIAN_POINT ( 'NONE',  ( 0.2199521761297202338, -0.2014276225027878120, 0.008991062323247532226 ) ) ;
#6184 = VERTEX_POINT ( 'NONE', #2340 ) ;
#6185 = VERTEX_POINT ( 'NONE', #1297 ) ;
#6186 = CARTESIAN_POINT ( 'NONE',  ( 0.1875742064303531909, 0.1910286974282809913, 0.04998966905290153084 ) ) ;
#6187 = CC_DESIGN_DATE_AND_TIME_ASSIGNMENT ( #3735, #234, ( #4559 ) ) ;
#6188 = DIRECTION ( 'NONE',  ( 0.000000000000000000, -1.000000000000000000, 0.000000000000000000 ) ) ;
#6189 = APPROVAL_ROLE ( '' ) ;
#6190 = LINE ( 'NONE', #1986, #5589 ) ;
#6191 = ADVANCED_FACE ( 'NONE', ( #5890 ), #4921, .T. ) ;
#6192 = ORIENTED_EDGE ( 'NONE', *, *, #4146, .T. ) ;
#6193 = ORIENTED_EDGE ( 'NONE', *, *, #4753, .T. ) ;
#6194 = EDGE_CURVE ( 'NONE', #5450, #506, #4387, .T. ) ;
#6195 = DATE_TIME_ROLE ( 'classification_date' ) ;
#6196 = CARTESIAN_POINT ( 'NONE',  ( -0.1521821644251517835, 0.05884044717131910185, 0.04378347506561493241 ) ) ;
#6197 = ORIENTED_EDGE ( 'NONE', *, *, #4609, .T. ) ;
#6198 = EDGE_CURVE ( 'NONE', #4662, #4568, #608, .T. ) ;
#6199 = CARTESIAN_POINT ( 'NONE',  ( -0.3179746835443037489, 0.09430379746835439170, 0.5999999999999999778 ) ) ;
#6200 = EDGE_LOOP ( 'NONE', ( #4218, #1111, #6192, #4986 ) ) ;
#6201 = EDGE_LOOP ( 'NONE', ( #2633, #5148, #5133, #5384 ) ) ;
#6202 = CARTESIAN_POINT ( 'NONE',  ( -0.3279746835443037023, -0.1956962025316456022, 0.9000000000000000222 ) ) ;
#6203 = CARTESIAN_POINT ( 'NONE',  ( 0.2002962962962963611, 0.06211111111111107530, 0.02999999999999999889 ) ) ;
#6204 = EDGE_CURVE ( 'NONE', #1508, #4008, #4354, .T. ) ;
#6205 = LINE ( 'NONE', #3677, #3857 ) ;
#6206 = CARTESIAN_POINT ( 'NONE',  ( -0.04797468354430373116, -0.2056962025316456111, 0.9000000000000000222 ) ) ;
#6207 = ORIENTED_EDGE ( 'NONE', *, *, #215, .F. ) ;
#6208 = PRODUCT_DEFINITION ( 'UNKNOWN', '', #2521, #4888 ) ;
#6209 = DIRECTION ( 'NONE',  ( 1.000000000000000000, 0.000000000000000000, 0.000000000000000000 ) ) ;
#6210 = ADVANCED_BREP_SHAPE_REPRESENTATION ( '', ( #45, #1868 ), #5831 ) ;
#6211 = LINE ( 'NONE', #2139, #1014 ) ;
#6212 = PERSON_AND_ORGANIZATION ( #6361, #58 ) ;
#6213 = DIRECTION ( 'NONE',  ( 0.000000000000000000, 0.000000000000000000, -1.000000000000000000 ) ) ;
#6214 = CARTESIAN_POINT ( 'NONE',  ( 0.000000000000000000, -0.1950000000000000622, 0.000000000000000000 ) ) ;
#6215 = ORIENTED_EDGE ( 'NONE', *, *, #2414, .T. ) ;
#6216 = ORIENTED_EDGE ( 'NONE', *, *, #6538, .T. ) ;
#6217 = DIRECTION ( 'NONE',  ( 0.000000000000000000, 1.000000000000000000, -0.000000000000000000 ) ) ;
#6218 = CARTESIAN_POINT ( 'NONE',  ( 0.1871049384543297944, -0.1958718940557432620, 0.04782112412222356418 ) ) ;
#6219 = CALENDAR_DATE ( 2026, 9, 1 ) ;
#6220 = DIRECTION ( 'NONE',  ( -1.000000000000000000, 0.000000000000000000, -0.000000000000000000 ) ) ;
#6221 = VERTEX_POINT ( 'NONE', #5357 ) ;
#6222 = ORIENTED_EDGE ( 'NONE', *, *, #4044, .T. ) ;
#6223 =( LENGTH_UNIT ( ) NAMED_UNIT ( * ) SI_UNIT ( $, .METRE. ) );
#6224 = VECTOR ( 'NONE', #3573, 1.000000000000000000 ) ;
#6225 = CARTESIAN_POINT ( 'NONE',  ( -0.1386910766277478224, 0.07556567278050863035, 0.003569283981479572446 ) ) ;
#6226 = DIRECTION ( 'NONE',  ( 0.000000000000000000, 0.000000000000000000, 1.000000000000000000 ) ) ;
#6227 = ORIENTED_EDGE ( 'NONE', *, *, #3930, .T. ) ;
#6228 = CARTESIAN_POINT ( 'NONE',  ( 0.1400000000000001243, -0.006621621621621632051, 0.02000000000000001776 ) ) ;
#6229 = EDGE_CURVE ( 'NONE', #5699, #265, #1328, .T. ) ;
#6230 = EDGE_LOOP ( 'NONE', ( #5216, #6299, #4376, #2359 ) ) ;
#6231 = EDGE_CURVE ( 'NONE', #1903, #4836, #4314, .T. ) ;
#6232 = DIRECTION ( 'NONE',  ( -0.000000000000000000, 1.000000000000000000, -0.000000000000000000 ) ) ;
#6233 = CARTESIAN_POINT ( 'NONE',  ( 0.03755584711634228634, 0.05342640253965293129, -0.02783887593192082774 ) ) ;
#6234 = SECURITY_CLASSIFICATION ( '', '', #6536 ) ;
#6235 = CARTESIAN_POINT ( 'NONE',  ( 0.3064341569168887447, 0.01492344369854662831, 0.05856940347983921602 ) ) ;
#6236 = CARTESIAN_POINT ( 'NONE',  ( 0.07029629629629635668, 0.01211111111111107252, 0.2703701166919154630 ) ) ;
#6237 = VERTEX_POINT ( 'NONE', #3251 ) ;
#6238 = EDGE_CURVE ( 'NONE', #5267, #5823, #149, .T. ) ;
#6239 = DIRECTION ( 'NONE',  ( 7.116814260417669499E-17, -1.000000000000000000, -0.000000000000000000 ) ) ;
#6240 = CARTESIAN_POINT ( 'NONE',  ( -0.3279746835443038133, -0.1956962025316451026, 0.6100000000000000977 ) ) ;
#6241 = APPROVAL_ROLE ( '' ) ;
#6242 = DIRECTION ( 'NONE',  ( 0.000000000000000000, 0.000000000000000000, -1.000000000000000000 ) ) ;
#6243 = AXIS2_PLACEMENT_3D ( 'NONE', #3623, #3117, #4631 ) ;
#6244 = CIRCLE ( 'NONE', #3343, 0.01999999999999996225 ) ;
#6245 = ADVANCED_FACE ( 'NONE', ( #323, #770 ), #6372, .T. ) ;
#6246 = LINE ( 'NONE', #2551, #6421 ) ;
#6247 = VERTEX_POINT ( 'NONE', #1270 ) ;
#6248 = ORIENTED_EDGE ( 'NONE', *, *, #3940, .F. ) ;
#6249 = DIRECTION ( 'NONE',  ( 0.000000000000000000, 0.000000000000000000, -1.000000000000000000 ) ) ;
#6250 = CARTESIAN_POINT ( 'NONE',  ( -0.1872898800149757348, 0.1943474284742984226, 0.04908170038110454964 ) ) ;
#6251 = SECURITY_CLASSIFICATION_LEVEL ( 'unclassified' ) ;
#6252 = CARTESIAN_POINT ( 'NONE',  ( -0.1750000000000000444, 0.1975000000000000089, 0.04933012701892219853 ) ) ;
#6253 = EDGE_CURVE ( 'NONE', #4931, #5031, #4319, .T. ) ;
#6254 = VERTEX_POINT ( 'NONE', #250 ) ;
#6255 = CARTESIAN_POINT ( 'NONE',  ( -0.3379746835443037667, 0.09430379746835439170, 0.9000000000000000222 ) ) ;
#6256 = CARTESIAN_POINT ( 'NONE',  ( -0.05797468354430375392, 0.09430379746835439170, 0.8800000000000000044 ) ) ;
#6257 = ITEM_DEFINED_TRANSFORMATION ( 'NONE', 'NONE', #6271,  #1868 ) ;
#6258 = LINE ( 'NONE', #4207, #3982 ) ;
#6259 = DIRECTION ( 'NONE',  ( 0.000000000000000000, -1.000000000000000000, 0.000000000000000000 ) ) ;
#6260 = ORIENTED_EDGE ( 'NONE', *, *, #4858, .T. ) ;
#6261 = EDGE_CURVE ( 'NONE', #521, #6294, #1459, .T. ) ;
#6262 = AXIS2_PLACEMENT_3D ( 'NONE', #299, #6418, #4397 ) ;
#6263 = DIRECTION ( 'NONE',  ( 9.251858538542971581E-17, -1.000000000000000000, 0.000000000000000000 ) ) ;
#6264 = ORIENTED_EDGE ( 'NONE', *, *, #2250, .F. ) ;
#6265 = AXIS2_PLACEMENT_3D ( 'NONE', #2506, #1390, #2931 ) ;
#6266 = ADVANCED_FACE ( 'NONE', ( #3032 ), #5954, .T. ) ;
#6267 = EDGE_CURVE ( 'NONE', #5049, #75, #1155, .T. ) ;
#6268 = LINE ( 'NONE', #4151, #1650 ) ;
#6269 = EDGE_CURVE ( 'NONE', #4, #3759, #6626, .T. ) ;
#6270 = CARTESIAN_POINT ( 'NONE',  ( 0.03164977326104717603, 0.06186216698701992728, -0.02713021315207974488 ) ) ;
#6271 = AXIS2_PLACEMENT_3D ( 'NONE', #5571, #5109, #4059 ) ;
#6272 = PLANE ( 'NONE',  #6394 ) ;
#6273 = CARTESIAN_POINT ( 'NONE',  ( 0.1871049384543297944, -0.1958718940557432620, 0.04782112412222356418 ) ) ;
#6274 = EDGE_CURVE ( 'NONE', #2184, #4415, #5451, .T. ) ;
#6275 = FACE_OUTER_BOUND ( 'NONE', #17, .T. ) ;
#6276 = ORIENTED_EDGE ( 'NONE', *, *, #1197, .T. ) ;
#6277 = AXIS2_PLACEMENT_3D ( 'NONE', #6092, #2535, #5081 ) ;
#6278 = PRODUCT_DEFINITION_FORMATION_WITH_SPECIFIED_SOURCE ( 'ANY', '', #2221, .NOT_KNOWN. ) ;
#6279 = CARTESIAN_POINT ( 'NONE',  ( -0.1749999999999999889, -0.2000000000000000111, 0.05000000000000000278 ) ) ;
#6280 = CALENDAR_DATE ( 2026, 9, 1 ) ;
#6281 = DIRECTION ( 'NONE',  ( 1.000000000000000000, -0.000000000000000000, 0.000000000000000000 ) ) ;
#6282 = FACE_OUTER_BOUND ( 'NONE', #285, .T. ) ;
#6283 = VECTOR ( 'NONE', #4395, 1.000000000000000000 ) ;
#6284 = CARTESIAN_POINT ( 'NONE',  ( 0.004999999999999759845, -0.004999999999999772855, 0.05000000000000000278 ) ) ;
#6285 = EDGE_LOOP ( 'NONE', ( #3636, #6350, #4034, #1191, #4539, #2066 ) ) ;
#6286 = CC_DESIGN_APPROVAL ( #641, ( #1825 ) ) ;
#6287 = VERTEX_POINT ( 'NONE', #2002 ) ;
#6288 = CARTESIAN_POINT ( 'NONE',  ( -0.1118220774239127163, 0.04702357352437010890, 0.05565181855517126186 ) ) ;
#6289 = CARTESIAN_POINT ( 'NONE',  ( 0.2199999999999999734, -0.2099999999999999645, 0.06699999999999996236 ) ) ;
#6290 = DATE_TIME_ROLE ( 'classification_date' ) ;
#6291 = CARTESIAN_POINT ( 'NONE',  ( 0.1200000000000001066, 0.08337837837837835941, 0.2999999999999999889 ) ) ;
#6292 = LOCAL_TIME ( 23, 23, 15.00000000000000000, #650 ) ;
#6293 = EDGE_CURVE ( 'NONE', #5345, #1727, #6551, .T. ) ;
#6294 = VERTEX_POINT ( 'NONE', #360 ) ;
#6295 = FACE_OUTER_BOUND ( 'NONE', #5161, .T. ) ;
#6296 = DATE_AND_TIME ( #683, #2739 ) ;
#6297 = FACE_OUTER_BOUND ( 'NONE', #5310, .T. ) ;
#6298 = DIRECTION ( 'NONE',  ( -0.000000000000000000, -0.000000000000000000, -1.000000000000000000 ) ) ;
#6299 = ORIENTED_EDGE ( 'NONE', *, *, #4504, .T. ) ;
#6300 = LINE ( 'NONE', #5344, #474 ) ;
#6301 = ORIENTED_EDGE ( 'NONE', *, *, #5181, .F. ) ;
#6302 = CARTESIAN_POINT ( 'NONE',  ( -0.1199999999999998568, -0.01662162162162163226, 0.2700000000000000178 ) ) ;
#6303 = APPLICATION_CONTEXT ( 'configuration controlled 3d designs of mechanical parts and assemblies' ) ;
#6304 = CARTESIAN_POINT ( 'NONE',  ( 0.03277475544832030713, 0.05890646293165550940, -0.02727429187330601343 ) ) ;
#6305 = CARTESIAN_POINT ( 'NONE',  ( 0.3035967047113207751, 0.003903984700152911009, 0.05422744803448856926 ) ) ;
#6306 = CARTESIAN_POINT ( 'NONE',  ( 0.000000000000000000, -0.01000000000000000021, 0.2899999999999999800 ) ) ;
#6307 = VERTEX_POINT ( 'NONE', #5552 ) ;
#6308 = EDGE_CURVE ( 'NONE', #1267, #2394, #5394, .T. ) ;
#6309 = CARTESIAN_POINT ( 'NONE',  ( -0.1499999999999996891, 0.03337837837837837052, 0.02999999999999997113 ) ) ;
#6310 = CARTESIAN_POINT ( 'NONE',  ( 0.1500000000000001332, -0.01662162162162163226, 0.2999999999999999889 ) ) ;
#6311 = DIRECTION ( 'NONE',  ( 0.000000000000000000, 1.000000000000000000, 0.000000000000000000 ) ) ;
#6312 = EDGE_CURVE ( 'NONE', #967, #5699, #2509, .T. ) ;
#6313 = CARTESIAN_POINT ( 'NONE',  ( 0.000000000000000000, -0.1500000000000000777, 0.04500000000000000527 ) ) ;
#6314 = CARTESIAN_POINT ( 'NONE',  ( 0.003832072634843634862, 0.02218416140000025946, -0.02217572510227402635 ) ) ;
#6315 = ORIENTED_EDGE ( 'NONE', *, *, #1464, .T. ) ;
#6316 = AXIS2_PLACEMENT_3D ( 'NONE', #5921, #6226, #3737 ) ;
#6317 = CARTESIAN_POINT ( 'NONE',  ( -0.04797468354430373116, 0.09430379746835439170, 0.9000000000000000222 ) ) ;
#6318 = CARTESIAN_POINT ( 'NONE',  ( -0.1570710678118650283, -0.1599999999999999756, 0.05000000000000000278 ) ) ;
#6319 = SHAPE_DEFINITION_REPRESENTATION ( #5270, #3207 ) ;
#6320 = DIRECTION ( 'NONE',  ( 0.000000000000000000, 1.000000000000000000, 0.000000000000000000 ) ) ;
#6321 = EDGE_CURVE ( 'NONE', #2991, #3269, #395, .T. ) ;
#6322 = AXIS2_PLACEMENT_3D ( 'NONE', #2857, #3398, #4406 ) ;
#6323 = ORIENTED_EDGE ( 'NONE', *, *, #5155, .T. ) ;
#6324 = VERTEX_POINT ( 'NONE', #969 ) ;
#6325 = CALENDAR_DATE ( 2026, 9, 1 ) ;
#6326 = CARTESIAN_POINT ( 'NONE',  ( 0.2190223706451943364, -0.1645645389006539505, 0.005682276310796105859 ) ) ;
#6327 = CARTESIAN_POINT ( 'NONE',  ( -0.2281976744186047790, 0.02078488372093021536, 0.1000000000000000056 ) ) ;
#6328 = ORIENTED_EDGE ( 'NONE', *, *, #1761, .F. ) ;
#6329 = CARTESIAN_POINT ( 'NONE',  ( 0.000000000000000000, 0.1549999999999999156, 0.04500000000000000527 ) ) ;
#6330 = EDGE_LOOP ( 'NONE', ( #513, #2596, #6407, #2099 ) ) ;
#6331 = VECTOR ( 'NONE', #3960, 1.000000000000000000 ) ;
#6332 = UNCERTAINTY_MEASURE_WITH_UNIT (LENGTH_MEASURE( 1.000000000000000082E-05 ), #3926, 'distance_accuracy_value', 'NONE');
#6333 = FACE_OUTER_BOUND ( 'NONE', #207, .T. ) ;
#6334 = CARTESIAN_POINT ( 'NONE',  ( 0.05504747780307498589, 0.04332251841102905537, -0.02924771161586389029 ) ) ;
#6335 = CARTESIAN_POINT ( 'NONE',  ( -0.05970370370370361307, -0.1878888888888889386, 0.000000000000000000 ) ) ;
#6336 = DIRECTION ( 'NONE',  ( 0.000000000000000000, 0.000000000000000000, -1.000000000000000000 ) ) ;
#6337 = VERTEX_POINT ( 'NONE', #4453 ) ;
#6338 = CYLINDRICAL_SURFACE ( 'NONE', #5235, 0.005000000000000004441 ) ;
#6339 = CARTESIAN_POINT ( 'NONE',  ( 0.2860725136542173197, 0.09428417897196175734, -0.05950648197849992688 ) ) ;
#6340 = CARTESIAN_POINT ( 'NONE',  ( 0.1550000000000000266, 0.1549999999999999156, 0.05000000000000000278 ) ) ;
#6341 = VECTOR ( 'NONE', #5564, 1.000000000000000000 ) ;
#6342 = DIRECTION ( 'NONE',  ( 0.000000000000000000, 1.000000000000000000, 0.000000000000000000 ) ) ;
#6343 = FACE_OUTER_BOUND ( 'NONE', #6042, .T. ) ;
#6344 = ORIENTED_EDGE ( 'NONE', *, *, #3525, .F. ) ;
#6345 = CARTESIAN_POINT ( 'NONE',  ( -0.05797468354430372617, -0.1856962025316456488, 0.2999999999999999334 ) ) ;
#6346 = DIRECTION ( 'NONE',  ( 0.000000000000000000, -0.000000000000000000, 1.000000000000000000 ) ) ;
#6347 = DATE_TIME_ROLE ( 'classification_date' ) ;
#6348 = CARTESIAN_POINT ( 'NONE',  ( 0.1649999999999999800, -0.1549999999999982225, 0.04500000000000000527 ) ) ;
#6349 = VECTOR ( 'NONE', #5846, 1.000000000000000000 ) ;
#6350 = ORIENTED_EDGE ( 'NONE', *, *, #4916, .F. ) ;
#6351 = ADVANCED_FACE ( 'NONE', ( #3001 ), #6030, .T. ) ;
#6352 = VERTEX_POINT ( 'NONE', #1899 ) ;
#6353 = AXIS2_PLACEMENT_3D ( 'NONE', #1701, #3135, #3747 ) ;
#6354 = SHAPE_REPRESENTATION_RELATIONSHIP ( 'NONE' , 'NONE' ,  #5905, #2754 ) ;
#6355 = B_SPLINE_CURVE_WITH_KNOTS ( 'NONE', 3,
 ( #246, #629, #4715, #153, #1665, #4310, #2234, #1766, #3245, #123, #4252, #6273 ),
 .UNSPECIFIED., .F., .F.,
 ( 4, 2, 2, 2, 2, 4 ),
 ( 1.997633091073923124E-07, 0.003105454620134076148, 0.006210709476959044330, 0.009315964333784013812, 0.01086859176219650419, 0.01242121919060899631 ),
 .UNSPECIFIED. ) ;
#6356 = ITEM_DEFINED_TRANSFORMATION ( 'NONE', 'NONE', #3363,  #1868 ) ;
#6357 = CARTESIAN_POINT ( 'NONE',  ( 0.2171808137327291000, -0.1615236108472647980, 0.003011909398909347509 ) ) ;
#6358 = VECTOR ( 'NONE', #1362, 1.000000000000000000 ) ;
#6359 = CARTESIAN_POINT ( 'NONE',  ( -0.1199999999999998013, 3.996802888650556742E-16, 0.2700000000000000178 ) ) ;
#6360 = ORIENTED_EDGE ( 'NONE', *, *, #6157, .T. ) ;
#6361 = PERSON ( 'UNSPECIFIED', 'UNSPECIFIED', 'UNSPECIFIED', ('UNSPECIFIED'), ('UNSPECIFIED'), ('UNSPECIFIED') ) ;
#6362 = CARTESIAN_POINT ( 'NONE',  ( -0.1750000000000000444, 0.1975000000000000089, 0.04933012701892219853 ) ) ;
#6363 = ORIENTED_EDGE ( 'NONE', *, *, #1264, .T. ) ;
#6364 = EDGE_CURVE ( 'NONE', #4670, #1528, #4544, .T. ) ;
#6365 = DIRECTION ( 'NONE',  ( -1.000000000000000000, -0.000000000000000000, -0.000000000000000000 ) ) ;
#6366 = CARTESIAN_POINT ( 'NONE',  ( 0.08920809501313166356, 0.04466583360036769507, -0.02903874696883997769 ) ) ;
#6367 = FACE_OUTER_BOUND ( 'NONE', #5213, .T. ) ;
#6368 = CARTESIAN_POINT ( 'NONE',  ( -0.1092237724272215327, 0.000000000000000000, 0.05178924042636628283 ) ) ;
#6369 = ORIENTED_EDGE ( 'NONE', *, *, #983, .T. ) ;
#6370 = CARTESIAN_POINT ( 'NONE',  ( 0.2002962962962963611, -0.1878888888888889108, 0.02000000000000000042 ) ) ;
#6371 = B_SPLINE_CURVE_WITH_KNOTS ( 'NONE', 3,
 ( #4003, #2398, #6058, #2499, #4537, #5580, #6617, #2534, #1996, #2027, #1893, #418, #3933, #1383, #5476, #930, #6091, #892 ),
 .UNSPECIFIED., .F., .F.,
 ( 4, 2, 2, 2, 2, 2, 2, 2, 4 ),
 ( -1.418030882764396732E-05, 0.0003572075875057910432, 0.0007285954838392261299, 0.001471371276506094460, 0.002214147069172963007, 0.002956922861839831121, 0.004442474447173644543, 0.005185250239840550820, 0.005928026032507457965 ),
 .UNSPECIFIED. ) ;
#6372 = PLANE ( 'NONE',  #3690 ) ;
#6373 = LINE ( 'NONE', #5827, #699 ) ;
#6374 = LINE ( 'NONE', #1870, #6358 ) ;
#6375 = CARTESIAN_POINT ( 'NONE',  ( 0.02618671796606086496, 0.03022044204363389872, -0.02638840262641499110 ) ) ;
#6376 = ORIENTED_EDGE ( 'NONE', *, *, #1891, .T. ) ;
#6377 = VECTOR ( 'NONE', #2971, 1.000000000000000000 ) ;
#6378 = APPROVAL_PERSON_ORGANIZATION ( #575, #3823, #1083 ) ;
#6379 = CARTESIAN_POINT ( 'NONE',  ( -0.1955354646463348667, 0.1871483872063033627, 0.04818637778295077612 ) ) ;
#6380 = ADVANCED_FACE ( 'NONE', ( #3410 ), #3938, .F. ) ;
#6381 = DIRECTION ( 'NONE',  ( 0.000000000000000000, 1.000000000000000000, 0.000000000000000000 ) ) ;
#6382 = DATE_AND_TIME ( #748, #2091 ) ;
#6383 = LINE ( 'NONE', #1340, #2507 ) ;
#6384 = CIRCLE ( 'NONE', #4446, 0.004999999999999997502 ) ;
#6385 = LOCAL_TIME ( 23, 23, 15.00000000000000000, #1606 ) ;
#6386 = ORIENTED_EDGE ( 'NONE', *, *, #278, .T. ) ;
#6387 = DIRECTION ( 'NONE',  ( 1.000000000000000000, -0.000000000000000000, 3.700743415417189125E-16 ) ) ;
#6388 = APPLICATION_CONTEXT ( 'configuration controlled 3d designs of mechanical parts and assemblies' ) ;
#6389 = CC_DESIGN_SECURITY_CLASSIFICATION ( #6625, ( #6654 ) ) ;
#6390 = CARTESIAN_POINT ( 'NONE',  ( 0.1750000000000000444, -0.1750000000000000167, 0.04500000000000000527 ) ) ;
#6391 = DATE_AND_TIME ( #2822, #5632 ) ;
#6392 = CARTESIAN_POINT ( 'NONE',  ( -0.001464466094066707970, -0.001464466094066714909, 0.05000000000000000278 ) ) ;
#6393 = ADVANCED_FACE ( 'NONE', ( #2469 ), #5586, .F. ) ;
#6394 = AXIS2_PLACEMENT_3D ( 'NONE', #3744, #5782, #2104 ) ;
#6395 = LINE ( 'NONE', #978, #632 ) ;
#6396 = ORIENTED_EDGE ( 'NONE', *, *, #5608, .F. ) ;
#6397 = LOCAL_TIME ( 23, 23, 15.00000000000000000, #3426 ) ;
#6398 = EDGE_CURVE ( 'NONE', #3548, #5864, #6588, .T. ) ;
#6399 = DIRECTION ( 'NONE',  ( 0.000000000000000000, 0.000000000000000000, 1.000000000000000000 ) ) ;
#6400 = ORIENTED_EDGE ( 'NONE', *, *, #5816, .F. ) ;
#6401 = APPROVAL_STATUS ( 'not_yet_approved' ) ;
#6402 = CARTESIAN_POINT ( 'NONE',  ( 0.1083035905723640224, 0.05977338072455146145, -0.02721257203380291617 ) ) ;
#6403 = ADVANCED_FACE ( 'NONE', ( #1491 ), #1966, .T. ) ;
#6404 = CARTESIAN_POINT ( 'NONE',  ( 0.1799999999999999933, -0.1799999999999999656, 0.000000000000000000 ) ) ;
#6405 = ADVANCED_FACE ( 'NONE', ( #6129 ), #1626, .T. ) ;
#6406 = DIRECTION ( 'NONE',  ( 0.7071067811865484609, 0.7071067811865465735, -0.000000000000000000 ) ) ;
#6407 = ORIENTED_EDGE ( 'NONE', *, *, #1310, .F. ) ;
#6408 = ORIENTED_EDGE ( 'NONE', *, *, #557, .T. ) ;
#6409 = DIRECTION ( 'NONE',  ( 0.000000000000000000, 0.000000000000000000, -1.000000000000000000 ) ) ;
#6410 = CARTESIAN_POINT ( 'NONE',  ( -0.1199999999999998568, -0.01662162162162173287, 0.2999999999999999889 ) ) ;
#6411 = CARTESIAN_POINT ( 'NONE',  ( 0.1499999999999999944, 0.1499999999999999112, 0.04792893218813453621 ) ) ;
#6412 = CARTESIAN_POINT ( 'NONE',  ( 0.000000000000000000, 0.000000000000000000, 0.2899999999999999800 ) ) ;
#6413 = LINE ( 'NONE', #5894, #3316 ) ;
#6414 = EDGE_LOOP ( 'NONE', ( #6136, #3014, #4745, #3526, #1055, #2495 ) ) ;
#6415 = CARTESIAN_POINT ( 'NONE',  ( -0.1943455900520678903, 0.1872900836650664147, 0.04908273736695827755 ) ) ;
#6416 = CARTESIAN_POINT ( 'NONE',  ( -0.1536412078152752936, 0.1000000000000000056, -0.08836589698046184993 ) ) ;
#6417 = APPROVAL_STATUS ( 'not_yet_approved' ) ;
#6418 = DIRECTION ( 'NONE',  ( -1.000000000000000000, 0.000000000000000000, -0.000000000000000000 ) ) ;
#6419 = ORIENTED_EDGE ( 'NONE', *, *, #4792, .F. ) ;
#6420 = DIRECTION ( 'NONE',  ( 0.000000000000000000, 0.000000000000000000, 1.000000000000000000 ) ) ;
#6421 = VECTOR ( 'NONE', #1144, 1.000000000000000000 ) ;
#6422 = DIRECTION ( 'NONE',  ( 1.850371707708594316E-16, -1.000000000000000000, 0.000000000000000000 ) ) ;
#6423 =( NAMED_UNIT ( * ) SI_UNIT ( $, .STERADIAN. ) SOLID_ANGLE_UNIT ( ) );
#6424 = CALENDAR_DATE ( 2026, 9, 1 ) ;
#6425 = CARTESIAN_POINT ( 'NONE',  ( -0.05797468354430375392, 0.09430379746835439170, 0.9000000000000000222 ) ) ;
#6426 = DIRECTION ( 'NONE',  ( 1.000000000000000000, 0.000000000000000000, 0.000000000000000000 ) ) ;
#6427 = ORIENTED_EDGE ( 'NONE', *, *, #2197, .F. ) ;
#6428 = DIRECTION ( 'NONE',  ( 0.000000000000000000, 1.000000000000000000, 0.000000000000000000 ) ) ;
#6429 = VERTEX_POINT ( 'NONE', #3606 ) ;
#6430 = EDGE_CURVE ( 'NONE', #6184, #1245, #3570, .T. ) ;
#6431 =( BOUNDED_CURVE ( )  B_SPLINE_CURVE ( 3, ( #2370, #6411, #1298, #6340 ),
 .UNSPECIFIED., .F., .T. ) 
 B_SPLINE_CURVE_WITH_KNOTS ( ( 4, 4 ),
 ( 3.141592653589793116, 4.712388980384692339 ),
 .UNSPECIFIED. ) 
 CURVE ( )  GEOMETRIC_REPRESENTATION_ITEM ( )  RATIONAL_B_SPLINE_CURVE ( ( 1.000000000000000000, 0.8047378541243643824, 0.8047378541243643824, 1.000000000000000000 ) ) 
 REPRESENTATION_ITEM ( '' )  );
#6432 = APPROVAL_ROLE ( '' ) ;
#6433 = FACE_OUTER_BOUND ( 'NONE', #405, .T. ) ;
#6434 = LINE ( 'NONE', #2362, #2491 ) ;
#6435 = EDGE_CURVE ( 'NONE', #2553, #933, #4117, .T. ) ;
#6436 = LINE ( 'NONE', #4917, #4001 ) ;
#6437 = VERTEX_POINT ( 'NONE', #5619 ) ;
#6438 = ORIENTED_EDGE ( 'NONE', *, *, #3137, .T. ) ;
#6439 = EDGE_CURVE ( 'NONE', #5425, #3071, #4588, .T. ) ;
#6440 = CARTESIAN_POINT ( 'NONE',  ( 0.2002962962962963611, -0.1978888888888889197, 0.02000000000000000042 ) ) ;
#6441 = CARTESIAN_POINT ( 'NONE',  ( 0.2927863531238843464, 0.09272148914178089674, -0.05288400601717241356 ) ) ;
#6442 = CARTESIAN_POINT ( 'NONE',  ( -0.3179746835443036934, -0.1856962025316456211, 0.9000000000000000222 ) ) ;
#6443 = EDGE_CURVE ( 'NONE', #5739, #4692, #6268, .T. ) ;
#6444 = CARTESIAN_POINT ( 'NONE',  ( 0.1500000000000001332, -0.01662162162162163226, 0.02999999999999997113 ) ) ;
#6445 = CARTESIAN_POINT ( 'NONE',  ( 0.1077552206805782592, 0.03161897800496893396, -0.02730122129587224042 ) ) ;
#6446 = B_SPLINE_CURVE_WITH_KNOTS ( 'NONE', 3,
 ( #3715, #2670, #6305, #5751, #2233, #3208, #2134, #6235, #3243, #1164, #3175, #5219, #64, #5284 ),
 .UNSPECIFIED., .F., .F.,
 ( 4, 2, 2, 2, 2, 2, 4 ),
 ( 4.646450566168981909E-17, 0.007282837734946081762, 0.01092425660241912178, 0.01456567546989216179, 0.02184851320483820192, 0.02548993207231122632, 0.02913135093978425072 ),
 .UNSPECIFIED. ) ;
#6447 = ORIENTED_EDGE ( 'NONE', *, *, #3160, .F. ) ;
#6448 = VECTOR ( 'NONE', #24, 1.000000000000000000 ) ;
#6449 = CARTESIAN_POINT ( 'NONE',  ( 0.2700804711321195262, 0.07173932941416745479, 0.01373686687008978009 ) ) ;
#6450 = ADVANCED_FACE ( 'NONE', ( #1659 ), #1162, .F. ) ;
#6451 = AXIS2_PLACEMENT_3D ( 'NONE', #1907, #5366, #5333 ) ;
#6452 = CARTESIAN_POINT ( 'NONE',  ( 0.2028499445033122017, -0.2198088137740936143, 0.007989141199741639845 ) ) ;
#6453 = MECHANICAL_CONTEXT ( 'NONE', #3632, 'mechanical' ) ;
#6454 = CARTESIAN_POINT ( 'NONE',  ( -0.1600000000000000311, 1.345724878333523117E-17, 0.04500000000000000527 ) ) ;
#6455 = ADVANCED_FACE ( 'NONE', ( #22 ), #3098, .T. ) ;
#6456 = ORIENTED_EDGE ( 'NONE', *, *, #4785, .T. ) ;
#6457 = PLANE ( 'NONE',  #5159 ) ;
#6458 = ADVANCED_FACE ( 'NONE', ( #627 ), #2667, .F. ) ;
#6459 = CYLINDRICAL_SURFACE ( 'NONE', #594, 0.005000000000000000104 ) ;
#6460 = SHAPE_REPRESENTATION_RELATIONSHIP ( 'NONE' , 'NONE' ,  #5691, #3315 ) ;
#6461 = B_SPLINE_CURVE_WITH_KNOTS ( 'NONE', 3,
 ( #1485, #2463, #2924, #4979 ),
 .UNSPECIFIED., .F., .F.,
 ( 4, 4 ),
 ( 2.997409413237780618E-16, 0.002041627329041833996 ),
 .UNSPECIFIED. ) ;
#6462 = EDGE_CURVE ( 'NONE', #6237, #5419, #4610, .T. ) ;
#6463 = DATE_AND_TIME ( #3863, #6397 ) ;
#6464 = DIRECTION ( 'NONE',  ( 0.000000000000000000, 0.000000000000000000, -1.000000000000000000 ) ) ;
#6465 = VECTOR ( 'NONE', #5471, 1.000000000000000000 ) ;
#6466 = CARTESIAN_POINT ( 'NONE',  ( 0.1500000000000001055, 0.08337837837837837329, 0.2700000000000000178 ) ) ;
#6467 = AXIS2_PLACEMENT_3D ( 'NONE', #6255, #1685, #719 ) ;
#6468 = DIRECTION ( 'NONE',  ( 0.000000000000000000, -1.000000000000000000, 0.000000000000000000 ) ) ;
#6469 = ORIENTED_EDGE ( 'NONE', *, *, #6229, .F. ) ;
#6470 = AXIS2_PLACEMENT_3D ( 'NONE', #4062, #2210, #3556 ) ;
#6471 = APPLICATION_PROTOCOL_DEFINITION ( 'international standard', 'config_control_design', 1994, #5258 ) ;
#6472 = CARTESIAN_POINT ( 'NONE',  ( 0.1089428193315455651, 0.06161399459238648540, -0.02713021315207974141 ) ) ;
#6473 = PRODUCT_DEFINITION_SHAPE ( 'NONE', 'NONE',  #6655 ) ;
#6474 = CARTESIAN_POINT ( 'NONE',  ( -0.05970370370370364776, 0.01211111111111107252, 0.000000000000000000 ) ) ;
#6475 = DIRECTION ( 'NONE',  ( 0.000000000000000000, 0.000000000000000000, -1.000000000000000000 ) ) ;
#6476 = ORIENTED_EDGE ( 'NONE', *, *, #5741, .F. ) ;
#6477 = EDGE_CURVE ( 'NONE', #5096, #5699, #5977, .T. ) ;
#6478 = ORIENTED_EDGE ( 'NONE', *, *, #2003, .T. ) ;
#6479 = CARTESIAN_POINT ( 'NONE',  ( -0.005000000000000130208, 0.005000000000000106790, 0.05000000000000000278 ) ) ;
#6480 = CARTESIAN_POINT ( 'NONE',  ( 0.2000000000000000389, -0.1599999999999999756, 0.006999999999999966319 ) ) ;
#6481 = CYLINDRICAL_SURFACE ( 'NONE', #4125, 0.004999999999999997502 ) ;
#6482 = CARTESIAN_POINT ( 'NONE',  ( 0.1799999999999999933, -0.1695393920141694266, 0.006999999999999966319 ) ) ;
#6483 = ADVANCED_FACE ( 'NONE', ( #4935 ), #885, .F. ) ;
#6484 = VECTOR ( 'NONE', #1385, 1.000000000000000000 ) ;
#6485 = CARTESIAN_POINT ( 'NONE',  ( 0.05653549061100980599, 0.03451061083377647554, -0.02933387545901243454 ) ) ;
#6486 = VERTEX_POINT ( 'NONE', #340 ) ;
#6487 = EDGE_CURVE ( 'NONE', #4583, #1755, #3265, .T. ) ;
#6488 = EDGE_CURVE ( 'NONE', #4211, #981, #1760, .T. ) ;
#6489 = CARTESIAN_POINT ( 'NONE',  ( 0.2433019811074787209, 0.07985840420028476883, -0.008588423832082326195 ) ) ;
#6490 = AXIS2_PLACEMENT_3D ( 'NONE', #4585, #2943, #1036 ) ;
#6491 = CARTESIAN_POINT ( 'NONE',  ( -0.1874269428721588582, -0.1929758753845608465, 0.04964823374354167262 ) ) ;
#6492 = VECTOR ( 'NONE', #2665, 1.000000000000000000 ) ;
#6493 = APPROVAL_STATUS ( 'not_yet_approved' ) ;
#6494 = DIRECTION ( 'NONE',  ( 0.7071067811865459074, 0.7071067811865492381, 0.000000000000000000 ) ) ;
#6495 = ADVANCED_FACE ( 'NONE', ( #1192 ), #3698, .T. ) ;
#6496 = EDGE_CURVE ( 'NONE', #1001, #2867, #5500, .T. ) ;
#6497 = ORIENTED_EDGE ( 'NONE', *, *, #743, .T. ) ;
#6498 = DIRECTION ( 'NONE',  ( -0.000000000000000000, 0.000000000000000000, 1.000000000000000000 ) ) ;
#6499 = AXIS2_PLACEMENT_3D ( 'NONE', #1704, #4256, #2743 ) ;
#6500 = CARTESIAN_POINT ( 'NONE',  ( -0.1650000000000000355, 1.387778780781445676E-17, 0.000000000000000000 ) ) ;
#6501 = VECTOR ( 'NONE', #5479, 1.000000000000000000 ) ;
#6502 = CARTESIAN_POINT ( 'NONE',  ( 0.1963521186771426397, 0.1851757933490134067, 0.04842399158796772268 ) ) ;
#6503 = APPROVAL_DATE_TIME ( #788, #5367 ) ;
#6504 = APPROVAL_PERSON_ORGANIZATION ( #387, #3673, #3900 ) ;
#6505 = EDGE_CURVE ( 'NONE', #674, #1936, #4272, .T. ) ;
#6506 = B_SPLINE_CURVE_WITH_KNOTS ( 'NONE', 3,
 ( #5637, #2050, #538, #6566, #1544, #3049, #2984, #3114, #1473, #5165, #5603, #5569, #982, #6186, #4029, #3015 ),
 .UNSPECIFIED., .F., .F.,
 ( 4, 2, 2, 2, 2, 2, 2, 4 ),
 ( 0.003072742679760711096, 0.003816413727685707968, 0.004560084775610704841, 0.006047426871460686443, 0.006791097919385712806, 0.007534768967310738301, 0.008278440015235763796, 0.009022111063160790159 ),
 .UNSPECIFIED. ) ;
#6507 = DIRECTION ( 'NONE',  ( 1.000000000000000000, -3.330669073875470410E-15, 0.000000000000000000 ) ) ;
#6508 = CARTESIAN_POINT ( 'NONE',  ( -0.1958718940557436228, 0.1871049384543285454, 0.04782112412222410541 ) ) ;
#6509 = CARTESIAN_POINT ( 'NONE',  ( 0.1975000000000000089, -0.1750000000000000167, 0.04933012701892221241 ) ) ;
#6510 = LOCAL_TIME ( 23, 23, 15.00000000000000000, #2794 ) ;
#6511 = ORIENTED_EDGE ( 'NONE', *, *, #4996, .T. ) ;
#6512 = PERSON_AND_ORGANIZATION ( #6361, #58 ) ;
#6513 = VECTOR ( 'NONE', #187, 1.000000000000000000 ) ;
#6514 = FACE_BOUND ( 'NONE', #5353, .T. ) ;
#6515 = APPROVAL_PERSON_ORGANIZATION ( #3764, #5266, #1156 ) ;
#6516 = FACE_OUTER_BOUND ( 'NONE', #5793, .T. ) ;
#6517 = DIRECTION ( 'NONE',  ( 1.000000000000000000, 0.000000000000000000, 0.000000000000000000 ) ) ;
#6518 = ORIENTED_EDGE ( 'NONE', *, *, #5125, .T. ) ;
#6519 = VERTEX_POINT ( 'NONE', #922 ) ;
#6520 = CARTESIAN_POINT ( 'NONE',  ( 9.714451465470123426E-17, -0.2100000000000000755, 0.009999999999999996739 ) ) ;
#6521 = CARTESIAN_POINT ( 'NONE',  ( 0.1949999999999999512, 0.1849999999999999423, 0.000000000000000000 ) ) ;
#6522 = CARTESIAN_POINT ( 'NONE',  ( -0.1549999999999999434, -0.1550000000000000822, 0.05000000000000000278 ) ) ;
#6523 = CARTESIAN_POINT ( 'NONE',  ( 0.07722210024668252348, 0.03491165392880396512, -0.02962917136369641602 ) ) ;
#6524 = EDGE_LOOP ( 'NONE', ( #1471, #2649, #5120, #6216 ) ) ;
#6525 = PLANE ( 'NONE',  #1951 ) ;
#6526 = ADVANCED_FACE ( 'NONE', ( #6333 ), #1729, .T. ) ;
#6527 = PLANE ( 'NONE',  #4325 ) ;
#6528 = CALENDAR_DATE ( 2026, 9, 1 ) ;
#6529 = CARTESIAN_POINT ( 'NONE',  ( -0.3279746835443037578, 0.09430379746835439170, 0.3099999999999999423 ) ) ;
#6530 = APPLICATION_CONTEXT ( 'configuration controlled 3d designs of mechanical parts and assemblies' ) ;
#6531 = ORIENTED_EDGE ( 'NONE', *, *, #5759, .F. ) ;
#6532 = DIRECTION ( 'NONE',  ( -0.000000000000000000, 0.000000000000000000, 1.000000000000000000 ) ) ;
#6533 = LINE ( 'NONE', #6500, #482 ) ;
#6534 = DIRECTION ( 'NONE',  ( 1.000000000000000000, 0.000000000000000000, 0.000000000000000000 ) ) ;
#6535 = DIRECTION ( 'NONE',  ( -0.000000000000000000, 1.000000000000000000, -0.000000000000000000 ) ) ;
#6536 = SECURITY_CLASSIFICATION_LEVEL ( 'unclassified' ) ;
#6537 = CARTESIAN_POINT ( 'NONE',  ( 0.3463587921847246509, 0.02693000272970801773, 0.01189817711958567580 ) ) ;
#6538 = EDGE_CURVE ( 'NONE', #5568, #3527, #5314, .T. ) ;
#6539 = EDGE_CURVE ( 'NONE', #4798, #4171, #3425, .T. ) ;
#6540 = LINE ( 'NONE', #4875, #6465 ) ;
#6541 = VERTEX_POINT ( 'NONE', #4807 ) ;
#6542 = VECTOR ( 'NONE', #505, 1.000000000000000000 ) ;
#6543 = CALENDAR_DATE ( 2026, 9, 1 ) ;
#6544 = CARTESIAN_POINT ( 'NONE',  ( 0.1874049779362542412, -0.1932134752590823068, 0.04957101401467245427 ) ) ;
#6545 = VECTOR ( 'NONE', #1427, 1.000000000000000000 ) ;
#6546 = CARTESIAN_POINT ( 'NONE',  ( -0.3379746835443037112, -0.1956962025316456022, 0.000000000000000000 ) ) ;
#6547 = ORIENTED_EDGE ( 'NONE', *, *, #1643, .T. ) ;
#6548 = LINE ( 'NONE', #864, #3138 ) ;
#6549 = ORIENTED_EDGE ( 'NONE', *, *, #2749, .F. ) ;
#6550 = ORIENTED_EDGE ( 'NONE', *, *, #1713, .T. ) ;
#6551 = LINE ( 'NONE', #4950, #3686 ) ;
#6552 = DIRECTION ( 'NONE',  ( -1.000000000000000000, 0.000000000000000000, 0.000000000000000000 ) ) ;
#6553 = PLANE ( 'NONE',  #351 ) ;
#6554 = CARTESIAN_POINT ( 'NONE',  ( 0.1368504356194184535, 0.02213285850600917037, -0.02215526929423261918 ) ) ;
#6555 = VERTEX_POINT ( 'NONE', #1696 ) ;
#6556 = CARTESIAN_POINT ( 'NONE',  ( -0.05174452367013827880, 0.07956223344254591268, -0.007725150987439584165 ) ) ;
#6557 = VECTOR ( 'NONE', #6464, 1.000000000000000000 ) ;
#6558 = VECTOR ( 'NONE', #3608, 1.000000000000000000 ) ;
#6559 = FACE_OUTER_BOUND ( 'NONE', #3953, .T. ) ;
#6560 = DATE_AND_TIME ( #3513, #5626 ) ;
#6561 = CARTESIAN_POINT ( 'NONE',  ( -0.1999999999999999833, -0.1750000000000000167, 0.000000000000000000 ) ) ;
#6562 = ORIENTED_EDGE ( 'NONE', *, *, #2237, .T. ) ;
#6563 = EDGE_CURVE ( 'NONE', #1079, #5546, #4756, .T. ) ;
#6564 = ORIENTED_EDGE ( 'NONE', *, *, #3930, .F. ) ;
#6565 = EDGE_CURVE ( 'NONE', #4428, #5354, #210, .T. ) ;
#6566 = CARTESIAN_POINT ( 'NONE',  ( 0.1871944511597050942, 0.1951634039482230687, 0.04851393997551697174 ) ) ;
#6567 = CC_DESIGN_PERSON_AND_ORGANIZATION_ASSIGNMENT ( #1451, #4036, ( #6625 ) ) ;
#6568 = CARTESIAN_POINT ( 'NONE',  ( -0.1875952068959867713, 0.1906542008756225981, 0.04999999999999999584 ) ) ;
#6569 = DIRECTION ( 'NONE',  ( 0.000000000000000000, 0.000000000000000000, 1.000000000000000000 ) ) ;
#6570 = CARTESIAN_POINT ( 'NONE',  ( -0.04797468354430373116, 0.08430379746835439669, 0.9000000000000000222 ) ) ;
#6571 = CALENDAR_DATE ( 2026, 9, 1 ) ;
#6572 = DIRECTION ( 'NONE',  ( -0.7071067811865492381, 0.7071067811865459074, -0.000000000000000000 ) ) ;
#6573 = EDGE_CURVE ( 'NONE', #2545, #1742, #1377, .T. ) ;
#6574 = ORIENTED_EDGE ( 'NONE', *, *, #751, .F. ) ;
#6575 = ORIENTED_EDGE ( 'NONE', *, *, #722, .T. ) ;
#6576 = COORDINATED_UNIVERSAL_TIME_OFFSET ( 5, 30, .AHEAD. ) ;
#6577 = CARTESIAN_POINT ( 'NONE',  ( 0.1871482108464635752, -0.1955368566134736696, 0.04818502169615487135 ) ) ;
#6578 = VECTOR ( 'NONE', #3620, 1.000000000000000000 ) ;
#6579 = CARTESIAN_POINT ( 'NONE',  ( -0.3279746835443038133, -0.1956962025316451026, 0.6100000000000000977 ) ) ;
#6580 = ORIENTED_EDGE ( 'NONE', *, *, #2003, .F. ) ;
#6581 = CARTESIAN_POINT ( 'NONE',  ( 0.000000000000000000, 0.000000000000000000, 0.02000000000000000042 ) ) ;
#6582 = ORIENTED_EDGE ( 'NONE', *, *, #5967, .T. ) ;
#6583 = EDGE_CURVE ( 'NONE', #2029, #4532, #2887, .T. ) ;
#6584 = CC_DESIGN_PERSON_AND_ORGANIZATION_ASSIGNMENT ( #3958, #2389, ( #4559 ) ) ;
#6585 = ORIENTED_EDGE ( 'NONE', *, *, #6274, .T. ) ;
#6586 = EDGE_CURVE ( 'NONE', #4008, #6307, #695, .T. ) ;
#6587 = VECTOR ( 'NONE', #5188, 1.000000000000000000 ) ;
#6588 = LINE ( 'NONE', #5484, #4119 ) ;
#6589 = CARTESIAN_POINT ( 'NONE',  ( 0.1958718940557439003, -0.1871049384543273519, 0.04782112412222460501 ) ) ;
#6590 = EDGE_CURVE ( 'NONE', #4568, #1104, #2436, .T. ) ;
#6591 = DIRECTION ( 'NONE',  ( 0.000000000000000000, -0.000000000000000000, -1.000000000000000000 ) ) ;
#6592 = EDGE_CURVE ( 'NONE', #1267, #3157, #2720, .T. ) ;
#6593 = CARTESIAN_POINT ( 'NONE',  ( 0.1453260541190143085, 0.01211111111111103956, -0.02009594921090956943 ) ) ;
#6594 = ORIENTED_EDGE ( 'NONE', *, *, #4330, .T. ) ;
#6595 = CARTESIAN_POINT ( 'NONE',  ( -0.04765494550175437133, 0.08056268986701692336, -0.01068152628439274048 ) ) ;
#6596 = DIRECTION ( 'NONE',  ( 1.000000000000000000, -0.000000000000000000, 0.000000000000000000 ) ) ;
#6597 = PERSON_AND_ORGANIZATION_ROLE ( 'creator' ) ;
#6598 = CARTESIAN_POINT ( 'NONE',  ( 0.2000000000000000389, -0.1599999999999999756, 0.006999999999999966319 ) ) ;
#6599 = VECTOR ( 'NONE', #4930, 1.000000000000000000 ) ;
#6600 = ORIENTED_EDGE ( 'NONE', *, *, #525, .F. ) ;
#6601 = VECTOR ( 'NONE', #5991, 1.000000000000000000 ) ;
#6602 = VERTEX_POINT ( 'NONE', #720 ) ;
#6603 = DIRECTION ( 'NONE',  ( 1.000000000000000000, 1.850371707708594316E-16, -0.000000000000000000 ) ) ;
#6604 = VECTOR ( 'NONE', #208, 1.000000000000000000 ) ;
#6605 = CARTESIAN_POINT ( 'NONE',  ( -0.1875882930951802974, 0.1907800785013721023, 0.04999741110088758156 ) ) ;
#6606 = DIRECTION ( 'NONE',  ( -1.000000000000000000, -3.327416467358062905E-16, 2.775557561562949283E-17 ) ) ;
#6607 = CARTESIAN_POINT ( 'NONE',  ( 0.2099999999999999645, -0.2099999999999999645, 0.000000000000000000 ) ) ;
#6608 = APPROVAL_DATE_TIME ( #6048, #3971 ) ;
#6609 = VECTOR ( 'NONE', #3543, 1.000000000000000000 ) ;
#6610 = DIRECTION ( 'NONE',  ( -1.000000000000000000, -0.000000000000000000, 3.700743415417189125E-16 ) ) ;
#6611 = ORIENTED_EDGE ( 'NONE', *, *, #2112, .T. ) ;
#6612 = ORIENTED_EDGE ( 'NONE', *, *, #228, .T. ) ;
#6613 = AXIS2_PLACEMENT_3D ( 'NONE', #4868, #4830, #2256 ) ;
#6614 = PRODUCT_DEFINITION_FORMATION_WITH_SPECIFIED_SOURCE ( 'ANY', '', #3403, .NOT_KNOWN. ) ;
#6615 = PERSON_AND_ORGANIZATION_ROLE ( 'classification_officer' ) ;
#6616 = EDGE_CURVE ( 'NONE', #989, #3989, #4266, .T. ) ;
#6617 = CARTESIAN_POINT ( 'NONE',  ( -0.1917674570872939244, -0.1875253075667056013, 0.04991668405718179685 ) ) ;
#6618 = AXIS2_PLACEMENT_3D ( 'NONE', #2682, #1178, #2146 ) ;
#6619 = LINE ( 'NONE', #1997, #5358 ) ;
#6620 = ORIENTED_EDGE ( 'NONE', *, *, #1264, .F. ) ;
#6621 = LOCAL_TIME ( 23, 23, 15.00000000000000000, #3932 ) ;
#6622 = MANIFOLD_SOLID_BREP ( 'Fillet2', #6130 ) ;
#6623 = ORIENTED_EDGE ( 'NONE', *, *, #2112, .F. ) ;
#6624 = ORIENTED_EDGE ( 'NONE', *, *, #4146, .F. ) ;
#6625 = SECURITY_CLASSIFICATION ( '', '', #448 ) ;
#6626 = LINE ( 'NONE', #868, #6601 ) ;
#6627 = DIRECTION ( 'NONE',  ( 0.7071067811865512365, -0.7071067811865439090, 0.000000000000000000 ) ) ;
#6628 = CARTESIAN_POINT ( 'NONE',  ( -0.3279746835443038133, -0.1956962025316451026, 0.5999999999999999778 ) ) ;
#6629 = DIRECTION ( 'NONE',  ( -0.7071067811865459074, -0.7071067811865492381, -0.000000000000000000 ) ) ;
#6630 = ORIENTED_EDGE ( 'NONE', *, *, #3940, .T. ) ;
#6631 = CARTESIAN_POINT ( 'NONE',  ( -0.06641126775454542219, 0.07543544302612598118, 0.003923159850221487679 ) ) ;
#6632 = ADVANCED_FACE ( 'NONE', ( #5806 ), #3734, .T. ) ;
#6633 = DIRECTION ( 'NONE',  ( 1.000000000000000000, 0.000000000000000000, -3.700743415417189125E-16 ) ) ;
#6634 = COORDINATED_UNIVERSAL_TIME_OFFSET ( 5, 30, .AHEAD. ) ;
#6635 = CARTESIAN_POINT ( 'NONE',  ( 0.1649999999999999800, 0.1550000000000000266, 0.05000000000000000278 ) ) ;
#6636 = CARTESIAN_POINT ( 'NONE',  ( 0.1358578643762691773, 0.08102135577442320935, 0.01000000000000000021 ) ) ;
#6637 = VERTEX_POINT ( 'NONE', #3663 ) ;
#6638 = VERTEX_POINT ( 'NONE', #6256 ) ;
#6639 = LINE ( 'NONE', #39, #6578 ) ;
#6640 = DIRECTION ( 'NONE',  ( 0.000000000000000000, 0.000000000000000000, -1.000000000000000000 ) ) ;
#6641 = PERSON_AND_ORGANIZATION_ROLE ( 'creator' ) ;
#6642 = FACE_OUTER_BOUND ( 'NONE', #5707, .T. ) ;
#6643 = PLANE ( 'NONE',  #1210 ) ;
#6644 = ORIENTED_EDGE ( 'NONE', *, *, #1992, .T. ) ;
#6645 = EDGE_LOOP ( 'NONE', ( #3505, #1215, #927, #6580, #3999, #1979, #313, #74 ) ) ;
#6646 = DATE_AND_TIME ( #545, #3383 ) ;
#6647 = CARTESIAN_POINT ( 'NONE',  ( -0.3279746835443030917, 0.07430379746835438781, 0.8599999999999998757 ) ) ;
#6648 = CARTESIAN_POINT ( 'NONE',  ( 0.000000000000000000, -0.2000000000000000111, 0.000000000000000000 ) ) ;
#6649 = EDGE_LOOP ( 'NONE', ( #5728, #968, #2122, #6582 ) ) ;
#6650 = DIRECTION ( 'NONE',  ( 0.000000000000000000, 1.000000000000000000, 0.000000000000000000 ) ) ;
#6651 = ORIENTED_EDGE ( 'NONE', *, *, #5169, .F. ) ;
#6652 = DATE_AND_TIME ( #6038, #4661 ) ;
#6653 = NEXT_ASSEMBLY_USAGE_OCCURRENCE ( 'NAUO1', ' ', ' ', #1525, #3948, $ ) ;
#6654 = NEXT_ASSEMBLY_USAGE_OCCURRENCE ( 'NAUO2', ' ', ' ', #1525, #4647, $ ) ;
#6655 = NEXT_ASSEMBLY_USAGE_OCCURRENCE ( 'NAUO3', ' ', ' ', #1525, #4647, $ ) ;
#6656 = NEXT_ASSEMBLY_USAGE_OCCURRENCE ( 'NAUO4', ' ', ' ', #1525, #4657, $ ) ;
#6657 = NEXT_ASSEMBLY_USAGE_OCCURRENCE ( 'NAUO5', ' ', ' ', #1525, #4657, $ ) ;
#6658 = NEXT_ASSEMBLY_USAGE_OCCURRENCE ( 'NAUO6', ' ', ' ', #1525, #4657, $ ) ;
#6659 = NEXT_ASSEMBLY_USAGE_OCCURRENCE ( 'NAUO7', ' ', ' ', #1525, #1825, $ ) ;
#6660 = NEXT_ASSEMBLY_USAGE_OCCURRENCE ( 'NAUO8', ' ', ' ', #1525, #3129, $ ) ;
#6661 = NEXT_ASSEMBLY_USAGE_OCCURRENCE ( 'NAUO9', ' ', ' ', #1525, #1825, $ ) ;
#6662 = NEXT_ASSEMBLY_USAGE_OCCURRENCE ( 'NAUO10', ' ', ' ', #1525, #552, $ ) ;
#6663 = NEXT_ASSEMBLY_USAGE_OCCURRENCE ( 'NAUO11', ' ', ' ', #1525, #6208, $ ) ;
ENDSEC;
END-ISO-10303-21;
