ISO-10303-21;
HEADER;
FILE_DESCRIPTION(('FreeCAD Model'),'2;1');
FILE_NAME(
'/home/bruno/Desktop/Progetti Meccanica/USB-A Dual Port Rear Panel/x 
GrabCAD/USB Dual Port Rear Panel/STEP/Panel.stp','2020-08-02T17:42:48',(
    'Author'),(''),'Open CASCADE STEP processor 7.4','FreeCAD','Unknown'
  );
FILE_SCHEMA(('AUTOMOTIVE_DESIGN { 1 0 10303 214 1 1 1 1 }'));
ENDSEC;
DATA;
#1 = APPLICATION_PROTOCOL_DEFINITION('international standard',
  'automotive_design',2000,#2);
#2 = APPLICATION_CONTEXT(
  'core data for automotive mechanical design processes');
#3 = SHAPE_DEFINITION_REPRESENTATION(#4,#10);
#4 = PRODUCT_DEFINITION_SHAPE('','',#5);
#5 = PRODUCT_DEFINITION('design','',#6,#9);
#6 = PRODUCT_DEFINITION_FORMATION('','',#7);
#7 = PRODUCT('Panel','Panel','',(#8));
#8 = PRODUCT_CONTEXT('',#2,'mechanical');
#9 = PRODUCT_DEFINITION_CONTEXT('part definition',#2,'design');
#10 = SHAPE_REPRESENTATION('',(#11,#15,#10239,#11473),#12707);
#11 = AXIS2_PLACEMENT_3D('',#12,#13,#14);
#12 = CARTESIAN_POINT('',(0.,0.,0.));
#13 = DIRECTION('',(0.,0.,1.));
#14 = DIRECTION('',(1.,0.,-0.));
#15 = MANIFOLD_SOLID_BREP('',#16);
#16 = CLOSED_SHELL('',(#17,#1517,#1596,#1651,#1706,#1762,#1818,#1873,
    #1928,#1961,#2037,#2091,#2141,#2190,#2239,#2293,#2343,#2370,#2426,
    #2543,#2644,#2727,#2783,#2868,#2929,#2990,#3017,#3072,#3133,#3189,
    #3250,#3305,#3365,#3421,#3504,#3565,#3642,#3703,#3758,#3819,#3851,
    #3907,#3963,#4019,#4098,#4153,#4208,#4264,#4320,#4375,#4430,#4463,
    #4540,#4589,#4638,#4688,#4742,#4791,#4840,#4868,#4879,#4933,#5014,
    #5074,#5130,#5203,#5268,#5814,#5885,#5934,#5983,#6032,#6081,#6131,
    #6180,#6229,#6294,#6343,#6393,#6454,#6530,#6579,#6650,#6699,#6753,
    #6802,#6829,#6883,#6937,#6991,#7063,#7112,#7161,#7211,#7265,#7314,
    #7363,#7391,#7518,#7525,#7580,#7635,#7690,#7740,#7818,#7874,#7930,
    #7988,#8043,#8156,#8212,#8262,#8322,#8378,#8456,#8511,#8567,#8623,
    #8685,#8743,#8816,#8877,#8927,#8982,#9038,#9070,#9097,#9129,#9183,
    #9210,#9259,#9330,#9384,#9438,#9465,#9514,#9563,#9843,#9870,#9897,
    #9924,#9951,#9998,#10025,#10052,#10079,#10086,#10093,#10142,#10191,
    #10218,#10225,#10232));
#17 = ADVANCED_FACE('',(#18,#253,#491,#522,#1194,#1225,#1256,#1287),#33,
  .F.);
#18 = FACE_BOUND('',#19,.F.);
#19 = EDGE_LOOP('',(#20,#56,#84,#113,#141,#170,#198,#227));
#20 = ORIENTED_EDGE('',*,*,#21,.F.);
#21 = EDGE_CURVE('',#22,#24,#26,.T.);
#22 = VERTEX_POINT('',#23);
#23 = CARTESIAN_POINT('',(-19.13,-3.11,1.));
#24 = VERTEX_POINT('',#25);
#25 = CARTESIAN_POINT('',(-19.98,-2.26,1.));
#26 = SURFACE_CURVE('',#27,(#32,#44),.PCURVE_S1.);
#27 = CIRCLE('',#28,0.85);
#28 = AXIS2_PLACEMENT_3D('',#29,#30,#31);
#29 = CARTESIAN_POINT('',(-19.13,-2.26,1.));
#30 = DIRECTION('',(0.,0.,-1.));
#31 = DIRECTION('',(0.,-1.,0.));
#32 = PCURVE('',#33,#38);
#33 = PLANE('',#34);
#34 = AXIS2_PLACEMENT_3D('',#35,#36,#37);
#35 = CARTESIAN_POINT('',(-1.354516715513,-9.124738451921E-02,1.));
#36 = DIRECTION('',(-0.,-0.,-1.));
#37 = DIRECTION('',(-1.,0.,0.));
#38 = DEFINITIONAL_REPRESENTATION('',(#39),#43);
#39 = CIRCLE('',#40,0.85);
#40 = AXIS2_PLACEMENT_2D('',#41,#42);
#41 = CARTESIAN_POINT('',(17.775483284487,-2.168752615481));
#42 = DIRECTION('',(0.,-1.));
#43 = ( GEOMETRIC_REPRESENTATION_CONTEXT(2) 
PARAMETRIC_REPRESENTATION_CONTEXT() REPRESENTATION_CONTEXT('2D SPACE',''
  ) );
#44 = PCURVE('',#45,#50);
#45 = TOROIDAL_SURFACE('',#46,0.85,5.E-02);
#46 = AXIS2_PLACEMENT_3D('',#47,#48,#49);
#47 = CARTESIAN_POINT('',(-19.13,-2.26,0.95));
#48 = DIRECTION('',(0.,0.,1.));
#49 = DIRECTION('',(0.,-1.,0.));
#50 = DEFINITIONAL_REPRESENTATION('',(#51),#55);
#51 = LINE('',#52,#53);
#52 = CARTESIAN_POINT('',(-0.,1.570796326795));
#53 = VECTOR('',#54,1.);
#54 = DIRECTION('',(-1.,0.));
#55 = ( GEOMETRIC_REPRESENTATION_CONTEXT(2) 
PARAMETRIC_REPRESENTATION_CONTEXT() REPRESENTATION_CONTEXT('2D SPACE',''
  ) );
#56 = ORIENTED_EDGE('',*,*,#57,.F.);
#57 = EDGE_CURVE('',#58,#22,#60,.T.);
#58 = VERTEX_POINT('',#59);
#59 = CARTESIAN_POINT('',(-7.53,-3.11,1.));
#60 = SURFACE_CURVE('',#61,(#65,#72),.PCURVE_S1.);
#61 = LINE('',#62,#63);
#62 = CARTESIAN_POINT('',(-7.53,-3.11,1.));
#63 = VECTOR('',#64,1.);
#64 = DIRECTION('',(-1.,0.,0.));
#65 = PCURVE('',#33,#66);
#66 = DEFINITIONAL_REPRESENTATION('',(#67),#71);
#67 = LINE('',#68,#69);
#68 = CARTESIAN_POINT('',(6.175483284487,-3.018752615481));
#69 = VECTOR('',#70,1.);
#70 = DIRECTION('',(1.,0.));
#71 = ( GEOMETRIC_REPRESENTATION_CONTEXT(2) 
PARAMETRIC_REPRESENTATION_CONTEXT() REPRESENTATION_CONTEXT('2D SPACE',''
  ) );
#72 = PCURVE('',#73,#78);
#73 = CYLINDRICAL_SURFACE('',#74,5.E-02);
#74 = AXIS2_PLACEMENT_3D('',#75,#76,#77);
#75 = CARTESIAN_POINT('',(-7.53,-3.11,0.95));
#76 = DIRECTION('',(-1.,0.,0.));
#77 = DIRECTION('',(0.,0.,1.));
#78 = DEFINITIONAL_REPRESENTATION('',(#79),#83);
#79 = LINE('',#80,#81);
#80 = CARTESIAN_POINT('',(0.,0.));
#81 = VECTOR('',#82,1.);
#82 = DIRECTION('',(0.,1.));
#83 = ( GEOMETRIC_REPRESENTATION_CONTEXT(2) 
PARAMETRIC_REPRESENTATION_CONTEXT() REPRESENTATION_CONTEXT('2D SPACE',''
  ) );
#84 = ORIENTED_EDGE('',*,*,#85,.F.);
#85 = EDGE_CURVE('',#86,#58,#88,.T.);
#86 = VERTEX_POINT('',#87);
#87 = CARTESIAN_POINT('',(-6.68,-2.26,1.));
#88 = SURFACE_CURVE('',#89,(#94,#101),.PCURVE_S1.);
#89 = CIRCLE('',#90,0.85);
#90 = AXIS2_PLACEMENT_3D('',#91,#92,#93);
#91 = CARTESIAN_POINT('',(-7.53,-2.26,1.));
#92 = DIRECTION('',(0.,0.,-1.));
#93 = DIRECTION('',(1.,0.,0.));
#94 = PCURVE('',#33,#95);
#95 = DEFINITIONAL_REPRESENTATION('',(#96),#100);
#96 = CIRCLE('',#97,0.85);
#97 = AXIS2_PLACEMENT_2D('',#98,#99);
#98 = CARTESIAN_POINT('',(6.175483284487,-2.168752615481));
#99 = DIRECTION('',(-1.,0.));
#100 = ( GEOMETRIC_REPRESENTATION_CONTEXT(2) 
PARAMETRIC_REPRESENTATION_CONTEXT() REPRESENTATION_CONTEXT('2D SPACE',''
  ) );
#101 = PCURVE('',#102,#107);
#102 = TOROIDAL_SURFACE('',#103,0.85,5.E-02);
#103 = AXIS2_PLACEMENT_3D('',#104,#105,#106);
#104 = CARTESIAN_POINT('',(-7.53,-2.26,0.95));
#105 = DIRECTION('',(0.,0.,1.));
#106 = DIRECTION('',(1.,0.,0.));
#107 = DEFINITIONAL_REPRESENTATION('',(#108),#112);
#108 = LINE('',#109,#110);
#109 = CARTESIAN_POINT('',(-0.,1.570796326795));
#110 = VECTOR('',#111,1.);
#111 = DIRECTION('',(-1.,0.));
#112 = ( GEOMETRIC_REPRESENTATION_CONTEXT(2) 
PARAMETRIC_REPRESENTATION_CONTEXT() REPRESENTATION_CONTEXT('2D SPACE',''
  ) );
#113 = ORIENTED_EDGE('',*,*,#114,.F.);
#114 = EDGE_CURVE('',#115,#86,#117,.T.);
#115 = VERTEX_POINT('',#116);
#116 = CARTESIAN_POINT('',(-6.68,2.34,1.));
#117 = SURFACE_CURVE('',#118,(#122,#129),.PCURVE_S1.);
#118 = LINE('',#119,#120);
#119 = CARTESIAN_POINT('',(-6.68,2.34,1.));
#120 = VECTOR('',#121,1.);
#121 = DIRECTION('',(1.4E-16,-1.,0.));
#122 = PCURVE('',#33,#123);
#123 = DEFINITIONAL_REPRESENTATION('',(#124),#128);
#124 = LINE('',#125,#126);
#125 = CARTESIAN_POINT('',(5.325483284487,2.431247384519));
#126 = VECTOR('',#127,1.);
#127 = DIRECTION('',(-1.4E-16,-1.));
#128 = ( GEOMETRIC_REPRESENTATION_CONTEXT(2) 
PARAMETRIC_REPRESENTATION_CONTEXT() REPRESENTATION_CONTEXT('2D SPACE',''
  ) );
#129 = PCURVE('',#130,#135);
#130 = CYLINDRICAL_SURFACE('',#131,5.E-02);
#131 = AXIS2_PLACEMENT_3D('',#132,#133,#134);
#132 = CARTESIAN_POINT('',(-6.68,2.34,0.95));
#133 = DIRECTION('',(1.4E-16,-1.,0.));
#134 = DIRECTION('',(0.,0.,1.));
#135 = DEFINITIONAL_REPRESENTATION('',(#136),#140);
#136 = LINE('',#137,#138);
#137 = CARTESIAN_POINT('',(0.,0.));
#138 = VECTOR('',#139,1.);
#139 = DIRECTION('',(0.,1.));
#140 = ( GEOMETRIC_REPRESENTATION_CONTEXT(2) 
PARAMETRIC_REPRESENTATION_CONTEXT() REPRESENTATION_CONTEXT('2D SPACE',''
  ) );
#141 = ORIENTED_EDGE('',*,*,#142,.F.);
#142 = EDGE_CURVE('',#143,#115,#145,.T.);
#143 = VERTEX_POINT('',#144);
#144 = CARTESIAN_POINT('',(-7.53,3.19,1.));
#145 = SURFACE_CURVE('',#146,(#151,#158),.PCURVE_S1.);
#146 = CIRCLE('',#147,0.85);
#147 = AXIS2_PLACEMENT_3D('',#148,#149,#150);
#148 = CARTESIAN_POINT('',(-7.53,2.34,1.));
#149 = DIRECTION('',(0.,0.,-1.));
#150 = DIRECTION('',(2.22E-15,1.,0.));
#151 = PCURVE('',#33,#152);
#152 = DEFINITIONAL_REPRESENTATION('',(#153),#157);
#153 = CIRCLE('',#154,0.85);
#154 = AXIS2_PLACEMENT_2D('',#155,#156);
#155 = CARTESIAN_POINT('',(6.175483284487,2.431247384519));
#156 = DIRECTION('',(-2.22E-15,1.));
#157 = ( GEOMETRIC_REPRESENTATION_CONTEXT(2) 
PARAMETRIC_REPRESENTATION_CONTEXT() REPRESENTATION_CONTEXT('2D SPACE',''
  ) );
#158 = PCURVE('',#159,#164);
#159 = TOROIDAL_SURFACE('',#160,0.85,5.E-02);
#160 = AXIS2_PLACEMENT_3D('',#161,#162,#163);
#161 = CARTESIAN_POINT('',(-7.53,2.34,0.95));
#162 = DIRECTION('',(0.,0.,1.));
#163 = DIRECTION('',(2.22E-15,1.,0.));
#164 = DEFINITIONAL_REPRESENTATION('',(#165),#169);
#165 = LINE('',#166,#167);
#166 = CARTESIAN_POINT('',(-0.,1.570796326795));
#167 = VECTOR('',#168,1.);
#168 = DIRECTION('',(-1.,0.));
#169 = ( GEOMETRIC_REPRESENTATION_CONTEXT(2) 
PARAMETRIC_REPRESENTATION_CONTEXT() REPRESENTATION_CONTEXT('2D SPACE',''
  ) );
#170 = ORIENTED_EDGE('',*,*,#171,.F.);
#171 = EDGE_CURVE('',#172,#143,#174,.T.);
#172 = VERTEX_POINT('',#173);
#173 = CARTESIAN_POINT('',(-19.13,3.19,1.));
#174 = SURFACE_CURVE('',#175,(#179,#186),.PCURVE_S1.);
#175 = LINE('',#176,#177);
#176 = CARTESIAN_POINT('',(-19.13,3.19,1.));
#177 = VECTOR('',#178,1.);
#178 = DIRECTION('',(1.,0.,0.));
#179 = PCURVE('',#33,#180);
#180 = DEFINITIONAL_REPRESENTATION('',(#181),#185);
#181 = LINE('',#182,#183);
#182 = CARTESIAN_POINT('',(17.775483284487,3.281247384519));
#183 = VECTOR('',#184,1.);
#184 = DIRECTION('',(-1.,0.));
#185 = ( GEOMETRIC_REPRESENTATION_CONTEXT(2) 
PARAMETRIC_REPRESENTATION_CONTEXT() REPRESENTATION_CONTEXT('2D SPACE',''
  ) );
#186 = PCURVE('',#187,#192);
#187 = CYLINDRICAL_SURFACE('',#188,5.E-02);
#188 = AXIS2_PLACEMENT_3D('',#189,#190,#191);
#189 = CARTESIAN_POINT('',(-19.13,3.19,0.95));
#190 = DIRECTION('',(1.,0.,0.));
#191 = DIRECTION('',(0.,0.,1.));
#192 = DEFINITIONAL_REPRESENTATION('',(#193),#197);
#193 = LINE('',#194,#195);
#194 = CARTESIAN_POINT('',(0.,0.));
#195 = VECTOR('',#196,1.);
#196 = DIRECTION('',(0.,1.));
#197 = ( GEOMETRIC_REPRESENTATION_CONTEXT(2) 
PARAMETRIC_REPRESENTATION_CONTEXT() REPRESENTATION_CONTEXT('2D SPACE',''
  ) );
#198 = ORIENTED_EDGE('',*,*,#199,.F.);
#199 = EDGE_CURVE('',#200,#172,#202,.T.);
#200 = VERTEX_POINT('',#201);
#201 = CARTESIAN_POINT('',(-19.98,2.34,1.));
#202 = SURFACE_CURVE('',#203,(#208,#215),.PCURVE_S1.);
#203 = CIRCLE('',#204,0.85);
#204 = AXIS2_PLACEMENT_3D('',#205,#206,#207);
#205 = CARTESIAN_POINT('',(-19.13,2.34,1.));
#206 = DIRECTION('',(0.,0.,-1.));
#207 = DIRECTION('',(-1.,0.,0.));
#208 = PCURVE('',#33,#209);
#209 = DEFINITIONAL_REPRESENTATION('',(#210),#214);
#210 = CIRCLE('',#211,0.85);
#211 = AXIS2_PLACEMENT_2D('',#212,#213);
#212 = CARTESIAN_POINT('',(17.775483284487,2.431247384519));
#213 = DIRECTION('',(1.,0.));
#214 = ( GEOMETRIC_REPRESENTATION_CONTEXT(2) 
PARAMETRIC_REPRESENTATION_CONTEXT() REPRESENTATION_CONTEXT('2D SPACE',''
  ) );
#215 = PCURVE('',#216,#221);
#216 = TOROIDAL_SURFACE('',#217,0.85,5.E-02);
#217 = AXIS2_PLACEMENT_3D('',#218,#219,#220);
#218 = CARTESIAN_POINT('',(-19.13,2.34,0.95));
#219 = DIRECTION('',(0.,0.,1.));
#220 = DIRECTION('',(-1.,0.,0.));
#221 = DEFINITIONAL_REPRESENTATION('',(#222),#226);
#222 = LINE('',#223,#224);
#223 = CARTESIAN_POINT('',(-0.,1.570796326795));
#224 = VECTOR('',#225,1.);
#225 = DIRECTION('',(-1.,0.));
#226 = ( GEOMETRIC_REPRESENTATION_CONTEXT(2) 
PARAMETRIC_REPRESENTATION_CONTEXT() REPRESENTATION_CONTEXT('2D SPACE',''
  ) );
#227 = ORIENTED_EDGE('',*,*,#228,.F.);
#228 = EDGE_CURVE('',#24,#200,#229,.T.);
#229 = SURFACE_CURVE('',#230,(#234,#241),.PCURVE_S1.);
#230 = LINE('',#231,#232);
#231 = CARTESIAN_POINT('',(-19.98,-2.26,1.));
#232 = VECTOR('',#233,1.);
#233 = DIRECTION('',(0.,1.,0.));
#234 = PCURVE('',#33,#235);
#235 = DEFINITIONAL_REPRESENTATION('',(#236),#240);
#236 = LINE('',#237,#238);
#237 = CARTESIAN_POINT('',(18.625483284487,-2.168752615481));
#238 = VECTOR('',#239,1.);
#239 = DIRECTION('',(0.,1.));
#240 = ( GEOMETRIC_REPRESENTATION_CONTEXT(2) 
PARAMETRIC_REPRESENTATION_CONTEXT() REPRESENTATION_CONTEXT('2D SPACE',''
  ) );
#241 = PCURVE('',#242,#247);
#242 = CYLINDRICAL_SURFACE('',#243,5.E-02);
#243 = AXIS2_PLACEMENT_3D('',#244,#245,#246);
#244 = CARTESIAN_POINT('',(-19.98,-2.26,0.95));
#245 = DIRECTION('',(0.,1.,0.));
#246 = DIRECTION('',(0.,0.,1.));
#247 = DEFINITIONAL_REPRESENTATION('',(#248),#252);
#248 = LINE('',#249,#250);
#249 = CARTESIAN_POINT('',(0.,0.));
#250 = VECTOR('',#251,1.);
#251 = DIRECTION('',(0.,1.));
#252 = ( GEOMETRIC_REPRESENTATION_CONTEXT(2) 
PARAMETRIC_REPRESENTATION_CONTEXT() REPRESENTATION_CONTEXT('2D SPACE',''
  ) );
#253 = FACE_BOUND('',#254,.F.);
#254 = EDGE_LOOP('',(#255,#285,#318,#346,#379,#407,#436,#464));
#255 = ORIENTED_EDGE('',*,*,#256,.F.);
#256 = EDGE_CURVE('',#257,#259,#261,.T.);
#257 = VERTEX_POINT('',#258);
#258 = CARTESIAN_POINT('',(-50.53,5.04,1.));
#259 = VERTEX_POINT('',#260);
#260 = CARTESIAN_POINT('',(-33.33,5.04,1.));
#261 = SURFACE_CURVE('',#262,(#266,#273),.PCURVE_S1.);
#262 = LINE('',#263,#264);
#263 = CARTESIAN_POINT('',(-50.93,5.04,1.));
#264 = VECTOR('',#265,1.);
#265 = DIRECTION('',(1.,0.,0.));
#266 = PCURVE('',#33,#267);
#267 = DEFINITIONAL_REPRESENTATION('',(#268),#272);
#268 = LINE('',#269,#270);
#269 = CARTESIAN_POINT('',(49.575483284487,5.131247384519));
#270 = VECTOR('',#271,1.);
#271 = DIRECTION('',(-1.,0.));
#272 = ( GEOMETRIC_REPRESENTATION_CONTEXT(2) 
PARAMETRIC_REPRESENTATION_CONTEXT() REPRESENTATION_CONTEXT('2D SPACE',''
  ) );
#273 = PCURVE('',#274,#279);
#274 = PLANE('',#275);
#275 = AXIS2_PLACEMENT_3D('',#276,#277,#278);
#276 = CARTESIAN_POINT('',(-50.93,5.04,1.));
#277 = DIRECTION('',(0.,-1.,0.));
#278 = DIRECTION('',(1.,0.,0.));
#279 = DEFINITIONAL_REPRESENTATION('',(#280),#284);
#280 = LINE('',#281,#282);
#281 = CARTESIAN_POINT('',(0.,0.));
#282 = VECTOR('',#283,1.);
#283 = DIRECTION('',(1.,0.));
#284 = ( GEOMETRIC_REPRESENTATION_CONTEXT(2) 
PARAMETRIC_REPRESENTATION_CONTEXT() REPRESENTATION_CONTEXT('2D SPACE',''
  ) );
#285 = ORIENTED_EDGE('',*,*,#286,.T.);
#286 = EDGE_CURVE('',#257,#287,#289,.T.);
#287 = VERTEX_POINT('',#288);
#288 = CARTESIAN_POINT('',(-50.93,4.64,1.));
#289 = SURFACE_CURVE('',#290,(#295,#306),.PCURVE_S1.);
#290 = CIRCLE('',#291,0.4);
#291 = AXIS2_PLACEMENT_3D('',#292,#293,#294);
#292 = CARTESIAN_POINT('',(-50.53,4.64,1.));
#293 = DIRECTION('',(0.,-0.,1.));
#294 = DIRECTION('',(0.,1.,0.));
#295 = PCURVE('',#33,#296);
#296 = DEFINITIONAL_REPRESENTATION('',(#297),#305);
#297 = ( BOUNDED_CURVE() B_SPLINE_CURVE(2,(#298,#299,#300,#301,#302,#303
,#304),.UNSPECIFIED.,.T.,.F.) B_SPLINE_CURVE_WITH_KNOTS((1,2,2,2,2,1),(
    -2.094395102393,0.,2.094395102393,4.188790204786,6.28318530718,
8.377580409573),.UNSPECIFIED.) CURVE() GEOMETRIC_REPRESENTATION_ITEM() 
RATIONAL_B_SPLINE_CURVE((1.,0.5,1.,0.5,1.,0.5,1.)) REPRESENTATION_ITEM(
  '') );
#298 = CARTESIAN_POINT('',(49.175483284487,5.131247384519));
#299 = CARTESIAN_POINT('',(49.868303607515,5.131247384519));
#300 = CARTESIAN_POINT('',(49.521893446001,4.531247384519));
#301 = CARTESIAN_POINT('',(49.175483284487,3.931247384519));
#302 = CARTESIAN_POINT('',(48.829073122974,4.531247384519));
#303 = CARTESIAN_POINT('',(48.48266296146,5.131247384519));
#304 = CARTESIAN_POINT('',(49.175483284487,5.131247384519));
#305 = ( GEOMETRIC_REPRESENTATION_CONTEXT(2) 
PARAMETRIC_REPRESENTATION_CONTEXT() REPRESENTATION_CONTEXT('2D SPACE',''
  ) );
#306 = PCURVE('',#307,#312);
#307 = CYLINDRICAL_SURFACE('',#308,0.4);
#308 = AXIS2_PLACEMENT_3D('',#309,#310,#311);
#309 = CARTESIAN_POINT('',(-50.53,4.64,1.));
#310 = DIRECTION('',(-0.,-0.,-1.));
#311 = DIRECTION('',(0.,1.,0.));
#312 = DEFINITIONAL_REPRESENTATION('',(#313),#317);
#313 = LINE('',#314,#315);
#314 = CARTESIAN_POINT('',(-0.,0.));
#315 = VECTOR('',#316,1.);
#316 = DIRECTION('',(-1.,0.));
#317 = ( GEOMETRIC_REPRESENTATION_CONTEXT(2) 
PARAMETRIC_REPRESENTATION_CONTEXT() REPRESENTATION_CONTEXT('2D SPACE',''
  ) );
#318 = ORIENTED_EDGE('',*,*,#319,.F.);
#319 = EDGE_CURVE('',#320,#287,#322,.T.);
#320 = VERTEX_POINT('',#321);
#321 = CARTESIAN_POINT('',(-50.93,-4.56,1.));
#322 = SURFACE_CURVE('',#323,(#327,#334),.PCURVE_S1.);
#323 = LINE('',#324,#325);
#324 = CARTESIAN_POINT('',(-50.93,-4.96,1.));
#325 = VECTOR('',#326,1.);
#326 = DIRECTION('',(0.,1.,0.));
#327 = PCURVE('',#33,#328);
#328 = DEFINITIONAL_REPRESENTATION('',(#329),#333);
#329 = LINE('',#330,#331);
#330 = CARTESIAN_POINT('',(49.575483284487,-4.868752615481));
#331 = VECTOR('',#332,1.);
#332 = DIRECTION('',(0.,1.));
#333 = ( GEOMETRIC_REPRESENTATION_CONTEXT(2) 
PARAMETRIC_REPRESENTATION_CONTEXT() REPRESENTATION_CONTEXT('2D SPACE',''
  ) );
#334 = PCURVE('',#335,#340);
#335 = PLANE('',#336);
#336 = AXIS2_PLACEMENT_3D('',#337,#338,#339);
#337 = CARTESIAN_POINT('',(-50.93,-4.96,1.));
#338 = DIRECTION('',(1.,0.,0.));
#339 = DIRECTION('',(0.,1.,0.));
#340 = DEFINITIONAL_REPRESENTATION('',(#341),#345);
#341 = LINE('',#342,#343);
#342 = CARTESIAN_POINT('',(0.,0.));
#343 = VECTOR('',#344,1.);
#344 = DIRECTION('',(1.,0.));
#345 = ( GEOMETRIC_REPRESENTATION_CONTEXT(2) 
PARAMETRIC_REPRESENTATION_CONTEXT() REPRESENTATION_CONTEXT('2D SPACE',''
  ) );
#346 = ORIENTED_EDGE('',*,*,#347,.T.);
#347 = EDGE_CURVE('',#320,#348,#350,.T.);
#348 = VERTEX_POINT('',#349);
#349 = CARTESIAN_POINT('',(-50.53,-4.96,1.));
#350 = SURFACE_CURVE('',#351,(#356,#367),.PCURVE_S1.);
#351 = CIRCLE('',#352,0.4);
#352 = AXIS2_PLACEMENT_3D('',#353,#354,#355);
#353 = CARTESIAN_POINT('',(-50.53,-4.56,1.));
#354 = DIRECTION('',(0.,-0.,1.));
#355 = DIRECTION('',(0.,1.,0.));
#356 = PCURVE('',#33,#357);
#357 = DEFINITIONAL_REPRESENTATION('',(#358),#366);
#358 = ( BOUNDED_CURVE() B_SPLINE_CURVE(2,(#359,#360,#361,#362,#363,#364
,#365),.UNSPECIFIED.,.T.,.F.) B_SPLINE_CURVE_WITH_KNOTS((1,2,2,2,2,1),(
    -2.094395102393,0.,2.094395102393,4.188790204786,6.28318530718,
8.377580409573),.UNSPECIFIED.) CURVE() GEOMETRIC_REPRESENTATION_ITEM() 
RATIONAL_B_SPLINE_CURVE((1.,0.5,1.,0.5,1.,0.5,1.)) REPRESENTATION_ITEM(
  '') );
#359 = CARTESIAN_POINT('',(49.175483284487,-4.068752615481));
#360 = CARTESIAN_POINT('',(49.868303607515,-4.068752615481));
#361 = CARTESIAN_POINT('',(49.521893446001,-4.668752615481));
#362 = CARTESIAN_POINT('',(49.175483284487,-5.268752615481));
#363 = CARTESIAN_POINT('',(48.829073122974,-4.668752615481));
#364 = CARTESIAN_POINT('',(48.48266296146,-4.068752615481));
#365 = CARTESIAN_POINT('',(49.175483284487,-4.068752615481));
#366 = ( GEOMETRIC_REPRESENTATION_CONTEXT(2) 
PARAMETRIC_REPRESENTATION_CONTEXT() REPRESENTATION_CONTEXT('2D SPACE',''
  ) );
#367 = PCURVE('',#368,#373);
#368 = CYLINDRICAL_SURFACE('',#369,0.4);
#369 = AXIS2_PLACEMENT_3D('',#370,#371,#372);
#370 = CARTESIAN_POINT('',(-50.53,-4.56,1.));
#371 = DIRECTION('',(-0.,-0.,-1.));
#372 = DIRECTION('',(-1.,0.,0.));
#373 = DEFINITIONAL_REPRESENTATION('',(#374),#378);
#374 = LINE('',#375,#376);
#375 = CARTESIAN_POINT('',(1.570796326795,-0.));
#376 = VECTOR('',#377,1.);
#377 = DIRECTION('',(-1.,0.));
#378 = ( GEOMETRIC_REPRESENTATION_CONTEXT(2) 
PARAMETRIC_REPRESENTATION_CONTEXT() REPRESENTATION_CONTEXT('2D SPACE',''
  ) );
#379 = ORIENTED_EDGE('',*,*,#380,.F.);
#380 = EDGE_CURVE('',#381,#348,#383,.T.);
#381 = VERTEX_POINT('',#382);
#382 = CARTESIAN_POINT('',(-33.33,-4.96,1.));
#383 = SURFACE_CURVE('',#384,(#388,#395),.PCURVE_S1.);
#384 = LINE('',#385,#386);
#385 = CARTESIAN_POINT('',(-32.93,-4.96,1.));
#386 = VECTOR('',#387,1.);
#387 = DIRECTION('',(-1.,0.,0.));
#388 = PCURVE('',#33,#389);
#389 = DEFINITIONAL_REPRESENTATION('',(#390),#394);
#390 = LINE('',#391,#392);
#391 = CARTESIAN_POINT('',(31.575483284487,-4.868752615481));
#392 = VECTOR('',#393,1.);
#393 = DIRECTION('',(1.,0.));
#394 = ( GEOMETRIC_REPRESENTATION_CONTEXT(2) 
PARAMETRIC_REPRESENTATION_CONTEXT() REPRESENTATION_CONTEXT('2D SPACE',''
  ) );
#395 = PCURVE('',#396,#401);
#396 = PLANE('',#397);
#397 = AXIS2_PLACEMENT_3D('',#398,#399,#400);
#398 = CARTESIAN_POINT('',(-32.93,-4.96,1.));
#399 = DIRECTION('',(0.,1.,0.));
#400 = DIRECTION('',(-1.,0.,0.));
#401 = DEFINITIONAL_REPRESENTATION('',(#402),#406);
#402 = LINE('',#403,#404);
#403 = CARTESIAN_POINT('',(0.,0.));
#404 = VECTOR('',#405,1.);
#405 = DIRECTION('',(1.,0.));
#406 = ( GEOMETRIC_REPRESENTATION_CONTEXT(2) 
PARAMETRIC_REPRESENTATION_CONTEXT() REPRESENTATION_CONTEXT('2D SPACE',''
  ) );
#407 = ORIENTED_EDGE('',*,*,#408,.F.);
#408 = EDGE_CURVE('',#409,#381,#411,.T.);
#409 = VERTEX_POINT('',#410);
#410 = CARTESIAN_POINT('',(-32.93,-4.56,1.));
#411 = SURFACE_CURVE('',#412,(#417,#424),.PCURVE_S1.);
#412 = CIRCLE('',#413,0.4);
#413 = AXIS2_PLACEMENT_3D('',#414,#415,#416);
#414 = CARTESIAN_POINT('',(-33.33,-4.56,1.));
#415 = DIRECTION('',(0.,0.,-1.));
#416 = DIRECTION('',(0.,1.,0.));
#417 = PCURVE('',#33,#418);
#418 = DEFINITIONAL_REPRESENTATION('',(#419),#423);
#419 = CIRCLE('',#420,0.4);
#420 = AXIS2_PLACEMENT_2D('',#421,#422);
#421 = CARTESIAN_POINT('',(31.975483284487,-4.468752615481));
#422 = DIRECTION('',(0.,1.));
#423 = ( GEOMETRIC_REPRESENTATION_CONTEXT(2) 
PARAMETRIC_REPRESENTATION_CONTEXT() REPRESENTATION_CONTEXT('2D SPACE',''
  ) );
#424 = PCURVE('',#425,#430);
#425 = CYLINDRICAL_SURFACE('',#426,0.4);
#426 = AXIS2_PLACEMENT_3D('',#427,#428,#429);
#427 = CARTESIAN_POINT('',(-33.33,-4.56,1.));
#428 = DIRECTION('',(-0.,-0.,-1.));
#429 = DIRECTION('',(1.,0.,0.));
#430 = DEFINITIONAL_REPRESENTATION('',(#431),#435);
#431 = LINE('',#432,#433);
#432 = CARTESIAN_POINT('',(-1.570796326795,0.));
#433 = VECTOR('',#434,1.);
#434 = DIRECTION('',(1.,0.));
#435 = ( GEOMETRIC_REPRESENTATION_CONTEXT(2) 
PARAMETRIC_REPRESENTATION_CONTEXT() REPRESENTATION_CONTEXT('2D SPACE',''
  ) );
#436 = ORIENTED_EDGE('',*,*,#437,.F.);
#437 = EDGE_CURVE('',#438,#409,#440,.T.);
#438 = VERTEX_POINT('',#439);
#439 = CARTESIAN_POINT('',(-32.93,4.64,1.));
#440 = SURFACE_CURVE('',#441,(#445,#452),.PCURVE_S1.);
#441 = LINE('',#442,#443);
#442 = CARTESIAN_POINT('',(-32.93,5.04,1.));
#443 = VECTOR('',#444,1.);
#444 = DIRECTION('',(0.,-1.,0.));
#445 = PCURVE('',#33,#446);
#446 = DEFINITIONAL_REPRESENTATION('',(#447),#451);
#447 = LINE('',#448,#449);
#448 = CARTESIAN_POINT('',(31.575483284487,5.131247384519));
#449 = VECTOR('',#450,1.);
#450 = DIRECTION('',(0.,-1.));
#451 = ( GEOMETRIC_REPRESENTATION_CONTEXT(2) 
PARAMETRIC_REPRESENTATION_CONTEXT() REPRESENTATION_CONTEXT('2D SPACE',''
  ) );
#452 = PCURVE('',#453,#458);
#453 = PLANE('',#454);
#454 = AXIS2_PLACEMENT_3D('',#455,#456,#457);
#455 = CARTESIAN_POINT('',(-32.93,5.04,1.));
#456 = DIRECTION('',(-1.,0.,0.));
#457 = DIRECTION('',(0.,-1.,0.));
#458 = DEFINITIONAL_REPRESENTATION('',(#459),#463);
#459 = LINE('',#460,#461);
#460 = CARTESIAN_POINT('',(0.,0.));
#461 = VECTOR('',#462,1.);
#462 = DIRECTION('',(1.,0.));
#463 = ( GEOMETRIC_REPRESENTATION_CONTEXT(2) 
PARAMETRIC_REPRESENTATION_CONTEXT() REPRESENTATION_CONTEXT('2D SPACE',''
  ) );
#464 = ORIENTED_EDGE('',*,*,#465,.F.);
#465 = EDGE_CURVE('',#259,#438,#466,.T.);
#466 = SURFACE_CURVE('',#467,(#472,#479),.PCURVE_S1.);
#467 = CIRCLE('',#468,0.4);
#468 = AXIS2_PLACEMENT_3D('',#469,#470,#471);
#469 = CARTESIAN_POINT('',(-33.33,4.64,1.));
#470 = DIRECTION('',(0.,0.,-1.));
#471 = DIRECTION('',(0.,1.,0.));
#472 = PCURVE('',#33,#473);
#473 = DEFINITIONAL_REPRESENTATION('',(#474),#478);
#474 = CIRCLE('',#475,0.4);
#475 = AXIS2_PLACEMENT_2D('',#476,#477);
#476 = CARTESIAN_POINT('',(31.975483284487,4.731247384519));
#477 = DIRECTION('',(0.,1.));
#478 = ( GEOMETRIC_REPRESENTATION_CONTEXT(2) 
PARAMETRIC_REPRESENTATION_CONTEXT() REPRESENTATION_CONTEXT('2D SPACE',''
  ) );
#479 = PCURVE('',#480,#485);
#480 = CYLINDRICAL_SURFACE('',#481,0.4);
#481 = AXIS2_PLACEMENT_3D('',#482,#483,#484);
#482 = CARTESIAN_POINT('',(-33.33,4.64,1.));
#483 = DIRECTION('',(-0.,-0.,-1.));
#484 = DIRECTION('',(0.,1.,0.));
#485 = DEFINITIONAL_REPRESENTATION('',(#486),#490);
#486 = LINE('',#487,#488);
#487 = CARTESIAN_POINT('',(0.,0.));
#488 = VECTOR('',#489,1.);
#489 = DIRECTION('',(1.,0.));
#490 = ( GEOMETRIC_REPRESENTATION_CONTEXT(2) 
PARAMETRIC_REPRESENTATION_CONTEXT() REPRESENTATION_CONTEXT('2D SPACE',''
  ) );
#491 = FACE_BOUND('',#492,.F.);
#492 = EDGE_LOOP('',(#493));
#493 = ORIENTED_EDGE('',*,*,#494,.F.);
#494 = EDGE_CURVE('',#495,#495,#497,.T.);
#495 = VERTEX_POINT('',#496);
#496 = CARTESIAN_POINT('',(42.895,4.E-02,1.));
#497 = SURFACE_CURVE('',#498,(#503,#510),.PCURVE_S1.);
#498 = CIRCLE('',#499,1.675);
#499 = AXIS2_PLACEMENT_3D('',#500,#501,#502);
#500 = CARTESIAN_POINT('',(41.22,4.E-02,1.));
#501 = DIRECTION('',(0.,0.,-1.));
#502 = DIRECTION('',(1.,-2.4E-16,0.));
#503 = PCURVE('',#33,#504);
#504 = DEFINITIONAL_REPRESENTATION('',(#505),#509);
#505 = CIRCLE('',#506,1.675);
#506 = AXIS2_PLACEMENT_2D('',#507,#508);
#507 = CARTESIAN_POINT('',(-42.57451671551,0.131247384519));
#508 = DIRECTION('',(-1.,-2.4E-16));
#509 = ( GEOMETRIC_REPRESENTATION_CONTEXT(2) 
PARAMETRIC_REPRESENTATION_CONTEXT() REPRESENTATION_CONTEXT('2D SPACE',''
  ) );
#510 = PCURVE('',#511,#516);
#511 = TOROIDAL_SURFACE('',#512,1.675,5.E-02);
#512 = AXIS2_PLACEMENT_3D('',#513,#514,#515);
#513 = CARTESIAN_POINT('',(41.22,4.E-02,0.95));
#514 = DIRECTION('',(0.,0.,-1.));
#515 = DIRECTION('',(1.,-2.4E-16,0.));
#516 = DEFINITIONAL_REPRESENTATION('',(#517),#521);
#517 = LINE('',#518,#519);
#518 = CARTESIAN_POINT('',(0.,4.712388980385));
#519 = VECTOR('',#520,1.);
#520 = DIRECTION('',(1.,0.));
#521 = ( GEOMETRIC_REPRESENTATION_CONTEXT(2) 
PARAMETRIC_REPRESENTATION_CONTEXT() REPRESENTATION_CONTEXT('2D SPACE',''
  ) );
#522 = FACE_BOUND('',#523,.F.);
#523 = EDGE_LOOP('',(#524,#554,#582,#610,#633,#661,#689,#717,#745,#773,
    #801,#830,#858,#886,#914,#942,#975,#1003,#1036,#1064,#1092,#1120,
    #1148));
#524 = ORIENTED_EDGE('',*,*,#525,.T.);
#525 = EDGE_CURVE('',#526,#528,#530,.T.);
#526 = VERTEX_POINT('',#527);
#527 = CARTESIAN_POINT('',(52.593418747299,10.99,1.));
#528 = VERTEX_POINT('',#529);
#529 = CARTESIAN_POINT('',(56.07,10.99,1.));
#530 = SURFACE_CURVE('',#531,(#535,#542),.PCURVE_S1.);
#531 = LINE('',#532,#533);
#532 = CARTESIAN_POINT('',(52.57,10.99,1.));
#533 = VECTOR('',#534,1.);
#534 = DIRECTION('',(1.,0.,0.));
#535 = PCURVE('',#33,#536);
#536 = DEFINITIONAL_REPRESENTATION('',(#537),#541);
#537 = LINE('',#538,#539);
#538 = CARTESIAN_POINT('',(-53.92451671551,11.081247384519));
#539 = VECTOR('',#540,1.);
#540 = DIRECTION('',(-1.,0.));
#541 = ( GEOMETRIC_REPRESENTATION_CONTEXT(2) 
PARAMETRIC_REPRESENTATION_CONTEXT() REPRESENTATION_CONTEXT('2D SPACE',''
  ) );
#542 = PCURVE('',#543,#548);
#543 = CYLINDRICAL_SURFACE('',#544,5.E-02);
#544 = AXIS2_PLACEMENT_3D('',#545,#546,#547);
#545 = CARTESIAN_POINT('',(52.57,10.99,0.95));
#546 = DIRECTION('',(1.,0.,0.));
#547 = DIRECTION('',(0.,1.,0.));
#548 = DEFINITIONAL_REPRESENTATION('',(#549),#553);
#549 = LINE('',#550,#551);
#550 = CARTESIAN_POINT('',(1.570796326795,0.));
#551 = VECTOR('',#552,1.);
#552 = DIRECTION('',(0.,1.));
#553 = ( GEOMETRIC_REPRESENTATION_CONTEXT(2) 
PARAMETRIC_REPRESENTATION_CONTEXT() REPRESENTATION_CONTEXT('2D SPACE',''
  ) );
#554 = ORIENTED_EDGE('',*,*,#555,.T.);
#555 = EDGE_CURVE('',#528,#556,#558,.T.);
#556 = VERTEX_POINT('',#557);
#557 = CARTESIAN_POINT('',(56.07,-6.91,1.));
#558 = SURFACE_CURVE('',#559,(#563,#570),.PCURVE_S1.);
#559 = LINE('',#560,#561);
#560 = CARTESIAN_POINT('',(56.07,11.04,1.));
#561 = VECTOR('',#562,1.);
#562 = DIRECTION('',(0.,-1.,0.));
#563 = PCURVE('',#33,#564);
#564 = DEFINITIONAL_REPRESENTATION('',(#565),#569);
#565 = LINE('',#566,#567);
#566 = CARTESIAN_POINT('',(-57.42451671551,11.131247384519));
#567 = VECTOR('',#568,1.);
#568 = DIRECTION('',(0.,-1.));
#569 = ( GEOMETRIC_REPRESENTATION_CONTEXT(2) 
PARAMETRIC_REPRESENTATION_CONTEXT() REPRESENTATION_CONTEXT('2D SPACE',''
  ) );
#570 = PCURVE('',#571,#576);
#571 = CYLINDRICAL_SURFACE('',#572,0.1);
#572 = AXIS2_PLACEMENT_3D('',#573,#574,#575);
#573 = CARTESIAN_POINT('',(56.07,11.04,1.1));
#574 = DIRECTION('',(0.,-1.,0.));
#575 = DIRECTION('',(0.,0.,-1.));
#576 = DEFINITIONAL_REPRESENTATION('',(#577),#581);
#577 = LINE('',#578,#579);
#578 = CARTESIAN_POINT('',(0.,0.));
#579 = VECTOR('',#580,1.);
#580 = DIRECTION('',(0.,1.));
#581 = ( GEOMETRIC_REPRESENTATION_CONTEXT(2) 
PARAMETRIC_REPRESENTATION_CONTEXT() REPRESENTATION_CONTEXT('2D SPACE',''
  ) );
#582 = ORIENTED_EDGE('',*,*,#583,.T.);
#583 = EDGE_CURVE('',#556,#584,#586,.T.);
#584 = VERTEX_POINT('',#585);
#585 = CARTESIAN_POINT('',(51.620000000981,-6.91,1.));
#586 = SURFACE_CURVE('',#587,(#591,#598),.PCURVE_S1.);
#587 = LINE('',#588,#589);
#588 = CARTESIAN_POINT('',(56.07,-6.91,1.));
#589 = VECTOR('',#590,1.);
#590 = DIRECTION('',(-1.,-0.,-0.));
#591 = PCURVE('',#33,#592);
#592 = DEFINITIONAL_REPRESENTATION('',(#593),#597);
#593 = LINE('',#594,#595);
#594 = CARTESIAN_POINT('',(-57.42451671551,-6.818752615481));
#595 = VECTOR('',#596,1.);
#596 = DIRECTION('',(1.,0.));
#597 = ( GEOMETRIC_REPRESENTATION_CONTEXT(2) 
PARAMETRIC_REPRESENTATION_CONTEXT() REPRESENTATION_CONTEXT('2D SPACE',''
  ) );
#598 = PCURVE('',#599,#604);
#599 = CYLINDRICAL_SURFACE('',#600,5.E-02);
#600 = AXIS2_PLACEMENT_3D('',#601,#602,#603);
#601 = CARTESIAN_POINT('',(56.07,-6.91,0.95));
#602 = DIRECTION('',(-1.,-0.,-0.));
#603 = DIRECTION('',(0.,-1.,0.));
#604 = DEFINITIONAL_REPRESENTATION('',(#605),#609);
#605 = LINE('',#606,#607);
#606 = CARTESIAN_POINT('',(1.570796326795,0.));
#607 = VECTOR('',#608,1.);
#608 = DIRECTION('',(0.,1.));
#609 = ( GEOMETRIC_REPRESENTATION_CONTEXT(2) 
PARAMETRIC_REPRESENTATION_CONTEXT() REPRESENTATION_CONTEXT('2D SPACE',''
  ) );
#610 = ORIENTED_EDGE('',*,*,#611,.T.);
#611 = EDGE_CURVE('',#584,#612,#614,.T.);
#612 = VERTEX_POINT('',#613);
#613 = CARTESIAN_POINT('',(51.54928923663,-6.910000085539,1.));
#614 = SURFACE_CURVE('',#615,(#619,#626),.PCURVE_S1.);
#615 = LINE('',#616,#617);
#616 = CARTESIAN_POINT('',(56.07,-6.91,1.));
#617 = VECTOR('',#618,1.);
#618 = DIRECTION('',(-1.,-0.,-0.));
#619 = PCURVE('',#33,#620);
#620 = DEFINITIONAL_REPRESENTATION('',(#621),#625);
#621 = LINE('',#622,#623);
#622 = CARTESIAN_POINT('',(-57.42451671551,-6.818752615481));
#623 = VECTOR('',#624,1.);
#624 = DIRECTION('',(1.,0.));
#625 = ( GEOMETRIC_REPRESENTATION_CONTEXT(2) 
PARAMETRIC_REPRESENTATION_CONTEXT() REPRESENTATION_CONTEXT('2D SPACE',''
  ) );
#626 = PCURVE('',#599,#627);
#627 = DEFINITIONAL_REPRESENTATION('',(#628),#632);
#628 = LINE('',#629,#630);
#629 = CARTESIAN_POINT('',(1.570796326795,0.));
#630 = VECTOR('',#631,1.);
#631 = DIRECTION('',(0.,1.));
#632 = ( GEOMETRIC_REPRESENTATION_CONTEXT(2) 
PARAMETRIC_REPRESENTATION_CONTEXT() REPRESENTATION_CONTEXT('2D SPACE',''
  ) );
#633 = ORIENTED_EDGE('',*,*,#634,.F.);
#634 = EDGE_CURVE('',#635,#612,#637,.T.);
#635 = VERTEX_POINT('',#636);
#636 = CARTESIAN_POINT('',(51.534644661287,-6.924644660594,1.));
#637 = SURFACE_CURVE('',#638,(#642,#649),.PCURVE_S1.);
#638 = LINE('',#639,#640);
#639 = CARTESIAN_POINT('',(51.534644661287,-6.924644660594,1.));
#640 = VECTOR('',#641,1.);
#641 = DIRECTION('',(0.707106788122,0.707106774251,0.));
#642 = PCURVE('',#33,#643);
#643 = DEFINITIONAL_REPRESENTATION('',(#644),#648);
#644 = LINE('',#645,#646);
#645 = CARTESIAN_POINT('',(-52.8891613768,-6.833397276075));
#646 = VECTOR('',#647,1.);
#647 = DIRECTION('',(-0.707106788122,0.707106774251));
#648 = ( GEOMETRIC_REPRESENTATION_CONTEXT(2) 
PARAMETRIC_REPRESENTATION_CONTEXT() REPRESENTATION_CONTEXT('2D SPACE',''
  ) );
#649 = PCURVE('',#650,#655);
#650 = CYLINDRICAL_SURFACE('',#651,5.E-02);
#651 = AXIS2_PLACEMENT_3D('',#652,#653,#654);
#652 = CARTESIAN_POINT('',(51.534644661287,-6.924644660594,0.95));
#653 = DIRECTION('',(0.707106788122,0.707106774251,0.));
#654 = DIRECTION('',(0.707106774251,-0.707106788122,0.));
#655 = DEFINITIONAL_REPRESENTATION('',(#656),#660);
#656 = LINE('',#657,#658);
#657 = CARTESIAN_POINT('',(-1.570796326795,0.));
#658 = VECTOR('',#659,1.);
#659 = DIRECTION('',(-0.,1.));
#660 = ( GEOMETRIC_REPRESENTATION_CONTEXT(2) 
PARAMETRIC_REPRESENTATION_CONTEXT() REPRESENTATION_CONTEXT('2D SPACE',''
  ) );
#661 = ORIENTED_EDGE('',*,*,#662,.F.);
#662 = EDGE_CURVE('',#663,#635,#665,.T.);
#663 = VERTEX_POINT('',#664);
#664 = CARTESIAN_POINT('',(50.049289322169,-8.409999970577,1.));
#665 = SURFACE_CURVE('',#666,(#670,#677),.PCURVE_S1.);
#666 = LINE('',#667,#668);
#667 = CARTESIAN_POINT('',(50.034644661287,-8.424644631171,1.));
#668 = VECTOR('',#669,1.);
#669 = DIRECTION('',(0.707106788122,0.707106774251,0.));
#670 = PCURVE('',#33,#671);
#671 = DEFINITIONAL_REPRESENTATION('',(#672),#676);
#672 = LINE('',#673,#674);
#673 = CARTESIAN_POINT('',(-51.3891613768,-8.333397246652));
#674 = VECTOR('',#675,1.);
#675 = DIRECTION('',(-0.707106788122,0.707106774251));
#676 = ( GEOMETRIC_REPRESENTATION_CONTEXT(2) 
PARAMETRIC_REPRESENTATION_CONTEXT() REPRESENTATION_CONTEXT('2D SPACE',''
  ) );
#677 = PCURVE('',#678,#683);
#678 = CYLINDRICAL_SURFACE('',#679,5.E-02);
#679 = AXIS2_PLACEMENT_3D('',#680,#681,#682);
#680 = CARTESIAN_POINT('',(50.034644661287,-8.424644631171,0.95));
#681 = DIRECTION('',(0.707106788122,0.707106774251,0.));
#682 = DIRECTION('',(0.707106774251,-0.707106788122,0.));
#683 = DEFINITIONAL_REPRESENTATION('',(#684),#688);
#684 = LINE('',#685,#686);
#685 = CARTESIAN_POINT('',(-1.570796326795,0.));
#686 = VECTOR('',#687,1.);
#687 = DIRECTION('',(-0.,1.));
#688 = ( GEOMETRIC_REPRESENTATION_CONTEXT(2) 
PARAMETRIC_REPRESENTATION_CONTEXT() REPRESENTATION_CONTEXT('2D SPACE',''
  ) );
#689 = ORIENTED_EDGE('',*,*,#690,.F.);
#690 = EDGE_CURVE('',#691,#663,#693,.T.);
#691 = VERTEX_POINT('',#692);
#692 = CARTESIAN_POINT('',(48.52,-8.409999970577,1.));
#693 = SURFACE_CURVE('',#694,(#698,#705),.PCURVE_S1.);
#694 = LINE('',#695,#696);
#695 = CARTESIAN_POINT('',(48.57,-8.409999970577,1.));
#696 = VECTOR('',#697,1.);
#697 = DIRECTION('',(1.,0.,0.));
#698 = PCURVE('',#33,#699);
#699 = DEFINITIONAL_REPRESENTATION('',(#700),#704);
#700 = LINE('',#701,#702);
#701 = CARTESIAN_POINT('',(-49.92451671551,-8.318752586058));
#702 = VECTOR('',#703,1.);
#703 = DIRECTION('',(-1.,0.));
#704 = ( GEOMETRIC_REPRESENTATION_CONTEXT(2) 
PARAMETRIC_REPRESENTATION_CONTEXT() REPRESENTATION_CONTEXT('2D SPACE',''
  ) );
#705 = PCURVE('',#706,#711);
#706 = CYLINDRICAL_SURFACE('',#707,5.E-02);
#707 = AXIS2_PLACEMENT_3D('',#708,#709,#710);
#708 = CARTESIAN_POINT('',(48.57,-8.409999970577,0.95));
#709 = DIRECTION('',(1.,0.,0.));
#710 = DIRECTION('',(0.,-1.,0.));
#711 = DEFINITIONAL_REPRESENTATION('',(#712),#716);
#712 = LINE('',#713,#714);
#713 = CARTESIAN_POINT('',(-1.570796326795,0.));
#714 = VECTOR('',#715,1.);
#715 = DIRECTION('',(-0.,1.));
#716 = ( GEOMETRIC_REPRESENTATION_CONTEXT(2) 
PARAMETRIC_REPRESENTATION_CONTEXT() REPRESENTATION_CONTEXT('2D SPACE',''
  ) );
#717 = ORIENTED_EDGE('',*,*,#718,.F.);
#718 = EDGE_CURVE('',#719,#691,#721,.T.);
#719 = VERTEX_POINT('',#720);
#720 = CARTESIAN_POINT('',(48.52,-8.469999970577,1.));
#721 = SURFACE_CURVE('',#722,(#726,#733),.PCURVE_S1.);
#722 = LINE('',#723,#724);
#723 = CARTESIAN_POINT('',(48.52,-8.469999970577,1.));
#724 = VECTOR('',#725,1.);
#725 = DIRECTION('',(0.,1.,0.));
#726 = PCURVE('',#33,#727);
#727 = DEFINITIONAL_REPRESENTATION('',(#728),#732);
#728 = LINE('',#729,#730);
#729 = CARTESIAN_POINT('',(-49.87451671551,-8.378752586058));
#730 = VECTOR('',#731,1.);
#731 = DIRECTION('',(0.,1.));
#732 = ( GEOMETRIC_REPRESENTATION_CONTEXT(2) 
PARAMETRIC_REPRESENTATION_CONTEXT() REPRESENTATION_CONTEXT('2D SPACE',''
  ) );
#733 = PCURVE('',#734,#739);
#734 = CYLINDRICAL_SURFACE('',#735,5.E-02);
#735 = AXIS2_PLACEMENT_3D('',#736,#737,#738);
#736 = CARTESIAN_POINT('',(48.52,-8.469999970577,0.95));
#737 = DIRECTION('',(0.,1.,0.));
#738 = DIRECTION('',(1.,0.,0.));
#739 = DEFINITIONAL_REPRESENTATION('',(#740),#744);
#740 = LINE('',#741,#742);
#741 = CARTESIAN_POINT('',(-1.570796326795,0.));
#742 = VECTOR('',#743,1.);
#743 = DIRECTION('',(-0.,1.));
#744 = ( GEOMETRIC_REPRESENTATION_CONTEXT(2) 
PARAMETRIC_REPRESENTATION_CONTEXT() REPRESENTATION_CONTEXT('2D SPACE',''
  ) );
#745 = ORIENTED_EDGE('',*,*,#746,.F.);
#746 = EDGE_CURVE('',#747,#719,#749,.T.);
#747 = VERTEX_POINT('',#748);
#748 = CARTESIAN_POINT('',(-43.38,-8.469999970577,1.));
#749 = SURFACE_CURVE('',#750,(#754,#761),.PCURVE_S1.);
#750 = LINE('',#751,#752);
#751 = CARTESIAN_POINT('',(-43.43,-8.469999970577,1.));
#752 = VECTOR('',#753,1.);
#753 = DIRECTION('',(1.,0.,0.));
#754 = PCURVE('',#33,#755);
#755 = DEFINITIONAL_REPRESENTATION('',(#756),#760);
#756 = LINE('',#757,#758);
#757 = CARTESIAN_POINT('',(42.075483284487,-8.378752586058));
#758 = VECTOR('',#759,1.);
#759 = DIRECTION('',(-1.,0.));
#760 = ( GEOMETRIC_REPRESENTATION_CONTEXT(2) 
PARAMETRIC_REPRESENTATION_CONTEXT() REPRESENTATION_CONTEXT('2D SPACE',''
  ) );
#761 = PCURVE('',#762,#767);
#762 = CYLINDRICAL_SURFACE('',#763,1.1);
#763 = AXIS2_PLACEMENT_3D('',#764,#765,#766);
#764 = CARTESIAN_POINT('',(-43.43,-8.469999970577,-0.1));
#765 = DIRECTION('',(1.,0.,0.));
#766 = DIRECTION('',(0.,0.,1.));
#767 = DEFINITIONAL_REPRESENTATION('',(#768),#772);
#768 = LINE('',#769,#770);
#769 = CARTESIAN_POINT('',(0.,0.));
#770 = VECTOR('',#771,1.);
#771 = DIRECTION('',(0.,1.));
#772 = ( GEOMETRIC_REPRESENTATION_CONTEXT(2) 
PARAMETRIC_REPRESENTATION_CONTEXT() REPRESENTATION_CONTEXT('2D SPACE',''
  ) );
#773 = ORIENTED_EDGE('',*,*,#774,.F.);
#774 = EDGE_CURVE('',#775,#747,#777,.T.);
#775 = VERTEX_POINT('',#776);
#776 = CARTESIAN_POINT('',(-43.38000005574,-8.460074635908,1.));
#777 = SURFACE_CURVE('',#778,(#782,#789),.PCURVE_S1.);
#778 = LINE('',#779,#780);
#779 = CARTESIAN_POINT('',(-43.38,-8.459999970577,1.));
#780 = VECTOR('',#781,1.);
#781 = DIRECTION('',(0.,-1.,0.));
#782 = PCURVE('',#33,#783);
#783 = DEFINITIONAL_REPRESENTATION('',(#784),#788);
#784 = LINE('',#785,#786);
#785 = CARTESIAN_POINT('',(42.025483284487,-8.368752586058));
#786 = VECTOR('',#787,1.);
#787 = DIRECTION('',(0.,-1.));
#788 = ( GEOMETRIC_REPRESENTATION_CONTEXT(2) 
PARAMETRIC_REPRESENTATION_CONTEXT() REPRESENTATION_CONTEXT('2D SPACE',''
  ) );
#789 = PCURVE('',#790,#795);
#790 = CYLINDRICAL_SURFACE('',#791,5.E-02);
#791 = AXIS2_PLACEMENT_3D('',#792,#793,#794);
#792 = CARTESIAN_POINT('',(-43.38,-8.459999970577,0.95));
#793 = DIRECTION('',(0.,-1.,0.));
#794 = DIRECTION('',(-1.,0.,0.));
#795 = DEFINITIONAL_REPRESENTATION('',(#796),#800);
#796 = LINE('',#797,#798);
#797 = CARTESIAN_POINT('',(-1.570796326795,0.));
#798 = VECTOR('',#799,1.);
#799 = DIRECTION('',(-0.,1.));
#800 = ( GEOMETRIC_REPRESENTATION_CONTEXT(2) 
PARAMETRIC_REPRESENTATION_CONTEXT() REPRESENTATION_CONTEXT('2D SPACE',''
  ) );
#801 = ORIENTED_EDGE('',*,*,#802,.F.);
#802 = EDGE_CURVE('',#803,#775,#805,.T.);
#803 = VERTEX_POINT('',#804);
#804 = CARTESIAN_POINT('',(-44.98,-8.46,1.));
#805 = SURFACE_CURVE('',#806,(#811,#818),.PCURVE_S1.);
#806 = CIRCLE('',#807,0.80000083626);
#807 = AXIS2_PLACEMENT_3D('',#808,#809,#810);
#808 = CARTESIAN_POINT('',(-44.18000000002,-8.45887998936,1.));
#809 = DIRECTION('',(0.,0.,-1.));
#810 = DIRECTION('',(-0.999998884958,-1.493345855159E-03,-0.));
#811 = PCURVE('',#33,#812);
#812 = DEFINITIONAL_REPRESENTATION('',(#813),#817);
#813 = CIRCLE('',#814,0.80000083626);
#814 = AXIS2_PLACEMENT_2D('',#815,#816);
#815 = CARTESIAN_POINT('',(42.825483284509,-8.367632604841));
#816 = DIRECTION('',(0.999998884958,-1.493345855159E-03));
#817 = ( GEOMETRIC_REPRESENTATION_CONTEXT(2) 
PARAMETRIC_REPRESENTATION_CONTEXT() REPRESENTATION_CONTEXT('2D SPACE',''
  ) );
#818 = PCURVE('',#819,#824);
#819 = TOROIDAL_SURFACE('',#820,0.80000083626,5.E-02);
#820 = AXIS2_PLACEMENT_3D('',#821,#822,#823);
#821 = CARTESIAN_POINT('',(-44.18000000002,-8.45887998936,0.95));
#822 = DIRECTION('',(0.,0.,-1.));
#823 = DIRECTION('',(-0.999998884958,-1.493345855159E-03,-0.));
#824 = DEFINITIONAL_REPRESENTATION('',(#825),#829);
#825 = LINE('',#826,#827);
#826 = CARTESIAN_POINT('',(0.,4.712388980385));
#827 = VECTOR('',#828,1.);
#828 = DIRECTION('',(1.,0.));
#829 = ( GEOMETRIC_REPRESENTATION_CONTEXT(2) 
PARAMETRIC_REPRESENTATION_CONTEXT() REPRESENTATION_CONTEXT('2D SPACE',''
  ) );
#830 = ORIENTED_EDGE('',*,*,#831,.F.);
#831 = EDGE_CURVE('',#832,#803,#834,.T.);
#832 = VERTEX_POINT('',#833);
#833 = CARTESIAN_POINT('',(-44.98,-9.91,1.));
#834 = SURFACE_CURVE('',#835,(#839,#846),.PCURVE_S1.);
#835 = LINE('',#836,#837);
#836 = CARTESIAN_POINT('',(-44.98,-9.96,1.));
#837 = VECTOR('',#838,1.);
#838 = DIRECTION('',(0.,1.,0.));
#839 = PCURVE('',#33,#840);
#840 = DEFINITIONAL_REPRESENTATION('',(#841),#845);
#841 = LINE('',#842,#843);
#842 = CARTESIAN_POINT('',(43.625483284487,-9.868752615481));
#843 = VECTOR('',#844,1.);
#844 = DIRECTION('',(0.,1.));
#845 = ( GEOMETRIC_REPRESENTATION_CONTEXT(2) 
PARAMETRIC_REPRESENTATION_CONTEXT() REPRESENTATION_CONTEXT('2D SPACE',''
  ) );
#846 = PCURVE('',#847,#852);
#847 = CYLINDRICAL_SURFACE('',#848,5.E-02);
#848 = AXIS2_PLACEMENT_3D('',#849,#850,#851);
#849 = CARTESIAN_POINT('',(-44.98,-9.96,0.95));
#850 = DIRECTION('',(0.,1.,0.));
#851 = DIRECTION('',(1.,0.,0.));
#852 = DEFINITIONAL_REPRESENTATION('',(#853),#857);
#853 = LINE('',#854,#855);
#854 = CARTESIAN_POINT('',(-1.570796326795,0.));
#855 = VECTOR('',#856,1.);
#856 = DIRECTION('',(-0.,1.));
#857 = ( GEOMETRIC_REPRESENTATION_CONTEXT(2) 
PARAMETRIC_REPRESENTATION_CONTEXT() REPRESENTATION_CONTEXT('2D SPACE',''
  ) );
#858 = ORIENTED_EDGE('',*,*,#859,.F.);
#859 = EDGE_CURVE('',#860,#832,#862,.T.);
#860 = VERTEX_POINT('',#861);
#861 = CARTESIAN_POINT('',(-50.90169048105,-9.91,1.));
#862 = SURFACE_CURVE('',#863,(#867,#874),.PCURVE_S1.);
#863 = LINE('',#864,#865);
#864 = CARTESIAN_POINT('',(-50.93,-9.91,1.));
#865 = VECTOR('',#866,1.);
#866 = DIRECTION('',(1.,0.,0.));
#867 = PCURVE('',#33,#868);
#868 = DEFINITIONAL_REPRESENTATION('',(#869),#873);
#869 = LINE('',#870,#871);
#870 = CARTESIAN_POINT('',(49.575483284487,-9.818752615481));
#871 = VECTOR('',#872,1.);
#872 = DIRECTION('',(-1.,0.));
#873 = ( GEOMETRIC_REPRESENTATION_CONTEXT(2) 
PARAMETRIC_REPRESENTATION_CONTEXT() REPRESENTATION_CONTEXT('2D SPACE',''
  ) );
#874 = PCURVE('',#875,#880);
#875 = CYLINDRICAL_SURFACE('',#876,5.E-02);
#876 = AXIS2_PLACEMENT_3D('',#877,#878,#879);
#877 = CARTESIAN_POINT('',(-50.93,-9.91,0.95));
#878 = DIRECTION('',(1.,0.,0.));
#879 = DIRECTION('',(0.,-1.,0.));
#880 = DEFINITIONAL_REPRESENTATION('',(#881),#885);
#881 = LINE('',#882,#883);
#882 = CARTESIAN_POINT('',(-1.570796326795,0.));
#883 = VECTOR('',#884,1.);
#884 = DIRECTION('',(-0.,1.));
#885 = ( GEOMETRIC_REPRESENTATION_CONTEXT(2) 
PARAMETRIC_REPRESENTATION_CONTEXT() REPRESENTATION_CONTEXT('2D SPACE',''
  ) );
#886 = ORIENTED_EDGE('',*,*,#887,.F.);
#887 = EDGE_CURVE('',#888,#860,#890,.T.);
#888 = VERTEX_POINT('',#889);
#889 = CARTESIAN_POINT('',(-53.90169048105,-4.91,1.));
#890 = SURFACE_CURVE('',#891,(#895,#902),.PCURVE_S1.);
#891 = LINE('',#892,#893);
#892 = CARTESIAN_POINT('',(-53.88712535371,-4.934275212229,1.));
#893 = VECTOR('',#894,1.);
#894 = DIRECTION('',(0.514495755428,-0.857492925713,0.));
#895 = PCURVE('',#33,#896);
#896 = DEFINITIONAL_REPRESENTATION('',(#897),#901);
#897 = LINE('',#898,#899);
#898 = CARTESIAN_POINT('',(52.532608638202,-4.843027827709));
#899 = VECTOR('',#900,1.);
#900 = DIRECTION('',(-0.514495755428,-0.857492925713));
#901 = ( GEOMETRIC_REPRESENTATION_CONTEXT(2) 
PARAMETRIC_REPRESENTATION_CONTEXT() REPRESENTATION_CONTEXT('2D SPACE',''
  ) );
#902 = PCURVE('',#903,#908);
#903 = CYLINDRICAL_SURFACE('',#904,5.E-02);
#904 = AXIS2_PLACEMENT_3D('',#905,#906,#907);
#905 = CARTESIAN_POINT('',(-53.88712535371,-4.934275212229,0.95));
#906 = DIRECTION('',(0.514495755428,-0.857492925713,0.));
#907 = DIRECTION('',(-0.857492925713,-0.514495755428,0.));
#908 = DEFINITIONAL_REPRESENTATION('',(#909),#913);
#909 = LINE('',#910,#911);
#910 = CARTESIAN_POINT('',(-1.570796326795,0.));
#911 = VECTOR('',#912,1.);
#912 = DIRECTION('',(-0.,1.));
#913 = ( GEOMETRIC_REPRESENTATION_CONTEXT(2) 
PARAMETRIC_REPRESENTATION_CONTEXT() REPRESENTATION_CONTEXT('2D SPACE',''
  ) );
#914 = ORIENTED_EDGE('',*,*,#915,.F.);
#915 = EDGE_CURVE('',#916,#888,#918,.T.);
#916 = VERTEX_POINT('',#917);
#917 = CARTESIAN_POINT('',(-59.23,-4.91,1.));
#918 = SURFACE_CURVE('',#919,(#923,#930),.PCURVE_S1.);
#919 = LINE('',#920,#921);
#920 = CARTESIAN_POINT('',(-59.23,-4.91,1.));
#921 = VECTOR('',#922,1.);
#922 = DIRECTION('',(1.,0.,0.));
#923 = PCURVE('',#33,#924);
#924 = DEFINITIONAL_REPRESENTATION('',(#925),#929);
#925 = LINE('',#926,#927);
#926 = CARTESIAN_POINT('',(57.875483284487,-4.818752615481));
#927 = VECTOR('',#928,1.);
#928 = DIRECTION('',(-1.,0.));
#929 = ( GEOMETRIC_REPRESENTATION_CONTEXT(2) 
PARAMETRIC_REPRESENTATION_CONTEXT() REPRESENTATION_CONTEXT('2D SPACE',''
  ) );
#930 = PCURVE('',#931,#936);
#931 = CYLINDRICAL_SURFACE('',#932,5.E-02);
#932 = AXIS2_PLACEMENT_3D('',#933,#934,#935);
#933 = CARTESIAN_POINT('',(-59.23,-4.91,0.95));
#934 = DIRECTION('',(1.,0.,0.));
#935 = DIRECTION('',(0.,-1.,0.));
#936 = DEFINITIONAL_REPRESENTATION('',(#937),#941);
#937 = LINE('',#938,#939);
#938 = CARTESIAN_POINT('',(-1.570796326795,0.));
#939 = VECTOR('',#940,1.);
#940 = DIRECTION('',(-0.,1.));
#941 = ( GEOMETRIC_REPRESENTATION_CONTEXT(2) 
PARAMETRIC_REPRESENTATION_CONTEXT() REPRESENTATION_CONTEXT('2D SPACE',''
  ) );
#942 = ORIENTED_EDGE('',*,*,#943,.F.);
#943 = EDGE_CURVE('',#944,#916,#946,.T.);
#944 = VERTEX_POINT('',#945);
#945 = CARTESIAN_POINT('',(-60.88,-3.26,1.));
#946 = SURFACE_CURVE('',#947,(#952,#963),.PCURVE_S1.);
#947 = CIRCLE('',#948,1.65);
#948 = AXIS2_PLACEMENT_3D('',#949,#950,#951);
#949 = CARTESIAN_POINT('',(-59.23,-3.26,1.));
#950 = DIRECTION('',(0.,0.,1.));
#951 = DIRECTION('',(-1.,0.,0.));
#952 = PCURVE('',#33,#953);
#953 = DEFINITIONAL_REPRESENTATION('',(#954),#962);
#954 = ( BOUNDED_CURVE() B_SPLINE_CURVE(2,(#955,#956,#957,#958,#959,#960
,#961),.UNSPECIFIED.,.T.,.F.) B_SPLINE_CURVE_WITH_KNOTS((1,2,2,2,2,1),(
    -2.094395102393,0.,2.094395102393,4.188790204786,6.28318530718,
8.377580409573),.UNSPECIFIED.) CURVE() GEOMETRIC_REPRESENTATION_ITEM() 
RATIONAL_B_SPLINE_CURVE((1.,0.5,1.,0.5,1.,0.5,1.)) REPRESENTATION_ITEM(
  '') );
#955 = CARTESIAN_POINT('',(59.525483284487,-3.168752615481));
#956 = CARTESIAN_POINT('',(59.525483284487,-6.026636447969));
#957 = CARTESIAN_POINT('',(57.050483284487,-4.597694531725));
#958 = CARTESIAN_POINT('',(54.575483284487,-3.168752615481));
#959 = CARTESIAN_POINT('',(57.050483284487,-1.739810699236));
#960 = CARTESIAN_POINT('',(59.525483284487,-0.310868782992));
#961 = CARTESIAN_POINT('',(59.525483284487,-3.168752615481));
#962 = ( GEOMETRIC_REPRESENTATION_CONTEXT(2) 
PARAMETRIC_REPRESENTATION_CONTEXT() REPRESENTATION_CONTEXT('2D SPACE',''
  ) );
#963 = PCURVE('',#964,#969);
#964 = TOROIDAL_SURFACE('',#965,1.65,5.E-02);
#965 = AXIS2_PLACEMENT_3D('',#966,#967,#968);
#966 = CARTESIAN_POINT('',(-59.23,-3.26,0.95));
#967 = DIRECTION('',(0.,0.,1.));
#968 = DIRECTION('',(-1.,0.,0.));
#969 = DEFINITIONAL_REPRESENTATION('',(#970),#974);
#970 = LINE('',#971,#972);
#971 = CARTESIAN_POINT('',(0.,1.570796326795));
#972 = VECTOR('',#973,1.);
#973 = DIRECTION('',(1.,0.));
#974 = ( GEOMETRIC_REPRESENTATION_CONTEXT(2) 
PARAMETRIC_REPRESENTATION_CONTEXT() REPRESENTATION_CONTEXT('2D SPACE',''
  ) );
#975 = ORIENTED_EDGE('',*,*,#976,.F.);
#976 = EDGE_CURVE('',#977,#944,#979,.T.);
#977 = VERTEX_POINT('',#978);
#978 = CARTESIAN_POINT('',(-60.88,3.34,1.));
#979 = SURFACE_CURVE('',#980,(#984,#991),.PCURVE_S1.);
#980 = LINE('',#981,#982);
#981 = CARTESIAN_POINT('',(-60.88,3.34,1.));
#982 = VECTOR('',#983,1.);
#983 = DIRECTION('',(0.,-1.,0.));
#984 = PCURVE('',#33,#985);
#985 = DEFINITIONAL_REPRESENTATION('',(#986),#990);
#986 = LINE('',#987,#988);
#987 = CARTESIAN_POINT('',(59.525483284487,3.431247384519));
#988 = VECTOR('',#989,1.);
#989 = DIRECTION('',(0.,-1.));
#990 = ( GEOMETRIC_REPRESENTATION_CONTEXT(2) 
PARAMETRIC_REPRESENTATION_CONTEXT() REPRESENTATION_CONTEXT('2D SPACE',''
  ) );
#991 = PCURVE('',#992,#997);
#992 = CYLINDRICAL_SURFACE('',#993,5.E-02);
#993 = AXIS2_PLACEMENT_3D('',#994,#995,#996);
#994 = CARTESIAN_POINT('',(-60.88,3.34,0.95));
#995 = DIRECTION('',(0.,-1.,0.));
#996 = DIRECTION('',(-1.,0.,0.));
#997 = DEFINITIONAL_REPRESENTATION('',(#998),#1002);
#998 = LINE('',#999,#1000);
#999 = CARTESIAN_POINT('',(-1.570796326795,0.));
#1000 = VECTOR('',#1001,1.);
#1001 = DIRECTION('',(-0.,1.));
#1002 = ( GEOMETRIC_REPRESENTATION_CONTEXT(2) 
PARAMETRIC_REPRESENTATION_CONTEXT() REPRESENTATION_CONTEXT('2D SPACE',''
  ) );
#1003 = ORIENTED_EDGE('',*,*,#1004,.F.);
#1004 = EDGE_CURVE('',#1005,#977,#1007,.T.);
#1005 = VERTEX_POINT('',#1006);
#1006 = CARTESIAN_POINT('',(-59.23,4.99,1.));
#1007 = SURFACE_CURVE('',#1008,(#1013,#1024),.PCURVE_S1.);
#1008 = CIRCLE('',#1009,1.65);
#1009 = AXIS2_PLACEMENT_3D('',#1010,#1011,#1012);
#1010 = CARTESIAN_POINT('',(-59.23,3.34,1.));
#1011 = DIRECTION('',(0.,-0.,1.));
#1012 = DIRECTION('',(0.,1.,0.));
#1013 = PCURVE('',#33,#1014);
#1014 = DEFINITIONAL_REPRESENTATION('',(#1015),#1023);
#1015 = ( BOUNDED_CURVE() B_SPLINE_CURVE(2,(#1016,#1017,#1018,#1019,
#1020,#1021,#1022),.UNSPECIFIED.,.T.,.F.) B_SPLINE_CURVE_WITH_KNOTS((1,2
    ,2,2,2,1),(-2.094395102393,0.,2.094395102393,4.188790204786,
6.28318530718,8.377580409573),.UNSPECIFIED.) CURVE() 
GEOMETRIC_REPRESENTATION_ITEM() RATIONAL_B_SPLINE_CURVE((1.,0.5,1.,0.5,
1.,0.5,1.)) REPRESENTATION_ITEM('') );
#1016 = CARTESIAN_POINT('',(57.875483284487,5.081247384519));
#1017 = CARTESIAN_POINT('',(60.733367116976,5.081247384519));
#1018 = CARTESIAN_POINT('',(59.304425200732,2.606247384519));
#1019 = CARTESIAN_POINT('',(57.875483284487,0.131247384519));
#1020 = CARTESIAN_POINT('',(56.446541368243,2.606247384519));
#1021 = CARTESIAN_POINT('',(55.017599451999,5.081247384519));
#1022 = CARTESIAN_POINT('',(57.875483284487,5.081247384519));
#1023 = ( GEOMETRIC_REPRESENTATION_CONTEXT(2) 
PARAMETRIC_REPRESENTATION_CONTEXT() REPRESENTATION_CONTEXT('2D SPACE',''
  ) );
#1024 = PCURVE('',#1025,#1030);
#1025 = TOROIDAL_SURFACE('',#1026,1.65,5.E-02);
#1026 = AXIS2_PLACEMENT_3D('',#1027,#1028,#1029);
#1027 = CARTESIAN_POINT('',(-59.23,3.34,0.95));
#1028 = DIRECTION('',(0.,0.,1.));
#1029 = DIRECTION('',(0.,1.,0.));
#1030 = DEFINITIONAL_REPRESENTATION('',(#1031),#1035);
#1031 = LINE('',#1032,#1033);
#1032 = CARTESIAN_POINT('',(0.,1.570796326795));
#1033 = VECTOR('',#1034,1.);
#1034 = DIRECTION('',(1.,0.));
#1035 = ( GEOMETRIC_REPRESENTATION_CONTEXT(2) 
PARAMETRIC_REPRESENTATION_CONTEXT() REPRESENTATION_CONTEXT('2D SPACE',''
  ) );
#1036 = ORIENTED_EDGE('',*,*,#1037,.F.);
#1037 = EDGE_CURVE('',#1038,#1005,#1040,.T.);
#1038 = VERTEX_POINT('',#1039);
#1039 = CARTESIAN_POINT('',(-53.91333333333,4.99,1.));
#1040 = SURFACE_CURVE('',#1041,(#1045,#1052),.PCURVE_S1.);
#1041 = LINE('',#1042,#1043);
#1042 = CARTESIAN_POINT('',(-53.93,4.99,1.));
#1043 = VECTOR('',#1044,1.);
#1044 = DIRECTION('',(-1.,0.,0.));
#1045 = PCURVE('',#33,#1046);
#1046 = DEFINITIONAL_REPRESENTATION('',(#1047),#1051);
#1047 = LINE('',#1048,#1049);
#1048 = CARTESIAN_POINT('',(52.575483284487,5.081247384519));
#1049 = VECTOR('',#1050,1.);
#1050 = DIRECTION('',(1.,0.));
#1051 = ( GEOMETRIC_REPRESENTATION_CONTEXT(2) 
PARAMETRIC_REPRESENTATION_CONTEXT() REPRESENTATION_CONTEXT('2D SPACE',''
  ) );
#1052 = PCURVE('',#1053,#1058);
#1053 = CYLINDRICAL_SURFACE('',#1054,5.E-02);
#1054 = AXIS2_PLACEMENT_3D('',#1055,#1056,#1057);
#1055 = CARTESIAN_POINT('',(-53.93,4.99,0.95));
#1056 = DIRECTION('',(-1.,0.,0.));
#1057 = DIRECTION('',(0.,1.,0.));
#1058 = DEFINITIONAL_REPRESENTATION('',(#1059),#1063);
#1059 = LINE('',#1060,#1061);
#1060 = CARTESIAN_POINT('',(-1.570796326795,0.));
#1061 = VECTOR('',#1062,1.);
#1062 = DIRECTION('',(-0.,1.));
#1063 = ( GEOMETRIC_REPRESENTATION_CONTEXT(2) 
PARAMETRIC_REPRESENTATION_CONTEXT() REPRESENTATION_CONTEXT('2D SPACE',''
  ) );
#1064 = ORIENTED_EDGE('',*,*,#1065,.F.);
#1065 = EDGE_CURVE('',#1066,#1038,#1068,.T.);
#1066 = VERTEX_POINT('',#1067);
#1067 = CARTESIAN_POINT('',(-49.91333333333,7.99,1.));
#1068 = SURFACE_CURVE('',#1069,(#1073,#1080),.PCURVE_S1.);
#1069 = LINE('',#1070,#1071);
#1070 = CARTESIAN_POINT('',(-49.9,8.,1.));
#1071 = VECTOR('',#1072,1.);
#1072 = DIRECTION('',(-0.8,-0.6,0.));
#1073 = PCURVE('',#33,#1074);
#1074 = DEFINITIONAL_REPRESENTATION('',(#1075),#1079);
#1075 = LINE('',#1076,#1077);
#1076 = CARTESIAN_POINT('',(48.545483284487,8.091247384519));
#1077 = VECTOR('',#1078,1.);
#1078 = DIRECTION('',(0.8,-0.6));
#1079 = ( GEOMETRIC_REPRESENTATION_CONTEXT(2) 
PARAMETRIC_REPRESENTATION_CONTEXT() REPRESENTATION_CONTEXT('2D SPACE',''
  ) );
#1080 = PCURVE('',#1081,#1086);
#1081 = CYLINDRICAL_SURFACE('',#1082,5.E-02);
#1082 = AXIS2_PLACEMENT_3D('',#1083,#1084,#1085);
#1083 = CARTESIAN_POINT('',(-49.9,8.,0.95));
#1084 = DIRECTION('',(-0.8,-0.6,0.));
#1085 = DIRECTION('',(-0.6,0.8,0.));
#1086 = DEFINITIONAL_REPRESENTATION('',(#1087),#1091);
#1087 = LINE('',#1088,#1089);
#1088 = CARTESIAN_POINT('',(-1.570796326795,0.));
#1089 = VECTOR('',#1090,1.);
#1090 = DIRECTION('',(-0.,1.));
#1091 = ( GEOMETRIC_REPRESENTATION_CONTEXT(2) 
PARAMETRIC_REPRESENTATION_CONTEXT() REPRESENTATION_CONTEXT('2D SPACE',''
  ) );
#1092 = ORIENTED_EDGE('',*,*,#1093,.T.);
#1093 = EDGE_CURVE('',#1066,#1094,#1096,.T.);
#1094 = VERTEX_POINT('',#1095);
#1095 = CARTESIAN_POINT('',(50.093418747299,7.99,1.));
#1096 = SURFACE_CURVE('',#1097,(#1101,#1108),.PCURVE_S1.);
#1097 = LINE('',#1098,#1099);
#1098 = CARTESIAN_POINT('',(-49.93,7.99,1.));
#1099 = VECTOR('',#1100,1.);
#1100 = DIRECTION('',(1.,0.,0.));
#1101 = PCURVE('',#33,#1102);
#1102 = DEFINITIONAL_REPRESENTATION('',(#1103),#1107);
#1103 = LINE('',#1104,#1105);
#1104 = CARTESIAN_POINT('',(48.575483284487,8.081247384519));
#1105 = VECTOR('',#1106,1.);
#1106 = DIRECTION('',(-1.,0.));
#1107 = ( GEOMETRIC_REPRESENTATION_CONTEXT(2) 
PARAMETRIC_REPRESENTATION_CONTEXT() REPRESENTATION_CONTEXT('2D SPACE',''
  ) );
#1108 = PCURVE('',#1109,#1114);
#1109 = CYLINDRICAL_SURFACE('',#1110,5.E-02);
#1110 = AXIS2_PLACEMENT_3D('',#1111,#1112,#1113);
#1111 = CARTESIAN_POINT('',(-49.93,7.99,0.95));
#1112 = DIRECTION('',(1.,0.,0.));
#1113 = DIRECTION('',(0.,1.,0.));
#1114 = DEFINITIONAL_REPRESENTATION('',(#1115),#1119);
#1115 = LINE('',#1116,#1117);
#1116 = CARTESIAN_POINT('',(1.570796326795,0.));
#1117 = VECTOR('',#1118,1.);
#1118 = DIRECTION('',(0.,1.));
#1119 = ( GEOMETRIC_REPRESENTATION_CONTEXT(2) 
PARAMETRIC_REPRESENTATION_CONTEXT() REPRESENTATION_CONTEXT('2D SPACE',''
  ) );
#1120 = ORIENTED_EDGE('',*,*,#1121,.T.);
#1121 = EDGE_CURVE('',#1094,#1122,#1124,.T.);
#1122 = VERTEX_POINT('',#1123);
#1123 = CARTESIAN_POINT('',(52.566744397313,10.957990780017,1.));
#1124 = SURFACE_CURVE('',#1125,(#1129,#1136),.PCURVE_S1.);
#1125 = LINE('',#1126,#1127);
#1126 = CARTESIAN_POINT('',(50.10841106398,8.007990780017,1.));
#1127 = VECTOR('',#1128,1.);
#1128 = DIRECTION('',(0.640184399664,0.768221279597,0.));
#1129 = PCURVE('',#33,#1130);
#1130 = DEFINITIONAL_REPRESENTATION('',(#1131),#1135);
#1131 = LINE('',#1132,#1133);
#1132 = CARTESIAN_POINT('',(-51.46292777949,8.099238164536));
#1133 = VECTOR('',#1134,1.);
#1134 = DIRECTION('',(-0.640184399664,0.768221279597));
#1135 = ( GEOMETRIC_REPRESENTATION_CONTEXT(2) 
PARAMETRIC_REPRESENTATION_CONTEXT() REPRESENTATION_CONTEXT('2D SPACE',''
  ) );
#1136 = PCURVE('',#1137,#1142);
#1137 = CYLINDRICAL_SURFACE('',#1138,5.E-02);
#1138 = AXIS2_PLACEMENT_3D('',#1139,#1140,#1141);
#1139 = CARTESIAN_POINT('',(50.10841106398,8.007990780017,0.95));
#1140 = DIRECTION('',(0.640184399664,0.768221279597,0.));
#1141 = DIRECTION('',(-0.768221279597,0.640184399664,0.));
#1142 = DEFINITIONAL_REPRESENTATION('',(#1143),#1147);
#1143 = LINE('',#1144,#1145);
#1144 = CARTESIAN_POINT('',(1.570796326795,0.));
#1145 = VECTOR('',#1146,1.);
#1146 = DIRECTION('',(0.,1.));
#1147 = ( GEOMETRIC_REPRESENTATION_CONTEXT(2) 
PARAMETRIC_REPRESENTATION_CONTEXT() REPRESENTATION_CONTEXT('2D SPACE',''
  ) );
#1148 = ORIENTED_EDGE('',*,*,#1149,.T.);
#1149 = EDGE_CURVE('',#1122,#526,#1150,.T.);
#1150 = SURFACE_CURVE('',#1151,(#1158,#1168),.PCURVE_S1.);
#1151 = ( BOUNDED_CURVE() B_SPLINE_CURVE(5,(#1152,#1153,#1154,#1155,
#1156,#1157),.UNSPECIFIED.,.F.,.F.) B_SPLINE_CURVE_WITH_KNOTS((6,6),(
3.840039423987,3.874953971838),.PIECEWISE_BEZIER_KNOTS.) CURVE() 
GEOMETRIC_REPRESENTATION_ITEM() RATIONAL_B_SPLINE_CURVE((1.,1.,1.,1.,1.,
1.)) REPRESENTATION_ITEM('') );
#1152 = CARTESIAN_POINT('',(52.566744397313,10.957990780017,1.));
#1153 = CARTESIAN_POINT('',(52.571779048403,10.964032361325,1.));
#1154 = CARTESIAN_POINT('',(52.576809267692,10.970068624471,1.));
#1155 = CARTESIAN_POINT('',(52.581979152456,10.976272486188,1.));
#1156 = CARTESIAN_POINT('',(52.587333631324,10.98269786083,1.));
#1157 = CARTESIAN_POINT('',(52.593418747299,10.99,1.));
#1158 = PCURVE('',#33,#1159);
#1159 = DEFINITIONAL_REPRESENTATION('',(#1160),#1167);
#1160 = ( BOUNDED_CURVE() B_SPLINE_CURVE(5,(#1161,#1162,#1163,#1164,
#1165,#1166),.UNSPECIFIED.,.F.,.F.) B_SPLINE_CURVE_WITH_KNOTS((6,6),(
3.840039423987,3.874953971838),.PIECEWISE_BEZIER_KNOTS.) CURVE() 
GEOMETRIC_REPRESENTATION_ITEM() RATIONAL_B_SPLINE_CURVE((1.,1.,1.,1.,1.,
1.)) REPRESENTATION_ITEM('') );
#1161 = CARTESIAN_POINT('',(-53.92126111282,11.049238164536));
#1162 = CARTESIAN_POINT('',(-53.92629576391,11.055279745844));
#1163 = CARTESIAN_POINT('',(-53.9313259832,11.06131600899));
#1164 = CARTESIAN_POINT('',(-53.93649586796,11.067519870708));
#1165 = CARTESIAN_POINT('',(-53.94185034683,11.073945245349));
#1166 = CARTESIAN_POINT('',(-53.94793546281,11.081247384519));
#1167 = ( GEOMETRIC_REPRESENTATION_CONTEXT(2) 
PARAMETRIC_REPRESENTATION_CONTEXT() REPRESENTATION_CONTEXT('2D SPACE',''
  ) );
#1168 = PCURVE('',#1169,#1188);
#1169 = ( BOUNDED_SURFACE() B_SPLINE_SURFACE(2,5,(
    (#1170,#1171,#1172,#1173,#1174,#1175)
    ,(#1176,#1177,#1178,#1179,#1180,#1181)
    ,(#1182,#1183,#1184,#1185,#1186,#1187
)),.UNSPECIFIED.,.F.,.F.,.F.) B_SPLINE_SURFACE_WITH_KNOTS((3,3),(6,6),(
    0.,3.491454785029E-02),(3.840039423987,3.874953971838),
.PIECEWISE_BEZIER_KNOTS.) GEOMETRIC_REPRESENTATION_ITEM() 
RATIONAL_B_SPLINE_SURFACE((
    (1.,1.,1.,1.,1.,1.)
    ,(0.707106781187,0.707106781187,0.707106781187,0.707106781187
      ,0.707106781187,0.707106781187)
,(1.,1.,1.,1.,1.,1.))) REPRESENTATION_ITEM('') SURFACE() );
#1170 = CARTESIAN_POINT('',(52.528333333333,10.99,0.95));
#1171 = CARTESIAN_POINT('',(52.530396714928,10.992476057913,0.95));
#1172 = CARTESIAN_POINT('',(52.532455208032,10.994946249639,
    0.950538941854));
#1173 = CARTESIAN_POINT('',(52.534634805802,10.997561766962,
    0.951614562433));
#1174 = CARTESIAN_POINT('',(52.536951935437,11.000342322525,
    0.953320602119));
#1175 = CARTESIAN_POINT('',(52.540011910172,11.004014292207,
    0.955826372551));
#1176 = CARTESIAN_POINT('',(52.528333333333,10.99,1.));
#1177 = CARTESIAN_POINT('',(52.533367984423,10.996041581308,1.));
#1178 = CARTESIAN_POINT('',(52.538398203712,11.002077844454,1.));
#1179 = CARTESIAN_POINT('',(52.543568088476,11.008281706172,1.));
#1180 = CARTESIAN_POINT('',(52.548922567344,11.014707080813,1.));
#1181 = CARTESIAN_POINT('',(52.555007683319,11.022009219983,1.));
#1182 = CARTESIAN_POINT('',(52.566744397313,10.957990780017,1.));
#1183 = CARTESIAN_POINT('',(52.571779048403,10.964032361325,1.));
#1184 = CARTESIAN_POINT('',(52.576809267692,10.970068624471,1.));
#1185 = CARTESIAN_POINT('',(52.581979152456,10.976272486188,1.));
#1186 = CARTESIAN_POINT('',(52.587333631324,10.98269786083,1.));
#1187 = CARTESIAN_POINT('',(52.593418747299,10.99,1.));
#1188 = DEFINITIONAL_REPRESENTATION('',(#1189),#1193);
#1189 = LINE('',#1190,#1191);
#1190 = CARTESIAN_POINT('',(3.491454785029E-02,0.));
#1191 = VECTOR('',#1192,1.);
#1192 = DIRECTION('',(0.,1.));
#1193 = ( GEOMETRIC_REPRESENTATION_CONTEXT(2) 
PARAMETRIC_REPRESENTATION_CONTEXT() REPRESENTATION_CONTEXT('2D SPACE',''
  ) );
#1194 = FACE_BOUND('',#1195,.F.);
#1195 = EDGE_LOOP('',(#1196));
#1196 = ORIENTED_EDGE('',*,*,#1197,.F.);
#1197 = EDGE_CURVE('',#1198,#1198,#1200,.T.);
#1198 = VERTEX_POINT('',#1199);
#1199 = CARTESIAN_POINT('',(13.195,4.E-02,1.));
#1200 = SURFACE_CURVE('',#1201,(#1206,#1213),.PCURVE_S1.);
#1201 = CIRCLE('',#1202,1.675);
#1202 = AXIS2_PLACEMENT_3D('',#1203,#1204,#1205);
#1203 = CARTESIAN_POINT('',(11.52,4.E-02,1.));
#1204 = DIRECTION('',(0.,0.,-1.));
#1205 = DIRECTION('',(1.,-2.4E-16,0.));
#1206 = PCURVE('',#33,#1207);
#1207 = DEFINITIONAL_REPRESENTATION('',(#1208),#1212);
#1208 = CIRCLE('',#1209,1.675);
#1209 = AXIS2_PLACEMENT_2D('',#1210,#1211);
#1210 = CARTESIAN_POINT('',(-12.87451671551,0.131247384519));
#1211 = DIRECTION('',(-1.,-2.4E-16));
#1212 = ( GEOMETRIC_REPRESENTATION_CONTEXT(2) 
PARAMETRIC_REPRESENTATION_CONTEXT() REPRESENTATION_CONTEXT('2D SPACE',''
  ) );
#1213 = PCURVE('',#1214,#1219);
#1214 = TOROIDAL_SURFACE('',#1215,1.675,5.E-02);
#1215 = AXIS2_PLACEMENT_3D('',#1216,#1217,#1218);
#1216 = CARTESIAN_POINT('',(11.52,4.E-02,0.95));
#1217 = DIRECTION('',(0.,0.,-1.));
#1218 = DIRECTION('',(1.,-2.4E-16,0.));
#1219 = DEFINITIONAL_REPRESENTATION('',(#1220),#1224);
#1220 = LINE('',#1221,#1222);
#1221 = CARTESIAN_POINT('',(0.,4.712388980385));
#1222 = VECTOR('',#1223,1.);
#1223 = DIRECTION('',(1.,0.));
#1224 = ( GEOMETRIC_REPRESENTATION_CONTEXT(2) 
PARAMETRIC_REPRESENTATION_CONTEXT() REPRESENTATION_CONTEXT('2D SPACE',''
  ) );
#1225 = FACE_BOUND('',#1226,.F.);
#1226 = EDGE_LOOP('',(#1227));
#1227 = ORIENTED_EDGE('',*,*,#1228,.F.);
#1228 = EDGE_CURVE('',#1229,#1229,#1231,.T.);
#1229 = VERTEX_POINT('',#1230);
#1230 = CARTESIAN_POINT('',(3.195,4.E-02,1.));
#1231 = SURFACE_CURVE('',#1232,(#1237,#1244),.PCURVE_S1.);
#1232 = CIRCLE('',#1233,1.675);
#1233 = AXIS2_PLACEMENT_3D('',#1234,#1235,#1236);
#1234 = CARTESIAN_POINT('',(1.52,4.E-02,1.));
#1235 = DIRECTION('',(0.,0.,-1.));
#1236 = DIRECTION('',(1.,-2.5E-16,0.));
#1237 = PCURVE('',#33,#1238);
#1238 = DEFINITIONAL_REPRESENTATION('',(#1239),#1243);
#1239 = CIRCLE('',#1240,1.675);
#1240 = AXIS2_PLACEMENT_2D('',#1241,#1242);
#1241 = CARTESIAN_POINT('',(-2.874516715513,0.131247384519));
#1242 = DIRECTION('',(-1.,-2.5E-16));
#1243 = ( GEOMETRIC_REPRESENTATION_CONTEXT(2) 
PARAMETRIC_REPRESENTATION_CONTEXT() REPRESENTATION_CONTEXT('2D SPACE',''
  ) );
#1244 = PCURVE('',#1245,#1250);
#1245 = TOROIDAL_SURFACE('',#1246,1.675,5.E-02);
#1246 = AXIS2_PLACEMENT_3D('',#1247,#1248,#1249);
#1247 = CARTESIAN_POINT('',(1.52,4.E-02,0.95));
#1248 = DIRECTION('',(0.,0.,-1.));
#1249 = DIRECTION('',(1.,-2.5E-16,0.));
#1250 = DEFINITIONAL_REPRESENTATION('',(#1251),#1255);
#1251 = LINE('',#1252,#1253);
#1252 = CARTESIAN_POINT('',(0.,4.712388980385));
#1253 = VECTOR('',#1254,1.);
#1254 = DIRECTION('',(1.,0.));
#1255 = ( GEOMETRIC_REPRESENTATION_CONTEXT(2) 
PARAMETRIC_REPRESENTATION_CONTEXT() REPRESENTATION_CONTEXT('2D SPACE',''
  ) );
#1256 = FACE_BOUND('',#1257,.F.);
#1257 = EDGE_LOOP('',(#1258));
#1258 = ORIENTED_EDGE('',*,*,#1259,.F.);
#1259 = EDGE_CURVE('',#1260,#1260,#1262,.T.);
#1260 = VERTEX_POINT('',#1261);
#1261 = CARTESIAN_POINT('',(-26.505,4.E-02,1.));
#1262 = SURFACE_CURVE('',#1263,(#1268,#1275),.PCURVE_S1.);
#1263 = CIRCLE('',#1264,1.675);
#1264 = AXIS2_PLACEMENT_3D('',#1265,#1266,#1267);
#1265 = CARTESIAN_POINT('',(-28.18,4.E-02,1.));
#1266 = DIRECTION('',(0.,0.,-1.));
#1267 = DIRECTION('',(1.,-2.5E-16,0.));
#1268 = PCURVE('',#33,#1269);
#1269 = DEFINITIONAL_REPRESENTATION('',(#1270),#1274);
#1270 = CIRCLE('',#1271,1.675);
#1271 = AXIS2_PLACEMENT_2D('',#1272,#1273);
#1272 = CARTESIAN_POINT('',(26.825483284487,0.131247384519));
#1273 = DIRECTION('',(-1.,-2.5E-16));
#1274 = ( GEOMETRIC_REPRESENTATION_CONTEXT(2) 
PARAMETRIC_REPRESENTATION_CONTEXT() REPRESENTATION_CONTEXT('2D SPACE',''
  ) );
#1275 = PCURVE('',#1276,#1281);
#1276 = TOROIDAL_SURFACE('',#1277,1.675,5.E-02);
#1277 = AXIS2_PLACEMENT_3D('',#1278,#1279,#1280);
#1278 = CARTESIAN_POINT('',(-28.18,4.E-02,0.95));
#1279 = DIRECTION('',(0.,0.,-1.));
#1280 = DIRECTION('',(1.,-2.5E-16,0.));
#1281 = DEFINITIONAL_REPRESENTATION('',(#1282),#1286);
#1282 = LINE('',#1283,#1284);
#1283 = CARTESIAN_POINT('',(0.,4.712388980385));
#1284 = VECTOR('',#1285,1.);
#1285 = DIRECTION('',(1.,0.));
#1286 = ( GEOMETRIC_REPRESENTATION_CONTEXT(2) 
PARAMETRIC_REPRESENTATION_CONTEXT() REPRESENTATION_CONTEXT('2D SPACE',''
  ) );
#1287 = FACE_BOUND('',#1288,.F.);
#1288 = EDGE_LOOP('',(#1289,#1320,#1348,#1377,#1405,#1434,#1462,#1491));
#1289 = ORIENTED_EDGE('',*,*,#1290,.F.);
#1290 = EDGE_CURVE('',#1291,#1293,#1295,.T.);
#1291 = VERTEX_POINT('',#1292);
#1292 = CARTESIAN_POINT('',(20.57,-3.11,1.));
#1293 = VERTEX_POINT('',#1294);
#1294 = CARTESIAN_POINT('',(19.72,-2.26,1.));
#1295 = SURFACE_CURVE('',#1296,(#1301,#1308),.PCURVE_S1.);
#1296 = CIRCLE('',#1297,0.85);
#1297 = AXIS2_PLACEMENT_3D('',#1298,#1299,#1300);
#1298 = CARTESIAN_POINT('',(20.57,-2.26,1.));
#1299 = DIRECTION('',(0.,0.,-1.));
#1300 = DIRECTION('',(0.,-1.,0.));
#1301 = PCURVE('',#33,#1302);
#1302 = DEFINITIONAL_REPRESENTATION('',(#1303),#1307);
#1303 = CIRCLE('',#1304,0.85);
#1304 = AXIS2_PLACEMENT_2D('',#1305,#1306);
#1305 = CARTESIAN_POINT('',(-21.92451671551,-2.168752615481));
#1306 = DIRECTION('',(0.,-1.));
#1307 = ( GEOMETRIC_REPRESENTATION_CONTEXT(2) 
PARAMETRIC_REPRESENTATION_CONTEXT() REPRESENTATION_CONTEXT('2D SPACE',''
  ) );
#1308 = PCURVE('',#1309,#1314);
#1309 = TOROIDAL_SURFACE('',#1310,0.85,5.E-02);
#1310 = AXIS2_PLACEMENT_3D('',#1311,#1312,#1313);
#1311 = CARTESIAN_POINT('',(20.57,-2.26,0.95));
#1312 = DIRECTION('',(0.,0.,1.));
#1313 = DIRECTION('',(0.,-1.,0.));
#1314 = DEFINITIONAL_REPRESENTATION('',(#1315),#1319);
#1315 = LINE('',#1316,#1317);
#1316 = CARTESIAN_POINT('',(-0.,1.570796326795));
#1317 = VECTOR('',#1318,1.);
#1318 = DIRECTION('',(-1.,0.));
#1319 = ( GEOMETRIC_REPRESENTATION_CONTEXT(2) 
PARAMETRIC_REPRESENTATION_CONTEXT() REPRESENTATION_CONTEXT('2D SPACE',''
  ) );
#1320 = ORIENTED_EDGE('',*,*,#1321,.F.);
#1321 = EDGE_CURVE('',#1322,#1291,#1324,.T.);
#1322 = VERTEX_POINT('',#1323);
#1323 = CARTESIAN_POINT('',(32.17,-3.11,1.));
#1324 = SURFACE_CURVE('',#1325,(#1329,#1336),.PCURVE_S1.);
#1325 = LINE('',#1326,#1327);
#1326 = CARTESIAN_POINT('',(32.17,-3.11,1.));
#1327 = VECTOR('',#1328,1.);
#1328 = DIRECTION('',(-1.,0.,0.));
#1329 = PCURVE('',#33,#1330);
#1330 = DEFINITIONAL_REPRESENTATION('',(#1331),#1335);
#1331 = LINE('',#1332,#1333);
#1332 = CARTESIAN_POINT('',(-33.52451671551,-3.018752615481));
#1333 = VECTOR('',#1334,1.);
#1334 = DIRECTION('',(1.,0.));
#1335 = ( GEOMETRIC_REPRESENTATION_CONTEXT(2) 
PARAMETRIC_REPRESENTATION_CONTEXT() REPRESENTATION_CONTEXT('2D SPACE',''
  ) );
#1336 = PCURVE('',#1337,#1342);
#1337 = CYLINDRICAL_SURFACE('',#1338,5.E-02);
#1338 = AXIS2_PLACEMENT_3D('',#1339,#1340,#1341);
#1339 = CARTESIAN_POINT('',(32.17,-3.11,0.95));
#1340 = DIRECTION('',(-1.,0.,0.));
#1341 = DIRECTION('',(0.,0.,1.));
#1342 = DEFINITIONAL_REPRESENTATION('',(#1343),#1347);
#1343 = LINE('',#1344,#1345);
#1344 = CARTESIAN_POINT('',(0.,0.));
#1345 = VECTOR('',#1346,1.);
#1346 = DIRECTION('',(0.,1.));
#1347 = ( GEOMETRIC_REPRESENTATION_CONTEXT(2) 
PARAMETRIC_REPRESENTATION_CONTEXT() REPRESENTATION_CONTEXT('2D SPACE',''
  ) );
#1348 = ORIENTED_EDGE('',*,*,#1349,.F.);
#1349 = EDGE_CURVE('',#1350,#1322,#1352,.T.);
#1350 = VERTEX_POINT('',#1351);
#1351 = CARTESIAN_POINT('',(33.02,-2.26,1.));
#1352 = SURFACE_CURVE('',#1353,(#1358,#1365),.PCURVE_S1.);
#1353 = CIRCLE('',#1354,0.85);
#1354 = AXIS2_PLACEMENT_3D('',#1355,#1356,#1357);
#1355 = CARTESIAN_POINT('',(32.17,-2.26,1.));
#1356 = DIRECTION('',(0.,0.,-1.));
#1357 = DIRECTION('',(1.,0.,0.));
#1358 = PCURVE('',#33,#1359);
#1359 = DEFINITIONAL_REPRESENTATION('',(#1360),#1364);
#1360 = CIRCLE('',#1361,0.85);
#1361 = AXIS2_PLACEMENT_2D('',#1362,#1363);
#1362 = CARTESIAN_POINT('',(-33.52451671551,-2.168752615481));
#1363 = DIRECTION('',(-1.,0.));
#1364 = ( GEOMETRIC_REPRESENTATION_CONTEXT(2) 
PARAMETRIC_REPRESENTATION_CONTEXT() REPRESENTATION_CONTEXT('2D SPACE',''
  ) );
#1365 = PCURVE('',#1366,#1371);
#1366 = TOROIDAL_SURFACE('',#1367,0.85,5.E-02);
#1367 = AXIS2_PLACEMENT_3D('',#1368,#1369,#1370);
#1368 = CARTESIAN_POINT('',(32.17,-2.26,0.95));
#1369 = DIRECTION('',(0.,0.,1.));
#1370 = DIRECTION('',(1.,0.,0.));
#1371 = DEFINITIONAL_REPRESENTATION('',(#1372),#1376);
#1372 = LINE('',#1373,#1374);
#1373 = CARTESIAN_POINT('',(-0.,1.570796326795));
#1374 = VECTOR('',#1375,1.);
#1375 = DIRECTION('',(-1.,0.));
#1376 = ( GEOMETRIC_REPRESENTATION_CONTEXT(2) 
PARAMETRIC_REPRESENTATION_CONTEXT() REPRESENTATION_CONTEXT('2D SPACE',''
  ) );
#1377 = ORIENTED_EDGE('',*,*,#1378,.F.);
#1378 = EDGE_CURVE('',#1379,#1350,#1381,.T.);
#1379 = VERTEX_POINT('',#1380);
#1380 = CARTESIAN_POINT('',(33.02,2.34,1.));
#1381 = SURFACE_CURVE('',#1382,(#1386,#1393),.PCURVE_S1.);
#1382 = LINE('',#1383,#1384);
#1383 = CARTESIAN_POINT('',(33.02,2.34,1.));
#1384 = VECTOR('',#1385,1.);
#1385 = DIRECTION('',(0.,-1.,0.));
#1386 = PCURVE('',#33,#1387);
#1387 = DEFINITIONAL_REPRESENTATION('',(#1388),#1392);
#1388 = LINE('',#1389,#1390);
#1389 = CARTESIAN_POINT('',(-34.37451671551,2.431247384519));
#1390 = VECTOR('',#1391,1.);
#1391 = DIRECTION('',(0.,-1.));
#1392 = ( GEOMETRIC_REPRESENTATION_CONTEXT(2) 
PARAMETRIC_REPRESENTATION_CONTEXT() REPRESENTATION_CONTEXT('2D SPACE',''
  ) );
#1393 = PCURVE('',#1394,#1399);
#1394 = CYLINDRICAL_SURFACE('',#1395,5.E-02);
#1395 = AXIS2_PLACEMENT_3D('',#1396,#1397,#1398);
#1396 = CARTESIAN_POINT('',(33.02,2.34,0.95));
#1397 = DIRECTION('',(0.,-1.,0.));
#1398 = DIRECTION('',(0.,0.,1.));
#1399 = DEFINITIONAL_REPRESENTATION('',(#1400),#1404);
#1400 = LINE('',#1401,#1402);
#1401 = CARTESIAN_POINT('',(0.,0.));
#1402 = VECTOR('',#1403,1.);
#1403 = DIRECTION('',(0.,1.));
#1404 = ( GEOMETRIC_REPRESENTATION_CONTEXT(2) 
PARAMETRIC_REPRESENTATION_CONTEXT() REPRESENTATION_CONTEXT('2D SPACE',''
  ) );
#1405 = ORIENTED_EDGE('',*,*,#1406,.F.);
#1406 = EDGE_CURVE('',#1407,#1379,#1409,.T.);
#1407 = VERTEX_POINT('',#1408);
#1408 = CARTESIAN_POINT('',(32.17,3.19,1.));
#1409 = SURFACE_CURVE('',#1410,(#1415,#1422),.PCURVE_S1.);
#1410 = CIRCLE('',#1411,0.85);
#1411 = AXIS2_PLACEMENT_3D('',#1412,#1413,#1414);
#1412 = CARTESIAN_POINT('',(32.17,2.34,1.));
#1413 = DIRECTION('',(0.,0.,-1.));
#1414 = DIRECTION('',(8.88E-15,1.,0.));
#1415 = PCURVE('',#33,#1416);
#1416 = DEFINITIONAL_REPRESENTATION('',(#1417),#1421);
#1417 = CIRCLE('',#1418,0.85);
#1418 = AXIS2_PLACEMENT_2D('',#1419,#1420);
#1419 = CARTESIAN_POINT('',(-33.52451671551,2.431247384519));
#1420 = DIRECTION('',(-8.88E-15,1.));
#1421 = ( GEOMETRIC_REPRESENTATION_CONTEXT(2) 
PARAMETRIC_REPRESENTATION_CONTEXT() REPRESENTATION_CONTEXT('2D SPACE',''
  ) );
#1422 = PCURVE('',#1423,#1428);
#1423 = TOROIDAL_SURFACE('',#1424,0.85,5.E-02);
#1424 = AXIS2_PLACEMENT_3D('',#1425,#1426,#1427);
#1425 = CARTESIAN_POINT('',(32.17,2.34,0.95));
#1426 = DIRECTION('',(0.,0.,1.));
#1427 = DIRECTION('',(8.88E-15,1.,0.));
#1428 = DEFINITIONAL_REPRESENTATION('',(#1429),#1433);
#1429 = LINE('',#1430,#1431);
#1430 = CARTESIAN_POINT('',(-0.,1.570796326795));
#1431 = VECTOR('',#1432,1.);
#1432 = DIRECTION('',(-1.,0.));
#1433 = ( GEOMETRIC_REPRESENTATION_CONTEXT(2) 
PARAMETRIC_REPRESENTATION_CONTEXT() REPRESENTATION_CONTEXT('2D SPACE',''
  ) );
#1434 = ORIENTED_EDGE('',*,*,#1435,.F.);
#1435 = EDGE_CURVE('',#1436,#1407,#1438,.T.);
#1436 = VERTEX_POINT('',#1437);
#1437 = CARTESIAN_POINT('',(20.57,3.19,1.));
#1438 = SURFACE_CURVE('',#1439,(#1443,#1450),.PCURVE_S1.);
#1439 = LINE('',#1440,#1441);
#1440 = CARTESIAN_POINT('',(20.57,3.19,1.));
#1441 = VECTOR('',#1442,1.);
#1442 = DIRECTION('',(1.,0.,0.));
#1443 = PCURVE('',#33,#1444);
#1444 = DEFINITIONAL_REPRESENTATION('',(#1445),#1449);
#1445 = LINE('',#1446,#1447);
#1446 = CARTESIAN_POINT('',(-21.92451671551,3.281247384519));
#1447 = VECTOR('',#1448,1.);
#1448 = DIRECTION('',(-1.,0.));
#1449 = ( GEOMETRIC_REPRESENTATION_CONTEXT(2) 
PARAMETRIC_REPRESENTATION_CONTEXT() REPRESENTATION_CONTEXT('2D SPACE',''
  ) );
#1450 = PCURVE('',#1451,#1456);
#1451 = CYLINDRICAL_SURFACE('',#1452,5.E-02);
#1452 = AXIS2_PLACEMENT_3D('',#1453,#1454,#1455);
#1453 = CARTESIAN_POINT('',(20.57,3.19,0.95));
#1454 = DIRECTION('',(1.,0.,0.));
#1455 = DIRECTION('',(0.,0.,1.));
#1456 = DEFINITIONAL_REPRESENTATION('',(#1457),#1461);
#1457 = LINE('',#1458,#1459);
#1458 = CARTESIAN_POINT('',(0.,0.));
#1459 = VECTOR('',#1460,1.);
#1460 = DIRECTION('',(0.,1.));
#1461 = ( GEOMETRIC_REPRESENTATION_CONTEXT(2) 
PARAMETRIC_REPRESENTATION_CONTEXT() REPRESENTATION_CONTEXT('2D SPACE',''
  ) );
#1462 = ORIENTED_EDGE('',*,*,#1463,.F.);
#1463 = EDGE_CURVE('',#1464,#1436,#1466,.T.);
#1464 = VERTEX_POINT('',#1465);
#1465 = CARTESIAN_POINT('',(19.72,2.34,1.));
#1466 = SURFACE_CURVE('',#1467,(#1472,#1479),.PCURVE_S1.);
#1467 = CIRCLE('',#1468,0.85);
#1468 = AXIS2_PLACEMENT_3D('',#1469,#1470,#1471);
#1469 = CARTESIAN_POINT('',(20.57,2.34,1.));
#1470 = DIRECTION('',(0.,0.,-1.));
#1471 = DIRECTION('',(-1.,0.,0.));
#1472 = PCURVE('',#33,#1473);
#1473 = DEFINITIONAL_REPRESENTATION('',(#1474),#1478);
#1474 = CIRCLE('',#1475,0.85);
#1475 = AXIS2_PLACEMENT_2D('',#1476,#1477);
#1476 = CARTESIAN_POINT('',(-21.92451671551,2.431247384519));
#1477 = DIRECTION('',(1.,0.));
#1478 = ( GEOMETRIC_REPRESENTATION_CONTEXT(2) 
PARAMETRIC_REPRESENTATION_CONTEXT() REPRESENTATION_CONTEXT('2D SPACE',''
  ) );
#1479 = PCURVE('',#1480,#1485);
#1480 = TOROIDAL_SURFACE('',#1481,0.85,5.E-02);
#1481 = AXIS2_PLACEMENT_3D('',#1482,#1483,#1484);
#1482 = CARTESIAN_POINT('',(20.57,2.34,0.95));
#1483 = DIRECTION('',(0.,0.,1.));
#1484 = DIRECTION('',(-1.,0.,0.));
#1485 = DEFINITIONAL_REPRESENTATION('',(#1486),#1490);
#1486 = LINE('',#1487,#1488);
#1487 = CARTESIAN_POINT('',(-0.,1.570796326795));
#1488 = VECTOR('',#1489,1.);
#1489 = DIRECTION('',(-1.,0.));
#1490 = ( GEOMETRIC_REPRESENTATION_CONTEXT(2) 
PARAMETRIC_REPRESENTATION_CONTEXT() REPRESENTATION_CONTEXT('2D SPACE',''
  ) );
#1491 = ORIENTED_EDGE('',*,*,#1492,.F.);
#1492 = EDGE_CURVE('',#1293,#1464,#1493,.T.);
#1493 = SURFACE_CURVE('',#1494,(#1498,#1505),.PCURVE_S1.);
#1494 = LINE('',#1495,#1496);
#1495 = CARTESIAN_POINT('',(19.72,-2.26,1.));
#1496 = VECTOR('',#1497,1.);
#1497 = DIRECTION('',(0.,1.,0.));
#1498 = PCURVE('',#33,#1499);
#1499 = DEFINITIONAL_REPRESENTATION('',(#1500),#1504);
#1500 = LINE('',#1501,#1502);
#1501 = CARTESIAN_POINT('',(-21.07451671551,-2.168752615481));
#1502 = VECTOR('',#1503,1.);
#1503 = DIRECTION('',(0.,1.));
#1504 = ( GEOMETRIC_REPRESENTATION_CONTEXT(2) 
PARAMETRIC_REPRESENTATION_CONTEXT() REPRESENTATION_CONTEXT('2D SPACE',''
  ) );
#1505 = PCURVE('',#1506,#1511);
#1506 = CYLINDRICAL_SURFACE('',#1507,5.E-02);
#1507 = AXIS2_PLACEMENT_3D('',#1508,#1509,#1510);
#1508 = CARTESIAN_POINT('',(19.72,-2.26,0.95));
#1509 = DIRECTION('',(0.,1.,0.));
#1510 = DIRECTION('',(0.,0.,1.));
#1511 = DEFINITIONAL_REPRESENTATION('',(#1512),#1516);
#1512 = LINE('',#1513,#1514);
#1513 = CARTESIAN_POINT('',(0.,0.));
#1514 = VECTOR('',#1515,1.);
#1515 = DIRECTION('',(0.,1.));
#1516 = ( GEOMETRIC_REPRESENTATION_CONTEXT(2) 
PARAMETRIC_REPRESENTATION_CONTEXT() REPRESENTATION_CONTEXT('2D SPACE',''
  ) );
#1517 = ADVANCED_FACE('',(#1518),#45,.T.);
#1518 = FACE_BOUND('',#1519,.F.);
#1519 = EDGE_LOOP('',(#1520,#1544,#1545,#1569));
#1520 = ORIENTED_EDGE('',*,*,#1521,.F.);
#1521 = EDGE_CURVE('',#22,#1522,#1524,.T.);
#1522 = VERTEX_POINT('',#1523);
#1523 = CARTESIAN_POINT('',(-19.13,-3.06,0.95));
#1524 = SURFACE_CURVE('',#1525,(#1530,#1537),.PCURVE_S1.);
#1525 = CIRCLE('',#1526,5.E-02);
#1526 = AXIS2_PLACEMENT_3D('',#1527,#1528,#1529);
#1527 = CARTESIAN_POINT('',(-19.13,-3.11,0.95));
#1528 = DIRECTION('',(-1.,0.,0.));
#1529 = DIRECTION('',(0.,-1.,0.));
#1530 = PCURVE('',#45,#1531);
#1531 = DEFINITIONAL_REPRESENTATION('',(#1532),#1536);
#1532 = LINE('',#1533,#1534);
#1533 = CARTESIAN_POINT('',(-0.,0.));
#1534 = VECTOR('',#1535,1.);
#1535 = DIRECTION('',(-0.,1.));
#1536 = ( GEOMETRIC_REPRESENTATION_CONTEXT(2) 
PARAMETRIC_REPRESENTATION_CONTEXT() REPRESENTATION_CONTEXT('2D SPACE',''
  ) );
#1537 = PCURVE('',#73,#1538);
#1538 = DEFINITIONAL_REPRESENTATION('',(#1539),#1543);
#1539 = LINE('',#1540,#1541);
#1540 = CARTESIAN_POINT('',(-1.570796326795,11.6));
#1541 = VECTOR('',#1542,1.);
#1542 = DIRECTION('',(1.,0.));
#1543 = ( GEOMETRIC_REPRESENTATION_CONTEXT(2) 
PARAMETRIC_REPRESENTATION_CONTEXT() REPRESENTATION_CONTEXT('2D SPACE',''
  ) );
#1544 = ORIENTED_EDGE('',*,*,#21,.T.);
#1545 = ORIENTED_EDGE('',*,*,#1546,.T.);
#1546 = EDGE_CURVE('',#24,#1547,#1549,.T.);
#1547 = VERTEX_POINT('',#1548);
#1548 = CARTESIAN_POINT('',(-19.93,-2.26,0.95));
#1549 = SURFACE_CURVE('',#1550,(#1555,#1562),.PCURVE_S1.);
#1550 = CIRCLE('',#1551,5.E-02);
#1551 = AXIS2_PLACEMENT_3D('',#1552,#1553,#1554);
#1552 = CARTESIAN_POINT('',(-19.98,-2.26,0.95));
#1553 = DIRECTION('',(-6.E-17,1.,0.));
#1554 = DIRECTION('',(-1.,-6.E-17,0.));
#1555 = PCURVE('',#45,#1556);
#1556 = DEFINITIONAL_REPRESENTATION('',(#1557),#1561);
#1557 = LINE('',#1558,#1559);
#1558 = CARTESIAN_POINT('',(-1.570796326795,0.));
#1559 = VECTOR('',#1560,1.);
#1560 = DIRECTION('',(-0.,1.));
#1561 = ( GEOMETRIC_REPRESENTATION_CONTEXT(2) 
PARAMETRIC_REPRESENTATION_CONTEXT() REPRESENTATION_CONTEXT('2D SPACE',''
  ) );
#1562 = PCURVE('',#242,#1563);
#1563 = DEFINITIONAL_REPRESENTATION('',(#1564),#1568);
#1564 = LINE('',#1565,#1566);
#1565 = CARTESIAN_POINT('',(-1.570796326795,0.));
#1566 = VECTOR('',#1567,1.);
#1567 = DIRECTION('',(1.,0.));
#1568 = ( GEOMETRIC_REPRESENTATION_CONTEXT(2) 
PARAMETRIC_REPRESENTATION_CONTEXT() REPRESENTATION_CONTEXT('2D SPACE',''
  ) );
#1569 = ORIENTED_EDGE('',*,*,#1570,.F.);
#1570 = EDGE_CURVE('',#1522,#1547,#1571,.T.);
#1571 = SURFACE_CURVE('',#1572,(#1577,#1584),.PCURVE_S1.);
#1572 = CIRCLE('',#1573,0.8);
#1573 = AXIS2_PLACEMENT_3D('',#1574,#1575,#1576);
#1574 = CARTESIAN_POINT('',(-19.13,-2.26,0.95));
#1575 = DIRECTION('',(0.,0.,-1.));
#1576 = DIRECTION('',(0.,-1.,0.));
#1577 = PCURVE('',#45,#1578);
#1578 = DEFINITIONAL_REPRESENTATION('',(#1579),#1583);
#1579 = LINE('',#1580,#1581);
#1580 = CARTESIAN_POINT('',(-0.,3.14159265359));
#1581 = VECTOR('',#1582,1.);
#1582 = DIRECTION('',(-1.,0.));
#1583 = ( GEOMETRIC_REPRESENTATION_CONTEXT(2) 
PARAMETRIC_REPRESENTATION_CONTEXT() REPRESENTATION_CONTEXT('2D SPACE',''
  ) );
#1584 = PCURVE('',#1585,#1590);
#1585 = CYLINDRICAL_SURFACE('',#1586,0.8);
#1586 = AXIS2_PLACEMENT_3D('',#1587,#1588,#1589);
#1587 = CARTESIAN_POINT('',(-19.13,-2.26,0.));
#1588 = DIRECTION('',(0.,0.,1.));
#1589 = DIRECTION('',(0.,-1.,0.));
#1590 = DEFINITIONAL_REPRESENTATION('',(#1591),#1595);
#1591 = LINE('',#1592,#1593);
#1592 = CARTESIAN_POINT('',(-0.,0.95));
#1593 = VECTOR('',#1594,1.);
#1594 = DIRECTION('',(-1.,0.));
#1595 = ( GEOMETRIC_REPRESENTATION_CONTEXT(2) 
PARAMETRIC_REPRESENTATION_CONTEXT() REPRESENTATION_CONTEXT('2D SPACE',''
  ) );
#1596 = ADVANCED_FACE('',(#1597),#73,.T.);
#1597 = FACE_BOUND('',#1598,.T.);
#1598 = EDGE_LOOP('',(#1599,#1623,#1649,#1650));
#1599 = ORIENTED_EDGE('',*,*,#1600,.T.);
#1600 = EDGE_CURVE('',#58,#1601,#1603,.T.);
#1601 = VERTEX_POINT('',#1602);
#1602 = CARTESIAN_POINT('',(-7.53,-3.06,0.95));
#1603 = SURFACE_CURVE('',#1604,(#1609,#1616),.PCURVE_S1.);
#1604 = CIRCLE('',#1605,5.E-02);
#1605 = AXIS2_PLACEMENT_3D('',#1606,#1607,#1608);
#1606 = CARTESIAN_POINT('',(-7.53,-3.11,0.95));
#1607 = DIRECTION('',(-1.,1.6E-16,0.));
#1608 = DIRECTION('',(-1.6E-16,-1.,-0.));
#1609 = PCURVE('',#73,#1610);
#1610 = DEFINITIONAL_REPRESENTATION('',(#1611),#1615);
#1611 = LINE('',#1612,#1613);
#1612 = CARTESIAN_POINT('',(-1.570796326795,0.));
#1613 = VECTOR('',#1614,1.);
#1614 = DIRECTION('',(1.,0.));
#1615 = ( GEOMETRIC_REPRESENTATION_CONTEXT(2) 
PARAMETRIC_REPRESENTATION_CONTEXT() REPRESENTATION_CONTEXT('2D SPACE',''
  ) );
#1616 = PCURVE('',#102,#1617);
#1617 = DEFINITIONAL_REPRESENTATION('',(#1618),#1622);
#1618 = LINE('',#1619,#1620);
#1619 = CARTESIAN_POINT('',(-1.570796326795,0.));
#1620 = VECTOR('',#1621,1.);
#1621 = DIRECTION('',(-0.,1.));
#1622 = ( GEOMETRIC_REPRESENTATION_CONTEXT(2) 
PARAMETRIC_REPRESENTATION_CONTEXT() REPRESENTATION_CONTEXT('2D SPACE',''
  ) );
#1623 = ORIENTED_EDGE('',*,*,#1624,.T.);
#1624 = EDGE_CURVE('',#1601,#1522,#1625,.T.);
#1625 = SURFACE_CURVE('',#1626,(#1630,#1637),.PCURVE_S1.);
#1626 = LINE('',#1627,#1628);
#1627 = CARTESIAN_POINT('',(-7.53,-3.06,0.95));
#1628 = VECTOR('',#1629,1.);
#1629 = DIRECTION('',(-1.,0.,0.));
#1630 = PCURVE('',#73,#1631);
#1631 = DEFINITIONAL_REPRESENTATION('',(#1632),#1636);
#1632 = LINE('',#1633,#1634);
#1633 = CARTESIAN_POINT('',(1.570796326795,0.));
#1634 = VECTOR('',#1635,1.);
#1635 = DIRECTION('',(0.,1.));
#1636 = ( GEOMETRIC_REPRESENTATION_CONTEXT(2) 
PARAMETRIC_REPRESENTATION_CONTEXT() REPRESENTATION_CONTEXT('2D SPACE',''
  ) );
#1637 = PCURVE('',#1638,#1643);
#1638 = PLANE('',#1639);
#1639 = AXIS2_PLACEMENT_3D('',#1640,#1641,#1642);
#1640 = CARTESIAN_POINT('',(-6.73,-3.06,0.));
#1641 = DIRECTION('',(0.,-1.,0.));
#1642 = DIRECTION('',(-1.,0.,0.));
#1643 = DEFINITIONAL_REPRESENTATION('',(#1644),#1648);
#1644 = LINE('',#1645,#1646);
#1645 = CARTESIAN_POINT('',(0.8,-0.95));
#1646 = VECTOR('',#1647,1.);
#1647 = DIRECTION('',(1.,0.));
#1648 = ( GEOMETRIC_REPRESENTATION_CONTEXT(2) 
PARAMETRIC_REPRESENTATION_CONTEXT() REPRESENTATION_CONTEXT('2D SPACE',''
  ) );
#1649 = ORIENTED_EDGE('',*,*,#1521,.F.);
#1650 = ORIENTED_EDGE('',*,*,#57,.F.);
#1651 = ADVANCED_FACE('',(#1652),#242,.T.);
#1652 = FACE_BOUND('',#1653,.T.);
#1653 = EDGE_LOOP('',(#1654,#1655,#1683,#1705));
#1654 = ORIENTED_EDGE('',*,*,#1546,.T.);
#1655 = ORIENTED_EDGE('',*,*,#1656,.T.);
#1656 = EDGE_CURVE('',#1547,#1657,#1659,.T.);
#1657 = VERTEX_POINT('',#1658);
#1658 = CARTESIAN_POINT('',(-19.93,2.34,0.95));
#1659 = SURFACE_CURVE('',#1660,(#1664,#1671),.PCURVE_S1.);
#1660 = LINE('',#1661,#1662);
#1661 = CARTESIAN_POINT('',(-19.93,-2.26,0.95));
#1662 = VECTOR('',#1663,1.);
#1663 = DIRECTION('',(0.,1.,0.));
#1664 = PCURVE('',#242,#1665);
#1665 = DEFINITIONAL_REPRESENTATION('',(#1666),#1670);
#1666 = LINE('',#1667,#1668);
#1667 = CARTESIAN_POINT('',(1.570796326795,0.));
#1668 = VECTOR('',#1669,1.);
#1669 = DIRECTION('',(0.,1.));
#1670 = ( GEOMETRIC_REPRESENTATION_CONTEXT(2) 
PARAMETRIC_REPRESENTATION_CONTEXT() REPRESENTATION_CONTEXT('2D SPACE',''
  ) );
#1671 = PCURVE('',#1672,#1677);
#1672 = PLANE('',#1673);
#1673 = AXIS2_PLACEMENT_3D('',#1674,#1675,#1676);
#1674 = CARTESIAN_POINT('',(-19.93,-3.06,0.));
#1675 = DIRECTION('',(-1.,0.,0.));
#1676 = DIRECTION('',(0.,1.,0.));
#1677 = DEFINITIONAL_REPRESENTATION('',(#1678),#1682);
#1678 = LINE('',#1679,#1680);
#1679 = CARTESIAN_POINT('',(0.8,-0.95));
#1680 = VECTOR('',#1681,1.);
#1681 = DIRECTION('',(1.,0.));
#1682 = ( GEOMETRIC_REPRESENTATION_CONTEXT(2) 
PARAMETRIC_REPRESENTATION_CONTEXT() REPRESENTATION_CONTEXT('2D SPACE',''
  ) );
#1683 = ORIENTED_EDGE('',*,*,#1684,.F.);
#1684 = EDGE_CURVE('',#200,#1657,#1685,.T.);
#1685 = SURFACE_CURVE('',#1686,(#1691,#1698),.PCURVE_S1.);
#1686 = CIRCLE('',#1687,5.E-02);
#1687 = AXIS2_PLACEMENT_3D('',#1688,#1689,#1690);
#1688 = CARTESIAN_POINT('',(-19.98,2.34,0.95));
#1689 = DIRECTION('',(0.,1.,0.));
#1690 = DIRECTION('',(0.,0.,1.));
#1691 = PCURVE('',#242,#1692);
#1692 = DEFINITIONAL_REPRESENTATION('',(#1693),#1697);
#1693 = LINE('',#1694,#1695);
#1694 = CARTESIAN_POINT('',(0.,4.6));
#1695 = VECTOR('',#1696,1.);
#1696 = DIRECTION('',(1.,0.));
#1697 = ( GEOMETRIC_REPRESENTATION_CONTEXT(2) 
PARAMETRIC_REPRESENTATION_CONTEXT() REPRESENTATION_CONTEXT('2D SPACE',''
  ) );
#1698 = PCURVE('',#216,#1699);
#1699 = DEFINITIONAL_REPRESENTATION('',(#1700),#1704);
#1700 = LINE('',#1701,#1702);
#1701 = CARTESIAN_POINT('',(-0.,1.570796326795));
#1702 = VECTOR('',#1703,1.);
#1703 = DIRECTION('',(-0.,1.));
#1704 = ( GEOMETRIC_REPRESENTATION_CONTEXT(2) 
PARAMETRIC_REPRESENTATION_CONTEXT() REPRESENTATION_CONTEXT('2D SPACE',''
  ) );
#1705 = ORIENTED_EDGE('',*,*,#228,.F.);
#1706 = ADVANCED_FACE('',(#1707),#102,.T.);
#1707 = FACE_BOUND('',#1708,.F.);
#1708 = EDGE_LOOP('',(#1709,#1733,#1734,#1735));
#1709 = ORIENTED_EDGE('',*,*,#1710,.F.);
#1710 = EDGE_CURVE('',#86,#1711,#1713,.T.);
#1711 = VERTEX_POINT('',#1712);
#1712 = CARTESIAN_POINT('',(-6.73,-2.26,0.95));
#1713 = SURFACE_CURVE('',#1714,(#1719,#1726),.PCURVE_S1.);
#1714 = CIRCLE('',#1715,5.E-02);
#1715 = AXIS2_PLACEMENT_3D('',#1716,#1717,#1718);
#1716 = CARTESIAN_POINT('',(-6.68,-2.26,0.95));
#1717 = DIRECTION('',(1.4E-16,-1.,0.));
#1718 = DIRECTION('',(0.,0.,1.));
#1719 = PCURVE('',#102,#1720);
#1720 = DEFINITIONAL_REPRESENTATION('',(#1721),#1725);
#1721 = LINE('',#1722,#1723);
#1722 = CARTESIAN_POINT('',(-0.,1.570796326795));
#1723 = VECTOR('',#1724,1.);
#1724 = DIRECTION('',(-0.,1.));
#1725 = ( GEOMETRIC_REPRESENTATION_CONTEXT(2) 
PARAMETRIC_REPRESENTATION_CONTEXT() REPRESENTATION_CONTEXT('2D SPACE',''
  ) );
#1726 = PCURVE('',#130,#1727);
#1727 = DEFINITIONAL_REPRESENTATION('',(#1728),#1732);
#1728 = LINE('',#1729,#1730);
#1729 = CARTESIAN_POINT('',(0.,4.6));
#1730 = VECTOR('',#1731,1.);
#1731 = DIRECTION('',(1.,0.));
#1732 = ( GEOMETRIC_REPRESENTATION_CONTEXT(2) 
PARAMETRIC_REPRESENTATION_CONTEXT() REPRESENTATION_CONTEXT('2D SPACE',''
  ) );
#1733 = ORIENTED_EDGE('',*,*,#85,.T.);
#1734 = ORIENTED_EDGE('',*,*,#1600,.T.);
#1735 = ORIENTED_EDGE('',*,*,#1736,.F.);
#1736 = EDGE_CURVE('',#1711,#1601,#1737,.T.);
#1737 = SURFACE_CURVE('',#1738,(#1743,#1750),.PCURVE_S1.);
#1738 = CIRCLE('',#1739,0.8);
#1739 = AXIS2_PLACEMENT_3D('',#1740,#1741,#1742);
#1740 = CARTESIAN_POINT('',(-7.53,-2.26,0.95));
#1741 = DIRECTION('',(0.,0.,-1.));
#1742 = DIRECTION('',(1.,0.,0.));
#1743 = PCURVE('',#102,#1744);
#1744 = DEFINITIONAL_REPRESENTATION('',(#1745),#1749);
#1745 = LINE('',#1746,#1747);
#1746 = CARTESIAN_POINT('',(-0.,3.14159265359));
#1747 = VECTOR('',#1748,1.);
#1748 = DIRECTION('',(-1.,0.));
#1749 = ( GEOMETRIC_REPRESENTATION_CONTEXT(2) 
PARAMETRIC_REPRESENTATION_CONTEXT() REPRESENTATION_CONTEXT('2D SPACE',''
  ) );
#1750 = PCURVE('',#1751,#1756);
#1751 = CYLINDRICAL_SURFACE('',#1752,0.8);
#1752 = AXIS2_PLACEMENT_3D('',#1753,#1754,#1755);
#1753 = CARTESIAN_POINT('',(-7.53,-2.26,0.));
#1754 = DIRECTION('',(0.,0.,1.));
#1755 = DIRECTION('',(1.,1.4E-16,0.));
#1756 = DEFINITIONAL_REPRESENTATION('',(#1757),#1761);
#1757 = LINE('',#1758,#1759);
#1758 = CARTESIAN_POINT('',(-0.,0.95));
#1759 = VECTOR('',#1760,1.);
#1760 = DIRECTION('',(-1.,0.));
#1761 = ( GEOMETRIC_REPRESENTATION_CONTEXT(2) 
PARAMETRIC_REPRESENTATION_CONTEXT() REPRESENTATION_CONTEXT('2D SPACE',''
  ) );
#1762 = ADVANCED_FACE('',(#1763),#216,.T.);
#1763 = FACE_BOUND('',#1764,.F.);
#1764 = EDGE_LOOP('',(#1765,#1766,#1767,#1791));
#1765 = ORIENTED_EDGE('',*,*,#1684,.F.);
#1766 = ORIENTED_EDGE('',*,*,#199,.T.);
#1767 = ORIENTED_EDGE('',*,*,#1768,.T.);
#1768 = EDGE_CURVE('',#172,#1769,#1771,.T.);
#1769 = VERTEX_POINT('',#1770);
#1770 = CARTESIAN_POINT('',(-19.13,3.14,0.95));
#1771 = SURFACE_CURVE('',#1772,(#1777,#1784),.PCURVE_S1.);
#1772 = CIRCLE('',#1773,5.E-02);
#1773 = AXIS2_PLACEMENT_3D('',#1774,#1775,#1776);
#1774 = CARTESIAN_POINT('',(-19.13,3.19,0.95));
#1775 = DIRECTION('',(1.,6.E-17,-0.));
#1776 = DIRECTION('',(-6.E-17,1.,0.));
#1777 = PCURVE('',#216,#1778);
#1778 = DEFINITIONAL_REPRESENTATION('',(#1779),#1783);
#1779 = LINE('',#1780,#1781);
#1780 = CARTESIAN_POINT('',(-1.570796326795,0.));
#1781 = VECTOR('',#1782,1.);
#1782 = DIRECTION('',(-0.,1.));
#1783 = ( GEOMETRIC_REPRESENTATION_CONTEXT(2) 
PARAMETRIC_REPRESENTATION_CONTEXT() REPRESENTATION_CONTEXT('2D SPACE',''
  ) );
#1784 = PCURVE('',#187,#1785);
#1785 = DEFINITIONAL_REPRESENTATION('',(#1786),#1790);
#1786 = LINE('',#1787,#1788);
#1787 = CARTESIAN_POINT('',(-1.570796326795,0.));
#1788 = VECTOR('',#1789,1.);
#1789 = DIRECTION('',(1.,0.));
#1790 = ( GEOMETRIC_REPRESENTATION_CONTEXT(2) 
PARAMETRIC_REPRESENTATION_CONTEXT() REPRESENTATION_CONTEXT('2D SPACE',''
  ) );
#1791 = ORIENTED_EDGE('',*,*,#1792,.F.);
#1792 = EDGE_CURVE('',#1657,#1769,#1793,.T.);
#1793 = SURFACE_CURVE('',#1794,(#1799,#1806),.PCURVE_S1.);
#1794 = CIRCLE('',#1795,0.8);
#1795 = AXIS2_PLACEMENT_3D('',#1796,#1797,#1798);
#1796 = CARTESIAN_POINT('',(-19.13,2.34,0.95));
#1797 = DIRECTION('',(0.,0.,-1.));
#1798 = DIRECTION('',(-1.,0.,0.));
#1799 = PCURVE('',#216,#1800);
#1800 = DEFINITIONAL_REPRESENTATION('',(#1801),#1805);
#1801 = LINE('',#1802,#1803);
#1802 = CARTESIAN_POINT('',(-0.,3.14159265359));
#1803 = VECTOR('',#1804,1.);
#1804 = DIRECTION('',(-1.,0.));
#1805 = ( GEOMETRIC_REPRESENTATION_CONTEXT(2) 
PARAMETRIC_REPRESENTATION_CONTEXT() REPRESENTATION_CONTEXT('2D SPACE',''
  ) );
#1806 = PCURVE('',#1807,#1812);
#1807 = CYLINDRICAL_SURFACE('',#1808,0.8);
#1808 = AXIS2_PLACEMENT_3D('',#1809,#1810,#1811);
#1809 = CARTESIAN_POINT('',(-19.13,2.34,0.));
#1810 = DIRECTION('',(0.,0.,1.));
#1811 = DIRECTION('',(0.,1.,0.));
#1812 = DEFINITIONAL_REPRESENTATION('',(#1813),#1817);
#1813 = LINE('',#1814,#1815);
#1814 = CARTESIAN_POINT('',(1.570796326795,0.95));
#1815 = VECTOR('',#1816,1.);
#1816 = DIRECTION('',(-1.,-0.));
#1817 = ( GEOMETRIC_REPRESENTATION_CONTEXT(2) 
PARAMETRIC_REPRESENTATION_CONTEXT() REPRESENTATION_CONTEXT('2D SPACE',''
  ) );
#1818 = ADVANCED_FACE('',(#1819),#130,.T.);
#1819 = FACE_BOUND('',#1820,.T.);
#1820 = EDGE_LOOP('',(#1821,#1845,#1871,#1872));
#1821 = ORIENTED_EDGE('',*,*,#1822,.T.);
#1822 = EDGE_CURVE('',#115,#1823,#1825,.T.);
#1823 = VERTEX_POINT('',#1824);
#1824 = CARTESIAN_POINT('',(-6.73,2.34,0.95));
#1825 = SURFACE_CURVE('',#1826,(#1831,#1838),.PCURVE_S1.);
#1826 = CIRCLE('',#1827,5.E-02);
#1827 = AXIS2_PLACEMENT_3D('',#1828,#1829,#1830);
#1828 = CARTESIAN_POINT('',(-6.68,2.34,0.95));
#1829 = DIRECTION('',(-1.05E-15,-1.,0.));
#1830 = DIRECTION('',(1.,-1.05E-15,0.));
#1831 = PCURVE('',#130,#1832);
#1832 = DEFINITIONAL_REPRESENTATION('',(#1833),#1837);
#1833 = LINE('',#1834,#1835);
#1834 = CARTESIAN_POINT('',(-1.570796326795,-4.4E-16));
#1835 = VECTOR('',#1836,1.);
#1836 = DIRECTION('',(1.,0.));
#1837 = ( GEOMETRIC_REPRESENTATION_CONTEXT(2) 
PARAMETRIC_REPRESENTATION_CONTEXT() REPRESENTATION_CONTEXT('2D SPACE',''
  ) );
#1838 = PCURVE('',#159,#1839);
#1839 = DEFINITIONAL_REPRESENTATION('',(#1840),#1844);
#1840 = LINE('',#1841,#1842);
#1841 = CARTESIAN_POINT('',(-1.570796326795,0.));
#1842 = VECTOR('',#1843,1.);
#1843 = DIRECTION('',(-0.,1.));
#1844 = ( GEOMETRIC_REPRESENTATION_CONTEXT(2) 
PARAMETRIC_REPRESENTATION_CONTEXT() REPRESENTATION_CONTEXT('2D SPACE',''
  ) );
#1845 = ORIENTED_EDGE('',*,*,#1846,.T.);
#1846 = EDGE_CURVE('',#1823,#1711,#1847,.T.);
#1847 = SURFACE_CURVE('',#1848,(#1852,#1859),.PCURVE_S1.);
#1848 = LINE('',#1849,#1850);
#1849 = CARTESIAN_POINT('',(-6.73,2.34,0.95));
#1850 = VECTOR('',#1851,1.);
#1851 = DIRECTION('',(1.4E-16,-1.,0.));
#1852 = PCURVE('',#130,#1853);
#1853 = DEFINITIONAL_REPRESENTATION('',(#1854),#1858);
#1854 = LINE('',#1855,#1856);
#1855 = CARTESIAN_POINT('',(1.570796326795,0.));
#1856 = VECTOR('',#1857,1.);
#1857 = DIRECTION('',(0.,1.));
#1858 = ( GEOMETRIC_REPRESENTATION_CONTEXT(2) 
PARAMETRIC_REPRESENTATION_CONTEXT() REPRESENTATION_CONTEXT('2D SPACE',''
  ) );
#1859 = PCURVE('',#1860,#1865);
#1860 = PLANE('',#1861);
#1861 = AXIS2_PLACEMENT_3D('',#1862,#1863,#1864);
#1862 = CARTESIAN_POINT('',(-6.73,3.14,0.));
#1863 = DIRECTION('',(1.,1.4E-16,0.));
#1864 = DIRECTION('',(1.4E-16,-1.,0.));
#1865 = DEFINITIONAL_REPRESENTATION('',(#1866),#1870);
#1866 = LINE('',#1867,#1868);
#1867 = CARTESIAN_POINT('',(0.8,-0.95));
#1868 = VECTOR('',#1869,1.);
#1869 = DIRECTION('',(1.,0.));
#1870 = ( GEOMETRIC_REPRESENTATION_CONTEXT(2) 
PARAMETRIC_REPRESENTATION_CONTEXT() REPRESENTATION_CONTEXT('2D SPACE',''
  ) );
#1871 = ORIENTED_EDGE('',*,*,#1710,.F.);
#1872 = ORIENTED_EDGE('',*,*,#114,.F.);
#1873 = ADVANCED_FACE('',(#1874),#187,.T.);
#1874 = FACE_BOUND('',#1875,.T.);
#1875 = EDGE_LOOP('',(#1876,#1877,#1905,#1927));
#1876 = ORIENTED_EDGE('',*,*,#1768,.T.);
#1877 = ORIENTED_EDGE('',*,*,#1878,.T.);
#1878 = EDGE_CURVE('',#1769,#1879,#1881,.T.);
#1879 = VERTEX_POINT('',#1880);
#1880 = CARTESIAN_POINT('',(-7.53,3.14,0.95));
#1881 = SURFACE_CURVE('',#1882,(#1886,#1893),.PCURVE_S1.);
#1882 = LINE('',#1883,#1884);
#1883 = CARTESIAN_POINT('',(-19.13,3.14,0.95));
#1884 = VECTOR('',#1885,1.);
#1885 = DIRECTION('',(1.,0.,0.));
#1886 = PCURVE('',#187,#1887);
#1887 = DEFINITIONAL_REPRESENTATION('',(#1888),#1892);
#1888 = LINE('',#1889,#1890);
#1889 = CARTESIAN_POINT('',(1.570796326795,0.));
#1890 = VECTOR('',#1891,1.);
#1891 = DIRECTION('',(0.,1.));
#1892 = ( GEOMETRIC_REPRESENTATION_CONTEXT(2) 
PARAMETRIC_REPRESENTATION_CONTEXT() REPRESENTATION_CONTEXT('2D SPACE',''
  ) );
#1893 = PCURVE('',#1894,#1899);
#1894 = PLANE('',#1895);
#1895 = AXIS2_PLACEMENT_3D('',#1896,#1897,#1898);
#1896 = CARTESIAN_POINT('',(-19.93,3.14,0.));
#1897 = DIRECTION('',(0.,1.,0.));
#1898 = DIRECTION('',(1.,0.,0.));
#1899 = DEFINITIONAL_REPRESENTATION('',(#1900),#1904);
#1900 = LINE('',#1901,#1902);
#1901 = CARTESIAN_POINT('',(0.8,-0.95));
#1902 = VECTOR('',#1903,1.);
#1903 = DIRECTION('',(1.,0.));
#1904 = ( GEOMETRIC_REPRESENTATION_CONTEXT(2) 
PARAMETRIC_REPRESENTATION_CONTEXT() REPRESENTATION_CONTEXT('2D SPACE',''
  ) );
#1905 = ORIENTED_EDGE('',*,*,#1906,.F.);
#1906 = EDGE_CURVE('',#143,#1879,#1907,.T.);
#1907 = SURFACE_CURVE('',#1908,(#1913,#1920),.PCURVE_S1.);
#1908 = CIRCLE('',#1909,5.E-02);
#1909 = AXIS2_PLACEMENT_3D('',#1910,#1911,#1912);
#1910 = CARTESIAN_POINT('',(-7.53,3.19,0.95));
#1911 = DIRECTION('',(1.,0.,-0.));
#1912 = DIRECTION('',(0.,0.,1.));
#1913 = PCURVE('',#187,#1914);
#1914 = DEFINITIONAL_REPRESENTATION('',(#1915),#1919);
#1915 = LINE('',#1916,#1917);
#1916 = CARTESIAN_POINT('',(0.,11.6));
#1917 = VECTOR('',#1918,1.);
#1918 = DIRECTION('',(1.,0.));
#1919 = ( GEOMETRIC_REPRESENTATION_CONTEXT(2) 
PARAMETRIC_REPRESENTATION_CONTEXT() REPRESENTATION_CONTEXT('2D SPACE',''
  ) );
#1920 = PCURVE('',#159,#1921);
#1921 = DEFINITIONAL_REPRESENTATION('',(#1922),#1926);
#1922 = LINE('',#1923,#1924);
#1923 = CARTESIAN_POINT('',(1.11E-15,1.570796326795));
#1924 = VECTOR('',#1925,1.);
#1925 = DIRECTION('',(-0.,1.));
#1926 = ( GEOMETRIC_REPRESENTATION_CONTEXT(2) 
PARAMETRIC_REPRESENTATION_CONTEXT() REPRESENTATION_CONTEXT('2D SPACE',''
  ) );
#1927 = ORIENTED_EDGE('',*,*,#171,.F.);
#1928 = ADVANCED_FACE('',(#1929),#159,.T.);
#1929 = FACE_BOUND('',#1930,.F.);
#1930 = EDGE_LOOP('',(#1931,#1932,#1933,#1934));
#1931 = ORIENTED_EDGE('',*,*,#1906,.F.);
#1932 = ORIENTED_EDGE('',*,*,#142,.T.);
#1933 = ORIENTED_EDGE('',*,*,#1822,.T.);
#1934 = ORIENTED_EDGE('',*,*,#1935,.F.);
#1935 = EDGE_CURVE('',#1879,#1823,#1936,.T.);
#1936 = SURFACE_CURVE('',#1937,(#1942,#1949),.PCURVE_S1.);
#1937 = CIRCLE('',#1938,0.8);
#1938 = AXIS2_PLACEMENT_3D('',#1939,#1940,#1941);
#1939 = CARTESIAN_POINT('',(-7.53,2.34,0.95));
#1940 = DIRECTION('',(0.,0.,-1.));
#1941 = DIRECTION('',(2.22E-15,1.,0.));
#1942 = PCURVE('',#159,#1943);
#1943 = DEFINITIONAL_REPRESENTATION('',(#1944),#1948);
#1944 = LINE('',#1945,#1946);
#1945 = CARTESIAN_POINT('',(-0.,3.14159265359));
#1946 = VECTOR('',#1947,1.);
#1947 = DIRECTION('',(-1.,0.));
#1948 = ( GEOMETRIC_REPRESENTATION_CONTEXT(2) 
PARAMETRIC_REPRESENTATION_CONTEXT() REPRESENTATION_CONTEXT('2D SPACE',''
  ) );
#1949 = PCURVE('',#1950,#1955);
#1950 = CYLINDRICAL_SURFACE('',#1951,0.8);
#1951 = AXIS2_PLACEMENT_3D('',#1952,#1953,#1954);
#1952 = CARTESIAN_POINT('',(-7.53,2.34,0.));
#1953 = DIRECTION('',(0.,0.,1.));
#1954 = DIRECTION('',(0.,1.,0.));
#1955 = DEFINITIONAL_REPRESENTATION('',(#1956),#1960);
#1956 = LINE('',#1957,#1958);
#1957 = CARTESIAN_POINT('',(-1.11E-15,0.95));
#1958 = VECTOR('',#1959,1.);
#1959 = DIRECTION('',(-1.,0.));
#1960 = ( GEOMETRIC_REPRESENTATION_CONTEXT(2) 
PARAMETRIC_REPRESENTATION_CONTEXT() REPRESENTATION_CONTEXT('2D SPACE',''
  ) );
#1961 = ADVANCED_FACE('',(#1962),#274,.T.);
#1962 = FACE_BOUND('',#1963,.T.);
#1963 = EDGE_LOOP('',(#1964,#1965,#1988,#2016));
#1964 = ORIENTED_EDGE('',*,*,#256,.F.);
#1965 = ORIENTED_EDGE('',*,*,#1966,.T.);
#1966 = EDGE_CURVE('',#257,#1967,#1969,.T.);
#1967 = VERTEX_POINT('',#1968);
#1968 = CARTESIAN_POINT('',(-50.53,5.04,0.9));
#1969 = SURFACE_CURVE('',#1970,(#1974,#1981),.PCURVE_S1.);
#1970 = LINE('',#1971,#1972);
#1971 = CARTESIAN_POINT('',(-50.53,5.04,1.));
#1972 = VECTOR('',#1973,1.);
#1973 = DIRECTION('',(-0.,-0.,-1.));
#1974 = PCURVE('',#274,#1975);
#1975 = DEFINITIONAL_REPRESENTATION('',(#1976),#1980);
#1976 = LINE('',#1977,#1978);
#1977 = CARTESIAN_POINT('',(0.4,0.));
#1978 = VECTOR('',#1979,1.);
#1979 = DIRECTION('',(0.,-1.));
#1980 = ( GEOMETRIC_REPRESENTATION_CONTEXT(2) 
PARAMETRIC_REPRESENTATION_CONTEXT() REPRESENTATION_CONTEXT('2D SPACE',''
  ) );
#1981 = PCURVE('',#307,#1982);
#1982 = DEFINITIONAL_REPRESENTATION('',(#1983),#1987);
#1983 = LINE('',#1984,#1985);
#1984 = CARTESIAN_POINT('',(-0.,0.));
#1985 = VECTOR('',#1986,1.);
#1986 = DIRECTION('',(-0.,1.));
#1987 = ( GEOMETRIC_REPRESENTATION_CONTEXT(2) 
PARAMETRIC_REPRESENTATION_CONTEXT() REPRESENTATION_CONTEXT('2D SPACE',''
  ) );
#1988 = ORIENTED_EDGE('',*,*,#1989,.T.);
#1989 = EDGE_CURVE('',#1967,#1990,#1992,.T.);
#1990 = VERTEX_POINT('',#1991);
#1991 = CARTESIAN_POINT('',(-33.33,5.04,0.9));
#1992 = SURFACE_CURVE('',#1993,(#1997,#2004),.PCURVE_S1.);
#1993 = LINE('',#1994,#1995);
#1994 = CARTESIAN_POINT('',(-50.93,5.04,0.9));
#1995 = VECTOR('',#1996,1.);
#1996 = DIRECTION('',(1.,0.,0.));
#1997 = PCURVE('',#274,#1998);
#1998 = DEFINITIONAL_REPRESENTATION('',(#1999),#2003);
#1999 = LINE('',#2000,#2001);
#2000 = CARTESIAN_POINT('',(0.,-1.E-01));
#2001 = VECTOR('',#2002,1.);
#2002 = DIRECTION('',(1.,0.));
#2003 = ( GEOMETRIC_REPRESENTATION_CONTEXT(2) 
PARAMETRIC_REPRESENTATION_CONTEXT() REPRESENTATION_CONTEXT('2D SPACE',''
  ) );
#2004 = PCURVE('',#2005,#2010);
#2005 = PLANE('',#2006);
#2006 = AXIS2_PLACEMENT_3D('',#2007,#2008,#2009);
#2007 = CARTESIAN_POINT('',(-41.93,4.E-02,0.9));
#2008 = DIRECTION('',(-0.,-0.,-1.));
#2009 = DIRECTION('',(-1.,0.,0.));
#2010 = DEFINITIONAL_REPRESENTATION('',(#2011),#2015);
#2011 = LINE('',#2012,#2013);
#2012 = CARTESIAN_POINT('',(9.,5.));
#2013 = VECTOR('',#2014,1.);
#2014 = DIRECTION('',(-1.,0.));
#2015 = ( GEOMETRIC_REPRESENTATION_CONTEXT(2) 
PARAMETRIC_REPRESENTATION_CONTEXT() REPRESENTATION_CONTEXT('2D SPACE',''
  ) );
#2016 = ORIENTED_EDGE('',*,*,#2017,.F.);
#2017 = EDGE_CURVE('',#259,#1990,#2018,.T.);
#2018 = SURFACE_CURVE('',#2019,(#2023,#2030),.PCURVE_S1.);
#2019 = LINE('',#2020,#2021);
#2020 = CARTESIAN_POINT('',(-33.33,5.04,1.));
#2021 = VECTOR('',#2022,1.);
#2022 = DIRECTION('',(-0.,-0.,-1.));
#2023 = PCURVE('',#274,#2024);
#2024 = DEFINITIONAL_REPRESENTATION('',(#2025),#2029);
#2025 = LINE('',#2026,#2027);
#2026 = CARTESIAN_POINT('',(17.6,0.));
#2027 = VECTOR('',#2028,1.);
#2028 = DIRECTION('',(0.,-1.));
#2029 = ( GEOMETRIC_REPRESENTATION_CONTEXT(2) 
PARAMETRIC_REPRESENTATION_CONTEXT() REPRESENTATION_CONTEXT('2D SPACE',''
  ) );
#2030 = PCURVE('',#480,#2031);
#2031 = DEFINITIONAL_REPRESENTATION('',(#2032),#2036);
#2032 = LINE('',#2033,#2034);
#2033 = CARTESIAN_POINT('',(0.,0.));
#2034 = VECTOR('',#2035,1.);
#2035 = DIRECTION('',(0.,1.));
#2036 = ( GEOMETRIC_REPRESENTATION_CONTEXT(2) 
PARAMETRIC_REPRESENTATION_CONTEXT() REPRESENTATION_CONTEXT('2D SPACE',''
  ) );
#2037 = ADVANCED_FACE('',(#2038),#307,.F.);
#2038 = FACE_BOUND('',#2039,.T.);
#2039 = EDGE_LOOP('',(#2040,#2041,#2064,#2090));
#2040 = ORIENTED_EDGE('',*,*,#286,.T.);
#2041 = ORIENTED_EDGE('',*,*,#2042,.T.);
#2042 = EDGE_CURVE('',#287,#2043,#2045,.T.);
#2043 = VERTEX_POINT('',#2044);
#2044 = CARTESIAN_POINT('',(-50.93,4.64,0.9));
#2045 = SURFACE_CURVE('',#2046,(#2050,#2057),.PCURVE_S1.);
#2046 = LINE('',#2047,#2048);
#2047 = CARTESIAN_POINT('',(-50.93,4.64,1.));
#2048 = VECTOR('',#2049,1.);
#2049 = DIRECTION('',(-0.,-0.,-1.));
#2050 = PCURVE('',#307,#2051);
#2051 = DEFINITIONAL_REPRESENTATION('',(#2052),#2056);
#2052 = LINE('',#2053,#2054);
#2053 = CARTESIAN_POINT('',(-1.570796326795,0.));
#2054 = VECTOR('',#2055,1.);
#2055 = DIRECTION('',(-0.,1.));
#2056 = ( GEOMETRIC_REPRESENTATION_CONTEXT(2) 
PARAMETRIC_REPRESENTATION_CONTEXT() REPRESENTATION_CONTEXT('2D SPACE',''
  ) );
#2057 = PCURVE('',#335,#2058);
#2058 = DEFINITIONAL_REPRESENTATION('',(#2059),#2063);
#2059 = LINE('',#2060,#2061);
#2060 = CARTESIAN_POINT('',(9.6,0.));
#2061 = VECTOR('',#2062,1.);
#2062 = DIRECTION('',(0.,-1.));
#2063 = ( GEOMETRIC_REPRESENTATION_CONTEXT(2) 
PARAMETRIC_REPRESENTATION_CONTEXT() REPRESENTATION_CONTEXT('2D SPACE',''
  ) );
#2064 = ORIENTED_EDGE('',*,*,#2065,.F.);
#2065 = EDGE_CURVE('',#1967,#2043,#2066,.T.);
#2066 = SURFACE_CURVE('',#2067,(#2072,#2079),.PCURVE_S1.);
#2067 = CIRCLE('',#2068,0.4);
#2068 = AXIS2_PLACEMENT_3D('',#2069,#2070,#2071);
#2069 = CARTESIAN_POINT('',(-50.53,4.64,0.9));
#2070 = DIRECTION('',(0.,-0.,1.));
#2071 = DIRECTION('',(0.,1.,0.));
#2072 = PCURVE('',#307,#2073);
#2073 = DEFINITIONAL_REPRESENTATION('',(#2074),#2078);
#2074 = LINE('',#2075,#2076);
#2075 = CARTESIAN_POINT('',(-0.,1.E-01));
#2076 = VECTOR('',#2077,1.);
#2077 = DIRECTION('',(-1.,0.));
#2078 = ( GEOMETRIC_REPRESENTATION_CONTEXT(2) 
PARAMETRIC_REPRESENTATION_CONTEXT() REPRESENTATION_CONTEXT('2D SPACE',''
  ) );
#2079 = PCURVE('',#2005,#2080);
#2080 = DEFINITIONAL_REPRESENTATION('',(#2081),#2089);
#2081 = ( BOUNDED_CURVE() B_SPLINE_CURVE(2,(#2082,#2083,#2084,#2085,
#2086,#2087,#2088),.UNSPECIFIED.,.T.,.F.) B_SPLINE_CURVE_WITH_KNOTS((1,2
    ,2,2,2,1),(-2.094395102393,0.,2.094395102393,4.188790204786,
6.28318530718,8.377580409573),.UNSPECIFIED.) CURVE() 
GEOMETRIC_REPRESENTATION_ITEM() RATIONAL_B_SPLINE_CURVE((1.,0.5,1.,0.5,
1.,0.5,1.)) REPRESENTATION_ITEM('') );
#2082 = CARTESIAN_POINT('',(8.6,5.));
#2083 = CARTESIAN_POINT('',(9.292820323028,5.));
#2084 = CARTESIAN_POINT('',(8.946410161514,4.4));
#2085 = CARTESIAN_POINT('',(8.6,3.8));
#2086 = CARTESIAN_POINT('',(8.253589838486,4.4));
#2087 = CARTESIAN_POINT('',(7.907179676972,5.));
#2088 = CARTESIAN_POINT('',(8.6,5.));
#2089 = ( GEOMETRIC_REPRESENTATION_CONTEXT(2) 
PARAMETRIC_REPRESENTATION_CONTEXT() REPRESENTATION_CONTEXT('2D SPACE',''
  ) );
#2090 = ORIENTED_EDGE('',*,*,#1966,.F.);
#2091 = ADVANCED_FACE('',(#2092),#480,.F.);
#2092 = FACE_BOUND('',#2093,.F.);
#2093 = EDGE_LOOP('',(#2094,#2095,#2118,#2140));
#2094 = ORIENTED_EDGE('',*,*,#465,.T.);
#2095 = ORIENTED_EDGE('',*,*,#2096,.T.);
#2096 = EDGE_CURVE('',#438,#2097,#2099,.T.);
#2097 = VERTEX_POINT('',#2098);
#2098 = CARTESIAN_POINT('',(-32.93,4.64,0.9));
#2099 = SURFACE_CURVE('',#2100,(#2104,#2111),.PCURVE_S1.);
#2100 = LINE('',#2101,#2102);
#2101 = CARTESIAN_POINT('',(-32.93,4.64,1.));
#2102 = VECTOR('',#2103,1.);
#2103 = DIRECTION('',(-0.,-0.,-1.));
#2104 = PCURVE('',#480,#2105);
#2105 = DEFINITIONAL_REPRESENTATION('',(#2106),#2110);
#2106 = LINE('',#2107,#2108);
#2107 = CARTESIAN_POINT('',(1.570796326795,0.));
#2108 = VECTOR('',#2109,1.);
#2109 = DIRECTION('',(0.,1.));
#2110 = ( GEOMETRIC_REPRESENTATION_CONTEXT(2) 
PARAMETRIC_REPRESENTATION_CONTEXT() REPRESENTATION_CONTEXT('2D SPACE',''
  ) );
#2111 = PCURVE('',#453,#2112);
#2112 = DEFINITIONAL_REPRESENTATION('',(#2113),#2117);
#2113 = LINE('',#2114,#2115);
#2114 = CARTESIAN_POINT('',(0.4,0.));
#2115 = VECTOR('',#2116,1.);
#2116 = DIRECTION('',(0.,-1.));
#2117 = ( GEOMETRIC_REPRESENTATION_CONTEXT(2) 
PARAMETRIC_REPRESENTATION_CONTEXT() REPRESENTATION_CONTEXT('2D SPACE',''
  ) );
#2118 = ORIENTED_EDGE('',*,*,#2119,.F.);
#2119 = EDGE_CURVE('',#1990,#2097,#2120,.T.);
#2120 = SURFACE_CURVE('',#2121,(#2126,#2133),.PCURVE_S1.);
#2121 = CIRCLE('',#2122,0.4);
#2122 = AXIS2_PLACEMENT_3D('',#2123,#2124,#2125);
#2123 = CARTESIAN_POINT('',(-33.33,4.64,0.9));
#2124 = DIRECTION('',(0.,0.,-1.));
#2125 = DIRECTION('',(0.,1.,0.));
#2126 = PCURVE('',#480,#2127);
#2127 = DEFINITIONAL_REPRESENTATION('',(#2128),#2132);
#2128 = LINE('',#2129,#2130);
#2129 = CARTESIAN_POINT('',(0.,1.E-01));
#2130 = VECTOR('',#2131,1.);
#2131 = DIRECTION('',(1.,0.));
#2132 = ( GEOMETRIC_REPRESENTATION_CONTEXT(2) 
PARAMETRIC_REPRESENTATION_CONTEXT() REPRESENTATION_CONTEXT('2D SPACE',''
  ) );
#2133 = PCURVE('',#2005,#2134);
#2134 = DEFINITIONAL_REPRESENTATION('',(#2135),#2139);
#2135 = CIRCLE('',#2136,0.4);
#2136 = AXIS2_PLACEMENT_2D('',#2137,#2138);
#2137 = CARTESIAN_POINT('',(-8.6,4.6));
#2138 = DIRECTION('',(0.,1.));
#2139 = ( GEOMETRIC_REPRESENTATION_CONTEXT(2) 
PARAMETRIC_REPRESENTATION_CONTEXT() REPRESENTATION_CONTEXT('2D SPACE',''
  ) );
#2140 = ORIENTED_EDGE('',*,*,#2017,.F.);
#2141 = ADVANCED_FACE('',(#2142),#335,.T.);
#2142 = FACE_BOUND('',#2143,.T.);
#2143 = EDGE_LOOP('',(#2144,#2145,#2168,#2189));
#2144 = ORIENTED_EDGE('',*,*,#319,.F.);
#2145 = ORIENTED_EDGE('',*,*,#2146,.T.);
#2146 = EDGE_CURVE('',#320,#2147,#2149,.T.);
#2147 = VERTEX_POINT('',#2148);
#2148 = CARTESIAN_POINT('',(-50.93,-4.56,0.9));
#2149 = SURFACE_CURVE('',#2150,(#2154,#2161),.PCURVE_S1.);
#2150 = LINE('',#2151,#2152);
#2151 = CARTESIAN_POINT('',(-50.93,-4.56,1.));
#2152 = VECTOR('',#2153,1.);
#2153 = DIRECTION('',(-0.,-0.,-1.));
#2154 = PCURVE('',#335,#2155);
#2155 = DEFINITIONAL_REPRESENTATION('',(#2156),#2160);
#2156 = LINE('',#2157,#2158);
#2157 = CARTESIAN_POINT('',(0.4,0.));
#2158 = VECTOR('',#2159,1.);
#2159 = DIRECTION('',(0.,-1.));
#2160 = ( GEOMETRIC_REPRESENTATION_CONTEXT(2) 
PARAMETRIC_REPRESENTATION_CONTEXT() REPRESENTATION_CONTEXT('2D SPACE',''
  ) );
#2161 = PCURVE('',#368,#2162);
#2162 = DEFINITIONAL_REPRESENTATION('',(#2163),#2167);
#2163 = LINE('',#2164,#2165);
#2164 = CARTESIAN_POINT('',(-0.,0.));
#2165 = VECTOR('',#2166,1.);
#2166 = DIRECTION('',(-0.,1.));
#2167 = ( GEOMETRIC_REPRESENTATION_CONTEXT(2) 
PARAMETRIC_REPRESENTATION_CONTEXT() REPRESENTATION_CONTEXT('2D SPACE',''
  ) );
#2168 = ORIENTED_EDGE('',*,*,#2169,.T.);
#2169 = EDGE_CURVE('',#2147,#2043,#2170,.T.);
#2170 = SURFACE_CURVE('',#2171,(#2175,#2182),.PCURVE_S1.);
#2171 = LINE('',#2172,#2173);
#2172 = CARTESIAN_POINT('',(-50.93,-4.96,0.9));
#2173 = VECTOR('',#2174,1.);
#2174 = DIRECTION('',(0.,1.,0.));
#2175 = PCURVE('',#335,#2176);
#2176 = DEFINITIONAL_REPRESENTATION('',(#2177),#2181);
#2177 = LINE('',#2178,#2179);
#2178 = CARTESIAN_POINT('',(0.,-1.E-01));
#2179 = VECTOR('',#2180,1.);
#2180 = DIRECTION('',(1.,0.));
#2181 = ( GEOMETRIC_REPRESENTATION_CONTEXT(2) 
PARAMETRIC_REPRESENTATION_CONTEXT() REPRESENTATION_CONTEXT('2D SPACE',''
  ) );
#2182 = PCURVE('',#2005,#2183);
#2183 = DEFINITIONAL_REPRESENTATION('',(#2184),#2188);
#2184 = LINE('',#2185,#2186);
#2185 = CARTESIAN_POINT('',(9.,-5.));
#2186 = VECTOR('',#2187,1.);
#2187 = DIRECTION('',(0.,1.));
#2188 = ( GEOMETRIC_REPRESENTATION_CONTEXT(2) 
PARAMETRIC_REPRESENTATION_CONTEXT() REPRESENTATION_CONTEXT('2D SPACE',''
  ) );
#2189 = ORIENTED_EDGE('',*,*,#2042,.F.);
#2190 = ADVANCED_FACE('',(#2191),#453,.T.);
#2191 = FACE_BOUND('',#2192,.T.);
#2192 = EDGE_LOOP('',(#2193,#2194,#2195,#2218));
#2193 = ORIENTED_EDGE('',*,*,#437,.F.);
#2194 = ORIENTED_EDGE('',*,*,#2096,.T.);
#2195 = ORIENTED_EDGE('',*,*,#2196,.T.);
#2196 = EDGE_CURVE('',#2097,#2197,#2199,.T.);
#2197 = VERTEX_POINT('',#2198);
#2198 = CARTESIAN_POINT('',(-32.93,-4.56,0.9));
#2199 = SURFACE_CURVE('',#2200,(#2204,#2211),.PCURVE_S1.);
#2200 = LINE('',#2201,#2202);
#2201 = CARTESIAN_POINT('',(-32.93,5.04,0.9));
#2202 = VECTOR('',#2203,1.);
#2203 = DIRECTION('',(0.,-1.,0.));
#2204 = PCURVE('',#453,#2205);
#2205 = DEFINITIONAL_REPRESENTATION('',(#2206),#2210);
#2206 = LINE('',#2207,#2208);
#2207 = CARTESIAN_POINT('',(0.,-1.E-01));
#2208 = VECTOR('',#2209,1.);
#2209 = DIRECTION('',(1.,0.));
#2210 = ( GEOMETRIC_REPRESENTATION_CONTEXT(2) 
PARAMETRIC_REPRESENTATION_CONTEXT() REPRESENTATION_CONTEXT('2D SPACE',''
  ) );
#2211 = PCURVE('',#2005,#2212);
#2212 = DEFINITIONAL_REPRESENTATION('',(#2213),#2217);
#2213 = LINE('',#2214,#2215);
#2214 = CARTESIAN_POINT('',(-9.,5.));
#2215 = VECTOR('',#2216,1.);
#2216 = DIRECTION('',(0.,-1.));
#2217 = ( GEOMETRIC_REPRESENTATION_CONTEXT(2) 
PARAMETRIC_REPRESENTATION_CONTEXT() REPRESENTATION_CONTEXT('2D SPACE',''
  ) );
#2218 = ORIENTED_EDGE('',*,*,#2219,.F.);
#2219 = EDGE_CURVE('',#409,#2197,#2220,.T.);
#2220 = SURFACE_CURVE('',#2221,(#2225,#2232),.PCURVE_S1.);
#2221 = LINE('',#2222,#2223);
#2222 = CARTESIAN_POINT('',(-32.93,-4.56,1.));
#2223 = VECTOR('',#2224,1.);
#2224 = DIRECTION('',(-0.,-0.,-1.));
#2225 = PCURVE('',#453,#2226);
#2226 = DEFINITIONAL_REPRESENTATION('',(#2227),#2231);
#2227 = LINE('',#2228,#2229);
#2228 = CARTESIAN_POINT('',(9.6,0.));
#2229 = VECTOR('',#2230,1.);
#2230 = DIRECTION('',(0.,-1.));
#2231 = ( GEOMETRIC_REPRESENTATION_CONTEXT(2) 
PARAMETRIC_REPRESENTATION_CONTEXT() REPRESENTATION_CONTEXT('2D SPACE',''
  ) );
#2232 = PCURVE('',#425,#2233);
#2233 = DEFINITIONAL_REPRESENTATION('',(#2234),#2238);
#2234 = LINE('',#2235,#2236);
#2235 = CARTESIAN_POINT('',(0.,0.));
#2236 = VECTOR('',#2237,1.);
#2237 = DIRECTION('',(0.,1.));
#2238 = ( GEOMETRIC_REPRESENTATION_CONTEXT(2) 
PARAMETRIC_REPRESENTATION_CONTEXT() REPRESENTATION_CONTEXT('2D SPACE',''
  ) );
#2239 = ADVANCED_FACE('',(#2240),#368,.F.);
#2240 = FACE_BOUND('',#2241,.T.);
#2241 = EDGE_LOOP('',(#2242,#2243,#2266,#2292));
#2242 = ORIENTED_EDGE('',*,*,#347,.T.);
#2243 = ORIENTED_EDGE('',*,*,#2244,.T.);
#2244 = EDGE_CURVE('',#348,#2245,#2247,.T.);
#2245 = VERTEX_POINT('',#2246);
#2246 = CARTESIAN_POINT('',(-50.53,-4.96,0.9));
#2247 = SURFACE_CURVE('',#2248,(#2252,#2259),.PCURVE_S1.);
#2248 = LINE('',#2249,#2250);
#2249 = CARTESIAN_POINT('',(-50.53,-4.96,1.));
#2250 = VECTOR('',#2251,1.);
#2251 = DIRECTION('',(-0.,-0.,-1.));
#2252 = PCURVE('',#368,#2253);
#2253 = DEFINITIONAL_REPRESENTATION('',(#2254),#2258);
#2254 = LINE('',#2255,#2256);
#2255 = CARTESIAN_POINT('',(-1.570796326795,0.));
#2256 = VECTOR('',#2257,1.);
#2257 = DIRECTION('',(-0.,1.));
#2258 = ( GEOMETRIC_REPRESENTATION_CONTEXT(2) 
PARAMETRIC_REPRESENTATION_CONTEXT() REPRESENTATION_CONTEXT('2D SPACE',''
  ) );
#2259 = PCURVE('',#396,#2260);
#2260 = DEFINITIONAL_REPRESENTATION('',(#2261),#2265);
#2261 = LINE('',#2262,#2263);
#2262 = CARTESIAN_POINT('',(17.6,0.));
#2263 = VECTOR('',#2264,1.);
#2264 = DIRECTION('',(0.,-1.));
#2265 = ( GEOMETRIC_REPRESENTATION_CONTEXT(2) 
PARAMETRIC_REPRESENTATION_CONTEXT() REPRESENTATION_CONTEXT('2D SPACE',''
  ) );
#2266 = ORIENTED_EDGE('',*,*,#2267,.F.);
#2267 = EDGE_CURVE('',#2147,#2245,#2268,.T.);
#2268 = SURFACE_CURVE('',#2269,(#2274,#2281),.PCURVE_S1.);
#2269 = CIRCLE('',#2270,0.4);
#2270 = AXIS2_PLACEMENT_3D('',#2271,#2272,#2273);
#2271 = CARTESIAN_POINT('',(-50.53,-4.56,0.9));
#2272 = DIRECTION('',(0.,-0.,1.));
#2273 = DIRECTION('',(0.,1.,0.));
#2274 = PCURVE('',#368,#2275);
#2275 = DEFINITIONAL_REPRESENTATION('',(#2276),#2280);
#2276 = LINE('',#2277,#2278);
#2277 = CARTESIAN_POINT('',(1.570796326795,1.E-01));
#2278 = VECTOR('',#2279,1.);
#2279 = DIRECTION('',(-1.,0.));
#2280 = ( GEOMETRIC_REPRESENTATION_CONTEXT(2) 
PARAMETRIC_REPRESENTATION_CONTEXT() REPRESENTATION_CONTEXT('2D SPACE',''
  ) );
#2281 = PCURVE('',#2005,#2282);
#2282 = DEFINITIONAL_REPRESENTATION('',(#2283),#2291);
#2283 = ( BOUNDED_CURVE() B_SPLINE_CURVE(2,(#2284,#2285,#2286,#2287,
#2288,#2289,#2290),.UNSPECIFIED.,.T.,.F.) B_SPLINE_CURVE_WITH_KNOTS((1,2
    ,2,2,2,1),(-2.094395102393,0.,2.094395102393,4.188790204786,
6.28318530718,8.377580409573),.UNSPECIFIED.) CURVE() 
GEOMETRIC_REPRESENTATION_ITEM() RATIONAL_B_SPLINE_CURVE((1.,0.5,1.,0.5,
1.,0.5,1.)) REPRESENTATION_ITEM('') );
#2284 = CARTESIAN_POINT('',(8.6,-4.2));
#2285 = CARTESIAN_POINT('',(9.292820323028,-4.2));
#2286 = CARTESIAN_POINT('',(8.946410161514,-4.8));
#2287 = CARTESIAN_POINT('',(8.6,-5.4));
#2288 = CARTESIAN_POINT('',(8.253589838486,-4.8));
#2289 = CARTESIAN_POINT('',(7.907179676972,-4.2));
#2290 = CARTESIAN_POINT('',(8.6,-4.2));
#2291 = ( GEOMETRIC_REPRESENTATION_CONTEXT(2) 
PARAMETRIC_REPRESENTATION_CONTEXT() REPRESENTATION_CONTEXT('2D SPACE',''
  ) );
#2292 = ORIENTED_EDGE('',*,*,#2146,.F.);
#2293 = ADVANCED_FACE('',(#2294),#425,.F.);
#2294 = FACE_BOUND('',#2295,.F.);
#2295 = EDGE_LOOP('',(#2296,#2297,#2320,#2342));
#2296 = ORIENTED_EDGE('',*,*,#408,.T.);
#2297 = ORIENTED_EDGE('',*,*,#2298,.T.);
#2298 = EDGE_CURVE('',#381,#2299,#2301,.T.);
#2299 = VERTEX_POINT('',#2300);
#2300 = CARTESIAN_POINT('',(-33.33,-4.96,0.9));
#2301 = SURFACE_CURVE('',#2302,(#2306,#2313),.PCURVE_S1.);
#2302 = LINE('',#2303,#2304);
#2303 = CARTESIAN_POINT('',(-33.33,-4.96,1.));
#2304 = VECTOR('',#2305,1.);
#2305 = DIRECTION('',(-0.,-0.,-1.));
#2306 = PCURVE('',#425,#2307);
#2307 = DEFINITIONAL_REPRESENTATION('',(#2308),#2312);
#2308 = LINE('',#2309,#2310);
#2309 = CARTESIAN_POINT('',(1.570796326795,0.));
#2310 = VECTOR('',#2311,1.);
#2311 = DIRECTION('',(0.,1.));
#2312 = ( GEOMETRIC_REPRESENTATION_CONTEXT(2) 
PARAMETRIC_REPRESENTATION_CONTEXT() REPRESENTATION_CONTEXT('2D SPACE',''
  ) );
#2313 = PCURVE('',#396,#2314);
#2314 = DEFINITIONAL_REPRESENTATION('',(#2315),#2319);
#2315 = LINE('',#2316,#2317);
#2316 = CARTESIAN_POINT('',(0.4,0.));
#2317 = VECTOR('',#2318,1.);
#2318 = DIRECTION('',(0.,-1.));
#2319 = ( GEOMETRIC_REPRESENTATION_CONTEXT(2) 
PARAMETRIC_REPRESENTATION_CONTEXT() REPRESENTATION_CONTEXT('2D SPACE',''
  ) );
#2320 = ORIENTED_EDGE('',*,*,#2321,.F.);
#2321 = EDGE_CURVE('',#2197,#2299,#2322,.T.);
#2322 = SURFACE_CURVE('',#2323,(#2328,#2335),.PCURVE_S1.);
#2323 = CIRCLE('',#2324,0.4);
#2324 = AXIS2_PLACEMENT_3D('',#2325,#2326,#2327);
#2325 = CARTESIAN_POINT('',(-33.33,-4.56,0.9));
#2326 = DIRECTION('',(0.,0.,-1.));
#2327 = DIRECTION('',(0.,1.,0.));
#2328 = PCURVE('',#425,#2329);
#2329 = DEFINITIONAL_REPRESENTATION('',(#2330),#2334);
#2330 = LINE('',#2331,#2332);
#2331 = CARTESIAN_POINT('',(-1.570796326795,1.E-01));
#2332 = VECTOR('',#2333,1.);
#2333 = DIRECTION('',(1.,0.));
#2334 = ( GEOMETRIC_REPRESENTATION_CONTEXT(2) 
PARAMETRIC_REPRESENTATION_CONTEXT() REPRESENTATION_CONTEXT('2D SPACE',''
  ) );
#2335 = PCURVE('',#2005,#2336);
#2336 = DEFINITIONAL_REPRESENTATION('',(#2337),#2341);
#2337 = CIRCLE('',#2338,0.4);
#2338 = AXIS2_PLACEMENT_2D('',#2339,#2340);
#2339 = CARTESIAN_POINT('',(-8.6,-4.6));
#2340 = DIRECTION('',(0.,1.));
#2341 = ( GEOMETRIC_REPRESENTATION_CONTEXT(2) 
PARAMETRIC_REPRESENTATION_CONTEXT() REPRESENTATION_CONTEXT('2D SPACE',''
  ) );
#2342 = ORIENTED_EDGE('',*,*,#2219,.F.);
#2343 = ADVANCED_FACE('',(#2344),#396,.T.);
#2344 = FACE_BOUND('',#2345,.T.);
#2345 = EDGE_LOOP('',(#2346,#2347,#2348,#2369));
#2346 = ORIENTED_EDGE('',*,*,#380,.F.);
#2347 = ORIENTED_EDGE('',*,*,#2298,.T.);
#2348 = ORIENTED_EDGE('',*,*,#2349,.T.);
#2349 = EDGE_CURVE('',#2299,#2245,#2350,.T.);
#2350 = SURFACE_CURVE('',#2351,(#2355,#2362),.PCURVE_S1.);
#2351 = LINE('',#2352,#2353);
#2352 = CARTESIAN_POINT('',(-32.93,-4.96,0.9));
#2353 = VECTOR('',#2354,1.);
#2354 = DIRECTION('',(-1.,0.,0.));
#2355 = PCURVE('',#396,#2356);
#2356 = DEFINITIONAL_REPRESENTATION('',(#2357),#2361);
#2357 = LINE('',#2358,#2359);
#2358 = CARTESIAN_POINT('',(0.,-1.E-01));
#2359 = VECTOR('',#2360,1.);
#2360 = DIRECTION('',(1.,0.));
#2361 = ( GEOMETRIC_REPRESENTATION_CONTEXT(2) 
PARAMETRIC_REPRESENTATION_CONTEXT() REPRESENTATION_CONTEXT('2D SPACE',''
  ) );
#2362 = PCURVE('',#2005,#2363);
#2363 = DEFINITIONAL_REPRESENTATION('',(#2364),#2368);
#2364 = LINE('',#2365,#2366);
#2365 = CARTESIAN_POINT('',(-9.,-5.));
#2366 = VECTOR('',#2367,1.);
#2367 = DIRECTION('',(1.,0.));
#2368 = ( GEOMETRIC_REPRESENTATION_CONTEXT(2) 
PARAMETRIC_REPRESENTATION_CONTEXT() REPRESENTATION_CONTEXT('2D SPACE',''
  ) );
#2369 = ORIENTED_EDGE('',*,*,#2244,.F.);
#2370 = ADVANCED_FACE('',(#2371),#511,.T.);
#2371 = FACE_BOUND('',#2372,.T.);
#2372 = EDGE_LOOP('',(#2373,#2397,#2424,#2425));
#2373 = ORIENTED_EDGE('',*,*,#2374,.F.);
#2374 = EDGE_CURVE('',#2375,#495,#2377,.T.);
#2375 = VERTEX_POINT('',#2376);
#2376 = CARTESIAN_POINT('',(42.845,4.E-02,0.95));
#2377 = SEAM_CURVE('',#2378,(#2383,#2390),.PCURVE_S1.);
#2378 = CIRCLE('',#2379,5.E-02);
#2379 = AXIS2_PLACEMENT_3D('',#2380,#2381,#2382);
#2380 = CARTESIAN_POINT('',(42.895,4.E-02,0.95));
#2381 = DIRECTION('',(2.4E-16,1.,0.));
#2382 = DIRECTION('',(1.,-2.4E-16,0.));
#2383 = PCURVE('',#511,#2384);
#2384 = DEFINITIONAL_REPRESENTATION('',(#2385),#2389);
#2385 = LINE('',#2386,#2387);
#2386 = CARTESIAN_POINT('',(0.,0.));
#2387 = VECTOR('',#2388,1.);
#2388 = DIRECTION('',(0.,1.));
#2389 = ( GEOMETRIC_REPRESENTATION_CONTEXT(2) 
PARAMETRIC_REPRESENTATION_CONTEXT() REPRESENTATION_CONTEXT('2D SPACE',''
  ) );
#2390 = PCURVE('',#511,#2391);
#2391 = DEFINITIONAL_REPRESENTATION('',(#2392),#2396);
#2392 = LINE('',#2393,#2394);
#2393 = CARTESIAN_POINT('',(6.28318530718,0.));
#2394 = VECTOR('',#2395,1.);
#2395 = DIRECTION('',(0.,1.));
#2396 = ( GEOMETRIC_REPRESENTATION_CONTEXT(2) 
PARAMETRIC_REPRESENTATION_CONTEXT() REPRESENTATION_CONTEXT('2D SPACE',''
  ) );
#2397 = ORIENTED_EDGE('',*,*,#2398,.T.);
#2398 = EDGE_CURVE('',#2375,#2375,#2399,.T.);
#2399 = SURFACE_CURVE('',#2400,(#2405,#2412),.PCURVE_S1.);
#2400 = CIRCLE('',#2401,1.625);
#2401 = AXIS2_PLACEMENT_3D('',#2402,#2403,#2404);
#2402 = CARTESIAN_POINT('',(41.22,4.E-02,0.95));
#2403 = DIRECTION('',(0.,0.,-1.));
#2404 = DIRECTION('',(1.,-2.4E-16,0.));
#2405 = PCURVE('',#511,#2406);
#2406 = DEFINITIONAL_REPRESENTATION('',(#2407),#2411);
#2407 = LINE('',#2408,#2409);
#2408 = CARTESIAN_POINT('',(0.,3.14159265359));
#2409 = VECTOR('',#2410,1.);
#2410 = DIRECTION('',(1.,0.));
#2411 = ( GEOMETRIC_REPRESENTATION_CONTEXT(2) 
PARAMETRIC_REPRESENTATION_CONTEXT() REPRESENTATION_CONTEXT('2D SPACE',''
  ) );
#2412 = PCURVE('',#2413,#2418);
#2413 = CYLINDRICAL_SURFACE('',#2414,1.625);
#2414 = AXIS2_PLACEMENT_3D('',#2415,#2416,#2417);
#2415 = CARTESIAN_POINT('',(41.22,4.E-02,0.));
#2416 = DIRECTION('',(-0.,-0.,-1.));
#2417 = DIRECTION('',(1.,0.,0.));
#2418 = DEFINITIONAL_REPRESENTATION('',(#2419),#2423);
#2419 = LINE('',#2420,#2421);
#2420 = CARTESIAN_POINT('',(-6.28318530718,-0.95));
#2421 = VECTOR('',#2422,1.);
#2422 = DIRECTION('',(1.,-0.));
#2423 = ( GEOMETRIC_REPRESENTATION_CONTEXT(2) 
PARAMETRIC_REPRESENTATION_CONTEXT() REPRESENTATION_CONTEXT('2D SPACE',''
  ) );
#2424 = ORIENTED_EDGE('',*,*,#2374,.T.);
#2425 = ORIENTED_EDGE('',*,*,#494,.F.);
#2426 = ADVANCED_FACE('',(#2427),#543,.T.);
#2427 = FACE_BOUND('',#2428,.T.);
#2428 = EDGE_LOOP('',(#2429,#2459,#2515,#2516));
#2429 = ORIENTED_EDGE('',*,*,#2430,.F.);
#2430 = EDGE_CURVE('',#2431,#2433,#2435,.T.);
#2431 = VERTEX_POINT('',#2432);
#2432 = CARTESIAN_POINT('',(52.593418682381,11.039999011551,
    0.950314394561));
#2433 = VERTEX_POINT('',#2434);
#2434 = CARTESIAN_POINT('',(56.07,11.04,0.95));
#2435 = SURFACE_CURVE('',#2436,(#2440,#2447),.PCURVE_S1.);
#2436 = LINE('',#2437,#2438);
#2437 = CARTESIAN_POINT('',(52.57,11.04,0.95));
#2438 = VECTOR('',#2439,1.);
#2439 = DIRECTION('',(1.,0.,0.));
#2440 = PCURVE('',#543,#2441);
#2441 = DEFINITIONAL_REPRESENTATION('',(#2442),#2446);
#2442 = LINE('',#2443,#2444);
#2443 = CARTESIAN_POINT('',(0.,0.));
#2444 = VECTOR('',#2445,1.);
#2445 = DIRECTION('',(0.,1.));
#2446 = ( GEOMETRIC_REPRESENTATION_CONTEXT(2) 
PARAMETRIC_REPRESENTATION_CONTEXT() REPRESENTATION_CONTEXT('2D SPACE',''
  ) );
#2447 = PCURVE('',#2448,#2453);
#2448 = PLANE('',#2449);
#2449 = AXIS2_PLACEMENT_3D('',#2450,#2451,#2452);
#2450 = CARTESIAN_POINT('',(52.57,11.04,0.));
#2451 = DIRECTION('',(0.,1.,0.));
#2452 = DIRECTION('',(1.,0.,0.));
#2453 = DEFINITIONAL_REPRESENTATION('',(#2454),#2458);
#2454 = LINE('',#2455,#2456);
#2455 = CARTESIAN_POINT('',(0.,-0.95));
#2456 = VECTOR('',#2457,1.);
#2457 = DIRECTION('',(1.,0.));
#2458 = ( GEOMETRIC_REPRESENTATION_CONTEXT(2) 
PARAMETRIC_REPRESENTATION_CONTEXT() REPRESENTATION_CONTEXT('2D SPACE',''
  ) );
#2459 = ORIENTED_EDGE('',*,*,#2460,.F.);
#2460 = EDGE_CURVE('',#526,#2431,#2461,.T.);
#2461 = SURFACE_CURVE('',#2462,(#2471,#2483),.PCURVE_S1.);
#2462 = ( BOUNDED_CURVE() B_SPLINE_CURVE(7,(#2463,#2464,#2465,#2466,
    #2467,#2468,#2469,#2470),.UNSPECIFIED.,.F.,.F.) 
B_SPLINE_CURVE_WITH_KNOTS((8,8),(3.874953971838,3.930554610415),
.PIECEWISE_BEZIER_KNOTS.) CURVE() GEOMETRIC_REPRESENTATION_ITEM() 
RATIONAL_B_SPLINE_CURVE((1.,1.,1.,1.,1.,1.,1.,1.)) REPRESENTATION_ITEM(
  '') );
#2463 = CARTESIAN_POINT('',(52.593418747299,10.99,1.));
#2464 = CARTESIAN_POINT('',(52.591715815403,11.005493278915,1.));
#2465 = CARTESIAN_POINT('',(52.592449019253,11.016944903553,
    0.994531557572));
#2466 = CARTESIAN_POINT('',(52.592335598261,11.027033071561,
    0.987714459818));
#2467 = CARTESIAN_POINT('',(52.593132484291,11.03326251297,
    0.978537051997));
#2468 = CARTESIAN_POINT('',(52.593231872375,11.037792555333,
    0.969458764969));
#2469 = CARTESIAN_POINT('',(52.593414736654,11.039938933188,
    0.95986881792));
#2470 = CARTESIAN_POINT('',(52.593418682381,11.039999011551,
    0.950314394561));
#2471 = PCURVE('',#543,#2472);
#2472 = DEFINITIONAL_REPRESENTATION('',(#2473),#2482);
#2473 = B_SPLINE_CURVE_WITH_KNOTS('',7,(#2474,#2475,#2476,#2477,#2478,
    #2479,#2480,#2481),.UNSPECIFIED.,.F.,.F.,(8,8),(3.874953971838,
    3.930554610415),.PIECEWISE_BEZIER_KNOTS.);
#2474 = CARTESIAN_POINT('',(1.570796326795,2.341874729922E-02));
#2475 = CARTESIAN_POINT('',(1.260930748498,2.171581540296E-02));
#2476 = CARTESIAN_POINT('',(1.030948740798,2.244901925273E-02));
#2477 = CARTESIAN_POINT('',(0.788171095988,2.233559826124E-02));
#2478 = CARTESIAN_POINT('',(0.590425621773,2.313248429071E-02));
#2479 = CARTESIAN_POINT('',(0.38744007133,2.323187237534E-02));
#2480 = CARTESIAN_POINT('',(0.197380177529,2.34147366543E-02));
#2481 = CARTESIAN_POINT('',(6.287932655081E-03,2.341868238077E-02));
#2482 = ( GEOMETRIC_REPRESENTATION_CONTEXT(2) 
PARAMETRIC_REPRESENTATION_CONTEXT() REPRESENTATION_CONTEXT('2D SPACE',''
  ) );
#2483 = PCURVE('',#2484,#2509);
#2484 = ( BOUNDED_SURFACE() B_SPLINE_SURFACE(2,7,(
    (#2485,#2486,#2487,#2488,#2489,#2490,#2491,#2492)
    ,(#2493,#2494,#2495,#2496,#2497,#2498,#2499,#2500)
    ,(#2501,#2502,#2503,#2504,#2505,#2506,#2507,#2508
)),.UNSPECIFIED.,.F.,.F.,.F.) B_SPLINE_SURFACE_WITH_KNOTS((3,3),(8,8),(
    0.,5.560063857761E-02),(3.874953971838,3.930554610415),
.PIECEWISE_BEZIER_KNOTS.) GEOMETRIC_REPRESENTATION_ITEM() 
RATIONAL_B_SPLINE_SURFACE((
    (1.,1.,1.,1.,1.,1.,1.,1.)
    ,(0.707106781187,0.786492132028,0.824527492219,0.865701700681
      ,0.882019589601,0.898839976204,0.905390583409,0.905586202773)
,(1.,1.,1.,1.,1.,1.,1.,1.))) REPRESENTATION_ITEM('') SURFACE() );
#2485 = CARTESIAN_POINT('',(52.540011910172,11.004014292207,
    0.955826372551));
#2486 = CARTESIAN_POINT('',(52.543492582675,11.00819109921,
    0.958676646489));
#2487 = CARTESIAN_POINT('',(52.546862851088,11.012235421305,
    0.959507336687));
#2488 = CARTESIAN_POINT('',(52.549895702286,11.015874842743,
    0.959206171197));
#2489 = CARTESIAN_POINT('',(52.552361724527,11.018834069432,
    0.957686085794));
#2490 = CARTESIAN_POINT('',(52.554103451473,11.020924141767,
    0.955449393863));
#2491 = CARTESIAN_POINT('',(52.554983121584,11.021979745901,
    0.952770436015));
#2492 = CARTESIAN_POINT('',(52.555007285751,11.022008742901,
    0.950088261078));
#2493 = CARTESIAN_POINT('',(52.555007683319,11.022009219983,1.));
#2494 = CARTESIAN_POINT('',(52.558203528976,11.025844234771,
    0.991082583613));
#2495 = CARTESIAN_POINT('',(52.562138859493,11.030566631391,
    0.985037871144));
#2496 = CARTESIAN_POINT('',(52.564957024438,11.033948429325,
    0.977716520515));
#2497 = CARTESIAN_POINT('',(52.56763689993,11.037164279916,
    0.971166210387));
#2498 = CARTESIAN_POINT('',(52.569144521322,11.038973425586,
    0.964052278197));
#2499 = CARTESIAN_POINT('',(52.569977679351,11.039973215221,
    0.957099806189));
#2500 = CARTESIAN_POINT('',(52.569999638785,11.039999566542,
    0.950226132826));
#2501 = CARTESIAN_POINT('',(52.593418747299,10.99,1.));
#2502 = CARTESIAN_POINT('',(52.591715815403,11.005493278915,1.));
#2503 = CARTESIAN_POINT('',(52.592449019253,11.016944903553,
    0.994531557572));
#2504 = CARTESIAN_POINT('',(52.592335598261,11.027033071561,
    0.987714459818));
#2505 = CARTESIAN_POINT('',(52.593132484291,11.03326251297,
    0.978537051997));
#2506 = CARTESIAN_POINT('',(52.593231872375,11.037792555333,
    0.969458764969));
#2507 = CARTESIAN_POINT('',(52.593414736654,11.039938933188,
    0.95986881792));
#2508 = CARTESIAN_POINT('',(52.593418682381,11.039999011551,
    0.950314394561));
#2509 = DEFINITIONAL_REPRESENTATION('',(#2510),#2514);
#2510 = LINE('',#2511,#2512);
#2511 = CARTESIAN_POINT('',(5.560063857761E-02,0.));
#2512 = VECTOR('',#2513,1.);
#2513 = DIRECTION('',(0.,1.));
#2514 = ( GEOMETRIC_REPRESENTATION_CONTEXT(2) 
PARAMETRIC_REPRESENTATION_CONTEXT() REPRESENTATION_CONTEXT('2D SPACE',''
  ) );
#2515 = ORIENTED_EDGE('',*,*,#525,.T.);
#2516 = ORIENTED_EDGE('',*,*,#2517,.F.);
#2517 = EDGE_CURVE('',#2433,#528,#2518,.T.);
#2518 = SURFACE_CURVE('',#2519,(#2524,#2531),.PCURVE_S1.);
#2519 = CIRCLE('',#2520,5.E-02);
#2520 = AXIS2_PLACEMENT_3D('',#2521,#2522,#2523);
#2521 = CARTESIAN_POINT('',(56.07,10.99,0.95));
#2522 = DIRECTION('',(1.,0.,0.));
#2523 = DIRECTION('',(0.,1.,0.));
#2524 = PCURVE('',#543,#2525);
#2525 = DEFINITIONAL_REPRESENTATION('',(#2526),#2530);
#2526 = LINE('',#2527,#2528);
#2527 = CARTESIAN_POINT('',(0.,3.5));
#2528 = VECTOR('',#2529,1.);
#2529 = DIRECTION('',(1.,0.));
#2530 = ( GEOMETRIC_REPRESENTATION_CONTEXT(2) 
PARAMETRIC_REPRESENTATION_CONTEXT() REPRESENTATION_CONTEXT('2D SPACE',''
  ) );
#2531 = PCURVE('',#2532,#2537);
#2532 = TOROIDAL_SURFACE('',#2533,0.15,5.E-02);
#2533 = AXIS2_PLACEMENT_3D('',#2534,#2535,#2536);
#2534 = CARTESIAN_POINT('',(56.07,10.99,1.1));
#2535 = DIRECTION('',(0.,1.,0.));
#2536 = DIRECTION('',(0.,0.,-1.));
#2537 = DEFINITIONAL_REPRESENTATION('',(#2538),#2542);
#2538 = LINE('',#2539,#2540);
#2539 = CARTESIAN_POINT('',(-0.,1.570796326795));
#2540 = VECTOR('',#2541,1.);
#2541 = DIRECTION('',(-0.,1.));
#2542 = ( GEOMETRIC_REPRESENTATION_CONTEXT(2) 
PARAMETRIC_REPRESENTATION_CONTEXT() REPRESENTATION_CONTEXT('2D SPACE',''
  ) );
#2543 = ADVANCED_FACE('',(#2544),#1169,.T.);
#2544 = FACE_BOUND('',#2545,.T.);
#2545 = EDGE_LOOP('',(#2546,#2589,#2590,#2612));
#2546 = ORIENTED_EDGE('',*,*,#2547,.T.);
#2547 = EDGE_CURVE('',#2548,#1122,#2550,.T.);
#2548 = VERTEX_POINT('',#2549);
#2549 = CARTESIAN_POINT('',(52.528333333333,10.99,0.95));
#2550 = SURFACE_CURVE('',#2551,(#2556,#2582),.PCURVE_S1.);
#2551 = CIRCLE('',#2552,5.E-02);
#2552 = AXIS2_PLACEMENT_3D('',#2553,#2554,#2555);
#2553 = CARTESIAN_POINT('',(52.566744397313,10.957990780017,0.95));
#2554 = DIRECTION('',(0.640184399664,0.768221279597,-0.));
#2555 = DIRECTION('',(-0.768221279597,0.640184399664,0.));
#2556 = PCURVE('',#1169,#2557);
#2557 = DEFINITIONAL_REPRESENTATION('',(#2558),#2581);
#2558 = B_SPLINE_CURVE_WITH_KNOTS('',6,(#2559,#2560,#2561,#2562,#2563,
    #2564,#2565,#2566,#2567,#2568,#2569,#2570,#2571,#2572,#2573,#2574,
    #2575,#2576,#2577,#2578,#2579,#2580),.UNSPECIFIED.,.F.,.F.,(7,5,5,5,
    7),(0.,0.392699081699,0.785398163397,1.178097245096,1.570796326795),
  .UNSPECIFIED.);
#2559 = CARTESIAN_POINT('',(-0.,3.840039423987));
#2560 = CARTESIAN_POINT('',(1.6158463431E-03,3.840039423987));
#2561 = CARTESIAN_POINT('',(3.179134889803E-03,3.840039423987));
#2562 = CARTESIAN_POINT('',(4.699255244262E-03,3.840039423987));
#2563 = CARTESIAN_POINT('',(6.184037525294E-03,3.840039423987));
#2564 = CARTESIAN_POINT('',(7.640230321013E-03,3.840039423987));
#2565 = CARTESIAN_POINT('',(1.050772696592E-02,3.840039423987));
#2566 = CARTESIAN_POINT('',(1.191921805557E-02,3.840039423987));
#2567 = CARTESIAN_POINT('',(1.33142985371E-02,3.840039423987));
#2568 = CARTESIAN_POINT('',(1.469885442766E-02,3.840039423987));
#2569 = CARTESIAN_POINT('',(1.607806256259E-02,3.840039423987));
#2570 = CARTESIAN_POINT('',(1.88364852877E-02,3.840039423987));
#2571 = CARTESIAN_POINT('',(2.021569342263E-02,3.840039423987));
#2572 = CARTESIAN_POINT('',(2.16002493132E-02,3.840039423987));
#2573 = CARTESIAN_POINT('',(2.299532979473E-02,3.840039423987));
#2574 = CARTESIAN_POINT('',(2.440682088437E-02,3.840039423987));
#2575 = CARTESIAN_POINT('',(2.727431752928E-02,3.840039423987));
#2576 = CARTESIAN_POINT('',(2.8730510325E-02,3.840039423987));
#2577 = CARTESIAN_POINT('',(3.021529260602E-02,3.840039423987));
#2578 = CARTESIAN_POINT('',(3.173541296048E-02,3.840039423987));
#2579 = CARTESIAN_POINT('',(3.329870150719E-02,3.840039423987));
#2580 = CARTESIAN_POINT('',(3.491454785029E-02,3.840039423987));
#2581 = ( GEOMETRIC_REPRESENTATION_CONTEXT(2) 
PARAMETRIC_REPRESENTATION_CONTEXT() REPRESENTATION_CONTEXT('2D SPACE',''
  ) );
#2582 = PCURVE('',#1137,#2583);
#2583 = DEFINITIONAL_REPRESENTATION('',(#2584),#2588);
#2584 = LINE('',#2585,#2586);
#2585 = CARTESIAN_POINT('',(0.,3.840039423987));
#2586 = VECTOR('',#2587,1.);
#2587 = DIRECTION('',(1.,0.));
#2588 = ( GEOMETRIC_REPRESENTATION_CONTEXT(2) 
PARAMETRIC_REPRESENTATION_CONTEXT() REPRESENTATION_CONTEXT('2D SPACE',''
  ) );
#2589 = ORIENTED_EDGE('',*,*,#1149,.T.);
#2590 = ORIENTED_EDGE('',*,*,#2591,.F.);
#2591 = EDGE_CURVE('',#2592,#526,#2594,.T.);
#2592 = VERTEX_POINT('',#2593);
#2593 = CARTESIAN_POINT('',(52.540011910172,11.004014292207,
    0.955826372551));
#2594 = SURFACE_CURVE('',#2595,(#2599,#2606),.PCURVE_S1.);
#2595 = ( BOUNDED_CURVE() B_SPLINE_CURVE(2,(#2596,#2597,#2598),
.UNSPECIFIED.,.F.,.F.) B_SPLINE_CURVE_WITH_KNOTS((3,3),(0.,
3.491454785029E-02),.PIECEWISE_BEZIER_KNOTS.) CURVE() 
GEOMETRIC_REPRESENTATION_ITEM() RATIONAL_B_SPLINE_CURVE((1.,
0.707106781187,1.)) REPRESENTATION_ITEM('') );
#2596 = CARTESIAN_POINT('',(52.540011910172,11.004014292207,
    0.955826372551));
#2597 = CARTESIAN_POINT('',(52.555007683319,11.022009219983,1.));
#2598 = CARTESIAN_POINT('',(52.593418747299,10.99,1.));
#2599 = PCURVE('',#1169,#2600);
#2600 = DEFINITIONAL_REPRESENTATION('',(#2601),#2605);
#2601 = LINE('',#2602,#2603);
#2602 = CARTESIAN_POINT('',(0.,3.874953971838));
#2603 = VECTOR('',#2604,1.);
#2604 = DIRECTION('',(1.,0.));
#2605 = ( GEOMETRIC_REPRESENTATION_CONTEXT(2) 
PARAMETRIC_REPRESENTATION_CONTEXT() REPRESENTATION_CONTEXT('2D SPACE',''
  ) );
#2606 = PCURVE('',#2484,#2607);
#2607 = DEFINITIONAL_REPRESENTATION('',(#2608),#2611);
#2608 = B_SPLINE_CURVE_WITH_KNOTS('',1,(#2609,#2610),.UNSPECIFIED.,.F.,
  .F.,(2,2),(0.,3.491454785029E-02),.PIECEWISE_BEZIER_KNOTS.);
#2609 = CARTESIAN_POINT('',(0.,3.874953971838));
#2610 = CARTESIAN_POINT('',(5.560063857761E-02,3.874953971838));
#2611 = ( GEOMETRIC_REPRESENTATION_CONTEXT(2) 
PARAMETRIC_REPRESENTATION_CONTEXT() REPRESENTATION_CONTEXT('2D SPACE',''
  ) );
#2612 = ORIENTED_EDGE('',*,*,#2613,.F.);
#2613 = EDGE_CURVE('',#2548,#2592,#2614,.T.);
#2614 = SURFACE_CURVE('',#2615,(#2622,#2629),.PCURVE_S1.);
#2615 = ( BOUNDED_CURVE() B_SPLINE_CURVE(5,(#2616,#2617,#2618,#2619,
#2620,#2621),.UNSPECIFIED.,.F.,.F.) B_SPLINE_CURVE_WITH_KNOTS((6,6),(
3.840039423987,3.874953971838),.PIECEWISE_BEZIER_KNOTS.) CURVE() 
GEOMETRIC_REPRESENTATION_ITEM() RATIONAL_B_SPLINE_CURVE((1.,1.,1.,1.,1.,
1.)) REPRESENTATION_ITEM('') );
#2616 = CARTESIAN_POINT('',(52.528333333333,10.99,0.95));
#2617 = CARTESIAN_POINT('',(52.530396714928,10.992476057913,0.95));
#2618 = CARTESIAN_POINT('',(52.532455208032,10.994946249639,
    0.950538941854));
#2619 = CARTESIAN_POINT('',(52.534634805802,10.997561766962,
    0.951614562433));
#2620 = CARTESIAN_POINT('',(52.536951935437,11.000342322525,
    0.953320602119));
#2621 = CARTESIAN_POINT('',(52.540011910172,11.004014292207,
    0.955826372551));
#2622 = PCURVE('',#1169,#2623);
#2623 = DEFINITIONAL_REPRESENTATION('',(#2624),#2628);
#2624 = LINE('',#2625,#2626);
#2625 = CARTESIAN_POINT('',(0.,0.));
#2626 = VECTOR('',#2627,1.);
#2627 = DIRECTION('',(0.,1.));
#2628 = ( GEOMETRIC_REPRESENTATION_CONTEXT(2) 
PARAMETRIC_REPRESENTATION_CONTEXT() REPRESENTATION_CONTEXT('2D SPACE',''
  ) );
#2629 = PCURVE('',#2630,#2635);
#2630 = PLANE('',#2631);
#2631 = AXIS2_PLACEMENT_3D('',#2632,#2633,#2634);
#2632 = CARTESIAN_POINT('',(50.07,8.04,0.));
#2633 = DIRECTION('',(-0.768221279597,0.640184399664,0.));
#2634 = DIRECTION('',(0.640184399664,0.768221279597,0.));
#2635 = DEFINITIONAL_REPRESENTATION('',(#2636),#2643);
#2636 = ( BOUNDED_CURVE() B_SPLINE_CURVE(5,(#2637,#2638,#2639,#2640,
#2641,#2642),.UNSPECIFIED.,.F.,.F.) B_SPLINE_CURVE_WITH_KNOTS((6,6),(
3.840039423987,3.874953971838),.PIECEWISE_BEZIER_KNOTS.) CURVE() 
GEOMETRIC_REPRESENTATION_ITEM() RATIONAL_B_SPLINE_CURVE((1.,1.,1.,1.,1.,
1.)) REPRESENTATION_ITEM('') );
#2637 = CARTESIAN_POINT('',(3.840039423987,-0.95));
#2638 = CARTESIAN_POINT('',(3.843262529073,-0.95));
#2639 = CARTESIAN_POINT('',(3.846477998094,-0.950538941854));
#2640 = CARTESIAN_POINT('',(3.849882638649,-0.951614562433));
#2641 = CARTESIAN_POINT('',(3.853502110845,-0.953320602119));
#2642 = CARTESIAN_POINT('',(3.858281944182,-0.955826372551));
#2643 = ( GEOMETRIC_REPRESENTATION_CONTEXT(2) 
PARAMETRIC_REPRESENTATION_CONTEXT() REPRESENTATION_CONTEXT('2D SPACE',''
  ) );
#2644 = ADVANCED_FACE('',(#2645),#571,.F.);
#2645 = FACE_BOUND('',#2646,.F.);
#2646 = EDGE_LOOP('',(#2647,#2648,#2672,#2700));
#2647 = ORIENTED_EDGE('',*,*,#555,.F.);
#2648 = ORIENTED_EDGE('',*,*,#2649,.T.);
#2649 = EDGE_CURVE('',#528,#2650,#2652,.T.);
#2650 = VERTEX_POINT('',#2651);
#2651 = CARTESIAN_POINT('',(56.17,10.99,1.1));
#2652 = SURFACE_CURVE('',#2653,(#2658,#2665),.PCURVE_S1.);
#2653 = CIRCLE('',#2654,0.1);
#2654 = AXIS2_PLACEMENT_3D('',#2655,#2656,#2657);
#2655 = CARTESIAN_POINT('',(56.07,10.99,1.1));
#2656 = DIRECTION('',(0.,-1.,0.));
#2657 = DIRECTION('',(0.,0.,-1.));
#2658 = PCURVE('',#571,#2659);
#2659 = DEFINITIONAL_REPRESENTATION('',(#2660),#2664);
#2660 = LINE('',#2661,#2662);
#2661 = CARTESIAN_POINT('',(0.,5.E-02));
#2662 = VECTOR('',#2663,1.);
#2663 = DIRECTION('',(1.,0.));
#2664 = ( GEOMETRIC_REPRESENTATION_CONTEXT(2) 
PARAMETRIC_REPRESENTATION_CONTEXT() REPRESENTATION_CONTEXT('2D SPACE',''
  ) );
#2665 = PCURVE('',#2532,#2666);
#2666 = DEFINITIONAL_REPRESENTATION('',(#2667),#2671);
#2667 = LINE('',#2668,#2669);
#2668 = CARTESIAN_POINT('',(-0.,3.14159265359));
#2669 = VECTOR('',#2670,1.);
#2670 = DIRECTION('',(-1.,0.));
#2671 = ( GEOMETRIC_REPRESENTATION_CONTEXT(2) 
PARAMETRIC_REPRESENTATION_CONTEXT() REPRESENTATION_CONTEXT('2D SPACE',''
  ) );
#2672 = ORIENTED_EDGE('',*,*,#2673,.T.);
#2673 = EDGE_CURVE('',#2650,#2674,#2676,.T.);
#2674 = VERTEX_POINT('',#2675);
#2675 = CARTESIAN_POINT('',(56.17,-6.91,1.1));
#2676 = SURFACE_CURVE('',#2677,(#2681,#2688),.PCURVE_S1.);
#2677 = LINE('',#2678,#2679);
#2678 = CARTESIAN_POINT('',(56.17,11.04,1.1));
#2679 = VECTOR('',#2680,1.);
#2680 = DIRECTION('',(0.,-1.,0.));
#2681 = PCURVE('',#571,#2682);
#2682 = DEFINITIONAL_REPRESENTATION('',(#2683),#2687);
#2683 = LINE('',#2684,#2685);
#2684 = CARTESIAN_POINT('',(1.570796326795,0.));
#2685 = VECTOR('',#2686,1.);
#2686 = DIRECTION('',(0.,1.));
#2687 = ( GEOMETRIC_REPRESENTATION_CONTEXT(2) 
PARAMETRIC_REPRESENTATION_CONTEXT() REPRESENTATION_CONTEXT('2D SPACE',''
  ) );
#2688 = PCURVE('',#2689,#2694);
#2689 = PLANE('',#2690);
#2690 = AXIS2_PLACEMENT_3D('',#2691,#2692,#2693);
#2691 = CARTESIAN_POINT('',(56.17,2.04,6.65));
#2692 = DIRECTION('',(1.,-0.,-0.));
#2693 = DIRECTION('',(0.,0.,-1.));
#2694 = DEFINITIONAL_REPRESENTATION('',(#2695),#2699);
#2695 = LINE('',#2696,#2697);
#2696 = CARTESIAN_POINT('',(5.55,9.));
#2697 = VECTOR('',#2698,1.);
#2698 = DIRECTION('',(0.,-1.));
#2699 = ( GEOMETRIC_REPRESENTATION_CONTEXT(2) 
PARAMETRIC_REPRESENTATION_CONTEXT() REPRESENTATION_CONTEXT('2D SPACE',''
  ) );
#2700 = ORIENTED_EDGE('',*,*,#2701,.T.);
#2701 = EDGE_CURVE('',#2674,#556,#2702,.T.);
#2702 = SURFACE_CURVE('',#2703,(#2708,#2715),.PCURVE_S1.);
#2703 = CIRCLE('',#2704,0.1);
#2704 = AXIS2_PLACEMENT_3D('',#2705,#2706,#2707);
#2705 = CARTESIAN_POINT('',(56.07,-6.91,1.1));
#2706 = DIRECTION('',(-0.,1.,0.));
#2707 = DIRECTION('',(1.,0.,0.));
#2708 = PCURVE('',#571,#2709);
#2709 = DEFINITIONAL_REPRESENTATION('',(#2710),#2714);
#2710 = LINE('',#2711,#2712);
#2711 = CARTESIAN_POINT('',(1.570796326795,17.95));
#2712 = VECTOR('',#2713,1.);
#2713 = DIRECTION('',(-1.,-0.));
#2714 = ( GEOMETRIC_REPRESENTATION_CONTEXT(2) 
PARAMETRIC_REPRESENTATION_CONTEXT() REPRESENTATION_CONTEXT('2D SPACE',''
  ) );
#2715 = PCURVE('',#2716,#2721);
#2716 = TOROIDAL_SURFACE('',#2717,0.15,5.E-02);
#2717 = AXIS2_PLACEMENT_3D('',#2718,#2719,#2720);
#2718 = CARTESIAN_POINT('',(56.07,-6.91,1.1));
#2719 = DIRECTION('',(-0.,-1.,-0.));
#2720 = DIRECTION('',(1.,0.,0.));
#2721 = DEFINITIONAL_REPRESENTATION('',(#2722),#2726);
#2722 = LINE('',#2723,#2724);
#2723 = CARTESIAN_POINT('',(-0.,3.14159265359));
#2724 = VECTOR('',#2725,1.);
#2725 = DIRECTION('',(-1.,0.));
#2726 = ( GEOMETRIC_REPRESENTATION_CONTEXT(2) 
PARAMETRIC_REPRESENTATION_CONTEXT() REPRESENTATION_CONTEXT('2D SPACE',''
  ) );
#2727 = ADVANCED_FACE('',(#2728),#1137,.T.);
#2728 = FACE_BOUND('',#2729,.T.);
#2729 = EDGE_LOOP('',(#2730,#2760,#2761,#2762));
#2730 = ORIENTED_EDGE('',*,*,#2731,.T.);
#2731 = EDGE_CURVE('',#2732,#1094,#2734,.T.);
#2732 = VERTEX_POINT('',#2733);
#2733 = CARTESIAN_POINT('',(50.07,8.04,0.95));
#2734 = SURFACE_CURVE('',#2735,(#2740,#2750),.PCURVE_S1.);
#2735 = ELLIPSE('',#2736,5.521265910156E-02,5.E-02);
#2736 = AXIS2_PLACEMENT_3D('',#2737,#2738,#2739);
#2737 = CARTESIAN_POINT('',(50.093418747299,7.99,0.95));
#2738 = DIRECTION('',(0.905589421224,0.42415539625,-0.));
#2739 = DIRECTION('',(-0.42415539625,0.905589421224,0.));
#2740 = PCURVE('',#1137,#2741);
#2741 = DEFINITIONAL_REPRESENTATION('',(#2742),#2749);
#2742 = B_SPLINE_CURVE_WITH_KNOTS('',5,(#2743,#2744,#2745,#2746,#2747,
    #2748),.UNSPECIFIED.,.F.,.F.,(6,6),(0.,1.570796326795),
  .PIECEWISE_BEZIER_KNOTS.);
#2743 = CARTESIAN_POINT('',(0.,0.));
#2744 = CARTESIAN_POINT('',(0.314159265359,1.E-17));
#2745 = CARTESIAN_POINT('',(0.628312366577,-2.880995547593E-03));
#2746 = CARTESIAN_POINT('',(0.942479681534,-8.69780280472E-03));
#2747 = CARTESIAN_POINT('',(1.256637061436,-1.606153085207E-02));
#2748 = CARTESIAN_POINT('',(1.570796326795,-2.341874729922E-02));
#2749 = ( GEOMETRIC_REPRESENTATION_CONTEXT(2) 
PARAMETRIC_REPRESENTATION_CONTEXT() REPRESENTATION_CONTEXT('2D SPACE',''
  ) );
#2750 = PCURVE('',#1109,#2751);
#2751 = DEFINITIONAL_REPRESENTATION('',(#2752),#2759);
#2752 = B_SPLINE_CURVE_WITH_KNOTS('',5,(#2753,#2754,#2755,#2756,#2757,
    #2758),.UNSPECIFIED.,.F.,.F.,(6,6),(0.,1.570796326795),
  .PIECEWISE_BEZIER_KNOTS.);
#2753 = CARTESIAN_POINT('',(0.,100.));
#2754 = CARTESIAN_POINT('',(0.314159265359,100.));
#2755 = CARTESIAN_POINT('',(0.628312366576,100.00288099554));
#2756 = CARTESIAN_POINT('',(0.942479681534,100.0086978028));
#2757 = CARTESIAN_POINT('',(1.256637061435,100.01606153085));
#2758 = CARTESIAN_POINT('',(1.570796326795,100.02341874729));
#2759 = ( GEOMETRIC_REPRESENTATION_CONTEXT(2) 
PARAMETRIC_REPRESENTATION_CONTEXT() REPRESENTATION_CONTEXT('2D SPACE',''
  ) );
#2760 = ORIENTED_EDGE('',*,*,#1121,.T.);
#2761 = ORIENTED_EDGE('',*,*,#2547,.F.);
#2762 = ORIENTED_EDGE('',*,*,#2763,.F.);
#2763 = EDGE_CURVE('',#2732,#2548,#2764,.T.);
#2764 = SURFACE_CURVE('',#2765,(#2769,#2776),.PCURVE_S1.);
#2765 = LINE('',#2766,#2767);
#2766 = CARTESIAN_POINT('',(50.07,8.04,0.95));
#2767 = VECTOR('',#2768,1.);
#2768 = DIRECTION('',(0.640184399664,0.768221279597,0.));
#2769 = PCURVE('',#1137,#2770);
#2770 = DEFINITIONAL_REPRESENTATION('',(#2771),#2775);
#2771 = LINE('',#2772,#2773);
#2772 = CARTESIAN_POINT('',(0.,0.));
#2773 = VECTOR('',#2774,1.);
#2774 = DIRECTION('',(0.,1.));
#2775 = ( GEOMETRIC_REPRESENTATION_CONTEXT(2) 
PARAMETRIC_REPRESENTATION_CONTEXT() REPRESENTATION_CONTEXT('2D SPACE',''
  ) );
#2776 = PCURVE('',#2630,#2777);
#2777 = DEFINITIONAL_REPRESENTATION('',(#2778),#2782);
#2778 = LINE('',#2779,#2780);
#2779 = CARTESIAN_POINT('',(-1.364635124186E-15,-0.95));
#2780 = VECTOR('',#2781,1.);
#2781 = DIRECTION('',(1.,0.));
#2782 = ( GEOMETRIC_REPRESENTATION_CONTEXT(2) 
PARAMETRIC_REPRESENTATION_CONTEXT() REPRESENTATION_CONTEXT('2D SPACE',''
  ) );
#2783 = ADVANCED_FACE('',(#2784),#599,.T.);
#2784 = FACE_BOUND('',#2785,.T.);
#2785 = EDGE_LOOP('',(#2786,#2816,#2844,#2866,#2867));
#2786 = ORIENTED_EDGE('',*,*,#2787,.F.);
#2787 = EDGE_CURVE('',#2788,#612,#2790,.T.);
#2788 = VERTEX_POINT('',#2789);
#2789 = CARTESIAN_POINT('',(51.57,-6.96,0.95));
#2790 = SURFACE_CURVE('',#2791,(#2796,#2806),.PCURVE_S1.);
#2791 = ELLIPSE('',#2792,5.411960990469E-02,5.E-02);
#2792 = AXIS2_PLACEMENT_3D('',#2793,#2794,#2795);
#2793 = CARTESIAN_POINT('',(51.549289322169,-6.91,0.95));
#2794 = DIRECTION('',(-0.923879534388,-0.382683427835,-0.));
#2795 = DIRECTION('',(-0.382683427835,0.923879534388,0.));
#2796 = PCURVE('',#599,#2797);
#2797 = DEFINITIONAL_REPRESENTATION('',(#2798),#2805);
#2798 = B_SPLINE_CURVE_WITH_KNOTS('',5,(#2799,#2800,#2801,#2802,#2803,
    #2804),.UNSPECIFIED.,.F.,.F.,(6,6),(3.14159265359,4.712388980385),
  .PIECEWISE_BEZIER_KNOTS.);
#2799 = CARTESIAN_POINT('',(1.1E-16,4.5));
#2800 = CARTESIAN_POINT('',(0.314159265359,4.5));
#2801 = CARTESIAN_POINT('',(0.628313995922,4.502547942386));
#2802 = CARTESIAN_POINT('',(0.94247930863,4.507691942485));
#2803 = CARTESIAN_POINT('',(1.256637061436,4.514204226499));
#2804 = CARTESIAN_POINT('',(1.570796326795,4.520710677831));
#2805 = ( GEOMETRIC_REPRESENTATION_CONTEXT(2) 
PARAMETRIC_REPRESENTATION_CONTEXT() REPRESENTATION_CONTEXT('2D SPACE',''
  ) );
#2806 = PCURVE('',#650,#2807);
#2807 = DEFINITIONAL_REPRESENTATION('',(#2808),#2815);
#2808 = B_SPLINE_CURVE_WITH_KNOTS('',5,(#2809,#2810,#2811,#2812,#2813,
    #2814),.UNSPECIFIED.,.F.,.F.,(6,6),(3.14159265359,4.712388980385),
  .PIECEWISE_BEZIER_KNOTS.);
#2809 = CARTESIAN_POINT('',(0.,-1.421E-14));
#2810 = CARTESIAN_POINT('',(-0.314159265359,-1.422E-14));
#2811 = CARTESIAN_POINT('',(-0.628313995922,2.547942385598E-03));
#2812 = CARTESIAN_POINT('',(-0.94247930863,7.691942485089E-03));
#2813 = CARTESIAN_POINT('',(-1.256637061436,1.420422649879E-02));
#2814 = CARTESIAN_POINT('',(-1.570796326795,2.071067783139E-02));
#2815 = ( GEOMETRIC_REPRESENTATION_CONTEXT(2) 
PARAMETRIC_REPRESENTATION_CONTEXT() REPRESENTATION_CONTEXT('2D SPACE',''
  ) );
#2816 = ORIENTED_EDGE('',*,*,#2817,.F.);
#2817 = EDGE_CURVE('',#2818,#2788,#2820,.T.);
#2818 = VERTEX_POINT('',#2819);
#2819 = CARTESIAN_POINT('',(56.07,-6.96,0.95));
#2820 = SURFACE_CURVE('',#2821,(#2825,#2832),.PCURVE_S1.);
#2821 = LINE('',#2822,#2823);
#2822 = CARTESIAN_POINT('',(56.07,-6.96,0.95));
#2823 = VECTOR('',#2824,1.);
#2824 = DIRECTION('',(-1.,-0.,-0.));
#2825 = PCURVE('',#599,#2826);
#2826 = DEFINITIONAL_REPRESENTATION('',(#2827),#2831);
#2827 = LINE('',#2828,#2829);
#2828 = CARTESIAN_POINT('',(0.,0.));
#2829 = VECTOR('',#2830,1.);
#2830 = DIRECTION('',(0.,1.));
#2831 = ( GEOMETRIC_REPRESENTATION_CONTEXT(2) 
PARAMETRIC_REPRESENTATION_CONTEXT() REPRESENTATION_CONTEXT('2D SPACE',''
  ) );
#2832 = PCURVE('',#2833,#2838);
#2833 = PLANE('',#2834);
#2834 = AXIS2_PLACEMENT_3D('',#2835,#2836,#2837);
#2835 = CARTESIAN_POINT('',(51.57,-6.96,0.));
#2836 = DIRECTION('',(0.,1.,0.));
#2837 = DIRECTION('',(1.,0.,0.));
#2838 = DEFINITIONAL_REPRESENTATION('',(#2839),#2843);
#2839 = LINE('',#2840,#2841);
#2840 = CARTESIAN_POINT('',(4.5,-0.95));
#2841 = VECTOR('',#2842,1.);
#2842 = DIRECTION('',(-1.,0.));
#2843 = ( GEOMETRIC_REPRESENTATION_CONTEXT(2) 
PARAMETRIC_REPRESENTATION_CONTEXT() REPRESENTATION_CONTEXT('2D SPACE',''
  ) );
#2844 = ORIENTED_EDGE('',*,*,#2845,.T.);
#2845 = EDGE_CURVE('',#2818,#556,#2846,.T.);
#2846 = SURFACE_CURVE('',#2847,(#2852,#2859),.PCURVE_S1.);
#2847 = CIRCLE('',#2848,5.E-02);
#2848 = AXIS2_PLACEMENT_3D('',#2849,#2850,#2851);
#2849 = CARTESIAN_POINT('',(56.07,-6.91,0.95));
#2850 = DIRECTION('',(-1.,-0.,-6.E-17));
#2851 = DIRECTION('',(6.E-17,0.,-1.));
#2852 = PCURVE('',#599,#2853);
#2853 = DEFINITIONAL_REPRESENTATION('',(#2854),#2858);
#2854 = LINE('',#2855,#2856);
#2855 = CARTESIAN_POINT('',(-1.570796326795,0.));
#2856 = VECTOR('',#2857,1.);
#2857 = DIRECTION('',(1.,0.));
#2858 = ( GEOMETRIC_REPRESENTATION_CONTEXT(2) 
PARAMETRIC_REPRESENTATION_CONTEXT() REPRESENTATION_CONTEXT('2D SPACE',''
  ) );
#2859 = PCURVE('',#2716,#2860);
#2860 = DEFINITIONAL_REPRESENTATION('',(#2861),#2865);
#2861 = LINE('',#2862,#2863);
#2862 = CARTESIAN_POINT('',(-1.570796326795,0.));
#2863 = VECTOR('',#2864,1.);
#2864 = DIRECTION('',(-0.,1.));
#2865 = ( GEOMETRIC_REPRESENTATION_CONTEXT(2) 
PARAMETRIC_REPRESENTATION_CONTEXT() REPRESENTATION_CONTEXT('2D SPACE',''
  ) );
#2866 = ORIENTED_EDGE('',*,*,#583,.T.);
#2867 = ORIENTED_EDGE('',*,*,#611,.T.);
#2868 = ADVANCED_FACE('',(#2869),#1109,.T.);
#2869 = FACE_BOUND('',#2870,.T.);
#2870 = EDGE_LOOP('',(#2871,#2901,#2902,#2903));
#2871 = ORIENTED_EDGE('',*,*,#2872,.T.);
#2872 = EDGE_CURVE('',#2873,#1066,#2875,.T.);
#2873 = VERTEX_POINT('',#2874);
#2874 = CARTESIAN_POINT('',(-49.93,8.04,0.95));
#2875 = SURFACE_CURVE('',#2876,(#2881,#2891),.PCURVE_S1.);
#2876 = ELLIPSE('',#2877,5.270462766947E-02,5.E-02);
#2877 = AXIS2_PLACEMENT_3D('',#2878,#2879,#2880);
#2878 = CARTESIAN_POINT('',(-49.91333333333,7.99,0.95));
#2879 = DIRECTION('',(0.948683298051,0.316227766017,0.));
#2880 = DIRECTION('',(0.316227766017,-0.948683298051,0.));
#2881 = PCURVE('',#1109,#2882);
#2882 = DEFINITIONAL_REPRESENTATION('',(#2883),#2890);
#2883 = B_SPLINE_CURVE_WITH_KNOTS('',5,(#2884,#2885,#2886,#2887,#2888,
    #2889),.UNSPECIFIED.,.F.,.F.,(6,6),(3.14159265359,4.712388980385),
  .PIECEWISE_BEZIER_KNOTS.);
#2884 = CARTESIAN_POINT('',(0.,7.1E-15));
#2885 = CARTESIAN_POINT('',(0.314159265359,7.1E-15));
#2886 = CARTESIAN_POINT('',(0.628315039728,2.050418720983E-03));
#2887 = CARTESIAN_POINT('',(0.942479032221,6.190010979428E-03));
#2888 = CARTESIAN_POINT('',(1.256637061436,1.143067891069E-02));
#2889 = CARTESIAN_POINT('',(1.570796326795,1.666666666667E-02));
#2890 = ( GEOMETRIC_REPRESENTATION_CONTEXT(2) 
PARAMETRIC_REPRESENTATION_CONTEXT() REPRESENTATION_CONTEXT('2D SPACE',''
  ) );
#2891 = PCURVE('',#1081,#2892);
#2892 = DEFINITIONAL_REPRESENTATION('',(#2893),#2900);
#2893 = B_SPLINE_CURVE_WITH_KNOTS('',5,(#2894,#2895,#2896,#2897,#2898,
    #2899),.UNSPECIFIED.,.F.,.F.,(6,6),(3.14159265359,4.712388980385),
  .PIECEWISE_BEZIER_KNOTS.);
#2894 = CARTESIAN_POINT('',(1.1E-16,0.));
#2895 = CARTESIAN_POINT('',(-0.314159265359,-1.E-17));
#2896 = CARTESIAN_POINT('',(-0.628315039728,2.050418720946E-03));
#2897 = CARTESIAN_POINT('',(-0.942479032221,6.190010979429E-03));
#2898 = CARTESIAN_POINT('',(-1.256637061436,1.143067891068E-02));
#2899 = CARTESIAN_POINT('',(-1.570796326795,1.666666666667E-02));
#2900 = ( GEOMETRIC_REPRESENTATION_CONTEXT(2) 
PARAMETRIC_REPRESENTATION_CONTEXT() REPRESENTATION_CONTEXT('2D SPACE',''
  ) );
#2901 = ORIENTED_EDGE('',*,*,#1093,.T.);
#2902 = ORIENTED_EDGE('',*,*,#2731,.F.);
#2903 = ORIENTED_EDGE('',*,*,#2904,.F.);
#2904 = EDGE_CURVE('',#2873,#2732,#2905,.T.);
#2905 = SURFACE_CURVE('',#2906,(#2910,#2917),.PCURVE_S1.);
#2906 = LINE('',#2907,#2908);
#2907 = CARTESIAN_POINT('',(-49.93,8.04,0.95));
#2908 = VECTOR('',#2909,1.);
#2909 = DIRECTION('',(1.,0.,0.));
#2910 = PCURVE('',#1109,#2911);
#2911 = DEFINITIONAL_REPRESENTATION('',(#2912),#2916);
#2912 = LINE('',#2913,#2914);
#2913 = CARTESIAN_POINT('',(0.,0.));
#2914 = VECTOR('',#2915,1.);
#2915 = DIRECTION('',(0.,1.));
#2916 = ( GEOMETRIC_REPRESENTATION_CONTEXT(2) 
PARAMETRIC_REPRESENTATION_CONTEXT() REPRESENTATION_CONTEXT('2D SPACE',''
  ) );
#2917 = PCURVE('',#2918,#2923);
#2918 = PLANE('',#2919);
#2919 = AXIS2_PLACEMENT_3D('',#2920,#2921,#2922);
#2920 = CARTESIAN_POINT('',(-49.93,8.04,0.));
#2921 = DIRECTION('',(0.,1.,0.));
#2922 = DIRECTION('',(1.,0.,0.));
#2923 = DEFINITIONAL_REPRESENTATION('',(#2924),#2928);
#2924 = LINE('',#2925,#2926);
#2925 = CARTESIAN_POINT('',(0.,-0.95));
#2926 = VECTOR('',#2927,1.);
#2927 = DIRECTION('',(1.,0.));
#2928 = ( GEOMETRIC_REPRESENTATION_CONTEXT(2) 
PARAMETRIC_REPRESENTATION_CONTEXT() REPRESENTATION_CONTEXT('2D SPACE',''
  ) );
#2929 = ADVANCED_FACE('',(#2930),#1081,.T.);
#2930 = FACE_BOUND('',#2931,.F.);
#2931 = EDGE_LOOP('',(#2932,#2933,#2934,#2964));
#2932 = ORIENTED_EDGE('',*,*,#2872,.T.);
#2933 = ORIENTED_EDGE('',*,*,#1065,.T.);
#2934 = ORIENTED_EDGE('',*,*,#2935,.F.);
#2935 = EDGE_CURVE('',#2936,#1038,#2938,.T.);
#2936 = VERTEX_POINT('',#2937);
#2937 = CARTESIAN_POINT('',(-53.93,5.04,0.95));
#2938 = SURFACE_CURVE('',#2939,(#2944,#2954),.PCURVE_S1.);
#2939 = ELLIPSE('',#2940,5.270462766947E-02,5.E-02);
#2940 = AXIS2_PLACEMENT_3D('',#2941,#2942,#2943);
#2941 = CARTESIAN_POINT('',(-53.91333333333,4.99,0.95));
#2942 = DIRECTION('',(0.948683298051,0.316227766017,0.));
#2943 = DIRECTION('',(0.316227766017,-0.948683298051,0.));
#2944 = PCURVE('',#1081,#2945);
#2945 = DEFINITIONAL_REPRESENTATION('',(#2946),#2953);
#2946 = B_SPLINE_CURVE_WITH_KNOTS('',5,(#2947,#2948,#2949,#2950,#2951,
    #2952),.UNSPECIFIED.,.F.,.F.,(6,6),(3.14159265359,4.712388980385),
  .PIECEWISE_BEZIER_KNOTS.);
#2947 = CARTESIAN_POINT('',(0.,5.));
#2948 = CARTESIAN_POINT('',(-0.314159265359,5.));
#2949 = CARTESIAN_POINT('',(-0.628315039728,5.002050418721));
#2950 = CARTESIAN_POINT('',(-0.942479032221,5.006190010979));
#2951 = CARTESIAN_POINT('',(-1.256637061436,5.011430678911));
#2952 = CARTESIAN_POINT('',(-1.570796326795,5.016666666667));
#2953 = ( GEOMETRIC_REPRESENTATION_CONTEXT(2) 
PARAMETRIC_REPRESENTATION_CONTEXT() REPRESENTATION_CONTEXT('2D SPACE',''
  ) );
#2954 = PCURVE('',#1053,#2955);
#2955 = DEFINITIONAL_REPRESENTATION('',(#2956),#2963);
#2956 = B_SPLINE_CURVE_WITH_KNOTS('',5,(#2957,#2958,#2959,#2960,#2961,
    #2962),.UNSPECIFIED.,.F.,.F.,(6,6),(3.14159265359,4.712388980385),
  .PIECEWISE_BEZIER_KNOTS.);
#2957 = CARTESIAN_POINT('',(0.,-7.11E-15));
#2958 = CARTESIAN_POINT('',(-0.314159265359,-7.09E-15));
#2959 = CARTESIAN_POINT('',(-0.628315039728,-2.050418720983E-03));
#2960 = CARTESIAN_POINT('',(-0.942479032221,-6.190010979428E-03));
#2961 = CARTESIAN_POINT('',(-1.256637061436,-1.143067891069E-02));
#2962 = CARTESIAN_POINT('',(-1.570796326795,-1.666666666667E-02));
#2963 = ( GEOMETRIC_REPRESENTATION_CONTEXT(2) 
PARAMETRIC_REPRESENTATION_CONTEXT() REPRESENTATION_CONTEXT('2D SPACE',''
  ) );
#2964 = ORIENTED_EDGE('',*,*,#2965,.F.);
#2965 = EDGE_CURVE('',#2873,#2936,#2966,.T.);
#2966 = SURFACE_CURVE('',#2967,(#2971,#2978),.PCURVE_S1.);
#2967 = LINE('',#2968,#2969);
#2968 = CARTESIAN_POINT('',(-49.93,8.04,0.95));
#2969 = VECTOR('',#2970,1.);
#2970 = DIRECTION('',(-0.8,-0.6,0.));
#2971 = PCURVE('',#1081,#2972);
#2972 = DEFINITIONAL_REPRESENTATION('',(#2973),#2977);
#2973 = LINE('',#2974,#2975);
#2974 = CARTESIAN_POINT('',(-0.,0.));
#2975 = VECTOR('',#2976,1.);
#2976 = DIRECTION('',(-0.,1.));
#2977 = ( GEOMETRIC_REPRESENTATION_CONTEXT(2) 
PARAMETRIC_REPRESENTATION_CONTEXT() REPRESENTATION_CONTEXT('2D SPACE',''
  ) );
#2978 = PCURVE('',#2979,#2984);
#2979 = PLANE('',#2980);
#2980 = AXIS2_PLACEMENT_3D('',#2981,#2982,#2983);
#2981 = CARTESIAN_POINT('',(-49.93,8.04,0.));
#2982 = DIRECTION('',(0.6,-0.8,0.));
#2983 = DIRECTION('',(-0.8,-0.6,0.));
#2984 = DEFINITIONAL_REPRESENTATION('',(#2985),#2989);
#2985 = LINE('',#2986,#2987);
#2986 = CARTESIAN_POINT('',(5.329070518201E-16,-0.95));
#2987 = VECTOR('',#2988,1.);
#2988 = DIRECTION('',(1.,0.));
#2989 = ( GEOMETRIC_REPRESENTATION_CONTEXT(2) 
PARAMETRIC_REPRESENTATION_CONTEXT() REPRESENTATION_CONTEXT('2D SPACE',''
  ) );
#2990 = ADVANCED_FACE('',(#2991),#650,.T.);
#2991 = FACE_BOUND('',#2992,.F.);
#2992 = EDGE_LOOP('',(#2993,#3015,#3016));
#2993 = ORIENTED_EDGE('',*,*,#2994,.T.);
#2994 = EDGE_CURVE('',#2788,#635,#2995,.T.);
#2995 = SURFACE_CURVE('',#2996,(#3001,#3008),.PCURVE_S1.);
#2996 = CIRCLE('',#2997,5.E-02);
#2997 = AXIS2_PLACEMENT_3D('',#2998,#2999,#3000);
#2998 = CARTESIAN_POINT('',(51.534644661287,-6.924644660594,0.95));
#2999 = DIRECTION('',(-0.707106788122,-0.707106774251,0.));
#3000 = DIRECTION('',(0.707106774251,-0.707106788122,0.));
#3001 = PCURVE('',#650,#3002);
#3002 = DEFINITIONAL_REPRESENTATION('',(#3003),#3007);
#3003 = LINE('',#3004,#3005);
#3004 = CARTESIAN_POINT('',(-0.,-5.33E-15));
#3005 = VECTOR('',#3006,1.);
#3006 = DIRECTION('',(-1.,0.));
#3007 = ( GEOMETRIC_REPRESENTATION_CONTEXT(2) 
PARAMETRIC_REPRESENTATION_CONTEXT() REPRESENTATION_CONTEXT('2D SPACE',''
  ) );
#3008 = PCURVE('',#678,#3009);
#3009 = DEFINITIONAL_REPRESENTATION('',(#3010),#3014);
#3010 = LINE('',#3011,#3012);
#3011 = CARTESIAN_POINT('',(-0.,2.121320322754));
#3012 = VECTOR('',#3013,1.);
#3013 = DIRECTION('',(-1.,0.));
#3014 = ( GEOMETRIC_REPRESENTATION_CONTEXT(2) 
PARAMETRIC_REPRESENTATION_CONTEXT() REPRESENTATION_CONTEXT('2D SPACE',''
  ) );
#3015 = ORIENTED_EDGE('',*,*,#634,.T.);
#3016 = ORIENTED_EDGE('',*,*,#2787,.F.);
#3017 = ADVANCED_FACE('',(#3018),#1053,.T.);
#3018 = FACE_BOUND('',#3019,.F.);
#3019 = EDGE_LOOP('',(#3020,#3021,#3022,#3046));
#3020 = ORIENTED_EDGE('',*,*,#2935,.T.);
#3021 = ORIENTED_EDGE('',*,*,#1037,.T.);
#3022 = ORIENTED_EDGE('',*,*,#3023,.F.);
#3023 = EDGE_CURVE('',#3024,#1005,#3026,.T.);
#3024 = VERTEX_POINT('',#3025);
#3025 = CARTESIAN_POINT('',(-59.23,5.04,0.95));
#3026 = SURFACE_CURVE('',#3027,(#3032,#3039),.PCURVE_S1.);
#3027 = CIRCLE('',#3028,5.E-02);
#3028 = AXIS2_PLACEMENT_3D('',#3029,#3030,#3031);
#3029 = CARTESIAN_POINT('',(-59.23,4.99,0.95));
#3030 = DIRECTION('',(1.,0.,0.));
#3031 = DIRECTION('',(0.,1.,0.));
#3032 = PCURVE('',#1053,#3033);
#3033 = DEFINITIONAL_REPRESENTATION('',(#3034),#3038);
#3034 = LINE('',#3035,#3036);
#3035 = CARTESIAN_POINT('',(-0.,5.3));
#3036 = VECTOR('',#3037,1.);
#3037 = DIRECTION('',(-1.,0.));
#3038 = ( GEOMETRIC_REPRESENTATION_CONTEXT(2) 
PARAMETRIC_REPRESENTATION_CONTEXT() REPRESENTATION_CONTEXT('2D SPACE',''
  ) );
#3039 = PCURVE('',#1025,#3040);
#3040 = DEFINITIONAL_REPRESENTATION('',(#3041),#3045);
#3041 = LINE('',#3042,#3043);
#3042 = CARTESIAN_POINT('',(0.,0.));
#3043 = VECTOR('',#3044,1.);
#3044 = DIRECTION('',(0.,1.));
#3045 = ( GEOMETRIC_REPRESENTATION_CONTEXT(2) 
PARAMETRIC_REPRESENTATION_CONTEXT() REPRESENTATION_CONTEXT('2D SPACE',''
  ) );
#3046 = ORIENTED_EDGE('',*,*,#3047,.F.);
#3047 = EDGE_CURVE('',#2936,#3024,#3048,.T.);
#3048 = SURFACE_CURVE('',#3049,(#3053,#3060),.PCURVE_S1.);
#3049 = LINE('',#3050,#3051);
#3050 = CARTESIAN_POINT('',(-53.93,5.04,0.95));
#3051 = VECTOR('',#3052,1.);
#3052 = DIRECTION('',(-1.,0.,0.));
#3053 = PCURVE('',#1053,#3054);
#3054 = DEFINITIONAL_REPRESENTATION('',(#3055),#3059);
#3055 = LINE('',#3056,#3057);
#3056 = CARTESIAN_POINT('',(-0.,0.));
#3057 = VECTOR('',#3058,1.);
#3058 = DIRECTION('',(-0.,1.));
#3059 = ( GEOMETRIC_REPRESENTATION_CONTEXT(2) 
PARAMETRIC_REPRESENTATION_CONTEXT() REPRESENTATION_CONTEXT('2D SPACE',''
  ) );
#3060 = PCURVE('',#3061,#3066);
#3061 = PLANE('',#3062);
#3062 = AXIS2_PLACEMENT_3D('',#3063,#3064,#3065);
#3063 = CARTESIAN_POINT('',(-53.93,5.04,0.));
#3064 = DIRECTION('',(0.,-1.,0.));
#3065 = DIRECTION('',(-1.,0.,0.));
#3066 = DEFINITIONAL_REPRESENTATION('',(#3067),#3071);
#3067 = LINE('',#3068,#3069);
#3068 = CARTESIAN_POINT('',(0.,-0.95));
#3069 = VECTOR('',#3070,1.);
#3070 = DIRECTION('',(1.,0.));
#3071 = ( GEOMETRIC_REPRESENTATION_CONTEXT(2) 
PARAMETRIC_REPRESENTATION_CONTEXT() REPRESENTATION_CONTEXT('2D SPACE',''
  ) );
#3072 = ADVANCED_FACE('',(#3073),#678,.T.);
#3073 = FACE_BOUND('',#3074,.F.);
#3074 = EDGE_LOOP('',(#3075,#3105,#3106,#3107));
#3075 = ORIENTED_EDGE('',*,*,#3076,.T.);
#3076 = EDGE_CURVE('',#3077,#663,#3079,.T.);
#3077 = VERTEX_POINT('',#3078);
#3078 = CARTESIAN_POINT('',(50.07,-8.459999970577,0.95));
#3079 = SURFACE_CURVE('',#3080,(#3085,#3095),.PCURVE_S1.);
#3080 = ELLIPSE('',#3081,5.411960990469E-02,5.E-02);
#3081 = AXIS2_PLACEMENT_3D('',#3082,#3083,#3084);
#3082 = CARTESIAN_POINT('',(50.049289322169,-8.409999970577,0.95));
#3083 = DIRECTION('',(-0.923879534388,-0.382683427835,0.));
#3084 = DIRECTION('',(0.382683427835,-0.923879534388,0.));
#3085 = PCURVE('',#678,#3086);
#3086 = DEFINITIONAL_REPRESENTATION('',(#3087),#3094);
#3087 = B_SPLINE_CURVE_WITH_KNOTS('',5,(#3088,#3089,#3090,#3091,#3092,
    #3093),.UNSPECIFIED.,.F.,.F.,(6,6),(0.,1.570796326795),
  .PIECEWISE_BEZIER_KNOTS.);
#3088 = CARTESIAN_POINT('',(0.,-3.55E-15));
#3089 = CARTESIAN_POINT('',(-0.314159265359,-3.56E-15));
#3090 = CARTESIAN_POINT('',(-0.628313481004,2.547883474657E-03));
#3091 = CARTESIAN_POINT('',(-0.942479438236,7.691992507225E-03));
#3092 = CARTESIAN_POINT('',(-1.256637061436,1.420422649879E-02));
#3093 = CARTESIAN_POINT('',(-1.570796326795,2.071067783139E-02));
#3094 = ( GEOMETRIC_REPRESENTATION_CONTEXT(2) 
PARAMETRIC_REPRESENTATION_CONTEXT() REPRESENTATION_CONTEXT('2D SPACE',''
  ) );
#3095 = PCURVE('',#706,#3096);
#3096 = DEFINITIONAL_REPRESENTATION('',(#3097),#3104);
#3097 = B_SPLINE_CURVE_WITH_KNOTS('',5,(#3098,#3099,#3100,#3101,#3102,
    #3103),.UNSPECIFIED.,.F.,.F.,(6,6),(0.,1.570796326795),
  .PIECEWISE_BEZIER_KNOTS.);
#3098 = CARTESIAN_POINT('',(0.,1.5));
#3099 = CARTESIAN_POINT('',(-0.314159265359,1.5));
#3100 = CARTESIAN_POINT('',(-0.628313481004,1.497452116525));
#3101 = CARTESIAN_POINT('',(-0.942479438236,1.492308007493));
#3102 = CARTESIAN_POINT('',(-1.256637061436,1.485795773501));
#3103 = CARTESIAN_POINT('',(-1.570796326795,1.479289322169));
#3104 = ( GEOMETRIC_REPRESENTATION_CONTEXT(2) 
PARAMETRIC_REPRESENTATION_CONTEXT() REPRESENTATION_CONTEXT('2D SPACE',''
  ) );
#3105 = ORIENTED_EDGE('',*,*,#662,.T.);
#3106 = ORIENTED_EDGE('',*,*,#2994,.F.);
#3107 = ORIENTED_EDGE('',*,*,#3108,.F.);
#3108 = EDGE_CURVE('',#3077,#2788,#3109,.T.);
#3109 = SURFACE_CURVE('',#3110,(#3114,#3121),.PCURVE_S1.);
#3110 = LINE('',#3111,#3112);
#3111 = CARTESIAN_POINT('',(50.07,-8.459999970577,0.95));
#3112 = VECTOR('',#3113,1.);
#3113 = DIRECTION('',(0.707106788122,0.707106774251,0.));
#3114 = PCURVE('',#678,#3115);
#3115 = DEFINITIONAL_REPRESENTATION('',(#3116),#3120);
#3116 = LINE('',#3117,#3118);
#3117 = CARTESIAN_POINT('',(-0.,0.));
#3118 = VECTOR('',#3119,1.);
#3119 = DIRECTION('',(-0.,1.));
#3120 = ( GEOMETRIC_REPRESENTATION_CONTEXT(2) 
PARAMETRIC_REPRESENTATION_CONTEXT() REPRESENTATION_CONTEXT('2D SPACE',''
  ) );
#3121 = PCURVE('',#3122,#3127);
#3122 = PLANE('',#3123);
#3123 = AXIS2_PLACEMENT_3D('',#3124,#3125,#3126);
#3124 = CARTESIAN_POINT('',(50.07,-8.459999970577,0.));
#3125 = DIRECTION('',(-0.707106774251,0.707106788122,0.));
#3126 = DIRECTION('',(0.707106788122,0.707106774251,0.));
#3127 = DEFINITIONAL_REPRESENTATION('',(#3128),#3132);
#3128 = LINE('',#3129,#3130);
#3129 = CARTESIAN_POINT('',(-1.256073954628E-15,-0.95));
#3130 = VECTOR('',#3131,1.);
#3131 = DIRECTION('',(1.,0.));
#3132 = ( GEOMETRIC_REPRESENTATION_CONTEXT(2) 
PARAMETRIC_REPRESENTATION_CONTEXT() REPRESENTATION_CONTEXT('2D SPACE',''
  ) );
#3133 = ADVANCED_FACE('',(#3134),#1025,.T.);
#3134 = FACE_BOUND('',#3135,.T.);
#3135 = EDGE_LOOP('',(#3136,#3137,#3166,#3188));
#3136 = ORIENTED_EDGE('',*,*,#3023,.F.);
#3137 = ORIENTED_EDGE('',*,*,#3138,.T.);
#3138 = EDGE_CURVE('',#3024,#3139,#3141,.T.);
#3139 = VERTEX_POINT('',#3140);
#3140 = CARTESIAN_POINT('',(-60.93,3.34,0.95));
#3141 = SURFACE_CURVE('',#3142,(#3147,#3154),.PCURVE_S1.);
#3142 = CIRCLE('',#3143,1.7);
#3143 = AXIS2_PLACEMENT_3D('',#3144,#3145,#3146);
#3144 = CARTESIAN_POINT('',(-59.23,3.34,0.95));
#3145 = DIRECTION('',(0.,-0.,1.));
#3146 = DIRECTION('',(0.,1.,0.));
#3147 = PCURVE('',#1025,#3148);
#3148 = DEFINITIONAL_REPRESENTATION('',(#3149),#3153);
#3149 = LINE('',#3150,#3151);
#3150 = CARTESIAN_POINT('',(0.,0.));
#3151 = VECTOR('',#3152,1.);
#3152 = DIRECTION('',(1.,0.));
#3153 = ( GEOMETRIC_REPRESENTATION_CONTEXT(2) 
PARAMETRIC_REPRESENTATION_CONTEXT() REPRESENTATION_CONTEXT('2D SPACE',''
  ) );
#3154 = PCURVE('',#3155,#3160);
#3155 = CYLINDRICAL_SURFACE('',#3156,1.7);
#3156 = AXIS2_PLACEMENT_3D('',#3157,#3158,#3159);
#3157 = CARTESIAN_POINT('',(-59.23,3.34,0.));
#3158 = DIRECTION('',(0.,0.,1.));
#3159 = DIRECTION('',(-1.,0.,0.));
#3160 = DEFINITIONAL_REPRESENTATION('',(#3161),#3165);
#3161 = LINE('',#3162,#3163);
#3162 = CARTESIAN_POINT('',(-1.570796326795,0.95));
#3163 = VECTOR('',#3164,1.);
#3164 = DIRECTION('',(1.,-0.));
#3165 = ( GEOMETRIC_REPRESENTATION_CONTEXT(2) 
PARAMETRIC_REPRESENTATION_CONTEXT() REPRESENTATION_CONTEXT('2D SPACE',''
  ) );
#3166 = ORIENTED_EDGE('',*,*,#3167,.T.);
#3167 = EDGE_CURVE('',#3139,#977,#3168,.T.);
#3168 = SURFACE_CURVE('',#3169,(#3174,#3181),.PCURVE_S1.);
#3169 = CIRCLE('',#3170,5.E-02);
#3170 = AXIS2_PLACEMENT_3D('',#3171,#3172,#3173);
#3171 = CARTESIAN_POINT('',(-60.88,3.34,0.95));
#3172 = DIRECTION('',(6.E-17,1.,-0.));
#3173 = DIRECTION('',(-1.,6.E-17,0.));
#3174 = PCURVE('',#1025,#3175);
#3175 = DEFINITIONAL_REPRESENTATION('',(#3176),#3180);
#3176 = LINE('',#3177,#3178);
#3177 = CARTESIAN_POINT('',(1.570796326795,0.));
#3178 = VECTOR('',#3179,1.);
#3179 = DIRECTION('',(0.,1.));
#3180 = ( GEOMETRIC_REPRESENTATION_CONTEXT(2) 
PARAMETRIC_REPRESENTATION_CONTEXT() REPRESENTATION_CONTEXT('2D SPACE',''
  ) );
#3181 = PCURVE('',#992,#3182);
#3182 = DEFINITIONAL_REPRESENTATION('',(#3183),#3187);
#3183 = LINE('',#3184,#3185);
#3184 = CARTESIAN_POINT('',(-0.,0.));
#3185 = VECTOR('',#3186,1.);
#3186 = DIRECTION('',(-1.,0.));
#3187 = ( GEOMETRIC_REPRESENTATION_CONTEXT(2) 
PARAMETRIC_REPRESENTATION_CONTEXT() REPRESENTATION_CONTEXT('2D SPACE',''
  ) );
#3188 = ORIENTED_EDGE('',*,*,#1004,.F.);
#3189 = ADVANCED_FACE('',(#3190),#706,.T.);
#3190 = FACE_BOUND('',#3191,.F.);
#3191 = EDGE_LOOP('',(#3192,#3222,#3223,#3224));
#3192 = ORIENTED_EDGE('',*,*,#3193,.T.);
#3193 = EDGE_CURVE('',#3194,#691,#3196,.T.);
#3194 = VERTEX_POINT('',#3195);
#3195 = CARTESIAN_POINT('',(48.57,-8.459999970577,0.95));
#3196 = SURFACE_CURVE('',#3197,(#3202,#3212),.PCURVE_S1.);
#3197 = ELLIPSE('',#3198,7.071067811865E-02,5.E-02);
#3198 = AXIS2_PLACEMENT_3D('',#3199,#3200,#3201);
#3199 = CARTESIAN_POINT('',(48.52,-8.409999970577,0.95));
#3200 = DIRECTION('',(-0.707106781187,-0.707106781187,-0.));
#3201 = DIRECTION('',(-0.707106781187,0.707106781187,0.));
#3202 = PCURVE('',#706,#3203);
#3203 = DEFINITIONAL_REPRESENTATION('',(#3204),#3211);
#3204 = B_SPLINE_CURVE_WITH_KNOTS('',5,(#3205,#3206,#3207,#3208,#3209,
    #3210),.UNSPECIFIED.,.F.,.F.,(6,6),(3.14159265359,4.712388980385),
  .PIECEWISE_BEZIER_KNOTS.);
#3205 = CARTESIAN_POINT('',(0.,0.));
#3206 = CARTESIAN_POINT('',(-0.314159265359,1.E-17));
#3207 = CARTESIAN_POINT('',(-0.628303105479,-6.150638142512E-03));
#3208 = CARTESIAN_POINT('',(-0.942480391663,-1.857029304735E-02));
#3209 = CARTESIAN_POINT('',(-1.256637061436,-3.429203673205E-02));
#3210 = CARTESIAN_POINT('',(-1.570796326795,-5.E-02));
#3211 = ( GEOMETRIC_REPRESENTATION_CONTEXT(2) 
PARAMETRIC_REPRESENTATION_CONTEXT() REPRESENTATION_CONTEXT('2D SPACE',''
  ) );
#3212 = PCURVE('',#734,#3213);
#3213 = DEFINITIONAL_REPRESENTATION('',(#3214),#3221);
#3214 = B_SPLINE_CURVE_WITH_KNOTS('',5,(#3215,#3216,#3217,#3218,#3219,
    #3220),.UNSPECIFIED.,.F.,.F.,(6,6),(3.14159265359,4.712388980385),
  .PIECEWISE_BEZIER_KNOTS.);
#3215 = CARTESIAN_POINT('',(0.,1.E-02));
#3216 = CARTESIAN_POINT('',(-0.314159265359,1.E-02));
#3217 = CARTESIAN_POINT('',(-0.628303105479,1.615063814254E-02));
#3218 = CARTESIAN_POINT('',(-0.942480391663,2.857029304734E-02));
#3219 = CARTESIAN_POINT('',(-1.256637061436,4.429203673205E-02));
#3220 = CARTESIAN_POINT('',(-1.570796326795,6.E-02));
#3221 = ( GEOMETRIC_REPRESENTATION_CONTEXT(2) 
PARAMETRIC_REPRESENTATION_CONTEXT() REPRESENTATION_CONTEXT('2D SPACE',''
  ) );
#3222 = ORIENTED_EDGE('',*,*,#690,.T.);
#3223 = ORIENTED_EDGE('',*,*,#3076,.F.);
#3224 = ORIENTED_EDGE('',*,*,#3225,.F.);
#3225 = EDGE_CURVE('',#3194,#3077,#3226,.T.);
#3226 = SURFACE_CURVE('',#3227,(#3231,#3238),.PCURVE_S1.);
#3227 = LINE('',#3228,#3229);
#3228 = CARTESIAN_POINT('',(48.57,-8.459999970577,0.95));
#3229 = VECTOR('',#3230,1.);
#3230 = DIRECTION('',(1.,0.,0.));
#3231 = PCURVE('',#706,#3232);
#3232 = DEFINITIONAL_REPRESENTATION('',(#3233),#3237);
#3233 = LINE('',#3234,#3235);
#3234 = CARTESIAN_POINT('',(-0.,0.));
#3235 = VECTOR('',#3236,1.);
#3236 = DIRECTION('',(-0.,1.));
#3237 = ( GEOMETRIC_REPRESENTATION_CONTEXT(2) 
PARAMETRIC_REPRESENTATION_CONTEXT() REPRESENTATION_CONTEXT('2D SPACE',''
  ) );
#3238 = PCURVE('',#3239,#3244);
#3239 = PLANE('',#3240);
#3240 = AXIS2_PLACEMENT_3D('',#3241,#3242,#3243);
#3241 = CARTESIAN_POINT('',(48.57,-8.459999970577,0.));
#3242 = DIRECTION('',(0.,1.,0.));
#3243 = DIRECTION('',(1.,0.,0.));
#3244 = DEFINITIONAL_REPRESENTATION('',(#3245),#3249);
#3245 = LINE('',#3246,#3247);
#3246 = CARTESIAN_POINT('',(0.,-0.95));
#3247 = VECTOR('',#3248,1.);
#3248 = DIRECTION('',(1.,0.));
#3249 = ( GEOMETRIC_REPRESENTATION_CONTEXT(2) 
PARAMETRIC_REPRESENTATION_CONTEXT() REPRESENTATION_CONTEXT('2D SPACE',''
  ) );
#3250 = ADVANCED_FACE('',(#3251),#992,.T.);
#3251 = FACE_BOUND('',#3252,.F.);
#3252 = EDGE_LOOP('',(#3253,#3254,#3255,#3279));
#3253 = ORIENTED_EDGE('',*,*,#3167,.T.);
#3254 = ORIENTED_EDGE('',*,*,#976,.T.);
#3255 = ORIENTED_EDGE('',*,*,#3256,.F.);
#3256 = EDGE_CURVE('',#3257,#944,#3259,.T.);
#3257 = VERTEX_POINT('',#3258);
#3258 = CARTESIAN_POINT('',(-60.93,-3.26,0.95));
#3259 = SURFACE_CURVE('',#3260,(#3265,#3272),.PCURVE_S1.);
#3260 = CIRCLE('',#3261,5.E-02);
#3261 = AXIS2_PLACEMENT_3D('',#3262,#3263,#3264);
#3262 = CARTESIAN_POINT('',(-60.88,-3.26,0.95));
#3263 = DIRECTION('',(0.,1.,-0.));
#3264 = DIRECTION('',(-1.,0.,0.));
#3265 = PCURVE('',#992,#3266);
#3266 = DEFINITIONAL_REPRESENTATION('',(#3267),#3271);
#3267 = LINE('',#3268,#3269);
#3268 = CARTESIAN_POINT('',(-0.,6.6));
#3269 = VECTOR('',#3270,1.);
#3270 = DIRECTION('',(-1.,0.));
#3271 = ( GEOMETRIC_REPRESENTATION_CONTEXT(2) 
PARAMETRIC_REPRESENTATION_CONTEXT() REPRESENTATION_CONTEXT('2D SPACE',''
  ) );
#3272 = PCURVE('',#964,#3273);
#3273 = DEFINITIONAL_REPRESENTATION('',(#3274),#3278);
#3274 = LINE('',#3275,#3276);
#3275 = CARTESIAN_POINT('',(0.,0.));
#3276 = VECTOR('',#3277,1.);
#3277 = DIRECTION('',(0.,1.));
#3278 = ( GEOMETRIC_REPRESENTATION_CONTEXT(2) 
PARAMETRIC_REPRESENTATION_CONTEXT() REPRESENTATION_CONTEXT('2D SPACE',''
  ) );
#3279 = ORIENTED_EDGE('',*,*,#3280,.F.);
#3280 = EDGE_CURVE('',#3139,#3257,#3281,.T.);
#3281 = SURFACE_CURVE('',#3282,(#3286,#3293),.PCURVE_S1.);
#3282 = LINE('',#3283,#3284);
#3283 = CARTESIAN_POINT('',(-60.93,3.34,0.95));
#3284 = VECTOR('',#3285,1.);
#3285 = DIRECTION('',(0.,-1.,0.));
#3286 = PCURVE('',#992,#3287);
#3287 = DEFINITIONAL_REPRESENTATION('',(#3288),#3292);
#3288 = LINE('',#3289,#3290);
#3289 = CARTESIAN_POINT('',(-0.,0.));
#3290 = VECTOR('',#3291,1.);
#3291 = DIRECTION('',(-0.,1.));
#3292 = ( GEOMETRIC_REPRESENTATION_CONTEXT(2) 
PARAMETRIC_REPRESENTATION_CONTEXT() REPRESENTATION_CONTEXT('2D SPACE',''
  ) );
#3293 = PCURVE('',#3294,#3299);
#3294 = PLANE('',#3295);
#3295 = AXIS2_PLACEMENT_3D('',#3296,#3297,#3298);
#3296 = CARTESIAN_POINT('',(-60.93,5.04,0.));
#3297 = DIRECTION('',(1.,0.,0.));
#3298 = DIRECTION('',(0.,-1.,0.));
#3299 = DEFINITIONAL_REPRESENTATION('',(#3300),#3304);
#3300 = LINE('',#3301,#3302);
#3301 = CARTESIAN_POINT('',(1.7,-0.95));
#3302 = VECTOR('',#3303,1.);
#3303 = DIRECTION('',(1.,0.));
#3304 = ( GEOMETRIC_REPRESENTATION_CONTEXT(2) 
PARAMETRIC_REPRESENTATION_CONTEXT() REPRESENTATION_CONTEXT('2D SPACE',''
  ) );
#3305 = ADVANCED_FACE('',(#3306),#734,.T.);
#3306 = FACE_BOUND('',#3307,.F.);
#3307 = EDGE_LOOP('',(#3308,#3337,#3338,#3339));
#3308 = ORIENTED_EDGE('',*,*,#3309,.T.);
#3309 = EDGE_CURVE('',#3310,#719,#3312,.T.);
#3310 = VERTEX_POINT('',#3311);
#3311 = CARTESIAN_POINT('',(48.57,-8.469999970577,0.95));
#3312 = SURFACE_CURVE('',#3313,(#3318,#3325),.PCURVE_S1.);
#3313 = CIRCLE('',#3314,5.E-02);
#3314 = AXIS2_PLACEMENT_3D('',#3315,#3316,#3317);
#3315 = CARTESIAN_POINT('',(48.52,-8.469999970577,0.95));
#3316 = DIRECTION('',(-0.,-1.,-5.E-16));
#3317 = DIRECTION('',(0.,-5.E-16,1.));
#3318 = PCURVE('',#734,#3319);
#3319 = DEFINITIONAL_REPRESENTATION('',(#3320),#3324);
#3320 = LINE('',#3321,#3322);
#3321 = CARTESIAN_POINT('',(4.712388980385,-0.));
#3322 = VECTOR('',#3323,1.);
#3323 = DIRECTION('',(-1.,0.));
#3324 = ( GEOMETRIC_REPRESENTATION_CONTEXT(2) 
PARAMETRIC_REPRESENTATION_CONTEXT() REPRESENTATION_CONTEXT('2D SPACE',''
  ) );
#3325 = PCURVE('',#3326,#3331);
#3326 = TOROIDAL_SURFACE('',#3327,1.05,5.E-02);
#3327 = AXIS2_PLACEMENT_3D('',#3328,#3329,#3330);
#3328 = CARTESIAN_POINT('',(48.52,-8.469999970577,-0.1));
#3329 = DIRECTION('',(-1.,0.,0.));
#3330 = DIRECTION('',(0.,-0.984807753012,0.173648177667));
#3331 = DEFINITIONAL_REPRESENTATION('',(#3332),#3336);
#3332 = LINE('',#3333,#3334);
#3333 = CARTESIAN_POINT('',(1.396263401595,0.));
#3334 = VECTOR('',#3335,1.);
#3335 = DIRECTION('',(0.,1.));
#3336 = ( GEOMETRIC_REPRESENTATION_CONTEXT(2) 
PARAMETRIC_REPRESENTATION_CONTEXT() REPRESENTATION_CONTEXT('2D SPACE',''
  ) );
#3337 = ORIENTED_EDGE('',*,*,#718,.T.);
#3338 = ORIENTED_EDGE('',*,*,#3193,.F.);
#3339 = ORIENTED_EDGE('',*,*,#3340,.F.);
#3340 = EDGE_CURVE('',#3310,#3194,#3341,.T.);
#3341 = SURFACE_CURVE('',#3342,(#3346,#3353),.PCURVE_S1.);
#3342 = LINE('',#3343,#3344);
#3343 = CARTESIAN_POINT('',(48.57,-8.469999970577,0.95));
#3344 = VECTOR('',#3345,1.);
#3345 = DIRECTION('',(0.,1.,0.));
#3346 = PCURVE('',#734,#3347);
#3347 = DEFINITIONAL_REPRESENTATION('',(#3348),#3352);
#3348 = LINE('',#3349,#3350);
#3349 = CARTESIAN_POINT('',(-0.,0.));
#3350 = VECTOR('',#3351,1.);
#3351 = DIRECTION('',(-0.,1.));
#3352 = ( GEOMETRIC_REPRESENTATION_CONTEXT(2) 
PARAMETRIC_REPRESENTATION_CONTEXT() REPRESENTATION_CONTEXT('2D SPACE',''
  ) );
#3353 = PCURVE('',#3354,#3359);
#3354 = PLANE('',#3355);
#3355 = AXIS2_PLACEMENT_3D('',#3356,#3357,#3358);
#3356 = CARTESIAN_POINT('',(48.57,-8.459999970577,0.));
#3357 = DIRECTION('',(1.,0.,0.));
#3358 = DIRECTION('',(0.,-1.,0.));
#3359 = DEFINITIONAL_REPRESENTATION('',(#3360),#3364);
#3360 = LINE('',#3361,#3362);
#3361 = CARTESIAN_POINT('',(1.E-02,-0.95));
#3362 = VECTOR('',#3363,1.);
#3363 = DIRECTION('',(-1.,0.));
#3364 = ( GEOMETRIC_REPRESENTATION_CONTEXT(2) 
PARAMETRIC_REPRESENTATION_CONTEXT() REPRESENTATION_CONTEXT('2D SPACE',''
  ) );
#3365 = ADVANCED_FACE('',(#3366),#964,.T.);
#3366 = FACE_BOUND('',#3367,.T.);
#3367 = EDGE_LOOP('',(#3368,#3369,#3398,#3420));
#3368 = ORIENTED_EDGE('',*,*,#3256,.F.);
#3369 = ORIENTED_EDGE('',*,*,#3370,.T.);
#3370 = EDGE_CURVE('',#3257,#3371,#3373,.T.);
#3371 = VERTEX_POINT('',#3372);
#3372 = CARTESIAN_POINT('',(-59.23,-4.96,0.95));
#3373 = SURFACE_CURVE('',#3374,(#3379,#3386),.PCURVE_S1.);
#3374 = CIRCLE('',#3375,1.7);
#3375 = AXIS2_PLACEMENT_3D('',#3376,#3377,#3378);
#3376 = CARTESIAN_POINT('',(-59.23,-3.26,0.95));
#3377 = DIRECTION('',(0.,0.,1.));
#3378 = DIRECTION('',(-1.,0.,0.));
#3379 = PCURVE('',#964,#3380);
#3380 = DEFINITIONAL_REPRESENTATION('',(#3381),#3385);
#3381 = LINE('',#3382,#3383);
#3382 = CARTESIAN_POINT('',(0.,0.));
#3383 = VECTOR('',#3384,1.);
#3384 = DIRECTION('',(1.,0.));
#3385 = ( GEOMETRIC_REPRESENTATION_CONTEXT(2) 
PARAMETRIC_REPRESENTATION_CONTEXT() REPRESENTATION_CONTEXT('2D SPACE',''
  ) );
#3386 = PCURVE('',#3387,#3392);
#3387 = CYLINDRICAL_SURFACE('',#3388,1.7);
#3388 = AXIS2_PLACEMENT_3D('',#3389,#3390,#3391);
#3389 = CARTESIAN_POINT('',(-59.23,-3.26,0.));
#3390 = DIRECTION('',(0.,0.,1.));
#3391 = DIRECTION('',(0.,-1.,0.));
#3392 = DEFINITIONAL_REPRESENTATION('',(#3393),#3397);
#3393 = LINE('',#3394,#3395);
#3394 = CARTESIAN_POINT('',(-1.570796326795,0.95));
#3395 = VECTOR('',#3396,1.);
#3396 = DIRECTION('',(1.,-0.));
#3397 = ( GEOMETRIC_REPRESENTATION_CONTEXT(2) 
PARAMETRIC_REPRESENTATION_CONTEXT() REPRESENTATION_CONTEXT('2D SPACE',''
  ) );
#3398 = ORIENTED_EDGE('',*,*,#3399,.T.);
#3399 = EDGE_CURVE('',#3371,#916,#3400,.T.);
#3400 = SURFACE_CURVE('',#3401,(#3406,#3413),.PCURVE_S1.);
#3401 = CIRCLE('',#3402,5.E-02);
#3402 = AXIS2_PLACEMENT_3D('',#3403,#3404,#3405);
#3403 = CARTESIAN_POINT('',(-59.23,-4.91,0.95));
#3404 = DIRECTION('',(-1.,6.E-17,0.));
#3405 = DIRECTION('',(-6.E-17,-1.,0.));
#3406 = PCURVE('',#964,#3407);
#3407 = DEFINITIONAL_REPRESENTATION('',(#3408),#3412);
#3408 = LINE('',#3409,#3410);
#3409 = CARTESIAN_POINT('',(1.570796326795,0.));
#3410 = VECTOR('',#3411,1.);
#3411 = DIRECTION('',(0.,1.));
#3412 = ( GEOMETRIC_REPRESENTATION_CONTEXT(2) 
PARAMETRIC_REPRESENTATION_CONTEXT() REPRESENTATION_CONTEXT('2D SPACE',''
  ) );
#3413 = PCURVE('',#931,#3414);
#3414 = DEFINITIONAL_REPRESENTATION('',(#3415),#3419);
#3415 = LINE('',#3416,#3417);
#3416 = CARTESIAN_POINT('',(-0.,0.));
#3417 = VECTOR('',#3418,1.);
#3418 = DIRECTION('',(-1.,0.));
#3419 = ( GEOMETRIC_REPRESENTATION_CONTEXT(2) 
PARAMETRIC_REPRESENTATION_CONTEXT() REPRESENTATION_CONTEXT('2D SPACE',''
  ) );
#3420 = ORIENTED_EDGE('',*,*,#943,.F.);
#3421 = ADVANCED_FACE('',(#3422),#762,.T.);
#3422 = FACE_BOUND('',#3423,.T.);
#3423 = EDGE_LOOP('',(#3424,#3425,#3454,#3482));
#3424 = ORIENTED_EDGE('',*,*,#746,.F.);
#3425 = ORIENTED_EDGE('',*,*,#3426,.T.);
#3426 = EDGE_CURVE('',#747,#3427,#3429,.T.);
#3427 = VERTEX_POINT('',#3428);
#3428 = CARTESIAN_POINT('',(-43.38,-9.55328849889,9.101299543362E-02));
#3429 = SURFACE_CURVE('',#3430,(#3435,#3442),.PCURVE_S1.);
#3430 = CIRCLE('',#3431,1.1);
#3431 = AXIS2_PLACEMENT_3D('',#3432,#3433,#3434);
#3432 = CARTESIAN_POINT('',(-43.38,-8.469999970577,-0.1));
#3433 = DIRECTION('',(1.,0.,-0.));
#3434 = DIRECTION('',(0.,0.,1.));
#3435 = PCURVE('',#762,#3436);
#3436 = DEFINITIONAL_REPRESENTATION('',(#3437),#3441);
#3437 = LINE('',#3438,#3439);
#3438 = CARTESIAN_POINT('',(0.,5.E-02));
#3439 = VECTOR('',#3440,1.);
#3440 = DIRECTION('',(1.,0.));
#3441 = ( GEOMETRIC_REPRESENTATION_CONTEXT(2) 
PARAMETRIC_REPRESENTATION_CONTEXT() REPRESENTATION_CONTEXT('2D SPACE',''
  ) );
#3442 = PCURVE('',#3443,#3448);
#3443 = TOROIDAL_SURFACE('',#3444,1.05,5.E-02);
#3444 = AXIS2_PLACEMENT_3D('',#3445,#3446,#3447);
#3445 = CARTESIAN_POINT('',(-43.38,-8.469999970577,-0.1));
#3446 = DIRECTION('',(1.,0.,0.));
#3447 = DIRECTION('',(0.,0.,1.));
#3448 = DEFINITIONAL_REPRESENTATION('',(#3449),#3453);
#3449 = LINE('',#3450,#3451);
#3450 = CARTESIAN_POINT('',(0.,6.28318530718));
#3451 = VECTOR('',#3452,1.);
#3452 = DIRECTION('',(1.,0.));
#3453 = ( GEOMETRIC_REPRESENTATION_CONTEXT(2) 
PARAMETRIC_REPRESENTATION_CONTEXT() REPRESENTATION_CONTEXT('2D SPACE',''
  ) );
#3454 = ORIENTED_EDGE('',*,*,#3455,.T.);
#3455 = EDGE_CURVE('',#3427,#3456,#3458,.T.);
#3456 = VERTEX_POINT('',#3457);
#3457 = CARTESIAN_POINT('',(48.52,-9.55328849889,9.101299543362E-02));
#3458 = SURFACE_CURVE('',#3459,(#3463,#3470),.PCURVE_S1.);
#3459 = LINE('',#3460,#3461);
#3460 = CARTESIAN_POINT('',(-43.43,-9.55328849889,9.101299543362E-02));
#3461 = VECTOR('',#3462,1.);
#3462 = DIRECTION('',(1.,0.,0.));
#3463 = PCURVE('',#762,#3464);
#3464 = DEFINITIONAL_REPRESENTATION('',(#3465),#3469);
#3465 = LINE('',#3466,#3467);
#3466 = CARTESIAN_POINT('',(1.396263401595,0.));
#3467 = VECTOR('',#3468,1.);
#3468 = DIRECTION('',(0.,1.));
#3469 = ( GEOMETRIC_REPRESENTATION_CONTEXT(2) 
PARAMETRIC_REPRESENTATION_CONTEXT() REPRESENTATION_CONTEXT('2D SPACE',''
  ) );
#3470 = PCURVE('',#3471,#3476);
#3471 = PLANE('',#3472);
#3472 = AXIS2_PLACEMENT_3D('',#3473,#3474,#3475);
#3473 = CARTESIAN_POINT('',(2.57,-9.648794996607,-0.450631268723));
#3474 = DIRECTION('',(0.,-0.984807753012,0.173648177667));
#3475 = DIRECTION('',(1.,0.,0.));
#3476 = DEFINITIONAL_REPRESENTATION('',(#3477),#3481);
#3477 = LINE('',#3478,#3479);
#3478 = CARTESIAN_POINT('',(-46.,0.55));
#3479 = VECTOR('',#3480,1.);
#3480 = DIRECTION('',(1.,0.));
#3481 = ( GEOMETRIC_REPRESENTATION_CONTEXT(2) 
PARAMETRIC_REPRESENTATION_CONTEXT() REPRESENTATION_CONTEXT('2D SPACE',''
  ) );
#3482 = ORIENTED_EDGE('',*,*,#3483,.T.);
#3483 = EDGE_CURVE('',#3456,#719,#3484,.T.);
#3484 = SURFACE_CURVE('',#3485,(#3490,#3497),.PCURVE_S1.);
#3485 = CIRCLE('',#3486,1.1);
#3486 = AXIS2_PLACEMENT_3D('',#3487,#3488,#3489);
#3487 = CARTESIAN_POINT('',(48.52,-8.469999970577,-0.1));
#3488 = DIRECTION('',(-1.,0.,0.));
#3489 = DIRECTION('',(0.,-0.984807753012,0.173648177667));
#3490 = PCURVE('',#762,#3491);
#3491 = DEFINITIONAL_REPRESENTATION('',(#3492),#3496);
#3492 = LINE('',#3493,#3494);
#3493 = CARTESIAN_POINT('',(1.396263401595,91.95));
#3494 = VECTOR('',#3495,1.);
#3495 = DIRECTION('',(-1.,-0.));
#3496 = ( GEOMETRIC_REPRESENTATION_CONTEXT(2) 
PARAMETRIC_REPRESENTATION_CONTEXT() REPRESENTATION_CONTEXT('2D SPACE',''
  ) );
#3497 = PCURVE('',#3326,#3498);
#3498 = DEFINITIONAL_REPRESENTATION('',(#3499),#3503);
#3499 = LINE('',#3500,#3501);
#3500 = CARTESIAN_POINT('',(0.,6.28318530718));
#3501 = VECTOR('',#3502,1.);
#3502 = DIRECTION('',(1.,0.));
#3503 = ( GEOMETRIC_REPRESENTATION_CONTEXT(2) 
PARAMETRIC_REPRESENTATION_CONTEXT() REPRESENTATION_CONTEXT('2D SPACE',''
  ) );
#3504 = ADVANCED_FACE('',(#3505),#931,.T.);
#3505 = FACE_BOUND('',#3506,.F.);
#3506 = EDGE_LOOP('',(#3507,#3508,#3509,#3539));
#3507 = ORIENTED_EDGE('',*,*,#3399,.T.);
#3508 = ORIENTED_EDGE('',*,*,#915,.T.);
#3509 = ORIENTED_EDGE('',*,*,#3510,.F.);
#3510 = EDGE_CURVE('',#3511,#888,#3513,.T.);
#3511 = VERTEX_POINT('',#3512);
#3512 = CARTESIAN_POINT('',(-53.93,-4.96,0.95));
#3513 = SURFACE_CURVE('',#3514,(#3519,#3529),.PCURVE_S1.);
#3514 = ELLIPSE('',#3515,5.745806177633E-02,5.E-02);
#3515 = AXIS2_PLACEMENT_3D('',#3516,#3517,#3518);
#3516 = CARTESIAN_POINT('',(-53.90169048105,-4.91,0.95));
#3517 = DIRECTION('',(-0.870199906753,0.492698814984,0.));
#3518 = DIRECTION('',(0.492698814984,0.870199906753,0.));
#3519 = PCURVE('',#931,#3520);
#3520 = DEFINITIONAL_REPRESENTATION('',(#3521),#3528);
#3521 = B_SPLINE_CURVE_WITH_KNOTS('',5,(#3522,#3523,#3524,#3525,#3526,
    #3527),.UNSPECIFIED.,.F.,.F.,(6,6),(3.14159265359,4.712388980385),
  .PIECEWISE_BEZIER_KNOTS.);
#3522 = CARTESIAN_POINT('',(0.,5.3));
#3523 = CARTESIAN_POINT('',(-0.314159265359,5.3));
#3524 = CARTESIAN_POINT('',(-0.628311793398,5.303482587009));
#3525 = CARTESIAN_POINT('',(-0.942479089886,5.310514299618));
#3526 = CARTESIAN_POINT('',(-1.256637061436,5.319415821273));
#3527 = CARTESIAN_POINT('',(-1.570796326795,5.328309518948));
#3528 = ( GEOMETRIC_REPRESENTATION_CONTEXT(2) 
PARAMETRIC_REPRESENTATION_CONTEXT() REPRESENTATION_CONTEXT('2D SPACE',''
  ) );
#3529 = PCURVE('',#903,#3530);
#3530 = DEFINITIONAL_REPRESENTATION('',(#3531),#3538);
#3531 = B_SPLINE_CURVE_WITH_KNOTS('',5,(#3532,#3533,#3534,#3535,#3536,
    #3537),.UNSPECIFIED.,.F.,.F.,(6,6),(3.14159265359,4.712388980385),
  .PIECEWISE_BEZIER_KNOTS.);
#3532 = CARTESIAN_POINT('',(0.,3.56E-15));
#3533 = CARTESIAN_POINT('',(-0.314159265359,3.59E-15));
#3534 = CARTESIAN_POINT('',(-0.628311793398,-3.482587008577E-03));
#3535 = CARTESIAN_POINT('',(-0.942479089886,-1.051429961822E-02));
#3536 = CARTESIAN_POINT('',(-1.256637061436,-1.941582127293E-02));
#3537 = CARTESIAN_POINT('',(-1.570796326795,-2.830951894845E-02));
#3538 = ( GEOMETRIC_REPRESENTATION_CONTEXT(2) 
PARAMETRIC_REPRESENTATION_CONTEXT() REPRESENTATION_CONTEXT('2D SPACE',''
  ) );
#3539 = ORIENTED_EDGE('',*,*,#3540,.F.);
#3540 = EDGE_CURVE('',#3371,#3511,#3541,.T.);
#3541 = SURFACE_CURVE('',#3542,(#3546,#3553),.PCURVE_S1.);
#3542 = LINE('',#3543,#3544);
#3543 = CARTESIAN_POINT('',(-59.23,-4.96,0.95));
#3544 = VECTOR('',#3545,1.);
#3545 = DIRECTION('',(1.,0.,0.));
#3546 = PCURVE('',#931,#3547);
#3547 = DEFINITIONAL_REPRESENTATION('',(#3548),#3552);
#3548 = LINE('',#3549,#3550);
#3549 = CARTESIAN_POINT('',(-0.,0.));
#3550 = VECTOR('',#3551,1.);
#3551 = DIRECTION('',(-0.,1.));
#3552 = ( GEOMETRIC_REPRESENTATION_CONTEXT(2) 
PARAMETRIC_REPRESENTATION_CONTEXT() REPRESENTATION_CONTEXT('2D SPACE',''
  ) );
#3553 = PCURVE('',#3554,#3559);
#3554 = PLANE('',#3555);
#3555 = AXIS2_PLACEMENT_3D('',#3556,#3557,#3558);
#3556 = CARTESIAN_POINT('',(-60.93,-4.96,0.));
#3557 = DIRECTION('',(0.,1.,0.));
#3558 = DIRECTION('',(1.,0.,0.));
#3559 = DEFINITIONAL_REPRESENTATION('',(#3560),#3564);
#3560 = LINE('',#3561,#3562);
#3561 = CARTESIAN_POINT('',(1.7,-0.95));
#3562 = VECTOR('',#3563,1.);
#3563 = DIRECTION('',(1.,0.));
#3564 = ( GEOMETRIC_REPRESENTATION_CONTEXT(2) 
PARAMETRIC_REPRESENTATION_CONTEXT() REPRESENTATION_CONTEXT('2D SPACE',''
  ) );
#3565 = ADVANCED_FACE('',(#3566),#790,.T.);
#3566 = FACE_BOUND('',#3567,.F.);
#3567 = EDGE_LOOP('',(#3568,#3591,#3592,#3616));
#3568 = ORIENTED_EDGE('',*,*,#3569,.T.);
#3569 = EDGE_CURVE('',#3570,#775,#3572,.T.);
#3570 = VERTEX_POINT('',#3571);
#3571 = CARTESIAN_POINT('',(-43.43,-8.459999970577,0.95));
#3572 = SURFACE_CURVE('',#3573,(#3578,#3584),.PCURVE_S1.);
#3573 = CIRCLE('',#3574,5.E-02);
#3574 = AXIS2_PLACEMENT_3D('',#3575,#3576,#3577);
#3575 = CARTESIAN_POINT('',(-43.38000005574,-8.460074635908,0.95));
#3576 = DIRECTION('',(1.493306624583E-03,0.999998885017,0.));
#3577 = DIRECTION('',(0.999998885017,-1.493306624583E-03,0.));
#3578 = PCURVE('',#790,#3579);
#3579 = DEFINITIONAL_REPRESENTATION('',(#3580),#3583);
#3580 = B_SPLINE_CURVE_WITH_KNOTS('',1,(#3581,#3582),.UNSPECIFIED.,.F.,
  .F.,(2,2),(3.14159265359,4.712388980385),.PIECEWISE_BEZIER_KNOTS.);
#3581 = CARTESIAN_POINT('',(0.,0.));
#3582 = CARTESIAN_POINT('',(-1.570796326795,0.));
#3583 = ( GEOMETRIC_REPRESENTATION_CONTEXT(2) 
PARAMETRIC_REPRESENTATION_CONTEXT() REPRESENTATION_CONTEXT('2D SPACE',''
  ) );
#3584 = PCURVE('',#819,#3585);
#3585 = DEFINITIONAL_REPRESENTATION('',(#3586),#3590);
#3586 = LINE('',#3587,#3588);
#3587 = CARTESIAN_POINT('',(3.14457930718,0.));
#3588 = VECTOR('',#3589,1.);
#3589 = DIRECTION('',(0.,1.));
#3590 = ( GEOMETRIC_REPRESENTATION_CONTEXT(2) 
PARAMETRIC_REPRESENTATION_CONTEXT() REPRESENTATION_CONTEXT('2D SPACE',''
  ) );
#3591 = ORIENTED_EDGE('',*,*,#774,.T.);
#3592 = ORIENTED_EDGE('',*,*,#3593,.F.);
#3593 = EDGE_CURVE('',#3594,#747,#3596,.T.);
#3594 = VERTEX_POINT('',#3595);
#3595 = CARTESIAN_POINT('',(-43.43,-8.469999970577,0.95));
#3596 = SURFACE_CURVE('',#3597,(#3602,#3609),.PCURVE_S1.);
#3597 = CIRCLE('',#3598,5.E-02);
#3598 = AXIS2_PLACEMENT_3D('',#3599,#3600,#3601);
#3599 = CARTESIAN_POINT('',(-43.38,-8.469999970577,0.95));
#3600 = DIRECTION('',(0.,1.,-0.));
#3601 = DIRECTION('',(-1.,0.,0.));
#3602 = PCURVE('',#790,#3603);
#3603 = DEFINITIONAL_REPRESENTATION('',(#3604),#3608);
#3604 = LINE('',#3605,#3606);
#3605 = CARTESIAN_POINT('',(-0.,1.E-02));
#3606 = VECTOR('',#3607,1.);
#3607 = DIRECTION('',(-1.,0.));
#3608 = ( GEOMETRIC_REPRESENTATION_CONTEXT(2) 
PARAMETRIC_REPRESENTATION_CONTEXT() REPRESENTATION_CONTEXT('2D SPACE',''
  ) );
#3609 = PCURVE('',#3443,#3610);
#3610 = DEFINITIONAL_REPRESENTATION('',(#3611),#3615);
#3611 = LINE('',#3612,#3613);
#3612 = CARTESIAN_POINT('',(0.,4.712388980385));
#3613 = VECTOR('',#3614,1.);
#3614 = DIRECTION('',(0.,1.));
#3615 = ( GEOMETRIC_REPRESENTATION_CONTEXT(2) 
PARAMETRIC_REPRESENTATION_CONTEXT() REPRESENTATION_CONTEXT('2D SPACE',''
  ) );
#3616 = ORIENTED_EDGE('',*,*,#3617,.F.);
#3617 = EDGE_CURVE('',#3570,#3594,#3618,.T.);
#3618 = SURFACE_CURVE('',#3619,(#3623,#3630),.PCURVE_S1.);
#3619 = LINE('',#3620,#3621);
#3620 = CARTESIAN_POINT('',(-43.43,-8.459999970577,0.95));
#3621 = VECTOR('',#3622,1.);
#3622 = DIRECTION('',(0.,-1.,0.));
#3623 = PCURVE('',#790,#3624);
#3624 = DEFINITIONAL_REPRESENTATION('',(#3625),#3629);
#3625 = LINE('',#3626,#3627);
#3626 = CARTESIAN_POINT('',(-0.,0.));
#3627 = VECTOR('',#3628,1.);
#3628 = DIRECTION('',(-0.,1.));
#3629 = ( GEOMETRIC_REPRESENTATION_CONTEXT(2) 
PARAMETRIC_REPRESENTATION_CONTEXT() REPRESENTATION_CONTEXT('2D SPACE',''
  ) );
#3630 = PCURVE('',#3631,#3636);
#3631 = PLANE('',#3632);
#3632 = AXIS2_PLACEMENT_3D('',#3633,#3634,#3635);
#3633 = CARTESIAN_POINT('',(-43.43,-8.459999970577,0.));
#3634 = DIRECTION('',(1.,0.,0.));
#3635 = DIRECTION('',(0.,-1.,0.));
#3636 = DEFINITIONAL_REPRESENTATION('',(#3637),#3641);
#3637 = LINE('',#3638,#3639);
#3638 = CARTESIAN_POINT('',(0.,-0.95));
#3639 = VECTOR('',#3640,1.);
#3640 = DIRECTION('',(1.,0.));
#3641 = ( GEOMETRIC_REPRESENTATION_CONTEXT(2) 
PARAMETRIC_REPRESENTATION_CONTEXT() REPRESENTATION_CONTEXT('2D SPACE',''
  ) );
#3642 = ADVANCED_FACE('',(#3643),#903,.T.);
#3643 = FACE_BOUND('',#3644,.F.);
#3644 = EDGE_LOOP('',(#3645,#3646,#3647,#3677));
#3645 = ORIENTED_EDGE('',*,*,#3510,.T.);
#3646 = ORIENTED_EDGE('',*,*,#887,.T.);
#3647 = ORIENTED_EDGE('',*,*,#3648,.F.);
#3648 = EDGE_CURVE('',#3649,#860,#3651,.T.);
#3649 = VERTEX_POINT('',#3650);
#3650 = CARTESIAN_POINT('',(-50.93,-9.96,0.95));
#3651 = SURFACE_CURVE('',#3652,(#3657,#3667),.PCURVE_S1.);
#3652 = ELLIPSE('',#3653,5.745806177633E-02,5.E-02);
#3653 = AXIS2_PLACEMENT_3D('',#3654,#3655,#3656);
#3654 = CARTESIAN_POINT('',(-50.90169048105,-9.91,0.95));
#3655 = DIRECTION('',(-0.870199906753,0.492698814984,0.));
#3656 = DIRECTION('',(-0.492698814984,-0.870199906753,0.));
#3657 = PCURVE('',#903,#3658);
#3658 = DEFINITIONAL_REPRESENTATION('',(#3659),#3666);
#3659 = B_SPLINE_CURVE_WITH_KNOTS('',5,(#3660,#3661,#3662,#3663,#3664,
    #3665),.UNSPECIFIED.,.F.,.F.,(6,6),(0.,1.570796326795),
  .PIECEWISE_BEZIER_KNOTS.);
#3660 = CARTESIAN_POINT('',(1.1E-16,5.830951894845));
#3661 = CARTESIAN_POINT('',(-0.314159265359,5.830951894845));
#3662 = CARTESIAN_POINT('',(-0.628311793398,5.827469307837));
#3663 = CARTESIAN_POINT('',(-0.942479089886,5.820437595227));
#3664 = CARTESIAN_POINT('',(-1.256637061436,5.811536073572));
#3665 = CARTESIAN_POINT('',(-1.570796326795,5.802642375897));
#3666 = ( GEOMETRIC_REPRESENTATION_CONTEXT(2) 
PARAMETRIC_REPRESENTATION_CONTEXT() REPRESENTATION_CONTEXT('2D SPACE',''
  ) );
#3667 = PCURVE('',#875,#3668);
#3668 = DEFINITIONAL_REPRESENTATION('',(#3669),#3676);
#3669 = B_SPLINE_CURVE_WITH_KNOTS('',5,(#3670,#3671,#3672,#3673,#3674,
    #3675),.UNSPECIFIED.,.F.,.F.,(6,6),(0.,1.570796326795),
  .PIECEWISE_BEZIER_KNOTS.);
#3670 = CARTESIAN_POINT('',(0.,0.));
#3671 = CARTESIAN_POINT('',(-0.314159265359,-1.E-17));
#3672 = CARTESIAN_POINT('',(-0.628311793398,3.482587008612E-03));
#3673 = CARTESIAN_POINT('',(-0.942479089886,1.051429961821E-02));
#3674 = CARTESIAN_POINT('',(-1.256637061436,1.941582127294E-02));
#3675 = CARTESIAN_POINT('',(-1.570796326795,2.830951894845E-02));
#3676 = ( GEOMETRIC_REPRESENTATION_CONTEXT(2) 
PARAMETRIC_REPRESENTATION_CONTEXT() REPRESENTATION_CONTEXT('2D SPACE',''
  ) );
#3677 = ORIENTED_EDGE('',*,*,#3678,.F.);
#3678 = EDGE_CURVE('',#3511,#3649,#3679,.T.);
#3679 = SURFACE_CURVE('',#3680,(#3684,#3691),.PCURVE_S1.);
#3680 = LINE('',#3681,#3682);
#3681 = CARTESIAN_POINT('',(-53.93,-4.96,0.95));
#3682 = VECTOR('',#3683,1.);
#3683 = DIRECTION('',(0.514495755428,-0.857492925713,0.));
#3684 = PCURVE('',#903,#3685);
#3685 = DEFINITIONAL_REPRESENTATION('',(#3686),#3690);
#3686 = LINE('',#3687,#3688);
#3687 = CARTESIAN_POINT('',(-0.,0.));
#3688 = VECTOR('',#3689,1.);
#3689 = DIRECTION('',(-0.,1.));
#3690 = ( GEOMETRIC_REPRESENTATION_CONTEXT(2) 
PARAMETRIC_REPRESENTATION_CONTEXT() REPRESENTATION_CONTEXT('2D SPACE',''
  ) );
#3691 = PCURVE('',#3692,#3697);
#3692 = PLANE('',#3693);
#3693 = AXIS2_PLACEMENT_3D('',#3694,#3695,#3696);
#3694 = CARTESIAN_POINT('',(-53.93,-4.96,0.));
#3695 = DIRECTION('',(0.857492925713,0.514495755428,0.));
#3696 = DIRECTION('',(0.514495755428,-0.857492925713,0.));
#3697 = DEFINITIONAL_REPRESENTATION('',(#3698),#3702);
#3698 = LINE('',#3699,#3700);
#3699 = CARTESIAN_POINT('',(-7.616067116634E-16,-0.95));
#3700 = VECTOR('',#3701,1.);
#3701 = DIRECTION('',(1.,0.));
#3702 = ( GEOMETRIC_REPRESENTATION_CONTEXT(2) 
PARAMETRIC_REPRESENTATION_CONTEXT() REPRESENTATION_CONTEXT('2D SPACE',''
  ) );
#3703 = ADVANCED_FACE('',(#3704),#819,.T.);
#3704 = FACE_BOUND('',#3705,.T.);
#3705 = EDGE_LOOP('',(#3706,#3729,#3756,#3757));
#3706 = ORIENTED_EDGE('',*,*,#3707,.F.);
#3707 = EDGE_CURVE('',#3708,#803,#3710,.T.);
#3708 = VERTEX_POINT('',#3709);
#3709 = CARTESIAN_POINT('',(-44.93,-8.46,0.95));
#3710 = SURFACE_CURVE('',#3711,(#3716,#3722),.PCURVE_S1.);
#3711 = CIRCLE('',#3712,5.E-02);
#3712 = AXIS2_PLACEMENT_3D('',#3713,#3714,#3715);
#3713 = CARTESIAN_POINT('',(-44.98,-8.46,0.95));
#3714 = DIRECTION('',(0.,-1.,0.));
#3715 = DIRECTION('',(1.,0.,0.));
#3716 = PCURVE('',#819,#3717);
#3717 = DEFINITIONAL_REPRESENTATION('',(#3718),#3721);
#3718 = B_SPLINE_CURVE_WITH_KNOTS('',1,(#3719,#3720),.UNSPECIFIED.,.F.,
  .F.,(2,2),(0.,1.570796326795),.PIECEWISE_BEZIER_KNOTS.);
#3719 = CARTESIAN_POINT('',(0.,3.14159265359));
#3720 = CARTESIAN_POINT('',(0.,4.712388980385));
#3721 = ( GEOMETRIC_REPRESENTATION_CONTEXT(2) 
PARAMETRIC_REPRESENTATION_CONTEXT() REPRESENTATION_CONTEXT('2D SPACE',''
  ) );
#3722 = PCURVE('',#847,#3723);
#3723 = DEFINITIONAL_REPRESENTATION('',(#3724),#3728);
#3724 = LINE('',#3725,#3726);
#3725 = CARTESIAN_POINT('',(-0.,1.5));
#3726 = VECTOR('',#3727,1.);
#3727 = DIRECTION('',(-1.,0.));
#3728 = ( GEOMETRIC_REPRESENTATION_CONTEXT(2) 
PARAMETRIC_REPRESENTATION_CONTEXT() REPRESENTATION_CONTEXT('2D SPACE',''
  ) );
#3729 = ORIENTED_EDGE('',*,*,#3730,.T.);
#3730 = EDGE_CURVE('',#3708,#3570,#3731,.T.);
#3731 = SURFACE_CURVE('',#3732,(#3737,#3744),.PCURVE_S1.);
#3732 = CIRCLE('',#3733,0.75000083626);
#3733 = AXIS2_PLACEMENT_3D('',#3734,#3735,#3736);
#3734 = CARTESIAN_POINT('',(-44.18000000002,-8.45887998936,0.95));
#3735 = DIRECTION('',(0.,0.,-1.));
#3736 = DIRECTION('',(-0.999998884958,-1.493345855159E-03,-0.));
#3737 = PCURVE('',#819,#3738);
#3738 = DEFINITIONAL_REPRESENTATION('',(#3739),#3743);
#3739 = LINE('',#3740,#3741);
#3740 = CARTESIAN_POINT('',(0.,3.14159265359));
#3741 = VECTOR('',#3742,1.);
#3742 = DIRECTION('',(1.,0.));
#3743 = ( GEOMETRIC_REPRESENTATION_CONTEXT(2) 
PARAMETRIC_REPRESENTATION_CONTEXT() REPRESENTATION_CONTEXT('2D SPACE',''
  ) );
#3744 = PCURVE('',#3745,#3750);
#3745 = CYLINDRICAL_SURFACE('',#3746,0.75000083626);
#3746 = AXIS2_PLACEMENT_3D('',#3747,#3748,#3749);
#3747 = CARTESIAN_POINT('',(-44.18000000002,-8.45887998936,0.));
#3748 = DIRECTION('',(-0.,-0.,-1.));
#3749 = DIRECTION('',(1.,0.,0.));
#3750 = DEFINITIONAL_REPRESENTATION('',(#3751),#3755);
#3751 = LINE('',#3752,#3753);
#3752 = CARTESIAN_POINT('',(-9.42627130718,-0.95));
#3753 = VECTOR('',#3754,1.);
#3754 = DIRECTION('',(1.,-0.));
#3755 = ( GEOMETRIC_REPRESENTATION_CONTEXT(2) 
PARAMETRIC_REPRESENTATION_CONTEXT() REPRESENTATION_CONTEXT('2D SPACE',''
  ) );
#3756 = ORIENTED_EDGE('',*,*,#3569,.T.);
#3757 = ORIENTED_EDGE('',*,*,#802,.F.);
#3758 = ADVANCED_FACE('',(#3759),#875,.T.);
#3759 = FACE_BOUND('',#3760,.F.);
#3760 = EDGE_LOOP('',(#3761,#3762,#3763,#3793));
#3761 = ORIENTED_EDGE('',*,*,#3648,.T.);
#3762 = ORIENTED_EDGE('',*,*,#859,.T.);
#3763 = ORIENTED_EDGE('',*,*,#3764,.F.);
#3764 = EDGE_CURVE('',#3765,#832,#3767,.T.);
#3765 = VERTEX_POINT('',#3766);
#3766 = CARTESIAN_POINT('',(-44.93,-9.96,0.95));
#3767 = SURFACE_CURVE('',#3768,(#3773,#3783),.PCURVE_S1.);
#3768 = ELLIPSE('',#3769,7.071067811865E-02,5.E-02);
#3769 = AXIS2_PLACEMENT_3D('',#3770,#3771,#3772);
#3770 = CARTESIAN_POINT('',(-44.98,-9.91,0.95));
#3771 = DIRECTION('',(-0.707106781187,-0.707106781187,0.));
#3772 = DIRECTION('',(0.707106781187,-0.707106781187,0.));
#3773 = PCURVE('',#875,#3774);
#3774 = DEFINITIONAL_REPRESENTATION('',(#3775),#3782);
#3775 = B_SPLINE_CURVE_WITH_KNOTS('',5,(#3776,#3777,#3778,#3779,#3780,
    #3781),.UNSPECIFIED.,.F.,.F.,(6,6),(0.,1.570796326795),
  .PIECEWISE_BEZIER_KNOTS.);
#3776 = CARTESIAN_POINT('',(0.,6.));
#3777 = CARTESIAN_POINT('',(-0.314159265359,6.));
#3778 = CARTESIAN_POINT('',(-0.628303105479,5.993849361858));
#3779 = CARTESIAN_POINT('',(-0.942480391663,5.981429706953));
#3780 = CARTESIAN_POINT('',(-1.256637061436,5.965707963268));
#3781 = CARTESIAN_POINT('',(-1.570796326795,5.95));
#3782 = ( GEOMETRIC_REPRESENTATION_CONTEXT(2) 
PARAMETRIC_REPRESENTATION_CONTEXT() REPRESENTATION_CONTEXT('2D SPACE',''
  ) );
#3783 = PCURVE('',#847,#3784);
#3784 = DEFINITIONAL_REPRESENTATION('',(#3785),#3792);
#3785 = B_SPLINE_CURVE_WITH_KNOTS('',5,(#3786,#3787,#3788,#3789,#3790,
    #3791),.UNSPECIFIED.,.F.,.F.,(6,6),(0.,1.570796326795),
  .PIECEWISE_BEZIER_KNOTS.);
#3786 = CARTESIAN_POINT('',(1.1E-16,0.));
#3787 = CARTESIAN_POINT('',(-0.314159265359,-1.E-17));
#3788 = CARTESIAN_POINT('',(-0.628303105478,6.150638142538E-03));
#3789 = CARTESIAN_POINT('',(-0.942480391663,1.857029304734E-02));
#3790 = CARTESIAN_POINT('',(-1.256637061436,3.429203673205E-02));
#3791 = CARTESIAN_POINT('',(-1.570796326795,5.E-02));
#3792 = ( GEOMETRIC_REPRESENTATION_CONTEXT(2) 
PARAMETRIC_REPRESENTATION_CONTEXT() REPRESENTATION_CONTEXT('2D SPACE',''
  ) );
#3793 = ORIENTED_EDGE('',*,*,#3794,.F.);
#3794 = EDGE_CURVE('',#3649,#3765,#3795,.T.);
#3795 = SURFACE_CURVE('',#3796,(#3800,#3807),.PCURVE_S1.);
#3796 = LINE('',#3797,#3798);
#3797 = CARTESIAN_POINT('',(-50.93,-9.96,0.95));
#3798 = VECTOR('',#3799,1.);
#3799 = DIRECTION('',(1.,0.,0.));
#3800 = PCURVE('',#875,#3801);
#3801 = DEFINITIONAL_REPRESENTATION('',(#3802),#3806);
#3802 = LINE('',#3803,#3804);
#3803 = CARTESIAN_POINT('',(-0.,0.));
#3804 = VECTOR('',#3805,1.);
#3805 = DIRECTION('',(-0.,1.));
#3806 = ( GEOMETRIC_REPRESENTATION_CONTEXT(2) 
PARAMETRIC_REPRESENTATION_CONTEXT() REPRESENTATION_CONTEXT('2D SPACE',''
  ) );
#3807 = PCURVE('',#3808,#3813);
#3808 = PLANE('',#3809);
#3809 = AXIS2_PLACEMENT_3D('',#3810,#3811,#3812);
#3810 = CARTESIAN_POINT('',(-50.93,-9.96,0.));
#3811 = DIRECTION('',(0.,1.,0.));
#3812 = DIRECTION('',(1.,0.,0.));
#3813 = DEFINITIONAL_REPRESENTATION('',(#3814),#3818);
#3814 = LINE('',#3815,#3816);
#3815 = CARTESIAN_POINT('',(0.,-0.95));
#3816 = VECTOR('',#3817,1.);
#3817 = DIRECTION('',(1.,0.));
#3818 = ( GEOMETRIC_REPRESENTATION_CONTEXT(2) 
PARAMETRIC_REPRESENTATION_CONTEXT() REPRESENTATION_CONTEXT('2D SPACE',''
  ) );
#3819 = ADVANCED_FACE('',(#3820),#847,.T.);
#3820 = FACE_BOUND('',#3821,.F.);
#3821 = EDGE_LOOP('',(#3822,#3823,#3824,#3825));
#3822 = ORIENTED_EDGE('',*,*,#3764,.T.);
#3823 = ORIENTED_EDGE('',*,*,#831,.T.);
#3824 = ORIENTED_EDGE('',*,*,#3707,.F.);
#3825 = ORIENTED_EDGE('',*,*,#3826,.F.);
#3826 = EDGE_CURVE('',#3765,#3708,#3827,.T.);
#3827 = SURFACE_CURVE('',#3828,(#3832,#3839),.PCURVE_S1.);
#3828 = LINE('',#3829,#3830);
#3829 = CARTESIAN_POINT('',(-44.93,-9.96,0.95));
#3830 = VECTOR('',#3831,1.);
#3831 = DIRECTION('',(0.,1.,0.));
#3832 = PCURVE('',#847,#3833);
#3833 = DEFINITIONAL_REPRESENTATION('',(#3834),#3838);
#3834 = LINE('',#3835,#3836);
#3835 = CARTESIAN_POINT('',(-0.,0.));
#3836 = VECTOR('',#3837,1.);
#3837 = DIRECTION('',(-0.,1.));
#3838 = ( GEOMETRIC_REPRESENTATION_CONTEXT(2) 
PARAMETRIC_REPRESENTATION_CONTEXT() REPRESENTATION_CONTEXT('2D SPACE',''
  ) );
#3839 = PCURVE('',#3840,#3845);
#3840 = PLANE('',#3841);
#3841 = AXIS2_PLACEMENT_3D('',#3842,#3843,#3844);
#3842 = CARTESIAN_POINT('',(-44.93,-9.96,0.));
#3843 = DIRECTION('',(-1.,0.,0.));
#3844 = DIRECTION('',(0.,1.,0.));
#3845 = DEFINITIONAL_REPRESENTATION('',(#3846),#3850);
#3846 = LINE('',#3847,#3848);
#3847 = CARTESIAN_POINT('',(0.,-0.95));
#3848 = VECTOR('',#3849,1.);
#3849 = DIRECTION('',(1.,0.));
#3850 = ( GEOMETRIC_REPRESENTATION_CONTEXT(2) 
PARAMETRIC_REPRESENTATION_CONTEXT() REPRESENTATION_CONTEXT('2D SPACE',''
  ) );
#3851 = ADVANCED_FACE('',(#3852),#1214,.T.);
#3852 = FACE_BOUND('',#3853,.T.);
#3853 = EDGE_LOOP('',(#3854,#3878,#3905,#3906));
#3854 = ORIENTED_EDGE('',*,*,#3855,.F.);
#3855 = EDGE_CURVE('',#3856,#1198,#3858,.T.);
#3856 = VERTEX_POINT('',#3857);
#3857 = CARTESIAN_POINT('',(13.145,4.E-02,0.95));
#3858 = SEAM_CURVE('',#3859,(#3864,#3871),.PCURVE_S1.);
#3859 = CIRCLE('',#3860,5.E-02);
#3860 = AXIS2_PLACEMENT_3D('',#3861,#3862,#3863);
#3861 = CARTESIAN_POINT('',(13.195,4.E-02,0.95));
#3862 = DIRECTION('',(2.4E-16,1.,0.));
#3863 = DIRECTION('',(1.,-2.4E-16,0.));
#3864 = PCURVE('',#1214,#3865);
#3865 = DEFINITIONAL_REPRESENTATION('',(#3866),#3870);
#3866 = LINE('',#3867,#3868);
#3867 = CARTESIAN_POINT('',(0.,0.));
#3868 = VECTOR('',#3869,1.);
#3869 = DIRECTION('',(0.,1.));
#3870 = ( GEOMETRIC_REPRESENTATION_CONTEXT(2) 
PARAMETRIC_REPRESENTATION_CONTEXT() REPRESENTATION_CONTEXT('2D SPACE',''
  ) );
#3871 = PCURVE('',#1214,#3872);
#3872 = DEFINITIONAL_REPRESENTATION('',(#3873),#3877);
#3873 = LINE('',#3874,#3875);
#3874 = CARTESIAN_POINT('',(6.28318530718,0.));
#3875 = VECTOR('',#3876,1.);
#3876 = DIRECTION('',(0.,1.));
#3877 = ( GEOMETRIC_REPRESENTATION_CONTEXT(2) 
PARAMETRIC_REPRESENTATION_CONTEXT() REPRESENTATION_CONTEXT('2D SPACE',''
  ) );
#3878 = ORIENTED_EDGE('',*,*,#3879,.T.);
#3879 = EDGE_CURVE('',#3856,#3856,#3880,.T.);
#3880 = SURFACE_CURVE('',#3881,(#3886,#3893),.PCURVE_S1.);
#3881 = CIRCLE('',#3882,1.625);
#3882 = AXIS2_PLACEMENT_3D('',#3883,#3884,#3885);
#3883 = CARTESIAN_POINT('',(11.52,4.E-02,0.95));
#3884 = DIRECTION('',(0.,0.,-1.));
#3885 = DIRECTION('',(1.,-2.4E-16,0.));
#3886 = PCURVE('',#1214,#3887);
#3887 = DEFINITIONAL_REPRESENTATION('',(#3888),#3892);
#3888 = LINE('',#3889,#3890);
#3889 = CARTESIAN_POINT('',(0.,3.14159265359));
#3890 = VECTOR('',#3891,1.);
#3891 = DIRECTION('',(1.,0.));
#3892 = ( GEOMETRIC_REPRESENTATION_CONTEXT(2) 
PARAMETRIC_REPRESENTATION_CONTEXT() REPRESENTATION_CONTEXT('2D SPACE',''
  ) );
#3893 = PCURVE('',#3894,#3899);
#3894 = CYLINDRICAL_SURFACE('',#3895,1.625);
#3895 = AXIS2_PLACEMENT_3D('',#3896,#3897,#3898);
#3896 = CARTESIAN_POINT('',(11.52,4.E-02,0.));
#3897 = DIRECTION('',(-0.,-0.,-1.));
#3898 = DIRECTION('',(1.,0.,0.));
#3899 = DEFINITIONAL_REPRESENTATION('',(#3900),#3904);
#3900 = LINE('',#3901,#3902);
#3901 = CARTESIAN_POINT('',(-6.28318530718,-0.95));
#3902 = VECTOR('',#3903,1.);
#3903 = DIRECTION('',(1.,-0.));
#3904 = ( GEOMETRIC_REPRESENTATION_CONTEXT(2) 
PARAMETRIC_REPRESENTATION_CONTEXT() REPRESENTATION_CONTEXT('2D SPACE',''
  ) );
#3905 = ORIENTED_EDGE('',*,*,#3855,.T.);
#3906 = ORIENTED_EDGE('',*,*,#1197,.F.);
#3907 = ADVANCED_FACE('',(#3908),#1245,.T.);
#3908 = FACE_BOUND('',#3909,.T.);
#3909 = EDGE_LOOP('',(#3910,#3934,#3961,#3962));
#3910 = ORIENTED_EDGE('',*,*,#3911,.F.);
#3911 = EDGE_CURVE('',#3912,#1229,#3914,.T.);
#3912 = VERTEX_POINT('',#3913);
#3913 = CARTESIAN_POINT('',(3.145,4.E-02,0.95));
#3914 = SEAM_CURVE('',#3915,(#3920,#3927),.PCURVE_S1.);
#3915 = CIRCLE('',#3916,5.E-02);
#3916 = AXIS2_PLACEMENT_3D('',#3917,#3918,#3919);
#3917 = CARTESIAN_POINT('',(3.195,4.E-02,0.95));
#3918 = DIRECTION('',(2.5E-16,1.,0.));
#3919 = DIRECTION('',(1.,-2.5E-16,0.));
#3920 = PCURVE('',#1245,#3921);
#3921 = DEFINITIONAL_REPRESENTATION('',(#3922),#3926);
#3922 = LINE('',#3923,#3924);
#3923 = CARTESIAN_POINT('',(0.,0.));
#3924 = VECTOR('',#3925,1.);
#3925 = DIRECTION('',(0.,1.));
#3926 = ( GEOMETRIC_REPRESENTATION_CONTEXT(2) 
PARAMETRIC_REPRESENTATION_CONTEXT() REPRESENTATION_CONTEXT('2D SPACE',''
  ) );
#3927 = PCURVE('',#1245,#3928);
#3928 = DEFINITIONAL_REPRESENTATION('',(#3929),#3933);
#3929 = LINE('',#3930,#3931);
#3930 = CARTESIAN_POINT('',(6.28318530718,0.));
#3931 = VECTOR('',#3932,1.);
#3932 = DIRECTION('',(0.,1.));
#3933 = ( GEOMETRIC_REPRESENTATION_CONTEXT(2) 
PARAMETRIC_REPRESENTATION_CONTEXT() REPRESENTATION_CONTEXT('2D SPACE',''
  ) );
#3934 = ORIENTED_EDGE('',*,*,#3935,.T.);
#3935 = EDGE_CURVE('',#3912,#3912,#3936,.T.);
#3936 = SURFACE_CURVE('',#3937,(#3942,#3949),.PCURVE_S1.);
#3937 = CIRCLE('',#3938,1.625);
#3938 = AXIS2_PLACEMENT_3D('',#3939,#3940,#3941);
#3939 = CARTESIAN_POINT('',(1.52,4.E-02,0.95));
#3940 = DIRECTION('',(0.,0.,-1.));
#3941 = DIRECTION('',(1.,-2.5E-16,0.));
#3942 = PCURVE('',#1245,#3943);
#3943 = DEFINITIONAL_REPRESENTATION('',(#3944),#3948);
#3944 = LINE('',#3945,#3946);
#3945 = CARTESIAN_POINT('',(0.,3.14159265359));
#3946 = VECTOR('',#3947,1.);
#3947 = DIRECTION('',(1.,0.));
#3948 = ( GEOMETRIC_REPRESENTATION_CONTEXT(2) 
PARAMETRIC_REPRESENTATION_CONTEXT() REPRESENTATION_CONTEXT('2D SPACE',''
  ) );
#3949 = PCURVE('',#3950,#3955);
#3950 = CYLINDRICAL_SURFACE('',#3951,1.625);
#3951 = AXIS2_PLACEMENT_3D('',#3952,#3953,#3954);
#3952 = CARTESIAN_POINT('',(1.52,4.E-02,0.));
#3953 = DIRECTION('',(-0.,-0.,-1.));
#3954 = DIRECTION('',(1.,0.,0.));
#3955 = DEFINITIONAL_REPRESENTATION('',(#3956),#3960);
#3956 = LINE('',#3957,#3958);
#3957 = CARTESIAN_POINT('',(-6.28318530718,-0.95));
#3958 = VECTOR('',#3959,1.);
#3959 = DIRECTION('',(1.,-0.));
#3960 = ( GEOMETRIC_REPRESENTATION_CONTEXT(2) 
PARAMETRIC_REPRESENTATION_CONTEXT() REPRESENTATION_CONTEXT('2D SPACE',''
  ) );
#3961 = ORIENTED_EDGE('',*,*,#3911,.T.);
#3962 = ORIENTED_EDGE('',*,*,#1228,.F.);
#3963 = ADVANCED_FACE('',(#3964),#1276,.T.);
#3964 = FACE_BOUND('',#3965,.T.);
#3965 = EDGE_LOOP('',(#3966,#3990,#4017,#4018));
#3966 = ORIENTED_EDGE('',*,*,#3967,.F.);
#3967 = EDGE_CURVE('',#3968,#1260,#3970,.T.);
#3968 = VERTEX_POINT('',#3969);
#3969 = CARTESIAN_POINT('',(-26.555,4.E-02,0.95));
#3970 = SEAM_CURVE('',#3971,(#3976,#3983),.PCURVE_S1.);
#3971 = CIRCLE('',#3972,5.E-02);
#3972 = AXIS2_PLACEMENT_3D('',#3973,#3974,#3975);
#3973 = CARTESIAN_POINT('',(-26.505,4.E-02,0.95));
#3974 = DIRECTION('',(2.5E-16,1.,0.));
#3975 = DIRECTION('',(1.,-2.5E-16,0.));
#3976 = PCURVE('',#1276,#3977);
#3977 = DEFINITIONAL_REPRESENTATION('',(#3978),#3982);
#3978 = LINE('',#3979,#3980);
#3979 = CARTESIAN_POINT('',(0.,0.));
#3980 = VECTOR('',#3981,1.);
#3981 = DIRECTION('',(0.,1.));
#3982 = ( GEOMETRIC_REPRESENTATION_CONTEXT(2) 
PARAMETRIC_REPRESENTATION_CONTEXT() REPRESENTATION_CONTEXT('2D SPACE',''
  ) );
#3983 = PCURVE('',#1276,#3984);
#3984 = DEFINITIONAL_REPRESENTATION('',(#3985),#3989);
#3985 = LINE('',#3986,#3987);
#3986 = CARTESIAN_POINT('',(6.28318530718,0.));
#3987 = VECTOR('',#3988,1.);
#3988 = DIRECTION('',(0.,1.));
#3989 = ( GEOMETRIC_REPRESENTATION_CONTEXT(2) 
PARAMETRIC_REPRESENTATION_CONTEXT() REPRESENTATION_CONTEXT('2D SPACE',''
  ) );
#3990 = ORIENTED_EDGE('',*,*,#3991,.T.);
#3991 = EDGE_CURVE('',#3968,#3968,#3992,.T.);
#3992 = SURFACE_CURVE('',#3993,(#3998,#4005),.PCURVE_S1.);
#3993 = CIRCLE('',#3994,1.625);
#3994 = AXIS2_PLACEMENT_3D('',#3995,#3996,#3997);
#3995 = CARTESIAN_POINT('',(-28.18,4.E-02,0.95));
#3996 = DIRECTION('',(0.,0.,-1.));
#3997 = DIRECTION('',(1.,-2.5E-16,0.));
#3998 = PCURVE('',#1276,#3999);
#3999 = DEFINITIONAL_REPRESENTATION('',(#4000),#4004);
#4000 = LINE('',#4001,#4002);
#4001 = CARTESIAN_POINT('',(0.,3.14159265359));
#4002 = VECTOR('',#4003,1.);
#4003 = DIRECTION('',(1.,0.));
#4004 = ( GEOMETRIC_REPRESENTATION_CONTEXT(2) 
PARAMETRIC_REPRESENTATION_CONTEXT() REPRESENTATION_CONTEXT('2D SPACE',''
  ) );
#4005 = PCURVE('',#4006,#4011);
#4006 = CYLINDRICAL_SURFACE('',#4007,1.625);
#4007 = AXIS2_PLACEMENT_3D('',#4008,#4009,#4010);
#4008 = CARTESIAN_POINT('',(-28.18,4.E-02,0.));
#4009 = DIRECTION('',(-0.,-0.,-1.));
#4010 = DIRECTION('',(1.,0.,0.));
#4011 = DEFINITIONAL_REPRESENTATION('',(#4012),#4016);
#4012 = LINE('',#4013,#4014);
#4013 = CARTESIAN_POINT('',(-6.28318530718,-0.95));
#4014 = VECTOR('',#4015,1.);
#4015 = DIRECTION('',(1.,-0.));
#4016 = ( GEOMETRIC_REPRESENTATION_CONTEXT(2) 
PARAMETRIC_REPRESENTATION_CONTEXT() REPRESENTATION_CONTEXT('2D SPACE',''
  ) );
#4017 = ORIENTED_EDGE('',*,*,#3967,.T.);
#4018 = ORIENTED_EDGE('',*,*,#1259,.F.);
#4019 = ADVANCED_FACE('',(#4020),#1309,.T.);
#4020 = FACE_BOUND('',#4021,.F.);
#4021 = EDGE_LOOP('',(#4022,#4046,#4047,#4071));
#4022 = ORIENTED_EDGE('',*,*,#4023,.F.);
#4023 = EDGE_CURVE('',#1291,#4024,#4026,.T.);
#4024 = VERTEX_POINT('',#4025);
#4025 = CARTESIAN_POINT('',(20.57,-3.06,0.95));
#4026 = SURFACE_CURVE('',#4027,(#4032,#4039),.PCURVE_S1.);
#4027 = CIRCLE('',#4028,5.E-02);
#4028 = AXIS2_PLACEMENT_3D('',#4029,#4030,#4031);
#4029 = CARTESIAN_POINT('',(20.57,-3.11,0.95));
#4030 = DIRECTION('',(-1.,0.,0.));
#4031 = DIRECTION('',(0.,-1.,0.));
#4032 = PCURVE('',#1309,#4033);
#4033 = DEFINITIONAL_REPRESENTATION('',(#4034),#4038);
#4034 = LINE('',#4035,#4036);
#4035 = CARTESIAN_POINT('',(-0.,0.));
#4036 = VECTOR('',#4037,1.);
#4037 = DIRECTION('',(-0.,1.));
#4038 = ( GEOMETRIC_REPRESENTATION_CONTEXT(2) 
PARAMETRIC_REPRESENTATION_CONTEXT() REPRESENTATION_CONTEXT('2D SPACE',''
  ) );
#4039 = PCURVE('',#1337,#4040);
#4040 = DEFINITIONAL_REPRESENTATION('',(#4041),#4045);
#4041 = LINE('',#4042,#4043);
#4042 = CARTESIAN_POINT('',(-1.570796326795,11.6));
#4043 = VECTOR('',#4044,1.);
#4044 = DIRECTION('',(1.,0.));
#4045 = ( GEOMETRIC_REPRESENTATION_CONTEXT(2) 
PARAMETRIC_REPRESENTATION_CONTEXT() REPRESENTATION_CONTEXT('2D SPACE',''
  ) );
#4046 = ORIENTED_EDGE('',*,*,#1290,.T.);
#4047 = ORIENTED_EDGE('',*,*,#4048,.T.);
#4048 = EDGE_CURVE('',#1293,#4049,#4051,.T.);
#4049 = VERTEX_POINT('',#4050);
#4050 = CARTESIAN_POINT('',(19.77,-2.26,0.95));
#4051 = SURFACE_CURVE('',#4052,(#4057,#4064),.PCURVE_S1.);
#4052 = CIRCLE('',#4053,5.E-02);
#4053 = AXIS2_PLACEMENT_3D('',#4054,#4055,#4056);
#4054 = CARTESIAN_POINT('',(19.72,-2.26,0.95));
#4055 = DIRECTION('',(-6.E-17,1.,0.));
#4056 = DIRECTION('',(-1.,-6.E-17,0.));
#4057 = PCURVE('',#1309,#4058);
#4058 = DEFINITIONAL_REPRESENTATION('',(#4059),#4063);
#4059 = LINE('',#4060,#4061);
#4060 = CARTESIAN_POINT('',(-1.570796326795,0.));
#4061 = VECTOR('',#4062,1.);
#4062 = DIRECTION('',(-0.,1.));
#4063 = ( GEOMETRIC_REPRESENTATION_CONTEXT(2) 
PARAMETRIC_REPRESENTATION_CONTEXT() REPRESENTATION_CONTEXT('2D SPACE',''
  ) );
#4064 = PCURVE('',#1506,#4065);
#4065 = DEFINITIONAL_REPRESENTATION('',(#4066),#4070);
#4066 = LINE('',#4067,#4068);
#4067 = CARTESIAN_POINT('',(-1.570796326795,0.));
#4068 = VECTOR('',#4069,1.);
#4069 = DIRECTION('',(1.,0.));
#4070 = ( GEOMETRIC_REPRESENTATION_CONTEXT(2) 
PARAMETRIC_REPRESENTATION_CONTEXT() REPRESENTATION_CONTEXT('2D SPACE',''
  ) );
#4071 = ORIENTED_EDGE('',*,*,#4072,.F.);
#4072 = EDGE_CURVE('',#4024,#4049,#4073,.T.);
#4073 = SURFACE_CURVE('',#4074,(#4079,#4086),.PCURVE_S1.);
#4074 = CIRCLE('',#4075,0.8);
#4075 = AXIS2_PLACEMENT_3D('',#4076,#4077,#4078);
#4076 = CARTESIAN_POINT('',(20.57,-2.26,0.95));
#4077 = DIRECTION('',(0.,0.,-1.));
#4078 = DIRECTION('',(0.,-1.,0.));
#4079 = PCURVE('',#1309,#4080);
#4080 = DEFINITIONAL_REPRESENTATION('',(#4081),#4085);
#4081 = LINE('',#4082,#4083);
#4082 = CARTESIAN_POINT('',(-0.,3.14159265359));
#4083 = VECTOR('',#4084,1.);
#4084 = DIRECTION('',(-1.,0.));
#4085 = ( GEOMETRIC_REPRESENTATION_CONTEXT(2) 
PARAMETRIC_REPRESENTATION_CONTEXT() REPRESENTATION_CONTEXT('2D SPACE',''
  ) );
#4086 = PCURVE('',#4087,#4092);
#4087 = CYLINDRICAL_SURFACE('',#4088,0.8);
#4088 = AXIS2_PLACEMENT_3D('',#4089,#4090,#4091);
#4089 = CARTESIAN_POINT('',(20.57,-2.26,0.));
#4090 = DIRECTION('',(0.,0.,1.));
#4091 = DIRECTION('',(0.,-1.,0.));
#4092 = DEFINITIONAL_REPRESENTATION('',(#4093),#4097);
#4093 = LINE('',#4094,#4095);
#4094 = CARTESIAN_POINT('',(-0.,0.95));
#4095 = VECTOR('',#4096,1.);
#4096 = DIRECTION('',(-1.,0.));
#4097 = ( GEOMETRIC_REPRESENTATION_CONTEXT(2) 
PARAMETRIC_REPRESENTATION_CONTEXT() REPRESENTATION_CONTEXT('2D SPACE',''
  ) );
#4098 = ADVANCED_FACE('',(#4099),#1337,.T.);
#4099 = FACE_BOUND('',#4100,.T.);
#4100 = EDGE_LOOP('',(#4101,#4125,#4151,#4152));
#4101 = ORIENTED_EDGE('',*,*,#4102,.T.);
#4102 = EDGE_CURVE('',#1322,#4103,#4105,.T.);
#4103 = VERTEX_POINT('',#4104);
#4104 = CARTESIAN_POINT('',(32.17,-3.06,0.95));
#4105 = SURFACE_CURVE('',#4106,(#4111,#4118),.PCURVE_S1.);
#4106 = CIRCLE('',#4107,5.E-02);
#4107 = AXIS2_PLACEMENT_3D('',#4108,#4109,#4110);
#4108 = CARTESIAN_POINT('',(32.17,-3.11,0.95));
#4109 = DIRECTION('',(-1.,-6.E-17,0.));
#4110 = DIRECTION('',(6.E-17,-1.,0.));
#4111 = PCURVE('',#1337,#4112);
#4112 = DEFINITIONAL_REPRESENTATION('',(#4113),#4117);
#4113 = LINE('',#4114,#4115);
#4114 = CARTESIAN_POINT('',(-1.570796326795,0.));
#4115 = VECTOR('',#4116,1.);
#4116 = DIRECTION('',(1.,0.));
#4117 = ( GEOMETRIC_REPRESENTATION_CONTEXT(2) 
PARAMETRIC_REPRESENTATION_CONTEXT() REPRESENTATION_CONTEXT('2D SPACE',''
  ) );
#4118 = PCURVE('',#1366,#4119);
#4119 = DEFINITIONAL_REPRESENTATION('',(#4120),#4124);
#4120 = LINE('',#4121,#4122);
#4121 = CARTESIAN_POINT('',(-1.570796326795,0.));
#4122 = VECTOR('',#4123,1.);
#4123 = DIRECTION('',(-0.,1.));
#4124 = ( GEOMETRIC_REPRESENTATION_CONTEXT(2) 
PARAMETRIC_REPRESENTATION_CONTEXT() REPRESENTATION_CONTEXT('2D SPACE',''
  ) );
#4125 = ORIENTED_EDGE('',*,*,#4126,.T.);
#4126 = EDGE_CURVE('',#4103,#4024,#4127,.T.);
#4127 = SURFACE_CURVE('',#4128,(#4132,#4139),.PCURVE_S1.);
#4128 = LINE('',#4129,#4130);
#4129 = CARTESIAN_POINT('',(32.17,-3.06,0.95));
#4130 = VECTOR('',#4131,1.);
#4131 = DIRECTION('',(-1.,0.,0.));
#4132 = PCURVE('',#1337,#4133);
#4133 = DEFINITIONAL_REPRESENTATION('',(#4134),#4138);
#4134 = LINE('',#4135,#4136);
#4135 = CARTESIAN_POINT('',(1.570796326795,0.));
#4136 = VECTOR('',#4137,1.);
#4137 = DIRECTION('',(0.,1.));
#4138 = ( GEOMETRIC_REPRESENTATION_CONTEXT(2) 
PARAMETRIC_REPRESENTATION_CONTEXT() REPRESENTATION_CONTEXT('2D SPACE',''
  ) );
#4139 = PCURVE('',#4140,#4145);
#4140 = PLANE('',#4141);
#4141 = AXIS2_PLACEMENT_3D('',#4142,#4143,#4144);
#4142 = CARTESIAN_POINT('',(32.97,-3.06,0.));
#4143 = DIRECTION('',(0.,-1.,0.));
#4144 = DIRECTION('',(-1.,0.,0.));
#4145 = DEFINITIONAL_REPRESENTATION('',(#4146),#4150);
#4146 = LINE('',#4147,#4148);
#4147 = CARTESIAN_POINT('',(0.8,-0.95));
#4148 = VECTOR('',#4149,1.);
#4149 = DIRECTION('',(1.,0.));
#4150 = ( GEOMETRIC_REPRESENTATION_CONTEXT(2) 
PARAMETRIC_REPRESENTATION_CONTEXT() REPRESENTATION_CONTEXT('2D SPACE',''
  ) );
#4151 = ORIENTED_EDGE('',*,*,#4023,.F.);
#4152 = ORIENTED_EDGE('',*,*,#1321,.F.);
#4153 = ADVANCED_FACE('',(#4154),#1506,.T.);
#4154 = FACE_BOUND('',#4155,.T.);
#4155 = EDGE_LOOP('',(#4156,#4157,#4185,#4207));
#4156 = ORIENTED_EDGE('',*,*,#4048,.T.);
#4157 = ORIENTED_EDGE('',*,*,#4158,.T.);
#4158 = EDGE_CURVE('',#4049,#4159,#4161,.T.);
#4159 = VERTEX_POINT('',#4160);
#4160 = CARTESIAN_POINT('',(19.77,2.34,0.95));
#4161 = SURFACE_CURVE('',#4162,(#4166,#4173),.PCURVE_S1.);
#4162 = LINE('',#4163,#4164);
#4163 = CARTESIAN_POINT('',(19.77,-2.26,0.95));
#4164 = VECTOR('',#4165,1.);
#4165 = DIRECTION('',(0.,1.,0.));
#4166 = PCURVE('',#1506,#4167);
#4167 = DEFINITIONAL_REPRESENTATION('',(#4168),#4172);
#4168 = LINE('',#4169,#4170);
#4169 = CARTESIAN_POINT('',(1.570796326795,0.));
#4170 = VECTOR('',#4171,1.);
#4171 = DIRECTION('',(0.,1.));
#4172 = ( GEOMETRIC_REPRESENTATION_CONTEXT(2) 
PARAMETRIC_REPRESENTATION_CONTEXT() REPRESENTATION_CONTEXT('2D SPACE',''
  ) );
#4173 = PCURVE('',#4174,#4179);
#4174 = PLANE('',#4175);
#4175 = AXIS2_PLACEMENT_3D('',#4176,#4177,#4178);
#4176 = CARTESIAN_POINT('',(19.77,-3.06,0.));
#4177 = DIRECTION('',(-1.,0.,0.));
#4178 = DIRECTION('',(0.,1.,0.));
#4179 = DEFINITIONAL_REPRESENTATION('',(#4180),#4184);
#4180 = LINE('',#4181,#4182);
#4181 = CARTESIAN_POINT('',(0.8,-0.95));
#4182 = VECTOR('',#4183,1.);
#4183 = DIRECTION('',(1.,0.));
#4184 = ( GEOMETRIC_REPRESENTATION_CONTEXT(2) 
PARAMETRIC_REPRESENTATION_CONTEXT() REPRESENTATION_CONTEXT('2D SPACE',''
  ) );
#4185 = ORIENTED_EDGE('',*,*,#4186,.F.);
#4186 = EDGE_CURVE('',#1464,#4159,#4187,.T.);
#4187 = SURFACE_CURVE('',#4188,(#4193,#4200),.PCURVE_S1.);
#4188 = CIRCLE('',#4189,5.E-02);
#4189 = AXIS2_PLACEMENT_3D('',#4190,#4191,#4192);
#4190 = CARTESIAN_POINT('',(19.72,2.34,0.95));
#4191 = DIRECTION('',(0.,1.,0.));
#4192 = DIRECTION('',(0.,0.,1.));
#4193 = PCURVE('',#1506,#4194);
#4194 = DEFINITIONAL_REPRESENTATION('',(#4195),#4199);
#4195 = LINE('',#4196,#4197);
#4196 = CARTESIAN_POINT('',(0.,4.6));
#4197 = VECTOR('',#4198,1.);
#4198 = DIRECTION('',(1.,0.));
#4199 = ( GEOMETRIC_REPRESENTATION_CONTEXT(2) 
PARAMETRIC_REPRESENTATION_CONTEXT() REPRESENTATION_CONTEXT('2D SPACE',''
  ) );
#4200 = PCURVE('',#1480,#4201);
#4201 = DEFINITIONAL_REPRESENTATION('',(#4202),#4206);
#4202 = LINE('',#4203,#4204);
#4203 = CARTESIAN_POINT('',(-0.,1.570796326795));
#4204 = VECTOR('',#4205,1.);
#4205 = DIRECTION('',(-0.,1.));
#4206 = ( GEOMETRIC_REPRESENTATION_CONTEXT(2) 
PARAMETRIC_REPRESENTATION_CONTEXT() REPRESENTATION_CONTEXT('2D SPACE',''
  ) );
#4207 = ORIENTED_EDGE('',*,*,#1492,.F.);
#4208 = ADVANCED_FACE('',(#4209),#1366,.T.);
#4209 = FACE_BOUND('',#4210,.F.);
#4210 = EDGE_LOOP('',(#4211,#4235,#4236,#4237));
#4211 = ORIENTED_EDGE('',*,*,#4212,.F.);
#4212 = EDGE_CURVE('',#1350,#4213,#4215,.T.);
#4213 = VERTEX_POINT('',#4214);
#4214 = CARTESIAN_POINT('',(32.97,-2.26,0.95));
#4215 = SURFACE_CURVE('',#4216,(#4221,#4228),.PCURVE_S1.);
#4216 = CIRCLE('',#4217,5.E-02);
#4217 = AXIS2_PLACEMENT_3D('',#4218,#4219,#4220);
#4218 = CARTESIAN_POINT('',(33.02,-2.26,0.95));
#4219 = DIRECTION('',(0.,-1.,0.));
#4220 = DIRECTION('',(0.,0.,1.));
#4221 = PCURVE('',#1366,#4222);
#4222 = DEFINITIONAL_REPRESENTATION('',(#4223),#4227);
#4223 = LINE('',#4224,#4225);
#4224 = CARTESIAN_POINT('',(-0.,1.570796326795));
#4225 = VECTOR('',#4226,1.);
#4226 = DIRECTION('',(-0.,1.));
#4227 = ( GEOMETRIC_REPRESENTATION_CONTEXT(2) 
PARAMETRIC_REPRESENTATION_CONTEXT() REPRESENTATION_CONTEXT('2D SPACE',''
  ) );
#4228 = PCURVE('',#1394,#4229);
#4229 = DEFINITIONAL_REPRESENTATION('',(#4230),#4234);
#4230 = LINE('',#4231,#4232);
#4231 = CARTESIAN_POINT('',(0.,4.6));
#4232 = VECTOR('',#4233,1.);
#4233 = DIRECTION('',(1.,0.));
#4234 = ( GEOMETRIC_REPRESENTATION_CONTEXT(2) 
PARAMETRIC_REPRESENTATION_CONTEXT() REPRESENTATION_CONTEXT('2D SPACE',''
  ) );
#4235 = ORIENTED_EDGE('',*,*,#1349,.T.);
#4236 = ORIENTED_EDGE('',*,*,#4102,.T.);
#4237 = ORIENTED_EDGE('',*,*,#4238,.F.);
#4238 = EDGE_CURVE('',#4213,#4103,#4239,.T.);
#4239 = SURFACE_CURVE('',#4240,(#4245,#4252),.PCURVE_S1.);
#4240 = CIRCLE('',#4241,0.8);
#4241 = AXIS2_PLACEMENT_3D('',#4242,#4243,#4244);
#4242 = CARTESIAN_POINT('',(32.17,-2.26,0.95));
#4243 = DIRECTION('',(0.,0.,-1.));
#4244 = DIRECTION('',(1.,0.,0.));
#4245 = PCURVE('',#1366,#4246);
#4246 = DEFINITIONAL_REPRESENTATION('',(#4247),#4251);
#4247 = LINE('',#4248,#4249);
#4248 = CARTESIAN_POINT('',(-0.,3.14159265359));
#4249 = VECTOR('',#4250,1.);
#4250 = DIRECTION('',(-1.,0.));
#4251 = ( GEOMETRIC_REPRESENTATION_CONTEXT(2) 
PARAMETRIC_REPRESENTATION_CONTEXT() REPRESENTATION_CONTEXT('2D SPACE',''
  ) );
#4252 = PCURVE('',#4253,#4258);
#4253 = CYLINDRICAL_SURFACE('',#4254,0.8);
#4254 = AXIS2_PLACEMENT_3D('',#4255,#4256,#4257);
#4255 = CARTESIAN_POINT('',(32.17,-2.26,0.));
#4256 = DIRECTION('',(0.,0.,1.));
#4257 = DIRECTION('',(1.,0.,0.));
#4258 = DEFINITIONAL_REPRESENTATION('',(#4259),#4263);
#4259 = LINE('',#4260,#4261);
#4260 = CARTESIAN_POINT('',(-0.,0.95));
#4261 = VECTOR('',#4262,1.);
#4262 = DIRECTION('',(-1.,0.));
#4263 = ( GEOMETRIC_REPRESENTATION_CONTEXT(2) 
PARAMETRIC_REPRESENTATION_CONTEXT() REPRESENTATION_CONTEXT('2D SPACE',''
  ) );
#4264 = ADVANCED_FACE('',(#4265),#1480,.T.);
#4265 = FACE_BOUND('',#4266,.F.);
#4266 = EDGE_LOOP('',(#4267,#4268,#4269,#4293));
#4267 = ORIENTED_EDGE('',*,*,#4186,.F.);
#4268 = ORIENTED_EDGE('',*,*,#1463,.T.);
#4269 = ORIENTED_EDGE('',*,*,#4270,.T.);
#4270 = EDGE_CURVE('',#1436,#4271,#4273,.T.);
#4271 = VERTEX_POINT('',#4272);
#4272 = CARTESIAN_POINT('',(20.57,3.14,0.95));
#4273 = SURFACE_CURVE('',#4274,(#4279,#4286),.PCURVE_S1.);
#4274 = CIRCLE('',#4275,5.E-02);
#4275 = AXIS2_PLACEMENT_3D('',#4276,#4277,#4278);
#4276 = CARTESIAN_POINT('',(20.57,3.19,0.95));
#4277 = DIRECTION('',(1.,6.E-17,-0.));
#4278 = DIRECTION('',(-6.E-17,1.,0.));
#4279 = PCURVE('',#1480,#4280);
#4280 = DEFINITIONAL_REPRESENTATION('',(#4281),#4285);
#4281 = LINE('',#4282,#4283);
#4282 = CARTESIAN_POINT('',(-1.570796326795,0.));
#4283 = VECTOR('',#4284,1.);
#4284 = DIRECTION('',(-0.,1.));
#4285 = ( GEOMETRIC_REPRESENTATION_CONTEXT(2) 
PARAMETRIC_REPRESENTATION_CONTEXT() REPRESENTATION_CONTEXT('2D SPACE',''
  ) );
#4286 = PCURVE('',#1451,#4287);
#4287 = DEFINITIONAL_REPRESENTATION('',(#4288),#4292);
#4288 = LINE('',#4289,#4290);
#4289 = CARTESIAN_POINT('',(-1.570796326795,0.));
#4290 = VECTOR('',#4291,1.);
#4291 = DIRECTION('',(1.,0.));
#4292 = ( GEOMETRIC_REPRESENTATION_CONTEXT(2) 
PARAMETRIC_REPRESENTATION_CONTEXT() REPRESENTATION_CONTEXT('2D SPACE',''
  ) );
#4293 = ORIENTED_EDGE('',*,*,#4294,.F.);
#4294 = EDGE_CURVE('',#4159,#4271,#4295,.T.);
#4295 = SURFACE_CURVE('',#4296,(#4301,#4308),.PCURVE_S1.);
#4296 = CIRCLE('',#4297,0.8);
#4297 = AXIS2_PLACEMENT_3D('',#4298,#4299,#4300);
#4298 = CARTESIAN_POINT('',(20.57,2.34,0.95));
#4299 = DIRECTION('',(0.,0.,-1.));
#4300 = DIRECTION('',(-1.,0.,0.));
#4301 = PCURVE('',#1480,#4302);
#4302 = DEFINITIONAL_REPRESENTATION('',(#4303),#4307);
#4303 = LINE('',#4304,#4305);
#4304 = CARTESIAN_POINT('',(-0.,3.14159265359));
#4305 = VECTOR('',#4306,1.);
#4306 = DIRECTION('',(-1.,0.));
#4307 = ( GEOMETRIC_REPRESENTATION_CONTEXT(2) 
PARAMETRIC_REPRESENTATION_CONTEXT() REPRESENTATION_CONTEXT('2D SPACE',''
  ) );
#4308 = PCURVE('',#4309,#4314);
#4309 = CYLINDRICAL_SURFACE('',#4310,0.8);
#4310 = AXIS2_PLACEMENT_3D('',#4311,#4312,#4313);
#4311 = CARTESIAN_POINT('',(20.57,2.34,0.));
#4312 = DIRECTION('',(0.,0.,1.));
#4313 = DIRECTION('',(0.,1.,0.));
#4314 = DEFINITIONAL_REPRESENTATION('',(#4315),#4319);
#4315 = LINE('',#4316,#4317);
#4316 = CARTESIAN_POINT('',(1.570796326795,0.95));
#4317 = VECTOR('',#4318,1.);
#4318 = DIRECTION('',(-1.,-0.));
#4319 = ( GEOMETRIC_REPRESENTATION_CONTEXT(2) 
PARAMETRIC_REPRESENTATION_CONTEXT() REPRESENTATION_CONTEXT('2D SPACE',''
  ) );
#4320 = ADVANCED_FACE('',(#4321),#1394,.T.);
#4321 = FACE_BOUND('',#4322,.T.);
#4322 = EDGE_LOOP('',(#4323,#4347,#4373,#4374));
#4323 = ORIENTED_EDGE('',*,*,#4324,.T.);
#4324 = EDGE_CURVE('',#1379,#4325,#4327,.T.);
#4325 = VERTEX_POINT('',#4326);
#4326 = CARTESIAN_POINT('',(32.97,2.34,0.95));
#4327 = SURFACE_CURVE('',#4328,(#4333,#4340),.PCURVE_S1.);
#4328 = CIRCLE('',#4329,5.E-02);
#4329 = AXIS2_PLACEMENT_3D('',#4330,#4331,#4332);
#4330 = CARTESIAN_POINT('',(33.02,2.34,0.95));
#4331 = DIRECTION('',(6.E-17,-1.,0.));
#4332 = DIRECTION('',(1.,6.E-17,0.));
#4333 = PCURVE('',#1394,#4334);
#4334 = DEFINITIONAL_REPRESENTATION('',(#4335),#4339);
#4335 = LINE('',#4336,#4337);
#4336 = CARTESIAN_POINT('',(-1.570796326795,-4.4E-16));
#4337 = VECTOR('',#4338,1.);
#4338 = DIRECTION('',(1.,0.));
#4339 = ( GEOMETRIC_REPRESENTATION_CONTEXT(2) 
PARAMETRIC_REPRESENTATION_CONTEXT() REPRESENTATION_CONTEXT('2D SPACE',''
  ) );
#4340 = PCURVE('',#1423,#4341);
#4341 = DEFINITIONAL_REPRESENTATION('',(#4342),#4346);
#4342 = LINE('',#4343,#4344);
#4343 = CARTESIAN_POINT('',(-1.570796326795,0.));
#4344 = VECTOR('',#4345,1.);
#4345 = DIRECTION('',(-0.,1.));
#4346 = ( GEOMETRIC_REPRESENTATION_CONTEXT(2) 
PARAMETRIC_REPRESENTATION_CONTEXT() REPRESENTATION_CONTEXT('2D SPACE',''
  ) );
#4347 = ORIENTED_EDGE('',*,*,#4348,.T.);
#4348 = EDGE_CURVE('',#4325,#4213,#4349,.T.);
#4349 = SURFACE_CURVE('',#4350,(#4354,#4361),.PCURVE_S1.);
#4350 = LINE('',#4351,#4352);
#4351 = CARTESIAN_POINT('',(32.97,2.34,0.95));
#4352 = VECTOR('',#4353,1.);
#4353 = DIRECTION('',(0.,-1.,0.));
#4354 = PCURVE('',#1394,#4355);
#4355 = DEFINITIONAL_REPRESENTATION('',(#4356),#4360);
#4356 = LINE('',#4357,#4358);
#4357 = CARTESIAN_POINT('',(1.570796326795,0.));
#4358 = VECTOR('',#4359,1.);
#4359 = DIRECTION('',(0.,1.));
#4360 = ( GEOMETRIC_REPRESENTATION_CONTEXT(2) 
PARAMETRIC_REPRESENTATION_CONTEXT() REPRESENTATION_CONTEXT('2D SPACE',''
  ) );
#4361 = PCURVE('',#4362,#4367);
#4362 = PLANE('',#4363);
#4363 = AXIS2_PLACEMENT_3D('',#4364,#4365,#4366);
#4364 = CARTESIAN_POINT('',(32.97,3.14,0.));
#4365 = DIRECTION('',(1.,0.,0.));
#4366 = DIRECTION('',(0.,-1.,0.));
#4367 = DEFINITIONAL_REPRESENTATION('',(#4368),#4372);
#4368 = LINE('',#4369,#4370);
#4369 = CARTESIAN_POINT('',(0.8,-0.95));
#4370 = VECTOR('',#4371,1.);
#4371 = DIRECTION('',(1.,0.));
#4372 = ( GEOMETRIC_REPRESENTATION_CONTEXT(2) 
PARAMETRIC_REPRESENTATION_CONTEXT() REPRESENTATION_CONTEXT('2D SPACE',''
  ) );
#4373 = ORIENTED_EDGE('',*,*,#4212,.F.);
#4374 = ORIENTED_EDGE('',*,*,#1378,.F.);
#4375 = ADVANCED_FACE('',(#4376),#1451,.T.);
#4376 = FACE_BOUND('',#4377,.T.);
#4377 = EDGE_LOOP('',(#4378,#4379,#4407,#4429));
#4378 = ORIENTED_EDGE('',*,*,#4270,.T.);
#4379 = ORIENTED_EDGE('',*,*,#4380,.T.);
#4380 = EDGE_CURVE('',#4271,#4381,#4383,.T.);
#4381 = VERTEX_POINT('',#4382);
#4382 = CARTESIAN_POINT('',(32.17,3.14,0.95));
#4383 = SURFACE_CURVE('',#4384,(#4388,#4395),.PCURVE_S1.);
#4384 = LINE('',#4385,#4386);
#4385 = CARTESIAN_POINT('',(20.57,3.14,0.95));
#4386 = VECTOR('',#4387,1.);
#4387 = DIRECTION('',(1.,0.,0.));
#4388 = PCURVE('',#1451,#4389);
#4389 = DEFINITIONAL_REPRESENTATION('',(#4390),#4394);
#4390 = LINE('',#4391,#4392);
#4391 = CARTESIAN_POINT('',(1.570796326795,0.));
#4392 = VECTOR('',#4393,1.);
#4393 = DIRECTION('',(0.,1.));
#4394 = ( GEOMETRIC_REPRESENTATION_CONTEXT(2) 
PARAMETRIC_REPRESENTATION_CONTEXT() REPRESENTATION_CONTEXT('2D SPACE',''
  ) );
#4395 = PCURVE('',#4396,#4401);
#4396 = PLANE('',#4397);
#4397 = AXIS2_PLACEMENT_3D('',#4398,#4399,#4400);
#4398 = CARTESIAN_POINT('',(19.77,3.14,0.));
#4399 = DIRECTION('',(0.,1.,0.));
#4400 = DIRECTION('',(1.,0.,0.));
#4401 = DEFINITIONAL_REPRESENTATION('',(#4402),#4406);
#4402 = LINE('',#4403,#4404);
#4403 = CARTESIAN_POINT('',(0.8,-0.95));
#4404 = VECTOR('',#4405,1.);
#4405 = DIRECTION('',(1.,0.));
#4406 = ( GEOMETRIC_REPRESENTATION_CONTEXT(2) 
PARAMETRIC_REPRESENTATION_CONTEXT() REPRESENTATION_CONTEXT('2D SPACE',''
  ) );
#4407 = ORIENTED_EDGE('',*,*,#4408,.F.);
#4408 = EDGE_CURVE('',#1407,#4381,#4409,.T.);
#4409 = SURFACE_CURVE('',#4410,(#4415,#4422),.PCURVE_S1.);
#4410 = CIRCLE('',#4411,5.E-02);
#4411 = AXIS2_PLACEMENT_3D('',#4412,#4413,#4414);
#4412 = CARTESIAN_POINT('',(32.17,3.19,0.95));
#4413 = DIRECTION('',(1.,0.,-0.));
#4414 = DIRECTION('',(0.,0.,1.));
#4415 = PCURVE('',#1451,#4416);
#4416 = DEFINITIONAL_REPRESENTATION('',(#4417),#4421);
#4417 = LINE('',#4418,#4419);
#4418 = CARTESIAN_POINT('',(0.,11.6));
#4419 = VECTOR('',#4420,1.);
#4420 = DIRECTION('',(1.,0.));
#4421 = ( GEOMETRIC_REPRESENTATION_CONTEXT(2) 
PARAMETRIC_REPRESENTATION_CONTEXT() REPRESENTATION_CONTEXT('2D SPACE',''
  ) );
#4422 = PCURVE('',#1423,#4423);
#4423 = DEFINITIONAL_REPRESENTATION('',(#4424),#4428);
#4424 = LINE('',#4425,#4426);
#4425 = CARTESIAN_POINT('',(8.88E-15,1.570796326795));
#4426 = VECTOR('',#4427,1.);
#4427 = DIRECTION('',(-0.,1.));
#4428 = ( GEOMETRIC_REPRESENTATION_CONTEXT(2) 
PARAMETRIC_REPRESENTATION_CONTEXT() REPRESENTATION_CONTEXT('2D SPACE',''
  ) );
#4429 = ORIENTED_EDGE('',*,*,#1435,.F.);
#4430 = ADVANCED_FACE('',(#4431),#1423,.T.);
#4431 = FACE_BOUND('',#4432,.F.);
#4432 = EDGE_LOOP('',(#4433,#4434,#4435,#4436));
#4433 = ORIENTED_EDGE('',*,*,#4408,.F.);
#4434 = ORIENTED_EDGE('',*,*,#1406,.T.);
#4435 = ORIENTED_EDGE('',*,*,#4324,.T.);
#4436 = ORIENTED_EDGE('',*,*,#4437,.F.);
#4437 = EDGE_CURVE('',#4381,#4325,#4438,.T.);
#4438 = SURFACE_CURVE('',#4439,(#4444,#4451),.PCURVE_S1.);
#4439 = CIRCLE('',#4440,0.8);
#4440 = AXIS2_PLACEMENT_3D('',#4441,#4442,#4443);
#4441 = CARTESIAN_POINT('',(32.17,2.34,0.95));
#4442 = DIRECTION('',(0.,0.,-1.));
#4443 = DIRECTION('',(8.88E-15,1.,0.));
#4444 = PCURVE('',#1423,#4445);
#4445 = DEFINITIONAL_REPRESENTATION('',(#4446),#4450);
#4446 = LINE('',#4447,#4448);
#4447 = CARTESIAN_POINT('',(-0.,3.14159265359));
#4448 = VECTOR('',#4449,1.);
#4449 = DIRECTION('',(-1.,0.));
#4450 = ( GEOMETRIC_REPRESENTATION_CONTEXT(2) 
PARAMETRIC_REPRESENTATION_CONTEXT() REPRESENTATION_CONTEXT('2D SPACE',''
  ) );
#4451 = PCURVE('',#4452,#4457);
#4452 = CYLINDRICAL_SURFACE('',#4453,0.8);
#4453 = AXIS2_PLACEMENT_3D('',#4454,#4455,#4456);
#4454 = CARTESIAN_POINT('',(32.17,2.34,0.));
#4455 = DIRECTION('',(0.,0.,1.));
#4456 = DIRECTION('',(0.,1.,0.));
#4457 = DEFINITIONAL_REPRESENTATION('',(#4458),#4462);
#4458 = LINE('',#4459,#4460);
#4459 = CARTESIAN_POINT('',(-8.88E-15,0.95));
#4460 = VECTOR('',#4461,1.);
#4461 = DIRECTION('',(-1.,0.));
#4462 = ( GEOMETRIC_REPRESENTATION_CONTEXT(2) 
PARAMETRIC_REPRESENTATION_CONTEXT() REPRESENTATION_CONTEXT('2D SPACE',''
  ) );
#4463 = ADVANCED_FACE('',(#4464),#1585,.F.);
#4464 = FACE_BOUND('',#4465,.T.);
#4465 = EDGE_LOOP('',(#4466,#4489,#4518,#4539));
#4466 = ORIENTED_EDGE('',*,*,#4467,.F.);
#4467 = EDGE_CURVE('',#4468,#1522,#4470,.T.);
#4468 = VERTEX_POINT('',#4469);
#4469 = CARTESIAN_POINT('',(-19.13,-3.06,0.));
#4470 = SURFACE_CURVE('',#4471,(#4475,#4482),.PCURVE_S1.);
#4471 = LINE('',#4472,#4473);
#4472 = CARTESIAN_POINT('',(-19.13,-3.06,0.));
#4473 = VECTOR('',#4474,1.);
#4474 = DIRECTION('',(0.,0.,1.));
#4475 = PCURVE('',#1585,#4476);
#4476 = DEFINITIONAL_REPRESENTATION('',(#4477),#4481);
#4477 = LINE('',#4478,#4479);
#4478 = CARTESIAN_POINT('',(-0.,0.));
#4479 = VECTOR('',#4480,1.);
#4480 = DIRECTION('',(-0.,1.));
#4481 = ( GEOMETRIC_REPRESENTATION_CONTEXT(2) 
PARAMETRIC_REPRESENTATION_CONTEXT() REPRESENTATION_CONTEXT('2D SPACE',''
  ) );
#4482 = PCURVE('',#1638,#4483);
#4483 = DEFINITIONAL_REPRESENTATION('',(#4484),#4488);
#4484 = LINE('',#4485,#4486);
#4485 = CARTESIAN_POINT('',(12.4,0.));
#4486 = VECTOR('',#4487,1.);
#4487 = DIRECTION('',(0.,-1.));
#4488 = ( GEOMETRIC_REPRESENTATION_CONTEXT(2) 
PARAMETRIC_REPRESENTATION_CONTEXT() REPRESENTATION_CONTEXT('2D SPACE',''
  ) );
#4489 = ORIENTED_EDGE('',*,*,#4490,.T.);
#4490 = EDGE_CURVE('',#4468,#4491,#4493,.T.);
#4491 = VERTEX_POINT('',#4492);
#4492 = CARTESIAN_POINT('',(-19.93,-2.26,0.));
#4493 = SURFACE_CURVE('',#4494,(#4499,#4506),.PCURVE_S1.);
#4494 = CIRCLE('',#4495,0.8);
#4495 = AXIS2_PLACEMENT_3D('',#4496,#4497,#4498);
#4496 = CARTESIAN_POINT('',(-19.13,-2.26,0.));
#4497 = DIRECTION('',(-0.,-0.,-1.));
#4498 = DIRECTION('',(0.,-1.,0.));
#4499 = PCURVE('',#1585,#4500);
#4500 = DEFINITIONAL_REPRESENTATION('',(#4501),#4505);
#4501 = LINE('',#4502,#4503);
#4502 = CARTESIAN_POINT('',(-0.,0.));
#4503 = VECTOR('',#4504,1.);
#4504 = DIRECTION('',(-1.,0.));
#4505 = ( GEOMETRIC_REPRESENTATION_CONTEXT(2) 
PARAMETRIC_REPRESENTATION_CONTEXT() REPRESENTATION_CONTEXT('2D SPACE',''
  ) );
#4506 = PCURVE('',#4507,#4512);
#4507 = PLANE('',#4508);
#4508 = AXIS2_PLACEMENT_3D('',#4509,#4510,#4511);
#4509 = CARTESIAN_POINT('',(-1.354516715513,-9.124738451921E-02,0.));
#4510 = DIRECTION('',(-0.,-0.,-1.));
#4511 = DIRECTION('',(-1.,0.,0.));
#4512 = DEFINITIONAL_REPRESENTATION('',(#4513),#4517);
#4513 = CIRCLE('',#4514,0.8);
#4514 = AXIS2_PLACEMENT_2D('',#4515,#4516);
#4515 = CARTESIAN_POINT('',(17.775483284487,-2.168752615481));
#4516 = DIRECTION('',(0.,-1.));
#4517 = ( GEOMETRIC_REPRESENTATION_CONTEXT(2) 
PARAMETRIC_REPRESENTATION_CONTEXT() REPRESENTATION_CONTEXT('2D SPACE',''
  ) );
#4518 = ORIENTED_EDGE('',*,*,#4519,.T.);
#4519 = EDGE_CURVE('',#4491,#1547,#4520,.T.);
#4520 = SURFACE_CURVE('',#4521,(#4525,#4532),.PCURVE_S1.);
#4521 = LINE('',#4522,#4523);
#4522 = CARTESIAN_POINT('',(-19.93,-2.26,0.));
#4523 = VECTOR('',#4524,1.);
#4524 = DIRECTION('',(0.,0.,1.));
#4525 = PCURVE('',#1585,#4526);
#4526 = DEFINITIONAL_REPRESENTATION('',(#4527),#4531);
#4527 = LINE('',#4528,#4529);
#4528 = CARTESIAN_POINT('',(-1.570796326795,0.));
#4529 = VECTOR('',#4530,1.);
#4530 = DIRECTION('',(-0.,1.));
#4531 = ( GEOMETRIC_REPRESENTATION_CONTEXT(2) 
PARAMETRIC_REPRESENTATION_CONTEXT() REPRESENTATION_CONTEXT('2D SPACE',''
  ) );
#4532 = PCURVE('',#1672,#4533);
#4533 = DEFINITIONAL_REPRESENTATION('',(#4534),#4538);
#4534 = LINE('',#4535,#4536);
#4535 = CARTESIAN_POINT('',(0.8,0.));
#4536 = VECTOR('',#4537,1.);
#4537 = DIRECTION('',(0.,-1.));
#4538 = ( GEOMETRIC_REPRESENTATION_CONTEXT(2) 
PARAMETRIC_REPRESENTATION_CONTEXT() REPRESENTATION_CONTEXT('2D SPACE',''
  ) );
#4539 = ORIENTED_EDGE('',*,*,#1570,.F.);
#4540 = ADVANCED_FACE('',(#4541),#1638,.F.);
#4541 = FACE_BOUND('',#4542,.F.);
#4542 = EDGE_LOOP('',(#4543,#4566,#4567,#4568));
#4543 = ORIENTED_EDGE('',*,*,#4544,.T.);
#4544 = EDGE_CURVE('',#4545,#1601,#4547,.T.);
#4545 = VERTEX_POINT('',#4546);
#4546 = CARTESIAN_POINT('',(-7.53,-3.06,0.));
#4547 = SURFACE_CURVE('',#4548,(#4552,#4559),.PCURVE_S1.);
#4548 = LINE('',#4549,#4550);
#4549 = CARTESIAN_POINT('',(-7.53,-3.06,0.));
#4550 = VECTOR('',#4551,1.);
#4551 = DIRECTION('',(0.,0.,1.));
#4552 = PCURVE('',#1638,#4553);
#4553 = DEFINITIONAL_REPRESENTATION('',(#4554),#4558);
#4554 = LINE('',#4555,#4556);
#4555 = CARTESIAN_POINT('',(0.8,0.));
#4556 = VECTOR('',#4557,1.);
#4557 = DIRECTION('',(0.,-1.));
#4558 = ( GEOMETRIC_REPRESENTATION_CONTEXT(2) 
PARAMETRIC_REPRESENTATION_CONTEXT() REPRESENTATION_CONTEXT('2D SPACE',''
  ) );
#4559 = PCURVE('',#1751,#4560);
#4560 = DEFINITIONAL_REPRESENTATION('',(#4561),#4565);
#4561 = LINE('',#4562,#4563);
#4562 = CARTESIAN_POINT('',(-1.570796326795,0.));
#4563 = VECTOR('',#4564,1.);
#4564 = DIRECTION('',(-0.,1.));
#4565 = ( GEOMETRIC_REPRESENTATION_CONTEXT(2) 
PARAMETRIC_REPRESENTATION_CONTEXT() REPRESENTATION_CONTEXT('2D SPACE',''
  ) );
#4566 = ORIENTED_EDGE('',*,*,#1624,.T.);
#4567 = ORIENTED_EDGE('',*,*,#4467,.F.);
#4568 = ORIENTED_EDGE('',*,*,#4569,.F.);
#4569 = EDGE_CURVE('',#4545,#4468,#4570,.T.);
#4570 = SURFACE_CURVE('',#4571,(#4575,#4582),.PCURVE_S1.);
#4571 = LINE('',#4572,#4573);
#4572 = CARTESIAN_POINT('',(-6.73,-3.06,0.));
#4573 = VECTOR('',#4574,1.);
#4574 = DIRECTION('',(-1.,0.,0.));
#4575 = PCURVE('',#1638,#4576);
#4576 = DEFINITIONAL_REPRESENTATION('',(#4577),#4581);
#4577 = LINE('',#4578,#4579);
#4578 = CARTESIAN_POINT('',(0.,-0.));
#4579 = VECTOR('',#4580,1.);
#4580 = DIRECTION('',(1.,0.));
#4581 = ( GEOMETRIC_REPRESENTATION_CONTEXT(2) 
PARAMETRIC_REPRESENTATION_CONTEXT() REPRESENTATION_CONTEXT('2D SPACE',''
  ) );
#4582 = PCURVE('',#4507,#4583);
#4583 = DEFINITIONAL_REPRESENTATION('',(#4584),#4588);
#4584 = LINE('',#4585,#4586);
#4585 = CARTESIAN_POINT('',(5.375483284487,-2.968752615481));
#4586 = VECTOR('',#4587,1.);
#4587 = DIRECTION('',(1.,0.));
#4588 = ( GEOMETRIC_REPRESENTATION_CONTEXT(2) 
PARAMETRIC_REPRESENTATION_CONTEXT() REPRESENTATION_CONTEXT('2D SPACE',''
  ) );
#4589 = ADVANCED_FACE('',(#4590),#1672,.F.);
#4590 = FACE_BOUND('',#4591,.F.);
#4591 = EDGE_LOOP('',(#4592,#4593,#4594,#4617));
#4592 = ORIENTED_EDGE('',*,*,#4519,.T.);
#4593 = ORIENTED_EDGE('',*,*,#1656,.T.);
#4594 = ORIENTED_EDGE('',*,*,#4595,.F.);
#4595 = EDGE_CURVE('',#4596,#1657,#4598,.T.);
#4596 = VERTEX_POINT('',#4597);
#4597 = CARTESIAN_POINT('',(-19.93,2.34,0.));
#4598 = SURFACE_CURVE('',#4599,(#4603,#4610),.PCURVE_S1.);
#4599 = LINE('',#4600,#4601);
#4600 = CARTESIAN_POINT('',(-19.93,2.34,0.));
#4601 = VECTOR('',#4602,1.);
#4602 = DIRECTION('',(0.,0.,1.));
#4603 = PCURVE('',#1672,#4604);
#4604 = DEFINITIONAL_REPRESENTATION('',(#4605),#4609);
#4605 = LINE('',#4606,#4607);
#4606 = CARTESIAN_POINT('',(5.4,0.));
#4607 = VECTOR('',#4608,1.);
#4608 = DIRECTION('',(0.,-1.));
#4609 = ( GEOMETRIC_REPRESENTATION_CONTEXT(2) 
PARAMETRIC_REPRESENTATION_CONTEXT() REPRESENTATION_CONTEXT('2D SPACE',''
  ) );
#4610 = PCURVE('',#1807,#4611);
#4611 = DEFINITIONAL_REPRESENTATION('',(#4612),#4616);
#4612 = LINE('',#4613,#4614);
#4613 = CARTESIAN_POINT('',(1.570796326795,0.));
#4614 = VECTOR('',#4615,1.);
#4615 = DIRECTION('',(0.,1.));
#4616 = ( GEOMETRIC_REPRESENTATION_CONTEXT(2) 
PARAMETRIC_REPRESENTATION_CONTEXT() REPRESENTATION_CONTEXT('2D SPACE',''
  ) );
#4617 = ORIENTED_EDGE('',*,*,#4618,.F.);
#4618 = EDGE_CURVE('',#4491,#4596,#4619,.T.);
#4619 = SURFACE_CURVE('',#4620,(#4624,#4631),.PCURVE_S1.);
#4620 = LINE('',#4621,#4622);
#4621 = CARTESIAN_POINT('',(-19.93,-3.06,0.));
#4622 = VECTOR('',#4623,1.);
#4623 = DIRECTION('',(0.,1.,0.));
#4624 = PCURVE('',#1672,#4625);
#4625 = DEFINITIONAL_REPRESENTATION('',(#4626),#4630);
#4626 = LINE('',#4627,#4628);
#4627 = CARTESIAN_POINT('',(0.,0.));
#4628 = VECTOR('',#4629,1.);
#4629 = DIRECTION('',(1.,0.));
#4630 = ( GEOMETRIC_REPRESENTATION_CONTEXT(2) 
PARAMETRIC_REPRESENTATION_CONTEXT() REPRESENTATION_CONTEXT('2D SPACE',''
  ) );
#4631 = PCURVE('',#4507,#4632);
#4632 = DEFINITIONAL_REPRESENTATION('',(#4633),#4637);
#4633 = LINE('',#4634,#4635);
#4634 = CARTESIAN_POINT('',(18.575483284487,-2.968752615481));
#4635 = VECTOR('',#4636,1.);
#4636 = DIRECTION('',(0.,1.));
#4637 = ( GEOMETRIC_REPRESENTATION_CONTEXT(2) 
PARAMETRIC_REPRESENTATION_CONTEXT() REPRESENTATION_CONTEXT('2D SPACE',''
  ) );
#4638 = ADVANCED_FACE('',(#4639),#1751,.F.);
#4639 = FACE_BOUND('',#4640,.T.);
#4640 = EDGE_LOOP('',(#4641,#4664,#4686,#4687));
#4641 = ORIENTED_EDGE('',*,*,#4642,.F.);
#4642 = EDGE_CURVE('',#4643,#1711,#4645,.T.);
#4643 = VERTEX_POINT('',#4644);
#4644 = CARTESIAN_POINT('',(-6.73,-2.26,0.));
#4645 = SURFACE_CURVE('',#4646,(#4650,#4657),.PCURVE_S1.);
#4646 = LINE('',#4647,#4648);
#4647 = CARTESIAN_POINT('',(-6.73,-2.26,0.));
#4648 = VECTOR('',#4649,1.);
#4649 = DIRECTION('',(0.,0.,1.));
#4650 = PCURVE('',#1751,#4651);
#4651 = DEFINITIONAL_REPRESENTATION('',(#4652),#4656);
#4652 = LINE('',#4653,#4654);
#4653 = CARTESIAN_POINT('',(-0.,0.));
#4654 = VECTOR('',#4655,1.);
#4655 = DIRECTION('',(-0.,1.));
#4656 = ( GEOMETRIC_REPRESENTATION_CONTEXT(2) 
PARAMETRIC_REPRESENTATION_CONTEXT() REPRESENTATION_CONTEXT('2D SPACE',''
  ) );
#4657 = PCURVE('',#1860,#4658);
#4658 = DEFINITIONAL_REPRESENTATION('',(#4659),#4663);
#4659 = LINE('',#4660,#4661);
#4660 = CARTESIAN_POINT('',(5.4,0.));
#4661 = VECTOR('',#4662,1.);
#4662 = DIRECTION('',(0.,-1.));
#4663 = ( GEOMETRIC_REPRESENTATION_CONTEXT(2) 
PARAMETRIC_REPRESENTATION_CONTEXT() REPRESENTATION_CONTEXT('2D SPACE',''
  ) );
#4664 = ORIENTED_EDGE('',*,*,#4665,.T.);
#4665 = EDGE_CURVE('',#4643,#4545,#4666,.T.);
#4666 = SURFACE_CURVE('',#4667,(#4672,#4679),.PCURVE_S1.);
#4667 = CIRCLE('',#4668,0.8);
#4668 = AXIS2_PLACEMENT_3D('',#4669,#4670,#4671);
#4669 = CARTESIAN_POINT('',(-7.53,-2.26,0.));
#4670 = DIRECTION('',(-0.,-0.,-1.));
#4671 = DIRECTION('',(0.,-1.,0.));
#4672 = PCURVE('',#1751,#4673);
#4673 = DEFINITIONAL_REPRESENTATION('',(#4674),#4678);
#4674 = LINE('',#4675,#4676);
#4675 = CARTESIAN_POINT('',(4.712388980385,-0.));
#4676 = VECTOR('',#4677,1.);
#4677 = DIRECTION('',(-1.,0.));
#4678 = ( GEOMETRIC_REPRESENTATION_CONTEXT(2) 
PARAMETRIC_REPRESENTATION_CONTEXT() REPRESENTATION_CONTEXT('2D SPACE',''
  ) );
#4679 = PCURVE('',#4507,#4680);
#4680 = DEFINITIONAL_REPRESENTATION('',(#4681),#4685);
#4681 = CIRCLE('',#4682,0.8);
#4682 = AXIS2_PLACEMENT_2D('',#4683,#4684);
#4683 = CARTESIAN_POINT('',(6.175483284487,-2.168752615481));
#4684 = DIRECTION('',(0.,-1.));
#4685 = ( GEOMETRIC_REPRESENTATION_CONTEXT(2) 
PARAMETRIC_REPRESENTATION_CONTEXT() REPRESENTATION_CONTEXT('2D SPACE',''
  ) );
#4686 = ORIENTED_EDGE('',*,*,#4544,.T.);
#4687 = ORIENTED_EDGE('',*,*,#1736,.F.);
#4688 = ADVANCED_FACE('',(#4689),#1807,.F.);
#4689 = FACE_BOUND('',#4690,.F.);
#4690 = EDGE_LOOP('',(#4691,#4714,#4740,#4741));
#4691 = ORIENTED_EDGE('',*,*,#4692,.F.);
#4692 = EDGE_CURVE('',#4693,#1769,#4695,.T.);
#4693 = VERTEX_POINT('',#4694);
#4694 = CARTESIAN_POINT('',(-19.13,3.14,0.));
#4695 = SURFACE_CURVE('',#4696,(#4700,#4707),.PCURVE_S1.);
#4696 = LINE('',#4697,#4698);
#4697 = CARTESIAN_POINT('',(-19.13,3.14,0.));
#4698 = VECTOR('',#4699,1.);
#4699 = DIRECTION('',(0.,0.,1.));
#4700 = PCURVE('',#1807,#4701);
#4701 = DEFINITIONAL_REPRESENTATION('',(#4702),#4706);
#4702 = LINE('',#4703,#4704);
#4703 = CARTESIAN_POINT('',(0.,0.));
#4704 = VECTOR('',#4705,1.);
#4705 = DIRECTION('',(0.,1.));
#4706 = ( GEOMETRIC_REPRESENTATION_CONTEXT(2) 
PARAMETRIC_REPRESENTATION_CONTEXT() REPRESENTATION_CONTEXT('2D SPACE',''
  ) );
#4707 = PCURVE('',#1894,#4708);
#4708 = DEFINITIONAL_REPRESENTATION('',(#4709),#4713);
#4709 = LINE('',#4710,#4711);
#4710 = CARTESIAN_POINT('',(0.8,0.));
#4711 = VECTOR('',#4712,1.);
#4712 = DIRECTION('',(0.,-1.));
#4713 = ( GEOMETRIC_REPRESENTATION_CONTEXT(2) 
PARAMETRIC_REPRESENTATION_CONTEXT() REPRESENTATION_CONTEXT('2D SPACE',''
  ) );
#4714 = ORIENTED_EDGE('',*,*,#4715,.T.);
#4715 = EDGE_CURVE('',#4693,#4596,#4716,.T.);
#4716 = SURFACE_CURVE('',#4717,(#4722,#4729),.PCURVE_S1.);
#4717 = CIRCLE('',#4718,0.8);
#4718 = AXIS2_PLACEMENT_3D('',#4719,#4720,#4721);
#4719 = CARTESIAN_POINT('',(-19.13,2.34,0.));
#4720 = DIRECTION('',(-0.,0.,1.));
#4721 = DIRECTION('',(0.,-1.,0.));
#4722 = PCURVE('',#1807,#4723);
#4723 = DEFINITIONAL_REPRESENTATION('',(#4724),#4728);
#4724 = LINE('',#4725,#4726);
#4725 = CARTESIAN_POINT('',(-3.14159265359,0.));
#4726 = VECTOR('',#4727,1.);
#4727 = DIRECTION('',(1.,0.));
#4728 = ( GEOMETRIC_REPRESENTATION_CONTEXT(2) 
PARAMETRIC_REPRESENTATION_CONTEXT() REPRESENTATION_CONTEXT('2D SPACE',''
  ) );
#4729 = PCURVE('',#4507,#4730);
#4730 = DEFINITIONAL_REPRESENTATION('',(#4731),#4739);
#4731 = ( BOUNDED_CURVE() B_SPLINE_CURVE(2,(#4732,#4733,#4734,#4735,
#4736,#4737,#4738),.UNSPECIFIED.,.T.,.F.) B_SPLINE_CURVE_WITH_KNOTS((1,2
    ,2,2,2,1),(-2.094395102393,0.,2.094395102393,4.188790204786,
6.28318530718,8.377580409573),.UNSPECIFIED.) CURVE() 
GEOMETRIC_REPRESENTATION_ITEM() RATIONAL_B_SPLINE_CURVE((1.,0.5,1.,0.5,
1.,0.5,1.)) REPRESENTATION_ITEM('') );
#4732 = CARTESIAN_POINT('',(17.775483284487,1.631247384519));
#4733 = CARTESIAN_POINT('',(16.389842638432,1.631247384519));
#4734 = CARTESIAN_POINT('',(17.08266296146,2.831247384519));
#4735 = CARTESIAN_POINT('',(17.775483284487,4.031247384519));
#4736 = CARTESIAN_POINT('',(18.468303607515,2.831247384519));
#4737 = CARTESIAN_POINT('',(19.161123930543,1.631247384519));
#4738 = CARTESIAN_POINT('',(17.775483284487,1.631247384519));
#4739 = ( GEOMETRIC_REPRESENTATION_CONTEXT(2) 
PARAMETRIC_REPRESENTATION_CONTEXT() REPRESENTATION_CONTEXT('2D SPACE',''
  ) );
#4740 = ORIENTED_EDGE('',*,*,#4595,.T.);
#4741 = ORIENTED_EDGE('',*,*,#1792,.T.);
#4742 = ADVANCED_FACE('',(#4743),#1860,.F.);
#4743 = FACE_BOUND('',#4744,.F.);
#4744 = EDGE_LOOP('',(#4745,#4768,#4769,#4770));
#4745 = ORIENTED_EDGE('',*,*,#4746,.T.);
#4746 = EDGE_CURVE('',#4747,#1823,#4749,.T.);
#4747 = VERTEX_POINT('',#4748);
#4748 = CARTESIAN_POINT('',(-6.73,2.34,0.));
#4749 = SURFACE_CURVE('',#4750,(#4754,#4761),.PCURVE_S1.);
#4750 = LINE('',#4751,#4752);
#4751 = CARTESIAN_POINT('',(-6.73,2.34,0.));
#4752 = VECTOR('',#4753,1.);
#4753 = DIRECTION('',(0.,0.,1.));
#4754 = PCURVE('',#1860,#4755);
#4755 = DEFINITIONAL_REPRESENTATION('',(#4756),#4760);
#4756 = LINE('',#4757,#4758);
#4757 = CARTESIAN_POINT('',(0.8,0.));
#4758 = VECTOR('',#4759,1.);
#4759 = DIRECTION('',(0.,-1.));
#4760 = ( GEOMETRIC_REPRESENTATION_CONTEXT(2) 
PARAMETRIC_REPRESENTATION_CONTEXT() REPRESENTATION_CONTEXT('2D SPACE',''
  ) );
#4761 = PCURVE('',#1950,#4762);
#4762 = DEFINITIONAL_REPRESENTATION('',(#4763),#4767);
#4763 = LINE('',#4764,#4765);
#4764 = CARTESIAN_POINT('',(-1.570796326795,0.));
#4765 = VECTOR('',#4766,1.);
#4766 = DIRECTION('',(-0.,1.));
#4767 = ( GEOMETRIC_REPRESENTATION_CONTEXT(2) 
PARAMETRIC_REPRESENTATION_CONTEXT() REPRESENTATION_CONTEXT('2D SPACE',''
  ) );
#4768 = ORIENTED_EDGE('',*,*,#1846,.T.);
#4769 = ORIENTED_EDGE('',*,*,#4642,.F.);
#4770 = ORIENTED_EDGE('',*,*,#4771,.F.);
#4771 = EDGE_CURVE('',#4747,#4643,#4772,.T.);
#4772 = SURFACE_CURVE('',#4773,(#4777,#4784),.PCURVE_S1.);
#4773 = LINE('',#4774,#4775);
#4774 = CARTESIAN_POINT('',(-6.73,3.14,0.));
#4775 = VECTOR('',#4776,1.);
#4776 = DIRECTION('',(1.4E-16,-1.,0.));
#4777 = PCURVE('',#1860,#4778);
#4778 = DEFINITIONAL_REPRESENTATION('',(#4779),#4783);
#4779 = LINE('',#4780,#4781);
#4780 = CARTESIAN_POINT('',(0.,0.));
#4781 = VECTOR('',#4782,1.);
#4782 = DIRECTION('',(1.,0.));
#4783 = ( GEOMETRIC_REPRESENTATION_CONTEXT(2) 
PARAMETRIC_REPRESENTATION_CONTEXT() REPRESENTATION_CONTEXT('2D SPACE',''
  ) );
#4784 = PCURVE('',#4507,#4785);
#4785 = DEFINITIONAL_REPRESENTATION('',(#4786),#4790);
#4786 = LINE('',#4787,#4788);
#4787 = CARTESIAN_POINT('',(5.375483284487,3.231247384519));
#4788 = VECTOR('',#4789,1.);
#4789 = DIRECTION('',(-1.4E-16,-1.));
#4790 = ( GEOMETRIC_REPRESENTATION_CONTEXT(2) 
PARAMETRIC_REPRESENTATION_CONTEXT() REPRESENTATION_CONTEXT('2D SPACE',''
  ) );
#4791 = ADVANCED_FACE('',(#4792),#1894,.F.);
#4792 = FACE_BOUND('',#4793,.F.);
#4793 = EDGE_LOOP('',(#4794,#4795,#4796,#4819));
#4794 = ORIENTED_EDGE('',*,*,#4692,.T.);
#4795 = ORIENTED_EDGE('',*,*,#1878,.T.);
#4796 = ORIENTED_EDGE('',*,*,#4797,.F.);
#4797 = EDGE_CURVE('',#4798,#1879,#4800,.T.);
#4798 = VERTEX_POINT('',#4799);
#4799 = CARTESIAN_POINT('',(-7.53,3.14,0.));
#4800 = SURFACE_CURVE('',#4801,(#4805,#4812),.PCURVE_S1.);
#4801 = LINE('',#4802,#4803);
#4802 = CARTESIAN_POINT('',(-7.53,3.14,0.));
#4803 = VECTOR('',#4804,1.);
#4804 = DIRECTION('',(0.,0.,1.));
#4805 = PCURVE('',#1894,#4806);
#4806 = DEFINITIONAL_REPRESENTATION('',(#4807),#4811);
#4807 = LINE('',#4808,#4809);
#4808 = CARTESIAN_POINT('',(12.4,0.));
#4809 = VECTOR('',#4810,1.);
#4810 = DIRECTION('',(0.,-1.));
#4811 = ( GEOMETRIC_REPRESENTATION_CONTEXT(2) 
PARAMETRIC_REPRESENTATION_CONTEXT() REPRESENTATION_CONTEXT('2D SPACE',''
  ) );
#4812 = PCURVE('',#1950,#4813);
#4813 = DEFINITIONAL_REPRESENTATION('',(#4814),#4818);
#4814 = LINE('',#4815,#4816);
#4815 = CARTESIAN_POINT('',(-0.,0.));
#4816 = VECTOR('',#4817,1.);
#4817 = DIRECTION('',(-0.,1.));
#4818 = ( GEOMETRIC_REPRESENTATION_CONTEXT(2) 
PARAMETRIC_REPRESENTATION_CONTEXT() REPRESENTATION_CONTEXT('2D SPACE',''
  ) );
#4819 = ORIENTED_EDGE('',*,*,#4820,.F.);
#4820 = EDGE_CURVE('',#4693,#4798,#4821,.T.);
#4821 = SURFACE_CURVE('',#4822,(#4826,#4833),.PCURVE_S1.);
#4822 = LINE('',#4823,#4824);
#4823 = CARTESIAN_POINT('',(-19.93,3.14,0.));
#4824 = VECTOR('',#4825,1.);
#4825 = DIRECTION('',(1.,0.,0.));
#4826 = PCURVE('',#1894,#4827);
#4827 = DEFINITIONAL_REPRESENTATION('',(#4828),#4832);
#4828 = LINE('',#4829,#4830);
#4829 = CARTESIAN_POINT('',(0.,0.));
#4830 = VECTOR('',#4831,1.);
#4831 = DIRECTION('',(1.,0.));
#4832 = ( GEOMETRIC_REPRESENTATION_CONTEXT(2) 
PARAMETRIC_REPRESENTATION_CONTEXT() REPRESENTATION_CONTEXT('2D SPACE',''
  ) );
#4833 = PCURVE('',#4507,#4834);
#4834 = DEFINITIONAL_REPRESENTATION('',(#4835),#4839);
#4835 = LINE('',#4836,#4837);
#4836 = CARTESIAN_POINT('',(18.575483284487,3.231247384519));
#4837 = VECTOR('',#4838,1.);
#4838 = DIRECTION('',(-1.,0.));
#4839 = ( GEOMETRIC_REPRESENTATION_CONTEXT(2) 
PARAMETRIC_REPRESENTATION_CONTEXT() REPRESENTATION_CONTEXT('2D SPACE',''
  ) );
#4840 = ADVANCED_FACE('',(#4841),#1950,.F.);
#4841 = FACE_BOUND('',#4842,.T.);
#4842 = EDGE_LOOP('',(#4843,#4844,#4866,#4867));
#4843 = ORIENTED_EDGE('',*,*,#4797,.F.);
#4844 = ORIENTED_EDGE('',*,*,#4845,.T.);
#4845 = EDGE_CURVE('',#4798,#4747,#4846,.T.);
#4846 = SURFACE_CURVE('',#4847,(#4852,#4859),.PCURVE_S1.);
#4847 = CIRCLE('',#4848,0.8);
#4848 = AXIS2_PLACEMENT_3D('',#4849,#4850,#4851);
#4849 = CARTESIAN_POINT('',(-7.53,2.34,0.));
#4850 = DIRECTION('',(-0.,-0.,-1.));
#4851 = DIRECTION('',(0.,-1.,0.));
#4852 = PCURVE('',#1950,#4853);
#4853 = DEFINITIONAL_REPRESENTATION('',(#4854),#4858);
#4854 = LINE('',#4855,#4856);
#4855 = CARTESIAN_POINT('',(3.14159265359,-0.));
#4856 = VECTOR('',#4857,1.);
#4857 = DIRECTION('',(-1.,0.));
#4858 = ( GEOMETRIC_REPRESENTATION_CONTEXT(2) 
PARAMETRIC_REPRESENTATION_CONTEXT() REPRESENTATION_CONTEXT('2D SPACE',''
  ) );
#4859 = PCURVE('',#4507,#4860);
#4860 = DEFINITIONAL_REPRESENTATION('',(#4861),#4865);
#4861 = CIRCLE('',#4862,0.8);
#4862 = AXIS2_PLACEMENT_2D('',#4863,#4864);
#4863 = CARTESIAN_POINT('',(6.175483284487,2.431247384519));
#4864 = DIRECTION('',(0.,-1.));
#4865 = ( GEOMETRIC_REPRESENTATION_CONTEXT(2) 
PARAMETRIC_REPRESENTATION_CONTEXT() REPRESENTATION_CONTEXT('2D SPACE',''
  ) );
#4866 = ORIENTED_EDGE('',*,*,#4746,.T.);
#4867 = ORIENTED_EDGE('',*,*,#1935,.F.);
#4868 = ADVANCED_FACE('',(#4869),#2005,.F.);
#4869 = FACE_BOUND('',#4870,.F.);
#4870 = EDGE_LOOP('',(#4871,#4872,#4873,#4874,#4875,#4876,#4877,#4878));
#4871 = ORIENTED_EDGE('',*,*,#1989,.T.);
#4872 = ORIENTED_EDGE('',*,*,#2119,.T.);
#4873 = ORIENTED_EDGE('',*,*,#2196,.T.);
#4874 = ORIENTED_EDGE('',*,*,#2321,.T.);
#4875 = ORIENTED_EDGE('',*,*,#2349,.T.);
#4876 = ORIENTED_EDGE('',*,*,#2267,.F.);
#4877 = ORIENTED_EDGE('',*,*,#2169,.T.);
#4878 = ORIENTED_EDGE('',*,*,#2065,.F.);
#4879 = ADVANCED_FACE('',(#4880),#2413,.F.);
#4880 = FACE_BOUND('',#4881,.T.);
#4881 = EDGE_LOOP('',(#4882,#4905,#4931,#4932));
#4882 = ORIENTED_EDGE('',*,*,#4883,.F.);
#4883 = EDGE_CURVE('',#4884,#2375,#4886,.T.);
#4884 = VERTEX_POINT('',#4885);
#4885 = CARTESIAN_POINT('',(42.845,4.E-02,0.));
#4886 = SEAM_CURVE('',#4887,(#4891,#4898),.PCURVE_S1.);
#4887 = LINE('',#4888,#4889);
#4888 = CARTESIAN_POINT('',(42.845,4.E-02,0.));
#4889 = VECTOR('',#4890,1.);
#4890 = DIRECTION('',(0.,0.,1.));
#4891 = PCURVE('',#2413,#4892);
#4892 = DEFINITIONAL_REPRESENTATION('',(#4893),#4897);
#4893 = LINE('',#4894,#4895);
#4894 = CARTESIAN_POINT('',(-6.28318530718,0.));
#4895 = VECTOR('',#4896,1.);
#4896 = DIRECTION('',(-0.,-1.));
#4897 = ( GEOMETRIC_REPRESENTATION_CONTEXT(2) 
PARAMETRIC_REPRESENTATION_CONTEXT() REPRESENTATION_CONTEXT('2D SPACE',''
  ) );
#4898 = PCURVE('',#2413,#4899);
#4899 = DEFINITIONAL_REPRESENTATION('',(#4900),#4904);
#4900 = LINE('',#4901,#4902);
#4901 = CARTESIAN_POINT('',(-0.,0.));
#4902 = VECTOR('',#4903,1.);
#4903 = DIRECTION('',(-0.,-1.));
#4904 = ( GEOMETRIC_REPRESENTATION_CONTEXT(2) 
PARAMETRIC_REPRESENTATION_CONTEXT() REPRESENTATION_CONTEXT('2D SPACE',''
  ) );
#4905 = ORIENTED_EDGE('',*,*,#4906,.F.);
#4906 = EDGE_CURVE('',#4884,#4884,#4907,.T.);
#4907 = SURFACE_CURVE('',#4908,(#4913,#4920),.PCURVE_S1.);
#4908 = CIRCLE('',#4909,1.625);
#4909 = AXIS2_PLACEMENT_3D('',#4910,#4911,#4912);
#4910 = CARTESIAN_POINT('',(41.22,4.E-02,0.));
#4911 = DIRECTION('',(0.,0.,1.));
#4912 = DIRECTION('',(1.,0.,0.));
#4913 = PCURVE('',#2413,#4914);
#4914 = DEFINITIONAL_REPRESENTATION('',(#4915),#4919);
#4915 = LINE('',#4916,#4917);
#4916 = CARTESIAN_POINT('',(-0.,0.));
#4917 = VECTOR('',#4918,1.);
#4918 = DIRECTION('',(-1.,0.));
#4919 = ( GEOMETRIC_REPRESENTATION_CONTEXT(2) 
PARAMETRIC_REPRESENTATION_CONTEXT() REPRESENTATION_CONTEXT('2D SPACE',''
  ) );
#4920 = PCURVE('',#4507,#4921);
#4921 = DEFINITIONAL_REPRESENTATION('',(#4922),#4930);
#4922 = ( BOUNDED_CURVE() B_SPLINE_CURVE(2,(#4923,#4924,#4925,#4926,
#4927,#4928,#4929),.UNSPECIFIED.,.T.,.F.) B_SPLINE_CURVE_WITH_KNOTS((1,2
    ,2,2,2,1),(-2.094395102393,0.,2.094395102393,4.188790204786,
6.28318530718,8.377580409573),.UNSPECIFIED.) CURVE() 
GEOMETRIC_REPRESENTATION_ITEM() RATIONAL_B_SPLINE_CURVE((1.,0.5,1.,0.5,
1.,0.5,1.)) REPRESENTATION_ITEM('') );
#4923 = CARTESIAN_POINT('',(-44.19951671551,0.131247384519));
#4924 = CARTESIAN_POINT('',(-44.19951671551,2.945829946819));
#4925 = CARTESIAN_POINT('',(-41.76201671551,1.538538665669));
#4926 = CARTESIAN_POINT('',(-39.32451671551,0.131247384519));
#4927 = CARTESIAN_POINT('',(-41.76201671551,-1.27604389663));
#4928 = CARTESIAN_POINT('',(-44.19951671551,-2.68333517778));
#4929 = CARTESIAN_POINT('',(-44.19951671551,0.131247384519));
#4930 = ( GEOMETRIC_REPRESENTATION_CONTEXT(2) 
PARAMETRIC_REPRESENTATION_CONTEXT() REPRESENTATION_CONTEXT('2D SPACE',''
  ) );
#4931 = ORIENTED_EDGE('',*,*,#4883,.T.);
#4932 = ORIENTED_EDGE('',*,*,#2398,.F.);
#4933 = ADVANCED_FACE('',(#4934),#2448,.T.);
#4934 = FACE_BOUND('',#4935,.T.);
#4935 = EDGE_LOOP('',(#4936,#4937,#4965,#4988));
#4936 = ORIENTED_EDGE('',*,*,#2430,.T.);
#4937 = ORIENTED_EDGE('',*,*,#4938,.F.);
#4938 = EDGE_CURVE('',#4939,#2433,#4941,.T.);
#4939 = VERTEX_POINT('',#4940);
#4940 = CARTESIAN_POINT('',(56.07,11.04,0.));
#4941 = SURFACE_CURVE('',#4942,(#4946,#4953),.PCURVE_S1.);
#4942 = LINE('',#4943,#4944);
#4943 = CARTESIAN_POINT('',(56.07,11.04,0.));
#4944 = VECTOR('',#4945,1.);
#4945 = DIRECTION('',(0.,0.,1.));
#4946 = PCURVE('',#2448,#4947);
#4947 = DEFINITIONAL_REPRESENTATION('',(#4948),#4952);
#4948 = LINE('',#4949,#4950);
#4949 = CARTESIAN_POINT('',(3.5,0.));
#4950 = VECTOR('',#4951,1.);
#4951 = DIRECTION('',(0.,-1.));
#4952 = ( GEOMETRIC_REPRESENTATION_CONTEXT(2) 
PARAMETRIC_REPRESENTATION_CONTEXT() REPRESENTATION_CONTEXT('2D SPACE',''
  ) );
#4953 = PCURVE('',#4954,#4959);
#4954 = PLANE('',#4955);
#4955 = AXIS2_PLACEMENT_3D('',#4956,#4957,#4958);
#4956 = CARTESIAN_POINT('',(56.07,11.04,1.1));
#4957 = DIRECTION('',(0.,-1.,0.));
#4958 = DIRECTION('',(0.,0.,-1.));
#4959 = DEFINITIONAL_REPRESENTATION('',(#4960),#4964);
#4960 = LINE('',#4961,#4962);
#4961 = CARTESIAN_POINT('',(1.1,0.));
#4962 = VECTOR('',#4963,1.);
#4963 = DIRECTION('',(-1.,0.));
#4964 = ( GEOMETRIC_REPRESENTATION_CONTEXT(2) 
PARAMETRIC_REPRESENTATION_CONTEXT() REPRESENTATION_CONTEXT('2D SPACE',''
  ) );
#4965 = ORIENTED_EDGE('',*,*,#4966,.F.);
#4966 = EDGE_CURVE('',#4967,#4939,#4969,.T.);
#4967 = VERTEX_POINT('',#4968);
#4968 = CARTESIAN_POINT('',(52.593418747299,11.04,0.));
#4969 = SURFACE_CURVE('',#4970,(#4974,#4981),.PCURVE_S1.);
#4970 = LINE('',#4971,#4972);
#4971 = CARTESIAN_POINT('',(52.57,11.04,0.));
#4972 = VECTOR('',#4973,1.);
#4973 = DIRECTION('',(1.,0.,0.));
#4974 = PCURVE('',#2448,#4975);
#4975 = DEFINITIONAL_REPRESENTATION('',(#4976),#4980);
#4976 = LINE('',#4977,#4978);
#4977 = CARTESIAN_POINT('',(0.,0.));
#4978 = VECTOR('',#4979,1.);
#4979 = DIRECTION('',(1.,0.));
#4980 = ( GEOMETRIC_REPRESENTATION_CONTEXT(2) 
PARAMETRIC_REPRESENTATION_CONTEXT() REPRESENTATION_CONTEXT('2D SPACE',''
  ) );
#4981 = PCURVE('',#4507,#4982);
#4982 = DEFINITIONAL_REPRESENTATION('',(#4983),#4987);
#4983 = LINE('',#4984,#4985);
#4984 = CARTESIAN_POINT('',(-53.92451671551,11.131247384519));
#4985 = VECTOR('',#4986,1.);
#4986 = DIRECTION('',(-1.,0.));
#4987 = ( GEOMETRIC_REPRESENTATION_CONTEXT(2) 
PARAMETRIC_REPRESENTATION_CONTEXT() REPRESENTATION_CONTEXT('2D SPACE',''
  ) );
#4988 = ORIENTED_EDGE('',*,*,#4989,.F.);
#4989 = EDGE_CURVE('',#2431,#4967,#4990,.T.);
#4990 = SURFACE_CURVE('',#4991,(#4995,#5002),.PCURVE_S1.);
#4991 = LINE('',#4992,#4993);
#4992 = CARTESIAN_POINT('',(52.593418747299,11.04,0.95));
#4993 = VECTOR('',#4994,1.);
#4994 = DIRECTION('',(-0.,-0.,-1.));
#4995 = PCURVE('',#2448,#4996);
#4996 = DEFINITIONAL_REPRESENTATION('',(#4997),#5001);
#4997 = LINE('',#4998,#4999);
#4998 = CARTESIAN_POINT('',(2.341874729922E-02,-0.95));
#4999 = VECTOR('',#5000,1.);
#5000 = DIRECTION('',(0.,1.));
#5001 = ( GEOMETRIC_REPRESENTATION_CONTEXT(2) 
PARAMETRIC_REPRESENTATION_CONTEXT() REPRESENTATION_CONTEXT('2D SPACE',''
  ) );
#5002 = PCURVE('',#5003,#5008);
#5003 = CYLINDRICAL_SURFACE('',#5004,5.E-02);
#5004 = AXIS2_PLACEMENT_3D('',#5005,#5006,#5007);
#5005 = CARTESIAN_POINT('',(52.593418747299,10.99,0.95));
#5006 = DIRECTION('',(-0.,-0.,-1.));
#5007 = DIRECTION('',(-0.768221279597,0.640184399664,0.));
#5008 = DEFINITIONAL_REPRESENTATION('',(#5009),#5013);
#5009 = LINE('',#5010,#5011);
#5010 = CARTESIAN_POINT('',(0.876058050598,0.));
#5011 = VECTOR('',#5012,1.);
#5012 = DIRECTION('',(0.,1.));
#5013 = ( GEOMETRIC_REPRESENTATION_CONTEXT(2) 
PARAMETRIC_REPRESENTATION_CONTEXT() REPRESENTATION_CONTEXT('2D SPACE',''
  ) );
#5014 = ADVANCED_FACE('',(#5015),#2484,.T.);
#5015 = FACE_BOUND('',#5016,.T.);
#5016 = EDGE_LOOP('',(#5017,#5018,#5019,#5043));
#5017 = ORIENTED_EDGE('',*,*,#2591,.T.);
#5018 = ORIENTED_EDGE('',*,*,#2460,.T.);
#5019 = ORIENTED_EDGE('',*,*,#5020,.F.);
#5020 = EDGE_CURVE('',#5021,#2431,#5023,.T.);
#5021 = VERTEX_POINT('',#5022);
#5022 = CARTESIAN_POINT('',(52.555007285751,11.022008742901,
    0.950088261078));
#5023 = SURFACE_CURVE('',#5024,(#5028,#5035),.PCURVE_S1.);
#5024 = ( BOUNDED_CURVE() B_SPLINE_CURVE(2,(#5025,#5026,#5027),
.UNSPECIFIED.,.F.,.F.) B_SPLINE_CURVE_WITH_KNOTS((3,3),(0.,
5.560063857761E-02),.PIECEWISE_BEZIER_KNOTS.) CURVE() 
GEOMETRIC_REPRESENTATION_ITEM() RATIONAL_B_SPLINE_CURVE((1.,
0.905586202773,1.)) REPRESENTATION_ITEM('') );
#5025 = CARTESIAN_POINT('',(52.555007285751,11.022008742901,
    0.950088261078));
#5026 = CARTESIAN_POINT('',(52.569999638785,11.039999566542,
    0.950226132826));
#5027 = CARTESIAN_POINT('',(52.593418682381,11.039999011551,
    0.950314394561));
#5028 = PCURVE('',#2484,#5029);
#5029 = DEFINITIONAL_REPRESENTATION('',(#5030),#5034);
#5030 = LINE('',#5031,#5032);
#5031 = CARTESIAN_POINT('',(0.,3.930554610415));
#5032 = VECTOR('',#5033,1.);
#5033 = DIRECTION('',(1.,0.));
#5034 = ( GEOMETRIC_REPRESENTATION_CONTEXT(2) 
PARAMETRIC_REPRESENTATION_CONTEXT() REPRESENTATION_CONTEXT('2D SPACE',''
  ) );
#5035 = PCURVE('',#5003,#5036);
#5036 = DEFINITIONAL_REPRESENTATION('',(#5037),#5042);
#5037 = B_SPLINE_CURVE_WITH_KNOTS('',3,(#5038,#5039,#5040,#5041),
  .UNSPECIFIED.,.F.,.F.,(4,4),(0.,5.560063857761E-02),
  .PIECEWISE_BEZIER_KNOTS.);
#5038 = CARTESIAN_POINT('',(0.,0.));
#5039 = CARTESIAN_POINT('',(0.282774845139,0.));
#5040 = CARTESIAN_POINT('',(0.593283205459,0.));
#5041 = CARTESIAN_POINT('',(0.876058050598,0.));
#5042 = ( GEOMETRIC_REPRESENTATION_CONTEXT(2) 
PARAMETRIC_REPRESENTATION_CONTEXT() REPRESENTATION_CONTEXT('2D SPACE',''
  ) );
#5043 = ORIENTED_EDGE('',*,*,#5044,.F.);
#5044 = EDGE_CURVE('',#2592,#5021,#5045,.T.);
#5045 = SURFACE_CURVE('',#5046,(#5055,#5062),.PCURVE_S1.);
#5046 = ( BOUNDED_CURVE() B_SPLINE_CURVE(7,(#5047,#5048,#5049,#5050,
    #5051,#5052,#5053,#5054),.UNSPECIFIED.,.F.,.F.) 
B_SPLINE_CURVE_WITH_KNOTS((8,8),(3.874953971838,3.930554610415),
.PIECEWISE_BEZIER_KNOTS.) CURVE() GEOMETRIC_REPRESENTATION_ITEM() 
RATIONAL_B_SPLINE_CURVE((1.,1.,1.,1.,1.,1.,1.,1.)) REPRESENTATION_ITEM(
  '') );
#5047 = CARTESIAN_POINT('',(52.540011910172,11.004014292207,
    0.955826372551));
#5048 = CARTESIAN_POINT('',(52.543492582675,11.00819109921,
    0.958676646489));
#5049 = CARTESIAN_POINT('',(52.546862851088,11.012235421305,
    0.959507336687));
#5050 = CARTESIAN_POINT('',(52.549895702286,11.015874842743,
    0.959206171197));
#5051 = CARTESIAN_POINT('',(52.552361724527,11.018834069432,
    0.957686085794));
#5052 = CARTESIAN_POINT('',(52.554103451473,11.020924141767,
    0.955449393863));
#5053 = CARTESIAN_POINT('',(52.554983121584,11.021979745901,
    0.952770436015));
#5054 = CARTESIAN_POINT('',(52.555007285751,11.022008742901,
    0.950088261078));
#5055 = PCURVE('',#2484,#5056);
#5056 = DEFINITIONAL_REPRESENTATION('',(#5057),#5061);
#5057 = LINE('',#5058,#5059);
#5058 = CARTESIAN_POINT('',(0.,0.));
#5059 = VECTOR('',#5060,1.);
#5060 = DIRECTION('',(0.,1.));
#5061 = ( GEOMETRIC_REPRESENTATION_CONTEXT(2) 
PARAMETRIC_REPRESENTATION_CONTEXT() REPRESENTATION_CONTEXT('2D SPACE',''
  ) );
#5062 = PCURVE('',#2630,#5063);
#5063 = DEFINITIONAL_REPRESENTATION('',(#5064),#5073);
#5064 = ( BOUNDED_CURVE() B_SPLINE_CURVE(7,(#5065,#5066,#5067,#5068,
    #5069,#5070,#5071,#5072),.UNSPECIFIED.,.F.,.F.) 
B_SPLINE_CURVE_WITH_KNOTS((8,8),(3.874953971838,3.930554610415),
.PIECEWISE_BEZIER_KNOTS.) CURVE() GEOMETRIC_REPRESENTATION_ITEM() 
RATIONAL_B_SPLINE_CURVE((1.,1.,1.,1.,1.,1.,1.,1.)) REPRESENTATION_ITEM(
  '') );
#5065 = CARTESIAN_POINT('',(3.858281944182,-0.955826372551));
#5066 = CARTESIAN_POINT('',(3.863718928439,-0.958676646489));
#5067 = CARTESIAN_POINT('',(3.868983455995,-0.959507336687));
#5068 = CARTESIAN_POINT('',(3.873720921012,-0.959206171197));
#5069 = CARTESIAN_POINT('',(3.877572970894,-0.957686085794));
#5070 = CARTESIAN_POINT('',(3.880293635357,-0.955449393863));
#5071 = CARTESIAN_POINT('',(3.881667723997,-0.952770436015));
#5072 = CARTESIAN_POINT('',(3.881705469633,-0.950088261078));
#5073 = ( GEOMETRIC_REPRESENTATION_CONTEXT(2) 
PARAMETRIC_REPRESENTATION_CONTEXT() REPRESENTATION_CONTEXT('2D SPACE',''
  ) );
#5074 = ADVANCED_FACE('',(#5075),#2532,.T.);
#5075 = FACE_BOUND('',#5076,.F.);
#5076 = EDGE_LOOP('',(#5077,#5078,#5102,#5129));
#5077 = ORIENTED_EDGE('',*,*,#2517,.F.);
#5078 = ORIENTED_EDGE('',*,*,#5079,.T.);
#5079 = EDGE_CURVE('',#2433,#5080,#5082,.T.);
#5080 = VERTEX_POINT('',#5081);
#5081 = CARTESIAN_POINT('',(56.22,11.04,1.1));
#5082 = SURFACE_CURVE('',#5083,(#5088,#5095),.PCURVE_S1.);
#5083 = CIRCLE('',#5084,0.15);
#5084 = AXIS2_PLACEMENT_3D('',#5085,#5086,#5087);
#5085 = CARTESIAN_POINT('',(56.07,11.04,1.1));
#5086 = DIRECTION('',(0.,-1.,0.));
#5087 = DIRECTION('',(0.,0.,-1.));
#5088 = PCURVE('',#2532,#5089);
#5089 = DEFINITIONAL_REPRESENTATION('',(#5090),#5094);
#5090 = LINE('',#5091,#5092);
#5091 = CARTESIAN_POINT('',(-0.,1.570796326795));
#5092 = VECTOR('',#5093,1.);
#5093 = DIRECTION('',(-1.,0.));
#5094 = ( GEOMETRIC_REPRESENTATION_CONTEXT(2) 
PARAMETRIC_REPRESENTATION_CONTEXT() REPRESENTATION_CONTEXT('2D SPACE',''
  ) );
#5095 = PCURVE('',#4954,#5096);
#5096 = DEFINITIONAL_REPRESENTATION('',(#5097),#5101);
#5097 = CIRCLE('',#5098,0.15);
#5098 = AXIS2_PLACEMENT_2D('',#5099,#5100);
#5099 = CARTESIAN_POINT('',(0.,0.));
#5100 = DIRECTION('',(1.,0.));
#5101 = ( GEOMETRIC_REPRESENTATION_CONTEXT(2) 
PARAMETRIC_REPRESENTATION_CONTEXT() REPRESENTATION_CONTEXT('2D SPACE',''
  ) );
#5102 = ORIENTED_EDGE('',*,*,#5103,.T.);
#5103 = EDGE_CURVE('',#5080,#2650,#5104,.T.);
#5104 = SURFACE_CURVE('',#5105,(#5110,#5117),.PCURVE_S1.);
#5105 = CIRCLE('',#5106,5.E-02);
#5106 = AXIS2_PLACEMENT_3D('',#5107,#5108,#5109);
#5107 = CARTESIAN_POINT('',(56.22,10.99,1.1));
#5108 = DIRECTION('',(-9.49E-15,0.,1.));
#5109 = DIRECTION('',(1.,0.,9.49E-15));
#5110 = PCURVE('',#2532,#5111);
#5111 = DEFINITIONAL_REPRESENTATION('',(#5112),#5116);
#5112 = LINE('',#5113,#5114);
#5113 = CARTESIAN_POINT('',(-1.570796326795,0.));
#5114 = VECTOR('',#5115,1.);
#5115 = DIRECTION('',(-0.,1.));
#5116 = ( GEOMETRIC_REPRESENTATION_CONTEXT(2) 
PARAMETRIC_REPRESENTATION_CONTEXT() REPRESENTATION_CONTEXT('2D SPACE',''
  ) );
#5117 = PCURVE('',#5118,#5123);
#5118 = CYLINDRICAL_SURFACE('',#5119,5.E-02);
#5119 = AXIS2_PLACEMENT_3D('',#5120,#5121,#5122);
#5120 = CARTESIAN_POINT('',(56.22,10.99,1.1));
#5121 = DIRECTION('',(0.,0.,1.));
#5122 = DIRECTION('',(0.,1.,0.));
#5123 = DEFINITIONAL_REPRESENTATION('',(#5124),#5128);
#5124 = LINE('',#5125,#5126);
#5125 = CARTESIAN_POINT('',(-1.570796326795,0.));
#5126 = VECTOR('',#5127,1.);
#5127 = DIRECTION('',(1.,0.));
#5128 = ( GEOMETRIC_REPRESENTATION_CONTEXT(2) 
PARAMETRIC_REPRESENTATION_CONTEXT() REPRESENTATION_CONTEXT('2D SPACE',''
  ) );
#5129 = ORIENTED_EDGE('',*,*,#2649,.F.);
#5130 = ADVANCED_FACE('',(#5131),#2630,.T.);
#5131 = FACE_BOUND('',#5132,.T.);
#5132 = EDGE_LOOP('',(#5133,#5158,#5179,#5180,#5181,#5182));
#5133 = ORIENTED_EDGE('',*,*,#5134,.F.);
#5134 = EDGE_CURVE('',#5135,#5137,#5139,.T.);
#5135 = VERTEX_POINT('',#5136);
#5136 = CARTESIAN_POINT('',(50.07,8.04,0.));
#5137 = VERTEX_POINT('',#5138);
#5138 = CARTESIAN_POINT('',(52.555007683319,11.022009219983,0.));
#5139 = SURFACE_CURVE('',#5140,(#5144,#5151),.PCURVE_S1.);
#5140 = LINE('',#5141,#5142);
#5141 = CARTESIAN_POINT('',(50.07,8.04,0.));
#5142 = VECTOR('',#5143,1.);
#5143 = DIRECTION('',(0.640184399664,0.768221279597,0.));
#5144 = PCURVE('',#2630,#5145);
#5145 = DEFINITIONAL_REPRESENTATION('',(#5146),#5150);
#5146 = LINE('',#5147,#5148);
#5147 = CARTESIAN_POINT('',(0.,0.));
#5148 = VECTOR('',#5149,1.);
#5149 = DIRECTION('',(1.,0.));
#5150 = ( GEOMETRIC_REPRESENTATION_CONTEXT(2) 
PARAMETRIC_REPRESENTATION_CONTEXT() REPRESENTATION_CONTEXT('2D SPACE',''
  ) );
#5151 = PCURVE('',#4507,#5152);
#5152 = DEFINITIONAL_REPRESENTATION('',(#5153),#5157);
#5153 = LINE('',#5154,#5155);
#5154 = CARTESIAN_POINT('',(-51.42451671551,8.131247384519));
#5155 = VECTOR('',#5156,1.);
#5156 = DIRECTION('',(-0.640184399664,0.768221279597));
#5157 = ( GEOMETRIC_REPRESENTATION_CONTEXT(2) 
PARAMETRIC_REPRESENTATION_CONTEXT() REPRESENTATION_CONTEXT('2D SPACE',''
  ) );
#5158 = ORIENTED_EDGE('',*,*,#5159,.T.);
#5159 = EDGE_CURVE('',#5135,#2732,#5160,.T.);
#5160 = SURFACE_CURVE('',#5161,(#5165,#5172),.PCURVE_S1.);
#5161 = LINE('',#5162,#5163);
#5162 = CARTESIAN_POINT('',(50.07,8.04,0.));
#5163 = VECTOR('',#5164,1.);
#5164 = DIRECTION('',(0.,0.,1.));
#5165 = PCURVE('',#2630,#5166);
#5166 = DEFINITIONAL_REPRESENTATION('',(#5167),#5171);
#5167 = LINE('',#5168,#5169);
#5168 = CARTESIAN_POINT('',(0.,0.));
#5169 = VECTOR('',#5170,1.);
#5170 = DIRECTION('',(0.,-1.));
#5171 = ( GEOMETRIC_REPRESENTATION_CONTEXT(2) 
PARAMETRIC_REPRESENTATION_CONTEXT() REPRESENTATION_CONTEXT('2D SPACE',''
  ) );
#5172 = PCURVE('',#2918,#5173);
#5173 = DEFINITIONAL_REPRESENTATION('',(#5174),#5178);
#5174 = LINE('',#5175,#5176);
#5175 = CARTESIAN_POINT('',(100.,0.));
#5176 = VECTOR('',#5177,1.);
#5177 = DIRECTION('',(0.,-1.));
#5178 = ( GEOMETRIC_REPRESENTATION_CONTEXT(2) 
PARAMETRIC_REPRESENTATION_CONTEXT() REPRESENTATION_CONTEXT('2D SPACE',''
  ) );
#5179 = ORIENTED_EDGE('',*,*,#2763,.T.);
#5180 = ORIENTED_EDGE('',*,*,#2613,.T.);
#5181 = ORIENTED_EDGE('',*,*,#5044,.T.);
#5182 = ORIENTED_EDGE('',*,*,#5183,.T.);
#5183 = EDGE_CURVE('',#5021,#5137,#5184,.T.);
#5184 = SURFACE_CURVE('',#5185,(#5189,#5196),.PCURVE_S1.);
#5185 = LINE('',#5186,#5187);
#5186 = CARTESIAN_POINT('',(52.555007683319,11.022009219983,0.95));
#5187 = VECTOR('',#5188,1.);
#5188 = DIRECTION('',(-0.,-0.,-1.));
#5189 = PCURVE('',#2630,#5190);
#5190 = DEFINITIONAL_REPRESENTATION('',(#5191),#5195);
#5191 = LINE('',#5192,#5193);
#5192 = CARTESIAN_POINT('',(3.881706090654,-0.95));
#5193 = VECTOR('',#5194,1.);
#5194 = DIRECTION('',(0.,1.));
#5195 = ( GEOMETRIC_REPRESENTATION_CONTEXT(2) 
PARAMETRIC_REPRESENTATION_CONTEXT() REPRESENTATION_CONTEXT('2D SPACE',''
  ) );
#5196 = PCURVE('',#5003,#5197);
#5197 = DEFINITIONAL_REPRESENTATION('',(#5198),#5202);
#5198 = LINE('',#5199,#5200);
#5199 = CARTESIAN_POINT('',(0.,0.));
#5200 = VECTOR('',#5201,1.);
#5201 = DIRECTION('',(0.,1.));
#5202 = ( GEOMETRIC_REPRESENTATION_CONTEXT(2) 
PARAMETRIC_REPRESENTATION_CONTEXT() REPRESENTATION_CONTEXT('2D SPACE',''
  ) );
#5203 = ADVANCED_FACE('',(#5204),#2716,.T.);
#5204 = FACE_BOUND('',#5205,.F.);
#5205 = EDGE_LOOP('',(#5206,#5235,#5266,#5267));
#5206 = ORIENTED_EDGE('',*,*,#5207,.F.);
#5207 = EDGE_CURVE('',#5208,#2674,#5210,.T.);
#5208 = VERTEX_POINT('',#5209);
#5209 = CARTESIAN_POINT('',(56.22,-6.96,1.1));
#5210 = SURFACE_CURVE('',#5211,(#5216,#5223),.PCURVE_S1.);
#5211 = CIRCLE('',#5212,5.E-02);
#5212 = AXIS2_PLACEMENT_3D('',#5213,#5214,#5215);
#5213 = CARTESIAN_POINT('',(56.22,-6.91,1.1));
#5214 = DIRECTION('',(0.,0.,-1.));
#5215 = DIRECTION('',(0.,-1.,0.));
#5216 = PCURVE('',#2716,#5217);
#5217 = DEFINITIONAL_REPRESENTATION('',(#5218),#5222);
#5218 = LINE('',#5219,#5220);
#5219 = CARTESIAN_POINT('',(-0.,1.570796326795));
#5220 = VECTOR('',#5221,1.);
#5221 = DIRECTION('',(-0.,1.));
#5222 = ( GEOMETRIC_REPRESENTATION_CONTEXT(2) 
PARAMETRIC_REPRESENTATION_CONTEXT() REPRESENTATION_CONTEXT('2D SPACE',''
  ) );
#5223 = PCURVE('',#5224,#5229);
#5224 = CYLINDRICAL_SURFACE('',#5225,5.E-02);
#5225 = AXIS2_PLACEMENT_3D('',#5226,#5227,#5228);
#5226 = CARTESIAN_POINT('',(56.22,-6.91,10.7));
#5227 = DIRECTION('',(0.,0.,-1.));
#5228 = DIRECTION('',(0.,-1.,0.));
#5229 = DEFINITIONAL_REPRESENTATION('',(#5230),#5234);
#5230 = LINE('',#5231,#5232);
#5231 = CARTESIAN_POINT('',(0.,9.6));
#5232 = VECTOR('',#5233,1.);
#5233 = DIRECTION('',(1.,0.));
#5234 = ( GEOMETRIC_REPRESENTATION_CONTEXT(2) 
PARAMETRIC_REPRESENTATION_CONTEXT() REPRESENTATION_CONTEXT('2D SPACE',''
  ) );
#5235 = ORIENTED_EDGE('',*,*,#5236,.T.);
#5236 = EDGE_CURVE('',#5208,#2818,#5237,.T.);
#5237 = SURFACE_CURVE('',#5238,(#5243,#5250),.PCURVE_S1.);
#5238 = CIRCLE('',#5239,0.15);
#5239 = AXIS2_PLACEMENT_3D('',#5240,#5241,#5242);
#5240 = CARTESIAN_POINT('',(56.07,-6.96,1.1));
#5241 = DIRECTION('',(-0.,1.,0.));
#5242 = DIRECTION('',(1.,0.,0.));
#5243 = PCURVE('',#2716,#5244);
#5244 = DEFINITIONAL_REPRESENTATION('',(#5245),#5249);
#5245 = LINE('',#5246,#5247);
#5246 = CARTESIAN_POINT('',(-0.,1.570796326795));
#5247 = VECTOR('',#5248,1.);
#5248 = DIRECTION('',(-1.,0.));
#5249 = ( GEOMETRIC_REPRESENTATION_CONTEXT(2) 
PARAMETRIC_REPRESENTATION_CONTEXT() REPRESENTATION_CONTEXT('2D SPACE',''
  ) );
#5250 = PCURVE('',#5251,#5256);
#5251 = PLANE('',#5252);
#5252 = AXIS2_PLACEMENT_3D('',#5253,#5254,#5255);
#5253 = CARTESIAN_POINT('',(56.07,-6.96,1.1));
#5254 = DIRECTION('',(0.,-1.,0.));
#5255 = DIRECTION('',(-0.,-0.,-1.));
#5256 = DEFINITIONAL_REPRESENTATION('',(#5257),#5265);
#5257 = ( BOUNDED_CURVE() B_SPLINE_CURVE(2,(#5258,#5259,#5260,#5261,
#5262,#5263,#5264),.UNSPECIFIED.,.T.,.F.) B_SPLINE_CURVE_WITH_KNOTS((1,2
    ,2,2,2,1),(-2.094395102393,0.,2.094395102393,4.188790204786,
6.28318530718,8.377580409573),.UNSPECIFIED.) CURVE() 
GEOMETRIC_REPRESENTATION_ITEM() RATIONAL_B_SPLINE_CURVE((1.,0.5,1.,0.5,
1.,0.5,1.)) REPRESENTATION_ITEM('') );
#5258 = CARTESIAN_POINT('',(0.,0.15));
#5259 = CARTESIAN_POINT('',(0.259807621135,0.15));
#5260 = CARTESIAN_POINT('',(0.129903810568,-7.5E-02));
#5261 = CARTESIAN_POINT('',(3.673940397442E-17,-0.3));
#5262 = CARTESIAN_POINT('',(-0.129903810568,-7.5E-02));
#5263 = CARTESIAN_POINT('',(-0.259807621135,0.15));
#5264 = CARTESIAN_POINT('',(0.,0.15));
#5265 = ( GEOMETRIC_REPRESENTATION_CONTEXT(2) 
PARAMETRIC_REPRESENTATION_CONTEXT() REPRESENTATION_CONTEXT('2D SPACE',''
  ) );
#5266 = ORIENTED_EDGE('',*,*,#2845,.T.);
#5267 = ORIENTED_EDGE('',*,*,#2701,.F.);
#5268 = ADVANCED_FACE('',(#5269),#2689,.F.);
#5269 = FACE_BOUND('',#5270,.F.);
#5270 = EDGE_LOOP('',(#5271,#5272,#5295,#5323,#5356,#5384,#5417,#5445,
    #5473,#5502,#5530,#5558,#5586,#5619,#5647,#5680,#5708,#5736,#5764,
    #5793));
#5271 = ORIENTED_EDGE('',*,*,#2673,.F.);
#5272 = ORIENTED_EDGE('',*,*,#5273,.T.);
#5273 = EDGE_CURVE('',#2650,#5274,#5276,.T.);
#5274 = VERTEX_POINT('',#5275);
#5275 = CARTESIAN_POINT('',(56.17,10.99,3.65));
#5276 = SURFACE_CURVE('',#5277,(#5281,#5288),.PCURVE_S1.);
#5277 = LINE('',#5278,#5279);
#5278 = CARTESIAN_POINT('',(56.17,10.99,1.1));
#5279 = VECTOR('',#5280,1.);
#5280 = DIRECTION('',(0.,0.,1.));
#5281 = PCURVE('',#2689,#5282);
#5282 = DEFINITIONAL_REPRESENTATION('',(#5283),#5287);
#5283 = LINE('',#5284,#5285);
#5284 = CARTESIAN_POINT('',(5.55,8.95));
#5285 = VECTOR('',#5286,1.);
#5286 = DIRECTION('',(-1.,0.));
#5287 = ( GEOMETRIC_REPRESENTATION_CONTEXT(2) 
PARAMETRIC_REPRESENTATION_CONTEXT() REPRESENTATION_CONTEXT('2D SPACE',''
  ) );
#5288 = PCURVE('',#5118,#5289);
#5289 = DEFINITIONAL_REPRESENTATION('',(#5290),#5294);
#5290 = LINE('',#5291,#5292);
#5291 = CARTESIAN_POINT('',(1.570796326795,0.));
#5292 = VECTOR('',#5293,1.);
#5293 = DIRECTION('',(0.,1.));
#5294 = ( GEOMETRIC_REPRESENTATION_CONTEXT(2) 
PARAMETRIC_REPRESENTATION_CONTEXT() REPRESENTATION_CONTEXT('2D SPACE',''
  ) );
#5295 = ORIENTED_EDGE('',*,*,#5296,.T.);
#5296 = EDGE_CURVE('',#5274,#5297,#5299,.T.);
#5297 = VERTEX_POINT('',#5298);
#5298 = CARTESIAN_POINT('',(56.17,7.93,3.65));
#5299 = SURFACE_CURVE('',#5300,(#5304,#5311),.PCURVE_S1.);
#5300 = LINE('',#5301,#5302);
#5301 = CARTESIAN_POINT('',(56.17,11.04,3.65));
#5302 = VECTOR('',#5303,1.);
#5303 = DIRECTION('',(0.,-1.,0.));
#5304 = PCURVE('',#2689,#5305);
#5305 = DEFINITIONAL_REPRESENTATION('',(#5306),#5310);
#5306 = LINE('',#5307,#5308);
#5307 = CARTESIAN_POINT('',(3.,9.));
#5308 = VECTOR('',#5309,1.);
#5309 = DIRECTION('',(0.,-1.));
#5310 = ( GEOMETRIC_REPRESENTATION_CONTEXT(2) 
PARAMETRIC_REPRESENTATION_CONTEXT() REPRESENTATION_CONTEXT('2D SPACE',''
  ) );
#5311 = PCURVE('',#5312,#5317);
#5312 = CYLINDRICAL_SURFACE('',#5313,5.E-02);
#5313 = AXIS2_PLACEMENT_3D('',#5314,#5315,#5316);
#5314 = CARTESIAN_POINT('',(56.22,11.04,3.65));
#5315 = DIRECTION('',(0.,-1.,0.));
#5316 = DIRECTION('',(0.,0.,1.));
#5317 = DEFINITIONAL_REPRESENTATION('',(#5318),#5322);
#5318 = LINE('',#5319,#5320);
#5319 = CARTESIAN_POINT('',(1.570796326795,0.));
#5320 = VECTOR('',#5321,1.);
#5321 = DIRECTION('',(0.,1.));
#5322 = ( GEOMETRIC_REPRESENTATION_CONTEXT(2) 
PARAMETRIC_REPRESENTATION_CONTEXT() REPRESENTATION_CONTEXT('2D SPACE',''
  ) );
#5323 = ORIENTED_EDGE('',*,*,#5324,.T.);
#5324 = EDGE_CURVE('',#5297,#5325,#5327,.T.);
#5325 = VERTEX_POINT('',#5326);
#5326 = CARTESIAN_POINT('',(56.17,5.89,5.69));
#5327 = SURFACE_CURVE('',#5328,(#5333,#5344),.PCURVE_S1.);
#5328 = CIRCLE('',#5329,2.04);
#5329 = AXIS2_PLACEMENT_3D('',#5330,#5331,#5332);
#5330 = CARTESIAN_POINT('',(56.17,7.93,5.69));
#5331 = DIRECTION('',(-1.,-0.,-0.));
#5332 = DIRECTION('',(0.,0.,-1.));
#5333 = PCURVE('',#2689,#5334);
#5334 = DEFINITIONAL_REPRESENTATION('',(#5335),#5343);
#5335 = ( BOUNDED_CURVE() B_SPLINE_CURVE(2,(#5336,#5337,#5338,#5339,
#5340,#5341,#5342),.UNSPECIFIED.,.T.,.F.) B_SPLINE_CURVE_WITH_KNOTS((1,2
    ,2,2,2,1),(-2.094395102393,0.,2.094395102393,4.188790204786,
6.28318530718,8.377580409573),.UNSPECIFIED.) CURVE() 
GEOMETRIC_REPRESENTATION_ITEM() RATIONAL_B_SPLINE_CURVE((1.,0.5,1.,0.5,
1.,0.5,1.)) REPRESENTATION_ITEM('') );
#5336 = CARTESIAN_POINT('',(3.,5.89));
#5337 = CARTESIAN_POINT('',(3.,2.356616352559));
#5338 = CARTESIAN_POINT('',(-6.E-02,4.12330817628));
#5339 = CARTESIAN_POINT('',(-3.12,5.89));
#5340 = CARTESIAN_POINT('',(-6.E-02,7.65669182372));
#5341 = CARTESIAN_POINT('',(3.,9.423383647441));
#5342 = CARTESIAN_POINT('',(3.,5.89));
#5343 = ( GEOMETRIC_REPRESENTATION_CONTEXT(2) 
PARAMETRIC_REPRESENTATION_CONTEXT() REPRESENTATION_CONTEXT('2D SPACE',''
  ) );
#5344 = PCURVE('',#5345,#5350);
#5345 = TOROIDAL_SURFACE('',#5346,2.04,5.E-02);
#5346 = AXIS2_PLACEMENT_3D('',#5347,#5348,#5349);
#5347 = CARTESIAN_POINT('',(56.22,7.93,5.69));
#5348 = DIRECTION('',(1.,0.,0.));
#5349 = DIRECTION('',(0.,0.,-1.));
#5350 = DEFINITIONAL_REPRESENTATION('',(#5351),#5355);
#5351 = LINE('',#5352,#5353);
#5352 = CARTESIAN_POINT('',(-0.,4.712388980385));
#5353 = VECTOR('',#5354,1.);
#5354 = DIRECTION('',(-1.,0.));
#5355 = ( GEOMETRIC_REPRESENTATION_CONTEXT(2) 
PARAMETRIC_REPRESENTATION_CONTEXT() REPRESENTATION_CONTEXT('2D SPACE',''
  ) );
#5356 = ORIENTED_EDGE('',*,*,#5357,.T.);
#5357 = EDGE_CURVE('',#5325,#5358,#5360,.T.);
#5358 = VERTEX_POINT('',#5359);
#5359 = CARTESIAN_POINT('',(56.17,5.89,5.71));
#5360 = SURFACE_CURVE('',#5361,(#5365,#5372),.PCURVE_S1.);
#5361 = LINE('',#5362,#5363);
#5362 = CARTESIAN_POINT('',(56.17,5.89,5.69));
#5363 = VECTOR('',#5364,1.);
#5364 = DIRECTION('',(0.,0.,1.));
#5365 = PCURVE('',#2689,#5366);
#5366 = DEFINITIONAL_REPRESENTATION('',(#5367),#5371);
#5367 = LINE('',#5368,#5369);
#5368 = CARTESIAN_POINT('',(0.96,3.85));
#5369 = VECTOR('',#5370,1.);
#5370 = DIRECTION('',(-1.,0.));
#5371 = ( GEOMETRIC_REPRESENTATION_CONTEXT(2) 
PARAMETRIC_REPRESENTATION_CONTEXT() REPRESENTATION_CONTEXT('2D SPACE',''
  ) );
#5372 = PCURVE('',#5373,#5378);
#5373 = CYLINDRICAL_SURFACE('',#5374,5.E-02);
#5374 = AXIS2_PLACEMENT_3D('',#5375,#5376,#5377);
#5375 = CARTESIAN_POINT('',(56.22,5.89,5.69));
#5376 = DIRECTION('',(0.,0.,1.));
#5377 = DIRECTION('',(0.,1.,0.));
#5378 = DEFINITIONAL_REPRESENTATION('',(#5379),#5383);
#5379 = LINE('',#5380,#5381);
#5380 = CARTESIAN_POINT('',(1.570796326795,0.));
#5381 = VECTOR('',#5382,1.);
#5382 = DIRECTION('',(0.,1.));
#5383 = ( GEOMETRIC_REPRESENTATION_CONTEXT(2) 
PARAMETRIC_REPRESENTATION_CONTEXT() REPRESENTATION_CONTEXT('2D SPACE',''
  ) );
#5384 = ORIENTED_EDGE('',*,*,#5385,.T.);
#5385 = EDGE_CURVE('',#5358,#5386,#5388,.T.);
#5386 = VERTEX_POINT('',#5387);
#5387 = CARTESIAN_POINT('',(56.17,7.93,7.75));
#5388 = SURFACE_CURVE('',#5389,(#5394,#5405),.PCURVE_S1.);
#5389 = CIRCLE('',#5390,2.04);
#5390 = AXIS2_PLACEMENT_3D('',#5391,#5392,#5393);
#5391 = CARTESIAN_POINT('',(56.17,7.93,5.71));
#5392 = DIRECTION('',(-1.,0.,0.));
#5393 = DIRECTION('',(0.,-1.,4.5E-16));
#5394 = PCURVE('',#2689,#5395);
#5395 = DEFINITIONAL_REPRESENTATION('',(#5396),#5404);
#5396 = ( BOUNDED_CURVE() B_SPLINE_CURVE(2,(#5397,#5398,#5399,#5400,
#5401,#5402,#5403),.UNSPECIFIED.,.T.,.F.) B_SPLINE_CURVE_WITH_KNOTS((1,2
    ,2,2,2,1),(-2.094395102393,0.,2.094395102393,4.188790204786,
6.28318530718,8.377580409573),.UNSPECIFIED.) CURVE() 
GEOMETRIC_REPRESENTATION_ITEM() RATIONAL_B_SPLINE_CURVE((1.,0.5,1.,0.5,
1.,0.5,1.)) REPRESENTATION_ITEM('') );
#5397 = CARTESIAN_POINT('',(0.94,3.85));
#5398 = CARTESIAN_POINT('',(-2.593383647441,3.85));
#5399 = CARTESIAN_POINT('',(-0.82669182372,6.91));
#5400 = CARTESIAN_POINT('',(0.94,9.97));
#5401 = CARTESIAN_POINT('',(2.70669182372,6.91));
#5402 = CARTESIAN_POINT('',(4.473383647441,3.85));
#5403 = CARTESIAN_POINT('',(0.94,3.85));
#5404 = ( GEOMETRIC_REPRESENTATION_CONTEXT(2) 
PARAMETRIC_REPRESENTATION_CONTEXT() REPRESENTATION_CONTEXT('2D SPACE',''
  ) );
#5405 = PCURVE('',#5406,#5411);
#5406 = TOROIDAL_SURFACE('',#5407,2.04,5.E-02);
#5407 = AXIS2_PLACEMENT_3D('',#5408,#5409,#5410);
#5408 = CARTESIAN_POINT('',(56.22,7.93,5.71));
#5409 = DIRECTION('',(1.,0.,0.));
#5410 = DIRECTION('',(0.,-1.,4.5E-16));
#5411 = DEFINITIONAL_REPRESENTATION('',(#5412),#5416);
#5412 = LINE('',#5413,#5414);
#5413 = CARTESIAN_POINT('',(-0.,4.712388980385));
#5414 = VECTOR('',#5415,1.);
#5415 = DIRECTION('',(-1.,0.));
#5416 = ( GEOMETRIC_REPRESENTATION_CONTEXT(2) 
PARAMETRIC_REPRESENTATION_CONTEXT() REPRESENTATION_CONTEXT('2D SPACE',''
  ) );
#5417 = ORIENTED_EDGE('',*,*,#5418,.T.);
#5418 = EDGE_CURVE('',#5386,#5419,#5421,.T.);
#5419 = VERTEX_POINT('',#5420);
#5420 = CARTESIAN_POINT('',(56.17,10.99,7.75));
#5421 = SURFACE_CURVE('',#5422,(#5426,#5433),.PCURVE_S1.);
#5422 = LINE('',#5423,#5424);
#5423 = CARTESIAN_POINT('',(56.17,7.93,7.75));
#5424 = VECTOR('',#5425,1.);
#5425 = DIRECTION('',(0.,1.,0.));
#5426 = PCURVE('',#2689,#5427);
#5427 = DEFINITIONAL_REPRESENTATION('',(#5428),#5432);
#5428 = LINE('',#5429,#5430);
#5429 = CARTESIAN_POINT('',(-1.1,5.89));
#5430 = VECTOR('',#5431,1.);
#5431 = DIRECTION('',(0.,1.));
#5432 = ( GEOMETRIC_REPRESENTATION_CONTEXT(2) 
PARAMETRIC_REPRESENTATION_CONTEXT() REPRESENTATION_CONTEXT('2D SPACE',''
  ) );
#5433 = PCURVE('',#5434,#5439);
#5434 = CYLINDRICAL_SURFACE('',#5435,5.E-02);
#5435 = AXIS2_PLACEMENT_3D('',#5436,#5437,#5438);
#5436 = CARTESIAN_POINT('',(56.22,7.93,7.75));
#5437 = DIRECTION('',(0.,1.,0.));
#5438 = DIRECTION('',(0.,0.,-1.));
#5439 = DEFINITIONAL_REPRESENTATION('',(#5440),#5444);
#5440 = LINE('',#5441,#5442);
#5441 = CARTESIAN_POINT('',(1.570796326795,0.));
#5442 = VECTOR('',#5443,1.);
#5443 = DIRECTION('',(0.,1.));
#5444 = ( GEOMETRIC_REPRESENTATION_CONTEXT(2) 
PARAMETRIC_REPRESENTATION_CONTEXT() REPRESENTATION_CONTEXT('2D SPACE',''
  ) );
#5445 = ORIENTED_EDGE('',*,*,#5446,.T.);
#5446 = EDGE_CURVE('',#5419,#5447,#5449,.T.);
#5447 = VERTEX_POINT('',#5448);
#5448 = CARTESIAN_POINT('',(56.17,10.99,10.7));
#5449 = SURFACE_CURVE('',#5450,(#5454,#5461),.PCURVE_S1.);
#5450 = LINE('',#5451,#5452);
#5451 = CARTESIAN_POINT('',(56.17,10.99,7.75));
#5452 = VECTOR('',#5453,1.);
#5453 = DIRECTION('',(0.,0.,1.));
#5454 = PCURVE('',#2689,#5455);
#5455 = DEFINITIONAL_REPRESENTATION('',(#5456),#5460);
#5456 = LINE('',#5457,#5458);
#5457 = CARTESIAN_POINT('',(-1.1,8.95));
#5458 = VECTOR('',#5459,1.);
#5459 = DIRECTION('',(-1.,0.));
#5460 = ( GEOMETRIC_REPRESENTATION_CONTEXT(2) 
PARAMETRIC_REPRESENTATION_CONTEXT() REPRESENTATION_CONTEXT('2D SPACE',''
  ) );
#5461 = PCURVE('',#5462,#5467);
#5462 = CYLINDRICAL_SURFACE('',#5463,5.E-02);
#5463 = AXIS2_PLACEMENT_3D('',#5464,#5465,#5466);
#5464 = CARTESIAN_POINT('',(56.22,10.99,7.75));
#5465 = DIRECTION('',(0.,0.,1.));
#5466 = DIRECTION('',(0.,1.,0.));
#5467 = DEFINITIONAL_REPRESENTATION('',(#5468),#5472);
#5468 = LINE('',#5469,#5470);
#5469 = CARTESIAN_POINT('',(1.570796326795,0.));
#5470 = VECTOR('',#5471,1.);
#5471 = DIRECTION('',(0.,1.));
#5472 = ( GEOMETRIC_REPRESENTATION_CONTEXT(2) 
PARAMETRIC_REPRESENTATION_CONTEXT() REPRESENTATION_CONTEXT('2D SPACE',''
  ) );
#5473 = ORIENTED_EDGE('',*,*,#5474,.T.);
#5474 = EDGE_CURVE('',#5447,#5475,#5477,.T.);
#5475 = VERTEX_POINT('',#5476);
#5476 = CARTESIAN_POINT('',(56.17,9.54,12.15));
#5477 = SURFACE_CURVE('',#5478,(#5483,#5490),.PCURVE_S1.);
#5478 = CIRCLE('',#5479,1.45);
#5479 = AXIS2_PLACEMENT_3D('',#5480,#5481,#5482);
#5480 = CARTESIAN_POINT('',(56.17,9.54,10.7));
#5481 = DIRECTION('',(1.,0.,0.));
#5482 = DIRECTION('',(0.,1.,0.));
#5483 = PCURVE('',#2689,#5484);
#5484 = DEFINITIONAL_REPRESENTATION('',(#5485),#5489);
#5485 = CIRCLE('',#5486,1.45);
#5486 = AXIS2_PLACEMENT_2D('',#5487,#5488);
#5487 = CARTESIAN_POINT('',(-4.05,7.5));
#5488 = DIRECTION('',(0.,1.));
#5489 = ( GEOMETRIC_REPRESENTATION_CONTEXT(2) 
PARAMETRIC_REPRESENTATION_CONTEXT() REPRESENTATION_CONTEXT('2D SPACE',''
  ) );
#5490 = PCURVE('',#5491,#5496);
#5491 = TOROIDAL_SURFACE('',#5492,1.45,5.E-02);
#5492 = AXIS2_PLACEMENT_3D('',#5493,#5494,#5495);
#5493 = CARTESIAN_POINT('',(56.22,9.54,10.7));
#5494 = DIRECTION('',(-1.,0.,0.));
#5495 = DIRECTION('',(0.,1.,0.));
#5496 = DEFINITIONAL_REPRESENTATION('',(#5497),#5501);
#5497 = LINE('',#5498,#5499);
#5498 = CARTESIAN_POINT('',(-0.,1.570796326795));
#5499 = VECTOR('',#5500,1.);
#5500 = DIRECTION('',(-1.,0.));
#5501 = ( GEOMETRIC_REPRESENTATION_CONTEXT(2) 
PARAMETRIC_REPRESENTATION_CONTEXT() REPRESENTATION_CONTEXT('2D SPACE',''
  ) );
#5502 = ORIENTED_EDGE('',*,*,#5503,.T.);
#5503 = EDGE_CURVE('',#5475,#5504,#5506,.T.);
#5504 = VERTEX_POINT('',#5505);
#5505 = CARTESIAN_POINT('',(56.17,5.89,12.15));
#5506 = SURFACE_CURVE('',#5507,(#5511,#5518),.PCURVE_S1.);
#5507 = LINE('',#5508,#5509);
#5508 = CARTESIAN_POINT('',(56.17,9.54,12.15));
#5509 = VECTOR('',#5510,1.);
#5510 = DIRECTION('',(0.,-1.,0.));
#5511 = PCURVE('',#2689,#5512);
#5512 = DEFINITIONAL_REPRESENTATION('',(#5513),#5517);
#5513 = LINE('',#5514,#5515);
#5514 = CARTESIAN_POINT('',(-5.5,7.5));
#5515 = VECTOR('',#5516,1.);
#5516 = DIRECTION('',(0.,-1.));
#5517 = ( GEOMETRIC_REPRESENTATION_CONTEXT(2) 
PARAMETRIC_REPRESENTATION_CONTEXT() REPRESENTATION_CONTEXT('2D SPACE',''
  ) );
#5518 = PCURVE('',#5519,#5524);
#5519 = CYLINDRICAL_SURFACE('',#5520,5.E-02);
#5520 = AXIS2_PLACEMENT_3D('',#5521,#5522,#5523);
#5521 = CARTESIAN_POINT('',(56.22,9.54,12.15));
#5522 = DIRECTION('',(0.,-1.,0.));
#5523 = DIRECTION('',(0.,0.,1.));
#5524 = DEFINITIONAL_REPRESENTATION('',(#5525),#5529);
#5525 = LINE('',#5526,#5527);
#5526 = CARTESIAN_POINT('',(1.570796326795,0.));
#5527 = VECTOR('',#5528,1.);
#5528 = DIRECTION('',(0.,1.));
#5529 = ( GEOMETRIC_REPRESENTATION_CONTEXT(2) 
PARAMETRIC_REPRESENTATION_CONTEXT() REPRESENTATION_CONTEXT('2D SPACE',''
  ) );
#5530 = ORIENTED_EDGE('',*,*,#5531,.F.);
#5531 = EDGE_CURVE('',#5532,#5504,#5534,.T.);
#5532 = VERTEX_POINT('',#5533);
#5533 = CARTESIAN_POINT('',(56.17,3.99,10.25));
#5534 = SURFACE_CURVE('',#5535,(#5539,#5546),.PCURVE_S1.);
#5535 = LINE('',#5536,#5537);
#5536 = CARTESIAN_POINT('',(56.17,2.5775,8.8375));
#5537 = VECTOR('',#5538,1.);
#5538 = DIRECTION('',(0.,0.707106781187,0.707106781187));
#5539 = PCURVE('',#2689,#5540);
#5540 = DEFINITIONAL_REPRESENTATION('',(#5541),#5545);
#5541 = LINE('',#5542,#5543);
#5542 = CARTESIAN_POINT('',(-2.1875,0.5375));
#5543 = VECTOR('',#5544,1.);
#5544 = DIRECTION('',(-0.707106781187,0.707106781187));
#5545 = ( GEOMETRIC_REPRESENTATION_CONTEXT(2) 
PARAMETRIC_REPRESENTATION_CONTEXT() REPRESENTATION_CONTEXT('2D SPACE',''
  ) );
#5546 = PCURVE('',#5547,#5552);
#5547 = PLANE('',#5548);
#5548 = AXIS2_PLACEMENT_3D('',#5549,#5550,#5551);
#5549 = CARTESIAN_POINT('',(57.17,3.94,10.2));
#5550 = DIRECTION('',(0.,0.707106781187,-0.707106781187));
#5551 = DIRECTION('',(0.,0.707106781187,0.707106781187));
#5552 = DEFINITIONAL_REPRESENTATION('',(#5553),#5557);
#5553 = LINE('',#5554,#5555);
#5554 = CARTESIAN_POINT('',(-1.926865978733,-1.));
#5555 = VECTOR('',#5556,1.);
#5556 = DIRECTION('',(1.,0.));
#5557 = ( GEOMETRIC_REPRESENTATION_CONTEXT(2) 
PARAMETRIC_REPRESENTATION_CONTEXT() REPRESENTATION_CONTEXT('2D SPACE',''
  ) );
#5558 = ORIENTED_EDGE('',*,*,#5559,.T.);
#5559 = EDGE_CURVE('',#5532,#5560,#5562,.T.);
#5560 = VERTEX_POINT('',#5561);
#5561 = CARTESIAN_POINT('',(56.17,3.99,8.7));
#5562 = SURFACE_CURVE('',#5563,(#5567,#5574),.PCURVE_S1.);
#5563 = LINE('',#5564,#5565);
#5564 = CARTESIAN_POINT('',(56.17,3.99,10.2));
#5565 = VECTOR('',#5566,1.);
#5566 = DIRECTION('',(-0.,-0.,-1.));
#5567 = PCURVE('',#2689,#5568);
#5568 = DEFINITIONAL_REPRESENTATION('',(#5569),#5573);
#5569 = LINE('',#5570,#5571);
#5570 = CARTESIAN_POINT('',(-3.55,1.95));
#5571 = VECTOR('',#5572,1.);
#5572 = DIRECTION('',(1.,0.));
#5573 = ( GEOMETRIC_REPRESENTATION_CONTEXT(2) 
PARAMETRIC_REPRESENTATION_CONTEXT() REPRESENTATION_CONTEXT('2D SPACE',''
  ) );
#5574 = PCURVE('',#5575,#5580);
#5575 = CYLINDRICAL_SURFACE('',#5576,5.E-02);
#5576 = AXIS2_PLACEMENT_3D('',#5577,#5578,#5579);
#5577 = CARTESIAN_POINT('',(56.22,3.99,10.2));
#5578 = DIRECTION('',(-0.,-0.,-1.));
#5579 = DIRECTION('',(0.,-1.,0.));
#5580 = DEFINITIONAL_REPRESENTATION('',(#5581),#5585);
#5581 = LINE('',#5582,#5583);
#5582 = CARTESIAN_POINT('',(1.570796326795,0.));
#5583 = VECTOR('',#5584,1.);
#5584 = DIRECTION('',(0.,1.));
#5585 = ( GEOMETRIC_REPRESENTATION_CONTEXT(2) 
PARAMETRIC_REPRESENTATION_CONTEXT() REPRESENTATION_CONTEXT('2D SPACE',''
  ) );
#5586 = ORIENTED_EDGE('',*,*,#5587,.T.);
#5587 = EDGE_CURVE('',#5560,#5588,#5590,.T.);
#5588 = VERTEX_POINT('',#5589);
#5589 = CARTESIAN_POINT('',(56.17,3.44,8.15));
#5590 = SURFACE_CURVE('',#5591,(#5596,#5607),.PCURVE_S1.);
#5591 = CIRCLE('',#5592,0.55);
#5592 = AXIS2_PLACEMENT_3D('',#5593,#5594,#5595);
#5593 = CARTESIAN_POINT('',(56.17,3.44,8.7));
#5594 = DIRECTION('',(-1.,0.,0.));
#5595 = DIRECTION('',(0.,1.,3.55E-15));
#5596 = PCURVE('',#2689,#5597);
#5597 = DEFINITIONAL_REPRESENTATION('',(#5598),#5606);
#5598 = ( BOUNDED_CURVE() B_SPLINE_CURVE(2,(#5599,#5600,#5601,#5602,
#5603,#5604,#5605),.UNSPECIFIED.,.T.,.F.) B_SPLINE_CURVE_WITH_KNOTS((1,2
    ,2,2,2,1),(-2.094395102393,0.,2.094395102393,4.188790204786,
6.28318530718,8.377580409573),.UNSPECIFIED.) CURVE() 
GEOMETRIC_REPRESENTATION_ITEM() RATIONAL_B_SPLINE_CURVE((1.,0.5,1.,0.5,
1.,0.5,1.)) REPRESENTATION_ITEM('') );
#5599 = CARTESIAN_POINT('',(-2.05,1.95));
#5600 = CARTESIAN_POINT('',(-1.097372055837,1.95));
#5601 = CARTESIAN_POINT('',(-1.573686027919,1.125));
#5602 = CARTESIAN_POINT('',(-2.05,0.3));
#5603 = CARTESIAN_POINT('',(-2.526313972081,1.125));
#5604 = CARTESIAN_POINT('',(-3.002627944163,1.95));
#5605 = CARTESIAN_POINT('',(-2.05,1.95));
#5606 = ( GEOMETRIC_REPRESENTATION_CONTEXT(2) 
PARAMETRIC_REPRESENTATION_CONTEXT() REPRESENTATION_CONTEXT('2D SPACE',''
  ) );
#5607 = PCURVE('',#5608,#5613);
#5608 = TOROIDAL_SURFACE('',#5609,0.55,5.E-02);
#5609 = AXIS2_PLACEMENT_3D('',#5610,#5611,#5612);
#5610 = CARTESIAN_POINT('',(56.22,3.44,8.7));
#5611 = DIRECTION('',(1.,0.,0.));
#5612 = DIRECTION('',(0.,1.,3.55E-15));
#5613 = DEFINITIONAL_REPRESENTATION('',(#5614),#5618);
#5614 = LINE('',#5615,#5616);
#5615 = CARTESIAN_POINT('',(-0.,4.712388980385));
#5616 = VECTOR('',#5617,1.);
#5617 = DIRECTION('',(-1.,0.));
#5618 = ( GEOMETRIC_REPRESENTATION_CONTEXT(2) 
PARAMETRIC_REPRESENTATION_CONTEXT() REPRESENTATION_CONTEXT('2D SPACE',''
  ) );
#5619 = ORIENTED_EDGE('',*,*,#5620,.T.);
#5620 = EDGE_CURVE('',#5588,#5621,#5623,.T.);
#5621 = VERTEX_POINT('',#5622);
#5622 = CARTESIAN_POINT('',(56.17,1.54,8.15));
#5623 = SURFACE_CURVE('',#5624,(#5628,#5635),.PCURVE_S1.);
#5624 = LINE('',#5625,#5626);
#5625 = CARTESIAN_POINT('',(56.17,3.44,8.15));
#5626 = VECTOR('',#5627,1.);
#5627 = DIRECTION('',(0.,-1.,0.));
#5628 = PCURVE('',#2689,#5629);
#5629 = DEFINITIONAL_REPRESENTATION('',(#5630),#5634);
#5630 = LINE('',#5631,#5632);
#5631 = CARTESIAN_POINT('',(-1.5,1.4));
#5632 = VECTOR('',#5633,1.);
#5633 = DIRECTION('',(0.,-1.));
#5634 = ( GEOMETRIC_REPRESENTATION_CONTEXT(2) 
PARAMETRIC_REPRESENTATION_CONTEXT() REPRESENTATION_CONTEXT('2D SPACE',''
  ) );
#5635 = PCURVE('',#5636,#5641);
#5636 = CYLINDRICAL_SURFACE('',#5637,5.E-02);
#5637 = AXIS2_PLACEMENT_3D('',#5638,#5639,#5640);
#5638 = CARTESIAN_POINT('',(56.22,3.44,8.15));
#5639 = DIRECTION('',(0.,-1.,0.));
#5640 = DIRECTION('',(0.,0.,1.));
#5641 = DEFINITIONAL_REPRESENTATION('',(#5642),#5646);
#5642 = LINE('',#5643,#5644);
#5643 = CARTESIAN_POINT('',(1.570796326795,0.));
#5644 = VECTOR('',#5645,1.);
#5645 = DIRECTION('',(0.,1.));
#5646 = ( GEOMETRIC_REPRESENTATION_CONTEXT(2) 
PARAMETRIC_REPRESENTATION_CONTEXT() REPRESENTATION_CONTEXT('2D SPACE',''
  ) );
#5647 = ORIENTED_EDGE('',*,*,#5648,.T.);
#5648 = EDGE_CURVE('',#5621,#5649,#5651,.T.);
#5649 = VERTEX_POINT('',#5650);
#5650 = CARTESIAN_POINT('',(56.17,0.99,8.7));
#5651 = SURFACE_CURVE('',#5652,(#5657,#5668),.PCURVE_S1.);
#5652 = CIRCLE('',#5653,0.55);
#5653 = AXIS2_PLACEMENT_3D('',#5654,#5655,#5656);
#5654 = CARTESIAN_POINT('',(56.17,1.54,8.7));
#5655 = DIRECTION('',(-1.,-0.,0.));
#5656 = DIRECTION('',(0.,-4.4E-16,-1.));
#5657 = PCURVE('',#2689,#5658);
#5658 = DEFINITIONAL_REPRESENTATION('',(#5659),#5667);
#5659 = ( BOUNDED_CURVE() B_SPLINE_CURVE(2,(#5660,#5661,#5662,#5663,
#5664,#5665,#5666),.UNSPECIFIED.,.T.,.F.) B_SPLINE_CURVE_WITH_KNOTS((1,2
    ,2,2,2,1),(-2.094395102393,0.,2.094395102393,4.188790204786,
6.28318530718,8.377580409573),.UNSPECIFIED.) CURVE() 
GEOMETRIC_REPRESENTATION_ITEM() RATIONAL_B_SPLINE_CURVE((1.,0.5,1.,0.5,
1.,0.5,1.)) REPRESENTATION_ITEM('') );
#5660 = CARTESIAN_POINT('',(-1.5,-0.5));
#5661 = CARTESIAN_POINT('',(-1.5,-1.452627944163));
#5662 = CARTESIAN_POINT('',(-2.325,-0.976313972081));
#5663 = CARTESIAN_POINT('',(-3.15,-0.5));
#5664 = CARTESIAN_POINT('',(-2.325,-2.368602791856E-02));
#5665 = CARTESIAN_POINT('',(-1.5,0.452627944163));
#5666 = CARTESIAN_POINT('',(-1.5,-0.5));
#5667 = ( GEOMETRIC_REPRESENTATION_CONTEXT(2) 
PARAMETRIC_REPRESENTATION_CONTEXT() REPRESENTATION_CONTEXT('2D SPACE',''
  ) );
#5668 = PCURVE('',#5669,#5674);
#5669 = TOROIDAL_SURFACE('',#5670,0.55,5.E-02);
#5670 = AXIS2_PLACEMENT_3D('',#5671,#5672,#5673);
#5671 = CARTESIAN_POINT('',(56.22,1.54,8.7));
#5672 = DIRECTION('',(1.,0.,0.));
#5673 = DIRECTION('',(0.,-4.4E-16,-1.));
#5674 = DEFINITIONAL_REPRESENTATION('',(#5675),#5679);
#5675 = LINE('',#5676,#5677);
#5676 = CARTESIAN_POINT('',(-0.,4.712388980385));
#5677 = VECTOR('',#5678,1.);
#5678 = DIRECTION('',(-1.,0.));
#5679 = ( GEOMETRIC_REPRESENTATION_CONTEXT(2) 
PARAMETRIC_REPRESENTATION_CONTEXT() REPRESENTATION_CONTEXT('2D SPACE',''
  ) );
#5680 = ORIENTED_EDGE('',*,*,#5681,.T.);
#5681 = EDGE_CURVE('',#5649,#5682,#5684,.T.);
#5682 = VERTEX_POINT('',#5683);
#5683 = CARTESIAN_POINT('',(56.17,0.99,10.25));
#5684 = SURFACE_CURVE('',#5685,(#5689,#5696),.PCURVE_S1.);
#5685 = LINE('',#5686,#5687);
#5686 = CARTESIAN_POINT('',(56.17,0.99,8.7));
#5687 = VECTOR('',#5688,1.);
#5688 = DIRECTION('',(0.,0.,1.));
#5689 = PCURVE('',#2689,#5690);
#5690 = DEFINITIONAL_REPRESENTATION('',(#5691),#5695);
#5691 = LINE('',#5692,#5693);
#5692 = CARTESIAN_POINT('',(-2.05,-1.05));
#5693 = VECTOR('',#5694,1.);
#5694 = DIRECTION('',(-1.,0.));
#5695 = ( GEOMETRIC_REPRESENTATION_CONTEXT(2) 
PARAMETRIC_REPRESENTATION_CONTEXT() REPRESENTATION_CONTEXT('2D SPACE',''
  ) );
#5696 = PCURVE('',#5697,#5702);
#5697 = CYLINDRICAL_SURFACE('',#5698,5.E-02);
#5698 = AXIS2_PLACEMENT_3D('',#5699,#5700,#5701);
#5699 = CARTESIAN_POINT('',(56.22,0.99,8.7));
#5700 = DIRECTION('',(0.,0.,1.));
#5701 = DIRECTION('',(0.,1.,0.));
#5702 = DEFINITIONAL_REPRESENTATION('',(#5703),#5707);
#5703 = LINE('',#5704,#5705);
#5704 = CARTESIAN_POINT('',(1.570796326795,0.));
#5705 = VECTOR('',#5706,1.);
#5706 = DIRECTION('',(0.,1.));
#5707 = ( GEOMETRIC_REPRESENTATION_CONTEXT(2) 
PARAMETRIC_REPRESENTATION_CONTEXT() REPRESENTATION_CONTEXT('2D SPACE',''
  ) );
#5708 = ORIENTED_EDGE('',*,*,#5709,.F.);
#5709 = EDGE_CURVE('',#5710,#5682,#5712,.T.);
#5710 = VERTEX_POINT('',#5711);
#5711 = CARTESIAN_POINT('',(56.17,-0.91,12.15));
#5712 = SURFACE_CURVE('',#5713,(#5717,#5724),.PCURVE_S1.);
#5713 = LINE('',#5714,#5715);
#5714 = CARTESIAN_POINT('',(56.17,1.1775,10.0625));
#5715 = VECTOR('',#5716,1.);
#5716 = DIRECTION('',(0.,0.707106781187,-0.707106781187));
#5717 = PCURVE('',#2689,#5718);
#5718 = DEFINITIONAL_REPRESENTATION('',(#5719),#5723);
#5719 = LINE('',#5720,#5721);
#5720 = CARTESIAN_POINT('',(-3.4125,-0.8625));
#5721 = VECTOR('',#5722,1.);
#5722 = DIRECTION('',(0.707106781187,0.707106781187));
#5723 = ( GEOMETRIC_REPRESENTATION_CONTEXT(2) 
PARAMETRIC_REPRESENTATION_CONTEXT() REPRESENTATION_CONTEXT('2D SPACE',''
  ) );
#5724 = PCURVE('',#5725,#5730);
#5725 = PLANE('',#5726);
#5726 = AXIS2_PLACEMENT_3D('',#5727,#5728,#5729);
#5727 = CARTESIAN_POINT('',(57.17,-0.96,12.2));
#5728 = DIRECTION('',(0.,-0.707106781187,-0.707106781187));
#5729 = DIRECTION('',(0.,0.707106781187,-0.707106781187));
#5730 = DEFINITIONAL_REPRESENTATION('',(#5731),#5735);
#5731 = LINE('',#5732,#5733);
#5732 = CARTESIAN_POINT('',(3.022881489572,-1.));
#5733 = VECTOR('',#5734,1.);
#5734 = DIRECTION('',(1.,0.));
#5735 = ( GEOMETRIC_REPRESENTATION_CONTEXT(2) 
PARAMETRIC_REPRESENTATION_CONTEXT() REPRESENTATION_CONTEXT('2D SPACE',''
  ) );
#5736 = ORIENTED_EDGE('',*,*,#5737,.T.);
#5737 = EDGE_CURVE('',#5710,#5738,#5740,.T.);
#5738 = VERTEX_POINT('',#5739);
#5739 = CARTESIAN_POINT('',(56.17,-5.46,12.15));
#5740 = SURFACE_CURVE('',#5741,(#5745,#5752),.PCURVE_S1.);
#5741 = LINE('',#5742,#5743);
#5742 = CARTESIAN_POINT('',(56.17,-0.96,12.15));
#5743 = VECTOR('',#5744,1.);
#5744 = DIRECTION('',(0.,-1.,0.));
#5745 = PCURVE('',#2689,#5746);
#5746 = DEFINITIONAL_REPRESENTATION('',(#5747),#5751);
#5747 = LINE('',#5748,#5749);
#5748 = CARTESIAN_POINT('',(-5.5,-3.));
#5749 = VECTOR('',#5750,1.);
#5750 = DIRECTION('',(0.,-1.));
#5751 = ( GEOMETRIC_REPRESENTATION_CONTEXT(2) 
PARAMETRIC_REPRESENTATION_CONTEXT() REPRESENTATION_CONTEXT('2D SPACE',''
  ) );
#5752 = PCURVE('',#5753,#5758);
#5753 = CYLINDRICAL_SURFACE('',#5754,5.E-02);
#5754 = AXIS2_PLACEMENT_3D('',#5755,#5756,#5757);
#5755 = CARTESIAN_POINT('',(56.22,-0.96,12.15));
#5756 = DIRECTION('',(0.,-1.,0.));
#5757 = DIRECTION('',(0.,0.,1.));
#5758 = DEFINITIONAL_REPRESENTATION('',(#5759),#5763);
#5759 = LINE('',#5760,#5761);
#5760 = CARTESIAN_POINT('',(1.570796326795,0.));
#5761 = VECTOR('',#5762,1.);
#5762 = DIRECTION('',(0.,1.));
#5763 = ( GEOMETRIC_REPRESENTATION_CONTEXT(2) 
PARAMETRIC_REPRESENTATION_CONTEXT() REPRESENTATION_CONTEXT('2D SPACE',''
  ) );
#5764 = ORIENTED_EDGE('',*,*,#5765,.T.);
#5765 = EDGE_CURVE('',#5738,#5766,#5768,.T.);
#5766 = VERTEX_POINT('',#5767);
#5767 = CARTESIAN_POINT('',(56.17,-6.91,10.7));
#5768 = SURFACE_CURVE('',#5769,(#5774,#5781),.PCURVE_S1.);
#5769 = CIRCLE('',#5770,1.45);
#5770 = AXIS2_PLACEMENT_3D('',#5771,#5772,#5773);
#5771 = CARTESIAN_POINT('',(56.17,-5.46,10.7));
#5772 = DIRECTION('',(1.,0.,-0.));
#5773 = DIRECTION('',(0.,0.,1.));
#5774 = PCURVE('',#2689,#5775);
#5775 = DEFINITIONAL_REPRESENTATION('',(#5776),#5780);
#5776 = CIRCLE('',#5777,1.45);
#5777 = AXIS2_PLACEMENT_2D('',#5778,#5779);
#5778 = CARTESIAN_POINT('',(-4.05,-7.5));
#5779 = DIRECTION('',(-1.,0.));
#5780 = ( GEOMETRIC_REPRESENTATION_CONTEXT(2) 
PARAMETRIC_REPRESENTATION_CONTEXT() REPRESENTATION_CONTEXT('2D SPACE',''
  ) );
#5781 = PCURVE('',#5782,#5787);
#5782 = TOROIDAL_SURFACE('',#5783,1.45,5.E-02);
#5783 = AXIS2_PLACEMENT_3D('',#5784,#5785,#5786);
#5784 = CARTESIAN_POINT('',(56.22,-5.46,10.7));
#5785 = DIRECTION('',(-1.,0.,0.));
#5786 = DIRECTION('',(0.,0.,1.));
#5787 = DEFINITIONAL_REPRESENTATION('',(#5788),#5792);
#5788 = LINE('',#5789,#5790);
#5789 = CARTESIAN_POINT('',(-0.,1.570796326795));
#5790 = VECTOR('',#5791,1.);
#5791 = DIRECTION('',(-1.,0.));
#5792 = ( GEOMETRIC_REPRESENTATION_CONTEXT(2) 
PARAMETRIC_REPRESENTATION_CONTEXT() REPRESENTATION_CONTEXT('2D SPACE',''
  ) );
#5793 = ORIENTED_EDGE('',*,*,#5794,.T.);
#5794 = EDGE_CURVE('',#5766,#2674,#5795,.T.);
#5795 = SURFACE_CURVE('',#5796,(#5800,#5807),.PCURVE_S1.);
#5796 = LINE('',#5797,#5798);
#5797 = CARTESIAN_POINT('',(56.17,-6.91,10.7));
#5798 = VECTOR('',#5799,1.);
#5799 = DIRECTION('',(0.,0.,-1.));
#5800 = PCURVE('',#2689,#5801);
#5801 = DEFINITIONAL_REPRESENTATION('',(#5802),#5806);
#5802 = LINE('',#5803,#5804);
#5803 = CARTESIAN_POINT('',(-4.05,-8.95));
#5804 = VECTOR('',#5805,1.);
#5805 = DIRECTION('',(1.,0.));
#5806 = ( GEOMETRIC_REPRESENTATION_CONTEXT(2) 
PARAMETRIC_REPRESENTATION_CONTEXT() REPRESENTATION_CONTEXT('2D SPACE',''
  ) );
#5807 = PCURVE('',#5224,#5808);
#5808 = DEFINITIONAL_REPRESENTATION('',(#5809),#5813);
#5809 = LINE('',#5810,#5811);
#5810 = CARTESIAN_POINT('',(1.570796326795,0.));
#5811 = VECTOR('',#5812,1.);
#5812 = DIRECTION('',(0.,1.));
#5813 = ( GEOMETRIC_REPRESENTATION_CONTEXT(2) 
PARAMETRIC_REPRESENTATION_CONTEXT() REPRESENTATION_CONTEXT('2D SPACE',''
  ) );
#5814 = ADVANCED_FACE('',(#5815),#2833,.F.);
#5815 = FACE_BOUND('',#5816,.F.);
#5816 = EDGE_LOOP('',(#5817,#5840,#5841,#5864));
#5817 = ORIENTED_EDGE('',*,*,#5818,.T.);
#5818 = EDGE_CURVE('',#5819,#2788,#5821,.T.);
#5819 = VERTEX_POINT('',#5820);
#5820 = CARTESIAN_POINT('',(51.57,-6.96,0.));
#5821 = SURFACE_CURVE('',#5822,(#5826,#5833),.PCURVE_S1.);
#5822 = LINE('',#5823,#5824);
#5823 = CARTESIAN_POINT('',(51.57,-6.96,0.));
#5824 = VECTOR('',#5825,1.);
#5825 = DIRECTION('',(0.,0.,1.));
#5826 = PCURVE('',#2833,#5827);
#5827 = DEFINITIONAL_REPRESENTATION('',(#5828),#5832);
#5828 = LINE('',#5829,#5830);
#5829 = CARTESIAN_POINT('',(0.,0.));
#5830 = VECTOR('',#5831,1.);
#5831 = DIRECTION('',(0.,-1.));
#5832 = ( GEOMETRIC_REPRESENTATION_CONTEXT(2) 
PARAMETRIC_REPRESENTATION_CONTEXT() REPRESENTATION_CONTEXT('2D SPACE',''
  ) );
#5833 = PCURVE('',#3122,#5834);
#5834 = DEFINITIONAL_REPRESENTATION('',(#5835),#5839);
#5835 = LINE('',#5836,#5837);
#5836 = CARTESIAN_POINT('',(2.121320322754,0.));
#5837 = VECTOR('',#5838,1.);
#5838 = DIRECTION('',(0.,-1.));
#5839 = ( GEOMETRIC_REPRESENTATION_CONTEXT(2) 
PARAMETRIC_REPRESENTATION_CONTEXT() REPRESENTATION_CONTEXT('2D SPACE',''
  ) );
#5840 = ORIENTED_EDGE('',*,*,#2817,.F.);
#5841 = ORIENTED_EDGE('',*,*,#5842,.F.);
#5842 = EDGE_CURVE('',#5843,#2818,#5845,.T.);
#5843 = VERTEX_POINT('',#5844);
#5844 = CARTESIAN_POINT('',(56.07,-6.96,0.));
#5845 = SURFACE_CURVE('',#5846,(#5850,#5857),.PCURVE_S1.);
#5846 = LINE('',#5847,#5848);
#5847 = CARTESIAN_POINT('',(56.07,-6.96,0.));
#5848 = VECTOR('',#5849,1.);
#5849 = DIRECTION('',(0.,0.,1.));
#5850 = PCURVE('',#2833,#5851);
#5851 = DEFINITIONAL_REPRESENTATION('',(#5852),#5856);
#5852 = LINE('',#5853,#5854);
#5853 = CARTESIAN_POINT('',(4.5,0.));
#5854 = VECTOR('',#5855,1.);
#5855 = DIRECTION('',(0.,-1.));
#5856 = ( GEOMETRIC_REPRESENTATION_CONTEXT(2) 
PARAMETRIC_REPRESENTATION_CONTEXT() REPRESENTATION_CONTEXT('2D SPACE',''
  ) );
#5857 = PCURVE('',#5251,#5858);
#5858 = DEFINITIONAL_REPRESENTATION('',(#5859),#5863);
#5859 = LINE('',#5860,#5861);
#5860 = CARTESIAN_POINT('',(1.1,-0.));
#5861 = VECTOR('',#5862,1.);
#5862 = DIRECTION('',(-1.,0.));
#5863 = ( GEOMETRIC_REPRESENTATION_CONTEXT(2) 
PARAMETRIC_REPRESENTATION_CONTEXT() REPRESENTATION_CONTEXT('2D SPACE',''
  ) );
#5864 = ORIENTED_EDGE('',*,*,#5865,.F.);
#5865 = EDGE_CURVE('',#5819,#5843,#5866,.T.);
#5866 = SURFACE_CURVE('',#5867,(#5871,#5878),.PCURVE_S1.);
#5867 = LINE('',#5868,#5869);
#5868 = CARTESIAN_POINT('',(51.57,-6.96,0.));
#5869 = VECTOR('',#5870,1.);
#5870 = DIRECTION('',(1.,0.,0.));
#5871 = PCURVE('',#2833,#5872);
#5872 = DEFINITIONAL_REPRESENTATION('',(#5873),#5877);
#5873 = LINE('',#5874,#5875);
#5874 = CARTESIAN_POINT('',(0.,0.));
#5875 = VECTOR('',#5876,1.);
#5876 = DIRECTION('',(1.,0.));
#5877 = ( GEOMETRIC_REPRESENTATION_CONTEXT(2) 
PARAMETRIC_REPRESENTATION_CONTEXT() REPRESENTATION_CONTEXT('2D SPACE',''
  ) );
#5878 = PCURVE('',#4507,#5879);
#5879 = DEFINITIONAL_REPRESENTATION('',(#5880),#5884);
#5880 = LINE('',#5881,#5882);
#5881 = CARTESIAN_POINT('',(-52.92451671551,-6.868752615481));
#5882 = VECTOR('',#5883,1.);
#5883 = DIRECTION('',(-1.,0.));
#5884 = ( GEOMETRIC_REPRESENTATION_CONTEXT(2) 
PARAMETRIC_REPRESENTATION_CONTEXT() REPRESENTATION_CONTEXT('2D SPACE',''
  ) );
#5885 = ADVANCED_FACE('',(#5886),#2918,.T.);
#5886 = FACE_BOUND('',#5887,.T.);
#5887 = EDGE_LOOP('',(#5888,#5911,#5912,#5913));
#5888 = ORIENTED_EDGE('',*,*,#5889,.T.);
#5889 = EDGE_CURVE('',#5890,#2873,#5892,.T.);
#5890 = VERTEX_POINT('',#5891);
#5891 = CARTESIAN_POINT('',(-49.93,8.04,0.));
#5892 = SURFACE_CURVE('',#5893,(#5897,#5904),.PCURVE_S1.);
#5893 = LINE('',#5894,#5895);
#5894 = CARTESIAN_POINT('',(-49.93,8.04,0.));
#5895 = VECTOR('',#5896,1.);
#5896 = DIRECTION('',(0.,0.,1.));
#5897 = PCURVE('',#2918,#5898);
#5898 = DEFINITIONAL_REPRESENTATION('',(#5899),#5903);
#5899 = LINE('',#5900,#5901);
#5900 = CARTESIAN_POINT('',(0.,0.));
#5901 = VECTOR('',#5902,1.);
#5902 = DIRECTION('',(0.,-1.));
#5903 = ( GEOMETRIC_REPRESENTATION_CONTEXT(2) 
PARAMETRIC_REPRESENTATION_CONTEXT() REPRESENTATION_CONTEXT('2D SPACE',''
  ) );
#5904 = PCURVE('',#2979,#5905);
#5905 = DEFINITIONAL_REPRESENTATION('',(#5906),#5910);
#5906 = LINE('',#5907,#5908);
#5907 = CARTESIAN_POINT('',(0.,0.));
#5908 = VECTOR('',#5909,1.);
#5909 = DIRECTION('',(0.,-1.));
#5910 = ( GEOMETRIC_REPRESENTATION_CONTEXT(2) 
PARAMETRIC_REPRESENTATION_CONTEXT() REPRESENTATION_CONTEXT('2D SPACE',''
  ) );
#5911 = ORIENTED_EDGE('',*,*,#2904,.T.);
#5912 = ORIENTED_EDGE('',*,*,#5159,.F.);
#5913 = ORIENTED_EDGE('',*,*,#5914,.F.);
#5914 = EDGE_CURVE('',#5890,#5135,#5915,.T.);
#5915 = SURFACE_CURVE('',#5916,(#5920,#5927),.PCURVE_S1.);
#5916 = LINE('',#5917,#5918);
#5917 = CARTESIAN_POINT('',(-49.93,8.04,0.));
#5918 = VECTOR('',#5919,1.);
#5919 = DIRECTION('',(1.,0.,0.));
#5920 = PCURVE('',#2918,#5921);
#5921 = DEFINITIONAL_REPRESENTATION('',(#5922),#5926);
#5922 = LINE('',#5923,#5924);
#5923 = CARTESIAN_POINT('',(0.,0.));
#5924 = VECTOR('',#5925,1.);
#5925 = DIRECTION('',(1.,0.));
#5926 = ( GEOMETRIC_REPRESENTATION_CONTEXT(2) 
PARAMETRIC_REPRESENTATION_CONTEXT() REPRESENTATION_CONTEXT('2D SPACE',''
  ) );
#5927 = PCURVE('',#4507,#5928);
#5928 = DEFINITIONAL_REPRESENTATION('',(#5929),#5933);
#5929 = LINE('',#5930,#5931);
#5930 = CARTESIAN_POINT('',(48.575483284487,8.131247384519));
#5931 = VECTOR('',#5932,1.);
#5932 = DIRECTION('',(-1.,0.));
#5933 = ( GEOMETRIC_REPRESENTATION_CONTEXT(2) 
PARAMETRIC_REPRESENTATION_CONTEXT() REPRESENTATION_CONTEXT('2D SPACE',''
  ) );
#5934 = ADVANCED_FACE('',(#5935),#2979,.F.);
#5935 = FACE_BOUND('',#5936,.F.);
#5936 = EDGE_LOOP('',(#5937,#5938,#5939,#5962));
#5937 = ORIENTED_EDGE('',*,*,#5889,.T.);
#5938 = ORIENTED_EDGE('',*,*,#2965,.T.);
#5939 = ORIENTED_EDGE('',*,*,#5940,.F.);
#5940 = EDGE_CURVE('',#5941,#2936,#5943,.T.);
#5941 = VERTEX_POINT('',#5942);
#5942 = CARTESIAN_POINT('',(-53.93,5.04,0.));
#5943 = SURFACE_CURVE('',#5944,(#5948,#5955),.PCURVE_S1.);
#5944 = LINE('',#5945,#5946);
#5945 = CARTESIAN_POINT('',(-53.93,5.04,0.));
#5946 = VECTOR('',#5947,1.);
#5947 = DIRECTION('',(0.,0.,1.));
#5948 = PCURVE('',#2979,#5949);
#5949 = DEFINITIONAL_REPRESENTATION('',(#5950),#5954);
#5950 = LINE('',#5951,#5952);
#5951 = CARTESIAN_POINT('',(5.,0.));
#5952 = VECTOR('',#5953,1.);
#5953 = DIRECTION('',(0.,-1.));
#5954 = ( GEOMETRIC_REPRESENTATION_CONTEXT(2) 
PARAMETRIC_REPRESENTATION_CONTEXT() REPRESENTATION_CONTEXT('2D SPACE',''
  ) );
#5955 = PCURVE('',#3061,#5956);
#5956 = DEFINITIONAL_REPRESENTATION('',(#5957),#5961);
#5957 = LINE('',#5958,#5959);
#5958 = CARTESIAN_POINT('',(0.,-0.));
#5959 = VECTOR('',#5960,1.);
#5960 = DIRECTION('',(0.,-1.));
#5961 = ( GEOMETRIC_REPRESENTATION_CONTEXT(2) 
PARAMETRIC_REPRESENTATION_CONTEXT() REPRESENTATION_CONTEXT('2D SPACE',''
  ) );
#5962 = ORIENTED_EDGE('',*,*,#5963,.F.);
#5963 = EDGE_CURVE('',#5890,#5941,#5964,.T.);
#5964 = SURFACE_CURVE('',#5965,(#5969,#5976),.PCURVE_S1.);
#5965 = LINE('',#5966,#5967);
#5966 = CARTESIAN_POINT('',(-49.93,8.04,0.));
#5967 = VECTOR('',#5968,1.);
#5968 = DIRECTION('',(-0.8,-0.6,0.));
#5969 = PCURVE('',#2979,#5970);
#5970 = DEFINITIONAL_REPRESENTATION('',(#5971),#5975);
#5971 = LINE('',#5972,#5973);
#5972 = CARTESIAN_POINT('',(0.,0.));
#5973 = VECTOR('',#5974,1.);
#5974 = DIRECTION('',(1.,0.));
#5975 = ( GEOMETRIC_REPRESENTATION_CONTEXT(2) 
PARAMETRIC_REPRESENTATION_CONTEXT() REPRESENTATION_CONTEXT('2D SPACE',''
  ) );
#5976 = PCURVE('',#4507,#5977);
#5977 = DEFINITIONAL_REPRESENTATION('',(#5978),#5982);
#5978 = LINE('',#5979,#5980);
#5979 = CARTESIAN_POINT('',(48.575483284487,8.131247384519));
#5980 = VECTOR('',#5981,1.);
#5981 = DIRECTION('',(0.8,-0.6));
#5982 = ( GEOMETRIC_REPRESENTATION_CONTEXT(2) 
PARAMETRIC_REPRESENTATION_CONTEXT() REPRESENTATION_CONTEXT('2D SPACE',''
  ) );
#5983 = ADVANCED_FACE('',(#5984),#3061,.F.);
#5984 = FACE_BOUND('',#5985,.F.);
#5985 = EDGE_LOOP('',(#5986,#6009,#6030,#6031));
#5986 = ORIENTED_EDGE('',*,*,#5987,.F.);
#5987 = EDGE_CURVE('',#5988,#3024,#5990,.T.);
#5988 = VERTEX_POINT('',#5989);
#5989 = CARTESIAN_POINT('',(-59.23,5.04,0.));
#5990 = SURFACE_CURVE('',#5991,(#5995,#6002),.PCURVE_S1.);
#5991 = LINE('',#5992,#5993);
#5992 = CARTESIAN_POINT('',(-59.23,5.04,0.));
#5993 = VECTOR('',#5994,1.);
#5994 = DIRECTION('',(0.,0.,1.));
#5995 = PCURVE('',#3061,#5996);
#5996 = DEFINITIONAL_REPRESENTATION('',(#5997),#6001);
#5997 = LINE('',#5998,#5999);
#5998 = CARTESIAN_POINT('',(5.3,0.));
#5999 = VECTOR('',#6000,1.);
#6000 = DIRECTION('',(0.,-1.));
#6001 = ( GEOMETRIC_REPRESENTATION_CONTEXT(2) 
PARAMETRIC_REPRESENTATION_CONTEXT() REPRESENTATION_CONTEXT('2D SPACE',''
  ) );
#6002 = PCURVE('',#3155,#6003);
#6003 = DEFINITIONAL_REPRESENTATION('',(#6004),#6008);
#6004 = LINE('',#6005,#6006);
#6005 = CARTESIAN_POINT('',(-1.570796326795,0.));
#6006 = VECTOR('',#6007,1.);
#6007 = DIRECTION('',(-0.,1.));
#6008 = ( GEOMETRIC_REPRESENTATION_CONTEXT(2) 
PARAMETRIC_REPRESENTATION_CONTEXT() REPRESENTATION_CONTEXT('2D SPACE',''
  ) );
#6009 = ORIENTED_EDGE('',*,*,#6010,.F.);
#6010 = EDGE_CURVE('',#5941,#5988,#6011,.T.);
#6011 = SURFACE_CURVE('',#6012,(#6016,#6023),.PCURVE_S1.);
#6012 = LINE('',#6013,#6014);
#6013 = CARTESIAN_POINT('',(-53.93,5.04,0.));
#6014 = VECTOR('',#6015,1.);
#6015 = DIRECTION('',(-1.,0.,0.));
#6016 = PCURVE('',#3061,#6017);
#6017 = DEFINITIONAL_REPRESENTATION('',(#6018),#6022);
#6018 = LINE('',#6019,#6020);
#6019 = CARTESIAN_POINT('',(0.,-0.));
#6020 = VECTOR('',#6021,1.);
#6021 = DIRECTION('',(1.,0.));
#6022 = ( GEOMETRIC_REPRESENTATION_CONTEXT(2) 
PARAMETRIC_REPRESENTATION_CONTEXT() REPRESENTATION_CONTEXT('2D SPACE',''
  ) );
#6023 = PCURVE('',#4507,#6024);
#6024 = DEFINITIONAL_REPRESENTATION('',(#6025),#6029);
#6025 = LINE('',#6026,#6027);
#6026 = CARTESIAN_POINT('',(52.575483284487,5.131247384519));
#6027 = VECTOR('',#6028,1.);
#6028 = DIRECTION('',(1.,0.));
#6029 = ( GEOMETRIC_REPRESENTATION_CONTEXT(2) 
PARAMETRIC_REPRESENTATION_CONTEXT() REPRESENTATION_CONTEXT('2D SPACE',''
  ) );
#6030 = ORIENTED_EDGE('',*,*,#5940,.T.);
#6031 = ORIENTED_EDGE('',*,*,#3047,.T.);
#6032 = ADVANCED_FACE('',(#6033),#3122,.F.);
#6033 = FACE_BOUND('',#6034,.F.);
#6034 = EDGE_LOOP('',(#6035,#6058,#6059,#6060));
#6035 = ORIENTED_EDGE('',*,*,#6036,.T.);
#6036 = EDGE_CURVE('',#6037,#3077,#6039,.T.);
#6037 = VERTEX_POINT('',#6038);
#6038 = CARTESIAN_POINT('',(50.07,-8.459999970577,0.));
#6039 = SURFACE_CURVE('',#6040,(#6044,#6051),.PCURVE_S1.);
#6040 = LINE('',#6041,#6042);
#6041 = CARTESIAN_POINT('',(50.07,-8.459999970577,0.));
#6042 = VECTOR('',#6043,1.);
#6043 = DIRECTION('',(0.,0.,1.));
#6044 = PCURVE('',#3122,#6045);
#6045 = DEFINITIONAL_REPRESENTATION('',(#6046),#6050);
#6046 = LINE('',#6047,#6048);
#6047 = CARTESIAN_POINT('',(0.,0.));
#6048 = VECTOR('',#6049,1.);
#6049 = DIRECTION('',(0.,-1.));
#6050 = ( GEOMETRIC_REPRESENTATION_CONTEXT(2) 
PARAMETRIC_REPRESENTATION_CONTEXT() REPRESENTATION_CONTEXT('2D SPACE',''
  ) );
#6051 = PCURVE('',#3239,#6052);
#6052 = DEFINITIONAL_REPRESENTATION('',(#6053),#6057);
#6053 = LINE('',#6054,#6055);
#6054 = CARTESIAN_POINT('',(1.5,0.));
#6055 = VECTOR('',#6056,1.);
#6056 = DIRECTION('',(0.,-1.));
#6057 = ( GEOMETRIC_REPRESENTATION_CONTEXT(2) 
PARAMETRIC_REPRESENTATION_CONTEXT() REPRESENTATION_CONTEXT('2D SPACE',''
  ) );
#6058 = ORIENTED_EDGE('',*,*,#3108,.T.);
#6059 = ORIENTED_EDGE('',*,*,#5818,.F.);
#6060 = ORIENTED_EDGE('',*,*,#6061,.F.);
#6061 = EDGE_CURVE('',#6037,#5819,#6062,.T.);
#6062 = SURFACE_CURVE('',#6063,(#6067,#6074),.PCURVE_S1.);
#6063 = LINE('',#6064,#6065);
#6064 = CARTESIAN_POINT('',(50.07,-8.459999970577,0.));
#6065 = VECTOR('',#6066,1.);
#6066 = DIRECTION('',(0.707106788122,0.707106774251,0.));
#6067 = PCURVE('',#3122,#6068);
#6068 = DEFINITIONAL_REPRESENTATION('',(#6069),#6073);
#6069 = LINE('',#6070,#6071);
#6070 = CARTESIAN_POINT('',(0.,0.));
#6071 = VECTOR('',#6072,1.);
#6072 = DIRECTION('',(1.,0.));
#6073 = ( GEOMETRIC_REPRESENTATION_CONTEXT(2) 
PARAMETRIC_REPRESENTATION_CONTEXT() REPRESENTATION_CONTEXT('2D SPACE',''
  ) );
#6074 = PCURVE('',#4507,#6075);
#6075 = DEFINITIONAL_REPRESENTATION('',(#6076),#6080);
#6076 = LINE('',#6077,#6078);
#6077 = CARTESIAN_POINT('',(-51.42451671551,-8.368752586058));
#6078 = VECTOR('',#6079,1.);
#6079 = DIRECTION('',(-0.707106788122,0.707106774251));
#6080 = ( GEOMETRIC_REPRESENTATION_CONTEXT(2) 
PARAMETRIC_REPRESENTATION_CONTEXT() REPRESENTATION_CONTEXT('2D SPACE',''
  ) );
#6081 = ADVANCED_FACE('',(#6082),#3155,.T.);
#6082 = FACE_BOUND('',#6083,.F.);
#6083 = EDGE_LOOP('',(#6084,#6107,#6129,#6130));
#6084 = ORIENTED_EDGE('',*,*,#6085,.F.);
#6085 = EDGE_CURVE('',#6086,#3139,#6088,.T.);
#6086 = VERTEX_POINT('',#6087);
#6087 = CARTESIAN_POINT('',(-60.93,3.34,0.));
#6088 = SURFACE_CURVE('',#6089,(#6093,#6100),.PCURVE_S1.);
#6089 = LINE('',#6090,#6091);
#6090 = CARTESIAN_POINT('',(-60.93,3.34,0.));
#6091 = VECTOR('',#6092,1.);
#6092 = DIRECTION('',(0.,0.,1.));
#6093 = PCURVE('',#3155,#6094);
#6094 = DEFINITIONAL_REPRESENTATION('',(#6095),#6099);
#6095 = LINE('',#6096,#6097);
#6096 = CARTESIAN_POINT('',(-0.,0.));
#6097 = VECTOR('',#6098,1.);
#6098 = DIRECTION('',(-0.,1.));
#6099 = ( GEOMETRIC_REPRESENTATION_CONTEXT(2) 
PARAMETRIC_REPRESENTATION_CONTEXT() REPRESENTATION_CONTEXT('2D SPACE',''
  ) );
#6100 = PCURVE('',#3294,#6101);
#6101 = DEFINITIONAL_REPRESENTATION('',(#6102),#6106);
#6102 = LINE('',#6103,#6104);
#6103 = CARTESIAN_POINT('',(1.7,0.));
#6104 = VECTOR('',#6105,1.);
#6105 = DIRECTION('',(0.,-1.));
#6106 = ( GEOMETRIC_REPRESENTATION_CONTEXT(2) 
PARAMETRIC_REPRESENTATION_CONTEXT() REPRESENTATION_CONTEXT('2D SPACE',''
  ) );
#6107 = ORIENTED_EDGE('',*,*,#6108,.T.);
#6108 = EDGE_CURVE('',#6086,#5988,#6109,.T.);
#6109 = SURFACE_CURVE('',#6110,(#6115,#6122),.PCURVE_S1.);
#6110 = CIRCLE('',#6111,1.7);
#6111 = AXIS2_PLACEMENT_3D('',#6112,#6113,#6114);
#6112 = CARTESIAN_POINT('',(-59.23,3.34,0.));
#6113 = DIRECTION('',(-0.,-0.,-1.));
#6114 = DIRECTION('',(0.,-1.,0.));
#6115 = PCURVE('',#3155,#6116);
#6116 = DEFINITIONAL_REPRESENTATION('',(#6117),#6121);
#6117 = LINE('',#6118,#6119);
#6118 = CARTESIAN_POINT('',(1.570796326795,-0.));
#6119 = VECTOR('',#6120,1.);
#6120 = DIRECTION('',(-1.,0.));
#6121 = ( GEOMETRIC_REPRESENTATION_CONTEXT(2) 
PARAMETRIC_REPRESENTATION_CONTEXT() REPRESENTATION_CONTEXT('2D SPACE',''
  ) );
#6122 = PCURVE('',#4507,#6123);
#6123 = DEFINITIONAL_REPRESENTATION('',(#6124),#6128);
#6124 = CIRCLE('',#6125,1.7);
#6125 = AXIS2_PLACEMENT_2D('',#6126,#6127);
#6126 = CARTESIAN_POINT('',(57.875483284487,3.431247384519));
#6127 = DIRECTION('',(0.,-1.));
#6128 = ( GEOMETRIC_REPRESENTATION_CONTEXT(2) 
PARAMETRIC_REPRESENTATION_CONTEXT() REPRESENTATION_CONTEXT('2D SPACE',''
  ) );
#6129 = ORIENTED_EDGE('',*,*,#5987,.T.);
#6130 = ORIENTED_EDGE('',*,*,#3138,.T.);
#6131 = ADVANCED_FACE('',(#6132),#3239,.F.);
#6132 = FACE_BOUND('',#6133,.F.);
#6133 = EDGE_LOOP('',(#6134,#6157,#6158,#6159));
#6134 = ORIENTED_EDGE('',*,*,#6135,.T.);
#6135 = EDGE_CURVE('',#6136,#3194,#6138,.T.);
#6136 = VERTEX_POINT('',#6137);
#6137 = CARTESIAN_POINT('',(48.57,-8.459999970577,0.));
#6138 = SURFACE_CURVE('',#6139,(#6143,#6150),.PCURVE_S1.);
#6139 = LINE('',#6140,#6141);
#6140 = CARTESIAN_POINT('',(48.57,-8.459999970577,0.));
#6141 = VECTOR('',#6142,1.);
#6142 = DIRECTION('',(0.,0.,1.));
#6143 = PCURVE('',#3239,#6144);
#6144 = DEFINITIONAL_REPRESENTATION('',(#6145),#6149);
#6145 = LINE('',#6146,#6147);
#6146 = CARTESIAN_POINT('',(0.,0.));
#6147 = VECTOR('',#6148,1.);
#6148 = DIRECTION('',(0.,-1.));
#6149 = ( GEOMETRIC_REPRESENTATION_CONTEXT(2) 
PARAMETRIC_REPRESENTATION_CONTEXT() REPRESENTATION_CONTEXT('2D SPACE',''
  ) );
#6150 = PCURVE('',#3354,#6151);
#6151 = DEFINITIONAL_REPRESENTATION('',(#6152),#6156);
#6152 = LINE('',#6153,#6154);
#6153 = CARTESIAN_POINT('',(0.,0.));
#6154 = VECTOR('',#6155,1.);
#6155 = DIRECTION('',(0.,-1.));
#6156 = ( GEOMETRIC_REPRESENTATION_CONTEXT(2) 
PARAMETRIC_REPRESENTATION_CONTEXT() REPRESENTATION_CONTEXT('2D SPACE',''
  ) );
#6157 = ORIENTED_EDGE('',*,*,#3225,.T.);
#6158 = ORIENTED_EDGE('',*,*,#6036,.F.);
#6159 = ORIENTED_EDGE('',*,*,#6160,.F.);
#6160 = EDGE_CURVE('',#6136,#6037,#6161,.T.);
#6161 = SURFACE_CURVE('',#6162,(#6166,#6173),.PCURVE_S1.);
#6162 = LINE('',#6163,#6164);
#6163 = CARTESIAN_POINT('',(48.57,-8.459999970577,0.));
#6164 = VECTOR('',#6165,1.);
#6165 = DIRECTION('',(1.,0.,0.));
#6166 = PCURVE('',#3239,#6167);
#6167 = DEFINITIONAL_REPRESENTATION('',(#6168),#6172);
#6168 = LINE('',#6169,#6170);
#6169 = CARTESIAN_POINT('',(0.,0.));
#6170 = VECTOR('',#6171,1.);
#6171 = DIRECTION('',(1.,0.));
#6172 = ( GEOMETRIC_REPRESENTATION_CONTEXT(2) 
PARAMETRIC_REPRESENTATION_CONTEXT() REPRESENTATION_CONTEXT('2D SPACE',''
  ) );
#6173 = PCURVE('',#4507,#6174);
#6174 = DEFINITIONAL_REPRESENTATION('',(#6175),#6179);
#6175 = LINE('',#6176,#6177);
#6176 = CARTESIAN_POINT('',(-49.92451671551,-8.368752586058));
#6177 = VECTOR('',#6178,1.);
#6178 = DIRECTION('',(-1.,0.));
#6179 = ( GEOMETRIC_REPRESENTATION_CONTEXT(2) 
PARAMETRIC_REPRESENTATION_CONTEXT() REPRESENTATION_CONTEXT('2D SPACE',''
  ) );
#6180 = ADVANCED_FACE('',(#6181),#3294,.F.);
#6181 = FACE_BOUND('',#6182,.F.);
#6182 = EDGE_LOOP('',(#6183,#6184,#6185,#6208));
#6183 = ORIENTED_EDGE('',*,*,#6085,.T.);
#6184 = ORIENTED_EDGE('',*,*,#3280,.T.);
#6185 = ORIENTED_EDGE('',*,*,#6186,.F.);
#6186 = EDGE_CURVE('',#6187,#3257,#6189,.T.);
#6187 = VERTEX_POINT('',#6188);
#6188 = CARTESIAN_POINT('',(-60.93,-3.26,0.));
#6189 = SURFACE_CURVE('',#6190,(#6194,#6201),.PCURVE_S1.);
#6190 = LINE('',#6191,#6192);
#6191 = CARTESIAN_POINT('',(-60.93,-3.26,0.));
#6192 = VECTOR('',#6193,1.);
#6193 = DIRECTION('',(0.,0.,1.));
#6194 = PCURVE('',#3294,#6195);
#6195 = DEFINITIONAL_REPRESENTATION('',(#6196),#6200);
#6196 = LINE('',#6197,#6198);
#6197 = CARTESIAN_POINT('',(8.3,0.));
#6198 = VECTOR('',#6199,1.);
#6199 = DIRECTION('',(0.,-1.));
#6200 = ( GEOMETRIC_REPRESENTATION_CONTEXT(2) 
PARAMETRIC_REPRESENTATION_CONTEXT() REPRESENTATION_CONTEXT('2D SPACE',''
  ) );
#6201 = PCURVE('',#3387,#6202);
#6202 = DEFINITIONAL_REPRESENTATION('',(#6203),#6207);
#6203 = LINE('',#6204,#6205);
#6204 = CARTESIAN_POINT('',(-1.570796326795,0.));
#6205 = VECTOR('',#6206,1.);
#6206 = DIRECTION('',(-0.,1.));
#6207 = ( GEOMETRIC_REPRESENTATION_CONTEXT(2) 
PARAMETRIC_REPRESENTATION_CONTEXT() REPRESENTATION_CONTEXT('2D SPACE',''
  ) );
#6208 = ORIENTED_EDGE('',*,*,#6209,.F.);
#6209 = EDGE_CURVE('',#6086,#6187,#6210,.T.);
#6210 = SURFACE_CURVE('',#6211,(#6215,#6222),.PCURVE_S1.);
#6211 = LINE('',#6212,#6213);
#6212 = CARTESIAN_POINT('',(-60.93,5.04,0.));
#6213 = VECTOR('',#6214,1.);
#6214 = DIRECTION('',(0.,-1.,0.));
#6215 = PCURVE('',#3294,#6216);
#6216 = DEFINITIONAL_REPRESENTATION('',(#6217),#6221);
#6217 = LINE('',#6218,#6219);
#6218 = CARTESIAN_POINT('',(0.,0.));
#6219 = VECTOR('',#6220,1.);
#6220 = DIRECTION('',(1.,0.));
#6221 = ( GEOMETRIC_REPRESENTATION_CONTEXT(2) 
PARAMETRIC_REPRESENTATION_CONTEXT() REPRESENTATION_CONTEXT('2D SPACE',''
  ) );
#6222 = PCURVE('',#4507,#6223);
#6223 = DEFINITIONAL_REPRESENTATION('',(#6224),#6228);
#6224 = LINE('',#6225,#6226);
#6225 = CARTESIAN_POINT('',(59.575483284487,5.131247384519));
#6226 = VECTOR('',#6227,1.);
#6227 = DIRECTION('',(0.,-1.));
#6228 = ( GEOMETRIC_REPRESENTATION_CONTEXT(2) 
PARAMETRIC_REPRESENTATION_CONTEXT() REPRESENTATION_CONTEXT('2D SPACE',''
  ) );
#6229 = ADVANCED_FACE('',(#6230),#3326,.T.);
#6230 = FACE_BOUND('',#6231,.T.);
#6231 = EDGE_LOOP('',(#6232,#6261,#6292,#6293));
#6232 = ORIENTED_EDGE('',*,*,#6233,.F.);
#6233 = EDGE_CURVE('',#6234,#3456,#6236,.T.);
#6234 = VERTEX_POINT('',#6235);
#6235 = CARTESIAN_POINT('',(48.57,-9.50404811124,8.233058655028E-02));
#6236 = SURFACE_CURVE('',#6237,(#6242,#6249),.PCURVE_S1.);
#6237 = CIRCLE('',#6238,5.E-02);
#6238 = AXIS2_PLACEMENT_3D('',#6239,#6240,#6241);
#6239 = CARTESIAN_POINT('',(48.52,-9.50404811124,8.233058655028E-02));
#6240 = DIRECTION('',(0.,-0.173648177667,-0.984807753012));
#6241 = DIRECTION('',(1.,0.,0.));
#6242 = PCURVE('',#3326,#6243);
#6243 = DEFINITIONAL_REPRESENTATION('',(#6244),#6248);
#6244 = LINE('',#6245,#6246);
#6245 = CARTESIAN_POINT('',(0.,4.712388980385));
#6246 = VECTOR('',#6247,1.);
#6247 = DIRECTION('',(0.,1.));
#6248 = ( GEOMETRIC_REPRESENTATION_CONTEXT(2) 
PARAMETRIC_REPRESENTATION_CONTEXT() REPRESENTATION_CONTEXT('2D SPACE',''
  ) );
#6249 = PCURVE('',#6250,#6255);
#6250 = CYLINDRICAL_SURFACE('',#6251,5.E-02);
#6251 = AXIS2_PLACEMENT_3D('',#6252,#6253,#6254);
#6252 = CARTESIAN_POINT('',(48.52,-9.695061106673,-1.000957941763));
#6253 = DIRECTION('',(0.,0.173648177667,0.984807753012));
#6254 = DIRECTION('',(1.,0.,0.));
#6255 = DEFINITIONAL_REPRESENTATION('',(#6256),#6260);
#6256 = LINE('',#6257,#6258);
#6257 = CARTESIAN_POINT('',(-0.,1.1));
#6258 = VECTOR('',#6259,1.);
#6259 = DIRECTION('',(-1.,0.));
#6260 = ( GEOMETRIC_REPRESENTATION_CONTEXT(2) 
PARAMETRIC_REPRESENTATION_CONTEXT() REPRESENTATION_CONTEXT('2D SPACE',''
  ) );
#6261 = ORIENTED_EDGE('',*,*,#6262,.T.);
#6262 = EDGE_CURVE('',#6234,#3310,#6263,.T.);
#6263 = SURFACE_CURVE('',#6264,(#6269,#6276),.PCURVE_S1.);
#6264 = CIRCLE('',#6265,1.05);
#6265 = AXIS2_PLACEMENT_3D('',#6266,#6267,#6268);
#6266 = CARTESIAN_POINT('',(48.57,-8.469999970577,-0.1));
#6267 = DIRECTION('',(-1.,0.,0.));
#6268 = DIRECTION('',(0.,-0.984807753012,0.173648177667));
#6269 = PCURVE('',#3326,#6270);
#6270 = DEFINITIONAL_REPRESENTATION('',(#6271),#6275);
#6271 = LINE('',#6272,#6273);
#6272 = CARTESIAN_POINT('',(0.,4.712388980385));
#6273 = VECTOR('',#6274,1.);
#6274 = DIRECTION('',(1.,0.));
#6275 = ( GEOMETRIC_REPRESENTATION_CONTEXT(2) 
PARAMETRIC_REPRESENTATION_CONTEXT() REPRESENTATION_CONTEXT('2D SPACE',''
  ) );
#6276 = PCURVE('',#6277,#6282);
#6277 = PLANE('',#6278);
#6278 = AXIS2_PLACEMENT_3D('',#6279,#6280,#6281);
#6279 = CARTESIAN_POINT('',(48.57,-8.469999970577,-0.1));
#6280 = DIRECTION('',(1.,0.,0.));
#6281 = DIRECTION('',(0.,0.,1.));
#6282 = DEFINITIONAL_REPRESENTATION('',(#6283),#6291);
#6283 = ( BOUNDED_CURVE() B_SPLINE_CURVE(2,(#6284,#6285,#6286,#6287,
#6288,#6289,#6290),.UNSPECIFIED.,.T.,.F.) B_SPLINE_CURVE_WITH_KNOTS((1,2
    ,2,2,2,1),(-2.094395102393,0.,2.094395102393,4.188790204786,
6.28318530718,8.377580409573),.UNSPECIFIED.) CURVE() 
GEOMETRIC_REPRESENTATION_ITEM() RATIONAL_B_SPLINE_CURVE((1.,0.5,1.,0.5,
1.,0.5,1.)) REPRESENTATION_ITEM('') );
#6284 = CARTESIAN_POINT('',(0.18233058655,1.034048140663));
#6285 = CARTESIAN_POINT('',(1.97335450365,0.718242300984));
#6286 = CARTESIAN_POINT('',(0.804346665275,-0.674926990171));
#6287 = CARTESIAN_POINT('',(-0.364661173101,-2.068096281326));
#6288 = CARTESIAN_POINT('',(-0.986677251825,-0.359121150492));
#6289 = CARTESIAN_POINT('',(-1.60869333055,1.349853980342));
#6290 = CARTESIAN_POINT('',(0.18233058655,1.034048140663));
#6291 = ( GEOMETRIC_REPRESENTATION_CONTEXT(2) 
PARAMETRIC_REPRESENTATION_CONTEXT() REPRESENTATION_CONTEXT('2D SPACE',''
  ) );
#6292 = ORIENTED_EDGE('',*,*,#3309,.T.);
#6293 = ORIENTED_EDGE('',*,*,#3483,.F.);
#6294 = ADVANCED_FACE('',(#6295),#3354,.T.);
#6295 = FACE_BOUND('',#6296,.T.);
#6296 = EDGE_LOOP('',(#6297,#6298,#6299,#6322));
#6297 = ORIENTED_EDGE('',*,*,#6135,.T.);
#6298 = ORIENTED_EDGE('',*,*,#3340,.F.);
#6299 = ORIENTED_EDGE('',*,*,#6300,.F.);
#6300 = EDGE_CURVE('',#6301,#3310,#6303,.T.);
#6301 = VERTEX_POINT('',#6302);
#6302 = CARTESIAN_POINT('',(48.57,-8.469999970577,0.));
#6303 = SURFACE_CURVE('',#6304,(#6308,#6315),.PCURVE_S1.);
#6304 = LINE('',#6305,#6306);
#6305 = CARTESIAN_POINT('',(48.57,-8.469999970577,0.));
#6306 = VECTOR('',#6307,1.);
#6307 = DIRECTION('',(0.,0.,1.));
#6308 = PCURVE('',#3354,#6309);
#6309 = DEFINITIONAL_REPRESENTATION('',(#6310),#6314);
#6310 = LINE('',#6311,#6312);
#6311 = CARTESIAN_POINT('',(1.E-02,0.));
#6312 = VECTOR('',#6313,1.);
#6313 = DIRECTION('',(0.,-1.));
#6314 = ( GEOMETRIC_REPRESENTATION_CONTEXT(2) 
PARAMETRIC_REPRESENTATION_CONTEXT() REPRESENTATION_CONTEXT('2D SPACE',''
  ) );
#6315 = PCURVE('',#6277,#6316);
#6316 = DEFINITIONAL_REPRESENTATION('',(#6317),#6321);
#6317 = LINE('',#6318,#6319);
#6318 = CARTESIAN_POINT('',(0.1,0.));
#6319 = VECTOR('',#6320,1.);
#6320 = DIRECTION('',(1.,0.));
#6321 = ( GEOMETRIC_REPRESENTATION_CONTEXT(2) 
PARAMETRIC_REPRESENTATION_CONTEXT() REPRESENTATION_CONTEXT('2D SPACE',''
  ) );
#6322 = ORIENTED_EDGE('',*,*,#6323,.F.);
#6323 = EDGE_CURVE('',#6136,#6301,#6324,.T.);
#6324 = SURFACE_CURVE('',#6325,(#6329,#6336),.PCURVE_S1.);
#6325 = LINE('',#6326,#6327);
#6326 = CARTESIAN_POINT('',(48.57,-8.459999970577,0.));
#6327 = VECTOR('',#6328,1.);
#6328 = DIRECTION('',(0.,-1.,0.));
#6329 = PCURVE('',#3354,#6330);
#6330 = DEFINITIONAL_REPRESENTATION('',(#6331),#6335);
#6331 = LINE('',#6332,#6333);
#6332 = CARTESIAN_POINT('',(0.,0.));
#6333 = VECTOR('',#6334,1.);
#6334 = DIRECTION('',(1.,0.));
#6335 = ( GEOMETRIC_REPRESENTATION_CONTEXT(2) 
PARAMETRIC_REPRESENTATION_CONTEXT() REPRESENTATION_CONTEXT('2D SPACE',''
  ) );
#6336 = PCURVE('',#4507,#6337);
#6337 = DEFINITIONAL_REPRESENTATION('',(#6338),#6342);
#6338 = LINE('',#6339,#6340);
#6339 = CARTESIAN_POINT('',(-49.92451671551,-8.368752586058));
#6340 = VECTOR('',#6341,1.);
#6341 = DIRECTION('',(0.,-1.));
#6342 = ( GEOMETRIC_REPRESENTATION_CONTEXT(2) 
PARAMETRIC_REPRESENTATION_CONTEXT() REPRESENTATION_CONTEXT('2D SPACE',''
  ) );
#6343 = ADVANCED_FACE('',(#6344),#3387,.T.);
#6344 = FACE_BOUND('',#6345,.F.);
#6345 = EDGE_LOOP('',(#6346,#6369,#6391,#6392));
#6346 = ORIENTED_EDGE('',*,*,#6347,.F.);
#6347 = EDGE_CURVE('',#6348,#3371,#6350,.T.);
#6348 = VERTEX_POINT('',#6349);
#6349 = CARTESIAN_POINT('',(-59.23,-4.96,0.));
#6350 = SURFACE_CURVE('',#6351,(#6355,#6362),.PCURVE_S1.);
#6351 = LINE('',#6352,#6353);
#6352 = CARTESIAN_POINT('',(-59.23,-4.96,0.));
#6353 = VECTOR('',#6354,1.);
#6354 = DIRECTION('',(0.,0.,1.));
#6355 = PCURVE('',#3387,#6356);
#6356 = DEFINITIONAL_REPRESENTATION('',(#6357),#6361);
#6357 = LINE('',#6358,#6359);
#6358 = CARTESIAN_POINT('',(-0.,0.));
#6359 = VECTOR('',#6360,1.);
#6360 = DIRECTION('',(-0.,1.));
#6361 = ( GEOMETRIC_REPRESENTATION_CONTEXT(2) 
PARAMETRIC_REPRESENTATION_CONTEXT() REPRESENTATION_CONTEXT('2D SPACE',''
  ) );
#6362 = PCURVE('',#3554,#6363);
#6363 = DEFINITIONAL_REPRESENTATION('',(#6364),#6368);
#6364 = LINE('',#6365,#6366);
#6365 = CARTESIAN_POINT('',(1.7,0.));
#6366 = VECTOR('',#6367,1.);
#6367 = DIRECTION('',(0.,-1.));
#6368 = ( GEOMETRIC_REPRESENTATION_CONTEXT(2) 
PARAMETRIC_REPRESENTATION_CONTEXT() REPRESENTATION_CONTEXT('2D SPACE',''
  ) );
#6369 = ORIENTED_EDGE('',*,*,#6370,.T.);
#6370 = EDGE_CURVE('',#6348,#6187,#6371,.T.);
#6371 = SURFACE_CURVE('',#6372,(#6377,#6384),.PCURVE_S1.);
#6372 = CIRCLE('',#6373,1.7);
#6373 = AXIS2_PLACEMENT_3D('',#6374,#6375,#6376);
#6374 = CARTESIAN_POINT('',(-59.23,-3.26,0.));
#6375 = DIRECTION('',(-0.,-0.,-1.));
#6376 = DIRECTION('',(0.,-1.,0.));
#6377 = PCURVE('',#3387,#6378);
#6378 = DEFINITIONAL_REPRESENTATION('',(#6379),#6383);
#6379 = LINE('',#6380,#6381);
#6380 = CARTESIAN_POINT('',(-0.,0.));
#6381 = VECTOR('',#6382,1.);
#6382 = DIRECTION('',(-1.,0.));
#6383 = ( GEOMETRIC_REPRESENTATION_CONTEXT(2) 
PARAMETRIC_REPRESENTATION_CONTEXT() REPRESENTATION_CONTEXT('2D SPACE',''
  ) );
#6384 = PCURVE('',#4507,#6385);
#6385 = DEFINITIONAL_REPRESENTATION('',(#6386),#6390);
#6386 = CIRCLE('',#6387,1.7);
#6387 = AXIS2_PLACEMENT_2D('',#6388,#6389);
#6388 = CARTESIAN_POINT('',(57.875483284487,-3.168752615481));
#6389 = DIRECTION('',(0.,-1.));
#6390 = ( GEOMETRIC_REPRESENTATION_CONTEXT(2) 
PARAMETRIC_REPRESENTATION_CONTEXT() REPRESENTATION_CONTEXT('2D SPACE',''
  ) );
#6391 = ORIENTED_EDGE('',*,*,#6186,.T.);
#6392 = ORIENTED_EDGE('',*,*,#3370,.T.);
#6393 = ADVANCED_FACE('',(#6394),#3443,.T.);
#6394 = FACE_BOUND('',#6395,.T.);
#6395 = EDGE_LOOP('',(#6396,#6397,#6426,#6453));
#6396 = ORIENTED_EDGE('',*,*,#3593,.F.);
#6397 = ORIENTED_EDGE('',*,*,#6398,.T.);
#6398 = EDGE_CURVE('',#3594,#6399,#6401,.T.);
#6399 = VERTEX_POINT('',#6400);
#6400 = CARTESIAN_POINT('',(-43.43,-9.50404811124,8.233058655028E-02));
#6401 = SURFACE_CURVE('',#6402,(#6407,#6414),.PCURVE_S1.);
#6402 = CIRCLE('',#6403,1.05);
#6403 = AXIS2_PLACEMENT_3D('',#6404,#6405,#6406);
#6404 = CARTESIAN_POINT('',(-43.43,-8.469999970577,-0.1));
#6405 = DIRECTION('',(1.,0.,-0.));
#6406 = DIRECTION('',(0.,0.,1.));
#6407 = PCURVE('',#3443,#6408);
#6408 = DEFINITIONAL_REPRESENTATION('',(#6409),#6413);
#6409 = LINE('',#6410,#6411);
#6410 = CARTESIAN_POINT('',(0.,4.712388980385));
#6411 = VECTOR('',#6412,1.);
#6412 = DIRECTION('',(1.,0.));
#6413 = ( GEOMETRIC_REPRESENTATION_CONTEXT(2) 
PARAMETRIC_REPRESENTATION_CONTEXT() REPRESENTATION_CONTEXT('2D SPACE',''
  ) );
#6414 = PCURVE('',#6415,#6420);
#6415 = PLANE('',#6416);
#6416 = AXIS2_PLACEMENT_3D('',#6417,#6418,#6419);
#6417 = CARTESIAN_POINT('',(-43.43,-8.469999970577,-0.1));
#6418 = DIRECTION('',(1.,0.,0.));
#6419 = DIRECTION('',(0.,0.,1.));
#6420 = DEFINITIONAL_REPRESENTATION('',(#6421),#6425);
#6421 = CIRCLE('',#6422,1.05);
#6422 = AXIS2_PLACEMENT_2D('',#6423,#6424);
#6423 = CARTESIAN_POINT('',(0.,0.));
#6424 = DIRECTION('',(1.,-0.));
#6425 = ( GEOMETRIC_REPRESENTATION_CONTEXT(2) 
PARAMETRIC_REPRESENTATION_CONTEXT() REPRESENTATION_CONTEXT('2D SPACE',''
  ) );
#6426 = ORIENTED_EDGE('',*,*,#6427,.T.);
#6427 = EDGE_CURVE('',#6399,#3427,#6428,.T.);
#6428 = SURFACE_CURVE('',#6429,(#6434,#6441),.PCURVE_S1.);
#6429 = CIRCLE('',#6430,5.E-02);
#6430 = AXIS2_PLACEMENT_3D('',#6431,#6432,#6433);
#6431 = CARTESIAN_POINT('',(-43.38,-9.50404811124,8.233058655028E-02));
#6432 = DIRECTION('',(-0.,0.173648177667,0.984807753012));
#6433 = DIRECTION('',(0.,-0.984807753012,0.173648177667));
#6434 = PCURVE('',#3443,#6435);
#6435 = DEFINITIONAL_REPRESENTATION('',(#6436),#6440);
#6436 = LINE('',#6437,#6438);
#6437 = CARTESIAN_POINT('',(1.396263401595,0.));
#6438 = VECTOR('',#6439,1.);
#6439 = DIRECTION('',(0.,1.));
#6440 = ( GEOMETRIC_REPRESENTATION_CONTEXT(2) 
PARAMETRIC_REPRESENTATION_CONTEXT() REPRESENTATION_CONTEXT('2D SPACE',''
  ) );
#6441 = PCURVE('',#6442,#6447);
#6442 = CYLINDRICAL_SURFACE('',#6443,5.E-02);
#6443 = AXIS2_PLACEMENT_3D('',#6444,#6445,#6446);
#6444 = CARTESIAN_POINT('',(-43.38,-9.50404811124,8.233058655028E-02));
#6445 = DIRECTION('',(0.,-0.173648177667,-0.984807753012));
#6446 = DIRECTION('',(-1.,0.,0.));
#6447 = DEFINITIONAL_REPRESENTATION('',(#6448),#6452);
#6448 = LINE('',#6449,#6450);
#6449 = CARTESIAN_POINT('',(4.712388980385,-1.56E-15));
#6450 = VECTOR('',#6451,1.);
#6451 = DIRECTION('',(-1.,0.));
#6452 = ( GEOMETRIC_REPRESENTATION_CONTEXT(2) 
PARAMETRIC_REPRESENTATION_CONTEXT() REPRESENTATION_CONTEXT('2D SPACE',''
  ) );
#6453 = ORIENTED_EDGE('',*,*,#3426,.F.);
#6454 = ADVANCED_FACE('',(#6455),#3471,.T.);
#6455 = FACE_BOUND('',#6456,.T.);
#6456 = EDGE_LOOP('',(#6457,#6458,#6481,#6509));
#6457 = ORIENTED_EDGE('',*,*,#3455,.F.);
#6458 = ORIENTED_EDGE('',*,*,#6459,.T.);
#6459 = EDGE_CURVE('',#3427,#6460,#6462,.T.);
#6460 = VERTEX_POINT('',#6461);
#6461 = CARTESIAN_POINT('',(-43.38,-9.735619085441,-0.943035145229));
#6462 = SURFACE_CURVE('',#6463,(#6467,#6474),.PCURVE_S1.);
#6463 = LINE('',#6464,#6465);
#6464 = CARTESIAN_POINT('',(-43.38,-9.55328849889,9.101299543362E-02));
#6465 = VECTOR('',#6466,1.);
#6466 = DIRECTION('',(0.,-0.173648177667,-0.984807753012));
#6467 = PCURVE('',#3471,#6468);
#6468 = DEFINITIONAL_REPRESENTATION('',(#6469),#6473);
#6469 = LINE('',#6470,#6471);
#6470 = CARTESIAN_POINT('',(-45.95,0.55));
#6471 = VECTOR('',#6472,1.);
#6472 = DIRECTION('',(0.,-1.));
#6473 = ( GEOMETRIC_REPRESENTATION_CONTEXT(2) 
PARAMETRIC_REPRESENTATION_CONTEXT() REPRESENTATION_CONTEXT('2D SPACE',''
  ) );
#6474 = PCURVE('',#6442,#6475);
#6475 = DEFINITIONAL_REPRESENTATION('',(#6476),#6480);
#6476 = LINE('',#6477,#6478);
#6477 = CARTESIAN_POINT('',(-1.570796326795,0.));
#6478 = VECTOR('',#6479,1.);
#6479 = DIRECTION('',(-0.,1.));
#6480 = ( GEOMETRIC_REPRESENTATION_CONTEXT(2) 
PARAMETRIC_REPRESENTATION_CONTEXT() REPRESENTATION_CONTEXT('2D SPACE',''
  ) );
#6481 = ORIENTED_EDGE('',*,*,#6482,.T.);
#6482 = EDGE_CURVE('',#6460,#6483,#6485,.T.);
#6483 = VERTEX_POINT('',#6484);
#6484 = CARTESIAN_POINT('',(48.52,-9.735619085441,-0.943035145229));
#6485 = SURFACE_CURVE('',#6486,(#6490,#6497),.PCURVE_S1.);
#6486 = LINE('',#6487,#6488);
#6487 = CARTESIAN_POINT('',(-43.43,-9.735619085441,-0.943035145229));
#6488 = VECTOR('',#6489,1.);
#6489 = DIRECTION('',(1.,0.,0.));
#6490 = PCURVE('',#3471,#6491);
#6491 = DEFINITIONAL_REPRESENTATION('',(#6492),#6496);
#6492 = LINE('',#6493,#6494);
#6493 = CARTESIAN_POINT('',(-46.,-0.5));
#6494 = VECTOR('',#6495,1.);
#6495 = DIRECTION('',(1.,0.));
#6496 = ( GEOMETRIC_REPRESENTATION_CONTEXT(2) 
PARAMETRIC_REPRESENTATION_CONTEXT() REPRESENTATION_CONTEXT('2D SPACE',''
  ) );
#6497 = PCURVE('',#6498,#6503);
#6498 = CYLINDRICAL_SURFACE('',#6499,5.E-02);
#6499 = AXIS2_PLACEMENT_3D('',#6500,#6501,#6502);
#6500 = CARTESIAN_POINT('',(-43.43,-9.68637869779,-0.951717554113));
#6501 = DIRECTION('',(1.,0.,0.));
#6502 = DIRECTION('',(0.,-0.173648177667,-0.984807753012));
#6503 = DEFINITIONAL_REPRESENTATION('',(#6504),#6508);
#6504 = LINE('',#6505,#6506);
#6505 = CARTESIAN_POINT('',(-1.570796326795,0.));
#6506 = VECTOR('',#6507,1.);
#6507 = DIRECTION('',(-0.,1.));
#6508 = ( GEOMETRIC_REPRESENTATION_CONTEXT(2) 
PARAMETRIC_REPRESENTATION_CONTEXT() REPRESENTATION_CONTEXT('2D SPACE',''
  ) );
#6509 = ORIENTED_EDGE('',*,*,#6510,.T.);
#6510 = EDGE_CURVE('',#6483,#3456,#6511,.T.);
#6511 = SURFACE_CURVE('',#6512,(#6516,#6523),.PCURVE_S1.);
#6512 = LINE('',#6513,#6514);
#6513 = CARTESIAN_POINT('',(48.52,-9.744301494324,-0.99227553288));
#6514 = VECTOR('',#6515,1.);
#6515 = DIRECTION('',(0.,0.173648177667,0.984807753012));
#6516 = PCURVE('',#3471,#6517);
#6517 = DEFINITIONAL_REPRESENTATION('',(#6518),#6522);
#6518 = LINE('',#6519,#6520);
#6519 = CARTESIAN_POINT('',(45.95,-0.55));
#6520 = VECTOR('',#6521,1.);
#6521 = DIRECTION('',(0.,1.));
#6522 = ( GEOMETRIC_REPRESENTATION_CONTEXT(2) 
PARAMETRIC_REPRESENTATION_CONTEXT() REPRESENTATION_CONTEXT('2D SPACE',''
  ) );
#6523 = PCURVE('',#6250,#6524);
#6524 = DEFINITIONAL_REPRESENTATION('',(#6525),#6529);
#6525 = LINE('',#6526,#6527);
#6526 = CARTESIAN_POINT('',(-1.570796326795,0.));
#6527 = VECTOR('',#6528,1.);
#6528 = DIRECTION('',(-0.,1.));
#6529 = ( GEOMETRIC_REPRESENTATION_CONTEXT(2) 
PARAMETRIC_REPRESENTATION_CONTEXT() REPRESENTATION_CONTEXT('2D SPACE',''
  ) );
#6530 = ADVANCED_FACE('',(#6531),#3554,.F.);
#6531 = FACE_BOUND('',#6532,.F.);
#6532 = EDGE_LOOP('',(#6533,#6534,#6535,#6558));
#6533 = ORIENTED_EDGE('',*,*,#6347,.T.);
#6534 = ORIENTED_EDGE('',*,*,#3540,.T.);
#6535 = ORIENTED_EDGE('',*,*,#6536,.F.);
#6536 = EDGE_CURVE('',#6537,#3511,#6539,.T.);
#6537 = VERTEX_POINT('',#6538);
#6538 = CARTESIAN_POINT('',(-53.93,-4.96,0.));
#6539 = SURFACE_CURVE('',#6540,(#6544,#6551),.PCURVE_S1.);
#6540 = LINE('',#6541,#6542);
#6541 = CARTESIAN_POINT('',(-53.93,-4.96,0.));
#6542 = VECTOR('',#6543,1.);
#6543 = DIRECTION('',(0.,0.,1.));
#6544 = PCURVE('',#3554,#6545);
#6545 = DEFINITIONAL_REPRESENTATION('',(#6546),#6550);
#6546 = LINE('',#6547,#6548);
#6547 = CARTESIAN_POINT('',(7.,0.));
#6548 = VECTOR('',#6549,1.);
#6549 = DIRECTION('',(0.,-1.));
#6550 = ( GEOMETRIC_REPRESENTATION_CONTEXT(2) 
PARAMETRIC_REPRESENTATION_CONTEXT() REPRESENTATION_CONTEXT('2D SPACE',''
  ) );
#6551 = PCURVE('',#3692,#6552);
#6552 = DEFINITIONAL_REPRESENTATION('',(#6553),#6557);
#6553 = LINE('',#6554,#6555);
#6554 = CARTESIAN_POINT('',(0.,0.));
#6555 = VECTOR('',#6556,1.);
#6556 = DIRECTION('',(0.,-1.));
#6557 = ( GEOMETRIC_REPRESENTATION_CONTEXT(2) 
PARAMETRIC_REPRESENTATION_CONTEXT() REPRESENTATION_CONTEXT('2D SPACE',''
  ) );
#6558 = ORIENTED_EDGE('',*,*,#6559,.F.);
#6559 = EDGE_CURVE('',#6348,#6537,#6560,.T.);
#6560 = SURFACE_CURVE('',#6561,(#6565,#6572),.PCURVE_S1.);
#6561 = LINE('',#6562,#6563);
#6562 = CARTESIAN_POINT('',(-60.93,-4.96,0.));
#6563 = VECTOR('',#6564,1.);
#6564 = DIRECTION('',(1.,0.,0.));
#6565 = PCURVE('',#3554,#6566);
#6566 = DEFINITIONAL_REPRESENTATION('',(#6567),#6571);
#6567 = LINE('',#6568,#6569);
#6568 = CARTESIAN_POINT('',(0.,0.));
#6569 = VECTOR('',#6570,1.);
#6570 = DIRECTION('',(1.,0.));
#6571 = ( GEOMETRIC_REPRESENTATION_CONTEXT(2) 
PARAMETRIC_REPRESENTATION_CONTEXT() REPRESENTATION_CONTEXT('2D SPACE',''
  ) );
#6572 = PCURVE('',#4507,#6573);
#6573 = DEFINITIONAL_REPRESENTATION('',(#6574),#6578);
#6574 = LINE('',#6575,#6576);
#6575 = CARTESIAN_POINT('',(59.575483284487,-4.868752615481));
#6576 = VECTOR('',#6577,1.);
#6577 = DIRECTION('',(-1.,0.));
#6578 = ( GEOMETRIC_REPRESENTATION_CONTEXT(2) 
PARAMETRIC_REPRESENTATION_CONTEXT() REPRESENTATION_CONTEXT('2D SPACE',''
  ) );
#6579 = ADVANCED_FACE('',(#6580),#3631,.F.);
#6580 = FACE_BOUND('',#6581,.F.);
#6581 = EDGE_LOOP('',(#6582,#6605,#6606,#6629));
#6582 = ORIENTED_EDGE('',*,*,#6583,.T.);
#6583 = EDGE_CURVE('',#6584,#3570,#6586,.T.);
#6584 = VERTEX_POINT('',#6585);
#6585 = CARTESIAN_POINT('',(-43.43,-8.459999970577,0.));
#6586 = SURFACE_CURVE('',#6587,(#6591,#6598),.PCURVE_S1.);
#6587 = LINE('',#6588,#6589);
#6588 = CARTESIAN_POINT('',(-43.43,-8.459999970577,0.));
#6589 = VECTOR('',#6590,1.);
#6590 = DIRECTION('',(0.,0.,1.));
#6591 = PCURVE('',#3631,#6592);
#6592 = DEFINITIONAL_REPRESENTATION('',(#6593),#6597);
#6593 = LINE('',#6594,#6595);
#6594 = CARTESIAN_POINT('',(0.,0.));
#6595 = VECTOR('',#6596,1.);
#6596 = DIRECTION('',(0.,-1.));
#6597 = ( GEOMETRIC_REPRESENTATION_CONTEXT(2) 
PARAMETRIC_REPRESENTATION_CONTEXT() REPRESENTATION_CONTEXT('2D SPACE',''
  ) );
#6598 = PCURVE('',#3745,#6599);
#6599 = DEFINITIONAL_REPRESENTATION('',(#6600),#6604);
#6600 = LINE('',#6601,#6602);
#6601 = CARTESIAN_POINT('',(-6.281692,0.));
#6602 = VECTOR('',#6603,1.);
#6603 = DIRECTION('',(-0.,-1.));
#6604 = ( GEOMETRIC_REPRESENTATION_CONTEXT(2) 
PARAMETRIC_REPRESENTATION_CONTEXT() REPRESENTATION_CONTEXT('2D SPACE',''
  ) );
#6605 = ORIENTED_EDGE('',*,*,#3617,.T.);
#6606 = ORIENTED_EDGE('',*,*,#6607,.F.);
#6607 = EDGE_CURVE('',#6608,#3594,#6610,.T.);
#6608 = VERTEX_POINT('',#6609);
#6609 = CARTESIAN_POINT('',(-43.43,-8.469999970577,0.));
#6610 = SURFACE_CURVE('',#6611,(#6615,#6622),.PCURVE_S1.);
#6611 = LINE('',#6612,#6613);
#6612 = CARTESIAN_POINT('',(-43.43,-8.469999970577,0.));
#6613 = VECTOR('',#6614,1.);
#6614 = DIRECTION('',(0.,0.,1.));
#6615 = PCURVE('',#3631,#6616);
#6616 = DEFINITIONAL_REPRESENTATION('',(#6617),#6621);
#6617 = LINE('',#6618,#6619);
#6618 = CARTESIAN_POINT('',(1.E-02,0.));
#6619 = VECTOR('',#6620,1.);
#6620 = DIRECTION('',(0.,-1.));
#6621 = ( GEOMETRIC_REPRESENTATION_CONTEXT(2) 
PARAMETRIC_REPRESENTATION_CONTEXT() REPRESENTATION_CONTEXT('2D SPACE',''
  ) );
#6622 = PCURVE('',#6415,#6623);
#6623 = DEFINITIONAL_REPRESENTATION('',(#6624),#6628);
#6624 = LINE('',#6625,#6626);
#6625 = CARTESIAN_POINT('',(0.1,-0.));
#6626 = VECTOR('',#6627,1.);
#6627 = DIRECTION('',(1.,-0.));
#6628 = ( GEOMETRIC_REPRESENTATION_CONTEXT(2) 
PARAMETRIC_REPRESENTATION_CONTEXT() REPRESENTATION_CONTEXT('2D SPACE',''
  ) );
#6629 = ORIENTED_EDGE('',*,*,#6630,.F.);
#6630 = EDGE_CURVE('',#6584,#6608,#6631,.T.);
#6631 = SURFACE_CURVE('',#6632,(#6636,#6643),.PCURVE_S1.);
#6632 = LINE('',#6633,#6634);
#6633 = CARTESIAN_POINT('',(-43.43,-8.459999970577,0.));
#6634 = VECTOR('',#6635,1.);
#6635 = DIRECTION('',(0.,-1.,0.));
#6636 = PCURVE('',#3631,#6637);
#6637 = DEFINITIONAL_REPRESENTATION('',(#6638),#6642);
#6638 = LINE('',#6639,#6640);
#6639 = CARTESIAN_POINT('',(0.,0.));
#6640 = VECTOR('',#6641,1.);
#6641 = DIRECTION('',(1.,0.));
#6642 = ( GEOMETRIC_REPRESENTATION_CONTEXT(2) 
PARAMETRIC_REPRESENTATION_CONTEXT() REPRESENTATION_CONTEXT('2D SPACE',''
  ) );
#6643 = PCURVE('',#4507,#6644);
#6644 = DEFINITIONAL_REPRESENTATION('',(#6645),#6649);
#6645 = LINE('',#6646,#6647);
#6646 = CARTESIAN_POINT('',(42.075483284487,-8.368752586058));
#6647 = VECTOR('',#6648,1.);
#6648 = DIRECTION('',(0.,-1.));
#6649 = ( GEOMETRIC_REPRESENTATION_CONTEXT(2) 
PARAMETRIC_REPRESENTATION_CONTEXT() REPRESENTATION_CONTEXT('2D SPACE',''
  ) );
#6650 = ADVANCED_FACE('',(#6651),#3692,.F.);
#6651 = FACE_BOUND('',#6652,.F.);
#6652 = EDGE_LOOP('',(#6653,#6654,#6655,#6678));
#6653 = ORIENTED_EDGE('',*,*,#6536,.T.);
#6654 = ORIENTED_EDGE('',*,*,#3678,.T.);
#6655 = ORIENTED_EDGE('',*,*,#6656,.F.);
#6656 = EDGE_CURVE('',#6657,#3649,#6659,.T.);
#6657 = VERTEX_POINT('',#6658);
#6658 = CARTESIAN_POINT('',(-50.93,-9.96,0.));
#6659 = SURFACE_CURVE('',#6660,(#6664,#6671),.PCURVE_S1.);
#6660 = LINE('',#6661,#6662);
#6661 = CARTESIAN_POINT('',(-50.93,-9.96,0.));
#6662 = VECTOR('',#6663,1.);
#6663 = DIRECTION('',(0.,0.,1.));
#6664 = PCURVE('',#3692,#6665);
#6665 = DEFINITIONAL_REPRESENTATION('',(#6666),#6670);
#6666 = LINE('',#6667,#6668);
#6667 = CARTESIAN_POINT('',(5.830951894845,0.));
#6668 = VECTOR('',#6669,1.);
#6669 = DIRECTION('',(0.,-1.));
#6670 = ( GEOMETRIC_REPRESENTATION_CONTEXT(2) 
PARAMETRIC_REPRESENTATION_CONTEXT() REPRESENTATION_CONTEXT('2D SPACE',''
  ) );
#6671 = PCURVE('',#3808,#6672);
#6672 = DEFINITIONAL_REPRESENTATION('',(#6673),#6677);
#6673 = LINE('',#6674,#6675);
#6674 = CARTESIAN_POINT('',(0.,0.));
#6675 = VECTOR('',#6676,1.);
#6676 = DIRECTION('',(0.,-1.));
#6677 = ( GEOMETRIC_REPRESENTATION_CONTEXT(2) 
PARAMETRIC_REPRESENTATION_CONTEXT() REPRESENTATION_CONTEXT('2D SPACE',''
  ) );
#6678 = ORIENTED_EDGE('',*,*,#6679,.F.);
#6679 = EDGE_CURVE('',#6537,#6657,#6680,.T.);
#6680 = SURFACE_CURVE('',#6681,(#6685,#6692),.PCURVE_S1.);
#6681 = LINE('',#6682,#6683);
#6682 = CARTESIAN_POINT('',(-53.93,-4.96,0.));
#6683 = VECTOR('',#6684,1.);
#6684 = DIRECTION('',(0.514495755428,-0.857492925713,0.));
#6685 = PCURVE('',#3692,#6686);
#6686 = DEFINITIONAL_REPRESENTATION('',(#6687),#6691);
#6687 = LINE('',#6688,#6689);
#6688 = CARTESIAN_POINT('',(0.,0.));
#6689 = VECTOR('',#6690,1.);
#6690 = DIRECTION('',(1.,0.));
#6691 = ( GEOMETRIC_REPRESENTATION_CONTEXT(2) 
PARAMETRIC_REPRESENTATION_CONTEXT() REPRESENTATION_CONTEXT('2D SPACE',''
  ) );
#6692 = PCURVE('',#4507,#6693);
#6693 = DEFINITIONAL_REPRESENTATION('',(#6694),#6698);
#6694 = LINE('',#6695,#6696);
#6695 = CARTESIAN_POINT('',(52.575483284487,-4.868752615481));
#6696 = VECTOR('',#6697,1.);
#6697 = DIRECTION('',(-0.514495755428,-0.857492925713));
#6698 = ( GEOMETRIC_REPRESENTATION_CONTEXT(2) 
PARAMETRIC_REPRESENTATION_CONTEXT() REPRESENTATION_CONTEXT('2D SPACE',''
  ) );
#6699 = ADVANCED_FACE('',(#6700),#3745,.F.);
#6700 = FACE_BOUND('',#6701,.T.);
#6701 = EDGE_LOOP('',(#6702,#6703,#6704,#6727));
#6702 = ORIENTED_EDGE('',*,*,#6583,.T.);
#6703 = ORIENTED_EDGE('',*,*,#3730,.F.);
#6704 = ORIENTED_EDGE('',*,*,#6705,.F.);
#6705 = EDGE_CURVE('',#6706,#3708,#6708,.T.);
#6706 = VERTEX_POINT('',#6707);
#6707 = CARTESIAN_POINT('',(-44.93,-8.46,0.));
#6708 = SURFACE_CURVE('',#6709,(#6713,#6720),.PCURVE_S1.);
#6709 = LINE('',#6710,#6711);
#6710 = CARTESIAN_POINT('',(-44.93,-8.46,0.));
#6711 = VECTOR('',#6712,1.);
#6712 = DIRECTION('',(0.,0.,1.));
#6713 = PCURVE('',#3745,#6714);
#6714 = DEFINITIONAL_REPRESENTATION('',(#6715),#6719);
#6715 = LINE('',#6716,#6717);
#6716 = CARTESIAN_POINT('',(-9.42627130718,0.));
#6717 = VECTOR('',#6718,1.);
#6718 = DIRECTION('',(-0.,-1.));
#6719 = ( GEOMETRIC_REPRESENTATION_CONTEXT(2) 
PARAMETRIC_REPRESENTATION_CONTEXT() REPRESENTATION_CONTEXT('2D SPACE',''
  ) );
#6720 = PCURVE('',#3840,#6721);
#6721 = DEFINITIONAL_REPRESENTATION('',(#6722),#6726);
#6722 = LINE('',#6723,#6724);
#6723 = CARTESIAN_POINT('',(1.5,0.));
#6724 = VECTOR('',#6725,1.);
#6725 = DIRECTION('',(0.,-1.));
#6726 = ( GEOMETRIC_REPRESENTATION_CONTEXT(2) 
PARAMETRIC_REPRESENTATION_CONTEXT() REPRESENTATION_CONTEXT('2D SPACE',''
  ) );
#6727 = ORIENTED_EDGE('',*,*,#6728,.F.);
#6728 = EDGE_CURVE('',#6584,#6706,#6729,.T.);
#6729 = SURFACE_CURVE('',#6730,(#6735,#6742),.PCURVE_S1.);
#6730 = CIRCLE('',#6731,0.75000083626);
#6731 = AXIS2_PLACEMENT_3D('',#6732,#6733,#6734);
#6732 = CARTESIAN_POINT('',(-44.18000000002,-8.45887998936,0.));
#6733 = DIRECTION('',(0.,0.,1.));
#6734 = DIRECTION('',(1.,0.,0.));
#6735 = PCURVE('',#3745,#6736);
#6736 = DEFINITIONAL_REPRESENTATION('',(#6737),#6741);
#6737 = LINE('',#6738,#6739);
#6738 = CARTESIAN_POINT('',(-0.,0.));
#6739 = VECTOR('',#6740,1.);
#6740 = DIRECTION('',(-1.,0.));
#6741 = ( GEOMETRIC_REPRESENTATION_CONTEXT(2) 
PARAMETRIC_REPRESENTATION_CONTEXT() REPRESENTATION_CONTEXT('2D SPACE',''
  ) );
#6742 = PCURVE('',#4507,#6743);
#6743 = DEFINITIONAL_REPRESENTATION('',(#6744),#6752);
#6744 = ( BOUNDED_CURVE() B_SPLINE_CURVE(2,(#6745,#6746,#6747,#6748,
#6749,#6750,#6751),.UNSPECIFIED.,.T.,.F.) B_SPLINE_CURVE_WITH_KNOTS((1,2
    ,2,2,2,1),(-2.094395102393,0.,2.094395102393,4.188790204786,
6.28318530718,8.377580409573),.UNSPECIFIED.) CURVE() 
GEOMETRIC_REPRESENTATION_ITEM() RATIONAL_B_SPLINE_CURVE((1.,0.5,1.,0.5,
1.,0.5,1.)) REPRESENTATION_ITEM('') );
#6745 = CARTESIAN_POINT('',(42.075482448249,-8.367632604841));
#6746 = CARTESIAN_POINT('',(42.075482448249,-7.068593050719));
#6747 = CARTESIAN_POINT('',(43.200483702639,-7.71811282778));
#6748 = CARTESIAN_POINT('',(44.32548495703,-8.367632604841));
#6749 = CARTESIAN_POINT('',(43.200483702639,-9.017152381901));
#6750 = CARTESIAN_POINT('',(42.075482448249,-9.666672158962));
#6751 = CARTESIAN_POINT('',(42.075482448249,-8.367632604841));
#6752 = ( GEOMETRIC_REPRESENTATION_CONTEXT(2) 
PARAMETRIC_REPRESENTATION_CONTEXT() REPRESENTATION_CONTEXT('2D SPACE',''
  ) );
#6753 = ADVANCED_FACE('',(#6754),#3808,.F.);
#6754 = FACE_BOUND('',#6755,.F.);
#6755 = EDGE_LOOP('',(#6756,#6757,#6758,#6781));
#6756 = ORIENTED_EDGE('',*,*,#6656,.T.);
#6757 = ORIENTED_EDGE('',*,*,#3794,.T.);
#6758 = ORIENTED_EDGE('',*,*,#6759,.F.);
#6759 = EDGE_CURVE('',#6760,#3765,#6762,.T.);
#6760 = VERTEX_POINT('',#6761);
#6761 = CARTESIAN_POINT('',(-44.93,-9.96,0.));
#6762 = SURFACE_CURVE('',#6763,(#6767,#6774),.PCURVE_S1.);
#6763 = LINE('',#6764,#6765);
#6764 = CARTESIAN_POINT('',(-44.93,-9.96,0.));
#6765 = VECTOR('',#6766,1.);
#6766 = DIRECTION('',(0.,0.,1.));
#6767 = PCURVE('',#3808,#6768);
#6768 = DEFINITIONAL_REPRESENTATION('',(#6769),#6773);
#6769 = LINE('',#6770,#6771);
#6770 = CARTESIAN_POINT('',(6.,0.));
#6771 = VECTOR('',#6772,1.);
#6772 = DIRECTION('',(0.,-1.));
#6773 = ( GEOMETRIC_REPRESENTATION_CONTEXT(2) 
PARAMETRIC_REPRESENTATION_CONTEXT() REPRESENTATION_CONTEXT('2D SPACE',''
  ) );
#6774 = PCURVE('',#3840,#6775);
#6775 = DEFINITIONAL_REPRESENTATION('',(#6776),#6780);
#6776 = LINE('',#6777,#6778);
#6777 = CARTESIAN_POINT('',(0.,0.));
#6778 = VECTOR('',#6779,1.);
#6779 = DIRECTION('',(0.,-1.));
#6780 = ( GEOMETRIC_REPRESENTATION_CONTEXT(2) 
PARAMETRIC_REPRESENTATION_CONTEXT() REPRESENTATION_CONTEXT('2D SPACE',''
  ) );
#6781 = ORIENTED_EDGE('',*,*,#6782,.F.);
#6782 = EDGE_CURVE('',#6657,#6760,#6783,.T.);
#6783 = SURFACE_CURVE('',#6784,(#6788,#6795),.PCURVE_S1.);
#6784 = LINE('',#6785,#6786);
#6785 = CARTESIAN_POINT('',(-50.93,-9.96,0.));
#6786 = VECTOR('',#6787,1.);
#6787 = DIRECTION('',(1.,0.,0.));
#6788 = PCURVE('',#3808,#6789);
#6789 = DEFINITIONAL_REPRESENTATION('',(#6790),#6794);
#6790 = LINE('',#6791,#6792);
#6791 = CARTESIAN_POINT('',(0.,0.));
#6792 = VECTOR('',#6793,1.);
#6793 = DIRECTION('',(1.,0.));
#6794 = ( GEOMETRIC_REPRESENTATION_CONTEXT(2) 
PARAMETRIC_REPRESENTATION_CONTEXT() REPRESENTATION_CONTEXT('2D SPACE',''
  ) );
#6795 = PCURVE('',#4507,#6796);
#6796 = DEFINITIONAL_REPRESENTATION('',(#6797),#6801);
#6797 = LINE('',#6798,#6799);
#6798 = CARTESIAN_POINT('',(49.575483284487,-9.868752615481));
#6799 = VECTOR('',#6800,1.);
#6800 = DIRECTION('',(-1.,0.));
#6801 = ( GEOMETRIC_REPRESENTATION_CONTEXT(2) 
PARAMETRIC_REPRESENTATION_CONTEXT() REPRESENTATION_CONTEXT('2D SPACE',''
  ) );
#6802 = ADVANCED_FACE('',(#6803),#3840,.F.);
#6803 = FACE_BOUND('',#6804,.F.);
#6804 = EDGE_LOOP('',(#6805,#6806,#6807,#6808));
#6805 = ORIENTED_EDGE('',*,*,#6759,.T.);
#6806 = ORIENTED_EDGE('',*,*,#3826,.T.);
#6807 = ORIENTED_EDGE('',*,*,#6705,.F.);
#6808 = ORIENTED_EDGE('',*,*,#6809,.F.);
#6809 = EDGE_CURVE('',#6760,#6706,#6810,.T.);
#6810 = SURFACE_CURVE('',#6811,(#6815,#6822),.PCURVE_S1.);
#6811 = LINE('',#6812,#6813);
#6812 = CARTESIAN_POINT('',(-44.93,-9.96,0.));
#6813 = VECTOR('',#6814,1.);
#6814 = DIRECTION('',(0.,1.,0.));
#6815 = PCURVE('',#3840,#6816);
#6816 = DEFINITIONAL_REPRESENTATION('',(#6817),#6821);
#6817 = LINE('',#6818,#6819);
#6818 = CARTESIAN_POINT('',(0.,0.));
#6819 = VECTOR('',#6820,1.);
#6820 = DIRECTION('',(1.,0.));
#6821 = ( GEOMETRIC_REPRESENTATION_CONTEXT(2) 
PARAMETRIC_REPRESENTATION_CONTEXT() REPRESENTATION_CONTEXT('2D SPACE',''
  ) );
#6822 = PCURVE('',#4507,#6823);
#6823 = DEFINITIONAL_REPRESENTATION('',(#6824),#6828);
#6824 = LINE('',#6825,#6826);
#6825 = CARTESIAN_POINT('',(43.575483284487,-9.868752615481));
#6826 = VECTOR('',#6827,1.);
#6827 = DIRECTION('',(0.,1.));
#6828 = ( GEOMETRIC_REPRESENTATION_CONTEXT(2) 
PARAMETRIC_REPRESENTATION_CONTEXT() REPRESENTATION_CONTEXT('2D SPACE',''
  ) );
#6829 = ADVANCED_FACE('',(#6830),#3894,.F.);
#6830 = FACE_BOUND('',#6831,.T.);
#6831 = EDGE_LOOP('',(#6832,#6855,#6881,#6882));
#6832 = ORIENTED_EDGE('',*,*,#6833,.F.);
#6833 = EDGE_CURVE('',#6834,#3856,#6836,.T.);
#6834 = VERTEX_POINT('',#6835);
#6835 = CARTESIAN_POINT('',(13.145,4.E-02,0.));
#6836 = SEAM_CURVE('',#6837,(#6841,#6848),.PCURVE_S1.);
#6837 = LINE('',#6838,#6839);
#6838 = CARTESIAN_POINT('',(13.145,4.E-02,0.));
#6839 = VECTOR('',#6840,1.);
#6840 = DIRECTION('',(0.,0.,1.));
#6841 = PCURVE('',#3894,#6842);
#6842 = DEFINITIONAL_REPRESENTATION('',(#6843),#6847);
#6843 = LINE('',#6844,#6845);
#6844 = CARTESIAN_POINT('',(-6.28318530718,0.));
#6845 = VECTOR('',#6846,1.);
#6846 = DIRECTION('',(-0.,-1.));
#6847 = ( GEOMETRIC_REPRESENTATION_CONTEXT(2) 
PARAMETRIC_REPRESENTATION_CONTEXT() REPRESENTATION_CONTEXT('2D SPACE',''
  ) );
#6848 = PCURVE('',#3894,#6849);
#6849 = DEFINITIONAL_REPRESENTATION('',(#6850),#6854);
#6850 = LINE('',#6851,#6852);
#6851 = CARTESIAN_POINT('',(-0.,0.));
#6852 = VECTOR('',#6853,1.);
#6853 = DIRECTION('',(-0.,-1.));
#6854 = ( GEOMETRIC_REPRESENTATION_CONTEXT(2) 
PARAMETRIC_REPRESENTATION_CONTEXT() REPRESENTATION_CONTEXT('2D SPACE',''
  ) );
#6855 = ORIENTED_EDGE('',*,*,#6856,.F.);
#6856 = EDGE_CURVE('',#6834,#6834,#6857,.T.);
#6857 = SURFACE_CURVE('',#6858,(#6863,#6870),.PCURVE_S1.);
#6858 = CIRCLE('',#6859,1.625);
#6859 = AXIS2_PLACEMENT_3D('',#6860,#6861,#6862);
#6860 = CARTESIAN_POINT('',(11.52,4.E-02,0.));
#6861 = DIRECTION('',(0.,0.,1.));
#6862 = DIRECTION('',(1.,0.,0.));
#6863 = PCURVE('',#3894,#6864);
#6864 = DEFINITIONAL_REPRESENTATION('',(#6865),#6869);
#6865 = LINE('',#6866,#6867);
#6866 = CARTESIAN_POINT('',(-0.,0.));
#6867 = VECTOR('',#6868,1.);
#6868 = DIRECTION('',(-1.,0.));
#6869 = ( GEOMETRIC_REPRESENTATION_CONTEXT(2) 
PARAMETRIC_REPRESENTATION_CONTEXT() REPRESENTATION_CONTEXT('2D SPACE',''
  ) );
#6870 = PCURVE('',#4507,#6871);
#6871 = DEFINITIONAL_REPRESENTATION('',(#6872),#6880);
#6872 = ( BOUNDED_CURVE() B_SPLINE_CURVE(2,(#6873,#6874,#6875,#6876,
#6877,#6878,#6879),.UNSPECIFIED.,.T.,.F.) B_SPLINE_CURVE_WITH_KNOTS((1,2
    ,2,2,2,1),(-2.094395102393,0.,2.094395102393,4.188790204786,
6.28318530718,8.377580409573),.UNSPECIFIED.) CURVE() 
GEOMETRIC_REPRESENTATION_ITEM() RATIONAL_B_SPLINE_CURVE((1.,0.5,1.,0.5,
1.,0.5,1.)) REPRESENTATION_ITEM('') );
#6873 = CARTESIAN_POINT('',(-14.49951671551,0.131247384519));
#6874 = CARTESIAN_POINT('',(-14.49951671551,2.945829946819));
#6875 = CARTESIAN_POINT('',(-12.06201671551,1.538538665669));
#6876 = CARTESIAN_POINT('',(-9.624516715513,0.131247384519));
#6877 = CARTESIAN_POINT('',(-12.06201671551,-1.27604389663));
#6878 = CARTESIAN_POINT('',(-14.49951671551,-2.68333517778));
#6879 = CARTESIAN_POINT('',(-14.49951671551,0.131247384519));
#6880 = ( GEOMETRIC_REPRESENTATION_CONTEXT(2) 
PARAMETRIC_REPRESENTATION_CONTEXT() REPRESENTATION_CONTEXT('2D SPACE',''
  ) );
#6881 = ORIENTED_EDGE('',*,*,#6833,.T.);
#6882 = ORIENTED_EDGE('',*,*,#3879,.F.);
#6883 = ADVANCED_FACE('',(#6884),#3950,.F.);
#6884 = FACE_BOUND('',#6885,.T.);
#6885 = EDGE_LOOP('',(#6886,#6909,#6935,#6936));
#6886 = ORIENTED_EDGE('',*,*,#6887,.F.);
#6887 = EDGE_CURVE('',#6888,#3912,#6890,.T.);
#6888 = VERTEX_POINT('',#6889);
#6889 = CARTESIAN_POINT('',(3.145,4.E-02,0.));
#6890 = SEAM_CURVE('',#6891,(#6895,#6902),.PCURVE_S1.);
#6891 = LINE('',#6892,#6893);
#6892 = CARTESIAN_POINT('',(3.145,4.E-02,0.));
#6893 = VECTOR('',#6894,1.);
#6894 = DIRECTION('',(0.,0.,1.));
#6895 = PCURVE('',#3950,#6896);
#6896 = DEFINITIONAL_REPRESENTATION('',(#6897),#6901);
#6897 = LINE('',#6898,#6899);
#6898 = CARTESIAN_POINT('',(-6.28318530718,0.));
#6899 = VECTOR('',#6900,1.);
#6900 = DIRECTION('',(-0.,-1.));
#6901 = ( GEOMETRIC_REPRESENTATION_CONTEXT(2) 
PARAMETRIC_REPRESENTATION_CONTEXT() REPRESENTATION_CONTEXT('2D SPACE',''
  ) );
#6902 = PCURVE('',#3950,#6903);
#6903 = DEFINITIONAL_REPRESENTATION('',(#6904),#6908);
#6904 = LINE('',#6905,#6906);
#6905 = CARTESIAN_POINT('',(-0.,0.));
#6906 = VECTOR('',#6907,1.);
#6907 = DIRECTION('',(-0.,-1.));
#6908 = ( GEOMETRIC_REPRESENTATION_CONTEXT(2) 
PARAMETRIC_REPRESENTATION_CONTEXT() REPRESENTATION_CONTEXT('2D SPACE',''
  ) );
#6909 = ORIENTED_EDGE('',*,*,#6910,.F.);
#6910 = EDGE_CURVE('',#6888,#6888,#6911,.T.);
#6911 = SURFACE_CURVE('',#6912,(#6917,#6924),.PCURVE_S1.);
#6912 = CIRCLE('',#6913,1.625);
#6913 = AXIS2_PLACEMENT_3D('',#6914,#6915,#6916);
#6914 = CARTESIAN_POINT('',(1.52,4.E-02,0.));
#6915 = DIRECTION('',(0.,0.,1.));
#6916 = DIRECTION('',(1.,0.,0.));
#6917 = PCURVE('',#3950,#6918);
#6918 = DEFINITIONAL_REPRESENTATION('',(#6919),#6923);
#6919 = LINE('',#6920,#6921);
#6920 = CARTESIAN_POINT('',(-0.,0.));
#6921 = VECTOR('',#6922,1.);
#6922 = DIRECTION('',(-1.,0.));
#6923 = ( GEOMETRIC_REPRESENTATION_CONTEXT(2) 
PARAMETRIC_REPRESENTATION_CONTEXT() REPRESENTATION_CONTEXT('2D SPACE',''
  ) );
#6924 = PCURVE('',#4507,#6925);
#6925 = DEFINITIONAL_REPRESENTATION('',(#6926),#6934);
#6926 = ( BOUNDED_CURVE() B_SPLINE_CURVE(2,(#6927,#6928,#6929,#6930,
#6931,#6932,#6933),.UNSPECIFIED.,.T.,.F.) B_SPLINE_CURVE_WITH_KNOTS((1,2
    ,2,2,2,1),(-2.094395102393,0.,2.094395102393,4.188790204786,
6.28318530718,8.377580409573),.UNSPECIFIED.) CURVE() 
GEOMETRIC_REPRESENTATION_ITEM() RATIONAL_B_SPLINE_CURVE((1.,0.5,1.,0.5,
1.,0.5,1.)) REPRESENTATION_ITEM('') );
#6927 = CARTESIAN_POINT('',(-4.499516715513,0.131247384519));
#6928 = CARTESIAN_POINT('',(-4.499516715513,2.945829946819));
#6929 = CARTESIAN_POINT('',(-2.062016715513,1.538538665669));
#6930 = CARTESIAN_POINT('',(0.375483284487,0.131247384519));
#6931 = CARTESIAN_POINT('',(-2.062016715513,-1.27604389663));
#6932 = CARTESIAN_POINT('',(-4.499516715513,-2.68333517778));
#6933 = CARTESIAN_POINT('',(-4.499516715513,0.131247384519));
#6934 = ( GEOMETRIC_REPRESENTATION_CONTEXT(2) 
PARAMETRIC_REPRESENTATION_CONTEXT() REPRESENTATION_CONTEXT('2D SPACE',''
  ) );
#6935 = ORIENTED_EDGE('',*,*,#6887,.T.);
#6936 = ORIENTED_EDGE('',*,*,#3935,.F.);
#6937 = ADVANCED_FACE('',(#6938),#4006,.F.);
#6938 = FACE_BOUND('',#6939,.T.);
#6939 = EDGE_LOOP('',(#6940,#6963,#6989,#6990));
#6940 = ORIENTED_EDGE('',*,*,#6941,.F.);
#6941 = EDGE_CURVE('',#6942,#3968,#6944,.T.);
#6942 = VERTEX_POINT('',#6943);
#6943 = CARTESIAN_POINT('',(-26.555,4.E-02,0.));
#6944 = SEAM_CURVE('',#6945,(#6949,#6956),.PCURVE_S1.);
#6945 = LINE('',#6946,#6947);
#6946 = CARTESIAN_POINT('',(-26.555,4.E-02,0.));
#6947 = VECTOR('',#6948,1.);
#6948 = DIRECTION('',(0.,0.,1.));
#6949 = PCURVE('',#4006,#6950);
#6950 = DEFINITIONAL_REPRESENTATION('',(#6951),#6955);
#6951 = LINE('',#6952,#6953);
#6952 = CARTESIAN_POINT('',(-6.28318530718,0.));
#6953 = VECTOR('',#6954,1.);
#6954 = DIRECTION('',(-0.,-1.));
#6955 = ( GEOMETRIC_REPRESENTATION_CONTEXT(2) 
PARAMETRIC_REPRESENTATION_CONTEXT() REPRESENTATION_CONTEXT('2D SPACE',''
  ) );
#6956 = PCURVE('',#4006,#6957);
#6957 = DEFINITIONAL_REPRESENTATION('',(#6958),#6962);
#6958 = LINE('',#6959,#6960);
#6959 = CARTESIAN_POINT('',(-0.,0.));
#6960 = VECTOR('',#6961,1.);
#6961 = DIRECTION('',(-0.,-1.));
#6962 = ( GEOMETRIC_REPRESENTATION_CONTEXT(2) 
PARAMETRIC_REPRESENTATION_CONTEXT() REPRESENTATION_CONTEXT('2D SPACE',''
  ) );
#6963 = ORIENTED_EDGE('',*,*,#6964,.F.);
#6964 = EDGE_CURVE('',#6942,#6942,#6965,.T.);
#6965 = SURFACE_CURVE('',#6966,(#6971,#6978),.PCURVE_S1.);
#6966 = CIRCLE('',#6967,1.625);
#6967 = AXIS2_PLACEMENT_3D('',#6968,#6969,#6970);
#6968 = CARTESIAN_POINT('',(-28.18,4.E-02,0.));
#6969 = DIRECTION('',(0.,0.,1.));
#6970 = DIRECTION('',(1.,0.,0.));
#6971 = PCURVE('',#4006,#6972);
#6972 = DEFINITIONAL_REPRESENTATION('',(#6973),#6977);
#6973 = LINE('',#6974,#6975);
#6974 = CARTESIAN_POINT('',(-0.,0.));
#6975 = VECTOR('',#6976,1.);
#6976 = DIRECTION('',(-1.,0.));
#6977 = ( GEOMETRIC_REPRESENTATION_CONTEXT(2) 
PARAMETRIC_REPRESENTATION_CONTEXT() REPRESENTATION_CONTEXT('2D SPACE',''
  ) );
#6978 = PCURVE('',#4507,#6979);
#6979 = DEFINITIONAL_REPRESENTATION('',(#6980),#6988);
#6980 = ( BOUNDED_CURVE() B_SPLINE_CURVE(2,(#6981,#6982,#6983,#6984,
#6985,#6986,#6987),.UNSPECIFIED.,.T.,.F.) B_SPLINE_CURVE_WITH_KNOTS((1,2
    ,2,2,2,1),(-2.094395102393,0.,2.094395102393,4.188790204786,
6.28318530718,8.377580409573),.UNSPECIFIED.) CURVE() 
GEOMETRIC_REPRESENTATION_ITEM() RATIONAL_B_SPLINE_CURVE((1.,0.5,1.,0.5,
1.,0.5,1.)) REPRESENTATION_ITEM('') );
#6981 = CARTESIAN_POINT('',(25.200483284487,0.131247384519));
#6982 = CARTESIAN_POINT('',(25.200483284487,2.945829946819));
#6983 = CARTESIAN_POINT('',(27.637983284487,1.538538665669));
#6984 = CARTESIAN_POINT('',(30.075483284487,0.131247384519));
#6985 = CARTESIAN_POINT('',(27.637983284487,-1.27604389663));
#6986 = CARTESIAN_POINT('',(25.200483284487,-2.68333517778));
#6987 = CARTESIAN_POINT('',(25.200483284487,0.131247384519));
#6988 = ( GEOMETRIC_REPRESENTATION_CONTEXT(2) 
PARAMETRIC_REPRESENTATION_CONTEXT() REPRESENTATION_CONTEXT('2D SPACE',''
  ) );
#6989 = ORIENTED_EDGE('',*,*,#6941,.T.);
#6990 = ORIENTED_EDGE('',*,*,#3991,.F.);
#6991 = ADVANCED_FACE('',(#6992),#4087,.F.);
#6992 = FACE_BOUND('',#6993,.T.);
#6993 = EDGE_LOOP('',(#6994,#7017,#7041,#7062));
#6994 = ORIENTED_EDGE('',*,*,#6995,.F.);
#6995 = EDGE_CURVE('',#6996,#4024,#6998,.T.);
#6996 = VERTEX_POINT('',#6997);
#6997 = CARTESIAN_POINT('',(20.57,-3.06,0.));
#6998 = SURFACE_CURVE('',#6999,(#7003,#7010),.PCURVE_S1.);
#6999 = LINE('',#7000,#7001);
#7000 = CARTESIAN_POINT('',(20.57,-3.06,0.));
#7001 = VECTOR('',#7002,1.);
#7002 = DIRECTION('',(0.,0.,1.));
#7003 = PCURVE('',#4087,#7004);
#7004 = DEFINITIONAL_REPRESENTATION('',(#7005),#7009);
#7005 = LINE('',#7006,#7007);
#7006 = CARTESIAN_POINT('',(-0.,0.));
#7007 = VECTOR('',#7008,1.);
#7008 = DIRECTION('',(-0.,1.));
#7009 = ( GEOMETRIC_REPRESENTATION_CONTEXT(2) 
PARAMETRIC_REPRESENTATION_CONTEXT() REPRESENTATION_CONTEXT('2D SPACE',''
  ) );
#7010 = PCURVE('',#4140,#7011);
#7011 = DEFINITIONAL_REPRESENTATION('',(#7012),#7016);
#7012 = LINE('',#7013,#7014);
#7013 = CARTESIAN_POINT('',(12.4,0.));
#7014 = VECTOR('',#7015,1.);
#7015 = DIRECTION('',(0.,-1.));
#7016 = ( GEOMETRIC_REPRESENTATION_CONTEXT(2) 
PARAMETRIC_REPRESENTATION_CONTEXT() REPRESENTATION_CONTEXT('2D SPACE',''
  ) );
#7017 = ORIENTED_EDGE('',*,*,#7018,.T.);
#7018 = EDGE_CURVE('',#6996,#7019,#7021,.T.);
#7019 = VERTEX_POINT('',#7020);
#7020 = CARTESIAN_POINT('',(19.77,-2.26,0.));
#7021 = SURFACE_CURVE('',#7022,(#7027,#7034),.PCURVE_S1.);
#7022 = CIRCLE('',#7023,0.8);
#7023 = AXIS2_PLACEMENT_3D('',#7024,#7025,#7026);
#7024 = CARTESIAN_POINT('',(20.57,-2.26,0.));
#7025 = DIRECTION('',(-0.,-0.,-1.));
#7026 = DIRECTION('',(0.,-1.,0.));
#7027 = PCURVE('',#4087,#7028);
#7028 = DEFINITIONAL_REPRESENTATION('',(#7029),#7033);
#7029 = LINE('',#7030,#7031);
#7030 = CARTESIAN_POINT('',(-0.,0.));
#7031 = VECTOR('',#7032,1.);
#7032 = DIRECTION('',(-1.,0.));
#7033 = ( GEOMETRIC_REPRESENTATION_CONTEXT(2) 
PARAMETRIC_REPRESENTATION_CONTEXT() REPRESENTATION_CONTEXT('2D SPACE',''
  ) );
#7034 = PCURVE('',#4507,#7035);
#7035 = DEFINITIONAL_REPRESENTATION('',(#7036),#7040);
#7036 = CIRCLE('',#7037,0.8);
#7037 = AXIS2_PLACEMENT_2D('',#7038,#7039);
#7038 = CARTESIAN_POINT('',(-21.92451671551,-2.168752615481));
#7039 = DIRECTION('',(0.,-1.));
#7040 = ( GEOMETRIC_REPRESENTATION_CONTEXT(2) 
PARAMETRIC_REPRESENTATION_CONTEXT() REPRESENTATION_CONTEXT('2D SPACE',''
  ) );
#7041 = ORIENTED_EDGE('',*,*,#7042,.T.);
#7042 = EDGE_CURVE('',#7019,#4049,#7043,.T.);
#7043 = SURFACE_CURVE('',#7044,(#7048,#7055),.PCURVE_S1.);
#7044 = LINE('',#7045,#7046);
#7045 = CARTESIAN_POINT('',(19.77,-2.26,0.));
#7046 = VECTOR('',#7047,1.);
#7047 = DIRECTION('',(0.,0.,1.));
#7048 = PCURVE('',#4087,#7049);
#7049 = DEFINITIONAL_REPRESENTATION('',(#7050),#7054);
#7050 = LINE('',#7051,#7052);
#7051 = CARTESIAN_POINT('',(-1.570796326795,0.));
#7052 = VECTOR('',#7053,1.);
#7053 = DIRECTION('',(-0.,1.));
#7054 = ( GEOMETRIC_REPRESENTATION_CONTEXT(2) 
PARAMETRIC_REPRESENTATION_CONTEXT() REPRESENTATION_CONTEXT('2D SPACE',''
  ) );
#7055 = PCURVE('',#4174,#7056);
#7056 = DEFINITIONAL_REPRESENTATION('',(#7057),#7061);
#7057 = LINE('',#7058,#7059);
#7058 = CARTESIAN_POINT('',(0.8,0.));
#7059 = VECTOR('',#7060,1.);
#7060 = DIRECTION('',(0.,-1.));
#7061 = ( GEOMETRIC_REPRESENTATION_CONTEXT(2) 
PARAMETRIC_REPRESENTATION_CONTEXT() REPRESENTATION_CONTEXT('2D SPACE',''
  ) );
#7062 = ORIENTED_EDGE('',*,*,#4072,.F.);
#7063 = ADVANCED_FACE('',(#7064),#4140,.F.);
#7064 = FACE_BOUND('',#7065,.F.);
#7065 = EDGE_LOOP('',(#7066,#7089,#7090,#7091));
#7066 = ORIENTED_EDGE('',*,*,#7067,.T.);
#7067 = EDGE_CURVE('',#7068,#4103,#7070,.T.);
#7068 = VERTEX_POINT('',#7069);
#7069 = CARTESIAN_POINT('',(32.17,-3.06,0.));
#7070 = SURFACE_CURVE('',#7071,(#7075,#7082),.PCURVE_S1.);
#7071 = LINE('',#7072,#7073);
#7072 = CARTESIAN_POINT('',(32.17,-3.06,0.));
#7073 = VECTOR('',#7074,1.);
#7074 = DIRECTION('',(0.,0.,1.));
#7075 = PCURVE('',#4140,#7076);
#7076 = DEFINITIONAL_REPRESENTATION('',(#7077),#7081);
#7077 = LINE('',#7078,#7079);
#7078 = CARTESIAN_POINT('',(0.8,0.));
#7079 = VECTOR('',#7080,1.);
#7080 = DIRECTION('',(0.,-1.));
#7081 = ( GEOMETRIC_REPRESENTATION_CONTEXT(2) 
PARAMETRIC_REPRESENTATION_CONTEXT() REPRESENTATION_CONTEXT('2D SPACE',''
  ) );
#7082 = PCURVE('',#4253,#7083);
#7083 = DEFINITIONAL_REPRESENTATION('',(#7084),#7088);
#7084 = LINE('',#7085,#7086);
#7085 = CARTESIAN_POINT('',(-1.570796326795,0.));
#7086 = VECTOR('',#7087,1.);
#7087 = DIRECTION('',(-0.,1.));
#7088 = ( GEOMETRIC_REPRESENTATION_CONTEXT(2) 
PARAMETRIC_REPRESENTATION_CONTEXT() REPRESENTATION_CONTEXT('2D SPACE',''
  ) );
#7089 = ORIENTED_EDGE('',*,*,#4126,.T.);
#7090 = ORIENTED_EDGE('',*,*,#6995,.F.);
#7091 = ORIENTED_EDGE('',*,*,#7092,.F.);
#7092 = EDGE_CURVE('',#7068,#6996,#7093,.T.);
#7093 = SURFACE_CURVE('',#7094,(#7098,#7105),.PCURVE_S1.);
#7094 = LINE('',#7095,#7096);
#7095 = CARTESIAN_POINT('',(32.97,-3.06,0.));
#7096 = VECTOR('',#7097,1.);
#7097 = DIRECTION('',(-1.,0.,0.));
#7098 = PCURVE('',#4140,#7099);
#7099 = DEFINITIONAL_REPRESENTATION('',(#7100),#7104);
#7100 = LINE('',#7101,#7102);
#7101 = CARTESIAN_POINT('',(0.,-0.));
#7102 = VECTOR('',#7103,1.);
#7103 = DIRECTION('',(1.,0.));
#7104 = ( GEOMETRIC_REPRESENTATION_CONTEXT(2) 
PARAMETRIC_REPRESENTATION_CONTEXT() REPRESENTATION_CONTEXT('2D SPACE',''
  ) );
#7105 = PCURVE('',#4507,#7106);
#7106 = DEFINITIONAL_REPRESENTATION('',(#7107),#7111);
#7107 = LINE('',#7108,#7109);
#7108 = CARTESIAN_POINT('',(-34.32451671551,-2.968752615481));
#7109 = VECTOR('',#7110,1.);
#7110 = DIRECTION('',(1.,0.));
#7111 = ( GEOMETRIC_REPRESENTATION_CONTEXT(2) 
PARAMETRIC_REPRESENTATION_CONTEXT() REPRESENTATION_CONTEXT('2D SPACE',''
  ) );
#7112 = ADVANCED_FACE('',(#7113),#4174,.F.);
#7113 = FACE_BOUND('',#7114,.F.);
#7114 = EDGE_LOOP('',(#7115,#7116,#7117,#7140));
#7115 = ORIENTED_EDGE('',*,*,#7042,.T.);
#7116 = ORIENTED_EDGE('',*,*,#4158,.T.);
#7117 = ORIENTED_EDGE('',*,*,#7118,.F.);
#7118 = EDGE_CURVE('',#7119,#4159,#7121,.T.);
#7119 = VERTEX_POINT('',#7120);
#7120 = CARTESIAN_POINT('',(19.77,2.34,0.));
#7121 = SURFACE_CURVE('',#7122,(#7126,#7133),.PCURVE_S1.);
#7122 = LINE('',#7123,#7124);
#7123 = CARTESIAN_POINT('',(19.77,2.34,0.));
#7124 = VECTOR('',#7125,1.);
#7125 = DIRECTION('',(0.,0.,1.));
#7126 = PCURVE('',#4174,#7127);
#7127 = DEFINITIONAL_REPRESENTATION('',(#7128),#7132);
#7128 = LINE('',#7129,#7130);
#7129 = CARTESIAN_POINT('',(5.4,0.));
#7130 = VECTOR('',#7131,1.);
#7131 = DIRECTION('',(0.,-1.));
#7132 = ( GEOMETRIC_REPRESENTATION_CONTEXT(2) 
PARAMETRIC_REPRESENTATION_CONTEXT() REPRESENTATION_CONTEXT('2D SPACE',''
  ) );
#7133 = PCURVE('',#4309,#7134);
#7134 = DEFINITIONAL_REPRESENTATION('',(#7135),#7139);
#7135 = LINE('',#7136,#7137);
#7136 = CARTESIAN_POINT('',(1.570796326795,0.));
#7137 = VECTOR('',#7138,1.);
#7138 = DIRECTION('',(0.,1.));
#7139 = ( GEOMETRIC_REPRESENTATION_CONTEXT(2) 
PARAMETRIC_REPRESENTATION_CONTEXT() REPRESENTATION_CONTEXT('2D SPACE',''
  ) );
#7140 = ORIENTED_EDGE('',*,*,#7141,.F.);
#7141 = EDGE_CURVE('',#7019,#7119,#7142,.T.);
#7142 = SURFACE_CURVE('',#7143,(#7147,#7154),.PCURVE_S1.);
#7143 = LINE('',#7144,#7145);
#7144 = CARTESIAN_POINT('',(19.77,-3.06,0.));
#7145 = VECTOR('',#7146,1.);
#7146 = DIRECTION('',(0.,1.,0.));
#7147 = PCURVE('',#4174,#7148);
#7148 = DEFINITIONAL_REPRESENTATION('',(#7149),#7153);
#7149 = LINE('',#7150,#7151);
#7150 = CARTESIAN_POINT('',(0.,0.));
#7151 = VECTOR('',#7152,1.);
#7152 = DIRECTION('',(1.,0.));
#7153 = ( GEOMETRIC_REPRESENTATION_CONTEXT(2) 
PARAMETRIC_REPRESENTATION_CONTEXT() REPRESENTATION_CONTEXT('2D SPACE',''
  ) );
#7154 = PCURVE('',#4507,#7155);
#7155 = DEFINITIONAL_REPRESENTATION('',(#7156),#7160);
#7156 = LINE('',#7157,#7158);
#7157 = CARTESIAN_POINT('',(-21.12451671551,-2.968752615481));
#7158 = VECTOR('',#7159,1.);
#7159 = DIRECTION('',(0.,1.));
#7160 = ( GEOMETRIC_REPRESENTATION_CONTEXT(2) 
PARAMETRIC_REPRESENTATION_CONTEXT() REPRESENTATION_CONTEXT('2D SPACE',''
  ) );
#7161 = ADVANCED_FACE('',(#7162),#4253,.F.);
#7162 = FACE_BOUND('',#7163,.T.);
#7163 = EDGE_LOOP('',(#7164,#7187,#7209,#7210));
#7164 = ORIENTED_EDGE('',*,*,#7165,.F.);
#7165 = EDGE_CURVE('',#7166,#4213,#7168,.T.);
#7166 = VERTEX_POINT('',#7167);
#7167 = CARTESIAN_POINT('',(32.97,-2.26,0.));
#7168 = SURFACE_CURVE('',#7169,(#7173,#7180),.PCURVE_S1.);
#7169 = LINE('',#7170,#7171);
#7170 = CARTESIAN_POINT('',(32.97,-2.26,0.));
#7171 = VECTOR('',#7172,1.);
#7172 = DIRECTION('',(0.,0.,1.));
#7173 = PCURVE('',#4253,#7174);
#7174 = DEFINITIONAL_REPRESENTATION('',(#7175),#7179);
#7175 = LINE('',#7176,#7177);
#7176 = CARTESIAN_POINT('',(-0.,0.));
#7177 = VECTOR('',#7178,1.);
#7178 = DIRECTION('',(-0.,1.));
#7179 = ( GEOMETRIC_REPRESENTATION_CONTEXT(2) 
PARAMETRIC_REPRESENTATION_CONTEXT() REPRESENTATION_CONTEXT('2D SPACE',''
  ) );
#7180 = PCURVE('',#4362,#7181);
#7181 = DEFINITIONAL_REPRESENTATION('',(#7182),#7186);
#7182 = LINE('',#7183,#7184);
#7183 = CARTESIAN_POINT('',(5.4,0.));
#7184 = VECTOR('',#7185,1.);
#7185 = DIRECTION('',(0.,-1.));
#7186 = ( GEOMETRIC_REPRESENTATION_CONTEXT(2) 
PARAMETRIC_REPRESENTATION_CONTEXT() REPRESENTATION_CONTEXT('2D SPACE',''
  ) );
#7187 = ORIENTED_EDGE('',*,*,#7188,.T.);
#7188 = EDGE_CURVE('',#7166,#7068,#7189,.T.);
#7189 = SURFACE_CURVE('',#7190,(#7195,#7202),.PCURVE_S1.);
#7190 = CIRCLE('',#7191,0.8);
#7191 = AXIS2_PLACEMENT_3D('',#7192,#7193,#7194);
#7192 = CARTESIAN_POINT('',(32.17,-2.26,0.));
#7193 = DIRECTION('',(-0.,-0.,-1.));
#7194 = DIRECTION('',(0.,-1.,0.));
#7195 = PCURVE('',#4253,#7196);
#7196 = DEFINITIONAL_REPRESENTATION('',(#7197),#7201);
#7197 = LINE('',#7198,#7199);
#7198 = CARTESIAN_POINT('',(4.712388980385,-0.));
#7199 = VECTOR('',#7200,1.);
#7200 = DIRECTION('',(-1.,0.));
#7201 = ( GEOMETRIC_REPRESENTATION_CONTEXT(2) 
PARAMETRIC_REPRESENTATION_CONTEXT() REPRESENTATION_CONTEXT('2D SPACE',''
  ) );
#7202 = PCURVE('',#4507,#7203);
#7203 = DEFINITIONAL_REPRESENTATION('',(#7204),#7208);
#7204 = CIRCLE('',#7205,0.8);
#7205 = AXIS2_PLACEMENT_2D('',#7206,#7207);
#7206 = CARTESIAN_POINT('',(-33.52451671551,-2.168752615481));
#7207 = DIRECTION('',(0.,-1.));
#7208 = ( GEOMETRIC_REPRESENTATION_CONTEXT(2) 
PARAMETRIC_REPRESENTATION_CONTEXT() REPRESENTATION_CONTEXT('2D SPACE',''
  ) );
#7209 = ORIENTED_EDGE('',*,*,#7067,.T.);
#7210 = ORIENTED_EDGE('',*,*,#4238,.F.);
#7211 = ADVANCED_FACE('',(#7212),#4309,.F.);
#7212 = FACE_BOUND('',#7213,.F.);
#7213 = EDGE_LOOP('',(#7214,#7237,#7263,#7264));
#7214 = ORIENTED_EDGE('',*,*,#7215,.F.);
#7215 = EDGE_CURVE('',#7216,#4271,#7218,.T.);
#7216 = VERTEX_POINT('',#7217);
#7217 = CARTESIAN_POINT('',(20.57,3.14,0.));
#7218 = SURFACE_CURVE('',#7219,(#7223,#7230),.PCURVE_S1.);
#7219 = LINE('',#7220,#7221);
#7220 = CARTESIAN_POINT('',(20.57,3.14,0.));
#7221 = VECTOR('',#7222,1.);
#7222 = DIRECTION('',(0.,0.,1.));
#7223 = PCURVE('',#4309,#7224);
#7224 = DEFINITIONAL_REPRESENTATION('',(#7225),#7229);
#7225 = LINE('',#7226,#7227);
#7226 = CARTESIAN_POINT('',(0.,0.));
#7227 = VECTOR('',#7228,1.);
#7228 = DIRECTION('',(0.,1.));
#7229 = ( GEOMETRIC_REPRESENTATION_CONTEXT(2) 
PARAMETRIC_REPRESENTATION_CONTEXT() REPRESENTATION_CONTEXT('2D SPACE',''
  ) );
#7230 = PCURVE('',#4396,#7231);
#7231 = DEFINITIONAL_REPRESENTATION('',(#7232),#7236);
#7232 = LINE('',#7233,#7234);
#7233 = CARTESIAN_POINT('',(0.8,0.));
#7234 = VECTOR('',#7235,1.);
#7235 = DIRECTION('',(0.,-1.));
#7236 = ( GEOMETRIC_REPRESENTATION_CONTEXT(2) 
PARAMETRIC_REPRESENTATION_CONTEXT() REPRESENTATION_CONTEXT('2D SPACE',''
  ) );
#7237 = ORIENTED_EDGE('',*,*,#7238,.T.);
#7238 = EDGE_CURVE('',#7216,#7119,#7239,.T.);
#7239 = SURFACE_CURVE('',#7240,(#7245,#7252),.PCURVE_S1.);
#7240 = CIRCLE('',#7241,0.8);
#7241 = AXIS2_PLACEMENT_3D('',#7242,#7243,#7244);
#7242 = CARTESIAN_POINT('',(20.57,2.34,0.));
#7243 = DIRECTION('',(-0.,0.,1.));
#7244 = DIRECTION('',(0.,-1.,0.));
#7245 = PCURVE('',#4309,#7246);
#7246 = DEFINITIONAL_REPRESENTATION('',(#7247),#7251);
#7247 = LINE('',#7248,#7249);
#7248 = CARTESIAN_POINT('',(-3.14159265359,0.));
#7249 = VECTOR('',#7250,1.);
#7250 = DIRECTION('',(1.,0.));
#7251 = ( GEOMETRIC_REPRESENTATION_CONTEXT(2) 
PARAMETRIC_REPRESENTATION_CONTEXT() REPRESENTATION_CONTEXT('2D SPACE',''
  ) );
#7252 = PCURVE('',#4507,#7253);
#7253 = DEFINITIONAL_REPRESENTATION('',(#7254),#7262);
#7254 = ( BOUNDED_CURVE() B_SPLINE_CURVE(2,(#7255,#7256,#7257,#7258,
#7259,#7260,#7261),.UNSPECIFIED.,.T.,.F.) B_SPLINE_CURVE_WITH_KNOTS((1,2
    ,2,2,2,1),(-2.094395102393,0.,2.094395102393,4.188790204786,
6.28318530718,8.377580409573),.UNSPECIFIED.) CURVE() 
GEOMETRIC_REPRESENTATION_ITEM() RATIONAL_B_SPLINE_CURVE((1.,0.5,1.,0.5,
1.,0.5,1.)) REPRESENTATION_ITEM('') );
#7255 = CARTESIAN_POINT('',(-21.92451671551,1.631247384519));
#7256 = CARTESIAN_POINT('',(-23.31015736156,1.631247384519));
#7257 = CARTESIAN_POINT('',(-22.61733703854,2.831247384519));
#7258 = CARTESIAN_POINT('',(-21.92451671551,4.031247384519));
#7259 = CARTESIAN_POINT('',(-21.23169639248,2.831247384519));
#7260 = CARTESIAN_POINT('',(-20.53887606945,1.631247384519));
#7261 = CARTESIAN_POINT('',(-21.92451671551,1.631247384519));
#7262 = ( GEOMETRIC_REPRESENTATION_CONTEXT(2) 
PARAMETRIC_REPRESENTATION_CONTEXT() REPRESENTATION_CONTEXT('2D SPACE',''
  ) );
#7263 = ORIENTED_EDGE('',*,*,#7118,.T.);
#7264 = ORIENTED_EDGE('',*,*,#4294,.T.);
#7265 = ADVANCED_FACE('',(#7266),#4362,.F.);
#7266 = FACE_BOUND('',#7267,.F.);
#7267 = EDGE_LOOP('',(#7268,#7291,#7292,#7293));
#7268 = ORIENTED_EDGE('',*,*,#7269,.T.);
#7269 = EDGE_CURVE('',#7270,#4325,#7272,.T.);
#7270 = VERTEX_POINT('',#7271);
#7271 = CARTESIAN_POINT('',(32.97,2.34,0.));
#7272 = SURFACE_CURVE('',#7273,(#7277,#7284),.PCURVE_S1.);
#7273 = LINE('',#7274,#7275);
#7274 = CARTESIAN_POINT('',(32.97,2.34,0.));
#7275 = VECTOR('',#7276,1.);
#7276 = DIRECTION('',(0.,0.,1.));
#7277 = PCURVE('',#4362,#7278);
#7278 = DEFINITIONAL_REPRESENTATION('',(#7279),#7283);
#7279 = LINE('',#7280,#7281);
#7280 = CARTESIAN_POINT('',(0.8,0.));
#7281 = VECTOR('',#7282,1.);
#7282 = DIRECTION('',(0.,-1.));
#7283 = ( GEOMETRIC_REPRESENTATION_CONTEXT(2) 
PARAMETRIC_REPRESENTATION_CONTEXT() REPRESENTATION_CONTEXT('2D SPACE',''
  ) );
#7284 = PCURVE('',#4452,#7285);
#7285 = DEFINITIONAL_REPRESENTATION('',(#7286),#7290);
#7286 = LINE('',#7287,#7288);
#7287 = CARTESIAN_POINT('',(-1.570796326795,0.));
#7288 = VECTOR('',#7289,1.);
#7289 = DIRECTION('',(-0.,1.));
#7290 = ( GEOMETRIC_REPRESENTATION_CONTEXT(2) 
PARAMETRIC_REPRESENTATION_CONTEXT() REPRESENTATION_CONTEXT('2D SPACE',''
  ) );
#7291 = ORIENTED_EDGE('',*,*,#4348,.T.);
#7292 = ORIENTED_EDGE('',*,*,#7165,.F.);
#7293 = ORIENTED_EDGE('',*,*,#7294,.F.);
#7294 = EDGE_CURVE('',#7270,#7166,#7295,.T.);
#7295 = SURFACE_CURVE('',#7296,(#7300,#7307),.PCURVE_S1.);
#7296 = LINE('',#7297,#7298);
#7297 = CARTESIAN_POINT('',(32.97,3.14,0.));
#7298 = VECTOR('',#7299,1.);
#7299 = DIRECTION('',(0.,-1.,0.));
#7300 = PCURVE('',#4362,#7301);
#7301 = DEFINITIONAL_REPRESENTATION('',(#7302),#7306);
#7302 = LINE('',#7303,#7304);
#7303 = CARTESIAN_POINT('',(0.,0.));
#7304 = VECTOR('',#7305,1.);
#7305 = DIRECTION('',(1.,0.));
#7306 = ( GEOMETRIC_REPRESENTATION_CONTEXT(2) 
PARAMETRIC_REPRESENTATION_CONTEXT() REPRESENTATION_CONTEXT('2D SPACE',''
  ) );
#7307 = PCURVE('',#4507,#7308);
#7308 = DEFINITIONAL_REPRESENTATION('',(#7309),#7313);
#7309 = LINE('',#7310,#7311);
#7310 = CARTESIAN_POINT('',(-34.32451671551,3.231247384519));
#7311 = VECTOR('',#7312,1.);
#7312 = DIRECTION('',(0.,-1.));
#7313 = ( GEOMETRIC_REPRESENTATION_CONTEXT(2) 
PARAMETRIC_REPRESENTATION_CONTEXT() REPRESENTATION_CONTEXT('2D SPACE',''
  ) );
#7314 = ADVANCED_FACE('',(#7315),#4396,.F.);
#7315 = FACE_BOUND('',#7316,.F.);
#7316 = EDGE_LOOP('',(#7317,#7318,#7319,#7342));
#7317 = ORIENTED_EDGE('',*,*,#7215,.T.);
#7318 = ORIENTED_EDGE('',*,*,#4380,.T.);
#7319 = ORIENTED_EDGE('',*,*,#7320,.F.);
#7320 = EDGE_CURVE('',#7321,#4381,#7323,.T.);
#7321 = VERTEX_POINT('',#7322);
#7322 = CARTESIAN_POINT('',(32.17,3.14,0.));
#7323 = SURFACE_CURVE('',#7324,(#7328,#7335),.PCURVE_S1.);
#7324 = LINE('',#7325,#7326);
#7325 = CARTESIAN_POINT('',(32.17,3.14,0.));
#7326 = VECTOR('',#7327,1.);
#7327 = DIRECTION('',(0.,0.,1.));
#7328 = PCURVE('',#4396,#7329);
#7329 = DEFINITIONAL_REPRESENTATION('',(#7330),#7334);
#7330 = LINE('',#7331,#7332);
#7331 = CARTESIAN_POINT('',(12.4,0.));
#7332 = VECTOR('',#7333,1.);
#7333 = DIRECTION('',(0.,-1.));
#7334 = ( GEOMETRIC_REPRESENTATION_CONTEXT(2) 
PARAMETRIC_REPRESENTATION_CONTEXT() REPRESENTATION_CONTEXT('2D SPACE',''
  ) );
#7335 = PCURVE('',#4452,#7336);
#7336 = DEFINITIONAL_REPRESENTATION('',(#7337),#7341);
#7337 = LINE('',#7338,#7339);
#7338 = CARTESIAN_POINT('',(-0.,0.));
#7339 = VECTOR('',#7340,1.);
#7340 = DIRECTION('',(-0.,1.));
#7341 = ( GEOMETRIC_REPRESENTATION_CONTEXT(2) 
PARAMETRIC_REPRESENTATION_CONTEXT() REPRESENTATION_CONTEXT('2D SPACE',''
  ) );
#7342 = ORIENTED_EDGE('',*,*,#7343,.F.);
#7343 = EDGE_CURVE('',#7216,#7321,#7344,.T.);
#7344 = SURFACE_CURVE('',#7345,(#7349,#7356),.PCURVE_S1.);
#7345 = LINE('',#7346,#7347);
#7346 = CARTESIAN_POINT('',(19.77,3.14,0.));
#7347 = VECTOR('',#7348,1.);
#7348 = DIRECTION('',(1.,0.,0.));
#7349 = PCURVE('',#4396,#7350);
#7350 = DEFINITIONAL_REPRESENTATION('',(#7351),#7355);
#7351 = LINE('',#7352,#7353);
#7352 = CARTESIAN_POINT('',(0.,0.));
#7353 = VECTOR('',#7354,1.);
#7354 = DIRECTION('',(1.,0.));
#7355 = ( GEOMETRIC_REPRESENTATION_CONTEXT(2) 
PARAMETRIC_REPRESENTATION_CONTEXT() REPRESENTATION_CONTEXT('2D SPACE',''
  ) );
#7356 = PCURVE('',#4507,#7357);
#7357 = DEFINITIONAL_REPRESENTATION('',(#7358),#7362);
#7358 = LINE('',#7359,#7360);
#7359 = CARTESIAN_POINT('',(-21.12451671551,3.231247384519));
#7360 = VECTOR('',#7361,1.);
#7361 = DIRECTION('',(-1.,0.));
#7362 = ( GEOMETRIC_REPRESENTATION_CONTEXT(2) 
PARAMETRIC_REPRESENTATION_CONTEXT() REPRESENTATION_CONTEXT('2D SPACE',''
  ) );
#7363 = ADVANCED_FACE('',(#7364),#4452,.F.);
#7364 = FACE_BOUND('',#7365,.T.);
#7365 = EDGE_LOOP('',(#7366,#7367,#7389,#7390));
#7366 = ORIENTED_EDGE('',*,*,#7320,.F.);
#7367 = ORIENTED_EDGE('',*,*,#7368,.T.);
#7368 = EDGE_CURVE('',#7321,#7270,#7369,.T.);
#7369 = SURFACE_CURVE('',#7370,(#7375,#7382),.PCURVE_S1.);
#7370 = CIRCLE('',#7371,0.8);
#7371 = AXIS2_PLACEMENT_3D('',#7372,#7373,#7374);
#7372 = CARTESIAN_POINT('',(32.17,2.34,0.));
#7373 = DIRECTION('',(-0.,-0.,-1.));
#7374 = DIRECTION('',(0.,-1.,0.));
#7375 = PCURVE('',#4452,#7376);
#7376 = DEFINITIONAL_REPRESENTATION('',(#7377),#7381);
#7377 = LINE('',#7378,#7379);
#7378 = CARTESIAN_POINT('',(3.14159265359,-0.));
#7379 = VECTOR('',#7380,1.);
#7380 = DIRECTION('',(-1.,0.));
#7381 = ( GEOMETRIC_REPRESENTATION_CONTEXT(2) 
PARAMETRIC_REPRESENTATION_CONTEXT() REPRESENTATION_CONTEXT('2D SPACE',''
  ) );
#7382 = PCURVE('',#4507,#7383);
#7383 = DEFINITIONAL_REPRESENTATION('',(#7384),#7388);
#7384 = CIRCLE('',#7385,0.8);
#7385 = AXIS2_PLACEMENT_2D('',#7386,#7387);
#7386 = CARTESIAN_POINT('',(-33.52451671551,2.431247384519));
#7387 = DIRECTION('',(0.,-1.));
#7388 = ( GEOMETRIC_REPRESENTATION_CONTEXT(2) 
PARAMETRIC_REPRESENTATION_CONTEXT() REPRESENTATION_CONTEXT('2D SPACE',''
  ) );
#7389 = ORIENTED_EDGE('',*,*,#7269,.T.);
#7390 = ORIENTED_EDGE('',*,*,#4437,.F.);
#7391 = ADVANCED_FACE('',(#7392,#7402,#7496,#7499,#7502,#7505,#7508),
  #4507,.T.);
#7392 = FACE_BOUND('',#7393,.T.);
#7393 = EDGE_LOOP('',(#7394,#7395,#7396,#7397,#7398,#7399,#7400,#7401));
#7394 = ORIENTED_EDGE('',*,*,#7343,.F.);
#7395 = ORIENTED_EDGE('',*,*,#7238,.T.);
#7396 = ORIENTED_EDGE('',*,*,#7141,.F.);
#7397 = ORIENTED_EDGE('',*,*,#7018,.F.);
#7398 = ORIENTED_EDGE('',*,*,#7092,.F.);
#7399 = ORIENTED_EDGE('',*,*,#7188,.F.);
#7400 = ORIENTED_EDGE('',*,*,#7294,.F.);
#7401 = ORIENTED_EDGE('',*,*,#7368,.F.);
#7402 = FACE_BOUND('',#7403,.T.);
#7403 = EDGE_LOOP('',(#7404,#7405,#7427,#7428,#7454,#7455,#7456,#7457,
    #7458,#7484,#7485,#7486,#7487,#7488,#7489,#7490,#7491,#7492,#7493,
    #7494,#7495));
#7404 = ORIENTED_EDGE('',*,*,#5134,.T.);
#7405 = ORIENTED_EDGE('',*,*,#7406,.T.);
#7406 = EDGE_CURVE('',#5137,#4967,#7407,.T.);
#7407 = SURFACE_CURVE('',#7408,(#7413,#7420),.PCURVE_S1.);
#7408 = CIRCLE('',#7409,5.E-02);
#7409 = AXIS2_PLACEMENT_3D('',#7410,#7411,#7412);
#7410 = CARTESIAN_POINT('',(52.593418747299,10.99,0.));
#7411 = DIRECTION('',(0.,0.,-1.));
#7412 = DIRECTION('',(0.,1.,0.));
#7413 = PCURVE('',#4507,#7414);
#7414 = DEFINITIONAL_REPRESENTATION('',(#7415),#7419);
#7415 = CIRCLE('',#7416,5.E-02);
#7416 = AXIS2_PLACEMENT_2D('',#7417,#7418);
#7417 = CARTESIAN_POINT('',(-53.94793546281,11.081247384519));
#7418 = DIRECTION('',(0.,1.));
#7419 = ( GEOMETRIC_REPRESENTATION_CONTEXT(2) 
PARAMETRIC_REPRESENTATION_CONTEXT() REPRESENTATION_CONTEXT('2D SPACE',''
  ) );
#7420 = PCURVE('',#5003,#7421);
#7421 = DEFINITIONAL_REPRESENTATION('',(#7422),#7426);
#7422 = LINE('',#7423,#7424);
#7423 = CARTESIAN_POINT('',(-5.407127256581,0.95));
#7424 = VECTOR('',#7425,1.);
#7425 = DIRECTION('',(1.,0.));
#7426 = ( GEOMETRIC_REPRESENTATION_CONTEXT(2) 
PARAMETRIC_REPRESENTATION_CONTEXT() REPRESENTATION_CONTEXT('2D SPACE',''
  ) );
#7427 = ORIENTED_EDGE('',*,*,#4966,.T.);
#7428 = ORIENTED_EDGE('',*,*,#7429,.T.);
#7429 = EDGE_CURVE('',#4939,#5843,#7430,.T.);
#7430 = SURFACE_CURVE('',#7431,(#7435,#7442),.PCURVE_S1.);
#7431 = LINE('',#7432,#7433);
#7432 = CARTESIAN_POINT('',(56.07,11.04,0.));
#7433 = VECTOR('',#7434,1.);
#7434 = DIRECTION('',(0.,-1.,0.));
#7435 = PCURVE('',#4507,#7436);
#7436 = DEFINITIONAL_REPRESENTATION('',(#7437),#7441);
#7437 = LINE('',#7438,#7439);
#7438 = CARTESIAN_POINT('',(-57.42451671551,11.131247384519));
#7439 = VECTOR('',#7440,1.);
#7440 = DIRECTION('',(0.,-1.));
#7441 = ( GEOMETRIC_REPRESENTATION_CONTEXT(2) 
PARAMETRIC_REPRESENTATION_CONTEXT() REPRESENTATION_CONTEXT('2D SPACE',''
  ) );
#7442 = PCURVE('',#7443,#7448);
#7443 = CYLINDRICAL_SURFACE('',#7444,1.1);
#7444 = AXIS2_PLACEMENT_3D('',#7445,#7446,#7447);
#7445 = CARTESIAN_POINT('',(56.07,-6.96,1.1));
#7446 = DIRECTION('',(0.,1.,0.));
#7447 = DIRECTION('',(0.,0.,-1.));
#7448 = DEFINITIONAL_REPRESENTATION('',(#7449),#7453);
#7449 = LINE('',#7450,#7451);
#7450 = CARTESIAN_POINT('',(-0.,18.));
#7451 = VECTOR('',#7452,1.);
#7452 = DIRECTION('',(-0.,-1.));
#7453 = ( GEOMETRIC_REPRESENTATION_CONTEXT(2) 
PARAMETRIC_REPRESENTATION_CONTEXT() REPRESENTATION_CONTEXT('2D SPACE',''
  ) );
#7454 = ORIENTED_EDGE('',*,*,#5865,.F.);
#7455 = ORIENTED_EDGE('',*,*,#6061,.F.);
#7456 = ORIENTED_EDGE('',*,*,#6160,.F.);
#7457 = ORIENTED_EDGE('',*,*,#6323,.T.);
#7458 = ORIENTED_EDGE('',*,*,#7459,.F.);
#7459 = EDGE_CURVE('',#6608,#6301,#7460,.T.);
#7460 = SURFACE_CURVE('',#7461,(#7465,#7472),.PCURVE_S1.);
#7461 = LINE('',#7462,#7463);
#7462 = CARTESIAN_POINT('',(-43.43,-8.469999970577,0.));
#7463 = VECTOR('',#7464,1.);
#7464 = DIRECTION('',(1.,0.,0.));
#7465 = PCURVE('',#4507,#7466);
#7466 = DEFINITIONAL_REPRESENTATION('',(#7467),#7471);
#7467 = LINE('',#7468,#7469);
#7468 = CARTESIAN_POINT('',(42.075483284487,-8.378752586058));
#7469 = VECTOR('',#7470,1.);
#7470 = DIRECTION('',(-1.,0.));
#7471 = ( GEOMETRIC_REPRESENTATION_CONTEXT(2) 
PARAMETRIC_REPRESENTATION_CONTEXT() REPRESENTATION_CONTEXT('2D SPACE',''
  ) );
#7472 = PCURVE('',#7473,#7478);
#7473 = CYLINDRICAL_SURFACE('',#7474,0.1);
#7474 = AXIS2_PLACEMENT_3D('',#7475,#7476,#7477);
#7475 = CARTESIAN_POINT('',(48.57,-8.469999970577,-0.1));
#7476 = DIRECTION('',(-1.,-0.,-0.));
#7477 = DIRECTION('',(0.,0.,1.));
#7478 = DEFINITIONAL_REPRESENTATION('',(#7479),#7483);
#7479 = LINE('',#7480,#7481);
#7480 = CARTESIAN_POINT('',(-0.,92.));
#7481 = VECTOR('',#7482,1.);
#7482 = DIRECTION('',(-0.,-1.));
#7483 = ( GEOMETRIC_REPRESENTATION_CONTEXT(2) 
PARAMETRIC_REPRESENTATION_CONTEXT() REPRESENTATION_CONTEXT('2D SPACE',''
  ) );
#7484 = ORIENTED_EDGE('',*,*,#6630,.F.);
#7485 = ORIENTED_EDGE('',*,*,#6728,.T.);
#7486 = ORIENTED_EDGE('',*,*,#6809,.F.);
#7487 = ORIENTED_EDGE('',*,*,#6782,.F.);
#7488 = ORIENTED_EDGE('',*,*,#6679,.F.);
#7489 = ORIENTED_EDGE('',*,*,#6559,.F.);
#7490 = ORIENTED_EDGE('',*,*,#6370,.T.);
#7491 = ORIENTED_EDGE('',*,*,#6209,.F.);
#7492 = ORIENTED_EDGE('',*,*,#6108,.T.);
#7493 = ORIENTED_EDGE('',*,*,#6010,.F.);
#7494 = ORIENTED_EDGE('',*,*,#5963,.F.);
#7495 = ORIENTED_EDGE('',*,*,#5914,.T.);
#7496 = FACE_BOUND('',#7497,.T.);
#7497 = EDGE_LOOP('',(#7498));
#7498 = ORIENTED_EDGE('',*,*,#4906,.T.);
#7499 = FACE_BOUND('',#7500,.T.);
#7500 = EDGE_LOOP('',(#7501));
#7501 = ORIENTED_EDGE('',*,*,#6856,.T.);
#7502 = FACE_BOUND('',#7503,.T.);
#7503 = EDGE_LOOP('',(#7504));
#7504 = ORIENTED_EDGE('',*,*,#6910,.T.);
#7505 = FACE_BOUND('',#7506,.T.);
#7506 = EDGE_LOOP('',(#7507));
#7507 = ORIENTED_EDGE('',*,*,#6964,.T.);
#7508 = FACE_BOUND('',#7509,.T.);
#7509 = EDGE_LOOP('',(#7510,#7511,#7512,#7513,#7514,#7515,#7516,#7517));
#7510 = ORIENTED_EDGE('',*,*,#4820,.F.);
#7511 = ORIENTED_EDGE('',*,*,#4715,.T.);
#7512 = ORIENTED_EDGE('',*,*,#4618,.F.);
#7513 = ORIENTED_EDGE('',*,*,#4490,.F.);
#7514 = ORIENTED_EDGE('',*,*,#4569,.F.);
#7515 = ORIENTED_EDGE('',*,*,#4665,.F.);
#7516 = ORIENTED_EDGE('',*,*,#4771,.F.);
#7517 = ORIENTED_EDGE('',*,*,#4845,.F.);
#7518 = ADVANCED_FACE('',(#7519),#5003,.T.);
#7519 = FACE_BOUND('',#7520,.T.);
#7520 = EDGE_LOOP('',(#7521,#7522,#7523,#7524));
#7521 = ORIENTED_EDGE('',*,*,#5020,.T.);
#7522 = ORIENTED_EDGE('',*,*,#4989,.T.);
#7523 = ORIENTED_EDGE('',*,*,#7406,.F.);
#7524 = ORIENTED_EDGE('',*,*,#5183,.F.);
#7525 = ADVANCED_FACE('',(#7526),#4954,.F.);
#7526 = FACE_BOUND('',#7527,.F.);
#7527 = EDGE_LOOP('',(#7528,#7529,#7553,#7579));
#7528 = ORIENTED_EDGE('',*,*,#4938,.F.);
#7529 = ORIENTED_EDGE('',*,*,#7530,.T.);
#7530 = EDGE_CURVE('',#4939,#7531,#7533,.T.);
#7531 = VERTEX_POINT('',#7532);
#7532 = CARTESIAN_POINT('',(57.17,11.04,1.1));
#7533 = SURFACE_CURVE('',#7534,(#7539,#7546),.PCURVE_S1.);
#7534 = CIRCLE('',#7535,1.1);
#7535 = AXIS2_PLACEMENT_3D('',#7536,#7537,#7538);
#7536 = CARTESIAN_POINT('',(56.07,11.04,1.1));
#7537 = DIRECTION('',(0.,-1.,0.));
#7538 = DIRECTION('',(0.,0.,-1.));
#7539 = PCURVE('',#4954,#7540);
#7540 = DEFINITIONAL_REPRESENTATION('',(#7541),#7545);
#7541 = CIRCLE('',#7542,1.1);
#7542 = AXIS2_PLACEMENT_2D('',#7543,#7544);
#7543 = CARTESIAN_POINT('',(0.,0.));
#7544 = DIRECTION('',(1.,0.));
#7545 = ( GEOMETRIC_REPRESENTATION_CONTEXT(2) 
PARAMETRIC_REPRESENTATION_CONTEXT() REPRESENTATION_CONTEXT('2D SPACE',''
  ) );
#7546 = PCURVE('',#7443,#7547);
#7547 = DEFINITIONAL_REPRESENTATION('',(#7548),#7552);
#7548 = LINE('',#7549,#7550);
#7549 = CARTESIAN_POINT('',(-0.,18.));
#7550 = VECTOR('',#7551,1.);
#7551 = DIRECTION('',(-1.,0.));
#7552 = ( GEOMETRIC_REPRESENTATION_CONTEXT(2) 
PARAMETRIC_REPRESENTATION_CONTEXT() REPRESENTATION_CONTEXT('2D SPACE',''
  ) );
#7553 = ORIENTED_EDGE('',*,*,#7554,.T.);
#7554 = EDGE_CURVE('',#7531,#5080,#7555,.T.);
#7555 = SURFACE_CURVE('',#7556,(#7560,#7567),.PCURVE_S1.);
#7556 = LINE('',#7557,#7558);
#7557 = CARTESIAN_POINT('',(57.17,11.04,1.1));
#7558 = VECTOR('',#7559,1.);
#7559 = DIRECTION('',(-1.,0.,0.));
#7560 = PCURVE('',#4954,#7561);
#7561 = DEFINITIONAL_REPRESENTATION('',(#7562),#7566);
#7562 = LINE('',#7563,#7564);
#7563 = CARTESIAN_POINT('',(-1.33226762955E-15,1.1));
#7564 = VECTOR('',#7565,1.);
#7565 = DIRECTION('',(0.,-1.));
#7566 = ( GEOMETRIC_REPRESENTATION_CONTEXT(2) 
PARAMETRIC_REPRESENTATION_CONTEXT() REPRESENTATION_CONTEXT('2D SPACE',''
  ) );
#7567 = PCURVE('',#7568,#7573);
#7568 = PLANE('',#7569);
#7569 = AXIS2_PLACEMENT_3D('',#7570,#7571,#7572);
#7570 = CARTESIAN_POINT('',(57.17,11.04,1.1));
#7571 = DIRECTION('',(0.,1.,0.));
#7572 = DIRECTION('',(0.,0.,1.));
#7573 = DEFINITIONAL_REPRESENTATION('',(#7574),#7578);
#7574 = LINE('',#7575,#7576);
#7575 = CARTESIAN_POINT('',(0.,0.));
#7576 = VECTOR('',#7577,1.);
#7577 = DIRECTION('',(0.,-1.));
#7578 = ( GEOMETRIC_REPRESENTATION_CONTEXT(2) 
PARAMETRIC_REPRESENTATION_CONTEXT() REPRESENTATION_CONTEXT('2D SPACE',''
  ) );
#7579 = ORIENTED_EDGE('',*,*,#5079,.F.);
#7580 = ADVANCED_FACE('',(#7581),#5118,.T.);
#7581 = FACE_BOUND('',#7582,.T.);
#7582 = EDGE_LOOP('',(#7583,#7584,#7585,#7614));
#7583 = ORIENTED_EDGE('',*,*,#5103,.T.);
#7584 = ORIENTED_EDGE('',*,*,#5273,.T.);
#7585 = ORIENTED_EDGE('',*,*,#7586,.F.);
#7586 = EDGE_CURVE('',#7587,#5274,#7589,.T.);
#7587 = VERTEX_POINT('',#7588);
#7588 = CARTESIAN_POINT('',(56.22,11.04,3.65));
#7589 = SURFACE_CURVE('',#7590,(#7595,#7602),.PCURVE_S1.);
#7590 = CIRCLE('',#7591,5.E-02);
#7591 = AXIS2_PLACEMENT_3D('',#7592,#7593,#7594);
#7592 = CARTESIAN_POINT('',(56.22,10.99,3.65));
#7593 = DIRECTION('',(0.,-0.,1.));
#7594 = DIRECTION('',(0.,1.,0.));
#7595 = PCURVE('',#5118,#7596);
#7596 = DEFINITIONAL_REPRESENTATION('',(#7597),#7601);
#7597 = LINE('',#7598,#7599);
#7598 = CARTESIAN_POINT('',(0.,2.55));
#7599 = VECTOR('',#7600,1.);
#7600 = DIRECTION('',(1.,0.));
#7601 = ( GEOMETRIC_REPRESENTATION_CONTEXT(2) 
PARAMETRIC_REPRESENTATION_CONTEXT() REPRESENTATION_CONTEXT('2D SPACE',''
  ) );
#7602 = PCURVE('',#7603,#7608);
#7603 = SPHERICAL_SURFACE('',#7604,5.E-02);
#7604 = AXIS2_PLACEMENT_3D('',#7605,#7606,#7607);
#7605 = CARTESIAN_POINT('',(56.22,10.99,3.65));
#7606 = DIRECTION('',(-0.,-1.,-0.));
#7607 = DIRECTION('',(-1.,0.,-8.88E-15));
#7608 = DEFINITIONAL_REPRESENTATION('',(#7609),#7613);
#7609 = LINE('',#7610,#7611);
#7610 = CARTESIAN_POINT('',(-8.88E-15,-1.570796326795));
#7611 = VECTOR('',#7612,1.);
#7612 = DIRECTION('',(-0.,1.));
#7613 = ( GEOMETRIC_REPRESENTATION_CONTEXT(2) 
PARAMETRIC_REPRESENTATION_CONTEXT() REPRESENTATION_CONTEXT('2D SPACE',''
  ) );
#7614 = ORIENTED_EDGE('',*,*,#7615,.F.);
#7615 = EDGE_CURVE('',#5080,#7587,#7616,.T.);
#7616 = SURFACE_CURVE('',#7617,(#7621,#7628),.PCURVE_S1.);
#7617 = LINE('',#7618,#7619);
#7618 = CARTESIAN_POINT('',(56.22,11.04,1.1));
#7619 = VECTOR('',#7620,1.);
#7620 = DIRECTION('',(0.,0.,1.));
#7621 = PCURVE('',#5118,#7622);
#7622 = DEFINITIONAL_REPRESENTATION('',(#7623),#7627);
#7623 = LINE('',#7624,#7625);
#7624 = CARTESIAN_POINT('',(0.,0.));
#7625 = VECTOR('',#7626,1.);
#7626 = DIRECTION('',(0.,1.));
#7627 = ( GEOMETRIC_REPRESENTATION_CONTEXT(2) 
PARAMETRIC_REPRESENTATION_CONTEXT() REPRESENTATION_CONTEXT('2D SPACE',''
  ) );
#7628 = PCURVE('',#7568,#7629);
#7629 = DEFINITIONAL_REPRESENTATION('',(#7630),#7634);
#7630 = LINE('',#7631,#7632);
#7631 = CARTESIAN_POINT('',(0.,-0.95));
#7632 = VECTOR('',#7633,1.);
#7633 = DIRECTION('',(1.,0.));
#7634 = ( GEOMETRIC_REPRESENTATION_CONTEXT(2) 
PARAMETRIC_REPRESENTATION_CONTEXT() REPRESENTATION_CONTEXT('2D SPACE',''
  ) );
#7635 = ADVANCED_FACE('',(#7636),#5224,.T.);
#7636 = FACE_BOUND('',#7637,.T.);
#7637 = EDGE_LOOP('',(#7638,#7662,#7663,#7664));
#7638 = ORIENTED_EDGE('',*,*,#7639,.T.);
#7639 = EDGE_CURVE('',#7640,#5766,#7642,.T.);
#7640 = VERTEX_POINT('',#7641);
#7641 = CARTESIAN_POINT('',(56.22,-6.96,10.7));
#7642 = SURFACE_CURVE('',#7643,(#7648,#7655),.PCURVE_S1.);
#7643 = CIRCLE('',#7644,5.E-02);
#7644 = AXIS2_PLACEMENT_3D('',#7645,#7646,#7647);
#7645 = CARTESIAN_POINT('',(56.22,-6.91,10.7));
#7646 = DIRECTION('',(-0.,-6.E-17,-1.));
#7647 = DIRECTION('',(0.,-1.,6.E-17));
#7648 = PCURVE('',#5224,#7649);
#7649 = DEFINITIONAL_REPRESENTATION('',(#7650),#7654);
#7650 = LINE('',#7651,#7652);
#7651 = CARTESIAN_POINT('',(0.,0.));
#7652 = VECTOR('',#7653,1.);
#7653 = DIRECTION('',(1.,0.));
#7654 = ( GEOMETRIC_REPRESENTATION_CONTEXT(2) 
PARAMETRIC_REPRESENTATION_CONTEXT() REPRESENTATION_CONTEXT('2D SPACE',''
  ) );
#7655 = PCURVE('',#5782,#7656);
#7656 = DEFINITIONAL_REPRESENTATION('',(#7657),#7661);
#7657 = LINE('',#7658,#7659);
#7658 = CARTESIAN_POINT('',(-1.570796326795,0.));
#7659 = VECTOR('',#7660,1.);
#7660 = DIRECTION('',(-0.,1.));
#7661 = ( GEOMETRIC_REPRESENTATION_CONTEXT(2) 
PARAMETRIC_REPRESENTATION_CONTEXT() REPRESENTATION_CONTEXT('2D SPACE',''
  ) );
#7662 = ORIENTED_EDGE('',*,*,#5794,.T.);
#7663 = ORIENTED_EDGE('',*,*,#5207,.F.);
#7664 = ORIENTED_EDGE('',*,*,#7665,.F.);
#7665 = EDGE_CURVE('',#7640,#5208,#7666,.T.);
#7666 = SURFACE_CURVE('',#7667,(#7671,#7678),.PCURVE_S1.);
#7667 = LINE('',#7668,#7669);
#7668 = CARTESIAN_POINT('',(56.22,-6.96,10.7));
#7669 = VECTOR('',#7670,1.);
#7670 = DIRECTION('',(0.,0.,-1.));
#7671 = PCURVE('',#5224,#7672);
#7672 = DEFINITIONAL_REPRESENTATION('',(#7673),#7677);
#7673 = LINE('',#7674,#7675);
#7674 = CARTESIAN_POINT('',(0.,0.));
#7675 = VECTOR('',#7676,1.);
#7676 = DIRECTION('',(0.,1.));
#7677 = ( GEOMETRIC_REPRESENTATION_CONTEXT(2) 
PARAMETRIC_REPRESENTATION_CONTEXT() REPRESENTATION_CONTEXT('2D SPACE',''
  ) );
#7678 = PCURVE('',#7679,#7684);
#7679 = PLANE('',#7680);
#7680 = AXIS2_PLACEMENT_3D('',#7681,#7682,#7683);
#7681 = CARTESIAN_POINT('',(57.17,-6.96,12.2));
#7682 = DIRECTION('',(0.,-1.,-0.));
#7683 = DIRECTION('',(0.,0.,-1.));
#7684 = DEFINITIONAL_REPRESENTATION('',(#7685),#7689);
#7685 = LINE('',#7686,#7687);
#7686 = CARTESIAN_POINT('',(1.5,-0.95));
#7687 = VECTOR('',#7688,1.);
#7688 = DIRECTION('',(1.,0.));
#7689 = ( GEOMETRIC_REPRESENTATION_CONTEXT(2) 
PARAMETRIC_REPRESENTATION_CONTEXT() REPRESENTATION_CONTEXT('2D SPACE',''
  ) );
#7690 = ADVANCED_FACE('',(#7691),#5251,.T.);
#7691 = FACE_BOUND('',#7692,.F.);
#7692 = EDGE_LOOP('',(#7693,#7694,#7695,#7718));
#7693 = ORIENTED_EDGE('',*,*,#5842,.T.);
#7694 = ORIENTED_EDGE('',*,*,#5236,.F.);
#7695 = ORIENTED_EDGE('',*,*,#7696,.T.);
#7696 = EDGE_CURVE('',#5208,#7697,#7699,.T.);
#7697 = VERTEX_POINT('',#7698);
#7698 = CARTESIAN_POINT('',(57.17,-6.96,1.1));
#7699 = SURFACE_CURVE('',#7700,(#7704,#7711),.PCURVE_S1.);
#7700 = LINE('',#7701,#7702);
#7701 = CARTESIAN_POINT('',(56.17,-6.96,1.1));
#7702 = VECTOR('',#7703,1.);
#7703 = DIRECTION('',(1.,0.,0.));
#7704 = PCURVE('',#5251,#7705);
#7705 = DEFINITIONAL_REPRESENTATION('',(#7706),#7710);
#7706 = LINE('',#7707,#7708);
#7707 = CARTESIAN_POINT('',(-1.33226762955E-15,9.999999999999E-02));
#7708 = VECTOR('',#7709,1.);
#7709 = DIRECTION('',(-0.,1.));
#7710 = ( GEOMETRIC_REPRESENTATION_CONTEXT(2) 
PARAMETRIC_REPRESENTATION_CONTEXT() REPRESENTATION_CONTEXT('2D SPACE',''
  ) );
#7711 = PCURVE('',#7679,#7712);
#7712 = DEFINITIONAL_REPRESENTATION('',(#7713),#7717);
#7713 = LINE('',#7714,#7715);
#7714 = CARTESIAN_POINT('',(11.1,-1.));
#7715 = VECTOR('',#7716,1.);
#7716 = DIRECTION('',(0.,1.));
#7717 = ( GEOMETRIC_REPRESENTATION_CONTEXT(2) 
PARAMETRIC_REPRESENTATION_CONTEXT() REPRESENTATION_CONTEXT('2D SPACE',''
  ) );
#7718 = ORIENTED_EDGE('',*,*,#7719,.F.);
#7719 = EDGE_CURVE('',#5843,#7697,#7720,.T.);
#7720 = SURFACE_CURVE('',#7721,(#7726,#7733),.PCURVE_S1.);
#7721 = CIRCLE('',#7722,1.1);
#7722 = AXIS2_PLACEMENT_3D('',#7723,#7724,#7725);
#7723 = CARTESIAN_POINT('',(56.07,-6.96,1.1));
#7724 = DIRECTION('',(0.,-1.,0.));
#7725 = DIRECTION('',(0.,0.,-1.));
#7726 = PCURVE('',#5251,#7727);
#7727 = DEFINITIONAL_REPRESENTATION('',(#7728),#7732);
#7728 = CIRCLE('',#7729,1.1);
#7729 = AXIS2_PLACEMENT_2D('',#7730,#7731);
#7730 = CARTESIAN_POINT('',(0.,0.));
#7731 = DIRECTION('',(1.,-0.));
#7732 = ( GEOMETRIC_REPRESENTATION_CONTEXT(2) 
PARAMETRIC_REPRESENTATION_CONTEXT() REPRESENTATION_CONTEXT('2D SPACE',''
  ) );
#7733 = PCURVE('',#7443,#7734);
#7734 = DEFINITIONAL_REPRESENTATION('',(#7735),#7739);
#7735 = LINE('',#7736,#7737);
#7736 = CARTESIAN_POINT('',(-0.,0.));
#7737 = VECTOR('',#7738,1.);
#7738 = DIRECTION('',(-1.,0.));
#7739 = ( GEOMETRIC_REPRESENTATION_CONTEXT(2) 
PARAMETRIC_REPRESENTATION_CONTEXT() REPRESENTATION_CONTEXT('2D SPACE',''
  ) );
#7740 = ADVANCED_FACE('',(#7741),#5312,.T.);
#7741 = FACE_BOUND('',#7742,.T.);
#7742 = EDGE_LOOP('',(#7743,#7773,#7795,#7796));
#7743 = ORIENTED_EDGE('',*,*,#7744,.F.);
#7744 = EDGE_CURVE('',#7745,#7747,#7749,.T.);
#7745 = VERTEX_POINT('',#7746);
#7746 = CARTESIAN_POINT('',(56.22,10.99,3.7));
#7747 = VERTEX_POINT('',#7748);
#7748 = CARTESIAN_POINT('',(56.22,7.93,3.7));
#7749 = SURFACE_CURVE('',#7750,(#7754,#7761),.PCURVE_S1.);
#7750 = LINE('',#7751,#7752);
#7751 = CARTESIAN_POINT('',(56.22,11.04,3.7));
#7752 = VECTOR('',#7753,1.);
#7753 = DIRECTION('',(0.,-1.,0.));
#7754 = PCURVE('',#5312,#7755);
#7755 = DEFINITIONAL_REPRESENTATION('',(#7756),#7760);
#7756 = LINE('',#7757,#7758);
#7757 = CARTESIAN_POINT('',(0.,0.));
#7758 = VECTOR('',#7759,1.);
#7759 = DIRECTION('',(0.,1.));
#7760 = ( GEOMETRIC_REPRESENTATION_CONTEXT(2) 
PARAMETRIC_REPRESENTATION_CONTEXT() REPRESENTATION_CONTEXT('2D SPACE',''
  ) );
#7761 = PCURVE('',#7762,#7767);
#7762 = PLANE('',#7763);
#7763 = AXIS2_PLACEMENT_3D('',#7764,#7765,#7766);
#7764 = CARTESIAN_POINT('',(57.17,11.04,3.7));
#7765 = DIRECTION('',(0.,0.,1.));
#7766 = DIRECTION('',(0.,-1.,0.));
#7767 = DEFINITIONAL_REPRESENTATION('',(#7768),#7772);
#7768 = LINE('',#7769,#7770);
#7769 = CARTESIAN_POINT('',(0.,-0.95));
#7770 = VECTOR('',#7771,1.);
#7771 = DIRECTION('',(1.,0.));
#7772 = ( GEOMETRIC_REPRESENTATION_CONTEXT(2) 
PARAMETRIC_REPRESENTATION_CONTEXT() REPRESENTATION_CONTEXT('2D SPACE',''
  ) );
#7773 = ORIENTED_EDGE('',*,*,#7774,.F.);
#7774 = EDGE_CURVE('',#5274,#7745,#7775,.T.);
#7775 = SURFACE_CURVE('',#7776,(#7781,#7788),.PCURVE_S1.);
#7776 = CIRCLE('',#7777,5.E-02);
#7777 = AXIS2_PLACEMENT_3D('',#7778,#7779,#7780);
#7778 = CARTESIAN_POINT('',(56.22,10.99,3.65));
#7779 = DIRECTION('',(0.,1.,0.));
#7780 = DIRECTION('',(-1.,0.,-8.88E-15));
#7781 = PCURVE('',#5312,#7782);
#7782 = DEFINITIONAL_REPRESENTATION('',(#7783),#7787);
#7783 = LINE('',#7784,#7785);
#7784 = CARTESIAN_POINT('',(1.570796326795,5.E-02));
#7785 = VECTOR('',#7786,1.);
#7786 = DIRECTION('',(-1.,-0.));
#7787 = ( GEOMETRIC_REPRESENTATION_CONTEXT(2) 
PARAMETRIC_REPRESENTATION_CONTEXT() REPRESENTATION_CONTEXT('2D SPACE',''
  ) );
#7788 = PCURVE('',#7603,#7789);
#7789 = DEFINITIONAL_REPRESENTATION('',(#7790),#7794);
#7790 = LINE('',#7791,#7792);
#7791 = CARTESIAN_POINT('',(-0.,0.));
#7792 = VECTOR('',#7793,1.);
#7793 = DIRECTION('',(-1.,0.));
#7794 = ( GEOMETRIC_REPRESENTATION_CONTEXT(2) 
PARAMETRIC_REPRESENTATION_CONTEXT() REPRESENTATION_CONTEXT('2D SPACE',''
  ) );
#7795 = ORIENTED_EDGE('',*,*,#5296,.T.);
#7796 = ORIENTED_EDGE('',*,*,#7797,.F.);
#7797 = EDGE_CURVE('',#7747,#5297,#7798,.T.);
#7798 = SURFACE_CURVE('',#7799,(#7804,#7811),.PCURVE_S1.);
#7799 = CIRCLE('',#7800,5.E-02);
#7800 = AXIS2_PLACEMENT_3D('',#7801,#7802,#7803);
#7801 = CARTESIAN_POINT('',(56.22,7.93,3.65));
#7802 = DIRECTION('',(0.,-1.,0.));
#7803 = DIRECTION('',(0.,0.,1.));
#7804 = PCURVE('',#5312,#7805);
#7805 = DEFINITIONAL_REPRESENTATION('',(#7806),#7810);
#7806 = LINE('',#7807,#7808);
#7807 = CARTESIAN_POINT('',(0.,3.11));
#7808 = VECTOR('',#7809,1.);
#7809 = DIRECTION('',(1.,0.));
#7810 = ( GEOMETRIC_REPRESENTATION_CONTEXT(2) 
PARAMETRIC_REPRESENTATION_CONTEXT() REPRESENTATION_CONTEXT('2D SPACE',''
  ) );
#7811 = PCURVE('',#5345,#7812);
#7812 = DEFINITIONAL_REPRESENTATION('',(#7813),#7817);
#7813 = LINE('',#7814,#7815);
#7814 = CARTESIAN_POINT('',(-0.,3.14159265359));
#7815 = VECTOR('',#7816,1.);
#7816 = DIRECTION('',(-0.,1.));
#7817 = ( GEOMETRIC_REPRESENTATION_CONTEXT(2) 
PARAMETRIC_REPRESENTATION_CONTEXT() REPRESENTATION_CONTEXT('2D SPACE',''
  ) );
#7818 = ADVANCED_FACE('',(#7819),#5782,.T.);
#7819 = FACE_BOUND('',#7820,.F.);
#7820 = EDGE_LOOP('',(#7821,#7845,#7872,#7873));
#7821 = ORIENTED_EDGE('',*,*,#7822,.F.);
#7822 = EDGE_CURVE('',#7823,#5738,#7825,.T.);
#7823 = VERTEX_POINT('',#7824);
#7824 = CARTESIAN_POINT('',(56.22,-5.46,12.2));
#7825 = SURFACE_CURVE('',#7826,(#7831,#7838),.PCURVE_S1.);
#7826 = CIRCLE('',#7827,5.E-02);
#7827 = AXIS2_PLACEMENT_3D('',#7828,#7829,#7830);
#7828 = CARTESIAN_POINT('',(56.22,-5.46,12.15));
#7829 = DIRECTION('',(0.,-1.,0.));
#7830 = DIRECTION('',(0.,0.,1.));
#7831 = PCURVE('',#5782,#7832);
#7832 = DEFINITIONAL_REPRESENTATION('',(#7833),#7837);
#7833 = LINE('',#7834,#7835);
#7834 = CARTESIAN_POINT('',(-0.,0.));
#7835 = VECTOR('',#7836,1.);
#7836 = DIRECTION('',(-0.,1.));
#7837 = ( GEOMETRIC_REPRESENTATION_CONTEXT(2) 
PARAMETRIC_REPRESENTATION_CONTEXT() REPRESENTATION_CONTEXT('2D SPACE',''
  ) );
#7838 = PCURVE('',#5753,#7839);
#7839 = DEFINITIONAL_REPRESENTATION('',(#7840),#7844);
#7840 = LINE('',#7841,#7842);
#7841 = CARTESIAN_POINT('',(0.,4.5));
#7842 = VECTOR('',#7843,1.);
#7843 = DIRECTION('',(1.,0.));
#7844 = ( GEOMETRIC_REPRESENTATION_CONTEXT(2) 
PARAMETRIC_REPRESENTATION_CONTEXT() REPRESENTATION_CONTEXT('2D SPACE',''
  ) );
#7845 = ORIENTED_EDGE('',*,*,#7846,.T.);
#7846 = EDGE_CURVE('',#7823,#7640,#7847,.T.);
#7847 = SURFACE_CURVE('',#7848,(#7853,#7860),.PCURVE_S1.);
#7848 = CIRCLE('',#7849,1.5);
#7849 = AXIS2_PLACEMENT_3D('',#7850,#7851,#7852);
#7850 = CARTESIAN_POINT('',(56.22,-5.46,10.7));
#7851 = DIRECTION('',(1.,0.,-0.));
#7852 = DIRECTION('',(0.,0.,1.));
#7853 = PCURVE('',#5782,#7854);
#7854 = DEFINITIONAL_REPRESENTATION('',(#7855),#7859);
#7855 = LINE('',#7856,#7857);
#7856 = CARTESIAN_POINT('',(-0.,0.));
#7857 = VECTOR('',#7858,1.);
#7858 = DIRECTION('',(-1.,0.));
#7859 = ( GEOMETRIC_REPRESENTATION_CONTEXT(2) 
PARAMETRIC_REPRESENTATION_CONTEXT() REPRESENTATION_CONTEXT('2D SPACE',''
  ) );
#7860 = PCURVE('',#7861,#7866);
#7861 = CYLINDRICAL_SURFACE('',#7862,1.5);
#7862 = AXIS2_PLACEMENT_3D('',#7863,#7864,#7865);
#7863 = CARTESIAN_POINT('',(57.17,-5.46,10.7));
#7864 = DIRECTION('',(-1.,0.,0.));
#7865 = DIRECTION('',(0.,-1.,0.));
#7866 = DEFINITIONAL_REPRESENTATION('',(#7867),#7871);
#7867 = LINE('',#7868,#7869);
#7868 = CARTESIAN_POINT('',(1.570796326795,0.95));
#7869 = VECTOR('',#7870,1.);
#7870 = DIRECTION('',(-1.,-0.));
#7871 = ( GEOMETRIC_REPRESENTATION_CONTEXT(2) 
PARAMETRIC_REPRESENTATION_CONTEXT() REPRESENTATION_CONTEXT('2D SPACE',''
  ) );
#7872 = ORIENTED_EDGE('',*,*,#7639,.T.);
#7873 = ORIENTED_EDGE('',*,*,#5765,.F.);
#7874 = ADVANCED_FACE('',(#7875),#5345,.T.);
#7875 = FACE_BOUND('',#7876,.F.);
#7876 = EDGE_LOOP('',(#7877,#7878,#7907,#7929));
#7877 = ORIENTED_EDGE('',*,*,#7797,.F.);
#7878 = ORIENTED_EDGE('',*,*,#7879,.T.);
#7879 = EDGE_CURVE('',#7747,#7880,#7882,.T.);
#7880 = VERTEX_POINT('',#7881);
#7881 = CARTESIAN_POINT('',(56.22,5.94,5.69));
#7882 = SURFACE_CURVE('',#7883,(#7888,#7895),.PCURVE_S1.);
#7883 = CIRCLE('',#7884,1.99);
#7884 = AXIS2_PLACEMENT_3D('',#7885,#7886,#7887);
#7885 = CARTESIAN_POINT('',(56.22,7.93,5.69));
#7886 = DIRECTION('',(-1.,-0.,-0.));
#7887 = DIRECTION('',(0.,0.,-1.));
#7888 = PCURVE('',#5345,#7889);
#7889 = DEFINITIONAL_REPRESENTATION('',(#7890),#7894);
#7890 = LINE('',#7891,#7892);
#7891 = CARTESIAN_POINT('',(-0.,3.14159265359));
#7892 = VECTOR('',#7893,1.);
#7893 = DIRECTION('',(-1.,0.));
#7894 = ( GEOMETRIC_REPRESENTATION_CONTEXT(2) 
PARAMETRIC_REPRESENTATION_CONTEXT() REPRESENTATION_CONTEXT('2D SPACE',''
  ) );
#7895 = PCURVE('',#7896,#7901);
#7896 = CYLINDRICAL_SURFACE('',#7897,1.99);
#7897 = AXIS2_PLACEMENT_3D('',#7898,#7899,#7900);
#7898 = CARTESIAN_POINT('',(57.17,7.93,5.69));
#7899 = DIRECTION('',(-1.,-0.,-0.));
#7900 = DIRECTION('',(0.,0.,-1.));
#7901 = DEFINITIONAL_REPRESENTATION('',(#7902),#7906);
#7902 = LINE('',#7903,#7904);
#7903 = CARTESIAN_POINT('',(0.,0.95));
#7904 = VECTOR('',#7905,1.);
#7905 = DIRECTION('',(1.,0.));
#7906 = ( GEOMETRIC_REPRESENTATION_CONTEXT(2) 
PARAMETRIC_REPRESENTATION_CONTEXT() REPRESENTATION_CONTEXT('2D SPACE',''
  ) );
#7907 = ORIENTED_EDGE('',*,*,#7908,.T.);
#7908 = EDGE_CURVE('',#7880,#5325,#7909,.T.);
#7909 = SURFACE_CURVE('',#7910,(#7915,#7922),.PCURVE_S1.);
#7910 = CIRCLE('',#7911,5.E-02);
#7911 = AXIS2_PLACEMENT_3D('',#7912,#7913,#7914);
#7912 = CARTESIAN_POINT('',(56.22,5.89,5.69));
#7913 = DIRECTION('',(0.,-6.E-17,1.));
#7914 = DIRECTION('',(0.,-1.,-6.E-17));
#7915 = PCURVE('',#5345,#7916);
#7916 = DEFINITIONAL_REPRESENTATION('',(#7917),#7921);
#7917 = LINE('',#7918,#7919);
#7918 = CARTESIAN_POINT('',(-1.570796326795,0.));
#7919 = VECTOR('',#7920,1.);
#7920 = DIRECTION('',(-0.,1.));
#7921 = ( GEOMETRIC_REPRESENTATION_CONTEXT(2) 
PARAMETRIC_REPRESENTATION_CONTEXT() REPRESENTATION_CONTEXT('2D SPACE',''
  ) );
#7922 = PCURVE('',#5373,#7923);
#7923 = DEFINITIONAL_REPRESENTATION('',(#7924),#7928);
#7924 = LINE('',#7925,#7926);
#7925 = CARTESIAN_POINT('',(-3.14159265359,-1.78E-15));
#7926 = VECTOR('',#7927,1.);
#7927 = DIRECTION('',(1.,0.));
#7928 = ( GEOMETRIC_REPRESENTATION_CONTEXT(2) 
PARAMETRIC_REPRESENTATION_CONTEXT() REPRESENTATION_CONTEXT('2D SPACE',''
  ) );
#7929 = ORIENTED_EDGE('',*,*,#5324,.F.);
#7930 = ADVANCED_FACE('',(#7931),#5753,.T.);
#7931 = FACE_BOUND('',#7932,.T.);
#7932 = EDGE_LOOP('',(#7933,#7960,#7961,#7962));
#7933 = ORIENTED_EDGE('',*,*,#7934,.T.);
#7934 = EDGE_CURVE('',#7935,#5710,#7937,.T.);
#7935 = VERTEX_POINT('',#7936);
#7936 = CARTESIAN_POINT('',(56.22,-0.96,12.2));
#7937 = SURFACE_CURVE('',#7938,(#7943,#7953),.PCURVE_S1.);
#7938 = ELLIPSE('',#7939,7.071067811865E-02,5.E-02);
#7939 = AXIS2_PLACEMENT_3D('',#7940,#7941,#7942);
#7940 = CARTESIAN_POINT('',(56.22,-0.91,12.15));
#7941 = DIRECTION('',(-0.,-0.707106781187,-0.707106781187));
#7942 = DIRECTION('',(0.,-0.707106781187,0.707106781187));
#7943 = PCURVE('',#5753,#7944);
#7944 = DEFINITIONAL_REPRESENTATION('',(#7945),#7952);
#7945 = B_SPLINE_CURVE_WITH_KNOTS('',5,(#7946,#7947,#7948,#7949,#7950,
    #7951),.UNSPECIFIED.,.F.,.F.,(6,6),(0.,1.570796326795),
  .PIECEWISE_BEZIER_KNOTS.);
#7946 = CARTESIAN_POINT('',(0.,-6.11E-15));
#7947 = CARTESIAN_POINT('',(0.314159265359,-6.09E-15));
#7948 = CARTESIAN_POINT('',(0.628303105479,-6.150638142541E-03));
#7949 = CARTESIAN_POINT('',(0.942480391663,-1.857029304735E-02));
#7950 = CARTESIAN_POINT('',(1.256637061436,-3.429203673206E-02));
#7951 = CARTESIAN_POINT('',(1.570796326795,-5.000000000001E-02));
#7952 = ( GEOMETRIC_REPRESENTATION_CONTEXT(2) 
PARAMETRIC_REPRESENTATION_CONTEXT() REPRESENTATION_CONTEXT('2D SPACE',''
  ) );
#7953 = PCURVE('',#5725,#7954);
#7954 = DEFINITIONAL_REPRESENTATION('',(#7955),#7959);
#7955 = ELLIPSE('',#7956,7.071067811865E-02,5.E-02);
#7956 = AXIS2_PLACEMENT_2D('',#7957,#7958);
#7957 = CARTESIAN_POINT('',(7.071067811866E-02,-0.95));
#7958 = DIRECTION('',(-1.,0.));
#7959 = ( GEOMETRIC_REPRESENTATION_CONTEXT(2) 
PARAMETRIC_REPRESENTATION_CONTEXT() REPRESENTATION_CONTEXT('2D SPACE',''
  ) );
#7960 = ORIENTED_EDGE('',*,*,#5737,.T.);
#7961 = ORIENTED_EDGE('',*,*,#7822,.F.);
#7962 = ORIENTED_EDGE('',*,*,#7963,.F.);
#7963 = EDGE_CURVE('',#7935,#7823,#7964,.T.);
#7964 = SURFACE_CURVE('',#7965,(#7969,#7976),.PCURVE_S1.);
#7965 = LINE('',#7966,#7967);
#7966 = CARTESIAN_POINT('',(56.22,-0.96,12.2));
#7967 = VECTOR('',#7968,1.);
#7968 = DIRECTION('',(0.,-1.,0.));
#7969 = PCURVE('',#5753,#7970);
#7970 = DEFINITIONAL_REPRESENTATION('',(#7971),#7975);
#7971 = LINE('',#7972,#7973);
#7972 = CARTESIAN_POINT('',(0.,0.));
#7973 = VECTOR('',#7974,1.);
#7974 = DIRECTION('',(0.,1.));
#7975 = ( GEOMETRIC_REPRESENTATION_CONTEXT(2) 
PARAMETRIC_REPRESENTATION_CONTEXT() REPRESENTATION_CONTEXT('2D SPACE',''
  ) );
#7976 = PCURVE('',#7977,#7982);
#7977 = PLANE('',#7978);
#7978 = AXIS2_PLACEMENT_3D('',#7979,#7980,#7981);
#7979 = CARTESIAN_POINT('',(57.17,11.04,12.2));
#7980 = DIRECTION('',(0.,0.,1.));
#7981 = DIRECTION('',(0.,-1.,0.));
#7982 = DEFINITIONAL_REPRESENTATION('',(#7983),#7987);
#7983 = LINE('',#7984,#7985);
#7984 = CARTESIAN_POINT('',(12.,-0.95));
#7985 = VECTOR('',#7986,1.);
#7986 = DIRECTION('',(1.,0.));
#7987 = ( GEOMETRIC_REPRESENTATION_CONTEXT(2) 
PARAMETRIC_REPRESENTATION_CONTEXT() REPRESENTATION_CONTEXT('2D SPACE',''
  ) );
#7988 = ADVANCED_FACE('',(#7989),#5373,.T.);
#7989 = FACE_BOUND('',#7990,.T.);
#7990 = EDGE_LOOP('',(#7991,#7992,#7993,#8017));
#7991 = ORIENTED_EDGE('',*,*,#7908,.T.);
#7992 = ORIENTED_EDGE('',*,*,#5357,.T.);
#7993 = ORIENTED_EDGE('',*,*,#7994,.F.);
#7994 = EDGE_CURVE('',#7995,#5358,#7997,.T.);
#7995 = VERTEX_POINT('',#7996);
#7996 = CARTESIAN_POINT('',(56.22,5.94,5.71));
#7997 = SURFACE_CURVE('',#7998,(#8003,#8010),.PCURVE_S1.);
#7998 = CIRCLE('',#7999,5.E-02);
#7999 = AXIS2_PLACEMENT_3D('',#8000,#8001,#8002);
#8000 = CARTESIAN_POINT('',(56.22,5.89,5.71));
#8001 = DIRECTION('',(0.,-0.,1.));
#8002 = DIRECTION('',(0.,1.,0.));
#8003 = PCURVE('',#5373,#8004);
#8004 = DEFINITIONAL_REPRESENTATION('',(#8005),#8009);
#8005 = LINE('',#8006,#8007);
#8006 = CARTESIAN_POINT('',(0.,2.E-02));
#8007 = VECTOR('',#8008,1.);
#8008 = DIRECTION('',(1.,0.));
#8009 = ( GEOMETRIC_REPRESENTATION_CONTEXT(2) 
PARAMETRIC_REPRESENTATION_CONTEXT() REPRESENTATION_CONTEXT('2D SPACE',''
  ) );
#8010 = PCURVE('',#5406,#8011);
#8011 = DEFINITIONAL_REPRESENTATION('',(#8012),#8016);
#8012 = LINE('',#8013,#8014);
#8013 = CARTESIAN_POINT('',(4.5E-16,3.14159265359));
#8014 = VECTOR('',#8015,1.);
#8015 = DIRECTION('',(-0.,1.));
#8016 = ( GEOMETRIC_REPRESENTATION_CONTEXT(2) 
PARAMETRIC_REPRESENTATION_CONTEXT() REPRESENTATION_CONTEXT('2D SPACE',''
  ) );
#8017 = ORIENTED_EDGE('',*,*,#8018,.F.);
#8018 = EDGE_CURVE('',#7880,#7995,#8019,.T.);
#8019 = SURFACE_CURVE('',#8020,(#8024,#8031),.PCURVE_S1.);
#8020 = LINE('',#8021,#8022);
#8021 = CARTESIAN_POINT('',(56.22,5.94,5.69));
#8022 = VECTOR('',#8023,1.);
#8023 = DIRECTION('',(0.,0.,1.));
#8024 = PCURVE('',#5373,#8025);
#8025 = DEFINITIONAL_REPRESENTATION('',(#8026),#8030);
#8026 = LINE('',#8027,#8028);
#8027 = CARTESIAN_POINT('',(0.,0.));
#8028 = VECTOR('',#8029,1.);
#8029 = DIRECTION('',(0.,1.));
#8030 = ( GEOMETRIC_REPRESENTATION_CONTEXT(2) 
PARAMETRIC_REPRESENTATION_CONTEXT() REPRESENTATION_CONTEXT('2D SPACE',''
  ) );
#8031 = PCURVE('',#8032,#8037);
#8032 = PLANE('',#8033);
#8033 = AXIS2_PLACEMENT_3D('',#8034,#8035,#8036);
#8034 = CARTESIAN_POINT('',(57.17,5.94,3.7));
#8035 = DIRECTION('',(0.,1.,0.));
#8036 = DIRECTION('',(0.,0.,1.));
#8037 = DEFINITIONAL_REPRESENTATION('',(#8038),#8042);
#8038 = LINE('',#8039,#8040);
#8039 = CARTESIAN_POINT('',(1.99,-0.95));
#8040 = VECTOR('',#8041,1.);
#8041 = DIRECTION('',(1.,0.));
#8042 = ( GEOMETRIC_REPRESENTATION_CONTEXT(2) 
PARAMETRIC_REPRESENTATION_CONTEXT() REPRESENTATION_CONTEXT('2D SPACE',''
  ) );
#8043 = ADVANCED_FACE('',(#8044),#5725,.F.);
#8044 = FACE_BOUND('',#8045,.F.);
#8045 = EDGE_LOOP('',(#8046,#8047,#8078,#8106,#8134,#8155));
#8046 = ORIENTED_EDGE('',*,*,#5709,.T.);
#8047 = ORIENTED_EDGE('',*,*,#8048,.F.);
#8048 = EDGE_CURVE('',#8049,#5682,#8051,.T.);
#8049 = VERTEX_POINT('',#8050);
#8050 = CARTESIAN_POINT('',(56.22,1.04,10.2));
#8051 = SURFACE_CURVE('',#8052,(#8057,#8068),.PCURVE_S1.);
#8052 = ELLIPSE('',#8053,7.071067811865E-02,5.E-02);
#8053 = AXIS2_PLACEMENT_3D('',#8054,#8055,#8056);
#8054 = CARTESIAN_POINT('',(56.22,0.99,10.25));
#8055 = DIRECTION('',(-0.,0.707106781187,0.707106781187));
#8056 = DIRECTION('',(0.,-0.707106781187,0.707106781187));
#8057 = PCURVE('',#5725,#8058);
#8058 = DEFINITIONAL_REPRESENTATION('',(#8059),#8067);
#8059 = ( BOUNDED_CURVE() B_SPLINE_CURVE(2,(#8060,#8061,#8062,#8063,
#8064,#8065,#8066),.UNSPECIFIED.,.T.,.F.) B_SPLINE_CURVE_WITH_KNOTS((1,2
    ,2,2,2,1),(-2.094395102393,0.,2.094395102393,4.188790204786,
6.28318530718,8.377580409573),.UNSPECIFIED.) CURVE() 
GEOMETRIC_REPRESENTATION_ITEM() RATIONAL_B_SPLINE_CURVE((1.,0.5,1.,0.5,
1.,0.5,1.)) REPRESENTATION_ITEM('') );
#8060 = CARTESIAN_POINT('',(2.687005768509,-0.95));
#8061 = CARTESIAN_POINT('',(2.687005768509,-0.863397459622));
#8062 = CARTESIAN_POINT('',(2.793071785687,-0.906698729811));
#8063 = CARTESIAN_POINT('',(2.899137802865,-0.95));
#8064 = CARTESIAN_POINT('',(2.793071785687,-0.993301270189));
#8065 = CARTESIAN_POINT('',(2.687005768509,-1.036602540378));
#8066 = CARTESIAN_POINT('',(2.687005768509,-0.95));
#8067 = ( GEOMETRIC_REPRESENTATION_CONTEXT(2) 
PARAMETRIC_REPRESENTATION_CONTEXT() REPRESENTATION_CONTEXT('2D SPACE',''
  ) );
#8068 = PCURVE('',#5697,#8069);
#8069 = DEFINITIONAL_REPRESENTATION('',(#8070),#8077);
#8070 = B_SPLINE_CURVE_WITH_KNOTS('',5,(#8071,#8072,#8073,#8074,#8075,
    #8076),.UNSPECIFIED.,.F.,.F.,(6,6),(3.14159265359,4.712388980385),
  .PIECEWISE_BEZIER_KNOTS.);
#8071 = CARTESIAN_POINT('',(0.,1.5));
#8072 = CARTESIAN_POINT('',(0.314159265359,1.5));
#8073 = CARTESIAN_POINT('',(0.628303105478,1.506150638143));
#8074 = CARTESIAN_POINT('',(0.942480391663,1.518570293047));
#8075 = CARTESIAN_POINT('',(1.256637061436,1.534292036732));
#8076 = CARTESIAN_POINT('',(1.570796326795,1.55));
#8077 = ( GEOMETRIC_REPRESENTATION_CONTEXT(2) 
PARAMETRIC_REPRESENTATION_CONTEXT() REPRESENTATION_CONTEXT('2D SPACE',''
  ) );
#8078 = ORIENTED_EDGE('',*,*,#8079,.F.);
#8079 = EDGE_CURVE('',#8080,#8049,#8082,.T.);
#8080 = VERTEX_POINT('',#8081);
#8081 = CARTESIAN_POINT('',(57.17,1.04,10.2));
#8082 = SURFACE_CURVE('',#8083,(#8087,#8094),.PCURVE_S1.);
#8083 = LINE('',#8084,#8085);
#8084 = CARTESIAN_POINT('',(57.17,1.04,10.2));
#8085 = VECTOR('',#8086,1.);
#8086 = DIRECTION('',(-1.,-0.,-0.));
#8087 = PCURVE('',#5725,#8088);
#8088 = DEFINITIONAL_REPRESENTATION('',(#8089),#8093);
#8089 = LINE('',#8090,#8091);
#8090 = CARTESIAN_POINT('',(2.828427124746,0.));
#8091 = VECTOR('',#8092,1.);
#8092 = DIRECTION('',(0.,-1.));
#8093 = ( GEOMETRIC_REPRESENTATION_CONTEXT(2) 
PARAMETRIC_REPRESENTATION_CONTEXT() REPRESENTATION_CONTEXT('2D SPACE',''
  ) );
#8094 = PCURVE('',#8095,#8100);
#8095 = PLANE('',#8096);
#8096 = AXIS2_PLACEMENT_3D('',#8097,#8098,#8099);
#8097 = CARTESIAN_POINT('',(57.17,1.04,10.2));
#8098 = DIRECTION('',(0.,-1.,0.));
#8099 = DIRECTION('',(0.,0.,-1.));
#8100 = DEFINITIONAL_REPRESENTATION('',(#8101),#8105);
#8101 = LINE('',#8102,#8103);
#8102 = CARTESIAN_POINT('',(0.,0.));
#8103 = VECTOR('',#8104,1.);
#8104 = DIRECTION('',(0.,-1.));
#8105 = ( GEOMETRIC_REPRESENTATION_CONTEXT(2) 
PARAMETRIC_REPRESENTATION_CONTEXT() REPRESENTATION_CONTEXT('2D SPACE',''
  ) );
#8106 = ORIENTED_EDGE('',*,*,#8107,.F.);
#8107 = EDGE_CURVE('',#8108,#8080,#8110,.T.);
#8108 = VERTEX_POINT('',#8109);
#8109 = CARTESIAN_POINT('',(57.17,-0.96,12.2));
#8110 = SURFACE_CURVE('',#8111,(#8115,#8122),.PCURVE_S1.);
#8111 = LINE('',#8112,#8113);
#8112 = CARTESIAN_POINT('',(57.17,-0.96,12.2));
#8113 = VECTOR('',#8114,1.);
#8114 = DIRECTION('',(0.,0.707106781187,-0.707106781187));
#8115 = PCURVE('',#5725,#8116);
#8116 = DEFINITIONAL_REPRESENTATION('',(#8117),#8121);
#8117 = LINE('',#8118,#8119);
#8118 = CARTESIAN_POINT('',(0.,0.));
#8119 = VECTOR('',#8120,1.);
#8120 = DIRECTION('',(1.,0.));
#8121 = ( GEOMETRIC_REPRESENTATION_CONTEXT(2) 
PARAMETRIC_REPRESENTATION_CONTEXT() REPRESENTATION_CONTEXT('2D SPACE',''
  ) );
#8122 = PCURVE('',#8123,#8128);
#8123 = PLANE('',#8124);
#8124 = AXIS2_PLACEMENT_3D('',#8125,#8126,#8127);
#8125 = CARTESIAN_POINT('',(57.17,2.04,6.65));
#8126 = DIRECTION('',(1.,-0.,-0.));
#8127 = DIRECTION('',(0.,0.,-1.));
#8128 = DEFINITIONAL_REPRESENTATION('',(#8129),#8133);
#8129 = LINE('',#8130,#8131);
#8130 = CARTESIAN_POINT('',(-5.55,-3.));
#8131 = VECTOR('',#8132,1.);
#8132 = DIRECTION('',(0.707106781187,0.707106781187));
#8133 = ( GEOMETRIC_REPRESENTATION_CONTEXT(2) 
PARAMETRIC_REPRESENTATION_CONTEXT() REPRESENTATION_CONTEXT('2D SPACE',''
  ) );
#8134 = ORIENTED_EDGE('',*,*,#8135,.T.);
#8135 = EDGE_CURVE('',#8108,#7935,#8136,.T.);
#8136 = SURFACE_CURVE('',#8137,(#8141,#8148),.PCURVE_S1.);
#8137 = LINE('',#8138,#8139);
#8138 = CARTESIAN_POINT('',(57.17,-0.96,12.2));
#8139 = VECTOR('',#8140,1.);
#8140 = DIRECTION('',(-1.,-0.,-0.));
#8141 = PCURVE('',#5725,#8142);
#8142 = DEFINITIONAL_REPRESENTATION('',(#8143),#8147);
#8143 = LINE('',#8144,#8145);
#8144 = CARTESIAN_POINT('',(0.,0.));
#8145 = VECTOR('',#8146,1.);
#8146 = DIRECTION('',(0.,-1.));
#8147 = ( GEOMETRIC_REPRESENTATION_CONTEXT(2) 
PARAMETRIC_REPRESENTATION_CONTEXT() REPRESENTATION_CONTEXT('2D SPACE',''
  ) );
#8148 = PCURVE('',#7977,#8149);
#8149 = DEFINITIONAL_REPRESENTATION('',(#8150),#8154);
#8150 = LINE('',#8151,#8152);
#8151 = CARTESIAN_POINT('',(12.,0.));
#8152 = VECTOR('',#8153,1.);
#8153 = DIRECTION('',(0.,-1.));
#8154 = ( GEOMETRIC_REPRESENTATION_CONTEXT(2) 
PARAMETRIC_REPRESENTATION_CONTEXT() REPRESENTATION_CONTEXT('2D SPACE',''
  ) );
#8155 = ORIENTED_EDGE('',*,*,#7934,.T.);
#8156 = ADVANCED_FACE('',(#8157),#5406,.T.);
#8157 = FACE_BOUND('',#8158,.F.);
#8158 = EDGE_LOOP('',(#8159,#8160,#8189,#8211));
#8159 = ORIENTED_EDGE('',*,*,#7994,.F.);
#8160 = ORIENTED_EDGE('',*,*,#8161,.T.);
#8161 = EDGE_CURVE('',#7995,#8162,#8164,.T.);
#8162 = VERTEX_POINT('',#8163);
#8163 = CARTESIAN_POINT('',(56.22,7.93,7.7));
#8164 = SURFACE_CURVE('',#8165,(#8170,#8177),.PCURVE_S1.);
#8165 = CIRCLE('',#8166,1.99);
#8166 = AXIS2_PLACEMENT_3D('',#8167,#8168,#8169);
#8167 = CARTESIAN_POINT('',(56.22,7.93,5.71));
#8168 = DIRECTION('',(-1.,0.,0.));
#8169 = DIRECTION('',(0.,-1.,4.5E-16));
#8170 = PCURVE('',#5406,#8171);
#8171 = DEFINITIONAL_REPRESENTATION('',(#8172),#8176);
#8172 = LINE('',#8173,#8174);
#8173 = CARTESIAN_POINT('',(-0.,3.14159265359));
#8174 = VECTOR('',#8175,1.);
#8175 = DIRECTION('',(-1.,0.));
#8176 = ( GEOMETRIC_REPRESENTATION_CONTEXT(2) 
PARAMETRIC_REPRESENTATION_CONTEXT() REPRESENTATION_CONTEXT('2D SPACE',''
  ) );
#8177 = PCURVE('',#8178,#8183);
#8178 = CYLINDRICAL_SURFACE('',#8179,1.99);
#8179 = AXIS2_PLACEMENT_3D('',#8180,#8181,#8182);
#8180 = CARTESIAN_POINT('',(57.17,7.93,5.71));
#8181 = DIRECTION('',(-1.,-0.,-0.));
#8182 = DIRECTION('',(0.,-1.,0.));
#8183 = DEFINITIONAL_REPRESENTATION('',(#8184),#8188);
#8184 = LINE('',#8185,#8186);
#8185 = CARTESIAN_POINT('',(4.5E-16,0.95));
#8186 = VECTOR('',#8187,1.);
#8187 = DIRECTION('',(1.,0.));
#8188 = ( GEOMETRIC_REPRESENTATION_CONTEXT(2) 
PARAMETRIC_REPRESENTATION_CONTEXT() REPRESENTATION_CONTEXT('2D SPACE',''
  ) );
#8189 = ORIENTED_EDGE('',*,*,#8190,.T.);
#8190 = EDGE_CURVE('',#8162,#5386,#8191,.T.);
#8191 = SURFACE_CURVE('',#8192,(#8197,#8204),.PCURVE_S1.);
#8192 = CIRCLE('',#8193,5.E-02);
#8193 = AXIS2_PLACEMENT_3D('',#8194,#8195,#8196);
#8194 = CARTESIAN_POINT('',(56.22,7.93,7.75));
#8195 = DIRECTION('',(-0.,1.,6.E-17));
#8196 = DIRECTION('',(0.,-6.E-17,1.));
#8197 = PCURVE('',#5406,#8198);
#8198 = DEFINITIONAL_REPRESENTATION('',(#8199),#8203);
#8199 = LINE('',#8200,#8201);
#8200 = CARTESIAN_POINT('',(-1.570796326795,0.));
#8201 = VECTOR('',#8202,1.);
#8202 = DIRECTION('',(-0.,1.));
#8203 = ( GEOMETRIC_REPRESENTATION_CONTEXT(2) 
PARAMETRIC_REPRESENTATION_CONTEXT() REPRESENTATION_CONTEXT('2D SPACE',''
  ) );
#8204 = PCURVE('',#5434,#8205);
#8205 = DEFINITIONAL_REPRESENTATION('',(#8206),#8210);
#8206 = LINE('',#8207,#8208);
#8207 = CARTESIAN_POINT('',(-3.14159265359,0.));
#8208 = VECTOR('',#8209,1.);
#8209 = DIRECTION('',(1.,0.));
#8210 = ( GEOMETRIC_REPRESENTATION_CONTEXT(2) 
PARAMETRIC_REPRESENTATION_CONTEXT() REPRESENTATION_CONTEXT('2D SPACE',''
  ) );
#8211 = ORIENTED_EDGE('',*,*,#5385,.F.);
#8212 = ADVANCED_FACE('',(#8213),#5697,.T.);
#8213 = FACE_BOUND('',#8214,.T.);
#8214 = EDGE_LOOP('',(#8215,#8239,#8240,#8241));
#8215 = ORIENTED_EDGE('',*,*,#8216,.T.);
#8216 = EDGE_CURVE('',#8217,#5649,#8219,.T.);
#8217 = VERTEX_POINT('',#8218);
#8218 = CARTESIAN_POINT('',(56.22,1.04,8.7));
#8219 = SURFACE_CURVE('',#8220,(#8225,#8232),.PCURVE_S1.);
#8220 = CIRCLE('',#8221,5.E-02);
#8221 = AXIS2_PLACEMENT_3D('',#8222,#8223,#8224);
#8222 = CARTESIAN_POINT('',(56.22,0.99,8.7));
#8223 = DIRECTION('',(0.,-6.E-17,1.));
#8224 = DIRECTION('',(0.,-1.,-6.E-17));
#8225 = PCURVE('',#5697,#8226);
#8226 = DEFINITIONAL_REPRESENTATION('',(#8227),#8231);
#8227 = LINE('',#8228,#8229);
#8228 = CARTESIAN_POINT('',(-3.14159265359,-1.78E-15));
#8229 = VECTOR('',#8230,1.);
#8230 = DIRECTION('',(1.,0.));
#8231 = ( GEOMETRIC_REPRESENTATION_CONTEXT(2) 
PARAMETRIC_REPRESENTATION_CONTEXT() REPRESENTATION_CONTEXT('2D SPACE',''
  ) );
#8232 = PCURVE('',#5669,#8233);
#8233 = DEFINITIONAL_REPRESENTATION('',(#8234),#8238);
#8234 = LINE('',#8235,#8236);
#8235 = CARTESIAN_POINT('',(-1.570796326795,0.));
#8236 = VECTOR('',#8237,1.);
#8237 = DIRECTION('',(-0.,1.));
#8238 = ( GEOMETRIC_REPRESENTATION_CONTEXT(2) 
PARAMETRIC_REPRESENTATION_CONTEXT() REPRESENTATION_CONTEXT('2D SPACE',''
  ) );
#8239 = ORIENTED_EDGE('',*,*,#5681,.T.);
#8240 = ORIENTED_EDGE('',*,*,#8048,.F.);
#8241 = ORIENTED_EDGE('',*,*,#8242,.F.);
#8242 = EDGE_CURVE('',#8217,#8049,#8243,.T.);
#8243 = SURFACE_CURVE('',#8244,(#8248,#8255),.PCURVE_S1.);
#8244 = LINE('',#8245,#8246);
#8245 = CARTESIAN_POINT('',(56.22,1.04,8.7));
#8246 = VECTOR('',#8247,1.);
#8247 = DIRECTION('',(0.,0.,1.));
#8248 = PCURVE('',#5697,#8249);
#8249 = DEFINITIONAL_REPRESENTATION('',(#8250),#8254);
#8250 = LINE('',#8251,#8252);
#8251 = CARTESIAN_POINT('',(0.,0.));
#8252 = VECTOR('',#8253,1.);
#8253 = DIRECTION('',(0.,1.));
#8254 = ( GEOMETRIC_REPRESENTATION_CONTEXT(2) 
PARAMETRIC_REPRESENTATION_CONTEXT() REPRESENTATION_CONTEXT('2D SPACE',''
  ) );
#8255 = PCURVE('',#8095,#8256);
#8256 = DEFINITIONAL_REPRESENTATION('',(#8257),#8261);
#8257 = LINE('',#8258,#8259);
#8258 = CARTESIAN_POINT('',(1.5,-0.95));
#8259 = VECTOR('',#8260,1.);
#8260 = DIRECTION('',(-1.,0.));
#8261 = ( GEOMETRIC_REPRESENTATION_CONTEXT(2) 
PARAMETRIC_REPRESENTATION_CONTEXT() REPRESENTATION_CONTEXT('2D SPACE',''
  ) );
#8262 = ADVANCED_FACE('',(#8263),#5434,.T.);
#8263 = FACE_BOUND('',#8264,.T.);
#8264 = EDGE_LOOP('',(#8265,#8293,#8294,#8295));
#8265 = ORIENTED_EDGE('',*,*,#8266,.F.);
#8266 = EDGE_CURVE('',#8162,#8267,#8269,.T.);
#8267 = VERTEX_POINT('',#8268);
#8268 = CARTESIAN_POINT('',(56.22,10.99,7.7));
#8269 = SURFACE_CURVE('',#8270,(#8274,#8281),.PCURVE_S1.);
#8270 = LINE('',#8271,#8272);
#8271 = CARTESIAN_POINT('',(56.22,7.93,7.7));
#8272 = VECTOR('',#8273,1.);
#8273 = DIRECTION('',(0.,1.,0.));
#8274 = PCURVE('',#5434,#8275);
#8275 = DEFINITIONAL_REPRESENTATION('',(#8276),#8280);
#8276 = LINE('',#8277,#8278);
#8277 = CARTESIAN_POINT('',(0.,0.));
#8278 = VECTOR('',#8279,1.);
#8279 = DIRECTION('',(0.,1.));
#8280 = ( GEOMETRIC_REPRESENTATION_CONTEXT(2) 
PARAMETRIC_REPRESENTATION_CONTEXT() REPRESENTATION_CONTEXT('2D SPACE',''
  ) );
#8281 = PCURVE('',#8282,#8287);
#8282 = PLANE('',#8283);
#8283 = AXIS2_PLACEMENT_3D('',#8284,#8285,#8286);
#8284 = CARTESIAN_POINT('',(57.17,5.94,7.7));
#8285 = DIRECTION('',(0.,0.,-1.));
#8286 = DIRECTION('',(0.,1.,0.));
#8287 = DEFINITIONAL_REPRESENTATION('',(#8288),#8292);
#8288 = LINE('',#8289,#8290);
#8289 = CARTESIAN_POINT('',(1.99,-0.95));
#8290 = VECTOR('',#8291,1.);
#8291 = DIRECTION('',(1.,0.));
#8292 = ( GEOMETRIC_REPRESENTATION_CONTEXT(2) 
PARAMETRIC_REPRESENTATION_CONTEXT() REPRESENTATION_CONTEXT('2D SPACE',''
  ) );
#8293 = ORIENTED_EDGE('',*,*,#8190,.T.);
#8294 = ORIENTED_EDGE('',*,*,#5418,.T.);
#8295 = ORIENTED_EDGE('',*,*,#8296,.F.);
#8296 = EDGE_CURVE('',#8267,#5419,#8297,.T.);
#8297 = SURFACE_CURVE('',#8298,(#8303,#8310),.PCURVE_S1.);
#8298 = CIRCLE('',#8299,5.E-02);
#8299 = AXIS2_PLACEMENT_3D('',#8300,#8301,#8302);
#8300 = CARTESIAN_POINT('',(56.22,10.99,7.75));
#8301 = DIRECTION('',(0.,1.,0.));
#8302 = DIRECTION('',(0.,0.,-1.));
#8303 = PCURVE('',#5434,#8304);
#8304 = DEFINITIONAL_REPRESENTATION('',(#8305),#8309);
#8305 = LINE('',#8306,#8307);
#8306 = CARTESIAN_POINT('',(0.,3.06));
#8307 = VECTOR('',#8308,1.);
#8308 = DIRECTION('',(1.,0.));
#8309 = ( GEOMETRIC_REPRESENTATION_CONTEXT(2) 
PARAMETRIC_REPRESENTATION_CONTEXT() REPRESENTATION_CONTEXT('2D SPACE',''
  ) );
#8310 = PCURVE('',#8311,#8316);
#8311 = SPHERICAL_SURFACE('',#8312,5.E-02);
#8312 = AXIS2_PLACEMENT_3D('',#8313,#8314,#8315);
#8313 = CARTESIAN_POINT('',(56.22,10.99,7.75));
#8314 = DIRECTION('',(-0.,-1.,-0.));
#8315 = DIRECTION('',(0.,0.,-1.));
#8316 = DEFINITIONAL_REPRESENTATION('',(#8317),#8321);
#8317 = LINE('',#8318,#8319);
#8318 = CARTESIAN_POINT('',(-0.,0.));
#8319 = VECTOR('',#8320,1.);
#8320 = DIRECTION('',(-1.,0.));
#8321 = ( GEOMETRIC_REPRESENTATION_CONTEXT(2) 
PARAMETRIC_REPRESENTATION_CONTEXT() REPRESENTATION_CONTEXT('2D SPACE',''
  ) );
#8322 = ADVANCED_FACE('',(#8323),#5669,.T.);
#8323 = FACE_BOUND('',#8324,.F.);
#8324 = EDGE_LOOP('',(#8325,#8349,#8376,#8377));
#8325 = ORIENTED_EDGE('',*,*,#8326,.F.);
#8326 = EDGE_CURVE('',#8327,#5621,#8329,.T.);
#8327 = VERTEX_POINT('',#8328);
#8328 = CARTESIAN_POINT('',(56.22,1.54,8.2));
#8329 = SURFACE_CURVE('',#8330,(#8335,#8342),.PCURVE_S1.);
#8330 = CIRCLE('',#8331,5.E-02);
#8331 = AXIS2_PLACEMENT_3D('',#8332,#8333,#8334);
#8332 = CARTESIAN_POINT('',(56.22,1.54,8.15));
#8333 = DIRECTION('',(0.,-1.,0.));
#8334 = DIRECTION('',(0.,0.,1.));
#8335 = PCURVE('',#5669,#8336);
#8336 = DEFINITIONAL_REPRESENTATION('',(#8337),#8341);
#8337 = LINE('',#8338,#8339);
#8338 = CARTESIAN_POINT('',(4.4E-16,3.14159265359));
#8339 = VECTOR('',#8340,1.);
#8340 = DIRECTION('',(-0.,1.));
#8341 = ( GEOMETRIC_REPRESENTATION_CONTEXT(2) 
PARAMETRIC_REPRESENTATION_CONTEXT() REPRESENTATION_CONTEXT('2D SPACE',''
  ) );
#8342 = PCURVE('',#5636,#8343);
#8343 = DEFINITIONAL_REPRESENTATION('',(#8344),#8348);
#8344 = LINE('',#8345,#8346);
#8345 = CARTESIAN_POINT('',(0.,1.9));
#8346 = VECTOR('',#8347,1.);
#8347 = DIRECTION('',(1.,0.));
#8348 = ( GEOMETRIC_REPRESENTATION_CONTEXT(2) 
PARAMETRIC_REPRESENTATION_CONTEXT() REPRESENTATION_CONTEXT('2D SPACE',''
  ) );
#8349 = ORIENTED_EDGE('',*,*,#8350,.T.);
#8350 = EDGE_CURVE('',#8327,#8217,#8351,.T.);
#8351 = SURFACE_CURVE('',#8352,(#8357,#8364),.PCURVE_S1.);
#8352 = CIRCLE('',#8353,0.5);
#8353 = AXIS2_PLACEMENT_3D('',#8354,#8355,#8356);
#8354 = CARTESIAN_POINT('',(56.22,1.54,8.7));
#8355 = DIRECTION('',(-1.,-0.,0.));
#8356 = DIRECTION('',(0.,-4.4E-16,-1.));
#8357 = PCURVE('',#5669,#8358);
#8358 = DEFINITIONAL_REPRESENTATION('',(#8359),#8363);
#8359 = LINE('',#8360,#8361);
#8360 = CARTESIAN_POINT('',(-0.,3.14159265359));
#8361 = VECTOR('',#8362,1.);
#8362 = DIRECTION('',(-1.,0.));
#8363 = ( GEOMETRIC_REPRESENTATION_CONTEXT(2) 
PARAMETRIC_REPRESENTATION_CONTEXT() REPRESENTATION_CONTEXT('2D SPACE',''
  ) );
#8364 = PCURVE('',#8365,#8370);
#8365 = CYLINDRICAL_SURFACE('',#8366,0.5);
#8366 = AXIS2_PLACEMENT_3D('',#8367,#8368,#8369);
#8367 = CARTESIAN_POINT('',(57.17,1.54,8.7));
#8368 = DIRECTION('',(-1.,-0.,-0.));
#8369 = DIRECTION('',(0.,-1.,0.));
#8370 = DEFINITIONAL_REPRESENTATION('',(#8371),#8375);
#8371 = LINE('',#8372,#8373);
#8372 = CARTESIAN_POINT('',(-1.570796326795,0.95));
#8373 = VECTOR('',#8374,1.);
#8374 = DIRECTION('',(1.,-0.));
#8375 = ( GEOMETRIC_REPRESENTATION_CONTEXT(2) 
PARAMETRIC_REPRESENTATION_CONTEXT() REPRESENTATION_CONTEXT('2D SPACE',''
  ) );
#8376 = ORIENTED_EDGE('',*,*,#8216,.T.);
#8377 = ORIENTED_EDGE('',*,*,#5648,.F.);
#8378 = ADVANCED_FACE('',(#8379),#5462,.T.);
#8379 = FACE_BOUND('',#8380,.T.);
#8380 = EDGE_LOOP('',(#8381,#8405,#8406,#8430));
#8381 = ORIENTED_EDGE('',*,*,#8382,.T.);
#8382 = EDGE_CURVE('',#8383,#5419,#8385,.T.);
#8383 = VERTEX_POINT('',#8384);
#8384 = CARTESIAN_POINT('',(56.22,11.04,7.75));
#8385 = SURFACE_CURVE('',#8386,(#8391,#8398),.PCURVE_S1.);
#8386 = CIRCLE('',#8387,5.E-02);
#8387 = AXIS2_PLACEMENT_3D('',#8388,#8389,#8390);
#8388 = CARTESIAN_POINT('',(56.22,10.99,7.75));
#8389 = DIRECTION('',(-6.E-17,0.,1.));
#8390 = DIRECTION('',(-1.,0.,-6.E-17));
#8391 = PCURVE('',#5462,#8392);
#8392 = DEFINITIONAL_REPRESENTATION('',(#8393),#8397);
#8393 = LINE('',#8394,#8395);
#8394 = CARTESIAN_POINT('',(-4.712388980385,-8.9E-16));
#8395 = VECTOR('',#8396,1.);
#8396 = DIRECTION('',(1.,0.));
#8397 = ( GEOMETRIC_REPRESENTATION_CONTEXT(2) 
PARAMETRIC_REPRESENTATION_CONTEXT() REPRESENTATION_CONTEXT('2D SPACE',''
  ) );
#8398 = PCURVE('',#8311,#8399);
#8399 = DEFINITIONAL_REPRESENTATION('',(#8400),#8404);
#8400 = LINE('',#8401,#8402);
#8401 = CARTESIAN_POINT('',(-1.570796326795,-6.28318530718));
#8402 = VECTOR('',#8403,1.);
#8403 = DIRECTION('',(-0.,1.));
#8404 = ( GEOMETRIC_REPRESENTATION_CONTEXT(2) 
PARAMETRIC_REPRESENTATION_CONTEXT() REPRESENTATION_CONTEXT('2D SPACE',''
  ) );
#8405 = ORIENTED_EDGE('',*,*,#5446,.T.);
#8406 = ORIENTED_EDGE('',*,*,#8407,.F.);
#8407 = EDGE_CURVE('',#8408,#5447,#8410,.T.);
#8408 = VERTEX_POINT('',#8409);
#8409 = CARTESIAN_POINT('',(56.22,11.04,10.7));
#8410 = SURFACE_CURVE('',#8411,(#8416,#8423),.PCURVE_S1.);
#8411 = CIRCLE('',#8412,5.E-02);
#8412 = AXIS2_PLACEMENT_3D('',#8413,#8414,#8415);
#8413 = CARTESIAN_POINT('',(56.22,10.99,10.7));
#8414 = DIRECTION('',(0.,-0.,1.));
#8415 = DIRECTION('',(0.,1.,0.));
#8416 = PCURVE('',#5462,#8417);
#8417 = DEFINITIONAL_REPRESENTATION('',(#8418),#8422);
#8418 = LINE('',#8419,#8420);
#8419 = CARTESIAN_POINT('',(0.,2.95));
#8420 = VECTOR('',#8421,1.);
#8421 = DIRECTION('',(1.,0.));
#8422 = ( GEOMETRIC_REPRESENTATION_CONTEXT(2) 
PARAMETRIC_REPRESENTATION_CONTEXT() REPRESENTATION_CONTEXT('2D SPACE',''
  ) );
#8423 = PCURVE('',#5491,#8424);
#8424 = DEFINITIONAL_REPRESENTATION('',(#8425),#8429);
#8425 = LINE('',#8426,#8427);
#8426 = CARTESIAN_POINT('',(-0.,0.));
#8427 = VECTOR('',#8428,1.);
#8428 = DIRECTION('',(-0.,1.));
#8429 = ( GEOMETRIC_REPRESENTATION_CONTEXT(2) 
PARAMETRIC_REPRESENTATION_CONTEXT() REPRESENTATION_CONTEXT('2D SPACE',''
  ) );
#8430 = ORIENTED_EDGE('',*,*,#8431,.F.);
#8431 = EDGE_CURVE('',#8383,#8408,#8432,.T.);
#8432 = SURFACE_CURVE('',#8433,(#8437,#8444),.PCURVE_S1.);
#8433 = LINE('',#8434,#8435);
#8434 = CARTESIAN_POINT('',(56.22,11.04,7.75));
#8435 = VECTOR('',#8436,1.);
#8436 = DIRECTION('',(0.,0.,1.));
#8437 = PCURVE('',#5462,#8438);
#8438 = DEFINITIONAL_REPRESENTATION('',(#8439),#8443);
#8439 = LINE('',#8440,#8441);
#8440 = CARTESIAN_POINT('',(0.,0.));
#8441 = VECTOR('',#8442,1.);
#8442 = DIRECTION('',(0.,1.));
#8443 = ( GEOMETRIC_REPRESENTATION_CONTEXT(2) 
PARAMETRIC_REPRESENTATION_CONTEXT() REPRESENTATION_CONTEXT('2D SPACE',''
  ) );
#8444 = PCURVE('',#8445,#8450);
#8445 = PLANE('',#8446);
#8446 = AXIS2_PLACEMENT_3D('',#8447,#8448,#8449);
#8447 = CARTESIAN_POINT('',(57.17,11.04,1.1));
#8448 = DIRECTION('',(0.,1.,0.));
#8449 = DIRECTION('',(0.,0.,1.));
#8450 = DEFINITIONAL_REPRESENTATION('',(#8451),#8455);
#8451 = LINE('',#8452,#8453);
#8452 = CARTESIAN_POINT('',(6.65,-0.95));
#8453 = VECTOR('',#8454,1.);
#8454 = DIRECTION('',(1.,0.));
#8455 = ( GEOMETRIC_REPRESENTATION_CONTEXT(2) 
PARAMETRIC_REPRESENTATION_CONTEXT() REPRESENTATION_CONTEXT('2D SPACE',''
  ) );
#8456 = ADVANCED_FACE('',(#8457),#5636,.T.);
#8457 = FACE_BOUND('',#8458,.T.);
#8458 = EDGE_LOOP('',(#8459,#8483,#8484,#8485));
#8459 = ORIENTED_EDGE('',*,*,#8460,.T.);
#8460 = EDGE_CURVE('',#8461,#5588,#8463,.T.);
#8461 = VERTEX_POINT('',#8462);
#8462 = CARTESIAN_POINT('',(56.22,3.44,8.2));
#8463 = SURFACE_CURVE('',#8464,(#8469,#8476),.PCURVE_S1.);
#8464 = CIRCLE('',#8465,5.E-02);
#8465 = AXIS2_PLACEMENT_3D('',#8466,#8467,#8468);
#8466 = CARTESIAN_POINT('',(56.22,3.44,8.15));
#8467 = DIRECTION('',(0.,-1.,-6.E-17));
#8468 = DIRECTION('',(0.,6.E-17,-1.));
#8469 = PCURVE('',#5636,#8470);
#8470 = DEFINITIONAL_REPRESENTATION('',(#8471),#8475);
#8471 = LINE('',#8472,#8473);
#8472 = CARTESIAN_POINT('',(-3.14159265359,0.));
#8473 = VECTOR('',#8474,1.);
#8474 = DIRECTION('',(1.,0.));
#8475 = ( GEOMETRIC_REPRESENTATION_CONTEXT(2) 
PARAMETRIC_REPRESENTATION_CONTEXT() REPRESENTATION_CONTEXT('2D SPACE',''
  ) );
#8476 = PCURVE('',#5608,#8477);
#8477 = DEFINITIONAL_REPRESENTATION('',(#8478),#8482);
#8478 = LINE('',#8479,#8480);
#8479 = CARTESIAN_POINT('',(-1.570796326795,0.));
#8480 = VECTOR('',#8481,1.);
#8481 = DIRECTION('',(-0.,1.));
#8482 = ( GEOMETRIC_REPRESENTATION_CONTEXT(2) 
PARAMETRIC_REPRESENTATION_CONTEXT() REPRESENTATION_CONTEXT('2D SPACE',''
  ) );
#8483 = ORIENTED_EDGE('',*,*,#5620,.T.);
#8484 = ORIENTED_EDGE('',*,*,#8326,.F.);
#8485 = ORIENTED_EDGE('',*,*,#8486,.F.);
#8486 = EDGE_CURVE('',#8461,#8327,#8487,.T.);
#8487 = SURFACE_CURVE('',#8488,(#8492,#8499),.PCURVE_S1.);
#8488 = LINE('',#8489,#8490);
#8489 = CARTESIAN_POINT('',(56.22,3.44,8.2));
#8490 = VECTOR('',#8491,1.);
#8491 = DIRECTION('',(0.,-1.,0.));
#8492 = PCURVE('',#5636,#8493);
#8493 = DEFINITIONAL_REPRESENTATION('',(#8494),#8498);
#8494 = LINE('',#8495,#8496);
#8495 = CARTESIAN_POINT('',(0.,0.));
#8496 = VECTOR('',#8497,1.);
#8497 = DIRECTION('',(0.,1.));
#8498 = ( GEOMETRIC_REPRESENTATION_CONTEXT(2) 
PARAMETRIC_REPRESENTATION_CONTEXT() REPRESENTATION_CONTEXT('2D SPACE',''
  ) );
#8499 = PCURVE('',#8500,#8505);
#8500 = PLANE('',#8501);
#8501 = AXIS2_PLACEMENT_3D('',#8502,#8503,#8504);
#8502 = CARTESIAN_POINT('',(57.17,3.94,8.2));
#8503 = DIRECTION('',(0.,0.,1.));
#8504 = DIRECTION('',(0.,-1.,0.));
#8505 = DEFINITIONAL_REPRESENTATION('',(#8506),#8510);
#8506 = LINE('',#8507,#8508);
#8507 = CARTESIAN_POINT('',(0.5,-0.95));
#8508 = VECTOR('',#8509,1.);
#8509 = DIRECTION('',(1.,0.));
#8510 = ( GEOMETRIC_REPRESENTATION_CONTEXT(2) 
PARAMETRIC_REPRESENTATION_CONTEXT() REPRESENTATION_CONTEXT('2D SPACE',''
  ) );
#8511 = ADVANCED_FACE('',(#8512),#5491,.T.);
#8512 = FACE_BOUND('',#8513,.F.);
#8513 = EDGE_LOOP('',(#8514,#8515,#8544,#8566));
#8514 = ORIENTED_EDGE('',*,*,#8407,.F.);
#8515 = ORIENTED_EDGE('',*,*,#8516,.T.);
#8516 = EDGE_CURVE('',#8408,#8517,#8519,.T.);
#8517 = VERTEX_POINT('',#8518);
#8518 = CARTESIAN_POINT('',(56.22,9.54,12.2));
#8519 = SURFACE_CURVE('',#8520,(#8525,#8532),.PCURVE_S1.);
#8520 = CIRCLE('',#8521,1.5);
#8521 = AXIS2_PLACEMENT_3D('',#8522,#8523,#8524);
#8522 = CARTESIAN_POINT('',(56.22,9.54,10.7));
#8523 = DIRECTION('',(1.,0.,0.));
#8524 = DIRECTION('',(0.,1.,0.));
#8525 = PCURVE('',#5491,#8526);
#8526 = DEFINITIONAL_REPRESENTATION('',(#8527),#8531);
#8527 = LINE('',#8528,#8529);
#8528 = CARTESIAN_POINT('',(-0.,0.));
#8529 = VECTOR('',#8530,1.);
#8530 = DIRECTION('',(-1.,0.));
#8531 = ( GEOMETRIC_REPRESENTATION_CONTEXT(2) 
PARAMETRIC_REPRESENTATION_CONTEXT() REPRESENTATION_CONTEXT('2D SPACE',''
  ) );
#8532 = PCURVE('',#8533,#8538);
#8533 = CYLINDRICAL_SURFACE('',#8534,1.5);
#8534 = AXIS2_PLACEMENT_3D('',#8535,#8536,#8537);
#8535 = CARTESIAN_POINT('',(57.17,9.54,10.7));
#8536 = DIRECTION('',(-1.,0.,0.));
#8537 = DIRECTION('',(0.,1.,0.));
#8538 = DEFINITIONAL_REPRESENTATION('',(#8539),#8543);
#8539 = LINE('',#8540,#8541);
#8540 = CARTESIAN_POINT('',(-0.,0.95));
#8541 = VECTOR('',#8542,1.);
#8542 = DIRECTION('',(-1.,0.));
#8543 = ( GEOMETRIC_REPRESENTATION_CONTEXT(2) 
PARAMETRIC_REPRESENTATION_CONTEXT() REPRESENTATION_CONTEXT('2D SPACE',''
  ) );
#8544 = ORIENTED_EDGE('',*,*,#8545,.T.);
#8545 = EDGE_CURVE('',#8517,#5475,#8546,.T.);
#8546 = SURFACE_CURVE('',#8547,(#8552,#8559),.PCURVE_S1.);
#8547 = CIRCLE('',#8548,5.E-02);
#8548 = AXIS2_PLACEMENT_3D('',#8549,#8550,#8551);
#8549 = CARTESIAN_POINT('',(56.22,9.54,12.15));
#8550 = DIRECTION('',(0.,-1.,6.E-17));
#8551 = DIRECTION('',(0.,6.E-17,1.));
#8552 = PCURVE('',#5491,#8553);
#8553 = DEFINITIONAL_REPRESENTATION('',(#8554),#8558);
#8554 = LINE('',#8555,#8556);
#8555 = CARTESIAN_POINT('',(-1.570796326795,0.));
#8556 = VECTOR('',#8557,1.);
#8557 = DIRECTION('',(-0.,1.));
#8558 = ( GEOMETRIC_REPRESENTATION_CONTEXT(2) 
PARAMETRIC_REPRESENTATION_CONTEXT() REPRESENTATION_CONTEXT('2D SPACE',''
  ) );
#8559 = PCURVE('',#5519,#8560);
#8560 = DEFINITIONAL_REPRESENTATION('',(#8561),#8565);
#8561 = LINE('',#8562,#8563);
#8562 = CARTESIAN_POINT('',(0.,0.));
#8563 = VECTOR('',#8564,1.);
#8564 = DIRECTION('',(1.,0.));
#8565 = ( GEOMETRIC_REPRESENTATION_CONTEXT(2) 
PARAMETRIC_REPRESENTATION_CONTEXT() REPRESENTATION_CONTEXT('2D SPACE',''
  ) );
#8566 = ORIENTED_EDGE('',*,*,#5474,.F.);
#8567 = ADVANCED_FACE('',(#8568),#5608,.T.);
#8568 = FACE_BOUND('',#8569,.F.);
#8569 = EDGE_LOOP('',(#8570,#8594,#8621,#8622));
#8570 = ORIENTED_EDGE('',*,*,#8571,.F.);
#8571 = EDGE_CURVE('',#8572,#5560,#8574,.T.);
#8572 = VERTEX_POINT('',#8573);
#8573 = CARTESIAN_POINT('',(56.22,3.94,8.7));
#8574 = SURFACE_CURVE('',#8575,(#8580,#8587),.PCURVE_S1.);
#8575 = CIRCLE('',#8576,5.E-02);
#8576 = AXIS2_PLACEMENT_3D('',#8577,#8578,#8579);
#8577 = CARTESIAN_POINT('',(56.22,3.99,8.7));
#8578 = DIRECTION('',(-0.,-0.,-1.));
#8579 = DIRECTION('',(0.,-1.,0.));
#8580 = PCURVE('',#5608,#8581);
#8581 = DEFINITIONAL_REPRESENTATION('',(#8582),#8586);
#8582 = LINE('',#8583,#8584);
#8583 = CARTESIAN_POINT('',(-3.55E-15,3.14159265359));
#8584 = VECTOR('',#8585,1.);
#8585 = DIRECTION('',(-0.,1.));
#8586 = ( GEOMETRIC_REPRESENTATION_CONTEXT(2) 
PARAMETRIC_REPRESENTATION_CONTEXT() REPRESENTATION_CONTEXT('2D SPACE',''
  ) );
#8587 = PCURVE('',#5575,#8588);
#8588 = DEFINITIONAL_REPRESENTATION('',(#8589),#8593);
#8589 = LINE('',#8590,#8591);
#8590 = CARTESIAN_POINT('',(0.,1.5));
#8591 = VECTOR('',#8592,1.);
#8592 = DIRECTION('',(1.,0.));
#8593 = ( GEOMETRIC_REPRESENTATION_CONTEXT(2) 
PARAMETRIC_REPRESENTATION_CONTEXT() REPRESENTATION_CONTEXT('2D SPACE',''
  ) );
#8594 = ORIENTED_EDGE('',*,*,#8595,.T.);
#8595 = EDGE_CURVE('',#8572,#8461,#8596,.T.);
#8596 = SURFACE_CURVE('',#8597,(#8602,#8609),.PCURVE_S1.);
#8597 = CIRCLE('',#8598,0.5);
#8598 = AXIS2_PLACEMENT_3D('',#8599,#8600,#8601);
#8599 = CARTESIAN_POINT('',(56.22,3.44,8.7));
#8600 = DIRECTION('',(-1.,0.,0.));
#8601 = DIRECTION('',(0.,1.,3.55E-15));
#8602 = PCURVE('',#5608,#8603);
#8603 = DEFINITIONAL_REPRESENTATION('',(#8604),#8608);
#8604 = LINE('',#8605,#8606);
#8605 = CARTESIAN_POINT('',(-0.,3.14159265359));
#8606 = VECTOR('',#8607,1.);
#8607 = DIRECTION('',(-1.,0.));
#8608 = ( GEOMETRIC_REPRESENTATION_CONTEXT(2) 
PARAMETRIC_REPRESENTATION_CONTEXT() REPRESENTATION_CONTEXT('2D SPACE',''
  ) );
#8609 = PCURVE('',#8610,#8615);
#8610 = CYLINDRICAL_SURFACE('',#8611,0.5);
#8611 = AXIS2_PLACEMENT_3D('',#8612,#8613,#8614);
#8612 = CARTESIAN_POINT('',(57.17,3.44,8.7));
#8613 = DIRECTION('',(-1.,-0.,-0.));
#8614 = DIRECTION('',(0.,0.,-1.));
#8615 = DEFINITIONAL_REPRESENTATION('',(#8616),#8620);
#8616 = LINE('',#8617,#8618);
#8617 = CARTESIAN_POINT('',(-1.570796326795,0.95));
#8618 = VECTOR('',#8619,1.);
#8619 = DIRECTION('',(1.,-0.));
#8620 = ( GEOMETRIC_REPRESENTATION_CONTEXT(2) 
PARAMETRIC_REPRESENTATION_CONTEXT() REPRESENTATION_CONTEXT('2D SPACE',''
  ) );
#8621 = ORIENTED_EDGE('',*,*,#8460,.T.);
#8622 = ORIENTED_EDGE('',*,*,#5587,.F.);
#8623 = ADVANCED_FACE('',(#8624),#5519,.T.);
#8624 = FACE_BOUND('',#8625,.T.);
#8625 = EDGE_LOOP('',(#8626,#8627,#8628,#8659));
#8626 = ORIENTED_EDGE('',*,*,#8545,.T.);
#8627 = ORIENTED_EDGE('',*,*,#5503,.T.);
#8628 = ORIENTED_EDGE('',*,*,#8629,.F.);
#8629 = EDGE_CURVE('',#8630,#5504,#8632,.T.);
#8630 = VERTEX_POINT('',#8631);
#8631 = CARTESIAN_POINT('',(56.22,5.94,12.2));
#8632 = SURFACE_CURVE('',#8633,(#8638,#8648),.PCURVE_S1.);
#8633 = ELLIPSE('',#8634,7.071067811865E-02,5.E-02);
#8634 = AXIS2_PLACEMENT_3D('',#8635,#8636,#8637);
#8635 = CARTESIAN_POINT('',(56.22,5.89,12.15));
#8636 = DIRECTION('',(0.,-0.707106781187,0.707106781187));
#8637 = DIRECTION('',(0.,-0.707106781187,-0.707106781187));
#8638 = PCURVE('',#5519,#8639);
#8639 = DEFINITIONAL_REPRESENTATION('',(#8640),#8647);
#8640 = B_SPLINE_CURVE_WITH_KNOTS('',5,(#8641,#8642,#8643,#8644,#8645,
    #8646),.UNSPECIFIED.,.F.,.F.,(6,6),(3.14159265359,4.712388980385),
  .PIECEWISE_BEZIER_KNOTS.);
#8641 = CARTESIAN_POINT('',(0.,3.6));
#8642 = CARTESIAN_POINT('',(0.314159265359,3.6));
#8643 = CARTESIAN_POINT('',(0.628303105479,3.606150638143));
#8644 = CARTESIAN_POINT('',(0.942480391663,3.618570293047));
#8645 = CARTESIAN_POINT('',(1.256637061436,3.634292036732));
#8646 = CARTESIAN_POINT('',(1.570796326795,3.65));
#8647 = ( GEOMETRIC_REPRESENTATION_CONTEXT(2) 
PARAMETRIC_REPRESENTATION_CONTEXT() REPRESENTATION_CONTEXT('2D SPACE',''
  ) );
#8648 = PCURVE('',#5547,#8649);
#8649 = DEFINITIONAL_REPRESENTATION('',(#8650),#8658);
#8650 = ( BOUNDED_CURVE() B_SPLINE_CURVE(2,(#8651,#8652,#8653,#8654,
#8655,#8656,#8657),.UNSPECIFIED.,.T.,.F.) B_SPLINE_CURVE_WITH_KNOTS((1,2
    ,2,2,2,1),(-2.094395102393,0.,2.094395102393,4.188790204786,
6.28318530718,8.377580409573),.UNSPECIFIED.) CURVE() 
GEOMETRIC_REPRESENTATION_ITEM() RATIONAL_B_SPLINE_CURVE((1.,0.5,1.,0.5,
1.,0.5,1.)) REPRESENTATION_ITEM('') );
#8651 = CARTESIAN_POINT('',(2.687005768509,-0.95));
#8652 = CARTESIAN_POINT('',(2.687005768509,-0.863397459622));
#8653 = CARTESIAN_POINT('',(2.793071785687,-0.906698729811));
#8654 = CARTESIAN_POINT('',(2.899137802865,-0.95));
#8655 = CARTESIAN_POINT('',(2.793071785687,-0.993301270189));
#8656 = CARTESIAN_POINT('',(2.687005768509,-1.036602540378));
#8657 = CARTESIAN_POINT('',(2.687005768509,-0.95));
#8658 = ( GEOMETRIC_REPRESENTATION_CONTEXT(2) 
PARAMETRIC_REPRESENTATION_CONTEXT() REPRESENTATION_CONTEXT('2D SPACE',''
  ) );
#8659 = ORIENTED_EDGE('',*,*,#8660,.F.);
#8660 = EDGE_CURVE('',#8517,#8630,#8661,.T.);
#8661 = SURFACE_CURVE('',#8662,(#8666,#8673),.PCURVE_S1.);
#8662 = LINE('',#8663,#8664);
#8663 = CARTESIAN_POINT('',(56.22,9.54,12.2));
#8664 = VECTOR('',#8665,1.);
#8665 = DIRECTION('',(0.,-1.,0.));
#8666 = PCURVE('',#5519,#8667);
#8667 = DEFINITIONAL_REPRESENTATION('',(#8668),#8672);
#8668 = LINE('',#8669,#8670);
#8669 = CARTESIAN_POINT('',(0.,0.));
#8670 = VECTOR('',#8671,1.);
#8671 = DIRECTION('',(0.,1.));
#8672 = ( GEOMETRIC_REPRESENTATION_CONTEXT(2) 
PARAMETRIC_REPRESENTATION_CONTEXT() REPRESENTATION_CONTEXT('2D SPACE',''
  ) );
#8673 = PCURVE('',#8674,#8679);
#8674 = PLANE('',#8675);
#8675 = AXIS2_PLACEMENT_3D('',#8676,#8677,#8678);
#8676 = CARTESIAN_POINT('',(57.17,11.04,12.2));
#8677 = DIRECTION('',(0.,0.,1.));
#8678 = DIRECTION('',(0.,-1.,0.));
#8679 = DEFINITIONAL_REPRESENTATION('',(#8680),#8684);
#8680 = LINE('',#8681,#8682);
#8681 = CARTESIAN_POINT('',(1.5,-0.95));
#8682 = VECTOR('',#8683,1.);
#8683 = DIRECTION('',(1.,0.));
#8684 = ( GEOMETRIC_REPRESENTATION_CONTEXT(2) 
PARAMETRIC_REPRESENTATION_CONTEXT() REPRESENTATION_CONTEXT('2D SPACE',''
  ) );
#8685 = ADVANCED_FACE('',(#8686),#5575,.T.);
#8686 = FACE_BOUND('',#8687,.T.);
#8687 = EDGE_LOOP('',(#8688,#8715,#8716,#8717));
#8688 = ORIENTED_EDGE('',*,*,#8689,.T.);
#8689 = EDGE_CURVE('',#8690,#5532,#8692,.T.);
#8690 = VERTEX_POINT('',#8691);
#8691 = CARTESIAN_POINT('',(56.22,3.94,10.2));
#8692 = SURFACE_CURVE('',#8693,(#8698,#8708),.PCURVE_S1.);
#8693 = ELLIPSE('',#8694,7.071067811865E-02,5.E-02);
#8694 = AXIS2_PLACEMENT_3D('',#8695,#8696,#8697);
#8695 = CARTESIAN_POINT('',(56.22,3.99,10.25));
#8696 = DIRECTION('',(0.,0.707106781187,-0.707106781187));
#8697 = DIRECTION('',(0.,-0.707106781187,-0.707106781187));
#8698 = PCURVE('',#5575,#8699);
#8699 = DEFINITIONAL_REPRESENTATION('',(#8700),#8707);
#8700 = B_SPLINE_CURVE_WITH_KNOTS('',5,(#8701,#8702,#8703,#8704,#8705,
    #8706),.UNSPECIFIED.,.F.,.F.,(6,6),(0.,1.570796326795),
  .PIECEWISE_BEZIER_KNOTS.);
#8701 = CARTESIAN_POINT('',(0.,0.));
#8702 = CARTESIAN_POINT('',(0.314159265359,2.E-17));
#8703 = CARTESIAN_POINT('',(0.628303105478,-6.150638142534E-03));
#8704 = CARTESIAN_POINT('',(0.942480391663,-1.857029304734E-02));
#8705 = CARTESIAN_POINT('',(1.256637061436,-3.429203673205E-02));
#8706 = CARTESIAN_POINT('',(1.570796326795,-5.E-02));
#8707 = ( GEOMETRIC_REPRESENTATION_CONTEXT(2) 
PARAMETRIC_REPRESENTATION_CONTEXT() REPRESENTATION_CONTEXT('2D SPACE',''
  ) );
#8708 = PCURVE('',#5547,#8709);
#8709 = DEFINITIONAL_REPRESENTATION('',(#8710),#8714);
#8710 = ELLIPSE('',#8711,7.071067811866E-02,5.E-02);
#8711 = AXIS2_PLACEMENT_2D('',#8712,#8713);
#8712 = CARTESIAN_POINT('',(7.071067811866E-02,-0.95));
#8713 = DIRECTION('',(-1.,0.));
#8714 = ( GEOMETRIC_REPRESENTATION_CONTEXT(2) 
PARAMETRIC_REPRESENTATION_CONTEXT() REPRESENTATION_CONTEXT('2D SPACE',''
  ) );
#8715 = ORIENTED_EDGE('',*,*,#5559,.T.);
#8716 = ORIENTED_EDGE('',*,*,#8571,.F.);
#8717 = ORIENTED_EDGE('',*,*,#8718,.F.);
#8718 = EDGE_CURVE('',#8690,#8572,#8719,.T.);
#8719 = SURFACE_CURVE('',#8720,(#8724,#8731),.PCURVE_S1.);
#8720 = LINE('',#8721,#8722);
#8721 = CARTESIAN_POINT('',(56.22,3.94,10.2));
#8722 = VECTOR('',#8723,1.);
#8723 = DIRECTION('',(-0.,-0.,-1.));
#8724 = PCURVE('',#5575,#8725);
#8725 = DEFINITIONAL_REPRESENTATION('',(#8726),#8730);
#8726 = LINE('',#8727,#8728);
#8727 = CARTESIAN_POINT('',(0.,0.));
#8728 = VECTOR('',#8729,1.);
#8729 = DIRECTION('',(0.,1.));
#8730 = ( GEOMETRIC_REPRESENTATION_CONTEXT(2) 
PARAMETRIC_REPRESENTATION_CONTEXT() REPRESENTATION_CONTEXT('2D SPACE',''
  ) );
#8731 = PCURVE('',#8732,#8737);
#8732 = PLANE('',#8733);
#8733 = AXIS2_PLACEMENT_3D('',#8734,#8735,#8736);
#8734 = CARTESIAN_POINT('',(57.17,3.94,10.2));
#8735 = DIRECTION('',(0.,-1.,0.));
#8736 = DIRECTION('',(0.,0.,-1.));
#8737 = DEFINITIONAL_REPRESENTATION('',(#8738),#8742);
#8738 = LINE('',#8739,#8740);
#8739 = CARTESIAN_POINT('',(0.,-0.95));
#8740 = VECTOR('',#8741,1.);
#8741 = DIRECTION('',(1.,0.));
#8742 = ( GEOMETRIC_REPRESENTATION_CONTEXT(2) 
PARAMETRIC_REPRESENTATION_CONTEXT() REPRESENTATION_CONTEXT('2D SPACE',''
  ) );
#8743 = ADVANCED_FACE('',(#8744),#5547,.F.);
#8744 = FACE_BOUND('',#8745,.F.);
#8745 = EDGE_LOOP('',(#8746,#8747,#8748,#8771,#8794,#8815));
#8746 = ORIENTED_EDGE('',*,*,#5531,.T.);
#8747 = ORIENTED_EDGE('',*,*,#8629,.F.);
#8748 = ORIENTED_EDGE('',*,*,#8749,.F.);
#8749 = EDGE_CURVE('',#8750,#8630,#8752,.T.);
#8750 = VERTEX_POINT('',#8751);
#8751 = CARTESIAN_POINT('',(57.17,5.94,12.2));
#8752 = SURFACE_CURVE('',#8753,(#8757,#8764),.PCURVE_S1.);
#8753 = LINE('',#8754,#8755);
#8754 = CARTESIAN_POINT('',(57.17,5.94,12.2));
#8755 = VECTOR('',#8756,1.);
#8756 = DIRECTION('',(-1.,-0.,-0.));
#8757 = PCURVE('',#5547,#8758);
#8758 = DEFINITIONAL_REPRESENTATION('',(#8759),#8763);
#8759 = LINE('',#8760,#8761);
#8760 = CARTESIAN_POINT('',(2.828427124746,0.));
#8761 = VECTOR('',#8762,1.);
#8762 = DIRECTION('',(0.,-1.));
#8763 = ( GEOMETRIC_REPRESENTATION_CONTEXT(2) 
PARAMETRIC_REPRESENTATION_CONTEXT() REPRESENTATION_CONTEXT('2D SPACE',''
  ) );
#8764 = PCURVE('',#8674,#8765);
#8765 = DEFINITIONAL_REPRESENTATION('',(#8766),#8770);
#8766 = LINE('',#8767,#8768);
#8767 = CARTESIAN_POINT('',(5.1,0.));
#8768 = VECTOR('',#8769,1.);
#8769 = DIRECTION('',(0.,-1.));
#8770 = ( GEOMETRIC_REPRESENTATION_CONTEXT(2) 
PARAMETRIC_REPRESENTATION_CONTEXT() REPRESENTATION_CONTEXT('2D SPACE',''
  ) );
#8771 = ORIENTED_EDGE('',*,*,#8772,.F.);
#8772 = EDGE_CURVE('',#8773,#8750,#8775,.T.);
#8773 = VERTEX_POINT('',#8774);
#8774 = CARTESIAN_POINT('',(57.17,3.94,10.2));
#8775 = SURFACE_CURVE('',#8776,(#8780,#8787),.PCURVE_S1.);
#8776 = LINE('',#8777,#8778);
#8777 = CARTESIAN_POINT('',(57.17,3.94,10.2));
#8778 = VECTOR('',#8779,1.);
#8779 = DIRECTION('',(0.,0.707106781187,0.707106781187));
#8780 = PCURVE('',#5547,#8781);
#8781 = DEFINITIONAL_REPRESENTATION('',(#8782),#8786);
#8782 = LINE('',#8783,#8784);
#8783 = CARTESIAN_POINT('',(0.,0.));
#8784 = VECTOR('',#8785,1.);
#8785 = DIRECTION('',(1.,0.));
#8786 = ( GEOMETRIC_REPRESENTATION_CONTEXT(2) 
PARAMETRIC_REPRESENTATION_CONTEXT() REPRESENTATION_CONTEXT('2D SPACE',''
  ) );
#8787 = PCURVE('',#8123,#8788);
#8788 = DEFINITIONAL_REPRESENTATION('',(#8789),#8793);
#8789 = LINE('',#8790,#8791);
#8790 = CARTESIAN_POINT('',(-3.55,1.9));
#8791 = VECTOR('',#8792,1.);
#8792 = DIRECTION('',(-0.707106781187,0.707106781187));
#8793 = ( GEOMETRIC_REPRESENTATION_CONTEXT(2) 
PARAMETRIC_REPRESENTATION_CONTEXT() REPRESENTATION_CONTEXT('2D SPACE',''
  ) );
#8794 = ORIENTED_EDGE('',*,*,#8795,.T.);
#8795 = EDGE_CURVE('',#8773,#8690,#8796,.T.);
#8796 = SURFACE_CURVE('',#8797,(#8801,#8808),.PCURVE_S1.);
#8797 = LINE('',#8798,#8799);
#8798 = CARTESIAN_POINT('',(57.17,3.94,10.2));
#8799 = VECTOR('',#8800,1.);
#8800 = DIRECTION('',(-1.,-0.,-0.));
#8801 = PCURVE('',#5547,#8802);
#8802 = DEFINITIONAL_REPRESENTATION('',(#8803),#8807);
#8803 = LINE('',#8804,#8805);
#8804 = CARTESIAN_POINT('',(0.,0.));
#8805 = VECTOR('',#8806,1.);
#8806 = DIRECTION('',(0.,-1.));
#8807 = ( GEOMETRIC_REPRESENTATION_CONTEXT(2) 
PARAMETRIC_REPRESENTATION_CONTEXT() REPRESENTATION_CONTEXT('2D SPACE',''
  ) );
#8808 = PCURVE('',#8732,#8809);
#8809 = DEFINITIONAL_REPRESENTATION('',(#8810),#8814);
#8810 = LINE('',#8811,#8812);
#8811 = CARTESIAN_POINT('',(0.,0.));
#8812 = VECTOR('',#8813,1.);
#8813 = DIRECTION('',(0.,-1.));
#8814 = ( GEOMETRIC_REPRESENTATION_CONTEXT(2) 
PARAMETRIC_REPRESENTATION_CONTEXT() REPRESENTATION_CONTEXT('2D SPACE',''
  ) );
#8815 = ORIENTED_EDGE('',*,*,#8689,.T.);
#8816 = ADVANCED_FACE('',(#8817),#6250,.T.);
#8817 = FACE_BOUND('',#8818,.F.);
#8818 = EDGE_LOOP('',(#8819,#8849,#8850,#8851));
#8819 = ORIENTED_EDGE('',*,*,#8820,.T.);
#8820 = EDGE_CURVE('',#8821,#6483,#8823,.T.);
#8821 = VERTEX_POINT('',#8822);
#8822 = CARTESIAN_POINT('',(48.57,-9.695061106673,-1.000957941763));
#8823 = SURFACE_CURVE('',#8824,(#8829,#8839),.PCURVE_S1.);
#8824 = ELLIPSE('',#8825,7.071067811865E-02,5.E-02);
#8825 = AXIS2_PLACEMENT_3D('',#8826,#8827,#8828);
#8826 = CARTESIAN_POINT('',(48.52,-9.68637869779,-0.951717554113));
#8827 = DIRECTION('',(-0.707106781187,-0.122787803969,-0.69636424032));
#8828 = DIRECTION('',(0.707106781187,-0.122787803969,-0.69636424032));
#8829 = PCURVE('',#6250,#8830);
#8830 = DEFINITIONAL_REPRESENTATION('',(#8831),#8838);
#8831 = B_SPLINE_CURVE_WITH_KNOTS('',5,(#8832,#8833,#8834,#8835,#8836,
    #8837),.UNSPECIFIED.,.F.,.F.,(6,6),(1.066E-14,1.570796326795),
  .PIECEWISE_BEZIER_KNOTS.);
#8832 = CARTESIAN_POINT('',(0.,0.));
#8833 = CARTESIAN_POINT('',(-0.314159265359,1.6E-16));
#8834 = CARTESIAN_POINT('',(-0.628303105479,6.150638142534E-03));
#8835 = CARTESIAN_POINT('',(-0.942480391663,1.857029304734E-02));
#8836 = CARTESIAN_POINT('',(-1.256637061436,3.429203673205E-02));
#8837 = CARTESIAN_POINT('',(-1.570796326795,5.E-02));
#8838 = ( GEOMETRIC_REPRESENTATION_CONTEXT(2) 
PARAMETRIC_REPRESENTATION_CONTEXT() REPRESENTATION_CONTEXT('2D SPACE',''
  ) );
#8839 = PCURVE('',#6498,#8840);
#8840 = DEFINITIONAL_REPRESENTATION('',(#8841),#8848);
#8841 = B_SPLINE_CURVE_WITH_KNOTS('',5,(#8842,#8843,#8844,#8845,#8846,
    #8847),.UNSPECIFIED.,.F.,.F.,(6,6),(1.066E-14,1.570796326795),
  .PIECEWISE_BEZIER_KNOTS.);
#8842 = CARTESIAN_POINT('',(0.,92.));
#8843 = CARTESIAN_POINT('',(-0.314159265359,92.));
#8844 = CARTESIAN_POINT('',(-0.628303105478,91.993849361858));
#8845 = CARTESIAN_POINT('',(-0.942480391666,91.981429706953));
#8846 = CARTESIAN_POINT('',(-1.256637061436,91.965707963268));
#8847 = CARTESIAN_POINT('',(-1.570796326795,91.95));
#8848 = ( GEOMETRIC_REPRESENTATION_CONTEXT(2) 
PARAMETRIC_REPRESENTATION_CONTEXT() REPRESENTATION_CONTEXT('2D SPACE',''
  ) );
#8849 = ORIENTED_EDGE('',*,*,#6510,.T.);
#8850 = ORIENTED_EDGE('',*,*,#6233,.F.);
#8851 = ORIENTED_EDGE('',*,*,#8852,.F.);
#8852 = EDGE_CURVE('',#8821,#6234,#8853,.T.);
#8853 = SURFACE_CURVE('',#8854,(#8858,#8865),.PCURVE_S1.);
#8854 = LINE('',#8855,#8856);
#8855 = CARTESIAN_POINT('',(48.57,-9.695061106673,-1.000957941763));
#8856 = VECTOR('',#8857,1.);
#8857 = DIRECTION('',(0.,0.173648177667,0.984807753012));
#8858 = PCURVE('',#6250,#8859);
#8859 = DEFINITIONAL_REPRESENTATION('',(#8860),#8864);
#8860 = LINE('',#8861,#8862);
#8861 = CARTESIAN_POINT('',(-0.,0.));
#8862 = VECTOR('',#8863,1.);
#8863 = DIRECTION('',(-0.,1.));
#8864 = ( GEOMETRIC_REPRESENTATION_CONTEXT(2) 
PARAMETRIC_REPRESENTATION_CONTEXT() REPRESENTATION_CONTEXT('2D SPACE',''
  ) );
#8865 = PCURVE('',#8866,#8871);
#8866 = PLANE('',#8867);
#8867 = AXIS2_PLACEMENT_3D('',#8868,#8869,#8870);
#8868 = CARTESIAN_POINT('',(48.57,-8.759493741312,-1.165923710547));
#8869 = DIRECTION('',(-1.,0.,0.));
#8870 = DIRECTION('',(0.,0.173648177667,0.984807753012));
#8871 = DEFINITIONAL_REPRESENTATION('',(#8872),#8876);
#8872 = LINE('',#8873,#8874);
#8873 = CARTESIAN_POINT('',(0.,-0.95));
#8874 = VECTOR('',#8875,1.);
#8875 = DIRECTION('',(1.,0.));
#8876 = ( GEOMETRIC_REPRESENTATION_CONTEXT(2) 
PARAMETRIC_REPRESENTATION_CONTEXT() REPRESENTATION_CONTEXT('2D SPACE',''
  ) );
#8877 = ADVANCED_FACE('',(#8878),#6277,.T.);
#8878 = FACE_BOUND('',#8879,.T.);
#8879 = EDGE_LOOP('',(#8880,#8881,#8882,#8905));
#8880 = ORIENTED_EDGE('',*,*,#6300,.T.);
#8881 = ORIENTED_EDGE('',*,*,#6262,.F.);
#8882 = ORIENTED_EDGE('',*,*,#8883,.T.);
#8883 = EDGE_CURVE('',#6234,#8884,#8886,.T.);
#8884 = VERTEX_POINT('',#8885);
#8885 = CARTESIAN_POINT('',(48.57,-8.568480745878,-8.263518223331E-02));
#8886 = SURFACE_CURVE('',#8887,(#8891,#8898),.PCURVE_S1.);
#8887 = LINE('',#8888,#8889);
#8888 = CARTESIAN_POINT('',(48.57,-9.55328849889,9.101299543362E-02));
#8889 = VECTOR('',#8890,1.);
#8890 = DIRECTION('',(0.,0.984807753012,-0.173648177667));
#8891 = PCURVE('',#6277,#8892);
#8892 = DEFINITIONAL_REPRESENTATION('',(#8893),#8897);
#8893 = LINE('',#8894,#8895);
#8894 = CARTESIAN_POINT('',(0.191012995434,1.083288528313));
#8895 = VECTOR('',#8896,1.);
#8896 = DIRECTION('',(-0.173648177667,-0.984807753012));
#8897 = ( GEOMETRIC_REPRESENTATION_CONTEXT(2) 
PARAMETRIC_REPRESENTATION_CONTEXT() REPRESENTATION_CONTEXT('2D SPACE',''
  ) );
#8898 = PCURVE('',#8866,#8899);
#8899 = DEFINITIONAL_REPRESENTATION('',(#8900),#8904);
#8900 = LINE('',#8901,#8902);
#8901 = CARTESIAN_POINT('',(1.1,-1.));
#8902 = VECTOR('',#8903,1.);
#8903 = DIRECTION('',(0.,1.));
#8904 = ( GEOMETRIC_REPRESENTATION_CONTEXT(2) 
PARAMETRIC_REPRESENTATION_CONTEXT() REPRESENTATION_CONTEXT('2D SPACE',''
  ) );
#8905 = ORIENTED_EDGE('',*,*,#8906,.F.);
#8906 = EDGE_CURVE('',#6301,#8884,#8907,.T.);
#8907 = SURFACE_CURVE('',#8908,(#8913,#8920),.PCURVE_S1.);
#8908 = CIRCLE('',#8909,0.1);
#8909 = AXIS2_PLACEMENT_3D('',#8910,#8911,#8912);
#8910 = CARTESIAN_POINT('',(48.57,-8.469999970577,-0.1));
#8911 = DIRECTION('',(1.,0.,-0.));
#8912 = DIRECTION('',(0.,0.,1.));
#8913 = PCURVE('',#6277,#8914);
#8914 = DEFINITIONAL_REPRESENTATION('',(#8915),#8919);
#8915 = CIRCLE('',#8916,0.1);
#8916 = AXIS2_PLACEMENT_2D('',#8917,#8918);
#8917 = CARTESIAN_POINT('',(0.,0.));
#8918 = DIRECTION('',(1.,0.));
#8919 = ( GEOMETRIC_REPRESENTATION_CONTEXT(2) 
PARAMETRIC_REPRESENTATION_CONTEXT() REPRESENTATION_CONTEXT('2D SPACE',''
  ) );
#8920 = PCURVE('',#7473,#8921);
#8921 = DEFINITIONAL_REPRESENTATION('',(#8922),#8926);
#8922 = LINE('',#8923,#8924);
#8923 = CARTESIAN_POINT('',(-0.,0.));
#8924 = VECTOR('',#8925,1.);
#8925 = DIRECTION('',(-1.,0.));
#8926 = ( GEOMETRIC_REPRESENTATION_CONTEXT(2) 
PARAMETRIC_REPRESENTATION_CONTEXT() REPRESENTATION_CONTEXT('2D SPACE',''
  ) );
#8927 = ADVANCED_FACE('',(#8928),#6415,.F.);
#8928 = FACE_BOUND('',#8929,.T.);
#8929 = EDGE_LOOP('',(#8930,#8931,#8955,#8981));
#8930 = ORIENTED_EDGE('',*,*,#6607,.F.);
#8931 = ORIENTED_EDGE('',*,*,#8932,.T.);
#8932 = EDGE_CURVE('',#6608,#8933,#8935,.T.);
#8933 = VERTEX_POINT('',#8934);
#8934 = CARTESIAN_POINT('',(-43.43,-8.568480745878,-8.263518223331E-02)
  );
#8935 = SURFACE_CURVE('',#8936,(#8941,#8948),.PCURVE_S1.);
#8936 = CIRCLE('',#8937,0.1);
#8937 = AXIS2_PLACEMENT_3D('',#8938,#8939,#8940);
#8938 = CARTESIAN_POINT('',(-43.43,-8.469999970577,-0.1));
#8939 = DIRECTION('',(1.,0.,-0.));
#8940 = DIRECTION('',(0.,0.,1.));
#8941 = PCURVE('',#6415,#8942);
#8942 = DEFINITIONAL_REPRESENTATION('',(#8943),#8947);
#8943 = CIRCLE('',#8944,0.1);
#8944 = AXIS2_PLACEMENT_2D('',#8945,#8946);
#8945 = CARTESIAN_POINT('',(0.,0.));
#8946 = DIRECTION('',(1.,-0.));
#8947 = ( GEOMETRIC_REPRESENTATION_CONTEXT(2) 
PARAMETRIC_REPRESENTATION_CONTEXT() REPRESENTATION_CONTEXT('2D SPACE',''
  ) );
#8948 = PCURVE('',#7473,#8949);
#8949 = DEFINITIONAL_REPRESENTATION('',(#8950),#8954);
#8950 = LINE('',#8951,#8952);
#8951 = CARTESIAN_POINT('',(-0.,92.));
#8952 = VECTOR('',#8953,1.);
#8953 = DIRECTION('',(-1.,0.));
#8954 = ( GEOMETRIC_REPRESENTATION_CONTEXT(2) 
PARAMETRIC_REPRESENTATION_CONTEXT() REPRESENTATION_CONTEXT('2D SPACE',''
  ) );
#8955 = ORIENTED_EDGE('',*,*,#8956,.T.);
#8956 = EDGE_CURVE('',#8933,#6399,#8957,.T.);
#8957 = SURFACE_CURVE('',#8958,(#8962,#8969),.PCURVE_S1.);
#8958 = LINE('',#8959,#8960);
#8959 = CARTESIAN_POINT('',(-43.43,-8.568480745878,-8.263518223331E-02)
  );
#8960 = VECTOR('',#8961,1.);
#8961 = DIRECTION('',(0.,-0.984807753012,0.173648177667));
#8962 = PCURVE('',#6415,#8963);
#8963 = DEFINITIONAL_REPRESENTATION('',(#8964),#8968);
#8964 = LINE('',#8965,#8966);
#8965 = CARTESIAN_POINT('',(1.736481776669E-02,9.848077530122E-02));
#8966 = VECTOR('',#8967,1.);
#8967 = DIRECTION('',(0.173648177667,0.984807753012));
#8968 = ( GEOMETRIC_REPRESENTATION_CONTEXT(2) 
PARAMETRIC_REPRESENTATION_CONTEXT() REPRESENTATION_CONTEXT('2D SPACE',''
  ) );
#8969 = PCURVE('',#8970,#8975);
#8970 = PLANE('',#8971);
#8971 = AXIS2_PLACEMENT_3D('',#8972,#8973,#8974);
#8972 = CARTESIAN_POINT('',(-43.43,-8.568480745878,-8.263518223331E-02)
  );
#8973 = DIRECTION('',(1.,0.,0.));
#8974 = DIRECTION('',(0.,-0.173648177667,-0.984807753012));
#8975 = DEFINITIONAL_REPRESENTATION('',(#8976),#8980);
#8976 = LINE('',#8977,#8978);
#8977 = CARTESIAN_POINT('',(1.7763568394E-15,0.));
#8978 = VECTOR('',#8979,1.);
#8979 = DIRECTION('',(0.,-1.));
#8980 = ( GEOMETRIC_REPRESENTATION_CONTEXT(2) 
PARAMETRIC_REPRESENTATION_CONTEXT() REPRESENTATION_CONTEXT('2D SPACE',''
  ) );
#8981 = ORIENTED_EDGE('',*,*,#6398,.F.);
#8982 = ADVANCED_FACE('',(#8983),#6442,.T.);
#8983 = FACE_BOUND('',#8984,.F.);
#8984 = EDGE_LOOP('',(#8985,#8986,#8987,#9017));
#8985 = ORIENTED_EDGE('',*,*,#6427,.T.);
#8986 = ORIENTED_EDGE('',*,*,#6459,.T.);
#8987 = ORIENTED_EDGE('',*,*,#8988,.F.);
#8988 = EDGE_CURVE('',#8989,#6460,#8991,.T.);
#8989 = VERTEX_POINT('',#8990);
#8990 = CARTESIAN_POINT('',(-43.43,-9.695061106673,-1.000957941763));
#8991 = SURFACE_CURVE('',#8992,(#8997,#9007),.PCURVE_S1.);
#8992 = ELLIPSE('',#8993,7.071067811865E-02,5.E-02);
#8993 = AXIS2_PLACEMENT_3D('',#8994,#8995,#8996);
#8994 = CARTESIAN_POINT('',(-43.38,-9.68637869779,-0.951717554113));
#8995 = DIRECTION('',(-0.707106781187,0.122787803969,0.69636424032));
#8996 = DIRECTION('',(-0.707106781187,-0.122787803969,-0.69636424032));
#8997 = PCURVE('',#6442,#8998);
#8998 = DEFINITIONAL_REPRESENTATION('',(#8999),#9006);
#8999 = B_SPLINE_CURVE_WITH_KNOTS('',5,(#9000,#9001,#9002,#9003,#9004,
    #9005),.UNSPECIFIED.,.F.,.F.,(6,6),(0.,1.570796326795),
  .PIECEWISE_BEZIER_KNOTS.);
#9000 = CARTESIAN_POINT('',(-3.564E-14,1.1));
#9001 = CARTESIAN_POINT('',(-0.314159265359,1.1));
#9002 = CARTESIAN_POINT('',(-0.628303105478,1.093849361857));
#9003 = CARTESIAN_POINT('',(-0.942480391663,1.081429706953));
#9004 = CARTESIAN_POINT('',(-1.256637061436,1.065707963268));
#9005 = CARTESIAN_POINT('',(-1.570796326795,1.05));
#9006 = ( GEOMETRIC_REPRESENTATION_CONTEXT(2) 
PARAMETRIC_REPRESENTATION_CONTEXT() REPRESENTATION_CONTEXT('2D SPACE',''
  ) );
#9007 = PCURVE('',#6498,#9008);
#9008 = DEFINITIONAL_REPRESENTATION('',(#9009),#9016);
#9009 = B_SPLINE_CURVE_WITH_KNOTS('',5,(#9010,#9011,#9012,#9013,#9014,
    #9015),.UNSPECIFIED.,.F.,.F.,(6,6),(0.,1.570796326795),
  .PIECEWISE_BEZIER_KNOTS.);
#9010 = CARTESIAN_POINT('',(0.,-7.11E-15));
#9011 = CARTESIAN_POINT('',(-0.314159265359,-7.12E-15));
#9012 = CARTESIAN_POINT('',(-0.628303105479,6.150638142501E-03));
#9013 = CARTESIAN_POINT('',(-0.942480391662,1.857029304735E-02));
#9014 = CARTESIAN_POINT('',(-1.256637061436,3.429203673204E-02));
#9015 = CARTESIAN_POINT('',(-1.570796326795,4.999999999999E-02));
#9016 = ( GEOMETRIC_REPRESENTATION_CONTEXT(2) 
PARAMETRIC_REPRESENTATION_CONTEXT() REPRESENTATION_CONTEXT('2D SPACE',''
  ) );
#9017 = ORIENTED_EDGE('',*,*,#9018,.F.);
#9018 = EDGE_CURVE('',#6399,#8989,#9019,.T.);
#9019 = SURFACE_CURVE('',#9020,(#9024,#9031),.PCURVE_S1.);
#9020 = LINE('',#9021,#9022);
#9021 = CARTESIAN_POINT('',(-43.43,-9.50404811124,8.233058655028E-02));
#9022 = VECTOR('',#9023,1.);
#9023 = DIRECTION('',(0.,-0.173648177667,-0.984807753012));
#9024 = PCURVE('',#6442,#9025);
#9025 = DEFINITIONAL_REPRESENTATION('',(#9026),#9030);
#9026 = LINE('',#9027,#9028);
#9027 = CARTESIAN_POINT('',(-0.,0.));
#9028 = VECTOR('',#9029,1.);
#9029 = DIRECTION('',(-0.,1.));
#9030 = ( GEOMETRIC_REPRESENTATION_CONTEXT(2) 
PARAMETRIC_REPRESENTATION_CONTEXT() REPRESENTATION_CONTEXT('2D SPACE',''
  ) );
#9031 = PCURVE('',#8970,#9032);
#9032 = DEFINITIONAL_REPRESENTATION('',(#9033),#9037);
#9033 = LINE('',#9034,#9035);
#9034 = CARTESIAN_POINT('',(0.,-0.95));
#9035 = VECTOR('',#9036,1.);
#9036 = DIRECTION('',(1.,0.));
#9037 = ( GEOMETRIC_REPRESENTATION_CONTEXT(2) 
PARAMETRIC_REPRESENTATION_CONTEXT() REPRESENTATION_CONTEXT('2D SPACE',''
  ) );
#9038 = ADVANCED_FACE('',(#9039),#6498,.T.);
#9039 = FACE_BOUND('',#9040,.F.);
#9040 = EDGE_LOOP('',(#9041,#9042,#9043,#9044));
#9041 = ORIENTED_EDGE('',*,*,#8988,.T.);
#9042 = ORIENTED_EDGE('',*,*,#6482,.T.);
#9043 = ORIENTED_EDGE('',*,*,#8820,.F.);
#9044 = ORIENTED_EDGE('',*,*,#9045,.F.);
#9045 = EDGE_CURVE('',#8989,#8821,#9046,.T.);
#9046 = SURFACE_CURVE('',#9047,(#9051,#9058),.PCURVE_S1.);
#9047 = LINE('',#9048,#9049);
#9048 = CARTESIAN_POINT('',(-43.43,-9.695061106673,-1.000957941763));
#9049 = VECTOR('',#9050,1.);
#9050 = DIRECTION('',(1.,0.,0.));
#9051 = PCURVE('',#6498,#9052);
#9052 = DEFINITIONAL_REPRESENTATION('',(#9053),#9057);
#9053 = LINE('',#9054,#9055);
#9054 = CARTESIAN_POINT('',(-0.,0.));
#9055 = VECTOR('',#9056,1.);
#9056 = DIRECTION('',(-0.,1.));
#9057 = ( GEOMETRIC_REPRESENTATION_CONTEXT(2) 
PARAMETRIC_REPRESENTATION_CONTEXT() REPRESENTATION_CONTEXT('2D SPACE',''
  ) );
#9058 = PCURVE('',#9059,#9064);
#9059 = PLANE('',#9060);
#9060 = AXIS2_PLACEMENT_3D('',#9061,#9062,#9063);
#9061 = CARTESIAN_POINT('',(-43.43,-8.759493741312,-1.165923710547));
#9062 = DIRECTION('',(0.,0.173648177667,0.984807753012));
#9063 = DIRECTION('',(1.,0.,0.));
#9064 = DEFINITIONAL_REPRESENTATION('',(#9065),#9069);
#9065 = LINE('',#9066,#9067);
#9066 = CARTESIAN_POINT('',(0.,-0.95));
#9067 = VECTOR('',#9068,1.);
#9068 = DIRECTION('',(1.,0.));
#9069 = ( GEOMETRIC_REPRESENTATION_CONTEXT(2) 
PARAMETRIC_REPRESENTATION_CONTEXT() REPRESENTATION_CONTEXT('2D SPACE',''
  ) );
#9070 = ADVANCED_FACE('',(#9071),#7443,.T.);
#9071 = FACE_BOUND('',#9072,.F.);
#9072 = EDGE_LOOP('',(#9073,#9074,#9095,#9096));
#9073 = ORIENTED_EDGE('',*,*,#7719,.T.);
#9074 = ORIENTED_EDGE('',*,*,#9075,.T.);
#9075 = EDGE_CURVE('',#7697,#7531,#9076,.T.);
#9076 = SURFACE_CURVE('',#9077,(#9081,#9088),.PCURVE_S1.);
#9077 = LINE('',#9078,#9079);
#9078 = CARTESIAN_POINT('',(57.17,-6.96,1.1));
#9079 = VECTOR('',#9080,1.);
#9080 = DIRECTION('',(0.,1.,0.));
#9081 = PCURVE('',#7443,#9082);
#9082 = DEFINITIONAL_REPRESENTATION('',(#9083),#9087);
#9083 = LINE('',#9084,#9085);
#9084 = CARTESIAN_POINT('',(-1.570796326795,0.));
#9085 = VECTOR('',#9086,1.);
#9086 = DIRECTION('',(-0.,1.));
#9087 = ( GEOMETRIC_REPRESENTATION_CONTEXT(2) 
PARAMETRIC_REPRESENTATION_CONTEXT() REPRESENTATION_CONTEXT('2D SPACE',''
  ) );
#9088 = PCURVE('',#8123,#9089);
#9089 = DEFINITIONAL_REPRESENTATION('',(#9090),#9094);
#9090 = LINE('',#9091,#9092);
#9091 = CARTESIAN_POINT('',(5.55,-9.));
#9092 = VECTOR('',#9093,1.);
#9093 = DIRECTION('',(0.,1.));
#9094 = ( GEOMETRIC_REPRESENTATION_CONTEXT(2) 
PARAMETRIC_REPRESENTATION_CONTEXT() REPRESENTATION_CONTEXT('2D SPACE',''
  ) );
#9095 = ORIENTED_EDGE('',*,*,#7530,.F.);
#9096 = ORIENTED_EDGE('',*,*,#7429,.T.);
#9097 = ADVANCED_FACE('',(#9098),#7473,.F.);
#9098 = FACE_BOUND('',#9099,.T.);
#9099 = EDGE_LOOP('',(#9100,#9101,#9127,#9128));
#9100 = ORIENTED_EDGE('',*,*,#8906,.T.);
#9101 = ORIENTED_EDGE('',*,*,#9102,.T.);
#9102 = EDGE_CURVE('',#8884,#8933,#9103,.T.);
#9103 = SURFACE_CURVE('',#9104,(#9108,#9115),.PCURVE_S1.);
#9104 = LINE('',#9105,#9106);
#9105 = CARTESIAN_POINT('',(48.57,-8.568480745878,-8.263518223331E-02));
#9106 = VECTOR('',#9107,1.);
#9107 = DIRECTION('',(-1.,0.,0.));
#9108 = PCURVE('',#7473,#9109);
#9109 = DEFINITIONAL_REPRESENTATION('',(#9110),#9114);
#9110 = LINE('',#9111,#9112);
#9111 = CARTESIAN_POINT('',(-1.396263401595,0.));
#9112 = VECTOR('',#9113,1.);
#9113 = DIRECTION('',(-0.,1.));
#9114 = ( GEOMETRIC_REPRESENTATION_CONTEXT(2) 
PARAMETRIC_REPRESENTATION_CONTEXT() REPRESENTATION_CONTEXT('2D SPACE',''
  ) );
#9115 = PCURVE('',#9116,#9121);
#9116 = PLANE('',#9117);
#9117 = AXIS2_PLACEMENT_3D('',#9118,#9119,#9120);
#9118 = CARTESIAN_POINT('',(2.57,-8.663987243595,-0.62427944639));
#9119 = DIRECTION('',(0.,-0.984807753012,0.173648177667));
#9120 = DIRECTION('',(1.,0.,0.));
#9121 = DEFINITIONAL_REPRESENTATION('',(#9122),#9126);
#9122 = LINE('',#9123,#9124);
#9123 = CARTESIAN_POINT('',(46.,0.55));
#9124 = VECTOR('',#9125,1.);
#9125 = DIRECTION('',(-1.,0.));
#9126 = ( GEOMETRIC_REPRESENTATION_CONTEXT(2) 
PARAMETRIC_REPRESENTATION_CONTEXT() REPRESENTATION_CONTEXT('2D SPACE',''
  ) );
#9127 = ORIENTED_EDGE('',*,*,#8932,.F.);
#9128 = ORIENTED_EDGE('',*,*,#7459,.T.);
#9129 = ADVANCED_FACE('',(#9130),#7568,.T.);
#9130 = FACE_BOUND('',#9131,.T.);
#9131 = EDGE_LOOP('',(#9132,#9155,#9156,#9157));
#9132 = ORIENTED_EDGE('',*,*,#9133,.F.);
#9133 = EDGE_CURVE('',#7531,#9134,#9136,.T.);
#9134 = VERTEX_POINT('',#9135);
#9135 = CARTESIAN_POINT('',(57.17,11.04,3.65));
#9136 = SURFACE_CURVE('',#9137,(#9141,#9148),.PCURVE_S1.);
#9137 = LINE('',#9138,#9139);
#9138 = CARTESIAN_POINT('',(57.17,11.04,1.1));
#9139 = VECTOR('',#9140,1.);
#9140 = DIRECTION('',(0.,0.,1.));
#9141 = PCURVE('',#7568,#9142);
#9142 = DEFINITIONAL_REPRESENTATION('',(#9143),#9147);
#9143 = LINE('',#9144,#9145);
#9144 = CARTESIAN_POINT('',(0.,0.));
#9145 = VECTOR('',#9146,1.);
#9146 = DIRECTION('',(1.,0.));
#9147 = ( GEOMETRIC_REPRESENTATION_CONTEXT(2) 
PARAMETRIC_REPRESENTATION_CONTEXT() REPRESENTATION_CONTEXT('2D SPACE',''
  ) );
#9148 = PCURVE('',#8123,#9149);
#9149 = DEFINITIONAL_REPRESENTATION('',(#9150),#9154);
#9150 = LINE('',#9151,#9152);
#9151 = CARTESIAN_POINT('',(5.55,9.));
#9152 = VECTOR('',#9153,1.);
#9153 = DIRECTION('',(-1.,0.));
#9154 = ( GEOMETRIC_REPRESENTATION_CONTEXT(2) 
PARAMETRIC_REPRESENTATION_CONTEXT() REPRESENTATION_CONTEXT('2D SPACE',''
  ) );
#9155 = ORIENTED_EDGE('',*,*,#7554,.T.);
#9156 = ORIENTED_EDGE('',*,*,#7615,.T.);
#9157 = ORIENTED_EDGE('',*,*,#9158,.T.);
#9158 = EDGE_CURVE('',#7587,#9134,#9159,.T.);
#9159 = SURFACE_CURVE('',#9160,(#9164,#9171),.PCURVE_S1.);
#9160 = LINE('',#9161,#9162);
#9161 = CARTESIAN_POINT('',(56.22,11.04,3.65));
#9162 = VECTOR('',#9163,1.);
#9163 = DIRECTION('',(1.,0.,0.));
#9164 = PCURVE('',#7568,#9165);
#9165 = DEFINITIONAL_REPRESENTATION('',(#9166),#9170);
#9166 = LINE('',#9167,#9168);
#9167 = CARTESIAN_POINT('',(2.55,-0.95));
#9168 = VECTOR('',#9169,1.);
#9169 = DIRECTION('',(0.,1.));
#9170 = ( GEOMETRIC_REPRESENTATION_CONTEXT(2) 
PARAMETRIC_REPRESENTATION_CONTEXT() REPRESENTATION_CONTEXT('2D SPACE',''
  ) );
#9171 = PCURVE('',#9172,#9177);
#9172 = CYLINDRICAL_SURFACE('',#9173,5.E-02);
#9173 = AXIS2_PLACEMENT_3D('',#9174,#9175,#9176);
#9174 = CARTESIAN_POINT('',(56.22,10.99,3.65));
#9175 = DIRECTION('',(1.,0.,0.));
#9176 = DIRECTION('',(0.,1.,0.));
#9177 = DEFINITIONAL_REPRESENTATION('',(#9178),#9182);
#9178 = LINE('',#9179,#9180);
#9179 = CARTESIAN_POINT('',(0.,0.));
#9180 = VECTOR('',#9181,1.);
#9181 = DIRECTION('',(0.,1.));
#9182 = ( GEOMETRIC_REPRESENTATION_CONTEXT(2) 
PARAMETRIC_REPRESENTATION_CONTEXT() REPRESENTATION_CONTEXT('2D SPACE',''
  ) );
#9183 = ADVANCED_FACE('',(#9184),#7603,.T.);
#9184 = FACE_BOUND('',#9185,.F.);
#9185 = EDGE_LOOP('',(#9186,#9187,#9209));
#9186 = ORIENTED_EDGE('',*,*,#7586,.F.);
#9187 = ORIENTED_EDGE('',*,*,#9188,.T.);
#9188 = EDGE_CURVE('',#7587,#7745,#9189,.T.);
#9189 = SURFACE_CURVE('',#9190,(#9195,#9202),.PCURVE_S1.);
#9190 = CIRCLE('',#9191,5.E-02);
#9191 = AXIS2_PLACEMENT_3D('',#9192,#9193,#9194);
#9192 = CARTESIAN_POINT('',(56.22,10.99,3.65));
#9193 = DIRECTION('',(1.,0.,6.E-17));
#9194 = DIRECTION('',(-6.E-17,0.,1.));
#9195 = PCURVE('',#7603,#9196);
#9196 = DEFINITIONAL_REPRESENTATION('',(#9197),#9201);
#9197 = LINE('',#9198,#9199);
#9198 = CARTESIAN_POINT('',(-1.570796326795,-6.28318530718));
#9199 = VECTOR('',#9200,1.);
#9200 = DIRECTION('',(-0.,1.));
#9201 = ( GEOMETRIC_REPRESENTATION_CONTEXT(2) 
PARAMETRIC_REPRESENTATION_CONTEXT() REPRESENTATION_CONTEXT('2D SPACE',''
  ) );
#9202 = PCURVE('',#9172,#9203);
#9203 = DEFINITIONAL_REPRESENTATION('',(#9204),#9208);
#9204 = LINE('',#9205,#9206);
#9205 = CARTESIAN_POINT('',(-4.712388980385,0.));
#9206 = VECTOR('',#9207,1.);
#9207 = DIRECTION('',(1.,0.));
#9208 = ( GEOMETRIC_REPRESENTATION_CONTEXT(2) 
PARAMETRIC_REPRESENTATION_CONTEXT() REPRESENTATION_CONTEXT('2D SPACE',''
  ) );
#9209 = ORIENTED_EDGE('',*,*,#7774,.F.);
#9210 = ADVANCED_FACE('',(#9211),#7679,.T.);
#9211 = FACE_BOUND('',#9212,.T.);
#9212 = EDGE_LOOP('',(#9213,#9236,#9237,#9238));
#9213 = ORIENTED_EDGE('',*,*,#9214,.T.);
#9214 = EDGE_CURVE('',#9215,#7640,#9217,.T.);
#9215 = VERTEX_POINT('',#9216);
#9216 = CARTESIAN_POINT('',(57.17,-6.96,10.7));
#9217 = SURFACE_CURVE('',#9218,(#9222,#9229),.PCURVE_S1.);
#9218 = LINE('',#9219,#9220);
#9219 = CARTESIAN_POINT('',(57.17,-6.96,10.7));
#9220 = VECTOR('',#9221,1.);
#9221 = DIRECTION('',(-1.,0.,0.));
#9222 = PCURVE('',#7679,#9223);
#9223 = DEFINITIONAL_REPRESENTATION('',(#9224),#9228);
#9224 = LINE('',#9225,#9226);
#9225 = CARTESIAN_POINT('',(1.5,0.));
#9226 = VECTOR('',#9227,1.);
#9227 = DIRECTION('',(0.,-1.));
#9228 = ( GEOMETRIC_REPRESENTATION_CONTEXT(2) 
PARAMETRIC_REPRESENTATION_CONTEXT() REPRESENTATION_CONTEXT('2D SPACE',''
  ) );
#9229 = PCURVE('',#7861,#9230);
#9230 = DEFINITIONAL_REPRESENTATION('',(#9231),#9235);
#9231 = LINE('',#9232,#9233);
#9232 = CARTESIAN_POINT('',(0.,0.));
#9233 = VECTOR('',#9234,1.);
#9234 = DIRECTION('',(0.,1.));
#9235 = ( GEOMETRIC_REPRESENTATION_CONTEXT(2) 
PARAMETRIC_REPRESENTATION_CONTEXT() REPRESENTATION_CONTEXT('2D SPACE',''
  ) );
#9236 = ORIENTED_EDGE('',*,*,#7665,.T.);
#9237 = ORIENTED_EDGE('',*,*,#7696,.T.);
#9238 = ORIENTED_EDGE('',*,*,#9239,.F.);
#9239 = EDGE_CURVE('',#9215,#7697,#9240,.T.);
#9240 = SURFACE_CURVE('',#9241,(#9245,#9252),.PCURVE_S1.);
#9241 = LINE('',#9242,#9243);
#9242 = CARTESIAN_POINT('',(57.17,-6.96,12.2));
#9243 = VECTOR('',#9244,1.);
#9244 = DIRECTION('',(0.,0.,-1.));
#9245 = PCURVE('',#7679,#9246);
#9246 = DEFINITIONAL_REPRESENTATION('',(#9247),#9251);
#9247 = LINE('',#9248,#9249);
#9248 = CARTESIAN_POINT('',(0.,0.));
#9249 = VECTOR('',#9250,1.);
#9250 = DIRECTION('',(1.,0.));
#9251 = ( GEOMETRIC_REPRESENTATION_CONTEXT(2) 
PARAMETRIC_REPRESENTATION_CONTEXT() REPRESENTATION_CONTEXT('2D SPACE',''
  ) );
#9252 = PCURVE('',#8123,#9253);
#9253 = DEFINITIONAL_REPRESENTATION('',(#9254),#9258);
#9254 = LINE('',#9255,#9256);
#9255 = CARTESIAN_POINT('',(-5.55,-9.));
#9256 = VECTOR('',#9257,1.);
#9257 = DIRECTION('',(1.,0.));
#9258 = ( GEOMETRIC_REPRESENTATION_CONTEXT(2) 
PARAMETRIC_REPRESENTATION_CONTEXT() REPRESENTATION_CONTEXT('2D SPACE',''
  ) );
#9259 = ADVANCED_FACE('',(#9260),#7762,.T.);
#9260 = FACE_BOUND('',#9261,.T.);
#9261 = EDGE_LOOP('',(#9262,#9263,#9286,#9309));
#9262 = ORIENTED_EDGE('',*,*,#7744,.T.);
#9263 = ORIENTED_EDGE('',*,*,#9264,.F.);
#9264 = EDGE_CURVE('',#9265,#7747,#9267,.T.);
#9265 = VERTEX_POINT('',#9266);
#9266 = CARTESIAN_POINT('',(57.17,7.93,3.7));
#9267 = SURFACE_CURVE('',#9268,(#9272,#9279),.PCURVE_S1.);
#9268 = LINE('',#9269,#9270);
#9269 = CARTESIAN_POINT('',(57.17,7.93,3.7));
#9270 = VECTOR('',#9271,1.);
#9271 = DIRECTION('',(-1.,-0.,-0.));
#9272 = PCURVE('',#7762,#9273);
#9273 = DEFINITIONAL_REPRESENTATION('',(#9274),#9278);
#9274 = LINE('',#9275,#9276);
#9275 = CARTESIAN_POINT('',(3.11,0.));
#9276 = VECTOR('',#9277,1.);
#9277 = DIRECTION('',(0.,-1.));
#9278 = ( GEOMETRIC_REPRESENTATION_CONTEXT(2) 
PARAMETRIC_REPRESENTATION_CONTEXT() REPRESENTATION_CONTEXT('2D SPACE',''
  ) );
#9279 = PCURVE('',#7896,#9280);
#9280 = DEFINITIONAL_REPRESENTATION('',(#9281),#9285);
#9281 = LINE('',#9282,#9283);
#9282 = CARTESIAN_POINT('',(0.,0.));
#9283 = VECTOR('',#9284,1.);
#9284 = DIRECTION('',(0.,1.));
#9285 = ( GEOMETRIC_REPRESENTATION_CONTEXT(2) 
PARAMETRIC_REPRESENTATION_CONTEXT() REPRESENTATION_CONTEXT('2D SPACE',''
  ) );
#9286 = ORIENTED_EDGE('',*,*,#9287,.F.);
#9287 = EDGE_CURVE('',#9288,#9265,#9290,.T.);
#9288 = VERTEX_POINT('',#9289);
#9289 = CARTESIAN_POINT('',(57.17,10.99,3.7));
#9290 = SURFACE_CURVE('',#9291,(#9295,#9302),.PCURVE_S1.);
#9291 = LINE('',#9292,#9293);
#9292 = CARTESIAN_POINT('',(57.17,11.04,3.7));
#9293 = VECTOR('',#9294,1.);
#9294 = DIRECTION('',(0.,-1.,0.));
#9295 = PCURVE('',#7762,#9296);
#9296 = DEFINITIONAL_REPRESENTATION('',(#9297),#9301);
#9297 = LINE('',#9298,#9299);
#9298 = CARTESIAN_POINT('',(0.,0.));
#9299 = VECTOR('',#9300,1.);
#9300 = DIRECTION('',(1.,0.));
#9301 = ( GEOMETRIC_REPRESENTATION_CONTEXT(2) 
PARAMETRIC_REPRESENTATION_CONTEXT() REPRESENTATION_CONTEXT('2D SPACE',''
  ) );
#9302 = PCURVE('',#8123,#9303);
#9303 = DEFINITIONAL_REPRESENTATION('',(#9304),#9308);
#9304 = LINE('',#9305,#9306);
#9305 = CARTESIAN_POINT('',(2.95,9.));
#9306 = VECTOR('',#9307,1.);
#9307 = DIRECTION('',(0.,-1.));
#9308 = ( GEOMETRIC_REPRESENTATION_CONTEXT(2) 
PARAMETRIC_REPRESENTATION_CONTEXT() REPRESENTATION_CONTEXT('2D SPACE',''
  ) );
#9309 = ORIENTED_EDGE('',*,*,#9310,.F.);
#9310 = EDGE_CURVE('',#7745,#9288,#9311,.T.);
#9311 = SURFACE_CURVE('',#9312,(#9316,#9323),.PCURVE_S1.);
#9312 = LINE('',#9313,#9314);
#9313 = CARTESIAN_POINT('',(56.22,10.99,3.7));
#9314 = VECTOR('',#9315,1.);
#9315 = DIRECTION('',(1.,0.,0.));
#9316 = PCURVE('',#7762,#9317);
#9317 = DEFINITIONAL_REPRESENTATION('',(#9318),#9322);
#9318 = LINE('',#9319,#9320);
#9319 = CARTESIAN_POINT('',(5.E-02,-0.95));
#9320 = VECTOR('',#9321,1.);
#9321 = DIRECTION('',(0.,1.));
#9322 = ( GEOMETRIC_REPRESENTATION_CONTEXT(2) 
PARAMETRIC_REPRESENTATION_CONTEXT() REPRESENTATION_CONTEXT('2D SPACE',''
  ) );
#9323 = PCURVE('',#9172,#9324);
#9324 = DEFINITIONAL_REPRESENTATION('',(#9325),#9329);
#9325 = LINE('',#9326,#9327);
#9326 = CARTESIAN_POINT('',(1.570796326795,0.));
#9327 = VECTOR('',#9328,1.);
#9328 = DIRECTION('',(0.,1.));
#9329 = ( GEOMETRIC_REPRESENTATION_CONTEXT(2) 
PARAMETRIC_REPRESENTATION_CONTEXT() REPRESENTATION_CONTEXT('2D SPACE',''
  ) );
#9330 = ADVANCED_FACE('',(#9331),#7861,.T.);
#9331 = FACE_BOUND('',#9332,.T.);
#9332 = EDGE_LOOP('',(#9333,#9334,#9362,#9383));
#9333 = ORIENTED_EDGE('',*,*,#9214,.F.);
#9334 = ORIENTED_EDGE('',*,*,#9335,.T.);
#9335 = EDGE_CURVE('',#9215,#9336,#9338,.T.);
#9336 = VERTEX_POINT('',#9337);
#9337 = CARTESIAN_POINT('',(57.17,-5.46,12.2));
#9338 = SURFACE_CURVE('',#9339,(#9344,#9351),.PCURVE_S1.);
#9339 = CIRCLE('',#9340,1.5);
#9340 = AXIS2_PLACEMENT_3D('',#9341,#9342,#9343);
#9341 = CARTESIAN_POINT('',(57.17,-5.46,10.7));
#9342 = DIRECTION('',(-1.,0.,0.));
#9343 = DIRECTION('',(0.,0.,-1.));
#9344 = PCURVE('',#7861,#9345);
#9345 = DEFINITIONAL_REPRESENTATION('',(#9346),#9350);
#9346 = LINE('',#9347,#9348);
#9347 = CARTESIAN_POINT('',(-1.570796326795,0.));
#9348 = VECTOR('',#9349,1.);
#9349 = DIRECTION('',(1.,0.));
#9350 = ( GEOMETRIC_REPRESENTATION_CONTEXT(2) 
PARAMETRIC_REPRESENTATION_CONTEXT() REPRESENTATION_CONTEXT('2D SPACE',''
  ) );
#9351 = PCURVE('',#8123,#9352);
#9352 = DEFINITIONAL_REPRESENTATION('',(#9353),#9361);
#9353 = ( BOUNDED_CURVE() B_SPLINE_CURVE(2,(#9354,#9355,#9356,#9357,
#9358,#9359,#9360),.UNSPECIFIED.,.T.,.F.) B_SPLINE_CURVE_WITH_KNOTS((1,2
    ,2,2,2,1),(-2.094395102393,0.,2.094395102393,4.188790204786,
6.28318530718,8.377580409573),.UNSPECIFIED.) CURVE() 
GEOMETRIC_REPRESENTATION_ITEM() RATIONAL_B_SPLINE_CURVE((1.,0.5,1.,0.5,
1.,0.5,1.)) REPRESENTATION_ITEM('') );
#9354 = CARTESIAN_POINT('',(-2.55,-7.5));
#9355 = CARTESIAN_POINT('',(-2.55,-10.09807621135));
#9356 = CARTESIAN_POINT('',(-4.8,-8.799038105677));
#9357 = CARTESIAN_POINT('',(-7.05,-7.5));
#9358 = CARTESIAN_POINT('',(-4.8,-6.200961894323));
#9359 = CARTESIAN_POINT('',(-2.55,-4.901923788647));
#9360 = CARTESIAN_POINT('',(-2.55,-7.5));
#9361 = ( GEOMETRIC_REPRESENTATION_CONTEXT(2) 
PARAMETRIC_REPRESENTATION_CONTEXT() REPRESENTATION_CONTEXT('2D SPACE',''
  ) );
#9362 = ORIENTED_EDGE('',*,*,#9363,.T.);
#9363 = EDGE_CURVE('',#9336,#7823,#9364,.T.);
#9364 = SURFACE_CURVE('',#9365,(#9369,#9376),.PCURVE_S1.);
#9365 = LINE('',#9366,#9367);
#9366 = CARTESIAN_POINT('',(57.17,-5.46,12.2));
#9367 = VECTOR('',#9368,1.);
#9368 = DIRECTION('',(-1.,0.,0.));
#9369 = PCURVE('',#7861,#9370);
#9370 = DEFINITIONAL_REPRESENTATION('',(#9371),#9375);
#9371 = LINE('',#9372,#9373);
#9372 = CARTESIAN_POINT('',(1.570796326795,0.));
#9373 = VECTOR('',#9374,1.);
#9374 = DIRECTION('',(0.,1.));
#9375 = ( GEOMETRIC_REPRESENTATION_CONTEXT(2) 
PARAMETRIC_REPRESENTATION_CONTEXT() REPRESENTATION_CONTEXT('2D SPACE',''
  ) );
#9376 = PCURVE('',#7977,#9377);
#9377 = DEFINITIONAL_REPRESENTATION('',(#9378),#9382);
#9378 = LINE('',#9379,#9380);
#9379 = CARTESIAN_POINT('',(16.5,0.));
#9380 = VECTOR('',#9381,1.);
#9381 = DIRECTION('',(0.,-1.));
#9382 = ( GEOMETRIC_REPRESENTATION_CONTEXT(2) 
PARAMETRIC_REPRESENTATION_CONTEXT() REPRESENTATION_CONTEXT('2D SPACE',''
  ) );
#9383 = ORIENTED_EDGE('',*,*,#7846,.T.);
#9384 = ADVANCED_FACE('',(#9385),#7896,.F.);
#9385 = FACE_BOUND('',#9386,.F.);
#9386 = EDGE_LOOP('',(#9387,#9388,#9416,#9437));
#9387 = ORIENTED_EDGE('',*,*,#9264,.F.);
#9388 = ORIENTED_EDGE('',*,*,#9389,.T.);
#9389 = EDGE_CURVE('',#9265,#9390,#9392,.T.);
#9390 = VERTEX_POINT('',#9391);
#9391 = CARTESIAN_POINT('',(57.17,5.94,5.69));
#9392 = SURFACE_CURVE('',#9393,(#9398,#9405),.PCURVE_S1.);
#9393 = CIRCLE('',#9394,1.99);
#9394 = AXIS2_PLACEMENT_3D('',#9395,#9396,#9397);
#9395 = CARTESIAN_POINT('',(57.17,7.93,5.69));
#9396 = DIRECTION('',(-1.,-0.,-0.));
#9397 = DIRECTION('',(0.,0.,-1.));
#9398 = PCURVE('',#7896,#9399);
#9399 = DEFINITIONAL_REPRESENTATION('',(#9400),#9404);
#9400 = LINE('',#9401,#9402);
#9401 = CARTESIAN_POINT('',(0.,0.));
#9402 = VECTOR('',#9403,1.);
#9403 = DIRECTION('',(1.,0.));
#9404 = ( GEOMETRIC_REPRESENTATION_CONTEXT(2) 
PARAMETRIC_REPRESENTATION_CONTEXT() REPRESENTATION_CONTEXT('2D SPACE',''
  ) );
#9405 = PCURVE('',#8123,#9406);
#9406 = DEFINITIONAL_REPRESENTATION('',(#9407),#9415);
#9407 = ( BOUNDED_CURVE() B_SPLINE_CURVE(2,(#9408,#9409,#9410,#9411,
#9412,#9413,#9414),.UNSPECIFIED.,.T.,.F.) B_SPLINE_CURVE_WITH_KNOTS((1,2
    ,2,2,2,1),(-2.094395102393,0.,2.094395102393,4.188790204786,
6.28318530718,8.377580409573),.UNSPECIFIED.) CURVE() 
GEOMETRIC_REPRESENTATION_ITEM() RATIONAL_B_SPLINE_CURVE((1.,0.5,1.,0.5,
1.,0.5,1.)) REPRESENTATION_ITEM('') );
#9408 = CARTESIAN_POINT('',(2.95,5.89));
#9409 = CARTESIAN_POINT('',(2.95,2.443218892938));
#9410 = CARTESIAN_POINT('',(-3.5E-02,4.166609446469));
#9411 = CARTESIAN_POINT('',(-3.02,5.89));
#9412 = CARTESIAN_POINT('',(-3.5E-02,7.613390553531));
#9413 = CARTESIAN_POINT('',(2.95,9.336781107062));
#9414 = CARTESIAN_POINT('',(2.95,5.89));
#9415 = ( GEOMETRIC_REPRESENTATION_CONTEXT(2) 
PARAMETRIC_REPRESENTATION_CONTEXT() REPRESENTATION_CONTEXT('2D SPACE',''
  ) );
#9416 = ORIENTED_EDGE('',*,*,#9417,.T.);
#9417 = EDGE_CURVE('',#9390,#7880,#9418,.T.);
#9418 = SURFACE_CURVE('',#9419,(#9423,#9430),.PCURVE_S1.);
#9419 = LINE('',#9420,#9421);
#9420 = CARTESIAN_POINT('',(57.17,5.94,5.69));
#9421 = VECTOR('',#9422,1.);
#9422 = DIRECTION('',(-1.,-0.,-0.));
#9423 = PCURVE('',#7896,#9424);
#9424 = DEFINITIONAL_REPRESENTATION('',(#9425),#9429);
#9425 = LINE('',#9426,#9427);
#9426 = CARTESIAN_POINT('',(1.570796326795,0.));
#9427 = VECTOR('',#9428,1.);
#9428 = DIRECTION('',(0.,1.));
#9429 = ( GEOMETRIC_REPRESENTATION_CONTEXT(2) 
PARAMETRIC_REPRESENTATION_CONTEXT() REPRESENTATION_CONTEXT('2D SPACE',''
  ) );
#9430 = PCURVE('',#8032,#9431);
#9431 = DEFINITIONAL_REPRESENTATION('',(#9432),#9436);
#9432 = LINE('',#9433,#9434);
#9433 = CARTESIAN_POINT('',(1.99,0.));
#9434 = VECTOR('',#9435,1.);
#9435 = DIRECTION('',(0.,-1.));
#9436 = ( GEOMETRIC_REPRESENTATION_CONTEXT(2) 
PARAMETRIC_REPRESENTATION_CONTEXT() REPRESENTATION_CONTEXT('2D SPACE',''
  ) );
#9437 = ORIENTED_EDGE('',*,*,#7879,.F.);
#9438 = ADVANCED_FACE('',(#9439),#7977,.T.);
#9439 = FACE_BOUND('',#9440,.T.);
#9440 = EDGE_LOOP('',(#9441,#9442,#9463,#9464));
#9441 = ORIENTED_EDGE('',*,*,#9363,.F.);
#9442 = ORIENTED_EDGE('',*,*,#9443,.F.);
#9443 = EDGE_CURVE('',#8108,#9336,#9444,.T.);
#9444 = SURFACE_CURVE('',#9445,(#9449,#9456),.PCURVE_S1.);
#9445 = LINE('',#9446,#9447);
#9446 = CARTESIAN_POINT('',(57.17,11.04,12.2));
#9447 = VECTOR('',#9448,1.);
#9448 = DIRECTION('',(0.,-1.,0.));
#9449 = PCURVE('',#7977,#9450);
#9450 = DEFINITIONAL_REPRESENTATION('',(#9451),#9455);
#9451 = LINE('',#9452,#9453);
#9452 = CARTESIAN_POINT('',(0.,0.));
#9453 = VECTOR('',#9454,1.);
#9454 = DIRECTION('',(1.,0.));
#9455 = ( GEOMETRIC_REPRESENTATION_CONTEXT(2) 
PARAMETRIC_REPRESENTATION_CONTEXT() REPRESENTATION_CONTEXT('2D SPACE',''
  ) );
#9456 = PCURVE('',#8123,#9457);
#9457 = DEFINITIONAL_REPRESENTATION('',(#9458),#9462);
#9458 = LINE('',#9459,#9460);
#9459 = CARTESIAN_POINT('',(-5.55,9.));
#9460 = VECTOR('',#9461,1.);
#9461 = DIRECTION('',(0.,-1.));
#9462 = ( GEOMETRIC_REPRESENTATION_CONTEXT(2) 
PARAMETRIC_REPRESENTATION_CONTEXT() REPRESENTATION_CONTEXT('2D SPACE',''
  ) );
#9463 = ORIENTED_EDGE('',*,*,#8135,.T.);
#9464 = ORIENTED_EDGE('',*,*,#7963,.T.);
#9465 = ADVANCED_FACE('',(#9466),#8032,.T.);
#9466 = FACE_BOUND('',#9467,.T.);
#9467 = EDGE_LOOP('',(#9468,#9469,#9470,#9493));
#9468 = ORIENTED_EDGE('',*,*,#9417,.T.);
#9469 = ORIENTED_EDGE('',*,*,#8018,.T.);
#9470 = ORIENTED_EDGE('',*,*,#9471,.F.);
#9471 = EDGE_CURVE('',#9472,#7995,#9474,.T.);
#9472 = VERTEX_POINT('',#9473);
#9473 = CARTESIAN_POINT('',(57.17,5.94,5.71));
#9474 = SURFACE_CURVE('',#9475,(#9479,#9486),.PCURVE_S1.);
#9475 = LINE('',#9476,#9477);
#9476 = CARTESIAN_POINT('',(57.17,5.94,5.71));
#9477 = VECTOR('',#9478,1.);
#9478 = DIRECTION('',(-1.,-0.,-0.));
#9479 = PCURVE('',#8032,#9480);
#9480 = DEFINITIONAL_REPRESENTATION('',(#9481),#9485);
#9481 = LINE('',#9482,#9483);
#9482 = CARTESIAN_POINT('',(2.01,0.));
#9483 = VECTOR('',#9484,1.);
#9484 = DIRECTION('',(0.,-1.));
#9485 = ( GEOMETRIC_REPRESENTATION_CONTEXT(2) 
PARAMETRIC_REPRESENTATION_CONTEXT() REPRESENTATION_CONTEXT('2D SPACE',''
  ) );
#9486 = PCURVE('',#8178,#9487);
#9487 = DEFINITIONAL_REPRESENTATION('',(#9488),#9492);
#9488 = LINE('',#9489,#9490);
#9489 = CARTESIAN_POINT('',(0.,0.));
#9490 = VECTOR('',#9491,1.);
#9491 = DIRECTION('',(0.,1.));
#9492 = ( GEOMETRIC_REPRESENTATION_CONTEXT(2) 
PARAMETRIC_REPRESENTATION_CONTEXT() REPRESENTATION_CONTEXT('2D SPACE',''
  ) );
#9493 = ORIENTED_EDGE('',*,*,#9494,.F.);
#9494 = EDGE_CURVE('',#9390,#9472,#9495,.T.);
#9495 = SURFACE_CURVE('',#9496,(#9500,#9507),.PCURVE_S1.);
#9496 = LINE('',#9497,#9498);
#9497 = CARTESIAN_POINT('',(57.17,5.94,3.7));
#9498 = VECTOR('',#9499,1.);
#9499 = DIRECTION('',(0.,0.,1.));
#9500 = PCURVE('',#8032,#9501);
#9501 = DEFINITIONAL_REPRESENTATION('',(#9502),#9506);
#9502 = LINE('',#9503,#9504);
#9503 = CARTESIAN_POINT('',(0.,0.));
#9504 = VECTOR('',#9505,1.);
#9505 = DIRECTION('',(1.,0.));
#9506 = ( GEOMETRIC_REPRESENTATION_CONTEXT(2) 
PARAMETRIC_REPRESENTATION_CONTEXT() REPRESENTATION_CONTEXT('2D SPACE',''
  ) );
#9507 = PCURVE('',#8123,#9508);
#9508 = DEFINITIONAL_REPRESENTATION('',(#9509),#9513);
#9509 = LINE('',#9510,#9511);
#9510 = CARTESIAN_POINT('',(2.95,3.9));
#9511 = VECTOR('',#9512,1.);
#9512 = DIRECTION('',(-1.,0.));
#9513 = ( GEOMETRIC_REPRESENTATION_CONTEXT(2) 
PARAMETRIC_REPRESENTATION_CONTEXT() REPRESENTATION_CONTEXT('2D SPACE',''
  ) );
#9514 = ADVANCED_FACE('',(#9515),#8095,.F.);
#9515 = FACE_BOUND('',#9516,.F.);
#9516 = EDGE_LOOP('',(#9517,#9540,#9561,#9562));
#9517 = ORIENTED_EDGE('',*,*,#9518,.F.);
#9518 = EDGE_CURVE('',#9519,#8217,#9521,.T.);
#9519 = VERTEX_POINT('',#9520);
#9520 = CARTESIAN_POINT('',(57.17,1.04,8.7));
#9521 = SURFACE_CURVE('',#9522,(#9526,#9533),.PCURVE_S1.);
#9522 = LINE('',#9523,#9524);
#9523 = CARTESIAN_POINT('',(57.17,1.04,8.7));
#9524 = VECTOR('',#9525,1.);
#9525 = DIRECTION('',(-1.,-0.,-0.));
#9526 = PCURVE('',#8095,#9527);
#9527 = DEFINITIONAL_REPRESENTATION('',(#9528),#9532);
#9528 = LINE('',#9529,#9530);
#9529 = CARTESIAN_POINT('',(1.5,0.));
#9530 = VECTOR('',#9531,1.);
#9531 = DIRECTION('',(0.,-1.));
#9532 = ( GEOMETRIC_REPRESENTATION_CONTEXT(2) 
PARAMETRIC_REPRESENTATION_CONTEXT() REPRESENTATION_CONTEXT('2D SPACE',''
  ) );
#9533 = PCURVE('',#8365,#9534);
#9534 = DEFINITIONAL_REPRESENTATION('',(#9535),#9539);
#9535 = LINE('',#9536,#9537);
#9536 = CARTESIAN_POINT('',(-0.,0.));
#9537 = VECTOR('',#9538,1.);
#9538 = DIRECTION('',(-0.,1.));
#9539 = ( GEOMETRIC_REPRESENTATION_CONTEXT(2) 
PARAMETRIC_REPRESENTATION_CONTEXT() REPRESENTATION_CONTEXT('2D SPACE',''
  ) );
#9540 = ORIENTED_EDGE('',*,*,#9541,.F.);
#9541 = EDGE_CURVE('',#8080,#9519,#9542,.T.);
#9542 = SURFACE_CURVE('',#9543,(#9547,#9554),.PCURVE_S1.);
#9543 = LINE('',#9544,#9545);
#9544 = CARTESIAN_POINT('',(57.17,1.04,10.2));
#9545 = VECTOR('',#9546,1.);
#9546 = DIRECTION('',(0.,0.,-1.));
#9547 = PCURVE('',#8095,#9548);
#9548 = DEFINITIONAL_REPRESENTATION('',(#9549),#9553);
#9549 = LINE('',#9550,#9551);
#9550 = CARTESIAN_POINT('',(0.,0.));
#9551 = VECTOR('',#9552,1.);
#9552 = DIRECTION('',(1.,0.));
#9553 = ( GEOMETRIC_REPRESENTATION_CONTEXT(2) 
PARAMETRIC_REPRESENTATION_CONTEXT() REPRESENTATION_CONTEXT('2D SPACE',''
  ) );
#9554 = PCURVE('',#8123,#9555);
#9555 = DEFINITIONAL_REPRESENTATION('',(#9556),#9560);
#9556 = LINE('',#9557,#9558);
#9557 = CARTESIAN_POINT('',(-3.55,-1.));
#9558 = VECTOR('',#9559,1.);
#9559 = DIRECTION('',(1.,0.));
#9560 = ( GEOMETRIC_REPRESENTATION_CONTEXT(2) 
PARAMETRIC_REPRESENTATION_CONTEXT() REPRESENTATION_CONTEXT('2D SPACE',''
  ) );
#9561 = ORIENTED_EDGE('',*,*,#8079,.T.);
#9562 = ORIENTED_EDGE('',*,*,#8242,.F.);
#9563 = ADVANCED_FACE('',(#9564),#8123,.T.);
#9564 = FACE_BOUND('',#9565,.T.);
#9565 = EDGE_LOOP('',(#9566,#9567,#9589,#9590,#9591,#9592,#9620,#9643,
    #9676,#9699,#9723,#9744,#9745,#9768,#9792,#9815,#9837,#9838,#9839,
    #9840,#9841,#9842));
#9566 = ORIENTED_EDGE('',*,*,#9133,.T.);
#9567 = ORIENTED_EDGE('',*,*,#9568,.T.);
#9568 = EDGE_CURVE('',#9134,#9288,#9569,.T.);
#9569 = SURFACE_CURVE('',#9570,(#9575,#9582),.PCURVE_S1.);
#9570 = CIRCLE('',#9571,5.E-02);
#9571 = AXIS2_PLACEMENT_3D('',#9572,#9573,#9574);
#9572 = CARTESIAN_POINT('',(57.17,10.99,3.65));
#9573 = DIRECTION('',(1.,0.,-0.));
#9574 = DIRECTION('',(0.,0.,1.));
#9575 = PCURVE('',#8123,#9576);
#9576 = DEFINITIONAL_REPRESENTATION('',(#9577),#9581);
#9577 = CIRCLE('',#9578,5.E-02);
#9578 = AXIS2_PLACEMENT_2D('',#9579,#9580);
#9579 = CARTESIAN_POINT('',(3.,8.95));
#9580 = DIRECTION('',(-1.,0.));
#9581 = ( GEOMETRIC_REPRESENTATION_CONTEXT(2) 
PARAMETRIC_REPRESENTATION_CONTEXT() REPRESENTATION_CONTEXT('2D SPACE',''
  ) );
#9582 = PCURVE('',#9172,#9583);
#9583 = DEFINITIONAL_REPRESENTATION('',(#9584),#9588);
#9584 = LINE('',#9585,#9586);
#9585 = CARTESIAN_POINT('',(-4.712388980385,0.95));
#9586 = VECTOR('',#9587,1.);
#9587 = DIRECTION('',(1.,0.));
#9588 = ( GEOMETRIC_REPRESENTATION_CONTEXT(2) 
PARAMETRIC_REPRESENTATION_CONTEXT() REPRESENTATION_CONTEXT('2D SPACE',''
  ) );
#9589 = ORIENTED_EDGE('',*,*,#9287,.T.);
#9590 = ORIENTED_EDGE('',*,*,#9389,.T.);
#9591 = ORIENTED_EDGE('',*,*,#9494,.T.);
#9592 = ORIENTED_EDGE('',*,*,#9593,.T.);
#9593 = EDGE_CURVE('',#9472,#9594,#9596,.T.);
#9594 = VERTEX_POINT('',#9595);
#9595 = CARTESIAN_POINT('',(57.17,7.93,7.7));
#9596 = SURFACE_CURVE('',#9597,(#9602,#9613),.PCURVE_S1.);
#9597 = CIRCLE('',#9598,1.99);
#9598 = AXIS2_PLACEMENT_3D('',#9599,#9600,#9601);
#9599 = CARTESIAN_POINT('',(57.17,7.93,5.71));
#9600 = DIRECTION('',(-1.,-0.,-0.));
#9601 = DIRECTION('',(0.,0.,-1.));
#9602 = PCURVE('',#8123,#9603);
#9603 = DEFINITIONAL_REPRESENTATION('',(#9604),#9612);
#9604 = ( BOUNDED_CURVE() B_SPLINE_CURVE(2,(#9605,#9606,#9607,#9608,
#9609,#9610,#9611),.UNSPECIFIED.,.T.,.F.) B_SPLINE_CURVE_WITH_KNOTS((1,2
    ,2,2,2,1),(-2.094395102393,0.,2.094395102393,4.188790204786,
6.28318530718,8.377580409573),.UNSPECIFIED.) CURVE() 
GEOMETRIC_REPRESENTATION_ITEM() RATIONAL_B_SPLINE_CURVE((1.,0.5,1.,0.5,
1.,0.5,1.)) REPRESENTATION_ITEM('') );
#9605 = CARTESIAN_POINT('',(2.93,5.89));
#9606 = CARTESIAN_POINT('',(2.93,2.443218892938));
#9607 = CARTESIAN_POINT('',(-5.5E-02,4.166609446469));
#9608 = CARTESIAN_POINT('',(-3.04,5.89));
#9609 = CARTESIAN_POINT('',(-5.5E-02,7.613390553531));
#9610 = CARTESIAN_POINT('',(2.93,9.336781107062));
#9611 = CARTESIAN_POINT('',(2.93,5.89));
#9612 = ( GEOMETRIC_REPRESENTATION_CONTEXT(2) 
PARAMETRIC_REPRESENTATION_CONTEXT() REPRESENTATION_CONTEXT('2D SPACE',''
  ) );
#9613 = PCURVE('',#8178,#9614);
#9614 = DEFINITIONAL_REPRESENTATION('',(#9615),#9619);
#9615 = LINE('',#9616,#9617);
#9616 = CARTESIAN_POINT('',(-1.570796326795,0.));
#9617 = VECTOR('',#9618,1.);
#9618 = DIRECTION('',(1.,0.));
#9619 = ( GEOMETRIC_REPRESENTATION_CONTEXT(2) 
PARAMETRIC_REPRESENTATION_CONTEXT() REPRESENTATION_CONTEXT('2D SPACE',''
  ) );
#9620 = ORIENTED_EDGE('',*,*,#9621,.T.);
#9621 = EDGE_CURVE('',#9594,#9622,#9624,.T.);
#9622 = VERTEX_POINT('',#9623);
#9623 = CARTESIAN_POINT('',(57.17,10.99,7.7));
#9624 = SURFACE_CURVE('',#9625,(#9629,#9636),.PCURVE_S1.);
#9625 = LINE('',#9626,#9627);
#9626 = CARTESIAN_POINT('',(57.17,5.94,7.7));
#9627 = VECTOR('',#9628,1.);
#9628 = DIRECTION('',(0.,1.,0.));
#9629 = PCURVE('',#8123,#9630);
#9630 = DEFINITIONAL_REPRESENTATION('',(#9631),#9635);
#9631 = LINE('',#9632,#9633);
#9632 = CARTESIAN_POINT('',(-1.05,3.9));
#9633 = VECTOR('',#9634,1.);
#9634 = DIRECTION('',(0.,1.));
#9635 = ( GEOMETRIC_REPRESENTATION_CONTEXT(2) 
PARAMETRIC_REPRESENTATION_CONTEXT() REPRESENTATION_CONTEXT('2D SPACE',''
  ) );
#9636 = PCURVE('',#8282,#9637);
#9637 = DEFINITIONAL_REPRESENTATION('',(#9638),#9642);
#9638 = LINE('',#9639,#9640);
#9639 = CARTESIAN_POINT('',(0.,0.));
#9640 = VECTOR('',#9641,1.);
#9641 = DIRECTION('',(1.,0.));
#9642 = ( GEOMETRIC_REPRESENTATION_CONTEXT(2) 
PARAMETRIC_REPRESENTATION_CONTEXT() REPRESENTATION_CONTEXT('2D SPACE',''
  ) );
#9643 = ORIENTED_EDGE('',*,*,#9644,.F.);
#9644 = EDGE_CURVE('',#9645,#9622,#9647,.T.);
#9645 = VERTEX_POINT('',#9646);
#9646 = CARTESIAN_POINT('',(57.17,11.04,7.75));
#9647 = SURFACE_CURVE('',#9648,(#9653,#9664),.PCURVE_S1.);
#9648 = CIRCLE('',#9649,5.E-02);
#9649 = AXIS2_PLACEMENT_3D('',#9650,#9651,#9652);
#9650 = CARTESIAN_POINT('',(57.17,10.99,7.75));
#9651 = DIRECTION('',(-1.,-0.,-0.));
#9652 = DIRECTION('',(0.,0.,-1.));
#9653 = PCURVE('',#8123,#9654);
#9654 = DEFINITIONAL_REPRESENTATION('',(#9655),#9663);
#9655 = ( BOUNDED_CURVE() B_SPLINE_CURVE(2,(#9656,#9657,#9658,#9659,
#9660,#9661,#9662),.UNSPECIFIED.,.T.,.F.) B_SPLINE_CURVE_WITH_KNOTS((1,2
    ,2,2,2,1),(-2.094395102393,0.,2.094395102393,4.188790204786,
6.28318530718,8.377580409573),.UNSPECIFIED.) CURVE() 
GEOMETRIC_REPRESENTATION_ITEM() RATIONAL_B_SPLINE_CURVE((1.,0.5,1.,0.5,
1.,0.5,1.)) REPRESENTATION_ITEM('') );
#9656 = CARTESIAN_POINT('',(-1.05,8.95));
#9657 = CARTESIAN_POINT('',(-1.05,8.863397459622));
#9658 = CARTESIAN_POINT('',(-1.125,8.906698729811));
#9659 = CARTESIAN_POINT('',(-1.2,8.95));
#9660 = CARTESIAN_POINT('',(-1.125,8.993301270189));
#9661 = CARTESIAN_POINT('',(-1.05,9.036602540378));
#9662 = CARTESIAN_POINT('',(-1.05,8.95));
#9663 = ( GEOMETRIC_REPRESENTATION_CONTEXT(2) 
PARAMETRIC_REPRESENTATION_CONTEXT() REPRESENTATION_CONTEXT('2D SPACE',''
  ) );
#9664 = PCURVE('',#9665,#9670);
#9665 = CYLINDRICAL_SURFACE('',#9666,5.E-02);
#9666 = AXIS2_PLACEMENT_3D('',#9667,#9668,#9669);
#9667 = CARTESIAN_POINT('',(57.17,10.99,7.75));
#9668 = DIRECTION('',(-1.,-0.,-0.));
#9669 = DIRECTION('',(0.,1.,0.));
#9670 = DEFINITIONAL_REPRESENTATION('',(#9671),#9675);
#9671 = LINE('',#9672,#9673);
#9672 = CARTESIAN_POINT('',(-4.712388980385,0.));
#9673 = VECTOR('',#9674,1.);
#9674 = DIRECTION('',(1.,0.));
#9675 = ( GEOMETRIC_REPRESENTATION_CONTEXT(2) 
PARAMETRIC_REPRESENTATION_CONTEXT() REPRESENTATION_CONTEXT('2D SPACE',''
  ) );
#9676 = ORIENTED_EDGE('',*,*,#9677,.T.);
#9677 = EDGE_CURVE('',#9645,#9678,#9680,.T.);
#9678 = VERTEX_POINT('',#9679);
#9679 = CARTESIAN_POINT('',(57.17,11.04,10.7));
#9680 = SURFACE_CURVE('',#9681,(#9685,#9692),.PCURVE_S1.);
#9681 = LINE('',#9682,#9683);
#9682 = CARTESIAN_POINT('',(57.17,11.04,1.1));
#9683 = VECTOR('',#9684,1.);
#9684 = DIRECTION('',(0.,0.,1.));
#9685 = PCURVE('',#8123,#9686);
#9686 = DEFINITIONAL_REPRESENTATION('',(#9687),#9691);
#9687 = LINE('',#9688,#9689);
#9688 = CARTESIAN_POINT('',(5.55,9.));
#9689 = VECTOR('',#9690,1.);
#9690 = DIRECTION('',(-1.,0.));
#9691 = ( GEOMETRIC_REPRESENTATION_CONTEXT(2) 
PARAMETRIC_REPRESENTATION_CONTEXT() REPRESENTATION_CONTEXT('2D SPACE',''
  ) );
#9692 = PCURVE('',#8445,#9693);
#9693 = DEFINITIONAL_REPRESENTATION('',(#9694),#9698);
#9694 = LINE('',#9695,#9696);
#9695 = CARTESIAN_POINT('',(0.,0.));
#9696 = VECTOR('',#9697,1.);
#9697 = DIRECTION('',(1.,0.));
#9698 = ( GEOMETRIC_REPRESENTATION_CONTEXT(2) 
PARAMETRIC_REPRESENTATION_CONTEXT() REPRESENTATION_CONTEXT('2D SPACE',''
  ) );
#9699 = ORIENTED_EDGE('',*,*,#9700,.T.);
#9700 = EDGE_CURVE('',#9678,#9701,#9703,.T.);
#9701 = VERTEX_POINT('',#9702);
#9702 = CARTESIAN_POINT('',(57.17,9.54,12.2));
#9703 = SURFACE_CURVE('',#9704,(#9709,#9716),.PCURVE_S1.);
#9704 = CIRCLE('',#9705,1.5);
#9705 = AXIS2_PLACEMENT_3D('',#9706,#9707,#9708);
#9706 = CARTESIAN_POINT('',(57.17,9.54,10.7));
#9707 = DIRECTION('',(1.,-0.,0.));
#9708 = DIRECTION('',(0.,0.,-1.));
#9709 = PCURVE('',#8123,#9710);
#9710 = DEFINITIONAL_REPRESENTATION('',(#9711),#9715);
#9711 = CIRCLE('',#9712,1.5);
#9712 = AXIS2_PLACEMENT_2D('',#9713,#9714);
#9713 = CARTESIAN_POINT('',(-4.05,7.5));
#9714 = DIRECTION('',(1.,0.));
#9715 = ( GEOMETRIC_REPRESENTATION_CONTEXT(2) 
PARAMETRIC_REPRESENTATION_CONTEXT() REPRESENTATION_CONTEXT('2D SPACE',''
  ) );
#9716 = PCURVE('',#8533,#9717);
#9717 = DEFINITIONAL_REPRESENTATION('',(#9718),#9722);
#9718 = LINE('',#9719,#9720);
#9719 = CARTESIAN_POINT('',(1.570796326795,-0.));
#9720 = VECTOR('',#9721,1.);
#9721 = DIRECTION('',(-1.,0.));
#9722 = ( GEOMETRIC_REPRESENTATION_CONTEXT(2) 
PARAMETRIC_REPRESENTATION_CONTEXT() REPRESENTATION_CONTEXT('2D SPACE',''
  ) );
#9723 = ORIENTED_EDGE('',*,*,#9724,.T.);
#9724 = EDGE_CURVE('',#9701,#8750,#9725,.T.);
#9725 = SURFACE_CURVE('',#9726,(#9730,#9737),.PCURVE_S1.);
#9726 = LINE('',#9727,#9728);
#9727 = CARTESIAN_POINT('',(57.17,11.04,12.2));
#9728 = VECTOR('',#9729,1.);
#9729 = DIRECTION('',(0.,-1.,0.));
#9730 = PCURVE('',#8123,#9731);
#9731 = DEFINITIONAL_REPRESENTATION('',(#9732),#9736);
#9732 = LINE('',#9733,#9734);
#9733 = CARTESIAN_POINT('',(-5.55,9.));
#9734 = VECTOR('',#9735,1.);
#9735 = DIRECTION('',(0.,-1.));
#9736 = ( GEOMETRIC_REPRESENTATION_CONTEXT(2) 
PARAMETRIC_REPRESENTATION_CONTEXT() REPRESENTATION_CONTEXT('2D SPACE',''
  ) );
#9737 = PCURVE('',#8674,#9738);
#9738 = DEFINITIONAL_REPRESENTATION('',(#9739),#9743);
#9739 = LINE('',#9740,#9741);
#9740 = CARTESIAN_POINT('',(0.,0.));
#9741 = VECTOR('',#9742,1.);
#9742 = DIRECTION('',(1.,0.));
#9743 = ( GEOMETRIC_REPRESENTATION_CONTEXT(2) 
PARAMETRIC_REPRESENTATION_CONTEXT() REPRESENTATION_CONTEXT('2D SPACE',''
  ) );
#9744 = ORIENTED_EDGE('',*,*,#8772,.F.);
#9745 = ORIENTED_EDGE('',*,*,#9746,.T.);
#9746 = EDGE_CURVE('',#8773,#9747,#9749,.T.);
#9747 = VERTEX_POINT('',#9748);
#9748 = CARTESIAN_POINT('',(57.17,3.94,8.7));
#9749 = SURFACE_CURVE('',#9750,(#9754,#9761),.PCURVE_S1.);
#9750 = LINE('',#9751,#9752);
#9751 = CARTESIAN_POINT('',(57.17,3.94,10.2));
#9752 = VECTOR('',#9753,1.);
#9753 = DIRECTION('',(0.,0.,-1.));
#9754 = PCURVE('',#8123,#9755);
#9755 = DEFINITIONAL_REPRESENTATION('',(#9756),#9760);
#9756 = LINE('',#9757,#9758);
#9757 = CARTESIAN_POINT('',(-3.55,1.9));
#9758 = VECTOR('',#9759,1.);
#9759 = DIRECTION('',(1.,0.));
#9760 = ( GEOMETRIC_REPRESENTATION_CONTEXT(2) 
PARAMETRIC_REPRESENTATION_CONTEXT() REPRESENTATION_CONTEXT('2D SPACE',''
  ) );
#9761 = PCURVE('',#8732,#9762);
#9762 = DEFINITIONAL_REPRESENTATION('',(#9763),#9767);
#9763 = LINE('',#9764,#9765);
#9764 = CARTESIAN_POINT('',(0.,0.));
#9765 = VECTOR('',#9766,1.);
#9766 = DIRECTION('',(1.,0.));
#9767 = ( GEOMETRIC_REPRESENTATION_CONTEXT(2) 
PARAMETRIC_REPRESENTATION_CONTEXT() REPRESENTATION_CONTEXT('2D SPACE',''
  ) );
#9768 = ORIENTED_EDGE('',*,*,#9769,.F.);
#9769 = EDGE_CURVE('',#9770,#9747,#9772,.T.);
#9770 = VERTEX_POINT('',#9771);
#9771 = CARTESIAN_POINT('',(57.17,3.44,8.2));
#9772 = SURFACE_CURVE('',#9773,(#9778,#9785),.PCURVE_S1.);
#9773 = CIRCLE('',#9774,0.5);
#9774 = AXIS2_PLACEMENT_3D('',#9775,#9776,#9777);
#9775 = CARTESIAN_POINT('',(57.17,3.44,8.7));
#9776 = DIRECTION('',(1.,-0.,0.));
#9777 = DIRECTION('',(0.,0.,-1.));
#9778 = PCURVE('',#8123,#9779);
#9779 = DEFINITIONAL_REPRESENTATION('',(#9780),#9784);
#9780 = CIRCLE('',#9781,0.5);
#9781 = AXIS2_PLACEMENT_2D('',#9782,#9783);
#9782 = CARTESIAN_POINT('',(-2.05,1.4));
#9783 = DIRECTION('',(1.,0.));
#9784 = ( GEOMETRIC_REPRESENTATION_CONTEXT(2) 
PARAMETRIC_REPRESENTATION_CONTEXT() REPRESENTATION_CONTEXT('2D SPACE',''
  ) );
#9785 = PCURVE('',#8610,#9786);
#9786 = DEFINITIONAL_REPRESENTATION('',(#9787),#9791);
#9787 = LINE('',#9788,#9789);
#9788 = CARTESIAN_POINT('',(-0.,0.));
#9789 = VECTOR('',#9790,1.);
#9790 = DIRECTION('',(-1.,0.));
#9791 = ( GEOMETRIC_REPRESENTATION_CONTEXT(2) 
PARAMETRIC_REPRESENTATION_CONTEXT() REPRESENTATION_CONTEXT('2D SPACE',''
  ) );
#9792 = ORIENTED_EDGE('',*,*,#9793,.T.);
#9793 = EDGE_CURVE('',#9770,#9794,#9796,.T.);
#9794 = VERTEX_POINT('',#9795);
#9795 = CARTESIAN_POINT('',(57.17,1.54,8.2));
#9796 = SURFACE_CURVE('',#9797,(#9801,#9808),.PCURVE_S1.);
#9797 = LINE('',#9798,#9799);
#9798 = CARTESIAN_POINT('',(57.17,3.94,8.2));
#9799 = VECTOR('',#9800,1.);
#9800 = DIRECTION('',(0.,-1.,0.));
#9801 = PCURVE('',#8123,#9802);
#9802 = DEFINITIONAL_REPRESENTATION('',(#9803),#9807);
#9803 = LINE('',#9804,#9805);
#9804 = CARTESIAN_POINT('',(-1.55,1.9));
#9805 = VECTOR('',#9806,1.);
#9806 = DIRECTION('',(0.,-1.));
#9807 = ( GEOMETRIC_REPRESENTATION_CONTEXT(2) 
PARAMETRIC_REPRESENTATION_CONTEXT() REPRESENTATION_CONTEXT('2D SPACE',''
  ) );
#9808 = PCURVE('',#8500,#9809);
#9809 = DEFINITIONAL_REPRESENTATION('',(#9810),#9814);
#9810 = LINE('',#9811,#9812);
#9811 = CARTESIAN_POINT('',(0.,0.));
#9812 = VECTOR('',#9813,1.);
#9813 = DIRECTION('',(1.,0.));
#9814 = ( GEOMETRIC_REPRESENTATION_CONTEXT(2) 
PARAMETRIC_REPRESENTATION_CONTEXT() REPRESENTATION_CONTEXT('2D SPACE',''
  ) );
#9815 = ORIENTED_EDGE('',*,*,#9816,.F.);
#9816 = EDGE_CURVE('',#9519,#9794,#9817,.T.);
#9817 = SURFACE_CURVE('',#9818,(#9823,#9830),.PCURVE_S1.);
#9818 = CIRCLE('',#9819,0.5);
#9819 = AXIS2_PLACEMENT_3D('',#9820,#9821,#9822);
#9820 = CARTESIAN_POINT('',(57.17,1.54,8.7));
#9821 = DIRECTION('',(1.,-0.,0.));
#9822 = DIRECTION('',(0.,0.,-1.));
#9823 = PCURVE('',#8123,#9824);
#9824 = DEFINITIONAL_REPRESENTATION('',(#9825),#9829);
#9825 = CIRCLE('',#9826,0.5);
#9826 = AXIS2_PLACEMENT_2D('',#9827,#9828);
#9827 = CARTESIAN_POINT('',(-2.05,-0.5));
#9828 = DIRECTION('',(1.,0.));
#9829 = ( GEOMETRIC_REPRESENTATION_CONTEXT(2) 
PARAMETRIC_REPRESENTATION_CONTEXT() REPRESENTATION_CONTEXT('2D SPACE',''
  ) );
#9830 = PCURVE('',#8365,#9831);
#9831 = DEFINITIONAL_REPRESENTATION('',(#9832),#9836);
#9832 = LINE('',#9833,#9834);
#9833 = CARTESIAN_POINT('',(4.712388980385,-0.));
#9834 = VECTOR('',#9835,1.);
#9835 = DIRECTION('',(-1.,0.));
#9836 = ( GEOMETRIC_REPRESENTATION_CONTEXT(2) 
PARAMETRIC_REPRESENTATION_CONTEXT() REPRESENTATION_CONTEXT('2D SPACE',''
  ) );
#9837 = ORIENTED_EDGE('',*,*,#9541,.F.);
#9838 = ORIENTED_EDGE('',*,*,#8107,.F.);
#9839 = ORIENTED_EDGE('',*,*,#9443,.T.);
#9840 = ORIENTED_EDGE('',*,*,#9335,.F.);
#9841 = ORIENTED_EDGE('',*,*,#9239,.T.);
#9842 = ORIENTED_EDGE('',*,*,#9075,.T.);
#9843 = ADVANCED_FACE('',(#9844),#8178,.F.);
#9844 = FACE_BOUND('',#9845,.F.);
#9845 = EDGE_LOOP('',(#9846,#9847,#9848,#9869));
#9846 = ORIENTED_EDGE('',*,*,#9471,.F.);
#9847 = ORIENTED_EDGE('',*,*,#9593,.T.);
#9848 = ORIENTED_EDGE('',*,*,#9849,.T.);
#9849 = EDGE_CURVE('',#9594,#8162,#9850,.T.);
#9850 = SURFACE_CURVE('',#9851,(#9855,#9862),.PCURVE_S1.);
#9851 = LINE('',#9852,#9853);
#9852 = CARTESIAN_POINT('',(57.17,7.93,7.7));
#9853 = VECTOR('',#9854,1.);
#9854 = DIRECTION('',(-1.,-0.,-0.));
#9855 = PCURVE('',#8178,#9856);
#9856 = DEFINITIONAL_REPRESENTATION('',(#9857),#9861);
#9857 = LINE('',#9858,#9859);
#9858 = CARTESIAN_POINT('',(1.570796326795,0.));
#9859 = VECTOR('',#9860,1.);
#9860 = DIRECTION('',(0.,1.));
#9861 = ( GEOMETRIC_REPRESENTATION_CONTEXT(2) 
PARAMETRIC_REPRESENTATION_CONTEXT() REPRESENTATION_CONTEXT('2D SPACE',''
  ) );
#9862 = PCURVE('',#8282,#9863);
#9863 = DEFINITIONAL_REPRESENTATION('',(#9864),#9868);
#9864 = LINE('',#9865,#9866);
#9865 = CARTESIAN_POINT('',(1.99,0.));
#9866 = VECTOR('',#9867,1.);
#9867 = DIRECTION('',(0.,-1.));
#9868 = ( GEOMETRIC_REPRESENTATION_CONTEXT(2) 
PARAMETRIC_REPRESENTATION_CONTEXT() REPRESENTATION_CONTEXT('2D SPACE',''
  ) );
#9869 = ORIENTED_EDGE('',*,*,#8161,.F.);
#9870 = ADVANCED_FACE('',(#9871),#8282,.T.);
#9871 = FACE_BOUND('',#9872,.T.);
#9872 = EDGE_LOOP('',(#9873,#9874,#9895,#9896));
#9873 = ORIENTED_EDGE('',*,*,#8266,.T.);
#9874 = ORIENTED_EDGE('',*,*,#9875,.F.);
#9875 = EDGE_CURVE('',#9622,#8267,#9876,.T.);
#9876 = SURFACE_CURVE('',#9877,(#9881,#9888),.PCURVE_S1.);
#9877 = LINE('',#9878,#9879);
#9878 = CARTESIAN_POINT('',(57.17,10.99,7.7));
#9879 = VECTOR('',#9880,1.);
#9880 = DIRECTION('',(-1.,-0.,-0.));
#9881 = PCURVE('',#8282,#9882);
#9882 = DEFINITIONAL_REPRESENTATION('',(#9883),#9887);
#9883 = LINE('',#9884,#9885);
#9884 = CARTESIAN_POINT('',(5.05,0.));
#9885 = VECTOR('',#9886,1.);
#9886 = DIRECTION('',(0.,-1.));
#9887 = ( GEOMETRIC_REPRESENTATION_CONTEXT(2) 
PARAMETRIC_REPRESENTATION_CONTEXT() REPRESENTATION_CONTEXT('2D SPACE',''
  ) );
#9888 = PCURVE('',#9665,#9889);
#9889 = DEFINITIONAL_REPRESENTATION('',(#9890),#9894);
#9890 = LINE('',#9891,#9892);
#9891 = CARTESIAN_POINT('',(1.570796326795,0.));
#9892 = VECTOR('',#9893,1.);
#9893 = DIRECTION('',(0.,1.));
#9894 = ( GEOMETRIC_REPRESENTATION_CONTEXT(2) 
PARAMETRIC_REPRESENTATION_CONTEXT() REPRESENTATION_CONTEXT('2D SPACE',''
  ) );
#9895 = ORIENTED_EDGE('',*,*,#9621,.F.);
#9896 = ORIENTED_EDGE('',*,*,#9849,.T.);
#9897 = ADVANCED_FACE('',(#9898),#8311,.T.);
#9898 = FACE_BOUND('',#9899,.F.);
#9899 = EDGE_LOOP('',(#9900,#9922,#9923));
#9900 = ORIENTED_EDGE('',*,*,#9901,.F.);
#9901 = EDGE_CURVE('',#8383,#8267,#9902,.T.);
#9902 = SURFACE_CURVE('',#9903,(#9908,#9915),.PCURVE_S1.);
#9903 = CIRCLE('',#9904,5.E-02);
#9904 = AXIS2_PLACEMENT_3D('',#9905,#9906,#9907);
#9905 = CARTESIAN_POINT('',(56.22,10.99,7.75));
#9906 = DIRECTION('',(-1.,0.,0.));
#9907 = DIRECTION('',(0.,1.,0.));
#9908 = PCURVE('',#8311,#9909);
#9909 = DEFINITIONAL_REPRESENTATION('',(#9910),#9914);
#9910 = LINE('',#9911,#9912);
#9911 = CARTESIAN_POINT('',(-0.,-1.570796326795));
#9912 = VECTOR('',#9913,1.);
#9913 = DIRECTION('',(-0.,1.));
#9914 = ( GEOMETRIC_REPRESENTATION_CONTEXT(2) 
PARAMETRIC_REPRESENTATION_CONTEXT() REPRESENTATION_CONTEXT('2D SPACE',''
  ) );
#9915 = PCURVE('',#9665,#9916);
#9916 = DEFINITIONAL_REPRESENTATION('',(#9917),#9921);
#9917 = LINE('',#9918,#9919);
#9918 = CARTESIAN_POINT('',(0.,0.95));
#9919 = VECTOR('',#9920,1.);
#9920 = DIRECTION('',(1.,0.));
#9921 = ( GEOMETRIC_REPRESENTATION_CONTEXT(2) 
PARAMETRIC_REPRESENTATION_CONTEXT() REPRESENTATION_CONTEXT('2D SPACE',''
  ) );
#9922 = ORIENTED_EDGE('',*,*,#8382,.T.);
#9923 = ORIENTED_EDGE('',*,*,#8296,.F.);
#9924 = ADVANCED_FACE('',(#9925),#8365,.F.);
#9925 = FACE_BOUND('',#9926,.T.);
#9926 = EDGE_LOOP('',(#9927,#9928,#9929,#9950));
#9927 = ORIENTED_EDGE('',*,*,#9518,.F.);
#9928 = ORIENTED_EDGE('',*,*,#9816,.T.);
#9929 = ORIENTED_EDGE('',*,*,#9930,.T.);
#9930 = EDGE_CURVE('',#9794,#8327,#9931,.T.);
#9931 = SURFACE_CURVE('',#9932,(#9936,#9943),.PCURVE_S1.);
#9932 = LINE('',#9933,#9934);
#9933 = CARTESIAN_POINT('',(57.17,1.54,8.2));
#9934 = VECTOR('',#9935,1.);
#9935 = DIRECTION('',(-1.,-0.,-0.));
#9936 = PCURVE('',#8365,#9937);
#9937 = DEFINITIONAL_REPRESENTATION('',(#9938),#9942);
#9938 = LINE('',#9939,#9940);
#9939 = CARTESIAN_POINT('',(-1.570796326795,0.));
#9940 = VECTOR('',#9941,1.);
#9941 = DIRECTION('',(-0.,1.));
#9942 = ( GEOMETRIC_REPRESENTATION_CONTEXT(2) 
PARAMETRIC_REPRESENTATION_CONTEXT() REPRESENTATION_CONTEXT('2D SPACE',''
  ) );
#9943 = PCURVE('',#8500,#9944);
#9944 = DEFINITIONAL_REPRESENTATION('',(#9945),#9949);
#9945 = LINE('',#9946,#9947);
#9946 = CARTESIAN_POINT('',(2.4,0.));
#9947 = VECTOR('',#9948,1.);
#9948 = DIRECTION('',(0.,-1.));
#9949 = ( GEOMETRIC_REPRESENTATION_CONTEXT(2) 
PARAMETRIC_REPRESENTATION_CONTEXT() REPRESENTATION_CONTEXT('2D SPACE',''
  ) );
#9950 = ORIENTED_EDGE('',*,*,#8350,.T.);
#9951 = ADVANCED_FACE('',(#9952),#8445,.T.);
#9952 = FACE_BOUND('',#9953,.T.);
#9953 = EDGE_LOOP('',(#9954,#9975,#9976,#9997));
#9954 = ORIENTED_EDGE('',*,*,#9955,.F.);
#9955 = EDGE_CURVE('',#9678,#8408,#9956,.T.);
#9956 = SURFACE_CURVE('',#9957,(#9961,#9968),.PCURVE_S1.);
#9957 = LINE('',#9958,#9959);
#9958 = CARTESIAN_POINT('',(57.17,11.04,10.7));
#9959 = VECTOR('',#9960,1.);
#9960 = DIRECTION('',(-1.,0.,0.));
#9961 = PCURVE('',#8445,#9962);
#9962 = DEFINITIONAL_REPRESENTATION('',(#9963),#9967);
#9963 = LINE('',#9964,#9965);
#9964 = CARTESIAN_POINT('',(9.6,0.));
#9965 = VECTOR('',#9966,1.);
#9966 = DIRECTION('',(0.,-1.));
#9967 = ( GEOMETRIC_REPRESENTATION_CONTEXT(2) 
PARAMETRIC_REPRESENTATION_CONTEXT() REPRESENTATION_CONTEXT('2D SPACE',''
  ) );
#9968 = PCURVE('',#8533,#9969);
#9969 = DEFINITIONAL_REPRESENTATION('',(#9970),#9974);
#9970 = LINE('',#9971,#9972);
#9971 = CARTESIAN_POINT('',(-0.,0.));
#9972 = VECTOR('',#9973,1.);
#9973 = DIRECTION('',(-0.,1.));
#9974 = ( GEOMETRIC_REPRESENTATION_CONTEXT(2) 
PARAMETRIC_REPRESENTATION_CONTEXT() REPRESENTATION_CONTEXT('2D SPACE',''
  ) );
#9975 = ORIENTED_EDGE('',*,*,#9677,.F.);
#9976 = ORIENTED_EDGE('',*,*,#9977,.T.);
#9977 = EDGE_CURVE('',#9645,#8383,#9978,.T.);
#9978 = SURFACE_CURVE('',#9979,(#9983,#9990),.PCURVE_S1.);
#9979 = LINE('',#9980,#9981);
#9980 = CARTESIAN_POINT('',(57.17,11.04,7.75));
#9981 = VECTOR('',#9982,1.);
#9982 = DIRECTION('',(-1.,-0.,-0.));
#9983 = PCURVE('',#8445,#9984);
#9984 = DEFINITIONAL_REPRESENTATION('',(#9985),#9989);
#9985 = LINE('',#9986,#9987);
#9986 = CARTESIAN_POINT('',(6.65,0.));
#9987 = VECTOR('',#9988,1.);
#9988 = DIRECTION('',(0.,-1.));
#9989 = ( GEOMETRIC_REPRESENTATION_CONTEXT(2) 
PARAMETRIC_REPRESENTATION_CONTEXT() REPRESENTATION_CONTEXT('2D SPACE',''
  ) );
#9990 = PCURVE('',#9665,#9991);
#9991 = DEFINITIONAL_REPRESENTATION('',(#9992),#9996);
#9992 = LINE('',#9993,#9994);
#9993 = CARTESIAN_POINT('',(0.,0.));
#9994 = VECTOR('',#9995,1.);
#9995 = DIRECTION('',(0.,1.));
#9996 = ( GEOMETRIC_REPRESENTATION_CONTEXT(2) 
PARAMETRIC_REPRESENTATION_CONTEXT() REPRESENTATION_CONTEXT('2D SPACE',''
  ) );
#9997 = ORIENTED_EDGE('',*,*,#8431,.T.);
#9998 = ADVANCED_FACE('',(#9999),#8500,.T.);
#9999 = FACE_BOUND('',#10000,.T.);
#10000 = EDGE_LOOP('',(#10001,#10022,#10023,#10024));
#10001 = ORIENTED_EDGE('',*,*,#10002,.T.);
#10002 = EDGE_CURVE('',#9770,#8461,#10003,.T.);
#10003 = SURFACE_CURVE('',#10004,(#10008,#10015),.PCURVE_S1.);
#10004 = LINE('',#10005,#10006);
#10005 = CARTESIAN_POINT('',(57.17,3.44,8.2));
#10006 = VECTOR('',#10007,1.);
#10007 = DIRECTION('',(-1.,-0.,-0.));
#10008 = PCURVE('',#8500,#10009);
#10009 = DEFINITIONAL_REPRESENTATION('',(#10010),#10014);
#10010 = LINE('',#10011,#10012);
#10011 = CARTESIAN_POINT('',(0.5,0.));
#10012 = VECTOR('',#10013,1.);
#10013 = DIRECTION('',(0.,-1.));
#10014 = ( GEOMETRIC_REPRESENTATION_CONTEXT(2) 
PARAMETRIC_REPRESENTATION_CONTEXT() REPRESENTATION_CONTEXT('2D SPACE',''
  ) );
#10015 = PCURVE('',#8610,#10016);
#10016 = DEFINITIONAL_REPRESENTATION('',(#10017),#10021);
#10017 = LINE('',#10018,#10019);
#10018 = CARTESIAN_POINT('',(-0.,0.));
#10019 = VECTOR('',#10020,1.);
#10020 = DIRECTION('',(-0.,1.));
#10021 = ( GEOMETRIC_REPRESENTATION_CONTEXT(2) 
PARAMETRIC_REPRESENTATION_CONTEXT() REPRESENTATION_CONTEXT('2D SPACE',''
  ) );
#10022 = ORIENTED_EDGE('',*,*,#8486,.T.);
#10023 = ORIENTED_EDGE('',*,*,#9930,.F.);
#10024 = ORIENTED_EDGE('',*,*,#9793,.F.);
#10025 = ADVANCED_FACE('',(#10026),#8533,.T.);
#10026 = FACE_BOUND('',#10027,.F.);
#10027 = EDGE_LOOP('',(#10028,#10029,#10030,#10051));
#10028 = ORIENTED_EDGE('',*,*,#9955,.F.);
#10029 = ORIENTED_EDGE('',*,*,#9700,.T.);
#10030 = ORIENTED_EDGE('',*,*,#10031,.T.);
#10031 = EDGE_CURVE('',#9701,#8517,#10032,.T.);
#10032 = SURFACE_CURVE('',#10033,(#10037,#10044),.PCURVE_S1.);
#10033 = LINE('',#10034,#10035);
#10034 = CARTESIAN_POINT('',(57.17,9.54,12.2));
#10035 = VECTOR('',#10036,1.);
#10036 = DIRECTION('',(-1.,0.,0.));
#10037 = PCURVE('',#8533,#10038);
#10038 = DEFINITIONAL_REPRESENTATION('',(#10039),#10043);
#10039 = LINE('',#10040,#10041);
#10040 = CARTESIAN_POINT('',(-1.570796326795,0.));
#10041 = VECTOR('',#10042,1.);
#10042 = DIRECTION('',(-0.,1.));
#10043 = ( GEOMETRIC_REPRESENTATION_CONTEXT(2) 
PARAMETRIC_REPRESENTATION_CONTEXT() REPRESENTATION_CONTEXT('2D SPACE',''
  ) );
#10044 = PCURVE('',#8674,#10045);
#10045 = DEFINITIONAL_REPRESENTATION('',(#10046),#10050);
#10046 = LINE('',#10047,#10048);
#10047 = CARTESIAN_POINT('',(1.5,0.));
#10048 = VECTOR('',#10049,1.);
#10049 = DIRECTION('',(0.,-1.));
#10050 = ( GEOMETRIC_REPRESENTATION_CONTEXT(2) 
PARAMETRIC_REPRESENTATION_CONTEXT() REPRESENTATION_CONTEXT('2D SPACE',''
  ) );
#10051 = ORIENTED_EDGE('',*,*,#8516,.F.);
#10052 = ADVANCED_FACE('',(#10053),#8610,.F.);
#10053 = FACE_BOUND('',#10054,.T.);
#10054 = EDGE_LOOP('',(#10055,#10056,#10057,#10078));
#10055 = ORIENTED_EDGE('',*,*,#10002,.F.);
#10056 = ORIENTED_EDGE('',*,*,#9769,.T.);
#10057 = ORIENTED_EDGE('',*,*,#10058,.T.);
#10058 = EDGE_CURVE('',#9747,#8572,#10059,.T.);
#10059 = SURFACE_CURVE('',#10060,(#10064,#10071),.PCURVE_S1.);
#10060 = LINE('',#10061,#10062);
#10061 = CARTESIAN_POINT('',(57.17,3.94,8.7));
#10062 = VECTOR('',#10063,1.);
#10063 = DIRECTION('',(-1.,-0.,-0.));
#10064 = PCURVE('',#8610,#10065);
#10065 = DEFINITIONAL_REPRESENTATION('',(#10066),#10070);
#10066 = LINE('',#10067,#10068);
#10067 = CARTESIAN_POINT('',(-1.570796326795,0.));
#10068 = VECTOR('',#10069,1.);
#10069 = DIRECTION('',(-0.,1.));
#10070 = ( GEOMETRIC_REPRESENTATION_CONTEXT(2) 
PARAMETRIC_REPRESENTATION_CONTEXT() REPRESENTATION_CONTEXT('2D SPACE',''
  ) );
#10071 = PCURVE('',#8732,#10072);
#10072 = DEFINITIONAL_REPRESENTATION('',(#10073),#10077);
#10073 = LINE('',#10074,#10075);
#10074 = CARTESIAN_POINT('',(1.5,0.));
#10075 = VECTOR('',#10076,1.);
#10076 = DIRECTION('',(0.,-1.));
#10077 = ( GEOMETRIC_REPRESENTATION_CONTEXT(2) 
PARAMETRIC_REPRESENTATION_CONTEXT() REPRESENTATION_CONTEXT('2D SPACE',''
  ) );
#10078 = ORIENTED_EDGE('',*,*,#8595,.T.);
#10079 = ADVANCED_FACE('',(#10080),#8674,.T.);
#10080 = FACE_BOUND('',#10081,.T.);
#10081 = EDGE_LOOP('',(#10082,#10083,#10084,#10085));
#10082 = ORIENTED_EDGE('',*,*,#10031,.T.);
#10083 = ORIENTED_EDGE('',*,*,#8660,.T.);
#10084 = ORIENTED_EDGE('',*,*,#8749,.F.);
#10085 = ORIENTED_EDGE('',*,*,#9724,.F.);
#10086 = ADVANCED_FACE('',(#10087),#8732,.T.);
#10087 = FACE_BOUND('',#10088,.T.);
#10088 = EDGE_LOOP('',(#10089,#10090,#10091,#10092));
#10089 = ORIENTED_EDGE('',*,*,#10058,.F.);
#10090 = ORIENTED_EDGE('',*,*,#9746,.F.);
#10091 = ORIENTED_EDGE('',*,*,#8795,.T.);
#10092 = ORIENTED_EDGE('',*,*,#8718,.T.);
#10093 = ADVANCED_FACE('',(#10094),#8866,.F.);
#10094 = FACE_BOUND('',#10095,.F.);
#10095 = EDGE_LOOP('',(#10096,#10119,#10120,#10121));
#10096 = ORIENTED_EDGE('',*,*,#10097,.T.);
#10097 = EDGE_CURVE('',#10098,#8821,#10100,.T.);
#10098 = VERTEX_POINT('',#10099);
#10099 = CARTESIAN_POINT('',(48.57,-8.759493741312,-1.165923710547));
#10100 = SURFACE_CURVE('',#10101,(#10105,#10112),.PCURVE_S1.);
#10101 = LINE('',#10102,#10103);
#10102 = CARTESIAN_POINT('',(48.57,-8.759493741312,-1.165923710547));
#10103 = VECTOR('',#10104,1.);
#10104 = DIRECTION('',(0.,-0.984807753012,0.173648177667));
#10105 = PCURVE('',#8866,#10106);
#10106 = DEFINITIONAL_REPRESENTATION('',(#10107),#10111);
#10107 = LINE('',#10108,#10109);
#10108 = CARTESIAN_POINT('',(0.,0.));
#10109 = VECTOR('',#10110,1.);
#10110 = DIRECTION('',(0.,-1.));
#10111 = ( GEOMETRIC_REPRESENTATION_CONTEXT(2) 
PARAMETRIC_REPRESENTATION_CONTEXT() REPRESENTATION_CONTEXT('2D SPACE',''
  ) );
#10112 = PCURVE('',#9059,#10113);
#10113 = DEFINITIONAL_REPRESENTATION('',(#10114),#10118);
#10114 = LINE('',#10115,#10116);
#10115 = CARTESIAN_POINT('',(92.,0.));
#10116 = VECTOR('',#10117,1.);
#10117 = DIRECTION('',(0.,-1.));
#10118 = ( GEOMETRIC_REPRESENTATION_CONTEXT(2) 
PARAMETRIC_REPRESENTATION_CONTEXT() REPRESENTATION_CONTEXT('2D SPACE',''
  ) );
#10119 = ORIENTED_EDGE('',*,*,#8852,.T.);
#10120 = ORIENTED_EDGE('',*,*,#8883,.T.);
#10121 = ORIENTED_EDGE('',*,*,#10122,.F.);
#10122 = EDGE_CURVE('',#10098,#8884,#10123,.T.);
#10123 = SURFACE_CURVE('',#10124,(#10128,#10135),.PCURVE_S1.);
#10124 = LINE('',#10125,#10126);
#10125 = CARTESIAN_POINT('',(48.57,-8.759493741312,-1.165923710547));
#10126 = VECTOR('',#10127,1.);
#10127 = DIRECTION('',(0.,0.173648177667,0.984807753012));
#10128 = PCURVE('',#8866,#10129);
#10129 = DEFINITIONAL_REPRESENTATION('',(#10130),#10134);
#10130 = LINE('',#10131,#10132);
#10131 = CARTESIAN_POINT('',(0.,0.));
#10132 = VECTOR('',#10133,1.);
#10133 = DIRECTION('',(1.,0.));
#10134 = ( GEOMETRIC_REPRESENTATION_CONTEXT(2) 
PARAMETRIC_REPRESENTATION_CONTEXT() REPRESENTATION_CONTEXT('2D SPACE',''
  ) );
#10135 = PCURVE('',#9116,#10136);
#10136 = DEFINITIONAL_REPRESENTATION('',(#10137),#10141);
#10137 = LINE('',#10138,#10139);
#10138 = CARTESIAN_POINT('',(46.,-0.55));
#10139 = VECTOR('',#10140,1.);
#10140 = DIRECTION('',(0.,1.));
#10141 = ( GEOMETRIC_REPRESENTATION_CONTEXT(2) 
PARAMETRIC_REPRESENTATION_CONTEXT() REPRESENTATION_CONTEXT('2D SPACE',''
  ) );
#10142 = ADVANCED_FACE('',(#10143),#8970,.F.);
#10143 = FACE_BOUND('',#10144,.F.);
#10144 = EDGE_LOOP('',(#10145,#10146,#10147,#10170));
#10145 = ORIENTED_EDGE('',*,*,#8956,.T.);
#10146 = ORIENTED_EDGE('',*,*,#9018,.T.);
#10147 = ORIENTED_EDGE('',*,*,#10148,.F.);
#10148 = EDGE_CURVE('',#10149,#8989,#10151,.T.);
#10149 = VERTEX_POINT('',#10150);
#10150 = CARTESIAN_POINT('',(-43.43,-8.759493741312,-1.165923710547));
#10151 = SURFACE_CURVE('',#10152,(#10156,#10163),.PCURVE_S1.);
#10152 = LINE('',#10153,#10154);
#10153 = CARTESIAN_POINT('',(-43.43,-8.759493741312,-1.165923710547));
#10154 = VECTOR('',#10155,1.);
#10155 = DIRECTION('',(0.,-0.984807753012,0.173648177667));
#10156 = PCURVE('',#8970,#10157);
#10157 = DEFINITIONAL_REPRESENTATION('',(#10158),#10162);
#10158 = LINE('',#10159,#10160);
#10159 = CARTESIAN_POINT('',(1.1,0.));
#10160 = VECTOR('',#10161,1.);
#10161 = DIRECTION('',(0.,-1.));
#10162 = ( GEOMETRIC_REPRESENTATION_CONTEXT(2) 
PARAMETRIC_REPRESENTATION_CONTEXT() REPRESENTATION_CONTEXT('2D SPACE',''
  ) );
#10163 = PCURVE('',#9059,#10164);
#10164 = DEFINITIONAL_REPRESENTATION('',(#10165),#10169);
#10165 = LINE('',#10166,#10167);
#10166 = CARTESIAN_POINT('',(0.,0.));
#10167 = VECTOR('',#10168,1.);
#10168 = DIRECTION('',(0.,-1.));
#10169 = ( GEOMETRIC_REPRESENTATION_CONTEXT(2) 
PARAMETRIC_REPRESENTATION_CONTEXT() REPRESENTATION_CONTEXT('2D SPACE',''
  ) );
#10170 = ORIENTED_EDGE('',*,*,#10171,.F.);
#10171 = EDGE_CURVE('',#8933,#10149,#10172,.T.);
#10172 = SURFACE_CURVE('',#10173,(#10177,#10184),.PCURVE_S1.);
#10173 = LINE('',#10174,#10175);
#10174 = CARTESIAN_POINT('',(-43.43,-8.568480745878,-8.263518223331E-02)
  );
#10175 = VECTOR('',#10176,1.);
#10176 = DIRECTION('',(0.,-0.173648177667,-0.984807753012));
#10177 = PCURVE('',#8970,#10178);
#10178 = DEFINITIONAL_REPRESENTATION('',(#10179),#10183);
#10179 = LINE('',#10180,#10181);
#10180 = CARTESIAN_POINT('',(0.,0.));
#10181 = VECTOR('',#10182,1.);
#10182 = DIRECTION('',(1.,0.));
#10183 = ( GEOMETRIC_REPRESENTATION_CONTEXT(2) 
PARAMETRIC_REPRESENTATION_CONTEXT() REPRESENTATION_CONTEXT('2D SPACE',''
  ) );
#10184 = PCURVE('',#9116,#10185);
#10185 = DEFINITIONAL_REPRESENTATION('',(#10186),#10190);
#10186 = LINE('',#10187,#10188);
#10187 = CARTESIAN_POINT('',(-46.,0.55));
#10188 = VECTOR('',#10189,1.);
#10189 = DIRECTION('',(0.,-1.));
#10190 = ( GEOMETRIC_REPRESENTATION_CONTEXT(2) 
PARAMETRIC_REPRESENTATION_CONTEXT() REPRESENTATION_CONTEXT('2D SPACE',''
  ) );
#10191 = ADVANCED_FACE('',(#10192),#9059,.F.);
#10192 = FACE_BOUND('',#10193,.F.);
#10193 = EDGE_LOOP('',(#10194,#10195,#10196,#10197));
#10194 = ORIENTED_EDGE('',*,*,#10148,.T.);
#10195 = ORIENTED_EDGE('',*,*,#9045,.T.);
#10196 = ORIENTED_EDGE('',*,*,#10097,.F.);
#10197 = ORIENTED_EDGE('',*,*,#10198,.F.);
#10198 = EDGE_CURVE('',#10149,#10098,#10199,.T.);
#10199 = SURFACE_CURVE('',#10200,(#10204,#10211),.PCURVE_S1.);
#10200 = LINE('',#10201,#10202);
#10201 = CARTESIAN_POINT('',(-43.43,-8.759493741312,-1.165923710547));
#10202 = VECTOR('',#10203,1.);
#10203 = DIRECTION('',(1.,0.,0.));
#10204 = PCURVE('',#9059,#10205);
#10205 = DEFINITIONAL_REPRESENTATION('',(#10206),#10210);
#10206 = LINE('',#10207,#10208);
#10207 = CARTESIAN_POINT('',(0.,0.));
#10208 = VECTOR('',#10209,1.);
#10209 = DIRECTION('',(1.,0.));
#10210 = ( GEOMETRIC_REPRESENTATION_CONTEXT(2) 
PARAMETRIC_REPRESENTATION_CONTEXT() REPRESENTATION_CONTEXT('2D SPACE',''
  ) );
#10211 = PCURVE('',#9116,#10212);
#10212 = DEFINITIONAL_REPRESENTATION('',(#10213),#10217);
#10213 = LINE('',#10214,#10215);
#10214 = CARTESIAN_POINT('',(-46.,-0.55));
#10215 = VECTOR('',#10216,1.);
#10216 = DIRECTION('',(1.,0.));
#10217 = ( GEOMETRIC_REPRESENTATION_CONTEXT(2) 
PARAMETRIC_REPRESENTATION_CONTEXT() REPRESENTATION_CONTEXT('2D SPACE',''
  ) );
#10218 = ADVANCED_FACE('',(#10219),#9116,.F.);
#10219 = FACE_BOUND('',#10220,.F.);
#10220 = EDGE_LOOP('',(#10221,#10222,#10223,#10224));
#10221 = ORIENTED_EDGE('',*,*,#9102,.T.);
#10222 = ORIENTED_EDGE('',*,*,#10171,.T.);
#10223 = ORIENTED_EDGE('',*,*,#10198,.T.);
#10224 = ORIENTED_EDGE('',*,*,#10122,.T.);
#10225 = ADVANCED_FACE('',(#10226),#9172,.T.);
#10226 = FACE_BOUND('',#10227,.T.);
#10227 = EDGE_LOOP('',(#10228,#10229,#10230,#10231));
#10228 = ORIENTED_EDGE('',*,*,#9188,.T.);
#10229 = ORIENTED_EDGE('',*,*,#9310,.T.);
#10230 = ORIENTED_EDGE('',*,*,#9568,.F.);
#10231 = ORIENTED_EDGE('',*,*,#9158,.F.);
#10232 = ADVANCED_FACE('',(#10233),#9665,.T.);
#10233 = FACE_BOUND('',#10234,.T.);
#10234 = EDGE_LOOP('',(#10235,#10236,#10237,#10238));
#10235 = ORIENTED_EDGE('',*,*,#9644,.T.);
#10236 = ORIENTED_EDGE('',*,*,#9875,.T.);
#10237 = ORIENTED_EDGE('',*,*,#9901,.F.);
#10238 = ORIENTED_EDGE('',*,*,#9977,.F.);
#10239 = MANIFOLD_SOLID_BREP('',#10240);
#10240 = CLOSED_SHELL('',(#10241,#10488,#10569,#10874,#10920,#11071,
    #11185,#11250,#11421,#11466));
#10241 = ADVANCED_FACE('',(#10242),#10256,.T.);
#10242 = FACE_BOUND('',#10243,.T.);
#10243 = EDGE_LOOP('',(#10244,#10279,#10307,#10335,#10363,#10391));
#10244 = ORIENTED_EDGE('',*,*,#10245,.T.);
#10245 = EDGE_CURVE('',#10246,#10248,#10250,.T.);
#10246 = VERTEX_POINT('',#10247);
#10247 = CARTESIAN_POINT('',(56.237298332499,1.037270555096,
    10.202729444904));
#10248 = VERTEX_POINT('',#10249);
#10249 = CARTESIAN_POINT('',(57.17,1.037270555096,10.202729444904));
#10250 = SURFACE_CURVE('',#10251,(#10255,#10267),.PCURVE_S1.);
#10251 = LINE('',#10252,#10253);
#10252 = CARTESIAN_POINT('',(56.17,1.037270555096,10.202729444904));
#10253 = VECTOR('',#10254,1.);
#10254 = DIRECTION('',(1.,0.,0.));
#10255 = PCURVE('',#10256,#10261);
#10256 = PLANE('',#10257);
#10257 = AXIS2_PLACEMENT_3D('',#10258,#10259,#10260);
#10258 = CARTESIAN_POINT('',(56.67,3.671445971684E-02,11.203285540283));
#10259 = DIRECTION('',(-0.,-0.707106781187,-0.707106781187));
#10260 = DIRECTION('',(0.,0.707106781187,-0.707106781187));
#10261 = DEFINITIONAL_REPRESENTATION('',(#10262),#10266);
#10262 = LINE('',#10263,#10264);
#10263 = CARTESIAN_POINT('',(1.415,-0.5));
#10264 = VECTOR('',#10265,1.);
#10265 = DIRECTION('',(0.,1.));
#10266 = ( GEOMETRIC_REPRESENTATION_CONTEXT(2) 
PARAMETRIC_REPRESENTATION_CONTEXT() REPRESENTATION_CONTEXT('2D SPACE',''
  ) );
#10267 = PCURVE('',#10268,#10273);
#10268 = B_SPLINE_SURFACE_WITH_KNOTS('',1,1,(
    (#10269,#10270)
    ,(#10271,#10272
    )),.UNSPECIFIED.,.F.,.F.,.F.,(2,2),(2,2),(0.,1.),(0.,1.),
  .PIECEWISE_BEZIER_KNOTS.);
#10269 = CARTESIAN_POINT('',(56.17,1.037270555096,10.202729444904));
#10270 = CARTESIAN_POINT('',(55.652361909795,0.971851652578,12.2));
#10271 = CARTESIAN_POINT('',(57.17,1.037270555096,10.202729444904));
#10272 = CARTESIAN_POINT('',(56.652361909795,0.971851652578,12.2));
#10273 = DEFINITIONAL_REPRESENTATION('',(#10274),#10278);
#10274 = LINE('',#10275,#10276);
#10275 = CARTESIAN_POINT('',(0.,0.));
#10276 = VECTOR('',#10277,1.);
#10277 = DIRECTION('',(1.,0.));
#10278 = ( GEOMETRIC_REPRESENTATION_CONTEXT(2) 
PARAMETRIC_REPRESENTATION_CONTEXT() REPRESENTATION_CONTEXT('2D SPACE',''
  ) );
#10279 = ORIENTED_EDGE('',*,*,#10280,.T.);
#10280 = EDGE_CURVE('',#10248,#10281,#10283,.T.);
#10281 = VERTEX_POINT('',#10282);
#10282 = CARTESIAN_POINT('',(57.17,-0.963841635662,12.203841635662));
#10283 = SURFACE_CURVE('',#10284,(#10288,#10295),.PCURVE_S1.);
#10284 = LINE('',#10285,#10286);
#10285 = CARTESIAN_POINT('',(57.17,1.037270555096,10.202729444904));
#10286 = VECTOR('',#10287,1.);
#10287 = DIRECTION('',(0.,-0.707106781187,0.707106781187));
#10288 = PCURVE('',#10256,#10289);
#10289 = DEFINITIONAL_REPRESENTATION('',(#10290),#10294);
#10290 = LINE('',#10291,#10292);
#10291 = CARTESIAN_POINT('',(1.415,0.5));
#10292 = VECTOR('',#10293,1.);
#10293 = DIRECTION('',(-1.,0.));
#10294 = ( GEOMETRIC_REPRESENTATION_CONTEXT(2) 
PARAMETRIC_REPRESENTATION_CONTEXT() REPRESENTATION_CONTEXT('2D SPACE',''
  ) );
#10295 = PCURVE('',#10296,#10301);
#10296 = B_SPLINE_SURFACE_WITH_KNOTS('',1,1,(
    (#10297,#10298)
    ,(#10299,#10300
    )),.UNSPECIFIED.,.F.,.F.,.F.,(2,2),(2,2),(0.,2.83),(0.,1.),
  .PIECEWISE_BEZIER_KNOTS.);
#10297 = CARTESIAN_POINT('',(57.17,1.037270555096,10.202729444904));
#10298 = CARTESIAN_POINT('',(56.652361909795,0.971851652578,12.2));
#10299 = CARTESIAN_POINT('',(57.17,-0.963841635662,12.203841635662));
#10300 = CARTESIAN_POINT('',(57.17,-0.96,12.2));
#10301 = DEFINITIONAL_REPRESENTATION('',(#10302),#10306);
#10302 = LINE('',#10303,#10304);
#10303 = CARTESIAN_POINT('',(0.,0.));
#10304 = VECTOR('',#10305,1.);
#10305 = DIRECTION('',(1.,0.));
#10306 = ( GEOMETRIC_REPRESENTATION_CONTEXT(2) 
PARAMETRIC_REPRESENTATION_CONTEXT() REPRESENTATION_CONTEXT('2D SPACE',''
  ) );
#10307 = ORIENTED_EDGE('',*,*,#10308,.T.);
#10308 = EDGE_CURVE('',#10281,#10309,#10311,.T.);
#10309 = VERTEX_POINT('',#10310);
#10310 = CARTESIAN_POINT('',(56.17,-0.963841635662,12.203841635662));
#10311 = SURFACE_CURVE('',#10312,(#10316,#10323),.PCURVE_S1.);
#10312 = LINE('',#10313,#10314);
#10313 = CARTESIAN_POINT('',(57.17,-0.963841635662,12.203841635662));
#10314 = VECTOR('',#10315,1.);
#10315 = DIRECTION('',(-1.,0.,0.));
#10316 = PCURVE('',#10256,#10317);
#10317 = DEFINITIONAL_REPRESENTATION('',(#10318),#10322);
#10318 = LINE('',#10319,#10320);
#10319 = CARTESIAN_POINT('',(-1.415,0.5));
#10320 = VECTOR('',#10321,1.);
#10321 = DIRECTION('',(0.,-1.));
#10322 = ( GEOMETRIC_REPRESENTATION_CONTEXT(2) 
PARAMETRIC_REPRESENTATION_CONTEXT() REPRESENTATION_CONTEXT('2D SPACE',''
  ) );
#10323 = PCURVE('',#10324,#10329);
#10324 = PLANE('',#10325);
#10325 = AXIS2_PLACEMENT_3D('',#10326,#10327,#10328);
#10326 = CARTESIAN_POINT('',(57.17,-0.96,12.2));
#10327 = DIRECTION('',(-0.,-0.707106781187,-0.707106781186));
#10328 = DIRECTION('',(-1.,0.,0.));
#10329 = DEFINITIONAL_REPRESENTATION('',(#10330),#10334);
#10330 = LINE('',#10331,#10332);
#10331 = CARTESIAN_POINT('',(0.,-5.432893255073E-03));
#10332 = VECTOR('',#10333,1.);
#10333 = DIRECTION('',(1.,0.));
#10334 = ( GEOMETRIC_REPRESENTATION_CONTEXT(2) 
PARAMETRIC_REPRESENTATION_CONTEXT() REPRESENTATION_CONTEXT('2D SPACE',''
  ) );
#10335 = ORIENTED_EDGE('',*,*,#10336,.T.);
#10336 = EDGE_CURVE('',#10309,#10337,#10339,.T.);
#10337 = VERTEX_POINT('',#10338);
#10338 = CARTESIAN_POINT('',(56.17,-0.897471859646,12.137471859646));
#10339 = SURFACE_CURVE('',#10340,(#10344,#10351),.PCURVE_S1.);
#10340 = LINE('',#10341,#10342);
#10341 = CARTESIAN_POINT('',(56.17,-0.963841635662,12.203841635662));
#10342 = VECTOR('',#10343,1.);
#10343 = DIRECTION('',(0.,0.707106781187,-0.707106781187));
#10344 = PCURVE('',#10256,#10345);
#10345 = DEFINITIONAL_REPRESENTATION('',(#10346),#10350);
#10346 = LINE('',#10347,#10348);
#10347 = CARTESIAN_POINT('',(-1.415,-0.5));
#10348 = VECTOR('',#10349,1.);
#10349 = DIRECTION('',(1.,0.));
#10350 = ( GEOMETRIC_REPRESENTATION_CONTEXT(2) 
PARAMETRIC_REPRESENTATION_CONTEXT() REPRESENTATION_CONTEXT('2D SPACE',''
  ) );
#10351 = PCURVE('',#10352,#10357);
#10352 = B_SPLINE_SURFACE_WITH_KNOTS('',1,1,(
    (#10353,#10354)
    ,(#10355,#10356
    )),.UNSPECIFIED.,.F.,.F.,.F.,(2,2),(2,2),(0.,2.83),(0.,1.),
  .PIECEWISE_BEZIER_KNOTS.);
#10353 = CARTESIAN_POINT('',(56.17,-0.963841635662,12.203841635662));
#10354 = CARTESIAN_POINT('',(56.17,-0.96,12.2));
#10355 = CARTESIAN_POINT('',(56.17,1.037270555096,10.202729444904));
#10356 = CARTESIAN_POINT('',(55.652361909795,0.971851652578,12.2));
#10357 = DEFINITIONAL_REPRESENTATION('',(#10358),#10362);
#10358 = LINE('',#10359,#10360);
#10359 = CARTESIAN_POINT('',(0.,0.));
#10360 = VECTOR('',#10361,1.);
#10361 = DIRECTION('',(1.,0.));
#10362 = ( GEOMETRIC_REPRESENTATION_CONTEXT(2) 
PARAMETRIC_REPRESENTATION_CONTEXT() REPRESENTATION_CONTEXT('2D SPACE',''
  ) );
#10363 = ORIENTED_EDGE('',*,*,#10364,.T.);
#10364 = EDGE_CURVE('',#10337,#10365,#10367,.T.);
#10365 = VERTEX_POINT('',#10366);
#10366 = CARTESIAN_POINT('',(56.17,0.972173038537,10.267826961463));
#10367 = SURFACE_CURVE('',#10368,(#10372,#10379),.PCURVE_S1.);
#10368 = LINE('',#10369,#10370);
#10369 = CARTESIAN_POINT('',(56.17,-0.963841635662,12.203841635662));
#10370 = VECTOR('',#10371,1.);
#10371 = DIRECTION('',(0.,0.707106781187,-0.707106781187));
#10372 = PCURVE('',#10256,#10373);
#10373 = DEFINITIONAL_REPRESENTATION('',(#10374),#10378);
#10374 = LINE('',#10375,#10376);
#10375 = CARTESIAN_POINT('',(-1.415,-0.5));
#10376 = VECTOR('',#10377,1.);
#10377 = DIRECTION('',(1.,0.));
#10378 = ( GEOMETRIC_REPRESENTATION_CONTEXT(2) 
PARAMETRIC_REPRESENTATION_CONTEXT() REPRESENTATION_CONTEXT('2D SPACE',''
  ) );
#10379 = PCURVE('',#10380,#10385);
#10380 = B_SPLINE_SURFACE_WITH_KNOTS('',1,1,(
    (#10381,#10382)
    ,(#10383,#10384
    )),.UNSPECIFIED.,.F.,.F.,.F.,(2,2),(2,2),(0.,2.83),(0.,1.),
  .PIECEWISE_BEZIER_KNOTS.);
#10381 = CARTESIAN_POINT('',(56.17,-0.963841635662,12.203841635662));
#10382 = CARTESIAN_POINT('',(56.17,-0.96,12.2));
#10383 = CARTESIAN_POINT('',(56.17,1.037270555096,10.202729444904));
#10384 = CARTESIAN_POINT('',(55.652361909795,0.971851652578,12.2));
#10385 = DEFINITIONAL_REPRESENTATION('',(#10386),#10390);
#10386 = LINE('',#10387,#10388);
#10387 = CARTESIAN_POINT('',(0.,0.));
#10388 = VECTOR('',#10389,1.);
#10389 = DIRECTION('',(1.,0.));
#10390 = ( GEOMETRIC_REPRESENTATION_CONTEXT(2) 
PARAMETRIC_REPRESENTATION_CONTEXT() REPRESENTATION_CONTEXT('2D SPACE',''
  ) );
#10391 = ORIENTED_EDGE('',*,*,#10392,.F.);
#10392 = EDGE_CURVE('',#10246,#10365,#10393,.T.);
#10393 = SURFACE_CURVE('',#10394,(#10415,#10439),.PCURVE_S1.);
#10394 = B_SPLINE_CURVE_WITH_KNOTS('',7,(#10395,#10396,#10397,#10398,
    #10399,#10400,#10401,#10402,#10403,#10404,#10405,#10406,#10407,
    #10408,#10409,#10410,#10411,#10412,#10413,#10414),.UNSPECIFIED.,.F.,
  .F.,(8,6,6,8),(0.,0.227676312727,0.667861037333,1.),.UNSPECIFIED.);
#10395 = CARTESIAN_POINT('',(56.237298332499,1.037270555096,
    10.202729444904));
#10396 = CARTESIAN_POINT('',(56.234628029698,1.037270554892,
    10.202729445108));
#10397 = CARTESIAN_POINT('',(56.231835525029,1.037109263374,
    10.202890736626));
#10398 = CARTESIAN_POINT('',(56.228929246319,1.036769510686,
    10.203230489314));
#10399 = CARTESIAN_POINT('',(56.225922817798,1.036234893748,
    10.203765106252));
#10400 = CARTESIAN_POINT('',(56.222834913651,1.035491528824,
    10.204508471176));
#10401 = CARTESIAN_POINT('',(56.21968911157,1.034529804088,
    10.205470195912));
#10402 = CARTESIAN_POINT('',(56.210374560093,1.031057645179,
    10.208942354821));
#10403 = CARTESIAN_POINT('',(56.204124410603,1.027939290762,
    10.212060709238));
#10404 = CARTESIAN_POINT('',(56.197965584328,1.023966169081,
    10.216033830919));
#10405 = CARTESIAN_POINT('',(56.192154434538,1.019189411189,
    10.220810588811));
#10406 = CARTESIAN_POINT('',(56.186963918264,1.013795873043,
    10.226204126957));
#10407 = CARTESIAN_POINT('',(56.182550545318,1.008032332812,
    10.231967667188));
#10408 = CARTESIAN_POINT('',(56.176277182849,0.997666992235,
    10.242333007765));
#10409 = CARTESIAN_POINT('',(56.174056147041,0.993127306679,
    10.246872693321));
#10410 = CARTESIAN_POINT('',(56.172338456294,0.988603142236,
    10.251396857764));
#10411 = CARTESIAN_POINT('',(56.171116163995,0.984186854775,
    10.255813145225));
#10412 = CARTESIAN_POINT('',(56.170353982448,0.979949439147,
    10.260050560853));
#10413 = CARTESIAN_POINT('',(56.170000000307,0.975936029233,
    10.264063970767));
#10414 = CARTESIAN_POINT('',(56.17,0.972173038537,10.267826961463));
#10415 = PCURVE('',#10256,#10416);
#10416 = DEFINITIONAL_REPRESENTATION('',(#10417),#10438);
#10417 = B_SPLINE_CURVE_WITH_KNOTS('',7,(#10418,#10419,#10420,#10421,
    #10422,#10423,#10424,#10425,#10426,#10427,#10428,#10429,#10430,
    #10431,#10432,#10433,#10434,#10435,#10436,#10437),.UNSPECIFIED.,.F.,
  .F.,(8,6,6,8),(0.,0.227676312727,0.667861037333,1.),.UNSPECIFIED.);
#10418 = CARTESIAN_POINT('',(1.415,-0.432701667501));
#10419 = CARTESIAN_POINT('',(1.414999999711,-0.435371970302));
#10420 = CARTESIAN_POINT('',(1.414771899059,-0.438164474971));
#10421 = CARTESIAN_POINT('',(1.4142914162,-0.441070753681));
#10422 = CARTESIAN_POINT('',(1.413535353676,-0.444077182202));
#10423 = CARTESIAN_POINT('',(1.412484076918,-0.447165086349));
#10424 = CARTESIAN_POINT('',(1.411123992754,-0.45031088843));
#10425 = CARTESIAN_POINT('',(1.406213618533,-0.459625439907));
#10426 = CARTESIAN_POINT('',(1.401803599424,-0.465875589397));
#10427 = CARTESIAN_POINT('',(1.396184756859,-0.472034415672));
#10428 = CARTESIAN_POINT('',(1.389429401063,-0.477845565462));
#10429 = CARTESIAN_POINT('',(1.381801786269,-0.483036081736));
#10430 = CARTESIAN_POINT('',(1.373650909507,-0.487449454682));
#10431 = CARTESIAN_POINT('',(1.358992104284,-0.493722817151));
#10432 = CARTESIAN_POINT('',(1.352572019401,-0.495943852959));
#10433 = CARTESIAN_POINT('',(1.346173884688,-0.497661543706));
#10434 = CARTESIAN_POINT('',(1.339928311065,-0.498883836005));
#10435 = CARTESIAN_POINT('',(1.333935700415,-0.499646017552));
#10436 = CARTESIAN_POINT('',(1.328259881683,-0.499999999693));
#10437 = CARTESIAN_POINT('',(1.322938209205,-0.5));
#10438 = ( GEOMETRIC_REPRESENTATION_CONTEXT(2) 
PARAMETRIC_REPRESENTATION_CONTEXT() REPRESENTATION_CONTEXT('2D SPACE',''
  ) );
#10439 = PCURVE('',#10440,#10465);
#10440 = ( BOUNDED_SURFACE() B_SPLINE_SURFACE(2,3,(
    (#10441,#10442,#10443,#10444,#10445,#10446,#10447,#10448)
    ,(#10449,#10450,#10451,#10452,#10453,#10454,#10455,#10456)
    ,(#10457,#10458,#10459,#10460,#10461,#10462,#10463,#10464
)),.UNSPECIFIED.,.F.,.F.,.F.) B_SPLINE_SURFACE_WITH_KNOTS((3,3),(4,2,2,4
    ),(0.,2.0789364524),(-0.130577003782,-1.68755731658E-02,
    2.062060879234,2.17576230985),.UNSPECIFIED.) 
GEOMETRIC_REPRESENTATION_ITEM() RATIONAL_B_SPLINE_SURFACE((
    (1.,1.,1.,1.,1.,1.,1.,1.)
    ,(0.608838614793,0.608838614793,0.608838614793,0.608838614793
      ,0.608838614793,0.608838614793,0.608838614793,0.608838614793)
,(1.,1.,1.,1.,1.,1.,1.,1.))) REPRESENTATION_ITEM('') SURFACE() );
#10441 = CARTESIAN_POINT('',(56.265809838508,1.040873828246,
    10.09271978273));
#10442 = CARTESIAN_POINT('',(56.256306003172,1.039672737196,
    10.129389670121));
#10443 = CARTESIAN_POINT('',(56.246802167835,1.038471646146,
    10.166059557513));
#10444 = CARTESIAN_POINT('',(56.063528577704,1.015309600397,
    10.873207953318));
#10445 = CARTESIAN_POINT('',(55.889758822909,0.993348645698,
    11.543686461732));
#10446 = CARTESIAN_POINT('',(55.706485232777,0.970186599949,
    12.250834857537));
#10447 = CARTESIAN_POINT('',(55.696981397441,0.968985508898,
    12.287504744928));
#10448 = CARTESIAN_POINT('',(55.687477562105,0.967784417848,
    12.32417463232));
#10449 = CARTESIAN_POINT('',(56.202743185444,1.041408626264,
    10.076392142058));
#10450 = CARTESIAN_POINT('',(56.193239350108,1.040207535214,
    10.113062029449));
#10451 = CARTESIAN_POINT('',(56.183735514772,1.039006444164,
    10.149731916841));
#10452 = CARTESIAN_POINT('',(56.00046192464,1.015844398414,
    10.856880312646));
#10453 = CARTESIAN_POINT('',(55.826692169845,0.993883443715,
    11.52735882106));
#10454 = CARTESIAN_POINT('',(55.643418579713,0.970721397966,
    12.234507216865));
#10455 = CARTESIAN_POINT('',(55.633914744377,0.969520306916,
    12.271177104256));
#10456 = CARTESIAN_POINT('',(55.624410909041,0.968319215866,
    12.307846991648));
#10457 = CARTESIAN_POINT('',(56.219054182181,0.978372487192,
    10.078554812584));
#10458 = CARTESIAN_POINT('',(56.209550346845,0.977171396142,
    10.115224699976));
#10459 = CARTESIAN_POINT('',(56.200046511509,0.975970305091,
    10.151894587367));
#10460 = CARTESIAN_POINT('',(56.016772921377,0.952808259342,
    10.859042983173));
#10461 = CARTESIAN_POINT('',(55.843003166582,0.930847304643,
    11.529521491586));
#10462 = CARTESIAN_POINT('',(55.659729576451,0.907685258894,
    12.236669887392));
#10463 = CARTESIAN_POINT('',(55.650225741115,0.906484167844,
    12.273339774783));
#10464 = CARTESIAN_POINT('',(55.640721905778,0.905283076794,
    12.310009662175));
#10465 = DEFINITIONAL_REPRESENTATION('',(#10466),#10487);
#10466 = B_SPLINE_CURVE_WITH_KNOTS('',7,(#10467,#10468,#10469,#10470,
    #10471,#10472,#10473,#10474,#10475,#10476,#10477,#10478,#10479,
    #10480,#10481,#10482,#10483,#10484,#10485,#10486),.UNSPECIFIED.,.F.,
  .F.,(8,6,6,8),(0.,0.227676312727,0.667861037333,1.),.UNSPECIFIED.);
#10467 = CARTESIAN_POINT('',(0.,-1.687557316579E-02));
#10468 = CARTESIAN_POINT('',(6.774312268669E-02,-1.620597404883E-02));
#10469 = CARTESIAN_POINT('',(0.135479761508,-1.534456609685E-02));
#10470 = CARTESIAN_POINT('',(0.203207946867,-1.427630616025E-02));
#10471 = CARTESIAN_POINT('',(0.270925691718,-1.298822030573E-02));
#10472 = CARTESIAN_POINT('',(0.338631041704,-1.147111829774E-02));
#10473 = CARTESIAN_POINT('',(0.406322125297,-9.721308079795E-03));
#10474 = CARTESIAN_POINT('',(0.604838816307,-3.916156354937E-03));
#10475 = CARTESIAN_POINT('',(0.735623318069,7.670439404802E-04));
#10476 = CARTESIAN_POINT('',(0.866334039894,6.281446226138E-03));
#10477 = CARTESIAN_POINT('',(0.996972947792,1.251167669744E-02));
#10478 = CARTESIAN_POINT('',(1.127565389869,1.920257875806E-02));
#10479 = CARTESIAN_POINT('',(1.258141926719,2.606832027583E-02));
#10480 = CARTESIAN_POINT('',(1.487264870949,3.799868714063E-02));
#10481 = CARTESIAN_POINT('',(1.585807285394,4.309178116947E-02));
#10482 = CARTESIAN_POINT('',(1.684369257656,4.804314852869E-02));
#10483 = CARTESIAN_POINT('',(1.7829603353,5.276249790748E-02));
#10484 = CARTESIAN_POINT('',(1.8815856309,5.718773837032E-02));
#10485 = CARTESIAN_POINT('',(1.980245411824,6.128678833288E-02));
#10486 = CARTESIAN_POINT('',(2.0789364524,6.504685032217E-02));
#10487 = ( GEOMETRIC_REPRESENTATION_CONTEXT(2) 
PARAMETRIC_REPRESENTATION_CONTEXT() REPRESENTATION_CONTEXT('2D SPACE',''
  ) );
#10488 = ADVANCED_FACE('',(#10489),#10268,.F.);
#10489 = FACE_BOUND('',#10490,.F.);
#10490 = EDGE_LOOP('',(#10491,#10492,#10514,#10542));
#10491 = ORIENTED_EDGE('',*,*,#10245,.T.);
#10492 = ORIENTED_EDGE('',*,*,#10493,.T.);
#10493 = EDGE_CURVE('',#10248,#10494,#10496,.T.);
#10494 = VERTEX_POINT('',#10495);
#10495 = CARTESIAN_POINT('',(56.652361909795,0.971851652578,12.2));
#10496 = SURFACE_CURVE('',#10497,(#10500,#10507),.PCURVE_S1.);
#10497 = B_SPLINE_CURVE_WITH_KNOTS('',1,(#10498,#10499),.UNSPECIFIED.,
  .F.,.F.,(2,2),(0.,1.),.PIECEWISE_BEZIER_KNOTS.);
#10498 = CARTESIAN_POINT('',(57.17,1.037270555096,10.202729444904));
#10499 = CARTESIAN_POINT('',(56.652361909795,0.971851652578,12.2));
#10500 = PCURVE('',#10268,#10501);
#10501 = DEFINITIONAL_REPRESENTATION('',(#10502),#10506);
#10502 = LINE('',#10503,#10504);
#10503 = CARTESIAN_POINT('',(1.,0.));
#10504 = VECTOR('',#10505,1.);
#10505 = DIRECTION('',(0.,1.));
#10506 = ( GEOMETRIC_REPRESENTATION_CONTEXT(2) 
PARAMETRIC_REPRESENTATION_CONTEXT() REPRESENTATION_CONTEXT('2D SPACE',''
  ) );
#10507 = PCURVE('',#10296,#10508);
#10508 = DEFINITIONAL_REPRESENTATION('',(#10509),#10513);
#10509 = LINE('',#10510,#10511);
#10510 = CARTESIAN_POINT('',(0.,0.));
#10511 = VECTOR('',#10512,1.);
#10512 = DIRECTION('',(0.,1.));
#10513 = ( GEOMETRIC_REPRESENTATION_CONTEXT(2) 
PARAMETRIC_REPRESENTATION_CONTEXT() REPRESENTATION_CONTEXT('2D SPACE',''
  ) );
#10514 = ORIENTED_EDGE('',*,*,#10515,.F.);
#10515 = EDGE_CURVE('',#10516,#10494,#10518,.T.);
#10516 = VERTEX_POINT('',#10517);
#10517 = CARTESIAN_POINT('',(55.719660242294,0.971851652578,12.2));
#10518 = SURFACE_CURVE('',#10519,(#10523,#10530),.PCURVE_S1.);
#10519 = LINE('',#10520,#10521);
#10520 = CARTESIAN_POINT('',(55.652361909795,0.971851652578,12.2));
#10521 = VECTOR('',#10522,1.);
#10522 = DIRECTION('',(1.,0.,0.));
#10523 = PCURVE('',#10268,#10524);
#10524 = DEFINITIONAL_REPRESENTATION('',(#10525),#10529);
#10525 = LINE('',#10526,#10527);
#10526 = CARTESIAN_POINT('',(0.,1.));
#10527 = VECTOR('',#10528,1.);
#10528 = DIRECTION('',(1.,0.));
#10529 = ( GEOMETRIC_REPRESENTATION_CONTEXT(2) 
PARAMETRIC_REPRESENTATION_CONTEXT() REPRESENTATION_CONTEXT('2D SPACE',''
  ) );
#10530 = PCURVE('',#10531,#10536);
#10531 = PLANE('',#10532);
#10532 = AXIS2_PLACEMENT_3D('',#10533,#10534,#10535);
#10533 = CARTESIAN_POINT('',(56.411180954897,5.925826289067E-03,12.2));
#10534 = DIRECTION('',(0.,0.,-1.));
#10535 = DIRECTION('',(0.,-1.,0.));
#10536 = DEFINITIONAL_REPRESENTATION('',(#10537),#10541);
#10537 = LINE('',#10538,#10539);
#10538 = CARTESIAN_POINT('',(-0.965925826289,0.758819045103));
#10539 = VECTOR('',#10540,1.);
#10540 = DIRECTION('',(0.,-1.));
#10541 = ( GEOMETRIC_REPRESENTATION_CONTEXT(2) 
PARAMETRIC_REPRESENTATION_CONTEXT() REPRESENTATION_CONTEXT('2D SPACE',''
  ) );
#10542 = ORIENTED_EDGE('',*,*,#10543,.F.);
#10543 = EDGE_CURVE('',#10246,#10516,#10544,.T.);
#10544 = SURFACE_CURVE('',#10545,(#10554,#10562),.PCURVE_S1.);
#10545 = B_SPLINE_CURVE_WITH_KNOTS('',3,(#10546,#10547,#10548,#10549,
    #10550,#10551,#10552,#10553),.UNSPECIFIED.,.F.,.F.,(4,2,2,4),(
    -0.130577003782,-1.68755731658E-02,2.062060879234,2.17576230985),
  .UNSPECIFIED.);
#10546 = CARTESIAN_POINT('',(56.265809838508,1.040873828246,
    10.09271978273));
#10547 = CARTESIAN_POINT('',(56.256306003172,1.039672737196,
    10.129389670121));
#10548 = CARTESIAN_POINT('',(56.246802167835,1.038471646146,
    10.166059557513));
#10549 = CARTESIAN_POINT('',(56.063528577704,1.015309600397,
    10.873207953318));
#10550 = CARTESIAN_POINT('',(55.889758822909,0.993348645698,
    11.543686461732));
#10551 = CARTESIAN_POINT('',(55.706485232777,0.970186599949,
    12.250834857537));
#10552 = CARTESIAN_POINT('',(55.696981397441,0.968985508898,
    12.287504744928));
#10553 = CARTESIAN_POINT('',(55.687477562105,0.967784417848,
    12.32417463232));
#10554 = PCURVE('',#10268,#10555);
#10555 = DEFINITIONAL_REPRESENTATION('',(#10556),#10561);
#10556 = B_SPLINE_CURVE_WITH_KNOTS('',3,(#10557,#10558,#10559,#10560),
  .UNSPECIFIED.,.F.,.F.,(4,4),(-1.68755731658E-02,2.062060879234),
  .PIECEWISE_BEZIER_KNOTS.);
#10557 = CARTESIAN_POINT('',(6.729833249921E-02,-4.4E-16));
#10558 = CARTESIAN_POINT('',(6.729833249921E-02,0.335697387969));
#10559 = CARTESIAN_POINT('',(6.729833249922E-02,0.671394775939));
#10560 = CARTESIAN_POINT('',(6.729833249922E-02,1.007092163908));
#10561 = ( GEOMETRIC_REPRESENTATION_CONTEXT(2) 
PARAMETRIC_REPRESENTATION_CONTEXT() REPRESENTATION_CONTEXT('2D SPACE',''
  ) );
#10562 = PCURVE('',#10440,#10563);
#10563 = DEFINITIONAL_REPRESENTATION('',(#10564),#10568);
#10564 = LINE('',#10565,#10566);
#10565 = CARTESIAN_POINT('',(0.,0.));
#10566 = VECTOR('',#10567,1.);
#10567 = DIRECTION('',(0.,1.));
#10568 = ( GEOMETRIC_REPRESENTATION_CONTEXT(2) 
PARAMETRIC_REPRESENTATION_CONTEXT() REPRESENTATION_CONTEXT('2D SPACE',''
  ) );
#10569 = ADVANCED_FACE('',(#10570),#10440,.T.);
#10570 = FACE_BOUND('',#10571,.T.);
#10571 = EDGE_LOOP('',(#10572,#10573,#10602,#10873));
#10572 = ORIENTED_EDGE('',*,*,#10392,.T.);
#10573 = ORIENTED_EDGE('',*,*,#10574,.T.);
#10574 = EDGE_CURVE('',#10365,#10575,#10577,.T.);
#10575 = VERTEX_POINT('',#10576);
#10576 = CARTESIAN_POINT('',(55.685439001498,0.910934406132,
    12.137471859646));
#10577 = SURFACE_CURVE('',#10578,(#10587,#10594),.PCURVE_S1.);
#10578 = B_SPLINE_CURVE_WITH_KNOTS('',3,(#10579,#10580,#10581,#10582,
    #10583,#10584,#10585,#10586),.UNSPECIFIED.,.F.,.F.,(4,2,2,4),(
    -0.130577003782,-1.68755731658E-02,2.062060879234,2.17576230985),
  .UNSPECIFIED.);
#10579 = CARTESIAN_POINT('',(56.219054182181,0.978372487192,
    10.078554812584));
#10580 = CARTESIAN_POINT('',(56.209550346845,0.977171396142,
    10.115224699976));
#10581 = CARTESIAN_POINT('',(56.200046511509,0.975970305091,
    10.151894587367));
#10582 = CARTESIAN_POINT('',(56.016772921377,0.952808259342,
    10.859042983173));
#10583 = CARTESIAN_POINT('',(55.843003166582,0.930847304643,
    11.529521491586));
#10584 = CARTESIAN_POINT('',(55.659729576451,0.907685258894,
    12.236669887392));
#10585 = CARTESIAN_POINT('',(55.650225741115,0.906484167844,
    12.273339774783));
#10586 = CARTESIAN_POINT('',(55.640721905778,0.905283076794,
    12.310009662175));
#10587 = PCURVE('',#10440,#10588);
#10588 = DEFINITIONAL_REPRESENTATION('',(#10589),#10593);
#10589 = LINE('',#10590,#10591);
#10590 = CARTESIAN_POINT('',(2.0789364524,0.));
#10591 = VECTOR('',#10592,1.);
#10592 = DIRECTION('',(0.,1.));
#10593 = ( GEOMETRIC_REPRESENTATION_CONTEXT(2) 
PARAMETRIC_REPRESENTATION_CONTEXT() REPRESENTATION_CONTEXT('2D SPACE',''
  ) );
#10594 = PCURVE('',#10380,#10595);
#10595 = DEFINITIONAL_REPRESENTATION('',(#10596),#10601);
#10596 = B_SPLINE_CURVE_WITH_KNOTS('',3,(#10597,#10598,#10599,#10600),
  .UNSPECIFIED.,.F.,.F.,(4,4),(-1.68755731658E-02,2.062060879234),
  .PIECEWISE_BEZIER_KNOTS.);
#10597 = CARTESIAN_POINT('',(2.737945458277,-4.101969595595E-02));
#10598 = CARTESIAN_POINT('',(2.737884143633,0.30596351));
#10599 = CARTESIAN_POINT('',(2.73782270235,0.65297002539));
#10600 = CARTESIAN_POINT('',(2.737761133617,1.));
#10601 = ( GEOMETRIC_REPRESENTATION_CONTEXT(2) 
PARAMETRIC_REPRESENTATION_CONTEXT() REPRESENTATION_CONTEXT('2D SPACE',''
  ) );
#10602 = ORIENTED_EDGE('',*,*,#10603,.F.);
#10603 = EDGE_CURVE('',#10516,#10575,#10604,.T.);
#10604 = SURFACE_CURVE('',#10605,(#10626,#10692),.PCURVE_S1.);
#10605 = B_SPLINE_CURVE_WITH_KNOTS('',7,(#10606,#10607,#10608,#10609,
    #10610,#10611,#10612,#10613,#10614,#10615,#10616,#10617,#10618,
    #10619,#10620,#10621,#10622,#10623,#10624,#10625),.UNSPECIFIED.,.F.,
  .F.,(8,6,6,8),(0.,0.341220146506,0.865167807554,1.),.UNSPECIFIED.);
#10606 = CARTESIAN_POINT('',(55.719229302467,0.971849911415,12.2));
#10607 = CARTESIAN_POINT('',(55.715239972931,0.971817675105,12.2));
#10608 = CARTESIAN_POINT('',(55.711164983569,0.971447135973,
    12.199651891335));
#10609 = CARTESIAN_POINT('',(55.707062969749,0.970685908103,
    12.198901170599));
#10610 = CARTESIAN_POINT('',(55.703012967793,0.96948366972,
    12.197695292735));
#10611 = CARTESIAN_POINT('',(55.69911462739,0.96780775105,
    12.195999741829));
#10612 = CARTESIAN_POINT('',(55.695476277416,0.965654139807,
    12.193809478245));
#10613 = CARTESIAN_POINT('',(55.687146024179,0.9590612113,
    12.187080948946));
#10614 = CARTESIAN_POINT('',(55.682934090149,0.954015174445,
    12.18191309859));
#10615 = CARTESIAN_POINT('',(55.679887849447,0.948025571381,
    12.175762629315));
#10616 = CARTESIAN_POINT('',(55.678285511486,0.941380692829,
    12.168924478253));
#10617 = CARTESIAN_POINT('',(55.678091322331,0.934560829736,
    12.161894168933));
#10618 = CARTESIAN_POINT('',(55.679065996393,0.927898839875,
    12.155016903072));
#10619 = CARTESIAN_POINT('',(55.681432748813,0.919998643384,
    12.146851329788));
#10620 = CARTESIAN_POINT('',(55.681977259763,0.918406770311,
    12.145205427622));
#10621 = CARTESIAN_POINT('',(55.682577247933,0.91684367112,
    12.143588725229));
#10622 = CARTESIAN_POINT('',(55.683228071847,0.915312521483,
    12.142004532282));
#10623 = CARTESIAN_POINT('',(55.683925080066,0.913815955642,
    12.140455610604));
#10624 = CARTESIAN_POINT('',(55.684663611192,0.912356066409,
    12.138944174165));
#10625 = CARTESIAN_POINT('',(55.685438993868,0.910934405167,
    12.137471889084));
#10626 = PCURVE('',#10440,#10627);
#10627 = DEFINITIONAL_REPRESENTATION('',(#10628),#10691);
#10628 = B_SPLINE_CURVE_WITH_KNOTS('',11,(#10629,#10630,#10631,#10632,
    #10633,#10634,#10635,#10636,#10637,#10638,#10639,#10640,#10641,
    #10642,#10643,#10644,#10645,#10646,#10647,#10648,#10649,#10650,
    #10651,#10652,#10653,#10654,#10655,#10656,#10657,#10658,#10659,
    #10660,#10661,#10662,#10663,#10664,#10665,#10666,#10667,#10668,
    #10669,#10670,#10671,#10672,#10673,#10674,#10675,#10676,#10677,
    #10678,#10679,#10680,#10681,#10682,#10683,#10684,#10685,#10686,
    #10687,#10688,#10689,#10690),.UNSPECIFIED.,.F.,.F.,(12,10,10,10,10,
    10,12),(0.,0.125,0.25,0.5,0.75,0.875,1.),.UNSPECIFIED.);
#10629 = CARTESIAN_POINT('',(3.E-17,2.047525025357));
#10630 = CARTESIAN_POINT('',(2.358621708401E-02,2.047759363507));
#10631 = CARTESIAN_POINT('',(6.216375057409E-02,2.04814446018));
#10632 = CARTESIAN_POINT('',(0.143689828691,2.048752323146));
#10633 = CARTESIAN_POINT('',(-2.384329387322E-02,2.047310783526));
#10634 = CARTESIAN_POINT('',(0.254711011482,2.049826299824));
#10635 = CARTESIAN_POINT('',(7.421723068182E-02,2.047897247919));
#10636 = CARTESIAN_POINT('',(0.207275743722,2.049251224842));
#10637 = CARTESIAN_POINT('',(0.189962649007,2.048846454377));
#10638 = CARTESIAN_POINT('',(0.223598247355,2.04906155203));
#10639 = CARTESIAN_POINT('',(0.245877962319,2.049103256668));
#10640 = CARTESIAN_POINT('',(0.292896032077,2.04917829211));
#10641 = CARTESIAN_POINT('',(0.31639913782,2.049193673293));
#10642 = CARTESIAN_POINT('',(0.339895689342,2.049186484859));
#10643 = CARTESIAN_POINT('',(0.363385061559,2.049156293734));
#10644 = CARTESIAN_POINT('',(0.386866629383,2.049102666838));
#10645 = CARTESIAN_POINT('',(0.410339767731,2.049025171097));
#10646 = CARTESIAN_POINT('',(0.433803851516,2.048923373432));
#10647 = CARTESIAN_POINT('',(0.457258255655,2.048796840769));
#10648 = CARTESIAN_POINT('',(0.48070235506,2.048645140029));
#10649 = CARTESIAN_POINT('',(0.504135524646,2.048467838136));
#10650 = CARTESIAN_POINT('',(0.574400368696,2.047857829767));
#10651 = CARTESIAN_POINT('',(0.621208811891,2.047342265946));
#10652 = CARTESIAN_POINT('',(0.66798790109,2.046719496226));
#10653 = CARTESIAN_POINT('',(0.714743068467,2.045991206285));
#10654 = CARTESIAN_POINT('',(0.761479746197,2.045159081796));
#10655 = CARTESIAN_POINT('',(0.808203366456,2.04422480844));
#10656 = CARTESIAN_POINT('',(0.854919361416,2.043190071886));
#10657 = CARTESIAN_POINT('',(0.901633163255,2.042056557818));
#10658 = CARTESIAN_POINT('',(0.948350204145,2.040825951907));
#10659 = CARTESIAN_POINT('',(0.995075916263,2.03949993983));
#10660 = CARTESIAN_POINT('',(1.088555547302,2.0366604747));
#10661 = CARTESIAN_POINT('',(1.135308140226,2.035150299018));
#10662 = CARTESIAN_POINT('',(1.182073908444,2.033557486635));
#10663 = CARTESIAN_POINT('',(1.228853249847,2.031889843959));
#10664 = CARTESIAN_POINT('',(1.275646562321,2.030155177408));
#10665 = CARTESIAN_POINT('',(1.32245424376,2.028361293386));
#10666 = CARTESIAN_POINT('',(1.369276692049,2.026515998316));
#10667 = CARTESIAN_POINT('',(1.41611430508,2.024627098601));
#10668 = CARTESIAN_POINT('',(1.462967480741,2.02270240066));
#10669 = CARTESIAN_POINT('',(1.509836616923,2.020749710902));
#10670 = CARTESIAN_POINT('',(1.58016485881,2.017790398159));
#10671 = CARTESIAN_POINT('',(1.603611528981,2.016799366888));
#10672 = CARTESIAN_POINT('',(1.627062057809,2.015804655722));
#10673 = CARTESIAN_POINT('',(1.650516381071,2.014807178456));
#10674 = CARTESIAN_POINT('',(1.673974434551,2.01380784889));
#10675 = CARTESIAN_POINT('',(1.697436154024,2.012807580815));
#10676 = CARTESIAN_POINT('',(1.720901475275,2.011807288032));
#10677 = CARTESIAN_POINT('',(1.744370334081,2.010807884333));
#10678 = CARTESIAN_POINT('',(1.767842666223,2.009810283517));
#10679 = CARTESIAN_POINT('',(1.79131840748,2.008815399378));
#10680 = CARTESIAN_POINT('',(1.838276579787,2.006832892048));
#10681 = CARTESIAN_POINT('',(1.861604217649,2.005850015342));
#10682 = CARTESIAN_POINT('',(1.886632164375,2.004811223013));
#10683 = CARTESIAN_POINT('',(1.903368474919,2.004089797658));
#10684 = CARTESIAN_POINT('',(1.941278745192,2.00254936532));
#10685 = CARTESIAN_POINT('',(1.953189478028,2.002051491114));
#10686 = CARTESIAN_POINT('',(1.965829398517,2.001513884224));
#10687 = CARTESIAN_POINT('',(2.020050300839,1.999335164356));
#10688 = CARTESIAN_POINT('',(2.023795751387,1.999189057762));
#10689 = CARTESIAN_POINT('',(2.044559951836,1.998357445189));
#10690 = CARTESIAN_POINT('',(2.068026531008,1.997430769439));
#10691 = ( GEOMETRIC_REPRESENTATION_CONTEXT(2) 
PARAMETRIC_REPRESENTATION_CONTEXT() REPRESENTATION_CONTEXT('2D SPACE',''
  ) );
#10692 = PCURVE('',#10693,#10850);
#10693 = ( BOUNDED_SURFACE() B_SPLINE_SURFACE(2,11,(
    (#10694,#10695,#10696,#10697,#10698,#10699,#10700,#10701,#10702
      ,#10703,#10704,#10705,#10706,#10707,#10708,#10709,#10710,#10711
      ,#10712,#10713,#10714,#10715,#10716,#10717,#10718,#10719,#10720
      ,#10721,#10722,#10723,#10724,#10725,#10726,#10727,#10728,#10729
      ,#10730,#10731,#10732,#10733,#10734,#10735,#10736,#10737,#10738
      ,#10739,#10740,#10741,#10742,#10743,#10744,#10745)
    ,(#10746,#10747,#10748,#10749,#10750,#10751,#10752,#10753,#10754
      ,#10755,#10756,#10757,#10758,#10759,#10760,#10761,#10762,#10763
      ,#10764,#10765,#10766,#10767,#10768,#10769,#10770,#10771,#10772
      ,#10773,#10774,#10775,#10776,#10777,#10778,#10779,#10780,#10781
      ,#10782,#10783,#10784,#10785,#10786,#10787,#10788,#10789,#10790
      ,#10791,#10792,#10793,#10794,#10795,#10796,#10797)
    ,(#10798,#10799,#10800,#10801,#10802,#10803,#10804,#10805,#10806
      ,#10807,#10808,#10809,#10810,#10811,#10812,#10813,#10814,#10815
      ,#10816,#10817,#10818,#10819,#10820,#10821,#10822,#10823,#10824
      ,#10825,#10826,#10827,#10828,#10829,#10830,#10831,#10832,#10833
      ,#10834,#10835,#10836,#10837,#10838,#10839,#10840,#10841,#10842
      ,#10843,#10844,#10845,#10846,#10847,#10848,#10849
)),.UNSPECIFIED.,.F.,.F.,.F.) B_SPLINE_SURFACE_WITH_KNOTS((3,3),(12,10,
    10,10,10,12),(0.,1.937386409473),(6.039754563804E-02,0.302570846822,
    0.544744148006,1.029090750374,1.997783955111,2.108534193547),
.UNSPECIFIED.) GEOMETRIC_REPRESENTATION_ITEM() RATIONAL_B_SPLINE_SURFACE
((
    (1.,1.,1.,1.,1.,1.,1.,1.,1.,1.,1.,1.,1.,1.,1.,1.,1.,1.,1.,1.,1.,1.
      ,1.,1.,1.,1.,1.,1.,1.,1.,1.,1.,1.,1.,1.,1.,1.,1.,1.,1.,1.,1.,1.,1.
      ,1.,1.,1.,1.,1.,1.,1.,1.)
    ,(0.612142627545,0.612142627545,0.612142627544,0.612142627546
      ,0.612142627543,0.612142627547,0.612142627543,0.612142627546
      ,0.612142627544,0.612142627545,0.612142627545,0.612142627545
      ,0.612142627544,0.612142627545,0.612142627544,0.612142627545
      ,0.612142627544,0.612142627545,0.612142627544,0.612142627545
      ,0.612142627545,0.612142627545,0.612142627545,0.612142627545
      ,0.612142627545,0.612142627545,0.612142627545,0.612142627544
      ,0.612142627545,0.612142627545,0.612142627545,0.612142627545
      ,0.612142627545,0.612142627544,0.612142627545,0.612142627544
      ,0.612142627545,0.612142627544,0.612142627545,0.612142627545
      ,0.612142627545,0.612142627545,0.612142627545,0.612142627545
      ,0.612142627545,0.612142627545,0.612142627545,0.612142627545
      ,0.612142627545,0.612142627545,0.612142627545,0.612142627545)
    ,(1.,1.,1.,1.,1.,1.,1.,1.,1.,1.,1.,1.,1.,1.,1.,1.,1.,1.,1.,1.,1.,1.
      ,1.,1.,1.,1.,1.,1.,1.,1.,1.,1.,1.,1.,1.,1.,1.,1.,1.,1.,1.,1.,1.,1.
,1.,1.,1.,1.,1.,1.,1.,1.))) REPRESENTATION_ITEM('') SURFACE() );
#10694 = CARTESIAN_POINT('',(56.216755656327,-0.884943719291,12.2));
#10695 = CARTESIAN_POINT('',(56.211057559738,-0.863678133286,
    12.200000000002));
#10696 = CARTESIAN_POINT('',(56.205359463099,-0.842412547285,
    12.199999999993));
#10697 = CARTESIAN_POINT('',(56.199661366619,-0.821146961272,
    12.200000000018));
#10698 = CARTESIAN_POINT('',(56.193963269805,-0.799881375282,
    12.199999999971));
#10699 = CARTESIAN_POINT('',(56.188265173511,-0.778615789256,
    12.200000000036));
#10700 = CARTESIAN_POINT('',(56.182567076592,-0.757350203275,
    12.199999999967));
#10701 = CARTESIAN_POINT('',(56.176868980261,-0.736084617251,
    12.200000000024));
#10702 = CARTESIAN_POINT('',(56.171170883496,-0.714819031258,
    12.199999999987));
#10703 = CARTESIAN_POINT('',(56.165472786979,-0.693553445248,
    12.200000000005));
#10704 = CARTESIAN_POINT('',(56.159774690357,-0.672287859245,
    12.199999999999));
#10705 = CARTESIAN_POINT('',(56.148378497171,-0.629756687235,
    12.200000000001));
#10706 = CARTESIAN_POINT('',(56.142680400562,-0.608491101231,
    12.199999999998));
#10707 = CARTESIAN_POINT('',(56.136982303996,-0.587225515224,
    12.200000000005));
#10708 = CARTESIAN_POINT('',(56.131284207345,-0.565959929224,
    12.199999999993));
#10709 = CARTESIAN_POINT('',(56.125586110824,-0.544694343214,
    12.200000000009));
#10710 = CARTESIAN_POINT('',(56.119888014145,-0.523428757215,
    12.199999999991));
#10711 = CARTESIAN_POINT('',(56.114189917619,-0.502163171205,
    12.200000000007));
#10712 = CARTESIAN_POINT('',(56.108491820976,-0.480897585204,
    12.199999999996));
#10713 = CARTESIAN_POINT('',(56.102793724403,-0.459631999197,
    12.200000000001));
#10714 = CARTESIAN_POINT('',(56.097095627798,-0.438366413193,12.2));
#10715 = CARTESIAN_POINT('',(56.080001338011,-0.374569655179,12.2));
#10716 = CARTESIAN_POINT('',(56.068605144813,-0.33203848317,
    12.199999999999));
#10717 = CARTESIAN_POINT('',(56.05720895163,-0.28950731116,
    12.200000000001));
#10718 = CARTESIAN_POINT('',(56.045812758423,-0.246976139152,
    12.199999999998));
#10719 = CARTESIAN_POINT('',(56.034416565245,-0.204444967141,
    12.200000000002));
#10720 = CARTESIAN_POINT('',(56.023020372039,-0.161913795133,
    12.199999999999));
#10721 = CARTESIAN_POINT('',(56.011624178856,-0.119382623123,
    12.200000000001));
#10722 = CARTESIAN_POINT('',(56.000227985655,-7.685145111402E-02,
    12.199999999999));
#10723 = CARTESIAN_POINT('',(55.988831792467,-3.432027910434E-02,12.2));
#10724 = CARTESIAN_POINT('',(55.977435599272,8.210892904862E-03,12.2));
#10725 = CARTESIAN_POINT('',(55.943247019694,0.135804408933,12.2));
#10726 = CARTESIAN_POINT('',(55.920454633307,0.220866752952,12.2));
#10727 = CARTESIAN_POINT('',(55.897662246921,0.30592909697,12.2));
#10728 = CARTESIAN_POINT('',(55.874869860536,0.390991440989,12.2));
#10729 = CARTESIAN_POINT('',(55.852077474147,0.476053785007,12.2));
#10730 = CARTESIAN_POINT('',(55.829285087764,0.561116129027,12.2));
#10731 = CARTESIAN_POINT('',(55.806492701377,0.646178473045,12.2));
#10732 = CARTESIAN_POINT('',(55.78370031499,0.731240817064,12.2));
#10733 = CARTESIAN_POINT('',(55.760907928605,0.816303161083,12.2));
#10734 = CARTESIAN_POINT('',(55.738115542218,0.901365505101,12.2));
#10735 = CARTESIAN_POINT('',(55.712717313018,0.996152986899,12.2));
#10736 = CARTESIAN_POINT('',(55.710111470204,1.005878124679,12.2));
#10737 = CARTESIAN_POINT('',(55.707505627389,1.015603262458,12.2));
#10738 = CARTESIAN_POINT('',(55.704899784575,1.025328400237,12.2));
#10739 = CARTESIAN_POINT('',(55.702293941761,1.035053538017,12.2));
#10740 = CARTESIAN_POINT('',(55.699688098947,1.044778675796,12.2));
#10741 = CARTESIAN_POINT('',(55.697082256132,1.054503813575,12.2));
#10742 = CARTESIAN_POINT('',(55.694476413318,1.064228951355,12.2));
#10743 = CARTESIAN_POINT('',(55.691870570504,1.073954089134,12.2));
#10744 = CARTESIAN_POINT('',(55.68926472769,1.083679226914,12.2));
#10745 = CARTESIAN_POINT('',(55.686658884875,1.093404364693,12.2));
#10746 = CARTESIAN_POINT('',(56.154367964911,-0.901660450824,12.2));
#10747 = CARTESIAN_POINT('',(56.148669868315,-0.880394864819,12.2));
#10748 = CARTESIAN_POINT('',(56.142971771718,-0.859129278814,12.2));
#10749 = CARTESIAN_POINT('',(56.137273675124,-0.83786369281,12.2));
#10750 = CARTESIAN_POINT('',(56.131575578521,-0.816598106805,12.2));
#10751 = CARTESIAN_POINT('',(56.125877481936,-0.7953325208,12.2));
#10752 = CARTESIAN_POINT('',(56.120179385324,-0.774066934796,12.2));
#10753 = CARTESIAN_POINT('',(56.114481288741,-0.752801348791,12.2));
#10754 = CARTESIAN_POINT('',(56.108783192137,-0.731535762786,12.2));
#10755 = CARTESIAN_POINT('',(56.103085095543,-0.710270176782,12.2));
#10756 = CARTESIAN_POINT('',(56.097386998946,-0.689004590777,12.2));
#10757 = CARTESIAN_POINT('',(56.085990805753,-0.646473418768,12.2));
#10758 = CARTESIAN_POINT('',(56.080292709157,-0.625207832763,12.2));
#10759 = CARTESIAN_POINT('',(56.07459461256,-0.603942246758,12.2));
#10760 = CARTESIAN_POINT('',(56.068896515964,-0.582676660754,12.2));
#10761 = CARTESIAN_POINT('',(56.063198419367,-0.561411074749,12.2));
#10762 = CARTESIAN_POINT('',(56.05750032277,-0.540145488744,12.2));
#10763 = CARTESIAN_POINT('',(56.051802226174,-0.51887990274,12.2));
#10764 = CARTESIAN_POINT('',(56.046104129577,-0.497614316735,12.2));
#10765 = CARTESIAN_POINT('',(56.040406032981,-0.47634873073,12.2));
#10766 = CARTESIAN_POINT('',(56.034707936384,-0.455083144726,12.2));
#10767 = CARTESIAN_POINT('',(56.017613646595,-0.391286386712,12.2));
#10768 = CARTESIAN_POINT('',(56.006217453402,-0.348755214702,12.2));
#10769 = CARTESIAN_POINT('',(55.994821260209,-0.306224042693,12.2));
#10770 = CARTESIAN_POINT('',(55.983425067016,-0.263692870683,12.2));
#10771 = CARTESIAN_POINT('',(55.972028873823,-0.221161698674,12.2));
#10772 = CARTESIAN_POINT('',(55.96063268063,-0.178630526665,12.2));
#10773 = CARTESIAN_POINT('',(55.949236487436,-0.136099354656,12.2));
#10774 = CARTESIAN_POINT('',(55.937840294243,-9.356818264605E-02,12.2));
#10775 = CARTESIAN_POINT('',(55.92644410105,-5.103701063681E-02,12.2));
#10776 = CARTESIAN_POINT('',(55.915047907857,-8.505838627425E-03,12.2));
#10777 = CARTESIAN_POINT('',(55.880859328278,0.119087677401,12.2));
#10778 = CARTESIAN_POINT('',(55.858066941892,0.204150021419,12.2));
#10779 = CARTESIAN_POINT('',(55.835274555506,0.289212365438,12.2));
#10780 = CARTESIAN_POINT('',(55.81248216912,0.374274709457,12.2));
#10781 = CARTESIAN_POINT('',(55.789689782734,0.459337053475,12.2));
#10782 = CARTESIAN_POINT('',(55.766897396348,0.544399397494,12.2));
#10783 = CARTESIAN_POINT('',(55.744105009961,0.629461741513,12.2));
#10784 = CARTESIAN_POINT('',(55.721312623575,0.714524085532,12.2));
#10785 = CARTESIAN_POINT('',(55.698520237189,0.79958642955,12.2));
#10786 = CARTESIAN_POINT('',(55.675727850803,0.884648773569,12.2));
#10787 = CARTESIAN_POINT('',(55.650329621603,0.979436255367,12.2));
#10788 = CARTESIAN_POINT('',(55.647723778789,0.989161393146,12.2));
#10789 = CARTESIAN_POINT('',(55.645117935974,0.998886530926,12.2));
#10790 = CARTESIAN_POINT('',(55.64251209316,1.008611668705,12.2));
#10791 = CARTESIAN_POINT('',(55.639906250346,1.018336806484,12.2));
#10792 = CARTESIAN_POINT('',(55.637300407531,1.028061944264,12.2));
#10793 = CARTESIAN_POINT('',(55.634694564717,1.037787082043,12.2));
#10794 = CARTESIAN_POINT('',(55.632088721903,1.047512219822,12.2));
#10795 = CARTESIAN_POINT('',(55.629482879089,1.057237357602,12.2));
#10796 = CARTESIAN_POINT('',(55.626877036274,1.066962495381,12.2));
#10797 = CARTESIAN_POINT('',(55.62427119346,1.076687633161,12.2));
#10798 = CARTESIAN_POINT('',(56.17,-0.897471859646,12.137471859646));
#10799 = CARTESIAN_POINT('',(56.164301903412,-0.87620627364,
    12.137471859648));
#10800 = CARTESIAN_POINT('',(56.158603806773,-0.854940687639,
    12.137471859638));
#10801 = CARTESIAN_POINT('',(56.152905710292,-0.833675101626,
    12.137471859663));
#10802 = CARTESIAN_POINT('',(56.147207613478,-0.812409515637,
    12.137471859616));
#10803 = CARTESIAN_POINT('',(56.141509517185,-0.79114392961,
    12.137471859682));
#10804 = CARTESIAN_POINT('',(56.135811420265,-0.769878343629,
    12.137471859612));
#10805 = CARTESIAN_POINT('',(56.130113323935,-0.748612757605,
    12.137471859669));
#10806 = CARTESIAN_POINT('',(56.124415227169,-0.727347171613,
    12.137471859633));
#10807 = CARTESIAN_POINT('',(56.118717130653,-0.706081585602,
    12.13747185965));
#10808 = CARTESIAN_POINT('',(56.113019034031,-0.684815999599,
    12.137471859645));
#10809 = CARTESIAN_POINT('',(56.101622840845,-0.642284827589,
    12.137471859646));
#10810 = CARTESIAN_POINT('',(56.095924744236,-0.621019241586,
    12.137471859644));
#10811 = CARTESIAN_POINT('',(56.09022664767,-0.599753655579,
    12.13747185965));
#10812 = CARTESIAN_POINT('',(56.084528551018,-0.578488069578,
    12.137471859638));
#10813 = CARTESIAN_POINT('',(56.078830454497,-0.557222483567,
    12.137471859655));
#10814 = CARTESIAN_POINT('',(56.073132357819,-0.53595689757,
    12.137471859637));
#10815 = CARTESIAN_POINT('',(56.067434261293,-0.514691311559,
    12.137471859652));
#10816 = CARTESIAN_POINT('',(56.061736164649,-0.493425725558,
    12.137471859642));
#10817 = CARTESIAN_POINT('',(56.056038068076,-0.472160139552,
    12.137471859647));
#10818 = CARTESIAN_POINT('',(56.050339971472,-0.450894553548,
    12.137471859645));
#10819 = CARTESIAN_POINT('',(56.033245681685,-0.387097795533,
    12.137471859646));
#10820 = CARTESIAN_POINT('',(56.021849488487,-0.344566623524,
    12.137471859645));
#10821 = CARTESIAN_POINT('',(56.010453295304,-0.302035451514,
    12.137471859647));
#10822 = CARTESIAN_POINT('',(55.999057102097,-0.259504279506,
    12.137471859644));
#10823 = CARTESIAN_POINT('',(55.987660908918,-0.216973107495,
    12.137471859647));
#10824 = CARTESIAN_POINT('',(55.976264715712,-0.174441935487,
    12.137471859644));
#10825 = CARTESIAN_POINT('',(55.96486852253,-0.131910763477,
    12.137471859647));
#10826 = CARTESIAN_POINT('',(55.953472329328,-8.937959146842E-02,
    12.137471859645));
#10827 = CARTESIAN_POINT('',(55.942076136141,-4.684841945858E-02,
    12.137471859646));
#10828 = CARTESIAN_POINT('',(55.930679942945,-4.317247449433E-03,
    12.137471859646));
#10829 = CARTESIAN_POINT('',(55.896491363367,0.123276268579,
    12.137471859646));
#10830 = CARTESIAN_POINT('',(55.87369897698,0.208338612597,
    12.137471859646));
#10831 = CARTESIAN_POINT('',(55.850906590594,0.293400956616,
    12.137471859646));
#10832 = CARTESIAN_POINT('',(55.82811420421,0.378463300635,
    12.137471859646));
#10833 = CARTESIAN_POINT('',(55.80532181782,0.463525644653,
    12.137471859645));
#10834 = CARTESIAN_POINT('',(55.782529431437,0.548587988672,
    12.137471859646));
#10835 = CARTESIAN_POINT('',(55.75973704505,0.633650332691,
    12.137471859646));
#10836 = CARTESIAN_POINT('',(55.736944658663,0.718712676709,
    12.137471859646));
#10837 = CARTESIAN_POINT('',(55.714152272278,0.803775020728,
    12.137471859646));
#10838 = CARTESIAN_POINT('',(55.691359885892,0.888837364747,
    12.137471859646));
#10839 = CARTESIAN_POINT('',(55.665961656691,0.983624846545,
    12.137471859646));
#10840 = CARTESIAN_POINT('',(55.663355813877,0.993349984324,
    12.137471859646));
#10841 = CARTESIAN_POINT('',(55.660749971063,1.003075122104,
    12.137471859646));
#10842 = CARTESIAN_POINT('',(55.658144128249,1.012800259883,
    12.137471859646));
#10843 = CARTESIAN_POINT('',(55.655538285434,1.022525397662,
    12.137471859646));
#10844 = CARTESIAN_POINT('',(55.65293244262,1.032250535442,
    12.137471859646));
#10845 = CARTESIAN_POINT('',(55.650326599806,1.041975673221,
    12.137471859646));
#10846 = CARTESIAN_POINT('',(55.647720756992,1.051700811,12.137471859646
    ));
#10847 = CARTESIAN_POINT('',(55.645114914177,1.06142594878,
    12.137471859646));
#10848 = CARTESIAN_POINT('',(55.642509071363,1.071151086559,
    12.137471859646));
#10849 = CARTESIAN_POINT('',(55.639903228549,1.080876224339,
    12.137471859646));
#10850 = DEFINITIONAL_REPRESENTATION('',(#10851),#10872);
#10851 = B_SPLINE_CURVE_WITH_KNOTS('',7,(#10852,#10853,#10854,#10855,
    #10856,#10857,#10858,#10859,#10860,#10861,#10862,#10863,#10864,
    #10865,#10866,#10867,#10868,#10869,#10870,#10871),.UNSPECIFIED.,.F.,
  .F.,(8,6,6,8),(0.,0.341220146506,0.865167807554,1.),.UNSPECIFIED.);
#10852 = CARTESIAN_POINT('',(0.,1.982585492215));
#10853 = CARTESIAN_POINT('',(9.461532830974E-02,1.983586868791));
#10854 = CARTESIAN_POINT('',(0.189221131801,1.98428364033));
#10855 = CARTESIAN_POINT('',(0.283815748765,1.98461002997));
#10856 = CARTESIAN_POINT('',(0.378396490382,1.984496974506));
#10857 = CARTESIAN_POINT('',(0.472959992202,1.98388712612));
#10858 = CARTESIAN_POINT('',(0.567502118533,1.982748571667));
#10859 = CARTESIAN_POINT('',(0.807146807664,1.978536319939));
#10860 = CARTESIAN_POINT('',(0.952213359632,1.974752351365));
#10861 = CARTESIAN_POINT('',(1.097196232695,1.969755264186));
#10862 = CARTESIAN_POINT('',(1.242097949843,1.963751519961));
#10863 = CARTESIAN_POINT('',(1.386944771681,1.957214297919));
#10864 = CARTESIAN_POINT('',(1.531757946134,1.950527045647));
#10865 = CARTESIAN_POINT('',(1.713819229428,1.942283481223));
#10866 = CARTESIAN_POINT('',(1.751080834665,1.940604919897));
#10867 = CARTESIAN_POINT('',(1.788341974492,1.938939793639));
#10868 = CARTESIAN_POINT('',(1.825602919188,1.937292371313));
#10869 = CARTESIAN_POINT('',(1.862863874539,1.935666401081));
#10870 = CARTESIAN_POINT('',(1.900124981834,1.934065110402));
#10871 = CARTESIAN_POINT('',(1.937386317867,1.93249120603));
#10872 = ( GEOMETRIC_REPRESENTATION_CONTEXT(2) 
PARAMETRIC_REPRESENTATION_CONTEXT() REPRESENTATION_CONTEXT('2D SPACE',''
  ) );
#10873 = ORIENTED_EDGE('',*,*,#10543,.F.);
#10874 = ADVANCED_FACE('',(#10875),#10296,.F.);
#10875 = FACE_BOUND('',#10876,.F.);
#10876 = EDGE_LOOP('',(#10877,#10878,#10899,#10919));
#10877 = ORIENTED_EDGE('',*,*,#10280,.T.);
#10878 = ORIENTED_EDGE('',*,*,#10879,.T.);
#10879 = EDGE_CURVE('',#10281,#10880,#10882,.T.);
#10880 = VERTEX_POINT('',#10881);
#10881 = CARTESIAN_POINT('',(57.17,-0.96,12.2));
#10882 = SURFACE_CURVE('',#10883,(#10886,#10893),.PCURVE_S1.);
#10883 = B_SPLINE_CURVE_WITH_KNOTS('',1,(#10884,#10885),.UNSPECIFIED.,
  .F.,.F.,(2,2),(0.,1.),.PIECEWISE_BEZIER_KNOTS.);
#10884 = CARTESIAN_POINT('',(57.17,-0.963841635662,12.203841635662));
#10885 = CARTESIAN_POINT('',(57.17,-0.96,12.2));
#10886 = PCURVE('',#10296,#10887);
#10887 = DEFINITIONAL_REPRESENTATION('',(#10888),#10892);
#10888 = LINE('',#10889,#10890);
#10889 = CARTESIAN_POINT('',(2.83,0.));
#10890 = VECTOR('',#10891,1.);
#10891 = DIRECTION('',(0.,1.));
#10892 = ( GEOMETRIC_REPRESENTATION_CONTEXT(2) 
PARAMETRIC_REPRESENTATION_CONTEXT() REPRESENTATION_CONTEXT('2D SPACE',''
  ) );
#10893 = PCURVE('',#10324,#10894);
#10894 = DEFINITIONAL_REPRESENTATION('',(#10895),#10898);
#10895 = B_SPLINE_CURVE_WITH_KNOTS('',1,(#10896,#10897),.UNSPECIFIED.,
  .F.,.F.,(2,2),(0.,1.),.PIECEWISE_BEZIER_KNOTS.);
#10896 = CARTESIAN_POINT('',(0.,-5.432893255072E-03));
#10897 = CARTESIAN_POINT('',(0.,0.));
#10898 = ( GEOMETRIC_REPRESENTATION_CONTEXT(2) 
PARAMETRIC_REPRESENTATION_CONTEXT() REPRESENTATION_CONTEXT('2D SPACE',''
  ) );
#10899 = ORIENTED_EDGE('',*,*,#10900,.F.);
#10900 = EDGE_CURVE('',#10494,#10880,#10901,.T.);
#10901 = SURFACE_CURVE('',#10902,(#10906,#10912),.PCURVE_S1.);
#10902 = LINE('',#10903,#10904);
#10903 = CARTESIAN_POINT('',(56.652361909795,0.971851652578,12.2));
#10904 = VECTOR('',#10905,1.);
#10905 = DIRECTION('',(0.258819045103,-0.965925826289,0.));
#10906 = PCURVE('',#10296,#10907);
#10907 = DEFINITIONAL_REPRESENTATION('',(#10908),#10911);
#10908 = B_SPLINE_CURVE_WITH_KNOTS('',1,(#10909,#10910),.UNSPECIFIED.,
  .F.,.F.,(2,2),(0.,2.),.PIECEWISE_BEZIER_KNOTS.);
#10909 = CARTESIAN_POINT('',(0.,1.));
#10910 = CARTESIAN_POINT('',(2.83,1.));
#10911 = ( GEOMETRIC_REPRESENTATION_CONTEXT(2) 
PARAMETRIC_REPRESENTATION_CONTEXT() REPRESENTATION_CONTEXT('2D SPACE',''
  ) );
#10912 = PCURVE('',#10531,#10913);
#10913 = DEFINITIONAL_REPRESENTATION('',(#10914),#10918);
#10914 = LINE('',#10915,#10916);
#10915 = CARTESIAN_POINT('',(-0.965925826289,-0.241180954897));
#10916 = VECTOR('',#10917,1.);
#10917 = DIRECTION('',(0.965925826289,-0.258819045103));
#10918 = ( GEOMETRIC_REPRESENTATION_CONTEXT(2) 
PARAMETRIC_REPRESENTATION_CONTEXT() REPRESENTATION_CONTEXT('2D SPACE',''
  ) );
#10919 = ORIENTED_EDGE('',*,*,#10493,.F.);
#10920 = ADVANCED_FACE('',(#10921),#10352,.F.);
#10921 = FACE_BOUND('',#10922,.F.);
#10922 = EDGE_LOOP('',(#10923,#10924,#11052));
#10923 = ORIENTED_EDGE('',*,*,#10336,.T.);
#10924 = ORIENTED_EDGE('',*,*,#10925,.T.);
#10925 = EDGE_CURVE('',#10337,#10926,#10928,.T.);
#10926 = VERTEX_POINT('',#10927);
#10927 = CARTESIAN_POINT('',(56.17,-0.963481055754,12.203481055754));
#10928 = SURFACE_CURVE('',#10929,(#10933,#10940),.PCURVE_S1.);
#10929 = B_SPLINE_CURVE_WITH_KNOTS('',2,(#10930,#10931,#10932),
  .UNSPECIFIED.,.F.,.F.,(3,3),(0.,0.132739552033),
  .PIECEWISE_BEZIER_KNOTS.);
#10930 = CARTESIAN_POINT('',(56.17,-0.897471859646,12.137471859646));
#10931 = CARTESIAN_POINT('',(56.16919428677,-0.930584263004,
    12.173591225713));
#10932 = CARTESIAN_POINT('',(56.17,-0.963481055754,12.203481055754));
#10933 = PCURVE('',#10352,#10934);
#10934 = DEFINITIONAL_REPRESENTATION('',(#10935),#10939);
#10935 = LINE('',#10936,#10937);
#10936 = CARTESIAN_POINT('',(9.386103737407E-02,-1.E-16));
#10937 = VECTOR('',#10938,1.);
#10938 = DIRECTION('',(-0.707106781187,0.707106781187));
#10939 = ( GEOMETRIC_REPRESENTATION_CONTEXT(2) 
PARAMETRIC_REPRESENTATION_CONTEXT() REPRESENTATION_CONTEXT('2D SPACE',''
  ) );
#10940 = PCURVE('',#10941,#11023);
#10941 = B_SPLINE_SURFACE_WITH_KNOTS('',8,8,(
    (#10942,#10943,#10944,#10945,#10946,#10947,#10948,#10949,#10950)
    ,(#10951,#10952,#10953,#10954,#10955,#10956,#10957,#10958,#10959)
    ,(#10960,#10961,#10962,#10963,#10964,#10965,#10966,#10967,#10968)
    ,(#10969,#10970,#10971,#10972,#10973,#10974,#10975,#10976,#10977)
    ,(#10978,#10979,#10980,#10981,#10982,#10983,#10984,#10985,#10986)
    ,(#10987,#10988,#10989,#10990,#10991,#10992,#10993,#10994,#10995)
    ,(#10996,#10997,#10998,#10999,#11000,#11001,#11002,#11003,#11004)
    ,(#11005,#11006,#11007,#11008,#11009,#11010,#11011,#11012,#11013)
    ,(#11014,#11015,#11016,#11017,#11018,#11019,#11020,#11021,#11022
  )),.UNSPECIFIED.,.F.,.F.,.F.,(9,9),(9,9),(-6.924687687611E-02,
    6.676668691607E-02),(-4.809379355271E-02,5.031787348528E-02),
  .PIECEWISE_BEZIER_KNOTS.);
#10942 = CARTESIAN_POINT('',(56.209860176151,-1.005984154149,
    12.227678428436));
#10943 = CARTESIAN_POINT('',(56.221572219499,-0.998878171711,
    12.21874102889));
#10944 = CARTESIAN_POINT('',(56.232540622493,-0.989986889922,
    12.214698093981));
#10945 = CARTESIAN_POINT('',(56.242186903616,-0.9831451043,
    12.194165571303));
#10946 = CARTESIAN_POINT('',(56.253458598083,-0.969594818131,
    12.214696347234));
#10947 = CARTESIAN_POINT('',(56.263501660335,-0.962019842978,
    12.206777429825));
#10948 = CARTESIAN_POINT('',(56.271826646422,-0.955727696816,
    12.189748333327));
#10949 = CARTESIAN_POINT('',(56.280423231391,-0.947179867735,
    12.187468307758));
#10950 = CARTESIAN_POINT('',(56.288842703837,-0.938816917445,
    12.185983205089));
#10951 = CARTESIAN_POINT('',(56.195140308402,-0.994789338911,
    12.223644900034));
#10952 = CARTESIAN_POINT('',(56.208087536971,-0.988246162215,
    12.212215476543));
#10953 = CARTESIAN_POINT('',(56.21991125621,-0.979671364019,
    12.206955229109));
#10954 = CARTESIAN_POINT('',(56.227582671346,-0.972205080306,
    12.186561284606));
#10955 = CARTESIAN_POINT('',(56.242412808918,-0.959959259791,
    12.204057906388));
#10956 = CARTESIAN_POINT('',(56.250335572785,-0.951346812887,
    12.203097669312));
#10957 = CARTESIAN_POINT('',(56.256977370014,-0.94469180833,
    12.185803516634));
#10958 = CARTESIAN_POINT('',(56.264947906124,-0.935695967244,
    12.185547253389));
#10959 = CARTESIAN_POINT('',(56.273028900645,-0.927094450034,
    12.184664882771));
#10960 = CARTESIAN_POINT('',(56.181334425488,-0.982650088149,
    12.219571298115));
#10961 = CARTESIAN_POINT('',(56.193938582919,-0.976122801149,
    12.208879165565));
#10962 = CARTESIAN_POINT('',(56.208672908533,-0.970447370858,
    12.200095416782));
#10963 = CARTESIAN_POINT('',(56.209347163429,-0.959006093375,
    12.198578954636));
#10964 = CARTESIAN_POINT('',(56.225529803233,-0.946186469798,
    12.190052930155));
#10965 = CARTESIAN_POINT('',(56.240251655869,-0.942711504165,
    12.212165040649));
#10966 = CARTESIAN_POINT('',(56.239020579095,-0.930803576193,
    12.190227606947));
#10967 = CARTESIAN_POINT('',(56.248676302618,-0.923258992665,
    12.189663217381));
#10968 = CARTESIAN_POINT('',(56.256916428516,-0.9146557693,
    12.188708022017));
#10969 = CARTESIAN_POINT('',(56.174785866937,-0.975730426465,
    12.211661438072));
#10970 = CARTESIAN_POINT('',(56.187506703834,-0.97014904459,
    12.201939438557));
#10971 = CARTESIAN_POINT('',(56.189698884406,-0.95435096666,
    12.196710797628));
#10972 = CARTESIAN_POINT('',(56.19412857121,-0.942177291753,
    12.193237908494));
#10973 = CARTESIAN_POINT('',(56.25027360135,-0.952965891018,
    12.230645202084));
#10974 = CARTESIAN_POINT('',(56.197482031859,-0.914309384625,
    12.193203455481));
#10975 = CARTESIAN_POINT('',(56.227234802572,-0.925144678589,
    12.212479549071));
#10976 = CARTESIAN_POINT('',(56.230896349192,-0.909666669646,
    12.207174449273));
#10977 = CARTESIAN_POINT('',(56.240392829084,-0.900958853409,
    12.202115671969));
#10978 = CARTESIAN_POINT('',(56.155467361349,-0.953731901427,
    12.211456512948));
#10979 = CARTESIAN_POINT('',(56.168259832139,-0.9472743526,
    12.209364593686));
#10980 = CARTESIAN_POINT('',(56.196432747761,-0.95357979137,
    12.209208908553));
#10981 = CARTESIAN_POINT('',(56.164790500924,-0.937866708074,
    12.200523505195));
#10982 = CARTESIAN_POINT('',(56.177014204726,-0.901616913631,
    12.169114971288));
#10983 = CARTESIAN_POINT('',(56.194630236963,-0.954327735464,
    12.211208040392));
#10984 = CARTESIAN_POINT('',(56.207090911115,-0.886260531165,
    12.21036994178));
#10985 = CARTESIAN_POINT('',(56.212669155364,-0.895525385204,
    12.201221752752));
#10986 = CARTESIAN_POINT('',(56.223580532993,-0.888751458712,
    12.199087451683));
#10987 = CARTESIAN_POINT('',(56.147895561109,-0.951063122958,
    12.187373262567));
#10988 = CARTESIAN_POINT('',(56.154482351865,-0.944654193897,
    12.180870451153));
#10989 = CARTESIAN_POINT('',(56.147336617112,-0.928859398487,
    12.178157630039));
#10990 = CARTESIAN_POINT('',(56.227882227502,-0.942408426725,
    12.176040263988));
#10991 = CARTESIAN_POINT('',(56.195403138871,-0.933120544672,
    12.22229965473));
#10992 = CARTESIAN_POINT('',(56.228988722251,-0.871222611515,
    12.189200682045));
#10993 = CARTESIAN_POINT('',(56.205103852386,-0.916902755233,
    12.185621157097));
#10994 = CARTESIAN_POINT('',(56.216995260668,-0.889634161403,
    12.202426622963));
#10995 = CARTESIAN_POINT('',(56.223161563201,-0.878870406503,
    12.204116851844));
#10996 = CARTESIAN_POINT('',(56.149640063414,-0.943585512906,
    12.168896730851));
#10997 = CARTESIAN_POINT('',(56.154645475501,-0.936163785975,
    12.165062515721));
#10998 = CARTESIAN_POINT('',(56.173402178783,-0.933811979494,
    12.170692239921));
#10999 = CARTESIAN_POINT('',(56.108445526307,-0.898659959579,
    12.156927088386));
#11000 = CARTESIAN_POINT('',(56.224084316454,-0.909086357926,
    12.206574106559));
#11001 = CARTESIAN_POINT('',(56.162569843564,-0.908953548407,
    12.184195966839));
#11002 = CARTESIAN_POINT('',(56.179389875762,-0.879608555632,
    12.200836509298));
#11003 = CARTESIAN_POINT('',(56.185630394624,-0.875699972665,
    12.20268198508));
#11004 = CARTESIAN_POINT('',(56.196316063352,-0.866626636122,
    12.201628643767));
#11005 = CARTESIAN_POINT('',(56.160980174279,-0.939739938288,
    12.144219803874));
#11006 = CARTESIAN_POINT('',(56.164450772078,-0.932116639856,
    12.137871868475));
#11007 = CARTESIAN_POINT('',(56.161777464413,-0.922101066548,
    12.139898885905));
#11008 = CARTESIAN_POINT('',(56.176446157138,-0.914694043587,
    12.147256640645));
#11009 = CARTESIAN_POINT('',(56.147940798435,-0.885007030916,
    12.167393421989));
#11010 = CARTESIAN_POINT('',(56.158549473752,-0.893429719471,
    12.170488488379));
#11011 = CARTESIAN_POINT('',(56.164700700676,-0.874003579319,
    12.184017518837));
#11012 = CARTESIAN_POINT('',(56.170545340218,-0.865117124218,
    12.191775876985));
#11013 = CARTESIAN_POINT('',(56.181627286079,-0.855570158524,
    12.192774980383));
#11014 = CARTESIAN_POINT('',(56.181421803216,-0.937031808867,
    12.115912579166));
#11015 = CARTESIAN_POINT('',(56.185922451992,-0.929698737033,
    12.103582298785));
#11016 = CARTESIAN_POINT('',(56.181973773263,-0.918838171285,
    12.103175816604));
#11017 = CARTESIAN_POINT('',(56.192407118502,-0.911826906309,
    12.113856458557));
#11018 = CARTESIAN_POINT('',(56.164614553879,-0.881549339724,
    12.129667119494));
#11019 = CARTESIAN_POINT('',(56.153679285544,-0.88347531378,
    12.142290116741));
#11020 = CARTESIAN_POINT('',(56.163403589088,-0.866479795134,
    12.160162460859));
#11021 = CARTESIAN_POINT('',(56.165114653861,-0.856025256026,
    12.172216500839));
#11022 = CARTESIAN_POINT('',(56.174707640419,-0.84594173807,
    12.176122590913));
#11023 = DEFINITIONAL_REPRESENTATION('',(#11024),#11051);
#11024 = B_SPLINE_CURVE_WITH_KNOTS('',7,(#11025,#11026,#11027,#11028,
    #11029,#11030,#11031,#11032,#11033,#11034,#11035,#11036,#11037,
    #11038,#11039,#11040,#11041,#11042,#11043,#11044,#11045,#11046,
    #11047,#11048,#11049,#11050),.UNSPECIFIED.,.F.,.F.,(8,6,6,6,8),(0.,
    1.65924440041E-02,3.318488800821E-02,6.636977601641E-02,
    0.132739552033),.UNSPECIFIED.);
#11025 = CARTESIAN_POINT('',(6.069698810552E-02,-2.532669042504E-03));
#11026 = CARTESIAN_POINT('',(5.954765280025E-02,-3.300564608017E-03));
#11027 = CARTESIAN_POINT('',(5.870325665216E-02,-3.852442247294E-03));
#11028 = CARTESIAN_POINT('',(5.703764706976E-02,-4.936181360606E-03));
#11029 = CARTESIAN_POINT('',(5.627006522227E-02,-5.410497384918E-03));
#11030 = CARTESIAN_POINT('',(5.490687229826E-02,-6.270021862106E-03));
#11031 = CARTESIAN_POINT('',(5.374948497649E-02,-6.979288941675E-03));
#11032 = CARTESIAN_POINT('',(5.134201370309E-02,-8.434220392885E-03));
#11033 = CARTESIAN_POINT('',(5.012756288973E-02,-9.155531856632E-03));
#11034 = CARTESIAN_POINT('',(4.890263447289E-02,-9.870590253724E-03));
#11035 = CARTESIAN_POINT('',(4.766746602578E-02,-1.057929677936E-02));
#11036 = CARTESIAN_POINT('',(4.64222951216E-02,-1.128155262875E-02));
#11037 = CARTESIAN_POINT('',(4.516735933354E-02,-1.197725899709E-02));
#11038 = CARTESIAN_POINT('',(4.137397003732E-02,-1.404443324455E-02));
#11039 = CARTESIAN_POINT('',(3.880777736421E-02,-1.539604836784E-02));
#11040 = CARTESIAN_POINT('',(3.620986776908E-02,-1.67275821762E-02));
#11041 = CARTESIAN_POINT('',(3.358753090544E-02,-1.804779522362E-02));
#11042 = CARTESIAN_POINT('',(3.094979652678E-02,-1.936778889133E-02));
#11043 = CARTESIAN_POINT('',(2.830743448652E-02,-2.070100538775E-02));
#11044 = CARTESIAN_POINT('',(2.040399524099E-02,-2.478767247011E-02));
#11045 = CARTESIAN_POINT('',(1.517248888371E-02,-2.761988094745E-02));
#11046 = CARTESIAN_POINT('',(1.002848465036E-02,-3.065705027537E-02));
#11047 = CARTESIAN_POINT('',(5.125930256393E-03,-3.394395619945E-02));
#11048 = CARTESIAN_POINT('',(4.054825970421E-04,-3.733251915915E-02));
#11049 = CARTESIAN_POINT('',(-4.336348416063E-03,-4.058511502109E-02));
#11050 = CARTESIAN_POINT('',(-8.991722630136E-03,-4.372163050247E-02));
#11051 = ( GEOMETRIC_REPRESENTATION_CONTEXT(2) 
PARAMETRIC_REPRESENTATION_CONTEXT() REPRESENTATION_CONTEXT('2D SPACE',''
  ) );
#11052 = ORIENTED_EDGE('',*,*,#11053,.F.);
#11053 = EDGE_CURVE('',#10309,#10926,#11054,.T.);
#11054 = SURFACE_CURVE('',#11055,(#11058,#11065),.PCURVE_S1.);
#11055 = B_SPLINE_CURVE_WITH_KNOTS('',1,(#11056,#11057),.UNSPECIFIED.,
  .F.,.F.,(2,2),(0.,1.),.PIECEWISE_BEZIER_KNOTS.);
#11056 = CARTESIAN_POINT('',(56.17,-0.963841635662,12.203841635662));
#11057 = CARTESIAN_POINT('',(56.17,-0.96,12.2));
#11058 = PCURVE('',#10352,#11059);
#11059 = DEFINITIONAL_REPRESENTATION('',(#11060),#11064);
#11060 = LINE('',#11061,#11062);
#11061 = CARTESIAN_POINT('',(0.,0.));
#11062 = VECTOR('',#11063,1.);
#11063 = DIRECTION('',(0.,1.));
#11064 = ( GEOMETRIC_REPRESENTATION_CONTEXT(2) 
PARAMETRIC_REPRESENTATION_CONTEXT() REPRESENTATION_CONTEXT('2D SPACE',''
  ) );
#11065 = PCURVE('',#10324,#11066);
#11066 = DEFINITIONAL_REPRESENTATION('',(#11067),#11070);
#11067 = B_SPLINE_CURVE_WITH_KNOTS('',1,(#11068,#11069),.UNSPECIFIED.,
  .F.,.F.,(2,2),(0.,1.),.PIECEWISE_BEZIER_KNOTS.);
#11068 = CARTESIAN_POINT('',(1.,-5.432893255072E-03));
#11069 = CARTESIAN_POINT('',(1.,0.));
#11070 = ( GEOMETRIC_REPRESENTATION_CONTEXT(2) 
PARAMETRIC_REPRESENTATION_CONTEXT() REPRESENTATION_CONTEXT('2D SPACE',''
  ) );
#11071 = ADVANCED_FACE('',(#11072),#10380,.F.);
#11072 = FACE_BOUND('',#11073,.F.);
#11073 = EDGE_LOOP('',(#11074,#11075,#11076));
#11074 = ORIENTED_EDGE('',*,*,#10364,.T.);
#11075 = ORIENTED_EDGE('',*,*,#10574,.T.);
#11076 = ORIENTED_EDGE('',*,*,#11077,.F.);
#11077 = EDGE_CURVE('',#10337,#10575,#11078,.T.);
#11078 = SURFACE_CURVE('',#11079,(#11132,#11178),.PCURVE_S1.);
#11079 = B_SPLINE_CURVE_WITH_KNOTS('',11,(#11080,#11081,#11082,#11083,
    #11084,#11085,#11086,#11087,#11088,#11089,#11090,#11091,#11092,
    #11093,#11094,#11095,#11096,#11097,#11098,#11099,#11100,#11101,
    #11102,#11103,#11104,#11105,#11106,#11107,#11108,#11109,#11110,
    #11111,#11112,#11113,#11114,#11115,#11116,#11117,#11118,#11119,
    #11120,#11121,#11122,#11123,#11124,#11125,#11126,#11127,#11128,
    #11129,#11130,#11131),.UNSPECIFIED.,.F.,.F.,(12,10,10,10,10,12),(
    6.039754563804E-02,0.302570846822,0.544744148006,1.029090750374,
    1.997783955111,2.108534193547),.UNSPECIFIED.);
#11080 = CARTESIAN_POINT('',(56.17,-0.897471859646,12.137471859646));
#11081 = CARTESIAN_POINT('',(56.164301903412,-0.87620627364,
    12.137471859648));
#11082 = CARTESIAN_POINT('',(56.158603806773,-0.854940687639,
    12.137471859638));
#11083 = CARTESIAN_POINT('',(56.152905710292,-0.833675101626,
    12.137471859663));
#11084 = CARTESIAN_POINT('',(56.147207613478,-0.812409515637,
    12.137471859616));
#11085 = CARTESIAN_POINT('',(56.141509517185,-0.79114392961,
    12.137471859682));
#11086 = CARTESIAN_POINT('',(56.135811420265,-0.769878343629,
    12.137471859612));
#11087 = CARTESIAN_POINT('',(56.130113323935,-0.748612757605,
    12.137471859669));
#11088 = CARTESIAN_POINT('',(56.124415227169,-0.727347171613,
    12.137471859633));
#11089 = CARTESIAN_POINT('',(56.118717130653,-0.706081585602,
    12.13747185965));
#11090 = CARTESIAN_POINT('',(56.113019034031,-0.684815999599,
    12.137471859645));
#11091 = CARTESIAN_POINT('',(56.101622840845,-0.642284827589,
    12.137471859646));
#11092 = CARTESIAN_POINT('',(56.095924744236,-0.621019241586,
    12.137471859644));
#11093 = CARTESIAN_POINT('',(56.09022664767,-0.599753655579,
    12.13747185965));
#11094 = CARTESIAN_POINT('',(56.084528551018,-0.578488069578,
    12.137471859638));
#11095 = CARTESIAN_POINT('',(56.078830454497,-0.557222483567,
    12.137471859655));
#11096 = CARTESIAN_POINT('',(56.073132357819,-0.53595689757,
    12.137471859637));
#11097 = CARTESIAN_POINT('',(56.067434261293,-0.514691311559,
    12.137471859652));
#11098 = CARTESIAN_POINT('',(56.061736164649,-0.493425725558,
    12.137471859642));
#11099 = CARTESIAN_POINT('',(56.056038068076,-0.472160139552,
    12.137471859647));
#11100 = CARTESIAN_POINT('',(56.050339971472,-0.450894553548,
    12.137471859645));
#11101 = CARTESIAN_POINT('',(56.033245681685,-0.387097795533,
    12.137471859646));
#11102 = CARTESIAN_POINT('',(56.021849488487,-0.344566623524,
    12.137471859645));
#11103 = CARTESIAN_POINT('',(56.010453295304,-0.302035451514,
    12.137471859647));
#11104 = CARTESIAN_POINT('',(55.999057102097,-0.259504279506,
    12.137471859644));
#11105 = CARTESIAN_POINT('',(55.987660908918,-0.216973107495,
    12.137471859647));
#11106 = CARTESIAN_POINT('',(55.976264715712,-0.174441935487,
    12.137471859644));
#11107 = CARTESIAN_POINT('',(55.96486852253,-0.131910763477,
    12.137471859647));
#11108 = CARTESIAN_POINT('',(55.953472329328,-8.937959146842E-02,
    12.137471859645));
#11109 = CARTESIAN_POINT('',(55.942076136141,-4.684841945858E-02,
    12.137471859646));
#11110 = CARTESIAN_POINT('',(55.930679942945,-4.317247449433E-03,
    12.137471859646));
#11111 = CARTESIAN_POINT('',(55.896491363367,0.123276268579,
    12.137471859646));
#11112 = CARTESIAN_POINT('',(55.87369897698,0.208338612597,
    12.137471859646));
#11113 = CARTESIAN_POINT('',(55.850906590594,0.293400956616,
    12.137471859646));
#11114 = CARTESIAN_POINT('',(55.82811420421,0.378463300635,
    12.137471859646));
#11115 = CARTESIAN_POINT('',(55.80532181782,0.463525644653,
    12.137471859645));
#11116 = CARTESIAN_POINT('',(55.782529431437,0.548587988672,
    12.137471859646));
#11117 = CARTESIAN_POINT('',(55.75973704505,0.633650332691,
    12.137471859646));
#11118 = CARTESIAN_POINT('',(55.736944658663,0.718712676709,
    12.137471859646));
#11119 = CARTESIAN_POINT('',(55.714152272278,0.803775020728,
    12.137471859646));
#11120 = CARTESIAN_POINT('',(55.691359885892,0.888837364747,
    12.137471859646));
#11121 = CARTESIAN_POINT('',(55.665961656691,0.983624846545,
    12.137471859646));
#11122 = CARTESIAN_POINT('',(55.663355813877,0.993349984324,
    12.137471859646));
#11123 = CARTESIAN_POINT('',(55.660749971063,1.003075122104,
    12.137471859646));
#11124 = CARTESIAN_POINT('',(55.658144128249,1.012800259883,
    12.137471859646));
#11125 = CARTESIAN_POINT('',(55.655538285434,1.022525397662,
    12.137471859646));
#11126 = CARTESIAN_POINT('',(55.65293244262,1.032250535442,
    12.137471859646));
#11127 = CARTESIAN_POINT('',(55.650326599806,1.041975673221,
    12.137471859646));
#11128 = CARTESIAN_POINT('',(55.647720756992,1.051700811,12.137471859646
    ));
#11129 = CARTESIAN_POINT('',(55.645114914177,1.06142594878,
    12.137471859646));
#11130 = CARTESIAN_POINT('',(55.642509071363,1.071151086559,
    12.137471859646));
#11131 = CARTESIAN_POINT('',(55.639903228549,1.080876224339,
    12.137471859646));
#11132 = PCURVE('',#10380,#11133);
#11133 = DEFINITIONAL_REPRESENTATION('',(#11134),#11177);
#11134 = B_SPLINE_CURVE_WITH_KNOTS('',11,(#11135,#11136,#11137,#11138,
    #11139,#11140,#11141,#11142,#11143,#11144,#11145,#11146,#11147,
    #11148,#11149,#11150,#11151,#11152,#11153,#11154,#11155,#11156,
    #11157,#11158,#11159,#11160,#11161,#11162,#11163,#11164,#11165,
    #11166,#11167,#11168,#11169,#11170,#11171,#11172,#11173,#11174,
    #11175,#11176),.UNSPECIFIED.,.F.,.F.,(12,10,10,10,12),(
    6.039754563804E-02,0.302570846822,0.544744148006,1.029090750374,
    1.997783955111),.UNSPECIFIED.);
#11135 = CARTESIAN_POINT('',(9.386103737407E-02,-1.E-16));
#11136 = CARTESIAN_POINT('',(0.123210163672,0.33189802399));
#11137 = CARTESIAN_POINT('',(0.153797199697,0.435941446578));
#11138 = CARTESIAN_POINT('',(0.184314224994,0.552871323194));
#11139 = CARTESIAN_POINT('',(0.215281182434,0.586984894819));
#11140 = CARTESIAN_POINT('',(0.24603113544,0.661041168459));
#11141 = CARTESIAN_POINT('',(0.277096003382,0.677132942352));
#11142 = CARTESIAN_POINT('',(0.30801946747,0.719252074488));
#11143 = CARTESIAN_POINT('',(0.339067648968,0.738415221861));
#11144 = CARTESIAN_POINT('',(0.370100293581,0.760438150839));
#11145 = CARTESIAN_POINT('',(0.401158662714,0.777726121802));
#11146 = CARTESIAN_POINT('',(0.463299356719,0.80789267505));
#11147 = CARTESIAN_POINT('',(0.494382749292,0.820574731877));
#11148 = CARTESIAN_POINT('',(0.525475861395,0.831467773367));
#11149 = CARTESIAN_POINT('',(0.556576452775,0.840984149071));
#11150 = CARTESIAN_POINT('',(0.587683021856,0.849400245578));
#11151 = CARTESIAN_POINT('',(0.618794531913,0.856906885925));
#11152 = CARTESIAN_POINT('',(0.649910210576,0.863646236476));
#11153 = CARTESIAN_POINT('',(0.681029422605,0.869735221264));
#11154 = CARTESIAN_POINT('',(0.712151616002,0.875275443801));
#11155 = CARTESIAN_POINT('',(0.743276341398,0.88034961635));
#11156 = CARTESIAN_POINT('',(0.836657351497,0.894314257302));
#11157 = CARTESIAN_POINT('',(0.898920315912,0.901975231098));
#11158 = CARTESIAN_POINT('',(0.961189719219,0.90845103691));
#11159 = CARTESIAN_POINT('',(1.023463928918,0.914042158829));
#11160 = CARTESIAN_POINT('',(1.085741901389,0.918940690138));
#11161 = CARTESIAN_POINT('',(1.148022949131,0.923273174701));
#11162 = CARTESIAN_POINT('',(1.210306572681,0.92713154584));
#11163 = CARTESIAN_POINT('',(1.272592357188,0.930592162611));
#11164 = CARTESIAN_POINT('',(1.334879933657,0.933722943589));
#11165 = CARTESIAN_POINT('',(1.39716900486,0.936578598057));
#11166 = CARTESIAN_POINT('',(1.584040297991,0.944394667915));
#11167 = CARTESIAN_POINT('',(1.708626381209,0.948644359171));
#11168 = CARTESIAN_POINT('',(1.833216293663,0.952189225979));
#11169 = CARTESIAN_POINT('',(1.957809020357,0.955216092291));
#11170 = CARTESIAN_POINT('',(2.082403856543,0.957854677528));
#11171 = CARTESIAN_POINT('',(2.207000341049,0.960189865637));
#11172 = CARTESIAN_POINT('',(2.33159818965,0.962273974139));
#11173 = CARTESIAN_POINT('',(2.456197228372,0.964139023188));
#11174 = CARTESIAN_POINT('',(2.580797326879,0.965809004621));
#11175 = CARTESIAN_POINT('',(2.705398331781,0.967312151014));
#11176 = CARTESIAN_POINT('',(2.83,0.968693204736));
#11177 = ( GEOMETRIC_REPRESENTATION_CONTEXT(2) 
PARAMETRIC_REPRESENTATION_CONTEXT() REPRESENTATION_CONTEXT('2D SPACE',''
  ) );
#11178 = PCURVE('',#10693,#11179);
#11179 = DEFINITIONAL_REPRESENTATION('',(#11180),#11184);
#11180 = LINE('',#11181,#11182);
#11181 = CARTESIAN_POINT('',(1.937386409473,0.));
#11182 = VECTOR('',#11183,1.);
#11183 = DIRECTION('',(0.,1.));
#11184 = ( GEOMETRIC_REPRESENTATION_CONTEXT(2) 
PARAMETRIC_REPRESENTATION_CONTEXT() REPRESENTATION_CONTEXT('2D SPACE',''
  ) );
#11185 = ADVANCED_FACE('',(#11186),#10324,.F.);
#11186 = FACE_BOUND('',#11187,.F.);
#11187 = EDGE_LOOP('',(#11188,#11189,#11227,#11248,#11249));
#11188 = ORIENTED_EDGE('',*,*,#11053,.T.);
#11189 = ORIENTED_EDGE('',*,*,#11190,.T.);
#11190 = EDGE_CURVE('',#10926,#11191,#11193,.T.);
#11191 = VERTEX_POINT('',#11192);
#11192 = CARTESIAN_POINT('',(56.258428144119,-0.96,12.2));
#11193 = SURFACE_CURVE('',#11194,(#11198,#11205),.PCURVE_S1.);
#11194 = LINE('',#11195,#11196);
#11195 = CARTESIAN_POINT('',(56.17,-0.963481055754,12.203481055754));
#11196 = VECTOR('',#11197,1.);
#11197 = DIRECTION('',(0.998453916857,3.930506273394E-02,
    -3.930506273395E-02));
#11198 = PCURVE('',#10324,#11199);
#11199 = DEFINITIONAL_REPRESENTATION('',(#11200),#11204);
#11200 = LINE('',#11201,#11202);
#11201 = CARTESIAN_POINT('',(1.,-4.922956258208E-03));
#11202 = VECTOR('',#11203,1.);
#11203 = DIRECTION('',(-0.998453916857,5.558575278826E-02));
#11204 = ( GEOMETRIC_REPRESENTATION_CONTEXT(2) 
PARAMETRIC_REPRESENTATION_CONTEXT() REPRESENTATION_CONTEXT('2D SPACE',''
  ) );
#11205 = PCURVE('',#10941,#11206);
#11206 = DEFINITIONAL_REPRESENTATION('',(#11207),#11226);
#11207 = B_SPLINE_CURVE_WITH_KNOTS('',9,(#11208,#11209,#11210,#11211,
    #11212,#11213,#11214,#11215,#11216,#11217,#11218,#11219,#11220,
    #11221,#11222,#11223,#11224,#11225),.UNSPECIFIED.,.F.,.F.,(10,8,10),
  (0.,4.428253654278E-02,8.856507308556E-02),.UNSPECIFIED.);
#11208 = CARTESIAN_POINT('',(-8.991722630134E-03,-4.372163050247E-02));
#11209 = CARTESIAN_POINT('',(-1.172637611224E-02,-4.002773353792E-02));
#11210 = CARTESIAN_POINT('',(-1.45144466988E-02,-3.644998974287E-02));
#11211 = CARTESIAN_POINT('',(-1.745547954695E-02,-3.298984605517E-02));
#11212 = CARTESIAN_POINT('',(-2.054452215289E-02,-2.963225337006E-02));
#11213 = CARTESIAN_POINT('',(-2.372554135813E-02,-2.636258669761E-02));
#11214 = CARTESIAN_POINT('',(-2.693213696914E-02,-2.317354366827E-02));
#11215 = CARTESIAN_POINT('',(-3.011555199014E-02,-2.006202138625E-02));
#11216 = CARTESIAN_POINT('',(-3.325997946941E-02,-1.701597163107E-02));
#11217 = CARTESIAN_POINT('',(-3.95103524481E-02,-1.09664971829E-02));
#11218 = CARTESIAN_POINT('',(-4.265584276379E-02,-7.925930323226E-03));
#11219 = CARTESIAN_POINT('',(-4.548474667852E-02,-5.184006659984E-03));
#11220 = CARTESIAN_POINT('',(-4.920839577511E-02,-1.540808741572E-03));
#11221 = CARTESIAN_POINT('',(-5.127236377337E-02,4.734371529844E-04));
#11222 = CARTESIAN_POINT('',(-5.539543190417E-02,4.522248371432E-03));
#11223 = CARTESIAN_POINT('',(-5.785224028845E-02,6.93105982278E-03));
#11224 = CARTESIAN_POINT('',(-6.120848104311E-02,1.024143656386E-02));
#11225 = CARTESIAN_POINT('',(-6.433712314283E-02,1.333267572622E-02));
#11226 = ( GEOMETRIC_REPRESENTATION_CONTEXT(2) 
PARAMETRIC_REPRESENTATION_CONTEXT() REPRESENTATION_CONTEXT('2D SPACE',''
  ) );
#11227 = ORIENTED_EDGE('',*,*,#11228,.F.);
#11228 = EDGE_CURVE('',#10880,#11191,#11229,.T.);
#11229 = SURFACE_CURVE('',#11230,(#11234,#11241),.PCURVE_S1.);
#11230 = LINE('',#11231,#11232);
#11231 = CARTESIAN_POINT('',(57.17,-0.96,12.2));
#11232 = VECTOR('',#11233,1.);
#11233 = DIRECTION('',(-1.,0.,0.));
#11234 = PCURVE('',#10324,#11235);
#11235 = DEFINITIONAL_REPRESENTATION('',(#11236),#11240);
#11236 = LINE('',#11237,#11238);
#11237 = CARTESIAN_POINT('',(0.,0.));
#11238 = VECTOR('',#11239,1.);
#11239 = DIRECTION('',(1.,0.));
#11240 = ( GEOMETRIC_REPRESENTATION_CONTEXT(2) 
PARAMETRIC_REPRESENTATION_CONTEXT() REPRESENTATION_CONTEXT('2D SPACE',''
  ) );
#11241 = PCURVE('',#10531,#11242);
#11242 = DEFINITIONAL_REPRESENTATION('',(#11243),#11247);
#11243 = LINE('',#11244,#11245);
#11244 = CARTESIAN_POINT('',(0.965925826289,-0.758819045103));
#11245 = VECTOR('',#11246,1.);
#11246 = DIRECTION('',(0.,1.));
#11247 = ( GEOMETRIC_REPRESENTATION_CONTEXT(2) 
PARAMETRIC_REPRESENTATION_CONTEXT() REPRESENTATION_CONTEXT('2D SPACE',''
  ) );
#11248 = ORIENTED_EDGE('',*,*,#10879,.F.);
#11249 = ORIENTED_EDGE('',*,*,#10308,.T.);
#11250 = ADVANCED_FACE('',(#11251),#10531,.F.);
#11251 = FACE_BOUND('',#11252,.F.);
#11252 = EDGE_LOOP('',(#11253,#11254,#11255,#11256,#11302));
#11253 = ORIENTED_EDGE('',*,*,#10515,.T.);
#11254 = ORIENTED_EDGE('',*,*,#10900,.T.);
#11255 = ORIENTED_EDGE('',*,*,#11228,.T.);
#11256 = ORIENTED_EDGE('',*,*,#11257,.T.);
#11257 = EDGE_CURVE('',#11191,#11258,#11260,.T.);
#11258 = VERTEX_POINT('',#11259);
#11259 = CARTESIAN_POINT('',(56.216755656327,-0.884943719291,12.2));
#11260 = SURFACE_CURVE('',#11261,(#11272,#11286),.PCURVE_S1.);
#11261 = B_SPLINE_CURVE_WITH_KNOTS('',9,(#11262,#11263,#11264,#11265,
    #11266,#11267,#11268,#11269,#11270,#11271),.UNSPECIFIED.,.F.,.F.,(10
    ,10),(0.,1.),.PIECEWISE_BEZIER_KNOTS.);
#11262 = CARTESIAN_POINT('',(56.258428144119,-0.96,12.2));
#11263 = CARTESIAN_POINT('',(56.247945890261,-0.96,12.2));
#11264 = CARTESIAN_POINT('',(56.237470525381,-0.955767485032,12.2));
#11265 = CARTESIAN_POINT('',(56.228910882934,-0.947343534946,12.2));
#11266 = CARTESIAN_POINT('',(56.224312406572,-0.936688177039,12.2));
#11267 = CARTESIAN_POINT('',(56.222177053262,-0.926485668108,12.2));
#11268 = CARTESIAN_POINT('',(56.221121747896,-0.915996882442,12.2));
#11269 = CARTESIAN_POINT('',(56.2206484738,-0.905613899042,12.2));
#11270 = CARTESIAN_POINT('',(56.219468243944,-0.895067234099,12.2));
#11271 = CARTESIAN_POINT('',(56.216755656327,-0.884943719291,12.2));
#11272 = PCURVE('',#10531,#11273);
#11273 = DEFINITIONAL_REPRESENTATION('',(#11274),#11285);
#11274 = B_SPLINE_CURVE_WITH_KNOTS('',9,(#11275,#11276,#11277,#11278,
    #11279,#11280,#11281,#11282,#11283,#11284),.UNSPECIFIED.,.F.,.F.,(10
    ,10),(0.,1.),.PIECEWISE_BEZIER_KNOTS.);
#11275 = CARTESIAN_POINT('',(0.965925826289,0.152752810778));
#11276 = CARTESIAN_POINT('',(0.965925826289,0.163235064637));
#11277 = CARTESIAN_POINT('',(0.961693311321,0.173710429516));
#11278 = CARTESIAN_POINT('',(0.953269361235,0.182270071963));
#11279 = CARTESIAN_POINT('',(0.942614003328,0.186868548326));
#11280 = CARTESIAN_POINT('',(0.932411494397,0.189003901636));
#11281 = CARTESIAN_POINT('',(0.921922708731,0.190059207002));
#11282 = CARTESIAN_POINT('',(0.911539725331,0.190532481098));
#11283 = CARTESIAN_POINT('',(0.900993060388,0.191712710954));
#11284 = CARTESIAN_POINT('',(0.89086954558,0.194425298571));
#11285 = ( GEOMETRIC_REPRESENTATION_CONTEXT(2) 
PARAMETRIC_REPRESENTATION_CONTEXT() REPRESENTATION_CONTEXT('2D SPACE',''
  ) );
#11286 = PCURVE('',#10941,#11287);
#11287 = DEFINITIONAL_REPRESENTATION('',(#11288),#11301);
#11288 = B_SPLINE_CURVE_WITH_KNOTS('',11,(#11289,#11290,#11291,#11292,
    #11293,#11294,#11295,#11296,#11297,#11298,#11299,#11300),
  .UNSPECIFIED.,.F.,.F.,(12,12),(0.,1.),.PIECEWISE_BEZIER_KNOTS.);
#11289 = CARTESIAN_POINT('',(-6.433712314283E-02,1.333267572622E-02));
#11290 = CARTESIAN_POINT('',(-5.86129697339E-02,8.215750510362E-03));
#11291 = CARTESIAN_POINT('',(-5.071207153743E-02,4.885577256673E-03));
#11292 = CARTESIAN_POINT('',(-4.3620651956E-02,5.017751199356E-03));
#11293 = CARTESIAN_POINT('',(-3.079695270246E-02,5.796818539266E-03));
#11294 = CARTESIAN_POINT('',(-2.928196089414E-02,1.317348870102E-02));
#11295 = CARTESIAN_POINT('',(-1.699314115227E-02,1.579581374492E-02));
#11296 = CARTESIAN_POINT('',(-1.546680545227E-02,2.381303643285E-02));
#11297 = CARTESIAN_POINT('',(-8.799758509935E-03,2.918568204688E-02));
#11298 = CARTESIAN_POINT('',(-3.619138324088E-03,3.584976017853E-02));
#11299 = CARTESIAN_POINT('',(2.634264978357E-03,4.206803285794E-02));
#11300 = CARTESIAN_POINT('',(9.721164032028E-03,4.678239712714E-02));
#11301 = ( GEOMETRIC_REPRESENTATION_CONTEXT(2) 
PARAMETRIC_REPRESENTATION_CONTEXT() REPRESENTATION_CONTEXT('2D SPACE',''
  ) );
#11302 = ORIENTED_EDGE('',*,*,#11303,.T.);
#11303 = EDGE_CURVE('',#11258,#10516,#11304,.T.);
#11304 = SURFACE_CURVE('',#11305,(#11358,#11414),.PCURVE_S1.);
#11305 = B_SPLINE_CURVE_WITH_KNOTS('',11,(#11306,#11307,#11308,#11309,
    #11310,#11311,#11312,#11313,#11314,#11315,#11316,#11317,#11318,
    #11319,#11320,#11321,#11322,#11323,#11324,#11325,#11326,#11327,
    #11328,#11329,#11330,#11331,#11332,#11333,#11334,#11335,#11336,
    #11337,#11338,#11339,#11340,#11341,#11342,#11343,#11344,#11345,
    #11346,#11347,#11348,#11349,#11350,#11351,#11352,#11353,#11354,
    #11355,#11356,#11357),.UNSPECIFIED.,.F.,.F.,(12,10,10,10,10,12),(
    6.039754563804E-02,0.302570846822,0.544744148006,1.029090750374,
    1.997783955111,2.108534193547),.UNSPECIFIED.);
#11306 = CARTESIAN_POINT('',(56.216755656327,-0.884943719291,12.2));
#11307 = CARTESIAN_POINT('',(56.211057559738,-0.863678133286,
    12.200000000002));
#11308 = CARTESIAN_POINT('',(56.205359463099,-0.842412547285,
    12.199999999993));
#11309 = CARTESIAN_POINT('',(56.199661366619,-0.821146961272,
    12.200000000018));
#11310 = CARTESIAN_POINT('',(56.193963269805,-0.799881375282,
    12.199999999971));
#11311 = CARTESIAN_POINT('',(56.188265173511,-0.778615789256,
    12.200000000036));
#11312 = CARTESIAN_POINT('',(56.182567076592,-0.757350203275,
    12.199999999967));
#11313 = CARTESIAN_POINT('',(56.176868980261,-0.736084617251,
    12.200000000024));
#11314 = CARTESIAN_POINT('',(56.171170883496,-0.714819031258,
    12.199999999987));
#11315 = CARTESIAN_POINT('',(56.165472786979,-0.693553445248,
    12.200000000005));
#11316 = CARTESIAN_POINT('',(56.159774690357,-0.672287859245,
    12.199999999999));
#11317 = CARTESIAN_POINT('',(56.148378497171,-0.629756687235,
    12.200000000001));
#11318 = CARTESIAN_POINT('',(56.142680400562,-0.608491101231,
    12.199999999998));
#11319 = CARTESIAN_POINT('',(56.136982303996,-0.587225515224,
    12.200000000005));
#11320 = CARTESIAN_POINT('',(56.131284207345,-0.565959929224,
    12.199999999993));
#11321 = CARTESIAN_POINT('',(56.125586110824,-0.544694343214,
    12.200000000009));
#11322 = CARTESIAN_POINT('',(56.119888014145,-0.523428757215,
    12.199999999991));
#11323 = CARTESIAN_POINT('',(56.114189917619,-0.502163171205,
    12.200000000007));
#11324 = CARTESIAN_POINT('',(56.108491820976,-0.480897585204,
    12.199999999996));
#11325 = CARTESIAN_POINT('',(56.102793724403,-0.459631999197,
    12.200000000001));
#11326 = CARTESIAN_POINT('',(56.097095627798,-0.438366413193,12.2));
#11327 = CARTESIAN_POINT('',(56.080001338011,-0.374569655179,12.2));
#11328 = CARTESIAN_POINT('',(56.068605144813,-0.33203848317,
    12.199999999999));
#11329 = CARTESIAN_POINT('',(56.05720895163,-0.28950731116,
    12.200000000001));
#11330 = CARTESIAN_POINT('',(56.045812758423,-0.246976139152,
    12.199999999998));
#11331 = CARTESIAN_POINT('',(56.034416565245,-0.204444967141,
    12.200000000002));
#11332 = CARTESIAN_POINT('',(56.023020372039,-0.161913795133,
    12.199999999999));
#11333 = CARTESIAN_POINT('',(56.011624178856,-0.119382623123,
    12.200000000001));
#11334 = CARTESIAN_POINT('',(56.000227985655,-7.685145111402E-02,
    12.199999999999));
#11335 = CARTESIAN_POINT('',(55.988831792467,-3.432027910434E-02,12.2));
#11336 = CARTESIAN_POINT('',(55.977435599272,8.210892904862E-03,12.2));
#11337 = CARTESIAN_POINT('',(55.943247019694,0.135804408933,12.2));
#11338 = CARTESIAN_POINT('',(55.920454633307,0.220866752952,12.2));
#11339 = CARTESIAN_POINT('',(55.897662246921,0.30592909697,12.2));
#11340 = CARTESIAN_POINT('',(55.874869860536,0.390991440989,12.2));
#11341 = CARTESIAN_POINT('',(55.852077474147,0.476053785007,12.2));
#11342 = CARTESIAN_POINT('',(55.829285087764,0.561116129027,12.2));
#11343 = CARTESIAN_POINT('',(55.806492701377,0.646178473045,12.2));
#11344 = CARTESIAN_POINT('',(55.78370031499,0.731240817064,12.2));
#11345 = CARTESIAN_POINT('',(55.760907928605,0.816303161083,12.2));
#11346 = CARTESIAN_POINT('',(55.738115542218,0.901365505101,12.2));
#11347 = CARTESIAN_POINT('',(55.712717313018,0.996152986899,12.2));
#11348 = CARTESIAN_POINT('',(55.710111470204,1.005878124679,12.2));
#11349 = CARTESIAN_POINT('',(55.707505627389,1.015603262458,12.2));
#11350 = CARTESIAN_POINT('',(55.704899784575,1.025328400237,12.2));
#11351 = CARTESIAN_POINT('',(55.702293941761,1.035053538017,12.2));
#11352 = CARTESIAN_POINT('',(55.699688098947,1.044778675796,12.2));
#11353 = CARTESIAN_POINT('',(55.697082256132,1.054503813575,12.2));
#11354 = CARTESIAN_POINT('',(55.694476413318,1.064228951355,12.2));
#11355 = CARTESIAN_POINT('',(55.691870570504,1.073954089134,12.2));
#11356 = CARTESIAN_POINT('',(55.68926472769,1.083679226914,12.2));
#11357 = CARTESIAN_POINT('',(55.686658884875,1.093404364693,12.2));
#11358 = PCURVE('',#10531,#11359);
#11359 = DEFINITIONAL_REPRESENTATION('',(#11360),#11413);
#11360 = B_SPLINE_CURVE_WITH_KNOTS('',11,(#11361,#11362,#11363,#11364,
    #11365,#11366,#11367,#11368,#11369,#11370,#11371,#11372,#11373,
    #11374,#11375,#11376,#11377,#11378,#11379,#11380,#11381,#11382,
    #11383,#11384,#11385,#11386,#11387,#11388,#11389,#11390,#11391,
    #11392,#11393,#11394,#11395,#11396,#11397,#11398,#11399,#11400,
    #11401,#11402,#11403,#11404,#11405,#11406,#11407,#11408,#11409,
    #11410,#11411,#11412),.UNSPECIFIED.,.F.,.F.,(12,10,10,10,10,12),(
    6.039754563804E-02,0.302570846822,0.544744148006,1.029090750374,
    1.997783955111,2.108534193547),.UNSPECIFIED.);
#11361 = CARTESIAN_POINT('',(0.89086954558,0.194425298571));
#11362 = CARTESIAN_POINT('',(0.869603959575,0.200123395159));
#11363 = CARTESIAN_POINT('',(0.848338373574,0.205821491798));
#11364 = CARTESIAN_POINT('',(0.827072787561,0.211519588279));
#11365 = CARTESIAN_POINT('',(0.805807201572,0.217217685093));
#11366 = CARTESIAN_POINT('',(0.784541615545,0.222915781387));
#11367 = CARTESIAN_POINT('',(0.763276029564,0.228613878305));
#11368 = CARTESIAN_POINT('',(0.74201044354,0.234311974637));
#11369 = CARTESIAN_POINT('',(0.720744857547,0.240010071401));
#11370 = CARTESIAN_POINT('',(0.699479271537,0.245708167918));
#11371 = CARTESIAN_POINT('',(0.678213685534,0.25140626454));
#11372 = CARTESIAN_POINT('',(0.635682513524,0.262802457726));
#11373 = CARTESIAN_POINT('',(0.61441692752,0.268500554335));
#11374 = CARTESIAN_POINT('',(0.593151341514,0.274198650901));
#11375 = CARTESIAN_POINT('',(0.571885755513,0.279896747553));
#11376 = CARTESIAN_POINT('',(0.550620169503,0.285594844074));
#11377 = CARTESIAN_POINT('',(0.529354583504,0.291292940752));
#11378 = CARTESIAN_POINT('',(0.508088997494,0.296991037278));
#11379 = CARTESIAN_POINT('',(0.486823411493,0.302689133922));
#11380 = CARTESIAN_POINT('',(0.465557825487,0.308387230495));
#11381 = CARTESIAN_POINT('',(0.444292239482,0.314085327099));
#11382 = CARTESIAN_POINT('',(0.380495481468,0.331179616886));
#11383 = CARTESIAN_POINT('',(0.337964309459,0.342575810084));
#11384 = CARTESIAN_POINT('',(0.295433137449,0.353972003267));
#11385 = CARTESIAN_POINT('',(0.252901965441,0.365368196474));
#11386 = CARTESIAN_POINT('',(0.210370793431,0.376764389653));
#11387 = CARTESIAN_POINT('',(0.167839621422,0.388160582859));
#11388 = CARTESIAN_POINT('',(0.125308449412,0.399556776041));
#11389 = CARTESIAN_POINT('',(8.277727740309E-02,0.410952969242));
#11390 = CARTESIAN_POINT('',(4.024610539341E-02,0.42234916243));
#11391 = CARTESIAN_POINT('',(-2.285066615795E-03,0.433745355625));
#11392 = CARTESIAN_POINT('',(-0.129878582644,0.467933935204));
#11393 = CARTESIAN_POINT('',(-0.214940926663,0.490726321591));
#11394 = CARTESIAN_POINT('',(-0.300003270681,0.513518707976));
#11395 = CARTESIAN_POINT('',(-0.3850656147,0.536311094361));
#11396 = CARTESIAN_POINT('',(-0.470127958718,0.55910348075));
#11397 = CARTESIAN_POINT('',(-0.555190302737,0.581895867134));
#11398 = CARTESIAN_POINT('',(-0.640252646756,0.604688253521));
#11399 = CARTESIAN_POINT('',(-0.725314990775,0.627480639908));
#11400 = CARTESIAN_POINT('',(-0.810377334793,0.650273026293));
#11401 = CARTESIAN_POINT('',(-0.895439678812,0.673065412679));
#11402 = CARTESIAN_POINT('',(-0.99022716061,0.69846364188));
#11403 = CARTESIAN_POINT('',(-0.99995229839,0.701069484694));
#11404 = CARTESIAN_POINT('',(-1.009677436169,0.703675327508));
#11405 = CARTESIAN_POINT('',(-1.019402573948,0.706281170322));
#11406 = CARTESIAN_POINT('',(-1.029127711728,0.708887013137));
#11407 = CARTESIAN_POINT('',(-1.038852849507,0.711492855951));
#11408 = CARTESIAN_POINT('',(-1.048577987286,0.714098698765));
#11409 = CARTESIAN_POINT('',(-1.058303125066,0.716704541579));
#11410 = CARTESIAN_POINT('',(-1.068028262845,0.719310384394));
#11411 = CARTESIAN_POINT('',(-1.077753400624,0.721916227208));
#11412 = CARTESIAN_POINT('',(-1.087478538404,0.724522070022));
#11413 = ( GEOMETRIC_REPRESENTATION_CONTEXT(2) 
PARAMETRIC_REPRESENTATION_CONTEXT() REPRESENTATION_CONTEXT('2D SPACE',''
  ) );
#11414 = PCURVE('',#10693,#11415);
#11415 = DEFINITIONAL_REPRESENTATION('',(#11416),#11420);
#11416 = LINE('',#11417,#11418);
#11417 = CARTESIAN_POINT('',(0.,0.));
#11418 = VECTOR('',#11419,1.);
#11419 = DIRECTION('',(0.,1.));
#11420 = ( GEOMETRIC_REPRESENTATION_CONTEXT(2) 
PARAMETRIC_REPRESENTATION_CONTEXT() REPRESENTATION_CONTEXT('2D SPACE',''
  ) );
#11421 = ADVANCED_FACE('',(#11422),#10693,.F.);
#11422 = FACE_BOUND('',#11423,.F.);
#11423 = EDGE_LOOP('',(#11424,#11463,#11464,#11465));
#11424 = ORIENTED_EDGE('',*,*,#11425,.T.);
#11425 = EDGE_CURVE('',#11258,#10337,#11426,.T.);
#11426 = SURFACE_CURVE('',#11427,(#11435,#11447),.PCURVE_S1.);
#11427 = B_SPLINE_CURVE_WITH_KNOTS('',6,(#11428,#11429,#11430,#11431,
    #11432,#11433,#11434),.UNSPECIFIED.,.F.,.F.,(7,7),(0.,1.937386409473
    ),.PIECEWISE_BEZIER_KNOTS.);
#11428 = CARTESIAN_POINT('',(56.216755656327,-0.884943719291,12.2));
#11429 = CARTESIAN_POINT('',(56.20402560121,-0.888354727279,12.2));
#11430 = CARTESIAN_POINT('',(56.189567462095,-0.892228773979,
    12.195988087567));
#11431 = CARTESIAN_POINT('',(56.173448146077,-0.896547931689,
    12.184708376979));
#11432 = CARTESIAN_POINT('',(56.166939241713,-0.898291987357,
    12.165726496752));
#11433 = CARTESIAN_POINT('',(56.166810321656,-0.898326531382,
    12.150230573023));
#11434 = CARTESIAN_POINT('',(56.17,-0.897471859646,12.137471859646));
#11435 = PCURVE('',#10693,#11436);
#11436 = DEFINITIONAL_REPRESENTATION('',(#11437),#11446);
#11437 = B_SPLINE_CURVE_WITH_KNOTS('',7,(#11438,#11439,#11440,#11441,
    #11442,#11443,#11444,#11445),.UNSPECIFIED.,.F.,.F.,(8,8),(0.,
    1.937386409473),.PIECEWISE_BEZIER_KNOTS.);
#11438 = CARTESIAN_POINT('',(1.1E-16,6.039754563804E-02));
#11439 = CARTESIAN_POINT('',(0.276769487066,6.039754563804E-02));
#11440 = CARTESIAN_POINT('',(0.549066105894,6.039754563804E-02));
#11441 = CARTESIAN_POINT('',(0.841683876732,6.039754563804E-02));
#11442 = CARTESIAN_POINT('',(1.095702532739,6.039754563804E-02));
#11443 = CARTESIAN_POINT('',(1.388320303583,6.039754563804E-02));
#11444 = CARTESIAN_POINT('',(1.660616922405,6.039754563804E-02));
#11445 = CARTESIAN_POINT('',(1.937386409473,6.039754563804E-02));
#11446 = ( GEOMETRIC_REPRESENTATION_CONTEXT(2) 
PARAMETRIC_REPRESENTATION_CONTEXT() REPRESENTATION_CONTEXT('2D SPACE',''
  ) );
#11447 = PCURVE('',#10941,#11448);
#11448 = DEFINITIONAL_REPRESENTATION('',(#11449),#11462);
#11449 = B_SPLINE_CURVE_WITH_KNOTS('',6,(#11450,#11451,#11452,#11453,
    #11454,#11455,#11456,#11457,#11458,#11459,#11460,#11461),
  .UNSPECIFIED.,.F.,.F.,(7,5,7),(0.,0.968693204736,1.937386409473),
  .UNSPECIFIED.);
#11450 = CARTESIAN_POINT('',(9.72116403202E-03,4.678239712715E-02));
#11451 = CARTESIAN_POINT('',(1.300641008925E-02,4.159603478352E-02));
#11452 = CARTESIAN_POINT('',(1.690436505612E-02,3.600343290533E-02));
#11453 = CARTESIAN_POINT('',(2.123174067519E-02,2.989187611108E-02));
#11454 = CARTESIAN_POINT('',(2.703334269392E-02,2.319138803962E-02));
#11455 = CARTESIAN_POINT('',(3.199573838407E-02,1.777888136081E-02));
#11456 = CARTESIAN_POINT('',(4.13771097372E-02,8.406687812946E-03));
#11457 = CARTESIAN_POINT('',(4.570309583626E-02,4.534511535702E-03));
#11458 = CARTESIAN_POINT('',(4.980823516519E-02,1.47841168689E-03));
#11459 = CARTESIAN_POINT('',(5.371214316613E-02,-6.780809335935E-04));
#11460 = CARTESIAN_POINT('',(5.73641059125E-02,-1.933631006581E-03));
#11461 = CARTESIAN_POINT('',(6.069698810552E-02,-2.532669042502E-03));
#11462 = ( GEOMETRIC_REPRESENTATION_CONTEXT(2) 
PARAMETRIC_REPRESENTATION_CONTEXT() REPRESENTATION_CONTEXT('2D SPACE',''
  ) );
#11463 = ORIENTED_EDGE('',*,*,#11077,.T.);
#11464 = ORIENTED_EDGE('',*,*,#10603,.F.);
#11465 = ORIENTED_EDGE('',*,*,#11303,.F.);
#11466 = ADVANCED_FACE('',(#11467),#10941,.F.);
#11467 = FACE_BOUND('',#11468,.F.);
#11468 = EDGE_LOOP('',(#11469,#11470,#11471,#11472));
#11469 = ORIENTED_EDGE('',*,*,#11425,.F.);
#11470 = ORIENTED_EDGE('',*,*,#11257,.F.);
#11471 = ORIENTED_EDGE('',*,*,#11190,.F.);
#11472 = ORIENTED_EDGE('',*,*,#10925,.F.);
#11473 = MANIFOLD_SOLID_BREP('',#11474);
#11474 = CLOSED_SHELL('',(#11475,#11722,#11803,#12108,#12154,#12305,
    #12419,#12484,#12655,#12700));
#11475 = ADVANCED_FACE('',(#11476),#11490,.T.);
#11476 = FACE_BOUND('',#11477,.F.);
#11477 = EDGE_LOOP('',(#11478,#11513,#11541,#11569,#11597,#11625));
#11478 = ORIENTED_EDGE('',*,*,#11479,.T.);
#11479 = EDGE_CURVE('',#11480,#11482,#11484,.T.);
#11480 = VERTEX_POINT('',#11481);
#11481 = CARTESIAN_POINT('',(56.236961289243,3.942744372826,
    10.202729444904));
#11482 = VERTEX_POINT('',#11483);
#11483 = CARTESIAN_POINT('',(57.169662956744,3.942744372826,
    10.202729444904));
#11484 = SURFACE_CURVE('',#11485,(#11489,#11501),.PCURVE_S1.);
#11485 = LINE('',#11486,#11487);
#11486 = CARTESIAN_POINT('',(56.169662956744,3.942744372826,
    10.202729444904));
#11487 = VECTOR('',#11488,1.);
#11488 = DIRECTION('',(1.,0.,0.));
#11489 = PCURVE('',#11490,#11495);
#11490 = PLANE('',#11491);
#11491 = AXIS2_PLACEMENT_3D('',#11492,#11493,#11494);
#11492 = CARTESIAN_POINT('',(56.669662956744,4.943300468205,
    11.203285540283));
#11493 = DIRECTION('',(0.,0.707106781187,-0.707106781187));
#11494 = DIRECTION('',(0.,0.707106781187,0.707106781187));
#11495 = DEFINITIONAL_REPRESENTATION('',(#11496),#11500);
#11496 = LINE('',#11497,#11498);
#11497 = CARTESIAN_POINT('',(-1.415,-0.5));
#11498 = VECTOR('',#11499,1.);
#11499 = DIRECTION('',(-0.,1.));
#11500 = ( GEOMETRIC_REPRESENTATION_CONTEXT(2) 
PARAMETRIC_REPRESENTATION_CONTEXT() REPRESENTATION_CONTEXT('2D SPACE',''
  ) );
#11501 = PCURVE('',#11502,#11507);
#11502 = B_SPLINE_SURFACE_WITH_KNOTS('',1,1,(
    (#11503,#11504)
    ,(#11505,#11506
    )),.UNSPECIFIED.,.F.,.F.,.F.,(2,2),(2,2),(0.,1.),(0.,1.),
  .PIECEWISE_BEZIER_KNOTS.);
#11503 = CARTESIAN_POINT('',(56.169662956744,3.942744372826,
    10.202729444904));
#11504 = CARTESIAN_POINT('',(55.652024866539,4.008163275343,12.2));
#11505 = CARTESIAN_POINT('',(57.169662956744,3.942744372826,
    10.202729444904));
#11506 = CARTESIAN_POINT('',(56.652024866539,4.008163275343,12.2));
#11507 = DEFINITIONAL_REPRESENTATION('',(#11508),#11512);
#11508 = LINE('',#11509,#11510);
#11509 = CARTESIAN_POINT('',(0.,0.));
#11510 = VECTOR('',#11511,1.);
#11511 = DIRECTION('',(1.,0.));
#11512 = ( GEOMETRIC_REPRESENTATION_CONTEXT(2) 
PARAMETRIC_REPRESENTATION_CONTEXT() REPRESENTATION_CONTEXT('2D SPACE',''
  ) );
#11513 = ORIENTED_EDGE('',*,*,#11514,.T.);
#11514 = EDGE_CURVE('',#11482,#11515,#11517,.T.);
#11515 = VERTEX_POINT('',#11516);
#11516 = CARTESIAN_POINT('',(57.169662956744,5.943856563584,
    12.203841635662));
#11517 = SURFACE_CURVE('',#11518,(#11522,#11529),.PCURVE_S1.);
#11518 = LINE('',#11519,#11520);
#11519 = CARTESIAN_POINT('',(57.169662956744,3.942744372826,
    10.202729444904));
#11520 = VECTOR('',#11521,1.);
#11521 = DIRECTION('',(0.,0.707106781187,0.707106781187));
#11522 = PCURVE('',#11490,#11523);
#11523 = DEFINITIONAL_REPRESENTATION('',(#11524),#11528);
#11524 = LINE('',#11525,#11526);
#11525 = CARTESIAN_POINT('',(-1.415,0.5));
#11526 = VECTOR('',#11527,1.);
#11527 = DIRECTION('',(1.,-0.));
#11528 = ( GEOMETRIC_REPRESENTATION_CONTEXT(2) 
PARAMETRIC_REPRESENTATION_CONTEXT() REPRESENTATION_CONTEXT('2D SPACE',''
  ) );
#11529 = PCURVE('',#11530,#11535);
#11530 = B_SPLINE_SURFACE_WITH_KNOTS('',1,1,(
    (#11531,#11532)
    ,(#11533,#11534
    )),.UNSPECIFIED.,.F.,.F.,.F.,(2,2),(2,2),(0.,2.83),(0.,1.),
  .PIECEWISE_BEZIER_KNOTS.);
#11531 = CARTESIAN_POINT('',(57.169662956744,3.942744372826,
    10.202729444904));
#11532 = CARTESIAN_POINT('',(56.652024866539,4.008163275343,12.2));
#11533 = CARTESIAN_POINT('',(57.169662956744,5.943856563584,
    12.203841635662));
#11534 = CARTESIAN_POINT('',(57.169662956744,5.940014927922,12.2));
#11535 = DEFINITIONAL_REPRESENTATION('',(#11536),#11540);
#11536 = LINE('',#11537,#11538);
#11537 = CARTESIAN_POINT('',(0.,0.));
#11538 = VECTOR('',#11539,1.);
#11539 = DIRECTION('',(1.,0.));
#11540 = ( GEOMETRIC_REPRESENTATION_CONTEXT(2) 
PARAMETRIC_REPRESENTATION_CONTEXT() REPRESENTATION_CONTEXT('2D SPACE',''
  ) );
#11541 = ORIENTED_EDGE('',*,*,#11542,.T.);
#11542 = EDGE_CURVE('',#11515,#11543,#11545,.T.);
#11543 = VERTEX_POINT('',#11544);
#11544 = CARTESIAN_POINT('',(56.169662956744,5.943856563584,
    12.203841635662));
#11545 = SURFACE_CURVE('',#11546,(#11550,#11557),.PCURVE_S1.);
#11546 = LINE('',#11547,#11548);
#11547 = CARTESIAN_POINT('',(57.169662956744,5.943856563584,
    12.203841635662));
#11548 = VECTOR('',#11549,1.);
#11549 = DIRECTION('',(-1.,-0.,-0.));
#11550 = PCURVE('',#11490,#11551);
#11551 = DEFINITIONAL_REPRESENTATION('',(#11552),#11556);
#11552 = LINE('',#11553,#11554);
#11553 = CARTESIAN_POINT('',(1.415,0.5));
#11554 = VECTOR('',#11555,1.);
#11555 = DIRECTION('',(-0.,-1.));
#11556 = ( GEOMETRIC_REPRESENTATION_CONTEXT(2) 
PARAMETRIC_REPRESENTATION_CONTEXT() REPRESENTATION_CONTEXT('2D SPACE',''
  ) );
#11557 = PCURVE('',#11558,#11563);
#11558 = PLANE('',#11559);
#11559 = AXIS2_PLACEMENT_3D('',#11560,#11561,#11562);
#11560 = CARTESIAN_POINT('',(57.169662956744,5.940014927922,12.2));
#11561 = DIRECTION('',(0.,0.707106781187,-0.707106781186));
#11562 = DIRECTION('',(1.,0.,0.));
#11563 = DEFINITIONAL_REPRESENTATION('',(#11564),#11568);
#11564 = LINE('',#11565,#11566);
#11565 = CARTESIAN_POINT('',(-0.,-5.432893255073E-03));
#11566 = VECTOR('',#11567,1.);
#11567 = DIRECTION('',(-1.,0.));
#11568 = ( GEOMETRIC_REPRESENTATION_CONTEXT(2) 
PARAMETRIC_REPRESENTATION_CONTEXT() REPRESENTATION_CONTEXT('2D SPACE',''
  ) );
#11569 = ORIENTED_EDGE('',*,*,#11570,.T.);
#11570 = EDGE_CURVE('',#11543,#11571,#11573,.T.);
#11571 = VERTEX_POINT('',#11572);
#11572 = CARTESIAN_POINT('',(56.169662956744,5.877486787567,
    12.137471859646));
#11573 = SURFACE_CURVE('',#11574,(#11578,#11585),.PCURVE_S1.);
#11574 = LINE('',#11575,#11576);
#11575 = CARTESIAN_POINT('',(56.169662956744,5.943856563584,
    12.203841635662));
#11576 = VECTOR('',#11577,1.);
#11577 = DIRECTION('',(-0.,-0.707106781187,-0.707106781187));
#11578 = PCURVE('',#11490,#11579);
#11579 = DEFINITIONAL_REPRESENTATION('',(#11580),#11584);
#11580 = LINE('',#11581,#11582);
#11581 = CARTESIAN_POINT('',(1.415,-0.5));
#11582 = VECTOR('',#11583,1.);
#11583 = DIRECTION('',(-1.,0.));
#11584 = ( GEOMETRIC_REPRESENTATION_CONTEXT(2) 
PARAMETRIC_REPRESENTATION_CONTEXT() REPRESENTATION_CONTEXT('2D SPACE',''
  ) );
#11585 = PCURVE('',#11586,#11591);
#11586 = B_SPLINE_SURFACE_WITH_KNOTS('',1,1,(
    (#11587,#11588)
    ,(#11589,#11590
    )),.UNSPECIFIED.,.F.,.F.,.F.,(2,2),(2,2),(0.,2.83),(0.,1.),
  .PIECEWISE_BEZIER_KNOTS.);
#11587 = CARTESIAN_POINT('',(56.169662956744,5.943856563584,
    12.203841635662));
#11588 = CARTESIAN_POINT('',(56.169662956744,5.940014927922,12.2));
#11589 = CARTESIAN_POINT('',(56.169662956744,3.942744372826,
    10.202729444904));
#11590 = CARTESIAN_POINT('',(55.652024866539,4.008163275343,12.2));
#11591 = DEFINITIONAL_REPRESENTATION('',(#11592),#11596);
#11592 = LINE('',#11593,#11594);
#11593 = CARTESIAN_POINT('',(0.,0.));
#11594 = VECTOR('',#11595,1.);
#11595 = DIRECTION('',(1.,0.));
#11596 = ( GEOMETRIC_REPRESENTATION_CONTEXT(2) 
PARAMETRIC_REPRESENTATION_CONTEXT() REPRESENTATION_CONTEXT('2D SPACE',''
  ) );
#11597 = ORIENTED_EDGE('',*,*,#11598,.T.);
#11598 = EDGE_CURVE('',#11571,#11599,#11601,.T.);
#11599 = VERTEX_POINT('',#11600);
#11600 = CARTESIAN_POINT('',(56.169662956744,4.007841889385,
    10.267826961463));
#11601 = SURFACE_CURVE('',#11602,(#11606,#11613),.PCURVE_S1.);
#11602 = LINE('',#11603,#11604);
#11603 = CARTESIAN_POINT('',(56.169662956744,5.943856563584,
    12.203841635662));
#11604 = VECTOR('',#11605,1.);
#11605 = DIRECTION('',(-0.,-0.707106781187,-0.707106781187));
#11606 = PCURVE('',#11490,#11607);
#11607 = DEFINITIONAL_REPRESENTATION('',(#11608),#11612);
#11608 = LINE('',#11609,#11610);
#11609 = CARTESIAN_POINT('',(1.415,-0.5));
#11610 = VECTOR('',#11611,1.);
#11611 = DIRECTION('',(-1.,0.));
#11612 = ( GEOMETRIC_REPRESENTATION_CONTEXT(2) 
PARAMETRIC_REPRESENTATION_CONTEXT() REPRESENTATION_CONTEXT('2D SPACE',''
  ) );
#11613 = PCURVE('',#11614,#11619);
#11614 = B_SPLINE_SURFACE_WITH_KNOTS('',1,1,(
    (#11615,#11616)
    ,(#11617,#11618
    )),.UNSPECIFIED.,.F.,.F.,.F.,(2,2),(2,2),(0.,2.83),(0.,1.),
  .PIECEWISE_BEZIER_KNOTS.);
#11615 = CARTESIAN_POINT('',(56.169662956744,5.943856563584,
    12.203841635662));
#11616 = CARTESIAN_POINT('',(56.169662956744,5.940014927922,12.2));
#11617 = CARTESIAN_POINT('',(56.169662956744,3.942744372826,
    10.202729444904));
#11618 = CARTESIAN_POINT('',(55.652024866539,4.008163275343,12.2));
#11619 = DEFINITIONAL_REPRESENTATION('',(#11620),#11624);
#11620 = LINE('',#11621,#11622);
#11621 = CARTESIAN_POINT('',(0.,0.));
#11622 = VECTOR('',#11623,1.);
#11623 = DIRECTION('',(1.,0.));
#11624 = ( GEOMETRIC_REPRESENTATION_CONTEXT(2) 
PARAMETRIC_REPRESENTATION_CONTEXT() REPRESENTATION_CONTEXT('2D SPACE',''
  ) );
#11625 = ORIENTED_EDGE('',*,*,#11626,.F.);
#11626 = EDGE_CURVE('',#11480,#11599,#11627,.T.);
#11627 = SURFACE_CURVE('',#11628,(#11649,#11673),.PCURVE_S1.);
#11628 = B_SPLINE_CURVE_WITH_KNOTS('',7,(#11629,#11630,#11631,#11632,
    #11633,#11634,#11635,#11636,#11637,#11638,#11639,#11640,#11641,
    #11642,#11643,#11644,#11645,#11646,#11647,#11648),.UNSPECIFIED.,.F.,
  .F.,(8,6,6,8),(0.,0.227676312727,0.667861037333,1.),.UNSPECIFIED.);
#11629 = CARTESIAN_POINT('',(56.236961289243,3.942744372826,
    10.202729444904));
#11630 = CARTESIAN_POINT('',(56.234290986442,3.94274437303,
    10.202729445108));
#11631 = CARTESIAN_POINT('',(56.231498481773,3.942905664548,
    10.202890736626));
#11632 = CARTESIAN_POINT('',(56.228592203063,3.943245417236,
    10.203230489314));
#11633 = CARTESIAN_POINT('',(56.225585774542,3.943780034174,
    10.203765106252));
#11634 = CARTESIAN_POINT('',(56.222497870395,3.944523399098,
    10.204508471176));
#11635 = CARTESIAN_POINT('',(56.219352068314,3.945485123833,
    10.205470195912));
#11636 = CARTESIAN_POINT('',(56.210037516837,3.948957282743,
    10.208942354821));
#11637 = CARTESIAN_POINT('',(56.203787367347,3.95207563716,
    10.212060709238));
#11638 = CARTESIAN_POINT('',(56.197628541072,3.956048758841,
    10.216033830919));
#11639 = CARTESIAN_POINT('',(56.191817391282,3.960825516733,
    10.220810588811));
#11640 = CARTESIAN_POINT('',(56.186626875008,3.966219054878,
    10.226204126957));
#11641 = CARTESIAN_POINT('',(56.182213502062,3.971982595109,
    10.231967667188));
#11642 = CARTESIAN_POINT('',(56.175940139593,3.982347935686,
    10.242333007765));
#11643 = CARTESIAN_POINT('',(56.173719103784,3.986887621243,
    10.246872693321));
#11644 = CARTESIAN_POINT('',(56.172001413038,3.991411785685,
    10.251396857764));
#11645 = CARTESIAN_POINT('',(56.170779120739,3.995828073147,
    10.255813145225));
#11646 = CARTESIAN_POINT('',(56.170016939192,4.000065488775,
    10.260050560853));
#11647 = CARTESIAN_POINT('',(56.169662957051,4.004078898688,
    10.264063970767));
#11648 = CARTESIAN_POINT('',(56.169662956744,4.007841889385,
    10.267826961463));
#11649 = PCURVE('',#11490,#11650);
#11650 = DEFINITIONAL_REPRESENTATION('',(#11651),#11672);
#11651 = B_SPLINE_CURVE_WITH_KNOTS('',7,(#11652,#11653,#11654,#11655,
    #11656,#11657,#11658,#11659,#11660,#11661,#11662,#11663,#11664,
    #11665,#11666,#11667,#11668,#11669,#11670,#11671),.UNSPECIFIED.,.F.,
  .F.,(8,6,6,8),(0.,0.227676312727,0.667861037333,1.),.UNSPECIFIED.);
#11652 = CARTESIAN_POINT('',(-1.415,-0.432701667501));
#11653 = CARTESIAN_POINT('',(-1.414999999711,-0.435371970302));
#11654 = CARTESIAN_POINT('',(-1.414771899059,-0.438164474971));
#11655 = CARTESIAN_POINT('',(-1.4142914162,-0.441070753681));
#11656 = CARTESIAN_POINT('',(-1.413535353676,-0.444077182202));
#11657 = CARTESIAN_POINT('',(-1.412484076918,-0.447165086349));
#11658 = CARTESIAN_POINT('',(-1.411123992754,-0.45031088843));
#11659 = CARTESIAN_POINT('',(-1.406213618533,-0.459625439907));
#11660 = CARTESIAN_POINT('',(-1.401803599424,-0.465875589397));
#11661 = CARTESIAN_POINT('',(-1.396184756859,-0.472034415672));
#11662 = CARTESIAN_POINT('',(-1.389429401063,-0.477845565462));
#11663 = CARTESIAN_POINT('',(-1.381801786269,-0.483036081736));
#11664 = CARTESIAN_POINT('',(-1.373650909507,-0.487449454682));
#11665 = CARTESIAN_POINT('',(-1.358992104284,-0.493722817151));
#11666 = CARTESIAN_POINT('',(-1.352572019401,-0.495943852959));
#11667 = CARTESIAN_POINT('',(-1.346173884688,-0.497661543706));
#11668 = CARTESIAN_POINT('',(-1.339928311065,-0.498883836005));
#11669 = CARTESIAN_POINT('',(-1.333935700415,-0.499646017552));
#11670 = CARTESIAN_POINT('',(-1.328259881683,-0.499999999693));
#11671 = CARTESIAN_POINT('',(-1.322938209205,-0.5));
#11672 = ( GEOMETRIC_REPRESENTATION_CONTEXT(2) 
PARAMETRIC_REPRESENTATION_CONTEXT() REPRESENTATION_CONTEXT('2D SPACE',''
  ) );
#11673 = PCURVE('',#11674,#11699);
#11674 = ( BOUNDED_SURFACE() B_SPLINE_SURFACE(2,3,(
    (#11675,#11676,#11677,#11678,#11679,#11680,#11681,#11682)
    ,(#11683,#11684,#11685,#11686,#11687,#11688,#11689,#11690)
    ,(#11691,#11692,#11693,#11694,#11695,#11696,#11697,#11698
)),.UNSPECIFIED.,.F.,.F.,.F.) B_SPLINE_SURFACE_WITH_KNOTS((3,3),(4,2,2,4
    ),(0.,2.0789364524),(-0.130577003782,-1.68755731658E-02,
    2.062060879234,2.17576230985),.UNSPECIFIED.) 
GEOMETRIC_REPRESENTATION_ITEM() RATIONAL_B_SPLINE_SURFACE((
    (1.,1.,1.,1.,1.,1.,1.,1.)
    ,(0.608838614793,0.608838614793,0.608838614793,0.608838614793
      ,0.608838614793,0.608838614793,0.608838614793,0.608838614793)
,(1.,1.,1.,1.,1.,1.,1.,1.))) REPRESENTATION_ITEM('') SURFACE() );
#11675 = CARTESIAN_POINT('',(56.265472795252,3.939141099675,
    10.09271978273));
#11676 = CARTESIAN_POINT('',(56.255968959915,3.940342190725,
    10.129389670121));
#11677 = CARTESIAN_POINT('',(56.246465124579,3.941543281775,
    10.166059557513));
#11678 = CARTESIAN_POINT('',(56.063191534448,3.964705327525,
    10.873207953318));
#11679 = CARTESIAN_POINT('',(55.889421779653,3.986666282224,
    11.543686461732));
#11680 = CARTESIAN_POINT('',(55.706148189521,4.009828327973,
    12.250834857537));
#11681 = CARTESIAN_POINT('',(55.696644354185,4.011029419023,
    12.287504744928));
#11682 = CARTESIAN_POINT('',(55.687140518849,4.012230510073,
    12.32417463232));
#11683 = CARTESIAN_POINT('',(56.202406142188,3.938606301657,
    10.076392142058));
#11684 = CARTESIAN_POINT('',(56.192902306852,3.939807392708,
    10.113062029449));
#11685 = CARTESIAN_POINT('',(56.183398471515,3.941008483758,
    10.149731916841));
#11686 = CARTESIAN_POINT('',(56.000124881384,3.964170529507,
    10.856880312646));
#11687 = CARTESIAN_POINT('',(55.826355126589,3.986131484206,
    11.52735882106));
#11688 = CARTESIAN_POINT('',(55.643081536457,4.009293529955,
    12.234507216865));
#11689 = CARTESIAN_POINT('',(55.633577701121,4.010494621006,
    12.271177104256));
#11690 = CARTESIAN_POINT('',(55.624073865785,4.011695712056,
    12.307846991648));
#11691 = CARTESIAN_POINT('',(56.218717138925,4.00164244073,
    10.078554812584));
#11692 = CARTESIAN_POINT('',(56.209213303589,4.00284353178,
    10.115224699976));
#11693 = CARTESIAN_POINT('',(56.199709468253,4.00404462283,
    10.151894587367));
#11694 = CARTESIAN_POINT('',(56.016435878121,4.027206668579,
    10.859042983173));
#11695 = CARTESIAN_POINT('',(55.842666123326,4.049167623278,
    11.529521491586));
#11696 = CARTESIAN_POINT('',(55.659392533195,4.072329669028,
    12.236669887392));
#11697 = CARTESIAN_POINT('',(55.649888697858,4.073530760078,
    12.273339774783));
#11698 = CARTESIAN_POINT('',(55.640384862522,4.074731851128,
    12.310009662175));
#11699 = DEFINITIONAL_REPRESENTATION('',(#11700),#11721);
#11700 = B_SPLINE_CURVE_WITH_KNOTS('',7,(#11701,#11702,#11703,#11704,
    #11705,#11706,#11707,#11708,#11709,#11710,#11711,#11712,#11713,
    #11714,#11715,#11716,#11717,#11718,#11719,#11720),.UNSPECIFIED.,.F.,
  .F.,(8,6,6,8),(0.,0.227676312727,0.667861037333,1.),.UNSPECIFIED.);
#11701 = CARTESIAN_POINT('',(0.,-1.687557316579E-02));
#11702 = CARTESIAN_POINT('',(6.774312268669E-02,-1.620597404883E-02));
#11703 = CARTESIAN_POINT('',(0.135479761508,-1.534456609685E-02));
#11704 = CARTESIAN_POINT('',(0.203207946867,-1.427630616025E-02));
#11705 = CARTESIAN_POINT('',(0.270925691718,-1.298822030573E-02));
#11706 = CARTESIAN_POINT('',(0.338631041704,-1.147111829774E-02));
#11707 = CARTESIAN_POINT('',(0.406322125297,-9.721308079795E-03));
#11708 = CARTESIAN_POINT('',(0.604838816307,-3.916156354937E-03));
#11709 = CARTESIAN_POINT('',(0.735623318069,7.670439404802E-04));
#11710 = CARTESIAN_POINT('',(0.866334039894,6.281446226138E-03));
#11711 = CARTESIAN_POINT('',(0.996972947792,1.251167669744E-02));
#11712 = CARTESIAN_POINT('',(1.127565389869,1.920257875806E-02));
#11713 = CARTESIAN_POINT('',(1.258141926719,2.606832027583E-02));
#11714 = CARTESIAN_POINT('',(1.487264870949,3.799868714063E-02));
#11715 = CARTESIAN_POINT('',(1.585807285394,4.309178116947E-02));
#11716 = CARTESIAN_POINT('',(1.684369257656,4.804314852869E-02));
#11717 = CARTESIAN_POINT('',(1.7829603353,5.276249790748E-02));
#11718 = CARTESIAN_POINT('',(1.8815856309,5.718773837032E-02));
#11719 = CARTESIAN_POINT('',(1.980245411824,6.128678833288E-02));
#11720 = CARTESIAN_POINT('',(2.0789364524,6.504685032217E-02));
#11721 = ( GEOMETRIC_REPRESENTATION_CONTEXT(2) 
PARAMETRIC_REPRESENTATION_CONTEXT() REPRESENTATION_CONTEXT('2D SPACE',''
  ) );
#11722 = ADVANCED_FACE('',(#11723),#11502,.T.);
#11723 = FACE_BOUND('',#11724,.T.);
#11724 = EDGE_LOOP('',(#11725,#11726,#11748,#11776));
#11725 = ORIENTED_EDGE('',*,*,#11479,.T.);
#11726 = ORIENTED_EDGE('',*,*,#11727,.T.);
#11727 = EDGE_CURVE('',#11482,#11728,#11730,.T.);
#11728 = VERTEX_POINT('',#11729);
#11729 = CARTESIAN_POINT('',(56.652024866539,4.008163275343,12.2));
#11730 = SURFACE_CURVE('',#11731,(#11734,#11741),.PCURVE_S1.);
#11731 = B_SPLINE_CURVE_WITH_KNOTS('',1,(#11732,#11733),.UNSPECIFIED.,
  .F.,.F.,(2,2),(0.,1.),.PIECEWISE_BEZIER_KNOTS.);
#11732 = CARTESIAN_POINT('',(57.169662956744,3.942744372826,
    10.202729444904));
#11733 = CARTESIAN_POINT('',(56.652024866539,4.008163275343,12.2));
#11734 = PCURVE('',#11502,#11735);
#11735 = DEFINITIONAL_REPRESENTATION('',(#11736),#11740);
#11736 = LINE('',#11737,#11738);
#11737 = CARTESIAN_POINT('',(1.,0.));
#11738 = VECTOR('',#11739,1.);
#11739 = DIRECTION('',(0.,1.));
#11740 = ( GEOMETRIC_REPRESENTATION_CONTEXT(2) 
PARAMETRIC_REPRESENTATION_CONTEXT() REPRESENTATION_CONTEXT('2D SPACE',''
  ) );
#11741 = PCURVE('',#11530,#11742);
#11742 = DEFINITIONAL_REPRESENTATION('',(#11743),#11747);
#11743 = LINE('',#11744,#11745);
#11744 = CARTESIAN_POINT('',(0.,0.));
#11745 = VECTOR('',#11746,1.);
#11746 = DIRECTION('',(0.,1.));
#11747 = ( GEOMETRIC_REPRESENTATION_CONTEXT(2) 
PARAMETRIC_REPRESENTATION_CONTEXT() REPRESENTATION_CONTEXT('2D SPACE',''
  ) );
#11748 = ORIENTED_EDGE('',*,*,#11749,.F.);
#11749 = EDGE_CURVE('',#11750,#11728,#11752,.T.);
#11750 = VERTEX_POINT('',#11751);
#11751 = CARTESIAN_POINT('',(55.719323199038,4.008163275343,12.2));
#11752 = SURFACE_CURVE('',#11753,(#11757,#11764),.PCURVE_S1.);
#11753 = LINE('',#11754,#11755);
#11754 = CARTESIAN_POINT('',(55.652024866539,4.008163275343,12.2));
#11755 = VECTOR('',#11756,1.);
#11756 = DIRECTION('',(1.,0.,0.));
#11757 = PCURVE('',#11502,#11758);
#11758 = DEFINITIONAL_REPRESENTATION('',(#11759),#11763);
#11759 = LINE('',#11760,#11761);
#11760 = CARTESIAN_POINT('',(0.,1.));
#11761 = VECTOR('',#11762,1.);
#11762 = DIRECTION('',(1.,0.));
#11763 = ( GEOMETRIC_REPRESENTATION_CONTEXT(2) 
PARAMETRIC_REPRESENTATION_CONTEXT() REPRESENTATION_CONTEXT('2D SPACE',''
  ) );
#11764 = PCURVE('',#11765,#11770);
#11765 = PLANE('',#11766);
#11766 = AXIS2_PLACEMENT_3D('',#11767,#11768,#11769);
#11767 = CARTESIAN_POINT('',(56.410843911641,4.974089101632,12.2));
#11768 = DIRECTION('',(0.,0.,-1.));
#11769 = DIRECTION('',(-0.,-1.,-0.));
#11770 = DEFINITIONAL_REPRESENTATION('',(#11771),#11775);
#11771 = LINE('',#11772,#11773);
#11772 = CARTESIAN_POINT('',(0.965925826289,0.758819045103));
#11773 = VECTOR('',#11774,1.);
#11774 = DIRECTION('',(-0.,-1.));
#11775 = ( GEOMETRIC_REPRESENTATION_CONTEXT(2) 
PARAMETRIC_REPRESENTATION_CONTEXT() REPRESENTATION_CONTEXT('2D SPACE',''
  ) );
#11776 = ORIENTED_EDGE('',*,*,#11777,.F.);
#11777 = EDGE_CURVE('',#11480,#11750,#11778,.T.);
#11778 = SURFACE_CURVE('',#11779,(#11788,#11796),.PCURVE_S1.);
#11779 = B_SPLINE_CURVE_WITH_KNOTS('',3,(#11780,#11781,#11782,#11783,
    #11784,#11785,#11786,#11787),.UNSPECIFIED.,.F.,.F.,(4,2,2,4),(
    -0.130577003782,-1.68755731658E-02,2.062060879234,2.17576230985),
  .UNSPECIFIED.);
#11780 = CARTESIAN_POINT('',(56.265472795252,3.939141099675,
    10.09271978273));
#11781 = CARTESIAN_POINT('',(56.255968959915,3.940342190725,
    10.129389670121));
#11782 = CARTESIAN_POINT('',(56.246465124579,3.941543281775,
    10.166059557513));
#11783 = CARTESIAN_POINT('',(56.063191534448,3.964705327525,
    10.873207953318));
#11784 = CARTESIAN_POINT('',(55.889421779653,3.986666282224,
    11.543686461732));
#11785 = CARTESIAN_POINT('',(55.706148189521,4.009828327973,
    12.250834857537));
#11786 = CARTESIAN_POINT('',(55.696644354185,4.011029419023,
    12.287504744928));
#11787 = CARTESIAN_POINT('',(55.687140518849,4.012230510073,
    12.32417463232));
#11788 = PCURVE('',#11502,#11789);
#11789 = DEFINITIONAL_REPRESENTATION('',(#11790),#11795);
#11790 = B_SPLINE_CURVE_WITH_KNOTS('',3,(#11791,#11792,#11793,#11794),
  .UNSPECIFIED.,.F.,.F.,(4,4),(-1.68755731658E-02,2.062060879234),
  .PIECEWISE_BEZIER_KNOTS.);
#11791 = CARTESIAN_POINT('',(6.729833249921E-02,-4.4E-16));
#11792 = CARTESIAN_POINT('',(6.729833249921E-02,0.335697387969));
#11793 = CARTESIAN_POINT('',(6.729833249922E-02,0.671394775939));
#11794 = CARTESIAN_POINT('',(6.729833249922E-02,1.007092163908));
#11795 = ( GEOMETRIC_REPRESENTATION_CONTEXT(2) 
PARAMETRIC_REPRESENTATION_CONTEXT() REPRESENTATION_CONTEXT('2D SPACE',''
  ) );
#11796 = PCURVE('',#11674,#11797);
#11797 = DEFINITIONAL_REPRESENTATION('',(#11798),#11802);
#11798 = LINE('',#11799,#11800);
#11799 = CARTESIAN_POINT('',(0.,0.));
#11800 = VECTOR('',#11801,1.);
#11801 = DIRECTION('',(0.,1.));
#11802 = ( GEOMETRIC_REPRESENTATION_CONTEXT(2) 
PARAMETRIC_REPRESENTATION_CONTEXT() REPRESENTATION_CONTEXT('2D SPACE',''
  ) );
#11803 = ADVANCED_FACE('',(#11804),#11674,.F.);
#11804 = FACE_BOUND('',#11805,.F.);
#11805 = EDGE_LOOP('',(#11806,#11807,#11836,#12107));
#11806 = ORIENTED_EDGE('',*,*,#11626,.T.);
#11807 = ORIENTED_EDGE('',*,*,#11808,.T.);
#11808 = EDGE_CURVE('',#11599,#11809,#11811,.T.);
#11809 = VERTEX_POINT('',#11810);
#11810 = CARTESIAN_POINT('',(55.685101958241,4.06908052179,
    12.137471859646));
#11811 = SURFACE_CURVE('',#11812,(#11821,#11828),.PCURVE_S1.);
#11812 = B_SPLINE_CURVE_WITH_KNOTS('',3,(#11813,#11814,#11815,#11816,
    #11817,#11818,#11819,#11820),.UNSPECIFIED.,.F.,.F.,(4,2,2,4),(
    -0.130577003782,-1.68755731658E-02,2.062060879234,2.17576230985),
  .UNSPECIFIED.);
#11813 = CARTESIAN_POINT('',(56.218717138925,4.00164244073,
    10.078554812584));
#11814 = CARTESIAN_POINT('',(56.209213303589,4.00284353178,
    10.115224699976));
#11815 = CARTESIAN_POINT('',(56.199709468253,4.00404462283,
    10.151894587367));
#11816 = CARTESIAN_POINT('',(56.016435878121,4.027206668579,
    10.859042983173));
#11817 = CARTESIAN_POINT('',(55.842666123326,4.049167623278,
    11.529521491586));
#11818 = CARTESIAN_POINT('',(55.659392533195,4.072329669028,
    12.236669887392));
#11819 = CARTESIAN_POINT('',(55.649888697858,4.073530760078,
    12.273339774783));
#11820 = CARTESIAN_POINT('',(55.640384862522,4.074731851128,
    12.310009662175));
#11821 = PCURVE('',#11674,#11822);
#11822 = DEFINITIONAL_REPRESENTATION('',(#11823),#11827);
#11823 = LINE('',#11824,#11825);
#11824 = CARTESIAN_POINT('',(2.0789364524,0.));
#11825 = VECTOR('',#11826,1.);
#11826 = DIRECTION('',(0.,1.));
#11827 = ( GEOMETRIC_REPRESENTATION_CONTEXT(2) 
PARAMETRIC_REPRESENTATION_CONTEXT() REPRESENTATION_CONTEXT('2D SPACE',''
  ) );
#11828 = PCURVE('',#11614,#11829);
#11829 = DEFINITIONAL_REPRESENTATION('',(#11830),#11835);
#11830 = B_SPLINE_CURVE_WITH_KNOTS('',3,(#11831,#11832,#11833,#11834),
  .UNSPECIFIED.,.F.,.F.,(4,4),(-1.68755731658E-02,2.062060879234),
  .PIECEWISE_BEZIER_KNOTS.);
#11831 = CARTESIAN_POINT('',(2.737945458277,-4.101969595595E-02));
#11832 = CARTESIAN_POINT('',(2.737884143633,0.30596351));
#11833 = CARTESIAN_POINT('',(2.73782270235,0.65297002539));
#11834 = CARTESIAN_POINT('',(2.737761133617,1.));
#11835 = ( GEOMETRIC_REPRESENTATION_CONTEXT(2) 
PARAMETRIC_REPRESENTATION_CONTEXT() REPRESENTATION_CONTEXT('2D SPACE',''
  ) );
#11836 = ORIENTED_EDGE('',*,*,#11837,.F.);
#11837 = EDGE_CURVE('',#11750,#11809,#11838,.T.);
#11838 = SURFACE_CURVE('',#11839,(#11860,#11926),.PCURVE_S1.);
#11839 = B_SPLINE_CURVE_WITH_KNOTS('',7,(#11840,#11841,#11842,#11843,
    #11844,#11845,#11846,#11847,#11848,#11849,#11850,#11851,#11852,
    #11853,#11854,#11855,#11856,#11857,#11858,#11859),.UNSPECIFIED.,.F.,
  .F.,(8,6,6,8),(0.,0.341220146506,0.865167807554,1.),.UNSPECIFIED.);
#11840 = CARTESIAN_POINT('',(55.718892259211,4.008165016506,12.2));
#11841 = CARTESIAN_POINT('',(55.714902929675,4.008197252817,12.2));
#11842 = CARTESIAN_POINT('',(55.710827940313,4.008567791948,
    12.199651891335));
#11843 = CARTESIAN_POINT('',(55.706725926493,4.009329019819,
    12.198901170599));
#11844 = CARTESIAN_POINT('',(55.702675924537,4.010531258201,
    12.197695292735));
#11845 = CARTESIAN_POINT('',(55.698777584134,4.012207176871,
    12.195999741829));
#11846 = CARTESIAN_POINT('',(55.69513923416,4.014360788115,
    12.193809478245));
#11847 = CARTESIAN_POINT('',(55.686808980923,4.020953716622,
    12.187080948946));
#11848 = CARTESIAN_POINT('',(55.682597046893,4.025999753476,
    12.18191309859));
#11849 = CARTESIAN_POINT('',(55.67955080619,4.03198935654,
    12.175762629315));
#11850 = CARTESIAN_POINT('',(55.67794846823,4.038634235092,
    12.168924478253));
#11851 = CARTESIAN_POINT('',(55.677754279075,4.045454098185,
    12.161894168933));
#11852 = CARTESIAN_POINT('',(55.678728953137,4.052116088047,
    12.155016903072));
#11853 = CARTESIAN_POINT('',(55.681095705557,4.060016284538,
    12.146851329788));
#11854 = CARTESIAN_POINT('',(55.681640216507,4.061608157611,
    12.145205427622));
#11855 = CARTESIAN_POINT('',(55.682240204677,4.063171256801,
    12.143588725229));
#11856 = CARTESIAN_POINT('',(55.682891028591,4.064702406438,
    12.142004532282));
#11857 = CARTESIAN_POINT('',(55.68358803681,4.06619897228,
    12.140455610604));
#11858 = CARTESIAN_POINT('',(55.684326567936,4.067658861513,
    12.138944174165));
#11859 = CARTESIAN_POINT('',(55.685101950612,4.069080522754,
    12.137471889084));
#11860 = PCURVE('',#11674,#11861);
#11861 = DEFINITIONAL_REPRESENTATION('',(#11862),#11925);
#11862 = B_SPLINE_CURVE_WITH_KNOTS('',11,(#11863,#11864,#11865,#11866,
    #11867,#11868,#11869,#11870,#11871,#11872,#11873,#11874,#11875,
    #11876,#11877,#11878,#11879,#11880,#11881,#11882,#11883,#11884,
    #11885,#11886,#11887,#11888,#11889,#11890,#11891,#11892,#11893,
    #11894,#11895,#11896,#11897,#11898,#11899,#11900,#11901,#11902,
    #11903,#11904,#11905,#11906,#11907,#11908,#11909,#11910,#11911,
    #11912,#11913,#11914,#11915,#11916,#11917,#11918,#11919,#11920,
    #11921,#11922,#11923,#11924),.UNSPECIFIED.,.F.,.F.,(12,10,10,10,10,
    10,12),(0.,0.125,0.25,0.5,0.75,0.875,1.),.UNSPECIFIED.);
#11863 = CARTESIAN_POINT('',(3.E-17,2.047525025357));
#11864 = CARTESIAN_POINT('',(2.358621708401E-02,2.047759363507));
#11865 = CARTESIAN_POINT('',(6.216375057409E-02,2.04814446018));
#11866 = CARTESIAN_POINT('',(0.143689828691,2.048752323146));
#11867 = CARTESIAN_POINT('',(-2.384329387322E-02,2.047310783526));
#11868 = CARTESIAN_POINT('',(0.254711011482,2.049826299824));
#11869 = CARTESIAN_POINT('',(7.421723068182E-02,2.047897247919));
#11870 = CARTESIAN_POINT('',(0.207275743722,2.049251224842));
#11871 = CARTESIAN_POINT('',(0.189962649007,2.048846454377));
#11872 = CARTESIAN_POINT('',(0.223598247355,2.04906155203));
#11873 = CARTESIAN_POINT('',(0.245877962319,2.049103256668));
#11874 = CARTESIAN_POINT('',(0.292896032077,2.04917829211));
#11875 = CARTESIAN_POINT('',(0.31639913782,2.049193673293));
#11876 = CARTESIAN_POINT('',(0.339895689342,2.049186484859));
#11877 = CARTESIAN_POINT('',(0.363385061559,2.049156293734));
#11878 = CARTESIAN_POINT('',(0.386866629383,2.049102666838));
#11879 = CARTESIAN_POINT('',(0.410339767731,2.049025171097));
#11880 = CARTESIAN_POINT('',(0.433803851516,2.048923373432));
#11881 = CARTESIAN_POINT('',(0.457258255655,2.048796840769));
#11882 = CARTESIAN_POINT('',(0.48070235506,2.048645140029));
#11883 = CARTESIAN_POINT('',(0.504135524646,2.048467838136));
#11884 = CARTESIAN_POINT('',(0.574400368696,2.047857829767));
#11885 = CARTESIAN_POINT('',(0.621208811891,2.047342265946));
#11886 = CARTESIAN_POINT('',(0.66798790109,2.046719496226));
#11887 = CARTESIAN_POINT('',(0.714743068467,2.045991206285));
#11888 = CARTESIAN_POINT('',(0.761479746197,2.045159081796));
#11889 = CARTESIAN_POINT('',(0.808203366456,2.04422480844));
#11890 = CARTESIAN_POINT('',(0.854919361416,2.043190071886));
#11891 = CARTESIAN_POINT('',(0.901633163255,2.042056557818));
#11892 = CARTESIAN_POINT('',(0.948350204145,2.040825951907));
#11893 = CARTESIAN_POINT('',(0.995075916263,2.03949993983));
#11894 = CARTESIAN_POINT('',(1.088555547302,2.0366604747));
#11895 = CARTESIAN_POINT('',(1.135308140226,2.035150299018));
#11896 = CARTESIAN_POINT('',(1.182073908444,2.033557486635));
#11897 = CARTESIAN_POINT('',(1.228853249847,2.031889843959));
#11898 = CARTESIAN_POINT('',(1.275646562321,2.030155177408));
#11899 = CARTESIAN_POINT('',(1.32245424376,2.028361293386));
#11900 = CARTESIAN_POINT('',(1.369276692049,2.026515998316));
#11901 = CARTESIAN_POINT('',(1.41611430508,2.024627098601));
#11902 = CARTESIAN_POINT('',(1.462967480741,2.02270240066));
#11903 = CARTESIAN_POINT('',(1.509836616923,2.020749710902));
#11904 = CARTESIAN_POINT('',(1.58016485881,2.017790398159));
#11905 = CARTESIAN_POINT('',(1.603611528981,2.016799366888));
#11906 = CARTESIAN_POINT('',(1.627062057809,2.015804655722));
#11907 = CARTESIAN_POINT('',(1.650516381071,2.014807178456));
#11908 = CARTESIAN_POINT('',(1.673974434551,2.01380784889));
#11909 = CARTESIAN_POINT('',(1.697436154024,2.012807580815));
#11910 = CARTESIAN_POINT('',(1.720901475275,2.011807288032));
#11911 = CARTESIAN_POINT('',(1.744370334081,2.010807884333));
#11912 = CARTESIAN_POINT('',(1.767842666223,2.009810283517));
#11913 = CARTESIAN_POINT('',(1.79131840748,2.008815399378));
#11914 = CARTESIAN_POINT('',(1.838276579787,2.006832892048));
#11915 = CARTESIAN_POINT('',(1.861604217649,2.005850015342));
#11916 = CARTESIAN_POINT('',(1.886632164375,2.004811223013));
#11917 = CARTESIAN_POINT('',(1.903368474919,2.004089797658));
#11918 = CARTESIAN_POINT('',(1.941278745192,2.00254936532));
#11919 = CARTESIAN_POINT('',(1.953189478028,2.002051491114));
#11920 = CARTESIAN_POINT('',(1.965829398517,2.001513884224));
#11921 = CARTESIAN_POINT('',(2.020050300839,1.999335164356));
#11922 = CARTESIAN_POINT('',(2.023795751387,1.999189057762));
#11923 = CARTESIAN_POINT('',(2.044559951836,1.998357445189));
#11924 = CARTESIAN_POINT('',(2.068026531008,1.997430769439));
#11925 = ( GEOMETRIC_REPRESENTATION_CONTEXT(2) 
PARAMETRIC_REPRESENTATION_CONTEXT() REPRESENTATION_CONTEXT('2D SPACE',''
  ) );
#11926 = PCURVE('',#11927,#12084);
#11927 = ( BOUNDED_SURFACE() B_SPLINE_SURFACE(2,11,(
    (#11928,#11929,#11930,#11931,#11932,#11933,#11934,#11935,#11936
      ,#11937,#11938,#11939,#11940,#11941,#11942,#11943,#11944,#11945
      ,#11946,#11947,#11948,#11949,#11950,#11951,#11952,#11953,#11954
      ,#11955,#11956,#11957,#11958,#11959,#11960,#11961,#11962,#11963
      ,#11964,#11965,#11966,#11967,#11968,#11969,#11970,#11971,#11972
      ,#11973,#11974,#11975,#11976,#11977,#11978,#11979)
    ,(#11980,#11981,#11982,#11983,#11984,#11985,#11986,#11987,#11988
      ,#11989,#11990,#11991,#11992,#11993,#11994,#11995,#11996,#11997
      ,#11998,#11999,#12000,#12001,#12002,#12003,#12004,#12005,#12006
      ,#12007,#12008,#12009,#12010,#12011,#12012,#12013,#12014,#12015
      ,#12016,#12017,#12018,#12019,#12020,#12021,#12022,#12023,#12024
      ,#12025,#12026,#12027,#12028,#12029,#12030,#12031)
    ,(#12032,#12033,#12034,#12035,#12036,#12037,#12038,#12039,#12040
      ,#12041,#12042,#12043,#12044,#12045,#12046,#12047,#12048,#12049
      ,#12050,#12051,#12052,#12053,#12054,#12055,#12056,#12057,#12058
      ,#12059,#12060,#12061,#12062,#12063,#12064,#12065,#12066,#12067
      ,#12068,#12069,#12070,#12071,#12072,#12073,#12074,#12075,#12076
      ,#12077,#12078,#12079,#12080,#12081,#12082,#12083
)),.UNSPECIFIED.,.F.,.F.,.F.) B_SPLINE_SURFACE_WITH_KNOTS((3,3),(12,10,
    10,10,10,12),(0.,1.937386409473),(6.039754563804E-02,0.302570846822,
    0.544744148006,1.029090750374,1.997783955111,2.108534193547),
.UNSPECIFIED.) GEOMETRIC_REPRESENTATION_ITEM() RATIONAL_B_SPLINE_SURFACE
((
    (1.,1.,1.,1.,1.,1.,1.,1.,1.,1.,1.,1.,1.,1.,1.,1.,1.,1.,1.,1.,1.,1.
      ,1.,1.,1.,1.,1.,1.,1.,1.,1.,1.,1.,1.,1.,1.,1.,1.,1.,1.,1.,1.,1.,1.
      ,1.,1.,1.,1.,1.,1.,1.,1.)
    ,(0.612142627545,0.612142627545,0.612142627544,0.612142627546
      ,0.612142627543,0.612142627547,0.612142627543,0.612142627546
      ,0.612142627544,0.612142627545,0.612142627545,0.612142627545
      ,0.612142627544,0.612142627545,0.612142627544,0.612142627545
      ,0.612142627544,0.612142627545,0.612142627544,0.612142627545
      ,0.612142627545,0.612142627545,0.612142627545,0.612142627545
      ,0.612142627545,0.612142627545,0.612142627545,0.612142627544
      ,0.612142627545,0.612142627545,0.612142627545,0.612142627545
      ,0.612142627545,0.612142627544,0.612142627545,0.612142627544
      ,0.612142627545,0.612142627544,0.612142627545,0.612142627545
      ,0.612142627545,0.612142627545,0.612142627545,0.612142627545
      ,0.612142627545,0.612142627545,0.612142627545,0.612142627545
      ,0.612142627545,0.612142627545,0.612142627545,0.612142627545)
    ,(1.,1.,1.,1.,1.,1.,1.,1.,1.,1.,1.,1.,1.,1.,1.,1.,1.,1.,1.,1.,1.,1.
      ,1.,1.,1.,1.,1.,1.,1.,1.,1.,1.,1.,1.,1.,1.,1.,1.,1.,1.,1.,1.,1.,1.
,1.,1.,1.,1.,1.,1.,1.,1.))) REPRESENTATION_ITEM('') SURFACE() );
#11928 = CARTESIAN_POINT('',(56.21641861307,5.864958647213,12.2));
#11929 = CARTESIAN_POINT('',(56.210720516482,5.843693061208,
    12.200000000002));
#11930 = CARTESIAN_POINT('',(56.205022419843,5.822427475206,
    12.199999999993));
#11931 = CARTESIAN_POINT('',(56.199324323363,5.801161889193,
    12.200000000018));
#11932 = CARTESIAN_POINT('',(56.193626226549,5.779896303204,
    12.199999999971));
#11933 = CARTESIAN_POINT('',(56.187928130254,5.758630717178,
    12.200000000036));
#11934 = CARTESIAN_POINT('',(56.182230033336,5.737365131196,
    12.199999999967));
#11935 = CARTESIAN_POINT('',(56.176531937005,5.716099545172,
    12.200000000024));
#11936 = CARTESIAN_POINT('',(56.17083384024,5.69483395918,
    12.199999999987));
#11937 = CARTESIAN_POINT('',(56.165135743723,5.673568373169,
    12.200000000005));
#11938 = CARTESIAN_POINT('',(56.159437647101,5.652302787167,
    12.199999999999));
#11939 = CARTESIAN_POINT('',(56.148041453915,5.609771615157,
    12.200000000001));
#11940 = CARTESIAN_POINT('',(56.142343357306,5.588506029153,
    12.199999999998));
#11941 = CARTESIAN_POINT('',(56.13664526074,5.567240443146,
    12.200000000005));
#11942 = CARTESIAN_POINT('',(56.130947164089,5.545974857145,
    12.199999999993));
#11943 = CARTESIAN_POINT('',(56.125249067568,5.524709271135,
    12.200000000009));
#11944 = CARTESIAN_POINT('',(56.119550970889,5.503443685136,
    12.199999999991));
#11945 = CARTESIAN_POINT('',(56.113852874363,5.482178099127,
    12.200000000007));
#11946 = CARTESIAN_POINT('',(56.108154777719,5.460912513125,
    12.199999999996));
#11947 = CARTESIAN_POINT('',(56.102456681146,5.439646927119,
    12.200000000001));
#11948 = CARTESIAN_POINT('',(56.096758584542,5.418381341115,12.2));
#11949 = CARTESIAN_POINT('',(56.079664294755,5.354584583101,12.2));
#11950 = CARTESIAN_POINT('',(56.068268101557,5.312053411092,
    12.199999999999));
#11951 = CARTESIAN_POINT('',(56.056871908374,5.269522239082,
    12.200000000001));
#11952 = CARTESIAN_POINT('',(56.045475715167,5.226991067073,
    12.199999999998));
#11953 = CARTESIAN_POINT('',(56.034079521989,5.184459895063,
    12.200000000002));
#11954 = CARTESIAN_POINT('',(56.022683328783,5.141928723054,
    12.199999999999));
#11955 = CARTESIAN_POINT('',(56.0112871356,5.099397551044,
    12.200000000001));
#11956 = CARTESIAN_POINT('',(55.999890942399,5.056866379036,
    12.199999999999));
#11957 = CARTESIAN_POINT('',(55.988494749211,5.014335207026,12.2));
#11958 = CARTESIAN_POINT('',(55.977098556016,4.971804035017,12.2));
#11959 = CARTESIAN_POINT('',(55.942909976438,4.844210518989,12.2));
#11960 = CARTESIAN_POINT('',(55.92011759005,4.75914817497,12.2));
#11961 = CARTESIAN_POINT('',(55.897325203665,4.674085830951,12.2));
#11962 = CARTESIAN_POINT('',(55.87453281728,4.589023486932,12.2));
#11963 = CARTESIAN_POINT('',(55.851740430891,4.503961142914,12.2));
#11964 = CARTESIAN_POINT('',(55.828948044507,4.418898798895,12.2));
#11965 = CARTESIAN_POINT('',(55.806155658121,4.333836454876,12.2));
#11966 = CARTESIAN_POINT('',(55.783363271734,4.248774110858,12.2));
#11967 = CARTESIAN_POINT('',(55.760570885349,4.163711766839,12.2));
#11968 = CARTESIAN_POINT('',(55.737778498962,4.07864942282,12.2));
#11969 = CARTESIAN_POINT('',(55.712380269762,3.983861941022,12.2));
#11970 = CARTESIAN_POINT('',(55.709774426948,3.974136803243,12.2));
#11971 = CARTESIAN_POINT('',(55.707168584133,3.964411665464,12.2));
#11972 = CARTESIAN_POINT('',(55.704562741319,3.954686527684,12.2));
#11973 = CARTESIAN_POINT('',(55.701956898505,3.944961389905,12.2));
#11974 = CARTESIAN_POINT('',(55.699351055691,3.935236252125,12.2));
#11975 = CARTESIAN_POINT('',(55.696745212876,3.925511114346,12.2));
#11976 = CARTESIAN_POINT('',(55.694139370062,3.915785976567,12.2));
#11977 = CARTESIAN_POINT('',(55.691533527248,3.906060838787,12.2));
#11978 = CARTESIAN_POINT('',(55.688927684433,3.896335701008,12.2));
#11979 = CARTESIAN_POINT('',(55.686321841619,3.886610563229,12.2));
#11980 = CARTESIAN_POINT('',(56.154030921655,5.881675378745,12.2));
#11981 = CARTESIAN_POINT('',(56.148332825059,5.860409792741,12.2));
#11982 = CARTESIAN_POINT('',(56.142634728462,5.839144206736,12.2));
#11983 = CARTESIAN_POINT('',(56.136936631867,5.817878620731,12.2));
#11984 = CARTESIAN_POINT('',(56.131238535265,5.796613034727,12.2));
#11985 = CARTESIAN_POINT('',(56.12554043868,5.775347448722,12.2));
#11986 = CARTESIAN_POINT('',(56.119842342068,5.754081862717,12.2));
#11987 = CARTESIAN_POINT('',(56.114144245485,5.732816276712,12.2));
#11988 = CARTESIAN_POINT('',(56.108446148881,5.711550690708,12.2));
#11989 = CARTESIAN_POINT('',(56.102748052287,5.690285104703,12.2));
#11990 = CARTESIAN_POINT('',(56.09704995569,5.669019518699,12.2));
#11991 = CARTESIAN_POINT('',(56.085653762497,5.626488346689,12.2));
#11992 = CARTESIAN_POINT('',(56.0799556659,5.605222760684,12.2));
#11993 = CARTESIAN_POINT('',(56.074257569304,5.58395717468,12.2));
#11994 = CARTESIAN_POINT('',(56.068559472707,5.562691588675,12.2));
#11995 = CARTESIAN_POINT('',(56.062861376111,5.541426002671,12.2));
#11996 = CARTESIAN_POINT('',(56.057163279514,5.520160416666,12.2));
#11997 = CARTESIAN_POINT('',(56.051465182918,5.498894830661,12.2));
#11998 = CARTESIAN_POINT('',(56.045767086321,5.477629244656,12.2));
#11999 = CARTESIAN_POINT('',(56.040068989725,5.456363658652,12.2));
#12000 = CARTESIAN_POINT('',(56.034370893128,5.435098072647,12.2));
#12001 = CARTESIAN_POINT('',(56.017276603339,5.371301314633,12.2));
#12002 = CARTESIAN_POINT('',(56.005880410146,5.328770142624,12.2));
#12003 = CARTESIAN_POINT('',(55.994484216953,5.286238970614,12.2));
#12004 = CARTESIAN_POINT('',(55.983088023759,5.243707798605,12.2));
#12005 = CARTESIAN_POINT('',(55.971691830566,5.201176626596,12.2));
#12006 = CARTESIAN_POINT('',(55.960295637373,5.158645454586,12.2));
#12007 = CARTESIAN_POINT('',(55.94889944418,5.116114282577,12.2));
#12008 = CARTESIAN_POINT('',(55.937503250987,5.073583110568,12.2));
#12009 = CARTESIAN_POINT('',(55.926107057794,5.031051938558,12.2));
#12010 = CARTESIAN_POINT('',(55.914710864601,4.988520766549,12.2));
#12011 = CARTESIAN_POINT('',(55.880522285022,4.860927250521,12.2));
#12012 = CARTESIAN_POINT('',(55.857729898636,4.775864906502,12.2));
#12013 = CARTESIAN_POINT('',(55.83493751225,4.690802562484,12.2));
#12014 = CARTESIAN_POINT('',(55.812145125864,4.605740218465,12.2));
#12015 = CARTESIAN_POINT('',(55.789352739478,4.520677874446,12.2));
#12016 = CARTESIAN_POINT('',(55.766560353091,4.435615530427,12.2));
#12017 = CARTESIAN_POINT('',(55.743767966705,4.350553186409,12.2));
#12018 = CARTESIAN_POINT('',(55.720975580319,4.26549084239,12.2));
#12019 = CARTESIAN_POINT('',(55.698183193933,4.180428498371,12.2));
#12020 = CARTESIAN_POINT('',(55.675390807547,4.095366154353,12.2));
#12021 = CARTESIAN_POINT('',(55.649992578347,4.000578672555,12.2));
#12022 = CARTESIAN_POINT('',(55.647386735532,3.990853534775,12.2));
#12023 = CARTESIAN_POINT('',(55.644780892718,3.981128396996,12.2));
#12024 = CARTESIAN_POINT('',(55.642175049904,3.971403259216,12.2));
#12025 = CARTESIAN_POINT('',(55.63956920709,3.961678121437,12.2));
#12026 = CARTESIAN_POINT('',(55.636963364275,3.951952983658,12.2));
#12027 = CARTESIAN_POINT('',(55.634357521461,3.942227845878,12.2));
#12028 = CARTESIAN_POINT('',(55.631751678647,3.932502708099,12.2));
#12029 = CARTESIAN_POINT('',(55.629145835833,3.92277757032,12.2));
#12030 = CARTESIAN_POINT('',(55.626539993018,3.91305243254,12.2));
#12031 = CARTESIAN_POINT('',(55.623934150204,3.903327294761,12.2));
#12032 = CARTESIAN_POINT('',(56.169662956744,5.877486787567,
    12.137471859646));
#12033 = CARTESIAN_POINT('',(56.163964860156,5.856221201562,
    12.137471859648));
#12034 = CARTESIAN_POINT('',(56.158266763517,5.83495561556,
    12.137471859638));
#12035 = CARTESIAN_POINT('',(56.152568667036,5.813690029547,
    12.137471859663));
#12036 = CARTESIAN_POINT('',(56.146870570222,5.792424443559,
    12.137471859616));
#12037 = CARTESIAN_POINT('',(56.141172473929,5.771158857531,
    12.137471859682));
#12038 = CARTESIAN_POINT('',(56.135474377009,5.749893271551,
    12.137471859612));
#12039 = CARTESIAN_POINT('',(56.129776280679,5.728627685526,
    12.137471859669));
#12040 = CARTESIAN_POINT('',(56.124078183913,5.707362099534,
    12.137471859633));
#12041 = CARTESIAN_POINT('',(56.118380087397,5.686096513524,
    12.13747185965));
#12042 = CARTESIAN_POINT('',(56.112681990774,5.664830927521,
    12.137471859645));
#12043 = CARTESIAN_POINT('',(56.101285797589,5.622299755511,
    12.137471859646));
#12044 = CARTESIAN_POINT('',(56.095587700979,5.601034169507,
    12.137471859644));
#12045 = CARTESIAN_POINT('',(56.089889604413,5.5797685835,12.13747185965
    ));
#12046 = CARTESIAN_POINT('',(56.084191507762,5.5585029975,
    12.137471859638));
#12047 = CARTESIAN_POINT('',(56.078493411241,5.537237411489,
    12.137471859655));
#12048 = CARTESIAN_POINT('',(56.072795314563,5.515971825491,
    12.137471859637));
#12049 = CARTESIAN_POINT('',(56.067097218036,5.494706239481,
    12.137471859652));
#12050 = CARTESIAN_POINT('',(56.061399121393,5.47344065348,
    12.137471859642));
#12051 = CARTESIAN_POINT('',(56.05570102482,5.452175067473,
    12.137471859647));
#12052 = CARTESIAN_POINT('',(56.050002928216,5.430909481469,
    12.137471859645));
#12053 = CARTESIAN_POINT('',(56.032908638429,5.367112723455,
    12.137471859646));
#12054 = CARTESIAN_POINT('',(56.021512445231,5.324581551446,
    12.137471859645));
#12055 = CARTESIAN_POINT('',(56.010116252047,5.282050379436,
    12.137471859647));
#12056 = CARTESIAN_POINT('',(55.998720058841,5.239519207428,
    12.137471859644));
#12057 = CARTESIAN_POINT('',(55.987323865662,5.196988035417,
    12.137471859647));
#12058 = CARTESIAN_POINT('',(55.975927672456,5.154456863409,
    12.137471859644));
#12059 = CARTESIAN_POINT('',(55.964531479274,5.111925691398,
    12.137471859647));
#12060 = CARTESIAN_POINT('',(55.953135286072,5.06939451939,
    12.137471859645));
#12061 = CARTESIAN_POINT('',(55.941739092885,5.02686334738,
    12.137471859646));
#12062 = CARTESIAN_POINT('',(55.930342899689,4.984332175371,
    12.137471859646));
#12063 = CARTESIAN_POINT('',(55.896154320111,4.856738659343,
    12.137471859646));
#12064 = CARTESIAN_POINT('',(55.873361933724,4.771676315324,
    12.137471859646));
#12065 = CARTESIAN_POINT('',(55.850569547338,4.686613971305,
    12.137471859646));
#12066 = CARTESIAN_POINT('',(55.827777160954,4.601551627287,
    12.137471859646));
#12067 = CARTESIAN_POINT('',(55.804984774564,4.516489283268,
    12.137471859645));
#12068 = CARTESIAN_POINT('',(55.782192388181,4.431426939249,
    12.137471859646));
#12069 = CARTESIAN_POINT('',(55.759400001794,4.346364595231,
    12.137471859646));
#12070 = CARTESIAN_POINT('',(55.736607615407,4.261302251212,
    12.137471859646));
#12071 = CARTESIAN_POINT('',(55.713815229022,4.176239907193,
    12.137471859646));
#12072 = CARTESIAN_POINT('',(55.691022842635,4.091177563175,
    12.137471859646));
#12073 = CARTESIAN_POINT('',(55.665624613435,3.996390081377,
    12.137471859646));
#12074 = CARTESIAN_POINT('',(55.663018770621,3.986664943597,
    12.137471859646));
#12075 = CARTESIAN_POINT('',(55.660412927807,3.976939805818,
    12.137471859646));
#12076 = CARTESIAN_POINT('',(55.657807084992,3.967214668038,
    12.137471859646));
#12077 = CARTESIAN_POINT('',(55.655201242178,3.957489530259,
    12.137471859646));
#12078 = CARTESIAN_POINT('',(55.652595399364,3.94776439248,
    12.137471859646));
#12079 = CARTESIAN_POINT('',(55.64998955655,3.9380392547,12.137471859646
    ));
#12080 = CARTESIAN_POINT('',(55.647383713735,3.928314116921,
    12.137471859646));
#12081 = CARTESIAN_POINT('',(55.644777870921,3.918588979142,
    12.137471859646));
#12082 = CARTESIAN_POINT('',(55.642172028107,3.908863841362,
    12.137471859646));
#12083 = CARTESIAN_POINT('',(55.639566185293,3.899138703583,
    12.137471859646));
#12084 = DEFINITIONAL_REPRESENTATION('',(#12085),#12106);
#12085 = B_SPLINE_CURVE_WITH_KNOTS('',7,(#12086,#12087,#12088,#12089,
    #12090,#12091,#12092,#12093,#12094,#12095,#12096,#12097,#12098,
    #12099,#12100,#12101,#12102,#12103,#12104,#12105),.UNSPECIFIED.,.F.,
  .F.,(8,6,6,8),(0.,0.341220146506,0.865167807554,1.),.UNSPECIFIED.);
#12086 = CARTESIAN_POINT('',(0.,1.982585492215));
#12087 = CARTESIAN_POINT('',(9.461532830974E-02,1.983586868791));
#12088 = CARTESIAN_POINT('',(0.189221131801,1.98428364033));
#12089 = CARTESIAN_POINT('',(0.283815748765,1.98461002997));
#12090 = CARTESIAN_POINT('',(0.378396490382,1.984496974506));
#12091 = CARTESIAN_POINT('',(0.472959992202,1.98388712612));
#12092 = CARTESIAN_POINT('',(0.567502118533,1.982748571667));
#12093 = CARTESIAN_POINT('',(0.807146807664,1.978536319939));
#12094 = CARTESIAN_POINT('',(0.952213359632,1.974752351365));
#12095 = CARTESIAN_POINT('',(1.097196232695,1.969755264186));
#12096 = CARTESIAN_POINT('',(1.242097949843,1.963751519961));
#12097 = CARTESIAN_POINT('',(1.386944771681,1.957214297919));
#12098 = CARTESIAN_POINT('',(1.531757946134,1.950527045647));
#12099 = CARTESIAN_POINT('',(1.713819229428,1.942283481223));
#12100 = CARTESIAN_POINT('',(1.751080834665,1.940604919897));
#12101 = CARTESIAN_POINT('',(1.788341974492,1.938939793639));
#12102 = CARTESIAN_POINT('',(1.825602919188,1.937292371313));
#12103 = CARTESIAN_POINT('',(1.862863874539,1.935666401081));
#12104 = CARTESIAN_POINT('',(1.900124981834,1.934065110402));
#12105 = CARTESIAN_POINT('',(1.937386317867,1.93249120603));
#12106 = ( GEOMETRIC_REPRESENTATION_CONTEXT(2) 
PARAMETRIC_REPRESENTATION_CONTEXT() REPRESENTATION_CONTEXT('2D SPACE',''
  ) );
#12107 = ORIENTED_EDGE('',*,*,#11777,.F.);
#12108 = ADVANCED_FACE('',(#12109),#11530,.T.);
#12109 = FACE_BOUND('',#12110,.T.);
#12110 = EDGE_LOOP('',(#12111,#12112,#12133,#12153));
#12111 = ORIENTED_EDGE('',*,*,#11514,.T.);
#12112 = ORIENTED_EDGE('',*,*,#12113,.T.);
#12113 = EDGE_CURVE('',#11515,#12114,#12116,.T.);
#12114 = VERTEX_POINT('',#12115);
#12115 = CARTESIAN_POINT('',(57.169662956744,5.940014927922,12.2));
#12116 = SURFACE_CURVE('',#12117,(#12120,#12127),.PCURVE_S1.);
#12117 = B_SPLINE_CURVE_WITH_KNOTS('',1,(#12118,#12119),.UNSPECIFIED.,
  .F.,.F.,(2,2),(0.,1.),.PIECEWISE_BEZIER_KNOTS.);
#12118 = CARTESIAN_POINT('',(57.169662956744,5.943856563584,
    12.203841635662));
#12119 = CARTESIAN_POINT('',(57.169662956744,5.940014927922,12.2));
#12120 = PCURVE('',#11530,#12121);
#12121 = DEFINITIONAL_REPRESENTATION('',(#12122),#12126);
#12122 = LINE('',#12123,#12124);
#12123 = CARTESIAN_POINT('',(2.83,0.));
#12124 = VECTOR('',#12125,1.);
#12125 = DIRECTION('',(0.,1.));
#12126 = ( GEOMETRIC_REPRESENTATION_CONTEXT(2) 
PARAMETRIC_REPRESENTATION_CONTEXT() REPRESENTATION_CONTEXT('2D SPACE',''
  ) );
#12127 = PCURVE('',#11558,#12128);
#12128 = DEFINITIONAL_REPRESENTATION('',(#12129),#12132);
#12129 = B_SPLINE_CURVE_WITH_KNOTS('',1,(#12130,#12131),.UNSPECIFIED.,
  .F.,.F.,(2,2),(0.,1.),.PIECEWISE_BEZIER_KNOTS.);
#12130 = CARTESIAN_POINT('',(0.,-5.432893255072E-03));
#12131 = CARTESIAN_POINT('',(0.,0.));
#12132 = ( GEOMETRIC_REPRESENTATION_CONTEXT(2) 
PARAMETRIC_REPRESENTATION_CONTEXT() REPRESENTATION_CONTEXT('2D SPACE',''
  ) );
#12133 = ORIENTED_EDGE('',*,*,#12134,.F.);
#12134 = EDGE_CURVE('',#11728,#12114,#12135,.T.);
#12135 = SURFACE_CURVE('',#12136,(#12140,#12146),.PCURVE_S1.);
#12136 = LINE('',#12137,#12138);
#12137 = CARTESIAN_POINT('',(56.652024866539,4.008163275343,12.2));
#12138 = VECTOR('',#12139,1.);
#12139 = DIRECTION('',(0.258819045103,0.965925826289,0.));
#12140 = PCURVE('',#11530,#12141);
#12141 = DEFINITIONAL_REPRESENTATION('',(#12142),#12145);
#12142 = B_SPLINE_CURVE_WITH_KNOTS('',1,(#12143,#12144),.UNSPECIFIED.,
  .F.,.F.,(2,2),(0.,2.),.PIECEWISE_BEZIER_KNOTS.);
#12143 = CARTESIAN_POINT('',(0.,1.));
#12144 = CARTESIAN_POINT('',(2.83,1.));
#12145 = ( GEOMETRIC_REPRESENTATION_CONTEXT(2) 
PARAMETRIC_REPRESENTATION_CONTEXT() REPRESENTATION_CONTEXT('2D SPACE',''
  ) );
#12146 = PCURVE('',#11765,#12147);
#12147 = DEFINITIONAL_REPRESENTATION('',(#12148),#12152);
#12148 = LINE('',#12149,#12150);
#12149 = CARTESIAN_POINT('',(0.965925826289,-0.241180954897));
#12150 = VECTOR('',#12151,1.);
#12151 = DIRECTION('',(-0.965925826289,-0.258819045103));
#12152 = ( GEOMETRIC_REPRESENTATION_CONTEXT(2) 
PARAMETRIC_REPRESENTATION_CONTEXT() REPRESENTATION_CONTEXT('2D SPACE',''
  ) );
#12153 = ORIENTED_EDGE('',*,*,#11727,.F.);
#12154 = ADVANCED_FACE('',(#12155),#11586,.T.);
#12155 = FACE_BOUND('',#12156,.T.);
#12156 = EDGE_LOOP('',(#12157,#12158,#12286));
#12157 = ORIENTED_EDGE('',*,*,#11570,.T.);
#12158 = ORIENTED_EDGE('',*,*,#12159,.T.);
#12159 = EDGE_CURVE('',#11571,#12160,#12162,.T.);
#12160 = VERTEX_POINT('',#12161);
#12161 = CARTESIAN_POINT('',(56.169662956744,5.943495983675,
    12.203481055754));
#12162 = SURFACE_CURVE('',#12163,(#12167,#12174),.PCURVE_S1.);
#12163 = B_SPLINE_CURVE_WITH_KNOTS('',2,(#12164,#12165,#12166),
  .UNSPECIFIED.,.F.,.F.,(3,3),(0.,0.132739552033),
  .PIECEWISE_BEZIER_KNOTS.);
#12164 = CARTESIAN_POINT('',(56.169662956744,5.877486787567,
    12.137471859646));
#12165 = CARTESIAN_POINT('',(56.168857243514,5.910599190926,
    12.173591225713));
#12166 = CARTESIAN_POINT('',(56.169662956744,5.943495983675,
    12.203481055754));
#12167 = PCURVE('',#11586,#12168);
#12168 = DEFINITIONAL_REPRESENTATION('',(#12169),#12173);
#12169 = LINE('',#12170,#12171);
#12170 = CARTESIAN_POINT('',(9.386103737407E-02,-1.E-16));
#12171 = VECTOR('',#12172,1.);
#12172 = DIRECTION('',(-0.707106781187,0.707106781187));
#12173 = ( GEOMETRIC_REPRESENTATION_CONTEXT(2) 
PARAMETRIC_REPRESENTATION_CONTEXT() REPRESENTATION_CONTEXT('2D SPACE',''
  ) );
#12174 = PCURVE('',#12175,#12257);
#12175 = B_SPLINE_SURFACE_WITH_KNOTS('',8,8,(
    (#12176,#12177,#12178,#12179,#12180,#12181,#12182,#12183,#12184)
    ,(#12185,#12186,#12187,#12188,#12189,#12190,#12191,#12192,#12193)
    ,(#12194,#12195,#12196,#12197,#12198,#12199,#12200,#12201,#12202)
    ,(#12203,#12204,#12205,#12206,#12207,#12208,#12209,#12210,#12211)
    ,(#12212,#12213,#12214,#12215,#12216,#12217,#12218,#12219,#12220)
    ,(#12221,#12222,#12223,#12224,#12225,#12226,#12227,#12228,#12229)
    ,(#12230,#12231,#12232,#12233,#12234,#12235,#12236,#12237,#12238)
    ,(#12239,#12240,#12241,#12242,#12243,#12244,#12245,#12246,#12247)
    ,(#12248,#12249,#12250,#12251,#12252,#12253,#12254,#12255,#12256
  )),.UNSPECIFIED.,.F.,.F.,.F.,(9,9),(9,9),(-6.924687687611E-02,
    6.676668691607E-02),(-4.809379355271E-02,5.031787348528E-02),
  .PIECEWISE_BEZIER_KNOTS.);
#12176 = CARTESIAN_POINT('',(56.209523132895,5.98599908207,
    12.227678428436));
#12177 = CARTESIAN_POINT('',(56.221235176243,5.978893099633,
    12.21874102889));
#12178 = CARTESIAN_POINT('',(56.232203579236,5.970001817843,
    12.214698093981));
#12179 = CARTESIAN_POINT('',(56.24184986036,5.963160032222,
    12.194165571303));
#12180 = CARTESIAN_POINT('',(56.253121554827,5.949609746052,
    12.214696347234));
#12181 = CARTESIAN_POINT('',(56.263164617079,5.942034770899,
    12.206777429825));
#12182 = CARTESIAN_POINT('',(56.271489603165,5.935742624737,
    12.189748333327));
#12183 = CARTESIAN_POINT('',(56.280086188135,5.927194795657,
    12.187468307758));
#12184 = CARTESIAN_POINT('',(56.288505660581,5.918831845367,
    12.185983205089));
#12185 = CARTESIAN_POINT('',(56.194803265146,5.974804266833,
    12.223644900034));
#12186 = CARTESIAN_POINT('',(56.207750493715,5.968261090136,
    12.212215476543));
#12187 = CARTESIAN_POINT('',(56.219574212954,5.959686291941,
    12.206955229109));
#12188 = CARTESIAN_POINT('',(56.22724562809,5.952220008228,
    12.186561284606));
#12189 = CARTESIAN_POINT('',(56.242075765661,5.939974187712,
    12.204057906388));
#12190 = CARTESIAN_POINT('',(56.249998529529,5.931361740808,
    12.203097669312));
#12191 = CARTESIAN_POINT('',(56.256640326757,5.924706736251,
    12.185803516634));
#12192 = CARTESIAN_POINT('',(56.264610862868,5.915710895165,
    12.185547253389));
#12193 = CARTESIAN_POINT('',(56.272691857389,5.907109377955,
    12.184664882771));
#12194 = CARTESIAN_POINT('',(56.180997382232,5.96266501607,
    12.219571298115));
#12195 = CARTESIAN_POINT('',(56.193601539663,5.956137729071,
    12.208879165565));
#12196 = CARTESIAN_POINT('',(56.208335865277,5.95046229878,
    12.200095416782));
#12197 = CARTESIAN_POINT('',(56.209010120173,5.939021021297,
    12.198578954636));
#12198 = CARTESIAN_POINT('',(56.225192759977,5.926201397719,
    12.190052930155));
#12199 = CARTESIAN_POINT('',(56.239914612613,5.922726432087,
    12.212165040649));
#12200 = CARTESIAN_POINT('',(56.238683535838,5.910818504115,
    12.190227606947));
#12201 = CARTESIAN_POINT('',(56.248339259362,5.903273920587,
    12.189663217381));
#12202 = CARTESIAN_POINT('',(56.25657938526,5.894670697221,
    12.188708022017));
#12203 = CARTESIAN_POINT('',(56.174448823681,5.955745354386,
    12.211661438071));
#12204 = CARTESIAN_POINT('',(56.187169660578,5.950163972511,
    12.201939438557));
#12205 = CARTESIAN_POINT('',(56.18936184115,5.934365894582,
    12.196710797628));
#12206 = CARTESIAN_POINT('',(56.193791527954,5.922192219674,
    12.193237908494));
#12207 = CARTESIAN_POINT('',(56.249936558094,5.93298081894,
    12.230645202084));
#12208 = CARTESIAN_POINT('',(56.197144988603,5.894324312546,
    12.193203455481));
#12209 = CARTESIAN_POINT('',(56.226897759315,5.90515960651,
    12.212479549071));
#12210 = CARTESIAN_POINT('',(56.230559305936,5.889681597567,
    12.207174449273));
#12211 = CARTESIAN_POINT('',(56.240055785828,5.880973781331,
    12.202115671969));
#12212 = CARTESIAN_POINT('',(56.155130318093,5.933746829348,
    12.211456512948));
#12213 = CARTESIAN_POINT('',(56.167922788883,5.927289280521,
    12.209364593686));
#12214 = CARTESIAN_POINT('',(56.196095704504,5.933594719291,
    12.209208908553));
#12215 = CARTESIAN_POINT('',(56.164453457668,5.917881635996,
    12.200523505195));
#12216 = CARTESIAN_POINT('',(56.176677161469,5.881631841553,
    12.169114971288));
#12217 = CARTESIAN_POINT('',(56.194293193707,5.934342663386,
    12.211208040392));
#12218 = CARTESIAN_POINT('',(56.206753867859,5.866275459086,
    12.21036994178));
#12219 = CARTESIAN_POINT('',(56.212332112108,5.875540313126,
    12.201221752752));
#12220 = CARTESIAN_POINT('',(56.223243489737,5.868766386633,
    12.199087451683));
#12221 = CARTESIAN_POINT('',(56.147558517852,5.93107805088,
    12.187373262567));
#12222 = CARTESIAN_POINT('',(56.154145308608,5.924669121819,
    12.180870451153));
#12223 = CARTESIAN_POINT('',(56.146999573856,5.908874326409,
    12.178157630039));
#12224 = CARTESIAN_POINT('',(56.227545184245,5.922423354647,
    12.176040263988));
#12225 = CARTESIAN_POINT('',(56.195066095615,5.913135472593,
    12.22229965473));
#12226 = CARTESIAN_POINT('',(56.228651678995,5.851237539436,
    12.189200682045));
#12227 = CARTESIAN_POINT('',(56.20476680913,5.896917683155,
    12.185621157097));
#12228 = CARTESIAN_POINT('',(56.216658217411,5.869649089325,
    12.202426622963));
#12229 = CARTESIAN_POINT('',(56.222824519945,5.858885334424,
    12.204116851844));
#12230 = CARTESIAN_POINT('',(56.149303020158,5.923600440828,
    12.168896730851));
#12231 = CARTESIAN_POINT('',(56.154308432244,5.916178713897,
    12.165062515721));
#12232 = CARTESIAN_POINT('',(56.173065135527,5.913826907415,
    12.170692239921));
#12233 = CARTESIAN_POINT('',(56.108108483051,5.878674887501,
    12.156927088386));
#12234 = CARTESIAN_POINT('',(56.223747273198,5.889101285848,
    12.206574106559));
#12235 = CARTESIAN_POINT('',(56.162232800307,5.888968476329,
    12.184195966839));
#12236 = CARTESIAN_POINT('',(56.179052832506,5.859623483554,
    12.200836509298));
#12237 = CARTESIAN_POINT('',(56.185293351368,5.855714900586,
    12.20268198508));
#12238 = CARTESIAN_POINT('',(56.195979020096,5.846641564044,
    12.201628643767));
#12239 = CARTESIAN_POINT('',(56.160643131023,5.919754866209,
    12.144219803874));
#12240 = CARTESIAN_POINT('',(56.164113728822,5.912131567777,
    12.137871868475));
#12241 = CARTESIAN_POINT('',(56.161440421156,5.902115994469,
    12.139898885905));
#12242 = CARTESIAN_POINT('',(56.176109113882,5.894708971508,
    12.147256640645));
#12243 = CARTESIAN_POINT('',(56.147603755179,5.865021958837,
    12.167393421989));
#12244 = CARTESIAN_POINT('',(56.158212430496,5.873444647392,
    12.170488488379));
#12245 = CARTESIAN_POINT('',(56.16436365742,5.85401850724,
    12.184017518837));
#12246 = CARTESIAN_POINT('',(56.170208296961,5.845132052139,
    12.191775876985));
#12247 = CARTESIAN_POINT('',(56.181290242823,5.835585086446,
    12.192774980383));
#12248 = CARTESIAN_POINT('',(56.18108475996,5.917046736789,
    12.115912579166));
#12249 = CARTESIAN_POINT('',(56.185585408736,5.909713664955,
    12.103582298785));
#12250 = CARTESIAN_POINT('',(56.181636730007,5.898853099207,
    12.103175816604));
#12251 = CARTESIAN_POINT('',(56.192070075246,5.891841834231,
    12.113856458557));
#12252 = CARTESIAN_POINT('',(56.164277510623,5.861564267645,
    12.129667119494));
#12253 = CARTESIAN_POINT('',(56.153342242288,5.863490241702,
    12.142290116741));
#12254 = CARTESIAN_POINT('',(56.163066545832,5.846494723055,
    12.160162460859));
#12255 = CARTESIAN_POINT('',(56.164777610605,5.836040183948,
    12.172216500839));
#12256 = CARTESIAN_POINT('',(56.174370597163,5.825956665991,
    12.176122590913));
#12257 = DEFINITIONAL_REPRESENTATION('',(#12258),#12285);
#12258 = B_SPLINE_CURVE_WITH_KNOTS('',7,(#12259,#12260,#12261,#12262,
    #12263,#12264,#12265,#12266,#12267,#12268,#12269,#12270,#12271,
    #12272,#12273,#12274,#12275,#12276,#12277,#12278,#12279,#12280,
    #12281,#12282,#12283,#12284),.UNSPECIFIED.,.F.,.F.,(8,6,6,6,8),(0.,
    1.65924440041E-02,3.318488800821E-02,6.636977601641E-02,
    0.132739552033),.UNSPECIFIED.);
#12259 = CARTESIAN_POINT('',(6.069698810552E-02,-2.532669042504E-03));
#12260 = CARTESIAN_POINT('',(5.954765280025E-02,-3.300564608017E-03));
#12261 = CARTESIAN_POINT('',(5.870325665216E-02,-3.852442247294E-03));
#12262 = CARTESIAN_POINT('',(5.703764706976E-02,-4.936181360606E-03));
#12263 = CARTESIAN_POINT('',(5.627006522227E-02,-5.410497384918E-03));
#12264 = CARTESIAN_POINT('',(5.490687229826E-02,-6.270021862106E-03));
#12265 = CARTESIAN_POINT('',(5.374948497649E-02,-6.979288941675E-03));
#12266 = CARTESIAN_POINT('',(5.134201370309E-02,-8.434220392885E-03));
#12267 = CARTESIAN_POINT('',(5.012756288973E-02,-9.155531856632E-03));
#12268 = CARTESIAN_POINT('',(4.890263447289E-02,-9.870590253724E-03));
#12269 = CARTESIAN_POINT('',(4.766746602578E-02,-1.057929677936E-02));
#12270 = CARTESIAN_POINT('',(4.64222951216E-02,-1.128155262875E-02));
#12271 = CARTESIAN_POINT('',(4.516735933354E-02,-1.197725899709E-02));
#12272 = CARTESIAN_POINT('',(4.137397003732E-02,-1.404443324455E-02));
#12273 = CARTESIAN_POINT('',(3.880777736421E-02,-1.539604836784E-02));
#12274 = CARTESIAN_POINT('',(3.620986776908E-02,-1.67275821762E-02));
#12275 = CARTESIAN_POINT('',(3.358753090544E-02,-1.804779522362E-02));
#12276 = CARTESIAN_POINT('',(3.094979652678E-02,-1.936778889133E-02));
#12277 = CARTESIAN_POINT('',(2.830743448652E-02,-2.070100538775E-02));
#12278 = CARTESIAN_POINT('',(2.040399524099E-02,-2.478767247011E-02));
#12279 = CARTESIAN_POINT('',(1.517248888371E-02,-2.761988094745E-02));
#12280 = CARTESIAN_POINT('',(1.002848465036E-02,-3.065705027537E-02));
#12281 = CARTESIAN_POINT('',(5.125930256393E-03,-3.394395619945E-02));
#12282 = CARTESIAN_POINT('',(4.054825970421E-04,-3.733251915915E-02));
#12283 = CARTESIAN_POINT('',(-4.336348416063E-03,-4.058511502109E-02));
#12284 = CARTESIAN_POINT('',(-8.991722630136E-03,-4.372163050247E-02));
#12285 = ( GEOMETRIC_REPRESENTATION_CONTEXT(2) 
PARAMETRIC_REPRESENTATION_CONTEXT() REPRESENTATION_CONTEXT('2D SPACE',''
  ) );
#12286 = ORIENTED_EDGE('',*,*,#12287,.F.);
#12287 = EDGE_CURVE('',#11543,#12160,#12288,.T.);
#12288 = SURFACE_CURVE('',#12289,(#12292,#12299),.PCURVE_S1.);
#12289 = B_SPLINE_CURVE_WITH_KNOTS('',1,(#12290,#12291),.UNSPECIFIED.,
  .F.,.F.,(2,2),(0.,1.),.PIECEWISE_BEZIER_KNOTS.);
#12290 = CARTESIAN_POINT('',(56.169662956744,5.943856563584,
    12.203841635662));
#12291 = CARTESIAN_POINT('',(56.169662956744,5.940014927922,12.2));
#12292 = PCURVE('',#11586,#12293);
#12293 = DEFINITIONAL_REPRESENTATION('',(#12294),#12298);
#12294 = LINE('',#12295,#12296);
#12295 = CARTESIAN_POINT('',(0.,0.));
#12296 = VECTOR('',#12297,1.);
#12297 = DIRECTION('',(0.,1.));
#12298 = ( GEOMETRIC_REPRESENTATION_CONTEXT(2) 
PARAMETRIC_REPRESENTATION_CONTEXT() REPRESENTATION_CONTEXT('2D SPACE',''
  ) );
#12299 = PCURVE('',#11558,#12300);
#12300 = DEFINITIONAL_REPRESENTATION('',(#12301),#12304);
#12301 = B_SPLINE_CURVE_WITH_KNOTS('',1,(#12302,#12303),.UNSPECIFIED.,
  .F.,.F.,(2,2),(0.,1.),.PIECEWISE_BEZIER_KNOTS.);
#12302 = CARTESIAN_POINT('',(-1.,-5.432893255072E-03));
#12303 = CARTESIAN_POINT('',(-1.,0.));
#12304 = ( GEOMETRIC_REPRESENTATION_CONTEXT(2) 
PARAMETRIC_REPRESENTATION_CONTEXT() REPRESENTATION_CONTEXT('2D SPACE',''
  ) );
#12305 = ADVANCED_FACE('',(#12306),#11614,.T.);
#12306 = FACE_BOUND('',#12307,.T.);
#12307 = EDGE_LOOP('',(#12308,#12309,#12310));
#12308 = ORIENTED_EDGE('',*,*,#11598,.T.);
#12309 = ORIENTED_EDGE('',*,*,#11808,.T.);
#12310 = ORIENTED_EDGE('',*,*,#12311,.F.);
#12311 = EDGE_CURVE('',#11571,#11809,#12312,.T.);
#12312 = SURFACE_CURVE('',#12313,(#12366,#12412),.PCURVE_S1.);
#12313 = B_SPLINE_CURVE_WITH_KNOTS('',11,(#12314,#12315,#12316,#12317,
    #12318,#12319,#12320,#12321,#12322,#12323,#12324,#12325,#12326,
    #12327,#12328,#12329,#12330,#12331,#12332,#12333,#12334,#12335,
    #12336,#12337,#12338,#12339,#12340,#12341,#12342,#12343,#12344,
    #12345,#12346,#12347,#12348,#12349,#12350,#12351,#12352,#12353,
    #12354,#12355,#12356,#12357,#12358,#12359,#12360,#12361,#12362,
    #12363,#12364,#12365),.UNSPECIFIED.,.F.,.F.,(12,10,10,10,10,12),(
    6.039754563804E-02,0.302570846822,0.544744148006,1.029090750374,
    1.997783955111,2.108534193547),.UNSPECIFIED.);
#12314 = CARTESIAN_POINT('',(56.169662956744,5.877486787567,
    12.137471859646));
#12315 = CARTESIAN_POINT('',(56.163964860156,5.856221201562,
    12.137471859648));
#12316 = CARTESIAN_POINT('',(56.158266763517,5.83495561556,
    12.137471859638));
#12317 = CARTESIAN_POINT('',(56.152568667036,5.813690029547,
    12.137471859663));
#12318 = CARTESIAN_POINT('',(56.146870570222,5.792424443559,
    12.137471859616));
#12319 = CARTESIAN_POINT('',(56.141172473929,5.771158857531,
    12.137471859682));
#12320 = CARTESIAN_POINT('',(56.135474377009,5.749893271551,
    12.137471859612));
#12321 = CARTESIAN_POINT('',(56.129776280679,5.728627685526,
    12.137471859669));
#12322 = CARTESIAN_POINT('',(56.124078183913,5.707362099534,
    12.137471859633));
#12323 = CARTESIAN_POINT('',(56.118380087397,5.686096513524,
    12.13747185965));
#12324 = CARTESIAN_POINT('',(56.112681990774,5.664830927521,
    12.137471859645));
#12325 = CARTESIAN_POINT('',(56.101285797589,5.622299755511,
    12.137471859646));
#12326 = CARTESIAN_POINT('',(56.095587700979,5.601034169507,
    12.137471859644));
#12327 = CARTESIAN_POINT('',(56.089889604413,5.5797685835,12.13747185965
    ));
#12328 = CARTESIAN_POINT('',(56.084191507762,5.5585029975,
    12.137471859638));
#12329 = CARTESIAN_POINT('',(56.078493411241,5.537237411489,
    12.137471859655));
#12330 = CARTESIAN_POINT('',(56.072795314563,5.515971825491,
    12.137471859637));
#12331 = CARTESIAN_POINT('',(56.067097218036,5.494706239481,
    12.137471859652));
#12332 = CARTESIAN_POINT('',(56.061399121393,5.47344065348,
    12.137471859642));
#12333 = CARTESIAN_POINT('',(56.05570102482,5.452175067473,
    12.137471859647));
#12334 = CARTESIAN_POINT('',(56.050002928216,5.430909481469,
    12.137471859645));
#12335 = CARTESIAN_POINT('',(56.032908638429,5.367112723455,
    12.137471859646));
#12336 = CARTESIAN_POINT('',(56.021512445231,5.324581551446,
    12.137471859645));
#12337 = CARTESIAN_POINT('',(56.010116252047,5.282050379436,
    12.137471859647));
#12338 = CARTESIAN_POINT('',(55.998720058841,5.239519207428,
    12.137471859644));
#12339 = CARTESIAN_POINT('',(55.987323865662,5.196988035417,
    12.137471859647));
#12340 = CARTESIAN_POINT('',(55.975927672456,5.154456863409,
    12.137471859644));
#12341 = CARTESIAN_POINT('',(55.964531479274,5.111925691398,
    12.137471859647));
#12342 = CARTESIAN_POINT('',(55.953135286072,5.06939451939,
    12.137471859645));
#12343 = CARTESIAN_POINT('',(55.941739092885,5.02686334738,
    12.137471859646));
#12344 = CARTESIAN_POINT('',(55.930342899689,4.984332175371,
    12.137471859646));
#12345 = CARTESIAN_POINT('',(55.896154320111,4.856738659343,
    12.137471859646));
#12346 = CARTESIAN_POINT('',(55.873361933724,4.771676315324,
    12.137471859646));
#12347 = CARTESIAN_POINT('',(55.850569547338,4.686613971305,
    12.137471859646));
#12348 = CARTESIAN_POINT('',(55.827777160954,4.601551627287,
    12.137471859646));
#12349 = CARTESIAN_POINT('',(55.804984774564,4.516489283268,
    12.137471859645));
#12350 = CARTESIAN_POINT('',(55.782192388181,4.431426939249,
    12.137471859646));
#12351 = CARTESIAN_POINT('',(55.759400001794,4.346364595231,
    12.137471859646));
#12352 = CARTESIAN_POINT('',(55.736607615407,4.261302251212,
    12.137471859646));
#12353 = CARTESIAN_POINT('',(55.713815229022,4.176239907193,
    12.137471859646));
#12354 = CARTESIAN_POINT('',(55.691022842635,4.091177563175,
    12.137471859646));
#12355 = CARTESIAN_POINT('',(55.665624613435,3.996390081377,
    12.137471859646));
#12356 = CARTESIAN_POINT('',(55.663018770621,3.986664943597,
    12.137471859646));
#12357 = CARTESIAN_POINT('',(55.660412927807,3.976939805818,
    12.137471859646));
#12358 = CARTESIAN_POINT('',(55.657807084992,3.967214668038,
    12.137471859646));
#12359 = CARTESIAN_POINT('',(55.655201242178,3.957489530259,
    12.137471859646));
#12360 = CARTESIAN_POINT('',(55.652595399364,3.94776439248,
    12.137471859646));
#12361 = CARTESIAN_POINT('',(55.64998955655,3.9380392547,12.137471859646
    ));
#12362 = CARTESIAN_POINT('',(55.647383713735,3.928314116921,
    12.137471859646));
#12363 = CARTESIAN_POINT('',(55.644777870921,3.918588979142,
    12.137471859646));
#12364 = CARTESIAN_POINT('',(55.642172028107,3.908863841362,
    12.137471859646));
#12365 = CARTESIAN_POINT('',(55.639566185293,3.899138703583,
    12.137471859646));
#12366 = PCURVE('',#11614,#12367);
#12367 = DEFINITIONAL_REPRESENTATION('',(#12368),#12411);
#12368 = B_SPLINE_CURVE_WITH_KNOTS('',11,(#12369,#12370,#12371,#12372,
    #12373,#12374,#12375,#12376,#12377,#12378,#12379,#12380,#12381,
    #12382,#12383,#12384,#12385,#12386,#12387,#12388,#12389,#12390,
    #12391,#12392,#12393,#12394,#12395,#12396,#12397,#12398,#12399,
    #12400,#12401,#12402,#12403,#12404,#12405,#12406,#12407,#12408,
    #12409,#12410),.UNSPECIFIED.,.F.,.F.,(12,10,10,10,12),(
    6.039754563804E-02,0.302570846822,0.544744148006,1.029090750374,
    1.997783955111),.UNSPECIFIED.);
#12369 = CARTESIAN_POINT('',(9.386103737407E-02,-1.E-16));
#12370 = CARTESIAN_POINT('',(0.123210163672,0.33189802399));
#12371 = CARTESIAN_POINT('',(0.153797199697,0.435941446578));
#12372 = CARTESIAN_POINT('',(0.184314224994,0.552871323194));
#12373 = CARTESIAN_POINT('',(0.215281182434,0.586984894819));
#12374 = CARTESIAN_POINT('',(0.24603113544,0.661041168459));
#12375 = CARTESIAN_POINT('',(0.277096003382,0.677132942352));
#12376 = CARTESIAN_POINT('',(0.30801946747,0.719252074488));
#12377 = CARTESIAN_POINT('',(0.339067648968,0.738415221861));
#12378 = CARTESIAN_POINT('',(0.370100293581,0.760438150839));
#12379 = CARTESIAN_POINT('',(0.401158662714,0.777726121802));
#12380 = CARTESIAN_POINT('',(0.463299356719,0.80789267505));
#12381 = CARTESIAN_POINT('',(0.494382749292,0.820574731877));
#12382 = CARTESIAN_POINT('',(0.525475861395,0.831467773367));
#12383 = CARTESIAN_POINT('',(0.556576452775,0.840984149071));
#12384 = CARTESIAN_POINT('',(0.587683021856,0.849400245578));
#12385 = CARTESIAN_POINT('',(0.618794531913,0.856906885925));
#12386 = CARTESIAN_POINT('',(0.649910210576,0.863646236476));
#12387 = CARTESIAN_POINT('',(0.681029422605,0.869735221264));
#12388 = CARTESIAN_POINT('',(0.712151616002,0.875275443801));
#12389 = CARTESIAN_POINT('',(0.743276341398,0.88034961635));
#12390 = CARTESIAN_POINT('',(0.836657351497,0.894314257302));
#12391 = CARTESIAN_POINT('',(0.898920315912,0.901975231098));
#12392 = CARTESIAN_POINT('',(0.961189719219,0.90845103691));
#12393 = CARTESIAN_POINT('',(1.023463928918,0.914042158829));
#12394 = CARTESIAN_POINT('',(1.085741901389,0.918940690138));
#12395 = CARTESIAN_POINT('',(1.148022949131,0.923273174701));
#12396 = CARTESIAN_POINT('',(1.210306572681,0.92713154584));
#12397 = CARTESIAN_POINT('',(1.272592357188,0.930592162611));
#12398 = CARTESIAN_POINT('',(1.334879933657,0.933722943589));
#12399 = CARTESIAN_POINT('',(1.39716900486,0.936578598057));
#12400 = CARTESIAN_POINT('',(1.584040297991,0.944394667915));
#12401 = CARTESIAN_POINT('',(1.708626381209,0.948644359171));
#12402 = CARTESIAN_POINT('',(1.833216293663,0.952189225979));
#12403 = CARTESIAN_POINT('',(1.957809020357,0.955216092291));
#12404 = CARTESIAN_POINT('',(2.082403856543,0.957854677528));
#12405 = CARTESIAN_POINT('',(2.207000341049,0.960189865637));
#12406 = CARTESIAN_POINT('',(2.33159818965,0.962273974139));
#12407 = CARTESIAN_POINT('',(2.456197228372,0.964139023188));
#12408 = CARTESIAN_POINT('',(2.580797326879,0.965809004621));
#12409 = CARTESIAN_POINT('',(2.705398331781,0.967312151014));
#12410 = CARTESIAN_POINT('',(2.83,0.968693204736));
#12411 = ( GEOMETRIC_REPRESENTATION_CONTEXT(2) 
PARAMETRIC_REPRESENTATION_CONTEXT() REPRESENTATION_CONTEXT('2D SPACE',''
  ) );
#12412 = PCURVE('',#11927,#12413);
#12413 = DEFINITIONAL_REPRESENTATION('',(#12414),#12418);
#12414 = LINE('',#12415,#12416);
#12415 = CARTESIAN_POINT('',(1.937386409473,0.));
#12416 = VECTOR('',#12417,1.);
#12417 = DIRECTION('',(0.,1.));
#12418 = ( GEOMETRIC_REPRESENTATION_CONTEXT(2) 
PARAMETRIC_REPRESENTATION_CONTEXT() REPRESENTATION_CONTEXT('2D SPACE',''
  ) );
#12419 = ADVANCED_FACE('',(#12420),#11558,.F.);
#12420 = FACE_BOUND('',#12421,.T.);
#12421 = EDGE_LOOP('',(#12422,#12423,#12461,#12482,#12483));
#12422 = ORIENTED_EDGE('',*,*,#12287,.T.);
#12423 = ORIENTED_EDGE('',*,*,#12424,.T.);
#12424 = EDGE_CURVE('',#12160,#12425,#12427,.T.);
#12425 = VERTEX_POINT('',#12426);
#12426 = CARTESIAN_POINT('',(56.258091100863,5.940014927922,12.2));
#12427 = SURFACE_CURVE('',#12428,(#12432,#12439),.PCURVE_S1.);
#12428 = LINE('',#12429,#12430);
#12429 = CARTESIAN_POINT('',(56.169662956744,5.943495983675,
    12.203481055754));
#12430 = VECTOR('',#12431,1.);
#12431 = DIRECTION('',(0.998453916857,-3.930506273394E-02,
    -3.930506273395E-02));
#12432 = PCURVE('',#11558,#12433);
#12433 = DEFINITIONAL_REPRESENTATION('',(#12434),#12438);
#12434 = LINE('',#12435,#12436);
#12435 = CARTESIAN_POINT('',(-1.,-4.922956258208E-03));
#12436 = VECTOR('',#12437,1.);
#12437 = DIRECTION('',(0.998453916857,5.558575278826E-02));
#12438 = ( GEOMETRIC_REPRESENTATION_CONTEXT(2) 
PARAMETRIC_REPRESENTATION_CONTEXT() REPRESENTATION_CONTEXT('2D SPACE',''
  ) );
#12439 = PCURVE('',#12175,#12440);
#12440 = DEFINITIONAL_REPRESENTATION('',(#12441),#12460);
#12441 = B_SPLINE_CURVE_WITH_KNOTS('',9,(#12442,#12443,#12444,#12445,
    #12446,#12447,#12448,#12449,#12450,#12451,#12452,#12453,#12454,
    #12455,#12456,#12457,#12458,#12459),.UNSPECIFIED.,.F.,.F.,(10,8,10),
  (0.,4.428253654278E-02,8.856507308556E-02),.UNSPECIFIED.);
#12442 = CARTESIAN_POINT('',(-8.991722630134E-03,-4.372163050247E-02));
#12443 = CARTESIAN_POINT('',(-1.172637611224E-02,-4.002773353792E-02));
#12444 = CARTESIAN_POINT('',(-1.45144466988E-02,-3.644998974287E-02));
#12445 = CARTESIAN_POINT('',(-1.745547954695E-02,-3.298984605517E-02));
#12446 = CARTESIAN_POINT('',(-2.054452215289E-02,-2.963225337006E-02));
#12447 = CARTESIAN_POINT('',(-2.372554135813E-02,-2.636258669761E-02));
#12448 = CARTESIAN_POINT('',(-2.693213696914E-02,-2.317354366827E-02));
#12449 = CARTESIAN_POINT('',(-3.011555199014E-02,-2.006202138625E-02));
#12450 = CARTESIAN_POINT('',(-3.325997946941E-02,-1.701597163107E-02));
#12451 = CARTESIAN_POINT('',(-3.95103524481E-02,-1.09664971829E-02));
#12452 = CARTESIAN_POINT('',(-4.265584276379E-02,-7.925930323226E-03));
#12453 = CARTESIAN_POINT('',(-4.548474667852E-02,-5.184006659984E-03));
#12454 = CARTESIAN_POINT('',(-4.920839577511E-02,-1.540808741572E-03));
#12455 = CARTESIAN_POINT('',(-5.127236377337E-02,4.734371529844E-04));
#12456 = CARTESIAN_POINT('',(-5.539543190417E-02,4.522248371432E-03));
#12457 = CARTESIAN_POINT('',(-5.785224028845E-02,6.93105982278E-03));
#12458 = CARTESIAN_POINT('',(-6.120848104311E-02,1.024143656386E-02));
#12459 = CARTESIAN_POINT('',(-6.433712314283E-02,1.333267572622E-02));
#12460 = ( GEOMETRIC_REPRESENTATION_CONTEXT(2) 
PARAMETRIC_REPRESENTATION_CONTEXT() REPRESENTATION_CONTEXT('2D SPACE',''
  ) );
#12461 = ORIENTED_EDGE('',*,*,#12462,.F.);
#12462 = EDGE_CURVE('',#12114,#12425,#12463,.T.);
#12463 = SURFACE_CURVE('',#12464,(#12468,#12475),.PCURVE_S1.);
#12464 = LINE('',#12465,#12466);
#12465 = CARTESIAN_POINT('',(57.169662956744,5.940014927922,12.2));
#12466 = VECTOR('',#12467,1.);
#12467 = DIRECTION('',(-1.,-0.,-0.));
#12468 = PCURVE('',#11558,#12469);
#12469 = DEFINITIONAL_REPRESENTATION('',(#12470),#12474);
#12470 = LINE('',#12471,#12472);
#12471 = CARTESIAN_POINT('',(-0.,-0.));
#12472 = VECTOR('',#12473,1.);
#12473 = DIRECTION('',(-1.,0.));
#12474 = ( GEOMETRIC_REPRESENTATION_CONTEXT(2) 
PARAMETRIC_REPRESENTATION_CONTEXT() REPRESENTATION_CONTEXT('2D SPACE',''
  ) );
#12475 = PCURVE('',#11765,#12476);
#12476 = DEFINITIONAL_REPRESENTATION('',(#12477),#12481);
#12477 = LINE('',#12478,#12479);
#12478 = CARTESIAN_POINT('',(-0.965925826289,-0.758819045103));
#12479 = VECTOR('',#12480,1.);
#12480 = DIRECTION('',(-0.,1.));
#12481 = ( GEOMETRIC_REPRESENTATION_CONTEXT(2) 
PARAMETRIC_REPRESENTATION_CONTEXT() REPRESENTATION_CONTEXT('2D SPACE',''
  ) );
#12482 = ORIENTED_EDGE('',*,*,#12113,.F.);
#12483 = ORIENTED_EDGE('',*,*,#11542,.T.);
#12484 = ADVANCED_FACE('',(#12485),#11765,.F.);
#12485 = FACE_BOUND('',#12486,.T.);
#12486 = EDGE_LOOP('',(#12487,#12488,#12489,#12490,#12536));
#12487 = ORIENTED_EDGE('',*,*,#11749,.T.);
#12488 = ORIENTED_EDGE('',*,*,#12134,.T.);
#12489 = ORIENTED_EDGE('',*,*,#12462,.T.);
#12490 = ORIENTED_EDGE('',*,*,#12491,.T.);
#12491 = EDGE_CURVE('',#12425,#12492,#12494,.T.);
#12492 = VERTEX_POINT('',#12493);
#12493 = CARTESIAN_POINT('',(56.21641861307,5.864958647213,12.2));
#12494 = SURFACE_CURVE('',#12495,(#12506,#12520),.PCURVE_S1.);
#12495 = B_SPLINE_CURVE_WITH_KNOTS('',9,(#12496,#12497,#12498,#12499,
    #12500,#12501,#12502,#12503,#12504,#12505),.UNSPECIFIED.,.F.,.F.,(10
    ,10),(0.,1.),.PIECEWISE_BEZIER_KNOTS.);
#12496 = CARTESIAN_POINT('',(56.258091100863,5.940014927922,12.2));
#12497 = CARTESIAN_POINT('',(56.247608847005,5.940014927922,12.2));
#12498 = CARTESIAN_POINT('',(56.237133482125,5.935782412953,12.2));
#12499 = CARTESIAN_POINT('',(56.228573839678,5.927358462868,12.2));
#12500 = CARTESIAN_POINT('',(56.223975363316,5.916703104961,12.2));
#12501 = CARTESIAN_POINT('',(56.221840010005,5.906500596029,12.2));
#12502 = CARTESIAN_POINT('',(56.220784704639,5.896011810364,12.2));
#12503 = CARTESIAN_POINT('',(56.220311430544,5.885628826963,12.2));
#12504 = CARTESIAN_POINT('',(56.219131200688,5.875082162021,12.2));
#12505 = CARTESIAN_POINT('',(56.21641861307,5.864958647213,12.2));
#12506 = PCURVE('',#11765,#12507);
#12507 = DEFINITIONAL_REPRESENTATION('',(#12508),#12519);
#12508 = B_SPLINE_CURVE_WITH_KNOTS('',9,(#12509,#12510,#12511,#12512,
    #12513,#12514,#12515,#12516,#12517,#12518),.UNSPECIFIED.,.F.,.F.,(10
    ,10),(0.,1.),.PIECEWISE_BEZIER_KNOTS.);
#12509 = CARTESIAN_POINT('',(-0.965925826289,0.152752810778));
#12510 = CARTESIAN_POINT('',(-0.965925826289,0.163235064637));
#12511 = CARTESIAN_POINT('',(-0.961693311321,0.173710429516));
#12512 = CARTESIAN_POINT('',(-0.953269361235,0.182270071963));
#12513 = CARTESIAN_POINT('',(-0.942614003328,0.186868548326));
#12514 = CARTESIAN_POINT('',(-0.932411494397,0.189003901636));
#12515 = CARTESIAN_POINT('',(-0.921922708731,0.190059207002));
#12516 = CARTESIAN_POINT('',(-0.911539725331,0.190532481098));
#12517 = CARTESIAN_POINT('',(-0.900993060388,0.191712710954));
#12518 = CARTESIAN_POINT('',(-0.89086954558,0.194425298571));
#12519 = ( GEOMETRIC_REPRESENTATION_CONTEXT(2) 
PARAMETRIC_REPRESENTATION_CONTEXT() REPRESENTATION_CONTEXT('2D SPACE',''
  ) );
#12520 = PCURVE('',#12175,#12521);
#12521 = DEFINITIONAL_REPRESENTATION('',(#12522),#12535);
#12522 = B_SPLINE_CURVE_WITH_KNOTS('',11,(#12523,#12524,#12525,#12526,
    #12527,#12528,#12529,#12530,#12531,#12532,#12533,#12534),
  .UNSPECIFIED.,.F.,.F.,(12,12),(0.,1.),.PIECEWISE_BEZIER_KNOTS.);
#12523 = CARTESIAN_POINT('',(-6.433712314283E-02,1.333267572622E-02));
#12524 = CARTESIAN_POINT('',(-5.86129697339E-02,8.215750510362E-03));
#12525 = CARTESIAN_POINT('',(-5.071207153743E-02,4.885577256673E-03));
#12526 = CARTESIAN_POINT('',(-4.3620651956E-02,5.017751199356E-03));
#12527 = CARTESIAN_POINT('',(-3.079695270246E-02,5.796818539266E-03));
#12528 = CARTESIAN_POINT('',(-2.928196089414E-02,1.317348870102E-02));
#12529 = CARTESIAN_POINT('',(-1.699314115227E-02,1.579581374492E-02));
#12530 = CARTESIAN_POINT('',(-1.546680545227E-02,2.381303643285E-02));
#12531 = CARTESIAN_POINT('',(-8.799758509935E-03,2.918568204688E-02));
#12532 = CARTESIAN_POINT('',(-3.619138324088E-03,3.584976017853E-02));
#12533 = CARTESIAN_POINT('',(2.634264978357E-03,4.206803285794E-02));
#12534 = CARTESIAN_POINT('',(9.721164032028E-03,4.678239712714E-02));
#12535 = ( GEOMETRIC_REPRESENTATION_CONTEXT(2) 
PARAMETRIC_REPRESENTATION_CONTEXT() REPRESENTATION_CONTEXT('2D SPACE',''
  ) );
#12536 = ORIENTED_EDGE('',*,*,#12537,.T.);
#12537 = EDGE_CURVE('',#12492,#11750,#12538,.T.);
#12538 = SURFACE_CURVE('',#12539,(#12592,#12648),.PCURVE_S1.);
#12539 = B_SPLINE_CURVE_WITH_KNOTS('',11,(#12540,#12541,#12542,#12543,
    #12544,#12545,#12546,#12547,#12548,#12549,#12550,#12551,#12552,
    #12553,#12554,#12555,#12556,#12557,#12558,#12559,#12560,#12561,
    #12562,#12563,#12564,#12565,#12566,#12567,#12568,#12569,#12570,
    #12571,#12572,#12573,#12574,#12575,#12576,#12577,#12578,#12579,
    #12580,#12581,#12582,#12583,#12584,#12585,#12586,#12587,#12588,
    #12589,#12590,#12591),.UNSPECIFIED.,.F.,.F.,(12,10,10,10,10,12),(
    6.039754563804E-02,0.302570846822,0.544744148006,1.029090750374,
    1.997783955111,2.108534193547),.UNSPECIFIED.);
#12540 = CARTESIAN_POINT('',(56.21641861307,5.864958647213,12.2));
#12541 = CARTESIAN_POINT('',(56.210720516482,5.843693061208,
    12.200000000002));
#12542 = CARTESIAN_POINT('',(56.205022419843,5.822427475206,
    12.199999999993));
#12543 = CARTESIAN_POINT('',(56.199324323363,5.801161889193,
    12.200000000018));
#12544 = CARTESIAN_POINT('',(56.193626226549,5.779896303204,
    12.199999999971));
#12545 = CARTESIAN_POINT('',(56.187928130254,5.758630717178,
    12.200000000036));
#12546 = CARTESIAN_POINT('',(56.182230033336,5.737365131196,
    12.199999999967));
#12547 = CARTESIAN_POINT('',(56.176531937005,5.716099545172,
    12.200000000024));
#12548 = CARTESIAN_POINT('',(56.17083384024,5.69483395918,
    12.199999999987));
#12549 = CARTESIAN_POINT('',(56.165135743723,5.673568373169,
    12.200000000005));
#12550 = CARTESIAN_POINT('',(56.159437647101,5.652302787167,
    12.199999999999));
#12551 = CARTESIAN_POINT('',(56.148041453915,5.609771615157,
    12.200000000001));
#12552 = CARTESIAN_POINT('',(56.142343357306,5.588506029153,
    12.199999999998));
#12553 = CARTESIAN_POINT('',(56.13664526074,5.567240443146,
    12.200000000005));
#12554 = CARTESIAN_POINT('',(56.130947164089,5.545974857145,
    12.199999999993));
#12555 = CARTESIAN_POINT('',(56.125249067568,5.524709271135,
    12.200000000009));
#12556 = CARTESIAN_POINT('',(56.119550970889,5.503443685136,
    12.199999999991));
#12557 = CARTESIAN_POINT('',(56.113852874363,5.482178099127,
    12.200000000007));
#12558 = CARTESIAN_POINT('',(56.108154777719,5.460912513125,
    12.199999999996));
#12559 = CARTESIAN_POINT('',(56.102456681146,5.439646927119,
    12.200000000001));
#12560 = CARTESIAN_POINT('',(56.096758584542,5.418381341115,12.2));
#12561 = CARTESIAN_POINT('',(56.079664294755,5.354584583101,12.2));
#12562 = CARTESIAN_POINT('',(56.068268101557,5.312053411092,
    12.199999999999));
#12563 = CARTESIAN_POINT('',(56.056871908374,5.269522239082,
    12.200000000001));
#12564 = CARTESIAN_POINT('',(56.045475715167,5.226991067073,
    12.199999999998));
#12565 = CARTESIAN_POINT('',(56.034079521989,5.184459895063,
    12.200000000002));
#12566 = CARTESIAN_POINT('',(56.022683328783,5.141928723054,
    12.199999999999));
#12567 = CARTESIAN_POINT('',(56.0112871356,5.099397551044,
    12.200000000001));
#12568 = CARTESIAN_POINT('',(55.999890942399,5.056866379036,
    12.199999999999));
#12569 = CARTESIAN_POINT('',(55.988494749211,5.014335207026,12.2));
#12570 = CARTESIAN_POINT('',(55.977098556016,4.971804035017,12.2));
#12571 = CARTESIAN_POINT('',(55.942909976438,4.844210518989,12.2));
#12572 = CARTESIAN_POINT('',(55.92011759005,4.75914817497,12.2));
#12573 = CARTESIAN_POINT('',(55.897325203665,4.674085830951,12.2));
#12574 = CARTESIAN_POINT('',(55.87453281728,4.589023486932,12.2));
#12575 = CARTESIAN_POINT('',(55.851740430891,4.503961142914,12.2));
#12576 = CARTESIAN_POINT('',(55.828948044507,4.418898798895,12.2));
#12577 = CARTESIAN_POINT('',(55.806155658121,4.333836454876,12.2));
#12578 = CARTESIAN_POINT('',(55.783363271734,4.248774110858,12.2));
#12579 = CARTESIAN_POINT('',(55.760570885349,4.163711766839,12.2));
#12580 = CARTESIAN_POINT('',(55.737778498962,4.07864942282,12.2));
#12581 = CARTESIAN_POINT('',(55.712380269762,3.983861941022,12.2));
#12582 = CARTESIAN_POINT('',(55.709774426948,3.974136803243,12.2));
#12583 = CARTESIAN_POINT('',(55.707168584133,3.964411665464,12.2));
#12584 = CARTESIAN_POINT('',(55.704562741319,3.954686527684,12.2));
#12585 = CARTESIAN_POINT('',(55.701956898505,3.944961389905,12.2));
#12586 = CARTESIAN_POINT('',(55.699351055691,3.935236252125,12.2));
#12587 = CARTESIAN_POINT('',(55.696745212876,3.925511114346,12.2));
#12588 = CARTESIAN_POINT('',(55.694139370062,3.915785976567,12.2));
#12589 = CARTESIAN_POINT('',(55.691533527248,3.906060838787,12.2));
#12590 = CARTESIAN_POINT('',(55.688927684433,3.896335701008,12.2));
#12591 = CARTESIAN_POINT('',(55.686321841619,3.886610563229,12.2));
#12592 = PCURVE('',#11765,#12593);
#12593 = DEFINITIONAL_REPRESENTATION('',(#12594),#12647);
#12594 = B_SPLINE_CURVE_WITH_KNOTS('',11,(#12595,#12596,#12597,#12598,
    #12599,#12600,#12601,#12602,#12603,#12604,#12605,#12606,#12607,
    #12608,#12609,#12610,#12611,#12612,#12613,#12614,#12615,#12616,
    #12617,#12618,#12619,#12620,#12621,#12622,#12623,#12624,#12625,
    #12626,#12627,#12628,#12629,#12630,#12631,#12632,#12633,#12634,
    #12635,#12636,#12637,#12638,#12639,#12640,#12641,#12642,#12643,
    #12644,#12645,#12646),.UNSPECIFIED.,.F.,.F.,(12,10,10,10,10,12),(
    6.039754563804E-02,0.302570846822,0.544744148006,1.029090750374,
    1.997783955111,2.108534193547),.UNSPECIFIED.);
#12595 = CARTESIAN_POINT('',(-0.89086954558,0.194425298571));
#12596 = CARTESIAN_POINT('',(-0.869603959575,0.200123395159));
#12597 = CARTESIAN_POINT('',(-0.848338373574,0.205821491798));
#12598 = CARTESIAN_POINT('',(-0.827072787561,0.211519588279));
#12599 = CARTESIAN_POINT('',(-0.805807201572,0.217217685093));
#12600 = CARTESIAN_POINT('',(-0.784541615545,0.222915781387));
#12601 = CARTESIAN_POINT('',(-0.763276029564,0.228613878305));
#12602 = CARTESIAN_POINT('',(-0.74201044354,0.234311974637));
#12603 = CARTESIAN_POINT('',(-0.720744857547,0.240010071401));
#12604 = CARTESIAN_POINT('',(-0.699479271537,0.245708167918));
#12605 = CARTESIAN_POINT('',(-0.678213685534,0.25140626454));
#12606 = CARTESIAN_POINT('',(-0.635682513524,0.262802457726));
#12607 = CARTESIAN_POINT('',(-0.61441692752,0.268500554335));
#12608 = CARTESIAN_POINT('',(-0.593151341514,0.274198650901));
#12609 = CARTESIAN_POINT('',(-0.571885755513,0.279896747553));
#12610 = CARTESIAN_POINT('',(-0.550620169503,0.285594844074));
#12611 = CARTESIAN_POINT('',(-0.529354583504,0.291292940752));
#12612 = CARTESIAN_POINT('',(-0.508088997494,0.296991037278));
#12613 = CARTESIAN_POINT('',(-0.486823411493,0.302689133922));
#12614 = CARTESIAN_POINT('',(-0.465557825487,0.308387230495));
#12615 = CARTESIAN_POINT('',(-0.444292239482,0.314085327099));
#12616 = CARTESIAN_POINT('',(-0.380495481468,0.331179616886));
#12617 = CARTESIAN_POINT('',(-0.337964309459,0.342575810084));
#12618 = CARTESIAN_POINT('',(-0.295433137449,0.353972003267));
#12619 = CARTESIAN_POINT('',(-0.252901965441,0.365368196474));
#12620 = CARTESIAN_POINT('',(-0.210370793431,0.376764389653));
#12621 = CARTESIAN_POINT('',(-0.167839621422,0.388160582859));
#12622 = CARTESIAN_POINT('',(-0.125308449412,0.399556776041));
#12623 = CARTESIAN_POINT('',(-8.277727740309E-02,0.410952969242));
#12624 = CARTESIAN_POINT('',(-4.024610539341E-02,0.42234916243));
#12625 = CARTESIAN_POINT('',(2.285066615795E-03,0.433745355625));
#12626 = CARTESIAN_POINT('',(0.129878582644,0.467933935204));
#12627 = CARTESIAN_POINT('',(0.214940926663,0.490726321591));
#12628 = CARTESIAN_POINT('',(0.300003270681,0.513518707976));
#12629 = CARTESIAN_POINT('',(0.3850656147,0.536311094361));
#12630 = CARTESIAN_POINT('',(0.470127958718,0.55910348075));
#12631 = CARTESIAN_POINT('',(0.555190302737,0.581895867134));
#12632 = CARTESIAN_POINT('',(0.640252646756,0.604688253521));
#12633 = CARTESIAN_POINT('',(0.725314990775,0.627480639908));
#12634 = CARTESIAN_POINT('',(0.810377334793,0.650273026293));
#12635 = CARTESIAN_POINT('',(0.895439678812,0.673065412679));
#12636 = CARTESIAN_POINT('',(0.99022716061,0.69846364188));
#12637 = CARTESIAN_POINT('',(0.99995229839,0.701069484694));
#12638 = CARTESIAN_POINT('',(1.009677436169,0.703675327508));
#12639 = CARTESIAN_POINT('',(1.019402573948,0.706281170322));
#12640 = CARTESIAN_POINT('',(1.029127711728,0.708887013137));
#12641 = CARTESIAN_POINT('',(1.038852849507,0.711492855951));
#12642 = CARTESIAN_POINT('',(1.048577987286,0.714098698765));
#12643 = CARTESIAN_POINT('',(1.058303125066,0.716704541579));
#12644 = CARTESIAN_POINT('',(1.068028262845,0.719310384394));
#12645 = CARTESIAN_POINT('',(1.077753400624,0.721916227208));
#12646 = CARTESIAN_POINT('',(1.087478538404,0.724522070022));
#12647 = ( GEOMETRIC_REPRESENTATION_CONTEXT(2) 
PARAMETRIC_REPRESENTATION_CONTEXT() REPRESENTATION_CONTEXT('2D SPACE',''
  ) );
#12648 = PCURVE('',#11927,#12649);
#12649 = DEFINITIONAL_REPRESENTATION('',(#12650),#12654);
#12650 = LINE('',#12651,#12652);
#12651 = CARTESIAN_POINT('',(0.,0.));
#12652 = VECTOR('',#12653,1.);
#12653 = DIRECTION('',(0.,1.));
#12654 = ( GEOMETRIC_REPRESENTATION_CONTEXT(2) 
PARAMETRIC_REPRESENTATION_CONTEXT() REPRESENTATION_CONTEXT('2D SPACE',''
  ) );
#12655 = ADVANCED_FACE('',(#12656),#11927,.T.);
#12656 = FACE_BOUND('',#12657,.T.);
#12657 = EDGE_LOOP('',(#12658,#12697,#12698,#12699));
#12658 = ORIENTED_EDGE('',*,*,#12659,.T.);
#12659 = EDGE_CURVE('',#12492,#11571,#12660,.T.);
#12660 = SURFACE_CURVE('',#12661,(#12669,#12681),.PCURVE_S1.);
#12661 = B_SPLINE_CURVE_WITH_KNOTS('',6,(#12662,#12663,#12664,#12665,
    #12666,#12667,#12668),.UNSPECIFIED.,.F.,.F.,(7,7),(0.,1.937386409473
    ),.PIECEWISE_BEZIER_KNOTS.);
#12662 = CARTESIAN_POINT('',(56.21641861307,5.864958647213,12.2));
#12663 = CARTESIAN_POINT('',(56.203688557954,5.868369655201,12.2));
#12664 = CARTESIAN_POINT('',(56.189230418839,5.872243701901,
    12.195988087567));
#12665 = CARTESIAN_POINT('',(56.17311110282,5.876562859611,
    12.184708376979));
#12666 = CARTESIAN_POINT('',(56.166602198456,5.878306915279,
    12.165726496752));
#12667 = CARTESIAN_POINT('',(56.1664732784,5.878341459304,
    12.150230573023));
#12668 = CARTESIAN_POINT('',(56.169662956744,5.877486787567,
    12.137471859646));
#12669 = PCURVE('',#11927,#12670);
#12670 = DEFINITIONAL_REPRESENTATION('',(#12671),#12680);
#12671 = B_SPLINE_CURVE_WITH_KNOTS('',7,(#12672,#12673,#12674,#12675,
    #12676,#12677,#12678,#12679),.UNSPECIFIED.,.F.,.F.,(8,8),(0.,
    1.937386409473),.PIECEWISE_BEZIER_KNOTS.);
#12672 = CARTESIAN_POINT('',(1.1E-16,6.039754563804E-02));
#12673 = CARTESIAN_POINT('',(0.276769487066,6.039754563804E-02));
#12674 = CARTESIAN_POINT('',(0.549066105894,6.039754563804E-02));
#12675 = CARTESIAN_POINT('',(0.841683876732,6.039754563804E-02));
#12676 = CARTESIAN_POINT('',(1.095702532739,6.039754563804E-02));
#12677 = CARTESIAN_POINT('',(1.388320303583,6.039754563804E-02));
#12678 = CARTESIAN_POINT('',(1.660616922405,6.039754563804E-02));
#12679 = CARTESIAN_POINT('',(1.937386409473,6.039754563804E-02));
#12680 = ( GEOMETRIC_REPRESENTATION_CONTEXT(2) 
PARAMETRIC_REPRESENTATION_CONTEXT() REPRESENTATION_CONTEXT('2D SPACE',''
  ) );
#12681 = PCURVE('',#12175,#12682);
#12682 = DEFINITIONAL_REPRESENTATION('',(#12683),#12696);
#12683 = B_SPLINE_CURVE_WITH_KNOTS('',6,(#12684,#12685,#12686,#12687,
    #12688,#12689,#12690,#12691,#12692,#12693,#12694,#12695),
  .UNSPECIFIED.,.F.,.F.,(7,5,7),(0.,0.968693204736,1.937386409473),
  .UNSPECIFIED.);
#12684 = CARTESIAN_POINT('',(9.72116403202E-03,4.678239712715E-02));
#12685 = CARTESIAN_POINT('',(1.300641008925E-02,4.159603478352E-02));
#12686 = CARTESIAN_POINT('',(1.690436505612E-02,3.600343290533E-02));
#12687 = CARTESIAN_POINT('',(2.123174067519E-02,2.989187611108E-02));
#12688 = CARTESIAN_POINT('',(2.703334269392E-02,2.319138803962E-02));
#12689 = CARTESIAN_POINT('',(3.199573838407E-02,1.777888136081E-02));
#12690 = CARTESIAN_POINT('',(4.13771097372E-02,8.406687812946E-03));
#12691 = CARTESIAN_POINT('',(4.570309583626E-02,4.534511535702E-03));
#12692 = CARTESIAN_POINT('',(4.980823516519E-02,1.47841168689E-03));
#12693 = CARTESIAN_POINT('',(5.371214316613E-02,-6.780809335935E-04));
#12694 = CARTESIAN_POINT('',(5.73641059125E-02,-1.933631006581E-03));
#12695 = CARTESIAN_POINT('',(6.069698810552E-02,-2.532669042502E-03));
#12696 = ( GEOMETRIC_REPRESENTATION_CONTEXT(2) 
PARAMETRIC_REPRESENTATION_CONTEXT() REPRESENTATION_CONTEXT('2D SPACE',''
  ) );
#12697 = ORIENTED_EDGE('',*,*,#12311,.T.);
#12698 = ORIENTED_EDGE('',*,*,#11837,.F.);
#12699 = ORIENTED_EDGE('',*,*,#12537,.F.);
#12700 = ADVANCED_FACE('',(#12701),#12175,.T.);
#12701 = FACE_BOUND('',#12702,.T.);
#12702 = EDGE_LOOP('',(#12703,#12704,#12705,#12706));
#12703 = ORIENTED_EDGE('',*,*,#12659,.F.);
#12704 = ORIENTED_EDGE('',*,*,#12491,.F.);
#12705 = ORIENTED_EDGE('',*,*,#12424,.F.);
#12706 = ORIENTED_EDGE('',*,*,#12159,.F.);
#12707 = ( GEOMETRIC_REPRESENTATION_CONTEXT(3) 
GLOBAL_UNCERTAINTY_ASSIGNED_CONTEXT((#12711)) 
GLOBAL_UNIT_ASSIGNED_CONTEXT((#12708,#12709,#12710)) 
REPRESENTATION_CONTEXT('Context #1',
  '3D Context with UNIT and UNCERTAINTY') );
#12708 = ( LENGTH_UNIT() NAMED_UNIT(*) SI_UNIT(.MILLI.,.METRE.) );
#12709 = ( NAMED_UNIT(*) PLANE_ANGLE_UNIT() SI_UNIT($,.RADIAN.) );
#12710 = ( NAMED_UNIT(*) SI_UNIT($,.STERADIAN.) SOLID_ANGLE_UNIT() );
#12711 = UNCERTAINTY_MEASURE_WITH_UNIT(LENGTH_MEASURE(2.E-05),#12708,
  'distance_accuracy_value','confusion accuracy');
#12712 = PRODUCT_RELATED_PRODUCT_CATEGORY('part',$,(#7));
#12713 = MECHANICAL_DESIGN_GEOMETRIC_PRESENTATION_REPRESENTATION('',(
    #12714,#12725,#12734),#12707);
#12714 = STYLED_ITEM('color',(#12715),#15);
#12715 = PRESENTATION_STYLE_ASSIGNMENT((#12716,#12722));
#12716 = SURFACE_STYLE_USAGE(.BOTH.,#12717);
#12717 = SURFACE_SIDE_STYLE('',(#12718));
#12718 = SURFACE_STYLE_FILL_AREA(#12719);
#12719 = FILL_AREA_STYLE('',(#12720));
#12720 = FILL_AREA_STYLE_COLOUR('',#12721);
#12721 = COLOUR_RGB('',0.800000011921,0.800000011921,0.800000011921);
#12722 = CURVE_STYLE('',#12723,POSITIVE_LENGTH_MEASURE(0.1),#12724);
#12723 = DRAUGHTING_PRE_DEFINED_CURVE_FONT('continuous');
#12724 = COLOUR_RGB('',9.803921729326E-02,9.803921729326E-02,
  9.803921729326E-02);
#12725 = STYLED_ITEM('color',(#12726),#10239);
#12726 = PRESENTATION_STYLE_ASSIGNMENT((#12727,#12732));
#12727 = SURFACE_STYLE_USAGE(.BOTH.,#12728);
#12728 = SURFACE_SIDE_STYLE('',(#12729));
#12729 = SURFACE_STYLE_FILL_AREA(#12730);
#12730 = FILL_AREA_STYLE('',(#12731));
#12731 = FILL_AREA_STYLE_COLOUR('',#12721);
#12732 = CURVE_STYLE('',#12733,POSITIVE_LENGTH_MEASURE(0.1),#12724);
#12733 = DRAUGHTING_PRE_DEFINED_CURVE_FONT('continuous');
#12734 = STYLED_ITEM('color',(#12735),#11473);
#12735 = PRESENTATION_STYLE_ASSIGNMENT((#12736,#12741));
#12736 = SURFACE_STYLE_USAGE(.BOTH.,#12737);
#12737 = SURFACE_SIDE_STYLE('',(#12738));
#12738 = SURFACE_STYLE_FILL_AREA(#12739);
#12739 = FILL_AREA_STYLE('',(#12740));
#12740 = FILL_AREA_STYLE_COLOUR('',#12721);
#12741 = CURVE_STYLE('',#12742,POSITIVE_LENGTH_MEASURE(0.1),#12724);
#12742 = DRAUGHTING_PRE_DEFINED_CURVE_FONT('continuous');
ENDSEC;
END-ISO-10303-21;
